t,o,h,l,c,v
1758110400,1.1,1.6625,1.1,1.5811,0.0
1758124800,1.5795,2.0175,1.472,1.8545,0.0
1758139200,1.8532,3.2,1.8023,2.7815,0.0
1758153600,2.7797,3.6399,2.55,2.8124,0.0
1758168000,2.8123,2.88,2.2071,2.376,0.0
1758182400,2.3754,2.5963,2.3014,2.3596,0.0
1758196800,2.3599,2.77,2.3473,2.4739,0.0
1758211200,2.4745,2.9538,2.4542,2.6883,0.0
1758225600,2.6884,2.886,2.57,2.8067,0.0
1758240000,2.8069,2.9,2.5226,2.6178,0.0
1758254400,2.6175,2.8,2.5792,2.7321,0.0
1758268800,2.7323,3.01,2.6763,2.7723,0.0
1758283200,2.7722,2.895,2.7328,2.8411,0.0
1758297600,2.8411,2.8584,2.6074,2.6694,0.0
1758312000,2.6696,2.95,2.669,2.7694,0.0
1758326400,2.7693,2.853,2.652,2.7639,0.0
1758340800,2.7634,2.8337,2.67,2.787,0.0
1758355200,2.7858,2.8494,2.6877,2.7009,0.0
1758369600,2.7007,2.85,2.688,2.7626,0.0
1758384000,2.7626,2.8055,2.61,2.6547,0.0
1758398400,2.654,2.7531,2.62,2.6399,0.0
1758412800,2.6403,2.6641,2.4817,2.4917,0.0
1758427200,2.4917,2.5542,2.3448,2.3794,0.0
1758441600,2.3804,3.4064,2.2538,3.0005,0.0
1758456000,3.0008,3.5687,2.861,3.3006,0.0
1758470400,3.3002,3.44,2.95,3.311,0.0
1758484800,3.3093,3.65,3.11,3.153,0.0
1758499200,3.153,3.7365,3.0347,3.6397,0.0
1758513600,3.6397,3.766,2.92,3.6461,0.0
1758528000,3.7154,6.6666,3.1181,5.4583,3726151.0
1758542400,5.4584,5.6256,4.1842,4.9117,4301868.0
1758556800,4.9016,5.1813,4.135,4.6018,1360589.0
1758571200,4.6034,4.773,4.3356,4.7488,601736.0
1758585600,4.74,7.0744,4.506,6.0169,2882060.0
1758600000,6.0104,6.252,5.5357,5.7614,869700.0
1758614400,5.7838,5.99,5.238,5.4416,881250.0
1758628800,5.4188,5.9701,5.1236,5.2099,584062.0
1758643200,5.2102,5.606,4.96,5.4028,385434.0
1758657600,5.4103,5.827,5.1974,5.739,562627.0
1758672000,5.7178,5.8289,5.2661,5.3027,768123.0
1758686400,5.2796,5.5332,5.0272,5.4643,473693.0
1758700800,5.4643,5.4728,4.831,4.9138,399111.0
1758715200,4.9074,5.0352,4.8344,4.9872,451342.0
1758729600,4.9872,5.1661,4.8023,5.0606,270185.0
1758744000,5.052,5.1004,4.8915,4.9884,194665.0
1758758400,4.9893,4.9895,4.2247,4.2788,473029.0
1758772800,4.2704,4.379,4.0239,4.0647,405778.0
1758787200,4.0643,4.0893,3.82,3.8396,279301.0
1758801600,3.8375,3.8595,3.6243,3.7499,343414.0
1758816000,3.7321,3.9119,3.684,3.7512,493035.0
1758830400,3.7532,3.9268,3.6287,3.8637,302568.0
1758844800,3.8646,4.28,3.82,3.931,804885.0
1758859200,3.9276,4.0373,3.762,3.9905,318902.0
1758873600,4.0,4.0511,3.6221,3.7185,301814.0
1758888000,3.7138,3.7152,3.3169,3.4055,227356.0
1758902400,3.395,3.6427,3.3807,3.5651,210517.0
1758916800,3.5799,3.7403,3.5551,3.6665,109595.0
1758931200,3.6728,3.749,3.564,3.6511,77995.0
1758945600,3.6479,3.9714,3.6479,3.8126,130277.0
1758960000,3.8291,3.8584,3.4711,3.4902,56226.0
1758974400,3.4866,3.6671,3.4475,3.5809,75112.0
1758988800,3.577,3.6787,3.4696,3.6327,46608.0
1759003200,3.6099,3.7467,3.5774,3.71,48303.0
1759017600,3.7186,3.7672,3.5045,3.6239,42482.0
1759032000,3.6276,3.6608,3.4456,3.5448,58208.0
1759046400,3.534,3.5878,3.4362,3.5776,50326.0
1759060800,3.5978,3.66,3.537,3.6084,60267.0
1759075200,3.5987,3.864,3.558,3.6469,84587.0
1759089600,3.6593,3.8126,3.6567,3.7336,53618.0
1759104000,3.7213,3.7223,3.5165,3.6846,88072.0
1759118400,3.6867,3.777,3.6041,3.647,73314.0
1759132800,3.6678,3.6678,3.3662,3.4181,53785.0
1759147200,3.4202,3.4202,2.8413,2.8548,268522.0
1759161600,2.8545,2.9537,2.6953,2.8966,314388.0
1759176000,2.8989,3.015,2.841,2.8598,513911.0
1759190400,2.8586,2.8735,2.618,2.6646,353048.0
1759204800,2.6714,2.772,2.6216,2.6573,270793.0
1759219200,2.6626,2.7882,2.5175,2.5744,279244.0
1759233600,2.5732,2.5924,2.3867,2.422,176063.0
1759248000,2.4222,2.5142,2.3793,2.4338,392593.0
1759262400,2.4393,2.5601,2.4036,2.5159,392903.0
1759276800,2.5147,2.9866,2.4979,2.7322,1143911.0
1759291200,2.7199,2.7798,2.5846,2.6779,593657.0
1759305600,2.6755,2.75,2.5866,2.645,500070.0
1759320000,2.6443,2.7063,2.606,2.685,230397.0
1759334400,2.6859,2.7651,2.6428,2.7245,183040.0
1759348800,2.7296,2.8132,2.664,2.7569,212231.0
1759363200,2.758,2.8358,2.711,2.7442,184863.0
1759377600,2.7461,2.7816,2.6772,2.7084,145743.0
1759392000,2.7117,2.744,2.6812,2.7204,109077.0
1759406400,2.7232,2.7232,2.4871,2.676,223889.0
1759420800,2.6676,2.7559,2.6308,2.7135,78744.0
1759435200,2.7148,2.728,2.6569,2.6989,212919.0
1759449600,2.7,3.0984,2.665,2.8642,432811.0
1759464000,2.8618,3.1044,2.801,3.0231,256513.0
1759478400,3.0325,3.0686,2.9262,3.0016,174935.0
1759492800,3.0102,3.2751,2.9556,3.2161,233207.0
1759507200,3.1976,3.2253,3.1037,3.1927,141397.0
1759521600,3.197,3.4017,3.1479,3.3322,165392.0
1759536000,3.3339,3.3339,3.0291,3.0841,91117.0
1759550400,3.0849,3.145,3.0334,3.0483,91069.0
1759564800,3.0476,3.0723,2.9764,3.0176,117627.0
1759579200,3.0176,3.0552,2.916,2.9453,136796.0
1759593600,2.9453,2.9621,2.9179,2.9461,72427.0
1759608000,2.9461,2.9856,2.9343,2.9856,65332.0
1759622400,2.9824,2.9824,2.8679,2.9445,113574.0
1759636800,2.9462,2.9765,2.9054,2.9436,78705.0
1759651200,2.9419,2.9554,2.8457,2.9032,130530.0
1759665600,2.8893,3.0615,2.8584,2.98,669707.0
1759680000,2.9809,2.9868,2.863,2.901,129030.0
1759694400,2.8985,2.9142,2.8363,2.8761,122269.0
1759708800,2.8653,3.2004,2.8632,3.0508,370235.0
1759723200,3.0531,3.1429,2.9769,3.1013,197990.0
1759737600,3.1004,3.1528,3.0567,3.0705,170691.0
1759752000,3.0694,3.0975,3.0128,3.05,92829.0
1759766400,3.0483,3.0641,3.0065,3.0304,39772.0
1759780800,3.0365,3.0745,3.0218,3.0506,122166.0
1759795200,3.0527,3.0527,2.9307,3.0189,62367.0
1759809600,3.0209,3.0209,2.9082,2.9139,38564.0
1759824000,2.9084,2.9901,2.8695,2.9424,73367.0
1759838400,2.9369,2.9701,2.8793,2.8892,239637.0
1759852800,2.8899,2.96,2.8384,2.8602,75322.0
1759867200,2.861,2.8974,2.8094,2.8473,48224.0
1759881600,2.836,2.8442,2.7383,2.7795,79590.0
1759896000,2.78,2.8594,2.7433,2.7826,175116.0
1759910400,2.7852,2.8105,2.7183,2.7521,55875.0
1759924800,2.7527,2.8179,2.7517,2.7684,77829.0
1759939200,2.7706,2.847,2.768,2.8094,29850.0
1759953600,2.814,2.8153,2.7679,2.7884,82600.0
1759968000,2.7869,2.7869,2.625,2.7288,64234.0
1759982400,2.7316,2.7969,2.6975,2.7402,30369.0
1759996800,2.7383,2.7557,2.6087,2.6291,74087.0
1760011200,2.6247,2.71,2.5899,2.5983,74255.0
1760025600,2.5984,2.6115,2.5281,2.5454,53223.0
1760040000,2.5465,2.6189,2.5409,2.5936,66877.0
1760054400,2.5945,2.6206,2.5034,2.6097,59005.0
1760068800,2.6093,2.6183,2.5225,2.5269,69231.0
1760083200,2.536,2.7645,2.536,2.7556,135046.0
1760097600,2.7479,2.7979,2.666,2.6936,98846.0
1760112000,2.697,2.7222,2.5499,2.5658,58768.0
1760126400,2.5617,2.5711,1.5391,2.1406,651157.0
1760140800,2.137,2.2729,2.1336,2.2581,330260.0
1760155200,2.256,2.4188,2.2239,2.3492,182566.0
1760169600,2.3465,2.427,2.3259,2.3336,96325.0
1760184000,2.3373,2.3431,2.2766,2.2882,79306.0
1760198400,2.2906,2.3145,2.1823,2.193,112162.0
1760212800,2.1898,2.2144,2.1288,2.1758,84080.0
1760227200,2.1754,2.2479,2.1193,2.1501,120892.0
1760241600,2.1462,2.185,2.1456,2.1628,30506.0
1760256000,2.1642,2.1913,2.1341,2.161,36374.0
1760270400,2.1605,2.2508,2.0965,2.2387,173468.0
1760284800,2.2387,2.2966,2.237,2.2945,48151.0
1760299200,2.2992,2.3152,2.2473,2.2737,69339.0
1760313600,2.2733,2.2747,2.2013,2.2034,53377.0
1760328000,2.2045,2.3097,2.2045,2.2643,55644.0
1760342400,2.2641,2.3382,2.226,2.2439,41225.0
1760356800,2.2449,2.3143,2.2271,2.2688,66452.0
1760371200,2.2679,2.3442,2.2441,2.3335,43404.0
1760385600,2.3388,2.3703,2.3266,2.3525,186008.0
1760400000,2.3563,2.3563,2.2355,2.3126,84272.0
1760414400,2.3153,2.3489,2.1568,2.1622,173812.0
1760428800,2.1648,2.1698,2.0639,2.1309,101874.0
1760443200,2.1341,2.1801,2.0693,2.1801,108866.0
1760457600,2.1804,2.2272,2.1661,2.1923,154058.0
1760472000,2.1912,2.2157,2.18,2.1895,62671.0
1760486400,2.189,2.2003,2.128,2.2003,33872.0
1760500800,2.1887,2.2054,2.1075,2.1444,77492.0
1760515200,2.1374,2.1699,2.1,2.1082,53966.0
1760529600,2.1057,2.1828,2.0844,2.1342,155214.0
1760544000,2.135,2.1378,2.0488,2.0556,69612.0
1760558400,2.0575,2.0695,2.0114,2.0293,68120.0
1760572800,2.0332,2.0621,1.9881,2.0495,66198.0
1760587200,2.0466,2.0763,2.0163,2.0689,40211.0
1760601600,2.0743,2.0863,1.9965,2.063,150540.0
1760616000,2.064,2.082,1.972,1.9783,129704.0
1760630400,1.9813,2.0459,1.938,1.995,136703.0
1760644800,2.0018,2.0018,1.9251,1.956,40769.0
1760659200,1.9586,1.9933,1.9118,1.9675,103272.0
1760673600,1.9647,1.9657,1.8109,1.8255,70425.0
1760688000,1.8261,1.8929,1.7649,1.8929,127113.0
1760702400,1.8917,1.9113,1.8371,1.8982,144533.0
1760716800,1.898,1.9222,1.8541,1.8826,67773.0
1760731200,1.8817,1.8986,1.851,1.8564,48017.0
1760745600,1.8556,1.8849,1.8398,1.8711,100684.0
1760760000,1.8693,1.9039,1.848,1.8892,43743.0
1760774400,1.8902,1.91,1.8729,1.8884,50151.0
1760788800,1.8875,1.8945,1.8302,1.8385,51905.0
1760803200,1.8406,1.8483,1.7991,1.8362,80772.0
1760817600,1.836,1.8427,1.8046,1.822,72359.0
1760832000,1.8212,1.8216,1.7738,1.8053,50118.0
1760846400,1.8069,1.8069,1.7445,1.7791,34937.0
1760860800,1.7787,1.8271,1.7372,1.8043,69528.0
1760875200,1.8085,1.8553,1.7924,1.854,20673.0
1760889600,1.8549,1.8676,1.8344,1.8479,48580.0
1760904000,1.8482,1.8553,1.8086,1.8088,15803.0
1760918400,1.8076,1.8356,1.7389,1.8285,32718.0
1760932800,1.8284,1.8597,1.8122,1.8402,57037.0
1760947200,1.8399,1.8529,1.8017,1.8111,159497.0
1760961600,1.8111,1.9681,1.8031,1.8604,84400.0
1760976000,1.8564,1.9467,1.832,1.9382,246307.0
1760990400,1.9395,1.9531,1.9111,1.9377,125728.0
1761004800,1.938,2.1696,1.9337,2.1001,898006.0
1761019200,2.1121,2.1385,1.9729,2.0043,874933.0
1761033600,2.0066,2.0538,1.9635,1.9919,455606.0
1761048000,1.9894,2.0109,1.8948,1.9887,604922.0
1761062400,1.9887,2.0204,1.958,1.9609,312084.0
1761076800,1.9594,1.9624,1.8581,1.8729,167987.0
1761091200,1.8791,1.9178,1.8083,1.8309,146225.0
1761105600,1.8296,1.8358,1.7665,1.7847,134652.0
1761120000,1.7869,1.8507,1.7852,1.8453,138952.0
1761134400,1.8475,1.872,1.822,1.8595,175752.0
1761148800,1.8567,1.8623,1.8172,1.8285,97601.0
1761163200,1.8321,1.833,1.7492,1.7935,172914.0
1761177600,1.7924,1.8245,1.7533,1.7757,168016.0
1761192000,1.7798,1.8097,1.7687,1.8002,239795.0
1761206400,1.8002,1.8121,1.7665,1.7727,270754.0
1761220800,1.7709,1.779,1.7445,1.771,142328.0
1761235200,1.7684,1.7981,1.7563,1.7596,168445.0
1761249600,1.7585,1.7585,1.7025,1.7459,150812.0
1761264000,1.7456,1.7505,1.7207,1.7291,97324.0
1761278400,1.7281,1.788,1.7271,1.7565,104172.0
1761292800,1.7574,1.762,1.7254,1.7413,50977.0
1761307200,1.7403,1.8017,1.728,1.728,497645.0
1761321600,1.7297,1.7698,1.7204,1.7609,179291.0
1761336000,1.7602,1.7782,1.7562,1.7625,103580.0
1761350400,1.762,1.762,1.7334,1.7498,87088.0
1761364800,1.7506,1.7538,1.7176,1.7321,38605.0
1761379200,1.7341,1.7516,1.6827,1.6891,126677.0
1761393600,1.6898,1.7239,1.6873,1.7141,78853.0
1761408000,1.7159,1.7696,1.7147,1.7671,120062.0
1761422400,1.7674,1.777,1.7298,1.7543,61680.0
1761436800,1.7533,1.7604,1.7207,1.7269,179836.0
1761451200,1.7266,1.7469,1.7222,1.7354,105562.0
1761465600,1.7374,1.7691,1.7308,1.7672,98730.0
1761480000,1.7679,1.7884,1.7538,1.7777,81465.0
1761494400,1.7785,1.7932,1.7566,1.7765,115474.0
1761508800,1.7763,1.7799,1.7316,1.7587,108033.0
1761523200,1.7603,1.8382,1.7555,1.7722,526535.0
1761537600,1.7708,1.7733,1.7168,1.725,215746.0
1761552000,1.7214,1.7282,1.6581,1.6851,238579.0
1761566400,1.6844,1.6848,1.6135,1.6222,232612.0
1761580800,1.6233,1.6489,1.5955,1.6007,206717.0
1761595200,1.6004,1.6053,1.5617,1.589,323088.0
1761609600,1.5879,1.5886,1.5494,1.563,468465.0
1761624000,1.5627,1.5922,1.5567,1.5725,280539.0
1761638400,1.5734,1.6564,1.563,1.642,260529.0
1761652800,1.6427,1.7113,1.6007,1.6661,412982.0
1761667200,1.6658,1.6701,1.6015,1.6083,496774.0
1761681600,1.6083,1.6083,1.54,1.5652,423181.0
1761696000,1.5641,1.6076,1.5201,1.533,242984.0
1761710400,1.5321,1.5453,1.5196,1.529,153971.0
1761724800,1.5283,1.529,1.502,1.5179,77867.0
1761739200,1.5179,1.5231,1.4819,1.4986,165841.0
1761753600,1.4953,1.526,1.4646,1.4984,441280.0
1761768000,1.5,1.5304,1.4544,1.4631,489261.0
1761782400,1.463,1.4963,1.4019,1.4305,324480.0
1761796800,1.428,1.428,1.366,1.3693,291665.0
1761811200,1.3696,1.3864,1.3341,1.3406,418838.0
1761825600,1.3406,1.3428,1.2204,1.2248,1108545.0
1761840000,1.2249,1.2396,1.1927,1.1937,337309.0
1761854400,1.1947,1.2023,1.1551,1.1631,945157.0
1761868800,1.1608,1.2128,1.1563,1.1975,613619.0
1761883200,1.1967,1.2086,1.1516,1.157,111533.0
1761897600,1.1573,1.1833,1.1523,1.172,146450.0
1761912000,1.1707,1.1732,1.1306,1.1406,288226.0
1761926400,1.1387,1.1399,1.07,1.1077,202169.0
1761940800,1.1065,1.1075,1.0601,1.0875,160156.0
1761955200,1.0863,1.1055,1.0633,1.0994,79162.0
1761969600,1.1005,1.104,1.0721,1.0905,317619.0
1761984000,1.0861,1.1536,1.0779,1.1078,149908.0
1761998400,1.1082,1.1175,1.0549,1.0815,354970.0
1762012800,1.0802,1.0971,1.0648,1.0679,306487.0
1762027200,1.068,1.0786,1.0386,1.0667,419402.0
1762041600,1.067,1.0995,1.0538,1.0557,377201.0
1762056000,1.0557,1.079,1.0547,1.0681,242433.0
1762070400,1.0681,1.0685,0.99305,1.0386,401396.0
1762084800,1.0374,1.038,0.96182,0.96545,671676.0
1762099200,0.9649,0.9849,0.94164,0.95471,515592.0
1762113600,0.95529,0.98853,0.95029,0.97555,678050.0
1762128000,0.97452,1.1249,0.96887,1.0377,1487614.0
1762142400,1.0386,1.4459,1.0261,1.43,4105637.0
1762156800,1.4339,1.5523,1.3194,1.3718,4210456.0
1762171200,1.3705,1.3705,1.2192,1.2402,3615146.0
1762185600,1.2404,1.298,1.1851,1.1952,1590295.0
1762200000,1.1947,1.2505,1.166,1.2149,1768208.0
1762214400,1.2154,1.2974,1.1168,1.26,3201853.0
1762228800,1.2589,1.3085,1.1884,1.2345,3926844.0
1762243200,1.235,1.2793,1.1905,1.2198,2927791.0
1762257600,1.2202,1.2285,1.1174,1.1434,3423426.0
1762272000,1.1407,1.1493,1.1145,1.1414,1399432.0
1762286400,1.1416,1.1665,1.0809,1.152,1126716.0
1762300800,1.151,1.193,1.1047,1.132,1155430.0
1762315200,1.1304,1.1526,1.0966,1.1108,162505.0
1762329600,1.1092,1.1096,1.0657,1.0944,392516.0
1762344000,1.0936,1.112,1.075,1.1097,376434.0
1762358400,1.1102,1.1316,1.1005,1.1107,443328.0
1762372800,1.1132,1.1321,1.0965,1.112,345759.0
1762387200,1.117,1.117,1.0479,1.0622,482922.0
1762401600,1.0606,1.0797,1.0239,1.035,398698.0
1762416000,1.0336,1.0717,1.0156,1.0621,616861.0
1762430400,1.0621,1.0702,0.99794,0.9991,708205.0
1762444800,0.99901,1.0206,0.9866,1.0044,247740.0
1762459200,1.0054,1.0161,0.98956,1.0074,413555.0
1762473600,1.0053,1.0361,0.9924,1.0253,527880.0
1762488000,1.0254,1.045,1.0165,1.0426,551809.0
1762502400,1.0429,1.0573,0.97747,0.98485,422869.0
1762516800,0.9856,1.0433,0.96981,1.0364,595662.0
1762531200,1.0331,1.092,1.0244,1.0806,475400.0
1762545600,1.0816,1.118,1.0712,1.1049,586692.0
1762560000,1.1031,1.3295,1.098,1.2843,1906180.0
1762574400,1.2834,1.6246,1.2539,1.4958,4299354.0
1762588800,1.4879,1.5503,1.3949,1.5323,1383872.0
1762603200,1.524,1.7084,1.5104,1.6076,2520138.0
1762617600,1.6033,1.6221,1.3053,1.3757,1093310.0
1762632000,1.3755,1.4668,1.374,1.4428,916219.0
1762646400,1.4337,1.768,1.35,1.7319,1930993.0
1762660800,1.7325,1.809,1.603,1.7189,2784423.0
1762675200,1.7196,1.7264,1.5327,1.5755,708946.0
1762689600,1.5778,1.6772,1.5444,1.5563,573105.0
1762704000,1.5544,1.6638,1.5476,1.6263,319868.0
1762718400,1.6268,1.747,1.6176,1.6583,802649.0
1762732800,1.6572,1.7321,1.5837,1.6722,901991.0
1762747200,1.6723,1.6777,1.5737,1.5896,500835.0
1762761600,1.5882,1.6039,1.5168,1.5377,468536.0
1762776000,1.5389,1.5607,1.4981,1.5074,907109.0
1762790400,1.5086,1.5225,1.4785,1.4856,236019.0
1762804800,1.4886,1.5272,1.4715,1.5094,287210.0
1762819200,1.5068,1.5086,1.4346,1.4814,498115.0
1762833600,1.4795,1.4947,1.3793,1.3807,338676.0
1762848000,1.3806,1.3859,1.3108,1.3183,454970.0
1762862400,1.3187,1.3488,1.3036,1.3382,327088.0
1762876800,1.3383,1.3776,1.3266,1.363,198656.0
1762891200,1.3605,1.3632,1.3174,1.3223,155526.0
1762905600,1.323,1.4413,1.3228,1.4143,927385.0
1762920000,1.4102,1.4248,1.3606,1.3705,266088.0
1762934400,1.3706,1.3974,1.3543,1.3769,344710.0
1762948800,1.3765,1.386,1.3277,1.3311,343884.0
1762963200,1.3329,1.3329,1.2747,1.2876,161971.0
1762977600,1.2849,1.3386,1.2849,1.3327,123754.0
1762992000,1.3345,1.3832,1.2761,1.2894,476537.0
1763006400,1.2891,1.3314,1.2818,1.3265,115320.0
1763020800,1.3238,1.328,1.3042,1.3066,238966.0
1763035200,1.3071,1.3812,1.2995,1.3692,404696.0
1763049600,1.3656,1.3854,1.2456,1.2493,507397.0
1763064000,1.249,1.3293,1.2391,1.304,188943.0
1763078400,1.304,1.304,1.2285,1.2556,488816.0
1763092800,1.2551,1.2653,1.2101,1.2493,379779.0
1763107200,1.2494,1.2671,1.212,1.2352,133495.0
1763121600,1.2356,1.2744,1.2042,1.2608,301639.0
1763136000,1.2646,1.2726,1.2293,1.265,118567.0
1763150400,1.2646,1.2649,1.1937,1.2116,205098.0
1763164800,1.2168,1.2495,1.1964,1.2346,140703.0
1763179200,1.2343,1.2578,1.2224,1.2426,117641.0
1763193600,1.2402,1.259,1.212,1.2428,171627.0
1763208000,1.2434,1.3339,1.241,1.3325,196120.0
1763222400,1.3314,1.3389,1.258,1.2978,423775.0
1763236800,1.2986,1.3525,1.2834,1.351,153953.0
1763251200,1.3547,1.4089,1.2986,1.3651,1174310.0
1763265600,1.3609,1.3959,1.3116,1.3218,225255.0
1763280000,1.322,1.3508,1.2952,1.3089,371216.0
1763294400,1.3091,1.3167,1.2341,1.2362,184716.0
1763308800,1.2382,1.2491,1.2229,1.2266,206667.0
1763323200,1.2263,1.248,1.1969,1.2394,74592.0
1763337600,1.2402,1.2705,1.2121,1.2395,147332.0
1763352000,1.2404,1.2438,1.2105,1.2184,78550.0
1763366400,1.2175,1.2211,1.1997,1.212,131549.0
1763380800,1.2123,1.2131,1.1539,1.1836,248803.0
1763395200,1.1827,1.1918,1.1526,1.1603,73981.0
1763409600,1.1579,1.1963,1.1522,1.1908,36811.0
1763424000,1.19,1.19,1.1358,1.1649,362485.0
1763438400,1.1643,1.2095,1.1627,1.2003,100597.0
1763452800,1.2002,1.2078,1.1842,1.1859,212294.0
1763467200,1.1877,1.2396,1.1749,1.2382,104889.0
1763481600,1.2391,1.253,1.2168,1.2281,56304.0
1763496000,1.2305,1.2504,1.2125,1.2455,67312.0
1763510400,1.2437,1.2627,1.1992,1.2014,100636.0
1763524800,1.2011,1.2205,1.1937,1.2189,57896.0
1763539200,1.2188,1.2188,1.1948,1.2166,49332.0
1763553600,1.2167,1.229,1.1692,1.1715,93332.0
1763568000,1.1714,1.1814,1.1017,1.1041,75354.0
1763582400,1.1036,1.1738,1.102,1.1685,50085.0
1763596800,1.1708,1.173,1.1552,1.1582,47796.0
1763611200,1.1596,1.1634,1.1376,1.1423,60266.0
1763625600,1.1425,1.1444,1.1306,1.1429,49350.0
1763640000,1.1426,1.1631,1.1129,1.1129,136309.0
1763654400,1.1138,1.1524,1.0887,1.1201,166333.0
1763668800,1.1203,1.1327,1.1014,1.1018,43382.0
1763683200,1.1038,1.1112,1.0916,1.1003,74393.0
1763697600,1.0999,1.2072,1.0959,1.2017,364806.0
1763712000,1.2008,1.2386,1.179,1.1842,476872.0
1763726400,1.184,1.3067,1.166,1.2443,509476.0
1763740800,1.244,1.2446,1.1456,1.1735,204283.0
1763755200,1.1736,1.1744,1.0744,1.1495,135257.0
1763769600,1.1368,1.2199,1.1333,1.1858,347494.0
1763784000,1.1879,1.2027,1.1381,1.1874,283325.0
1763798400,1.1859,1.2359,1.1774,1.2193,173754.0
1763812800,1.2223,1.3158,1.1982,1.3057,691033.0
1763827200,1.3077,1.3791,1.2735,1.2759,350702.0
1763841600,1.2801,1.2984,1.2427,1.2587,165684.0
1763856000,1.2616,1.5659,1.2518,1.4296,1079073.0
1763870400,1.4281,1.4281,1.214,1.2833,539309.0
1763884800,1.2837,1.3097,1.237,1.2584,363386.0
1763899200,1.2533,1.2852,1.2456,1.2692,396972.0
1763913600,1.2703,1.2953,1.2583,1.2808,148097.0
1763928000,1.2799,1.305,1.271,1.2984,157359.0
1763942400,1.297,1.3257,1.223,1.2517,318768.0
1763956800,1.2511,1.2745,1.2314,1.2455,101667.0
1763971200,1.2457,1.2477,1.2107,1.2108,104940.0
1763985600,1.2105,1.2243,1.1904,1.2032,103097.0
1764000000,1.2052,1.2456,1.204,1.2316,146859.0
1764014400,1.2319,1.2663,1.2271,1.252,155053.0
1764028800,1.2512,1.2684,1.2059,1.2196,83894.0
1764043200,1.2196,1.223,1.1797,1.2024,114479.0
1764057600,1.2026,1.211,1.1773,1.1875,63400.0
1764072000,1.1884,1.2028,1.1699,1.1796,104449.0
1764086400,1.18,1.1983,1.1775,1.1889,72900.0
1764100800,1.1889,1.252,1.185,1.2299,316691.0
1764115200,1.2302,1.2302,1.1991,1.2074,100918.0
1764129600,1.2065,1.2287,1.1986,1.2027,38208.0
1764144000,1.2027,1.2027,1.1546,1.1834,125893.0
1764158400,1.1832,1.1934,1.1667,1.1901,75084.0
1764172800,1.1923,1.2138,1.1759,1.2025,135613.0
1764187200,1.202,1.2129,1.197,1.2058,68700.0
1764201600,1.2054,1.2058,1.1808,1.1822,58741.0
1764216000,1.1821,1.1967,1.1771,1.1841,31649.0
1764230400,1.1846,1.2,1.1797,1.1843,48248.0
1764244800,1.1824,1.2033,1.1773,1.2008,26915.0
1764259200,1.2015,1.2242,1.195,1.2232,22248.0
1764273600,1.2238,1.2438,1.216,1.2396,46371.0
1764288000,1.239,1.247,1.2219,1.2339,49553.0
1764302400,1.233,1.2378,1.2107,1.2111,62322.0
1764316800,1.211,1.2341,1.1972,1.1988,179288.0
1764331200,1.1991,1.2077,1.1836,1.1901,74066.0
1764345600,1.1901,1.2438,1.185,1.2172,73793.0
1764360000,1.2178,1.2389,1.2111,1.2295,34448.0
1764374400,1.2293,1.2316,1.204,1.217,134685.0
1764388800,1.2161,1.2214,1.1977,1.1995,77793.0
1764403200,1.1986,1.2238,1.1974,1.2224,28650.0
1764417600,1.2267,1.2485,1.2132,1.2461,24805.0
1764432000,1.2445,1.2514,1.204,1.2129,44266.0
1764446400,1.2119,1.2297,1.2024,1.2037,16460.0
1764460800,1.2039,1.2064,1.1729,1.1803,129719.0
1764475200,1.1804,1.1804,1.1518,1.1649,33357.0
1764489600,1.1662,1.1898,1.1626,1.1662,43061.0
1764504000,1.1661,1.1746,1.1598,1.1704,29064.0
1764518400,1.1704,1.1828,1.1613,1.163,50075.0
1764532800,1.1657,1.1747,1.1485,1.1492,30500.0
1764547200,1.1495,1.1879,1.0931,1.0971,141626.0
1764561600,1.0953,1.1114,1.0629,1.0849,62877.0
1764576000,1.0843,1.1021,1.074,1.0778,34724.0
1764590400,1.0789,1.1053,1.0595,1.0679,89618.0
1764604800,1.0685,1.1021,1.0591,1.0936,38906.0
1764619200,1.0939,1.1646,1.0939,1.1613,30961.0
1764633600,1.1613,1.1748,1.1395,1.1486,59988.0
1764648000,1.1472,1.2189,1.1472,1.198,61758.0
1764662400,1.1996,1.2076,1.159,1.1755,85535.0
1764676800,1.1769,1.2146,1.1688,1.2074,69135.0
1764691200,1.2067,1.2233,1.1958,1.1999,45445.0
1764705600,1.2018,1.2018,1.1823,1.1882,57742.0
1764720000,1.1883,1.1899,1.1696,1.1801,42115.0
1764734400,1.1798,1.2053,1.1704,1.1999,81876.0
1764748800,1.2003,1.2009,1.1763,1.1837,54848.0
1764763200,1.1858,1.2347,1.165,1.2168,104950.0
1764777600,1.218,1.2204,1.1923,1.202,34161.0
1764792000,1.202,1.2095,1.1884,1.1909,171782.0
1764806400,1.1924,1.1967,1.1755,1.1869,166161.0
1764820800,1.1869,1.2326,1.1822,1.2157,66892.0
1764835200,1.2171,1.2171,1.1665,1.174,107760.0
1764849600,1.1744,1.1883,1.1688,1.1842,24732.0
1764864000,1.1842,1.1916,1.143,1.165,37797.0
1764878400,1.1663,1.1675,1.1467,1.1547,40809.0
1764892800,1.1547,1.1601,1.134,1.1355,27104.0
1764907200,1.1359,1.1398,1.1176,1.1256,58693.0
1764921600,1.127,1.1276,1.045,1.1005,357060.0
1764936000,1.0994,1.1033,1.0727,1.0796,34933.0
1764950400,1.0797,1.0801,1.031,1.0443,100907.0
1764964800,1.045,1.0596,1.0342,1.0579,68958.0
1764979200,1.0582,1.0582,1.0356,1.0405,145521.0
1764993600,1.0425,1.043,1.0255,1.0354,36277.0
1765008000,1.036,1.0364,1.0125,1.0179,39237.0
1765022400,1.0193,1.0427,1.0165,1.0318,29471.0
1765036800,1.0317,1.0394,1.0209,1.0289,38996.0
1765051200,1.0295,1.0405,1.0198,1.0294,50908.0
1765065600,1.0298,1.0335,1.0139,1.0263,56141.0
1765080000,1.0264,1.0281,1.003,1.0041,51041.0
1765094400,1.0044,1.0128,0.99413,1.008,49208.0
1765108800,1.0082,1.0088,0.97171,0.99669,66480.0
1765123200,0.99592,1.0183,0.9934,1.0098,96626.0
1765137600,1.0103,1.0111,0.9759,0.98424,51458.0
1765152000,0.98541,0.998,0.97703,0.99244,45457.0
1765166400,0.99268,1.0167,0.98668,1.0125,47701.0
1765180800,1.0117,1.0163,0.99423,1.0106,29719.0
1765195200,1.0103,1.0161,0.98779,0.98867,70692.0
1765209600,0.98921,1.0059,0.98461,0.98734,22210.0
1765224000,0.9869,1.0001,0.98166,0.99454,29912.0
1765238400,0.99427,0.99676,0.9671,0.97737,40774.0
1765252800,0.97715,0.97927,0.95825,0.97466,54684.0
1765267200,0.97507,0.98202,0.96663,0.98024,31793.0
1765281600,0.9806,1.0358,0.97742,1.0255,76948.0
1765296000,1.0245,1.043,1.0232,1.0403,49132.0
1765310400,1.0411,1.0541,1.0261,1.0307,23907.0
1765324800,1.0305,1.0338,0.98496,1.0104,163165.0
1765339200,1.0104,1.0154,0.9881,1.001,47854.0
1765353600,1.0025,1.0025,0.97663,0.9799,68354.0
1765368000,0.98146,1.0304,0.98025,1.0127,116064.0
1765382400,1.0127,1.0149,0.9959,1.0045,40397.0
1765396800,1.0048,1.0177,0.97909,0.98729,42653.0
1765411200,0.98762,0.99132,0.95757,0.95757,171310.0
1765425600,0.95556,0.97207,0.92917,0.93035,50967.0
1765440000,0.93104,0.9436,0.92395,0.92889,40231.0
1765454400,0.92884,0.94188,0.92502,0.93305,35784.0
1765468800,0.93375,0.94543,0.9262,0.93427,25570.0
1765483200,0.93509,0.95347,0.93191,0.9323,28862.0
1765497600,0.933,0.95651,0.91937,0.92836,111373.0
1765512000,0.92832,0.9332,0.9186,0.9288,38653.0
1765526400,0.92831,0.9297,0.90784,0.91377,69276.0
1765540800,0.91427,0.93194,0.88064,0.88863,169860.0
1765555200,0.88847,0.89477,0.87151,0.88214,274558.0
1765569600,0.88257,0.89544,0.88002,0.88765,53204.0
1765584000,0.88776,0.88987,0.8732,0.88124,42029.0
1765598400,0.88155,0.90096,0.87541,0.89767,58957.0
1765612800,0.89639,0.90611,0.88903,0.90163,37009.0
1765627200,0.90249,0.94968,0.89946,0.91664,148585.0
1765641600,0.91799,0.92148,0.90198,0.90521,34737.0
1765656000,0.90536,0.90874,0.8967,0.90634,179701.0
1765670400,0.90712,0.90721,0.89292,0.89323,59930.0
1765684800,0.89354,0.92441,0.87561,0.92437,92120.0
1765699200,0.92695,0.9288,0.88883,0.8988,108714.0
1765713600,0.89968,0.94049,0.89769,0.9349,62184.0
1765728000,0.93398,0.95342,0.9198,0.92958,59325.0
1765742400,0.93319,0.93774,0.90337,0.9118,26771.0
1765756800,0.91169,0.92112,0.89631,0.90296,170949.0
1765771200,0.90304,0.90902,0.89793,0.90184,34484.0
1765785600,0.90235,0.91288,0.89823,0.90758,40426.0
1765800000,0.90753,0.90896,0.8768,0.88186,141483.0
1765814400,0.88286,0.88724,0.84056,0.8614,112820.0
1765828800,0.86059,0.86491,0.84364,0.85847,43469.0
1765843200,0.85881,0.87012,0.83735,0.85016,202950.0
1765857600,0.85033,0.86067,0.83826,0.84273,35550.0
1765872000,0.84231,0.86115,0.84064,0.85655,40337.0
1765886400,0.85851,0.85947,0.83364,0.84665,81354.0
1765900800,0.84729,0.84807,0.81973,0.82851,58192.0
1765915200,0.83003,0.83942,0.83003,0.83713,39281.0
1765929600,0.83766,0.83793,0.80807,0.80882,103087.0
1765944000,0.80882,0.81305,0.80406,0.80707,80005.0
1765958400,0.80764,0.81797,0.80194,0.81726,56055.0
1765972800,0.81849,0.82552,0.78675,0.79014,79774.0
1765987200,0.78869,0.79333,0.75668,0.76366,111992.0
1766001600,0.76494,0.76643,0.74581,0.75721,62241.0
1766016000,0.75757,0.75878,0.73673,0.73937,36241.0
1766030400,0.74014,0.74044,0.71147,0.71147,71318.0
1766044800,0.71421,0.71822,0.7046,0.717,44431.0
1766059200,0.71686,0.75472,0.7141,0.7439,65128.0
1766073600,0.74471,0.74534,0.69577,0.69597,107969.0
1766088000,0.69764,0.71964,0.69733,0.71459,47822.0
1766102400,0.71497,0.72302,0.7008,0.72207,62873.0
1766116800,0.72157,0.72805,0.71156,0.72252,81166.0
1766131200,0.72305,0.77082,0.71948,0.76526,132302.0
1766145600,0.76421,0.77604,0.7548,0.76231,95893.0
1766160000,0.76568,0.79567,0.75654,0.77161,65265.0
1766174400,0.77319,0.77332,0.75986,0.76663,75557.0
1766188800,0.76711,0.78302,0.76042,0.77642,46553.0
1766203200,0.77637,0.78895,0.77295,0.77825,58772.0
1766217600,0.778,0.78216,0.76587,0.77941,25003.0
1766232000,0.77833,0.80491,0.7683,0.78408,32187.0
1766246400,0.78355,0.80836,0.78355,0.80573,32347.0
1766260800,0.80376,0.8173,0.78778,0.80083,61028.0
1766275200,0.79952,0.79973,0.7748,0.78083,22410.0
1766289600,0.78044,0.79728,0.77272,0.78098,39843.0
1766304000,0.78071,0.7956,0.78071,0.78899,49631.0
1766318400,0.78884,0.80992,0.76121,0.77219,112981.0
1766332800,0.76971,0.77483,0.76048,0.77065,41804.0
1766347200,0.77205,0.77401,0.75432,0.77067,69053.0
1766361600,0.77078,0.78128,0.75024,0.77347,59188.0
1766376000,0.7744,0.81806,0.7744,0.81378,80909.0
1766390400,0.81631,0.87396,0.81435,0.84203,447350.0
1766404800,0.84309,0.84309,0.81062,0.82018,242573.0
1766419200,0.82099,0.82656,0.81181,0.81484,74654.0
1766433600,0.81417,0.82003,0.80022,0.81509,89224.0
1766448000,0.81568,0.81568,0.79385,0.80006,100523.0
1766462400,0.79755,0.80012,0.78185,0.79095,127379.0
1766476800,0.79124,0.8037,0.7841,0.80335,59953.0
1766491200,0.80267,0.81027,0.78797,0.80707,69382.0
1766505600,0.80719,0.81306,0.79663,0.80234,42872.0
1766520000,0.8026,0.80704,0.79517,0.80046,40168.0
1766534400,0.8005,0.80166,0.77655,0.79182,86859.0
1766548800,0.79345,0.80012,0.78479,0.78679,35192.0
1766563200,0.78678,0.80127,0.77926,0.79865,32129.0
1766577600,0.79803,0.80296,0.78886,0.79257,60773.0
1766592000,0.79543,0.7974,0.78665,0.79101,22554.0
1766606400,0.79249,0.80101,0.78558,0.80091,24796.0
1766620800,0.80072,0.88117,0.8006,0.8503,547503.0
1766635200,0.85001,0.86306,0.83539,0.86205,200225.0
1766649600,0.86095,1.0,0.8526,0.99524,899218.0
1766664000,0.98917,1.1271,0.98911,1.0252,2232026.0
1766678400,1.0264,1.0727,0.97881,1.0667,801708.0
1766692800,1.0663,1.0799,1.0172,1.0316,408625.0
1766707200,1.0292,1.1577,1.0289,1.1319,3556298.0
1766721600,1.133,1.1666,0.98428,1.037,3157764.0
1766736000,1.0353,1.0721,1.01,1.0178,3869190.0
1766750400,1.0189,1.0234,0.94,0.951,1757608.0
1766764800,0.95022,0.97881,0.94481,0.96459,570603.0
1766779200,0.9639,0.98393,0.95738,0.97787,597754.0
1766793600,0.97604,1.0408,0.96399,0.97305,1770458.0
1766808000,0.97348,0.99806,0.9654,0.98205,302712.0
1766822400,0.97931,1.0056,0.9705,0.98017,460959.0
1766836800,0.98272,1.0217,0.97697,1.0051,317392.0
1766851200,1.0062,1.0273,1.004,1.0104,291819.0
1766865600,1.0118,1.0122,0.9909,1.0106,166168.0
1766880000,1.0108,1.0108,0.9687,0.9749,512065.0
1766894400,0.97484,0.98006,0.96777,0.97583,169839.0
1766908800,0.97537,0.97771,0.9647,0.976,410374.0
1766923200,0.97598,0.98189,0.9587,0.97837,168171.0
1766937600,0.97787,0.97787,0.94094,0.94188,103353.0
1766952000,0.94098,0.94526,0.92534,0.94267,148376.0
1766966400,0.94186,1.0641,0.93399,1.0415,478249.0
1766980800,1.0419,1.1029,1.0296,1.0398,645877.0
1766995200,1.0405,1.101,1.033,1.0686,498722.0
1767009600,1.0671,1.0714,1.0125,1.0187,218196.0
1767024000,1.0185,1.0324,1.0048,1.0145,173194.0
1767038400,1.0142,1.0142,0.9955,1.0017,142311.0
1767052800,1.0012,1.0674,0.97192,0.98385,873891.0
1767067200,0.9821,0.98699,0.95281,0.96642,229803.0
1767081600,0.96641,1.0096,0.96429,0.98386,186760.0
1767096000,0.98348,0.98792,0.96504,0.98675,134732.0
1767110400,0.98644,1.0127,0.9843,1.0127,128466.0
1767124800,1.013,1.0163,0.9964,1.009,122226.0
1767139200,1.0091,1.0091,0.97888,0.98129,127456.0
1767153600,0.9791,0.9901,0.97105,0.98718,81971.0
1767168000,0.98711,0.98915,0.96863,0.97862,86445.0
1767182400,0.97916,0.98476,0.96451,0.97978,95305.0
1767196800,0.97933,0.97933,0.95949,0.97607,104838.0
1767211200,0.97469,0.97981,0.96451,0.97735,94171.0
1767225600,0.97713,0.98555,0.95725,0.97333,123242.0
1767240000,0.97381,0.97381,0.9575,0.95763,26963.0
1767254400,0.95699,0.97413,0.94538,0.96514,57449.0
1767268800,0.96768,0.97356,0.95885,0.96781,81442.0
1767283200,0.96969,0.98651,0.96969,0.97598,135298.0
1767297600,0.97598,0.97795,0.96309,0.97621,91876.0
1767312000,0.9765,0.97954,0.96202,0.96664,84718.0
1767326400,0.96601,0.96859,0.95561,0.96298,76290.0
1767340800,0.96344,0.96858,0.95187,0.95677,231725.0
1767355200,0.95707,0.96964,0.95244,0.96179,44044.0
1767369600,0.9624,0.97726,0.9624,0.97454,57822.0
1767384000,0.9743,0.98759,0.97191,0.98677,183999.0
1767398400,0.98559,1.0583,0.98045,1.0264,156354.0
1767412800,1.0261,1.0265,0.96848,0.97523,233210.0
1767427200,0.97462,1.007,0.97287,0.99365,79634.0
1767441600,0.9929,1.0039,0.98408,0.98416,29253.0
1767456000,0.98466,0.99726,0.98466,0.9872,20377.0
1767470400,0.98759,0.99966,0.98281,0.99591,16988.0
1767484800,0.9959,1.0056,0.98632,0.99051,44457.0
1767499200,0.98991,0.99367,0.97567,0.98396,56507.0
1767513600,0.98307,0.9862,0.97494,0.98351,46759.0
1767528000,0.98251,0.98904,0.97405,0.98727,29053.0
1767542400,0.98615,0.98894,0.97612,0.98697,52769.0
1767556800,0.98412,0.98996,0.9775,0.98986,34252.0
1767571200,0.99026,1.0211,0.97733,0.98386,116735.0
1767585600,0.98441,0.98472,0.96322,0.97467,108441.0
1767600000,0.97476,0.97858,0.96243,0.97152,59696.0
1767614400,0.97114,0.98307,0.96449,0.98218,42226.0
1767628800,0.98286,0.98751,0.96902,0.98569,21540.0
1767643200,0.98503,0.99382,0.97927,0.99177,22342.0
1767657600,0.99297,0.99297,0.97047,0.97617,37082.0
1767672000,0.97651,0.98777,0.97032,0.97919,71618.0
1767686400,0.9791,0.98129,0.97054,0.97538,38592.0
1767700800,0.97575,0.9987,0.96719,0.97351,140981.0
1767715200,0.97351,0.97549,0.93321,0.93691,102945.0
1767729600,0.93696,0.97848,0.93683,0.97491,87645.0
1767744000,0.97648,0.97677,0.94327,0.95105,41124.0
1767758400,0.95051,0.95582,0.9405,0.95145,20735.0
1767772800,0.95369,0.96827,0.94209,0.9643,38063.0
1767787200,0.96365,0.9703,0.94191,0.95677,76114.0
1767801600,0.95643,0.97299,0.94136,0.96694,236735.0
1767816000,0.96726,0.9771,0.95314,0.9625,113569.0
1767830400,0.9617,0.9621,0.9363,0.93875,75038.0
1767844800,0.93897,0.95332,0.93186,0.94483,36687.0
1767859200,0.94706,0.95197,0.91501,0.93171,111764.0
1767873600,0.93064,0.93138,0.90469,0.92728,90037.0
1767888000,0.92652,0.9294,0.90927,0.90998,43902.0
1767902400,0.90754,0.91124,0.89548,0.90914,42449.0
1767916800,0.90998,0.91206,0.88408,0.90407,62443.0
1767931200,0.90453,0.9071,0.89688,0.90154,21714.0
1767945600,0.90185,0.90315,0.8882,0.89427,35799.0
1767960000,0.89544,0.90385,0.87625,0.89658,106589.0
1767974400,0.89669,0.90646,0.87854,0.88056,56666.0
1767988800,0.87903,0.89307,0.87903,0.89307,16846.0
1768003200,0.89233,0.89233,0.87661,0.88278,33278.0
1768017600,0.88263,0.8912,0.87603,0.8897,18681.0
1768032000,0.88937,0.8918,0.88087,0.88639,18437.0
1768046400,0.88607,0.88971,0.88023,0.8842,35539.0
1768060800,0.88419,0.89117,0.87802,0.89001,47996.0
1768075200,0.89003,0.89107,0.853,0.86413,29766.0
1768089600,0.86391,0.86519,0.85304,0.86464,21117.0
1768104000,0.86447,0.89165,0.86152,0.88654,36568.0
1768118400,0.88669,0.89131,0.87921,0.87996,62380.0
1768132800,0.88151,0.88822,0.86888,0.87429,132541.0
1768147200,0.87383,0.88404,0.87231,0.87259,55769.0
1768161600,0.87248,0.87511,0.85405,0.87511,27042.0
1768176000,0.87512,0.88539,0.85505,0.87362,44955.0
1768190400,0.87451,0.88422,0.85945,0.86012,24605.0
1768204800,0.8595,0.86528,0.84211,0.8628,53782.0
1768219200,0.86477,0.87232,0.84206,0.87065,60648.0
1768233600,0.87009,0.87758,0.85766,0.86145,38263.0
1768248000,0.86189,0.86454,0.84033,0.84422,29966.0
1768262400,0.84467,0.84617,0.82532,0.83073,42467.0
1768276800,0.83105,0.8525,0.83066,0.8466,25911.0
1768291200,0.84678,0.87398,0.84543,0.87036,38897.0
1768305600,0.86917,0.88251,0.85402,0.88166,90957.0
1768320000,0.8817,0.89549,0.87205,0.8904,49147.0
1768334400,0.89043,0.90888,0.87955,0.8902,120848.0
1768348800,0.89045,0.8984,0.87927,0.8836,86141.0
1768363200,0.88403,0.88761,0.8706,0.88145,203060.0
1768377600,0.88134,0.88729,0.87648,0.88272,62770.0
1768392000,0.88566,0.90723,0.88084,0.90118,77366.0
1768406400,0.90139,0.91538,0.87195,0.89568,58038.0
1768420800,0.89439,0.90174,0.88004,0.88443,41156.0
1768435200,0.88463,0.88519,0.851,0.85308,47719.0
1768449600,0.8522,0.87392,0.85105,0.86986,47565.0
1768464000,0.8695,0.89275,0.86254,0.87881,36712.0
1768478400,0.87944,0.89212,0.83948,0.85319,104400.0
1768492800,0.85345,0.85729,0.8342,0.84762,70350.0
1768507200,0.84664,0.86344,0.84263,0.86065,42519.0
1768521600,0.86081,0.86636,0.85252,0.85314,64999.0
1768536000,0.85281,0.86965,0.84471,0.86207,37168.0
1768550400,0.86242,0.87318,0.85823,0.87223,18026.0
1768564800,0.87233,0.87926,0.84663,0.85257,49078.0
1768579200,0.85196,0.89353,0.84902,0.86936,35983.0
1768593600,0.86891,0.89268,0.86757,0.89014,22086.0
1768608000,0.8896,0.8896,0.87469,0.87906,19684.0
1768622400,0.87854,0.89287,0.87595,0.88908,27318.0
1768636800,0.89056,0.89473,0.87926,0.88026,16860.0
1768651200,0.87919,0.88633,0.87135,0.88254,26177.0
1768665600,0.88201,0.88227,0.86606,0.87315,27884.0
1768680000,0.87314,0.88861,0.87258,0.88454,23979.0
1768694400,0.88469,0.88784,0.87425,0.87537,27135.0
1768708800,0.87476,0.87937,0.86481,0.87127,26455.0
1768723200,0.87163,0.88761,0.86767,0.88126,27624.0
1768737600,0.88188,0.90103,0.87244,0.88922,39028.0
1768752000,0.88934,0.89452,0.88353,0.89099,24153.0
1768766400,0.89131,0.90306,0.84894,0.85013,69760.0
1768780800,0.84697,0.84697,0.75019,0.79949,259837.0
1768795200,0.79868,0.80216,0.77084,0.77997,65913.0
1768809600,0.78006,0.789,0.77551,0.78216,87472.0
1768824000,0.7821,0.81503,0.77481,0.81459,58172.0
1768838400,0.81379,0.82545,0.80424,0.81478,22589.0
1768852800,0.81534,0.81762,0.79262,0.79798,43133.0
1768867200,0.79848,0.81538,0.79146,0.8058,50904.0
1768881600,0.80457,0.80798,0.79079,0.79221,43501.0
1768896000,0.7906,0.79132,0.77008,0.77245,58984.0
1768910400,0.77301,0.7802,0.76345,0.76874,58925.0
1768924800,0.77009,0.77009,0.75345,0.75621,80545.0
1768939200,0.75643,0.75996,0.74505,0.74671,53936.0
1768953600,0.74732,0.77283,0.74732,0.76093,29237.0
1768968000,0.76192,0.76362,0.75192,0.7597,15719.0
1768982400,0.76107,0.76705,0.7448,0.74801,39263.0
1768996800,0.74702,0.75937,0.73177,0.75475,120303.0
1769011200,0.75515,0.7675,0.72138,0.76719,191292.0
1769025600,0.76609,0.773,0.75238,0.75559,46419.0
1769040000,0.75581,0.78184,0.75119,0.77268,42558.0
1769054400,0.77261,0.77719,0.76225,0.76439,34229.0
1769068800,0.76466,0.76901,0.75572,0.7638,88631.0
1769083200,0.764,0.8512,0.7624,0.80941,1615844.0
1769097600,0.81565,0.83121,0.78989,0.80922,1056680.0
1769112000,0.80724,0.82192,0.7947,0.81988,173388.0
1769126400,0.81988,0.89634,0.81616,0.85026,1414585.0
1769140800,0.84802,0.95572,0.84055,0.94006,996427.0
1769155200,0.94147,0.99822,0.91732,0.92473,2366868.0
1769169600,0.92756,0.97903,0.92018,0.95565,1120345.0
1769184000,0.95567,1.0175,0.93131,0.98624,1452858.0
1769198400,0.98874,1.0277,0.97879,1.0209,843068.0
1769212800,1.0216,1.2,1.0141,1.1624,2477164.0
1769227200,1.1669,1.1704,1.0819,1.0925,2204487.0
1769241600,1.0918,1.1645,1.0483,1.1369,1097770.0
1769256000,1.1395,1.1821,1.0904,1.1257,679630.0
1769270400,1.1243,1.128,1.0716,1.0762,358843.0
1769284800,1.0755,1.1715,1.0722,1.1397,565439.0
1769299200,1.1394,1.2096,0.97017,0.97295,1120707.0
1769313600,0.97214,0.99145,0.94273,0.9603,421668.0
1769328000,0.95921,0.96657,0.94238,0.94708,284206.0
1769342400,0.94524,0.9573,0.91687,0.93179,362282.0
1769356800,0.93079,0.93153,0.90711,0.91109,373684.0
1769371200,0.91117,0.91121,0.87369,0.88641,152392.0
1769385600,0.88846,0.98966,0.85748,0.91439,408471.0
1769400000,0.91383,0.92195,0.88105,0.89191,206860.0
1769414400,0.89142,0.93774,0.88706,0.91487,147305.0
1769428800,0.91551,0.92787,0.8948,0.90896,232577.0
1769443200,0.90881,0.93474,0.90472,0.92784,82765.0
1769457600,0.92651,0.93191,0.90853,0.91261,67284.0
1769472000,0.91163,0.91685,0.88612,0.90202,72537.0
1769486400,0.90143,0.91452,0.88316,0.89136,35371.0
1769500800,0.89063,0.89492,0.85,0.85582,29295.0
1769515200,0.8559,0.8588,0.83059,0.83832,46173.0
1769529600,0.83795,0.85714,0.832,0.84445,75913.0
1769544000,0.84356,0.85239,0.84135,0.84518,94195.0
1769558400,0.84534,0.85329,0.82673,0.82803,45804.0
1769572800,0.82883,0.83916,0.8244,0.83238,39514.0
1769587200,0.83254,0.84938,0.82314,0.83341,57694.0
1769601600,0.8346,0.88099,0.80735,0.81356,167698.0
1769616000,0.81456,0.82518,0.80985,0.81987,164008.0
1769630400,0.81934,0.82021,0.80171,0.8084,62001.0
1769644800,0.80768,0.80768,0.7749,0.78454,277658.0
1769659200,0.7836,0.78693,0.77606,0.77781,92503.0
1769673600,0.77809,0.78359,0.75899,0.75927,98328.0
1769688000,0.75927,0.77069,0.72445,0.73455,310355.0
1769702400,0.73468,0.74804,0.72,0.72763,162060.0
1769716800,0.72803,0.74008,0.72612,0.72942,31210.0
1769731200,0.72927,0.77468,0.72585,0.76613,308969.0
1769745600,0.76495,0.8463,0.7616,0.82348,847923.0
1769760000,0.82328,0.84496,0.8019,0.82697,322785.0
1769774400,0.82696,0.87309,0.81015,0.82139,710157.0
1769788800,0.82009,0.84922,0.80341,0.82701,211533.0
1769803200,0.82693,0.84812,0.81155,0.8431,228483.0
1769817600,0.83995,0.87114,0.7724,0.78172,567115.0
1769832000,0.78157,0.78529,0.76201,0.76432,207228.0
1769846400,0.76461,0.76644,0.74168,0.74504,193764.0
1769860800,0.74432,0.74667,0.70451,0.71674,368959.0
1769875200,0.71438,0.73775,0.66706,0.69993,1082301.0
1769889600,0.70208,0.74075,0.68969,0.73677,263766.0
1769904000,0.73649,0.73649,0.6953,0.70339,290561.0
1769918400,0.70242,0.70943,0.69189,0.70318,140249.0
1769932800,0.70349,0.70507,0.67738,0.68161,132533.0
1769947200,0.68089,0.68949,0.65603,0.66187,180915.0
1769961600,0.66108,0.66655,0.64784,0.65338,206101.0
1769976000,0.65339,0.65917,0.62909,0.64376,172862.0
1769990400,0.64415,0.65211,0.61526,0.63438,308623.0
1770004800,0.63575,0.63575,0.59496,0.61598,248813.0
1770019200,0.61495,0.63113,0.61258,0.62665,113505.0
1770033600,0.62732,0.63252,0.61321,0.63006,226931.0
1770048000,0.63047,0.64651,0.62998,0.64205,64158.0
1770062400,0.64097,0.65197,0.63836,0.64963,56567.0
1770076800,0.65015,0.65015,0.6141,0.6268,99968.0
1770091200,0.62712,0.6287,0.6148,0.62086,75900.0
1770105600,0.62239,0.6232,0.60536,0.6133,118345.0
1770120000,0.61471,0.61886,0.60245,0.61391,92994.0
1770134400,0.61388,0.61407,0.57767,0.60068,236258.0
1770148800,0.60003,0.61753,0.59273,0.59509,131491.0
1770163200,0.59548,0.62378,0.58796,0.61592,108155.0
1770177600,0.61763,0.64953,0.61118,0.64268,487554.0
1770192000,0.64008,0.64738,0.60439,0.60701,653016.0
1770206400,0.6069,0.6139,0.58675,0.59721,291864.0
1770220800,0.59778,0.6148,0.58864,0.61378,323429.0
1770235200,0.61312,0.62479,0.60081,0.61037,209011.0
1770249600,0.61293,0.6141,0.58974,0.59045,284428.0
1770264000,0.59058,0.59567,0.57559,0.5787,168297.0
1770278400,0.58131,0.58389,0.54907,0.55555,111389.0
1770292800,0.55575,0.5614,0.51335,0.52407,512797.0
1770307200,0.52483,0.53232,0.49975,0.50114,635102.0
1770321600,0.50222,0.50571,0.47607,0.48978,856178.0
1770336000,0.49104,0.50511,0.44361,0.48494,962933.0
1770350400,0.48534,0.50841,0.48457,0.50209,160289.0
1770364800,0.50247,0.52525,0.49541,0.52385,144144.0
1770379200,0.52388,0.53543,0.51595,0.53307,229416.0
1770393600,0.53245,0.54998,0.52497,0.52838,157301.0
1770408000,0.52774,0.53327,0.51759,0.52868,65853.0
1770422400,0.52987,0.6007,0.51901,0.54222,353752.0
1770436800,0.5421,0.54666,0.51717,0.5198,395565.0
1770451200,0.51979,0.5254,0.51364,0.52027,45128.0
1770465600,0.52033,0.53527,0.51822,0.52569,113628.0
1770480000,0.52586,0.53245,0.51943,0.52267,250598.0
1770494400,0.5229,0.55721,0.52255,0.5492,346225.0
1770508800,0.54892,0.55117,0.53044,0.54105,334895.0
1770523200,0.54106,0.54459,0.5315,0.53601,148900.0
1770537600,0.53644,0.55204,0.53584,0.5459,161721.0
1770552000,0.54646,0.54934,0.53512,0.53656,121245.0
1770566400,0.53733,0.55117,0.53009,0.55017,54397.0
1770580800,0.5498,0.55004,0.53397,0.53931,116816.0
1770595200,0.54026,0.5562,0.53112,0.55279,90568.0
1770609600,0.55341,0.55719,0.53866,0.5393,101669.0
1770624000,0.53965,0.54058,0.52041,0.52823,126991.0
1770638400,0.52899,0.53817,0.52444,0.53507,82645.0
1770652800,0.53534,0.54751,0.53394,0.544,86232.0
1770667200,0.54452,0.54711,0.53573,0.54357,137168.0
1770681600,0.54355,0.54499,0.52749,0.5315,98844.0
1770696000,0.53128,0.54091,0.52667,0.52739,107194.0
1770710400,0.52778,0.53483,0.5253,0.52607,95723.0
1770724800,0.52571,0.53907,0.52527,0.52772,265932.0
1770739200,0.52729,0.53399,0.51357,0.51932,152556.0
1770753600,0.51927,0.53313,0.51796,0.53278,66623.0
1770768000,0.53231,0.54645,0.52835,0.54152,143189.0
1770782400,0.54162,0.5431,0.51243,0.51426,192316.0
1770796800,0.51389,0.52093,0.50778,0.52038,96550.0
1770811200,0.51953,0.53491,0.51157,0.52297,100155.0
1770825600,0.52251,0.54018,0.52123,0.53043,57497.0
1770840000,0.53044,0.56629,0.52906,0.56017,147694.0
1770854400,0.56175,0.63781,0.549,0.61871,845861.0
1770868800,0.61848,0.77643,0.61409,0.72347,4590881.0
1770883200,0.72596,0.72602,0.64712,0.6508,1578960.0
1770897600,0.65187,0.66305,0.62178,0.6448,754526.0
1770912000,0.64449,0.64838,0.6304,0.63738,147247.0
1770926400,0.63771,0.66037,0.6276,0.64119,313360.0
1770940800,0.6415,0.64292,0.59237,0.594,549081.0
1770955200,0.59354,0.59503,0.5868,0.59267,64639.0
1770969600,0.59258,0.60196,0.59046,0.60115,109557.0
1770984000,0.60115,0.62259,0.59512,0.61805,134105.0
1770998400,0.61803,0.64283,0.61785,0.6322,100707.0
1771012800,0.63183,0.64085,0.61931,0.62444,152971.0
1771027200,0.62477,0.63078,0.61482,0.62017,86298.0
1771041600,0.62098,0.63791,0.60894,0.61111,99755.0
1771056000,0.61072,0.63082,0.61072,0.62858,72073.0
1771070400,0.62909,0.63546,0.62192,0.62564,75723.0
1771084800,0.62526,0.63084,0.62192,0.62834,78567.0
1771099200,0.62894,0.63439,0.62532,0.63153,76349.0
1771113600,0.63178,0.64008,0.61896,0.63511,108667.0
1771128000,0.63424,0.71373,0.63309,0.68398,433186.0
1771142400,0.68479,0.70994,0.66725,0.67361,531150.0
1771156800,0.67364,0.67561,0.65251,0.659,123167.0
1771171200,0.65944,0.65944,0.63265,0.63729,154470.0
1771185600,0.6371,0.65667,0.63393,0.65616,57600.0
1771200000,0.65397,0.66632,0.63589,0.64528,241073.0
1771214400,0.6456,0.65104,0.62403,0.62436,243217.0
1771228800,0.62605,0.64079,0.62576,0.6354,179506.0
1771243200,0.63451,0.64335,0.62667,0.62937,168801.0
1771257600,0.62956,0.65354,0.62949,0.64521,50278.0
1771272000,0.64659,0.65227,0.64359,0.65052,19362.0
1771286400,0.64916,0.64962,0.63474,0.63552,66791.0
1771300800,0.63507,0.64846,0.63507,0.64565,46064.0
1771315200,0.6445,0.68409,0.64125,0.67792,348320.0
1771329600,0.67773,0.69679,0.65413,0.67638,460321.0
1771344000,0.67517,0.69093,0.66997,0.67736,348547.0
1771358400,0.67666,0.68265,0.6675,0.67981,237907.0
1771372800,0.67982,0.67982,0.65029,0.6559,156302.0
1771387200,0.65612,0.66214,0.65113,0.65564,103086.0
1771401600,0.6555,0.66609,0.65332,0.65621,74811.0
1771416000,0.65687,0.65959,0.6441,0.65084,87269.0
1771430400,0.65135,0.65146,0.62346,0.62529,105138.0
1771444800,0.62578,0.63017,0.62097,0.62896,48291.0
1771459200,0.62904,0.62988,0.60645,0.61733,168454.0
1771473600,0.61781,0.62267,0.61626,0.61709,46961.0
1771488000,0.61732,0.61738,0.60878,0.61031,47832.0
1771502400,0.61046,0.61309,0.5906,0.59497,170584.0
1771516800,0.59482,0.60296,0.58991,0.59826,70107.0
1771531200,0.59801,0.61845,0.59726,0.61472,50164.0
1771545600,0.6147,0.65301,0.61403,0.64853,498171.0
1771560000,0.64857,0.68987,0.64348,0.64798,801865.0
1771574400,0.64879,0.66257,0.6465,0.65076,197002.0
1771588800,0.65031,0.66812,0.64012,0.65371,137374.0
1771603200,0.65373,0.66363,0.64742,0.65275,258059.0
1771617600,0.65374,0.6653,0.65042,0.65413,78307.0
1771632000,0.65371,0.73095,0.64997,0.72211,441678.0
1771646400,0.7182,0.72259,0.68974,0.70565,467381.0
1771660800,0.70528,0.70966,0.6784,0.68499,175356.0
1771675200,0.68468,0.68625,0.67316,0.67853,40802.0
1771689600,0.67816,0.6874,0.67581,0.68378,56508.0
1771704000,0.68345,0.69299,0.68125,0.68444,51332.0
1771718400,0.68266,0.6828,0.65632,0.66027,73501.0
1771732800,0.65975,0.66126,0.64989,0.65382,143540.0
1771747200,0.6534,0.65469,0.64072,0.64308,33706.0
1771761600,0.64352,0.64357,0.62553,0.63265,44816.0
1771776000,0.63274,0.63585,0.62913,0.63336,21207.0
1771790400,0.63356,0.64383,0.63337,0.64182,94071.0
1771804800,0.64179,0.64957,0.60193,0.61213,92900.0
1771819200,0.61228,0.64131,0.60634,0.64024,57050.0
1771833600,0.6378,0.67014,0.6378,0.65188,79022.0
1771848000,0.65159,0.65183,0.63107,0.635,63875.0
1771862400,0.63511,0.63996,0.6164,0.61745,58291.0
1771876800,0.61714,0.6278,0.6107,0.62504,22289.0
1771891200,0.62537,0.63105,0.61066,0.61302,60234.0
1771905600,0.61329,0.62558,0.60996,0.62334,115955.0
1771920000,0.62223,0.62405,0.61463,0.61662,42599.0
1771934400,0.61598,0.6437,0.61241,0.63903,66345.0
1771948800,0.63784,0.6434,0.63198,0.63646,69350.0
1771963200,0.63606,0.65177,0.62759,0.64689,33198.0
1771977600,0.64615,0.6657,0.64283,0.65147,53619.0
1771992000,0.65093,0.6566,0.64372,0.64955,63087.0
1772006400,0.65035,0.65963,0.64488,0.65855,40449.0
1772020800,0.65854,0.66101,0.64668,0.65571,80445.0
1772035200,0.65647,0.67218,0.65461,0.6616,52961.0
1772049600,0.66172,0.6754,0.65088,0.65963,57374.0
1772064000,0.65939,0.66914,0.65295,0.65433,60061.0
1772078400,0.65568,0.6577,0.6424,0.64698,33936.0
1772092800,0.64846,0.65967,0.64846,0.65437,47203.0
1772107200,0.65433,0.66285,0.64855,0.65309,65444.0
1772121600,0.65394,0.66237,0.63221,0.65518,89379.0
1772136000,0.65466,0.66123,0.65068,0.65188,10852.0
1772150400,0.65188,0.67973,0.64801,0.67664,39986.0
1772164800,0.67502,0.68672,0.65935,0.66357,54638.0
1772179200,0.6636,0.66688,0.64365,0.64447,78949.0
1772193600,0.64417,0.64507,0.63433,0.63655,40510.0
1772208000,0.63651,0.63952,0.62276,0.62432,29651.0
1772222400,0.62473,0.6411,0.62074,0.63539,18548.0
1772236800,0.63505,0.63505,0.62274,0.62758,31432.0
1772251200,0.62617,0.664,0.6022,0.60956,357648.0
1772265600,0.60932,0.61016,0.58597,0.59241,240954.0
1772280000,0.5938,0.62067,0.59169,0.614,78723.0
1772294400,0.61374,0.63755,0.61153,0.63401,56484.0
1772308800,0.63358,0.65551,0.63239,0.6545,94306.0
1772323200,0.65477,0.66661,0.64074,0.65075,69670.0
1772337600,0.65184,0.6528,0.64214,0.65027,13750.0
1772352000,0.65143,0.65662,0.64214,0.64561,25481.0
1772366400,0.64561,0.64712,0.63179,0.63524,59389.0
1772380800,0.63598,0.63723,0.62149,0.62193,10837.0
1772395200,0.622,0.62609,0.61048,0.6198,48382.0
1772409600,0.61993,0.6248,0.61406,0.62102,25446.0
1772424000,0.61907,0.62284,0.60877,0.61366,31690.0
1772438400,0.61431,0.61505,0.60643,0.61173,31492.0
1772452800,0.61208,0.63252,0.6041,0.62754,49534.0
1772467200,0.62828,0.63499,0.62376,0.6325,28112.0
1772481600,0.6347,0.6347,0.6171,0.62138,42959.0
1772496000,0.62141,0.62704,0.61565,0.62648,12699.0
1772510400,0.6267,0.63345,0.62145,0.63069,12185.0
1772524800,0.63119,0.63231,0.60831,0.61234,7872.0
1772539200,0.61315,0.62163,0.60475,0.6168,33953.0
1772553600,0.61619,0.62658,0.6131,0.61738,13969.0
1772568000,0.61693,0.62004,0.60877,0.61627,8961.0
1772582400,0.61526,0.61526,0.5987,0.60171,45028.0
1772596800,0.59967,0.61296,0.59967,0.61209,17713.0
1772611200,0.6136,0.62467,0.60987,0.62064,54072.0
1772625600,0.62057,0.63503,0.61311,0.63493,40568.0
1772640000,0.63315,0.63548,0.61934,0.62443,112228.0
1772654400,0.62495,0.62548,0.6112,0.61544,25636.0
1772668800,0.61446,0.61446,0.60467,0.60814,94300.0
1772683200,0.60798,0.61255,0.60348,0.60638,88825.0
1772697600,0.60642,0.61986,0.60642,0.61491,36916.0
1772712000,0.61541,0.61686,0.60667,0.60952,25778.0
1772726400,0.61022,0.62034,0.60413,0.61979,23100.0
1772740800,0.61965,0.62091,0.6145,0.61825,9500.0
1772755200,0.61779,0.62132,0.61271,0.62034,78881.0
1772769600,0.62019,0.62278,0.61275,0.62171,25410.0
1772784000,0.62368,0.62611,0.61252,0.61442,20191.0
1772798400,0.61467,0.61629,0.59961,0.60245,28872.0
1772812800,0.60518,0.61141,0.59718,0.60855,32452.0
1772827200,0.60881,0.61243,0.60414,0.61079,21092.0
1772841600,0.61156,0.612,0.59737,0.60316,129720.0
1772856000,0.60298,0.60997,0.5989,0.60463,11957.0
1772870400,0.60397,0.60934,0.60243,0.60392,9326.0
1772884800,0.60457,0.60487,0.595,0.59663,9162.0
1772899200,0.59684,0.60366,0.59393,0.59741,18720.0
1772913600,0.59848,0.60248,0.59028,0.59444,8684.0
1772928000,0.59518,0.59916,0.559,0.56579,149094.0
1772942400,0.56695,0.57269,0.55908,0.57142,69366.0
1772956800,0.56959,0.57069,0.55822,0.56296,20184.0
1772971200,0.56167,0.56811,0.55446,0.55658,61390.0
1772985600,0.55664,0.56701,0.55057,0.56543,61734.0
1773000000,0.56502,0.5662,0.54124,0.54992,127075.0
1773014400,0.54929,0.56622,0.53936,0.56622,94766.0
1773028800,0.56864,0.57592,0.55834,0.56047,87312.0
1773043200,0.56089,0.56667,0.55867,0.56587,46376.0
1773057600,0.56594,0.57602,0.56594,0.57204,36514.0
1773072000,0.57149,0.57425,0.56543,0.56698,34824.0
1773086400,0.56698,0.57108,0.56211,0.56332,34566.0
1773100800,0.56439,0.56781,0.56087,0.5618,106631.0
1773115200,0.56221,0.56997,0.56221,0.56663,33766.0
1773129600,0.56725,0.5703,0.56535,0.56926,34809.0
1773144000,0.56855,0.57764,0.56256,0.57411,35021.0
1773158400,0.57485,0.57639,0.56704,0.56966,30038.0
1773172800,0.57076,0.57493,0.56634,0.57215,21801.0
1773187200,0.57262,0.57418,0.55925,0.56088,59943.0
1773201600,0.56138,0.56338,0.55628,0.55815,25858.0
1773216000,0.55831,0.55959,0.55284,0.55354,20730.0
1773230400,0.55361,0.56303,0.55186,0.56071,43997.0
1773244800,0.56181,0.57351,0.56119,0.57044,23418.0
1773259200,0.57012,0.59215,0.56972,0.57994,32220.0
1773273600,0.57978,0.58845,0.57531,0.57778,27339.0
1773288000,0.5767,0.57693,0.57028,0.57321,28894.0
1773302400,0.5729,0.58238,0.57223,0.58131,18089.0
1773316800,0.58262,0.58801,0.57452,0.57746,40668.0
1773331200,0.57797,0.58514,0.57653,0.58415,11448.0
1773345600,0.58301,0.58983,0.57961,0.58911,11196.0
1773360000,0.58796,0.59227,0.58485,0.59135,14461.0
1773374400,0.59246,0.60079,0.5918,0.59211,19803.0
1773388800,0.59386,0.60074,0.5894,0.59012,15484.0
1773403200,0.59168,0.60016,0.5878,0.58882,31984.0
1773417600,0.5904,0.59315,0.58238,0.58368,33992.0
1773432000,0.58366,0.58817,0.58,0.58665,40596.0
1773446400,0.58557,0.594,0.577,0.58354,78758.0
1773460800,0.5841,0.58636,0.57397,0.57534,23086.0
1773475200,0.57557,0.58135,0.57535,0.58124,7258.0
1773489600,0.58102,0.58596,0.5809,0.5823,5591.0
1773504000,0.58245,0.58662,0.57855,0.58016,5098.0
1773518400,0.57888,0.57984,0.57703,0.57815,3984.0
1773532800,0.57943,0.58102,0.57121,0.5745,44226.0
1773547200,0.57466,0.57617,0.57208,0.5754,8334.0
1773561600,0.57618,0.57907,0.57565,0.57681,49796.0
1773576000,0.5764,0.57775,0.56751,0.56988,16908.0
1773590400,0.57078,0.57339,0.56793,0.5718,19302.0
1773604800,0.57177,0.57754,0.57024,0.57477,44326.0
1773619200,0.57832,0.58429,0.57319,0.58191,31074.0
1773633600,0.58332,0.58647,0.5796,0.58424,15609.0
1773648000,0.58516,0.58889,0.58136,0.58625,13422.0
1773662400,0.58519,0.58604,0.57709,0.57741,12898.0
1773676800,0.57719,0.59238,0.57719,0.58484,10206.0
1773691200,0.58591,0.59665,0.58571,0.59472,19496.0
1773705600,0.59535,0.59957,0.5869,0.58764,11590.0
1773720000,0.58966,0.58966,0.57451,0.58687,89475.0
1773734400,0.58787,0.59001,0.58295,0.5865,25883.0
1773748800,0.58616,0.58695,0.57688,0.58055,26747.0
1773763200,0.58128,0.58328,0.57907,0.57907,4907.0
1773777600,0.58005,0.58381,0.57859,0.58024,10356.0
1773792000,0.57953,0.58294,0.57294,0.58113,25559.0
1773806400,0.58143,0.58744,0.57763,0.58051,26310.0
1773820800,0.58143,0.58795,0.56804,0.57034,44432.0
1773835200,0.56917,0.57157,0.54117,0.54992,133721.0
1773849600,0.54934,0.54982,0.54225,0.54391,59208.0
1773864000,0.54421,0.55121,0.5424,0.54817,27082.0
1773878400,0.54897,0.56247,0.54172,0.55807,69799.0
1773892800,0.55681,0.55849,0.5431,0.54629,49037.0
1773907200,0.54552,0.54862,0.54283,0.54283,20186.0
1773921600,0.54148,0.54148,0.52252,0.53081,199185.0
1773936000,0.53099,0.53859,0.52715,0.53661,11519.0
1773950400,0.53738,0.54032,0.5364,0.53982,7170.0
1773964800,0.5405,0.54802,0.53939,0.54351,17286.0
1773979200,0.54384,0.54487,0.53094,0.53283,16800.0
1773993600,0.53317,0.54273,0.53317,0.54058,17063.0
1774008000,0.54122,0.5425,0.53121,0.53233,24464.0
1774022400,0.5333,0.53568,0.5201,0.53193,76185.0
1774036800,0.53207,0.53596,0.52836,0.53488,7675.0
1774051200,0.53531,0.53624,0.53041,0.53046,55899.0
1774065600,0.53129,0.53576,0.52917,0.53036,34996.0
1774080000,0.53014,0.53181,0.52851,0.52947,31574.0
1774094400,0.5299,0.53592,0.52923,0.53455,33895.0
1774108800,0.53427,0.53427,0.52898,0.53021,23937.0
1774123200,0.53098,0.53406,0.51299,0.51522,27496.0
1774137600,0.51429,0.52184,0.50905,0.5184,35432.0
1774152000,0.51858,0.52178,0.51607,0.51644,5200.0
1774166400,0.51474,0.51675,0.51092,0.51191,8306.0
1774180800,0.51214,0.51992,0.51136,0.51477,11275.0
1774195200,0.51543,0.51562,0.50798,0.50872,17661.0
1774209600,0.50929,0.53275,0.50337,0.52877,106906.0
1774224000,0.52977,0.55633,0.5264,0.52731,367422.0
1774238400,0.52741,0.5276,0.51764,0.52275,45118.0
1774252800,0.52279,0.53027,0.51204,0.52673,54644.0
1774267200,0.52783,0.53249,0.5241,0.52717,40966.0
1774281600,0.52894,0.52978,0.52189,0.5223,49031.0
1774296000,0.52252,0.5258,0.5134,0.51526,37448.0
1774310400,0.51631,0.5201,0.50882,0.51899,65489.0
1774324800,0.51794,0.52775,0.51246,0.52754,77682.0
1774339200,0.52776,0.52979,0.52097,0.52097,23971.0
1774353600,0.52222,0.52234,0.51644,0.52052,27139.0
1774368000,0.51987,0.52029,0.5153,0.5165,45013.0
1774382400,0.51655,0.5246,0.51644,0.5231,14870.0
1774396800,0.52437,0.52467,0.51966,0.52106,10282.0
1774411200,0.52042,0.52215,0.51756,0.51864,14542.0
1774425600,0.51911,0.52151,0.51764,0.5202,11368.0
1774440000,0.52038,0.52127,0.51227,0.51733,26104.0
1774454400,0.51875,0.5203,0.51542,0.51832,28707.0
1774468800,0.51939,0.52473,0.51843,0.52427,19626.0
1774483200,0.52508,0.52613,0.51155,0.51224,56520.0
1774497600,0.51247,0.51247,0.49458,0.49851,43373.0
1774512000,0.49876,0.49983,0.49113,0.49361,23261.0
1774526400,0.49417,0.49991,0.49063,0.4912,13663.0
1774540800,0.49244,0.49636,0.47883,0.47939,10267.0
1774555200,0.48042,0.48895,0.48035,0.48647,12141.0
1774569600,0.48633,0.48979,0.48014,0.48169,73206.0
1774584000,0.48148,0.48148,0.47601,0.47805,30935.0
1774598400,0.47888,0.48086,0.46358,0.46586,34440.0
1774612800,0.46465,0.46533,0.4594,0.46343,35249.0
1774627200,0.46339,0.47255,0.46251,0.47146,21229.0
1774641600,0.46957,0.47266,0.4673,0.46853,67796.0
1774656000,0.46859,0.46877,0.46067,0.46333,45154.0
1774670400,0.4632,0.47344,0.4632,0.47312,17240.0
1774684800,0.47433,0.47627,0.47142,0.47532,15122.0
1774699200,0.47556,0.50399,0.47556,0.49289,637752.0
1774713600,0.49237,0.49812,0.48684,0.48846,259009.0
1774728000,0.48809,0.48924,0.47719,0.47896,57829.0
1774742400,0.47986,0.48057,0.4698,0.4728,71389.0
1774756800,0.47276,0.47439,0.47058,0.47254,43159.0
1774771200,0.47199,0.47448,0.46887,0.47139,41007.0
1774785600,0.47145,0.47279,0.46632,0.4683,30012.0
1774800000,0.46863,0.47105,0.4662,0.46864,21471.0
1774814400,0.46908,0.47329,0.45981,0.4681,29228.0
1774828800,0.46863,0.48012,0.46835,0.47783,25739.0
1774843200,0.47809,0.48034,0.47648,0.47996,19082.0
1774857600,0.48008,0.48513,0.47823,0.48172,37480.0
1774872000,0.48215,0.48564,0.48202,0.48369,23425.0
1774886400,0.48366,0.48391,0.47327,0.4759,42842.0
1774900800,0.47642,0.48869,0.47642,0.48822,115658.0
1774915200,0.48869,0.49128,0.48325,0.48483,24341.0
1774929600,0.48492,0.48711,0.48291,0.48484,20603.0
1774944000,0.48563,0.48836,0.47821,0.48616,36505.0
1774958400,0.48645,0.48987,0.483,0.48553,22099.0
1774972800,0.48617,0.49448,0.48617,0.4944,9233.0
1774987200,0.49535,0.49819,0.48976,0.49274,13095.0
1775001600,0.49337,0.49673,0.48917,0.49614,18821.0
1775016000,0.49702,0.50239,0.49607,0.49773,12399.0
1775030400,0.49792,0.49928,0.49346,0.49558,12562.0
1775044800,0.4962,0.50493,0.49389,0.50112,93114.0
1775059200,0.50334,0.50901,0.499,0.50879,15068.0
1775073600,0.50866,0.51765,0.50466,0.51337,44519.0
1775088000,0.51265,0.51963,0.49504,0.49504,49633.0
1775102400,0.49483,0.50274,0.49397,0.50266,15717.0
1775116800,0.50276,0.55,0.49752,0.5211,270535.0
1775131200,0.52079,0.52147,0.50653,0.51131,186496.0
1775145600,0.51154,0.51457,0.50759,0.51008,29037.0
1775160000,0.51095,0.52944,0.51049,0.52876,44194.0
1775174400,0.52922,0.54114,0.50918,0.51287,240624.0
1775188800,0.51304,0.52557,0.51291,0.52306,40145.0
1775203200,0.52405,0.53463,0.52199,0.53423,40004.0
1775217600,0.53446,0.53788,0.5221,0.52435,85177.0
1775232000,0.52459,0.52997,0.52285,0.52807,30771.0
1775246400,0.52838,0.52855,0.52255,0.52393,14437.0
1775260800,0.52386,0.52416,0.50923,0.51099,53306.0
1775275200,0.51156,0.51446,0.50006,0.50552,34948.0
1775289600,0.50542,0.50678,0.49971,0.50096,29433.0
1775304000,0.50119,0.50161,0.48881,0.49588,27855.0
1775318400,0.4959,0.49921,0.49451,0.49817,16099.0
1775332800,0.4988,0.50122,0.49709,0.5011,8857.0
1775347200,0.50153,0.50183,0.49542,0.49875,15384.0
1775361600,0.49806,0.5065,0.48967,0.4918,89816.0
1775376000,0.49195,0.49679,0.49195,0.49293,34119.0
1775390400,0.49329,0.49602,0.49028,0.49388,13788.0
1775404800,0.49389,0.49534,0.49132,0.4926,17206.0
1775419200,0.49311,0.49419,0.48583,0.4932,21330.0
1775433600,0.49444,0.49808,0.492,0.49405,28996.0
1775448000,0.49498,0.4986,0.49229,0.49794,26038.0
1775462400,0.49798,0.50982,0.49664,0.50339,16125.0
1775476800,0.503,0.52623,0.50191,0.52251,28356.0
1775491200,0.52398,0.53284,0.5154,0.52389,52376.0
1775505600,0.52315,0.52378,0.50824,0.5117,76302.0
1775520000,0.512,0.514,0.494,0.50211,50511.0
1775534400,0.50144,0.50735,0.49753,0.50612,13720.0
1775548800,0.50586,0.51023,0.49842,0.49907,12888.0
1775563200,0.49966,0.50657,0.49451,0.50476,17119.0
1775577600,0.50495,0.51035,0.50238,0.50604,14186.0
1775592000,0.509,0.52799,0.5074,0.52769,21137.0
1775606400,0.52838,0.55902,0.52838,0.54813,136930.0
1775620800,0.54809,0.55139,0.53676,0.54039,38405.0
1775635200,0.54093,0.5441,0.53425,0.53621,17068.0
1775649600,0.53677,0.54248,0.53113,0.53895,61451.0
1775664000,0.53883,0.53908,0.53394,0.53686,39473.0
1775678400,0.53673,0.53883,0.522,0.5221,25856.0
1775692800,0.52174,0.52174,0.51425,0.51654,22664.0
1775707200,0.51611,0.52571,0.51548,0.52565,18829.0
1775721600,0.52565,0.52828,0.52154,0.52199,18430.0
1775736000,0.52172,0.52526,0.519,0.52422,24498.0
1775750400,0.52492,0.5309,0.52104,0.5309,19235.0
1775764800,0.52971,0.53254,0.52553,0.52769,15561.0
1775779200,0.52823,0.52973,0.52259,0.5265,17754.0
1775793600,0.52649,0.53141,0.52649,0.5272,9120.0
1775808000,0.52934,0.53699,0.52523,0.53345,15918.0
1775822400,0.53392,0.53656,0.53067,0.53067,23031.0
1775836800,0.53152,0.5407,0.53131,0.5407,61192.0
1775851200,0.541,0.546,0.53987,0.54178,26665.0
1775865600,0.5418,0.54281,0.53308,0.53658,25118.0
1775880000,0.53658,0.53975,0.53364,0.53753,18890.0
1775894400,0.53888,0.54266,0.53661,0.53777,11837.0
1775908800,0.5373,0.54161,0.53006,0.53934,60163.0
1775923200,0.53994,0.55512,0.53657,0.55488,9061.0
1775937600,0.55447,0.55637,0.54965,0.55537,12572.0
1775952000,0.5553,0.5553,0.53345,0.53415,12714.0
1775966400,0.53457,0.54418,0.5312,0.5323,11301.0
1775980800,0.53302,0.54829,0.53302,0.54822,17425.0
1775995200,0.54709,0.5681,0.53725,0.56694,89237.0
1776009600,0.56956,0.70526,0.56956,0.61796,1306146.0
1776024000,0.62064,0.62684,0.604,0.61366,227385.0
1776038400,0.61184,0.64133,0.59345,0.62871,269768.0
1776052800,0.62647,0.6393,0.61057,0.61662,301360.0
1776067200,0.61886,0.62524,0.58269,0.58617,289203.0
1776081600,0.58634,0.59903,0.57444,0.58663,130032.0
1776096000,0.58679,0.58716,0.57467,0.58153,133429.0
1776110400,0.58155,0.59889,0.57989,0.59702,88025.0
1776124800,0.59679,0.61277,0.58838,0.60024,242811.0
1776139200,0.60034,0.60387,0.5874,0.58849,52845.0
1776153600,0.58798,0.60648,0.58328,0.59649,56499.0
1776168000,0.5941,0.60166,0.59222,0.59459,25423.0
1776182400,0.59455,0.59572,0.57985,0.58276,73523.0
1776196800,0.58357,0.61813,0.58357,0.61179,89736.0
1776211200,0.6129,0.6164,0.6026,0.60912,41343.0
1776225600,0.60955,0.61481,0.59359,0.59405,118976.0
1776240000,0.59318,0.59442,0.58771,0.59096,37355.0
1776254400,0.59005,0.59448,0.58875,0.59312,56604.0
1776268800,0.59319,0.59663,0.58943,0.59481,29071.0
1776283200,0.595,0.60228,0.59477,0.59962,24775.0
1776297600,0.59987,0.59987,0.5884,0.59669,23419.0
1776312000,0.59669,0.6012,0.59649,0.59729,22622.0
1776326400,0.59766,0.61487,0.59636,0.61374,31179.0
1776340800,0.61281,0.61537,0.59639,0.60735,49297.0
1776355200,0.60818,0.61176,0.60092,0.611,15326.0
1776369600,0.61131,0.61177,0.60623,0.60997,7590.0
1776384000,0.60931,0.61332,0.60634,0.60959,14343.0
1776398400,0.60901,0.63231,0.60901,0.62704,19399.0
1776412800,0.6257,0.62751,0.61658,0.62715,15051.0
1776427200,0.62592,0.62755,0.62134,0.62438,16186.0
1776441600,0.62485,0.62604,0.61462,0.62294,18245.0
1776456000,0.62277,0.62578,0.61863,0.61905,5129.0
1776470400,0.6172,0.61792,0.60023,0.60287,40824.0
1776484800,0.60048,0.60541,0.60002,0.60306,11615.0
1776499200,0.60401,0.60473,0.58158,0.58628,42554.0
1776513600,0.58695,0.58841,0.58205,0.58216,9054.0
1776528000,0.58302,0.58343,0.57103,0.57259,10636.0
1776542400,0.573,0.57356,0.56593,0.56593,7991.0
1776556800,0.56547,0.56615,0.55127,0.56103,15792.0
1776571200,0.55974,0.57477,0.55974,0.57369,9728.0
1776585600,0.57463,0.58072,0.56547,0.58002,55394.0
1776600000,0.57947,0.58098,0.57094,0.57367,20481.0
1776614400,0.57431,0.57708,0.56844,0.57633,11515.0
1776628800,0.57633,0.58084,0.55941,0.56006,20798.0
1776643200,0.55981,0.57334,0.55944,0.57291,32153.0
1776657600,0.57305,0.58602,0.56331,0.5823,60446.0
1776672000,0.58079,0.58342,0.57521,0.57521,19533.0
1776686400,0.57664,0.58752,0.57664,0.58276,21343.0
1776700800,0.58363,0.58674,0.57903,0.58417,22474.0
1776715200,0.5849,0.58721,0.5794,0.58125,13523.0
1776729600,0.58116,0.58116,0.57116,0.57395,46899.0
1776744000,0.57391,0.57534,0.57073,0.57245,7467.0
1776758400,0.57243,0.59274,0.57131,0.58721,21919.0
1776772800,0.58388,0.58961,0.58062,0.58648,20912.0
1776787200,0.58608,0.5929,0.57885,0.58043,28945.0
1776801600,0.57971,0.58548,0.57772,0.5847,29088.0
1776816000,0.58616,0.58622,0.57688,0.58406,49451.0
1776830400,0.58464,0.58919,0.58403,0.58689,25495.0
1776844800,0.58685,0.59015,0.58488,0.58488,9890.0
1776859200,0.5842,0.58875,0.58405,0.58798,19098.0
1776873600,0.58679,0.59039,0.58571,0.58713,12386.0
1776888000,0.58748,0.58926,0.57994,0.58043,10376.0
1776902400,0.58042,0.58099,0.56513,0.56691,38952.0
1776916800,0.56696,0.57294,0.5668,0.56768,12817.0
1776931200,0.56772,0.56995,0.56327,0.56804,14261.0
1776945600,0.56817,0.57266,0.56498,0.57211,10814.0
1776960000,0.57302,0.57355,0.56022,0.56651,19919.0
1776974400,0.56767,0.57437,0.56762,0.57263,9669.0
1776988800,0.57342,0.57684,0.57097,0.57218,13139.0
1777003200,0.57009,0.57469,0.56275,0.57358,42072.0
1777017600,0.57283,0.57714,0.57283,0.57562,6199.0
1777032000,0.5768,0.57745,0.57009,0.57462,6939.0
1777046400,0.57433,0.57825,0.56856,0.57058,26748.0
1777060800,0.57052,0.57323,0.56767,0.5682,11164.0
1777075200,0.56738,0.57208,0.56685,0.56987,8004.0
1777089600,0.56992,0.57066,0.56323,0.56641,15107.0
1777104000,0.56599,0.56999,0.56507,0.56805,8465.0
1777118400,0.5673,0.57887,0.5673,0.57358,22672.0
1777132800,0.57528,0.57528,0.56057,0.56292,31693.0
1777147200,0.56353,0.56757,0.56283,0.56585,4393.0
1777161600,0.56605,0.56605,0.55409,0.55582,19815.0
1777176000,0.55572,0.56142,0.55572,0.55963,17705.0
1777190400,0.5599,0.56319,0.55732,0.56199,17516.0
1777204800,0.56187,0.5628,0.55097,0.55337,23903.0
1777219200,0.55394,0.55733,0.5532,0.55387,6828.0
1777233600,0.55374,0.55559,0.54966,0.55215,7509.0
1777248000,0.55279,0.62589,0.55279,0.56388,1129231.0
1777262400,0.5639,0.56713,0.51892,0.52324,281118.0
1777276800,0.52256,0.52567,0.51539,0.51931,109030.0
1777291200,0.52128,0.55906,0.51605,0.53684,345292.0
1777305600,0.53757,0.56653,0.53403,0.54169,291437.0
1777320000,0.5406,0.54884,0.53904,0.54822,92727.0
1777334400,0.54957,0.56286,0.54087,0.55106,101117.0
1777348800,0.55204,0.55718,0.5484,0.54908,23438.0
1777363200,0.54755,0.55703,0.54748,0.55083,39273.0
1777377600,0.55181,0.56932,0.55043,0.55299,103612.0
1777392000,0.55339,0.55444,0.54684,0.55117,20027.0
1777406400,0.55167,0.55432,0.5503,0.55371,63484.0
1777420800,0.55329,0.55521,0.54763,0.55242,48020.0
1777435200,0.55223,0.55987,0.55124,0.55124,22518.0
1777449600,0.55182,0.55968,0.55018,0.55143,17402.0
1777464000,0.55079,0.55377,0.54418,0.54545,40668.0
1777478400,0.54516,0.54993,0.53717,0.54551,28158.0
1777492800,0.54753,0.55432,0.54596,0.55042,24153.0
1777507200,0.55138,0.55503,0.54427,0.5474,51322.0
1777521600,0.54739,0.55124,0.54473,0.54984,19096.0
1777536000,0.54956,0.54977,0.5421,0.54245,6800.0
1777550400,0.54272,0.55242,0.54096,0.54196,61512.0
1777564800,0.54359,0.54359,0.5338,0.5338,21749.0
1777579200,0.53383,0.5342,0.52762,0.52803,10149.0
1777593600,0.52619,0.52919,0.51948,0.52712,32311.0
1777608000,0.52801,0.53142,0.52354,0.52685,10961.0
1777622400,0.52692,0.53019,0.52394,0.52512,11055.0
1777636800,0.52492,0.53326,0.52492,0.52877,15785.0
1777651200,0.52993,0.53321,0.52666,0.5304,12313.0
1777665600,0.53112,0.53232,0.52573,0.5287,14694.0
1777680000,0.52945,0.53168,0.52762,0.5294,12213.0
1777694400,0.53022,0.53022,0.52469,0.52888,20660.0
1777708800,0.52876,0.53684,0.52733,0.53433,20530.0
1777723200,0.53478,0.5374,0.53119,0.53661,18582.0
1777737600,0.5374,0.5399,0.53435,0.53921,11957.0
1777752000,0.53941,0.5418,0.53729,0.54138,11756.0
1777766400,0.54138,0.54179,0.52987,0.5328,9846.0
1777780800,0.5329,0.53401,0.52942,0.53179,9849.0
1777795200,0.53147,0.53577,0.53109,0.53437,6899.0
1777809600,0.53402,0.53779,0.53164,0.53171,22570.0
1777824000,0.53211,0.53486,0.53161,0.5333,4653.0
1777838400,0.53329,0.53497,0.5306,0.53169,5528.0
1777852800,0.5307,0.54268,0.52562,0.54115,38781.0
1777867200,0.54164,0.54298,0.53527,0.53598,8506.0
1777881600,0.53531,0.53955,0.52663,0.53005,22785.0
1777896000,0.5301,0.53899,0.5291,0.53329,25764.0
1777910400,0.53337,0.53589,0.5319,0.53255,15850.0
1777924800,0.53283,0.5379,0.53275,0.53605,8778.0
1777939200,0.53603,0.5385,0.53363,0.53483,7841.0
1777953600,0.53532,0.53588,0.53199,0.53365,11247.0
1777968000,0.5351,0.53745,0.53342,0.53637,33473.0
1777982400,0.53637,0.54088,0.53387,0.53725,20514.0
1777996800,0.53712,0.53973,0.5351,0.53785,6323.0
1778011200,0.53878,0.54214,0.53631,0.5384,18319.0
1778025600,0.53894,0.54391,0.53543,0.5435,12059.0
1778040000,0.54378,0.55268,0.54062,0.55149,580665.0
1778054400,0.55108,0.56278,0.55017,0.55721,99623.0
1778068800,0.55692,0.56113,0.54595,0.55348,31114.0
1778083200,0.55337,0.55656,0.55185,0.55584,8538.0
1778097600,0.55544,0.55811,0.55179,0.5557,58761.0
1778112000,0.55487,0.55646,0.54371,0.54434,44029.0
1778126400,0.54352,0.55917,0.54274,0.55843,44187.0
1778140800,0.55766,0.5584,0.55187,0.55556,44760.0
1778155200,0.55391,0.55783,0.54607,0.54947,17378.0
1778169600,0.54981,0.55868,0.54845,0.55684,14999.0
1778184000,0.55705,0.56009,0.55242,0.55656,19730.0
1778198400,0.55698,0.56199,0.55351,0.56137,11841.0
1778212800,0.56131,0.56291,0.55488,0.55768,4482.0
1778227200,0.55773,0.5629,0.55728,0.5629,4649.0
1778241600,0.56264,0.56365,0.55404,0.56246,7938.0
1778256000,0.56118,0.5692,0.56118,0.56656,20965.0
1778270400,0.56553,0.57243,0.56504,0.5709,13264.0
1778284800,0.57225,0.58126,0.56921,0.57944,22713.0
1778299200,0.57898,0.58234,0.5778,0.57867,4469.0
1778313600,0.57834,0.5807,0.57089,0.57686,18242.0
1778328000,0.57746,0.57746,0.56733,0.56894,12924.0
1778342400,0.56847,0.57475,0.56847,0.57248,8674.0
1778356800,0.57239,0.57448,0.56859,0.56991,4421.0
1778371200,0.56974,0.57041,0.56334,0.56582,11997.0
1778385600,0.56648,0.5728,0.56518,0.57246,6688.0
1778400000,0.5717,0.57648,0.57156,0.57279,6604.0
1778414400,0.5713,0.57675,0.57018,0.57675,40924.0
1778428800,0.57668,0.58325,0.57573,0.58038,25980.0
1778443200,0.5801,0.58051,0.55939,0.57375,39549.0
1778457600,0.57333,0.57333,0.55986,0.56411,11954.0
1778472000,0.56391,0.56907,0.56246,0.56482,7302.0
1778486400,0.56513,0.5722,0.5639,0.56863,31365.0
1778500800,0.56783,0.57019,0.56412,0.57002,13308.0
1778515200,0.56997,0.57179,0.5679,0.57018,15431.0
1778529600,0.5703,0.57206,0.56634,0.56964,10575.0
1778544000,0.56853,0.56853,0.55582,0.55927,28471.0
1778558400,0.55949,0.56608,0.55899,0.56388,30627.0
1778572800,0.56331,0.56445,0.55576,0.55644,10859.0
1778587200,0.55616,0.56021,0.54534,0.54945,9481.0
1778601600,0.54986,0.56152,0.54986,0.55898,9273.0
1778616000,0.5586,0.56177,0.55637,0.56,9910.0
1778630400,0.56008,0.56275,0.55807,0.56147,16180.0
1778644800,0.56143,0.56143,0.55522,0.5567,8550.0
1778659200,0.5569,0.56116,0.55438,0.55438,6466.0
1778673600,0.55444,0.5553,0.53631,0.54064,498996.0
1778688000,0.54064,0.54927,0.54056,0.54529,141426.0
1778702400,0.54623,0.54898,0.54123,0.5446,33092.0
1778716800,0.54437,0.54806,0.53422,0.53529,25815.0
1778731200,0.53565,0.54415,0.53518,0.53993,12113.0
1778745600,0.53994,0.5435,0.53765,0.53933,11793.0
1778760000,0.54008,0.55404,0.54008,0.55391,30758.0
1778774400,0.55489,0.56078,0.55393,0.55514,12188.0
1778788800,0.5556,0.5556,0.55135,0.55161,9322.0
1778803200,0.55222,0.55592,0.54627,0.54894,27809.0
1778817600,0.54879,0.54945,0.53911,0.54765,19590.0
1778832000,0.54792,0.54792,0.54345,0.54361,12421.0
1778846400,0.54425,0.54425,0.51566,0.52067,38808.0
1778860800,0.52072,0.52526,0.51752,0.51902,12209.0
1778875200,0.51856,0.51856,0.50306,0.50795,86959.0
1778889600,0.50831,0.51229,0.50534,0.51125,17339.0
1778904000,0.51175,0.51175,0.49059,0.49539,29867.0
1778918400,0.49599,0.49955,0.49195,0.49782,12543.0
1778932800,0.4981,0.50292,0.49606,0.50185,14325.0
1778947200,0.5019,0.50439,0.50075,0.50075,12040.0
1778961600,0.50178,0.50383,0.50101,0.5033,11249.0
1778976000,0.50324,0.50496,0.49575,0.50054,20273.0
1778990400,0.50071,0.50103,0.49523,0.49729,6983.0
1779004800,0.49762,0.50123,0.49675,0.49945,5601.0
1779019200,0.49962,0.50061,0.49626,0.49858,7907.0
1779033600,0.49866,0.49977,0.49421,0.49651,6743.0
1779048000,0.49699,0.49699,0.47305,0.48227,18279.0
1779062400,0.48402,0.49109,0.47635,0.48755,28333.0
1779076800,0.48805,0.48873,0.48209,0.48474,36553.0
1779091200,0.48507,0.48754,0.48186,0.4863,7678.0
1779105600,0.48648,0.4894,0.47891,0.48315,33779.0
1779120000,0.48349,0.48702,0.47823,0.48653,9590.0
1779134400,0.48786,0.49253,0.4855,0.49114,9490.0
1779148800,0.49091,0.49448,0.4867,0.48841,11837.0
1779163200,0.48872,0.49184,0.48639,0.4909,15965.0
1779177600,0.49102,0.49102,0.4836,0.48377,20466.0
1779192000,0.48383,0.48709,0.47969,0.48103,42530.0
1779206400,0.4817,0.48471,0.48075,0.48131,17617.0
1779220800,0.48148,0.48445,0.47919,0.48116,12882.0
1779235200,0.48203,0.4821,0.4768,0.48135,10726.0
1779249600,0.48212,0.48763,0.4813,0.48579,18910.0
1779264000,0.48639,0.48639,0.47879,0.48074,39767.0
1779278400,0.48055,0.48654,0.47805,0.48489,41011.0
1779292800,0.48537,0.48825,0.48148,0.48825,32383.0
1779307200,0.48865,0.49565,0.48768,0.49062,10165.0
1779321600,0.49059,0.49636,0.49004,0.49368,23692.0
1779336000,0.49423,0.49661,0.48882,0.49565,56970.0
1779350400,0.49532,0.49897,0.48819,0.48867,35677.0
1779364800,0.48893,0.49505,0.48793,0.49394,8136.0
1779379200,0.49437,0.49713,0.49026,0.49439,33650.0
1779393600,0.49445,0.49934,0.49416,0.4984,246813.0
1779408000,0.49775,0.49857,0.49244,0.49666,52527.0
1779422400,0.4964,0.49836,0.49076,0.49409,20287.0
1779436800,0.49253,0.4961,0.48952,0.4915,12341.0
1779451200,0.49101,0.49322,0.48265,0.48886,33331.0
1779465600,0.48835,0.49108,0.47147,0.47327,33125.0
1779480000,0.47515,0.48045,0.46935,0.47277,32011.0
1779494400,0.47232,0.4804,0.47105,0.4798,18881.0
1779508800,0.47991,0.47991,0.46369,0.46597,53784.0
1779523200,0.46586,0.46785,0.46333,0.46693,19964.0
1779537600,0.4663,0.47832,0.46539,0.47572,16004.0
1779552000,0.47667,0.48123,0.47537,0.47961,20505.0
1779566400,0.48048,0.49117,0.47946,0.48467,32772.0
1779580800,0.48451,0.4873,0.48317,0.48408,15999.0
1779595200,0.48369,0.48505,0.48061,0.48304,12834.0
1779609600,0.48316,0.48362,0.48102,0.48159,6705.0
1779624000,0.48135,0.48175,0.47051,0.47458,6229.0
1779638400,0.47458,0.4759,0.47033,0.47101,17056.0
1779652800,0.47061,0.47082,0.46285,0.46895,32749.0
1779667200,0.46933,0.47178,0.46886,0.47021,11532.0
1779681600,0.47022,0.47742,0.46963,0.47675,10115.0
1779696000,0.47709,0.47936,0.47633,0.47639,25706.0
1779710400,0.47626,0.48644,0.47544,0.47869,35440.0
1779724800,0.47814,0.48139,0.47814,0.48064,102535.0
1779739200,0.48051,0.48207,0.4742,0.47732,54470.0
1779753600,0.47669,0.47728,0.46694,0.46939,68358.0
1779768000,0.46956,0.47418,0.4663,0.46847,36178.0
1779782400,0.46914,0.47671,0.46835,0.47525,10234.0
1779796800,0.47482,0.48,0.46987,0.471,16356.0
1779811200,0.47181,0.47184,0.45364,0.45483,96990.0
1779825600,0.45491,0.45491,0.44168,0.44783,74125.0
1779840000,0.4486,0.46798,0.43731,0.43974,93781.0
1779854400,0.44082,0.44082,0.42015,0.43007,150210.0
1779868800,0.43025,0.43253,0.42717,0.43146,24384.0
1779883200,0.43269,0.444,0.43257,0.44174,40864.0
1779897600,0.44234,0.44398,0.43455,0.43555,31214.0
1779912000,0.43545,0.43631,0.42254,0.42749,25144.0
1779926400,0.42767,0.43398,0.42253,0.423,31703.0
1779940800,0.42315,0.42413,0.41567,0.41841,43376.0
1779955200,0.41817,0.41817,0.40991,0.41173,116443.0
1779969600,0.41178,0.42131,0.4092,0.41671,52457.0
1779984000,0.4167,0.42602,0.41555,0.4232,16249.0
1779998400,0.42365,0.42966,0.42352,0.42728,13767.0
1780012800,0.42881,0.43089,0.42245,0.4229,17541.0
1780027200,0.42307,0.42656,0.42071,0.42221,29047.0
1780041600,0.42269,0.42374,0.41913,0.42026,17500.0
1780056000,0.42049,0.43077,0.41533,0.42947,27807.0
1780070400,0.43015,0.43184,0.42355,0.4265,17179.0
1780084800,0.42649,0.43222,0.42629,0.42678,16212.0
1780099200,0.42808,0.43359,0.4279,0.43261,18664.0
1780113600,0.43333,0.43441,0.4295,0.43043,17378.0
1780128000,0.43088,0.43131,0.42778,0.42881,33976.0
1780142400,0.42896,0.42939,0.42605,0.42703,12129.0
1780156800,0.42839,0.42897,0.42532,0.42636,12319.0
1780171200,0.4274,0.42761,0.42229,0.42441,9504.0
1780185600,0.42543,0.42551,0.4217,0.42255,11387.0
1780200000,0.42297,0.4243,0.41881,0.41965,17355.0
1780214400,0.41993,0.42166,0.41653,0.4203,15998.0
1780228800,0.42047,0.42112,0.41397,0.41404,18634.0
1780243200,0.41403,0.41468,0.41,0.41213,31722.0
1780257600,0.41388,0.41901,0.41369,0.41901,8544.0
1780272000,0.41908,0.42176,0.41612,0.41914,21859.0
1780286400,0.41958,0.42017,0.40587,0.40714,91761.0
1780300800,0.40625,0.40795,0.40276,0.40529,30857.0
1780315200,0.40585,0.4151,0.40293,0.41209,53165.0
1780329600,0.412,0.43608,0.41101,0.42345,77376.0
1780344000,0.4242,0.42433,0.41601,0.42024,21931.0
1780358400,0.42022,0.42022,0.40911,0.41363,30191.0
1780372800,0.41377,0.41641,0.40877,0.41084,27895.0
1780387200,0.41097,0.41169,0.4061,0.41072,17137.0
1780401600,0.41063,0.41381,0.38477,0.38899,135465.0
1780416000,0.38886,0.39592,0.38267,0.38844,103512.0
1780430400,0.38848,0.39365,0.37432,0.3823,38798.0
1780444800,0.38267,0.3863,0.37406,0.37571,64874.0
1780459200,0.37693,0.38585,0.37682,0.38302,54889.0
1780473600,0.38385,0.38576,0.37847,0.38285,64511.0
1780488000,0.38308,0.39886,0.37974,0.38691,526405.0
1780502400,0.38736,0.38867,0.37935,0.38294,100066.0
1780516800,0.38297,0.39042,0.37763,0.37974,58575.0
1780531200,0.38071,0.38305,0.34291,0.35934,175463.0
1780545600,0.35936,0.35995,0.34943,0.34943,48692.0
1780560000,0.34964,0.35188,0.3403,0.34401,60137.0
1780574400,0.34461,0.35546,0.34284,0.35224,36448.0
1780588800,0.35182,0.35357,0.34495,0.35098,48271.0
1780603200,0.35074,0.35426,0.34096,0.34457,37856.0
1780617600,0.344,0.34554,0.32855,0.32894,65359.0
1780632000,0.32977,0.33506,0.31099,0.31886,114045.0
1780646400,0.31903,0.32087,0.31227,0.31382,113036.0
1780660800,0.31422,0.31533,0.29994,0.30396,279066.0
1780675200,0.30364,0.30938,0.29109,0.29831,123238.0
1780689600,0.29895,0.31354,0.29689,0.30284,63317.0
1780704000,0.30366,0.30766,0.2954,0.29581,45602.0
1780718400,0.29536,0.29739,0.28277,0.29353,135404.0
1780732800,0.29347,0.29699,0.28846,0.29502,76236.0
1780747200,0.2956,0.29958,0.29247,0.29645,220364.0
1780761600,0.29609,0.299,0.29382,0.29502,76327.0
1780776000,0.29548,0.30488,0.2943,0.30488,73365.0
1780790400,0.30509,0.30823,0.30033,0.30365,97112.0
1780804800,0.30375,0.30808,0.30202,0.30604,50387.0
1780819200,0.30658,0.31274,0.30552,0.30802,48794.0
1780833600,0.30807,0.30821,0.30031,0.30513,64915.0
1780848000,0.30497,0.30786,0.29793,0.29929,40738.0
1780862400,0.29901,0.31481,0.29874,0.30808,133425.0
1780876800,0.30822,0.31189,0.30161,0.30255,48425.0
1780891200,0.3026,0.30293,0.29655,0.30002,65093.0
1780905600,0.30023,0.31381,0.29757,0.30892,59371.0
1780920000,0.30894,0.31712,0.30679,0.31302,53246.0
1780934400,0.31318,0.3163,0.31004,0.31094,57867.0
1780948800,0.31051,0.31572,0.30808,0.30895,30959.0
1780963200,0.31002,0.31002,0.29958,0.30147,168892.0
1780977600,0.30091,0.30643,0.29833,0.30302,63549.0
1780992000,0.30299,0.30304,0.29899,0.30304,65101.0
1781006400,0.30294,0.3052,0.29274,0.29277,78267.0
1781020800,0.29321,0.29955,0.29091,0.29854,286189.0
1781035200,0.29892,0.3001,0.29216,0.29279,56492.0
1781049600,0.29336,0.29387,0.28581,0.28643,89142.0
1781064000,0.28668,0.29164,0.28496,0.28954,48392.0
1781078400,0.28967,0.28975,0.28201,0.28294,104886.0
1781092800,0.28281,0.29198,0.28171,0.28954,213931.0
1781107200,0.29028,0.29101,0.28027,0.28067,89008.0
1781121600,0.28064,0.28064,0.27038,0.27331,141038.0
1781136000,0.27355,0.28379,0.27348,0.28324,74741.0
1781150400,0.28329,0.28926,0.28274,0.28364,46391.0
1781164800,0.28383,0.29614,0.28383,0.29054,177851.0
1781179200,0.29099,0.29669,0.2846,0.29614,208144.0
1781193600,0.2968,0.298,0.28977,0.29606,85217.0
1781208000,0.29608,0.29689,0.29198,0.29249,60634.0
1781222400,0.29258,0.29487,0.2881,0.2909,79957.0
1781236800,0.2909,0.29235,0.28471,0.28603,107904.0
1781251200,0.28598,0.29174,0.28598,0.29115,130690.0
1781265600,0.29101,0.29625,0.2871,0.29009,280786.0
1781280000,0.29021,0.29314,0.28878,0.28973,188527.0
1781294400,0.28957,0.29013,0.28597,0.28755,56140.0
1781308800,0.28754,0.30597,0.2872,0.30354,228555.0
1781323200,0.30411,0.30577,0.29216,0.29575,135566.0
1781337600,0.2955,0.3082,0.29423,0.302,245813.0
1781352000,0.30199,0.30515,0.29862,0.30042,122179.0
1781366400,0.30036,0.30903,0.29805,0.30012,293756.0
1781380800,0.29992,0.31138,0.29873,0.30092,199176.0
1781395200,0.30084,0.30323,0.29603,0.29818,186396.0
1781409600,0.29834,0.29834,0.2928,0.29307,97822.0
1781424000,0.29321,0.29642,0.29205,0.29354,104983.0
1781438400,0.29368,0.3014,0.29117,0.2916,223891.0
1781452800,0.29143,0.29321,0.28859,0.29184,116970.0
1781467200,0.29223,0.30348,0.29095,0.30216,55472.0
1781481600,0.30198,0.30352,0.29853,0.30302,53810.0
1781496000,0.30283,0.30899,0.30019,0.30793,254429.0
1781510400,0.3082,0.32435,0.3082,0.31904,221474.0
1781524800,0.31909,0.32245,0.31335,0.31621,93592.0
1781539200,0.31616,0.31766,0.30653,0.30728,73131.0
1781553600,0.30771,0.30893,0.30307,0.30705,82264.0
1781568000,0.30669,0.30844,0.29768,0.30368,100269.0
1781582400,0.30377,0.30731,0.30156,0.30518,167855.0
1781596800,0.30518,0.30738,0.30243,0.30357,51434.0
1781611200,0.30374,0.30586,0.29419,0.29807,119740.0
1781625600,0.29771,0.303,0.29655,0.29874,60292.0
1781640000,0.29916,0.30197,0.29904,0.29904,49990.0
1781654400,0.29949,0.30767,0.29949,0.30298,123911.0
1781668800,0.30336,0.30491,0.2987,0.29981,85635.0
1781683200,0.30014,0.30014,0.29431,0.29594,87988.0
1781697600,0.29573,0.30295,0.29498,0.30295,86562.0
1781712000,0.3029,0.3056,0.29098,0.29115,166357.0
1781726400,0.29118,0.29337,0.28419,0.29096,109364.0
1781740800,0.2911,0.2939,0.28526,0.28614,66605.0
1781755200,0.28583,0.28583,0.27488,0.2821,93241.0
1781769600,0.28198,0.28341,0.2785,0.27894,84191.0
1781784000,0.27924,0.28747,0.26887,0.26957,87774.0
1781798400,0.26891,0.27401,0.26768,0.27308,94900.0
1781812800,0.27316,0.27679,0.26797,0.27094,80292.0
1781827200,0.27082,0.27583,0.26885,0.27128,101536.0
1781841600,0.27137,0.27239,0.26547,0.26683,73650.0
1781856000,0.26706,0.26907,0.26608,0.26655,54545.0
1781870400,0.26696,0.27099,0.26439,0.27099,80275.0
1781884800,0.27099,0.27363,0.26955,0.27033,56332.0
1781899200,0.27063,0.27155,0.26767,0.27013,40976.0
1781913600,0.26988,0.27122,0.26457,0.26546,110212.0
1781928000,0.2658,0.26868,0.26495,0.26596,80787.0
1781942400,0.26615,0.26899,0.2657,0.26791,73683.0
1781956800,0.26771,0.26914,0.26232,0.26822,93735.0
1781971200,0.26827,0.2692,0.26567,0.26741,110294.0
1781985600,0.26745,0.26998,0.26582,0.2691,47551.0
1782000000,0.2691,0.26928,0.26645,0.26821,100471.0
1782014400,0.26836,0.26836,0.26496,0.26684,48782.0
1782028800,0.26682,0.27366,0.26657,0.27119,189025.0
1782043200,0.27136,0.2724,0.26952,0.27132,79269.0
1782057600,0.27135,0.27167,0.26778,0.26878,48211.0
1782072000,0.269,0.26912,0.25936,0.26039,112841.0
1782086400,0.2605,0.26887,0.26048,0.26269,130220.0
1782100800,0.26289,0.26594,0.26253,0.26523,63340.0
1782115200,0.26534,0.26773,0.26368,0.26759,89528.0
1782129600,0.26762,0.2822,0.26762,0.27271,601722.0
1782144000,0.27245,0.27265,0.26479,0.26482,30421.0
1782158400,0.265,0.26592,0.25612,0.25958,291510.0
1782172800,0.25902,0.26258,0.25809,0.26085,85759.0
1782187200,0.26132,0.26132,0.24352,0.24595,357732.0
1782201600,0.24604,0.24838,0.23918,0.24663,130104.0
1782216000,0.24695,0.24713,0.24179,0.24342,29119.0
1782230400,0.24362,0.24519,0.23863,0.23952,44839.0
1782244800,0.23966,0.242,0.23852,0.24013,52231.0
1782259200,0.24038,0.24162,0.23774,0.23861,128439.0
1782273600,0.2388,0.24461,0.23592,0.23944,191860.0
1782288000,0.2395,0.246,0.2365,0.23796,261812.0
1782302400,0.23809,0.23861,0.23082,0.23126,684602.0
1782316800,0.23135,0.23243,0.21943,0.22606,341638.0
1782331200,0.22629,0.2316,0.22578,0.22824,67891.0
1782345600,0.22869,0.24774,0.22836,0.24152,647503.0
1782360000,0.24171,0.25056,0.23624,0.23694,627711.0
1782374400,0.23726,0.23751,0.23207,0.23373,112170.0
1782388800,0.23327,0.23426,0.21234,0.21546,329667.0
1782403200,0.21555,0.21968,0.21144,0.21241,343471.0
1782417600,0.21331,0.21722,0.21069,0.21098,167452.0
1782432000,0.21126,0.21207,0.19829,0.205,335146.0
1782446400,0.20504,0.21836,0.20431,0.21689,539699.0
1782460800,0.21697,0.2213,0.20852,0.20956,266933.0
1782475200,0.2099,0.21692,0.20589,0.21385,287035.0
1782489600,0.21371,0.21529,0.20944,0.214,129205.0
1782504000,0.21319,0.21684,0.21319,0.21669,60297.0
1782518400,0.21691,0.21691,0.21167,0.2129,77181.0
1782532800,0.21295,0.21725,0.21295,0.21594,118485.0
1782547200,0.21594,0.216,0.21267,0.21424,162514.0
1782561600,0.21428,0.22951,0.21389,0.22764,297749.0
1782576000,0.22856,0.245,0.22484,0.23624,1879071.0
1782590400,0.23601,0.24825,0.23431,0.24277,740238.0
1782604800,0.24246,0.24251,0.23033,0.23166,413904.0
1782619200,0.23146,0.23177,0.22396,0.22654,163893.0
1782633600,0.22641,0.22726,0.22373,0.22505,56849.0
1782648000,0.22513,0.22856,0.22106,0.22165,137461.0
1782662400,0.22165,0.22183,0.21826,0.21914,42268.0
1782676800,0.21919,0.22018,0.21321,0.21673,65418.0
1782691200,0.21683,0.21948,0.21326,0.21717,144366.0
1782705600,0.21704,0.21929,0.21413,0.21756,69176.0
1782720000,0.21789,0.21871,0.21566,0.21774,41334.0
1782734400,0.21778,0.22144,0.21435,0.21694,465385.0
1782748800,0.21694,0.21992,0.21511,0.21592,62701.0
1782763200,0.21587,0.21696,0.2125,0.21305,46064.0
1782777600,0.21303,0.2132,0.20863,0.20881,100934.0
1782792000,0.20902,0.21053,0.20794,0.20867,58248.0
1782806400,0.20823,0.20843,0.20445,0.20474,188286.0
1782820800,0.20478,0.20498,0.20061,0.20174,100045.0
1782835200,0.20151,0.20553,0.20119,0.20382,59665.0
1782849600,0.2037,0.20404,0.20083,0.20233,47047.0
1782864000,0.20245,0.20506,0.1972,0.20473,102402.0
1782878400,0.20473,0.20572,0.20161,0.20262,72787.0
1782892800,0.20241,0.2028,0.19988,0.20108,129339.0
1782907200,0.2013,0.20555,0.19808,0.20412,62796.0
1782921600,0.20388,0.20486,0.20115,0.20115,46583.0
1782936000,0.20174,0.20806,0.20145,0.20457,236115.0
1782950400,0.20515,0.20771,0.20264,0.20761,186918.0
1782964800,0.20745,0.21051,0.20521,0.21033,107442.0
1782979200,0.21069,0.22168,0.21056,0.21121,359938.0
1782993600,0.21126,0.21501,0.20951,0.20995,113926.0
1783008000,0.21027,0.21148,0.20796,0.20827,43689.0
1783022400,0.20799,0.21193,0.20791,0.21143,42563.0
1783036800,0.21178,0.23279,0.21139,0.22021,465073.0
1783051200,0.21978,0.22153,0.2147,0.21561,178940.0
1783065600,0.2153,0.22029,0.2147,0.21839,77533.0
1783080000,0.21845,0.22096,0.21765,0.21866,78486.0
1783094400,0.2189,0.21919,0.21575,0.21886,72635.0
1783108800,0.21891,0.22022,0.21783,0.22003,73581.0
1783123200,0.22018,0.22018,0.21476,0.21789,171254.0
1783137600,0.21752,0.21752,0.20969,0.21125,281925.0
1783152000,0.21101,0.21244,0.21015,0.21102,43903.0
1783166400,0.21094,0.21334,0.21065,0.21311,44403.0
1783180800,0.21346,0.21443,0.21205,0.21222,55660.0
1783195200,0.21219,0.21299,0.20722,0.2099,131766.0
1783209600,0.2098,0.21039,0.206,0.20687,195865.0
1783224000,0.20687,0.20823,0.2049,0.20726,77173.0
1783238400,0.20721,0.20769,0.20237,0.2036,137197.0
1783252800,0.20358,0.20765,0.20304,0.20642,96643.0
1783267200,0.20641,0.20776,0.20514,0.20532,75620.0
1783281600,0.20524,0.20772,0.20287,0.20563,104316.0
1783296000,0.20677,0.21413,0.20538,0.21165,160790.0
1783310400,0.2114,0.21232,0.20395,0.20581,92045.0
1783324800,0.20584,0.21165,0.20466,0.20778,101246.0
1783339200,0.20764,0.20814,0.20426,0.20785,88392.0
1783353600,0.20805,0.21093,0.20784,0.21042,78348.0
1783368000,0.21049,0.21166,0.20948,0.21042,104186.0
1783382400,0.21069,0.21073,0.20482,0.20526,185920.0
1783396800,0.20532,0.20592,0.20441,0.20487,75571.0
1783411200,0.20484,0.20664,0.20392,0.20542,287767.0
1783425600,0.20533,0.20728,0.20335,0.20664,163345.0
1783440000,0.20695,0.2072,0.20114,0.20216,161246.0
1783454400,0.20225,0.20275,0.19787,0.19908,168033.0
1783468800,0.19917,0.20033,0.18686,0.18961,212287.0
1783483200,0.18985,0.19284,0.18888,0.19221,273025.0
1783497600,0.19266,0.19267,0.18577,0.18925,380541.0
1783512000,0.18917,0.18949,0.1863,0.18698,255310.0
1783526400,0.18715,0.18792,0.18659,0.18685,52678.0
1783540800,0.18672,0.18845,0.1846,0.18836,102881.0
1783555200,0.18847,0.19649,0.18816,0.19289,611563.0
1783569600,0.19304,0.19424,0.19249,0.19327,103296.0
1783584000,0.19329,0.19463,0.1923,0.1932,85883.0
1783598400,0.19342,0.19903,0.19296,0.19756,184952.0
1783612800,0.19746,0.19888,0.19648,0.19734,98488.0
1783627200,0.19724,0.19781,0.19598,0.19618,46592.0
1783641600,0.19612,0.19855,0.19563,0.1973,93168.0
1783656000,0.19725,0.19737,0.19575,0.19636,76364.0
1783670400,0.19602,0.19726,0.19383,0.1942,175073.0
1783684800,0.19425,0.19462,0.19271,0.19364,99948.0
1783699200,0.19357,0.19423,0.19301,0.19371,54601.0
1783713600,0.19377,0.19932,0.19377,0.19716,143378.0
1783728000,0.19721,0.19941,0.1948,0.19655,208571.0
1783742400,0.19638,0.1966,0.19403,0.19441,109618.0
1783756800,0.19441,0.19528,0.19302,0.19365,162633.0
1783771200,0.19363,0.1948,0.19296,0.19343,88009.0
1783785600,0.19324,0.19462,0.19303,0.19413,70268.0
1783800000,0.19408,0.19498,0.18706,0.18786,472398.0
1783814400,0.18776,0.18957,0.18555,0.18938,162223.0
1783828800,0.18949,0.18973,0.18813,0.18954,79287.0
1783843200,0.18946,0.1898,0.18825,0.18859,108078.0
1783857600,0.1885,0.18924,0.18294,0.18335,372851.0
1783872000,0.1834,0.18694,0.18208,0.18671,158480.0
1783886400,0.18676,0.18761,0.18229,0.18331,107843.0
1783900800,0.18337,0.18625,0.17309,0.17492,522267.0
1783915200,0.17484,0.17577,0.17434,0.17508,191963.0
1783929600,0.17538,0.17871,0.17499,0.17712,103988.0
1783944000,0.17714,0.17744,0.17498,0.17528,146864.0
1783958400,0.17514,0.1762,0.17121,0.17287,208643.0
1783972800,0.17283,0.17443,0.171,0.17395,118184.0
1783987200,0.17395,0.17484,0.1696,0.17054,132082.0
1784001600,0.17053,0.1763,0.17022,0.17414,168903.0
1784016000,0.17411,0.17496,0.17129,0.17191,158643.0
1784030400,0.17189,0.17571,0.17184,0.17438,124207.0
1784044800,0.17432,0.17678,0.17419,0.17451,107865.0
1784059200,0.17452,0.17744,0.17386,0.17576,187051.0
1784073600,0.17556,0.1879,0.17528,0.17926,445039.0
1784088000,0.17932,0.1942,0.17932,0.19105,1245375.0
1784102400,0.19067,0.19823,0.187,0.19729,1095877.0
1784116800,0.19742,0.21255,0.19243,0.19665,3415083.0
1784131200,0.19683,0.19856,0.19084,0.19145,877990.0
1784145600,0.19123,0.19686,0.1905,0.19299,529396.0
1784160000,0.19297,0.19496,0.18628,0.18738,612823.0
1784174400,0.18706,0.19164,0.18699,0.18721,438111.0
1784188800,0.18731,0.18738,0.18403,0.18573,260014.0
1784203200,0.18581,0.1879,0.18382,0.18743,259590.0
1784217600,0.18716,0.18716,0.18183,0.18222,128613.0
1784232000,0.18219,0.18418,0.18037,0.18105,219945.0
1784246400,0.18108,0.18976,0.17942,0.18859,535879.0
1784260800,0.18839,0.19286,0.17744,0.18013,576142.0
1784275200,0.18028,0.1808,0.17775,0.1797,159317.0
1784289600,0.17972,0.18145,0.17916,0.18125,193762.0
1784304000,0.18129,0.18376,0.18129,0.18276,95371.0
1784318400,0.18266,0.18825,0.18254,0.18701,209479.0
1784332800,0.18716,0.18926,0.18117,0.18117,196747.0
1784347200,0.18126,0.18129,0.17821,0.17851,145207.0
1784361600,0.17836,0.17882,0.17733,0.17755,70756.0
1784376000,0.17739,0.17788,0.17499,0.17571,101954.0
1784390400,0.17559,0.17568,0.17312,0.17312,106978.0
1784404800,0.17318,0.17318,0.17015,0.17116,130599.0
1784419200,0.17121,0.17198,0.16638,0.16705,318328.0
1784433600,0.1671,0.16975,0.16642,0.16894,233919.0
1784448000,0.16894,0.17266,0.16867,0.1712,108243.0
1784462400,0.17125,0.17438,0.17036,0.17203,195761.0
1784476800,0.17242,0.18111,0.17167,0.17894,415084.0
1784491200,0.17898,0.17948,0.17783,0.17838,220195.0
1784505600,0.17818,0.17851,0.17106,0.17143,440023.0
1784520000,0.17147,0.17171,0.16693,0.16842,245486.0
1784534400,0.1685,0.16953,0.16796,0.16937,154323.0
1784548800,0.1693,0.17138,0.16712,0.17116,290584.0
1784563200,0.17143,0.17492,0.17096,0.17225,138124.0
1784577600,0.1723,0.1781,0.1721,0.1756,254697.0
1784592000,0.17549,0.18279,0.17428,0.17822,525063.0
1784606400,0.17837,0.1862,0.17806,0.18441,563284.0
1784620800,0.18413,0.18621,0.18151,0.18315,573271.0
1784635200,0.1834,0.18824,0.18314,0.18759,489301.0
1784649600,0.18735,0.18735,0.18288,0.18502,198427.0
1784664000,0.18504,0.18684,0.18324,0.18418,218061.0
1784678400,0.18421,0.18539,0.18055,0.18098,351938.0
1784692800,0.181,0.1858,0.17951,0.18129,403869.0
1784707200,0.1813,0.18288,0.18039,0.18132,101769.0
1784721600,0.18121,0.18361,0.18056,0.18227,160700.0
1784736000,0.18233,0.18467,0.18168,0.18209,113200.0
1784750400,0.18213,0.18362,0.18204,0.18272,95303.0
1784764800,0.18276,0.19012,0.1821,0.1885,630215.0
1784779200,0.18867,0.19027,0.18454,0.18454,263111.0
1784793600,0.18454,0.18635,0.18223,0.18405,273472.0
1784808000,0.18401,0.18542,0.18106,0.18424,296458.0
1784822400,0.18427,0.18506,0.18189,0.1834,148572.0
1784836800,0.18351,0.18463,0.18093,0.18146,119980.0
1784851200,0.18141,0.18171,0.17759,0.17952,224914.0
1784865600,0.17964,0.18051,0.17304,0.17509,220844.0
1784880000,0.17517,0.17588,0.17444,0.17526,118786.0
1784894400,0.17513,0.17644,0.17233,0.17564,157889.0
1784908800,0.17556,0.17566,0.17294,0.17322,91101.0
1784923200,0.17337,0.17351,0.17201,0.17229,77630.0
1784937600,0.17228,0.17256,0.16908,0.16957,141513.0
1784952000,0.1695,0.17262,0.16921,0.16929,131668.0
1784966400,0.16927,0.18136,0.16919,0.17635,689797.0
1784980800,0.17643,0.1776,0.17327,0.17628,173234.0
1784995200,0.17623,0.17731,0.17568,0.17579,52315.0
1785009600,0.17567,0.17594,0.17483,0.17503,72882.0
1785024000,0.17521,0.17521,0.1732,0.17328,88112.0
1785038400,0.17328,0.17419,0.17197,0.17287,104379.0
1785052800,0.17288,0.17587,0.17277,0.1742,120155.0
1785067200,0.17435,0.17576,0.17325,0.17555,88832.0
1785081600,0.17546,0.1763,0.17498,0.17525,91764.0
1785096000,0.17527,0.17749,0.1749,0.17749,90293.0
1785110400,0.17728,0.17957,0.17543,0.17896,119369.0
1785124800,0.17899,0.17933,0.17454,0.17467,184163.0
1785139200,0.17473,0.17569,0.17196,0.17569,223988.0
1785153600,0.17564,0.17752,0.1695,0.17457,201081.0
1785168000,0.17465,0.18386,0.17332,0.17928,400952.0
1785182400,0.17953,0.18331,0.17733,0.1807,262420.0
1785196800,0.18088,0.18396,0.17311,0.18223,610182.0
1785211200,0.1823,0.18503,0.17151,0.17205,326985.0
1785225600,0.17218,0.17523,0.17026,0.17254,316066.0
1785240000,0.17237,0.1737,0.1686,0.171,282955.0
1785254400,0.1711,0.17197,0.1689,0.16938,150687.0
1785268800,0.16951,0.16956,0.16151,0.16364,344540.0
1785283200,0.16331,0.16452,0.15063,0.15135,563841.0
1785297600,0.15121,0.1529,0.14987,0.15163,670434.0
1785312000,0.15166,0.15195,0.14704,0.14705,680597.0
1785326400,0.14726,0.15121,0.14448,0.14527,630096.0
1785340800,0.14525,0.14942,0.14513,0.14598,353596.0
1785355200,0.14593,0.14841,0.14326,0.14811,337123.0
1785369600,0.14811,0.14996,0.14512,0.14571,275219.0
1785384000,0.14563,0.14741,0.14314,0.14608,516940.0
1785398400,0.14612,0.15141,0.14492,0.14613,651191.0
1785412800,0.14602,0.14766,0.14588,0.14592,218342.0
1785427200,0.14597,0.14597,0.14361,0.14461,229818.0
1785441600,0.14449,0.14803,0.14449,0.14679,232346.0
1785456000,0.14663,0.15043,0.14548,0.14953,236554.0
1785470400,0.14936,0.1523,0.14707,0.15041,387502.0
1785484800,0.15036,0.15036,0.14646,0.14646,258386.0
1785499200,0.14636,0.14739,0.14106,0.14205,264667.0
1785513600,0.14212,0.14344,0.14179,0.14223,125295.0
1785528000,0.14216,0.14308,0.14144,0.14239,102021.0
1785542400,0.14258,0.14345,0.14213,0.14308,81612.0
1785556800,0.1432,0.14506,0.1429,0.1434,236023.0
1785571200,0.14341,0.1451,0.14247,0.14415,162419.0
1785585600,0.14426,0.14825,0.14422,0.14572,126228.0
1785600000,0.14561,0.14983,0.14542,0.1492,245242.0
1785614400,0.14918,0.14918,0.14601,0.14656,98970.0
1785628800,0.14662,0.14836,0.14424,0.14665,215458.0
1785643200,0.14667,0.14679,0.1442,0.14441,147861.0
1785657600,0.14431,0.14435,0.14234,0.14248,116986.0
1785672000,0.14242,0.14284,0.1413,0.14188,100269.0
1785686400,0.14193,0.14256,0.14114,0.14182,347892.0
1785700800,0.14182,0.14242,0.1408,0.14112,232759.0
1785715200,0.14126,0.14133,0.13668,0.1397,464721.0
1785729600,0.13946,0.14056,0.13744,0.13772,224352.0
1785744000,0.13755,0.14008,0.13658,0.13945,344198.0
1785758400,0.13949,0.14092,0.1382,0.14074,115070.0
1785772800,0.14036,0.14129,0.13903,0.1392,106254.0
1785787200,0.13937,0.13977,0.13846,0.13863,156792.0
1785801600,0.1384,0.14052,0.13725,0.13931,165215.0
1785816000,0.13923,0.1427,0.13915,0.14191,128299.0
1785830400,0.14189,0.14565,0.14082,0.14168,174447.0
1785844800,0.14176,0.14223,0.13949,0.14089,163118.0
1785859200,0.14099,0.14144,0.13988,0.14002,89569.0
1785873600,0.13989,0.14296,0.13946,0.14082,244908.0
1785888000,0.14081,0.14141,0.14,0.14039,194242.0
1785902400,0.14039,0.14142,0.13848,0.13965,322629.0
1785916800,0.13964,0.14034,0.13918,0.14032,113321.0
1785931200,0.14012,0.14116,0.13907,0.13994,234237.0
1785945600,0.13994,0.14064,0.13822,0.13855,115966.0
1785960000,0.13844,0.13923,0.13803,0.13883,143961.0
1785974400,0.13884,0.14016,0.13788,0.13934,125665.0
1785988800,0.13934,0.1432,0.13934,0.14279,182300.0
1786003200,0.14271,0.14475,0.14213,0.1437,171783.0
1786017600,0.14376,0.14503,0.14217,0.14435,260573.0
1786032000,0.14462,0.14575,0.14375,0.14444,130693.0
1786046400,0.14436,0.14468,0.14209,0.14363,78566.0
1786060800,0.14349,0.14613,0.14203,0.14231,260193.0
1786075200,0.14234,0.14332,0.14129,0.1422,133208.0
1786089600,0.14199,0.14241,0.14127,0.14157,116218.0
1786104000,0.14157,0.14333,0.14145,0.14313,154996.0
1786118400,0.14344,0.14488,0.1432,0.14459,204797.0
1786132800,0.14459,0.14493,0.14298,0.14421,170748.0
1786147200,0.14423,0.15076,0.14421,0.15,447011.0
1786161600,0.1507,0.15572,0.14887,0.15365,441582.0
1786176000,0.154,0.15854,0.15139,0.15626,647673.0
1786190400,0.15619,0.15955,0.15038,0.15229,421574.0
1786204800,0.15243,0.15333,0.15082,0.15111,180371.0
1786219200,0.15109,0.15209,0.1494,0.15032,141588.0
1786233600,0.15038,0.15628,0.14866,0.1536,563638.0
1786248000,0.1537,0.1556,0.1507,0.15104,379301.0
1786262400,0.15102,0.15102,0.14865,0.15007,183786.0
1786276800,0.14971,0.15074,0.14934,0.15036,107781.0
1786291200,0.1503,0.15171,0.14949,0.15058,166563.0
1786305600,0.15043,0.1526,0.14677,0.14713,133588.0
1786320000,0.14732,0.15446,0.14726,0.153,324384.0
1786334400,0.15345,0.15529,0.15232,0.15263,230130.0
1786348800,0.15261,0.1556,0.15186,0.15497,181961.0
1786363200,0.15507,0.15774,0.15339,0.156,271349.0
1786377600,0.15615,0.15689,0.15415,0.15424,280536.0
1786392000,0.1542,0.15515,0.15188,0.15289,241033.0
1786406400,0.15291,0.16268,0.15162,0.16145,613971.0
1786420800,0.16126,0.16529,0.16029,0.16181,598399.0
1786435200,0.16176,0.1663,0.15883,0.16472,568608.0
1786449600,0.16476,0.16819,0.1578,0.15875,760155.0
1786464000,0.15858,0.16244,0.15817,0.16213,183691.0
1786478400,0.16212,0.16217,0.15703,0.15879,198938.0
1786492800,0.1584,0.16246,0.15637,0.15987,442861.0
1786507200,0.15962,0.16236,0.15572,0.15641,222976.0
1786521600,0.15616,0.1572,0.15544,0.15633,160641.0
1786536000,0.15637,0.15988,0.15581,0.15934,272197.0
1786550400,0.15954,0.16194,0.15857,0.15939,277750.0
1786564800,0.15938,0.15982,0.1558,0.15653,167753.0
1786579200,0.15637,0.15872,0.15589,0.15752,106027.0
1786593600,0.15756,0.15756,0.15584,0.15695,86025.0
1786608000,0.15754,0.16194,0.15707,0.16138,375211.0
1786622400,0.1614,0.16357,0.16101,0.16208,153862.0
1786636800,0.16204,0.16409,0.15999,0.1634,148440.0
1786651200,0.16341,0.16386,0.16203,0.16256,125618.0
1786665600,0.16255,0.16618,0.16052,0.16111,120052.0
1786680000,0.1611,0.16203,0.15852,0.15895,107068.0
1786694400,0.15891,0.16122,0.15648,0.15709,128414.0
1786708800,0.15713,0.15777,0.15583,0.15772,78377.0
1786723200,0.15762,0.16036,0.15754,0.15995,68128.0
1786737600,0.15996,0.16281,0.15996,0.16183,52705.0
1786752000,0.16183,0.16445,0.16038,0.1607,173617.0
1786766400,0.16077,0.1647,0.15912,0.16422,151981.0
1786780800,0.16418,0.16882,0.16363,0.16776,258653.0
1786795200,0.16764,0.16974,0.1665,0.16808,210539.0
1786809600,0.16814,0.16815,0.16403,0.16479,82288.0
1786824000,0.16477,0.16594,0.16382,0.16492,129393.0
1786838400,0.1648,0.16749,0.16176,0.16264,271447.0
1786852800,0.16277,0.16332,0.16075,0.16221,137597.0
1786867200,0.16212,0.16261,0.15962,0.16086,143216.0
1786881600,0.16072,0.16094,0.15932,0.15949,56752.0
1786896000,0.15942,0.15976,0.15738,0.15743,167545.0
1786910400,0.1574,0.15764,0.15548,0.15601,160077.0
1786924800,0.15611,0.15829,0.15577,0.15753,110102.0
1786939200,0.15754,0.15993,0.15644,0.15694,147095.0
1786953600,0.15694,0.15835,0.15592,0.15778,128008.0
1786968000,0.15768,0.15828,0.15275,0.15556,270960.0
1786982400,0.15541,0.1556,0.15323,0.15336,84339.0
1786996800,0.1533,0.15332,0.14159,0.14357,246603.0
1787011200,0.14378,0.14873,0.14366,0.14569,294913.0
1787025600,0.14557,0.15219,0.14557,0.14743,178822.0
1787040000,0.14728,0.14743,0.14579,0.147,158606.0
1787054400,0.14724,0.14762,0.14454,0.14705,166959.0
1787068800,0.14699,0.14723,0.14404,0.14406,166038.0
1787083200,0.14423,0.14439,0.14091,0.14149,131352.0
1787097600,0.14146,0.14377,0.14062,0.14201,119185.0
1787112000,0.14169,0.14253,0.13637,0.13834,385446.0
1787126400,0.13831,0.14013,0.13819,0.13963,95694.0
1787140800,0.13956,0.14733,0.13927,0.14655,313179.0
1787155200,0.14652,0.15091,0.14652,0.14856,146443.0
1787169600,0.14865,0.15476,0.14798,0.15166,391189.0
1787184000,0.15176,0.15342,0.15061,0.15235,161527.0
1787198400,0.15234,0.15238,0.14865,0.14876,95730.0
1787212800,0.14886,0.15549,0.14868,0.15421,142897.0
1787227200,0.15423,0.15765,0.15129,0.15622,194796.0
1787241600,0.15619,0.15732,0.15411,0.15531,245107.0
1787256000,0.15527,0.16049,0.15519,0.16048,184481.0
1787270400,0.16067,0.16533,0.15848,0.16383,226619.0
1787284800,0.16403,0.16748,0.16195,0.16723,184547.0
1787299200,0.16763,0.17281,0.1673,0.1713,203806.0
1787313600,0.17165,0.17737,0.17152,0.17388,138770.0
1787328000,0.17392,0.17733,0.17155,0.17294,67771.0
1787342400,0.17289,0.17699,0.1724,0.17396,120387.0
1787356800,0.17389,0.1825,0.17289,0.18053,197483.0
1787371200,0.18055,0.18663,0.14265,0.16892,964493.0
1787385600,0.16907,0.17055,0.16161,0.16528,281382.0
1787400000,0.1654,0.16644,0.16202,0.16229,272471.0
1787414400,0.16216,0.16475,0.16186,0.16372,66750.0
1787428800,0.16372,0.1644,0.15792,0.16003,85315.0
1787443200,0.16013,0.16275,0.15441,0.15483,135992.0
1787457600,0.15482,0.15542,0.15126,0.15495,311332.0
1787472000,0.15507,0.16031,0.15488,0.1599,73619.0
1787486400,0.15996,0.16548,0.15969,0.16461,360269.0
1787500800,0.16467,0.17155,0.1645,0.16881,142924.0
1787515200,0.16865,0.17279,0.16713,0.16791,73819.0
1787529600,0.16781,0.16816,0.16008,0.16138,183383.0
1787544000,0.16169,0.16278,0.15992,0.16042,55640.0
1787558400,0.16032,0.16523,0.15938,0.16429,95180.0
1787572800,0.16422,0.16841,0.16179,0.16514,160304.0
1787587200,0.16533,0.16758,0.16331,0.16559,87948.0
1787601600,0.16547,0.16743,0.16305,0.16585,116661.0
1787616000,0.16561,0.16841,0.16469,0.16759,176984.0
1787630400,0.1674,0.1696,0.16363,0.1648,178025.0
1787644800,0.16486,0.16803,0.16054,0.1606,178431.0
1787659200,0.1606,0.16125,0.15852,0.16125,129348.0
1787673600,0.16126,0.1619,0.15959,0.16008,78289.0
1787688000,0.16008,0.16011,0.15543,0.15807,108610.0
1787702400,0.15801,0.16166,0.1565,0.16088,324656.0
1787716800,0.16089,0.16321,0.15894,0.15902,324416.0
1787731200,0.1589,0.15993,0.15602,0.15704,167656.0
1787745600,0.15702,0.15807,0.15376,0.15471,116813.0
1787760000,0.15498,0.15662,0.15346,0.1562,97290.0
1787774400,0.15607,0.16136,0.15409,0.16101,431147.0
1787788800,0.16086,0.16232,0.15801,0.1599,538177.0
1787803200,0.1599,0.16021,0.1573,0.15918,179862.0
1787817600,0.1591,0.16272,0.15907,0.16212,201727.0
1787832000,0.16225,0.1641,0.16118,0.16373,106644.0
1787846400,0.16366,0.16407,0.16005,0.1606,67484.0
1787860800,0.1607,0.16241,0.16034,0.16175,65277.0
1787875200,0.16162,0.16343,0.15794,0.16052,105695.0
1787889600,0.16038,0.16049,0.15776,0.15967,292452.0
1787904000,0.15981,0.16021,0.15767,0.15996,68634.0
1787918400,0.15961,0.1614,0.1567,0.15748,161911.0
1787932800,0.15752,0.1595,0.15156,0.15877,152745.0
1787947200,0.15903,0.16513,0.15884,0.16488,158044.0
1787961600,0.16524,0.16927,0.16233,0.16252,479083.0
1787976000,0.16268,0.16628,0.16248,0.16344,85524.0
1787990400,0.16333,0.16355,0.1603,0.16064,185148.0
1788004800,0.16064,0.16207,0.15953,0.16176,69578.0
1788019200,0.16192,0.16192,0.15879,0.16027,333179.0
1788033600,0.15999,0.16053,0.159,0.1597,75789.0
1788048000,0.15962,0.16322,0.15935,0.16142,114109.0
1788062400,0.16141,0.16219,0.16002,0.16219,107432.0
1788076800,0.16235,0.16588,0.16133,0.16583,117498.0
1788091200,0.16572,0.17296,0.16361,0.1639,387848.0
1788105600,0.16414,0.16794,0.16411,0.16717,68708.0
1788120000,0.16726,0.17083,0.16192,0.16436,334501.0
1788134400,0.16417,0.18842,0.16417,0.18616,878406.0
1788148800,0.18527,0.20243,0.17959,0.18526,1625840.0
1788163200,0.18502,0.23395,0.18285,0.22468,3430322.0
1788177600,0.2247,0.22488,0.20105,0.20533,2547391.0
1788192000,0.20573,0.24231,0.20396,0.21589,2854900.0
1788206400,0.21568,0.23393,0.21343,0.22453,2070509.0
1788220800,0.22517,0.2578,0.21925,0.23584,3195953.0
1788235200,0.2359,0.24934,0.23107,0.24322,3225650.0
1788249600,0.242,0.24621,0.21006,0.21361,3945118.0
1788264000,0.21282,0.21323,0.20167,0.20315,1311045.0
1788278400,0.20317,0.20506,0.1918,0.19492,748368.0
1788292800,0.19506,0.19793,0.19365,0.197,235729.0
1788307200,0.19628,0.20001,0.18349,0.18645,727076.0
1788321600,0.18645,0.18994,0.18324,0.1882,412599.0
1788336000,0.18807,0.19358,0.18016,0.18178,1135439.0
1788350400,0.18135,0.18409,0.17911,0.18354,2007874.0
1788364800,0.18365,0.18892,0.18274,0.18544,276232.0
1788379200,0.18576,0.18604,0.18033,0.18532,179118.0
1788393600,0.18456,0.18751,0.17942,0.18735,337678.0
1788408000,0.18718,0.1884,0.18274,0.18365,590575.0
1788422400,0.18373,0.188,0.17994,0.18526,871313.0
1788436800,0.1849,0.18553,0.18089,0.18528,372336.0
1788451200,0.18492,0.19484,0.18314,0.19188,640429.0
1788465600,0.19175,0.1926,0.18646,0.19196,841343.0
1788480000,0.1923,0.19299,0.184,0.18694,215587.0
1788494400,0.18674,0.19174,0.18513,0.19089,191534.0
1788508800,0.19088,0.19259,0.18634,0.18893,175255.0
1788523200,0.18859,0.19957,0.18331,0.1992,334198.0
1788537600,0.19905,0.20899,0.19615,0.19704,536950.0
1788552000,0.197,0.19726,0.19021,0.19574,549933.0
1788566400,0.19593,0.19821,0.19084,0.19271,593169.0
1788580800,0.1929,0.19525,0.19149,0.19428,89528.0
1788595200,0.1943,0.19858,0.19421,0.19464,182309.0
1788609600,0.19471,0.20105,0.19467,0.19608,196764.0
1788624000,0.19588,0.20249,0.1934,0.20052,148768.0
1788638400,0.20059,0.20065,0.19576,0.19753,184690.0
1788652800,0.19765,0.20067,0.19421,0.19558,149275.0
1788667200,0.19558,0.19587,0.19308,0.19575,68936.0
1788681600,0.19563,0.2009,0.19478,0.2006,72834.0
1788696000,0.20036,0.20036,0.1934,0.19552,151323.0
1788710400,0.19545,0.1997,0.19516,0.19715,47965.0
1788724800,0.1973,0.19929,0.19718,0.19881,105354.0
1788739200,0.19895,0.19929,0.18995,0.19206,262862.0
1788753600,0.19188,0.19347,0.19026,0.19141,160263.0
1788768000,0.19129,0.19557,0.19129,0.19329,131140.0
1788782400,0.1933,0.1968,0.19098,0.19214,120387.0
1788796800,0.19199,0.1972,0.19199,0.19495,53155.0
1788811200,0.19505,0.19595,0.19185,0.19352,93154.0
1788825600,0.1935,0.19768,0.19118,0.19145,269081.0
1788840000,0.19135,0.19578,0.18369,0.19354,419967.0
1788854400,0.19354,0.20042,0.19273,0.19932,123519.0
1788868800,0.19891,0.20508,0.19493,0.2036,1327374.0
1788883200,0.20364,0.20364,0.19808,0.19871,185633.0
1788897600,0.19898,0.20199,0.19896,0.20087,143043.0
1788912000,0.20087,0.2037,0.19609,0.20059,233057.0
1788926400,0.20053,0.20268,0.19871,0.19942,103339.0
1788940800,0.19943,0.20095,0.19725,0.20046,105146.0
1788955200,0.20043,0.20371,0.19745,0.19962,107433.0
1788969600,0.19965,0.20364,0.19923,0.19993,61603.0
1788984000,0.19955,0.20044,0.18341,0.19229,368548.0
1788998400,0.19231,0.19318,0.18341,0.18869,840415.0
1789012800,0.18882,0.19176,0.18694,0.18894,511016.0
1789027200,0.18888,0.18935,0.18506,0.18609,69931.0
1789041600,0.18639,0.1868,0.18257,0.18469,203472.0
1789056000,0.18408,0.18759,0.18082,0.18578,66224.0
1789070400,0.1858,0.18703,0.18061,0.18108,131067.0
1789084800,0.18102,0.18633,0.18102,0.18583,84767.0
1789099200,0.18595,0.19398,0.18486,0.1927,175492.0
1789113600,0.19257,0.19881,0.18904,0.19841,354400.0
1789128000,0.19785,0.19816,0.18865,0.19379,254704.0
1789142400,0.19391,0.19657,0.19064,0.19341,74437.0
1789156800,0.19325,0.19532,0.19121,0.19521,79986.0
1789171200,0.19515,0.19648,0.19117,0.1915,178618.0
1789185600,0.1914,0.19141,0.18968,0.19065,48116.0
1789200000,0.19079,0.19235,0.18949,0.19181,52325.0
1789214400,0.19183,0.19505,0.1917,0.1935,52938.0
1789228800,0.19349,0.19914,0.19349,0.1964,59221.0
1789243200,0.19649,0.19836,0.19535,0.19693,60716.0
1789257600,0.19696,0.19717,0.19214,0.19698,158306.0
1789272000,0.19632,0.2007,0.19586,0.20025,78415.0
1789286400,0.20058,0.2043,0.19713,0.20408,254087.0
1789300800,0.20402,0.20982,0.20219,0.2075,309708.0
1789315200,0.20712,0.20938,0.20154,0.204,177933.0
1789329600,0.2041,0.2041,0.19466,0.19759,176759.0
1789344000,0.19748,0.20096,0.19387,0.19835,115122.0
1789358400,0.19843,0.20012,0.19672,0.19724,69166.0
1789372800,0.19695,0.20238,0.19522,0.2,112081.0
1789387200,0.20031,0.20184,0.1965,0.19716,86920.0
1789401600,0.19719,0.20084,0.19648,0.19959,125494.0
1789416000,0.19961,0.20202,0.19743,0.19828,203979.0
1789430400,0.19827,0.19959,0.191,0.1913,284218.0
1789444800,0.19121,0.19889,0.19082,0.19426,192592.0
1789459200,0.19417,0.19417,0.18763,0.18941,187990.0
1789473600,0.18947,0.19205,0.18413,0.18974,213494.0
1789488000,0.18967,0.19345,0.18284,0.18872,306141.0
1789502400,0.18874,0.18913,0.1835,0.1871,104845.0
1789516800,0.18711,0.19015,0.18677,0.18721,263564.0
1789531200,0.18719,0.18749,0.18294,0.18294,138209.0
1789545600,0.18286,0.18574,0.18193,0.18563,90161.0
1789560000,0.18553,0.1859,0.18309,0.18438,89638.0
1789574400,0.18444,0.19105,0.18266,0.18531,1551971.0
1789588800,0.18546,0.19108,0.18528,0.18965,155965.0
1789603200,0.18968,0.19471,0.18932,0.19373,291634.0
1789617600,0.19376,0.19851,0.19233,0.1984,135405.0
1789632000,0.19848,0.21933,0.19697,0.19805,1674641.0
1789646400,0.19857,0.20713,0.19823,0.20554,392365.0
1789660800,0.20578,0.20663,0.20159,0.20231,223200.0
1789675200,0.20287,0.20737,0.20238,0.20704,131871.0
1789689600,0.20714,0.21099,0.20283,0.20962,175577.0
1789704000,0.20982,0.21055,0.20461,0.20856,170234.0
1789718400,0.20858,0.21329,0.20614,0.21169,136432.0
1789732800,0.21136,0.21686,0.20978,0.21353,828398.0
1789747200,0.2135,0.21787,0.2132,0.21551,203668.0
1789761600,0.21546,0.21777,0.21441,0.21717,175678.0
1789776000,0.21711,0.22818,0.21151,0.21583,632006.0
1789790400,0.21572,0.21675,0.20955,0.21408,307164.0
1789804800,0.21388,0.21915,0.21316,0.21908,208758.0
1789819200,0.21882,0.23138,0.21842,0.22768,631573.0
1789833600,0.22784,0.23301,0.22556,0.22765,388578.0
1789848000,0.22774,0.22994,0.22619,0.22876,396449.0
1789862400,0.2287,0.23802,0.21779,0.22407,1172297.0
1789876800,0.22412,0.22772,0.21513,0.21533,699698.0
1789891200,0.21529,0.21815,0.21055,0.21436,1003428.0
1789905600,0.21432,0.22028,0.21167,0.22028,326898.0
1789920000,0.22042,0.22558,0.21957,0.22294,284870.0
1789934400,0.22286,0.2268,0.22181,0.22534,307023.0
1789948800,0.22532,0.22966,0.21568,0.22175,453369.0
1789963200,0.22158,0.22862,0.22139,0.22862,398242.0
1789977600,0.22836,0.23569,0.22773,0.23258,469599.0
1789992000,0.23249,0.23487,0.22909,0.2322,342976.0
1790006400,0.23205,0.2343,0.22739,0.23108,223861.0
1790020800,0.23143,0.23481,0.22797,0.23475,299729.0
1790035200,0.23437,0.23765,0.2299,0.23563,408791.0
1790049600,0.23565,0.23972,0.23104,0.23627,135161.0
1790064000,0.23628,0.24031,0.2268,0.23056,469722.0
1790078400,0.23058,0.23786,0.22975,0.23612,279545.0
1790092800,0.23586,0.24236,0.23472,0.23974,141910.0
1790107200,0.2398,0.24737,0.23876,0.24515,236358.0
1790121600,0.2457,0.25196,0.23988,0.2488,242104.0
1790136000,0.24854,0.26065,0.24733,0.25942,253473.0
1790150400,0.26021,0.27237,0.25767,0.26723,270455.0
1790164800,0.26696,0.26716,0.24686,0.24982,736483.0
1790179200,0.25013,0.25522,0.24487,0.24621,273847.0
1790193600,0.24651,0.25051,0.24289,0.24623,362846.0
1790208000,0.24613,0.25496,0.24162,0.25312,520157.0
1790222400,0.25331,0.26022,0.25149,0.25455,140121.0
1790236800,0.25501,0.25629,0.24352,0.24776,146286.0
1790251200,0.24814,0.25677,0.24593,0.25372,217719.0
1790265600,0.25356,0.25739,0.25031,0.25625,201262.0
1790280000,0.25568,0.26014,0.25401,0.25684,121619.0
1790294400,0.25692,0.26077,0.24878,0.24945,241501.0
1790308800,0.24969,0.2542,0.24831,0.25401,47804.0
1790323200,0.25394,0.25993,0.25111,0.25488,57965.0
1790337600,0.25482,0.25613,0.24809,0.25225,114420.0
1790352000,0.25247,0.25912,0.25229,0.25645,225503.0
1790366400,0.25683,0.26255,0.25599,0.26039,643737.0
1790380800,0.26039,0.26736,0.2551,0.26616,364801.0
1790395200,0.2659,0.26835,0.25918,0.26363,82746.0
1790409600,0.26346,0.26842,0.26087,0.26551,182367.0
1790424000,0.26552,0.28009,0.26061,0.26932,3671195.0
1790438400,0.26909,0.27099,0.25666,0.26235,1564798.0
1790452800,0.26233,0.26502,0.25699,0.26341,547711.0
1790467200,0.26344,0.26552,0.25713,0.25781,386767.0
1790481600,0.25765,0.2629,0.25493,0.26195,491704.0
1790496000,0.26237,0.26375,0.2579,0.26282,814319.0
1790510400,0.26308,0.26737,0.25863,0.2658,1949841.0
1790524800,0.26577,0.27036,0.26405,0.26708,567755.0
1790539200,0.26716,0.26791,0.25841,0.26217,488755.0
1790553600,0.26185,0.26541,0.25101,0.25433,525034.0
1790568000,0.25455,0.26319,0.25262,0.25525,1130033.0
1790582400,0.25617,0.26007,0.24781,0.25119,1230724.0
1790596800,0.25121,0.25487,0.23901,0.24684,352524.0
1790611200,0.24694,0.26671,0.24655,0.25884,456173.0
1790625600,0.25898,0.29858,0.25884,0.28978,3302132.0
1790640000,0.28975,0.31671,0.27487,0.2891,2738984.0
1790654400,0.28882,0.31289,0.28697,0.2877,1006069.0
1790668800,0.28729,0.32919,0.28624,0.32621,3173604.0
1790683200,0.32654,0.36,0.3261,0.34598,4352559.0
1790697600,0.34573,0.34573,0.32315,0.32644,2146970.0
1790712000,0.32702,0.33435,0.32485,0.32799,1324638.0
1790726400,0.32808,0.34882,0.31391,0.32983,1072600.0
1790740800,0.32965,0.36489,0.32887,0.34275,1930300.0
1790755200,0.3429,0.34679,0.33228,0.33605,1489191.0
1790769600,0.33637,0.33936,0.31224,0.31439,1635694.0
1790784000,0.31437,0.32303,0.31374,0.31659,1015280.0
1790798400,0.31667,0.31715,0.3111,0.31133,573882.0
1790812800,0.3114,0.31383,0.2982,0.30732,817503.0
1790827200,0.3076,0.30965,0.30137,0.30653,641205.0
1790841600,0.30701,0.31568,0.28896,0.29807,5289327.0
1790856000,0.29757,0.3,0.29019,0.29805,794609.0
1790870400,0.29825,0.30471,0.29623,0.29944,284350.0
1790884800,0.29946,0.30052,0.29411,0.29598,198380.0
1790899200,0.29576,0.30285,0.29576,0.29785,357211.0
1790913600,0.29755,0.30315,0.29524,0.29824,500553.0
1790928000,0.2985,0.30416,0.29729,0.30215,303933.0
1790942400,0.30227,0.31031,0.2994,0.30408,1875653.0
1790956800,0.30421,0.30763,0.28733,0.29184,883527.0
1790971200,0.29203,0.30339,0.29203,0.30322,395807.0
1790985600,0.30299,0.30344,0.29643,0.29904,794627.0
1791000000,0.2991,0.30162,0.29742,0.30009,130583.0
1791014400,0.30013,0.30232,0.29608,0.30232,130847.0
1791028800,0.30205,0.30357,0.29804,0.29892,184280.0
1791043200,0.29888,0.29888,0.29493,0.29688,121890.0
1791057600,0.29715,0.30132,0.29698,0.30078,68885.0
1791072000,0.29998,0.30046,0.29389,0.29391,75056.0
1791086400,0.29365,0.29701,0.29364,0.29468,65062.0
1791100800,0.2949,0.29492,0.29298,0.2935,18015.0
