t,o,h,l,c,v
1719100800,6.369,6.37,6.2569,6.2569,16.77
1719115200,6.3862,6.4129,6.2932,6.4129,13.07
1719129600,6.4129,6.4129,6.3183,6.3183,13.38
1719144000,6.3183,6.3183,6.3183,6.3183,0.0
1719158400,6.31,6.3555,6.2245,6.2585,715.45
1719172800,6.2389,6.3457,6.2245,6.2741,396.85
1719187200,6.3482,6.3841,6.3482,6.3841,7.79
1719201600,6.2792,6.2792,6.2792,6.2792,19.97
1719216000,6.4099,6.6296,6.3,6.3,1247.6
1719230400,6.4,6.4,6.2417,6.319,63.16
1719244800,6.36,6.4,6.242,6.2561,99.78
1719259200,6.3751,6.3751,6.28,6.28,185.19
1719273600,6.28,6.28,6.28,6.28,0.0
1719288000,6.4149,6.415,6.4149,6.415,31.5
1719302400,6.4149,6.4149,6.2915,6.2995,24.39
1719316800,6.2444,6.3856,6.2444,6.3856,42.7
1719331200,6.2862,6.2862,6.2862,6.2862,28.68
1719345600,6.2417,6.3573,6.1121,6.2258,485.14
1719360000,6.2258,6.2258,6.2258,6.2258,0.0
1719374400,6.17,6.2699,6.1525,6.1525,81.71
1719388800,6.1525,6.1525,6.1525,6.1525,0.0
1719403200,6.1315,6.1469,6.0237,6.0237,1772.82
1719417600,6.0494,6.0991,6.0001,6.0991,270.21
1719432000,6.0991,6.0991,6.0991,6.0991,0.0
1719446400,5.983,5.983,5.983,5.983,17.33
1719460800,6.0,6.0,5.8968,5.8982,10.92
1719475200,5.8982,5.8982,5.8982,5.8982,0.0
1719489600,5.99,5.9901,5.8436,5.858,943.4
1719504000,5.7718,5.9208,5.7718,5.9068,108.85
1719518400,5.9068,5.9068,5.9068,5.9068,0.0
1719532800,5.9068,5.9068,5.9068,5.9068,0.0
1719547200,5.8179,5.9845,5.8174,5.8513,383.01
1719561600,5.9,5.9,5.7694,5.7694,67.07
1719576000,5.7612,5.8,5.7212,5.7712,641.38
1719590400,5.8214,5.8952,5.5082,5.575,3074.92
1719604800,5.5751,5.6267,5.498,5.6154,76.58
1719619200,5.6154,5.6154,5.6154,5.6154,0.0
1719633600,5.5639,5.5639,5.3404,5.4458,532.87
1719648000,5.3601,5.4321,5.2747,5.3699,419.92
1719662400,5.3832,5.3833,5.2747,5.2884,247.73
1719676800,5.3276,5.3276,5.3276,5.3276,9.38
1719691200,5.2748,5.4491,5.2748,5.3455,101.59
1719705600,5.3364,5.3985,5.2455,5.2506,202.56
1719720000,5.25,5.3718,5.0811,5.0811,2011.43
1719734400,5.0727,5.1425,4.5117,4.7034,8217.3
1719748800,4.66,5.0414,4.6267,4.9661,3421.05
1719763200,4.9593,5.2368,4.9593,5.2368,1591.86
1719777600,5.271,6.26,5.202,6.0043,12779.52
1719792000,5.8851,5.9962,5.3941,5.5699,4429.97
1719806400,5.5052,5.5699,5.4646,5.5699,616.94
1719820800,5.5699,5.5699,5.4802,5.4802,12.12
1719835200,5.4117,5.5377,5.4117,5.5081,92.39
1719849600,5.5081,5.5081,5.4118,5.4937,15.63
1719864000,5.4937,5.4937,5.4937,5.4937,0.0
1719878400,5.4937,5.4937,5.4937,5.4937,3.0
1719892800,5.371,5.4341,5.2131,5.4341,2371.83
1719907200,5.4459,5.4459,5.2645,5.2645,61.83
1719921600,5.3331,5.3331,5.228,5.2949,183.25
1719936000,5.2949,5.3388,5.214,5.3388,739.93
1719950400,5.2581,5.4217,5.2556,5.4217,1164.17
1719964800,5.3311,5.3901,5.2653,5.2653,296.94
1719979200,5.256,5.3756,5.256,5.256,215.78
1719993600,5.3206,5.5037,5.2848,5.4172,366.43
1720008000,5.4,5.5166,5.3342,5.3874,566.72
1720022400,5.341,5.4383,5.341,5.4158,80.31
1720036800,5.341,5.341,5.0779,5.2691,1406.56
1720051200,5.215,5.3209,5.215,5.303,91.5
1720065600,5.303,5.3267,5.1676,5.1742,717.32
1720080000,5.1747,5.2317,5.1207,5.1508,1351.03
1720094400,5.079,5.1115,5.01,5.01,1162.32
1720108800,5.1291,5.3229,4.9721,4.9721,5268.47
1720123200,5.1599,5.2314,5.0838,5.2314,198.51
1720137600,5.1197,5.15,5.064,5.0758,284.95
1720152000,5.1339,5.134,4.72,4.72,752.89
1720166400,4.721,5.2241,4.72,5.033,5243.99
1720180800,5.1322,5.196,4.9827,4.9827,1699.98
1720195200,4.9827,4.9827,4.9827,4.9827,0.0
1720209600,5.0324,5.1529,5.0167,5.0167,215.8
1720224000,5.1065,5.117,4.8775,4.8775,242.68
1720238400,4.9498,4.9499,4.8576,4.8576,101.66
1720252800,4.831,4.9498,4.831,4.9498,9.65
1720267200,4.9474,5.0745,4.831,4.831,3845.33
1720281600,4.8248,4.963,4.8248,4.8798,443.83
1720296000,4.9335,4.9336,4.7272,4.7272,355.33
1720310400,4.7,4.8094,4.7,4.8094,1739.86
1720324800,4.7574,4.7574,4.7574,4.7574,9.7
1720339200,4.8164,4.8164,4.5,4.5,4759.36
1720353600,4.4991,4.5,4.4014,4.4014,2996.98
1720368000,4.3438,4.48,4.3334,4.4093,1352.52
1720382400,4.4598,4.4598,4.3404,4.386,71.19
1720396800,4.4228,4.4339,4.3262,4.3262,190.47
1720411200,4.3262,4.3944,3.7209,3.9717,16670.79
1720425600,3.986,4.1653,3.9841,4.1653,6892.44
1720440000,4.1894,4.2747,4.1401,4.2,3817.79
1720454400,4.2249,4.2499,4.1068,4.1068,302.25
1720468800,4.1599,4.2614,4.0378,4.1236,2005.6
1720483200,4.0349,4.1183,4.0349,4.1016,639.8
1720497600,4.1499,4.1499,4.0275,4.0275,225.5
1720512000,4.0839,4.11,4.005,4.11,552.77
1720526400,4.15,4.1866,4.1294,4.1866,783.78
1720540800,4.2159,4.2399,4.1421,4.1864,193.32
1720555200,4.2399,4.3123,4.1864,4.2013,424.72
1720569600,4.2013,4.2013,4.2013,4.2013,0.0
1720584000,4.2806,4.5,4.2778,4.5,2282.63
1720598400,4.4604,4.4661,4.2833,4.2833,680.76
1720612800,4.3333,4.3547,4.2735,4.3193,505.75
1720627200,4.2821,4.2821,4.2821,4.2821,129.35
1720641600,4.2392,4.3319,4.2392,4.3237,71.56
1720656000,4.2776,4.326,4.1623,4.1623,1088.23
1720670400,4.2337,4.2337,4.184,4.2086,12.19
1720684800,4.2086,4.2087,4.1501,4.2086,371.06
1720699200,4.2086,4.2338,4.077,4.077,1045.03
1720713600,4.1299,4.1299,4.1254,4.1254,519.19
1720728000,4.076,4.0952,3.913,3.913,2055.39
1720742400,3.9076,3.9977,3.8927,3.8927,448.25
1720756800,3.926,3.9921,3.9,3.978,802.95
1720771200,3.9601,4.0078,3.9,3.9222,930.96
1720785600,3.9908,4.0134,3.9,3.9731,733.24
1720800000,3.9734,4.0238,3.93,3.9845,171.66
1720814400,3.9381,4.0039,3.93,3.93,152.8
1720828800,3.9959,3.9959,3.93,3.93,12.79
1720843200,3.93,4.0421,3.93,3.992,58.76
1720857600,4.0363,4.18,4.0363,4.1025,3582.22
1720872000,4.0619,4.1485,4.0619,4.0675,38.26
1720886400,4.1299,4.2677,4.1299,4.2175,1357.47
1720900800,4.2886,4.2886,4.1807,4.1807,374.2
1720915200,4.1551,4.1551,4.1435,4.1435,304.97
1720929600,4.1197,4.1197,4.1197,4.1197,144.91
1720944000,4.2014,4.9,4.1486,4.7721,7464.76
1720958400,4.9421,5.09,4.4646,4.4646,3246.9
1720972800,4.4011,4.5007,4.1515,4.4021,2638.74
1720987200,4.3318,4.603,4.3318,4.507,585.42
1721001600,4.5525,4.556,4.3246,4.3407,645.22
1721016000,4.3,4.6216,4.3,4.6216,1646.1
1721030400,4.6216,4.7,4.4792,4.6405,1177.04
1721044800,4.5906,4.78,4.5906,4.7799,373.42
1721059200,4.7799,5.0651,4.6674,4.6736,1166.98
1721073600,4.6673,4.6673,4.4213,4.458,845.26
1721088000,4.46,4.76,4.46,4.722,1610.44
1721102400,4.7221,4.7272,4.573,4.6667,127.91
1721116800,4.6783,4.7299,4.6457,4.7299,113.81
1721131200,4.7427,4.7534,4.7427,4.7534,90.53
1721145600,4.8108,4.8799,4.6622,4.7843,255.37
1721160000,4.7695,4.8799,4.75,4.8042,101.84
1721174400,4.8042,4.8042,4.8042,4.8042,0.0
1721188800,4.77,4.88,4.75,4.8177,392.16
1721203200,4.9039,5.289,4.718,4.9888,34528.23
1721217600,5.0519,5.1,4.8285,4.9456,540.47
1721232000,4.9972,5.0538,4.7294,4.8722,876.02
1721246400,4.79,4.8497,4.7,4.8497,164.52
1721260800,4.7,4.8569,4.7,4.7001,132.31
1721275200,4.7001,4.8877,4.7,4.767,572.92
1721289600,4.7318,4.7318,4.5828,4.5895,639.55
1721304000,4.6656,4.6656,4.5885,4.6598,22.46
1721318400,4.7029,4.703,4.7029,4.703,45.45
1721332800,4.703,4.703,4.703,4.703,0.0
1721347200,4.703,4.703,4.703,4.703,0.0
1721361600,4.6388,4.7969,4.5683,4.6206,44500.91
1721376000,4.5556,4.6337,4.5326,4.6337,173.18
1721390400,4.583,4.884,4.4117,4.7441,3553.31
1721404800,4.7478,5.0206,4.63,4.63,752.18
1721419200,4.63,4.7119,4.6261,4.7119,74.28
1721433600,4.7567,4.7568,4.7224,4.7568,46.73
1721448000,4.7567,4.7567,4.6656,4.684,83.74
1721462400,4.7362,4.7362,4.6397,4.6397,66.11
1721476800,4.6201,4.8364,4.62,4.8364,190.31
1721491200,4.7387,4.7387,4.6893,4.6893,208.86
1721505600,4.739,4.7588,4.6309,4.7588,290.44
1721520000,4.7588,4.7588,4.7588,4.7588,0.0
1721534400,4.8088,4.8327,4.7595,4.7595,42.44
1721548800,4.8097,4.8334,4.7781,4.7781,31.95
1721563200,4.84,4.9702,4.723,4.9702,409.12
1721577600,4.8779,4.9223,4.7399,4.8256,351.84
1721592000,4.8355,4.977,4.8355,4.9145,387.13
1721606400,4.9829,4.9829,4.9829,4.9829,6.11
1721620800,4.9012,4.9012,4.9012,4.9012,42.15
1721635200,4.8522,4.9,4.7898,4.7898,2324.94
1721649600,4.75,4.75,4.726,4.726,30.53
1721664000,4.723,4.8024,4.6446,4.728,128.18
1721678400,4.6518,4.7009,4.6518,4.7009,15.63
1721692800,4.741,4.9,4.63,4.7605,2463.6
1721707200,4.8064,4.844,4.4902,4.6902,637.65
1721721600,4.6902,4.6902,4.6902,4.6902,0.0
1721736000,4.7206,4.7751,4.6889,4.6889,133.58
1721750400,4.7299,4.7299,4.4979,4.7004,157.07
1721764800,4.5672,4.5672,4.5672,4.5672,7.12
1721779200,4.5001,4.8345,4.5,4.8205,849.66
1721793600,4.781,4.7953,4.6987,4.7953,728.53
1721808000,4.7394,4.7394,4.7394,4.7394,20.92
1721822400,4.7214,4.9,4.2845,4.5958,2947.21
1721836800,4.684,4.9,4.4742,4.7463,1285.64
1721851200,4.7464,4.7467,4.534,4.5707,475.36
1721865600,4.5701,4.6587,4.5701,4.6587,200.0
1721880000,4.5757,4.679,4.4247,4.679,564.79
1721894400,4.679,4.679,4.679,4.679,0.0
1721908800,4.6298,4.6298,4.4958,4.502,75.63
1721923200,4.5697,4.5697,4.2571,4.4024,1785.75
1721937600,4.3484,4.5151,4.32,4.4662,1380.65
1721952000,4.4662,4.4662,4.4662,4.4662,0.0
1721966400,4.4126,4.5227,4.4126,4.4358,162.03
1721980800,4.4359,4.5527,4.4359,4.5527,44.46
1721995200,4.4065,4.4065,4.1779,4.3844,767.71
1722009600,4.3294,4.5279,4.3286,4.4965,672.95
1722024000,4.5005,4.5005,4.5005,4.5005,35.48
1722038400,4.4669,4.4669,4.4669,4.4669,44.47
1722052800,4.5499,4.55,4.3218,4.3992,547.65
1722067200,4.4269,4.441,4.4269,4.441,71.24
1722081600,4.479,4.55,4.4752,4.508,2852.49
1722096000,4.5499,4.5499,4.4242,4.4242,80.09
1722110400,4.4242,4.4242,4.4242,4.4242,0.0
1722124800,4.3773,4.478,4.3773,4.4401,212.61
1722139200,4.4401,4.4401,4.4401,4.4401,0.0
1722153600,4.4633,4.4633,4.4633,4.4633,2.45
1722168000,4.37,4.55,4.37,4.55,304.51
1722182400,4.5137,4.514,4.4189,4.4189,84.19
1722196800,4.4047,4.4074,4.31,4.4031,883.87
1722211200,4.453,4.453,4.453,4.453,29.49
1722225600,4.3709,4.4791,4.3495,4.4444,272.42
1722240000,4.4444,4.4444,4.4444,4.4444,0.0
1722254400,4.4179,4.4179,4.311,4.3225,435.39
1722268800,4.3944,4.3949,4.311,4.386,350.35
1722283200,4.3219,4.373,4.311,4.3729,95.79
1722297600,4.3729,4.5436,4.3729,4.4499,373.86
1722312000,4.4157,4.4885,4.38,4.38,242.23
1722326400,4.38,4.5087,4.38,4.5087,50.74
1722340800,4.5087,4.5087,4.5087,4.5087,0.0
1722355200,4.5217,4.5217,4.1517,4.4159,916.21
1722369600,4.4584,4.4991,4.4584,4.4991,93.33
1722384000,4.4991,4.4991,4.4991,4.4991,0.0
1722398400,4.5413,4.5414,4.3706,4.4477,201.81
1722412800,4.3942,4.3942,4.3942,4.3942,10.0
1722427200,4.3942,4.3942,4.3942,4.3942,0.0
1722441600,4.3569,4.412,4.21,4.3538,616.71
1722456000,4.3495,4.4297,4.3054,4.3586,187.99
1722470400,4.4081,4.4465,4.2938,4.3583,272.89
1722484800,4.3597,4.55,4.3189,4.4826,997.49
1722499200,4.4826,4.4826,4.4826,4.4826,0.0
1722513600,4.5299,4.55,4.4283,4.4283,152.52
1722528000,4.4,4.4912,4.3932,4.3932,246.98
1722542400,4.4781,4.4799,4.4253,4.4253,14.39
1722556800,4.4759,4.4759,4.3671,4.3671,9.54
1722571200,4.4115,4.48,4.3421,4.4683,207.78
1722585600,4.4183,4.4183,4.4183,4.4183,43.14
1722600000,4.4499,4.4499,4.3779,4.3779,15.26
1722614400,4.4325,4.55,4.1757,4.1757,2073.47
1722628800,4.21,4.3247,4.1757,4.1757,83.31
1722643200,4.2042,4.2187,4.2042,4.2187,97.0
1722657600,4.1669,4.24,4.1,4.1817,1215.5
1722672000,4.24,4.4318,4.1817,4.3719,1065.09
1722686400,4.425,4.425,4.3446,4.3446,16.65
1722700800,4.3157,4.4044,4.3157,4.4044,29.03
1722715200,4.3333,4.4507,4.3333,4.4192,894.41
1722729600,4.4507,4.4507,4.3756,4.3756,97.67
1722744000,4.3383,4.3383,4.3383,4.3383,34.21
1722758400,4.3383,4.3383,4.3383,4.3383,0.0
1722772800,4.2971,4.2971,4.2971,4.2971,2.5
1722787200,4.3399,4.3399,4.1817,4.2432,260.18
1722801600,4.2896,4.3465,4.2896,4.3056,85.74
1722816000,4.3149,4.3723,4.3149,4.3723,226.89
1722830400,4.4199,4.42,3.8303,3.996,2133.45
1722844800,3.9182,4.0083,3.8267,3.8267,1020.71
1722859200,3.8117,4.0376,3.7202,4.0051,963.59
1722873600,3.9454,4.027,3.915,3.9492,321.79
1722888000,4.0092,4.1116,3.9839,4.1116,589.33
1722902400,4.1116,4.1116,4.1116,4.1116,0.0
1722916800,4.1005,4.3577,3.915,4.2677,2507.64
1722931200,4.2676,4.3951,4.219,4.25,383.34
1722945600,4.3497,4.4199,4.2631,4.347,384.77
1722960000,4.3677,4.4415,4.222,4.4415,2354.37
1722974400,4.4414,4.4427,4.209,4.209,857.56
1722988800,4.259,4.2611,4.209,4.2549,483.63
1723003200,4.22,4.2473,3.79,3.95,1708.47
1723017600,3.9902,4.2668,3.9902,4.0792,3099.62
1723032000,4.1225,4.6123,4.1225,4.25,10603.15
1723046400,4.25,4.36,4.2,4.2,3398.7
1723060800,4.21,4.21,4.1529,4.1529,12.14
1723075200,4.1483,4.1689,4.1,4.1572,373.26
1723089600,4.1569,4.1844,4.1,4.159,79.45
1723104000,4.159,4.159,4.159,4.159,0.0
1723118400,4.1799,4.2831,4.0889,4.0889,1348.7
1723132800,4.1399,4.3799,4.1399,4.2,1651.2
1723147200,4.277,4.4634,4.2,4.3352,2360.77
1723161600,4.2822,4.3879,4.2644,4.3879,208.29
1723176000,4.3281,4.3798,4.2,4.2947,354.48
1723190400,4.3697,4.5,4.2865,4.3297,658.44
1723204800,4.3724,4.3727,4.2699,4.2699,114.7
1723219200,4.3005,4.3263,4.2949,4.3263,55.19
1723233600,4.346,4.4999,4.2686,4.4999,672.2
1723248000,4.4999,4.8448,4.3321,4.4566,3616.29
1723262400,4.4586,4.6174,4.3159,4.451,1429.9
1723276800,4.5301,4.5334,4.4461,4.4461,13.94
1723291200,4.402,4.4304,4.2937,4.2937,281.15
1723305600,4.3309,4.3328,4.3136,4.3185,30.84
1723320000,4.2572,4.2572,4.2,4.2,237.67
1723334400,4.16,4.2235,4.16,4.16,182.6
1723348800,4.223,4.2389,4.15,4.204,64.38
1723363200,4.15,4.3476,4.12,4.1989,627.83
1723377600,4.1655,4.242,4.0131,4.242,1263.26
1723392000,4.242,4.242,4.242,4.242,0.0
1723406400,4.242,4.242,4.242,4.242,0.0
1723420800,4.242,4.242,4.242,4.242,0.0
1723435200,4.1448,4.1448,4.1448,4.1448,11.1
1723449600,4.2154,4.25,3.9841,4.0709,998.21
1723464000,4.0709,4.2023,4.0543,4.1036,537.57
1723478400,4.1036,4.1036,4.1036,4.1036,0.0
1723492800,4.0524,4.0524,4.0524,4.0524,20.22
1723507200,4.0524,4.0524,4.01,4.052,1090.0
1723521600,3.9973,3.9973,3.9,3.9001,416.85
1723536000,3.9,3.9757,3.9,3.9708,41.15
1723550400,3.9964,4.0518,3.98,3.98,463.78
1723564800,3.98,4.0243,3.98,3.98,202.59
1723579200,3.98,4.0411,3.98,3.98,120.93
1723593600,3.98,4.0218,3.7215,3.8669,1177.12
1723608000,3.8669,3.8934,3.8599,3.86,42.26
1723622400,3.8854,3.9082,3.8,3.8763,556.44
1723636800,3.8809,3.89,3.6014,3.7512,1688.89
1723651200,3.7399,3.8058,3.5647,3.7901,1375.3
1723665600,3.8376,4.5,3.7146,4.096,9910.98
1723680000,4.1937,4.6193,4.0368,4.0623,3875.27
1723694400,4.1259,4.1341,3.9374,4.0568,780.89
1723708800,4.0247,4.0249,3.8833,3.8833,608.34
1723723200,3.8682,3.9887,3.8682,3.9036,1433.68
1723737600,3.8644,4.0256,3.7446,3.8424,1370.51
1723752000,3.7601,3.8144,3.76,3.76,82.4
1723766400,3.7002,3.7296,3.6876,3.7296,150.33
1723780800,3.7295,3.73,3.7295,3.73,41.22
1723795200,3.7341,3.7373,3.65,3.715,1169.83
1723809600,3.6501,3.8468,3.65,3.77,1851.28
1723824000,3.7629,3.8465,3.75,3.7838,370.11
1723838400,3.7838,3.7838,3.7838,3.7838,0.0
1723852800,3.7701,3.8585,3.7501,3.8585,1241.27
1723867200,3.85,3.9499,3.8455,3.923,248.27
1723881600,3.923,3.923,3.8338,3.9,471.01
1723896000,3.8441,3.8441,3.8441,3.8441,51.5
1723910400,3.9101,3.9102,3.8684,3.8684,54.54
1723924800,3.827,3.827,3.827,3.827,15.67
1723939200,3.8843,3.9374,3.8843,3.9374,256.81
1723953600,3.9374,3.9374,3.9374,3.9374,0.0
1723968000,3.9002,3.9002,3.9,3.9,12.21
1723982400,3.9498,3.9999,3.9286,3.9588,73.26
1723996800,3.9432,4.1862,3.9,4.0959,2409.97
1724011200,4.0115,4.0957,4.0007,4.0251,434.58
1724025600,4.0748,4.0869,4.02,4.02,60.22
1724040000,4.0399,4.0399,3.9224,3.9224,61.36
1724054400,3.9001,3.9463,3.9,3.9,99.12
1724068800,3.9,3.9,3.8285,3.8921,164.34
1724083200,3.9284,3.9751,3.8682,3.8682,142.43
1724097600,3.9271,3.9271,3.86,3.8601,49.0
1724112000,3.9172,3.9535,3.9172,3.9535,30.63
1724126400,3.9718,4.0735,3.9718,4.0,1368.27
1724140800,4.0479,4.0479,4.0,4.0001,68.87
1724155200,4.0001,4.0001,4.0001,4.0001,0.0
1724169600,4.0922,4.0922,4.0899,4.0922,74.4
1724184000,4.0999,4.0999,4.0,4.0001,154.66
1724198400,4.0,4.1187,4.0,4.05,2119.98
1724212800,4.0286,4.0819,3.9629,4.0819,321.37
1724227200,4.0819,4.0819,4.0819,4.0819,0.0
1724241600,4.0481,4.0811,3.98,4.02,33.79
1724256000,3.9717,3.9717,3.9541,3.9541,46.49
1724270400,4.0869,4.0869,4.0869,4.0869,2.72
1724284800,4.05,4.0529,3.9611,4.0293,67.74
1724299200,4.0293,4.0293,4.0293,4.0293,0.0
1724313600,4.05,4.0606,3.9958,3.9958,162.07
1724328000,4.0364,4.095,4.015,4.095,342.96
1724342400,4.099,4.099,4.0151,4.0152,50.2
1724356800,4.0151,4.0809,4.0075,4.0809,467.67
1724371200,4.0888,4.0888,4.0186,4.0775,149.08
1724385600,4.0775,4.0775,4.0775,4.0775,0.0
1724400000,4.0163,4.0827,3.9762,4.0019,158.84
1724414400,3.9733,4.0361,3.9152,4.0361,141.56
1724428800,4.0895,4.0895,4.0289,4.0289,19.38
1724443200,4.0773,4.099,4.0133,4.088,248.05
1724457600,4.0186,4.0264,3.9252,4.0214,431.06
1724472000,3.9601,4.0215,3.96,3.9999,227.48
1724486400,3.95,4.0,3.95,3.95,121.04
1724500800,3.95,4.0,3.92,3.921,68.15
1724515200,3.921,4.0994,3.921,4.0891,1299.39
1724529600,4.0993,4.0993,3.9,3.9737,958.85
1724544000,3.9737,3.9737,3.9737,3.9737,0.0
1724558400,3.9725,3.9725,3.9001,3.9001,42.54
1724572800,3.9001,3.9843,3.9001,3.9843,52.84
1724587200,4.0,4.0,4.0,4.0,3.9
1724601600,4.0288,4.098,3.9001,3.9001,391.3
1724616000,3.9001,3.947,3.9,3.9,680.21
1724630400,3.9001,3.9001,3.85,3.85,1808.64
1724644800,3.8959,4.0,3.8388,3.9177,1364.22
1724659200,3.864,3.864,3.8,3.8,405.08
1724673600,3.7744,3.8554,3.75,3.75,874.51
1724688000,3.75,3.9,3.7499,3.9,984.76
1724702400,3.9,3.9199,3.9,3.9199,17.74
1724716800,3.8999,3.8999,3.8116,3.8187,2380.46
1724731200,3.8224,3.9,3.7477,3.9,2867.06
1724745600,3.8999,3.9542,3.8269,3.9119,459.03
1724760000,3.9749,4.0994,3.6907,3.9376,2509.54
1724774400,3.9768,3.9999,3.8615,3.9753,265.72
1724788800,3.8972,3.9536,3.8681,3.8681,9.31
1724803200,3.82,3.97,3.7265,3.7954,1984.47
1724817600,3.8199,3.97,3.6489,3.97,1808.59
1724832000,3.91,3.91,3.8176,3.8176,227.75
1724846400,3.8001,3.9999,3.8,3.9146,1320.22
1724860800,3.9549,4.005,3.9046,3.9046,1218.41
1724875200,3.8938,3.8938,3.78,3.8528,894.2
1724889600,3.8528,3.8528,3.8528,3.8528,0.0
1724904000,3.8677,3.9324,3.78,3.8,648.59
1724918400,3.8499,3.8499,3.7623,3.7623,1632.58
1724932800,3.7,3.7361,3.68,3.7,617.83
1724947200,3.6846,3.6846,3.54,3.5855,329.81
1724961600,3.5855,3.6104,3.54,3.6025,89.52
1724976000,3.5513,3.6125,3.1698,3.3867,4000.92
1724990400,3.42,3.7014,3.319,3.6496,2291.95
1725004800,3.6462,3.7042,3.5746,3.6596,1605.62
1725019200,3.618,3.639,3.5125,3.5504,963.03
1725033600,3.5109,3.57,3.4889,3.5695,225.23
1725048000,3.5679,3.5988,3.54,3.54,187.62
1725062400,3.54,3.6,3.4799,3.4799,319.33
1725076800,3.5318,3.6,3.4713,3.6,639.07
1725091200,3.586,3.5961,3.5243,3.5356,64.37
1725105600,3.5833,3.5833,3.5,3.5,28.51
1725120000,3.4929,3.5514,3.4633,3.5297,109.75
1725134400,3.5274,3.5564,3.43,3.5391,140.37
1725148800,3.5378,3.5378,3.43,3.4939,169.85
1725163200,3.4974,3.4974,3.4267,3.4849,207.89
1725177600,3.4972,3.4972,3.3984,3.4264,232.54
1725192000,3.4706,3.5334,3.43,3.4719,206.54
1725206400,3.4155,3.475,3.3872,3.4621,90.52
1725220800,3.4723,3.5035,3.4097,3.5032,102.98
1725235200,3.4514,3.5043,3.4514,3.5043,383.03
1725249600,3.5347,3.5363,3.4433,3.5069,378.24
1725264000,3.503,3.6686,3.4405,3.51,2420.15
1725278400,3.5406,3.5406,3.4405,3.4992,445.22
1725292800,3.4961,3.4961,3.3,3.4355,1710.56
1725307200,3.4,3.4991,3.3668,3.4991,1259.66
1725321600,3.45,3.5233,3.45,3.485,564.62
1725336000,3.495,3.51,3.45,3.4546,3354.7
1725350400,3.4501,3.7021,3.45,3.5813,7602.37
1725364800,3.6029,3.6029,3.4026,3.5232,906.82
1725379200,3.4541,3.4976,3.3112,3.32,798.54
1725393600,3.3694,3.4031,3.32,3.3704,464.7
1725408000,3.3754,3.4095,3.32,3.32,151.0
1725422400,3.32,3.3792,3.275,3.3188,369.78
1725436800,3.2759,3.3369,3.275,3.283,226.26
1725451200,3.3149,3.321,3.275,3.289,193.38
1725465600,3.289,3.3036,3.108,3.1556,1554.49
1725480000,3.1032,3.1032,1.7321,2.6744,65581.2
1725494400,2.7388,2.8866,2.6,2.77,5033.54
1725508800,2.7064,2.7946,2.6039,2.7791,1301.46
1725523200,2.7791,2.8984,2.7259,2.7635,6759.08
1725537600,2.7416,2.7507,2.558,2.5693,2261.25
1725552000,2.55,2.6103,2.4308,2.496,4042.37
1725566400,2.4612,2.5587,2.4379,2.5122,2838.9
1725580800,2.501,2.5497,2.5,2.5497,584.39
1725595200,2.5557,2.591,2.5557,2.591,1121.23
1725609600,2.5548,2.6296,2.5251,2.5388,1510.46
1725624000,2.6053,2.6172,2.5448,2.5448,201.72
1725638400,2.5448,2.5448,2.4673,2.4673,489.89
1725652800,2.5094,2.5394,2.4698,2.5107,478.87
1725667200,2.5107,2.5107,2.5107,2.5107,0.0
1725681600,2.5599,2.56,2.4973,2.4973,298.59
1725696000,2.4742,2.5877,2.471,2.5394,1045.74
1725710400,2.5732,2.5732,2.52,2.5475,162.69
1725724800,2.53,2.582,2.5243,2.532,100.0
1725739200,2.5301,2.5819,2.5301,2.5801,250.07
1725753600,2.5403,2.582,2.5311,2.5819,510.53
1725768000,2.5699,2.61,2.5009,2.5582,2640.77
1725782400,2.57,2.57,2.51,2.5552,63.35
1725796800,2.5806,2.7587,2.5806,2.6388,2079.5
1725811200,2.7447,2.7587,2.6557,2.6557,1413.17
1725825600,2.6557,2.7069,2.6557,2.6958,549.92
1725840000,2.6688,2.7398,2.6688,2.7047,250.5
1725854400,2.6979,2.7499,2.6688,2.6796,101.85
1725868800,2.6797,2.8176,2.6796,2.8176,4529.02
1725883200,2.7899,2.7899,2.7899,2.7899,8.17
1725897600,2.8303,2.861,2.7985,2.8609,1733.27
1725912000,2.8609,2.8609,2.7985,2.8355,3661.15
1725926400,2.8355,2.8355,2.8355,2.8355,0.0
1725940800,2.8609,2.861,2.8047,2.8609,265.63
1725955200,2.8609,2.9978,2.8609,2.9422,3715.47
1725969600,2.9387,2.9462,2.7384,2.9034,2576.43
1725984000,2.8714,2.8714,2.7954,2.7954,419.01
1725998400,2.8,2.8568,2.7964,2.8308,505.33
1726012800,2.8308,2.8308,2.8308,2.8308,0.0
1726027200,2.8308,2.8308,2.8308,2.8308,0.0
1726041600,2.8042,2.9158,2.7636,2.7636,2338.73
1726056000,2.8333,2.8663,2.7978,2.8639,117.23
1726070400,2.8237,2.8837,2.8237,2.8822,76.94
1726084800,2.9084,2.9599,2.8649,2.9599,408.52
1726099200,2.9394,2.9821,2.9299,2.9559,38.46
1726113600,2.9484,2.9841,2.9319,2.95,250.25
1726128000,2.9908,2.9908,2.9215,2.9656,114.18
1726142400,2.9656,2.9656,2.9656,2.9656,0.0
1726156800,3.0055,3.0055,2.99,2.99,11.08
1726171200,2.9475,3.0055,2.9475,2.9515,41.5
1726185600,2.9939,3.034,2.9939,3.0339,1274.59
1726200000,3.0012,3.0339,2.9627,2.9962,324.63
1726214400,2.9962,2.9962,2.9962,2.9962,0.0
1726228800,2.9556,3.034,2.9524,3.034,1009.35
1726243200,2.9884,3.0665,2.9884,3.04,1201.04
1726257600,3.04,3.0552,2.975,2.9751,2612.37
1726272000,2.975,3.0187,2.975,2.9751,65.16
1726286400,3.0077,3.0077,2.9376,2.9376,1112.83
1726300800,2.9861,3.0048,2.9375,2.9794,175.72
1726315200,3.0063,3.0063,2.95,2.9548,72.62
1726329600,2.9401,3.0036,2.9375,3.0036,47.76
1726344000,2.9573,3.0076,2.9375,3.0076,198.28
1726358400,3.0077,3.0077,2.9376,2.983,81.53
1726372800,2.9858,2.9899,2.9375,2.955,749.73
1726387200,2.9376,3.0177,2.9118,2.9884,3742.46
1726401600,2.9884,3.0202,2.9692,2.9901,86.1
1726416000,3.0003,3.07,3.0001,3.0401,121.56
1726430400,3.05,3.1056,3.0316,3.1055,1089.69
1726444800,3.0592,3.1055,3.0592,3.0665,16.52
1726459200,3.0647,3.1056,3.0584,3.0681,163.18
1726473600,3.0505,3.0763,3.04,3.04,620.76
1726488000,3.0317,3.07,2.97,2.97,871.04
1726502400,3.0115,3.04,2.9801,3.0399,1499.19
1726516800,3.0201,3.04,2.95,2.9501,1936.81
1726531200,2.9501,3.0017,2.95,2.9706,666.31
1726545600,3.0299,3.1453,3.007,3.007,1341.17
1726560000,3.02,3.06,3.0073,3.06,282.07
1726574400,3.0273,3.0598,3.0001,3.0008,311.83
1726588800,3.0002,3.0596,2.9878,2.9878,454.28
1726603200,2.9878,3.0001,2.9776,3.0,633.53
1726617600,3.0001,3.0001,2.9531,2.9914,908.33
1726632000,2.9904,2.9914,2.9531,2.9531,178.67
1726646400,2.9691,2.9691,2.9449,2.969,244.51
1726660800,2.969,2.969,2.92,2.9509,1247.92
1726675200,2.9232,2.969,2.9232,2.9612,480.83
1726689600,2.9612,2.9941,2.9533,2.9616,1036.9
1726704000,2.9533,3.02,2.9533,3.0185,476.96
1726718400,3.011,3.0226,2.9371,2.9371,337.45
1726732800,2.95,3.02,2.7,2.9,11126.46
1726747200,2.9428,3.0739,2.9,3.0263,3829.37
1726761600,3.0451,3.1727,3.0093,3.0434,4114.09
1726776000,3.0948,3.155,3.0948,3.1213,504.02
1726790400,3.1519,3.1525,3.09,3.09,206.36
1726804800,3.1378,3.1486,3.09,3.1352,1349.72
1726819200,3.1352,3.3124,3.106,3.3124,2313.91
1726833600,3.3273,3.886,3.301,3.4496,12617.26
1726848000,3.5,3.65,3.4793,3.4793,6165.39
1726862400,3.4839,3.5463,3.4394,3.4559,196.71
1726876800,3.4431,3.4431,3.3989,3.4179,321.12
1726891200,3.4178,3.4179,3.3665,3.4178,2774.58
1726905600,3.4,3.4179,3.3665,3.4179,4390.42
1726920000,3.4163,3.4179,3.38,3.38,960.95
1726934400,3.38,3.54,3.38,3.4903,4740.73
1726948800,3.4736,3.5928,3.4524,3.534,1098.14
1726963200,3.5779,3.5964,3.4524,3.5279,1353.41
1726977600,3.4939,3.5486,3.4771,3.4886,154.73
1726992000,3.4573,3.537,3.4524,3.4524,2024.19
1727006400,3.4524,3.5669,3.4524,3.5669,792.46
1727020800,3.59,3.59,3.4831,3.5497,2157.69
1727035200,3.4886,3.4886,3.4567,3.4567,39.37
1727049600,3.5459,3.5964,3.2816,3.4459,1847.16
1727064000,3.4115,3.59,3.2816,3.2816,5050.48
1727078400,3.2816,3.4949,3.2816,3.3201,1212.93
1727092800,3.3784,3.525,3.3784,3.5249,2700.95
1727107200,3.5249,3.6,3.351,3.3999,7067.81
1727121600,3.3993,3.5432,3.1448,3.3998,11819.7
1727136000,3.3728,3.499,3.3681,3.3891,1878.91
1727150400,3.4349,3.5639,3.3819,3.5639,4870.37
1727164800,3.5534,3.8892,3.5101,3.8892,20263.61
1727179200,3.85,3.98,3.7226,3.8201,10357.72
1727193600,3.79,3.8834,3.7465,3.799,4801.06
1727208000,3.8046,3.8834,3.799,3.801,365.48
1727222400,3.8011,3.8833,3.8,3.8343,1832.71
1727236800,3.8,3.8833,3.7997,3.8101,1616.44
1727251200,3.8101,3.9645,3.8,3.9501,3298.41
1727265600,3.9724,4.0709,3.85,3.9624,16930.69
1727280000,3.99,3.99,3.9008,3.9703,2485.01
1727294400,3.982,3.982,3.876,3.9259,429.75
1727308800,3.8856,3.929,3.85,3.85,3780.28
1727323200,3.8422,3.87,3.4508,3.7701,7639.63
1727337600,3.8062,3.929,3.7601,3.9062,3232.77
1727352000,3.9062,4.02,3.78,3.9338,26504.68
1727366400,3.9338,4.02,3.81,3.98,6152.83
1727380800,3.8951,4.021,3.84,4.02,11539.58
1727395200,3.9799,4.021,3.6449,4.0,16885.06
1727409600,4.0,4.0664,3.95,3.97,5559.41
1727424000,4.034,4.0664,3.9109,4.01,4558.85
1727438400,4.0499,4.0911,3.8648,4.0,4336.54
1727452800,3.9626,4.1826,3.9043,4.1826,14760.08
1727467200,4.0738,4.0738,3.81,3.92,5368.36
1727481600,3.9336,3.9337,3.9119,3.9119,5789.16
1727496000,3.9336,3.97,3.71,3.9699,3866.56
1727510400,3.872,3.96,3.8716,3.9466,605.84
1727524800,3.9539,4.07,3.8798,4.0693,14750.8
1727539200,4.04,4.04,3.94,4.01,2337.19
1727553600,3.9701,4.0093,3.94,3.94,2247.81
1727568000,3.94,3.947,3.868,3.947,275.28
1727582400,3.9591,3.98,3.8,3.9235,4555.09
1727596800,3.8718,3.9199,3.76,3.8253,6035.31
1727611200,3.85,3.8855,3.6501,3.79,10448.8
1727625600,3.79,3.8234,3.6398,3.75,4813.68
1727640000,3.7836,3.94,3.65,3.8799,8999.75
1727654400,3.895,3.8953,3.7223,3.8953,5988.11
1727668800,3.8951,3.98,3.8641,3.9416,28391.04
1727683200,3.9488,4.2334,3.9223,4.199,81379.92
1727697600,4.156,4.2907,4.12,4.1918,43816.49
1727712000,4.1914,4.1914,3.91,4.0965,27018.6
1727726400,4.0974,4.1307,3.95,3.9555,21165.88
1727740800,4.0,4.0579,3.6923,3.73,37942.39
1727755200,3.73,4.574,3.56,4.1592,1736223.74
1727769600,4.1646,4.3471,3.7489,3.8113,1198930.02
1727784000,3.8126,3.9964,3.7053,3.94,1585075.3
1727798400,3.9403,4.43,3.7676,3.97,2429029.5699999998
1727812800,3.9874,4.0759,3.68,4.0223,1013277.85
1727827200,4.009,4.2583,3.952,4.0982,1085910.0
1727841600,4.0919,4.1458,3.8544,3.9307,495906.88
1727856000,3.929,3.9617,3.5058,3.5664,984564.87
1727870400,3.5617,3.7655,3.4713,3.6597,752815.3100000001
1727884800,3.6532,3.7252,3.1553,3.3625,1881668.8899999999
1727899200,3.3579,3.3833,3.2524,3.2545,430066.53
1727913600,3.2545,3.5499,3.1743,3.4794,815939.9300000001
1727928000,3.4806,3.5116,3.3562,3.3831,249630.14
1727942400,3.3831,3.4794,3.2666,3.4274,349889.16
1727956800,3.4263,3.6835,3.372,3.6835,680506.54
1727971200,3.6859,3.706,3.373,3.49,590020.22
1727985600,3.49,3.49,3.2884,3.3501,134696.38
1728000000,3.3577,3.5344,3.2749,3.4833,243882.22
1728014400,3.4844,3.6162,3.3919,3.5663,190051.6
1728028800,3.5753,3.6185,3.306,3.3971,389068.56
1728043200,3.3957,3.608,3.3775,3.591,237583.66
1728057600,3.5747,3.6846,3.5313,3.5997,314596.08
1728072000,3.5892,3.7151,3.5661,3.5794,271172.92
1728086400,3.5688,3.6238,3.4677,3.4696,212197.34
1728100800,3.474,3.514,3.3947,3.4103,71791.09
1728115200,3.418,3.4722,3.3522,3.4209,85830.16
1728129600,3.4163,3.4391,3.255,3.2715,262067.4
1728144000,3.2702,3.2933,3.1712,3.2158,384065.69
1728158400,3.2092,3.2378,3.1726,3.1832,178524.48
1728172800,3.1762,3.235,3.0713,3.0909,301783.7
1728187200,3.08,3.1569,3.0545,3.1001,159467.2
1728201600,3.1027,3.287,3.0867,3.2025,211097.12
1728216000,3.2016,3.3123,3.1696,3.2485,187390.38
1728230400,3.2547,3.3248,3.219,3.2349,282499.6
1728244800,3.222,3.3086,3.1804,3.2984,147543.12
1728259200,3.2954,3.5871,3.2887,3.5386,293706.12
1728273600,3.5426,3.5589,3.3761,3.3976,244518.49
1728288000,3.3927,3.5441,3.3082,3.5441,344577.91
1728302400,3.5414,3.6619,3.4685,3.5701,355523.77
1728316800,3.5721,3.5955,3.413,3.447,337540.29
1728331200,3.4498,3.451,3.3038,3.3704,441273.08
1728345600,3.3618,3.4753,3.3378,3.4378,131492.17
1728360000,3.4316,3.5836,3.3582,3.5835,224645.72
1728374400,3.5869,3.7969,3.5349,3.6237,550304.29
1728388800,3.6259,3.962,3.6249,3.8137,1238007.1599999999
1728403200,3.8165,4.0468,3.7595,3.8026,785471.91
1728417600,3.7981,3.8616,3.7,3.7344,316205.31
1728432000,3.7333,3.8203,3.6489,3.7281,737203.13
1728446400,3.7198,4.1737,3.7175,3.9377,1006851.04
1728460800,3.936,4.137,3.8855,4.0503,309819.27
1728475200,4.0484,4.0718,3.7449,3.8006,912557.5699999999
1728489600,3.8039,3.813,3.6325,3.7431,663670.49
1728504000,3.742,3.7512,3.5891,3.6718,414105.75
1728518400,3.6729,3.8607,3.6284,3.6796,184767.44
1728532800,3.6814,3.7841,3.6294,3.66,125382.51
1728547200,3.6585,3.7543,3.4831,3.7452,289109.56
1728561600,3.7466,3.8415,3.6139,3.818,569288.41
1728576000,3.8124,3.858,3.5737,3.7401,661210.05
1728590400,3.7374,3.7594,3.6293,3.7301,143397.56
1728604800,3.73,3.8234,3.6967,3.7975,171085.28
1728619200,3.806,3.9045,3.6833,3.7304,221376.48
1728633600,3.7341,3.9,3.7341,3.766,180110.99
1728648000,3.7704,3.9807,3.7088,3.9606,390084.89
1728662400,3.9606,4.1383,3.9151,3.9234,844283.78
1728676800,3.9232,4.0029,3.9012,3.9249,186610.74
1728691200,3.9228,3.9606,3.8513,3.9477,170571.49
1728705600,3.9594,4.021,3.8999,3.944,230012.48
1728720000,3.9396,3.9723,3.8565,3.8565,98556.44
1728734400,3.8565,3.8951,3.7965,3.8564,358759.9
1728748800,3.8526,3.8681,3.7616,3.7741,245450.06
1728763200,3.7734,3.828,3.7273,3.7393,62854.86
1728777600,3.7405,3.7575,3.6269,3.6872,91991.56
1728792000,3.6852,3.768,3.6323,3.6567,97251.18
1728806400,3.6492,3.6793,3.5676,3.5899,112238.19
1728820800,3.591,3.6804,3.525,3.5445,141240.06
1728835200,3.5291,3.6052,3.5,3.5109,120860.62
1728849600,3.5114,3.6031,3.4884,3.5742,139006.64
1728864000,3.5713,3.6487,3.4695,3.6457,174509.16
1728878400,3.6531,3.685,3.58,3.6788,143878.99
1728892800,3.6756,3.6873,3.5866,3.6135,65158.43
1728907200,3.6097,3.8075,3.575,3.6654,664656.12
1728921600,3.6651,3.6994,3.6198,3.6969,169290.45
1728936000,3.7011,3.8052,3.6961,3.7825,193053.09
1728950400,3.7836,3.8148,3.6181,3.6381,582010.84
1728964800,3.6367,3.6682,3.5388,3.5848,175859.63
1728979200,3.5891,3.6184,3.4147,3.4405,280717.41
1728993600,3.4364,3.6585,3.4364,3.5394,411192.13
1729008000,3.536,3.6178,3.4864,3.5138,498237.27
1729022400,3.5139,3.5275,3.4327,3.5123,274241.36
1729036800,3.5117,3.5942,3.4699,3.5473,342963.64
1729051200,3.5449,3.5449,3.2837,3.3379,503073.38
1729065600,3.3359,3.4202,3.3106,3.3713,231953.34
1729080000,3.3648,3.3935,3.2582,3.2973,161725.04
1729094400,3.299,3.3223,3.2553,3.2916,153357.12
1729108800,3.2911,3.3617,3.2911,3.3284,90925.26
1729123200,3.3343,3.4123,3.3343,3.3708,103164.53
1729137600,3.3705,3.3712,3.2061,3.2108,104586.56
1729152000,3.2152,3.2384,3.1614,3.1733,94657.05
1729166400,3.1697,3.2607,3.1262,3.2487,343661.1
1729180800,3.2485,3.2485,3.1039,3.1636,676590.22
1729195200,3.1657,3.2478,3.1576,3.2468,167046.83
1729209600,3.2513,3.4101,3.2508,3.3333,216505.01
1729224000,3.336,3.5554,3.3291,3.4678,146245.31
1729238400,3.4675,3.5305,3.4192,3.4958,236473.29
1729252800,3.4942,3.6365,3.4681,3.6043,565409.15
1729267200,3.6065,3.607,3.5177,3.5698,281012.63
1729281600,3.5772,3.6212,3.5421,3.615,81149.2
1729296000,3.62,3.7241,3.5702,3.6335,80599.39
1729310400,3.6324,3.6344,3.567,3.5826,73296.97
1729324800,3.5842,3.6963,3.5842,3.6235,90895.56
1729339200,3.6239,3.7088,3.58,3.5866,72169.61
1729353600,3.5892,3.6736,3.5661,3.6165,81435.81
1729368000,3.6174,3.6813,3.5838,3.6717,39063.89
1729382400,3.6749,3.6918,3.4756,3.5503,76184.98
1729396800,3.5465,3.7346,3.5424,3.6958,54155.46
1729411200,3.6981,3.6981,3.6111,3.6276,45228.83
1729425600,3.6365,3.7584,3.4844,3.7344,286852.99
1729440000,3.7401,3.7999,3.7033,3.7195,266780.59
1729454400,3.7175,3.7641,3.6872,3.7554,73099.42
1729468800,3.7517,3.8408,3.5929,3.65,258169.11
1729483200,3.65,3.6965,3.5728,3.5949,122492.89
1729497600,3.5934,3.623,3.5484,3.5758,191722.29
1729512000,3.5745,3.5996,3.4974,3.533,230777.08
1729526400,3.5363,3.5363,3.4438,3.4893,105657.94
1729540800,3.4907,3.5277,3.4674,3.4718,32127.0
1729555200,3.4779,3.547,3.4545,3.4668,136854.7
1729569600,3.461,3.4959,3.4285,3.4494,513206.92
1729584000,3.4466,3.4555,3.385,3.416,58481.85
1729598400,3.4131,3.4747,3.368,3.4342,62946.13
1729612800,3.4347,3.4723,3.3762,3.4197,61624.6
1729627200,3.4179,3.4645,3.4152,3.4325,67901.9
1729641600,3.4365,3.4699,3.4133,3.4409,27304.44
1729656000,3.4421,3.5098,3.4321,3.4637,37829.96
1729670400,3.463,3.5306,3.4258,3.4725,45735.98
1729684800,3.4744,3.5294,3.2325,3.3167,869244.78
1729699200,3.3176,3.3237,3.1678,3.2125,178450.03
1729713600,3.2118,3.2693,3.2001,3.2222,74076.67
1729728000,3.2208,3.3252,3.1979,3.2723,105450.95
1729742400,3.2736,3.2968,3.2384,3.2418,141665.44
1729756800,3.2388,3.2492,3.182,3.198,154591.77
1729771200,3.1926,3.294,3.16,3.2161,240240.86
1729785600,3.2167,3.2436,3.1813,3.2415,63439.27
1729800000,3.2424,3.287,3.2239,3.2474,103562.37
1729814400,3.2539,3.2934,3.1978,3.2504,47783.55
1729828800,3.2493,3.2553,3.1291,3.1608,72528.97
1729843200,3.1609,3.2534,3.1108,3.2122,71652.8
1729857600,3.2134,3.2194,3.0638,3.0818,189388.46
1729872000,3.0741,3.0893,2.9028,2.9577,1585795.21
1729886400,2.9562,3.0063,2.5932,2.7647,3305059.9500000002
1729900800,2.7517,2.8647,2.7047,2.8461,1030097.02
1729915200,2.8457,2.8878,2.8137,2.828,148176.15
1729929600,2.8278,2.8486,2.811,2.8344,118581.3
1729944000,2.8344,2.8455,2.7208,2.786,187086.15
1729958400,2.7887,2.8221,2.7796,2.8109,255424.24
1729972800,2.8082,2.9747,2.8082,2.9519,679422.29
1729987200,2.9522,2.988,2.8891,2.9845,467170.76
1730001600,2.9863,2.9963,2.8933,2.9094,68542.99
1730016000,2.9129,2.9277,2.8639,2.8849,46072.9
1730030400,2.8858,2.9264,2.8522,2.8794,159387.13
1730044800,2.8799,2.8909,2.8133,2.8234,69235.28
1730059200,2.8233,2.9156,2.8137,2.8535,103706.35
1730073600,2.8406,2.8644,2.7102,2.7192,163159.62
1730088000,2.7151,2.8086,2.6567,2.7951,259088.6
1730102400,2.7975,2.8589,2.79,2.8166,208662.09
1730116800,2.817,2.818,2.7444,2.753,361479.75
1730131200,2.7482,2.8117,2.6799,2.7938,255851.97
1730145600,2.79,2.9321,2.79,2.8659,353623.85
1730160000,2.8693,3.0209,2.8287,2.8877,395431.75
1730174400,2.8876,2.936,2.8336,2.8337,150230.65
1730188800,2.8392,2.9126,2.8064,2.8284,211092.3
1730203200,2.8208,2.8486,2.783,2.836,139221.46
1730217600,2.8432,2.9666,2.8432,2.8601,300069.12
1730232000,2.8587,2.9004,2.8332,2.852,281012.62
1730246400,2.8513,2.8736,2.8057,2.8471,144379.9
1730260800,2.8464,2.8983,2.8164,2.8618,174718.05
1730275200,2.8628,2.9363,2.8178,2.9026,333343.34
1730289600,2.897,3.1858,2.8729,3.0401,925223.89
1730304000,3.0389,3.0698,3.0048,3.0048,404614.9
1730318400,3.0019,3.0536,2.9653,2.9653,400717.59
1730332800,2.9653,2.9707,2.9,2.92,235355.33
1730347200,2.9189,2.972,2.8836,2.9296,258233.83
1730361600,2.9292,2.9498,2.8772,2.9159,213526.23
1730376000,2.913,2.9177,2.8245,2.8826,171284.12
1730390400,2.8857,2.8968,2.7791,2.792,68001.03
1730404800,2.7962,2.8181,2.7431,2.7441,55209.48
1730419200,2.7435,2.8896,2.7087,2.7791,546237.34
1730433600,2.7756,2.7829,2.7211,2.7449,92918.74
1730448000,2.7474,2.797,2.7305,2.7683,22199.3
1730462400,2.7672,2.8303,2.6308,2.6626,869653.49
1730476800,2.6597,2.7207,2.6174,2.6371,632960.23
1730491200,2.6331,2.6331,2.496,2.5231,1892091.8899999999
1730505600,2.5234,2.5756,2.5234,2.5333,267109.69
1730520000,2.5344,2.5404,2.4882,2.4943,485812.5
1730534400,2.4961,2.5121,2.4327,2.4443,1996158.51
1730548800,2.4492,2.4543,2.3592,2.3629,446978.86
1730563200,2.365,2.4016,2.3173,2.3612,271370.16
1730577600,2.3618,2.3731,2.3348,2.3529,94519.81
1730592000,2.3625,2.3856,2.2798,2.3395,325307.92
1730606400,2.337,2.3891,2.3165,2.3665,65511.81
1730620800,2.3641,2.4043,2.3457,2.3801,79829.45
1730635200,2.383,2.4192,2.2449,2.3738,799347.41
1730649600,2.3696,2.444,2.3441,2.4438,101904.09
1730664000,2.4433,2.467,2.4012,2.4447,709405.4
1730678400,2.4442,2.483,2.3879,2.4016,484881.92
1730692800,2.4069,2.4218,2.3559,2.3752,352453.33
1730707200,2.3744,2.4681,2.3649,2.4595,796093.17
1730721600,2.4641,2.4848,2.4006,2.4236,425659.26
1730736000,2.4231,2.4321,2.381,2.4108,414463.73
1730750400,2.4093,2.418,2.3451,2.3572,463716.28
1730764800,2.3613,2.4211,2.3431,2.3808,276594.33
1730779200,2.3804,2.467,2.3802,2.412,136871.06
1730793600,2.4078,2.4195,2.3669,2.3859,113801.69
1730808000,2.3875,2.4709,2.3649,2.4575,449811.53
1730822400,2.4564,2.5822,2.4245,2.4327,879767.51
1730836800,2.4302,2.4526,2.3824,2.4048,253360.5
1730851200,2.4092,2.7263,2.4072,2.6812,1141347.5900000001
1730865600,2.6812,2.7801,2.6136,2.7147,2056334.8500000001
1730880000,2.7195,2.7812,2.6558,2.7327,628285.11
1730894400,2.7312,2.8197,2.6642,2.6791,760238.95
1730908800,2.6784,2.7833,2.6756,2.783,369254.73
1730923200,2.7764,2.9835,2.7644,2.8831,385420.56
1730937600,2.881,3.1863,2.8443,3.1633,664388.6800000001
1730952000,3.1603,3.2816,3.0523,3.2071,1135529.5800000001
1730966400,3.2071,3.2246,3.0552,3.0746,321031.03
1730980800,3.0759,3.2082,3.0748,3.1901,529713.12
1730995200,3.1902,3.2594,3.1272,3.1703,730730.3199999999
1731009600,3.1678,3.2576,3.1374,3.1863,609485.96
1731024000,3.1891,3.3,3.0702,3.0801,277975.11
1731038400,3.0808,3.126,3.06,3.076,126602.67
1731052800,3.0746,3.1159,3.0467,3.082,75978.53
1731067200,3.0883,3.3536,3.0883,3.1345,533936.02
1731081600,3.1371,3.1478,3.0224,3.101,303653.59
1731096000,3.0955,3.1025,2.9773,3.0448,161828.75
1731110400,3.0401,3.0559,2.9048,2.9451,386201.82
1731124800,2.945,3.2668,2.9429,3.1382,740704.3100000001
1731139200,3.1342,3.3205,3.1065,3.2943,496319.15
1731153600,3.289,3.289,3.1346,3.1918,219247.28
1731168000,3.1909,3.212,3.088,3.1439,85767.06
1731182400,3.1386,3.3586,3.1162,3.2643,427382.78
1731196800,3.2643,3.269,3.1393,3.2306,918679.55
1731211200,3.2336,3.4652,3.2262,3.3037,495526.07
1731225600,3.3061,3.3098,3.212,3.2936,597976.38
1731240000,3.2866,3.2885,3.1569,3.2319,458799.24
1731254400,3.23,3.3267,3.1303,3.199,945498.5600000001
1731268800,3.2014,3.2677,3.0213,3.195,618467.6899999999
1731283200,3.1934,3.2739,3.1792,3.2418,568922.03
1731297600,3.2433,3.2458,2.9898,3.0234,654763.51
1731312000,3.023,3.1324,3.0115,3.1111,333953.57
1731326400,3.113,3.1284,2.9736,3.0563,485876.88
1731340800,3.0578,3.1711,3.0578,3.1363,369361.91
1731355200,3.1355,3.2946,3.0982,3.2392,569652.5
1731369600,3.2361,3.2695,3.1234,3.194,454318.23
1731384000,3.1913,3.2232,2.994,3.0314,359082.19
1731398400,3.0347,3.081,2.6774,2.8309,1656845.95
1731412800,2.8187,2.8446,2.7283,2.7818,1290724.29
1731427200,2.7831,2.8832,2.7087,2.8501,317574.74
1731441600,2.8501,2.883,2.7945,2.7993,152603.54
1731456000,2.8019,2.8495,2.6711,2.6769,227206.87
1731470400,2.6797,2.714,2.4862,2.5603,791497.66
1731484800,2.5605,2.6142,2.5437,2.5523,162841.3
1731499200,2.5534,2.656,2.5156,2.6279,822963.6899999999
1731513600,2.6276,2.6556,2.3289,2.498,507583.16
1731528000,2.4956,2.5532,2.4276,2.5496,611528.46
1731542400,2.5524,2.5658,2.4749,2.5616,370980.72
1731556800,2.5623,2.704,2.551,2.612,311977.32
1731571200,2.6081,2.6248,2.4711,2.5425,170372.24
1731585600,2.5442,2.6113,2.4316,2.467,171876.7
1731600000,2.4661,2.5685,2.4586,2.4889,135587.17
1731614400,2.4891,2.5011,2.3546,2.3984,221314.36
1731628800,2.3974,2.4301,2.3406,2.4076,204389.03
1731643200,2.4069,2.4568,2.3081,2.4065,242346.16
1731657600,2.4047,2.4639,2.3737,2.4439,123333.55
1731672000,2.4441,2.4602,2.3208,2.3361,156603.01
1731686400,2.336,2.3788,2.3142,2.3681,133835.47
1731700800,2.3647,2.4601,2.3647,2.4449,185269.63
1731715200,2.4422,2.5319,2.4176,2.5191,249971.23
1731729600,2.5152,2.5488,2.4564,2.4813,187000.77
1731744000,2.4834,2.5719,2.4256,2.5639,170017.29
1731758400,2.567,2.6496,2.3854,2.4213,383571.59
1731772800,2.4198,2.5563,2.4043,2.531,154484.42
1731787200,2.5268,2.5508,2.4794,2.5007,247468.76
1731801600,2.495,2.5386,2.3595,2.4302,86427.41
1731816000,2.4308,2.507,2.4286,2.4895,63484.6
1731830400,2.4845,2.5032,2.4211,2.4259,124990.37
1731844800,2.4269,2.4684,2.4034,2.4479,55307.36
1731859200,2.4469,2.4945,2.375,2.4146,214839.3
1731873600,2.4147,2.4176,2.3453,2.3987,144146.86
1731888000,2.4033,2.5196,2.3947,2.4358,362411.28
1731902400,2.4365,2.4622,2.3935,2.4242,63143.09
1731916800,2.4245,2.4245,2.3253,2.3389,115400.78
1731931200,2.3383,2.3704,2.2779,2.3644,153021.24
1731945600,2.3702,2.6411,2.3505,2.5279,1027484.71
1731960000,2.5201,2.7233,2.506,2.6836,590081.1
1731974400,2.6874,2.6874,2.5269,2.5434,135835.48
1731988800,2.5431,2.562,2.4706,2.4857,141917.12
1732003200,2.4833,2.4957,2.4284,2.4514,146955.56
1732017600,2.4532,2.4935,2.4211,2.4663,137369.91
1732032000,2.4665,2.4665,2.417,2.4308,48487.23
1732046400,2.4303,2.4396,2.3588,2.4203,126085.08
1732060800,2.4158,2.4159,2.3138,2.354,143226.62
1732075200,2.3534,2.4232,2.3325,2.3935,62897.43
1732089600,2.4047,2.4052,2.3299,2.3614,309746.98
1732104000,2.3663,2.4144,2.304,2.3403,113024.33
1732118400,2.3369,2.3455,2.1864,2.2169,348448.41
1732132800,2.2166,2.2615,2.1975,2.2236,36384.94
1732147200,2.2195,2.26,2.1445,2.2051,208517.17
1732161600,2.2052,2.3688,2.202,2.3232,139707.39
1732176000,2.3211,2.3441,2.2621,2.2895,95592.54
1732190400,2.2888,2.6207,2.2881,2.569,1182537.28
1732204800,2.5699,2.8286,2.5691,2.6636,565201.99
1732219200,2.663,2.6643,2.6091,2.6138,83986.31
1732233600,2.6135,2.6275,2.534,2.5832,149132.01
1732248000,2.583,2.7465,2.583,2.5928,203104.66
1732262400,2.5947,2.6349,2.5188,2.5363,226447.48
1732276800,2.5356,2.633,2.4607,2.4994,196069.99
1732291200,2.4999,2.5252,2.4371,2.4543,150699.83
1732305600,2.4542,2.5999,2.4413,2.5999,185750.73
1732320000,2.5856,2.6462,2.5266,2.5624,90416.08
1732334400,2.5645,2.6439,2.5412,2.62,214602.76
1732348800,2.62,2.6981,2.6038,2.6589,177906.53
1732363200,2.657,2.8003,2.6182,2.7433,149449.49
1732377600,2.7489,2.7745,2.5906,2.7029,274532.9
1732392000,2.7014,2.8618,2.6334,2.7811,177871.4
1732406400,2.7779,3.0461,2.7618,2.9173,321116.38
1732420800,2.9194,2.9742,2.8462,2.8781,251674.48
1732435200,2.879,2.8922,2.666,2.6826,69168.55
1732449600,2.6781,2.7413,2.54,2.6389,412248.95
1732464000,2.6379,2.7496,2.6101,2.7244,255473.36
1732478400,2.7223,2.9996,2.718,2.9295,178295.8
1732492800,2.9392,3.028,2.8943,2.9775,317830.93
1732507200,2.9739,3.0935,2.9392,3.0285,639736.47
1732521600,3.0267,3.2465,3.0139,3.1316,580137.37
1732536000,3.1249,3.3719,2.9605,3.2978,1146057.0600000001
1732550400,3.3027,3.3315,3.0772,3.1588,1207349.3600000001
1732564800,3.1613,3.2192,3.06,3.1718,423336.77
1732579200,3.1688,3.1872,3.0383,3.1184,580505.78
1732593600,3.1218,3.1676,3.0412,3.0496,268675.55
1732608000,3.0465,3.0908,2.91,3.0774,706124.59
1732622400,3.0832,3.3782,3.0495,3.2187,978665.1800000001
1732636800,3.2174,3.3746,3.184,3.3524,302066.82
1732651200,3.3331,3.4141,3.2983,3.3808,593544.77
1732665600,3.3768,3.4521,3.2796,3.2925,394145.86
1732680000,3.2904,3.6879,3.2865,3.5101,454207.3
1732694400,3.5122,3.5507,3.3782,3.5093,342397.92
1732708800,3.5002,3.7549,3.4461,3.711,261457.54
1732723200,3.7096,3.9567,3.7035,3.9007,428550.92
1732737600,3.9118,4.1377,3.8545,3.8546,250879.62
1732752000,3.8566,3.9147,3.7226,3.7394,349031.81
1732766400,3.74,3.8481,3.6695,3.7716,246077.29
1732780800,3.7735,3.8687,3.7589,3.7831,108223.57
1732795200,3.778,3.7829,3.5961,3.6035,313190.65
1732809600,3.6112,3.6331,3.5619,3.6082,113101.36
1732824000,3.6121,3.7225,3.5808,3.6325,77835.38
1732838400,3.6351,3.6954,3.5759,3.6075,79135.73
1732852800,3.6074,3.6606,3.5358,3.5862,164171.28
1732867200,3.5862,3.6379,3.5725,3.6146,118515.62
1732881600,3.6145,3.6795,3.5644,3.5802,370767.35
1732896000,3.5834,3.5853,3.5094,3.5348,100285.88
1732910400,3.533,3.6137,3.533,3.5727,67108.79
1732924800,3.5725,3.8449,3.549,3.834,170496.25
1732939200,3.8234,3.9576,3.705,3.933,147534.81
1732953600,3.9296,3.9451,3.6461,3.684,253303.47
1732968000,3.6875,3.7217,3.5509,3.5864,179717.56
1732982400,3.5852,3.6419,3.5645,3.6281,61408.05
1732996800,3.6196,3.6882,3.6106,3.6289,85979.71
1733011200,3.6287,3.8722,3.5953,3.8722,290451.64
1733025600,3.8744,4.0883,3.7377,4.0666,269605.34
1733040000,4.0595,4.0736,3.7624,3.8083,429070.66
1733054400,3.8083,4.1128,3.8083,4.0057,311943.3
1733068800,4.0099,4.0184,3.8111,3.8262,278083.91
1733083200,3.8272,3.8879,3.77,3.841,280271.91
1733097600,3.8415,3.8667,3.6443,3.6858,195598.05
1733112000,3.669,3.7869,3.6181,3.6759,152590.46
1733126400,3.6643,3.6887,3.3753,3.5253,275812.81
1733140800,3.518,3.9293,3.511,3.8296,210581.36
1733155200,3.8292,3.8304,3.6287,3.6746,143913.02
1733169600,3.6756,3.8893,3.6712,3.8653,92965.51
1733184000,3.8631,3.9162,3.7747,3.8797,79132.33
1733198400,3.8679,3.9557,3.7742,3.8664,79585.87
1733212800,3.8632,3.8756,3.743,3.7734,56789.57
1733227200,3.7742,3.978,3.541,3.9249,440020.33
1733241600,3.9345,3.969,3.7974,3.855,91446.4
1733256000,3.8597,3.9992,3.7998,3.9656,261920.9
1733270400,3.9645,4.0846,3.822,3.8804,359275.62
1733284800,3.8833,3.9838,3.8327,3.95,98900.44
1733299200,3.9451,4.0786,3.8954,4.0169,246089.11
1733313600,4.0051,4.3582,3.8182,4.1423,813150.61
1733328000,4.1477,4.2254,3.8897,4.1287,1153301.27
1733342400,4.1349,4.1384,3.811,3.8644,442133.98
1733356800,3.8605,3.8978,3.669,3.7744,360270.79
1733371200,3.7723,3.9283,3.7668,3.8097,122550.75
1733385600,3.8093,3.9097,3.8008,3.8823,200727.84
1733400000,3.8729,3.9247,3.8075,3.8877,129188.95
1733414400,3.8937,3.9928,3.822,3.8387,235533.27
1733428800,3.8295,3.9268,3.65,3.8268,338447.06
1733443200,3.8208,4.2018,3.8009,4.0869,888428.51
1733457600,4.0858,4.2857,4.0458,4.157,243348.09
1733472000,4.1502,4.1821,4.0212,4.1004,206524.62
1733486400,4.0938,4.8424,3.99,4.7628,969444.9399999999
1733500800,4.7589,5.1289,4.6829,4.9154,1624248.9199999999
1733515200,4.9152,5.0587,4.6843,4.746,513107.26
1733529600,4.7424,4.8953,4.7149,4.8336,356089.3
1733544000,4.8327,5.0126,4.7408,4.7477,176605.05
1733558400,4.7466,4.753,4.3704,4.5493,466563.15
1733572800,4.5469,4.6008,4.4963,4.5242,188528.15
1733587200,4.5188,4.5554,4.4582,4.4809,153988.09
1733601600,4.4796,4.5235,4.4653,4.4685,136218.13
1733616000,4.47,4.5393,4.4676,4.4996,88781.27
1733630400,4.5002,4.5199,4.3881,4.482,288077.63
1733644800,4.4812,4.662,4.4486,4.5955,232638.0
1733659200,4.5976,4.8535,4.5182,4.7476,343376.45
1733673600,4.7458,4.8589,4.6645,4.7851,264935.95
1733688000,4.785,4.9842,4.776,4.7803,234967.05
1733702400,4.7824,4.85,4.5427,4.5788,199562.4
1733716800,4.5848,4.6193,4.377,4.4498,266535.02
1733731200,4.4433,4.6501,4.3738,4.4769,327530.11
1733745600,4.4686,4.9468,4.44,4.7224,597956.84
1733760000,4.7137,4.8995,4.6685,4.7243,542060.11
1733774400,4.7327,4.7627,3.8239,4.5709,1923653.8799999999
1733788800,4.5667,4.7387,4.0626,4.3126,632451.36
1733803200,4.3023,4.8533,4.1958,4.7044,359700.41
1733817600,4.7034,4.8534,4.5274,4.6268,462668.55
1733832000,4.6242,4.6727,4.2376,4.2416,402707.49
1733846400,4.2352,4.4391,4.1166,4.3241,870491.45
1733860800,4.3252,4.3852,4.2178,4.2862,231040.2
1733875200,4.3037,4.468,4.1677,4.3397,423872.25
1733889600,4.3502,4.5448,4.2581,4.3416,182590.59
1733904000,4.3515,4.7977,4.3515,4.7189,325921.97
1733918400,4.7322,5.2925,4.7322,5.0058,1539882.3
1733932800,5.0089,5.1989,4.9256,4.9377,538777.28
1733947200,4.9452,5.1662,4.9019,5.1283,165097.55
1733961600,5.128,5.3759,4.9378,5.2574,324875.18
1733976000,5.2574,5.3958,5.0916,5.1133,149499.97
1733990400,5.1165,5.128,5.0174,5.0384,87038.57
1734004800,5.0405,5.3034,5.0327,5.2065,314624.29
1734019200,5.204,5.2619,4.911,4.915,339867.09
1734033600,4.9287,4.9607,4.8254,4.9097,283040.62
1734048000,4.9093,5.1901,4.9082,5.1471,316295.73
1734062400,5.1434,5.1987,4.9088,4.9405,323305.04
1734076800,4.9469,5.0587,4.8703,4.9962,83739.32
1734091200,4.9878,5.0281,4.7724,4.7729,125669.79
1734105600,4.7704,4.9584,4.744,4.9075,182598.43
1734120000,4.9177,4.955,4.8739,4.9108,47750.38
1734134400,4.9105,5.0012,4.839,4.925,158437.42
1734148800,4.9172,4.9172,4.803,4.8262,74226.16
1734163200,4.8507,4.8625,4.735,4.7391,60648.45
1734177600,4.7378,4.7486,4.537,4.5914,207990.43
1734192000,4.5881,4.6415,4.4918,4.5843,360888.06
1734206400,4.5869,4.6807,4.49,4.6367,140821.14
1734220800,4.6368,4.7832,4.6153,4.6542,52866.91
1734235200,4.6566,4.8097,4.5299,4.6006,241574.45
1734249600,4.5959,4.7832,4.591,4.7784,189091.43
1734264000,4.7784,4.923,4.7749,4.9151,325765.99
1734278400,4.9174,5.0724,4.8584,4.8635,170998.28
1734292800,4.8639,5.0712,4.713,5.0268,238172.77
1734307200,5.028,5.2459,4.9018,4.9109,478689.88
1734321600,4.9086,5.0389,4.8823,4.9394,122808.73
1734336000,4.9418,5.3506,4.8921,5.1228,379365.44
1734350400,5.1132,5.1722,4.9683,5.0144,223756.5
1734364800,5.014,5.4289,4.9124,5.3631,486824.19
1734379200,5.3881,5.6038,5.3643,5.4995,315258.14
1734393600,5.5033,5.6808,5.3571,5.6052,483770.52
1734408000,5.5995,5.6248,5.3262,5.3435,593601.1899999999
1734422400,5.3499,5.4208,5.2477,5.2503,317899.09
1734436800,5.2536,5.399,5.0752,5.0993,355263.57
1734451200,5.1,5.1992,5.0606,5.1195,263881.49
1734465600,5.1196,5.164,5.0102,5.0669,220853.77
1734480000,5.0745,5.1479,4.9549,4.9816,62508.1
1734494400,4.9741,5.0751,4.8614,4.9114,248436.6
1734508800,4.9102,5.2817,4.9031,5.2597,187234.35
1734523200,5.2595,5.326,5.0806,5.2719,237488.3
1734537600,5.274,5.3958,4.9481,4.9826,576969.23
1734552000,4.9826,5.2563,4.6,4.9701,1455146.73
1734566400,4.9671,5.0925,4.6859,5.0076,476488.54
1734580800,4.9931,5.0437,4.7804,4.9107,317868.91
1734595200,4.9115,5.0062,4.8018,4.8835,337659.7
1734609600,4.8826,4.8995,4.5149,4.569,503669.39
1734624000,4.569,4.6314,4.1601,4.2762,830667.95
1734638400,4.2816,4.3982,4.1496,4.2294,295161.94
1734652800,4.23,4.3267,4.1296,4.2055,325965.37
1734667200,4.2057,4.2502,4.014,4.0843,323240.26
1734681600,4.0875,4.0876,3.5158,3.5601,958776.02
1734696000,3.5592,3.9695,3.5549,3.922,405298.28
1734710400,3.9084,4.1046,3.9084,4.0605,343019.41
1734724800,4.0608,4.2202,3.9339,4.1911,164130.74
1734739200,4.1801,4.2509,4.0922,4.0955,228006.85
1734753600,4.0965,4.4875,4.0942,4.3246,236288.05
1734768000,4.3263,4.3304,4.005,4.0426,265060.72
1734782400,4.0445,4.0445,3.7622,3.7927,343714.68
1734796800,3.7979,3.8188,3.6691,3.7206,218618.39
1734811200,3.7291,3.7763,3.6681,3.7564,155927.83
1734825600,3.7679,3.8469,3.6942,3.7519,233496.41
1734840000,3.7591,3.7658,3.6149,3.7378,80259.1
1734854400,3.7429,3.8155,3.7414,3.7653,107647.43
1734868800,3.7618,3.8187,3.5826,3.6241,334555.16
1734883200,3.6144,3.697,3.5552,3.5663,161731.86
1734897600,3.5806,3.6737,3.5378,3.6134,278910.14
1734912000,3.6093,3.8376,3.523,3.7964,194618.94
1734926400,3.7977,3.7977,3.5936,3.6446,151306.05
1734940800,3.6464,3.775,3.6463,3.6706,147922.36
1734955200,3.6761,3.7331,3.6244,3.6732,162163.7
1734969600,3.6753,3.8518,3.6364,3.7475,471571.46
1734984000,3.7426,4.0204,3.7426,3.9074,192894.03
1734998400,3.8946,3.9101,3.7292,3.7943,113723.98
1735012800,3.7943,3.9028,3.7791,3.8134,45593.05
1735027200,3.8124,3.8464,3.7331,3.7894,87114.71
1735041600,3.7857,4.04,3.7492,4.0014,93184.95
1735056000,4.0011,4.0526,3.9181,3.9181,71575.84
1735070400,3.9146,3.9956,3.8667,3.9808,91986.08
1735084800,3.9808,3.9808,3.8371,3.8962,216902.39
1735099200,3.9017,3.9579,3.7929,3.8184,182413.34
1735113600,3.832,3.9047,3.7329,3.7447,126959.01
1735128000,3.7427,3.8079,3.7242,3.7574,142903.2
1735142400,3.7537,3.78,3.6899,3.7721,242524.5
1735156800,3.7708,3.7792,3.6899,3.7595,254102.61
1735171200,3.761,3.8018,3.54,3.5522,127740.69
1735185600,3.5536,3.5536,3.4289,3.4868,228442.08
1735200000,3.4903,3.491,3.393,3.3969,198670.96
1735214400,3.4011,3.4228,3.3533,3.3775,166777.5
1735228800,3.376,3.4304,3.3232,3.3534,130065.77
1735243200,3.3547,3.386,3.3,3.3366,98630.51
1735257600,3.3384,3.5736,3.3156,3.4437,131708.49
1735272000,3.4558,3.4891,3.3432,3.3506,66190.26
1735286400,3.3515,3.6144,3.3514,3.6111,118846.42
1735300800,3.6108,3.6108,3.3907,3.4298,103535.6
1735315200,3.4334,3.5139,3.3985,3.4525,74539.41
1735329600,3.4517,3.4587,3.3593,3.4039,76686.57
1735344000,3.4008,3.4074,3.3329,3.4065,46538.73
1735358400,3.4054,3.4054,3.3334,3.3409,89218.79
1735372800,3.34,3.4031,3.3375,3.3831,24396.95
1735387200,3.3814,3.4641,3.3239,3.4017,74228.51
1735401600,3.4001,3.5388,3.3992,3.5212,81696.2
1735416000,3.5212,3.5881,3.5016,3.5783,238766.18
1735430400,3.5927,3.5927,3.4701,3.4897,50739.06
1735444800,3.4958,3.5477,3.4381,3.5444,26753.18
1735459200,3.5451,3.5451,3.4371,3.4371,45098.0
1735473600,3.4367,3.4569,3.3623,3.3784,66958.41
1735488000,3.3802,3.4014,3.341,3.3651,41702.67
1735502400,3.362,3.3624,3.2842,3.3244,88400.65
1735516800,3.3241,3.504,3.3045,3.4408,237446.17
1735531200,3.4451,3.5212,3.388,3.5189,115913.09
1735545600,3.5177,3.6763,3.5123,3.6616,216738.22
1735560000,3.6624,3.7001,3.4603,3.5693,394388.03
1735574400,3.568,3.7216,3.4854,3.7216,165868.84
1735588800,3.721,3.7794,3.6146,3.6768,389813.75
1735603200,3.676,3.685,3.5682,3.6412,79423.85
1735617600,3.6352,3.7275,3.5885,3.6062,184475.96
1735632000,3.6075,3.7346,3.5937,3.6318,82995.48
1735646400,3.636,3.8543,3.636,3.6639,437623.83
1735660800,3.6738,3.7177,3.5269,3.5785,161666.78
1735675200,3.5806,3.6005,3.4725,3.5198,91380.69
1735689600,3.5213,3.7031,3.5137,3.5992,45248.32
1735704000,3.5991,3.602,3.5169,3.5387,48112.99
1735718400,3.5402,3.5582,3.3985,3.5493,97932.83
1735732800,3.5537,3.6534,3.5088,3.612,99290.03
1735747200,3.6112,3.654,3.5576,3.6361,60755.17
1735761600,3.6398,3.6881,3.6168,3.6369,71169.66
1735776000,3.6384,3.7216,3.6176,3.654,139796.2
1735790400,3.6546,3.7419,3.6447,3.7356,107727.69
1735804800,3.7358,3.7963,3.695,3.7375,223140.5
1735819200,3.739,3.9421,3.7367,3.8222,268337.8
1735833600,3.8222,3.8903,3.7532,3.7605,189926.07
1735848000,3.7635,3.8124,3.7097,3.7546,176973.26
1735862400,3.7568,3.7568,3.6761,3.6835,109278.95
1735876800,3.6837,3.6879,3.5811,3.5867,96474.93
1735891200,3.5885,3.7384,3.5814,3.7272,109460.8
1735905600,3.7332,3.9431,3.6944,3.9266,236905.12
1735920000,3.934,4.1006,3.9184,4.0274,205341.39
1735934400,4.029,4.0825,3.9864,4.0387,305263.07
1735948800,4.0387,4.0452,3.9366,3.9673,47358.4
1735963200,3.9679,4.0126,3.8935,3.9944,54394.32
1735977600,3.9979,4.0127,3.9457,3.9928,83553.78
1735992000,3.9838,4.2019,3.9838,4.0406,214585.02
1736006400,4.0406,4.0532,3.9906,4.0057,60571.08
1736020800,4.0078,4.0841,3.9993,4.0521,192242.42
1736035200,4.0545,4.1473,4.0,4.1291,77054.14
1736049600,4.123,4.1241,4.0341,4.0351,52440.36
1736064000,4.0354,4.0663,3.9419,4.017,81881.52
1736078400,4.0169,4.0492,3.9213,3.9875,249762.67
1736092800,3.9911,4.0806,3.9791,4.0659,48261.6
1736107200,4.0716,4.2282,4.0538,4.1263,47525.36
1736121600,4.1259,4.276,4.0616,4.2139,86775.17
1736136000,4.2193,4.242,4.0631,4.0692,85801.93
1736150400,4.0765,4.11,4.009,4.0587,64292.89
1736164800,4.0572,4.2059,3.9872,4.1806,90427.73
1736179200,4.1868,4.2603,4.0473,4.0742,93618.22
1736193600,4.076,4.0956,4.004,4.0581,36679.15
1736208000,4.0576,4.0576,3.9318,3.9685,142166.45
1736222400,3.9716,3.9794,3.9182,3.9411,200040.6
1736236800,3.949,3.9895,3.8969,3.9363,52560.92
1736251200,3.9365,3.9658,3.7,3.7537,427217.33
1736265600,3.7511,3.8027,3.5977,3.6126,312265.73
1736280000,3.6119,3.6432,3.5643,3.5711,161877.55
1736294400,3.57,3.65,3.4927,3.5165,79334.1
1736308800,3.5178,3.532,3.3694,3.4448,360254.43
1736323200,3.447,3.4983,3.3557,3.3874,75768.7
1736337600,3.3871,3.4624,3.3488,3.4254,124735.63
1736352000,3.4203,3.463,3.2449,3.4335,301116.85
1736366400,3.4286,3.4464,3.3771,3.425,176913.96
1736380800,3.4238,3.4699,3.3469,3.3602,64449.42
1736395200,3.3612,3.4019,3.2422,3.2486,210366.04
1736409600,3.2503,3.4218,3.245,3.3757,217967.95
1736424000,3.3748,3.3956,3.1688,3.3488,146836.63
1736438400,3.3522,3.3731,3.1796,3.1835,283290.65
1736452800,3.1843,3.2424,3.1436,3.2056,166822.82
1736467200,3.208,3.2625,3.2008,3.2366,33973.47
1736481600,3.2459,3.3506,3.2245,3.3223,135443.91
1736496000,3.3229,3.3357,3.2547,3.2798,126365.84
1736510400,3.276,3.2973,3.0651,3.1753,226046.75
1736524800,3.1757,3.2438,3.0997,3.2168,189101.52
1736539200,3.2174,3.2242,3.1013,3.1223,77171.3
1736553600,3.1225,3.1416,3.0262,3.0309,125644.41
1736568000,3.0366,3.177,2.9972,3.0919,134832.96
1736582400,3.0925,3.1611,3.0359,3.1478,35738.18
1736596800,3.1447,3.1447,3.065,3.0881,36641.37
1736611200,3.0874,3.1092,3.0471,3.0627,30643.08
1736625600,3.0624,3.1957,3.0539,3.103,155679.0
1736640000,3.1052,3.1398,3.09,3.106,21345.95
1736654400,3.1129,3.1741,3.0996,3.1241,115729.68
1736668800,3.1232,3.2175,3.0879,3.1876,88120.86
1736683200,3.1876,3.2488,3.121,3.2323,91289.61
1736697600,3.2293,3.2455,3.1576,3.1617,74111.63
1736712000,3.164,3.1975,3.0622,3.0892,72853.34
1736726400,3.0912,3.2182,2.9903,3.0006,47074.36
1736740800,3.0007,3.1325,2.918,2.9912,163879.63
1736755200,2.9928,2.9965,2.7707,2.7765,366932.61
1736769600,2.7772,2.8915,2.7046,2.8687,437852.73
1736784000,2.8614,2.8982,2.7315,2.8017,242435.71
1736798400,2.8018,3.0031,2.7775,2.9816,155027.29
1736812800,2.9817,3.0348,2.9693,2.9948,348225.79
1736827200,2.9953,3.0264,2.9521,2.9538,176614.32
1736841600,2.9534,3.0833,2.9387,2.9886,198359.16
1736856000,2.9972,3.0827,2.9423,3.031,293009.26
1736870400,3.0367,3.0859,2.9886,3.0579,201402.07
1736884800,3.0601,3.1577,3.0338,3.106,90047.7
1736899200,3.1135,3.1435,3.055,3.0958,102488.33
1736913600,3.0969,3.1317,3.0509,3.0931,142857.3
1736928000,3.098,3.1124,2.9676,2.9978,72055.71
1736942400,3.0083,3.3302,2.979,3.2571,262405.94
1736956800,3.2577,3.3996,3.2465,3.3776,161170.71
1736971200,3.3746,3.4324,3.3419,3.4138,91146.53
1736985600,3.4129,3.4495,3.329,3.3503,68352.52
1737000000,3.3499,3.374,3.3214,3.3603,33920.62
1737014400,3.358,3.3659,3.2459,3.3251,188567.38
1737028800,3.3171,3.3816,3.2032,3.2875,163775.58
1737043200,3.2879,3.3562,3.2878,3.3492,101857.37
1737057600,3.347,3.3633,3.2243,3.2679,135764.07
1737072000,3.2652,3.4,3.263,3.3467,103781.16
1737086400,3.35,3.3807,3.3365,3.3405,40742.64
1737100800,3.3467,3.4086,3.345,3.3921,63778.89
1737115200,3.388,3.4144,3.3451,3.3781,87293.61
1737129600,3.3787,3.4323,3.345,3.3727,76063.18
1737144000,3.3706,3.5315,3.3673,3.4498,61734.46
1737158400,3.4536,3.5284,3.2839,3.3057,86043.62
1737172800,3.3003,3.3139,3.0422,3.0489,276164.32
1737187200,3.0442,3.0965,2.9834,3.0843,167619.34
1737201600,3.0791,3.0941,2.9228,2.9423,183009.7
1737216000,2.9376,2.9585,2.8104,2.8628,147302.46
1737230400,2.8697,2.891,2.8263,2.8585,165167.66
1737244800,2.8564,3.1552,2.8464,2.9828,134666.29
1737259200,2.9821,2.986,2.8172,2.8678,117614.96
1737273600,2.8633,2.9014,2.6815,2.6966,411511.75
1737288000,2.6948,3.1992,2.6717,3.0809,594945.66
1737302400,3.0768,3.136,3.0118,3.0492,151917.3
1737316800,3.06,3.0636,2.6349,2.7045,743658.35
1737331200,2.7019,2.7021,2.5105,2.617,568426.95
1737345600,2.6211,3.0976,2.601,2.9086,304840.45
1737360000,2.9185,2.977,2.8338,2.9282,326355.07
1737374400,2.9261,2.9261,2.7543,2.7694,285316.14
1737388800,2.7727,2.8624,2.6145,2.7767,335167.72
1737403200,2.7741,2.832,2.6829,2.7355,222872.17
1737417600,2.7386,2.7466,2.6317,2.6686,149465.03
1737432000,2.6614,2.6701,2.5958,2.6419,60685.06
1737446400,2.6456,2.7723,2.6155,2.7723,114390.56
1737460800,2.773,2.7887,2.6628,2.693,137706.22
1737475200,2.6916,2.8668,2.6897,2.7974,339740.35
1737489600,2.7966,2.8097,2.7428,2.7735,121466.07
1737504000,2.7716,2.8179,2.7281,2.8019,61135.58
1737518400,2.81,2.82,2.6991,2.7099,77952.64
1737532800,2.7084,2.7618,2.6775,2.7472,59210.35
1737547200,2.7467,2.7477,2.6193,2.6365,120466.43
1737561600,2.6373,2.6697,2.5937,2.6173,50738.51
1737576000,2.6177,2.6316,2.5746,2.5966,201984.37
1737590400,2.5926,2.6012,2.5426,2.5722,156695.72
1737604800,2.5722,2.5802,2.5138,2.5561,149890.69
1737619200,2.5594,2.5595,2.5112,2.5526,60919.11
1737633600,2.5525,2.6817,2.5093,2.6226,346546.24
1737648000,2.6226,2.7259,2.5126,2.5246,138206.72
1737662400,2.5246,2.7652,2.5062,2.7405,246623.93
1737676800,2.736,2.7777,2.5845,2.6615,161342.1
1737691200,2.6627,2.9375,2.6347,2.8432,532874.67
1737705600,2.8457,2.987,2.8336,2.9554,487086.84
1737720000,2.9562,3.006,2.8545,2.8977,589412.9300000001
1737734400,2.8965,2.943,2.8458,2.8747,194937.15
1737748800,2.8858,2.8986,2.7325,2.7522,456475.81
1737763200,2.7508,2.8276,2.6789,2.8115,125421.01
1737777600,2.8046,2.8172,2.7522,2.7608,74588.07
1737792000,2.7648,2.8112,2.7218,2.7491,145899.39
1737806400,2.7478,2.899,2.7039,2.821,317315.47
1737820800,2.8176,2.9322,2.7657,2.8513,180027.19
1737835200,2.8484,2.8874,2.8001,2.8056,55605.88
1737849600,2.8054,2.843,2.7441,2.7815,87352.97
1737864000,2.7755,2.8667,2.7702,2.8223,77941.23
1737878400,2.8175,2.8648,2.7639,2.7883,48523.04
1737892800,2.7882,2.7886,2.7513,2.7616,120536.99
1737907200,2.7606,2.8279,2.739,2.8279,84859.51
1737921600,2.8262,2.8262,2.6438,2.6539,104037.21
1737936000,2.6416,2.6723,2.5246,2.5471,125801.92
1737950400,2.5456,2.5508,2.341,2.417,315944.33
1737964800,2.4171,2.4504,2.342,2.3739,134984.63
1737979200,2.3726,2.5485,2.3677,2.5301,411979.76
1737993600,2.5277,2.5277,2.3896,2.4288,99681.87
1738008000,2.4313,2.6269,2.4302,2.5807,64882.26
1738022400,2.5813,2.6651,2.5392,2.656,82332.18
1738036800,2.6565,2.7059,2.63,2.6545,130645.45
1738051200,2.6658,2.6708,2.583,2.5865,216241.37
1738065600,2.5888,2.7156,2.5393,2.6823,82836.72
1738080000,2.6873,2.6903,2.5246,2.555,86973.25
1738094400,2.5536,2.5707,2.4,2.4252,322418.68
1738108800,2.4208,2.4557,2.3781,2.4493,79163.12
1738123200,2.4506,2.5556,2.4318,2.546,60873.5
1738137600,2.547,2.5804,2.4901,2.5124,47652.68
1738152000,2.5154,2.5216,2.4128,2.4405,143090.51
1738166400,2.4408,2.7431,2.4073,2.6279,247083.15
1738180800,2.6397,2.797,2.5999,2.6296,341814.52
1738195200,2.6305,2.7958,2.5977,2.7955,128922.56
1738209600,2.7995,2.8357,2.7326,2.7723,144739.18
1738224000,2.7775,2.8902,2.7497,2.8718,102562.82
1738238400,2.8715,2.9623,2.8098,2.9173,111581.16
1738252800,2.9184,2.9544,2.7935,2.8325,120369.08
1738267200,2.8322,2.8335,2.7754,2.8033,102532.77
1738281600,2.8079,2.8832,2.7452,2.7669,111973.1
1738296000,2.7596,2.9353,2.7253,2.9145,100990.14
1738310400,2.9112,3.1407,2.8461,3.0897,229939.87
1738324800,3.0907,3.1977,3.0337,3.1926,585236.53
1738339200,3.1932,3.2016,3.0065,3.0305,595627.15
1738353600,3.0298,3.0632,2.95,3.0033,283889.28
1738368000,2.9996,3.0738,2.9578,2.9908,193445.06
1738382400,2.986,3.0518,2.9743,2.9775,122717.39
1738396800,2.9775,2.9844,2.796,2.8413,189358.23
1738411200,2.8389,2.871,2.7641,2.8193,93115.24
1738425600,2.8226,2.8612,2.7263,2.7433,73704.2
1738440000,2.7422,2.7422,2.5479,2.5714,144032.22
1738454400,2.5738,2.6372,2.5016,2.5242,168783.82
1738468800,2.5249,2.6537,2.5111,2.5807,96734.58
1738483200,2.5862,2.6746,2.5194,2.5425,127222.86
1738497600,2.5442,2.653,2.5154,2.5477,110715.51
1738512000,2.5496,2.5496,2.2552,2.3423,665365.0600000001
1738526400,2.3405,2.3866,2.0558,2.1727,583080.08
1738540800,2.1665,2.1665,1.2921,1.6823,8660143.3499999996
1738555200,1.6837,1.869,1.638,1.8645,2265508.8599999999
1738569600,1.864,1.9231,1.7915,1.9136,1222493.74
1738584000,1.9196,2.0118,1.7479,1.9545,1873046.9399999999
1738598400,1.954,2.1138,1.9325,2.097,1099113.5800000001
1738612800,2.0925,2.2515,2.0258,2.1854,711603.42
1738627200,2.1877,2.1877,2.0196,2.044,598199.99
1738641600,2.0443,2.0797,1.8613,1.8883,1564360.0800000001
1738656000,1.8851,1.9795,1.8506,1.9236,658423.42
1738670400,1.9275,2.0291,1.9043,1.9409,1022506.67
1738684800,1.9476,2.0355,1.927,1.9394,485238.2
1738699200,1.927,1.9777,1.8185,1.9655,576290.64
1738713600,1.9665,1.9719,1.8874,1.9041,363316.55
1738728000,1.9069,1.9385,1.8709,1.9042,409159.54
1738742400,1.9037,1.983,1.8843,1.9416,196247.93
1738756800,1.94,1.9579,1.8699,1.8963,142795.23
1738771200,1.8963,1.9263,1.823,1.9022,254816.72
1738785600,1.9043,1.9134,1.8229,1.8804,200822.28
1738800000,1.8787,1.8917,1.8225,1.8395,247337.24
1738814400,1.8373,1.8721,1.8266,1.8369,169286.25
1738828800,1.8377,1.8519,1.7663,1.8,155945.05
1738843200,1.8008,1.8107,1.672,1.6929,1209050.9299999999
1738857600,1.6921,1.7324,1.68,1.6863,1006520.67
1738872000,1.6855,1.7265,1.6736,1.6897,228827.55
1738886400,1.6877,1.7693,1.6877,1.7394,589465.16
1738900800,1.7407,1.7473,1.6846,1.704,538383.3199999999
1738915200,1.7045,1.8139,1.6944,1.7857,191545.75
1738929600,1.7853,1.9031,1.7638,1.7992,786785.88
1738944000,1.8022,1.8071,1.7311,1.7345,368949.07
1738958400,1.7386,1.7387,1.6173,1.6984,471476.9
1738972800,1.6959,1.7379,1.6879,1.6949,374247.51
1738987200,1.6946,1.7114,1.6639,1.6962,116627.67
1739001600,1.6953,1.7137,1.6746,1.7079,55106.1
1739016000,1.7065,1.7797,1.6982,1.7522,99453.23
1739030400,1.7478,1.84,1.735,1.826,134425.81
1739044800,1.8293,1.84,1.7911,1.8219,70650.1
1739059200,1.8209,1.8442,1.7816,1.8362,107182.45
1739073600,1.8364,1.8364,1.747,1.7949,131493.97
1739088000,1.7951,1.8077,1.7151,1.7213,171173.04
1739102400,1.7208,1.7245,1.6587,1.6987,150366.59
1739116800,1.6965,1.7071,1.6552,1.6604,85808.01
1739131200,1.6598,1.6798,1.5637,1.663,325183.55
1739145600,1.6668,1.7635,1.6264,1.6737,289329.88
1739160000,1.6764,1.7429,1.6621,1.724,104550.23
1739174400,1.724,1.747,1.6743,1.6954,248736.27
1739188800,1.6939,1.7852,1.6239,1.7041,780498.25
1739203200,1.7039,1.7643,1.6975,1.7341,193772.95
1739217600,1.7322,1.7518,1.689,1.7095,271741.95
1739232000,1.7057,1.796,1.7025,1.7256,192962.72
1739246400,1.7263,1.8236,1.7188,1.8001,135107.96
1739260800,1.8031,1.8196,1.7389,1.7812,195565.73
1739275200,1.7814,1.7835,1.6627,1.7458,186331.86
1739289600,1.7473,1.7757,1.6264,1.6434,352476.41
1739304000,1.6379,1.6717,1.6246,1.6544,169508.36
1739318400,1.6511,1.6661,1.5861,1.6108,357481.97
1739332800,1.6139,1.6224,1.5888,1.6082,130976.61
1739347200,1.6099,1.6299,1.5801,1.6124,236766.06
1739361600,1.613,1.6829,1.4722,1.5666,1441520.5800000001
1739376000,1.5624,1.6728,1.5111,1.6598,471495.8
1739390400,1.6597,1.8056,1.6426,1.7421,571392.0600000001
1739404800,1.7454,1.7573,1.7003,1.7529,85221.26
1739419200,1.7535,1.7535,1.658,1.6638,323057.64
1739433600,1.6652,1.7185,1.6578,1.6772,85684.35
1739448000,1.6776,1.7031,1.6124,1.6615,255118.65
1739462400,1.6621,1.7122,1.607,1.6737,204551.35
1739476800,1.6713,1.7194,1.6709,1.7131,122092.57
1739491200,1.714,1.7252,1.6845,1.7117,77968.99
1739505600,1.7083,1.7143,1.6774,1.688,164615.82
1739520000,1.6888,1.7378,1.6765,1.694,157172.04
1739534400,1.6924,1.7735,1.6733,1.7623,357846.01
1739548800,1.7688,1.8158,1.739,1.7754,293066.13
1739563200,1.7759,1.7882,1.71,1.7466,205340.95
1739577600,1.7442,1.7817,1.7062,1.7542,58437.82
1739592000,1.7534,1.7874,1.6687,1.6849,143528.3
1739606400,1.6869,1.702,1.6267,1.6422,115940.17
1739620800,1.6416,1.6511,1.599,1.6165,238001.35
1739635200,1.6149,1.633,1.599,1.605,119029.42
1739649600,1.6058,1.6237,1.588,1.615,97818.46
1739664000,1.6134,1.6213,1.5646,1.5865,124349.43
1739678400,1.5837,1.6092,1.5769,1.5843,108687.17
1739692800,1.5843,1.7052,1.5785,1.6947,205812.03
1739707200,1.6856,1.6947,1.5879,1.6527,180889.24
1739721600,1.654,1.6651,1.5887,1.6191,253824.3
1739736000,1.6164,1.7093,1.5979,1.7047,252234.68
1739750400,1.6972,1.811,1.6861,1.7608,477264.13
1739764800,1.7605,1.7658,1.6768,1.699,818929.4
1739779200,1.6972,1.8871,1.6895,1.8411,1915142.6399999999
1739793600,1.8469,1.9087,1.8147,1.8196,580569.21
1739808000,1.8181,1.8303,1.7522,1.7757,796497.22
1739822400,1.7767,1.8625,1.7748,1.807,348429.61
1739836800,1.8076,1.8593,1.7982,1.8173,303663.27
1739851200,1.8132,1.8256,1.7135,1.7224,270197.97
1739865600,1.7222,1.7287,1.6362,1.6661,564517.4300000001
1739880000,1.6642,1.7152,1.6187,1.6224,315490.3
1739894400,1.6226,1.6496,1.5821,1.6366,448790.67
1739908800,1.6361,1.692,1.6185,1.6775,208787.05
1739923200,1.6752,1.6956,1.6521,1.6641,136660.93
1739937600,1.6659,1.7102,1.6305,1.7036,79739.77
1739952000,1.7038,1.7534,1.6881,1.7403,184288.68
1739966400,1.7406,1.7437,1.6678,1.6785,277629.38
1739980800,1.6792,1.7178,1.6692,1.6872,222793.74
1739995200,1.6872,1.7257,1.6552,1.7195,148021.61
1740009600,1.7207,1.8971,1.7162,1.877,161898.93
1740024000,1.8761,1.903,1.8377,1.8688,297167.04
1740038400,1.8703,1.9894,1.8636,1.9752,221315.13
1740052800,1.9849,1.9972,1.9255,1.9288,496478.22
1740067200,1.9292,1.9677,1.9191,1.9527,436817.93
1740081600,1.9559,1.9883,1.9445,1.9582,258260.47
1740096000,1.9584,2.0225,1.92,2.0166,234960.95
1740110400,2.0131,2.0615,1.9667,1.9709,140566.94
1740124800,1.9715,2.0607,1.958,1.9911,262896.43
1740139200,1.9972,2.1141,1.8998,1.9234,1027753.58
1740153600,1.9308,2.0151,1.9073,1.9422,786191.76
1740168000,1.9389,2.0024,1.9379,1.9687,356465.65
1740182400,1.9688,1.9751,1.9209,1.9505,174889.68
1740196800,1.9493,2.024,1.9438,1.9485,336839.42
1740211200,1.9502,2.0736,1.9264,2.0078,311575.35
1740225600,2.0074,2.0877,1.9974,2.071,237383.81
1740240000,2.0706,2.1014,1.9907,2.0,366670.56
1740254400,2.0003,2.0003,1.9472,1.9548,109300.59
1740268800,1.9549,1.9793,1.9473,1.9594,110790.34
1740283200,1.9586,2.0536,1.9285,2.0474,116933.96
1740297600,2.0446,2.0449,1.9513,1.9516,161775.63
1740312000,1.9516,1.9982,1.9269,1.9354,171015.95
1740326400,1.9341,1.9523,1.9022,1.9099,94971.13
1740340800,1.9087,1.9087,1.8582,1.892,303447.82
1740355200,1.891,1.9438,1.7936,1.7982,276188.44
1740369600,1.7959,1.8071,1.7183,1.7315,272486.12
1740384000,1.7314,1.7491,1.6634,1.7293,676522.17
1740398400,1.728,1.7503,1.6936,1.7132,421835.48
1740412800,1.7098,1.7429,1.6636,1.6816,221970.99
1740427200,1.682,1.7073,1.5015,1.5334,670075.54
1740441600,1.5346,1.5487,1.4734,1.4919,393316.15
1740456000,1.4932,1.5176,1.4012,1.4537,539164.51
1740470400,1.4527,1.5768,1.4485,1.5752,546478.41
1740484800,1.5727,1.6022,1.5537,1.5794,470365.38
1740499200,1.5786,1.6133,1.5547,1.6098,325324.75
1740513600,1.6126,1.6618,1.6005,1.6418,526585.26
1740528000,1.6425,1.699,1.6234,1.6689,145075.77
1740542400,1.6732,1.7237,1.6586,1.6651,136295.17
1740556800,1.6708,1.6817,1.6377,1.6461,111044.19
1740571200,1.6447,1.7214,1.6169,1.7074,158927.32
1740585600,1.7112,1.716,1.5887,1.6249,354224.46
1740600000,1.6265,1.7611,1.6116,1.7236,307585.25
1740614400,1.7295,1.7435,1.6863,1.7285,188124.66
1740628800,1.7281,1.7543,1.6866,1.7378,114798.52
1740643200,1.7377,1.7832,1.722,1.739,85604.33
1740657600,1.7402,1.7492,1.6894,1.719,160639.75
1740672000,1.7131,1.7259,1.6781,1.684,108697.06
1740686400,1.6835,1.7121,1.6506,1.7073,90110.36
1740700800,1.7117,1.7181,1.6106,1.615,170509.51
1740715200,1.6179,1.6396,1.5562,1.5733,203079.14
1740729600,1.5675,1.5986,1.5238,1.5386,258964.46
1740744000,1.5383,1.6416,1.5277,1.6295,188271.45
1740758400,1.6269,1.7109,1.6215,1.7027,180353.76
1740772800,1.6961,1.7224,1.6826,1.7069,40831.45
1740787200,1.7061,1.7067,1.6583,1.6945,83263.75
1740801600,1.6943,1.7101,1.6289,1.6301,31674.54
1740816000,1.6321,1.6524,1.5834,1.5854,33870.06
1740830400,1.5866,1.6081,1.5758,1.5881,35650.28
1740844800,1.5872,1.6128,1.5758,1.5989,91787.78
1740859200,1.5969,1.6113,1.5859,1.6004,48304.32
1740873600,1.6,1.6026,1.5768,1.586,38820.89
1740888000,1.5856,1.6061,1.576,1.5807,33264.27
1740902400,1.5807,1.6493,1.5753,1.6403,103629.91
1740916800,1.6405,1.6587,1.5623,1.622,158590.99
1740931200,1.6228,1.8056,1.6117,1.7783,849961.04
1740945600,1.783,1.8016,1.7675,1.7859,87249.71
1740960000,1.788,1.788,1.6764,1.6991,128009.76
1740974400,1.6986,1.7394,1.6435,1.6862,170922.1
1740988800,1.6827,1.6885,1.6246,1.6561,143043.92
1741003200,1.6573,1.6863,1.5938,1.599,199494.98
1741017600,1.602,1.6052,1.4196,1.4507,356128.6
1741032000,1.4477,1.4732,1.41,1.4224,151300.75
1741046400,1.4226,1.4335,1.2592,1.3364,647590.15
1741060800,1.3325,1.3732,1.3273,1.3597,126152.13
1741075200,1.3599,1.365,1.3328,1.3438,104950.26
1741089600,1.3422,1.4046,1.3174,1.3616,420911.72
1741104000,1.3637,1.4117,1.2668,1.4012,412577.24
1741118400,1.4013,1.4474,1.3817,1.4182,131266.84
1741132800,1.4187,1.4286,1.3679,1.3679,118934.22
1741147200,1.368,1.4148,1.368,1.4115,72643.29
1741161600,1.4139,1.5111,1.4126,1.4566,495715.4
1741176000,1.4573,1.4902,1.4378,1.4468,150046.22
1741190400,1.4465,1.4972,1.4152,1.4811,124231.28
1741204800,1.4792,1.5092,1.4792,1.4809,88099.34
1741219200,1.4807,1.4833,1.4286,1.4718,223625.23
1741233600,1.4717,1.5035,1.4543,1.4711,134979.5
1741248000,1.4691,1.4824,1.4468,1.473,61389.68
1741262400,1.4744,1.4745,1.4168,1.4462,119966.53
1741276800,1.4487,1.4516,1.3843,1.3896,64734.02
1741291200,1.3903,1.4223,1.3788,1.3866,73617.28
1741305600,1.3861,1.4104,1.3179,1.3542,250306.36
1741320000,1.3544,1.3719,1.339,1.3502,65560.2
1741334400,1.3504,1.3804,1.3366,1.3714,94999.6
1741348800,1.3721,1.396,1.3443,1.3752,236087.02
1741363200,1.3758,1.4082,1.3279,1.3749,162827.56
1741377600,1.3743,1.3826,1.2831,1.2889,172134.8
1741392000,1.2896,1.3171,1.2679,1.3044,106681.88
1741406400,1.3034,1.3092,1.2676,1.2694,58109.79
1741420800,1.2689,1.2834,1.2327,1.2464,159892.6
1741435200,1.2466,1.2767,1.2366,1.2514,156037.33
1741449600,1.2518,1.3137,1.2329,1.3063,242161.17
1741464000,1.3079,1.3165,1.2854,1.3077,161167.05
1741478400,1.3026,1.3093,1.2811,1.2966,36257.54
1741492800,1.2972,1.3043,1.2781,1.2812,90364.53
1741507200,1.28,1.2887,1.2673,1.2744,133157.5
1741521600,1.2733,1.2739,1.1838,1.194,201779.21
1741536000,1.1954,1.2035,1.1113,1.1501,760072.01
1741550400,1.1492,1.1709,1.1251,1.1484,151817.76
1741564800,1.1537,1.1897,1.1285,1.1586,186442.99
1741579200,1.1581,1.1889,1.1577,1.1793,100127.7
1741593600,1.1808,1.232,1.1607,1.2094,317849.44
1741608000,1.2113,1.2241,1.113,1.1399,271458.24
1741622400,1.1397,1.1451,1.0573,1.125,490685.43
1741636800,1.1236,1.1319,1.0855,1.0866,88111.66
1741651200,1.0864,1.1001,0.9843,1.053,604735.84
1741665600,1.0533,1.117,1.0503,1.1019,317778.51
1741680000,1.1006,1.1054,1.0707,1.0835,204661.98
1741694400,1.085,1.1193,1.0385,1.103,721533.4
1741708800,1.1004,1.1682,1.0877,1.1529,503659.6
1741723200,1.1517,1.1534,1.1179,1.1221,72048.04
1741737600,1.1236,1.1489,1.0925,1.0925,96014.28
1741752000,1.0903,1.1281,1.0732,1.1204,132922.25
1741766400,1.1211,1.1622,1.1158,1.1393,229481.87
1741780800,1.1392,1.1696,1.0771,1.0965,271996.26
1741795200,1.0967,1.1254,1.0939,1.1179,103081.96
1741809600,1.117,1.1423,1.1139,1.1322,82012.85
1741824000,1.1331,1.1411,1.1158,1.1224,118514.45
1741838400,1.123,1.1282,1.0824,1.0953,120551.42
1741852800,1.0964,1.1268,1.0843,1.1105,120879.68
1741867200,1.112,1.1255,1.0669,1.071,121899.19
1741881600,1.0714,1.0714,1.009,1.0227,230432.03
1741896000,1.0238,1.08,1.0132,1.0676,123801.44
1741910400,1.0676,1.0937,1.0649,1.0932,80395.8
1741924800,1.0936,1.1398,1.0929,1.1253,453890.14
1741939200,1.1239,1.139,1.1154,1.1222,224209.02
1741953600,1.1222,1.1492,1.1041,1.1403,322217.65
1741968000,1.1411,1.1527,1.1303,1.1383,82187.36
1741982400,1.1388,1.1408,1.1213,1.1304,103619.02
1741996800,1.1316,1.1372,1.113,1.1367,104803.91
1742011200,1.1373,1.1488,1.129,1.1315,26560.64
1742025600,1.1315,1.1616,1.1239,1.1566,83193.75
1742040000,1.1564,1.1716,1.1519,1.1683,61648.63
1742054400,1.169,1.1911,1.1581,1.1665,146446.9
1742068800,1.1687,1.1992,1.1661,1.1683,63216.64
1742083200,1.1686,1.1728,1.1464,1.1559,52556.37
1742097600,1.1555,1.1604,1.147,1.1514,29705.18
1742112000,1.1512,1.1512,1.0974,1.0992,215400.27
1742126400,1.0999,1.1134,1.09,1.1115,282916.0
1742140800,1.1111,1.1443,1.0892,1.0942,267224.72
1742155200,1.0972,1.1116,1.081,1.0937,61971.48
1742169600,1.0939,1.1389,1.0939,1.1353,230616.97
1742184000,1.1364,1.1791,1.1339,1.1709,220751.62
1742198400,1.1698,1.1735,1.1533,1.1652,102803.96
1742212800,1.1698,1.1894,1.1438,1.1622,314984.99
1742227200,1.1639,1.192,1.1604,1.1741,174263.33
1742241600,1.1741,1.1839,1.1635,1.1666,59829.49
1742256000,1.1672,1.1698,1.1249,1.1284,97307.47
1742270400,1.1297,1.1366,1.1069,1.1165,58382.88
1742284800,1.1165,1.1314,1.1086,1.1112,33936.48
1742299200,1.1087,1.1227,1.0951,1.0962,153080.02
1742313600,1.0974,1.118,1.0875,1.116,38652.49
1742328000,1.1156,1.1587,1.1082,1.1565,148031.89
1742342400,1.1562,1.1629,1.137,1.1497,61301.82
1742356800,1.1507,1.1507,1.1263,1.1263,177897.7
1742371200,1.1308,1.2227,1.1308,1.2196,743940.16
1742385600,1.2172,1.2172,1.1752,1.2036,1217958.6699999999
1742400000,1.2037,1.2167,1.1677,1.1951,317674.14
1742414400,1.2017,1.2151,1.1951,1.2082,135605.47
1742428800,1.2087,1.2174,1.1776,1.1792,140110.73
1742443200,1.1798,1.181,1.161,1.1725,77425.76
1742457600,1.1734,1.1876,1.1444,1.1473,88879.02
1742472000,1.1459,1.1665,1.138,1.1428,62377.16
1742486400,1.1439,1.1509,1.1232,1.1475,89531.12
1742500800,1.1469,1.1601,1.1433,1.1552,237558.21
1742515200,1.1561,1.1788,1.1561,1.1719,71232.59
1742529600,1.1727,1.1798,1.1312,1.133,194707.19
1742544000,1.1331,1.1353,1.1054,1.1148,62233.14
1742558400,1.1148,1.1316,1.1076,1.1181,145034.01
1742572800,1.1173,1.1482,1.1141,1.1435,75884.16
1742587200,1.144,1.1619,1.1327,1.1385,19883.85
1742601600,1.1386,1.1521,1.1289,1.151,41247.43
1742616000,1.151,1.1779,1.1483,1.1721,64677.1
1742630400,1.1715,1.2057,1.1654,1.1867,98130.55
1742644800,1.1873,1.2066,1.1846,1.2055,197481.37
1742659200,1.2038,1.2239,1.195,1.2136,155510.8
1742673600,1.2168,1.2181,1.1928,1.2056,57530.67
1742688000,1.205,1.2442,1.1969,1.2425,93463.83
1742702400,1.2383,1.2383,1.1723,1.1989,127800.88
1742716800,1.1999,1.2102,1.1877,1.1901,59314.98
1742731200,1.19,1.195,1.1778,1.1784,57534.74
1742745600,1.1773,1.183,1.1575,1.1689,152801.02
1742760000,1.1704,1.1852,1.1649,1.1852,73776.97
1742774400,1.1833,1.1985,1.153,1.1897,202468.23
1742788800,1.1935,1.2255,1.1908,1.1965,466197.33
1742803200,1.1983,1.2013,1.1721,1.1821,184908.95
1742817600,1.1807,1.2117,1.1691,1.1827,279813.65
1742832000,1.1828,1.1891,1.1643,1.1841,171843.44
1742846400,1.1851,1.1904,1.1629,1.1774,125367.43
1742860800,1.1753,1.1869,1.1313,1.1372,391467.46
1742875200,1.1356,1.1602,1.126,1.1493,169734.76
1742889600,1.1494,1.1852,1.1494,1.1645,139571.83
1742904000,1.1637,1.1734,1.1426,1.1662,193214.06
1742918400,1.1663,1.1972,1.1556,1.19,151755.55
1742932800,1.1896,1.198,1.1745,1.1821,23038.5
1742947200,1.1824,1.1957,1.1594,1.1646,83547.58
1742961600,1.1638,1.2155,1.1618,1.2152,249862.07
1742976000,1.2156,1.2348,1.1978,1.2285,73482.85
1742990400,1.2293,1.2311,1.1508,1.1633,451673.57
1743004800,1.1632,1.1879,1.1497,1.1642,292605.6
1743019200,1.1607,1.1772,1.1403,1.1516,133155.59
1743033600,1.1512,1.2065,1.1489,1.2024,130156.19
1743048000,1.2032,1.2053,1.1819,1.1847,252205.56
1743062400,1.185,1.1912,1.1526,1.1552,170660.74
1743076800,1.1552,1.1748,1.1411,1.1618,367636.23
1743091200,1.1601,1.1744,1.1428,1.1715,156553.85
1743105600,1.1703,1.1813,1.1605,1.164,227827.99
1743120000,1.164,1.1742,1.1241,1.1314,342496.6
1743134400,1.1316,1.1328,1.0381,1.0413,428879.8
1743148800,1.0423,1.0563,1.0252,1.0413,282704.19
1743163200,1.0417,1.0455,1.018,1.0295,267290.7
1743177600,1.0298,1.0367,1.0066,1.0126,66293.31
1743192000,1.0128,1.0379,1.0047,1.0268,145544.36
1743206400,1.0253,1.039,0.9821,1.0078,195426.88
1743220800,1.0077,1.0077,0.9517,0.9569,306841.07
1743235200,0.9582,0.9634,0.9226,0.9328,387044.74
1743249600,0.9317,0.9568,0.9235,0.9254,265053.62
1743264000,0.9281,0.9399,0.9047,0.9334,121070.86
1743278400,0.9333,0.9464,0.9211,0.9434,45930.51
1743292800,0.9438,0.9554,0.9295,0.9461,23805.71
1743307200,0.946,0.9622,0.9405,0.9415,27027.82
1743321600,0.9417,0.9582,0.9339,0.9437,32524.11
1743336000,0.9456,0.958,0.9305,0.9396,51498.08
1743350400,0.9408,0.9574,0.9225,0.9481,180959.08
1743364800,0.9479,0.9507,0.92,0.9385,47350.89
1743379200,0.9389,0.9441,0.9164,0.9192,293144.52
1743393600,0.9203,0.9349,0.9035,0.9072,82776.3
1743408000,0.9097,0.9235,0.8866,0.9187,302727.94
1743422400,0.9181,0.9468,0.9028,0.9318,307322.55
1743436800,0.9317,0.9442,0.9191,0.9345,81205.17
1743451200,0.9353,0.9401,0.924,0.9298,240871.73
1743465600,0.9295,0.9515,0.9247,0.942,104356.36
1743480000,0.9417,0.9533,0.9304,0.9423,54706.76
1743494400,0.9452,0.9611,0.9153,0.9223,237632.55
1743508800,0.9228,0.955,0.9103,0.9478,561618.03
1743523200,0.9483,0.9532,0.9192,0.9206,436579.53
1743537600,0.9208,0.9292,0.9117,0.9161,159694.85
1743552000,0.9153,0.9187,0.844,0.8673,765564.4300000001
1743566400,0.8675,0.8731,0.8425,0.8564,250096.85
1743580800,0.8564,0.8984,0.8552,0.878,686745.08
1743595200,0.879,0.9188,0.8665,0.904,223284.34
1743609600,0.9046,0.9113,0.8746,0.8925,117808.69
1743624000,0.8923,0.9181,0.806,0.8191,753524.15
1743638400,0.8217,0.8653,0.8186,0.8599,216025.24
1743652800,0.8608,0.868,0.8097,0.8171,335251.68
1743667200,0.8166,0.8232,0.7599,0.7832,283771.71
1743681600,0.784,0.7881,0.7609,0.7827,447986.42
1743696000,0.7834,0.8048,0.7834,0.7984,294881.85
1743710400,0.7978,0.8314,0.796,0.8223,177665.87
1743724800,0.8229,0.8261,0.8092,0.8175,75382.25
1743739200,0.8186,0.8256,0.8064,0.8221,83391.79
1743753600,0.8222,0.8311,0.7755,0.7832,138172.95
1743768000,0.7835,0.8242,0.7835,0.8055,194564.71
1743782400,0.807,0.846,0.7992,0.829,237462.13
1743796800,0.8303,0.8338,0.8196,0.8241,103712.44
1743811200,0.8247,0.8378,0.8201,0.8278,52796.79
1743825600,0.8283,0.8366,0.8203,0.8336,87898.84
1743840000,0.8339,0.863,0.8339,0.8432,105325.99
1743854400,0.8432,0.8464,0.813,0.8199,128940.95
1743868800,0.8198,0.8235,0.7996,0.8032,83787.48
1743883200,0.8038,0.8198,0.8038,0.8167,38191.2
1743897600,0.817,0.817,0.8054,0.811,161194.92
1743912000,0.8113,0.8226,0.7855,0.7927,85689.13
1743926400,0.7939,0.8033,0.7851,0.7946,93796.97
1743940800,0.7947,0.7954,0.7615,0.7752,155146.72
1743955200,0.7748,0.7764,0.7194,0.7388,867585.45
1743969600,0.7377,0.7504,0.7174,0.7443,271039.82
1743984000,0.7444,0.7645,0.7235,0.7348,121325.82
1743998400,0.7365,0.7502,0.6586,0.6961,1069284.6100000001
1744012800,0.6967,0.7329,0.6901,0.7192,636601.02
1744027200,0.7208,0.8156,0.7153,0.7684,1020636.28
1744041600,0.7675,0.7749,0.75,0.7547,259637.87
1744056000,0.7566,0.7741,0.7566,0.7567,33274.59
1744070400,0.7574,0.7783,0.7501,0.7606,38403.65
1744084800,0.7622,0.7669,0.7385,0.7431,56273.44
1744099200,0.7431,0.7542,0.7374,0.7542,36903.39
1744113600,0.7555,0.7621,0.7336,0.7359,60707.29
1744128000,0.7366,0.7369,0.6993,0.7062,157542.27
1744142400,0.7065,0.7111,0.6874,0.6898,102956.58
1744156800,0.69,0.7104,0.6666,0.7077,146261.15
1744171200,0.7117,0.7361,0.7102,0.7337,79560.81
1744185600,0.7347,0.738,0.716,0.7184,39586.26
1744200000,0.7183,0.7402,0.7087,0.7295,77422.81
1744214400,0.7292,0.8209,0.7292,0.8182,1001081.75
1744228800,0.8186,0.8422,0.8152,0.8156,330458.31
1744243200,0.8154,0.8156,0.7847,0.7911,328482.93
1744257600,0.7918,0.7946,0.7749,0.7813,51915.43
1744272000,0.7816,0.7847,0.7728,0.7819,31667.09
1744286400,0.7832,0.8014,0.7521,0.7559,252537.21
1744300800,0.7592,0.7709,0.7521,0.7709,51025.47
1744315200,0.7689,0.7856,0.7689,0.7832,94702.95
1744329600,0.7834,0.8185,0.7792,0.8155,79196.34
1744344000,0.817,0.8186,0.8025,0.8054,49442.19
1744358400,0.8049,0.8166,0.7969,0.8035,183076.75
1744372800,0.8038,0.8133,0.7946,0.8119,97949.35
1744387200,0.8125,0.8298,0.8071,0.8136,152460.52
1744401600,0.8142,0.8233,0.8106,0.8156,68346.19
1744416000,0.8153,0.8187,0.8124,0.8158,52243.67
1744430400,0.8151,0.8326,0.8108,0.8276,69059.63
1744444800,0.8288,0.8474,0.8254,0.8352,78556.49
1744459200,0.8353,0.874,0.8335,0.8704,214110.03
1744473600,0.8699,0.872,0.8531,0.8586,86854.15
1744488000,0.8585,0.8653,0.8538,0.8607,22326.74
1744502400,0.8615,0.8618,0.8453,0.8473,105923.7
1744516800,0.8468,0.8468,0.8324,0.8392,118954.45
1744531200,0.8409,0.8496,0.835,0.8379,65377.27
1744545600,0.841,0.8416,0.8136,0.818,229040.15
1744560000,0.8194,0.8626,0.8055,0.8202,121136.3
1744574400,0.8209,0.8334,0.7961,0.8086,161881.75
1744588800,0.808,0.8425,0.8048,0.815,69288.88
1744603200,0.815,0.8282,0.8066,0.8192,60314.12
1744617600,0.8194,0.8564,0.8161,0.8549,70129.87
1744632000,0.8561,0.8567,0.7872,0.7926,185053.12
1744646400,0.7924,0.8111,0.7834,0.8047,117772.39
1744660800,0.8052,0.8126,0.7942,0.7968,27771.85
1744675200,0.7972,0.8039,0.7854,0.8026,25342.18
1744689600,0.8016,0.8087,0.7927,0.8043,32966.2
1744704000,0.8054,0.8149,0.7924,0.7996,44239.22
1744718400,0.7988,0.8137,0.7851,0.796,61090.89
1744732800,0.7969,0.799,0.7711,0.7748,162953.02
1744747200,0.7748,0.7845,0.7673,0.7717,67464.55
1744761600,0.7716,0.7867,0.7623,0.7808,91692.37
1744776000,0.7811,0.7923,0.7705,0.7785,40361.47
1744790400,0.7786,0.7938,0.773,0.7851,72126.33
1744804800,0.7853,0.8013,0.77,0.79,81450.11
1744819200,0.7885,0.8092,0.7637,0.8046,445645.05
1744833600,0.8064,0.8128,0.7808,0.7853,254547.52
1744848000,0.7853,0.7879,0.7692,0.7745,340133.62
1744862400,0.7747,0.7965,0.7711,0.7897,39564.7
1744876800,0.789,0.792,0.775,0.7788,68915.82
1744891200,0.7799,0.7873,0.7574,0.7803,1288307.6000000001
1744905600,0.7805,0.8066,0.7748,0.7886,193911.36
1744920000,0.7883,0.7982,0.7819,0.7891,38150.68
1744934400,0.7906,0.7989,0.7812,0.7989,87671.85
1744948800,0.7992,0.8141,0.7949,0.8127,75845.92
1744963200,0.8139,0.8235,0.8105,0.8204,51303.09
1744977600,0.8204,0.8266,0.8086,0.8145,110867.43
1744992000,0.8148,0.8244,0.8124,0.8196,19671.74
1745006400,0.8203,0.8252,0.8112,0.8202,12750.82
1745020800,0.8193,0.8386,0.8175,0.835,36397.09
1745035200,0.8364,0.846,0.8316,0.8405,33174.22
1745049600,0.8404,0.8404,0.8177,0.8201,55053.68
1745064000,0.8212,0.836,0.8209,0.8325,55672.66
1745078400,0.8318,0.849,0.8247,0.8387,92151.33
1745092800,0.8387,0.8481,0.8359,0.8406,13807.82
1745107200,0.8402,0.8485,0.834,0.8484,94665.59
1745121600,0.8479,0.8645,0.8456,0.8491,84940.05
1745136000,0.8328,0.8401,0.8219,0.8258,36106.85
1745150400,0.8275,0.841,0.8247,0.8354,31558.88
1745164800,0.8352,0.848,0.8345,0.8415,32870.09
1745179200,0.8413,0.8492,0.8303,0.8366,14033.23
1745193600,0.8372,0.8564,0.8337,0.8418,38095.83
1745208000,0.8457,0.8647,0.84,0.8604,17367.53
1745222400,0.8604,0.8777,0.8563,0.8652,56836.21
1745236800,0.8651,0.8791,0.8567,0.8626,50710.52
1745251200,0.8633,0.8673,0.8266,0.8491,53163.7
1745265600,0.8491,0.8491,0.8214,0.8269,49033.58
1745280000,0.8273,0.8453,0.8101,0.8241,56163.03
1745294400,0.8242,0.8384,0.8015,0.8376,73086.48
1745308800,0.8382,0.8579,0.8348,0.8519,155423.06
1745323200,0.854,0.9092,0.854,0.9035,170140.41
1745337600,0.9031,0.9091,0.8819,0.8872,33225.66
1745352000,0.8881,0.9196,0.8848,0.9154,46130.92
1745366400,0.9159,0.959,0.9145,0.9576,127014.34
1745380800,0.959,0.9811,0.9422,0.9808,143410.73
1745395200,0.98,0.9851,0.9561,0.9693,65300.02
1745409600,0.9706,0.984,0.9227,0.9416,232280.46
1745424000,0.9431,0.96,0.9302,0.9362,357442.44
1745438400,0.936,0.9553,0.9339,0.9455,32018.17
1745452800,0.9462,0.9491,0.9112,0.9122,80303.69
1745467200,0.9128,0.9364,0.9115,0.9149,117098.23
1745481600,0.9161,0.9245,0.8931,0.9233,76789.71
1745496000,0.923,0.97,0.9188,0.9564,140915.52
1745510400,0.957,0.9709,0.9368,0.9521,171085.22
1745524800,0.9519,0.9645,0.9426,0.9611,54041.62
1745539200,0.9611,0.9732,0.9352,0.9441,57167.43
1745553600,0.944,1.0114,0.9416,1.0106,140615.76
1745568000,1.0104,1.0145,0.975,0.9938,105205.17
1745582400,0.9967,1.0029,0.9694,0.9789,281531.58
1745596800,0.981,0.9918,0.9644,0.9786,93930.77
1745611200,0.977,0.9838,0.9629,0.9747,43096.79
1745625600,0.9761,1.0342,0.9761,1.0151,76465.29
1745640000,1.013,1.0298,0.9879,1.0179,23808.6
1745654400,1.0167,1.0312,0.989,0.9914,93101.39
1745668800,0.9914,1.0144,0.9768,1.0138,226994.24
1745683200,1.0133,1.0152,0.9945,1.0075,30675.12
1745697600,1.0098,1.0221,0.9938,1.0191,30741.69
1745712000,1.0161,1.0276,0.9674,0.987,313417.12
1745726400,0.9877,0.9908,0.9589,0.9728,13667.17
1745740800,0.9735,0.9805,0.9473,0.9507,20524.87
1745755200,0.9516,0.9516,0.921,0.9283,56211.6
1745769600,0.9277,0.9429,0.9203,0.9333,34775.92
1745784000,0.933,0.9382,0.9075,0.9079,47928.72
1745798400,0.9086,0.9172,0.886,0.9127,62532.43
1745812800,0.9131,0.9682,0.9131,0.9662,41703.44
1745827200,0.9685,0.9826,0.9509,0.9749,93132.66
1745841600,0.9765,0.9765,0.9276,0.9335,45122.58
1745856000,0.9353,0.9754,0.9287,0.973,67983.83
1745870400,0.9735,0.9735,0.9496,0.9534,11147.38
1745884800,0.9537,0.9754,0.9534,0.9706,16311.78
1745899200,0.9706,0.9781,0.9478,0.9743,14238.37
1745913600,0.977,0.977,0.9474,0.9574,57604.54
1745928000,0.9572,0.9649,0.9371,0.9535,108811.32
1745942400,0.9533,0.9646,0.9438,0.9557,43850.73
1745956800,0.9558,0.959,0.9091,0.925,184218.52
1745971200,0.9252,0.9387,0.9187,0.9338,79635.64
1745985600,0.9336,0.964,0.9284,0.9383,37512.03
1746000000,0.938,0.9603,0.9342,0.9555,40490.17
1746014400,0.9567,0.9572,0.8911,0.9178,167234.18
1746028800,0.9178,0.9283,0.897,0.9073,329647.34
1746043200,0.907,0.9325,0.907,0.9299,129964.19
1746057600,0.9311,0.951,0.9209,0.921,47633.78
1746072000,0.922,0.9441,0.918,0.9364,98690.12
1746086400,0.9367,0.9921,0.9332,0.9884,289469.04
1746100800,0.9883,1.0044,0.9664,0.9871,223164.99
1746115200,0.9867,0.9943,0.9751,0.9848,140298.2
1746129600,0.9842,1.0115,0.9784,1.0059,67545.68
1746144000,1.0064,1.0197,0.9956,0.9962,85336.23
1746158400,0.9959,1.0015,0.9664,0.9676,60503.53
1746172800,0.9645,0.9742,0.9593,0.9616,69021.79
1746187200,0.9612,0.9766,0.9553,0.9669,89506.31
1746201600,0.9682,0.9858,0.9584,0.9612,167531.6
1746216000,0.9592,0.972,0.9582,0.9686,48454.59
1746230400,0.9691,0.9691,0.9411,0.9505,208284.49
1746244800,0.9489,0.9509,0.9341,0.9354,96995.67
1746259200,0.9353,0.9386,0.899,0.8999,115055.31
1746273600,0.8999,0.9058,0.8787,0.8805,81353.55
1746288000,0.8786,0.881,0.8529,0.8712,112746.36
1746302400,0.8728,0.8855,0.8572,0.872,181945.35
1746316800,0.873,0.8843,0.8613,0.8706,75542.88
1746331200,0.871,0.8885,0.865,0.8796,206556.5
1746345600,0.8804,0.8804,0.8594,0.8706,89944.42
1746360000,0.8708,0.8756,0.8473,0.8565,119876.21
1746374400,0.8586,0.8586,0.8406,0.845,62307.33
1746388800,0.845,0.8514,0.8282,0.8369,102394.31
1746403200,0.8374,0.8464,0.8227,0.8406,64787.8
1746417600,0.8407,0.8521,0.8405,0.8461,77227.07
1746432000,0.8455,0.8513,0.822,0.829,154976.73
1746446400,0.8271,0.8333,0.8135,0.8184,54411.48
1746460800,0.819,0.8377,0.8154,0.8192,27078.59
1746475200,0.8202,0.8202,0.8002,0.8025,55774.03
1746489600,0.8038,0.8062,0.785,0.8008,135758.06
1746504000,0.799,0.8096,0.796,0.7991,67914.95
1746518400,0.7989,0.7989,0.7708,0.777,114864.16
1746532800,0.7779,0.7972,0.7762,0.7835,171761.98
1746547200,0.7824,0.8049,0.7802,0.7854,49207.84
1746561600,0.7858,0.7977,0.7554,0.7949,66950.79
1746576000,0.7941,0.8061,0.7777,0.7883,99078.63
1746590400,0.7882,0.7919,0.7708,0.7859,135420.12
1746604800,0.7838,0.7928,0.7588,0.7656,56248.25
1746619200,0.7664,0.7789,0.7542,0.7591,79750.22
1746633600,0.7577,0.7723,0.7428,0.7598,84457.81
1746648000,0.7602,0.7806,0.7562,0.7739,102016.52
1746662400,0.7751,0.8126,0.7738,0.8123,133190.17
1746676800,0.8136,0.8743,0.8131,0.8677,242544.36
1746691200,0.8676,0.9074,0.8568,0.8871,405934.0
1746705600,0.8871,0.9975,0.8798,0.9975,661386.11
1746720000,0.9979,1.0223,0.9772,0.9987,320831.39
1746734400,0.9997,1.1849,0.9988,1.127,572795.86
1746748800,1.1269,1.1436,1.0908,1.1019,448590.74
1746763200,1.1036,1.3972,1.0838,1.3321,660630.79
1746777600,1.3266,1.3463,1.1781,1.1924,1403762.53
1746792000,1.1915,1.2483,1.1487,1.1607,739510.61
1746806400,1.1614,1.2144,1.1235,1.1885,394556.32
1746820800,1.1887,1.2376,1.1766,1.2326,291757.92
1746835200,1.2336,1.2572,1.2112,1.2423,175284.86
1746849600,1.2415,1.2982,1.2162,1.2877,101987.94
1746864000,1.2858,1.3172,1.2254,1.2306,448028.74
1746878400,1.2298,1.3274,1.2298,1.2799,169882.58
1746892800,1.2792,1.354,1.277,1.3167,658544.71
1746907200,1.3164,1.4922,1.3004,1.4746,921088.51
1746921600,1.4702,1.4846,1.3791,1.4183,612975.3199999999
1746936000,1.4182,1.4379,1.3242,1.3376,419247.06
1746950400,1.3368,1.4407,1.3343,1.4312,220770.54
1746964800,1.4292,1.4382,1.3492,1.3651,545608.15
1746979200,1.3651,1.4367,1.3327,1.3995,158036.99
1746993600,1.3986,1.3996,1.3611,1.3912,506049.48
1747008000,1.385,1.4778,1.3821,1.4115,1062601.8600000001
1747022400,1.4102,1.4868,1.3673,1.4225,1004659.38
1747036800,1.4215,1.479,1.3891,1.396,257644.93
1747051200,1.3957,1.4201,1.2825,1.318,680534.83
1747065600,1.3174,1.3489,1.2292,1.299,529174.6800000001
1747080000,1.3021,1.3542,1.2963,1.3347,292320.28
1747094400,1.3379,1.3391,1.2356,1.2358,130220.47
1747108800,1.2333,1.3271,1.2284,1.3212,286280.12
1747123200,1.3212,1.3553,1.304,1.3518,345780.83
1747137600,1.3491,1.4301,1.3268,1.394,491605.84
1747152000,1.3869,1.5913,1.3819,1.5609,1073244.98
1747166400,1.5617,1.6187,1.5399,1.588,633427.5600000001
1747180800,1.5895,1.628,1.5331,1.548,418140.3
1747195200,1.5436,1.5692,1.496,1.5017,394900.46
1747209600,1.5012,1.5332,1.4478,1.5111,470506.84
1747224000,1.5199,1.5212,1.446,1.4847,791566.8100000001
1747238400,1.4837,1.4907,1.4223,1.4514,336766.49
1747252800,1.4523,1.46,1.4246,1.4525,62303.52
1747267200,1.4525,1.4927,1.3849,1.4008,931918.42
1747281600,1.4028,1.4251,1.3034,1.3036,217712.46
1747296000,1.3044,1.3465,1.2745,1.3218,224073.87
1747310400,1.3187,1.4421,1.3042,1.4377,2000647.97
1747324800,1.4365,1.547,1.3988,1.4221,1472501.1599999999
1747339200,1.4175,1.4267,1.33,1.3734,885150.45
1747353600,1.3732,1.3804,1.3369,1.3694,282357.15
1747368000,1.3729,1.393,1.3378,1.3829,447269.55
1747382400,1.3879,1.394,1.3357,1.381,388981.25
1747396800,1.3803,1.393,1.3173,1.3449,651480.33
1747411200,1.3463,1.3519,1.294,1.3306,365099.9
1747425600,1.3286,1.3286,1.2614,1.2834,251078.75
1747440000,1.2861,1.2887,1.2254,1.2509,101931.77
1747454400,1.2487,1.2605,1.2075,1.2185,148022.29
1747468800,1.2235,1.2384,1.1907,1.2137,293046.33
1747483200,1.2137,1.2196,1.1778,1.2007,70137.88
1747497600,1.2002,1.2069,1.1675,1.1882,270669.62
1747512000,1.1904,1.2204,1.1831,1.2084,97092.48
1747526400,1.2088,1.2293,1.2006,1.2177,51946.26
1747540800,1.2156,1.2997,1.211,1.2997,188498.88
1747555200,1.2965,1.3629,1.2965,1.3186,527147.1800000001
1747569600,1.3111,1.4666,1.2874,1.4569,188605.03
1747584000,1.4594,1.5091,1.3393,1.3458,365829.24
1747598400,1.3447,1.49,1.3193,1.4826,400127.54
1747612800,1.4835,1.4941,1.3658,1.382,189332.58
1747627200,1.3778,1.3845,1.3167,1.3296,462226.45
1747641600,1.3284,1.3284,1.269,1.315,245804.03
1747656000,1.3149,1.3797,1.2793,1.3591,226073.69
1747670400,1.3607,1.4154,1.3408,1.353,418837.2
1747684800,1.3533,1.3687,1.3325,1.3626,126273.23
1747699200,1.3646,1.4327,1.337,1.3938,248581.46
1747713600,1.3961,1.4408,1.3722,1.3802,106064.63
1747728000,1.3805,1.4215,1.3481,1.368,204367.87
1747742400,1.3685,1.4006,1.3391,1.3906,109115.4
1747756800,1.388,1.419,1.3338,1.4097,206002.66
1747771200,1.4092,1.4385,1.3898,1.4108,252041.89
1747785600,1.4112,1.4269,1.3705,1.413,162307.7
1747800000,1.4132,1.5104,1.3987,1.4676,354260.9
1747814400,1.4671,1.5677,1.442,1.5669,347980.5
1747828800,1.5621,1.5679,1.4789,1.4947,619341.28
1747843200,1.4958,1.5598,1.4346,1.5066,568692.11
1747857600,1.5063,1.5524,1.4832,1.5252,255479.93
1747872000,1.5274,1.5937,1.5123,1.5732,123855.89
1747886400,1.5708,1.5848,1.5076,1.5391,697417.1
1747900800,1.5385,1.6144,1.5249,1.5445,75026.43
1747915200,1.5465,1.5941,1.5223,1.56,129596.01
1747929600,1.5625,1.5744,1.5322,1.5427,92626.32
1747944000,1.5428,1.6074,1.5421,1.5949,34176.14
1747958400,1.5978,1.7044,1.5785,1.6725,230658.14
1747972800,1.6681,1.6794,1.5461,1.5557,186190.98
1747987200,1.5559,1.5995,1.4647,1.4647,206499.32
1748001600,1.4709,1.5188,1.435,1.4628,272778.54
1748016000,1.4633,1.4861,1.4494,1.4578,75160.08
1748030400,1.454,1.454,1.3812,1.3938,72628.11
1748044800,1.394,1.4179,1.3865,1.4097,66399.44
1748059200,1.4095,1.4258,1.3954,1.4133,26313.65
1748073600,1.4136,1.4636,1.3921,1.4514,87432.25
1748088000,1.458,1.47,1.4216,1.4359,315181.02
1748102400,1.4339,1.4385,1.3975,1.4135,36571.02
1748116800,1.4116,1.4249,1.3862,1.4018,44901.93
1748131200,1.402,1.4106,1.3453,1.3803,58380.03
1748145600,1.3783,1.3783,1.3458,1.3541,24047.93
1748160000,1.3545,1.3545,1.3178,1.33,57686.97
1748174400,1.3312,1.3829,1.3022,1.3237,133737.93
1748188800,1.3212,1.3471,1.3021,1.3378,69803.46
1748203200,1.3393,1.4375,1.3245,1.4247,73015.76
1748217600,1.4265,1.5276,1.4225,1.5154,257112.02
1748232000,1.5137,1.5242,1.4864,1.5163,68518.98
1748246400,1.5187,1.5247,1.4529,1.4595,140620.07
1748260800,1.4643,1.4884,1.446,1.4627,76572.3
1748275200,1.4605,1.4636,1.4121,1.4329,52594.16
1748289600,1.4326,1.4633,1.4292,1.4423,26512.13
1748304000,1.4452,1.4524,1.3951,1.4411,117763.47
1748318400,1.4386,1.5226,1.4305,1.5112,245035.61
1748332800,1.5169,1.5774,1.5169,1.5718,504711.96
1748347200,1.5742,1.6094,1.5183,1.5468,611088.37
1748361600,1.5481,1.6161,1.5266,1.5844,129119.11
1748376000,1.5842,1.5876,1.5086,1.5277,299357.21
1748390400,1.5291,1.5478,1.5112,1.5434,100366.24
1748404800,1.542,1.5664,1.499,1.4993,156858.36
1748419200,1.5008,1.5884,1.4763,1.5813,91512.04
1748433600,1.586,1.608,1.4983,1.5178,311652.42
1748448000,1.5217,1.5892,1.4746,1.4836,97755.25
1748462400,1.4838,1.6068,1.4601,1.5988,672122.08
1748476800,1.5999,1.8,1.5476,1.7589,713641.58
1748491200,1.7589,1.7647,1.679,1.688,350243.76
1748505600,1.6903,1.7198,1.6467,1.702,199411.03
1748520000,1.7004,1.7004,1.6132,1.6491,608814.86
1748534400,1.6517,1.6717,1.62,1.6279,231142.54
1748548800,1.628,1.6452,1.5665,1.5867,272847.86
1748563200,1.5862,1.5968,1.5,1.5729,657763.1
1748577600,1.5709,1.5755,1.505,1.5234,236983.43
1748592000,1.519,1.5666,1.5,1.5271,310591.48
1748606400,1.5247,1.5369,1.4643,1.4643,185493.16
1748620800,1.4638,1.4741,1.393,1.4282,414218.87
1748635200,1.4244,1.4244,1.2874,1.2889,534648.91
1748649600,1.2868,1.2878,1.202,1.2676,434419.5
1748664000,1.2648,1.3185,1.26,1.3024,263515.97
1748678400,1.3031,1.3164,1.2679,1.2723,150213.38
1748692800,1.2731,1.3244,1.2673,1.2826,283151.44
1748707200,1.2836,1.3788,1.2778,1.3668,377864.3
1748721600,1.3657,1.3806,1.3416,1.3483,159039.6
1748736000,1.3479,1.3509,1.3032,1.3203,108258.97
1748750400,1.3191,1.3509,1.3111,1.3133,43654.06
1748764800,1.3142,1.3248,1.2782,1.3145,87362.45
1748779200,1.315,1.3705,1.2982,1.3569,232400.61
1748793600,1.3582,1.4188,1.3401,1.3794,133878.61
1748808000,1.3759,1.4004,1.3689,1.3819,97379.47
1748822400,1.381,1.3815,1.3295,1.3422,35992.15
1748836800,1.3404,1.3912,1.3187,1.3829,38221.5
1748851200,1.3839,1.397,1.3252,1.3447,168726.92
1748865600,1.3434,1.4099,1.3249,1.3974,440950.87
1748880000,1.3995,1.4171,1.362,1.375,198373.57
1748894400,1.3776,1.5171,1.3776,1.4996,326419.47
1748908800,1.5037,1.571,1.4929,1.5074,323271.81
1748923200,1.5089,1.5473,1.4895,1.5375,321957.53
1748937600,1.538,1.5485,1.5037,1.5358,617701.28
1748952000,1.5366,1.5762,1.5217,1.5488,349696.11
1748966400,1.555,1.5615,1.5202,1.5482,461650.83
1748980800,1.5491,1.5507,1.492,1.5278,128867.5
1748995200,1.5274,1.5655,1.497,1.5456,172626.84
1749009600,1.5449,1.5556,1.5241,1.534,179568.15
1749024000,1.5357,1.5551,1.5004,1.5009,91443.67
1749038400,1.5021,1.6187,1.4687,1.6106,438517.87
1749052800,1.6109,1.6254,1.5029,1.5047,602961.36
1749067200,1.5062,1.5299,1.4807,1.4922,174390.5
1749081600,1.4903,1.5169,1.4736,1.4837,103136.41
1749096000,1.4831,1.4942,1.4274,1.4274,331200.57
1749110400,1.4275,1.4521,1.4053,1.4286,161189.47
1749124800,1.4285,1.5044,1.4162,1.4547,653258.65
1749139200,1.4556,1.4572,1.3557,1.3565,339648.31
1749153600,1.3583,1.3612,1.2892,1.3043,660483.49
1749168000,1.3031,1.3926,1.2864,1.3845,163692.63
1749182400,1.384,1.3862,1.3427,1.3785,226016.48
1749196800,1.3798,1.4612,1.3798,1.4122,268967.7
1749211200,1.412,1.4473,1.4,1.4137,189192.42
1749225600,1.4141,1.4167,1.3447,1.3508,118834.69
1749240000,1.3507,1.4031,1.3472,1.3831,69682.49
1749254400,1.3844,1.4326,1.3806,1.4156,95270.43
1749268800,1.4163,1.425,1.3984,1.4086,102228.25
1749283200,1.4093,1.4111,1.3892,1.3927,72145.4
1749297600,1.3933,1.4583,1.3905,1.4241,66797.42
1749312000,1.4235,1.4266,1.3751,1.3799,199867.6
1749326400,1.3822,1.399,1.3762,1.3807,51586.9
1749340800,1.3815,1.3815,1.3537,1.3589,41582.99
1749355200,1.3597,1.3709,1.3514,1.3516,60247.29
1749369600,1.3548,1.3804,1.3435,1.3804,238705.27
1749384000,1.3815,1.4197,1.3811,1.3862,255002.86
1749398400,1.3901,1.4312,1.3893,1.4098,51033.14
1749412800,1.415,1.4185,1.3825,1.3942,169739.54
1749427200,1.3954,1.3954,1.3667,1.3774,62426.58
1749441600,1.3769,1.3836,1.3566,1.3721,33479.6
1749456000,1.3743,1.467,1.3649,1.4604,165310.22
1749470400,1.4636,1.4869,1.4439,1.459,229730.14
1749484800,1.463,1.5279,1.462,1.5149,578109.92
1749499200,1.5152,1.5823,1.5105,1.5698,1080378.47
1749513600,1.5694,1.6187,1.546,1.5553,199683.84
1749528000,1.556,1.5585,1.5052,1.5174,264956.82
1749542400,1.5179,1.6434,1.4994,1.6167,218146.15
1749556800,1.6194,1.6354,1.5602,1.5986,624682.09
1749571200,1.5975,1.6284,1.57,1.6047,718506.36
1749585600,1.6049,1.6866,1.565,1.6866,605371.09
1749600000,1.6883,1.7078,1.6249,1.6346,256783.95
1749614400,1.6331,1.6594,1.619,1.6194,100388.74
1749628800,1.6194,1.6238,1.5753,1.5816,118577.3
1749643200,1.5831,1.6944,1.5725,1.673,993357.89
1749657600,1.6746,1.6769,1.5881,1.5938,207708.55
1749672000,1.591,1.6255,1.5318,1.5579,244612.75
1749686400,1.5589,1.5616,1.5077,1.5161,263477.84
1749700800,1.5168,1.5514,1.4935,1.5,110562.9
1749715200,1.4975,1.5111,1.4406,1.4406,345692.22
1749729600,1.4418,1.5111,1.4298,1.4467,450398.33
1749744000,1.4466,1.497,1.4069,1.4131,424209.96
1749758400,1.4123,1.4162,1.3622,1.3622,292335.62
1749772800,1.3637,1.3637,1.2263,1.299,380971.86
1749787200,1.2987,1.3181,1.2731,1.2939,307702.19
1749801600,1.2945,1.3235,1.2642,1.2802,524652.09
1749816000,1.2788,1.3036,1.2437,1.2819,289678.36
1749830400,1.282,1.3162,1.249,1.2669,140447.59
1749844800,1.269,1.3105,1.2668,1.3105,143955.29
1749859200,1.3089,1.3126,1.2794,1.2869,46369.34
1749873600,1.2871,1.2939,1.27,1.2793,29347.36
1749888000,1.2797,1.2804,1.257,1.2707,47337.01
1749902400,1.2706,1.2784,1.232,1.244,429127.96
1749916800,1.2427,1.249,1.2077,1.2093,55991.91
1749931200,1.2084,1.243,1.1947,1.2283,39480.67
1749945600,1.2281,1.2485,1.2268,1.2333,56807.93
1749960000,1.2331,1.2644,1.2321,1.244,418256.15
1749974400,1.2454,1.2482,1.2207,1.2432,388036.12
1749988800,1.2439,1.2784,1.2277,1.2645,143548.25
1750003200,1.2664,1.2768,1.242,1.2504,53962.43
1750017600,1.2512,1.2679,1.2225,1.2633,436880.44
1750032000,1.2618,1.2911,1.2425,1.2529,76695.36
1750046400,1.2517,1.3138,1.2504,1.3136,263133.39
1750060800,1.3137,1.3259,1.2932,1.3105,237896.57
1750075200,1.3082,1.3275,1.279,1.2821,102136.54
1750089600,1.2806,1.3032,1.2674,1.2808,425515.32
1750104000,1.2827,1.2983,1.1762,1.1838,463172.5
1750118400,1.1837,1.2059,1.1246,1.193,610850.14
1750132800,1.1937,1.2,1.1533,1.1637,675025.2
1750147200,1.1629,1.1737,1.1467,1.1531,298519.1
1750161600,1.1528,1.2177,1.1498,1.1727,1362032.0700000001
1750176000,1.173,1.2116,1.1291,1.1977,452556.28
1750190400,1.196,1.2034,1.1619,1.1846,348821.3
1750204800,1.1862,1.1922,1.1668,1.1812,600878.62
1750219200,1.1817,1.2164,1.1784,1.1941,539837.0
1750233600,1.1972,1.1987,1.1175,1.1496,384052.34
1750248000,1.1501,1.1848,1.1154,1.1664,423151.76
1750262400,1.1677,1.198,1.1575,1.1792,157515.25
1750276800,1.178,1.2312,1.1768,1.2279,130553.44
1750291200,1.2311,1.2402,1.2069,1.2336,166209.48
1750305600,1.2335,1.2477,1.2196,1.2281,82796.14
1750320000,1.2276,1.2408,1.2138,1.2168,61071.23
1750334400,1.2174,1.2223,1.1753,1.1773,121056.75
1750348800,1.1773,1.2075,1.1636,1.1871,115548.88
1750363200,1.1869,1.2051,1.1856,1.1949,71101.51
1750377600,1.1959,1.2065,1.1772,1.1828,79989.44
1750392000,1.183,1.2201,1.1653,1.2191,167615.2
1750406400,1.2197,1.2283,1.1869,1.1951,54788.99
1750420800,1.1967,1.1989,1.1419,1.1534,110266.48
1750435200,1.1536,1.1551,1.0978,1.1341,167600.45
1750449600,1.1339,1.1613,1.1154,1.125,51775.95
1750464000,1.1265,1.1333,1.1113,1.1152,120367.08
1750478400,1.1138,1.1144,1.0936,1.1014,65336.04
1750492800,1.1022,1.109,1.0939,1.0969,31123.23
1750507200,1.0964,1.102,1.0533,1.0651,92138.9
1750521600,1.0651,1.07,1.0329,1.0369,110170.4
1750536000,1.0368,1.0574,1.0062,1.035,201085.98
1750550400,1.035,1.0591,1.0112,1.0178,727718.9399999999
1750564800,1.018,1.0577,1.0141,1.0557,263248.67
1750579200,1.0541,1.0553,1.015,1.0194,72312.95
1750593600,1.0204,1.0314,0.9659,0.9924,377047.07
1750608000,0.9946,1.0084,0.9776,0.9811,161954.44
1750622400,0.9823,1.0163,0.9556,1.0064,175207.57
1750636800,1.0073,1.022,1.0049,1.0089,70817.96
1750651200,1.0087,1.0455,1.0077,1.0268,59162.88
1750665600,1.028,1.0307,1.0145,1.0207,45055.04
1750680000,1.0202,1.0564,1.0147,1.0212,108172.53
1750694400,1.0168,1.0739,0.9909,1.0734,107939.77
1750708800,1.0752,1.164,1.0666,1.15,274924.37
1750723200,1.1508,1.1536,1.1366,1.1405,69342.75
1750737600,1.1383,1.193,1.1365,1.1555,172638.64
1750752000,1.1576,1.1743,1.1405,1.1497,72673.84
1750766400,1.1498,1.1691,1.1411,1.1586,74371.53
1750780800,1.1621,1.1901,1.1353,1.1466,59406.26
1750795200,1.1446,1.1654,1.1409,1.1627,65572.55
1750809600,1.16,1.1671,1.1425,1.1496,203070.1
1750824000,1.1497,1.1586,1.1315,1.1441,57672.63
1750838400,1.1447,1.1447,1.1191,1.1434,220507.41
1750852800,1.143,1.1658,1.11,1.1128,288152.73
1750867200,1.1131,1.1269,1.101,1.1176,366405.88
1750881600,1.1181,1.1368,1.1032,1.1135,110857.87
1750896000,1.1132,1.1814,1.1097,1.1434,118311.37
1750910400,1.1441,1.1546,1.1243,1.1435,127744.0
1750924800,1.1439,1.1516,1.1083,1.1145,75021.78
1750939200,1.1135,1.1162,1.0659,1.0802,137173.53
1750953600,1.079,1.0796,1.0578,1.0745,51833.47
1750968000,1.072,1.1135,1.0657,1.0678,217931.06
1750982400,1.0686,1.0841,1.0542,1.0796,121677.44
1750996800,1.079,1.1016,1.0656,1.0689,351327.48
1751011200,1.071,1.0923,1.0676,1.0748,75942.98
1751025600,1.0747,1.0885,1.0565,1.0848,190128.85
1751040000,1.0839,1.1209,1.0283,1.0425,612543.6899999999
1751054400,1.0399,1.0686,1.0391,1.0625,180388.58
1751068800,1.0616,1.0684,1.0545,1.0566,32840.09
1751083200,1.0571,1.0709,1.0442,1.0709,71412.63
1751097600,1.0723,1.0725,1.0586,1.0648,89104.5
1751112000,1.0658,1.0777,1.0585,1.076,47650.17
1751126400,1.0786,1.1005,1.0702,1.0902,88774.66
1751140800,1.09,1.1107,1.0861,1.1,137600.03
1751155200,1.1016,1.1089,1.0777,1.0779,28618.41
1751169600,1.0784,1.0909,1.0728,1.0909,113987.84
1751184000,1.092,1.1273,1.0889,1.1192,104160.05
1751198400,1.1211,1.1277,1.0926,1.096,273562.14
1751212800,1.0976,1.1331,1.0937,1.1325,209279.47
1751227200,1.1316,1.2308,1.1215,1.2154,1005868.09
1751241600,1.2168,1.2304,1.1792,1.1854,135452.24
1751256000,1.1858,1.1878,1.1625,1.1804,49973.78
1751270400,1.1808,1.1854,1.1452,1.1526,536410.78
1751284800,1.1539,1.1642,1.1236,1.1535,94565.07
1751299200,1.1529,1.1824,1.14,1.1824,96712.89
1751313600,1.1824,1.1824,1.1414,1.1438,62860.75
1751328000,1.144,1.1526,1.1079,1.1123,297155.0
1751342400,1.1125,1.1125,1.0841,1.0976,83243.13
1751356800,1.0984,1.0984,1.0757,1.0776,55648.66
1751371200,1.0773,1.0843,1.0612,1.0678,137895.02
1751385600,1.0675,1.0778,1.0549,1.0549,131026.85
1751400000,1.0551,1.0704,1.051,1.0596,67912.38
1751414400,1.0586,1.0856,1.0535,1.0749,363742.94
1751428800,1.0754,1.1049,1.075,1.097,111795.35
1751443200,1.0978,1.1038,1.0862,1.09,186161.42
1751457600,1.0902,1.1524,1.0874,1.1425,106167.7
1751472000,1.143,1.2259,1.143,1.2169,2363040.9300000002
1751486400,1.2189,1.2195,1.1877,1.1884,189660.82
1751500800,1.1889,1.2043,1.1822,1.1882,80303.33
1751515200,1.1878,1.2238,1.1847,1.2196,109299.44
1751529600,1.2198,1.2228,1.1777,1.1838,586364.23
1751544000,1.1837,1.2161,1.1409,1.1409,130896.15
1751558400,1.143,1.1734,1.143,1.1669,120816.9
1751572800,1.1672,1.1824,1.1669,1.1705,31849.17
1751587200,1.1717,1.1727,1.1431,1.1512,66669.81
1751601600,1.1512,1.1544,1.106,1.1081,77364.29
1751616000,1.1066,1.1304,1.0997,1.1225,164574.3
1751630400,1.1207,1.1278,1.0889,1.0907,107422.2
1751644800,1.092,1.0939,1.0725,1.0819,233666.68
1751659200,1.082,1.1153,1.082,1.1053,65507.57
1751673600,1.1057,1.1279,1.1038,1.1211,591633.6800000001
1751688000,1.1216,1.1244,1.1105,1.1154,167218.03
1751702400,1.1153,1.1188,1.102,1.1123,322868.47
1751716800,1.1126,1.1131,1.0934,1.0937,42286.86
1751731200,1.0945,1.0987,1.0677,1.0827,71948.71
1751745600,1.0828,1.0999,1.0796,1.096,32785.39
1751760000,1.0959,1.1,1.089,1.0905,37882.9
1751774400,1.0909,1.0994,1.0857,1.091,14194.65
1751788800,1.0912,1.1066,1.0844,1.1066,37588.05
1751803200,1.1059,1.1516,1.1031,1.1438,85960.89
1751817600,1.1458,1.1569,1.1323,1.1447,55866.46
1751832000,1.1462,1.1765,1.145,1.154,679850.39
1751846400,1.1547,1.1685,1.1489,1.1525,71302.21
1751860800,1.1532,1.1611,1.1436,1.1611,44589.15
1751875200,1.1606,1.167,1.1369,1.1369,72661.85
1751889600,1.1362,1.1444,1.1202,1.1303,114670.73
1751904000,1.1306,1.1736,1.1125,1.1323,658165.33
1751918400,1.1307,1.1349,1.1087,1.1311,53354.25
1751932800,1.1291,1.144,1.1092,1.1153,48940.37
1751947200,1.1145,1.1282,1.1078,1.1195,25431.13
1751961600,1.1197,1.1449,1.1065,1.1433,58355.76
1751976000,1.1443,1.1532,1.1083,1.1101,298607.29
1751990400,1.1138,1.1698,1.1082,1.1562,142576.29
1752004800,1.1577,1.1629,1.146,1.1527,45221.58
1752019200,1.1538,1.1553,1.1325,1.1354,14040.34
1752033600,1.1354,1.1688,1.1326,1.1632,105376.83
1752048000,1.1614,1.1695,1.153,1.1656,303558.65
1752062400,1.165,1.1855,1.1545,1.1619,141291.68
1752076800,1.1627,1.238,1.1534,1.2291,193326.07
1752091200,1.2301,1.2585,1.2049,1.2459,367326.42
1752105600,1.2452,1.2735,1.2367,1.2585,78081.58
1752120000,1.2567,1.2791,1.2402,1.2594,520240.91
1752134400,1.2595,1.2613,1.2398,1.2452,69915.13
1752148800,1.2456,1.2631,1.2325,1.239,108669.74
1752163200,1.2406,1.2998,1.2394,1.2889,173666.73
1752177600,1.2869,1.3897,1.2869,1.3826,436812.05
1752192000,1.3803,1.394,1.3438,1.3883,285047.69
1752206400,1.3847,1.4459,1.3767,1.3816,215976.74
1752220800,1.3823,1.4385,1.3823,1.4009,99062.09
1752235200,1.4006,1.4448,1.3764,1.3801,381276.39
1752249600,1.3813,1.4349,1.3775,1.4343,297194.87
1752264000,1.431,1.431,1.3171,1.3495,268582.37
1752278400,1.3522,1.3699,1.3243,1.3553,43732.64
1752292800,1.3578,1.3602,1.3093,1.3347,70843.17
1752307200,1.336,1.3455,1.328,1.3352,61593.83
1752321600,1.3342,1.3416,1.2418,1.247,190606.12
1752336000,1.2533,1.3059,1.2477,1.3048,119130.6
1752350400,1.3042,1.3097,1.2764,1.306,16095.01
1752364800,1.3075,1.3135,1.2913,1.31,22725.2
1752379200,1.3089,1.3445,1.3034,1.3354,16399.17
1752393600,1.3359,1.3369,1.3128,1.3369,30411.42
1752408000,1.338,1.3714,1.3265,1.343,69790.2
1752422400,1.344,1.3608,1.3221,1.3458,17661.89
1752436800,1.3413,1.3558,1.3107,1.326,48272.49
1752451200,1.3259,1.4027,1.3205,1.3852,75231.04
1752465600,1.3876,1.4129,1.3597,1.3867,234421.82
1752480000,1.3858,1.395,1.3586,1.38,63629.97
1752494400,1.3765,1.3893,1.3182,1.3299,181957.11
1752508800,1.3316,1.3515,1.3029,1.3089,90625.91
1752523200,1.3097,1.3228,1.2843,1.3159,81677.75
1752537600,1.3124,1.3269,1.2538,1.2706,223760.93
1752552000,1.2682,1.3105,1.2545,1.2881,382551.98
1752566400,1.287,1.3029,1.2699,1.3006,203282.86
1752580800,1.305,1.3727,1.2821,1.3612,686442.37
1752595200,1.3623,1.4349,1.3579,1.3619,364917.16
1752609600,1.3663,1.4386,1.3576,1.4358,220846.27
1752624000,1.437,1.4567,1.3969,1.4166,306233.98
1752638400,1.4175,1.5004,1.4024,1.4793,118258.56
1752652800,1.4759,1.476,1.4245,1.4362,128004.03
1752667200,1.4365,1.503,1.4262,1.4555,432971.48
1752681600,1.455,1.4982,1.4487,1.4711,217653.59
1752696000,1.4745,1.5068,1.4431,1.457,147828.14
1752710400,1.4576,1.4926,1.4106,1.4265,140727.85
1752724800,1.4218,1.5236,1.4199,1.516,724679.25
1752739200,1.5162,1.6142,1.4965,1.5444,2629814.9700000002
1752753600,1.5475,1.5706,1.514,1.5366,1134728.77
1752768000,1.5356,1.5648,1.4769,1.5063,811973.4300000001
1752782400,1.5067,1.5847,1.4696,1.5242,1824063.04
1752796800,1.5258,1.5951,1.5095,1.5702,666267.33
1752811200,1.5725,1.657,1.5579,1.5584,1494343.4099999999
1752825600,1.5583,1.5825,1.5197,1.5368,615657.22
1752840000,1.5377,1.5833,1.4654,1.486,632067.46
1752854400,1.4856,1.5278,1.4667,1.4767,623856.86
1752868800,1.4772,1.503,1.4445,1.4911,146963.36
1752883200,1.4908,1.5697,1.4476,1.5625,98279.96
1752897600,1.5575,1.5864,1.5365,1.5381,191632.65
1752912000,1.5377,1.5457,1.5135,1.5198,70506.26
1752926400,1.5217,1.5363,1.4935,1.5204,85337.16
1752940800,1.5167,1.5506,1.5062,1.5414,126484.79
1752955200,1.5434,1.5528,1.5125,1.5457,40463.14
1752969600,1.5458,1.576,1.5319,1.5596,72715.66
1752984000,1.5592,1.5852,1.538,1.5567,183044.82
1752998400,1.5578,1.6272,1.5578,1.6197,261914.08
1753012800,1.616,1.6344,1.568,1.6095,356442.98
1753027200,1.6098,1.6328,1.5812,1.5924,89322.65
1753041600,1.5907,1.5963,1.5195,1.5501,389781.96
1753056000,1.5508,1.5888,1.5228,1.5805,122401.25
1753070400,1.5786,1.6208,1.5694,1.5937,1145784.97
1753084800,1.594,1.6125,1.5754,1.6023,137890.91
1753099200,1.6022,1.641,1.5756,1.5871,444251.89
1753113600,1.5871,1.5919,1.502,1.5124,424868.45
1753128000,1.5115,1.5569,1.5022,1.544,84869.78
1753142400,1.5445,1.5578,1.4723,1.5056,313312.15
1753156800,1.5068,1.509,1.4457,1.4788,322511.88
1753171200,1.4745,1.4839,1.4191,1.4766,275363.05
1753185600,1.4745,1.4974,1.4135,1.4635,338092.6
1753200000,1.4637,1.4971,1.4349,1.4443,298562.14
1753214400,1.4427,1.4969,1.4376,1.4958,98612.13
1753228800,1.4969,1.4972,1.4507,1.4615,60890.29
1753243200,1.4605,1.4856,1.4295,1.4378,77572.31
1753257600,1.437,1.4447,1.4033,1.4206,61372.42
1753272000,1.4186,1.4224,1.3398,1.3768,2152948.27
1753286400,1.3766,1.3766,1.3197,1.3406,369070.54
1753300800,1.3396,1.3476,1.2865,1.3294,376439.42
1753315200,1.3297,1.3519,1.3189,1.3303,89865.6
1753329600,1.3283,1.3318,1.24,1.2871,417788.69
1753344000,1.2863,1.3191,1.2818,1.3181,149958.23
1753358400,1.3146,1.3615,1.2913,1.3381,245573.58
1753372800,1.3377,1.3408,1.2999,1.3285,231872.24
1753387200,1.3268,1.3369,1.2924,1.2987,160762.91
1753401600,1.2966,1.3005,1.2477,1.2644,273135.54
1753416000,1.2652,1.298,1.2462,1.2943,332248.92
1753430400,1.2911,1.3874,1.2911,1.3804,419165.56
1753444800,1.3801,1.3855,1.2995,1.3222,302541.96
1753459200,1.3216,1.3406,1.3096,1.3183,142542.16
1753473600,1.3164,1.3679,1.3148,1.3587,173664.25
1753488000,1.3586,1.3707,1.3432,1.3516,162095.27
1753502400,1.3504,1.3598,1.344,1.3526,45572.18
1753516800,1.3526,1.3736,1.3526,1.3591,115593.3
1753531200,1.3599,1.3716,1.3517,1.3669,47230.08
1753545600,1.3704,1.3762,1.3481,1.3758,101323.7
1753560000,1.3753,1.3812,1.3557,1.3557,34125.06
1753574400,1.3578,1.3793,1.3486,1.3696,57653.32
1753588800,1.3714,1.4077,1.3699,1.3787,105836.05
1753603200,1.3779,1.3781,1.347,1.3551,361732.02
1753617600,1.3578,1.4263,1.3578,1.4006,206666.86
1753632000,1.4002,1.4279,1.3938,1.3982,282135.29
1753646400,1.3997,1.4328,1.3925,1.4119,57105.05
1753660800,1.4116,1.4361,1.3838,1.4357,49373.74
1753675200,1.435,1.4798,1.4258,1.4339,149300.73
1753689600,1.4344,1.441,1.4089,1.4117,210409.31
1753704000,1.412,1.4206,1.3284,1.3614,228778.77
1753718400,1.3579,1.385,1.318,1.328,111024.14
1753732800,1.3296,1.3309,1.2828,1.2898,408382.64
1753747200,1.2956,1.311,1.2711,1.2983,102321.11
1753761600,1.2968,1.38,1.2859,1.375,513554.21
1753776000,1.3747,1.381,1.3233,1.3349,64316.26
1753790400,1.3351,1.3654,1.2858,1.3005,711777.61
1753804800,1.3035,1.3558,1.2787,1.2972,315092.01
1753819200,1.2965,1.3205,1.2806,1.3108,295550.6
1753833600,1.3108,1.3233,1.2679,1.3063,297550.45
1753848000,1.3068,1.3212,1.2903,1.2973,244208.68
1753862400,1.2992,1.3069,1.2298,1.2397,205465.42
1753876800,1.2401,1.2835,1.2304,1.2709,738920.49
1753891200,1.2717,1.2955,1.189,1.2546,653885.48
1753905600,1.2545,1.2733,1.2284,1.2587,109284.84
1753920000,1.2595,1.2835,1.252,1.277,91505.08
1753934400,1.2778,1.3008,1.2713,1.2927,108181.23
1753948800,1.2915,1.3016,1.2831,1.2869,66878.26
1753963200,1.2876,1.2882,1.2059,1.2097,651153.63
1753977600,1.2121,1.2571,1.1974,1.2052,272745.88
1753992000,1.2037,1.2067,1.1546,1.1608,618700.38
1754006400,1.1596,1.1615,1.1131,1.1547,520887.56
1754020800,1.1543,1.1543,1.1162,1.1301,165212.59
1754035200,1.1288,1.134,1.1059,1.13,254753.33
1754049600,1.13,1.1588,1.1021,1.147,946775.64
1754064000,1.1467,1.1578,1.1164,1.1438,451806.43
1754078400,1.1447,1.1501,1.0651,1.1025,568781.22
1754092800,1.102,1.1135,1.1003,1.104,51677.97
1754107200,1.103,1.1058,1.0675,1.0986,83941.57
1754121600,1.0996,1.0996,1.0698,1.087,550081.25
1754136000,1.087,1.0904,1.0589,1.0627,176251.98
1754150400,1.0623,1.071,1.0305,1.0485,361744.59
1754164800,1.049,1.0785,1.0487,1.0714,105821.95
1754179200,1.0716,1.0849,1.0551,1.0789,112308.31
1754193600,1.0783,1.0965,1.0751,1.0965,74906.28
1754208000,1.0967,1.1229,1.0961,1.1135,74082.87
1754222400,1.1127,1.1235,1.1052,1.1137,77106.55
1754236800,1.1137,1.1238,1.108,1.1147,79080.28
1754251200,1.1156,1.1277,1.1118,1.1202,67825.41
1754265600,1.1207,1.1463,1.1189,1.1276,98422.22
1754280000,1.1283,1.1346,1.1156,1.1265,55261.29
1754294400,1.1265,1.1346,1.112,1.1156,79628.77
1754308800,1.1159,1.1571,1.1154,1.1435,465917.03
1754323200,1.1427,1.1784,1.1404,1.1443,124331.17
1754337600,1.144,1.184,1.1434,1.1768,177886.9
1754352000,1.1768,1.1781,1.1346,1.1351,72137.57
1754366400,1.135,1.143,1.1071,1.1106,114700.72
1754380800,1.1107,1.1681,1.1085,1.1589,98658.38
1754395200,1.1589,1.1628,1.0938,1.0983,211101.68
1754409600,1.098,1.1159,1.0907,1.0967,347224.44
1754424000,1.0981,1.1127,1.0796,1.107,393436.05
1754438400,1.1064,1.1072,1.0768,1.0804,134368.76
1754452800,1.0808,1.1512,1.0749,1.1436,155090.16
1754467200,1.1448,1.1513,1.1182,1.1281,102284.44
1754481600,1.1291,1.1716,1.1139,1.1714,123340.87
1754496000,1.1691,1.1734,1.1443,1.1545,83653.58
1754510400,1.1542,1.156,1.1406,1.1453,80544.7
1754524800,1.1462,1.1583,1.1314,1.1319,19729.83
1754539200,1.1306,1.1628,1.1302,1.1552,60182.19
1754553600,1.1553,1.2359,1.1553,1.2334,503386.75
1754568000,1.2349,1.2354,1.2017,1.2091,80391.67
1754582400,1.2107,1.2231,1.181,1.2218,284414.53
1754596800,1.2217,1.2564,1.2187,1.2511,94485.27
1754611200,1.2492,1.2794,1.234,1.2689,122282.14
1754625600,1.2692,1.2741,1.2552,1.2662,96828.89
1754640000,1.2683,1.2894,1.251,1.2602,113785.32
1754654400,1.2602,1.2879,1.2382,1.2523,193452.45
1754668800,1.2526,1.2964,1.2449,1.2964,301301.67
1754683200,1.2965,1.3294,1.294,1.3154,168840.27
1754697600,1.3155,1.3378,1.3127,1.332,62299.43
1754712000,1.3337,1.4579,1.3323,1.436,225771.66
1754726400,1.4362,1.4526,1.4097,1.4289,1386575.0700000001
1754740800,1.4291,1.4308,1.3947,1.4166,253053.88
1754755200,1.4174,1.4434,1.4109,1.438,202817.33
1754769600,1.4382,1.46,1.4245,1.4343,414785.53
1754784000,1.4336,1.4592,1.4109,1.4221,166965.74
1754798400,1.4221,1.4361,1.3651,1.367,452706.03
1754812800,1.3679,1.3909,1.3531,1.3609,79698.64
1754827200,1.3592,1.4215,1.3582,1.3982,582448.77
1754841600,1.3984,1.4205,1.3946,1.4094,83508.46
1754856000,1.4094,1.4195,1.3911,1.4184,53193.79
1754870400,1.4162,1.4589,1.4065,1.437,301649.56
1754884800,1.4375,1.4726,1.4163,1.4222,385290.07
1754899200,1.4215,1.4335,1.3602,1.367,514464.18
1754913600,1.3672,1.4015,1.3463,1.3963,258539.35
1754928000,1.396,1.4247,1.3422,1.3642,192528.59
1754942400,1.3639,1.3639,1.3048,1.324,175452.31
1754956800,1.3215,1.3625,1.3215,1.3473,119043.37
1754971200,1.3478,1.3682,1.3284,1.368,87405.47
1754985600,1.3687,1.3714,1.3296,1.3617,138674.74
1755000000,1.3633,1.4367,1.3468,1.4129,598803.9
1755014400,1.4131,1.4154,1.384,1.4128,1574540.72
1755028800,1.413,1.4318,1.3883,1.4008,397401.05
1755043200,1.401,1.4194,1.3619,1.3911,521736.61
1755057600,1.391,1.405,1.3661,1.3954,168120.23
1755072000,1.3962,1.5151,1.3952,1.5118,488540.99
1755086400,1.511,1.5813,1.4971,1.559,1440963.9199999999
1755100800,1.5596,1.6035,1.534,1.5636,1128364.9199999999
1755115200,1.5623,1.673,1.5524,1.669,916948.04
1755129600,1.6695,1.6731,1.6056,1.6298,1050558.1599999999
1755144000,1.6298,1.6359,1.5821,1.6264,609790.0
1755158400,1.6275,1.6312,1.5588,1.5745,602601.26
1755172800,1.5711,1.5711,1.3804,1.4842,1650672.21
1755187200,1.4826,1.483,1.4013,1.4176,554625.87
1755201600,1.4183,1.4186,1.3667,1.4055,691793.63
1755216000,1.4054,1.4417,1.4052,1.426,192724.61
1755230400,1.4247,1.4883,1.423,1.4457,151446.95
1755244800,1.4494,1.461,1.4227,1.4305,119815.14
1755259200,1.4262,1.4548,1.3415,1.3566,723593.4
1755273600,1.3568,1.3846,1.3383,1.345,316705.75
1755288000,1.3448,1.3829,1.3385,1.3455,269851.14
1755302400,1.3482,1.3735,1.343,1.3445,74091.02
1755316800,1.3455,1.3602,1.3321,1.3457,417276.56
1755331200,1.3438,1.3497,1.3166,1.3166,250045.9
1755345600,1.3154,1.3588,1.3129,1.3549,253152.29
1755360000,1.3558,1.3637,1.3429,1.3574,92522.15
1755374400,1.3574,1.3717,1.3513,1.3541,36514.42
1755388800,1.3551,1.3747,1.347,1.3693,68229.36
1755403200,1.3671,1.4034,1.36,1.3938,130990.97
1755417600,1.3975,1.4376,1.385,1.4253,77701.07
1755432000,1.4251,1.4451,1.3954,1.444,168569.58
1755446400,1.444,1.4566,1.3789,1.3856,373190.11
1755460800,1.3863,1.4135,1.385,1.3866,191054.28
1755475200,1.3867,1.3901,1.3124,1.33,309115.59
1755489600,1.3279,1.3571,1.3067,1.3197,145459.95
1755504000,1.3187,1.3302,1.297,1.3127,256537.08
1755518400,1.3109,1.3589,1.3084,1.3388,166391.28
1755532800,1.3389,1.3596,1.3168,1.3409,135657.71
1755547200,1.3403,1.3659,1.3279,1.3308,96379.43
1755561600,1.332,1.3522,1.28,1.2884,183579.55
1755576000,1.2879,1.3032,1.2753,1.2841,255949.35
1755590400,1.2851,1.3334,1.2739,1.3334,51250.67
1755604800,1.3332,1.3332,1.272,1.2905,583881.84
1755619200,1.2917,1.2929,1.2559,1.2696,242534.8
1755633600,1.2685,1.2861,1.2515,1.2554,173755.35
1755648000,1.2554,1.2915,1.2546,1.279,112027.77
1755662400,1.2803,1.316,1.2791,1.3104,51209.93
1755676800,1.3107,1.3341,1.2882,1.3066,183218.56
1755691200,1.3115,1.3648,1.2755,1.3433,186732.12
1755705600,1.3461,1.3804,1.3311,1.3688,172348.11
1755720000,1.3687,1.3687,1.3413,1.3437,76658.53
1755734400,1.345,1.3597,1.3244,1.3351,87477.45
1755748800,1.3358,1.3395,1.3099,1.3221,86616.72
1755763200,1.3218,1.3236,1.3007,1.3106,44614.73
1755777600,1.3097,1.345,1.2885,1.2885,165232.92
1755792000,1.2915,1.3026,1.2738,1.2868,90690.81
1755806400,1.2889,1.329,1.286,1.313,41935.07
1755820800,1.3136,1.3466,1.2995,1.3247,38668.62
1755835200,1.3263,1.3679,1.3162,1.3592,82988.31
1755849600,1.3551,1.3725,1.3017,1.3017,87180.83
1755864000,1.3027,1.4522,1.2763,1.4335,729120.9399999999
1755878400,1.4344,1.5276,1.4344,1.5171,511665.7
1755892800,1.5189,1.5191,1.4885,1.5066,235356.36
1755907200,1.5071,1.5125,1.4356,1.4457,68128.87
1755921600,1.4459,1.4791,1.442,1.4426,83250.98
1755936000,1.4427,1.4535,1.424,1.4332,702308.65
1755950400,1.4351,1.4391,1.4191,1.4286,394893.27
1755964800,1.4304,1.4587,1.4229,1.4587,53324.45
1755979200,1.4577,1.4585,1.4378,1.446,111834.24
1755993600,1.4464,1.4562,1.3984,1.412,196922.51
1756008000,1.4155,1.4164,1.372,1.3826,300833.52
1756022400,1.3805,1.4,1.3706,1.3775,90406.01
1756036800,1.3767,1.419,1.3712,1.3927,159591.73
1756051200,1.3932,1.4777,1.3764,1.41,612426.27
1756065600,1.4127,1.4262,1.3696,1.3934,207599.37
1756080000,1.3948,1.4041,1.3567,1.3666,317117.6
1756094400,1.3676,1.3689,1.2901,1.2949,300827.74
1756108800,1.2949,1.3074,1.2776,1.2962,148945.99
1756123200,1.296,1.313,1.285,1.2889,231475.29
1756137600,1.289,1.2981,1.2368,1.2387,384004.43
1756152000,1.2392,1.2441,1.2027,1.2175,406606.22
1756166400,1.2187,1.2452,1.2117,1.2284,296974.06
1756180800,1.2281,1.2437,1.2244,1.2377,82601.12
1756195200,1.2358,1.2512,1.2279,1.2334,50098.99
1756209600,1.2334,1.2741,1.2265,1.2421,230887.06
1756224000,1.2426,1.2733,1.2345,1.2711,131467.78
1756238400,1.2709,1.2793,1.2541,1.2588,111760.79
1756252800,1.259,1.2803,1.2438,1.2712,88571.5
1756267200,1.2709,1.2821,1.2514,1.2565,299579.88
1756281600,1.2569,1.2607,1.2374,1.2479,242950.27
1756296000,1.246,1.2695,1.2342,1.2622,407551.47
1756310400,1.2619,1.2628,1.2302,1.2379,80200.52
1756324800,1.2371,1.2584,1.2194,1.2231,486331.15
1756339200,1.2231,1.2345,1.2091,1.232,95954.87
1756353600,1.231,1.2619,1.2292,1.2599,197644.22
1756368000,1.2619,1.2727,1.2513,1.265,45286.4
1756382400,1.2659,1.2877,1.2523,1.2529,261612.09
1756396800,1.2573,1.2648,1.2333,1.2348,50898.29
1756411200,1.2327,1.2752,1.2303,1.2732,64971.68
1756425600,1.2753,1.2783,1.2491,1.2634,25091.95
1756440000,1.2628,1.2709,1.212,1.2141,187773.66
1756454400,1.215,1.2204,1.1847,1.2031,220675.95
1756468800,1.2026,1.2488,1.1855,1.1959,151347.59
1756483200,1.1947,1.2003,1.1716,1.1888,39165.56
1756497600,1.1897,1.2046,1.1783,1.1982,152483.95
1756512000,1.1993,1.2149,1.1682,1.2062,41949.0
1756526400,1.2071,1.2307,1.2028,1.2301,117812.63
1756540800,1.231,1.2312,1.2148,1.2217,33293.61
1756555200,1.2219,1.2249,1.1964,1.2208,46378.57
1756569600,1.2194,1.2195,1.201,1.2101,27139.09
1756584000,1.2104,1.219,1.2033,1.2156,53130.26
1756598400,1.2164,1.2365,1.2149,1.2357,12175.88
1756612800,1.2367,1.2367,1.2243,1.2266,127117.59
1756627200,1.2265,1.2418,1.2159,1.2254,18680.25
1756641600,1.226,1.2282,1.2089,1.2179,116498.12
1756656000,1.2175,1.2291,1.2103,1.2181,33112.69
1756670400,1.2196,1.2276,1.1921,1.1925,53202.78
1756684800,1.1916,1.1951,1.1596,1.1702,184761.15
1756699200,1.1691,1.2113,1.1524,1.2113,170189.02
1756713600,1.212,1.2237,1.1725,1.1744,42684.06
1756728000,1.1745,1.1847,1.151,1.1543,457398.97
1756742400,1.1548,1.1611,1.1421,1.157,74136.04
1756756800,1.1588,1.1588,1.1049,1.1397,134162.76
1756771200,1.1393,1.1768,1.1365,1.1752,85272.71
1756785600,1.1758,1.1923,1.1729,1.177,47718.05
1756800000,1.1767,1.2041,1.1747,1.191,57066.08
1756814400,1.1935,1.2243,1.1592,1.1729,133217.74
1756828800,1.1757,1.1992,1.1748,1.1857,300563.8
1756843200,1.1852,1.2148,1.1836,1.2077,48198.78
1756857600,1.2079,1.2265,1.2015,1.2258,120270.3
1756872000,1.225,1.2272,1.2051,1.2093,48671.88
1756886400,1.2084,1.219,1.1907,1.2097,72271.49
1756900800,1.2091,1.2444,1.2058,1.2393,223194.91
1756915200,1.2384,1.2476,1.2199,1.2433,529823.12
1756929600,1.2445,1.2549,1.237,1.2518,81303.28
1756944000,1.2521,1.2559,1.218,1.2201,79610.21
1756958400,1.2208,1.2262,1.2006,1.2126,49782.82
1756972800,1.2124,1.2238,1.2096,1.2096,37017.45
1756987200,1.2096,1.2164,1.1822,1.1872,451121.9
1757001600,1.1872,1.1914,1.1693,1.1714,297128.33
1757016000,1.171,1.2087,1.171,1.1923,141513.82
1757030400,1.192,1.2172,1.192,1.2171,39659.9
1757044800,1.2178,1.3057,1.2178,1.3003,155511.24
1757059200,1.2986,1.302,1.2824,1.291,205109.4
1757073600,1.2894,1.3658,1.2894,1.3465,1369826.9399999999
1757088000,1.3463,1.3543,1.3063,1.3457,247893.68
1757102400,1.3475,1.3806,1.3414,1.3623,346201.94
1757116800,1.3633,1.3823,1.3487,1.3528,49982.99
1757131200,1.3524,1.3639,1.3345,1.3384,70664.54
1757145600,1.342,1.342,1.2861,1.2925,228535.51
1757160000,1.2921,1.3099,1.2786,1.2786,136347.32
1757174400,1.2781,1.2991,1.2771,1.2805,86525.4
1757188800,1.2809,1.3111,1.2809,1.2995,63842.28
1757203200,1.2986,1.4213,1.2986,1.4073,178565.67
1757217600,1.4054,1.4396,1.368,1.3916,111677.46
1757232000,1.3916,1.4165,1.3701,1.3944,146106.62
1757246400,1.3933,1.4215,1.3807,1.4012,150567.33
1757260800,1.4017,1.4198,1.3859,1.4107,82689.05
1757275200,1.4107,1.4249,1.3913,1.4033,73961.2
1757289600,1.4033,1.4581,1.3846,1.4355,1541001.04
1757304000,1.44,1.4476,1.4002,1.4075,230709.84
1757318400,1.4061,1.4937,1.4061,1.454,429975.37
1757332800,1.4547,1.4747,1.4341,1.4604,683903.65
1757347200,1.4609,1.4705,1.4177,1.418,191626.44
1757361600,1.4206,1.4229,1.4049,1.4176,143880.92
1757376000,1.4175,1.4345,1.3776,1.3975,255664.94
1757390400,1.3979,1.4553,1.391,1.4451,676032.53
1757404800,1.4489,1.5322,1.4356,1.4843,344536.37
1757419200,1.4878,1.5512,1.4008,1.4048,2391856.77
1757433600,1.4034,1.4129,1.3799,1.3931,1861243.03
1757448000,1.3918,1.4084,1.3828,1.4004,136248.77
1757462400,1.4004,1.4181,1.38,1.4054,366658.2
1757476800,1.4055,1.4055,1.3617,1.375,116074.91
1757491200,1.3746,1.3942,1.3707,1.3874,473000.59
1757505600,1.3871,1.467,1.3869,1.4593,832457.86
1757520000,1.4601,1.4722,1.3735,1.3915,334407.73
1757534400,1.3914,1.412,1.384,1.4018,291328.07
1757548800,1.4021,1.5059,1.3909,1.5031,1358359.8
1757563200,1.5033,1.5232,1.4685,1.491,180453.71
1757577600,1.4868,1.5089,1.4763,1.4799,318801.98
1757592000,1.4818,1.5083,1.4263,1.4437,897823.39
1757606400,1.4427,1.4662,1.4389,1.4554,202354.61
1757620800,1.4565,1.528,1.4526,1.5104,587139.99
1757635200,1.5069,1.5524,1.47,1.479,569031.1899999999
1757649600,1.4802,1.4944,1.4586,1.4685,141154.36
1757664000,1.4679,1.4704,1.4468,1.4486,221649.36
1757678400,1.4486,1.4898,1.4414,1.4677,418117.62
1757692800,1.4603,1.5135,1.4536,1.5116,215945.55
1757707200,1.5135,1.5448,1.4932,1.5358,1573391.54
1757721600,1.5373,1.5778,1.518,1.5399,1026374.59
1757736000,1.5392,1.5547,1.5151,1.5385,486242.74
1757750400,1.5385,1.6457,1.5385,1.6306,2101835.48
1757764800,1.6315,1.7266,1.589,1.6996,1959177.6200000001
1757779200,1.7002,1.704,1.6045,1.6768,1696368.3100000001
1757793600,1.6837,1.7696,1.6831,1.7202,2296388.3399999999
1757808000,1.7199,1.7365,1.6485,1.6593,2518260.4399999999
1757822400,1.6599,1.666,1.6152,1.6287,2018518.1399999999
1757836800,1.6268,1.6644,1.588,1.596,715857.6800000001
1757851200,1.5969,1.6108,1.558,1.5753,1346784.79
1757865600,1.5733,1.6183,1.5733,1.6022,491871.01
1757880000,1.6019,1.6433,1.6009,1.6046,756176.16
1757894400,1.6045,1.6321,1.562,1.6261,747826.2
1757908800,1.6234,1.6671,1.5918,1.5981,522195.89
1757923200,1.5978,1.659,1.5499,1.6002,2624548.3100000001
1757937600,1.6012,1.6223,1.5126,1.5263,1034881.91
1757952000,1.5242,1.545,1.4898,1.5312,545664.89
1757966400,1.5333,1.5908,1.5318,1.5645,639834.6899999999
1757980800,1.5627,1.565,1.5201,1.5201,1375354.3799999999
1757995200,1.5204,1.5744,1.5107,1.5433,423764.8
1758009600,1.5471,1.5961,1.5358,1.5585,1286394.0600000001
1758024000,1.5583,1.5899,1.5055,1.5898,587664.65
1758038400,1.5881,1.6199,1.5647,1.5789,848437.33
1758052800,1.5788,1.5898,1.533,1.533,645100.88
1758067200,1.5318,1.5589,1.5187,1.5344,720537.67
1758081600,1.5349,1.5388,1.5037,1.5315,382510.07
1758096000,1.5295,1.5295,1.4964,1.5038,360847.48
1758110400,1.5046,1.5399,1.4998,1.5399,360430.44
1758124800,1.5357,1.715,1.5226,1.6995,2886082.2200000002
1758139200,1.6994,1.9025,1.6827,1.8189,5031307.5199999996
1758153600,1.8164,1.9811,1.7746,1.9468,7594021.3600000003
1758168000,1.9477,2.1,1.928,2.051,5227350.6900000004
1758182400,2.0491,2.0591,1.8866,1.8994,4364006.4199999999
1758196800,1.8994,2.0417,1.8879,1.9337,5091534.7999999998
1758211200,1.9344,1.965,1.9198,1.9244,2618611.9100000001
1758225600,1.9242,1.9393,1.8789,1.8849,1497535.72
1758240000,1.8843,1.9481,1.8843,1.9224,2535179.04
1758254400,1.923,1.9702,1.8911,1.9276,4407086.3700000001
1758268800,1.9251,1.937,1.8586,1.8724,2145378.98
1758283200,1.8723,1.913,1.8386,1.8693,1951373.5600000001
1758297600,1.8693,1.9098,1.8305,1.8486,1178422.3300000001
1758312000,1.8485,1.8657,1.7975,1.8206,1334967.4199999999
1758326400,1.8206,1.8248,1.7798,1.7949,850579.66
1758340800,1.7942,1.8931,1.7886,1.8888,583938.89
1758355200,1.8866,1.9065,1.8256,1.8394,1679266.97
1758369600,1.835,1.887,1.8018,1.8619,914562.92
1758384000,1.8653,1.8936,1.8149,1.834,884983.51
1758398400,1.8325,1.8606,1.8307,1.8454,454926.65
1758412800,1.8444,1.8942,1.8368,1.8747,1811297.1000000001
1758427200,1.8743,1.9208,1.8422,1.8463,1504252.8999999999
1758441600,1.8465,1.8475,1.7836,1.8071,1809228.8600000001
1758456000,1.8073,1.8478,1.7921,1.7928,340184.83
1758470400,1.7927,1.7947,1.7512,1.782,1702410.5600000001
1758484800,1.7792,1.7898,1.7583,1.7594,223877.91
1758499200,1.7593,1.7738,1.6493,1.6664,1140975.6200000001
1758513600,1.6659,1.7233,1.5544,1.7083,2380573.3799999999
1758528000,1.7119,1.7726,1.6854,1.7384,1511133.51
1758542400,1.7356,1.8554,1.7305,1.8158,1845544.5
1758556800,1.8164,1.8251,1.7361,1.7394,886786.33
1758571200,1.7374,1.848,1.7349,1.8176,1793466.8700000001
1758585600,1.8169,1.8496,1.6882,1.7551,2221975.3100000001
1758600000,1.7537,1.7542,1.6884,1.7362,1163185.1799999999
1758614400,1.7365,1.7845,1.7074,1.7288,624372.38
1758628800,1.7288,1.7761,1.7119,1.7484,694908.6
1758643200,1.7495,1.7899,1.687,1.696,1269428.4399999999
1758657600,1.696,1.7097,1.6556,1.6605,490640.26
1758672000,1.6638,1.7122,1.6336,1.6338,675727.5
1758686400,1.6334,1.7696,1.602,1.7554,1000622.54
1758700800,1.7557,1.867,1.7514,1.834,1320979.6599999999
1758715200,1.8332,1.9015,1.7917,1.8022,1538226.4099999999
1758729600,1.8026,1.8814,1.7779,1.8498,684783.17
1758744000,1.8489,1.8612,1.7885,1.7969,316900.28
1758758400,1.7971,1.7971,1.71,1.7401,452817.19
1758772800,1.7382,1.7629,1.672,1.6757,924204.1800000001
1758787200,1.6777,1.7318,1.6747,1.6801,830024.38
1758801600,1.6831,1.7673,1.66,1.7189,1466920.0
1758816000,1.7231,1.8026,1.6452,1.7968,1550711.8200000001
1758830400,1.7966,1.8144,1.6809,1.7051,819759.25
1758844800,1.7077,1.7528,1.6783,1.7069,378733.27
1758859200,1.7021,1.7476,1.68,1.7306,336914.51
1758873600,1.7331,1.7522,1.6462,1.6699,483834.53
1758888000,1.6696,1.7118,1.6373,1.6868,986499.41
1758902400,1.6837,1.7319,1.6799,1.7073,492702.63
1758916800,1.7068,1.8187,1.6984,1.7598,425809.77
1758931200,1.7618,1.8012,1.7324,1.734,270223.23
1758945600,1.7329,1.7747,1.7278,1.7304,145557.4
1758960000,1.7302,1.739,1.7009,1.7244,158887.97
1758974400,1.7228,1.7979,1.7021,1.7664,317110.93
1758988800,1.7664,1.8885,1.7659,1.8751,1787322.48
1759003200,1.873,1.9586,1.8487,1.8909,1301794.8799999999
1759017600,1.8896,1.894,1.8246,1.8367,410179.65
1759032000,1.8374,1.8374,1.79,1.8115,476133.73
1759046400,1.8104,1.8693,1.7968,1.8426,527377.66
1759060800,1.8427,1.8804,1.8012,1.8679,443420.02
1759075200,1.8705,1.8868,1.84,1.8557,297279.07
1759089600,1.8522,1.8966,1.8404,1.8905,366827.93
1759104000,1.8872,1.8872,1.7983,1.8016,387405.91
1759118400,1.8016,1.8064,1.7409,1.7668,419866.78
1759132800,1.7668,1.8002,1.725,1.7304,851897.96
1759147200,1.7304,1.7592,1.6979,1.7039,1264209.3700000001
1759161600,1.7059,1.7154,1.6196,1.654,1047175.53
1759176000,1.6541,1.6713,1.6363,1.6487,538220.0600000001
1759190400,1.6471,1.6648,1.6062,1.6067,572835.37
1759204800,1.6067,1.6244,1.5695,1.5766,613548.33
1759219200,1.5768,1.5797,1.5049,1.5252,566178.36
1759233600,1.5252,1.5256,1.4438,1.4567,2101336.9100000001
1759248000,1.4571,1.4626,1.4052,1.4516,1163365.77
1759262400,1.4539,1.4694,1.427,1.4485,455110.66
1759276800,1.4484,1.4545,1.392,1.392,345231.75
1759291200,1.392,1.4425,1.3817,1.3869,428752.65
1759305600,1.3857,1.4833,1.3835,1.4525,871830.14
1759320000,1.4478,1.5228,1.4187,1.4817,1429419.5
1759334400,1.4809,1.5313,1.4652,1.4713,2017285.7
1759348800,1.4715,1.5244,1.4546,1.519,3212169.8700000001
1759363200,1.519,1.6729,1.5115,1.6575,3471974.3300000001
1759377600,1.6574,1.7612,1.6295,1.6555,2331700.1699999999
1759392000,1.6554,1.6775,1.6261,1.6775,1314266.97
1759406400,1.6767,1.715,1.6257,1.6573,1908795.6899999999
1759420800,1.6572,1.8208,1.65,1.8188,1704198.24
1759435200,1.8214,1.8436,1.7767,1.782,784465.09
1759449600,1.7831,1.792,1.7316,1.7518,521413.76
1759464000,1.7514,1.7927,1.7348,1.7383,665132.89
1759478400,1.7377,1.8276,1.735,1.8004,983613.0699999999
1759492800,1.8006,1.8705,1.77,1.8683,1077182.6100000001
1759507200,1.8688,1.9036,1.8049,1.8612,1575550.1499999999
1759521600,1.8589,1.9331,1.8465,1.9114,1534155.8
1759536000,1.9108,1.9482,1.8478,1.8521,1579262.4399999999
1759550400,1.8522,1.8548,1.8243,1.842,1267692.53
1759564800,1.8439,1.8616,1.8058,1.8264,1131952.28
1759579200,1.826,1.9157,1.8228,1.8819,1753017.96
1759593600,1.8826,1.9581,1.8775,1.94,2465778.1299999999
1759608000,1.9399,1.9994,1.9193,1.973,2702577.46
1759622400,1.9731,2.0344,1.9302,2.0304,1833401.8700000001
1759636800,2.0303,2.032,1.9546,1.9787,2074613.25
1759651200,1.9805,1.994,1.8974,1.912,1590036.8999999999
1759665600,1.9123,1.9204,1.8738,1.9089,706379.92
1759680000,1.9091,1.9092,1.866,1.8693,361808.43
1759694400,1.8681,1.8897,1.8628,1.8668,96920.73
1759708800,1.8665,1.9246,1.8536,1.8974,307732.85
1759723200,1.8944,1.9152,1.84,1.8794,493891.54
1759737600,1.8812,1.985,1.8718,1.9472,2260095.1499999999
1759752000,1.9458,2.056,1.9245,2.0063,1531537.1599999999
1759766400,2.0093,2.1681,2.0061,2.0242,2935483.3700000001
1759780800,2.0242,2.027,1.9373,1.9439,1685900.51
1759795200,1.9436,1.9534,1.9264,1.9379,371537.43
1759809600,1.9343,1.9864,1.9167,1.9644,391390.14
1759824000,1.9639,2.0487,1.9374,2.037,1215393.5900000001
1759838400,2.037,2.0544,1.8867,1.9245,3312839.2000000002
1759852800,1.9235,1.9351,1.8827,1.9151,442636.55
1759867200,1.9126,2.0117,1.9111,1.9698,513021.56
1759881600,1.9688,1.9974,1.9118,1.9257,657839.6
1759896000,1.9254,1.9442,1.8817,1.9234,1434547.25
1759910400,1.9252,1.9882,1.9015,1.9074,419322.9
1759924800,1.9065,1.9576,1.8882,1.8976,697241.63
1759939200,1.8978,1.9767,1.8932,1.9032,617639.6899999999
1759953600,1.9032,1.9121,1.8369,1.8477,855621.65
1759968000,1.8475,1.8543,1.8033,1.817,667517.41
1759982400,1.8157,1.823,1.7743,1.7755,781310.02
1759996800,1.7747,1.7819,1.7241,1.7703,993462.48
1760011200,1.7711,1.8163,1.7423,1.753,857107.35
1760025600,1.7523,1.816,1.7424,1.8005,570597.99
1760040000,1.8021,1.8129,1.7849,1.7929,159029.05
1760054400,1.795,1.8306,1.7767,1.8013,276398.57
1760068800,1.8021,1.832,1.7683,1.7683,322025.18
1760083200,1.7692,1.79,1.7643,1.773,368174.94
1760097600,1.7702,1.796,1.6455,1.6756,898184.58
1760112000,1.6756,1.6758,1.6117,1.6302,1113303.01
1760126400,1.6315,1.642,0.4573,1.1899,10642348.4600000009
1760140800,1.1878,1.3199,1.186,1.2427,1657224.9199999999
1760155200,1.2441,1.2928,1.2362,1.2456,690608.97
1760169600,1.248,1.33,1.243,1.2654,531852.83
1760184000,1.2641,1.2743,1.2142,1.2187,484794.05
1760198400,1.2186,1.2307,1.1365,1.1489,566375.45
1760212800,1.1473,1.1565,1.0983,1.1276,399989.53
1760227200,1.1281,1.1512,1.1014,1.1392,276192.28
1760241600,1.1388,1.2249,1.1384,1.1887,1330052.3600000001
1760256000,1.1884,1.2132,1.1714,1.2023,644322.21
1760270400,1.2012,1.3965,1.1875,1.3701,4265734.2800000003
1760284800,1.3719,1.4984,1.3662,1.3948,9255975.6199999992
1760299200,1.3955,1.4289,1.3447,1.3608,1427951.76
1760313600,1.3603,1.3838,1.3239,1.3239,1027457.47
1760328000,1.3259,1.3829,1.3188,1.3631,705696.24
1760342400,1.3604,1.3803,1.2828,1.3096,1366072.26
1760356800,1.307,1.3862,1.2974,1.3741,1076662.5900000001
1760371200,1.3746,1.4447,1.334,1.4105,1583220.25
1760385600,1.4137,1.4476,1.392,1.4005,1012353.14
1760400000,1.4004,1.4107,1.3451,1.3509,1017592.45
1760414400,1.3502,1.354,1.2405,1.2649,1551936.9099999999
1760428800,1.2645,1.307,1.2478,1.2815,310336.28
1760443200,1.2815,1.3553,1.2521,1.3553,604142.49
1760457600,1.3528,1.3855,1.3158,1.3369,781271.05
1760472000,1.3372,1.3495,1.3201,1.3209,196009.97
1760486400,1.3215,1.3414,1.3001,1.3234,180049.14
1760500800,1.3236,1.3676,1.3172,1.3608,375766.32
1760515200,1.3582,1.419,1.3015,1.3166,813258.22
1760529600,1.3165,1.3319,1.2689,1.2825,616664.38
1760544000,1.2799,1.2934,1.2527,1.2602,348303.73
1760558400,1.2585,1.2672,1.2062,1.2403,603578.37
1760572800,1.2405,1.2606,1.229,1.2467,388995.05
1760587200,1.2471,1.2825,1.2437,1.2644,347111.86
1760601600,1.2643,1.2881,1.2087,1.263,595694.23
1760616000,1.2646,1.2755,1.2024,1.2101,1038360.17
1760630400,1.2092,1.2634,1.1914,1.2126,644322.91
1760644800,1.2133,1.222,1.1745,1.1852,290780.55
1760659200,1.1855,1.2063,1.1804,1.1997,456252.99
1760673600,1.1986,1.2014,1.1105,1.1128,776561.63
1760688000,1.1138,1.1508,1.088,1.1374,1800816.1100000001
1760702400,1.1375,1.1526,1.1099,1.1504,965548.47
1760716800,1.1495,1.177,1.1384,1.1717,189090.97
1760731200,1.1698,1.1805,1.1619,1.1631,125233.18
1760745600,1.1616,1.1739,1.1541,1.1679,133536.89
1760760000,1.1652,1.1895,1.1495,1.1701,148761.58
1760774400,1.1703,1.1748,1.151,1.1551,150144.54
1760788800,1.1544,1.158,1.1313,1.1425,297262.87
1760803200,1.1419,1.1476,1.1196,1.1395,154786.38
1760817600,1.1401,1.1497,1.1303,1.1367,140657.6
1760832000,1.1364,1.152,1.1243,1.1514,144135.08
1760846400,1.1527,1.1527,1.1285,1.1384,209003.45
1760860800,1.1395,1.166,1.1141,1.1294,479596.44
1760875200,1.1293,1.1602,1.081,1.1399,8414696.8100000005
1760889600,1.1395,1.1781,1.1288,1.1457,588900.34
1760904000,1.1457,1.1481,1.0922,1.0959,300277.72
1760918400,1.0957,1.1328,1.0688,1.1291,798123.7
1760932800,1.1272,1.1515,1.1012,1.1389,879129.02
1760947200,1.138,1.1401,1.1062,1.1149,315861.31
1760961600,1.1143,1.1651,1.1091,1.1261,878424.75
1760976000,1.1225,1.1233,1.0934,1.1111,661013.84
1760990400,1.1111,1.1563,1.1053,1.1527,287854.18
1761004800,1.1497,1.1504,1.0903,1.094,692929.78
1761019200,1.091,1.0939,1.0343,1.0547,1006308.8
1761033600,1.0528,1.0676,1.0385,1.065,750488.29
1761048000,1.0652,1.175,1.0609,1.1677,1456634.04
1761062400,1.1683,1.1983,1.1557,1.1581,994606.96
1761076800,1.158,1.162,1.075,1.0807,698634.48
1761091200,1.0797,1.0873,1.0576,1.0766,569584.05
1761105600,1.0769,1.0905,1.0615,1.0745,311637.62
1761120000,1.0711,1.1032,1.0577,1.0952,435783.2
1761134400,1.0942,1.1031,1.0668,1.0826,289193.17
1761148800,1.0797,1.084,1.042,1.0467,395710.44
1761163200,1.0523,1.0558,1.0075,1.0473,650737.78
1761177600,1.0461,1.0637,1.0402,1.0606,78347.8
1761192000,1.0591,1.0909,1.0577,1.0823,121198.42
1761206400,1.0814,1.0865,1.0637,1.0662,167785.17
1761220800,1.0641,1.1042,1.0545,1.0971,712299.9
1761235200,1.0969,1.1048,1.0796,1.091,176809.88
1761249600,1.0902,1.0902,1.0705,1.0785,50606.52
1761264000,1.0787,1.0898,1.0677,1.0729,96976.05
1761278400,1.072,1.1096,1.0699,1.0974,381351.53
1761292800,1.0973,1.1117,1.0811,1.0983,701908.0699999999
1761307200,1.0983,1.1314,1.0692,1.0742,405321.0
1761321600,1.0743,1.0974,1.0626,1.0915,101914.11
1761336000,1.091,1.1026,1.0792,1.0792,90537.56
1761350400,1.0814,1.0814,1.0598,1.0619,260614.32
1761364800,1.0614,1.0688,1.0571,1.0638,242386.74
1761379200,1.0647,1.0784,1.06,1.0704,188008.87
1761393600,1.069,1.1067,1.069,1.0898,1166350.8799999999
1761408000,1.0908,1.1295,1.0807,1.1227,653803.14
1761422400,1.1225,1.1239,1.098,1.0999,770144.3
1761436800,1.1,1.1093,1.0771,1.0771,421227.85
1761451200,1.0776,1.1124,1.0765,1.1097,299046.91
1761465600,1.1087,1.1935,1.1067,1.1769,1452752.8400000001
1761480000,1.1781,1.1934,1.1555,1.1592,543952.64
1761494400,1.1591,1.1974,1.1424,1.1807,2552539.8799999999
1761508800,1.178,1.2358,1.1677,1.1969,1220175.98
1761523200,1.1987,1.2149,1.1864,1.1895,1076283.0800000001
1761537600,1.189,1.2089,1.1604,1.1665,632765.63
1761552000,1.1667,1.1679,1.1171,1.1225,1001570.22
1761566400,1.1212,1.1381,1.0972,1.1326,1561012.6000000001
1761580800,1.1325,1.1554,1.1123,1.1133,714161.12
1761595200,1.1122,1.1124,1.0544,1.0681,1143299.51
1761609600,1.0684,1.0806,1.0503,1.0529,419452.95
1761624000,1.0522,1.0812,1.0479,1.0695,566040.38
1761638400,1.07,1.0955,1.0693,1.0818,1129730.0900000001
1761652800,1.0814,1.1433,1.0767,1.0909,1960143.49
1761667200,1.0908,1.1068,1.0504,1.0561,1467429.6299999999
1761681600,1.0557,1.0639,1.0315,1.043,649447.37
1761696000,1.0438,1.0623,1.0438,1.0487,300422.33
1761710400,1.0483,1.0615,1.0465,1.0506,114245.59
1761724800,1.0502,1.0705,1.0409,1.0566,1006208.3100000001
1761739200,1.056,1.0631,1.0258,1.0344,1324044.6499999999
1761753600,1.0336,1.075,1.0019,1.0684,2332662.2599999998
1761768000,1.0693,1.1384,1.0585,1.1001,1384164.26
1761782400,1.0993,1.1052,1.0796,1.0952,1123418.8300000001
1761796800,1.0945,1.0945,1.0497,1.072,553598.5
1761811200,1.0717,1.073,1.0349,1.0403,365723.09
1761825600,1.04,1.0425,0.9245,0.9351,11459643.1999999993
1761840000,0.9328,0.943,0.9039,0.9251,1497828.71
1761854400,0.9251,0.9492,0.9211,0.9486,379021.9
1761868800,0.9492,0.9563,0.9291,0.9341,855856.6800000001
1761883200,0.9339,0.9457,0.9103,0.925,3633847.9199999999
1761897600,0.9244,0.9391,0.9129,0.9385,1271910.0800000001
1761912000,0.9357,0.9529,0.9231,0.9413,962986.95
1761926400,0.9391,0.9436,0.9036,0.9425,828840.75
1761940800,0.9411,0.9427,0.9203,0.9203,250041.77
1761955200,0.9209,0.9282,0.9063,0.9197,188032.63
1761969600,0.9206,0.9256,0.8915,0.9242,609538.24
1761984000,0.9235,0.9366,0.9033,0.9069,413370.52
1761998400,0.9099,0.9154,0.877,0.9071,544123.66
1762012800,0.9073,0.9168,0.8886,0.895,178351.81
1762027200,0.8964,0.9093,0.8834,0.8903,461802.69
1762041600,0.8905,0.8941,0.8779,0.8809,157893.51
1762056000,0.8807,0.9083,0.8806,0.9064,315370.0
1762070400,0.91,0.9119,0.8831,0.9054,578822.99
1762084800,0.9034,0.905,0.8531,0.8699,712987.5
1762099200,0.8687,0.877,0.8556,0.8605,383617.41
1762113600,0.8605,0.8802,0.8539,0.8775,239396.37
1762128000,0.8775,0.8823,0.8087,0.8115,435877.23
1762142400,0.8119,0.8223,0.7906,0.8173,581593.6800000001
1762156800,0.8171,0.8304,0.8007,0.8032,342178.02
1762171200,0.8035,0.8118,0.7325,0.749,1764420.54
1762185600,0.7495,0.7987,0.743,0.7663,892176.99
1762200000,0.7673,0.7686,0.7455,0.7591,394218.76
1762214400,0.7599,0.7743,0.7542,0.7618,383337.04
1762228800,0.7618,0.7702,0.7254,0.7423,737386.39
1762243200,0.7433,0.7691,0.7399,0.7584,2202420.98
1762257600,0.7583,0.764,0.7357,0.7467,318502.95
1762272000,0.7464,0.7551,0.7136,0.7327,1925922.6899999999
1762286400,0.7334,0.7626,0.692,0.7539,3701708.5800000001
1762300800,0.7537,0.762,0.7149,0.7576,737615.05
1762315200,0.7587,0.7718,0.7556,0.771,337849.93
1762329600,0.7716,0.7716,0.7485,0.7616,241967.95
1762344000,0.7613,0.7816,0.7554,0.776,625730.4
1762358400,0.776,0.7807,0.7669,0.7702,690124.8
1762372800,0.7699,0.7833,0.765,0.7678,380885.71
1762387200,0.77,0.7713,0.7525,0.7648,342625.94
1762401600,0.7648,0.7685,0.7408,0.7442,496785.98
1762416000,0.7426,0.7473,0.7337,0.7436,1363032.8999999999
1762430400,0.7432,0.7555,0.714,0.718,1688113.0900000001
1762444800,0.7171,0.7417,0.7061,0.7358,801086.62
1762459200,0.7367,0.7407,0.7226,0.7261,159603.75
1762473600,0.7275,0.7569,0.7266,0.7483,303424.07
1762488000,0.7493,0.7728,0.7454,0.7698,636111.71
1762502400,0.7695,0.7705,0.7205,0.727,589414.27
1762516800,0.7269,0.781,0.7135,0.7758,1767956.26
1762531200,0.7762,0.8457,0.7745,0.8367,1605951.54
1762545600,0.8371,0.85,0.8188,0.8202,2054861.8700000001
1762560000,0.8201,0.8329,0.7992,0.7992,2022876.5900000001
1762574400,0.7996,0.8083,0.7754,0.7959,529075.1899999999
1762588800,0.7966,0.8197,0.7856,0.81,507223.53
1762603200,0.8102,0.8168,0.782,0.7881,351549.55
1762617600,0.7885,0.7996,0.7811,0.7945,500970.64
1762632000,0.7944,0.8107,0.789,0.8018,378610.75
1762646400,0.8022,0.8054,0.7671,0.772,308475.94
1762660800,0.773,0.788,0.7707,0.7853,293282.22
1762675200,0.7867,0.7869,0.7596,0.7789,670303.95
1762689600,0.7802,0.8323,0.7787,0.8031,848743.02
1762704000,0.8027,0.8226,0.7969,0.8226,171046.23
1762718400,0.8231,0.8886,0.7913,0.866,4059059.1699999999
1762732800,0.867,0.9141,0.8603,0.872,2453584.9900000002
1762747200,0.8702,0.8756,0.8513,0.8539,818325.04
1762761600,0.8541,0.8671,0.8425,0.8546,277577.24
1762776000,0.855,0.8601,0.822,0.8245,341434.48
1762790400,0.8262,0.849,0.8131,0.8398,919180.64
1762804800,0.8403,0.8625,0.8274,0.8281,380578.95
1762819200,0.8288,0.8561,0.8176,0.8437,430930.02
1762833600,0.8428,0.8452,0.7955,0.7955,604509.9
1762848000,0.7963,0.8104,0.7959,0.8034,275600.85
1762862400,0.8035,0.8167,0.7975,0.804,447191.73
1762876800,0.805,0.814,0.7886,0.7897,617759.01
1762891200,0.79,0.7918,0.7611,0.7611,474003.71
1762905600,0.7617,0.7687,0.7493,0.7608,383567.27
1762920000,0.7606,0.7761,0.7582,0.7629,109787.7
1762934400,0.764,0.8072,0.7634,0.7968,586265.1
1762948800,0.7973,0.8135,0.762,0.7643,738803.76
1762963200,0.767,0.7671,0.7313,0.7423,940004.97
1762977600,0.741,0.7563,0.7335,0.7335,268036.71
1762992000,0.7341,0.771,0.7327,0.7627,551634.41
1763006400,0.7621,0.7866,0.7554,0.7807,201494.36
1763020800,0.7811,0.792,0.7702,0.777,371862.95
1763035200,0.7764,0.786,0.757,0.7596,624779.61
1763049600,0.7608,0.7671,0.6984,0.703,1350576.3500000001
1763064000,0.7016,0.7387,0.693,0.7267,1321744.96
1763078400,0.7264,0.7453,0.7189,0.7323,656592.99
1763092800,0.732,0.7375,0.6901,0.7283,491456.74
1763107200,0.7279,0.7279,0.7005,0.7061,91089.77
1763121600,0.7062,0.723,0.677,0.7135,698616.0699999999
1763136000,0.7137,0.7245,0.7024,0.7148,136326.37
1763150400,0.7148,0.7161,0.6595,0.6748,547673.8100000001
1763164800,0.6749,0.7055,0.6749,0.703,236115.3
1763179200,0.7047,0.7064,0.6955,0.6966,130898.37
1763193600,0.696,0.696,0.6769,0.6843,228235.61
1763208000,0.6836,0.7115,0.6833,0.6992,377551.59
1763222400,0.7001,0.7116,0.6933,0.704,226328.3
1763236800,0.7037,0.7037,0.6865,0.6927,183375.19
1763251200,0.6929,0.6991,0.6741,0.6932,128152.29
1763265600,0.6941,0.6976,0.6855,0.6961,97049.65
1763280000,0.6963,0.6996,0.6713,0.6753,253389.7
1763294400,0.6758,0.6828,0.6569,0.6579,395019.53
1763308800,0.6585,0.6702,0.6419,0.6623,508312.85
1763323200,0.6622,0.6843,0.6531,0.6774,294751.14
1763337600,0.6774,0.6848,0.6677,0.6779,64765.89
1763352000,0.6799,0.6832,0.6715,0.6814,69773.02
1763366400,0.6815,0.6854,0.6743,0.6817,122802.11
1763380800,0.6808,0.687,0.6431,0.6447,627812.33
1763395200,0.645,0.6597,0.6254,0.6297,662533.5
1763409600,0.631,0.6364,0.6219,0.6312,295235.64
1763424000,0.6314,0.6558,0.6177,0.6497,553148.49
1763438400,0.6501,0.6624,0.643,0.6471,198095.01
1763452800,0.6478,0.6595,0.6477,0.651,234045.31
1763467200,0.6514,0.6856,0.6448,0.683,465389.85
1763481600,0.684,0.6847,0.6739,0.676,267354.57
1763496000,0.6762,0.6802,0.6667,0.6759,186955.63
1763510400,0.6762,0.6785,0.6609,0.663,399347.88
1763524800,0.6622,0.6629,0.6379,0.6541,180900.38
1763539200,0.6539,0.6603,0.6447,0.6558,1324573.6399999999
1763553600,0.6557,0.6622,0.6344,0.6356,931815.54
1763568000,0.6362,0.6418,0.6127,0.6194,869818.63
1763582400,0.6195,0.6571,0.617,0.6566,329620.33
1763596800,0.6567,0.6672,0.6522,0.6628,68375.87
1763611200,0.6628,0.6704,0.6595,0.6682,151945.56
1763625600,0.6686,0.6686,0.6555,0.6617,323421.88
1763640000,0.6611,0.6805,0.6597,0.6598,494184.55
1763654400,0.6616,0.6616,0.5996,0.626,1205811.03
1763668800,0.6249,0.6445,0.6174,0.6233,316676.18
1763683200,0.6259,0.6381,0.6106,0.6196,133590.6
1763697600,0.6194,0.6237,0.4606,0.5763,1323635.51
1763712000,0.5759,0.5842,0.5552,0.5556,440601.24
1763726400,0.5559,0.5876,0.5444,0.5749,802822.99
1763740800,0.5748,0.599,0.5671,0.5848,384824.53
1763755200,0.5848,0.5883,0.5624,0.5817,236484.06
1763769600,0.5816,0.5846,0.5695,0.571,67950.04
1763784000,0.5711,0.5711,0.5529,0.5677,397023.06
1763798400,0.5674,0.5687,0.5547,0.5643,400229.08
1763812800,0.564,0.5652,0.5493,0.5549,164288.37
1763827200,0.554,0.5628,0.554,0.5573,128723.54
1763841600,0.5563,0.5667,0.5483,0.5509,135419.57
1763856000,0.5511,0.5614,0.5433,0.5518,284347.58
1763870400,0.5527,0.561,0.5465,0.5505,230238.03
1763884800,0.5512,0.5575,0.5466,0.5531,158119.6
1763899200,0.5534,0.5608,0.5497,0.5574,82200.15
1763913600,0.5576,0.56,0.5483,0.557,129802.2
1763928000,0.5573,0.5584,0.5437,0.545,79690.09
1763942400,0.5453,0.5695,0.5376,0.5658,189617.61
1763956800,0.5646,0.5712,0.5519,0.554,155435.09
1763971200,0.5538,0.5544,0.5398,0.5511,146068.43
1763985600,0.5511,0.5772,0.5477,0.573,685899.64
1764000000,0.5734,0.6098,0.5734,0.5958,732613.55
1764014400,0.5962,0.6031,0.5904,0.5934,561847.28
1764028800,0.5937,0.5965,0.5831,0.5906,362595.52
1764043200,0.5907,0.5955,0.5792,0.5793,354267.97
1764057600,0.58,0.5851,0.5737,0.5784,371705.31
1764072000,0.5788,0.5877,0.5676,0.5794,307244.35
1764086400,0.5799,0.5981,0.5756,0.5858,1937856.6000000001
1764100800,0.5859,0.608,0.5829,0.603,257995.81
1764115200,0.6035,0.6044,0.5961,0.5986,130090.22
1764129600,0.5995,0.6149,0.5977,0.6148,123740.47
1764144000,0.6144,0.6144,0.5948,0.5956,585652.9
1764158400,0.5955,0.597,0.5801,0.5839,227580.24
1764172800,0.585,0.6328,0.585,0.6238,1743587.8999999999
1764187200,0.6238,0.6277,0.612,0.6162,392251.21
1764201600,0.6159,0.6204,0.605,0.6059,1090649.1599999999
1764216000,0.6061,0.611,0.6039,0.6084,227799.98
1764230400,0.6086,0.6223,0.6056,0.6168,172277.86
1764244800,0.6162,0.6367,0.608,0.6348,1692871.8300000001
1764259200,0.6342,0.655,0.63,0.6391,745691.3100000001
1764273600,0.6393,0.6461,0.624,0.6256,709286.12
1764288000,0.6259,0.6292,0.6102,0.6153,204426.83
1764302400,0.6158,0.6208,0.6126,0.619,474662.46
1764316800,0.6187,0.646,0.6187,0.6259,349437.26
1764331200,0.6257,0.6445,0.6212,0.6353,228370.78
1764345600,0.6351,0.6351,0.609,0.6172,486051.77
1764360000,0.6168,0.6168,0.6035,0.6091,973472.34
1764374400,0.609,0.6189,0.6076,0.6106,127825.2
1764388800,0.6106,0.6172,0.6037,0.6077,71686.77
1764403200,0.607,0.6106,0.6029,0.6061,245065.24
1764417600,0.6061,0.6074,0.5951,0.5996,311854.95
1764432000,0.5995,0.5995,0.5863,0.5928,1894634.6100000001
1764446400,0.593,0.5975,0.5907,0.5932,115384.86
1764460800,0.593,0.5959,0.5844,0.5907,489513.94
1764475200,0.5908,0.5944,0.5848,0.5924,1015575.9399999999
1764489600,0.5924,0.5961,0.5883,0.5888,290814.29
1764504000,0.5891,0.6024,0.5866,0.5893,185268.44
1764518400,0.5891,0.5975,0.5868,0.5874,78180.47
1764532800,0.5878,0.5907,0.5673,0.5674,554191.53
1764547200,0.5684,0.5688,0.5169,0.5176,866376.3199999999
1764561600,0.517,0.5196,0.5111,0.5154,515667.34
1764576000,0.5151,0.5188,0.5034,0.5076,455740.97
1764590400,0.5079,0.5094,0.4906,0.4995,680196.1899999999
1764604800,0.5003,0.5061,0.4872,0.504,2425973.71
1764619200,0.5043,0.5109,0.5024,0.5084,98195.01
1764633600,0.5087,0.512,0.4986,0.5028,272564.03
1764648000,0.5051,0.5057,0.5002,0.5045,61651.67
1764662400,0.5046,0.507,0.4971,0.5027,174235.84
1764676800,0.5034,0.5672,0.5027,0.5652,1236863.03
1764691200,0.5661,0.5762,0.5497,0.5497,184366.34
1764705600,0.5496,0.5719,0.5419,0.5623,900100.73
1764720000,0.5624,0.5698,0.56,0.56,382686.32
1764734400,0.56,0.5837,0.56,0.5751,339355.05
1764748800,0.5756,0.5828,0.5692,0.5755,865524.8
1764763200,0.5752,0.5821,0.5563,0.5771,327161.94
1764777600,0.578,0.5914,0.5736,0.5822,304492.86
1764792000,0.583,0.6018,0.5806,0.594,120719.4
1764806400,0.5942,0.604,0.5862,0.5866,161723.93
1764820800,0.5864,0.5871,0.5777,0.5803,190391.74
1764835200,0.5797,0.5814,0.5686,0.5705,215052.97
1764849600,0.5704,0.574,0.5565,0.5715,178686.13
1764864000,0.5719,0.5755,0.5517,0.5636,473214.81
1764878400,0.5641,0.5655,0.5553,0.5571,97735.44
1764892800,0.557,0.5638,0.5558,0.5571,40335.35
1764907200,0.5583,0.559,0.5511,0.555,63593.15
1764921600,0.5542,0.5545,0.5383,0.5394,187498.57
1764936000,0.5392,0.5515,0.5311,0.5409,103386.55
1764950400,0.5409,0.5412,0.509,0.5163,171671.07
1764964800,0.5164,0.5191,0.5119,0.5147,43069.02
1764979200,0.5138,0.5168,0.5063,0.5074,96830.59
1764993600,0.5077,0.5138,0.4998,0.5033,141006.34
1765008000,0.5033,0.5041,0.4988,0.5023,413071.88
1765022400,0.502,0.5161,0.4989,0.5058,393279.27
1765036800,0.506,0.5209,0.5058,0.5073,305142.04
1765051200,0.5075,0.5153,0.506,0.5096,171058.4
1765065600,0.5105,0.5162,0.5043,0.5058,138966.35
1765080000,0.5053,0.5074,0.5,0.5022,118838.16
1765094400,0.5026,0.5043,0.4953,0.4972,327323.42
1765108800,0.497,0.5023,0.4685,0.486,1742913.3400000001
1765123200,0.4861,0.5052,0.4774,0.5011,586065.79
1765137600,0.5025,0.5062,0.4645,0.4734,382156.28
1765152000,0.4727,0.4858,0.4686,0.4751,221584.32
1765166400,0.4755,0.4978,0.4739,0.4964,146482.24
1765180800,0.4979,0.5088,0.4882,0.4911,798381.98
1765195200,0.4908,0.4991,0.4845,0.4885,816553.85
1765209600,0.4884,0.497,0.4777,0.4805,215226.94
1765224000,0.4804,0.485,0.4735,0.4772,143415.11
1765238400,0.4771,0.4811,0.4688,0.4759,261723.73
1765252800,0.4764,0.4764,0.4651,0.4726,165575.05
1765267200,0.4732,0.4752,0.4677,0.471,159956.61
1765281600,0.4691,0.5188,0.4691,0.5138,435835.2
1765296000,0.5137,0.546,0.5137,0.529,1041263.83
1765310400,0.5291,0.5306,0.5034,0.5118,403088.71
1765324800,0.5122,0.5133,0.492,0.4948,243354.84
1765339200,0.4946,0.4986,0.486,0.4892,119404.62
1765353600,0.4898,0.4973,0.4787,0.4833,234174.59
1765368000,0.4831,0.4868,0.4745,0.4776,405164.54
1765382400,0.4772,0.513,0.4761,0.5118,574403.76
1765396800,0.514,0.5316,0.4741,0.4758,595608.8
1765411200,0.4756,0.4758,0.4457,0.4487,875710.53
1765425600,0.448,0.4598,0.4458,0.4548,444604.2
1765440000,0.4549,0.4549,0.4492,0.4513,147817.68
1765454400,0.4506,0.4641,0.4497,0.4579,391242.32
1765468800,0.4579,0.4771,0.451,0.4651,330694.07
1765483200,0.4661,0.4904,0.4639,0.4685,401485.72
1765497600,0.4682,0.472,0.4605,0.4702,170196.99
1765512000,0.4703,0.4794,0.467,0.473,193245.36
1765526400,0.4724,0.4797,0.47,0.4737,215736.29
1765540800,0.4734,0.481,0.4394,0.4422,404241.34
1765555200,0.4422,0.4503,0.4353,0.4423,467613.91
1765569600,0.4424,0.4551,0.4401,0.4463,153678.04
1765584000,0.4469,0.4499,0.4422,0.4496,111211.36
1765598400,0.4503,0.455,0.4444,0.4546,97806.03
1765612800,0.4547,0.457,0.45,0.4515,87636.61
1765627200,0.4518,0.4547,0.4432,0.4462,84182.4
1765641600,0.4459,0.4491,0.4422,0.4473,219862.44
1765656000,0.4475,0.4477,0.4412,0.4458,129389.14
1765670400,0.4455,0.4486,0.4436,0.4441,114980.24
1765684800,0.4443,0.4454,0.4379,0.4413,118646.89
1765699200,0.4421,0.4432,0.4306,0.4368,258645.88
1765713600,0.4368,0.4394,0.4247,0.4282,272994.87
1765728000,0.4277,0.4326,0.422,0.4233,259774.61
1765742400,0.4235,0.4264,0.4155,0.4198,370361.39
1765756800,0.4212,0.4365,0.4202,0.4315,185593.02
1765771200,0.4322,0.4479,0.4322,0.437,271697.44
1765785600,0.4374,0.4418,0.4352,0.4389,136838.99
1765800000,0.4385,0.4416,0.4095,0.4131,648857.9300000001
1765814400,0.4131,0.4144,0.3962,0.4091,649770.01
1765828800,0.4085,0.4106,0.4039,0.4092,239341.81
1765843200,0.4091,0.4101,0.4007,0.4063,250199.73
1765857600,0.4064,0.4106,0.4003,0.4041,277503.17
1765872000,0.4049,0.4202,0.4048,0.4183,154116.07
1765886400,0.4186,0.4267,0.4124,0.4247,662404.88
1765900800,0.4252,0.4259,0.3996,0.4167,961981.5
1765915200,0.4165,0.4179,0.4017,0.4061,455977.65
1765929600,0.4062,0.4074,0.4014,0.4048,135331.25
1765944000,0.4051,0.4101,0.4006,0.4083,306948.61
1765958400,0.4081,0.4087,0.3997,0.4044,286752.19
1765972800,0.4047,0.4216,0.3951,0.401,1165165.1799999999
1765987200,0.401,0.4039,0.3761,0.3858,1175735.47
1766001600,0.3863,0.3904,0.3796,0.3837,389369.15
1766016000,0.3838,0.3863,0.3787,0.3794,148099.01
1766030400,0.3793,0.3823,0.3749,0.38,242235.7
1766044800,0.3804,0.3859,0.3796,0.3824,302665.53
1766059200,0.3824,0.4113,0.3805,0.4089,801843.9399999999
1766073600,0.409,0.4093,0.3599,0.3608,968674.2
1766088000,0.3612,0.3778,0.3607,0.3713,493458.87
1766102400,0.3712,0.3902,0.3671,0.3886,523871.61
1766116800,0.389,0.3984,0.3863,0.3914,372043.42
1766131200,0.3919,0.3934,0.3861,0.3889,365779.58
1766145600,0.3892,0.4016,0.3867,0.3941,360068.14
1766160000,0.3939,0.4051,0.3922,0.4006,777727.39
1766174400,0.4005,0.4031,0.3955,0.3992,380130.84
1766188800,0.399,0.3993,0.3956,0.3971,444784.3
1766203200,0.3971,0.4019,0.394,0.4019,177764.08
1766217600,0.4016,0.4039,0.3968,0.4009,126429.03
1766232000,0.4006,0.4027,0.395,0.4001,158722.85
1766246400,0.4005,0.4026,0.3976,0.401,256528.1
1766260800,0.4011,0.4024,0.3992,0.3998,100220.47
1766275200,0.3998,0.401,0.3923,0.3946,115309.19
1766289600,0.3945,0.3979,0.3935,0.3973,126202.65
1766304000,0.3967,0.4015,0.3941,0.3945,122758.05
1766318400,0.394,0.3968,0.3806,0.3832,203178.84
1766332800,0.3832,0.3889,0.3818,0.3881,257059.32
1766347200,0.3883,0.3962,0.3836,0.394,206130.16
1766361600,0.3942,0.4039,0.3887,0.3949,298895.77
1766376000,0.3953,0.403,0.3948,0.4015,208280.51
1766390400,0.4016,0.4065,0.3963,0.4001,160856.92
1766404800,0.4,0.4037,0.3881,0.3918,228597.55
1766419200,0.3927,0.3954,0.3831,0.3843,241976.95
1766433600,0.3841,0.3904,0.3828,0.3902,189124.4
1766448000,0.3903,0.3948,0.3845,0.3878,174716.71
1766462400,0.3873,0.3876,0.3827,0.3848,219759.86
1766476800,0.3851,0.3893,0.3828,0.3859,265130.99
1766491200,0.3856,0.3874,0.3746,0.3802,295638.0
1766505600,0.38,0.3877,0.3784,0.3841,146869.35
1766520000,0.3845,0.3906,0.3817,0.3839,94902.58
1766534400,0.3839,0.3867,0.3749,0.3792,192414.32
1766548800,0.3792,0.3817,0.3714,0.3715,142716.2
1766563200,0.3717,0.3738,0.3704,0.3722,147439.05
1766577600,0.3721,0.3839,0.37,0.3818,319442.0
1766592000,0.3822,0.3886,0.3802,0.3841,222042.74
1766606400,0.3844,0.3894,0.3826,0.387,204362.55
1766620800,0.3872,0.3938,0.3866,0.3936,96030.99
1766635200,0.3937,0.3954,0.391,0.3949,181255.01
1766649600,0.3955,0.3974,0.3864,0.3889,180628.78
1766664000,0.3887,0.3925,0.3869,0.3908,206845.68
1766678400,0.3911,0.3937,0.3879,0.3937,177916.72
1766692800,0.3937,0.3945,0.3742,0.3751,118722.46
1766707200,0.376,0.3921,0.3733,0.389,370482.82
1766721600,0.3884,0.3926,0.3849,0.386,302552.52
1766736000,0.386,0.3901,0.386,0.3882,176549.83
1766750400,0.3884,0.3926,0.3777,0.3837,254491.52
1766764800,0.3835,0.3902,0.3804,0.3889,212107.72
1766779200,0.3891,0.3909,0.387,0.3901,82424.14
1766793600,0.3899,0.3964,0.3888,0.3953,139185.53
1766808000,0.3955,0.3956,0.3906,0.3922,142963.95
1766822400,0.3923,0.3928,0.3857,0.3919,95937.43
1766836800,0.3921,0.3921,0.3874,0.3916,89100.1
1766851200,0.3921,0.3932,0.3893,0.3905,102139.86
1766865600,0.3909,0.399,0.3893,0.3978,202875.32
1766880000,0.3985,0.3992,0.394,0.3952,309640.57
1766894400,0.3951,0.3972,0.3943,0.395,124408.1
1766908800,0.3953,0.3955,0.3777,0.3904,759154.8199999999
1766923200,0.3911,0.3941,0.3889,0.3909,318505.69
1766937600,0.3911,0.3942,0.3848,0.3855,282875.49
1766952000,0.385,0.3914,0.384,0.3914,169483.31
1766966400,0.3914,0.4057,0.3902,0.4049,254666.47
1766980800,0.4052,0.4088,0.3972,0.3993,628985.72
1766995200,0.3994,0.4004,0.3888,0.3902,527664.8
1767009600,0.3899,0.3901,0.38,0.3852,655941.05
1767024000,0.3848,0.3849,0.3737,0.3752,780982.78
1767038400,0.3754,0.3772,0.3726,0.3749,196582.87
1767052800,0.3748,0.3765,0.3671,0.368,603631.5
1767067200,0.368,0.3734,0.3668,0.3725,297416.83
1767081600,0.3725,0.3802,0.3725,0.3751,214518.12
1767096000,0.3752,0.376,0.3673,0.3744,482907.61
1767110400,0.3745,0.3771,0.358,0.3598,668995.2
1767124800,0.3601,0.3621,0.3573,0.3589,534210.3199999999
1767139200,0.3589,0.3597,0.3477,0.3499,1650576.3400000001
1767153600,0.3499,0.3584,0.3474,0.3582,838757.3100000001
1767168000,0.3589,0.36,0.3558,0.3588,493870.65
1767182400,0.3588,0.3596,0.3526,0.3531,683717.88
1767196800,0.3531,0.3531,0.3395,0.349,944263.24
1767211200,0.349,0.3507,0.3458,0.3474,232165.15
1767225600,0.3482,0.3513,0.3438,0.3445,321286.72
1767240000,0.3442,0.3475,0.3427,0.3467,166499.62
1767254400,0.3468,0.352,0.3464,0.3519,240075.19
1767268800,0.3521,0.3617,0.3495,0.3591,1344931.99
1767283200,0.3593,0.3704,0.3572,0.3704,771825.13
1767297600,0.37,0.3838,0.3664,0.3825,3641058.0099999998
1767312000,0.3825,0.3858,0.3773,0.3837,703146.48
1767326400,0.3847,0.3848,0.376,0.3762,285282.27
1767340800,0.3762,0.3888,0.3757,0.3825,685055.52
1767355200,0.3823,0.3946,0.3809,0.3914,477300.68
1767369600,0.3918,0.4024,0.3889,0.397,591967.54
1767384000,0.397,0.402,0.3914,0.3994,674734.9
1767398400,0.3991,0.4059,0.3968,0.4047,513267.12
1767412800,0.4046,0.4068,0.3865,0.3882,1216514.1399999999
1767427200,0.3882,0.3928,0.3863,0.3926,208529.89
1767441600,0.3923,0.4111,0.3913,0.406,4167049.3399999999
1767456000,0.4067,0.4294,0.4065,0.4137,765492.77
1767470400,0.4135,0.4198,0.4096,0.4175,230099.63
1767484800,0.4171,0.4238,0.4159,0.4221,218100.1
1767499200,0.422,0.4253,0.415,0.4179,305943.11
1767513600,0.4175,0.4225,0.4137,0.4198,269037.6
1767528000,0.4193,0.4273,0.4173,0.4262,260131.25
1767542400,0.4259,0.4316,0.4184,0.4226,318621.48
1767556800,0.4225,0.4246,0.3892,0.4216,4676373.2999999998
1767571200,0.4215,0.4365,0.4187,0.4219,718906.9
1767585600,0.4221,0.423,0.4096,0.4163,327647.02
1767600000,0.4161,0.4168,0.4094,0.4123,306269.64
1767614400,0.4122,0.4283,0.4085,0.4283,308001.99
1767628800,0.4285,0.4455,0.4167,0.4378,544036.73
1767643200,0.437,0.4612,0.4369,0.4535,302575.97
1767657600,0.4532,0.4622,0.4455,0.4512,450897.14
1767672000,0.4506,0.4614,0.4365,0.4396,405678.11
1767686400,0.4395,0.4478,0.4393,0.4476,288216.12
1767700800,0.4474,0.4694,0.4466,0.4499,669487.24
1767715200,0.4509,0.4526,0.4176,0.4264,1313137.9399999999
1767729600,0.4264,0.4488,0.4264,0.4462,386475.95
1767744000,0.4463,0.4463,0.429,0.4344,293499.45
1767758400,0.4345,0.4446,0.4307,0.4441,1516759.4399999999
1767772800,0.4442,0.4502,0.4288,0.4319,2718078.1099999999
1767787200,0.4315,0.4315,0.4114,0.414,949717.04
1767801600,0.4135,0.418,0.4089,0.4117,791899.3199999999
1767816000,0.4118,0.4132,0.4053,0.4094,301855.83
1767830400,0.4092,0.4134,0.402,0.4038,268451.57
1767844800,0.4034,0.4075,0.3942,0.405,311027.78
1767859200,0.4048,0.4081,0.3944,0.3963,496124.74
1767873600,0.3971,0.4211,0.3928,0.4206,1230820.6399999999
1767888000,0.4213,0.4412,0.4092,0.4159,7474485.96
1767902400,0.4159,0.429,0.4115,0.4201,703403.35
1767916800,0.4205,0.422,0.4049,0.4118,601802.75
1767931200,0.4116,0.4133,0.4079,0.4112,186982.99
1767945600,0.4117,0.4117,0.3952,0.4051,2854165.6899999999
1767960000,0.4051,0.4202,0.3975,0.4133,4979223.0999999996
1767974400,0.4137,0.4243,0.4041,0.4063,505138.24
1767988800,0.4063,0.4125,0.4054,0.409,555686.26
1768003200,0.409,0.4103,0.4036,0.4075,354563.16
1768017600,0.4074,0.413,0.4018,0.4121,467551.07
1768032000,0.4119,0.4151,0.4095,0.4147,267880.77
1768046400,0.4151,0.4202,0.4101,0.4103,185683.53
1768060800,0.4106,0.4146,0.4058,0.4137,217293.99
1768075200,0.4141,0.4144,0.4025,0.405,138996.61
1768089600,0.4052,0.4077,0.4031,0.407,92997.17
1768104000,0.4071,0.4126,0.4061,0.4122,349017.41
1768118400,0.4127,0.4153,0.4104,0.4121,162010.43
1768132800,0.4127,0.4139,0.4025,0.4046,328298.34
1768147200,0.4048,0.4139,0.4,0.4073,1496414.9299999999
1768161600,0.4067,0.4081,0.3967,0.4065,483987.8
1768176000,0.4067,0.4267,0.3976,0.4168,1802373.9399999999
1768190400,0.4168,0.4268,0.4097,0.4097,144352.9
1768204800,0.41,0.4137,0.4008,0.4093,657343.5
1768219200,0.4091,0.4124,0.3967,0.4097,408834.19
1768233600,0.4099,0.4148,0.4011,0.4051,338645.51
1768248000,0.4048,0.4081,0.3946,0.3991,462354.04
1768262400,0.3992,0.4037,0.3896,0.3975,268584.21
1768276800,0.3972,0.409,0.3969,0.4058,224819.08
1768291200,0.4059,0.4092,0.4036,0.4045,269450.25
1768305600,0.4051,0.4226,0.4041,0.4219,622412.3199999999
1768320000,0.4224,0.4283,0.421,0.425,505814.42
1768334400,0.4252,0.455,0.419,0.4454,379663.64
1768348800,0.4458,0.452,0.4435,0.45,968524.86
1768363200,0.4501,0.4554,0.4472,0.4494,2427208.5600000001
1768377600,0.4501,0.4571,0.4457,0.4479,282089.04
1768392000,0.4486,0.4528,0.4418,0.449,1113104.1200000001
1768406400,0.449,0.4561,0.4292,0.4391,665390.79
1768420800,0.4393,0.4439,0.4296,0.4316,1488838.6799999999
1768435200,0.4323,0.4335,0.4139,0.4143,626034.5600000001
1768449600,0.4135,0.4254,0.4129,0.4236,408028.92
1768464000,0.4235,0.4272,0.42,0.4212,188658.16
1768478400,0.4209,0.4267,0.404,0.412,594409.6800000001
1768492800,0.4118,0.4143,0.3992,0.4041,690725.62
1768507200,0.4039,0.4076,0.3997,0.4072,214444.95
1768521600,0.4072,0.4092,0.403,0.4042,144879.66
1768536000,0.4044,0.4068,0.3998,0.4047,148083.26
1768550400,0.4046,0.4076,0.403,0.4049,162787.11
1768564800,0.4053,0.4054,0.3915,0.3936,419979.95
1768579200,0.3929,0.4031,0.3929,0.401,382409.84
1768593600,0.4013,0.4107,0.4002,0.4054,163126.58
1768608000,0.4057,0.4067,0.4039,0.4054,101046.53
1768622400,0.4053,0.4097,0.4043,0.4095,65369.35
1768636800,0.4093,0.4134,0.4088,0.4092,100919.5
1768651200,0.4092,0.4198,0.4091,0.4195,229447.82
1768665600,0.4196,0.4238,0.4142,0.4154,316514.5
1768680000,0.4158,0.4165,0.4032,0.4035,1307367.6899999999
1768694400,0.4037,0.4074,0.3959,0.3965,296025.39
1768708800,0.3962,0.3989,0.3948,0.3967,171795.49
1768723200,0.3963,0.4018,0.3955,0.3985,203089.64
1768737600,0.3992,0.4008,0.3927,0.3963,183881.5
1768752000,0.3965,0.3993,0.3883,0.3927,249367.69
1768766400,0.393,0.3966,0.3673,0.3683,712862.05
1768780800,0.3681,0.3681,0.3235,0.3436,1502787.71
1768795200,0.3431,0.3451,0.3382,0.3432,482030.67
1768809600,0.3431,0.3467,0.3412,0.3422,454658.27
1768824000,0.3423,0.344,0.3383,0.3426,526508.5
1768838400,0.3425,0.3488,0.3402,0.3476,272130.83
1768852800,0.348,0.3491,0.3367,0.3427,715027.34
1768867200,0.3427,0.3428,0.3369,0.3411,372413.36
1768881600,0.3406,0.3426,0.3339,0.3349,503907.07
1768896000,0.3346,0.3504,0.3296,0.3408,1089502.1899999999
1768910400,0.3407,0.3412,0.3312,0.3342,517000.42
1768924800,0.3341,0.336,0.3256,0.3305,675743.03
1768939200,0.3295,0.334,0.3227,0.3252,624583.17
1768953600,0.3253,0.3349,0.3252,0.3335,314264.19
1768968000,0.3335,0.3398,0.3324,0.3379,181136.05
1768982400,0.3382,0.3397,0.3297,0.3302,426465.22
1768996800,0.33,0.3498,0.3254,0.3439,984351.5
1769011200,0.3446,0.3544,0.3241,0.3534,1692407.25
1769025600,0.3534,0.3546,0.3391,0.342,726587.54
1769040000,0.3423,0.3504,0.3423,0.3453,375415.02
1769054400,0.3451,0.3484,0.3393,0.3396,270814.38
1769068800,0.3405,0.3428,0.3378,0.3382,141317.53
1769083200,0.3379,0.3406,0.3275,0.3305,217845.33
1769097600,0.3305,0.3353,0.3282,0.3324,386753.27
1769112000,0.3321,0.3334,0.3289,0.3315,235214.03
1769126400,0.3318,0.3372,0.3303,0.3365,242987.53
1769140800,0.3364,0.3422,0.3359,0.3375,166183.97
1769155200,0.3377,0.3384,0.3327,0.3363,240698.69
1769169600,0.3363,0.3367,0.3256,0.3356,355789.67
1769184000,0.3353,0.35,0.3324,0.3392,903874.49
1769198400,0.3392,0.3409,0.3335,0.3342,326252.07
1769212800,0.3344,0.3356,0.3306,0.334,135905.92
1769227200,0.3342,0.3384,0.3335,0.3361,81202.83
1769241600,0.336,0.3372,0.3335,0.3355,124317.71
1769256000,0.3354,0.3371,0.3319,0.332,185700.54
1769270400,0.332,0.334,0.3299,0.3318,97705.97
1769284800,0.3314,0.336,0.3314,0.3352,132173.74
1769299200,0.3351,0.3377,0.3314,0.3321,328231.27
1769313600,0.3314,0.3363,0.3309,0.3344,122552.39
1769328000,0.3349,0.3411,0.3319,0.3358,305214.3
1769342400,0.3354,0.3354,0.3267,0.3277,246998.71
1769356800,0.3279,0.3279,0.3046,0.3071,972786.3199999999
1769371200,0.3073,0.315,0.3061,0.3143,465521.01
1769385600,0.3143,0.3234,0.3123,0.3168,346059.26
1769400000,0.3177,0.324,0.3177,0.323,447477.6
1769414400,0.3232,0.327,0.3206,0.3252,284080.51
1769428800,0.3259,0.3385,0.3256,0.3302,460497.61
1769443200,0.3308,0.3329,0.3262,0.3293,434104.98
1769457600,0.3294,0.3305,0.3247,0.3251,370616.17
1769472000,0.3245,0.3296,0.3236,0.3272,212181.5
1769486400,0.3273,0.3286,0.3229,0.3252,148846.67
1769500800,0.3258,0.3263,0.3217,0.3223,381853.43
1769515200,0.3222,0.3251,0.3194,0.3251,172518.64
1769529600,0.3252,0.3319,0.319,0.3294,418170.24
1769544000,0.3292,0.3377,0.3292,0.3363,338949.8
1769558400,0.3363,0.3385,0.3322,0.3371,407022.7
1769572800,0.337,0.3386,0.3342,0.3368,276640.04
1769587200,0.3371,0.344,0.335,0.3428,548343.03
1769601600,0.3425,0.3425,0.3318,0.3339,290334.67
1769616000,0.334,0.3365,0.3302,0.3356,268190.72
1769630400,0.3348,0.3391,0.331,0.3335,567917.33
1769644800,0.3337,0.3346,0.32,0.3205,412505.8
1769659200,0.3205,0.3218,0.3179,0.3201,198686.92
1769673600,0.3199,0.3217,0.3133,0.314,275725.23
1769688000,0.314,0.3184,0.2914,0.3015,1410196.97
1769702400,0.3014,0.3089,0.2903,0.2948,761053.28
1769716800,0.2951,0.3037,0.2941,0.2998,488227.47
1769731200,0.2998,0.3029,0.2866,0.2909,948231.3
1769745600,0.2909,0.2972,0.2857,0.2922,603118.1899999999
1769760000,0.2923,0.3002,0.2891,0.2987,465010.66
1769774400,0.2989,0.2993,0.2918,0.2974,2936509.3900000001
1769788800,0.297,0.3058,0.2868,0.3023,1536187.1799999999
1769803200,0.3019,0.3019,0.2929,0.2949,598164.85
1769817600,0.2952,0.2953,0.2891,0.2892,161107.21
1769832000,0.2892,0.2909,0.2829,0.2845,253293.28
1769846400,0.2846,0.2852,0.2772,0.2781,437526.3
1769860800,0.2783,0.2783,0.2592,0.2648,1483803.3899999999
1769875200,0.2649,0.2681,0.2302,0.2512,2996915.4900000002
1769889600,0.2512,0.2641,0.2486,0.2623,794077.24
1769904000,0.2621,0.2637,0.2591,0.2624,447596.63
1769918400,0.2622,0.2642,0.2603,0.2616,607969.88
1769932800,0.2615,0.2658,0.2577,0.2603,195827.87
1769947200,0.2601,0.2623,0.2479,0.2513,521293.0
1769961600,0.2508,0.258,0.2492,0.252,675755.46
1769976000,0.252,0.2545,0.2426,0.2495,567446.17
1769990400,0.2498,0.2599,0.2426,0.2539,821974.28
1770004800,0.254,0.2582,0.2426,0.2509,946326.96
1770019200,0.251,0.2574,0.2508,0.2526,565507.23
1770033600,0.2529,0.2658,0.2519,0.2641,622749.96
1770048000,0.264,0.264,0.2573,0.2578,252343.89
1770062400,0.2578,0.2588,0.2534,0.2534,264307.95
1770076800,0.2537,0.2541,0.2461,0.2517,276897.13
1770091200,0.2518,0.2555,0.2494,0.2523,128873.02
1770105600,0.2525,0.2553,0.2491,0.2513,218269.54
1770120000,0.2515,0.2551,0.2467,0.2531,493374.63
1770134400,0.2522,0.2522,0.2357,0.2497,758369.85
1770148800,0.2493,0.2636,0.2462,0.249,779362.33
1770163200,0.2489,0.2564,0.2481,0.2544,301203.23
1770177600,0.2537,0.256,0.2519,0.2548,104084.4
1770192000,0.2548,0.2557,0.2502,0.2537,110036.9
1770206400,0.2534,0.2541,0.2399,0.2428,311047.66
1770220800,0.2428,0.2553,0.2371,0.2508,623569.78
1770235200,0.2511,0.2511,0.2389,0.2434,310020.95
1770249600,0.2436,0.245,0.2377,0.2381,234896.47
1770264000,0.238,0.2418,0.2356,0.2366,199614.66
1770278400,0.237,0.2408,0.2283,0.2316,476489.8
1770292800,0.2315,0.2329,0.2096,0.2163,815905.51
1770307200,0.2161,0.2209,0.2071,0.2081,1528093.6100000001
1770321600,0.2082,0.2101,0.1968,0.1991,2095241.8700000001
1770336000,0.1993,0.2056,0.178,0.2,2520139.8199999998
1770350400,0.2003,0.2086,0.1986,0.2033,307327.75
1770364800,0.2033,0.212,0.201,0.2115,330759.98
1770379200,0.2113,0.2209,0.2101,0.2172,356067.89
1770393600,0.2172,0.2289,0.2165,0.2231,559880.2
1770408000,0.2232,0.2259,0.22,0.2242,151875.16
1770422400,0.2242,0.2242,0.2191,0.2207,252907.37
1770436800,0.2207,0.2228,0.2104,0.2128,210452.32
1770451200,0.2126,0.2155,0.2121,0.2138,163815.19
1770465600,0.2133,0.2212,0.2133,0.2192,189928.12
1770480000,0.2195,0.2261,0.2187,0.2211,714635.8100000001
1770494400,0.2209,0.2218,0.2167,0.2174,146166.74
1770508800,0.2172,0.2172,0.2126,0.2132,213186.46
1770523200,0.213,0.2145,0.2113,0.2128,103284.61
1770537600,0.2126,0.2163,0.211,0.2151,159845.31
1770552000,0.2154,0.2155,0.209,0.2093,173563.65
1770566400,0.2094,0.2112,0.2032,0.2093,646928.7
1770580800,0.2094,0.2117,0.2049,0.2065,349839.95
1770595200,0.2066,0.2112,0.2036,0.2106,434297.42
1770609600,0.2104,0.2105,0.206,0.2061,232273.14
1770624000,0.206,0.2064,0.1992,0.2015,339244.74
1770638400,0.2015,0.204,0.1989,0.2027,237141.64
1770652800,0.2029,0.2078,0.2011,0.2052,663028.39
1770667200,0.2051,0.2057,0.202,0.2032,152259.12
1770681600,0.2033,0.2053,0.2,0.2012,175271.11
1770696000,0.2011,0.2028,0.1963,0.1986,106863.08
1770710400,0.1986,0.2011,0.1983,0.1994,116561.87
1770724800,0.1994,0.2027,0.198,0.2009,313465.53
1770739200,0.2012,0.2025,0.1958,0.197,329712.87
1770753600,0.1971,0.1985,0.1961,0.1972,174794.58
1770768000,0.1973,0.2009,0.1972,0.1994,311386.18
1770782400,0.1993,0.1994,0.1925,0.193,148957.38
1770796800,0.1929,0.1938,0.191,0.1938,179598.07
1770811200,0.194,0.2048,0.1918,0.1931,470528.75
1770825600,0.1932,0.1988,0.1913,0.1965,207788.84
1770840000,0.1963,0.2016,0.195,0.1974,149322.59
1770854400,0.1981,0.2044,0.1981,0.2035,582087.97
1770868800,0.2035,0.2073,0.2025,0.2072,239847.33
1770883200,0.207,0.2086,0.2049,0.2058,739908.13
1770897600,0.2062,0.2063,0.1998,0.1998,621901.41
1770912000,0.2,0.203,0.1955,0.2003,462063.81
1770926400,0.2003,0.2039,0.1981,0.2036,147676.41
1770940800,0.2034,0.2043,0.2002,0.2006,373076.99
1770955200,0.2005,0.2006,0.1976,0.1996,161331.83
1770969600,0.1996,0.2015,0.199,0.1996,193189.18
1770984000,0.1995,0.2074,0.1977,0.2041,732990.8100000001
1770998400,0.2044,0.2109,0.2042,0.2083,2260948.0600000001
1771012800,0.2083,0.21,0.2074,0.2086,420553.83
1771027200,0.2086,0.2126,0.2076,0.2116,423119.08
1771041600,0.2116,0.2116,0.2082,0.2104,175483.69
1771056000,0.2105,0.2156,0.2104,0.2146,250321.68
1771070400,0.2145,0.2173,0.2114,0.2173,173094.93
1771084800,0.2174,0.2211,0.2157,0.2211,2263069.6699999999
1771099200,0.2213,0.2228,0.2182,0.2193,295191.13
1771113600,0.2194,0.2197,0.2131,0.2172,263396.19
1771128000,0.2174,0.2207,0.2168,0.218,225531.33
1771142400,0.2181,0.2189,0.2126,0.2143,90165.51
1771156800,0.2144,0.2146,0.2067,0.2092,191538.25
1771171200,0.2091,0.2095,0.2021,0.2054,306011.21
1771185600,0.2052,0.2087,0.2045,0.2084,169425.78
1771200000,0.2084,0.2095,0.2057,0.2074,167336.05
1771214400,0.2073,0.2102,0.2058,0.2073,103070.23
1771228800,0.2073,0.2096,0.2051,0.2075,101218.93
1771243200,0.2075,0.213,0.2047,0.2061,271625.91
1771257600,0.206,0.2095,0.2058,0.2094,375740.71
1771272000,0.2091,0.2133,0.2083,0.2133,616262.83
1771286400,0.2133,0.2142,0.2112,0.212,236368.32
1771300800,0.2119,0.2134,0.2096,0.2112,207492.32
1771315200,0.2113,0.2129,0.2096,0.2122,179075.13
1771329600,0.212,0.2122,0.2062,0.2097,235069.95
1771344000,0.2097,0.2135,0.2067,0.2084,191963.55
1771358400,0.2083,0.2086,0.2062,0.2074,112038.04
1771372800,0.2075,0.2085,0.2051,0.2083,246981.36
1771387200,0.2083,0.2118,0.2071,0.2108,260211.13
1771401600,0.2108,0.2116,0.2065,0.2076,119650.94
1771416000,0.2076,0.2092,0.2025,0.2065,169954.18
1771430400,0.2065,0.2065,0.1959,0.1976,171397.23
1771444800,0.1975,0.1987,0.1965,0.1974,130339.86
1771459200,0.1973,0.1993,0.1957,0.1992,219987.91
1771473600,0.1993,0.1994,0.1965,0.1977,124498.14
1771488000,0.1978,0.1978,0.194,0.1944,270762.37
1771502400,0.1943,0.1945,0.1897,0.1901,315959.63
1771516800,0.1902,0.1936,0.188,0.1923,308810.62
1771531200,0.1924,0.1933,0.1911,0.193,88185.83
1771545600,0.193,0.1956,0.193,0.1942,133023.59
1771560000,0.1943,0.1957,0.1922,0.1937,295041.09
1771574400,0.1939,0.1973,0.1932,0.194,391488.61
1771588800,0.1941,0.1989,0.1898,0.1989,289362.58
1771603200,0.1995,0.2011,0.1942,0.1976,255314.25
1771617600,0.1977,0.1981,0.1961,0.1973,157439.23
1771632000,0.1975,0.1976,0.1944,0.1947,65006.76
1771646400,0.1944,0.1959,0.1938,0.195,65030.77
1771660800,0.1954,0.199,0.1951,0.1968,75420.52
1771675200,0.197,0.1975,0.1948,0.1953,123746.5
1771689600,0.1954,0.1954,0.1938,0.1943,211439.8
1771704000,0.1941,0.1944,0.1908,0.1911,683633.61
1771718400,0.191,0.191,0.1862,0.1872,239944.01
1771732800,0.1874,0.1875,0.1839,0.1843,256208.55
1771747200,0.1845,0.1852,0.1832,0.1839,239305.71
1771761600,0.1841,0.1843,0.1812,0.1826,579797.3199999999
1771776000,0.1829,0.1832,0.1793,0.1796,301809.9
1771790400,0.1796,0.1808,0.1773,0.1804,271262.9
1771804800,0.1803,0.1805,0.1698,0.1728,770284.65
1771819200,0.1729,0.1786,0.172,0.1779,282227.48
1771833600,0.178,0.1869,0.1777,0.186,7429486.6100000003
1771848000,0.1864,0.197,0.1842,0.1848,1729120.8
1771862400,0.185,0.1901,0.1802,0.1808,772863.73
1771876800,0.1809,0.1863,0.1797,0.1842,224168.28
1771891200,0.1843,0.188,0.1811,0.1859,357682.03
1771905600,0.1865,0.1874,0.1792,0.1797,681605.6899999999
1771920000,0.18,0.1811,0.1785,0.1802,387567.91
1771934400,0.1804,0.1866,0.1791,0.1841,463454.04
1771948800,0.1844,0.1947,0.1844,0.1875,583026.64
1771963200,0.1875,0.1927,0.1869,0.191,313014.79
1771977600,0.1912,0.2019,0.1894,0.1933,630229.01
1771992000,0.1932,0.1932,0.1887,0.1921,213861.56
1772006400,0.1922,0.1956,0.1918,0.1933,356601.17
1772020800,0.1932,0.1996,0.1931,0.1988,428297.61
1772035200,0.1996,0.2045,0.199,0.2042,419335.06
1772049600,0.2043,0.2065,0.194,0.1968,1083770.0900000001
1772064000,0.1967,0.2002,0.195,0.1994,1006109.22
1772078400,0.1992,0.2039,0.1991,0.2009,1137491.0700000001
1772092800,0.2011,0.2059,0.2001,0.2009,452995.25
1772107200,0.2007,0.2026,0.1954,0.1968,341002.44
1772121600,0.1971,0.1971,0.1881,0.194,349127.37
1772136000,0.1937,0.1948,0.1917,0.1933,353589.44
1772150400,0.1936,0.1967,0.1918,0.1961,91598.55
1772164800,0.1964,0.2004,0.1964,0.1984,169046.93
1772179200,0.1987,0.2001,0.1926,0.1928,101215.33
1772193600,0.1926,0.1935,0.1867,0.1877,105047.37
1772208000,0.1873,0.1888,0.1849,0.1863,246654.54
1772222400,0.1864,0.1872,0.183,0.1861,158885.85
1772236800,0.1862,0.1878,0.1853,0.1855,59711.12
1772251200,0.1854,0.1866,0.1752,0.1793,538009.74
1772265600,0.179,0.179,0.172,0.1723,229919.77
1772280000,0.1722,0.1774,0.1715,0.1743,152482.13
1772294400,0.1741,0.1793,0.1712,0.1784,306011.92
1772308800,0.1787,0.1857,0.1783,0.1844,518308.88
1772323200,0.1844,0.193,0.1815,0.1884,306746.35
1772337600,0.1889,0.1892,0.1854,0.1885,123736.66
1772352000,0.1887,0.1888,0.1834,0.185,110947.19
1772366400,0.185,0.1886,0.1826,0.1834,642769.54
1772380800,0.1833,0.1842,0.1756,0.1763,293647.03
1772395200,0.1761,0.1794,0.1728,0.1782,455212.08
1772409600,0.1783,0.1832,0.1776,0.1793,189675.85
1772424000,0.1794,0.1804,0.1747,0.1759,164414.28
1772438400,0.1761,0.178,0.174,0.1772,246876.81
1772452800,0.1773,0.19,0.1745,0.1879,380220.77
1772467200,0.1882,0.1912,0.1848,0.1862,427060.69
1772481600,0.1865,0.191,0.1843,0.186,2216685.8500000001
1772496000,0.1865,0.1878,0.1833,0.1847,1512570.3100000001
1772510400,0.1848,0.1854,0.1825,0.1854,270626.58
1772524800,0.1854,0.1859,0.1797,0.1815,376463.67
1772539200,0.1812,0.1851,0.1784,0.1832,308944.82
1772553600,0.1828,0.1927,0.1814,0.1902,1163907.97
1772568000,0.1904,0.1922,0.187,0.1915,266849.38
1772582400,0.1915,0.1946,0.1881,0.1893,204490.91
1772596800,0.1899,0.1908,0.1867,0.1896,116666.82
1772611200,0.1896,0.1974,0.1892,0.193,668931.51
1772625600,0.1932,0.2015,0.1907,0.2015,495863.01
1772640000,0.2022,0.2033,0.1918,0.2,2116973.7400000002
1772654400,0.1997,0.2001,0.1953,0.1973,202207.89
1772668800,0.1973,0.2011,0.1964,0.2,276161.84
1772683200,0.2004,0.2015,0.1961,0.1974,300053.18
1772697600,0.1976,0.2004,0.1958,0.197,327814.6
1772712000,0.197,0.2017,0.1955,0.2002,1286762.48
1772726400,0.2004,0.2004,0.1924,0.1944,552922.9300000001
1772740800,0.1946,0.1968,0.1933,0.1943,186934.95
1772755200,0.1943,0.1972,0.1934,0.1968,288663.86
1772769600,0.197,0.1972,0.1939,0.1952,94641.71
1772784000,0.1953,0.1953,0.1905,0.191,250426.26
1772798400,0.1907,0.1919,0.1825,0.1838,873735.6
1772812800,0.1836,0.1865,0.1809,0.1849,645603.97
1772827200,0.1848,0.1853,0.183,0.1832,315885.0
1772841600,0.1834,0.1841,0.1812,0.1816,277727.64
1772856000,0.1815,0.1825,0.1788,0.1794,283360.09
1772870400,0.1794,0.1813,0.1791,0.1799,108230.62
1772884800,0.18,0.1813,0.1777,0.1785,108214.98
1772899200,0.1783,0.1804,0.1769,0.1772,211837.47
1772913600,0.1775,0.1781,0.174,0.176,416517.63
1772928000,0.1759,0.1761,0.173,0.1745,173382.36
1772942400,0.1744,0.1765,0.1723,0.176,206004.43
1772956800,0.1762,0.1803,0.1752,0.1784,249589.73
1772971200,0.1781,0.1817,0.1762,0.179,166027.03
1772985600,0.179,0.1824,0.1778,0.1807,135201.08
1773000000,0.181,0.1812,0.1757,0.1779,193165.82
1773014400,0.1781,0.1821,0.1777,0.1804,296100.35
1773028800,0.1807,0.1851,0.18,0.1831,419389.78
1773043200,0.1834,0.185,0.182,0.183,124348.43
1773057600,0.1832,0.1891,0.1832,0.187,663743.92
1773072000,0.1869,0.1911,0.1854,0.1877,222497.08
1773086400,0.1877,0.1885,0.1826,0.1836,236128.99
1773100800,0.1836,0.1881,0.183,0.1845,296316.71
1773115200,0.1849,0.1858,0.1822,0.1856,225109.89
1773129600,0.1857,0.1883,0.1855,0.186,207879.18
1773144000,0.1862,0.1905,0.1845,0.1892,416385.63
1773158400,0.1891,0.1904,0.1849,0.1861,304041.78
1773172800,0.1862,0.1871,0.1849,0.1862,127076.55
1773187200,0.1861,0.1868,0.1851,0.1859,494071.45
1773201600,0.1861,0.1864,0.1838,0.1843,287306.01
1773216000,0.1842,0.1862,0.1839,0.1852,385866.29
1773230400,0.1855,0.1905,0.1851,0.1876,663757.9300000001
1773244800,0.1875,0.1887,0.186,0.1882,269308.76
1773259200,0.1881,0.1885,0.1867,0.1869,376381.02
1773273600,0.1873,0.1876,0.1846,0.1846,220034.07
1773288000,0.185,0.1867,0.1843,0.1866,182368.97
1773302400,0.1866,0.1885,0.1854,0.1859,127269.67
1773316800,0.1859,0.187,0.1837,0.1865,733332.15
1773331200,0.1863,0.1895,0.1854,0.1888,867642.1899999999
1773345600,0.1886,0.1895,0.1861,0.1885,305621.6
1773360000,0.1885,0.1943,0.1876,0.1938,643351.3199999999
1773374400,0.1939,0.1943,0.1911,0.1925,176568.38
1773388800,0.1925,0.196,0.1917,0.1945,294493.35
1773403200,0.1945,0.1983,0.1933,0.194,476501.56
1773417600,0.194,0.1955,0.1907,0.191,247507.75
1773432000,0.1911,0.1918,0.1875,0.1882,372094.21
1773446400,0.1882,0.1887,0.1865,0.1887,293026.86
1773460800,0.1885,0.1898,0.1858,0.1861,148154.61
1773475200,0.1861,0.1872,0.1849,0.1867,133068.28
1773489600,0.1867,0.1881,0.1856,0.1863,195483.51
1773504000,0.1864,0.1878,0.1862,0.1874,88311.51
1773518400,0.1871,0.1938,0.1863,0.1927,201241.96
1773532800,0.1926,0.2054,0.1899,0.1997,1033166.41
1773547200,0.2,0.2082,0.1976,0.1996,1152847.6399999999
1773561600,0.2001,0.2038,0.1985,0.201,1149902.8200000001
1773576000,0.2014,0.2089,0.1996,0.2018,466898.79
1773590400,0.202,0.2219,0.2017,0.2213,3514638.0299999998
1773604800,0.2211,0.2247,0.207,0.2123,3216397.4199999999
1773619200,0.2122,0.2215,0.2099,0.218,765975.14
1773633600,0.218,0.2255,0.2166,0.2192,1593805.0700000001
1773648000,0.2202,0.2284,0.2152,0.2184,674538.76
1773662400,0.2183,0.2207,0.2132,0.2161,752934.6
1773676800,0.2167,0.2286,0.2163,0.223,926344.38
1773691200,0.2237,0.2361,0.2226,0.2292,561665.1899999999
1773705600,0.2292,0.2376,0.2272,0.2351,595250.54
1773720000,0.2358,0.2379,0.2288,0.2307,534244.21
1773734400,0.2305,0.2317,0.223,0.223,442604.26
1773748800,0.2235,0.2238,0.2175,0.219,373651.1
1773763200,0.2191,0.2214,0.2168,0.217,203874.48
1773777600,0.2173,0.2208,0.2171,0.218,385317.35
1773792000,0.2182,0.219,0.2151,0.2173,584913.67
1773806400,0.2175,0.2199,0.2141,0.215,410915.41
1773820800,0.2155,0.2162,0.2101,0.2119,469906.31
1773835200,0.2119,0.2125,0.1986,0.2002,940268.9
1773849600,0.1998,0.2014,0.1981,0.1993,389802.34
1773864000,0.1992,0.2054,0.1978,0.203,221605.6
1773878400,0.2034,0.2043,0.2004,0.2024,257661.76
1773892800,0.2023,0.2023,0.196,0.197,315528.17
1773907200,0.1974,0.1977,0.1944,0.195,390398.88
1773921600,0.1953,0.1954,0.189,0.1903,489042.56
1773936000,0.1903,0.1945,0.1894,0.1932,265401.7
1773950400,0.1932,0.1944,0.1923,0.1928,162494.17
1773964800,0.1926,0.1958,0.1922,0.1957,199149.44
1773979200,0.1954,0.1989,0.1929,0.1978,182591.02
1773993600,0.1984,0.2023,0.1976,0.1984,440876.28
1774008000,0.1987,0.1991,0.1945,0.1967,167019.65
1774022400,0.1967,0.1967,0.1902,0.1913,221942.72
1774036800,0.1914,0.1967,0.1904,0.1942,369707.24
1774051200,0.1943,0.197,0.1943,0.1954,212114.18
1774065600,0.1953,0.2031,0.1951,0.1999,183780.77
1774080000,0.2004,0.203,0.1987,0.1989,424297.97
1774094400,0.199,0.2053,0.1977,0.2053,319349.54
1774108800,0.205,0.2052,0.2003,0.2004,126709.42
1774123200,0.2006,0.2018,0.1914,0.1927,299620.94
1774137600,0.1924,0.1966,0.189,0.194,186591.58
1774152000,0.1939,0.1952,0.1921,0.1921,142328.68
1774166400,0.1923,0.1928,0.1891,0.1891,220619.69
1774180800,0.1894,0.1919,0.1892,0.1901,256929.07
1774195200,0.1901,0.1906,0.1862,0.1872,218430.7
1774209600,0.1875,0.1881,0.1829,0.1865,428824.24
1774224000,0.1869,0.1899,0.1864,0.1872,250035.99
1774238400,0.1872,0.1892,0.1853,0.1871,244133.18
1774252800,0.1873,0.1989,0.1847,0.1938,420422.89
1774267200,0.1943,0.1981,0.1929,0.1933,244864.59
1774281600,0.194,0.1963,0.1917,0.1951,350960.77
1774296000,0.1952,0.1986,0.1951,0.1965,339380.18
1774310400,0.1973,0.1973,0.1925,0.1943,211160.31
1774324800,0.1941,0.2002,0.1933,0.1998,166999.9
1774339200,0.2001,0.2005,0.1957,0.1965,208428.26
1774353600,0.196,0.1982,0.1932,0.1963,285756.92
1774368000,0.1964,0.1966,0.1919,0.1936,116288.03
1774382400,0.1937,0.1985,0.1935,0.1984,391185.93
1774396800,0.1985,0.2016,0.1976,0.1995,488714.38
1774411200,0.1994,0.2018,0.1982,0.2011,412628.75
1774425600,0.2013,0.2032,0.2009,0.2027,189748.48
1774440000,0.2033,0.2035,0.1996,0.2005,288792.14
1774454400,0.2005,0.2028,0.1989,0.1993,206595.86
1774468800,0.1995,0.1996,0.1974,0.1991,178792.21
1774483200,0.1992,0.1994,0.1951,0.1959,265336.18
1774497600,0.1957,0.1957,0.1915,0.1922,188294.66
1774512000,0.192,0.1923,0.1881,0.1885,308269.46
1774526400,0.1882,0.19,0.1864,0.1866,153618.56
1774540800,0.1865,0.1873,0.1835,0.184,226844.45
1774555200,0.1841,0.1883,0.1838,0.1864,166694.19
1774569600,0.1861,0.1871,0.1853,0.1855,148312.66
1774584000,0.1853,0.1856,0.1841,0.1852,179179.09
1774598400,0.1853,0.1855,0.1787,0.1801,356585.63
1774612800,0.18,0.1803,0.177,0.1783,291687.69
1774627200,0.1785,0.1791,0.1763,0.177,207346.89
1774641600,0.1772,0.1777,0.1741,0.1742,283724.85
1774656000,0.1743,0.1748,0.1708,0.171,280974.61
1774670400,0.1709,0.1731,0.1709,0.1718,287995.33
1774684800,0.1718,0.1748,0.1713,0.1731,366774.91
1774699200,0.173,0.1755,0.1719,0.1743,278860.07
1774713600,0.1744,0.1757,0.1728,0.1742,157734.19
1774728000,0.1743,0.1755,0.1681,0.1687,214546.79
1774742400,0.1687,0.1714,0.1682,0.1712,111217.23
1774756800,0.1714,0.1721,0.1694,0.1697,173758.71
1774771200,0.1699,0.1707,0.1687,0.1698,186635.72
1774785600,0.1698,0.17,0.1678,0.1692,231280.16
1774800000,0.1692,0.1702,0.1677,0.1678,288760.63
1774814400,0.168,0.1694,0.1639,0.1672,643308.04
1774828800,0.1675,0.1731,0.1669,0.1727,360476.82
1774843200,0.1732,0.1742,0.1709,0.173,220693.48
1774857600,0.1732,0.1747,0.1709,0.1719,445246.06
1774872000,0.1721,0.1724,0.169,0.1699,447367.78
1774886400,0.1701,0.1702,0.1644,0.1657,969652.1800000001
1774900800,0.1659,0.1672,0.1627,0.1634,295542.0
1774915200,0.1636,0.1668,0.1617,0.1631,575288.1
1774929600,0.1631,0.164,0.1624,0.1635,265037.41
1774944000,0.1634,0.1642,0.1606,0.1625,296772.35
1774958400,0.1625,0.1651,0.1611,0.1627,458140.6
1774972800,0.163,0.1674,0.163,0.165,174929.43
1774987200,0.1651,0.166,0.1634,0.1659,265969.09
1775001600,0.1659,0.1671,0.1638,0.1654,347941.38
1775016000,0.1655,0.1693,0.1649,0.1682,232973.46
1775030400,0.1682,0.1687,0.1659,0.1671,158079.41
1775044800,0.1671,0.1689,0.1649,0.1654,258645.92
1775059200,0.1653,0.1676,0.1638,0.165,181754.4
1775073600,0.165,0.1656,0.1628,0.1628,158194.72
1775088000,0.1631,0.1651,0.1555,0.1561,311504.99
1775102400,0.1562,0.1579,0.1552,0.157,714329.66
1775116800,0.1571,0.1572,0.1539,0.1543,237443.31
1775131200,0.1543,0.1557,0.1525,0.1535,574858.0699999999
1775145600,0.1535,0.1546,0.1514,0.1522,895972.66
1775160000,0.1528,0.1544,0.1503,0.1514,790525.5600000001
1775174400,0.1513,0.152,0.1505,0.1515,212151.76
1775188800,0.1515,0.1523,0.1504,0.1516,425975.71
1775203200,0.1517,0.1538,0.1517,0.1525,262224.25
1775217600,0.1524,0.1536,0.1505,0.151,260488.03
1775232000,0.1511,0.1518,0.1501,0.1507,163112.02
1775246400,0.1508,0.1524,0.1503,0.1513,271943.33
1775260800,0.1514,0.1518,0.1494,0.1512,205047.01
1775275200,0.151,0.153,0.1508,0.1523,281198.42
1775289600,0.1522,0.1529,0.1508,0.1526,198963.57
1775304000,0.1526,0.1531,0.1505,0.1522,334011.5
1775318400,0.1522,0.1536,0.1511,0.1526,247878.31
1775332800,0.1525,0.1525,0.1517,0.1524,68444.15
1775347200,0.1524,0.1531,0.1513,0.1523,137452.94
1775361600,0.1523,0.1524,0.1507,0.1509,129512.04
1775376000,0.1509,0.1518,0.1497,0.1504,141683.51
1775390400,0.1502,0.1513,0.1478,0.1502,367315.49
1775404800,0.1503,0.151,0.1488,0.1498,380612.37
1775419200,0.1498,0.1546,0.1491,0.1542,451567.98
1775433600,0.1543,0.1597,0.1543,0.1593,675922.39
1775448000,0.1594,0.1604,0.157,0.1575,490974.95
1775462400,0.1575,0.1598,0.1566,0.1594,451935.24
1775476800,0.1593,0.1596,0.1576,0.1583,953024.97
1775491200,0.1583,0.1586,0.1553,0.1558,281804.95
1775505600,0.1557,0.1558,0.1514,0.152,713630.54
1775520000,0.1521,0.1531,0.1512,0.1524,261074.86
1775534400,0.1524,0.1542,0.1518,0.1535,682610.99
1775548800,0.1535,0.1542,0.1518,0.152,306753.81
1775563200,0.1521,0.1524,0.1505,0.1511,630710.88
1775577600,0.1512,0.1548,0.1511,0.1547,782661.88
1775592000,0.1549,0.1687,0.1546,0.1672,1127920.01
1775606400,0.1671,0.1686,0.1649,0.1672,317169.61
1775620800,0.1671,0.1719,0.167,0.1706,405008.32
1775635200,0.1704,0.1706,0.1654,0.1667,469571.27
1775649600,0.1665,0.1683,0.1633,0.165,395258.95
1775664000,0.1652,0.1677,0.1637,0.164,439116.75
1775678400,0.1644,0.1653,0.1594,0.1596,918570.1899999999
1775692800,0.1595,0.1595,0.1573,0.1577,379150.77
1775707200,0.1577,0.1601,0.1575,0.1584,364107.43
1775721600,0.1584,0.1609,0.1583,0.1593,259319.16
1775736000,0.1593,0.1634,0.1586,0.1628,997936.6
1775750400,0.1631,0.1659,0.1621,0.1654,649539.86
1775764800,0.1656,0.1678,0.1628,0.1631,635605.26
1775779200,0.1631,0.1652,0.1622,0.1641,475203.57
1775793600,0.1642,0.1664,0.1625,0.1625,354166.24
1775808000,0.1624,0.1639,0.1622,0.1629,210325.44
1775822400,0.1628,0.166,0.1626,0.1639,414955.91
1775836800,0.1641,0.1657,0.1625,0.1657,514343.99
1775851200,0.1656,0.1663,0.1639,0.1644,264517.86
1775865600,0.1645,0.165,0.1623,0.1641,280983.92
1775880000,0.1642,0.1652,0.1629,0.1645,232926.18
1775894400,0.1642,0.1649,0.1631,0.1635,177019.86
1775908800,0.1634,0.1646,0.1623,0.1638,431312.84
1775923200,0.1637,0.1687,0.1635,0.1687,325509.75
1775937600,0.1687,0.1688,0.1643,0.1644,209712.4
1775952000,0.1643,0.1646,0.1569,0.1569,724646.12
1775966400,0.1568,0.1572,0.1549,0.1555,393829.25
1775980800,0.1555,0.1557,0.1538,0.1554,106726.95
1775995200,0.1553,0.1567,0.1539,0.1541,382800.33
1776009600,0.1541,0.1565,0.1538,0.1559,179420.14
1776024000,0.1561,0.157,0.1513,0.1515,499929.13
1776038400,0.1514,0.1548,0.1513,0.1544,221200.92
1776052800,0.1545,0.1563,0.1529,0.153,424615.37
1776067200,0.1531,0.1544,0.1527,0.1537,310778.28
1776081600,0.1537,0.1563,0.1532,0.1547,706405.15
1776096000,0.1546,0.1567,0.1529,0.1566,641996.8100000001
1776110400,0.1563,0.1656,0.1545,0.1656,979117.75
1776124800,0.1657,0.1665,0.1629,0.1652,525366.72
1776139200,0.1652,0.1658,0.1626,0.1629,282234.36
1776153600,0.1629,0.1647,0.1621,0.163,117032.78
1776168000,0.1629,0.1649,0.1613,0.1619,733354.87
1776182400,0.1618,0.163,0.1577,0.1592,225671.18
1776196800,0.1593,0.1599,0.1581,0.1595,156497.7
1776211200,0.1594,0.1614,0.1594,0.1609,212305.15
1776225600,0.161,0.1632,0.1592,0.1595,241857.9
1776240000,0.1596,0.1651,0.1595,0.1645,1064275.0900000001
1776254400,0.1646,0.169,0.1637,0.167,731268.14
1776268800,0.167,0.1728,0.167,0.1726,1131074.3899999999
1776283200,0.1725,0.1725,0.169,0.1707,355505.56
1776297600,0.1707,0.1773,0.17,0.1769,690092.09
1776312000,0.1769,0.1865,0.1768,0.185,1149427.3400000001
1776326400,0.1851,0.1856,0.1807,0.1826,1001514.89
1776340800,0.1826,0.1981,0.1826,0.197,2533566.8799999999
1776355200,0.1971,0.2063,0.1958,0.2007,2232147.1400000001
1776369600,0.2006,0.2008,0.1939,0.1981,1948822.6200000001
1776384000,0.198,0.204,0.1954,0.1962,446763.23
1776398400,0.1959,0.1965,0.1914,0.1944,393769.94
1776412800,0.1943,0.1988,0.1931,0.198,387100.03
1776427200,0.1983,0.2073,0.1975,0.2011,791862.35
1776441600,0.2012,0.2096,0.2011,0.2077,1336783.74
1776456000,0.2078,0.2078,0.1903,0.1962,1840683.1899999999
1776470400,0.1959,0.198,0.1946,0.1958,263339.4
1776484800,0.1959,0.1978,0.1948,0.1973,160245.68
1776499200,0.197,0.1972,0.1848,0.1861,337344.99
1776513600,0.1857,0.1871,0.1842,0.1864,201943.6
1776528000,0.1861,0.1873,0.1804,0.1811,449036.31
1776542400,0.181,0.1817,0.1794,0.1796,267328.77
1776556800,0.1797,0.18,0.1752,0.1757,418863.19
1776571200,0.1754,0.1771,0.1743,0.176,733772.7
1776585600,0.1758,0.1766,0.1733,0.1764,202410.87
1776600000,0.1762,0.1789,0.1725,0.1743,802050.79
1776614400,0.175,0.1751,0.1691,0.1716,475491.56
1776628800,0.1716,0.1745,0.1695,0.1739,676433.0699999999
1776643200,0.1736,0.1802,0.1731,0.179,939457.4399999999
1776657600,0.1789,0.1858,0.1765,0.1806,652412.13
1776672000,0.1808,0.1897,0.1794,0.1835,1469836.3600000001
1776686400,0.1834,0.1836,0.1791,0.181,1392821.1599999999
1776700800,0.181,0.1837,0.1802,0.182,379737.83
1776715200,0.1822,0.1846,0.1797,0.1802,78262.67
1776729600,0.1804,0.1815,0.1768,0.1782,408495.86
1776744000,0.178,0.1812,0.1777,0.1795,135069.0
1776758400,0.1794,0.1817,0.1793,0.1803,228931.74
1776772800,0.1803,0.1804,0.1741,0.1776,1137018.78
1776787200,0.1778,0.1787,0.1735,0.1745,357411.74
1776801600,0.1743,0.1818,0.1737,0.1809,937204.59
1776816000,0.181,0.1866,0.1806,0.1858,437760.32
1776830400,0.1859,0.1929,0.1859,0.1924,253569.96
1776844800,0.1925,0.2004,0.1896,0.1909,580189.04
1776859200,0.1911,0.1925,0.1876,0.1904,565892.22
1776873600,0.1907,0.1918,0.186,0.1873,300591.22
1776888000,0.1869,0.1878,0.1827,0.1828,672505.63
1776902400,0.1828,0.1838,0.1797,0.1803,610724.0600000001
1776916800,0.1804,0.1834,0.1799,0.1826,486057.29
1776931200,0.1828,0.1832,0.1787,0.1793,208339.32
1776945600,0.179,0.1849,0.1787,0.1834,291734.58
1776960000,0.1836,0.1839,0.1782,0.1813,254270.85
1776974400,0.181,0.184,0.181,0.1833,175719.55
1776988800,0.1834,0.1843,0.1812,0.1816,97799.23
1777003200,0.1819,0.1833,0.1805,0.1822,158443.92
1777017600,0.1822,0.1836,0.18,0.1836,444005.99
1777032000,0.1836,0.184,0.18,0.1838,397615.6
1777046400,0.1844,0.1855,0.1816,0.1851,167067.75
1777060800,0.1851,0.1863,0.1809,0.1817,64358.03
1777075200,0.182,0.1842,0.1811,0.1841,49780.34
1777089600,0.1841,0.1851,0.1822,0.1829,93058.17
1777104000,0.1824,0.1842,0.181,0.181,51209.71
1777118400,0.1812,0.1816,0.1781,0.1784,75838.63
1777132800,0.1789,0.1793,0.1765,0.1771,413775.16
1777147200,0.1772,0.1787,0.1765,0.1784,98607.66
1777161600,0.1782,0.1798,0.1771,0.1797,91622.36
1777176000,0.1797,0.1836,0.1791,0.1834,247580.28
1777190400,0.1835,0.1841,0.1816,0.1834,108743.42
1777204800,0.1834,0.1836,0.1795,0.1827,161301.84
1777219200,0.1827,0.183,0.1806,0.1817,54434.59
1777233600,0.1818,0.1835,0.1808,0.1816,93780.82
1777248000,0.1817,0.1885,0.1816,0.1873,84563.39
1777262400,0.187,0.1875,0.1788,0.18,380767.81
1777276800,0.1798,0.1821,0.1793,0.1802,85104.05
1777291200,0.1804,0.1835,0.1767,0.1778,325253.83
1777305600,0.1777,0.1784,0.1745,0.1754,348703.03
1777320000,0.1754,0.1787,0.1753,0.1787,97638.92
1777334400,0.1782,0.1792,0.1767,0.1775,47908.63
1777348800,0.1777,0.1794,0.1749,0.1765,124393.98
1777363200,0.1766,0.1773,0.1742,0.1746,102685.23
1777377600,0.1745,0.1777,0.1736,0.1773,193273.43
1777392000,0.1775,0.1805,0.1761,0.1801,275145.54
1777406400,0.1803,0.1812,0.1788,0.1797,109115.31
1777420800,0.1797,0.1872,0.1791,0.187,262043.27
1777435200,0.1868,0.1901,0.1858,0.1884,467435.45
1777449600,0.1882,0.1927,0.1867,0.187,143791.95
1777464000,0.1866,0.1866,0.179,0.1795,592377.37
1777478400,0.1792,0.1817,0.1748,0.1794,453932.08
1777492800,0.1797,0.1855,0.1797,0.1846,169810.84
1777507200,0.1846,0.1884,0.1843,0.1847,172500.72
1777521600,0.1846,0.1846,0.1789,0.1829,76760.82
1777536000,0.183,0.1836,0.1789,0.1798,62406.09
1777550400,0.1801,0.1808,0.1761,0.178,397336.74
1777564800,0.1779,0.1786,0.176,0.1778,126201.64
1777579200,0.1775,0.1811,0.176,0.1805,124279.87
1777593600,0.1805,0.1861,0.1797,0.1844,79024.65
1777608000,0.1848,0.185,0.1799,0.181,123658.97
1777622400,0.1807,0.1818,0.179,0.1801,62851.0
1777636800,0.1802,0.1842,0.1797,0.1819,185740.93
1777651200,0.1824,0.1828,0.1803,0.1807,68518.49
1777665600,0.181,0.181,0.1758,0.1767,100362.94
1777680000,0.1767,0.1793,0.1762,0.178,82047.56
1777694400,0.1781,0.1781,0.1756,0.1775,142856.13
1777708800,0.1777,0.1786,0.1763,0.1768,58322.5
1777723200,0.1767,0.1805,0.1764,0.18,52256.58
1777737600,0.1801,0.1812,0.1775,0.1785,133966.77
1777752000,0.1787,0.1802,0.1782,0.1785,72879.03
1777766400,0.1785,0.1788,0.1746,0.1752,336781.36
1777780800,0.1751,0.1761,0.1743,0.1756,169671.9
1777795200,0.1757,0.178,0.1757,0.1773,70188.37
1777809600,0.1776,0.1783,0.1752,0.1754,72002.78
1777824000,0.1757,0.1774,0.175,0.1755,59487.83
1777838400,0.1755,0.177,0.1728,0.1736,129354.1
1777852800,0.1738,0.1788,0.1716,0.1787,390569.3
1777867200,0.1789,0.1805,0.1766,0.1785,296206.6
1777881600,0.1785,0.1794,0.1705,0.1718,720469.9300000001
1777896000,0.1715,0.1785,0.1715,0.1738,261482.17
1777910400,0.1743,0.1794,0.1733,0.1776,379000.24
1777924800,0.1776,0.1801,0.1755,0.176,156952.25
1777939200,0.1761,0.1795,0.1758,0.1778,197533.17
1777953600,0.1779,0.1798,0.1765,0.1792,88578.81
1777968000,0.1792,0.1847,0.1791,0.1847,312625.97
1777982400,0.1846,0.1904,0.1823,0.1847,574867.9300000001
1777996800,0.1843,0.1881,0.1832,0.186,950712.63
1778011200,0.1863,0.2182,0.186,0.1862,16299348.4700000007
1778025600,0.186,0.1943,0.1856,0.1938,1680244.8500000001
1778040000,0.1937,0.2005,0.1918,0.1981,1302630.8700000001
1778054400,0.1982,0.2091,0.1973,0.2038,1397234.25
1778068800,0.2037,0.2082,0.1949,0.202,2453523.3199999998
1778083200,0.2019,0.204,0.1975,0.1998,253268.04
1778097600,0.1996,0.2036,0.1979,0.2001,494331.02
1778112000,0.1999,0.2004,0.1922,0.1931,644627.7
1778126400,0.1926,0.2013,0.1913,0.2004,325990.76
1778140800,0.2002,0.2026,0.1989,0.2004,138644.07
1778155200,0.2007,0.2036,0.1936,0.194,390495.76
1778169600,0.194,0.1985,0.1936,0.195,245150.23
1778184000,0.1952,0.1966,0.192,0.1957,157648.17
1778198400,0.1952,0.2002,0.1948,0.1989,284862.63
1778212800,0.1986,0.2057,0.1979,0.2057,851462.92
1778227200,0.2058,0.2177,0.2055,0.2176,2902900.4100000001
1778241600,0.2181,0.2254,0.2143,0.2176,1101207.6299999999
1778256000,0.2172,0.2225,0.2146,0.2153,2023024.3200000001
1778270400,0.2155,0.2239,0.2155,0.2229,572711.52
1778284800,0.2222,0.2241,0.2194,0.2206,399994.49
1778299200,0.2208,0.223,0.2182,0.2189,414793.47
1778313600,0.2191,0.2203,0.2147,0.218,454057.61
1778328000,0.218,0.2187,0.2115,0.2116,567259.37
1778342400,0.2116,0.2136,0.2107,0.2129,207722.67
1778356800,0.213,0.2146,0.2116,0.2119,206187.23
1778371200,0.2118,0.2129,0.2098,0.2123,191472.75
1778385600,0.2123,0.2126,0.2101,0.2116,78914.84
1778400000,0.2116,0.215,0.2112,0.2127,109792.34
1778414400,0.2127,0.2173,0.2116,0.2171,258975.47
1778428800,0.217,0.2349,0.217,0.2276,2303539.98
1778443200,0.2278,0.2321,0.2174,0.2225,851796.03
1778457600,0.2227,0.2235,0.2108,0.2128,950239.08
1778472000,0.2127,0.2176,0.2113,0.2174,414627.21
1778486400,0.2175,0.222,0.2168,0.2203,705055.97
1778500800,0.2208,0.2211,0.214,0.2191,461898.33
1778515200,0.2191,0.2211,0.216,0.2202,516380.19
1778529600,0.2208,0.2214,0.2173,0.2181,133915.22
1778544000,0.2179,0.2191,0.2131,0.2146,376615.03
1778558400,0.2144,0.2204,0.2143,0.2187,221069.73
1778572800,0.2185,0.2194,0.211,0.2125,388559.49
1778587200,0.2125,0.216,0.2045,0.205,330591.77
1778601600,0.2048,0.2137,0.2031,0.2128,345053.63
1778616000,0.2126,0.2174,0.212,0.2131,103759.11
1778630400,0.2131,0.2345,0.2128,0.2337,1044408.92
1778644800,0.2337,0.2364,0.2272,0.2335,793866.01
1778659200,0.2344,0.2384,0.227,0.2272,867372.11
1778673600,0.2273,0.2293,0.2079,0.2083,2047635.6699999999
1778688000,0.2084,0.2146,0.2084,0.2111,842624.9
1778702400,0.2113,0.2126,0.2074,0.2098,369574.2
1778716800,0.21,0.2146,0.2069,0.2072,607020.77
1778731200,0.2075,0.217,0.206,0.211,669975.98
1778745600,0.2111,0.2123,0.2072,0.2075,265855.26
1778760000,0.2074,0.2272,0.2071,0.2261,814561.42
1778774400,0.2261,0.238,0.2254,0.2283,1471645.03
1778788800,0.2284,0.2291,0.2215,0.2229,540748.23
1778803200,0.2229,0.2247,0.2177,0.2196,280695.54
1778817600,0.2195,0.2203,0.2121,0.2166,454292.51
1778832000,0.2163,0.2164,0.2128,0.2143,242286.18
1778846400,0.2141,0.2144,0.1988,0.2,1050133.3400000001
1778860800,0.2,0.2054,0.199,0.2025,260103.66
1778875200,0.2028,0.2028,0.1998,0.2007,186103.36
1778889600,0.2006,0.2027,0.2,0.2011,185619.76
1778904000,0.201,0.201,0.1891,0.192,2250788.21
1778918400,0.1922,0.1933,0.1868,0.1896,499570.34
1778932800,0.1897,0.1938,0.1897,0.1923,125497.21
1778947200,0.1921,0.1935,0.1905,0.1905,69151.44
1778961600,0.1907,0.1912,0.1887,0.1891,59705.69
1778976000,0.1892,0.192,0.1876,0.1914,1525741.8600000001
1778990400,0.1914,0.1968,0.1914,0.1964,189102.4
1779004800,0.1954,0.1963,0.193,0.1931,104991.71
1779019200,0.1932,0.1936,0.1891,0.1911,173796.47
1779033600,0.1912,0.1925,0.1886,0.1921,81286.76
1779048000,0.1921,0.194,0.1785,0.1857,530922.9300000001
1779062400,0.1845,0.1871,0.1828,0.1856,370926.93
1779076800,0.1855,0.1871,0.1819,0.1828,153375.87
1779091200,0.1828,0.1857,0.1813,0.1853,125209.04
1779105600,0.1854,0.1872,0.1811,0.1824,330161.12
1779120000,0.1822,0.1869,0.1803,0.1866,159727.8
1779134400,0.1868,0.1915,0.1868,0.1894,176912.61
1779148800,0.1897,0.1911,0.1861,0.1874,170849.81
1779163200,0.1871,0.189,0.1861,0.1884,226072.27
1779177600,0.1886,0.1886,0.1836,0.1845,775211.26
1779192000,0.1841,0.1898,0.1841,0.1861,536491.79
1779206400,0.1864,0.1892,0.1847,0.1848,475233.53
1779220800,0.185,0.1852,0.1823,0.1829,159029.78
1779235200,0.1829,0.1858,0.1822,0.1848,139788.22
1779249600,0.185,0.1918,0.1844,0.1878,535515.92
1779264000,0.188,0.1901,0.1872,0.1876,287788.49
1779278400,0.1876,0.1988,0.1873,0.1961,506090.64
1779292800,0.1961,0.1967,0.192,0.194,974346.5
1779307200,0.194,0.1947,0.1907,0.1921,58868.6
1779321600,0.1924,0.1965,0.1922,0.196,192594.64
1779336000,0.1961,0.1968,0.1927,0.1946,233880.39
1779350400,0.1944,0.1955,0.1883,0.1894,337457.36
1779364800,0.1894,0.1924,0.1891,0.1907,674112.39
1779379200,0.191,0.198,0.1892,0.1976,294310.71
1779393600,0.1975,0.1995,0.1935,0.195,202367.1
1779408000,0.1953,0.1995,0.1937,0.1989,1238139.6299999999
1779422400,0.1986,0.2042,0.1971,0.2041,737129.62
1779436800,0.2045,0.209,0.2008,0.209,528218.4300000001
1779451200,0.2091,0.2157,0.2056,0.2115,1959101.71
1779465600,0.2113,0.2134,0.1954,0.1968,798141.29
1779480000,0.1968,0.2026,0.1959,0.1967,470895.68
1779494400,0.1962,0.205,0.195,0.2033,616666.04
1779508800,0.2037,0.2049,0.1877,0.1911,601544.85
1779523200,0.1913,0.1954,0.1891,0.1931,249659.63
1779537600,0.1937,0.2078,0.1919,0.207,374081.09
1779552000,0.208,0.226,0.2079,0.2195,1697018.1299999999
1779566400,0.2194,0.2316,0.217,0.2276,639730.61
1779580800,0.2278,0.2313,0.2233,0.2245,371591.06
1779595200,0.2248,0.234,0.2241,0.229,1307307.0
1779609600,0.229,0.237,0.2266,0.2305,957199.14
1779624000,0.2304,0.2353,0.2214,0.2301,1213795.5900000001
1779638400,0.2298,0.2298,0.2204,0.2208,689006.64
1779652800,0.2206,0.2238,0.2144,0.2231,2151987.73
1779667200,0.2232,0.2248,0.2205,0.2225,229136.57
1779681600,0.2224,0.2267,0.222,0.225,405364.83
1779696000,0.225,0.2337,0.225,0.2317,986313.25
1779710400,0.2317,0.2575,0.2296,0.2566,3164743.5099999998
1779724800,0.2571,0.2601,0.2465,0.251,2814076.6099999999
1779739200,0.2504,0.2587,0.2479,0.2499,1009739.25
1779753600,0.2504,0.2538,0.2435,0.2532,1105132.26
1779768000,0.2533,0.2626,0.2487,0.2511,3289578.71
1779782400,0.2512,0.2668,0.2493,0.2602,1079976.01
1779796800,0.2607,0.2698,0.2541,0.26,4777929.7699999996
1779811200,0.2605,0.2629,0.2474,0.2498,3775033.27
1779825600,0.2498,0.252,0.2451,0.2461,861197.7
1779840000,0.2463,0.25,0.2435,0.2444,847314.85
1779854400,0.2443,0.2518,0.2388,0.2463,791581.26
1779868800,0.246,0.2519,0.24,0.2464,1001018.4
1779883200,0.2464,0.2535,0.241,0.2475,1092739.98
1779897600,0.2478,0.2479,0.2377,0.2437,1390308.6599999999
1779912000,0.2437,0.2438,0.2249,0.2281,2295904.8199999998
1779926400,0.2278,0.2318,0.2181,0.2191,607975.6800000001
1779940800,0.2189,0.2189,0.2099,0.2146,1268940.3100000001
1779955200,0.2146,0.2152,0.2086,0.2101,677886.2
1779969600,0.2099,0.2129,0.2059,0.2086,1504957.6299999999
1779984000,0.2083,0.2195,0.2075,0.2153,1231634.3200000001
1779998400,0.2159,0.2242,0.2129,0.2216,1021817.39
1780012800,0.222,0.228,0.2195,0.2199,548505.97
1780027200,0.2199,0.224,0.2143,0.2205,1194747.5700000001
1780041600,0.2204,0.2252,0.2176,0.2187,4502506.3499999996
1780056000,0.2189,0.2284,0.2119,0.2242,1800801.3200000001
1780070400,0.2244,0.2356,0.2207,0.2273,1712763.53
1780084800,0.2271,0.2275,0.2215,0.2227,533315.75
1780099200,0.2228,0.2249,0.2202,0.2208,278165.08
1780113600,0.2206,0.2264,0.217,0.2244,701918.6800000001
1780128000,0.2243,0.2245,0.219,0.2234,120533.73
1780142400,0.2235,0.2254,0.2191,0.2199,221157.86
1780156800,0.2199,0.223,0.2187,0.2207,305300.64
1780171200,0.2209,0.2215,0.2147,0.216,203866.77
1780185600,0.216,0.2188,0.215,0.2168,217812.42
1780200000,0.2166,0.217,0.2075,0.2081,543925.59
1780214400,0.2085,0.2102,0.2067,0.208,296612.27
1780228800,0.2078,0.211,0.2043,0.2061,253783.68
1780243200,0.2058,0.2063,0.2025,0.2045,167877.05
1780257600,0.2046,0.2121,0.2046,0.2095,301235.75
1780272000,0.2098,0.2159,0.2065,0.2147,528857.6
1780286400,0.2149,0.2164,0.2081,0.2084,182359.96
1780300800,0.208,0.216,0.2076,0.2105,642886.6800000001
1780315200,0.2107,0.2119,0.2049,0.2114,548422.1800000001
1780329600,0.2113,0.2228,0.2102,0.221,955754.1899999999
1780344000,0.221,0.2244,0.2153,0.2239,441047.64
1780358400,0.2236,0.2375,0.2138,0.2322,1435828.9399999999
1780372800,0.2325,0.2332,0.215,0.2178,1186357.8700000001
1780387200,0.2175,0.2212,0.214,0.219,371519.69
1780401600,0.2185,0.2299,0.2012,0.2056,2097762.2400000002
1780416000,0.2053,0.2133,0.1974,0.2031,1427040.1499999999
1780430400,0.2031,0.2089,0.1932,0.1978,847321.7
1780444800,0.1979,0.2039,0.1927,0.1946,931100.46
1780459200,0.1945,0.2123,0.1941,0.2105,2120430.8100000001
1780473600,0.2109,0.2154,0.2077,0.2118,582286.75
1780488000,0.2121,0.2226,0.2103,0.2174,763750.0
1780502400,0.2175,0.2182,0.2104,0.2115,1175667.8600000001
1780516800,0.2115,0.2172,0.2058,0.2097,674014.4300000001
1780531200,0.21,0.2119,0.1821,0.1985,1638775.27
1780545600,0.1985,0.2006,0.1863,0.1865,1296246.78
1780560000,0.1861,0.1878,0.176,0.1834,2438575.27
1780574400,0.1837,0.1956,0.1816,0.1956,1495670.0600000001
1780588800,0.1951,0.1955,0.1887,0.19,585087.03
1780603200,0.1898,0.1898,0.1792,0.1818,532970.5600000001
1780617600,0.1816,0.1835,0.1734,0.1737,864394.62
1780632000,0.1739,0.1805,0.1634,0.1718,2646022.8700000001
1780646400,0.1715,0.1715,0.1654,0.1674,3226554.6699999999
1780660800,0.1673,0.171,0.159,0.1607,1646055.3100000001
1780675200,0.1602,0.1672,0.1525,0.1604,1694432.03
1780689600,0.1603,0.1676,0.1582,0.164,333816.25
1780704000,0.1643,0.167,0.1603,0.1607,990247.45
1780718400,0.1605,0.1645,0.1527,0.1626,483765.25
1780732800,0.1627,0.1666,0.1595,0.1619,390294.64
1780747200,0.162,0.1643,0.1594,0.1625,471787.75
1780761600,0.1623,0.1638,0.1587,0.1589,438780.25
1780776000,0.1591,0.1613,0.1587,0.1611,118934.46
1780790400,0.1611,0.1669,0.1607,0.1648,590512.01
1780804800,0.1649,0.1711,0.1644,0.1704,1484100.3500000001
1780819200,0.1701,0.175,0.1685,0.1706,1801473.79
1780833600,0.1703,0.1796,0.1676,0.1759,898576.16
1780848000,0.176,0.1794,0.1703,0.1715,782205.42
1780862400,0.1711,0.1878,0.1709,0.1799,517273.89
1780876800,0.1799,0.1936,0.1785,0.1893,1195497.77
1780891200,0.1895,0.1896,0.178,0.1838,1285773.3100000001
1780905600,0.1837,0.1857,0.1809,0.1845,1331984.1799999999
1780920000,0.1844,0.1872,0.1823,0.1835,1110510.29
1780934400,0.1838,0.1866,0.1829,0.1833,799285.0600000001
1780948800,0.1833,0.1851,0.1788,0.1844,2612225.3100000001
1780963200,0.1844,0.188,0.18,0.1848,1244672.05
1780977600,0.1842,0.1907,0.1825,0.1873,1105273.8200000001
1780992000,0.1871,0.1875,0.1822,0.1831,1226701.73
1781006400,0.1831,0.1896,0.1803,0.1806,1044569.0699999999
1781020800,0.1808,0.1842,0.1766,0.1828,680633.95
1781035200,0.183,0.1889,0.1829,0.1862,472518.97
1781049600,0.1866,0.19,0.184,0.1849,431530.36
1781064000,0.1849,0.1856,0.178,0.1819,323436.7
1781078400,0.1821,0.1829,0.1762,0.177,323855.0
1781092800,0.177,0.1881,0.1762,0.1828,893005.3100000001
1781107200,0.183,0.183,0.1735,0.1735,1450912.8200000001
1781121600,0.1737,0.1743,0.1674,0.1713,2307014.27
1781136000,0.1712,0.1797,0.1712,0.179,457553.32
1781150400,0.179,0.1806,0.1776,0.1797,255803.7
1781164800,0.1801,0.1815,0.1774,0.1784,555870.4300000001
1781179200,0.178,0.1781,0.1732,0.1757,323157.81
1781193600,0.1757,0.1824,0.1729,0.1801,933926.3
1781208000,0.1801,0.1867,0.1782,0.1804,1769567.8200000001
1781222400,0.1809,0.1828,0.1792,0.1812,985015.11
1781236800,0.1813,0.1827,0.176,0.1777,1227883.1599999999
1781251200,0.1778,0.1875,0.1778,0.1814,1776666.6200000001
1781265600,0.1817,0.1837,0.1766,0.1783,1556174.1200000001
1781280000,0.1784,0.1805,0.1771,0.1779,720889.92
1781294400,0.178,0.179,0.1738,0.1755,261440.32
1781308800,0.1757,0.1783,0.1748,0.1769,730944.2
1781323200,0.1769,0.1848,0.1761,0.1843,197862.26
1781337600,0.1842,0.1859,0.1803,0.1848,641769.45
1781352000,0.1847,0.1891,0.1841,0.1878,917111.38
1781366400,0.1871,0.1887,0.1833,0.1855,540531.67
1781380800,0.1854,0.193,0.1844,0.1916,1635607.3200000001
1781395200,0.1916,0.2072,0.1902,0.2038,1573195.1599999999
1781409600,0.2038,0.2052,0.1956,0.1966,1768921.0800000001
1781424000,0.1964,0.1978,0.1938,0.194,963473.84
1781438400,0.1939,0.1973,0.1892,0.1933,1980595.1699999999
1781452800,0.1928,0.201,0.1924,0.1977,1671742.02
1781467200,0.1978,0.2051,0.1951,0.203,3469759.5499999998
1781481600,0.2031,0.2089,0.1857,0.2072,2249863.9900000002
1781496000,0.2073,0.214,0.2061,0.212,1825911.98
1781510400,0.2121,0.2174,0.2097,0.2137,3361259.7400000002
1781524800,0.2139,0.2308,0.2117,0.2237,5511432.7199999997
1781539200,0.2235,0.226,0.2153,0.2157,1112968.52
1781553600,0.216,0.2195,0.2122,0.2145,660672.89
1781568000,0.2146,0.2171,0.2085,0.2155,1897359.54
1781582400,0.2158,0.2219,0.2141,0.2192,1752490.0
1781596800,0.2193,0.2269,0.2182,0.2191,1208148.51
1781611200,0.2191,0.2197,0.2099,0.2109,2176632.7799999998
1781625600,0.2109,0.2147,0.2093,0.2095,217570.72
1781640000,0.2096,0.213,0.2079,0.2098,461573.44
1781654400,0.2103,0.2144,0.2079,0.2112,494141.71
1781668800,0.2113,0.217,0.2091,0.2107,791188.79
1781683200,0.2104,0.2109,0.2047,0.2081,331099.73
1781697600,0.2079,0.2154,0.2058,0.2146,489052.23
1781712000,0.2152,0.2179,0.2045,0.2056,2150847.3300000001
1781726400,0.2058,0.2061,0.2003,0.2023,387916.7
1781740800,0.2027,0.2065,0.2011,0.2015,194957.25
1781755200,0.2015,0.2033,0.1959,0.2024,853768.8100000001
1781769600,0.2024,0.2107,0.2023,0.2049,416362.37
1781784000,0.2044,0.2156,0.201,0.2015,1805135.97
1781798400,0.2011,0.2144,0.2001,0.213,1136766.3999999999
1781812800,0.2129,0.2286,0.2128,0.223,7133715.1799999997
1781827200,0.2229,0.2328,0.2219,0.2282,2633876.6200000001
1781841600,0.2281,0.231,0.215,0.2165,6135991.3300000001
1781856000,0.2164,0.2214,0.2134,0.2157,2881177.8799999999
1781870400,0.2155,0.2333,0.2147,0.2297,4486446.1200000001
1781884800,0.2298,0.2361,0.2266,0.2293,4493273.0499999998
1781899200,0.2293,0.2578,0.2279,0.249,9682469.2799999993
1781913600,0.2489,0.2849,0.2485,0.2721,38245248.5700000003
1781928000,0.2719,0.283,0.2638,0.2681,9719880.7799999993
1781942400,0.2682,0.2754,0.25,0.267,9277101.6400000006
1781956800,0.2668,0.27,0.2385,0.2539,15470421.0199999996
1781971200,0.2539,0.2576,0.2482,0.2487,3855765.5899999999
1781985600,0.2485,0.2535,0.2433,0.2522,1719370.5700000001
1782000000,0.2521,0.28,0.2501,0.261,13085520.9100000001
1782014400,0.2611,0.2806,0.2552,0.2759,7423747.7300000004
1782028800,0.2759,0.285,0.2657,0.2717,7114032.3799999999
1782043200,0.272,0.2854,0.2668,0.2801,7143451.5899999999
1782057600,0.28,0.2926,0.2754,0.2816,9685919.1400000006
1782072000,0.2812,0.2813,0.27,0.2702,3292804.4300000002
1782086400,0.2702,0.3125,0.2694,0.3003,9670232.7100000009
1782100800,0.3002,0.3165,0.2928,0.3018,5623157.5099999998
1782115200,0.301,0.307,0.2961,0.3007,2142654.2599999998
1782129600,0.3006,0.311,0.295,0.2983,6432348.1699999999
1782144000,0.2986,0.299,0.2857,0.2898,8974711.75
1782158400,0.2894,0.2921,0.2805,0.285,4938488.4400000004
1782172800,0.285,0.2884,0.2685,0.27,5474130.46
1782187200,0.27,0.2703,0.2511,0.261,5626757.79
1782201600,0.2606,0.2638,0.2524,0.2569,3737092.0499999998
1782216000,0.2573,0.258,0.2488,0.2517,3663495.23
1782230400,0.2521,0.2557,0.2474,0.2505,4552423.5899999999
1782244800,0.2505,0.2536,0.2433,0.2475,2784345.1800000002
1782259200,0.2475,0.2501,0.246,0.2473,3647842.5899999999
1782273600,0.2472,0.25,0.242,0.2464,3018203.4199999999
1782288000,0.2469,0.2504,0.2439,0.2468,1673639.04
1782302400,0.2468,0.2468,0.2308,0.231,4300099.7999999998
1782316800,0.231,0.2333,0.2197,0.2234,4625766.46
1782331200,0.2234,0.236,0.2231,0.236,1008233.16
1782345600,0.236,0.2398,0.2283,0.2302,1259329.3799999999
1782360000,0.2303,0.2393,0.2293,0.2335,2320416.3100000001
1782374400,0.2334,0.2337,0.2261,0.2261,785192.0
1782388800,0.2262,0.2335,0.2094,0.2194,5249721.71
1782403200,0.2196,0.2231,0.216,0.217,660333.27
1782417600,0.2182,0.2229,0.2167,0.2214,754444.48
1782432000,0.2218,0.2247,0.2125,0.2234,703987.52
1782446400,0.2235,0.2278,0.2167,0.2241,1071204.3500000001
1782460800,0.2243,0.2249,0.2148,0.2151,1544814.96
1782475200,0.2152,0.2234,0.211,0.223,1154001.5600000001
1782489600,0.2231,0.2273,0.2208,0.2214,1872518.23
1782504000,0.2213,0.2247,0.2188,0.2193,433301.59
1782518400,0.2193,0.222,0.2172,0.2187,951082.3100000001
1782532800,0.2186,0.2272,0.2186,0.2226,743873.0
1782547200,0.2225,0.2256,0.2199,0.2241,464773.89
1782561600,0.2237,0.2407,0.2233,0.2401,1700552.8400000001
1782576000,0.2402,0.2403,0.2328,0.235,1453587.27
1782590400,0.2352,0.2411,0.2329,0.2383,743681.25
1782604800,0.2382,0.2585,0.2374,0.2448,3260216.7599999998
1782619200,0.2448,0.2448,0.2321,0.24,623185.02
1782633600,0.2399,0.2487,0.2373,0.238,662516.35
1782648000,0.2379,0.2381,0.2286,0.2297,2826386.52
1782662400,0.2297,0.2308,0.2238,0.2261,1095550.0700000001
1782676800,0.226,0.2366,0.2259,0.2345,426651.41
1782691200,0.2341,0.2354,0.2267,0.2324,384676.89
1782705600,0.2329,0.2355,0.2272,0.2316,287871.56
1782720000,0.2317,0.2327,0.2291,0.2306,610489.03
1782734400,0.2304,0.2359,0.2221,0.2266,1172609.4199999999
1782748800,0.2266,0.2334,0.2261,0.2271,509913.81
1782763200,0.2271,0.2271,0.2169,0.2178,249968.27
1782777600,0.2179,0.2183,0.2118,0.2145,841649.6899999999
1782792000,0.2145,0.217,0.2125,0.2168,480426.21
1782806400,0.217,0.2215,0.2126,0.2132,698052.45
1782820800,0.213,0.213,0.2059,0.2062,918518.04
1782835200,0.2061,0.2095,0.2051,0.206,382514.13
1782849600,0.2061,0.2074,0.2024,0.2029,1094844.4399999999
1782864000,0.203,0.2033,0.1946,0.2009,1048592.48
1782878400,0.2009,0.2056,0.1997,0.1999,537578.95
1782892800,0.1997,0.2016,0.1968,0.2014,872863.41
1782907200,0.2015,0.2119,0.1983,0.2084,1075719.5700000001
1782921600,0.2085,0.2085,0.1975,0.198,1080759.74
1782936000,0.1982,0.2029,0.1953,0.1954,547464.88
1782950400,0.1955,0.2064,0.1948,0.2038,1051292.3600000001
1782964800,0.2037,0.2039,0.1954,0.1983,721031.78
1782979200,0.1987,0.2036,0.1977,0.1995,1090718.45
1782993600,0.1994,0.2108,0.199,0.2052,745747.03
1783008000,0.2052,0.2173,0.2051,0.2139,796622.01
1783022400,0.2134,0.215,0.2046,0.2049,619126.2
1783036800,0.2047,0.2162,0.2021,0.2151,509031.07
1783051200,0.2152,0.2156,0.2101,0.2116,325374.04
1783065600,0.2114,0.2149,0.2085,0.2138,362052.13
1783080000,0.2144,0.2169,0.2096,0.2103,1088783.25
1783094400,0.2103,0.213,0.2097,0.2106,676154.03
1783108800,0.2108,0.2164,0.2102,0.2128,232235.62
1783123200,0.2126,0.2174,0.2097,0.2146,373517.06
1783137600,0.2148,0.2194,0.2119,0.216,410060.36
1783152000,0.216,0.2167,0.211,0.2146,385796.94
1783166400,0.214,0.2242,0.214,0.2228,558110.76
1783180800,0.223,0.2393,0.2229,0.2374,2334807.1200000001
1783195200,0.2377,0.2392,0.2292,0.232,1611588.9099999999
1783209600,0.2319,0.2388,0.231,0.2324,506582.03
1783224000,0.2321,0.236,0.2267,0.2311,2948431.1000000001
1783238400,0.2313,0.2362,0.2241,0.2256,613135.86
1783252800,0.2252,0.2364,0.2246,0.2327,1101560.8200000001
1783267200,0.2327,0.2443,0.2299,0.2424,2012758.0600000001
1783281600,0.242,0.2439,0.2384,0.2401,607091.34
1783296000,0.2399,0.2399,0.2299,0.2314,1445772.1499999999
1783310400,0.2313,0.2327,0.2268,0.2308,377148.73
1783324800,0.2307,0.231,0.2235,0.2254,613262.78
1783339200,0.2251,0.2282,0.2196,0.228,960281.83
1783353600,0.2275,0.2404,0.2268,0.2324,1814119.8200000001
1783368000,0.2324,0.2383,0.2281,0.2292,726193.75
1783382400,0.2295,0.2328,0.2212,0.2221,1440302.6499999999
1783396800,0.2221,0.2285,0.2213,0.226,903112.58
1783411200,0.2259,0.2275,0.2229,0.2262,348075.16
1783425600,0.2258,0.2323,0.221,0.2301,1266795.46
1783440000,0.2302,0.2349,0.2254,0.2276,1343202.98
1783454400,0.2276,0.2285,0.2213,0.2228,539108.67
1783468800,0.223,0.2258,0.2137,0.2156,1100782.6599999999
1783483200,0.2156,0.2298,0.2145,0.2291,1193821.6699999999
1783497600,0.2291,0.2333,0.2227,0.2318,1345502.6599999999
1783512000,0.2318,0.2362,0.2268,0.2284,786212.29
1783526400,0.2283,0.2381,0.2283,0.2371,1149580.27
1783540800,0.2367,0.252,0.236,0.2501,2455407.3500000001
1783555200,0.2499,0.2542,0.2446,0.252,1776115.25
1783569600,0.2516,0.2574,0.2466,0.2503,1216225.7
1783584000,0.2503,0.255,0.2463,0.2473,1012927.2
1783598400,0.2469,0.2495,0.2389,0.2408,1105315.72
1783612800,0.2408,0.2484,0.2371,0.241,1071017.71
1783627200,0.241,0.242,0.2332,0.235,1111273.1899999999
1783641600,0.2345,0.2501,0.2329,0.2459,1783819.78
1783656000,0.2459,0.2477,0.2415,0.2418,494827.69
1783670400,0.2416,0.2548,0.2412,0.249,954553.74
1783684800,0.2492,0.2505,0.2361,0.2404,1539887.99
1783699200,0.2406,0.2431,0.2338,0.238,624138.4300000001
1783713600,0.2378,0.2424,0.2359,0.2375,163028.53
1783728000,0.2376,0.2389,0.2339,0.2344,557136.6899999999
1783742400,0.2342,0.2354,0.2304,0.2335,590043.26
1783756800,0.2335,0.2383,0.2328,0.2373,500788.75
1783771200,0.2373,0.2446,0.2348,0.2417,516456.99
1783785600,0.2416,0.2446,0.2387,0.2415,406294.4
1783800000,0.2413,0.2413,0.2234,0.226,2088419.72
1783814400,0.226,0.2301,0.2238,0.2297,999945.95
1783828800,0.23,0.2326,0.2256,0.2295,936348.64
1783843200,0.2298,0.2356,0.2297,0.2346,268724.56
1783857600,0.2344,0.2355,0.2293,0.2335,599084.23
1783872000,0.2336,0.236,0.2313,0.2347,210194.35
1783886400,0.2347,0.2363,0.2267,0.2278,2560362.2200000002
1783900800,0.2279,0.2396,0.2263,0.2305,734433.11
1783915200,0.2298,0.239,0.2298,0.239,660773.33
1783929600,0.239,0.2492,0.2377,0.2474,975567.37
1783944000,0.2476,0.2499,0.2418,0.2454,1980003.45
1783958400,0.2456,0.2472,0.2361,0.2391,1100984.48
1783972800,0.2391,0.2433,0.234,0.2432,1100212.1299999999
1783987200,0.2433,0.2437,0.2299,0.2318,920860.78
1784001600,0.2319,0.2425,0.2318,0.2415,575165.28
1784016000,0.2414,0.2441,0.2387,0.2408,677509.03
1784030400,0.2407,0.2483,0.2387,0.2421,1624378.1000000001
1784044800,0.2423,0.2425,0.2364,0.2379,876086.01
1784059200,0.238,0.2389,0.2334,0.2338,1199556.3600000001
1784073600,0.2338,0.2439,0.2334,0.2368,1255986.98
1784088000,0.2366,0.239,0.2303,0.233,2129566.0299999998
1784102400,0.2331,0.2359,0.2319,0.2351,959237.21
1784116800,0.2344,0.2406,0.233,0.2381,851369.39
1784131200,0.238,0.2404,0.2324,0.238,1342968.99
1784145600,0.2383,0.2461,0.238,0.2419,497172.2
1784160000,0.2419,0.249,0.2417,0.2472,1087833.54
1784174400,0.2472,0.248,0.2394,0.2416,1921493.97
1784188800,0.2416,0.2424,0.235,0.2379,1583345.5900000001
1784203200,0.2378,0.2438,0.2374,0.2393,1308725.0900000001
1784217600,0.2394,0.245,0.2363,0.2421,997910.08
1784232000,0.2418,0.2532,0.2399,0.2469,5693775.6799999997
1784246400,0.2469,0.2472,0.2262,0.2309,3742275.2000000002
1784260800,0.2311,0.2328,0.2263,0.2303,763273.9
1784275200,0.2303,0.2352,0.2287,0.2328,1049277.1499999999
1784289600,0.2327,0.2347,0.2262,0.2322,2534451.1800000002
1784304000,0.232,0.2373,0.2316,0.2322,1292756.0900000001
1784318400,0.2323,0.2364,0.2298,0.2356,765005.74
1784332800,0.2357,0.2398,0.2338,0.2343,751164.5600000001
1784347200,0.2342,0.2354,0.2303,0.2314,252334.46
1784361600,0.2316,0.2343,0.2279,0.2308,901320.3100000001
1784376000,0.231,0.2324,0.2264,0.228,681891.55
1784390400,0.228,0.2281,0.2225,0.2271,1507638.4199999999
1784404800,0.2273,0.2326,0.2257,0.2303,294767.37
1784419200,0.2301,0.2326,0.2291,0.2299,445328.14
1784433600,0.2301,0.234,0.2295,0.2315,200616.71
1784448000,0.2317,0.234,0.2299,0.2301,283575.63
1784462400,0.2299,0.2319,0.2286,0.2301,297901.25
1784476800,0.2301,0.2342,0.2269,0.2329,661040.4
1784491200,0.2329,0.2336,0.2279,0.2287,500170.09
1784505600,0.2285,0.2349,0.2279,0.2334,152259.94
1784520000,0.2335,0.2346,0.2257,0.2315,980824.4
1784534400,0.2316,0.2342,0.2292,0.2334,601919.99
1784548800,0.2334,0.238,0.2322,0.237,1202513.3899999999
1784563200,0.237,0.2372,0.2306,0.2308,565468.5600000001
1784577600,0.2307,0.2364,0.2299,0.2352,935091.17
1784592000,0.2348,0.2415,0.2347,0.2402,379395.19
1784606400,0.2402,0.241,0.237,0.2384,190673.92
1784620800,0.2385,0.2411,0.2365,0.2402,292441.33
1784635200,0.24,0.2403,0.2342,0.2348,675981.48
1784649600,0.2348,0.2349,0.2304,0.232,586412.6
1784664000,0.232,0.2321,0.2264,0.2266,330145.54
1784678400,0.2263,0.2374,0.2259,0.2343,1267382.96
1784692800,0.2341,0.2357,0.2292,0.2309,146846.98
1784707200,0.2311,0.2356,0.2311,0.2333,554121.71
1784721600,0.2333,0.2404,0.2324,0.2396,365886.56
1784736000,0.2395,0.2422,0.2357,0.2383,459518.61
1784750400,0.2382,0.2393,0.2336,0.2357,225292.95
1784764800,0.2356,0.2384,0.2312,0.2325,1413649.9099999999
1784779200,0.2322,0.2339,0.2309,0.2335,152574.37
1784793600,0.2334,0.2378,0.2332,0.2359,358053.64
1784808000,0.2355,0.2378,0.2272,0.2297,2310798.8700000001
1784822400,0.229,0.229,0.2232,0.2242,1460527.8300000001
1784836800,0.2244,0.2268,0.2166,0.2168,882541.2
1784851200,0.2168,0.217,0.2101,0.2146,769748.8100000001
1784865600,0.2145,0.2212,0.2132,0.2186,938599.0699999999
1784880000,0.2183,0.2187,0.2135,0.2143,121364.97
1784894400,0.2142,0.2148,0.2086,0.2115,592465.97
1784908800,0.2114,0.2123,0.2072,0.2074,1339918.73
1784923200,0.2075,0.2087,0.2052,0.2076,205599.65
1784937600,0.2078,0.2086,0.2038,0.2041,536604.85
1784952000,0.2045,0.2058,0.2015,0.2025,1609654.49
1784966400,0.2025,0.2044,0.2009,0.2016,237607.93
1784980800,0.2015,0.2063,0.2012,0.2053,203572.87
1784995200,0.2054,0.2088,0.2045,0.2071,255816.14
1785009600,0.2072,0.2081,0.2036,0.2056,1385342.1799999999
1785024000,0.2053,0.2088,0.2052,0.2077,440959.87
1785038400,0.2077,0.2128,0.2064,0.2124,260835.22
1785052800,0.2121,0.2123,0.2054,0.2071,1195910.0
1785067200,0.2071,0.2094,0.2059,0.2083,394993.23
1785081600,0.2083,0.2097,0.2071,0.2083,170985.03
1785096000,0.2084,0.2127,0.2071,0.2127,128208.67
1785110400,0.2124,0.2167,0.2098,0.2162,765084.11
1785124800,0.2159,0.2177,0.2132,0.2132,361785.73
1785139200,0.2132,0.2137,0.2101,0.2111,557845.13
1785153600,0.2113,0.2152,0.2052,0.2068,446609.29
1785168000,0.2068,0.2087,0.202,0.2064,1102861.8
1785182400,0.2065,0.2067,0.1957,0.1978,2228629.9199999999
1785196800,0.1986,0.2007,0.1963,0.2,1025260.4399999999
1785211200,0.2,0.2013,0.1982,0.1987,755585.85
1785225600,0.1986,0.1995,0.1969,0.1974,320143.23
1785240000,0.1974,0.2018,0.1933,0.1999,1257473.9299999999
1785254400,0.1998,0.2006,0.1976,0.1981,185156.46
1785268800,0.1982,0.1983,0.1931,0.1949,184129.34
1785283200,0.1951,0.1955,0.1864,0.1864,928690.11
1785297600,0.1865,0.1905,0.1853,0.1889,446308.81
1785312000,0.1885,0.1896,0.1793,0.1812,3041356.8999999999
1785326400,0.181,0.1825,0.1783,0.1794,2016420.76
1785340800,0.1795,0.1853,0.179,0.1803,943848.5699999999
1785355200,0.1802,0.1821,0.1762,0.181,1601893.6499999999
1785369600,0.1809,0.1856,0.1808,0.1815,309344.28
1785384000,0.1814,0.1815,0.1781,0.1782,287317.37
1785398400,0.1782,0.1804,0.1777,0.1797,1222355.3300000001
1785412800,0.1797,0.1838,0.1795,0.1824,982265.83
1785427200,0.1825,0.1877,0.1805,0.1859,2443698.3500000001
1785441600,0.186,0.1871,0.1829,0.1834,580365.22
1785456000,0.1834,0.1859,0.1797,0.1816,973643.17
1785470400,0.1816,0.1861,0.1809,0.1824,942000.75
1785484800,0.1823,0.1825,0.18,0.1815,127033.49
1785499200,0.1814,0.1839,0.178,0.1801,2209113.2400000002
1785513600,0.1801,0.1839,0.179,0.1796,798350.38
1785528000,0.1796,0.1806,0.1771,0.1784,1143530.4399999999
1785542400,0.1785,0.1809,0.1785,0.1798,152848.57
1785556800,0.1801,0.1812,0.1793,0.1801,126775.54
1785571200,0.1797,0.1813,0.1792,0.1812,151332.78
1785585600,0.1812,0.1834,0.1805,0.1805,264500.88
1785600000,0.1804,0.1816,0.1756,0.1782,872698.25
1785614400,0.1781,0.1811,0.1773,0.1799,126549.15
1785628800,0.1798,0.1871,0.1798,0.1869,531751.0600000001
1785643200,0.1868,0.1938,0.1867,0.1926,431911.16
1785657600,0.1927,0.1929,0.1878,0.1885,180176.62
1785672000,0.1883,0.1895,0.1869,0.1873,82521.58
1785686400,0.187,0.1882,0.186,0.1866,121894.42
1785700800,0.1865,0.189,0.1861,0.1874,70113.59
1785715200,0.1872,0.1885,0.1842,0.1861,146341.73
1785729600,0.186,0.1872,0.1846,0.1853,109547.67
1785744000,0.1851,0.1861,0.183,0.1839,158325.35
1785758400,0.1839,0.187,0.1834,0.1864,289526.26
1785772800,0.1862,0.1896,0.1862,0.1879,250082.57
1785787200,0.1879,0.1899,0.1873,0.1899,347401.43
1785801600,0.1898,0.1905,0.1875,0.1886,124746.79
1785816000,0.1885,0.1894,0.1855,0.1866,262058.78
1785830400,0.1865,0.187,0.1844,0.1857,428124.85
1785844800,0.1856,0.1869,0.1842,0.1866,224308.83
1785859200,0.1866,0.1889,0.186,0.1877,215325.92
1785873600,0.1875,0.1889,0.1869,0.187,111245.2
1785888000,0.187,0.1902,0.1859,0.1889,199922.93
1785902400,0.1887,0.1905,0.1876,0.1905,248062.95
1785916800,0.1904,0.1908,0.1875,0.1877,190014.34
1785931200,0.1877,0.1896,0.1854,0.1859,486580.77
1785945600,0.1858,0.1889,0.1857,0.186,576040.46
1785960000,0.186,0.1865,0.183,0.184,168314.37
1785974400,0.184,0.1853,0.183,0.1838,137969.46
1785988800,0.1836,0.1858,0.1836,0.1846,73020.54
1786003200,0.1846,0.1849,0.1803,0.182,254513.38
1786017600,0.1821,0.1821,0.1788,0.1797,299564.67
1786032000,0.1796,0.1803,0.177,0.1789,271262.38
1786046400,0.1789,0.1813,0.1789,0.1809,820798.87
1786060800,0.1809,0.1819,0.1789,0.1791,224846.9
1786075200,0.1789,0.1806,0.1751,0.1788,911280.8100000001
1786089600,0.1786,0.1795,0.1772,0.1777,150832.47
1786104000,0.1778,0.1803,0.1759,0.1762,358349.02
1786118400,0.1762,0.1777,0.174,0.1766,408735.69
1786132800,0.1766,0.1766,0.173,0.1735,174545.61
1786147200,0.1734,0.1769,0.1727,0.1768,113378.66
1786161600,0.1767,0.1779,0.1761,0.1768,426486.6
1786176000,0.1766,0.1783,0.1766,0.1774,97631.51
1786190400,0.1774,0.1795,0.1763,0.1791,286605.45
1786204800,0.179,0.1791,0.1769,0.1773,131309.33
1786219200,0.1772,0.1776,0.1757,0.1766,95772.01
1786233600,0.1765,0.177,0.1738,0.1743,134213.14
1786248000,0.1743,0.1765,0.1731,0.1764,176536.32
1786262400,0.1763,0.1767,0.1737,0.1759,350170.03
1786276800,0.1759,0.1782,0.1756,0.1774,323849.92
1786291200,0.1774,0.1807,0.1767,0.1805,532241.66
1786305600,0.1806,0.1822,0.1723,0.1732,732662.96
1786320000,0.1733,0.1813,0.1729,0.18,722914.61
1786334400,0.18,0.1868,0.1794,0.1851,389715.08
1786348800,0.1849,0.1891,0.184,0.187,647017.28
1786363200,0.1871,0.188,0.181,0.1825,623232.92
1786377600,0.1827,0.1831,0.1792,0.1801,206400.24
1786392000,0.1801,0.1811,0.1767,0.18,161576.21
1786406400,0.18,0.1839,0.1797,0.1817,165393.64
1786420800,0.1818,0.1822,0.1788,0.1789,135990.36
1786435200,0.1788,0.1819,0.1788,0.1801,163819.68
1786449600,0.1802,0.1807,0.1718,0.1735,683615.38
1786464000,0.1735,0.1751,0.173,0.1751,316610.93
1786478400,0.1751,0.1777,0.1751,0.1771,152293.38
1786492800,0.177,0.1781,0.1765,0.1767,132093.32
1786507200,0.1766,0.1774,0.17,0.1743,1426379.1799999999
1786521600,0.1742,0.1758,0.1728,0.1742,250540.73
1786536000,0.1742,0.1775,0.1731,0.1742,861492.11
1786550400,0.1742,0.176,0.1706,0.171,700624.03
1786564800,0.1711,0.1725,0.1644,0.1669,1207109.8999999999
1786579200,0.1668,0.172,0.1668,0.1716,277803.05
1786593600,0.1716,0.1728,0.17,0.1707,159517.3
1786608000,0.1707,0.1712,0.1693,0.1697,137990.59
1786622400,0.1698,0.172,0.1685,0.1685,302464.86
1786636800,0.1684,0.1749,0.1669,0.1719,212328.78
1786651200,0.1717,0.1736,0.1706,0.1727,181068.51
1786665600,0.1727,0.174,0.1705,0.1707,118173.54
1786680000,0.1706,0.1715,0.1691,0.1692,130815.7
1786694400,0.1692,0.1702,0.1665,0.1668,325684.08
1786708800,0.1671,0.1685,0.1651,0.1685,194165.47
1786723200,0.1685,0.1727,0.1682,0.1703,126835.87
1786737600,0.1704,0.1712,0.1688,0.1712,111952.26
1786752000,0.1712,0.1722,0.1706,0.1713,65154.21
1786766400,0.1711,0.1722,0.1707,0.1709,80981.22
1786780800,0.1708,0.1725,0.17,0.1709,93586.38
1786795200,0.171,0.1714,0.17,0.1706,174810.59
1786809600,0.1706,0.1706,0.1691,0.1698,74493.77
1786824000,0.1698,0.1707,0.1683,0.1685,68781.78
1786838400,0.1685,0.1692,0.1672,0.168,92494.89
1786852800,0.168,0.1695,0.1674,0.1694,64687.14
1786867200,0.1693,0.1705,0.1686,0.1704,70295.79
1786881600,0.1702,0.1729,0.1701,0.1723,128192.07
1786896000,0.1722,0.173,0.1701,0.1708,113550.59
1786910400,0.1707,0.1708,0.1649,0.1671,243598.25
1786924800,0.1671,0.1741,0.1667,0.1741,1437863.52
1786939200,0.1739,0.1745,0.1722,0.1723,227549.13
1786953600,0.1723,0.1724,0.1702,0.171,157935.66
1786968000,0.1711,0.1716,0.1695,0.1709,86818.17
1786982400,0.1709,0.1713,0.1693,0.1696,136297.94
1786996800,0.1696,0.1717,0.169,0.1704,87941.16
1787011200,0.1702,0.1724,0.1651,0.167,273634.97
1787025600,0.1672,0.1716,0.1662,0.171,145051.54
1787040000,0.1709,0.1715,0.1688,0.1709,293326.04
1787054400,0.1709,0.1726,0.1699,0.1716,120416.86
1787068800,0.1715,0.1737,0.1699,0.1701,145544.2
1787083200,0.17,0.1707,0.1684,0.169,124171.16
1787097600,0.1689,0.1696,0.1664,0.169,132541.5
1787112000,0.169,0.1705,0.1672,0.1698,86930.97
1787126400,0.1697,0.173,0.1697,0.173,94128.99
1787140800,0.1728,0.1836,0.1715,0.1785,398317.56
1787155200,0.1789,0.1807,0.1766,0.1807,1720435.72
1787169600,0.1806,0.1886,0.1798,0.1845,368568.23
1787184000,0.1847,0.1865,0.1818,0.1826,257863.47
1787198400,0.1825,0.185,0.1808,0.185,136312.95
1787212800,0.1851,0.1932,0.1846,0.1904,480781.15
1787227200,0.1906,0.1955,0.1883,0.1949,347128.49
1787241600,0.1946,0.1986,0.1912,0.1917,1284371.1399999999
1787256000,0.1917,0.1987,0.1917,0.1974,278407.91
1787270400,0.1974,0.1994,0.1952,0.1979,219430.63
1787284800,0.1978,0.2133,0.1978,0.2113,2102262.1899999999
1787299200,0.2114,0.2177,0.2054,0.2104,1718919.27
1787313600,0.2102,0.2199,0.2102,0.2172,914131.91
1787328000,0.2172,0.2189,0.2094,0.2146,928033.0
1787342400,0.2147,0.2232,0.2136,0.2201,1232874.5900000001
1787356800,0.2201,0.2336,0.2188,0.229,2594262.9500000002
1787371200,0.229,0.2372,0.1895,0.217,4497260.0899999999
1787385600,0.217,0.22,0.2039,0.2114,1500936.5800000001
1787400000,0.2114,0.2149,0.2069,0.2081,1746369.74
1787414400,0.208,0.2175,0.2078,0.214,2004135.3300000001
1787428800,0.214,0.2155,0.2057,0.21,1025609.65
1787443200,0.2107,0.2139,0.2019,0.2031,263201.65
1787457600,0.203,0.2054,0.1986,0.2049,180599.48
1787472000,0.2048,0.2269,0.2046,0.2235,1669571.1799999999
1787486400,0.2241,0.243,0.222,0.2375,2649940.8399999999
1787500800,0.2375,0.2396,0.2306,0.2313,1210258.25
1787515200,0.2306,0.2376,0.2269,0.2307,2096728.1299999999
1787529600,0.2308,0.2309,0.2211,0.2248,780120.34
1787544000,0.2249,0.2328,0.2244,0.2267,1075516.3200000001
1787558400,0.2268,0.2286,0.223,0.2281,1058372.79
1787572800,0.2274,0.2328,0.2238,0.2275,2870830.02
1787587200,0.2281,0.2299,0.22,0.2227,685404.29
1787601600,0.2228,0.2252,0.2166,0.2214,734579.3199999999
1787616000,0.2213,0.2267,0.2194,0.2234,469956.28
1787630400,0.2237,0.2273,0.2158,0.2179,309334.27
1787644800,0.2181,0.22,0.2128,0.2132,1730925.4399999999
1787659200,0.2131,0.2138,0.206,0.2116,1711881.24
1787673600,0.2116,0.2121,0.2075,0.2083,314639.55
1787688000,0.2082,0.2092,0.2023,0.2051,843264.39
1787702400,0.2051,0.2152,0.2043,0.2139,427851.67
1787716800,0.2137,0.2138,0.2076,0.2078,284065.68
1787731200,0.2077,0.2125,0.2061,0.208,180271.64
1787745600,0.2082,0.2096,0.1973,0.1995,254253.81
1787760000,0.1997,0.202,0.1952,0.197,531542.64
1787774400,0.197,0.2048,0.1944,0.2043,365022.04
1787788800,0.2041,0.2046,0.1981,0.1993,169859.06
1787803200,0.1995,0.203,0.1985,0.2022,144752.83
1787817600,0.2022,0.2096,0.2006,0.2042,576928.25
1787832000,0.2043,0.2091,0.2034,0.2067,658727.88
1787846400,0.2067,0.2109,0.2055,0.2058,255334.86
1787860800,0.2056,0.207,0.204,0.2043,444655.71
1787875200,0.2043,0.2073,0.1962,0.1974,622568.39
1787889600,0.1974,0.2024,0.1955,0.2002,269092.29
1787904000,0.2004,0.2011,0.1962,0.1992,224048.79
1787918400,0.1992,0.2027,0.1944,0.1958,588299.46
1787932800,0.196,0.1977,0.1899,0.194,855987.42
1787947200,0.1939,0.1957,0.1922,0.1947,156321.4
1787961600,0.1948,0.1964,0.1941,0.1944,102379.26
1787976000,0.1945,0.1964,0.1932,0.1934,93614.51
1787990400,0.1933,0.1939,0.1917,0.1928,98246.39
1788004800,0.1927,0.197,0.1927,0.1955,71342.95
1788019200,0.1956,0.1961,0.1934,0.1944,54880.88
1788033600,0.1943,0.1952,0.193,0.1937,59177.69
1788048000,0.194,0.1956,0.1919,0.1941,82431.37
1788062400,0.1941,0.1955,0.1928,0.1943,53245.02
1788076800,0.1942,0.1971,0.1937,0.196,98300.31
1788091200,0.1959,0.1992,0.1955,0.197,137529.61
1788105600,0.1971,0.2072,0.1958,0.196,522250.45
1788120000,0.1962,0.1971,0.1821,0.1844,819884.83
1788134400,0.1842,0.1891,0.1837,0.1889,343423.71
1788148800,0.1888,0.1914,0.1877,0.191,107139.64
1788163200,0.1908,0.1925,0.1896,0.1897,141709.32
1788177600,0.1899,0.1929,0.187,0.1896,403949.81
1788192000,0.1894,0.1962,0.1886,0.1941,196338.14
1788206400,0.1939,0.1998,0.1937,0.1973,625370.46
1788220800,0.1972,0.2044,0.1971,0.1996,941988.74
1788235200,0.1997,0.2032,0.199,0.2006,173745.18
1788249600,0.2007,0.2052,0.1954,0.2035,236972.84
1788264000,0.2034,0.2049,0.1976,0.2013,218369.65
1788278400,0.2012,0.2021,0.1932,0.1982,1147628.72
1788292800,0.1982,0.1994,0.1947,0.1972,1392066.2
1788307200,0.1974,0.203,0.1939,0.2021,696006.46
1788321600,0.2017,0.2027,0.1995,0.2004,181516.06
1788336000,0.2005,0.2009,0.1946,0.1972,312763.26
1788350400,0.197,0.1986,0.1941,0.1964,154705.05
1788364800,0.1964,0.2008,0.1954,0.1996,290408.69
1788379200,0.1997,0.2013,0.1989,0.2012,156899.61
1788393600,0.2009,0.205,0.1975,0.2036,151756.79
1788408000,0.2036,0.2077,0.2022,0.2039,202088.53
1788422400,0.2036,0.2087,0.2036,0.2062,283830.8
1788436800,0.2061,0.2094,0.2035,0.2094,314540.87
1788451200,0.2093,0.2109,0.2062,0.2087,311622.15
1788465600,0.2084,0.2099,0.204,0.2057,565742.9300000001
1788480000,0.2057,0.2066,0.2014,0.2014,363717.66
1788494400,0.2013,0.2032,0.1972,0.2014,306756.34
1788508800,0.2013,0.205,0.2007,0.202,233565.34
1788523200,0.2022,0.2022,0.1918,0.1946,903270.28
1788537600,0.1943,0.1987,0.1939,0.1977,211016.94
1788552000,0.1979,0.1979,0.1937,0.194,344969.43
1788566400,0.1945,0.2003,0.1938,0.1985,289947.73
1788580800,0.1985,0.2027,0.1981,0.2004,255325.36
1788595200,0.2004,0.2019,0.1994,0.2009,127172.41
1788609600,0.2009,0.2037,0.2002,0.2007,198161.17
1788624000,0.2008,0.2063,0.2003,0.2052,176094.33
1788638400,0.2052,0.2104,0.2039,0.2062,207730.5
1788652800,0.2062,0.2137,0.206,0.2099,476216.73
1788667200,0.2095,0.2126,0.2064,0.2125,185010.06
1788681600,0.2127,0.2129,0.2079,0.2107,210993.86
1788696000,0.2112,0.2128,0.2041,0.2109,274559.06
1788710400,0.2112,0.2137,0.2085,0.2129,183722.47
1788724800,0.2129,0.2204,0.2116,0.2186,960845.89
1788739200,0.2186,0.222,0.2127,0.2135,176329.32
1788753600,0.2134,0.2168,0.2106,0.2113,252410.09
1788768000,0.2111,0.2165,0.21,0.2129,1005404.5
1788782400,0.2127,0.2227,0.2112,0.2122,2513732.1400000001
1788796800,0.2123,0.2201,0.2123,0.2197,438611.07
1788811200,0.2198,0.2209,0.2136,0.2166,133046.03
1788825600,0.2165,0.2249,0.216,0.2184,1039462.59
1788840000,0.2184,0.2204,0.2148,0.2168,542295.67
1788854400,0.2167,0.2211,0.215,0.2163,369844.94
1788868800,0.2165,0.2256,0.2144,0.2241,910499.77
1788883200,0.2237,0.2239,0.2134,0.2143,668281.49
1788897600,0.215,0.2168,0.2113,0.2118,94560.84
1788912000,0.212,0.2143,0.2081,0.2085,171397.82
1788926400,0.21,0.2185,0.21,0.2174,217375.76
1788940800,0.2174,0.2186,0.2117,0.2165,198526.15
1788955200,0.2163,0.2183,0.2094,0.212,173935.28
1788969600,0.212,0.2167,0.208,0.208,298497.13
1788984000,0.2083,0.2115,0.197,0.2027,1229930.1699999999
1788998400,0.2026,0.2054,0.1987,0.2036,356008.46
1789012800,0.2039,0.2057,0.1993,0.1998,137856.43
1789027200,0.1994,0.2026,0.1986,0.2011,261266.74
1789041600,0.2009,0.2043,0.1954,0.2021,909930.25
1789056000,0.2022,0.2262,0.1978,0.2211,1206942.3700000001
1789070400,0.221,0.2268,0.2138,0.2141,778363.89
1789084800,0.2142,0.2199,0.2123,0.2159,847296.0600000001
1789099200,0.2158,0.2238,0.2135,0.2143,439415.38
1789113600,0.2145,0.2159,0.2068,0.2115,829332.3100000001
1789128000,0.2115,0.2303,0.208,0.2224,1606132.54
1789142400,0.2222,0.224,0.212,0.2148,596522.77
1789156800,0.2147,0.216,0.2094,0.2134,152087.72
1789171200,0.2133,0.215,0.2124,0.215,83932.68
1789185600,0.2148,0.2187,0.2123,0.2187,310717.9
1789200000,0.2187,0.2227,0.2165,0.2214,132239.98
1789214400,0.2214,0.2253,0.2183,0.2186,213883.48
1789228800,0.2185,0.2194,0.2137,0.2146,120840.04
1789243200,0.2146,0.2171,0.2125,0.2134,59154.8
1789257600,0.2134,0.2143,0.2095,0.21,132616.06
1789272000,0.21,0.2123,0.2098,0.2099,67457.77
1789286400,0.2099,0.2104,0.2055,0.2081,178537.01
1789300800,0.208,0.2106,0.2054,0.2056,110568.34
1789315200,0.2056,0.2102,0.2056,0.2068,128220.98
1789329600,0.2067,0.2083,0.1996,0.2014,525081.36
1789344000,0.2013,0.206,0.1998,0.2055,147560.55
1789358400,0.2052,0.2082,0.2044,0.2058,77484.06
1789372800,0.2059,0.2068,0.203,0.2044,122198.44
1789387200,0.2044,0.2084,0.2033,0.2072,454726.8
1789401600,0.2072,0.211,0.2067,0.2077,296227.16
1789416000,0.2077,0.2119,0.204,0.2042,87958.49
1789430400,0.2043,0.2047,0.2,0.2004,404824.2
1789444800,0.2003,0.2018,0.1976,0.1992,148228.7
1789459200,0.199,0.2013,0.1979,0.1999,119304.91
1789473600,0.1998,0.2043,0.1931,0.1998,3441163.1499999999
1789488000,0.1999,0.2018,0.1908,0.195,2556054.7999999998
1789502400,0.1948,0.1965,0.1909,0.1924,673018.05
1789516800,0.1924,0.1927,0.1887,0.1913,359985.84
1789531200,0.1914,0.194,0.1902,0.1903,697514.11
1789545600,0.1904,0.1957,0.1832,0.195,2082123.3500000001
1789560000,0.195,0.1952,0.1872,0.1875,366812.6
1789574400,0.1875,0.1931,0.1862,0.1891,562701.58
1789588800,0.1893,0.1927,0.1885,0.1924,109725.01
1789603200,0.1924,0.1974,0.1923,0.197,167059.61
1789617600,0.197,0.2032,0.1955,0.2004,445593.16
1789632000,0.2005,0.2012,0.1981,0.1997,163903.66
1789646400,0.1996,0.2009,0.196,0.1985,564234.49
1789660800,0.1987,0.2038,0.1982,0.2018,428847.27
1789675200,0.2018,0.2023,0.1989,0.2017,176291.61
1789689600,0.2018,0.2115,0.1993,0.2109,882908.03
1789704000,0.2111,0.2148,0.2084,0.2134,645941.5699999999
1789718400,0.2133,0.2305,0.2118,0.2265,12193153.7899999991
1789732800,0.2261,0.2305,0.2228,0.227,2405559.7200000002
1789747200,0.2272,0.235,0.2258,0.2337,1108678.6399999999
1789761600,0.2336,0.2373,0.2302,0.2328,922698.4300000001
1789776000,0.2328,0.2422,0.2291,0.2405,2557266.77
1789790400,0.2401,0.2411,0.2246,0.228,2986701.1800000002
1789804800,0.2282,0.2381,0.2281,0.2363,829872.72
1789819200,0.2359,0.2428,0.2359,0.239,962924.48
1789833600,0.239,0.2425,0.2335,0.2345,610964.49
1789848000,0.2344,0.235,0.2268,0.2329,378120.25
1789862400,0.2328,0.2398,0.2263,0.231,488439.89
1789876800,0.2308,0.234,0.2283,0.2287,180226.07
1789891200,0.2287,0.2306,0.2212,0.2266,708631.59
1789905600,0.2264,0.2291,0.2224,0.2289,487749.79
1789920000,0.2286,0.2381,0.227,0.2339,520512.51
1789934400,0.2338,0.2425,0.2314,0.2368,467702.18
1789948800,0.2367,0.2417,0.2303,0.2375,560962.72
1789963200,0.2375,0.2383,0.2323,0.2352,222091.91
1789977600,0.2352,0.2481,0.2346,0.2476,2159097.9700000002
1789992000,0.2471,0.2525,0.2417,0.2453,1733540.6100000001
1790006400,0.2451,0.2494,0.2401,0.2406,940059.4399999999
1790020800,0.2407,0.2453,0.2381,0.2446,952148.83
1790035200,0.2437,0.2466,0.2373,0.242,927262.95
1790049600,0.2417,0.2429,0.2361,0.2374,483984.21
1790064000,0.2376,0.241,0.2339,0.2373,389404.27
1790078400,0.2374,0.2424,0.2313,0.239,1245193.95
1790092800,0.239,0.248,0.2365,0.2466,937183.98
1790107200,0.2466,0.2562,0.2435,0.2524,1068199.54
1790121600,0.2526,0.2576,0.2479,0.2547,1022114.15
1790136000,0.2547,0.2593,0.2508,0.2538,1385380.1799999999
1790150400,0.2539,0.2604,0.2502,0.2554,2247595.73
1790164800,0.2553,0.2572,0.2338,0.2344,2770205.75
1790179200,0.2346,0.2389,0.2291,0.2352,1832547.1200000001
1790193600,0.2351,0.2359,0.2308,0.2332,462036.35
1790208000,0.2331,0.2434,0.2322,0.2384,687379.03
1790222400,0.2385,0.246,0.2375,0.2441,380884.26
1790236800,0.2448,0.2448,0.2307,0.2346,799974.85
1790251200,0.2345,0.2555,0.2336,0.2496,1320244.5900000001
1790265600,0.2496,0.2544,0.2434,0.2463,1310766.3700000001
1790280000,0.2453,0.2471,0.2388,0.239,222272.8
1790294400,0.2388,0.2423,0.2338,0.2342,431310.47
1790308800,0.2342,0.2408,0.2333,0.2406,396577.8
1790323200,0.2405,0.2495,0.2399,0.2465,383091.41
1790337600,0.2466,0.25,0.2398,0.246,931770.91
1790352000,0.246,0.2627,0.2445,0.2606,1787101.73
1790366400,0.2607,0.2706,0.2575,0.2649,2054969.0600000001
1790380800,0.2642,0.2667,0.2554,0.2631,1225018.49
1790395200,0.2631,0.2682,0.2577,0.2638,630648.71
1790409600,0.2637,0.2728,0.2597,0.2718,841532.86
1790424000,0.2718,0.2862,0.2671,0.2811,1636594.1100000001
1790438400,0.281,0.2834,0.2754,0.2791,381961.72
1790452800,0.2792,0.2792,0.2663,0.2719,609708.87
1790467200,0.2718,0.2744,0.2679,0.2687,431867.09
1790481600,0.2687,0.2806,0.2678,0.2806,303368.78
1790496000,0.2807,0.2867,0.2775,0.2794,2731669.6499999999
1790510400,0.2794,0.2858,0.2694,0.2708,3778977.1699999999
1790524800,0.2709,0.2778,0.2702,0.274,749517.92
1790539200,0.2743,0.278,0.2681,0.2766,553100.48
1790553600,0.2764,0.2832,0.2582,0.2603,1781727.8600000001
1790568000,0.2603,0.2671,0.2546,0.2547,1428931.6399999999
1790582400,0.2547,0.259,0.2529,0.2571,652394.0
1790596800,0.2566,0.2629,0.2446,0.2502,1138685.77
1790611200,0.25,0.2553,0.2465,0.2483,1095264.6699999999
1790625600,0.2483,0.2538,0.2466,0.2538,293912.02
1790640000,0.2537,0.255,0.2439,0.248,354580.83
1790654400,0.2479,0.2622,0.2474,0.261,218075.35
1790668800,0.2608,0.2706,0.2584,0.2687,849097.5
1790683200,0.2682,0.2697,0.2563,0.2571,707223.5600000001
1790697600,0.2576,0.2605,0.2493,0.2531,1261419.8700000001
1790712000,0.2531,0.2563,0.2494,0.251,357633.29
1790726400,0.2509,0.2557,0.2469,0.2479,709463.88
1790740800,0.248,0.2514,0.2462,0.2493,694435.66
1790755200,0.2493,0.2541,0.2477,0.2504,989842.54
1790769600,0.2503,0.2571,0.242,0.2478,1365904.1699999999
1790784000,0.2475,0.2532,0.2412,0.2426,1841509.3100000001
1790798400,0.2427,0.2461,0.2397,0.2455,992213.72
1790812800,0.2455,0.2525,0.2448,0.252,609423.35
1790827200,0.252,0.2534,0.2442,0.2455,699577.41
1790841600,0.2453,0.2478,0.2397,0.2432,3221905.0299999998
1790856000,0.2434,0.2447,0.2387,0.2434,358833.53
1790870400,0.2436,0.2517,0.2408,0.2493,273657.39
1790884800,0.2494,0.2504,0.244,0.2468,279579.85
1790899200,0.2465,0.2527,0.2465,0.2493,316098.82
1790913600,0.2503,0.2576,0.248,0.2573,546189.22
1790928000,0.2569,0.2623,0.2557,0.2612,762704.0699999999
1790942400,0.2612,0.2675,0.2587,0.2593,1258769.01
1790956800,0.2598,0.2635,0.2359,0.239,1214652.3400000001
1790971200,0.2393,0.2465,0.2373,0.2459,214056.06
1790985600,0.2457,0.2518,0.2453,0.2517,211030.18
1791000000,0.2516,0.252,0.2452,0.2461,153340.48
1791014400,0.2458,0.254,0.2455,0.2529,245721.65
1791028800,0.253,0.2589,0.2503,0.2588,246085.48
1791043200,0.2594,0.2654,0.259,0.2601,478529.87
1791057600,0.26,0.2625,0.2582,0.2605,153519.73
1791072000,0.2605,0.2662,0.2591,0.2642,713068.05
1791086400,0.2642,0.2668,0.2616,0.2625,341957.39
1791100800,0.2624,0.2624,0.259,0.2592,84779.66
