t,o,h,l,c,v
1748174400,5.112,5.141,5.008,5.066,0.0
1748188800,5.066,5.136,5.022,5.117,0.0
1748203200,5.118,5.274,5.099,5.259,0.0
1748217600,5.26,5.315,5.237,5.286,0.0
1748232000,5.286,5.409,5.279,5.398,0.0
1748246400,5.398,5.411,5.315,5.346,0.0
1748260800,5.346,5.362,5.245,5.341,0.0
1748275200,5.342,5.371,5.22,5.247,0.0
1748289600,5.246,5.291,5.176,5.222,0.0
1748304000,5.221,5.26,5.098,5.227,0.0
1748318400,5.229,5.337,5.195,5.309,0.0
1748332800,5.309,5.365,5.3,5.334,0.0
1748347200,5.333,5.402,5.244,5.329,0.0
1748361600,5.329,5.397,5.309,5.345,0.0
1748376000,5.346,5.382,5.285,5.326,0.0
1748390400,5.325,5.37,5.27,5.319,0.0
1748404800,5.318,5.358,5.272,5.305,0.0
1748419200,5.306,5.384,5.242,5.383,0.0
1748433600,5.384,5.464,5.226,5.232,0.0
1748448000,5.233,5.312,5.187,5.187,0.0
1748462400,5.189,5.445,5.184,5.438,0.0
1748476800,5.439,5.563,5.409,5.508,0.0
1748491200,5.508,5.517,5.381,5.428,0.0
1748505600,5.429,5.481,5.393,5.468,0.0
1748520000,5.467,5.477,5.343,5.355,0.0
1748534400,5.356,5.362,5.227,5.244,0.0
1748548800,5.244,5.322,5.225,5.256,0.0
1748563200,5.255,5.289,5.042,5.163,0.0
1748577600,5.163,5.186,5.067,5.098,0.0
1748592000,5.098,5.11,5.007,5.067,0.0
1748606400,5.067,5.081,4.95,4.985,0.0
1748620800,4.986,5.02,4.838,4.979,0.0
1748635200,4.979,4.987,4.771,4.788,0.0
1748649600,4.788,4.803,4.673,4.737,0.0
1748664000,4.737,4.796,4.709,4.767,0.0
1748678400,4.768,4.771,4.689,4.713,0.0
1748692800,4.713,4.885,4.71,4.83,0.0
1748707200,4.83,4.909,4.808,4.876,0.0
1748721600,4.876,4.937,4.862,4.902,0.0
1748736000,4.902,4.957,4.849,4.895,0.0
1748750400,4.894,4.96,4.872,4.897,0.0
1748764800,4.898,4.9,4.787,4.868,0.0
1748779200,4.868,4.954,4.819,4.943,0.0
1748793600,4.943,4.995,4.873,4.943,0.0
1748808000,4.942,4.983,4.918,4.935,0.0
1748822400,4.935,4.968,4.862,4.882,0.0
1748836800,4.883,4.949,4.848,4.915,0.0
1748851200,4.914,4.957,4.826,4.851,0.0
1748865600,4.851,4.938,4.839,4.923,0.0
1748880000,4.924,5.002,4.886,4.919,0.0
1748894400,4.919,5.132,4.919,5.117,0.0
1748908800,5.117,5.25,5.115,5.127,0.0
1748923200,5.128,5.171,5.08,5.156,0.0
1748937600,5.156,5.181,5.115,5.129,0.0
1748952000,5.129,5.301,5.122,5.283,0.0
1748966400,5.282,5.602,5.275,5.404,0.0
1748980800,5.405,5.421,5.242,5.322,0.0
1748995200,5.322,5.411,5.203,5.363,0.0
1749009600,5.363,5.392,5.31,5.352,0.0
1749024000,5.353,5.476,5.326,5.351,0.0
1749038400,5.35,5.372,5.257,5.308,0.0
1749052800,5.309,5.321,5.232,5.238,0.0
1749067200,5.237,5.277,5.17,5.196,0.0
1749081600,5.196,5.318,5.174,5.296,0.0
1749096000,5.297,5.31,5.177,5.217,0.0
1749110400,5.216,5.248,5.091,5.143,0.0
1749124800,5.144,5.203,5.025,5.089,0.0
1749139200,5.089,5.094,4.921,4.964,0.0
1749153600,4.964,4.988,4.804,4.85,0.0
1749168000,4.85,4.941,4.83,4.938,0.0
1749182400,4.939,5.023,4.916,4.991,0.0
1749196800,4.991,5.009,4.96,4.982,0.0
1749211200,4.981,5.074,4.964,5.021,0.0
1749225600,5.021,5.048,4.893,4.925,0.0
1749240000,4.926,4.976,4.914,4.944,0.0
1749254400,4.943,5.008,4.923,4.99,0.0
1749268800,4.991,5.035,4.956,5.025,0.0
1749283200,5.024,5.112,4.999,5.099,0.0
1749297600,5.1,5.214,5.099,5.135,0.0
1749312000,5.135,5.181,5.094,5.161,0.0
1749326400,5.161,5.237,5.155,5.231,0.0
1749340800,5.231,5.243,5.177,5.236,0.0
1749355200,5.236,5.351,5.194,5.279,0.0
1749369600,5.28,5.392,5.224,5.388,0.0
1749384000,5.389,5.581,5.309,5.564,0.0
1749398400,5.563,5.7,5.545,5.642,0.0
1749412800,5.642,5.667,5.522,5.554,0.0
1749427200,5.555,5.614,5.49,5.609,0.0
1749441600,5.609,5.754,5.576,5.644,0.0
1749456000,5.645,5.997,5.637,5.89,0.0
1749470400,5.889,6.066,5.82,5.895,0.0
1749484800,5.896,5.928,5.835,5.881,0.0
1749499200,5.88,6.148,5.88,6.028,0.0
1749513600,6.027,6.187,6.013,6.07,0.0
1749528000,6.07,6.231,5.925,5.936,0.0
1749542400,5.936,6.089,5.884,6.087,0.0
1749556800,6.087,6.157,5.966,6.03,0.0
1749571200,6.029,6.124,5.953,6.09,0.0
1749585600,6.09,6.198,6.047,6.174,0.0
1749600000,6.173,6.204,6.049,6.197,0.0
1749614400,6.197,6.317,6.113,6.194,0.0
1749628800,6.194,6.255,6.065,6.093,0.0
1749643200,6.094,6.189,6.056,6.151,0.0
1749657600,6.151,6.178,6.029,6.101,0.0
1749672000,6.1,6.15,5.945,6.062,0.0
1749686400,6.063,6.163,5.977,6.036,0.0
1749700800,6.037,6.071,5.909,5.936,0.0
1749715200,5.936,5.979,5.844,5.859,0.0
1749729600,5.86,6.074,5.858,5.947,0.0
1749744000,5.949,6.102,5.782,5.82,0.0
1749758400,5.82,5.842,5.758,5.817,0.0
1749772800,5.817,5.82,5.44,5.545,0.0
1749787200,5.544,5.551,5.404,5.448,0.0
1749801600,5.448,5.481,5.365,5.425,0.0
1749816000,5.425,5.494,5.367,5.435,0.0
1749830400,5.436,5.488,5.314,5.349,0.0
1749844800,5.349,5.529,5.322,5.455,0.0
1749859200,5.456,5.631,5.393,5.568,0.0
1749873600,5.569,5.767,5.559,5.757,0.0
1749888000,5.757,5.779,5.564,5.62,0.0
1749902400,5.62,5.657,5.512,5.529,0.0
1749916800,5.528,5.53,5.399,5.449,0.0
1749931200,5.449,5.522,5.394,5.476,0.0
1749945600,5.477,5.509,5.378,5.397,0.0
1749960000,5.397,5.434,5.327,5.331,0.0
1749974400,5.33,5.353,5.275,5.346,0.0
1749988800,5.346,5.428,5.326,5.376,0.0
1750003200,5.377,5.446,5.342,5.422,0.0
1750017600,5.422,5.518,5.338,5.511,0.0
1750032000,5.511,5.664,5.433,5.562,0.0
1750046400,5.563,5.739,5.559,5.659,0.0
1750060800,5.659,5.681,5.552,5.609,0.0
1750075200,5.61,5.708,5.587,5.627,0.0
1750089600,5.628,5.719,5.61,5.649,0.0
1750104000,5.649,5.665,5.378,5.395,0.0
1750118400,5.395,5.479,5.337,5.426,0.0
1750132800,5.424,5.431,5.338,5.362,0.0
1750147200,5.361,5.361,5.251,5.27,0.0
1750161600,5.271,5.312,5.151,5.185,0.0
1750176000,5.184,5.197,5.082,5.161,0.0
1750190400,5.16,5.177,5.054,5.12,0.0
1750204800,5.12,5.202,5.114,5.191,0.0
1750219200,5.192,5.252,5.133,5.156,0.0
1750233600,5.156,5.174,5.005,5.079,0.0
1750248000,5.079,5.096,4.991,5.053,0.0
1750262400,5.053,5.097,4.979,5.019,0.0
1750276800,5.02,5.167,5.001,5.113,0.0
1750291200,5.113,5.147,5.011,5.024,0.0
1750305600,5.025,5.064,4.985,5.002,0.0
1750320000,5.003,5.071,4.998,5.011,0.0
1750334400,5.011,5.039,4.963,4.999,0.0
1750348800,5.0,5.087,4.964,5.021,0.0
1750363200,5.022,5.074,5.003,5.051,0.0
1750377600,5.051,5.117,5.029,5.053,0.0
1750392000,5.053,5.108,4.982,5.099,0.0
1750406400,5.099,5.136,5.06,5.1,0.0
1750420800,5.1,5.218,4.983,5.0,0.0
1750435200,5.001,5.01,4.817,4.948,0.0
1750449600,4.947,4.992,4.866,4.919,0.0
1750464000,4.92,4.978,4.91,4.954,0.0
1750478400,4.954,4.964,4.928,4.948,0.0
1750492800,4.949,5.012,4.937,4.988,0.0
1750507200,4.989,5.006,4.826,4.865,0.0
1750521600,4.864,4.886,4.742,4.756,0.0
1750536000,4.757,4.804,4.566,4.799,0.0
1750550400,4.799,4.832,4.645,4.677,0.0
1750564800,4.676,4.755,4.664,4.711,0.0
1750579200,4.712,4.717,4.59,4.644,0.0
1750593600,4.644,4.652,4.449,4.473,0.0
1750608000,4.473,4.521,4.418,4.436,0.0
1750622400,4.437,4.557,4.312,4.55,0.0
1750636800,4.55,4.618,4.543,4.587,0.0
1750651200,4.588,4.63,4.55,4.575,0.0
1750665600,4.574,4.604,4.504,4.529,0.0
1750680000,4.529,4.663,4.51,4.559,0.0
1750694400,4.559,4.719,4.461,4.712,0.0
1750708800,4.712,4.989,4.703,4.958,0.0
1750723200,4.958,4.972,4.886,4.906,0.0
1750737600,4.906,5.055,4.891,4.963,0.0
1750752000,4.962,4.984,4.907,4.946,0.0
1750766400,4.947,4.997,4.883,4.905,0.0
1750780800,4.905,5.004,4.87,4.896,0.0
1750795200,4.896,4.972,4.881,4.957,0.0
1750809600,4.958,5.048,4.936,5.006,0.0
1750824000,5.005,5.023,4.935,4.963,0.0
1750838400,4.963,4.977,4.857,4.934,0.0
1750852800,4.935,4.975,4.786,4.796,0.0
1750867200,4.796,4.871,4.769,4.857,0.0
1750881600,4.857,4.891,4.784,4.814,0.0
1750896000,4.815,4.921,4.797,4.856,0.0
1750910400,4.857,4.881,4.805,4.862,0.0
1750924800,4.862,4.891,4.787,4.787,0.0
1750939200,4.788,4.794,4.676,4.748,0.0
1750953600,4.748,4.758,4.656,4.734,0.0
1750968000,4.733,4.802,4.711,4.73,0.0
1750982400,4.73,4.754,4.658,4.725,0.0
1750996800,4.724,4.773,4.684,4.696,0.0
1751011200,4.695,4.752,4.689,4.723,0.0
1751025600,4.722,4.771,4.665,4.762,0.0
1751040000,4.763,4.824,4.666,4.705,0.0
1751054400,4.705,4.77,4.679,4.758,0.0
1751068800,4.757,4.782,4.731,4.743,0.0
1751083200,4.743,4.758,4.709,4.753,0.0
1751097600,4.754,4.758,4.705,4.716,0.0
1751112000,4.716,4.774,4.693,4.771,0.0
1751126400,4.772,4.835,4.745,4.819,0.0
1751140800,4.819,4.883,4.798,4.858,0.0
1751155200,4.858,4.882,4.818,4.824,0.0
1751169600,4.825,4.879,4.821,4.876,0.0
1751184000,4.877,4.919,4.864,4.889,0.0
1751198400,4.888,4.899,4.825,4.836,0.0
1751212800,4.836,4.912,4.836,4.911,0.0
1751227200,4.91,5.129,4.871,5.076,0.0
1751241600,5.077,5.103,4.989,5.01,0.0
1751256000,5.009,5.02,4.924,4.982,0.0
1751270400,4.982,4.988,4.888,4.915,0.0
1751284800,4.914,4.953,4.865,4.915,0.0
1751299200,4.915,5.0,4.888,4.995,0.0
1751313600,4.995,5.007,4.895,4.899,0.0
1751328000,4.9,4.927,4.853,4.876,0.0
1751342400,4.876,4.876,4.777,4.828,0.0
1751356800,4.829,4.83,4.747,4.762,0.0
1751371200,4.761,4.781,4.703,4.757,0.0
1751385600,4.758,4.774,4.683,4.693,0.0
1751400000,4.694,4.747,4.661,4.691,0.0
1751414400,4.691,4.756,4.661,4.717,0.0
1751428800,4.716,4.844,4.716,4.812,0.0
1751443200,4.813,4.851,4.786,4.815,0.0
1751457600,4.815,4.947,4.798,4.937,0.0
1751472000,4.936,5.066,4.929,5.054,0.0
1751486400,5.054,5.098,5.015,5.02,0.0
1751500800,5.021,5.053,4.986,4.987,0.0
1751515200,4.987,5.121,4.983,5.102,0.0
1751529600,5.102,5.138,5.028,5.047,0.0
1751544000,5.047,5.105,4.93,4.939,0.0
1751558400,4.938,5.014,4.937,4.998,0.0
1751572800,4.998,5.035,4.956,5.008,0.0
1751587200,5.008,5.037,4.954,4.964,0.0
1751601600,4.965,4.983,4.834,4.845,0.0
1751616000,4.844,4.879,4.809,4.852,0.0
1751630400,4.852,4.866,4.757,4.761,0.0
1751644800,4.761,4.77,4.709,4.722,0.0
1751659200,4.723,4.787,4.715,4.779,0.0
1751673600,4.78,4.799,4.746,4.777,0.0
1751688000,4.778,4.82,4.754,4.797,0.0
1751702400,4.798,4.804,4.74,4.748,0.0
1751716800,4.748,4.762,4.72,4.732,0.0
1751731200,4.732,4.751,4.676,4.728,0.0
1751745600,4.727,4.784,4.722,4.77,0.0
1751760000,4.77,4.773,4.734,4.748,0.0
1751774400,4.748,4.774,4.726,4.758,0.0
1751788800,4.759,4.768,4.72,4.756,0.0
1751803200,4.756,4.839,4.75,4.821,0.0
1751817600,4.82,4.844,4.776,4.821,0.0
1751832000,4.821,4.901,4.817,4.834,0.0
1751846400,4.835,4.894,4.815,4.86,0.0
1751860800,4.86,4.87,4.794,4.854,0.0
1751875200,4.853,4.876,4.795,4.8,0.0
1751889600,4.8,4.851,4.76,4.78,0.0
1751904000,4.781,4.802,4.724,4.775,0.0
1751918400,4.774,4.78,4.706,4.775,0.0
1751932800,4.775,4.798,4.71,4.719,0.0
1751947200,4.718,4.76,4.697,4.753,0.0
1751961600,4.753,4.813,4.715,4.793,0.0
1751976000,4.793,4.811,4.723,4.737,0.0
1751990400,4.737,4.861,4.725,4.839,0.0
1752004800,4.839,4.849,4.811,4.835,0.0
1752019200,4.835,4.851,4.793,4.813,0.0
1752033600,4.813,4.897,4.812,4.884,0.0
1752048000,4.885,4.946,4.864,4.935,0.0
1752062400,4.936,4.986,4.898,4.93,0.0
1752076800,4.93,5.128,4.93,5.113,0.0
1752091200,5.113,5.213,5.07,5.15,0.0
1752105600,5.151,5.179,5.107,5.153,0.0
1752120000,5.153,5.22,5.126,5.184,0.0
1752134400,5.183,5.216,5.151,5.185,0.0
1752148800,5.185,5.237,5.092,5.107,0.0
1752163200,5.107,5.289,5.107,5.208,0.0
1752177600,5.207,5.444,5.207,5.41,0.0
1752192000,5.411,5.491,5.315,5.459,0.0
1752206400,5.459,5.551,5.389,5.423,0.0
1752220800,5.424,5.536,5.424,5.451,0.0
1752235200,5.452,5.582,5.419,5.437,0.0
1752249600,5.438,5.578,5.427,5.554,0.0
1752264000,5.553,5.553,5.274,5.347,0.0
1752278400,5.347,5.44,5.263,5.415,0.0
1752292800,5.416,5.43,5.284,5.368,0.0
1752307200,5.369,5.397,5.321,5.36,0.0
1752321600,5.359,5.375,5.136,5.185,0.0
1752336000,5.185,5.303,5.167,5.297,0.0
1752350400,5.296,5.377,5.229,5.352,0.0
1752364800,5.353,5.376,5.314,5.349,0.0
1752379200,5.351,5.441,5.332,5.434,0.0
1752393600,5.433,5.451,5.37,5.436,0.0
1752408000,5.435,5.535,5.407,5.464,0.0
1752422400,5.465,5.531,5.425,5.477,0.0
1752436800,5.477,5.536,5.392,5.454,0.0
1752451200,5.454,5.666,5.411,5.606,0.0
1752465600,5.607,5.671,5.522,5.639,0.0
1752480000,5.64,5.642,5.547,5.561,0.0
1752494400,5.561,5.614,5.412,5.456,0.0
1752508800,5.456,5.498,5.371,5.397,0.0
1752523200,5.397,5.434,5.332,5.38,0.0
1752537600,5.38,5.42,5.183,5.24,0.0
1752552000,5.24,5.313,5.202,5.266,0.0
1752566400,5.267,5.329,5.229,5.289,0.0
1752580800,5.289,5.436,5.25,5.431,0.0
1752595200,5.432,5.646,5.4,5.464,0.0
1752609600,5.464,5.636,5.459,5.609,0.0
1752624000,5.61,5.661,5.501,5.511,0.0
1752638400,5.512,5.599,5.477,5.571,0.0
1752652800,5.57,5.593,5.473,5.519,0.0
1752667200,5.519,5.599,5.487,5.533,0.0
1752681600,5.533,5.71,5.519,5.641,0.0
1752696000,5.641,5.779,5.604,5.619,0.0
1752710400,5.62,5.702,5.483,5.512,0.0
1752724800,5.511,5.664,5.492,5.603,0.0
1752739200,5.603,5.75,5.585,5.647,0.0
1752753600,5.648,5.719,5.537,5.598,0.0
1752768000,5.596,5.646,5.473,5.526,0.0
1752782400,5.527,5.844,5.45,5.752,0.0
1752796800,5.752,5.997,5.683,5.973,0.0
1752811200,5.972,6.173,5.934,6.016,0.0
1752825600,6.016,6.102,5.935,6.019,0.0
1752840000,6.02,6.078,5.724,5.786,0.0
1752854400,5.786,5.875,5.708,5.761,0.0
1752868800,5.76,5.784,5.606,5.682,0.0
1752883200,5.683,5.779,5.538,5.777,0.0
1752897600,5.778,5.841,5.695,5.7,0.0
1752912000,5.701,5.712,5.611,5.615,0.0
1752926400,5.614,5.641,5.523,5.608,0.0
1752940800,5.609,5.784,5.583,5.784,0.0
1752955200,5.783,5.839,5.711,5.801,0.0
1752969600,5.802,5.879,5.746,5.814,0.0
1752984000,5.814,5.93,5.809,5.902,0.0
1752998400,5.902,5.997,5.902,5.97,0.0
1753012800,5.969,6.105,5.952,6.095,0.0
1753027200,6.096,6.135,5.991,6.038,0.0
1753041600,6.04,6.075,5.857,5.977,0.0
1753056000,5.978,6.092,5.861,6.084,0.0
1753070400,6.085,6.153,5.996,6.124,0.0
1753084800,6.123,6.219,6.046,6.154,0.0
1753099200,6.154,6.256,6.086,6.18,0.0
1753113600,6.181,6.212,6.002,6.057,0.0
1753128000,6.055,6.175,6.031,6.145,0.0
1753142400,6.146,6.184,5.912,5.963,0.0
1753156800,5.962,5.986,5.806,5.908,0.0
1753171200,5.907,5.964,5.782,5.956,0.0
1753185600,5.956,6.087,5.821,6.001,0.0
1753200000,6.0,6.097,5.927,5.946,0.0
1753214400,5.945,6.134,5.929,6.124,0.0
1753228800,6.125,6.142,5.985,6.007,0.0
1753243200,6.007,6.096,5.945,5.979,0.0
1753257600,5.979,6.071,5.885,5.967,0.0
1753272000,5.968,5.973,5.591,5.718,0.0
1753286400,5.718,5.722,5.508,5.597,0.0
1753300800,5.597,5.628,5.403,5.596,0.0
1753315200,5.596,5.68,5.552,5.61,0.0
1753329600,5.61,5.634,5.244,5.413,0.0
1753344000,5.413,5.585,5.386,5.564,0.0
1753358400,5.563,5.754,5.461,5.662,0.0
1753372800,5.663,5.67,5.516,5.561,0.0
1753387200,5.561,5.634,5.466,5.488,0.0
1753401600,5.488,5.508,5.316,5.376,0.0
1753416000,5.375,5.451,5.325,5.401,0.0
1753430400,5.401,5.566,5.395,5.548,0.0
1753444800,5.548,5.59,5.334,5.405,0.0
1753459200,5.405,5.493,5.38,5.451,0.0
1753473600,5.451,5.626,5.444,5.619,0.0
1753488000,5.62,5.65,5.574,5.627,0.0
1753502400,5.626,5.639,5.598,5.618,0.0
1753516800,5.618,5.675,5.577,5.635,0.0
1753531200,5.635,5.692,5.608,5.669,0.0
1753545600,5.67,5.772,5.627,5.747,0.0
1753560000,5.747,5.751,5.641,5.648,0.0
1753574400,5.648,5.721,5.626,5.675,0.0
1753588800,5.676,5.767,5.672,5.699,0.0
1753603200,5.699,5.734,5.641,5.689,0.0
1753617600,5.689,5.73,5.654,5.702,0.0
1753632000,5.702,5.79,5.698,5.724,0.0
1753646400,5.724,5.838,5.71,5.8,0.0
1753660800,5.8,5.864,5.721,5.851,0.0
1753675200,5.851,5.964,5.834,5.946,0.0
1753689600,5.947,6.003,5.857,5.894,0.0
1753704000,5.894,5.9,5.65,5.682,0.0
1753718400,5.682,5.693,5.557,5.602,0.0
1753732800,5.603,5.613,5.485,5.535,0.0
1753747200,5.536,5.57,5.44,5.551,0.0
1753761600,5.552,5.734,5.52,5.727,0.0
1753776000,5.728,5.734,5.527,5.555,0.0
1753790400,5.555,5.638,5.44,5.464,0.0
1753804800,5.464,5.504,5.38,5.393,0.0
1753819200,5.395,5.478,5.344,5.453,0.0
1753833600,5.453,5.485,5.358,5.427,0.0
1753848000,5.427,5.448,5.37,5.388,0.0
1753862400,5.389,5.434,5.222,5.25,0.0
1753876800,5.25,5.412,5.22,5.376,0.0
1753891200,5.377,5.479,5.173,5.407,0.0
1753905600,5.407,5.485,5.347,5.467,0.0
1753920000,5.468,5.54,5.439,5.516,0.0
1753934400,5.515,5.553,5.494,5.53,0.0
1753948800,5.531,5.58,5.497,5.507,0.0
1753963200,5.508,5.513,5.299,5.396,0.0
1753977600,5.396,5.507,5.317,5.328,0.0
1753992000,5.327,5.373,5.213,5.227,0.0
1754006400,5.226,5.291,5.12,5.239,0.0
1754020800,5.239,5.239,5.107,5.144,0.0
1754035200,5.143,5.143,5.046,5.13,0.0
1754049600,5.13,5.186,4.996,5.145,0.0
1754064000,5.144,5.18,5.022,5.132,0.0
1754078400,5.132,5.146,4.889,5.012,0.0
1754092800,5.011,5.065,5.001,5.051,0.0
1754107200,5.052,5.078,4.93,5.032,0.0
1754121600,5.032,5.044,4.944,5.003,0.0
1754136000,5.004,5.045,4.945,4.965,0.0
1754150400,4.965,5.011,4.853,4.906,0.0
1754164800,4.908,4.969,4.884,4.944,0.0
1754179200,4.945,5.004,4.867,4.992,0.0
1754193600,4.992,5.022,4.97,5.012,0.0
1754208000,5.012,5.081,5.003,5.062,0.0
1754222400,5.061,5.097,5.038,5.086,0.0
1754236800,5.085,5.12,5.065,5.093,0.0
1754251200,5.094,5.143,5.076,5.112,0.0
1754265600,5.113,5.202,5.107,5.14,0.0
1754280000,5.14,5.177,5.114,5.163,0.0
1754294400,5.164,5.182,5.12,5.127,0.0
1754308800,5.127,5.239,5.119,5.22,0.0
1754323200,5.219,5.32,5.212,5.221,0.0
1754337600,5.221,5.321,5.216,5.3,0.0
1754352000,5.3,5.321,5.23,5.233,0.0
1754366400,5.232,5.26,5.111,5.141,0.0
1754380800,5.141,5.289,5.133,5.277,0.0
1754395200,5.278,5.285,5.048,5.074,0.0
1754409600,5.072,5.109,5.017,5.035,0.0
1754424000,5.035,5.082,4.941,5.067,0.0
1754438400,5.067,5.072,4.969,4.981,0.0
1754452800,4.981,5.116,4.961,5.086,0.0
1754467200,5.085,5.094,5.011,5.035,0.0
1754481600,5.035,5.15,4.995,5.141,0.0
1754496000,5.142,5.162,5.08,5.139,0.0
1754510400,5.14,5.142,5.1,5.113,0.0
1754524800,5.112,5.141,5.062,5.063,0.0
1754539200,5.064,5.137,5.06,5.12,0.0
1754553600,5.121,5.286,5.107,5.272,0.0
1754568000,5.272,5.286,5.2,5.25,0.0
1754582400,5.25,5.27,5.141,5.269,0.0
1754596800,5.27,5.353,5.26,5.35,0.0
1754611200,5.351,5.413,5.188,5.296,0.0
1754625600,5.296,5.384,5.243,5.373,0.0
1754640000,5.375,5.408,5.324,5.375,0.0
1754654400,5.375,5.478,5.306,5.354,0.0
1754668800,5.354,5.483,5.348,5.467,0.0
1754683200,5.467,5.472,5.416,5.431,0.0
1754697600,5.431,5.5,5.42,5.493,0.0
1754712000,5.493,5.648,5.471,5.623,0.0
1754726400,5.622,5.695,5.615,5.681,0.0
1754740800,5.681,5.713,5.58,5.624,0.0
1754755200,5.625,5.704,5.624,5.694,0.0
1754769600,5.695,5.748,5.671,5.701,0.0
1754784000,5.702,5.769,5.641,5.718,0.0
1754798400,5.718,5.759,5.556,5.564,0.0
1754812800,5.564,5.622,5.496,5.524,0.0
1754827200,5.525,5.697,5.517,5.655,0.0
1754841600,5.655,5.681,5.622,5.664,0.0
1754856000,5.664,5.667,5.559,5.63,0.0
1754870400,5.631,5.748,5.59,5.702,0.0
1754884800,5.703,5.752,5.6,5.613,0.0
1754899200,5.613,5.664,5.489,5.511,0.0
1754913600,5.51,5.575,5.428,5.55,0.0
1754928000,5.55,5.637,5.433,5.472,0.0
1754942400,5.473,5.477,5.329,5.357,0.0
1754956800,5.356,5.462,5.349,5.386,0.0
1754971200,5.386,5.433,5.316,5.43,0.0
1754985600,5.43,5.43,5.279,5.37,0.0
1755000000,5.368,5.61,5.343,5.606,0.0
1755014400,5.607,5.73,5.587,5.699,0.0
1755028800,5.699,5.756,5.658,5.67,0.0
1755043200,5.67,5.749,5.621,5.738,0.0
1755057600,5.737,5.751,5.642,5.741,0.0
1755072000,5.741,5.888,5.737,5.828,0.0
1755086400,5.829,5.932,5.804,5.894,0.0
1755100800,5.894,5.96,5.875,5.956,0.0
1755115200,5.956,6.078,5.933,6.014,0.0
1755129600,6.015,6.084,5.949,6.06,0.0
1755144000,6.06,6.075,5.911,5.957,0.0
1755158400,5.957,5.967,5.792,5.809,0.0
1755172800,5.809,5.849,5.5,5.577,0.0
1755187200,5.577,5.578,5.475,5.491,0.0
1755201600,5.491,5.493,5.362,5.448,0.0
1755216000,5.448,5.546,5.418,5.525,0.0
1755230400,5.525,5.584,5.464,5.542,0.0
1755244800,5.542,5.574,5.467,5.476,0.0
1755259200,5.475,5.544,5.26,5.298,0.0
1755273600,5.298,5.352,5.244,5.306,0.0
1755288000,5.305,5.453,5.288,5.389,0.0
1755302400,5.388,5.468,5.383,5.426,0.0
1755316800,5.426,5.47,5.405,5.456,0.0
1755331200,5.456,5.48,5.391,5.405,0.0
1755345600,5.406,5.501,5.386,5.473,0.0
1755360000,5.472,5.497,5.397,5.421,0.0
1755374400,5.42,5.469,5.412,5.453,0.0
1755388800,5.454,5.474,5.4,5.463,0.0
1755403200,5.463,5.546,5.462,5.516,0.0
1755417600,5.517,5.575,5.503,5.567,0.0
1755432000,5.567,5.668,5.513,5.666,0.0
1755446400,5.666,5.678,5.449,5.486,0.0
1755460800,5.488,5.556,5.469,5.476,0.0
1755475200,5.474,5.479,5.262,5.323,0.0
1755489600,5.323,5.364,5.255,5.28,0.0
1755504000,5.281,5.307,5.224,5.287,0.0
1755518400,5.287,5.361,5.235,5.3,0.0
1755532800,5.301,5.351,5.241,5.309,0.0
1755547200,5.308,5.394,5.276,5.305,0.0
1755561600,5.305,5.379,5.179,5.193,0.0
1755576000,5.192,5.242,5.144,5.189,0.0
1755590400,5.19,5.28,5.15,5.278,0.0
1755604800,5.278,5.284,5.114,5.132,0.0
1755619200,5.132,5.144,5.014,5.034,0.0
1755633600,5.034,5.097,5.013,5.024,0.0
1755648000,5.024,5.123,5.018,5.094,0.0
1755662400,5.095,5.147,5.095,5.112,0.0
1755676800,5.113,5.172,5.056,5.123,0.0
1755691200,5.123,5.213,5.001,5.166,0.0
1755705600,5.166,5.279,5.165,5.275,0.0
1755720000,5.276,5.295,5.247,5.261,0.0
1755734400,5.26,5.308,5.206,5.237,0.0
1755748800,5.238,5.276,5.186,5.223,0.0
1755763200,5.222,5.228,5.147,5.167,0.0
1755777600,5.166,5.217,5.103,5.109,0.0
1755792000,5.11,5.13,5.049,5.089,0.0
1755806400,5.088,5.142,5.058,5.092,0.0
1755820800,5.093,5.17,5.056,5.079,0.0
1755835200,5.079,5.126,5.06,5.111,0.0
1755849600,5.11,5.138,4.998,4.999,0.0
1755864000,5.0,5.348,4.932,5.292,0.0
1755878400,5.292,5.543,5.292,5.527,0.0
1755892800,5.528,5.587,5.514,5.539,0.0
1755907200,5.539,5.547,5.337,5.36,0.0
1755921600,5.36,5.478,5.35,5.386,0.0
1755936000,5.386,5.426,5.356,5.391,0.0
1755950400,5.391,5.436,5.366,5.394,0.0
1755964800,5.394,5.452,5.367,5.448,0.0
1755979200,5.449,5.462,5.396,5.449,0.0
1755993600,5.448,5.484,5.363,5.389,0.0
1756008000,5.388,5.396,5.256,5.259,0.0
1756022400,5.259,5.289,5.184,5.21,0.0
1756036800,5.211,5.298,5.197,5.239,0.0
1756051200,5.24,5.492,5.21,5.308,0.0
1756065600,5.309,5.343,5.198,5.266,0.0
1756080000,5.266,5.352,5.168,5.296,0.0
1756094400,5.297,5.312,5.074,5.092,0.0
1756108800,5.092,5.127,5.014,5.076,0.0
1756123200,5.075,5.128,5.022,5.045,0.0
1756137600,5.045,5.086,4.944,4.956,0.0
1756152000,4.957,4.977,4.834,4.877,0.0
1756166400,4.877,4.993,4.85,4.932,0.0
1756180800,4.932,4.984,4.907,4.955,0.0
1756195200,4.954,4.994,4.927,4.949,0.0
1756209600,4.949,5.059,4.92,4.98,0.0
1756224000,4.981,5.098,4.974,5.088,0.0
1756238400,5.086,5.101,5.048,5.056,0.0
1756252800,5.056,5.108,5.009,5.077,0.0
1756267200,5.077,5.144,5.036,5.06,0.0
1756281600,5.06,5.087,5.031,5.06,0.0
1756296000,5.059,5.109,5.006,5.076,0.0
1756310400,5.076,5.106,5.014,5.048,0.0
1756324800,5.048,5.107,4.98,5.016,0.0
1756339200,5.015,5.055,4.971,5.033,0.0
1756353600,5.034,5.085,5.018,5.06,0.0
1756368000,5.061,5.096,5.023,5.076,0.0
1756382400,5.075,5.141,5.063,5.075,0.0
1756396800,5.074,5.1,4.993,4.994,0.0
1756411200,4.995,5.134,4.985,5.132,0.0
1756425600,5.133,5.142,5.038,5.072,0.0
1756440000,5.072,5.085,4.94,4.949,0.0
1756454400,4.949,4.966,4.861,4.896,0.0
1756468800,4.9,5.025,4.845,4.876,0.0
1756483200,4.875,4.9,4.812,4.86,0.0
1756497600,4.86,4.921,4.816,4.901,0.0
1756512000,4.901,4.939,4.803,4.918,0.0
1756526400,4.917,4.948,4.89,4.945,0.0
1756540800,4.945,4.947,4.875,4.896,0.0
1756555200,4.896,4.899,4.817,4.886,0.0
1756569600,4.884,4.884,4.821,4.846,0.0
1756584000,4.846,4.861,4.829,4.85,0.0
1756598400,4.85,4.935,4.849,4.93,0.0
1756612800,4.931,4.933,4.835,4.853,0.0
1756627200,4.852,4.892,4.801,4.838,0.0
1756641600,4.838,4.847,4.792,4.832,0.0
1756656000,4.832,4.833,4.793,4.796,0.0
1756670400,4.795,4.863,4.745,4.748,0.0
1756684800,4.748,4.774,4.663,4.702,0.0
1756699200,4.701,4.842,4.646,4.841,0.0
1756713600,4.84,4.929,4.762,4.773,0.0
1756728000,4.773,4.804,4.703,4.713,0.0
1756742400,4.712,4.735,4.672,4.732,0.0
1756756800,4.731,4.734,4.585,4.693,0.0
1756771200,4.693,4.799,4.66,4.796,0.0
1756785600,4.796,4.827,4.776,4.795,0.0
1756800000,4.794,4.851,4.788,4.819,0.0
1756814400,4.819,4.888,4.724,4.754,0.0
1756828800,4.755,4.846,4.755,4.795,0.0
1756843200,4.795,4.869,4.786,4.867,0.0
1756857600,4.868,4.895,4.827,4.853,0.0
1756872000,4.852,4.861,4.786,4.817,0.0
1756886400,4.816,4.853,4.811,4.818,0.0
1756900800,4.819,4.916,4.812,4.867,0.0
1756915200,4.867,4.899,4.848,4.898,0.0
1756929600,4.898,4.93,4.876,4.907,0.0
1756944000,4.906,4.937,4.845,4.852,0.0
1756958400,4.852,4.86,4.766,4.797,0.0
1756972800,4.797,4.829,4.793,4.797,0.0
1756987200,4.797,4.824,4.703,4.746,0.0
1757001600,4.745,4.756,4.677,4.684,0.0
1757016000,4.685,4.757,4.679,4.693,0.0
1757030400,4.694,4.758,4.684,4.75,0.0
1757044800,4.75,4.842,4.726,4.833,0.0
1757059200,4.834,4.837,4.762,4.803,0.0
1757073600,4.803,4.883,4.716,4.752,0.0
1757088000,4.753,4.777,4.72,4.776,0.0
1757102400,4.776,4.785,4.739,4.77,0.0
1757116800,4.769,4.804,4.761,4.771,0.0
1757131200,4.771,4.771,4.71,4.73,0.0
1757145600,4.73,4.734,4.689,4.706,0.0
1757160000,4.705,4.732,4.688,4.704,0.0
1757174400,4.704,4.75,4.695,4.7,0.0
1757188800,4.701,4.768,4.7,4.751,0.0
1757203200,4.752,4.804,4.742,4.796,0.0
1757217600,4.797,4.828,4.776,4.789,0.0
1757232000,4.79,4.826,4.789,4.803,0.0
1757246400,4.802,4.849,4.789,4.817,0.0
1757260800,4.817,4.828,4.766,4.803,0.0
1757275200,4.803,4.844,4.79,4.823,0.0
1757289600,4.823,4.868,4.79,4.839,0.0
1757304000,4.838,4.839,4.792,4.813,0.0
1757318400,4.814,4.913,4.811,4.867,0.0
1757332800,4.868,4.945,4.854,4.924,0.0
1757347200,4.923,4.943,4.844,4.855,0.0
1757361600,4.856,4.905,4.825,4.893,0.0
1757376000,4.893,4.958,4.855,4.898,0.0
1757390400,4.898,5.052,4.887,4.998,0.0
1757404800,4.996,5.03,4.982,4.985,0.0
1757419200,4.985,5.021,4.841,4.862,0.0
1757433600,4.862,4.88,4.831,4.858,0.0
1757448000,4.856,4.882,4.826,4.87,0.0
1757462400,4.87,4.918,4.848,4.904,0.0
1757476800,4.904,4.919,4.859,4.903,0.0
1757491200,4.903,4.912,4.863,4.882,0.0
1757505600,4.883,4.997,4.872,4.94,0.0
1757520000,4.941,4.955,4.839,4.853,0.0
1757534400,4.852,4.896,4.849,4.891,0.0
1757548800,4.891,4.933,4.879,4.927,0.0
1757563200,4.927,4.94,4.89,4.928,0.0
1757577600,4.928,4.93,4.881,4.884,0.0
1757592000,4.885,4.948,4.827,4.869,0.0
1757606400,4.87,4.924,4.867,4.907,0.0
1757620800,4.908,4.977,4.887,4.974,0.0
1757635200,4.974,5.035,4.907,4.929,0.0
1757649600,4.929,4.983,4.906,4.92,0.0
1757664000,4.921,4.924,4.831,4.84,0.0
1757678400,4.839,4.904,4.813,4.86,0.0
1757692800,4.861,4.958,4.851,4.953,0.0
1757707200,4.954,4.984,4.913,4.981,0.0
1757721600,4.982,5.035,4.964,5.029,0.0
1757736000,5.029,5.054,4.999,5.02,0.0
1757750400,5.02,5.135,5.019,5.13,0.0
1757764800,5.13,5.162,5.024,5.075,0.0
1757779200,5.076,5.096,4.981,5.027,0.0
1757793600,5.026,5.069,5.024,5.048,0.0
1757808000,5.048,5.054,4.949,4.958,0.0
1757822400,4.957,5.011,4.92,4.98,0.0
1757836800,4.979,5.04,4.922,4.93,0.0
1757851200,4.93,4.955,4.822,4.846,0.0
1757865600,4.846,4.896,4.832,4.853,0.0
1757880000,4.853,4.906,4.836,4.848,0.0
1757894400,4.848,4.886,4.77,4.877,0.0
1757908800,4.877,4.903,4.74,4.768,0.0
1757923200,4.767,4.767,4.656,4.693,0.0
1757937600,4.693,4.729,4.632,4.667,0.0
1757952000,4.666,4.68,4.612,4.657,0.0
1757966400,4.657,4.685,4.65,4.663,0.0
1757980800,4.663,4.679,4.636,4.642,0.0
1757995200,4.643,4.696,4.606,4.678,0.0
1758009600,4.679,4.721,4.664,4.68,0.0
1758024000,4.681,4.726,4.631,4.715,0.0
1758038400,4.716,4.781,4.684,4.779,0.0
1758052800,4.78,4.803,4.756,4.764,0.0
1758067200,4.765,4.785,4.737,4.741,0.0
1758081600,4.742,4.763,4.688,4.745,0.0
1758096000,4.746,4.746,4.664,4.692,0.0
1758110400,4.691,4.719,4.66,4.668,0.0
1758124800,4.668,4.788,4.64,4.78,0.0
1758139200,4.78,4.869,4.723,4.836,0.0
1758153600,4.836,4.881,4.807,4.871,0.0
1758168000,4.872,4.883,4.792,4.83,0.0
1758182400,4.831,4.894,4.823,4.893,0.0
1758196800,4.893,4.91,4.849,4.881,0.0
1758211200,4.881,4.952,4.879,4.928,0.0
1758225600,4.928,4.957,4.882,4.931,0.0
1758240000,4.931,4.989,4.858,4.869,0.0
1758254400,4.868,4.898,4.832,4.881,0.0
1758268800,4.88,4.904,4.777,4.791,0.0
1758283200,4.791,4.828,4.731,4.758,0.0
1758297600,4.759,4.779,4.704,4.711,0.0
1758312000,4.711,4.745,4.683,4.718,0.0
1758326400,4.717,4.747,4.689,4.735,0.0
1758340800,4.734,4.778,4.726,4.778,0.0
1758355200,4.777,4.781,4.699,4.72,0.0
1758369600,4.72,4.802,4.707,4.767,0.0
1758384000,4.768,4.78,4.719,4.731,0.0
1758398400,4.73,4.768,4.722,4.73,0.0
1758412800,4.73,4.769,4.715,4.767,0.0
1758427200,4.767,4.804,4.75,4.796,0.0
1758441600,4.796,4.808,4.709,4.725,0.0
1758456000,4.725,4.759,4.723,4.739,0.0
1758470400,4.74,4.751,4.676,4.746,0.0
1758484800,4.745,4.747,4.69,4.699,0.0
1758499200,4.697,4.711,4.511,4.549,0.0
1758513600,4.549,4.571,4.13,4.325,0.0
1758528000,4.325,4.372,4.29,4.337,0.0
1758542400,4.337,4.387,4.285,4.287,0.0
1758556800,4.286,4.316,4.247,4.257,0.0
1758571200,4.257,4.335,4.255,4.314,0.0
1758585600,4.314,4.331,4.214,4.296,0.0
1758600000,4.296,4.367,4.257,4.344,0.0
1758614400,4.345,4.371,4.301,4.317,0.0
1758628800,4.316,4.361,4.306,4.346,0.0
1758643200,4.347,4.384,4.29,4.3,0.0
1758657600,4.3,4.358,4.292,4.325,0.0
1758672000,4.325,4.377,4.283,4.296,0.0
1758686400,4.295,4.375,4.24,4.361,0.0
1758700800,4.362,4.392,4.345,4.381,0.0
1758715200,4.381,4.412,4.347,4.359,0.0
1758729600,4.36,4.377,4.312,4.321,0.0
1758744000,4.322,4.331,4.29,4.304,0.0
1758758400,4.304,4.313,4.228,4.261,0.0
1758772800,4.26,4.266,4.17,4.197,0.0
1758787200,4.197,4.232,4.14,4.155,0.0
1758801600,4.155,4.205,4.05,4.157,0.0
1758816000,4.157,4.16,3.992,4.097,0.0
1758830400,4.098,4.109,4.036,4.082,0.0
1758844800,4.082,4.146,4.078,4.121,0.0
1758859200,4.122,4.131,4.083,4.124,0.0
1758873600,4.124,4.151,4.052,4.095,0.0
1758888000,4.095,4.148,4.056,4.132,0.0
1758902400,4.132,4.233,4.127,4.193,0.0
1758916800,4.192,4.221,4.178,4.209,0.0
1758931200,4.209,4.209,4.165,4.177,0.0
1758945600,4.176,4.214,4.169,4.193,0.0
1758960000,4.192,4.204,4.146,4.186,0.0
1758974400,4.187,4.213,4.157,4.197,0.0
1758988800,4.197,4.206,4.146,4.177,0.0
1759003200,4.177,4.235,4.171,4.198,0.0
1759017600,4.199,4.215,4.155,4.176,0.0
1759032000,4.175,4.178,4.135,4.16,0.0
1759046400,4.161,4.17,4.118,4.135,0.0
1759060800,4.135,4.22,4.106,4.217,0.0
1759075200,4.217,4.242,4.194,4.222,0.0
1759089600,4.222,4.318,4.222,4.289,0.0
1759104000,4.289,4.291,4.254,4.262,0.0
1759118400,4.263,4.263,4.214,4.243,0.0
1759132800,4.242,4.267,4.193,4.213,0.0
1759147200,4.212,4.293,4.158,4.23,0.0
1759161600,4.231,4.252,4.167,4.247,0.0
1759176000,4.247,4.297,4.241,4.242,0.0
1759190400,4.242,4.252,4.191,4.204,0.0
1759204800,4.204,4.216,4.167,4.173,0.0
1759219200,4.173,4.179,4.142,4.174,0.0
1759233600,4.173,4.173,4.093,4.123,0.0
1759248000,4.122,4.202,4.087,4.199,0.0
1759262400,4.199,4.246,4.18,4.223,0.0
1759276800,4.223,4.285,4.21,4.212,0.0
1759291200,4.213,4.298,4.209,4.248,0.0
1759305600,4.248,4.41,4.246,4.368,0.0
1759320000,4.368,4.379,4.301,4.372,0.0
1759334400,4.373,4.458,4.353,4.448,0.0
1759348800,4.449,4.493,4.427,4.489,0.0
1759363200,4.49,4.522,4.456,4.498,0.0
1759377600,4.498,4.56,4.483,4.52,0.0
1759392000,4.521,4.536,4.487,4.513,0.0
1759406400,4.514,4.54,4.423,4.508,0.0
1759420800,4.509,4.595,4.502,4.578,0.0
1759435200,4.578,4.586,4.549,4.577,0.0
1759449600,4.576,4.579,4.503,4.524,0.0
1759464000,4.525,4.562,4.502,4.535,0.0
1759478400,4.534,4.548,4.492,4.511,0.0
1759492800,4.511,4.608,4.484,4.605,0.0
1759507200,4.605,4.663,4.51,4.631,0.0
1759521600,4.631,4.699,4.605,4.655,0.0
1759536000,4.656,4.683,4.564,4.574,0.0
1759550400,4.574,4.599,4.549,4.562,0.0
1759564800,4.561,4.562,4.466,4.488,0.0
1759579200,4.488,4.534,4.427,4.434,0.0
1759593600,4.434,4.473,4.427,4.468,0.0
1759608000,4.47,4.51,4.468,4.494,0.0
1759622400,4.494,4.584,4.465,4.546,0.0
1759636800,4.548,4.669,4.543,4.668,0.0
1759651200,4.668,4.679,4.569,4.621,0.0
1759665600,4.62,4.642,4.574,4.62,0.0
1759680000,4.62,4.623,4.51,4.512,0.0
1759694400,4.514,4.548,4.501,4.521,0.0
1759708800,4.522,4.568,4.482,4.533,0.0
1759723200,4.533,4.56,4.496,4.512,0.0
1759737600,4.513,4.568,4.507,4.547,0.0
1759752000,4.547,4.676,4.546,4.638,0.0
1759766400,4.639,4.684,4.607,4.658,0.0
1759780800,4.658,4.685,4.609,4.614,0.0
1759795200,4.615,4.633,4.574,4.587,0.0
1759809600,4.586,4.631,4.522,4.534,0.0
1759824000,4.533,4.61,4.496,4.6,0.0
1759838400,4.599,4.63,4.383,4.402,0.0
1759852800,4.403,4.454,4.363,4.412,0.0
1759867200,4.412,4.468,4.409,4.422,0.0
1759881600,4.423,4.476,4.372,4.39,0.0
1759896000,4.391,4.419,4.351,4.409,0.0
1759910400,4.409,4.468,4.404,4.433,0.0
1759924800,4.433,4.5,4.412,4.461,0.0
1759939200,4.461,4.586,4.453,4.523,0.0
1759953600,4.524,4.534,4.487,4.503,0.0
1759968000,4.503,4.514,4.401,4.453,0.0
1759982400,4.453,4.47,4.386,4.391,0.0
1759996800,4.391,4.399,4.316,4.363,0.0
1760011200,4.363,4.396,4.289,4.321,0.0
1760025600,4.321,4.349,4.278,4.331,0.0
1760040000,4.33,4.384,4.308,4.359,0.0
1760054400,4.359,4.442,4.333,4.409,0.0
1760068800,4.409,4.442,4.361,4.368,0.0
1760083200,4.369,4.45,4.362,4.431,0.0
1760097600,4.431,4.464,4.2,4.236,0.0
1760112000,4.236,4.278,4.094,4.141,0.0
1760126400,4.141,4.171,1.858,3.019,0.0
1760140800,3.02,3.126,2.898,3.102,0.0
1760155200,3.102,3.287,3.081,3.255,0.0
1760169600,3.255,3.397,3.237,3.323,0.0
1760184000,3.322,3.325,3.199,3.301,0.0
1760198400,3.301,3.314,3.128,3.161,0.0
1760212800,3.161,3.168,3.021,3.129,0.0
1760227200,3.128,3.174,3.069,3.143,0.0
1760241600,3.142,3.275,3.139,3.272,0.0
1760256000,3.273,3.282,3.192,3.219,0.0
1760270400,3.219,3.419,3.193,3.408,0.0
1760284800,3.409,3.531,3.401,3.525,0.0
1760299200,3.525,3.561,3.447,3.497,0.0
1760313600,3.497,3.526,3.45,3.489,0.0
1760328000,3.489,3.571,3.463,3.527,0.0
1760342400,3.527,3.602,3.406,3.453,0.0
1760356800,3.452,3.573,3.424,3.552,0.0
1760371200,3.551,3.714,3.51,3.714,0.0
1760385600,3.713,3.775,3.67,3.715,0.0
1760400000,3.716,3.733,3.593,3.609,0.0
1760414400,3.609,3.622,3.382,3.425,0.0
1760428800,3.424,3.475,3.354,3.444,0.0
1760443200,3.444,3.555,3.366,3.553,0.0
1760457600,3.554,3.602,3.489,3.54,0.0
1760472000,3.54,3.571,3.51,3.532,0.0
1760486400,3.532,3.543,3.453,3.469,0.0
1760500800,3.469,3.506,3.438,3.495,0.0
1760515200,3.494,3.561,3.411,3.439,0.0
1760529600,3.438,3.448,3.329,3.344,0.0
1760544000,3.343,3.368,3.301,3.316,0.0
1760558400,3.317,3.354,3.265,3.347,0.0
1760572800,3.347,3.369,3.312,3.328,0.0
1760587200,3.328,3.368,3.3,3.332,0.0
1760601600,3.333,3.407,3.241,3.369,0.0
1760616000,3.37,3.407,3.194,3.211,0.0
1760630400,3.21,3.3,3.12,3.143,0.0
1760644800,3.144,3.162,3.096,3.137,0.0
1760659200,3.137,3.172,3.087,3.136,0.0
1760673600,3.137,3.148,2.926,2.937,0.0
1760688000,2.937,3.099,2.88,3.056,0.0
1760702400,3.056,3.067,2.962,3.007,0.0
1760716800,3.007,3.036,2.903,2.974,0.0
1760731200,2.974,3.034,2.963,3.005,0.0
1760745600,3.005,3.091,2.994,3.052,0.0
1760760000,3.052,3.097,3.016,3.056,0.0
1760774400,3.056,3.092,3.037,3.082,0.0
1760788800,3.082,3.096,3.008,3.045,0.0
1760803200,3.045,3.066,3.013,3.058,0.0
1760817600,3.058,3.074,3.04,3.045,0.0
1760832000,3.046,3.062,3.011,3.058,0.0
1760846400,3.058,3.061,3.008,3.027,0.0
1760860800,3.027,3.112,2.987,3.07,0.0
1760875200,3.071,3.123,3.044,3.105,0.0
1760889600,3.106,3.119,3.076,3.097,0.0
1760904000,3.097,3.114,3.062,3.065,0.0
1760918400,3.066,3.127,3.005,3.118,0.0
1760932800,3.118,3.191,3.105,3.168,0.0
1760947200,3.168,3.182,3.14,3.172,0.0
1760961600,3.172,3.191,3.141,3.142,0.0
1760976000,3.141,3.184,3.085,3.174,0.0
1760990400,3.174,3.22,3.16,3.187,0.0
1761004800,3.187,3.188,3.089,3.1,0.0
1761019200,3.1,3.106,3.053,3.07,0.0
1761033600,3.07,3.093,3.031,3.079,0.0
1761048000,3.078,3.267,3.073,3.255,0.0
1761062400,3.254,3.284,3.183,3.183,0.0
1761076800,3.184,3.188,3.032,3.042,0.0
1761091200,3.042,3.069,3.023,3.048,0.0
1761105600,3.048,3.069,3.002,3.044,0.0
1761120000,3.043,3.043,2.96,3.011,0.0
1761134400,3.011,3.053,2.988,3.009,0.0
1761148800,3.008,3.022,2.951,2.979,0.0
1761163200,2.979,2.987,2.857,2.973,0.0
1761177600,2.974,3.014,2.971,2.992,0.0
1761192000,2.992,3.04,2.982,3.025,0.0
1761206400,3.025,3.035,2.992,2.997,0.0
1761220800,2.996,3.041,2.97,3.026,0.0
1761235200,3.027,3.079,3.022,3.036,0.0
1761249600,3.037,3.04,2.987,3.036,0.0
1761264000,3.036,3.072,3.026,3.054,0.0
1761278400,3.054,3.128,3.045,3.111,0.0
1761292800,3.111,3.141,3.073,3.1,0.0
1761307200,3.099,3.161,3.054,3.062,0.0
1761321600,3.062,3.116,3.04,3.11,0.0
1761336000,3.11,3.159,3.108,3.145,0.0
1761350400,3.144,3.176,3.128,3.132,0.0
1761364800,3.131,3.148,3.103,3.114,0.0
1761379200,3.114,3.127,3.095,3.12,0.0
1761393600,3.12,3.135,3.083,3.106,0.0
1761408000,3.106,3.131,3.099,3.12,0.0
1761422400,3.121,3.143,3.114,3.117,0.0
1761436800,3.117,3.123,3.079,3.09,0.0
1761451200,3.091,3.134,3.088,3.133,0.0
1761465600,3.133,3.22,3.133,3.219,0.0
1761480000,3.219,3.272,3.207,3.271,0.0
1761494400,3.271,3.276,3.226,3.242,0.0
1761508800,3.242,3.316,3.222,3.291,0.0
1761523200,3.292,3.302,3.255,3.27,0.0
1761537600,3.27,3.301,3.234,3.25,0.0
1761552000,3.25,3.26,3.165,3.194,0.0
1761566400,3.194,3.2,3.14,3.19,0.0
1761580800,3.191,3.259,3.191,3.209,0.0
1761595200,3.21,3.21,3.145,3.17,0.0
1761609600,3.171,3.196,3.137,3.155,0.0
1761624000,3.154,3.232,3.145,3.187,0.0
1761638400,3.188,3.212,3.162,3.166,0.0
1761652800,3.165,3.229,3.134,3.184,0.0
1761667200,3.184,3.207,3.113,3.128,0.0
1761681600,3.127,3.129,3.021,3.073,0.0
1761696000,3.072,3.085,3.04,3.044,0.0
1761710400,3.045,3.078,3.041,3.075,0.0
1761724800,3.074,3.097,3.042,3.087,0.0
1761739200,3.087,3.104,3.04,3.058,0.0
1761753600,3.058,3.165,3.004,3.144,0.0
1761768000,3.145,3.18,3.047,3.061,0.0
1761782400,3.06,3.091,3.043,3.063,0.0
1761796800,3.062,3.062,2.948,3.039,0.0
1761811200,3.038,3.038,2.969,2.978,0.0
1761825600,2.979,2.985,2.85,2.857,0.0
1761840000,2.857,2.877,2.786,2.802,0.0
1761854400,2.801,2.892,2.795,2.891,0.0
1761868800,2.89,2.922,2.878,2.919,0.0
1761883200,2.92,2.943,2.898,2.907,0.0
1761897600,2.907,2.97,2.893,2.967,0.0
1761912000,2.967,2.974,2.897,2.954,0.0
1761926400,2.953,2.972,2.875,2.968,0.0
1761940800,2.968,2.972,2.921,2.938,0.0
1761955200,2.939,3.059,2.934,3.038,0.0
1761969600,3.038,3.13,3.02,3.127,0.0
1761984000,3.126,3.571,3.113,3.446,0.0
1761998400,3.446,3.699,3.359,3.456,0.0
1762012800,3.456,3.498,3.336,3.482,0.0
1762027200,3.482,3.507,3.384,3.438,0.0
1762041600,3.438,3.518,3.383,3.481,0.0
1762056000,3.479,3.666,3.452,3.496,0.0
1762070400,3.496,3.67,3.47,3.665,0.0
1762084800,3.665,4.126,3.654,3.981,0.0
1762099200,3.98,4.26,3.877,4.111,0.0
1762113600,4.111,4.325,3.995,4.275,0.0
1762128000,4.275,4.283,3.948,3.986,0.0
1762142400,3.986,4.011,3.723,3.78,0.0
1762156800,3.781,3.917,3.65,3.806,0.0
1762171200,3.805,4.044,3.615,3.672,0.0
1762185600,3.673,4.01,3.648,3.858,0.0
1762200000,3.858,3.996,3.681,3.93,0.0
1762214400,3.93,4.902,3.863,4.867,0.0
1762228800,4.867,5.25,4.736,4.911,0.0
1762243200,4.91,5.435,4.861,5.181,0.0
1762257600,5.182,5.77,4.922,5.458,0.0
1762272000,5.458,6.046,5.267,5.935,0.0
1762286400,5.935,6.437,5.008,5.196,0.0
1762300800,5.196,5.374,4.812,5.154,0.0
1762315200,5.154,5.185,4.817,5.014,0.0
1762329600,5.015,5.057,4.711,5.019,0.0
1762344000,5.019,5.24,4.893,5.216,0.0
1762358400,5.216,5.416,4.974,5.3,0.0
1762372800,5.299,6.214,5.102,5.953,0.0
1762387200,5.953,6.147,5.576,5.917,0.0
1762401600,5.917,6.245,5.682,6.195,0.0
1762416000,6.195,6.413,5.795,6.307,0.0
1762430400,6.307,7.112,6.196,6.63,0.0
1762444800,6.63,7.269,6.537,6.931,0.0
1762459200,6.931,7.02,6.508,6.707,0.0
1762473600,6.706,7.261,6.441,7.226,0.0
1762488000,7.225,8.891,7.078,8.564,0.0
1762502400,8.561,8.796,7.783,8.095,0.0
1762516800,8.097,8.136,7.333,7.437,0.0
1762531200,7.436,7.916,7.235,7.486,0.0
1762545600,7.485,8.398,7.429,8.198,0.0
1762560000,9.072,9.9,8.6365,8.71,49806.6
1762574400,8.71,9.8303,8.4667,9.2406,1018560.2
1762588800,9.2551,9.399,8.199,8.4514,426177.2
1762603200,8.4422,9.2646,8.2136,8.9229,823595.7
1762617600,8.9207,9.5699,8.6688,8.9461,745904.5
1762632000,8.9682,9.4071,8.861,8.9551,333938.2
1762646400,8.9523,9.3732,7.5455,7.6049,603287.9
1762660800,7.6124,8.1674,7.6124,7.941,305613.9
1762675200,7.9516,7.9791,6.833,7.0937,609467.8
1762689600,7.0912,7.6954,6.9858,7.5824,534550.2
1762704000,7.58,8.22,7.417,7.9333,423907.9
1762718400,7.9565,8.0818,7.4458,7.5514,599916.9
1762732800,7.5524,7.6,7.1203,7.2557,513123.2
1762747200,7.2512,7.2559,6.8954,7.1707,351621.3
1762761600,7.1707,7.2817,6.9264,7.0484,404404.9
1762776000,7.0489,7.2923,6.6055,6.66,1082505.3
1762790400,6.6644,6.9532,6.6277,6.906,852217.4
1762804800,6.9061,7.082,6.686,6.8197,500120.2
1762819200,6.8282,7.1905,6.5725,7.1576,415886.4
1762833600,7.1491,7.245,6.3216,6.3216,467851.8
1762848000,6.3254,6.3925,6.2146,6.3364,448695.1
1762862400,6.3387,6.7412,6.2837,6.6128,400721.9
1762876800,6.634,6.635,6.2055,6.2275,365841.9
1762891200,6.2462,6.2761,5.9419,5.9704,378047.9
1762905600,5.9721,6.2591,5.7719,6.0481,383283.5
1762920000,6.048,6.4979,5.9655,6.3391,243208.3
1762934400,6.3484,6.6624,6.2763,6.3448,287884.2
1762948800,6.3524,6.4502,5.9738,6.0031,354113.0
1762963200,5.9962,6.2505,5.837,6.1829,367208.4
1762977600,6.1551,6.5251,6.1444,6.394,513352.6
1762992000,6.3884,6.6453,6.1408,6.1914,288511.2
1763006400,6.1821,6.2371,6.0395,6.1065,119063.0
1763020800,6.1068,6.3737,5.9806,6.1331,176564.1
1763035200,6.1322,6.2597,5.9114,6.0397,277774.7
1763049600,6.0355,6.1185,5.7133,5.7792,448399.9
1763064000,5.7752,5.9428,5.6808,5.8547,345956.0
1763078400,5.86,6.0713,5.7832,5.9753,196099.5
1763092800,5.9711,6.1443,5.7737,5.9762,230236.0
1763107200,5.9818,5.9949,5.664,5.7965,250155.8
1763121600,5.7849,5.8096,5.5531,5.7353,386961.1
1763136000,5.728,5.728,5.3895,5.6597,399828.2
1763150400,5.6503,5.6503,5.3292,5.3931,308439.8
1763164800,5.3947,5.5245,5.3,5.4303,154884.0
1763179200,5.4354,5.5182,5.2528,5.3863,107790.4
1763193600,5.3884,5.3884,5.1764,5.2518,117169.6
1763208000,5.2491,5.3276,5.1299,5.1368,133424.9
1763222400,5.1382,5.302,5.126,5.2669,122711.0
1763236800,5.2668,5.2921,5.1372,5.2729,179723.0
1763251200,5.2695,5.47,5.1929,5.3504,197601.5
1763265600,5.3518,5.6154,5.2912,5.3322,164566.2
1763280000,5.3311,5.5209,5.2715,5.2898,159236.7
1763294400,5.2984,5.3576,5.0762,5.0893,188269.3
1763308800,5.0899,5.1478,4.8803,4.9279,303508.6
1763323200,4.9255,4.9958,4.7748,4.7884,259722.0
1763337600,4.7884,5.0646,4.6737,4.9656,285361.9
1763352000,4.9704,5.0724,4.9213,5.0035,83898.9
1763366400,4.9836,5.016,4.8556,4.8883,75064.5
1763380800,4.8863,4.9324,4.6867,4.7983,162243.3
1763395200,4.7919,5.5991,4.7534,5.4526,850726.7
1763409600,5.4513,5.6092,5.272,5.5211,357331.2
1763424000,5.5038,6.0134,5.3984,5.6662,806235.2
1763438400,5.6639,5.8514,5.51,5.7024,361931.3
1763452800,5.7065,5.885,5.3096,5.3329,382962.1
1763467200,5.348,5.3572,5.17,5.1965,322875.6
1763481600,5.2011,5.2914,5.0474,5.074,282851.4
1763496000,5.0689,5.1692,5.0417,5.097,213236.9
1763510400,5.1015,5.2426,5.0588,5.0875,167795.8
1763524800,5.0894,5.0946,4.9184,5.0818,207836.6
1763539200,5.0832,5.1729,5.0133,5.0489,80379.0
1763553600,5.0461,5.1316,4.8851,4.9595,186345.2
1763568000,4.9613,4.9837,4.6258,4.9096,365919.9
1763582400,4.9122,5.0112,4.7803,4.9754,238727.4
1763596800,4.9672,5.0067,4.9333,4.9523,68159.9
1763611200,4.9516,5.0577,4.9111,5.0217,44646.3
1763625600,5.0244,5.1445,4.97,5.0445,57162.9
1763640000,5.0442,5.0709,4.8336,4.8336,174909.4
1763654400,4.841,4.8449,4.6363,4.6798,308204.5
1763668800,4.682,4.7606,4.5742,4.6163,159450.4
1763683200,4.6369,4.7449,4.6144,4.6285,72132.1
1763697600,4.6188,4.6946,4.1489,4.4153,627252.5
1763712000,4.4128,4.4413,4.2021,4.2059,182625.0
1763726400,4.2153,4.347,4.1073,4.2285,189114.5
1763740800,4.2314,4.4693,4.1733,4.3173,179108.2
1763755200,4.3145,4.3723,4.2259,4.2957,67880.6
1763769600,4.3091,4.3772,4.2662,4.2783,45487.9
1763784000,4.2757,4.2842,4.1011,4.1793,39877.5
1763798400,4.1827,4.1827,4.0706,4.1374,51086.3
1763812800,4.1356,4.1639,4.051,4.0801,32640.6
1763827200,4.0799,4.1189,4.0523,4.0614,20919.5
1763841600,4.0581,4.0867,3.9769,4.0341,30644.9
1763856000,4.0362,4.1595,3.98,4.1177,58214.6
1763870400,4.1173,4.1302,4.0224,4.0628,23387.2
1763884800,4.0633,4.1628,4.0426,4.0909,23378.0
1763899200,4.0915,4.1403,4.0365,4.0879,29971.4
1763913600,4.0901,4.1275,4.0505,4.1028,26094.6
1763928000,4.101,4.1692,4.0413,4.0484,21094.3
1763942400,4.0465,4.2448,4.0074,4.1622,47720.2
1763956800,4.1691,4.1932,4.0667,4.0998,54147.4
1763971200,4.1009,4.1218,3.9839,3.9993,57805.2
1763985600,4.0,4.1403,3.8576,4.1391,143559.6
1764000000,4.1191,4.2957,4.0305,4.2488,195756.1
1764014400,4.2572,4.3056,4.18,4.1947,121651.5
1764028800,4.1934,4.2106,4.0904,4.105,67601.1
1764043200,4.1108,4.1234,4.0259,4.0307,24121.6
1764057600,4.0416,4.0749,3.9868,4.0285,31916.5
1764072000,4.0317,4.2227,4.0073,4.1542,215331.9
1764086400,4.1615,4.4616,4.1233,4.2653,246777.1
1764100800,4.2588,4.3853,4.2516,4.345,61595.1
1764115200,4.3471,4.3752,4.2719,4.2813,51318.5
1764129600,4.2866,4.2866,4.2101,4.2435,41687.4
1764144000,4.244,4.2755,4.1114,4.1339,310326.0
1764158400,4.1354,4.2342,4.0871,4.117,63994.7
1764172800,4.117,4.306,4.117,4.2652,115400.9
1764187200,4.2684,4.2684,4.2013,4.2421,115924.4
1764201600,4.2381,4.2885,4.1439,4.1439,99191.4
1764216000,4.1446,4.1747,4.091,4.1503,31921.3
1764230400,4.1457,4.1586,4.0199,4.0637,27824.5
1764244800,4.0641,4.1425,4.0437,4.1302,23057.6
1764259200,4.1314,4.1855,4.1226,4.1371,24091.1
1764273600,4.1375,4.1464,3.9968,4.0267,44596.4
1764288000,4.0304,4.0592,3.9751,4.0399,23624.4
1764302400,4.0391,4.0391,3.9929,4.0325,10674.5
1764316800,4.035,4.1361,4.035,4.0533,23953.3
1764331200,4.0547,4.1354,4.0547,4.1096,32954.0
1764345600,4.116,4.126,3.9994,4.0378,24316.4
1764360000,4.0379,4.0586,3.9959,4.0287,13748.8
1764374400,4.0285,4.1188,4.0238,4.0975,17653.4
1764388800,4.1021,4.1654,4.0934,4.1254,26428.1
1764403200,4.127,4.1359,4.0482,4.0742,28787.9
1764417600,4.0681,4.0822,3.9252,3.9873,41574.2
1764432000,3.9816,4.0065,3.9182,3.9463,40263.4
1764446400,3.9468,4.0264,3.9287,3.9954,16081.2
1764460800,3.9966,4.021,3.9644,4.0093,9674.2
1764475200,4.012,4.07,3.962,4.0115,12691.4
1764489600,4.0086,4.0228,3.965,3.9714,27343.0
1764504000,3.9649,4.015,3.9188,3.9445,23335.9
1764518400,3.9449,3.991,3.9331,3.9558,37256.5
1764532800,3.9552,4.0131,3.8042,3.8231,93133.4
1764547200,3.8281,3.8489,3.5606,3.5796,193760.9
1764561600,3.5767,3.649,3.5417,3.5703,51782.4
1764576000,3.5698,3.6179,3.569,3.5929,31475.9
1764590400,3.5969,3.7492,3.563,3.7297,97018.6
1764604800,3.7314,3.7314,3.5869,3.6222,37402.2
1764619200,3.6222,3.714,3.6222,3.7088,33051.4
1764633600,3.7099,3.7345,3.678,3.7257,23530.1
1764648000,3.7294,3.7294,3.6731,3.6898,12099.6
1764662400,3.6899,3.6899,3.6298,3.6362,15172.9
1764676800,3.6405,3.9483,3.6239,3.9452,82901.8
1764691200,3.9441,3.945,3.8053,3.8068,54233.0
1764705600,3.8079,3.8343,3.7425,3.7604,36953.6
1764720000,3.7612,3.7887,3.7274,3.7364,33001.2
1764734400,3.7357,3.8239,3.7122,3.7576,19465.1
1764748800,3.7525,3.7721,3.6565,3.6909,45819.6
1764763200,3.6882,3.719,3.5875,3.6741,89387.6
1764777600,3.6741,3.7754,3.643,3.7694,36994.6
1764792000,3.7684,3.803,3.7335,3.7366,30900.9
1764806400,3.7368,3.8046,3.7256,3.7695,33178.3
1764820800,3.7685,3.8008,3.7457,3.7851,15959.0
1764835200,3.7842,3.8689,3.7684,3.7931,21996.3
1764849600,3.7945,3.8345,3.6336,3.7201,39607.8
1764864000,3.732,3.7794,3.594,3.6893,51771.8
1764878400,3.6854,3.6994,3.6237,3.6378,19807.3
1764892800,3.6372,3.6758,3.6254,3.6301,33113.1
1764907200,3.6316,3.6515,3.5837,3.6336,17395.1
1764921600,3.6318,3.638,3.5166,3.5251,51700.3
1764936000,3.5251,3.5602,3.4691,3.4802,142946.7
1764950400,3.48,3.4826,3.3808,3.4368,106974.9
1764964800,3.4398,3.516,3.4095,3.4787,22959.3
1764979200,3.4791,3.6448,3.4769,3.5599,60951.1
1764993600,3.5629,3.5629,3.4852,3.497,11760.4
1765008000,3.4949,3.5118,3.4714,3.5055,16467.4
1765022400,3.5072,3.53,3.4765,3.5033,11596.8
1765036800,3.4996,3.545,3.4913,3.4914,23192.1
1765051200,3.4992,3.5119,3.4623,3.4945,16912.4
1765065600,3.4945,3.5098,3.4603,3.4843,50134.8
1765080000,3.4822,3.5104,3.4672,3.4826,10973.4
1765094400,3.4826,3.4848,3.422,3.4362,9350.8
1765108800,3.4364,3.4632,3.3069,3.418,58953.0
1765123200,3.4193,3.5072,3.3847,3.4913,33117.9
1765137600,3.4958,3.5161,3.3415,3.4227,52257.2
1765152000,3.4236,3.5109,3.407,3.4854,48095.5
1765166400,3.4875,3.5583,3.4734,3.5241,45353.2
1765180800,3.5237,3.563,3.4957,3.496,15445.1
1765195200,3.4962,3.5049,3.4175,3.4335,48427.9
1765209600,3.43,3.4803,3.4136,3.4374,16398.8
1765224000,3.439,3.4612,3.39,3.3921,18149.4
1765238400,3.3944,3.4038,3.3469,3.3931,29335.1
1765252800,3.3951,3.3979,3.3155,3.3563,27664.3
1765267200,3.3573,3.3864,3.318,3.3838,14491.8
1765281600,3.3787,3.5396,3.377,3.5369,25576.1
1765296000,3.5397,3.702,3.5397,3.6439,69510.7
1765310400,3.6497,3.7693,3.5685,3.7417,45077.5
1765324800,3.7401,3.747,3.5683,3.5756,27286.9
1765339200,3.5745,3.5839,3.522,3.5311,9114.5
1765353600,3.5293,3.5461,3.4701,3.4914,20562.5
1765368000,3.4901,3.5319,3.4798,3.4931,12666.9
1765382400,3.4905,3.5911,3.484,3.5554,47941.9
1765396800,3.5591,3.6353,3.4273,3.4432,54094.6
1765411200,3.4454,3.446,3.3112,3.3141,30186.4
1765425600,3.307,3.3481,3.2771,3.3051,60504.6
1765440000,3.304,3.366,3.2858,3.3473,26428.5
1765454400,3.3473,3.4189,3.3268,3.3804,30099.4
1765468800,3.3843,3.4086,3.349,3.3594,75513.9
1765483200,3.3595,3.4679,3.3595,3.4106,21098.7
1765497600,3.4101,3.4363,3.3808,3.4064,21139.0
1765512000,3.4054,3.4403,3.3848,3.3972,41250.9
1765526400,3.3965,3.4318,3.3724,3.403,34726.7
1765540800,3.4006,3.4178,3.258,3.2677,34745.5
1765555200,3.2788,3.324,3.24,3.2825,58909.6
1765569600,3.2825,3.302,3.2079,3.2163,63491.3
1765584000,3.2315,3.2644,3.207,3.2626,11677.2
1765598400,3.2654,3.2769,3.2413,3.2443,6676.9
1765612800,3.2432,3.2817,3.2392,3.2636,7913.3
1765627200,3.2627,3.2772,3.2341,3.2624,8599.1
1765641600,3.2589,3.3085,3.2589,3.2836,28906.8
1765656000,3.2836,3.3068,3.2415,3.2984,41670.0
1765670400,3.2984,3.2984,3.2485,3.2514,33418.8
1765684800,3.2548,3.2548,3.2099,3.2252,29037.6
1765699200,3.2264,3.236,3.1642,3.2104,17781.5
1765713600,3.2095,3.2192,3.1605,3.1738,27163.2
1765728000,3.174,3.1844,3.1285,3.1352,25412.8
1765742400,3.1367,3.1476,3.035,3.0634,25679.8
1765756800,3.0647,3.1874,3.0331,3.1592,32254.9
1765771200,3.1604,3.2839,3.1567,3.213,29212.6
1765785600,3.2156,3.2161,3.1694,3.1694,59303.3
1765800000,3.1685,3.206,3.0794,3.0838,86105.1
1765814400,3.0793,3.0878,2.95,3.0216,76043.8
1765828800,3.0219,3.037,2.9837,3.0325,56718.7
1765843200,3.0317,3.0324,2.9775,2.9967,46347.1
1765857600,2.9962,3.0059,2.9553,2.9643,33921.4
1765872000,2.965,3.0857,2.965,3.0785,12514.5
1765886400,3.0791,3.1025,3.0089,3.0955,48702.8
1765900800,3.1016,3.1228,3.047,3.0893,126015.9
1765915200,3.0901,3.1029,3.0542,3.061,12616.1
1765929600,3.0625,3.0762,3.0366,3.0478,12900.8
1765944000,3.0496,3.0641,3.0239,3.0489,11634.9
1765958400,3.0478,3.0483,2.9948,3.0203,10660.8
1765972800,3.0245,3.1178,2.9703,2.9896,102040.7
1765987200,2.9889,3.0115,2.8691,2.9181,78093.3
1766001600,2.9197,2.9425,2.8765,2.8798,16527.9
1766016000,2.8813,2.912,2.8538,2.8833,14530.9
1766030400,2.8852,2.9007,2.8515,2.8779,12947.0
1766044800,2.8783,2.9206,2.8731,2.9142,25296.6
1766059200,2.9157,3.0518,2.9157,3.0191,70312.5
1766073600,3.0245,3.0311,2.7655,2.7699,83988.1
1766088000,2.7746,2.8403,2.7746,2.7996,32586.4
1766102400,2.8004,2.8702,2.7477,2.8468,23191.0
1766116800,2.8496,2.9118,2.8432,2.8748,11297.2
1766131200,2.8748,2.8963,2.858,2.8877,7527.0
1766145600,2.8909,2.9692,2.8764,2.9219,92904.7
1766160000,2.9196,2.9773,2.8803,2.9634,70074.3
1766174400,2.9649,2.997,2.9146,2.9454,40429.2
1766188800,2.9461,2.947,2.9036,2.9087,9895.6
1766203200,2.9096,2.9265,2.8825,2.9263,14496.8
1766217600,2.9285,2.9652,2.9206,2.9588,35406.3
1766232000,2.9603,3.0276,2.9379,3.0101,13875.9
1766246400,3.0179,3.0626,2.9849,3.0611,25587.0
1766260800,3.0645,3.488,3.0463,3.4359,290860.4
1766275200,3.4348,3.4348,3.2163,3.2974,87495.3
1766289600,3.3018,3.3228,3.17,3.1891,40242.4
1766304000,3.1859,3.19,3.1079,3.1101,28854.5
1766318400,3.1121,3.1351,3.0472,3.0714,284991.7
1766332800,3.0716,3.097,3.0234,3.0774,60635.6
1766347200,3.0783,3.0783,3.0126,3.0547,38552.4
1766361600,3.0556,3.1137,3.0007,3.0545,112585.3
1766376000,3.0561,3.0762,3.0092,3.0735,25666.0
1766390400,3.0725,3.1078,3.0428,3.0453,26093.9
1766404800,3.0465,3.0932,3.0111,3.0621,201745.5
1766419200,3.0605,3.2018,3.0558,3.0747,47934.3
1766433600,3.0724,3.1017,3.0089,3.042,12629.1
1766448000,3.0431,3.0783,2.9971,3.0308,67643.6
1766462400,3.0296,3.0356,2.9761,2.9772,54814.2
1766476800,2.9777,3.0085,2.976,2.9849,8375.0
1766491200,2.9851,3.002,2.9328,2.9518,37800.5
1766505600,2.9517,3.0324,2.9452,3.009,59979.7
1766520000,3.0099,3.0386,2.9849,3.0335,12676.3
1766534400,3.0338,3.0476,2.9652,2.992,23168.6
1766548800,2.9941,3.0143,2.9596,2.9632,8212.5
1766563200,2.9622,2.9992,2.9432,2.9632,21232.1
1766577600,2.9638,3.0058,2.9484,2.9916,17250.1
1766592000,2.988,3.0143,2.9544,2.9721,17368.3
1766606400,2.9734,3.0244,2.9707,3.0097,6651.7
1766620800,3.011,3.063,2.9993,3.0627,8940.5
1766635200,3.0626,3.1022,3.0561,3.0932,13937.9
1766649600,3.0883,3.1048,3.0247,3.0412,15145.6
1766664000,3.0434,3.0825,3.0384,3.0727,7987.1
1766678400,3.0787,3.0824,3.0343,3.0799,9154.2
1766692800,3.0809,3.1297,2.9715,2.9795,49908.4
1766707200,2.9795,3.1017,2.9705,3.0381,30289.0
1766721600,3.0343,3.05,3.01,3.0124,7326.4
1766736000,3.0182,3.0351,3.0084,3.0311,5371.4
1766750400,3.0352,3.0453,2.9902,3.0053,27004.7
1766764800,3.0052,3.0147,2.9371,3.0031,37842.5
1766779200,3.0028,3.0159,2.97,2.9855,19931.3
1766793600,2.9854,3.0568,2.984,3.0511,27382.6
1766808000,3.0534,3.0544,3.0131,3.0297,12127.9
1766822400,3.0346,3.0634,3.0036,3.0582,14009.0
1766836800,3.06,3.072,3.0439,3.0636,36312.3
1766851200,3.0665,3.0683,3.0432,3.0454,3319.5
1766865600,3.0459,3.0831,3.0282,3.0783,22902.7
1766880000,3.0751,3.0886,3.0536,3.0719,9947.9
1766894400,3.067,3.1116,3.0609,3.1017,8367.2
1766908800,3.1032,3.1319,3.0819,3.0968,71043.1
1766923200,3.0996,3.1116,3.0618,3.0848,18602.3
1766937600,3.0857,3.0934,3.0289,3.0293,28169.4
1766952000,3.0275,3.0446,3.0161,3.0388,42767.5
1766966400,3.0401,3.1118,3.0252,3.1034,19382.9
1766980800,3.1045,3.1269,3.0703,3.1052,17535.1
1766995200,3.1045,3.1096,3.0239,3.0429,18463.8
1767009600,3.0415,3.0438,2.9533,2.9585,52446.4
1767024000,2.9557,2.9921,2.9493,2.9578,28730.6
1767038400,2.9562,2.9681,2.8718,2.8881,74186.7
1767052800,2.8879,2.9037,2.8566,2.8889,14592.3
1767067200,2.8858,2.9313,2.8773,2.903,20078.4
1767081600,2.9049,2.9442,2.9029,2.9409,8215.1
1767096000,2.94,2.9438,2.8899,2.9206,58157.1
1767110400,2.9231,2.9298,2.843,2.8499,20396.9
1767124800,2.8497,2.8555,2.8257,2.8386,18915.4
1767139200,2.8352,2.8604,2.82,2.8358,20629.8
1767153600,2.8372,2.851,2.8274,2.8391,9272.6
1767168000,2.8369,2.847,2.8102,2.824,9323.9
1767182400,2.8233,2.8275,2.7801,2.7864,14404.9
1767196800,2.7847,2.7865,2.6639,2.6957,144691.5
1767211200,2.6932,2.8429,2.6797,2.8406,33743.1
1767225600,2.8366,2.9751,2.8273,2.8505,50394.7
1767240000,2.854,2.8995,2.82,2.8541,36617.8
1767254400,2.8555,2.9348,2.8523,2.9283,14379.2
1767268800,2.9203,3.0114,2.909,2.9811,73910.5
1767283200,2.9852,3.0913,2.963,3.018,158793.6
1767297600,3.0161,3.0294,2.9741,3.0007,32716.9
1767312000,3.0057,3.0346,2.9693,3.0244,19937.0
1767326400,3.0329,3.034,2.9915,3.0078,9057.5
1767340800,3.0057,3.0346,2.9714,3.0113,14793.7
1767355200,3.0114,3.0623,2.9848,3.0073,44613.5
1767369600,3.0107,3.1037,3.0091,3.0848,88769.4
1767384000,3.0874,3.1921,3.0667,3.1555,602935.2
1767398400,3.154,3.1981,3.146,3.1947,43733.7
1767412800,3.192,3.2128,3.066,3.066,25317.3
1767427200,3.0667,3.1003,3.0575,3.0856,16970.9
1767441600,3.0845,3.1518,3.0843,3.0971,19785.4
1767456000,3.0963,3.1265,3.0877,3.1089,22856.3
1767470400,3.1072,3.1322,3.0859,3.1226,30487.5
1767484800,3.1239,3.1781,3.1191,3.1728,34363.8
1767499200,3.1746,3.1928,3.1288,3.1537,78650.7
1767513600,3.1512,3.243,3.1292,3.243,27388.3
1767528000,3.2336,3.2495,3.1749,3.242,17532.2
1767542400,3.2411,3.2882,3.2056,3.2309,61001.5
1767556800,3.2247,3.2903,3.2236,3.2723,19355.1
1767571200,3.2672,3.3286,3.2574,3.2817,33182.2
1767585600,3.2855,3.3056,3.2043,3.244,19354.6
1767600000,3.2462,3.2588,3.1874,3.2076,14355.1
1767614400,3.2085,3.3222,3.1892,3.3184,53521.5
1767628800,3.3169,3.4835,3.3086,3.4202,519145.8
1767643200,3.419,3.4524,3.3846,3.4077,41063.9
1767657600,3.4074,3.4637,3.3714,3.432,57813.0
1767672000,3.4276,3.47,3.3754,3.3934,462689.6
1767686400,3.3933,3.4207,3.3723,3.4074,76677.3
1767700800,3.4065,3.5578,3.3518,3.3838,163631.3
1767715200,3.3824,3.3883,3.2221,3.2859,74973.3
1767729600,3.2834,3.4105,3.2834,3.3846,27147.9
1767744000,3.3847,3.3858,3.2704,3.2814,26889.7
1767758400,3.28,3.3503,3.2575,3.3447,17304.7
1767772800,3.3465,3.3649,3.2827,3.3253,29700.9
1767787200,3.328,3.3311,3.1985,3.2187,31620.7
1767801600,3.2138,3.2973,3.1878,3.273,24979.7
1767816000,3.2727,3.2785,3.1996,3.2289,7691.4
1767830400,3.2267,3.2521,3.1786,3.1861,26157.4
1767844800,3.1832,3.24,3.1263,3.1927,32707.3
1767859200,3.1967,3.2062,3.1145,3.141,29476.6
1767873600,3.1415,3.1821,3.0781,3.1821,31874.5
1767888000,3.1851,3.2173,3.1545,3.1649,19522.2
1767902400,3.1592,3.2068,3.1315,3.1739,5306.0
1767916800,3.1725,3.2286,3.1708,3.2169,10580.9
1767931200,3.2152,3.2225,3.1906,3.1907,8951.9
1767945600,3.1934,3.205,3.1255,3.1852,15222.1
1767960000,3.1798,3.3046,3.168,3.2775,49337.5
1767974400,3.2865,3.3847,3.1575,3.1733,42773.8
1767988800,3.1672,3.2254,3.1668,3.1979,10851.8
1768003200,3.2,3.2014,3.1288,3.1569,10378.1
1768017600,3.1579,3.1721,3.1272,3.1656,5456.0
1768032000,3.1685,3.2078,3.1547,3.204,6422.6
1768046400,3.2086,3.2158,3.1718,3.1779,5725.7
1768060800,3.1799,3.2438,3.1695,3.2438,10368.8
1768075200,3.2457,3.2512,3.1586,3.1851,5366.4
1768089600,3.1848,3.2033,3.1654,3.1912,12419.9
1768104000,3.189,3.1969,3.156,3.1865,4688.2
1768118400,3.1854,3.2228,3.1772,3.2108,6102.2
1768132800,3.2114,3.2559,3.1592,3.1722,8311.3
1768147200,3.1721,3.223,3.171,3.1799,9226.3
1768161600,3.1739,3.1739,3.0972,3.1445,21941.4
1768176000,3.141,3.2365,3.122,3.1916,22710.4
1768190400,3.1905,3.2497,3.1459,3.1467,13293.7
1768204800,3.1484,3.1675,3.1083,3.1378,17493.3
1768219200,3.1388,3.1655,3.0632,3.1583,14156.2
1768233600,3.1609,3.194,3.1236,3.1535,22215.3
1768248000,3.1539,3.1704,3.092,3.1112,7225.8
1768262400,3.1107,3.1535,3.1067,3.1456,9466.2
1768276800,3.1445,3.2165,3.1445,3.2097,11275.8
1768291200,3.2097,3.3484,3.1932,3.3319,41530.2
1768305600,3.333,3.7421,3.3177,3.6781,317976.9
1768320000,3.676,3.7389,3.4645,3.5608,247562.8
1768334400,3.5644,3.6494,3.4766,3.6246,160510.5
1768348800,3.624,3.6415,3.5296,3.5447,81389.7
1768363200,3.5459,3.6807,3.521,3.6336,113651.0
1768377600,3.6553,3.9416,3.6553,3.8554,214946.9
1768392000,3.8726,4.2218,3.8357,4.1485,488363.4
1768406400,4.1444,4.4362,4.0611,4.4149,555130.8
1768420800,4.4149,4.7144,4.31,4.5343,691468.1
1768435200,4.5385,4.8061,4.36,4.3918,818585.3
1768449600,4.3956,4.7302,4.386,4.4117,400631.3
1768464000,4.415,4.431,4.17,4.2952,329763.9
1768478400,4.2969,4.4318,4.1552,4.296,285181.1
1768492800,4.2836,4.3355,4.0834,4.2136,183566.6
1768507200,4.2071,4.2868,4.1712,4.2591,197791.5
1768521600,4.2576,4.6862,4.257,4.4407,716649.3
1768536000,4.4331,4.4884,4.2383,4.2666,574486.1
1768550400,4.2729,4.4325,4.2189,4.2643,242942.5
1768564800,4.2676,4.2904,4.1177,4.1438,204776.3
1768579200,4.1469,4.269,4.1045,4.1387,131979.4
1768593600,4.1373,4.2427,4.0666,4.17,86852.2
1768608000,4.1785,4.1785,4.0692,4.1303,51357.7
1768622400,4.1224,4.1436,3.9756,4.0066,56597.1
1768636800,4.009,4.0256,3.9419,3.9805,33035.5
1768651200,3.9807,4.0655,3.9385,4.0482,42980.6
1768665600,4.045,4.053,3.9504,4.0299,43873.8
1768680000,4.0302,4.0413,3.9703,3.9855,35513.8
1768694400,3.9852,4.037,3.9397,4.037,39886.0
1768708800,4.034,4.132,3.9601,3.9712,73822.3
1768723200,3.9755,4.0701,3.9577,4.0135,44793.5
1768737600,4.0142,4.0649,3.98,4.0508,42566.2
1768752000,4.0467,4.3051,4.0265,4.0605,254533.1
1768766400,4.0648,4.2563,3.8795,3.9,528925.3
1768780800,3.8947,3.8947,3.4805,3.8705,346584.5
1768795200,3.8686,4.1722,3.8362,4.1395,223760.4
1768809600,4.1334,4.4348,4.0472,4.0718,568004.7
1768824000,4.0729,4.0757,3.9384,3.9407,135301.8
1768838400,3.9383,4.0318,3.9039,3.9798,134914.9
1768852800,3.9816,3.9938,3.8352,3.8739,102672.6
1768867200,3.8729,3.8986,3.7763,3.8002,82995.3
1768881600,3.8014,3.855,3.69,3.7134,188462.7
1768896000,3.7061,3.7423,3.6404,3.6755,234702.0
1768910400,3.6772,3.7628,3.616,3.755,254277.0
1768924800,3.7504,3.8446,3.6503,3.6658,150731.4
1768939200,3.6618,3.7098,3.6047,3.6889,66349.0
1768953600,3.6856,3.824,3.6725,3.6819,41680.6
1768968000,3.6937,3.7795,3.6666,3.6914,24481.5
1768982400,3.6958,3.7294,3.6241,3.6312,23149.9
1768996800,3.6285,3.7796,3.588,3.7019,89585.6
1769011200,3.7037,3.7357,3.5272,3.7284,145661.7
1769025600,3.721,3.7841,3.6228,3.625,38074.3
1769040000,3.6287,3.6884,3.6013,3.6468,46148.0
1769054400,3.6477,3.6841,3.6098,3.6607,16091.2
1769068800,3.6696,3.7333,3.6593,3.6843,44169.7
1769083200,3.685,3.7061,3.5946,3.6061,269445.1
1769097600,3.6097,3.6528,3.6,3.6099,42864.3
1769112000,3.6107,3.6374,3.5631,3.5879,24323.5
1769126400,3.5906,3.6535,3.5749,3.6471,27123.9
1769140800,3.6492,3.7003,3.6205,3.6302,17561.2
1769155200,3.6345,3.6388,3.58,3.5811,19817.3
1769169600,3.5827,3.5827,3.422,3.4982,91520.1
1769184000,3.4983,3.5929,3.4384,3.4498,201689.8
1769198400,3.4546,3.483,3.4107,3.4737,97095.5
1769212800,3.4739,3.4897,3.4383,3.4793,16122.9
1769227200,3.4796,3.4853,3.4491,3.4654,10346.2
1769241600,3.4665,3.5298,3.4521,3.4773,16970.3
1769256000,3.4765,3.541,3.4738,3.4843,13157.5
1769270400,3.4875,3.5321,3.4763,3.4897,14976.0
1769284800,3.4906,3.513,3.4626,3.4644,11314.3
1769299200,3.4653,3.487,3.4465,3.4532,26023.5
1769313600,3.4407,3.4642,3.3936,3.4142,38532.0
1769328000,3.4162,3.4404,3.3828,3.3964,11479.4
1769342400,3.3934,3.3976,3.3414,3.3686,31215.0
1769356800,3.3649,3.3681,3.1649,3.1887,104704.6
1769371200,3.192,3.2459,3.192,3.2296,38012.7
1769385600,3.2298,3.3178,3.2266,3.2801,34320.1
1769400000,3.2838,3.3262,3.2826,3.3203,19222.3
1769414400,3.3191,3.3288,3.269,3.3001,18326.5
1769428800,3.3008,3.3662,3.285,3.3453,21274.6
1769443200,3.3491,3.3945,3.3303,3.3542,33984.0
1769457600,3.3535,3.3711,3.3174,3.3366,25538.5
1769472000,3.3388,3.3693,3.328,3.3439,12753.2
1769486400,3.3446,3.3624,3.2725,3.3001,17115.5
1769500800,3.303,3.3133,3.2532,3.2561,13755.8
1769515200,3.2525,3.272,3.2173,3.2574,8911.2
1769529600,3.2583,3.3881,3.2515,3.3162,62096.5
1769544000,3.3211,3.3712,3.2985,3.3016,90338.8
1769558400,3.302,3.313,3.2533,3.2586,38180.6
1769572800,3.2573,3.2841,3.2375,3.2592,39516.0
1769587200,3.2586,3.3033,3.2436,3.2944,31988.7
1769601600,3.2935,3.2993,3.2,3.2023,22279.7
1769616000,3.2041,3.2471,3.1838,3.2331,43066.0
1769630400,3.233,3.2571,3.1929,3.2058,19484.6
1769644800,3.2074,3.2094,3.1191,3.1486,44608.9
1769659200,3.1465,3.1514,3.111,3.1173,11570.3
1769673600,3.118,3.1347,3.0854,3.0873,21721.7
1769688000,3.0891,3.1452,3.0075,3.0322,66470.6
1769702400,3.0281,3.1373,3.0087,3.0444,77951.8
1769716800,3.0415,3.1013,3.0342,3.1013,32159.9
1769731200,3.0988,3.1185,2.9822,2.9985,126463.6
1769745600,3.0004,3.0472,2.9444,3.0183,121707.2
1769760000,3.0131,3.0725,2.9935,3.0602,47081.8
1769774400,3.0627,3.0673,2.965,2.968,47218.3
1769788800,2.9718,3.0678,2.9308,3.0441,43796.8
1769803200,3.0398,3.0405,2.9874,3.0053,27833.3
1769817600,3.0064,3.0138,2.9796,3.0028,32721.7
1769832000,3.0037,3.0166,2.9284,2.9456,10697.7
1769846400,2.9497,2.9548,2.8662,2.8662,46811.0
1769860800,2.865,2.865,2.7304,2.7901,118222.8
1769875200,2.7877,2.8248,2.4783,2.6128,345114.6
1769889600,2.6082,2.7434,2.5844,2.7319,59677.8
1769904000,2.728,2.767,2.705,2.7394,60598.6
1769918400,2.7407,2.7674,2.711,2.7433,74499.6
1769932800,2.7454,2.7724,2.7076,2.7184,25854.0
1769947200,2.7211,2.7234,2.613,2.6473,28536.3
1769961600,2.6441,2.6765,2.6075,2.6229,102059.8
1769976000,2.6198,2.6549,2.5584,2.6162,128297.3
1769990400,2.6197,2.6908,2.4632,2.6515,337861.0
1770004800,2.6532,2.6809,2.5498,2.6533,152823.4
1770019200,2.6541,2.7001,2.6539,2.6702,86601.5
1770033600,2.6729,2.8406,2.6712,2.7864,108215.3
1770048000,2.7886,2.7936,2.6896,2.692,92615.6
1770062400,2.6914,2.7057,2.6704,2.6973,20899.0
1770076800,2.6963,2.697,2.6144,2.6674,38089.0
1770091200,2.6666,2.7035,2.6565,2.6857,54613.2
1770105600,2.6871,2.7023,2.6459,2.677,67535.3
1770120000,2.6787,2.715,2.6421,2.7126,50504.0
1770134400,2.7122,2.7122,2.5427,2.6652,166546.1
1770148800,2.6664,2.7635,2.621,2.6375,85383.6
1770163200,2.639,2.7038,2.6331,2.6937,144722.9
1770177600,2.6945,2.7481,2.6721,2.7366,122254.8
1770192000,2.7367,2.7752,2.6939,2.7126,167734.9
1770206400,2.7135,2.7298,2.5974,2.6185,341094.3
1770220800,2.6189,2.6896,2.5752,2.6812,247501.1
1770235200,2.6855,2.6871,2.5872,2.6204,176428.9
1770249600,2.6231,2.6428,2.5726,2.5765,154871.4
1770264000,2.5778,2.6005,2.5447,2.5511,75839.8
1770278400,2.5573,2.6004,2.4564,2.4936,162247.4
1770292800,2.4944,2.5433,2.3564,2.4173,544264.2
1770307200,2.4176,2.4591,2.309,2.3155,360590.4
1770321600,2.3159,2.3305,2.2052,2.2391,409611.6
1770336000,2.2412,2.2899,1.9987,2.2315,521037.4
1770350400,2.2307,2.3499,2.2186,2.289,150656.5
1770364800,2.2899,2.3893,2.2694,2.3741,87242.3
1770379200,2.3747,2.4889,2.3628,2.4623,103241.0
1770393600,2.4631,2.5723,2.4518,2.5152,157776.7
1770408000,2.5117,2.5385,2.4833,2.5031,29694.1
1770422400,2.5057,2.5269,2.4782,2.5208,59832.6
1770436800,2.5177,2.5605,2.414,2.4242,120125.9
1770451200,2.421,2.4402,2.3939,2.4114,45974.0
1770465600,2.4094,2.5109,2.4088,2.4414,37676.0
1770480000,2.442,2.535,2.4417,2.4968,251759.4
1770494400,2.4999,2.5196,2.4814,2.493,50889.7
1770508800,2.4937,2.4937,2.4145,2.4145,41790.3
1770523200,2.4145,2.4358,2.4111,2.4265,16376.7
1770537600,2.4276,2.4803,2.4181,2.47,92639.1
1770552000,2.4737,2.5014,2.4402,2.4495,177859.1
1770566400,2.4516,2.4686,2.3967,2.463,56182.5
1770580800,2.4598,2.4886,2.4076,2.4285,29326.8
1770595200,2.4287,2.4682,2.4112,2.4434,58011.7
1770609600,2.4472,2.4656,2.4283,2.4413,33578.1
1770624000,2.4395,2.4466,2.3358,2.3622,82319.6
1770638400,2.3603,2.4165,2.3496,2.4121,74083.8
1770652800,2.4127,2.4602,2.3933,2.4489,51218.8
1770667200,2.4449,2.4528,2.4117,2.4236,78783.1
1770681600,2.4229,2.4382,2.374,2.3855,82399.4
1770696000,2.3826,2.4038,2.3376,2.3585,49487.8
1770710400,2.3591,2.3779,2.3504,2.3504,98900.1
1770724800,2.3534,2.3784,2.3307,2.3685,47914.3
1770739200,2.3703,2.3915,2.3432,2.3622,21885.9
1770753600,2.3602,2.3986,2.3537,2.3977,19859.8
1770768000,2.3971,2.4059,2.3652,2.3881,83734.3
1770782400,2.3859,2.392,2.2968,2.3004,43161.1
1770796800,2.301,2.3196,2.2811,2.3172,91532.9
1770811200,2.3133,2.4138,2.2877,2.3062,117278.1
1770825600,2.3067,2.3703,2.2829,2.3408,94488.6
1770840000,2.3412,2.3791,2.3179,2.3336,55659.6
1770854400,2.3339,2.3798,2.3335,2.3592,78396.3
1770868800,2.359,2.4192,2.3494,2.4156,57224.5
1770883200,2.4192,2.4687,2.3825,2.4495,137810.6
1770897600,2.4517,2.4526,2.3909,2.392,212627.5
1770912000,2.3919,2.3944,2.2942,2.3577,135879.7
1770926400,2.3586,2.3699,2.3337,2.3458,60113.4
1770940800,2.3497,2.3588,2.3032,2.3188,115777.9
1770955200,2.3198,2.3198,2.2782,2.2982,57607.4
1770969600,2.2989,2.3152,2.288,2.3092,34367.6
1770984000,2.3092,2.3817,2.2822,2.351,74997.3
1770998400,2.3549,2.3951,2.345,2.3856,77518.2
1771012800,2.3857,2.4075,2.3717,2.3959,37444.1
1771027200,2.3936,2.439,2.3936,2.4062,31311.4
1771041600,2.4105,2.417,2.374,2.4083,50169.2
1771056000,2.4099,2.4674,2.4052,2.4574,47163.5
1771070400,2.4582,2.4908,2.4288,2.4889,44582.1
1771084800,2.4884,2.5693,2.4689,2.5644,90921.9
1771099200,2.5639,2.5983,2.5442,2.5454,95497.0
1771113600,2.5446,2.5555,2.4787,2.52,51887.2
1771128000,2.5189,2.5526,2.5188,2.5483,27337.4
1771142400,2.5505,2.5532,2.4838,2.4959,34226.9
1771156800,2.4989,2.4989,2.4045,2.4278,23013.6
1771171200,2.4282,2.4282,2.357,2.3786,64727.4
1771185600,2.3767,2.4138,2.3686,2.4111,38262.1
1771200000,2.4108,2.4241,2.3822,2.3963,41889.3
1771214400,2.3936,2.412,2.3744,2.379,20207.9
1771228800,2.3775,2.4001,2.3507,2.3833,19294.7
1771243200,2.3818,2.4435,2.3445,2.3489,135808.2
1771257600,2.3505,2.384,2.3414,2.3755,137359.0
1771272000,2.3751,2.4235,2.3609,2.4154,44670.3
1771286400,2.4163,2.4334,2.3927,2.4082,17506.1
1771300800,2.4067,2.4159,2.3693,2.3945,11100.1
1771315200,2.3946,2.4014,2.3674,2.3887,14821.4
1771329600,2.3896,2.407,2.3395,2.3903,74352.0
1771344000,2.3925,2.4239,2.3593,2.3929,32107.5
1771358400,2.3933,2.3965,2.3707,2.3746,7965.8
1771372800,2.3781,2.3787,2.3402,2.3721,44132.1
1771387200,2.3732,2.383,2.3616,2.3719,23191.0
1771401600,2.3739,2.3753,2.3251,2.3398,21220.1
1771416000,2.3401,2.3562,2.3097,2.3444,34181.4
1771430400,2.3464,2.3484,2.2479,2.2555,31541.3
1771444800,2.2535,2.2704,2.223,2.2338,26129.7
1771459200,2.2351,2.2549,2.2286,2.2494,35438.7
1771473600,2.2511,2.2531,2.2207,2.2352,16870.2
1771488000,2.2361,2.2372,2.1887,2.1979,99255.1
1771502400,2.1987,2.2027,2.1353,2.1447,47393.5
1771516800,2.1436,2.1868,2.1328,2.1529,106606.0
1771531200,2.1525,2.1756,2.1336,2.1752,45687.8
1771545600,2.1753,2.1882,2.1552,2.1614,95590.8
1771560000,2.1619,2.1816,2.1358,2.1728,21349.6
1771574400,2.1732,2.1822,2.1396,2.1396,23853.9
1771588800,2.1417,2.195,2.119,2.1629,109584.9
1771603200,2.1662,2.1854,2.1267,2.175,43115.1
1771617600,2.1781,2.2042,2.173,2.1818,37575.5
1771632000,2.1836,2.1899,2.1515,2.1603,35476.3
1771646400,2.158,2.1954,2.1577,2.1706,7600.7
1771660800,2.1706,2.2619,2.1674,2.2406,71856.0
1771675200,2.2407,2.2775,2.2336,2.2735,34974.9
1771689600,2.2709,2.2786,2.2186,2.2224,62481.5
1771704000,2.2223,2.2231,2.1922,2.1952,25376.4
1771718400,2.1949,2.1966,2.1448,2.1556,73187.3
1771732800,2.1574,2.2135,2.1533,2.206,38270.8
1771747200,2.2085,2.2134,2.1595,2.1602,38407.2
1771761600,2.1616,2.1627,2.0965,2.1148,32519.6
1771776000,2.1156,2.1253,2.099,2.119,42400.5
1771790400,2.1182,2.1577,2.1161,2.1505,31697.4
1771804800,2.1499,2.1527,2.0262,2.0522,182411.4
1771819200,2.0521,2.082,2.0302,2.0703,14368.4
1771833600,2.0712,2.0979,2.0557,2.0847,33595.6
1771848000,2.0852,2.1226,2.0487,2.0547,30463.7
1771862400,2.0548,2.0672,2.017,2.0414,53259.9
1771876800,2.0406,2.0948,2.0262,2.0843,54438.3
1771891200,2.0843,2.1078,2.0403,2.0474,59387.9
1771905600,2.0515,2.0539,2.0142,2.0282,27206.9
1771920000,2.0285,2.0638,2.0216,2.0596,32510.6
1771934400,2.0611,2.1044,2.0433,2.1024,45837.3
1771948800,2.1033,2.1331,2.1025,2.1277,54670.9
1771963200,2.1226,2.1351,2.1069,2.1147,22019.4
1771977600,2.1181,2.2384,2.1043,2.1705,59213.5
1771992000,2.1651,2.1867,2.1567,2.1831,27756.7
1772006400,2.1848,2.2043,2.1737,2.1779,19298.1
1772020800,2.1796,2.3107,2.1768,2.2964,60124.0
1772035200,2.3027,2.4539,2.3027,2.4442,74406.6
1772049600,2.4455,2.5817,2.4181,2.4297,91407.5
1772064000,2.4311,2.4523,2.3943,2.4103,134318.7
1772078400,2.4076,2.4501,2.3779,2.383,44889.9
1772092800,2.3844,2.4258,2.3739,2.3973,76644.3
1772107200,2.3994,2.4498,2.3821,2.4257,123822.2
1772121600,2.4177,2.4177,2.3194,2.3911,75453.7
1772136000,2.3891,2.4428,2.3655,2.4264,14126.6
1772150400,2.4271,2.5233,2.4077,2.5226,92960.7
1772164800,2.5236,2.7042,2.5236,2.6068,149559.0
1772179200,2.6087,2.622,2.5032,2.5132,43350.6
1772193600,2.5156,2.5196,2.4475,2.479,57084.2
1772208000,2.4783,2.4838,2.4267,2.451,55951.1
1772222400,2.4554,2.5624,2.4554,2.4859,93660.0
1772236800,2.4886,2.5025,2.4391,2.4391,44871.4
1772251200,2.44,2.4512,2.3132,2.3464,154944.6
1772265600,2.346,2.3467,2.2736,2.2797,82757.6
1772280000,2.2777,2.3652,2.2777,2.3487,48360.5
1772294400,2.3462,2.4318,2.3195,2.3971,141459.5
1772308800,2.4005,2.4825,2.3952,2.4361,25749.2
1772323200,2.4383,2.5411,2.4291,2.4856,82600.6
1772337600,2.4901,2.498,2.4328,2.4449,46202.3
1772352000,2.4488,2.4488,2.3724,2.4077,29554.5
1772366400,2.4064,2.4603,2.3753,2.4222,91977.2
1772380800,2.4233,2.4421,2.3729,2.3729,27026.4
1772395200,2.3724,2.3969,2.34,2.3663,76686.9
1772409600,2.3667,2.4259,2.3625,2.4225,124710.9
1772424000,2.4243,2.4243,2.3411,2.3581,15746.2
1772438400,2.3606,2.386,2.3409,2.3715,17062.8
1772452800,2.3745,2.5282,2.3692,2.5216,238888.1
1772467200,2.5208,2.5453,2.4089,2.4257,300782.3
1772481600,2.4262,2.4407,2.3784,2.3888,73878.8
1772496000,2.3924,2.4024,2.3578,2.401,67538.4
1772510400,2.4026,2.4165,2.3735,2.4146,40246.9
1772524800,2.4173,2.4185,2.3561,2.3868,29605.1
1772539200,2.3825,2.4125,2.3393,2.3898,39862.1
1772553600,2.3847,2.4729,2.374,2.4467,79494.5
1772568000,2.4471,2.4631,2.4204,2.4572,81809.5
1772582400,2.4598,2.5723,2.4568,2.5292,78961.3
1772596800,2.5304,2.55,2.4735,2.532,65870.1
1772611200,2.5335,2.6338,2.5293,2.5445,89122.6
1772625600,2.5438,2.571,2.5183,2.5609,85518.2
1772640000,2.5652,2.568,2.4947,2.5353,31475.3
1772654400,2.5358,2.5497,2.5026,2.5096,35315.0
1772668800,2.5082,2.5434,2.4972,2.5363,31640.3
1772683200,2.5392,2.5478,2.5109,2.537,27131.3
1772697600,2.5391,2.5811,2.5224,2.5549,16680.0
1772712000,2.5554,2.5768,2.5246,2.5308,28377.0
1772726400,2.5315,2.5458,2.468,2.5172,23257.0
1772740800,2.5206,2.5536,2.5065,2.5105,14730.8
1772755200,2.5151,2.5621,2.5135,2.5585,21475.3
1772769600,2.5628,2.5949,2.5214,2.5827,24131.3
1772784000,2.5774,2.6325,2.5405,2.5645,38101.4
1772798400,2.5615,2.5758,2.4552,2.4679,81455.7
1772812800,2.4684,2.4812,2.4336,2.4563,28164.3
1772827200,2.4539,2.5069,2.4523,2.4828,35968.7
1772841600,2.4836,2.4982,2.4265,2.4379,30016.2
1772856000,2.4362,2.4627,2.429,2.4614,14318.4
1772870400,2.4601,2.497,2.4486,2.4747,22964.4
1772884800,2.4758,2.4901,2.452,2.4661,18323.8
1772899200,2.467,2.4871,2.4408,2.4465,27597.6
1772913600,2.4459,2.4725,2.4376,2.4421,16567.4
1772928000,2.448,2.4517,2.3827,2.3962,30602.6
1772942400,2.3922,2.407,2.3822,2.3985,17026.6
1772956800,2.3996,2.4705,2.3923,2.469,13864.7
1772971200,2.4701,2.4953,2.4231,2.4333,24529.2
1772985600,2.4345,2.4612,2.4125,2.4514,20424.6
1773000000,2.4523,2.4688,2.395,2.4215,39647.2
1773014400,2.4214,2.4976,2.4151,2.4543,34623.4
1773028800,2.4601,2.5205,2.452,2.4906,52446.0
1773043200,2.49,2.5026,2.4645,2.4866,21817.0
1773057600,2.4873,2.5122,2.4778,2.4828,12223.4
1773072000,2.4842,2.5197,2.4669,2.485,31367.8
1773086400,2.4889,2.5011,2.4459,2.4487,28333.3
1773100800,2.4496,2.5171,2.4422,2.4845,24254.3
1773115200,2.4879,2.5141,2.4671,2.5034,27139.1
1773129600,2.5059,2.5324,2.4968,2.5086,30168.9
1773144000,2.5099,2.5431,2.4665,2.5181,42104.8
1773158400,2.5181,2.5235,2.4271,2.4412,37662.2
1773172800,2.4427,2.452,2.3745,2.3819,38641.6
1773187200,2.3824,2.4085,2.368,2.3894,54058.4
1773201600,2.3899,2.7105,2.3516,2.6032,647786.6
1773216000,2.6069,2.8118,2.5686,2.6716,1211733.3
1773230400,2.6678,2.7708,2.6603,2.711,660145.9
1773244800,2.711,2.7117,2.5829,2.6542,374938.2
1773259200,2.6543,2.6842,2.6277,2.669,124930.4
1773273600,2.6718,2.6718,2.5462,2.565,334806.7
1773288000,2.565,2.5869,2.5267,2.5739,186337.0
1773302400,2.575,2.6044,2.5486,2.5994,82389.9
1773316800,2.5978,2.6813,2.5905,2.6521,240788.8
1773331200,2.6521,2.6781,2.6067,2.6322,101773.9
1773345600,2.6324,2.7178,2.6276,2.7111,143049.8
1773360000,2.7107,2.7356,2.6674,2.693,92595.7
1773374400,2.6904,2.693,2.6334,2.6357,39086.0
1773388800,2.6351,2.6576,2.6109,2.6221,60395.5
1773403200,2.6221,2.6794,2.6221,2.6632,85572.9
1773417600,2.6635,2.6714,2.6098,2.6118,43757.6
1773432000,2.6131,2.6316,2.5941,2.6063,57034.4
1773446400,2.6043,2.649,2.5735,2.6347,222647.1
1773460800,2.6342,2.6852,2.6139,2.6161,42749.4
1773475200,2.6157,2.6443,2.5834,2.6248,43227.4
1773489600,2.6226,2.6498,2.5952,2.6382,47928.8
1773504000,2.6377,2.6718,2.631,2.6506,44568.3
1773518400,2.6511,2.7176,2.6352,2.7076,52870.1
1773532800,2.7032,2.7163,2.6543,2.6674,70056.2
1773547200,2.6692,2.7055,2.6514,2.6932,96093.8
1773561600,2.6937,2.6982,2.655,2.6722,29443.7
1773576000,2.6708,2.6905,2.6447,2.6576,29870.8
1773590400,2.655,2.6897,2.6453,2.6858,20277.8
1773604800,2.6844,2.6889,2.6545,2.6678,26392.7
1773619200,2.6694,2.7012,2.6241,2.6808,37642.9
1773633600,2.6794,2.726,2.6758,2.7055,74902.3
1773648000,2.7064,2.7283,2.6701,2.6912,32053.1
1773662400,2.6902,2.7137,2.6542,2.6568,90338.2
1773676800,2.6567,2.7615,2.655,2.7441,76541.5
1773691200,2.7491,2.7892,2.7264,2.7692,37071.7
1773705600,2.7692,2.8007,2.7276,2.7381,65526.3
1773720000,2.7389,2.7442,2.6788,2.7067,42318.2
1773734400,2.7074,2.7311,2.6928,2.712,23031.1
1773748800,2.7112,2.7226,2.6793,2.7113,46630.0
1773763200,2.7125,2.7306,2.6869,2.6908,52952.1
1773777600,2.6927,2.7162,2.6809,2.6811,22695.1
1773792000,2.6816,2.7038,2.6582,2.6862,45242.2
1773806400,2.6886,2.7274,2.6777,2.7072,28356.9
1773820800,2.7087,2.7231,2.6275,2.634,42574.1
1773835200,2.6322,2.6322,2.5539,2.5744,117581.8
1773849600,2.5692,2.5951,2.555,2.5606,70906.2
1773864000,2.5614,2.5796,2.552,2.5667,106083.6
1773878400,2.566,2.58,2.55,2.5602,416203.1
1773892800,2.5581,2.5665,2.5197,2.5252,340682.4
1773907200,2.5252,2.5461,2.5099,2.5287,43131.1
1773921600,2.5285,2.5288,2.4649,2.4818,84583.7
1773936000,2.4813,2.5089,2.457,2.4931,59156.4
1773950400,2.4934,2.4955,2.4733,2.4903,23598.4
1773964800,2.4929,2.5503,2.49,2.5467,66666.8
1773979200,2.5467,2.557,2.5187,2.5206,81948.4
1773993600,2.5199,2.5504,2.5106,2.5312,115331.2
1774008000,2.5332,2.5381,2.4873,2.5004,73276.8
1774022400,2.5027,2.5236,2.4724,2.4935,30945.2
1774036800,2.4932,2.5192,2.4649,2.5021,32383.0
1774051200,2.504,2.522,2.4992,2.5073,16291.5
1774065600,2.5063,2.5165,2.5009,2.5071,25108.3
1774080000,2.5085,2.5292,2.4944,2.5046,27450.4
1774094400,2.5057,2.5319,2.4981,2.5318,13844.5
1774108800,2.5317,2.5326,2.5073,2.509,37252.0
1774123200,2.5078,2.5215,2.4233,2.4352,43977.2
1774137600,2.4403,2.457,2.3976,2.4385,32322.7
1774152000,2.4364,2.4526,2.4142,2.4171,7983.3
1774166400,2.4158,2.423,2.3923,2.3958,17075.8
1774180800,2.3974,2.418,2.3927,2.3966,15822.5
1774195200,2.3989,2.4041,2.3407,2.3531,31611.5
1774209600,2.3562,2.3675,2.3191,2.3406,23384.8
1774224000,2.3446,2.3905,2.3338,2.3697,20330.9
1774238400,2.3731,2.4023,2.3316,2.3425,21513.2
1774252800,2.3439,2.4384,2.3194,2.3921,125990.9
1774267200,2.3921,2.442,2.3787,2.3925,46330.1
1774281600,2.3976,2.4197,2.3805,2.3964,26387.9
1774296000,2.3987,2.4206,2.3857,2.4098,14626.4
1774310400,2.4122,2.4179,2.3661,2.3843,34378.2
1774324800,2.385,2.4026,2.372,2.4015,22891.3
1774339200,2.4038,2.4156,2.3887,2.4036,30458.4
1774353600,2.4021,2.4021,2.3586,2.3624,16743.9
1774368000,2.3639,2.3734,2.3419,2.3668,26725.4
1774382400,2.3679,2.4128,2.3672,2.3963,23345.3
1774396800,2.3986,2.4049,2.3771,2.3905,32467.8
1774411200,2.3898,2.3913,2.3685,2.3791,26204.9
1774425600,2.3802,2.4277,2.3802,2.4181,36134.2
1774440000,2.4191,2.4345,2.3779,2.3815,22994.8
1774454400,2.3832,2.4127,2.3784,2.4064,20052.6
1774468800,2.4071,2.4151,2.3811,2.4141,18501.3
1774483200,2.4119,2.4218,2.3811,2.3923,37163.7
1774497600,2.3908,2.3918,2.3357,2.3474,26474.5
1774512000,2.3492,2.3499,2.2943,2.2967,28942.6
1774526400,2.2945,2.3264,2.2746,2.2746,35451.9
1774540800,2.2789,2.2976,2.2598,2.2765,51684.5
1774555200,2.2747,2.3114,2.2698,2.3011,32961.9
1774569600,2.3016,2.3243,2.2981,2.3108,28541.4
1774584000,2.2997,2.3168,2.2925,2.2989,17807.0
1774598400,2.3006,2.3064,2.2195,2.2364,64463.2
1774612800,2.2374,2.2374,2.2084,2.2166,33892.1
1774627200,2.2174,2.2284,2.2023,2.2267,18116.9
1774641600,2.2267,2.233,2.2146,2.2215,15217.8
1774656000,2.2227,2.2289,2.1998,2.2244,25570.5
1774670400,2.2225,2.2487,2.2158,2.2472,19861.8
1774684800,2.2482,2.2574,2.2402,2.2496,17960.4
1774699200,2.2502,2.3001,2.2472,2.2794,33080.6
1774713600,2.2817,2.2832,2.251,2.251,19348.0
1774728000,2.2543,2.2582,2.2157,2.218,14648.6
1774742400,2.2184,2.2441,2.2101,2.2413,26173.0
1774756800,2.2408,2.2409,2.2203,2.2215,10182.6
1774771200,2.221,2.2317,2.2115,2.2278,19961.7
1774785600,2.2257,2.2263,2.2085,2.2198,16534.8
1774800000,2.2192,2.2251,2.2039,2.2129,51837.6
1774814400,2.2136,2.2315,2.15,2.1972,35195.4
1774828800,2.1993,2.2492,2.1975,2.2404,32595.4
1774843200,2.2437,2.2696,2.2367,2.267,23807.0
1774857600,2.2667,2.28,2.2477,2.2668,30614.9
1774872000,2.2672,2.2727,2.2334,2.2623,15261.2
1774886400,2.2648,2.2815,2.2187,2.2318,17723.9
1774900800,2.2328,2.2519,2.2232,2.243,6632.8
1774915200,2.2447,2.2826,2.2416,2.2647,33800.5
1774929600,2.2669,2.2837,2.2576,2.2837,13692.7
1774944000,2.2844,2.2847,2.2391,2.2539,54709.7
1774958400,2.2551,2.2807,2.244,2.2627,14183.8
1774972800,2.2647,2.3284,2.2635,2.3215,17586.8
1774987200,2.3211,2.3247,2.2943,2.3046,14000.6
1775001600,2.3058,2.3084,2.2617,2.2692,42136.4
1775016000,2.2707,2.326,2.2668,2.3165,28626.0
1775030400,2.3181,2.3432,2.306,2.3201,20151.7
1775044800,2.3196,2.3495,2.299,2.3103,30158.1
1775059200,2.3076,2.3238,2.2922,2.3001,22102.9
1775073600,2.3006,2.3006,2.2672,2.2722,16347.7
1775088000,2.271,2.2991,2.2143,2.2221,45601.1
1775102400,2.2234,2.2448,2.2084,2.2437,16070.0
1775116800,2.2428,2.2428,2.2074,2.2155,42525.2
1775131200,2.2143,2.2476,2.1937,2.2334,14990.2
1775145600,2.2304,2.2461,2.2229,2.2361,26502.2
1775160000,2.236,2.2464,2.2252,2.2455,16333.5
1775174400,2.2442,2.2717,2.2351,2.2686,23629.4
1775188800,2.2703,2.3192,2.2692,2.2932,32298.6
1775203200,2.2955,2.3097,2.2906,2.3034,9848.7
1775217600,2.3049,2.3238,2.2841,2.288,21883.5
1775232000,2.2872,2.2925,2.2678,2.2776,19100.4
1775246400,2.2767,2.2895,2.2753,2.2847,8083.2
1775260800,2.2855,2.2945,2.2753,2.2845,12337.5
1775275200,2.2846,2.3185,2.2816,2.3139,15329.1
1775289600,2.3165,2.3165,2.2927,2.3121,8697.3
1775304000,2.3126,2.3224,2.2804,2.2973,9952.0
1775318400,2.2987,2.3207,2.2917,2.314,15372.0
1775332800,2.3169,2.3255,2.2922,2.2925,25339.7
1775347200,2.2949,2.2949,2.2687,2.2762,21503.1
1775361600,2.2751,2.2827,2.251,2.255,11093.1
1775376000,2.2556,2.2708,2.2503,2.2589,10288.6
1775390400,2.2591,2.2795,2.2457,2.2644,29470.1
1775404800,2.2642,2.2738,2.2582,2.2649,9462.3
1775419200,2.2648,2.3049,2.255,2.2943,24016.2
1775433600,2.2954,2.3176,2.2942,2.3132,34688.9
1775448000,2.3174,2.322,2.3049,2.3104,8831.1
1775462400,2.313,2.3825,2.3113,2.3661,36232.0
1775476800,2.367,2.3765,2.3392,2.3653,30855.6
1775491200,2.3668,2.3688,2.3365,2.3402,25092.6
1775505600,2.3402,2.3447,2.2863,2.2941,8153.4
1775520000,2.293,2.3033,2.2741,2.2886,27701.9
1775534400,2.2878,2.3172,2.2818,2.3119,8811.9
1775548800,2.311,2.335,2.2891,2.2908,22258.9
1775563200,2.2907,2.3029,2.2707,2.3017,46263.3
1775577600,2.3006,2.3101,2.2853,2.3091,41563.5
1775592000,2.3102,2.4861,2.3096,2.461,122494.3
1775606400,2.456,2.5003,2.4332,2.4859,37414.6
1775620800,2.4855,2.6189,2.4855,2.6098,192602.1
1775635200,2.6121,2.6323,2.5376,2.5558,82014.0
1775649600,2.5581,2.606,2.4977,2.52,76906.7
1775664000,2.5228,2.5435,2.453,2.4604,58564.1
1775678400,2.4622,2.4826,2.4273,2.4275,34814.0
1775692800,2.4316,2.4586,2.4023,2.4373,34046.4
1775707200,2.4376,2.5068,2.4261,2.4743,78112.0
1775721600,2.4725,2.5147,2.4719,2.4875,46333.7
1775736000,2.4904,2.5337,2.4677,2.5194,67250.5
1775750400,2.5236,2.5402,2.5064,2.5323,132975.0
1775764800,2.533,2.5721,2.5221,2.5365,362399.0
1775779200,2.5401,2.561,2.5227,2.5253,37235.4
1775793600,2.5299,2.5389,2.4817,2.4821,73570.6
1775808000,2.4853,2.52,2.482,2.4996,32192.0
1775822400,2.4987,2.5393,2.4966,2.5276,58088.2
1775836800,2.5335,2.5686,2.5217,2.5614,29579.8
1775851200,2.5639,2.5758,2.5431,2.5526,21245.3
1775865600,2.554,2.554,2.5111,2.5185,42362.9
1775880000,2.519,2.5397,2.517,2.5315,20347.2
1775894400,2.5334,2.5417,2.5227,2.5227,20098.4
1775908800,2.5225,2.5253,2.5053,2.5146,11731.0
1775923200,2.5155,2.569,2.5144,2.5636,39238.7
1775937600,2.566,2.566,2.5179,2.5301,38006.9
1775952000,2.5317,2.5347,2.451,2.4574,124449.9
1775966400,2.4597,2.4679,2.4494,2.4568,17826.7
1775980800,2.4551,2.4678,2.4458,2.4626,11047.9
1775995200,2.4608,2.4718,2.4181,2.4222,46292.8
1776009600,2.4204,2.4506,2.4153,2.4333,10810.8
1776024000,2.4346,2.4452,2.4082,2.4126,10485.3
1776038400,2.4127,2.4351,2.4122,2.4338,17347.6
1776052800,2.4328,2.4495,2.4115,2.413,23518.8
1776067200,2.4137,2.4253,2.4091,2.4171,13463.0
1776081600,2.4173,2.4638,2.4111,2.4427,39273.1
1776096000,2.442,2.47,2.4321,2.4674,23389.7
1776110400,2.4696,2.5307,2.4501,2.5121,41158.7
1776124800,2.515,2.5164,2.4842,2.4911,31994.8
1776139200,2.4897,2.4974,2.4702,2.4704,14689.6
1776153600,2.4697,2.4912,2.4653,2.4738,16520.5
1776168000,2.4756,2.4994,2.4594,2.4791,19972.9
1776182400,2.4778,2.484,2.4173,2.4296,18572.7
1776196800,2.4292,2.4339,2.4115,2.426,10183.4
1776211200,2.4236,2.4391,2.4064,2.4185,48685.5
1776225600,2.4188,2.4275,2.3994,2.4034,28014.2
1776240000,2.4034,2.4503,2.4018,2.4437,39073.4
1776254400,2.4414,2.4796,2.435,2.446,37004.6
1776268800,2.4488,2.4988,2.4488,2.4938,46203.8
1776283200,2.4973,2.5307,2.484,2.4959,54057.7
1776297600,2.5003,2.5426,2.4918,2.5368,27425.5
1776312000,2.5415,2.5904,2.5301,2.5729,61035.2
1776326400,2.573,2.5735,2.5253,2.549,20854.6
1776340800,2.5531,2.6082,2.5199,2.5839,38982.9
1776355200,2.586,2.6443,2.5595,2.6419,68213.6
1776369600,2.6391,2.6685,2.603,2.6564,49481.3
1776384000,2.65,2.6589,2.5845,2.5845,78631.3
1776398400,2.5838,2.6091,2.5473,2.6074,23748.1
1776412800,2.6096,2.6335,2.5873,2.625,21200.6
1776427200,2.6211,2.6904,2.6194,2.6414,38196.8
1776441600,2.6438,2.6661,2.6238,2.642,72460.4
1776456000,2.6422,2.6469,2.6053,2.6163,16502.5
1776470400,2.6134,2.6274,2.5864,2.5901,29847.2
1776484800,2.59,2.6323,2.5857,2.6203,12503.0
1776499200,2.6244,2.6244,2.5263,2.5406,24727.0
1776513600,2.543,2.5496,2.5153,2.5222,34495.9
1776528000,2.5212,2.5346,2.49,2.4958,32784.0
1776542400,2.4952,2.5062,2.4799,2.4869,9549.8
1776556800,2.4875,2.4925,2.4605,2.4695,49232.2
1776571200,2.4722,2.4871,2.428,2.4547,28786.3
1776585600,2.4539,2.4664,2.4285,2.4519,18236.9
1776600000,2.453,2.4947,2.4466,2.4792,19282.9
1776614400,2.4822,2.4839,2.4384,2.4555,27036.4
1776628800,2.4542,2.4542,2.3996,2.4054,39082.0
1776643200,2.4051,2.4441,2.4031,2.4412,44497.8
1776657600,2.4387,2.4516,2.4106,2.4351,27199.0
1776672000,2.4361,2.445,2.422,2.4255,17959.3
1776686400,2.4269,2.4512,2.4165,2.448,18204.5
1776700800,2.4498,2.4879,2.4437,2.4693,24089.4
1776715200,2.4725,2.4951,2.4501,2.4562,19920.6
1776729600,2.4574,2.4797,2.4474,2.4551,15574.6
1776744000,2.4524,2.4721,2.4483,2.4682,8825.8
1776758400,2.4666,2.5046,2.4635,2.5004,20736.1
1776772800,2.4969,2.4969,2.4481,2.467,17414.1
1776787200,2.4681,2.4762,2.4087,2.4157,49274.3
1776801600,2.4131,2.4615,2.4091,2.4612,20731.9
1776816000,2.4619,2.5175,2.4546,2.5021,32180.4
1776830400,2.5074,2.5424,2.4985,2.5413,27455.7
1776844800,2.541,2.5623,2.5288,2.5524,17671.9
1776859200,2.5583,2.5625,2.5333,2.5396,26045.6
1776873600,2.5391,2.5497,2.5057,2.5204,12997.9
1776888000,2.5216,2.5292,2.4858,2.4879,10603.0
1776902400,2.4892,2.4925,2.4467,2.4515,12446.5
1776916800,2.4506,2.4785,2.4494,2.4671,9603.2
1776931200,2.468,2.4729,2.442,2.4622,15579.4
1776945600,2.462,2.4961,2.458,2.4915,16031.9
1776960000,2.4934,2.4951,2.4336,2.4508,20521.8
1776974400,2.4516,2.4854,2.4408,2.4837,11519.6
1776988800,2.4833,2.4941,2.4571,2.4625,8004.1
1777003200,2.4654,2.4694,2.4512,2.4597,13611.7
1777017600,2.4607,2.4952,2.4559,2.4916,19575.8
1777032000,2.4931,2.4976,2.4577,2.4737,19400.4
1777046400,2.4744,2.4749,2.4452,2.4749,13553.5
1777060800,2.4738,2.4855,2.4471,2.4514,18960.2
1777075200,2.453,2.4712,2.442,2.4594,13144.0
1777089600,2.4616,2.4702,2.4475,2.4626,13234.4
1777104000,2.4599,2.4834,2.4511,2.4576,11311.9
1777118400,2.4577,2.4595,2.4278,2.4289,19845.2
1777132800,2.4292,2.4407,2.4121,2.4209,18688.8
1777147200,2.4216,2.4353,2.4189,2.4341,17151.3
1777161600,2.4318,2.4412,2.4258,2.4379,13061.8
1777176000,2.4377,2.4631,2.432,2.4501,12525.4
1777190400,2.4512,2.4554,2.4408,2.4507,7101.9
1777204800,2.4512,2.4525,2.4265,2.4466,6236.4
1777219200,2.4447,2.458,2.4306,2.4499,7218.7
1777233600,2.452,2.4567,2.4311,2.4427,15358.4
1777248000,2.4444,2.482,2.4401,2.4812,33343.8
1777262400,2.4801,2.4874,2.4095,2.4095,29621.3
1777276800,2.4097,2.4376,2.4078,2.4343,7261.5
1777291200,2.4361,2.4479,2.3838,2.39,34640.8
1777305600,2.3914,2.4021,2.3746,2.3922,28675.0
1777320000,2.396,2.4254,2.3919,2.4248,10755.0
1777334400,2.4261,2.4345,2.4138,2.4341,24345.5
1777348800,2.4343,2.4368,2.3996,2.4071,13916.9
1777363200,2.4091,2.4167,2.3914,2.3929,5456.3
1777377600,2.3947,2.4098,2.3859,2.3938,40531.5
1777392000,2.3944,2.4144,2.386,2.4142,20181.8
1777406400,2.4155,2.4179,2.3906,2.3987,4321.1
1777420800,2.3963,2.4304,2.388,2.4299,5764.6
1777435200,2.4343,2.4575,2.4301,2.4351,19903.2
1777449600,2.436,2.4675,2.4251,2.4605,19804.1
1777464000,2.4559,2.4559,2.3678,2.3696,36985.8
1777478400,2.3671,2.3832,2.3208,2.3457,27809.8
1777492800,2.3512,2.3831,2.3483,2.3823,7295.9
1777507200,2.381,2.4059,2.3753,2.3877,22409.0
1777521600,2.3862,2.3981,2.3616,2.3954,5249.0
1777536000,2.3975,2.4173,2.3903,2.4019,8019.9
1777550400,2.4036,2.4325,2.3774,2.3937,26427.2
1777564800,2.3937,2.396,2.3746,2.3812,5563.7
1777579200,2.382,2.3894,2.3686,2.3768,21328.2
1777593600,2.378,2.3982,2.3766,2.3897,59029.0
1777608000,2.3911,2.4024,2.3715,2.3789,15101.1
1777622400,2.3798,2.3821,2.3465,2.363,61067.2
1777636800,2.3621,2.3972,2.3581,2.3866,36683.3
1777651200,2.3875,2.3913,2.3677,2.3677,23070.5
1777665600,2.3699,2.3755,2.3351,2.3427,12708.2
1777680000,2.3452,2.3499,2.3273,2.3349,23758.9
1777694400,2.3355,2.3355,2.3169,2.321,9294.2
1777708800,2.3223,2.3427,2.3182,2.3306,40017.6
1777723200,2.3306,2.3538,2.3289,2.3492,15006.6
1777737600,2.3504,2.3683,2.3416,2.3612,22304.1
1777752000,2.3634,2.3811,2.3546,2.3572,6231.2
1777766400,2.359,2.3615,2.3255,2.3391,29845.6
1777780800,2.3392,2.3638,2.3365,2.3566,17115.2
1777795200,2.3581,2.3653,2.3384,2.3472,15873.2
1777809600,2.35,2.3593,2.34,2.3496,12000.1
1777824000,2.3497,2.3534,2.3368,2.3422,9180.9
1777838400,2.3453,2.3574,2.3297,2.3421,47690.5
1777852800,2.3417,2.4068,2.3188,2.3999,55430.2
1777867200,2.4011,2.4152,2.382,2.3899,61520.3
1777881600,2.3896,2.4179,2.3289,2.3537,85903.6
1777896000,2.3544,2.4037,2.3443,2.3732,50505.1
1777910400,2.3715,2.3955,2.3576,2.3745,39696.5
1777924800,2.3726,2.3882,2.353,2.3603,10027.4
1777939200,2.3615,2.3886,2.3522,2.3827,21846.6
1777953600,2.3839,2.4199,2.3796,2.4145,18889.1
1777968000,2.4142,2.4979,2.408,2.4845,70043.5
1777982400,2.4867,2.6137,2.4865,2.5257,114591.5
1777996800,2.5292,2.5993,2.4807,2.5953,67461.6
1778011200,2.5994,2.792,2.5994,2.6489,361017.8
1778025600,2.647,2.7994,2.6462,2.7482,184534.5
1778040000,2.749,2.8183,2.6969,2.7471,204514.1
1778054400,2.7432,2.8916,2.7306,2.8294,293210.2
1778068800,2.8414,2.9461,2.7309,2.9331,144452.7
1778083200,2.9193,3.0375,2.8699,2.8993,238990.3
1778097600,2.9015,3.2358,2.8846,3.1932,163316.2
1778112000,3.1911,3.2716,2.9363,2.9494,238993.6
1778126400,2.9489,3.0304,2.92,3.0244,69090.0
1778140800,3.0205,3.1395,2.9841,3.1029,174137.0
1778155200,3.1017,3.2206,2.9498,2.9625,182730.1
1778169600,2.9642,2.976,2.907,2.9363,73394.4
1778184000,2.9368,3.075,2.926,3.0635,89690.3
1778198400,3.0587,3.1103,2.9748,3.0729,71151.6
1778212800,3.0726,3.3281,3.0653,3.3203,202559.4
1778227200,3.3215,3.3256,3.0984,3.1435,194432.3
1778241600,3.1445,3.237,3.0962,3.1934,122862.6
1778256000,3.1945,3.3576,3.1536,3.3576,184979.1
1778270400,3.3618,3.7162,3.3618,3.6409,589123.0
1778284800,3.6325,4.0942,3.5801,3.8206,550126.7
1778299200,3.8203,3.8888,3.7138,3.7329,160513.9
1778313600,3.7271,3.7546,3.633,3.7011,318892.0
1778328000,3.7045,3.7045,3.5422,3.5499,176126.0
1778342400,3.5499,3.595,3.5143,3.5705,92581.7
1778356800,3.5718,3.5923,3.5135,3.5325,108366.8
1778371200,3.5328,3.5709,3.4863,3.5172,87739.5
1778385600,3.5177,3.5196,3.4262,3.4338,436429.2
1778400000,3.4337,3.4762,3.4073,3.4117,33503.6
1778414400,3.4136,3.4196,3.3663,3.4117,176664.9
1778428800,3.4171,3.4523,3.4,3.4097,38557.6
1778443200,3.4124,3.4124,3.2706,3.3695,67509.5
1778457600,3.376,3.3834,3.2818,3.3069,62239.2
1778472000,3.3047,3.3891,3.291,3.3812,66186.3
1778486400,3.3815,3.5687,3.3573,3.5021,158782.5
1778500800,3.5038,3.6033,3.3424,3.3578,408981.8
1778515200,3.3605,3.4094,3.3313,3.3814,82964.5
1778529600,3.3792,3.3964,3.313,3.322,47986.3
1778544000,3.3188,3.3422,3.243,3.2781,51055.2
1778558400,3.2771,3.321,3.2639,3.296,17625.6
1778572800,3.2971,3.3375,3.2859,3.2985,51631.5
1778587200,3.2961,3.2992,3.1584,3.1697,82409.0
1778601600,3.1659,3.1983,3.1471,3.1927,58197.6
1778616000,3.1919,3.1951,3.1679,3.1786,30357.4
1778630400,3.1773,3.225,3.133,3.225,656942.4
1778644800,3.2241,3.2712,3.1772,3.267,28383.2
1778659200,3.2688,3.319,3.2204,3.2244,53857.3
1778673600,3.2282,3.2288,3.032,3.0338,122473.6
1778688000,3.0414,3.1077,3.0407,3.062,37717.1
1778702400,3.0663,3.0767,3.0096,3.0341,18930.0
1778716800,3.0322,3.0555,2.9738,2.9767,106440.6
1778731200,2.9812,3.0132,2.9404,2.9738,17740.4
1778745600,2.9755,2.977,2.9055,2.9055,59955.4
1778760000,2.9073,2.9664,2.8558,2.9287,143105.7
1778774400,2.9292,2.9566,2.8316,2.8477,89541.2
1778788800,2.8511,2.858,2.7972,2.8021,103439.3
1778803200,2.8009,2.8415,2.7907,2.8277,56225.9
1778817600,2.8255,2.8392,2.7003,2.718,66293.7
1778832000,2.7129,2.7193,2.6563,2.6789,63843.1
1778846400,2.6788,2.6981,2.5812,2.5906,91053.1
1778860800,2.5921,2.6768,2.5912,2.6378,46145.2
1778875200,2.6377,2.642,2.6,2.6119,28448.3
1778889600,2.6124,2.674,2.6,2.6456,51589.4
1778904000,2.6456,2.6473,2.546,2.5493,113145.3
1778918400,2.5527,2.613,2.5188,2.603,126867.4
1778932800,2.6,2.6789,2.5892,2.6347,163033.8
1778947200,2.6375,2.685,2.6238,2.6238,108527.4
1778961600,2.6261,2.6262,2.588,2.5883,41301.1
1778976000,2.5902,2.6053,2.5637,2.5989,18291.2
1778990400,2.6014,2.6418,2.5972,2.6235,20825.1
1779004800,2.6264,2.6563,2.6147,2.6258,37764.6
1779019200,2.6256,2.6426,2.5946,2.6088,13197.6
1779033600,2.6134,2.6178,2.5828,2.6074,26463.3
1779048000,2.6095,2.6265,2.4751,2.5409,71408.2
1779062400,2.5413,2.5673,2.5128,2.5566,51583.6
1779076800,2.564,2.5763,2.5206,2.5303,55054.0
1779091200,2.5333,2.5526,2.506,2.5249,26685.3
1779105600,2.523,2.5521,2.4684,2.4787,56336.8
1779120000,2.4784,2.5173,2.4494,2.513,28507.9
1779134400,2.5197,2.5986,2.5161,2.5921,51240.2
1779148800,2.5958,2.612,2.5492,2.583,30077.8
1779163200,2.583,2.6008,2.5597,2.5765,38238.8
1779177600,2.5741,2.577,2.5128,2.519,111985.1
1779192000,2.5173,2.5404,2.4722,2.4811,74326.0
1779206400,2.4806,2.507,2.4701,2.4734,11848.7
1779220800,2.4759,2.4878,2.457,2.4705,14166.0
1779235200,2.4703,2.5032,2.4586,2.4872,56040.1
1779249600,2.4877,2.5335,2.4831,2.5155,19202.5
1779264000,2.5172,2.523,2.4958,2.5083,10487.1
1779278400,2.5078,2.5896,2.479,2.574,263068.9
1779292800,2.5779,2.5845,2.5371,2.5528,37803.1
1779307200,2.552,2.5659,2.5323,2.5352,15012.5
1779321600,2.5382,2.5946,2.5326,2.5758,21027.4
1779336000,2.577,2.5965,2.5495,2.5653,54080.7
1779350400,2.5655,2.5828,2.4892,2.5027,121527.7
1779364800,2.5064,2.5536,2.4983,2.5325,49231.5
1779379200,2.5325,2.5915,2.4926,2.5838,118009.9
1779393600,2.5847,2.5944,2.5559,2.5643,191251.7
1779408000,2.5696,2.6804,2.542,2.6733,160623.2
1779422400,2.68,2.7452,2.6069,2.6817,205993.3
1779436800,2.68,2.7344,2.62,2.6547,428054.9
1779451200,2.6531,2.7468,2.6101,2.6526,326004.9
1779465600,2.6512,2.7457,2.4991,2.5344,537874.9
1779480000,2.5341,2.5576,2.454,2.4793,115368.8
1779494400,2.48,2.5224,2.452,2.5014,60015.9
1779508800,2.4983,2.5328,2.4015,2.4296,162640.1
1779523200,2.4301,2.4745,2.4156,2.454,99626.4
1779537600,2.4549,2.5605,2.4467,2.5423,99991.0
1779552000,2.5429,2.5901,2.5274,2.5777,107248.8
1779566400,2.578,2.642,2.5632,2.604,93498.4
1779580800,2.6068,2.6265,2.577,2.6048,177183.1
1779595200,2.6083,2.6353,2.5811,2.5944,66408.4
1779609600,2.598,2.6203,2.5898,2.6055,55774.4
1779624000,2.6031,2.6031,2.5152,2.5585,149555.7
1779638400,2.5587,2.587,2.5526,2.5667,59726.3
1779652800,2.5686,2.5686,2.495,2.5558,173595.3
1779667200,2.5569,2.5709,2.528,2.5316,62533.5
1779681600,2.534,2.608,2.5297,2.5905,12671.0
1779696000,2.5905,2.6732,2.5809,2.6475,152164.8
1779710400,2.6465,2.7271,2.6323,2.682,134542.3
1779724800,2.6819,2.7786,2.6758,2.728,481611.0
1779739200,2.7277,2.7416,2.655,2.6747,112492.5
1779753600,2.673,2.6762,2.6037,2.6326,85101.6
1779768000,2.631,2.6953,2.6211,2.6551,140711.2
1779782400,2.6541,2.7468,2.6521,2.7147,178548.9
1779796800,2.7156,2.7731,2.6864,2.7376,330897.4
1779811200,2.7292,2.7321,2.6289,2.6828,110436.0
1779825600,2.6802,2.6843,2.6389,2.6551,30083.3
1779840000,2.6572,2.7575,2.655,2.7387,205528.6
1779854400,2.7383,3.0503,2.671,3.0209,797400.4
1779868800,3.0198,3.0949,2.884,2.888,295294.1
1779883200,2.8875,3.0117,2.882,2.9901,668961.4
1779897600,2.993,3.012,2.838,2.9462,429037.8
1779912000,2.9473,2.9574,2.8005,2.8432,261473.0
1779926400,2.8339,2.853,2.7176,2.7201,272228.4
1779940800,2.7234,2.7537,2.66,2.6994,264930.9
1779955200,2.702,2.7112,2.622,2.6613,100159.5
1779969600,2.6616,2.6956,2.5742,2.6872,365708.5
1779984000,2.6838,2.854,2.6666,2.7671,212903.5
1779998400,2.7697,2.7756,2.6992,2.7326,89077.5
1780012800,2.7265,2.7919,2.7176,2.7364,73478.2
1780027200,2.7337,2.8043,2.6892,2.7584,78071.9
1780041600,2.7558,2.792,2.694,2.7098,178200.2
1780056000,2.7106,2.7838,2.6137,2.7673,124880.4
1780070400,2.7639,2.7728,2.6375,2.677,118855.1
1780084800,2.6786,2.6814,2.617,2.6316,54927.9
1780099200,2.6344,2.7558,2.625,2.7172,169040.4
1780113600,2.7153,2.7246,2.6621,2.7085,58169.6
1780128000,2.7028,2.7053,2.6782,2.7053,61982.9
1780142400,2.7049,2.7313,2.6873,2.6981,51813.2
1780156800,2.696,2.7068,2.665,2.6755,22124.9
1780171200,2.6794,2.694,2.6365,2.655,20199.1
1780185600,2.6553,2.6832,2.6445,2.6826,32551.1
1780200000,2.6848,2.74,2.66,2.6758,34321.4
1780214400,2.6769,2.7272,2.6517,2.7244,30600.8
1780228800,2.7226,2.7634,2.635,2.6474,113138.9
1780243200,2.6502,2.6656,2.6158,2.6656,53088.2
1780257600,2.6672,2.7395,2.66,2.724,52132.7
1780272000,2.7254,2.8716,2.7087,2.8305,162743.8
1780286400,2.8368,2.8513,2.7021,2.7067,105565.3
1780300800,2.7046,2.8319,2.7041,2.7997,75155.9
1780315200,2.8042,2.8645,2.7203,2.8296,218209.9
1780329600,2.8268,3.0793,2.8042,3.0526,308818.5
1780344000,3.0538,3.0557,2.9364,2.9564,521258.6
1780358400,2.9565,2.9675,2.8079,2.9137,470515.2
1780372800,2.9104,3.0034,2.8621,2.9758,477520.9
1780387200,2.9765,3.112,2.9324,3.0989,473093.5
1780401600,3.0961,3.1771,2.9033,2.9795,929368.5
1780416000,2.9769,3.2168,2.9672,3.109,741232.3
1780430400,3.1093,3.1581,2.9245,2.9982,464725.8
1780444800,3.0025,3.1503,2.956,3.048,502461.6
1780459200,3.0626,3.2244,3.0626,3.1084,381408.8
1780473600,3.1017,3.1439,3.0071,3.0319,223514.5
1780488000,3.028,3.204,3.0107,3.1241,415893.7
1780502400,3.1234,3.135,2.995,3.0821,413099.8
1780516800,3.0739,3.207,2.9711,3.1116,257711.9
1780531200,3.1095,3.1942,2.6775,2.9543,1457008.1000000001
1780545600,2.9531,2.9745,2.7277,2.7277,188976.3
1780560000,2.7309,2.7468,2.627,2.6729,396346.5
1780574400,2.6793,2.8479,2.6083,2.84,261889.6
1780588800,2.838,2.8988,2.7597,2.792,135339.7
1780603200,2.79,2.8,2.6581,2.7267,131246.7
1780617600,2.7201,2.7596,2.5261,2.5344,381069.2
1780632000,2.5374,2.6008,2.3988,2.4972,226475.5
1780646400,2.4957,2.5078,2.3837,2.3899,261547.5
1780660800,2.3922,2.4204,2.2047,2.213,500085.9
1780675200,2.2129,2.274,2.1168,2.2457,267531.3
1780689600,2.2469,2.365,2.2229,2.2997,141950.3
1780704000,2.3003,2.3401,2.2336,2.2367,55657.3
1780718400,2.2357,2.3168,2.1474,2.291,67200.3
1780732800,2.2925,2.3538,2.257,2.3017,158238.8
1780747200,2.3019,2.3422,2.2747,2.3079,144882.9
1780761600,2.3041,2.3083,2.2659,2.2665,63777.2
1780776000,2.2656,2.3239,2.2619,2.3174,72296.5
1780790400,2.3187,2.3656,2.3169,2.3656,52535.8
1780804800,2.361,2.4866,2.3364,2.4079,100808.6
1780819200,2.4087,2.427,2.3613,2.3713,58295.2
1780833600,2.3689,2.3933,2.3168,2.3611,137533.3
1780848000,2.3652,2.3729,2.2816,2.2908,109024.0
1780862400,2.2908,2.4141,2.286,2.376,103727.8
1780876800,2.3781,2.3913,2.3271,2.3428,39713.3
1780891200,2.3418,2.3867,2.2965,2.3763,75818.0
1780905600,2.3755,2.3895,2.3407,2.3702,57985.8
1780920000,2.3705,2.4046,2.3474,2.3651,87048.3
1780934400,2.3645,2.4011,2.3535,2.3587,58714.9
1780948800,2.3614,2.3885,2.3253,2.3316,56612.2
1780963200,2.3326,2.3327,2.2554,2.2849,70094.3
1780977600,2.2857,2.3528,2.2783,2.3394,55543.5
1780992000,2.3456,2.3477,2.2967,2.3256,38304.4
1781006400,2.3243,2.3423,2.2574,2.2662,81227.3
1781020800,2.2648,2.3095,2.2313,2.2944,81437.8
1781035200,2.2909,2.3062,2.2648,2.2808,22004.0
1781049600,2.2829,2.3055,2.2574,2.2696,24486.8
1781064000,2.2708,2.2811,2.2436,2.2676,17565.1
1781078400,2.2681,2.2681,2.2066,2.2155,86031.4
1781092800,2.214,2.3144,2.2069,2.2615,121615.9
1781107200,2.264,2.2721,2.226,2.2331,49079.8
1781121600,2.2281,2.242,2.174,2.2114,53926.2
1781136000,2.2103,2.2891,2.2095,2.2849,62618.6
1781150400,2.284,2.2913,2.2644,2.2753,37864.9
1781164800,2.2751,2.3009,2.269,2.2974,53672.0
1781179200,2.2953,2.3043,2.2182,2.2252,73694.1
1781193600,2.2303,2.2998,2.2132,2.2799,128386.0
1781208000,2.2837,2.3035,2.2613,2.2758,47170.3
1781222400,2.2762,2.281,2.245,2.2628,59861.9
1781236800,2.2628,2.2799,2.2215,2.2331,58555.5
1781251200,2.2366,2.2801,2.2365,2.2783,36006.3
1781265600,2.2748,2.3144,2.2365,2.2608,99687.5
1781280000,2.2584,2.3016,2.2555,2.2684,68281.1
1781294400,2.2658,2.2901,2.2539,2.29,17754.5
1781308800,2.2904,2.3928,2.2873,2.3479,118741.0
1781323200,2.3478,2.4659,2.3338,2.4142,180325.9
1781337600,2.4117,2.4823,2.3891,2.4482,281782.4
1781352000,2.4463,2.5558,2.4457,2.5315,83694.1
1781366400,2.5385,2.6194,2.4895,2.567,183013.7
1781380800,2.5682,2.612,2.4972,2.507,283547.0
1781395200,2.5069,2.5069,2.4191,2.434,179241.5
1781409600,2.437,2.4752,2.3913,2.4611,162305.1
1781424000,2.4612,2.5573,2.448,2.4562,496940.5
1781438400,2.4551,2.4551,2.4043,2.4315,119047.8
1781452800,2.4309,2.4474,2.4028,2.4244,36433.0
1781467200,2.426,2.5298,2.414,2.5215,55296.6
1781481600,2.523,2.5607,2.4847,2.5432,103656.3
1781496000,2.5423,2.5963,2.5075,2.5101,398454.8
1781510400,2.509,2.5892,2.5051,2.575,309851.6
1781524800,2.5687,2.601,2.5008,2.5418,214574.1
1781539200,2.5393,2.5436,2.407,2.4494,481745.1
1781553600,2.4552,2.4753,2.395,2.4208,73930.1
1781568000,2.4219,2.4306,2.3752,2.4055,126032.4
1781582400,2.4069,2.4478,2.3968,2.4304,51164.4
1781596800,2.4283,2.4698,2.4194,2.4298,95556.3
1781611200,2.4315,2.4543,2.3485,2.368,100471.7
1781625600,2.3678,2.3923,2.3375,2.3502,43939.6
1781640000,2.3516,2.3862,2.3478,2.3559,27782.6
1781654400,2.3567,2.4512,2.3544,2.4106,46983.8
1781668800,2.4124,2.4394,2.3952,2.4226,79614.4
1781683200,2.421,2.4601,2.374,2.4041,57646.9
1781697600,2.404,2.4574,2.3758,2.4464,60976.4
1781712000,2.4504,2.4527,2.33,2.3477,74407.5
1781726400,2.351,2.3707,2.3023,2.3408,71442.9
1781740800,2.3418,2.3521,2.296,2.2989,44803.8
1781755200,2.2984,2.2999,2.2666,2.2931,60576.2
1781769600,2.2928,2.3064,2.2457,2.2506,102182.8
1781784000,2.2536,2.2932,2.175,2.1957,152148.3
1781798400,2.1971,2.2572,2.1916,2.2557,46245.5
1781812800,2.2546,2.2729,2.2321,2.2637,35068.2
1781827200,2.2637,2.2773,2.2232,2.2332,90367.6
1781841600,2.232,2.2405,2.202,2.2249,29195.1
1781856000,2.2267,2.244,2.2092,2.2158,47218.3
1781870400,2.217,2.2619,2.2086,2.2456,23957.1
1781884800,2.2479,2.2606,2.2189,2.2223,19313.7
1781899200,2.2244,2.2667,2.2178,2.265,5455.1
1781913600,2.2656,2.2726,2.2418,2.2611,21604.2
1781928000,2.2638,2.2921,2.2583,2.2767,39773.8
1781942400,2.2794,2.3125,2.2718,2.2856,112025.5
1781956800,2.285,2.311,2.2427,2.3028,92887.6
1781971200,2.305,2.3068,2.2558,2.2782,29984.7
1781985600,2.2799,2.3111,2.2765,2.3001,11265.9
1782000000,2.3012,2.3029,2.2595,2.2747,54119.6
1782014400,2.2752,2.2775,2.2535,2.263,12781.6
1782028800,2.2642,2.2928,2.2567,2.2608,28787.1
1782043200,2.2635,2.289,2.2559,2.2875,26387.7
1782057600,2.2872,2.2898,2.2608,2.2723,19216.1
1782072000,2.2767,2.2767,2.1968,2.2086,45672.3
1782086400,2.2099,2.2869,2.2099,2.237,27738.1
1782100800,2.237,2.2668,2.2297,2.2615,37748.0
1782115200,2.2597,2.2972,2.2506,2.296,74752.8
1782129600,2.298,2.321,2.2742,2.2825,77803.2
1782144000,2.2828,2.2857,2.2386,2.2507,27598.4
1782158400,2.2486,2.2627,2.2188,2.2378,20293.6
1782172800,2.2354,2.2697,2.2306,2.2471,19419.0
1782187200,2.2458,2.2505,2.1692,2.1876,76080.7
1782201600,2.1861,2.1936,2.1274,2.1658,100693.1
1782216000,2.1627,2.1788,2.1374,2.1489,38585.8
1782230400,2.1512,2.1727,2.1424,2.1601,69805.4
1782244800,2.1599,2.2243,2.1595,2.2132,44208.4
1782259200,2.2119,2.2232,2.1799,2.1811,14366.6
1782273600,2.1803,2.195,2.1679,2.1764,15396.8
1782288000,2.1782,2.2073,2.167,2.1925,33422.1
1782302400,2.1925,2.2127,2.1201,2.1285,72486.3
1782316800,2.1253,2.1446,2.0446,2.1129,287360.2
1782331200,2.1135,2.1945,2.1135,2.1862,39928.3
1782345600,2.1862,2.2186,2.178,2.1973,42163.7
1782360000,2.1979,2.2877,2.1922,2.258,79819.4
1782374400,2.26,2.2718,2.2249,2.2341,66787.6
1782388800,2.2366,2.2427,2.0712,2.1763,99458.4
1782403200,2.1756,2.1957,2.1278,2.1409,61657.5
1782417600,2.1438,2.1823,2.1345,2.1674,34346.2
1782432000,2.17,2.1849,2.0808,2.1527,70981.7
1782446400,2.1584,2.1827,2.1331,2.1735,30792.6
1782460800,2.1752,2.177,2.1069,2.1125,32472.0
1782475200,2.1122,2.1945,2.09,2.1799,48367.1
1782489600,2.1815,2.243,2.1815,2.2122,39445.6
1782504000,2.2062,2.2339,2.1925,2.2053,14871.9
1782518400,2.2065,2.2183,2.18,2.1936,32244.7
1782532800,2.1923,2.204,2.1785,2.1884,14212.8
1782547200,2.188,2.188,2.1676,2.1767,17123.6
1782561600,2.1759,2.2033,2.1759,2.1918,21396.1
1782576000,2.1931,2.1959,2.143,2.1528,69457.2
1782590400,2.1535,2.1606,2.136,2.1443,12059.1
1782604800,2.1438,2.1895,2.1374,2.1871,81606.8
1782619200,2.1855,2.1855,2.1392,2.1599,18925.2
1782633600,2.1601,2.1843,2.1429,2.1522,30445.2
1782648000,2.152,2.1798,2.1392,2.1701,19352.8
1782662400,2.1712,2.1713,2.1253,2.1372,34944.1
1782676800,2.1367,2.1501,2.1092,2.1436,64317.3
1782691200,2.1412,2.1987,2.1271,2.1787,35752.0
1782705600,2.1813,2.1814,2.145,2.1686,17216.0
1782720000,2.1702,2.1906,2.157,2.1691,27098.0
1782734400,2.1707,2.196,2.1294,2.1585,59767.9
1782748800,2.1565,2.2009,2.1495,2.1779,28107.3
1782763200,2.1776,2.2329,2.1772,2.1977,40490.3
1782777600,2.1957,2.2032,2.151,2.1524,17605.6
1782792000,2.1527,2.1602,2.1396,2.1435,16810.4
1782806400,2.1423,2.1495,2.1105,2.1179,43180.7
1782820800,2.1175,2.1422,2.0812,2.1024,149772.9
1782835200,2.1033,2.1199,2.0867,2.1062,65371.6
1782849600,2.1034,2.1108,2.0958,2.097,15304.9
1782864000,2.0975,2.1308,2.0486,2.1291,72032.9
1782878400,2.1291,2.1433,2.0995,2.1025,36652.4
1782892800,2.1025,2.1164,2.0864,2.1055,41173.4
1782907200,2.1083,2.2057,2.0996,2.1745,65746.4
1782921600,2.1765,2.188,2.1378,2.1413,26467.2
1782936000,2.1429,2.2532,2.1327,2.1457,45286.5
1782950400,2.1469,2.2012,2.1197,2.2012,54835.3
1782964800,2.1977,2.2015,2.1559,2.1926,18474.6
1782979200,2.1864,2.2475,2.1848,2.2255,98854.0
1782993600,2.2265,2.2511,2.1766,2.1914,64063.3
1783008000,2.1946,2.2129,2.1788,2.1916,21101.7
1783022400,2.1927,2.2005,2.1832,2.1919,4370.2
1783036800,2.1931,2.2209,2.1789,2.2163,24604.4
1783051200,2.2162,2.2204,2.2015,2.2129,39534.3
1783065600,2.2127,2.2504,2.2091,2.2466,75466.4
1783080000,2.2454,2.2547,2.2133,2.2193,50706.8
1783094400,2.2204,2.2429,2.2135,2.2317,40258.7
1783108800,2.2304,2.2515,2.2304,2.2406,74521.5
1783123200,2.2406,2.2476,2.2082,2.2261,24765.6
1783137600,2.2261,2.2329,2.2047,2.2123,22058.8
1783152000,2.2114,2.2208,2.197,2.2166,19001.6
1783166400,2.2171,2.2678,2.2171,2.2678,76093.3
1783180800,2.2685,2.3021,2.2522,2.2626,105897.9
1783195200,2.2614,2.2774,2.2372,2.2454,32583.7
1783209600,2.2447,2.2447,2.2006,2.2062,15159.5
1783224000,2.2039,2.2267,2.2025,2.2245,8286.0
1783238400,2.2231,2.2279,2.1699,2.1766,68030.8
1783252800,2.1744,2.2063,2.1727,2.1952,17063.0
1783267200,2.1973,2.202,2.1807,2.1917,11107.9
1783281600,2.1903,2.2251,2.1847,2.2077,22361.8
1783296000,2.2073,2.2171,2.1805,2.2054,37387.4
1783310400,2.2061,2.2125,2.1465,2.1702,52321.5
1783324800,2.1669,2.1922,2.1478,2.1736,60496.7
1783339200,2.1711,2.2095,2.1276,2.2095,93047.6
1783353600,2.2065,2.2348,2.1999,2.2234,54588.8
1783368000,2.223,2.2724,2.2194,2.2232,24780.9
1783382400,2.2251,2.2442,2.1792,2.1806,56309.1
1783396800,2.1805,2.2322,2.1656,2.2317,63734.8
1783411200,2.2325,2.2659,2.2164,2.2436,122330.5
1783425600,2.2441,2.2592,2.186,2.2543,68510.4
1783440000,2.2569,2.261,2.1919,2.2133,112151.4
1783454400,2.2143,2.2154,2.1767,2.2052,63775.5
1783468800,2.2101,2.2497,2.1746,2.186,100818.5
1783483200,2.1832,2.2079,2.1745,2.1968,16916.4
1783497600,2.1978,2.2001,2.1496,2.1772,75703.7
1783512000,2.178,2.1835,2.1431,2.1682,52764.2
1783526400,2.1665,2.2299,2.1665,2.2086,28734.5
1783540800,2.205,2.2366,2.1852,2.2336,32650.1
1783555200,2.235,2.2788,2.2145,2.2276,111544.4
1783569600,2.2292,2.2642,2.2155,2.2472,93961.0
1783584000,2.2462,2.2713,2.2297,2.2633,44427.5
1783598400,2.2674,2.3009,2.2469,2.2693,92653.6
1783612800,2.2712,2.3964,2.2584,2.3317,142437.6
1783627200,2.3308,2.3629,2.3103,2.35,450928.3
1783641600,2.3508,2.3937,2.3241,2.328,947193.0
1783656000,2.3282,2.3286,2.3014,2.312,40636.4
1783670400,2.3142,2.3459,2.3118,2.3182,72581.5
1783684800,2.3197,2.3355,2.2754,2.2922,644366.1
1783699200,2.2939,2.3165,2.2767,2.2874,58407.3
1783713600,2.2868,2.3017,2.261,2.3009,48541.7
1783728000,2.2999,2.3228,2.2824,2.3026,34903.1
1783742400,2.3022,2.304,2.2771,2.2802,51367.5
1783756800,2.2792,2.2884,2.2748,2.2884,53067.2
1783771200,2.2884,2.2914,2.2616,2.268,66730.9
1783785600,2.2685,2.3159,2.2476,2.3056,90244.8
1783800000,2.3072,2.3138,2.2492,2.2503,35516.9
1783814400,2.2482,2.2815,2.2461,2.2788,37482.1
1783828800,2.2789,2.2875,2.2547,2.2615,18529.8
1783843200,2.2616,2.2696,2.2383,2.2532,21611.4
1783857600,2.253,2.2583,2.2389,2.2458,25934.7
1783872000,2.2448,2.2649,2.2392,2.2644,29858.0
1783886400,2.2659,2.2678,2.2146,2.2182,28742.1
1783900800,2.2182,2.2485,2.1705,2.1866,51768.0
1783915200,2.1858,2.199,2.1744,2.1959,29181.7
1783929600,2.1971,2.2253,2.1943,2.2084,15915.2
1783944000,2.2066,2.209,2.174,2.1775,70746.4
1783958400,2.1768,2.1836,2.1572,2.174,41034.9
1783972800,2.1735,2.1742,2.1458,2.1734,49906.1
1783987200,2.1747,2.1995,2.1678,2.1994,49638.0
1784001600,2.2017,2.212,2.1865,2.1998,24977.4
1784016000,2.2003,2.2031,2.1779,2.1861,27626.3
1784030400,2.1859,2.2464,2.1814,2.2327,58631.3
1784044800,2.2324,2.2377,2.2093,2.2241,17982.8
1784059200,2.224,2.2293,2.2109,2.2207,12622.8
1784073600,2.2206,2.2233,2.1856,2.1994,22318.7
1784088000,2.1982,2.2112,2.1792,2.1854,70235.4
1784102400,2.1853,2.2023,2.1806,2.1976,43061.3
1784116800,2.1975,2.2411,2.1944,2.2092,27709.4
1784131200,2.21,2.2113,2.1838,2.1865,22739.7
1784145600,2.1872,2.2021,2.1721,2.1791,11743.9
1784160000,2.1787,2.1853,2.1612,2.1768,19253.2
1784174400,2.1766,2.188,2.1608,2.1652,23420.6
1784188800,2.1677,2.1681,2.1476,2.1589,37853.7
1784203200,2.1579,2.1804,2.1463,2.1566,28609.5
1784217600,2.1581,2.1582,2.1301,2.1459,42882.2
1784232000,2.1467,2.1542,2.1089,2.1196,57371.6
1784246400,2.1195,2.1383,2.1161,2.128,43720.6
1784260800,2.1263,2.1337,2.11,2.1157,22472.8
1784275200,2.1159,2.1371,2.0925,2.126,33650.9
1784289600,2.1273,2.1438,2.0999,2.1438,46868.4
1784304000,2.1447,2.1567,2.1359,2.1398,76838.5
1784318400,2.1391,2.1461,2.1212,2.1438,120298.9
1784332800,2.1453,2.1705,2.1435,2.162,40215.8
1784347200,2.1627,2.1754,2.1525,2.1544,40736.6
1784361600,2.1541,2.156,2.1415,2.1474,6769.3
1784376000,2.1468,2.1543,2.1342,2.1413,13616.3
1784390400,2.142,2.166,2.1362,2.1625,13712.1
1784404800,2.162,2.1835,2.1617,2.1747,19230.0
1784419200,2.1748,2.1855,2.1635,2.1638,11041.1
1784433600,2.1659,2.1674,2.1575,2.1634,7719.8
1784448000,2.1643,2.171,2.1578,2.1598,11189.1
1784462400,2.158,2.159,2.1438,2.1514,69680.4
1784476800,2.1514,2.1552,2.1271,2.1358,18329.3
1784491200,2.1385,2.1486,2.1273,2.1373,11674.5
1784505600,2.1354,2.1533,2.1275,2.1456,20654.1
1784520000,2.1463,2.1556,2.1073,2.1352,92504.1
1784534400,2.1348,2.1587,2.1211,2.1564,74573.9
1784548800,2.1559,2.1701,2.1289,2.1689,108585.7
1784563200,2.1709,2.1798,2.1549,2.1742,186221.7
1784577600,2.1742,2.2152,2.1699,2.2045,21874.9
1784592000,2.2025,2.237,2.1998,2.218,46027.3
1784606400,2.2202,2.2233,2.208,2.2207,14766.6
1784620800,2.2207,2.2244,2.2007,2.2242,55243.3
1784635200,2.2234,2.2504,2.2213,2.2364,45999.4
1784649600,2.2364,2.2391,2.2128,2.2195,50278.5
1784664000,2.2184,2.2267,2.2071,2.2235,15883.1
1784678400,2.2237,2.2258,2.2014,2.2029,14705.1
1784692800,2.2027,2.2085,2.1629,2.1788,113826.4
1784707200,2.1767,2.197,2.1767,2.1904,57130.8
1784721600,2.1902,2.2048,2.1734,2.2016,36330.4
1784736000,2.2027,2.2168,2.197,2.2087,58685.0
1784750400,2.2094,2.2139,2.1998,2.2058,17258.9
1784764800,2.2066,2.2182,2.1805,2.1837,53655.6
1784779200,2.1862,2.2047,2.1834,2.199,43944.0
1784793600,2.199,2.2063,2.1868,2.1882,30113.2
1784808000,2.1878,2.1921,2.1431,2.1641,103339.0
1784822400,2.1647,2.1647,2.1435,2.1538,158265.1
1784836800,2.1545,2.1697,2.1511,2.1561,57222.3
1784851200,2.156,2.1689,2.142,2.1688,64426.5
1784865600,2.1684,2.1898,2.1666,2.1744,38464.2
1784880000,2.1757,2.1764,2.1445,2.1507,36752.1
1784894400,2.1491,2.1637,2.1257,2.1515,47880.3
1784908800,2.1501,2.1586,2.1357,2.1399,12898.2
1784923200,2.1397,2.1418,2.1256,2.1368,12979.1
1784937600,2.1368,2.1404,2.1197,2.1222,13789.0
1784952000,2.122,2.1502,2.1184,2.1437,35373.5
1784966400,2.1429,2.1429,2.1174,2.1204,30533.0
1784980800,2.1217,2.1429,2.1217,2.1356,43248.6
1784995200,2.1356,2.1547,2.1334,2.1542,10316.7
1785009600,2.1536,2.1576,2.1433,2.1487,28532.0
1785024000,2.149,2.2026,2.143,2.2026,28691.0
1785038400,2.2025,2.2061,2.1614,2.1699,35896.3
1785052800,2.1701,2.1793,2.1665,2.1691,20637.0
1785067200,2.1685,2.1819,2.1553,2.1817,85789.5
1785081600,2.1818,2.1895,2.163,2.1672,17081.5
1785096000,2.1665,2.198,2.165,2.196,11161.0
1785110400,2.1957,2.2032,2.1781,2.1936,19046.9
1785124800,2.1932,2.1994,2.171,2.1733,46520.7
1785139200,2.173,2.1901,2.169,2.1821,22253.3
1785153600,2.1843,2.1967,2.1357,2.1477,22899.2
1785168000,2.1476,2.165,2.1471,2.1529,18603.7
1785182400,2.1534,2.1549,2.085,2.0962,120580.9
1785196800,2.0979,2.1076,2.0725,2.1004,37423.3
1785211200,2.101,2.1018,2.0824,2.0864,33955.2
1785225600,2.0867,2.1079,2.0859,2.1079,74790.6
1785240000,2.1116,2.1259,2.0829,2.117,45515.2
1785254400,2.1181,2.1221,2.1011,2.1189,10857.5
1785268800,2.1199,2.1322,2.1037,2.1167,7085.5
1785283200,2.12,2.1282,2.0689,2.0702,24815.3
1785297600,2.0698,2.0903,2.0609,2.0885,20597.4
1785312000,2.0885,2.0921,2.069,2.0819,24687.1
1785326400,2.0804,2.0962,2.0457,2.0547,62966.2
1785340800,2.0555,2.0945,2.0486,2.0552,81991.6
1785355200,2.0556,2.062,2.0121,2.0593,89415.1
1785369600,2.0594,2.0977,2.0559,2.0836,36673.4
1785384000,2.0843,2.092,2.0652,2.0717,11605.8
1785398400,2.0724,2.0808,2.0683,2.0733,51218.0
1785412800,2.0716,2.0848,2.0586,2.0666,27071.9
1785427200,2.0667,2.088,2.0627,2.0794,15018.4
1785441600,2.0803,2.0885,2.0642,2.0679,6697.7
1785456000,2.0669,2.0991,2.0635,2.0839,20392.5
1785470400,2.0826,2.0837,2.0555,2.0702,21072.4
1785484800,2.0695,2.0739,2.0467,2.0577,31663.5
1785499200,2.0572,2.071,2.036,2.0491,35861.9
1785513600,2.0499,2.0867,2.0492,2.0573,32075.1
1785528000,2.0577,2.0715,2.0553,2.0715,9852.4
1785542400,2.0732,2.0856,2.0667,2.07,17829.1
1785556800,2.0715,2.0804,2.0625,2.0671,7223.9
1785571200,2.0674,2.0731,2.0599,2.0672,31288.2
1785585600,2.0675,2.0727,2.0596,2.0649,7458.1
1785600000,2.0633,2.0709,2.0197,2.0254,29223.1
1785614400,2.0249,2.0388,2.0,2.0197,34659.9
1785628800,2.02,2.0549,2.02,2.0434,26172.6
1785643200,2.0445,2.0679,2.0411,2.0635,17281.7
1785657600,2.0638,2.0651,2.0522,2.0574,38054.1
1785672000,2.0615,2.0829,2.0609,2.0714,24491.1
1785686400,2.0757,2.0931,2.0717,2.0838,18390.1
1785700800,2.0842,2.0926,2.0659,2.0736,19235.2
1785715200,2.0737,2.0782,2.0467,2.0571,16242.8
1785729600,2.054,2.0663,2.0455,2.0477,5252.3
1785744000,2.0474,2.0657,2.0427,2.0594,12650.3
1785758400,2.061,2.0921,2.0602,2.0886,16095.2
1785772800,2.0895,2.1233,2.087,2.1068,41054.9
1785787200,2.1072,2.121,2.0981,2.115,25420.5
1785801600,2.1134,2.1257,2.0947,2.1182,39146.4
1785816000,2.1175,2.124,2.0893,2.101,16845.6
1785830400,2.1007,2.1086,2.0902,2.1054,82858.7
1785844800,2.1034,2.1071,2.0757,2.0909,49311.4
1785859200,2.0929,2.1061,2.0861,2.1011,15704.0
1785873600,2.0998,2.1136,2.0899,2.0906,11722.7
1785888000,2.0902,2.1009,2.083,2.0882,22104.5
1785902400,2.0891,2.1236,2.087,2.1174,15567.4
1785916800,2.1182,2.1193,2.0928,2.0954,61176.7
1785931200,2.0958,2.1019,2.0763,2.0805,22336.9
1785945600,2.0814,2.102,2.0808,2.0994,8463.9
1785960000,2.101,2.1025,2.0861,2.0895,5938.6
1785974400,2.0896,2.1023,2.0827,2.1014,17041.8
1785988800,2.0993,2.1024,2.0924,2.0981,6262.1
1786003200,2.0992,2.1026,2.0704,2.0921,28279.5
1786017600,2.0909,2.1002,2.081,2.081,24674.8
1786032000,2.0853,2.0992,2.0821,2.0885,16444.8
1786046400,2.0861,2.0977,2.084,2.0929,12436.6
1786060800,2.0936,2.0967,2.0741,2.0741,22144.0
1786075200,2.0734,2.0765,2.0608,2.0741,16248.7
1786089600,2.0739,2.0835,2.0678,2.0754,18865.3
1786104000,2.076,2.1022,2.0708,2.0902,55821.1
1786118400,2.096,2.1019,2.0771,2.0981,20965.9
1786132800,2.0977,2.1026,2.0884,2.1,18690.4
1786147200,2.0991,2.1,2.0892,2.0904,59285.6
1786161600,2.0909,2.0992,2.0872,2.0962,26706.8
1786176000,2.0979,2.113,2.0956,2.1013,602257.1
1786190400,2.1027,2.1435,2.0966,2.135,250420.9
1786204800,2.1354,2.3937,2.1353,2.2176,738727.9
1786219200,2.2191,2.2264,2.1725,2.2008,61855.5
1786233600,2.2013,2.2153,2.1587,2.1649,52719.6
1786248000,2.1693,2.194,2.1625,2.1757,26036.1
1786262400,2.176,2.1918,2.172,2.1793,56854.3
1786276800,2.1789,2.2258,2.1782,2.2209,38913.0
1786291200,2.2199,2.2208,2.1927,2.1969,28750.5
1786305600,2.1968,2.2113,2.1649,2.1679,15625.3
1786320000,2.1663,2.1944,2.1643,2.1726,38537.4
1786334400,2.171,2.2163,2.171,2.2127,41573.4
1786348800,2.216,2.2391,2.211,2.2166,57843.9
1786363200,2.2159,2.225,2.2038,2.225,52215.2
1786377600,2.2231,2.3538,2.223,2.3296,217968.6
1786392000,2.3287,2.3482,2.2688,2.286,103788.5
1786406400,2.2853,2.3963,2.2828,2.3738,154767.5
1786420800,2.3745,2.3937,2.3029,2.319,155494.0
1786435200,2.3182,2.326,2.2814,2.2888,69944.3
1786449600,2.2865,2.3468,2.2381,2.2608,133644.8
1786464000,2.2575,2.2705,2.2172,2.2438,62942.0
1786478400,2.243,2.2656,2.2389,2.2421,46920.1
1786492800,2.2409,2.264,2.2371,2.2379,36139.9
1786507200,2.2361,2.2435,2.2156,2.2292,35500.1
1786521600,2.2281,2.2506,2.2168,2.2436,24661.2
1786536000,2.2445,2.2611,2.2233,2.2268,20288.9
1786550400,2.2261,2.2263,2.1752,2.1847,24769.3
1786564800,2.183,2.1869,2.1352,2.1603,40038.1
1786579200,2.1586,2.177,2.1499,2.1641,31706.7
1786593600,2.1623,2.1939,2.1602,2.1807,27326.4
1786608000,2.1807,2.1856,2.1656,2.179,53430.0
1786622400,2.1788,2.1864,2.1483,2.1565,27559.2
1786636800,2.1564,2.1796,2.1414,2.1755,88171.5
1786651200,2.1762,2.1899,2.1709,2.1777,88554.4
1786665600,2.1781,2.1982,2.1591,2.16,30533.9
1786680000,2.1592,2.1792,2.1585,2.1678,48778.0
1786694400,2.1685,2.2273,2.1645,2.2177,145753.9
1786708800,2.2204,2.2205,2.1685,2.1998,50476.4
1786723200,2.2001,2.2246,2.1926,2.2229,59089.5
1786737600,2.2234,2.2505,2.2179,2.2462,37784.7
1786752000,2.2481,2.3257,2.2424,2.2899,77963.2
1786766400,2.2905,2.307,2.2757,2.2797,29988.4
1786780800,2.2796,2.2864,2.2564,2.2564,85416.2
1786795200,2.2562,2.2846,2.2424,2.2818,60090.8
1786809600,2.2829,2.2831,2.2621,2.2636,78909.4
1786824000,2.2632,2.264,2.2291,2.2322,29152.8
1786838400,2.2308,2.2425,2.2113,2.2256,31227.8
1786852800,2.2261,2.2683,2.2254,2.2671,38451.0
1786867200,2.2635,2.2822,2.2635,2.2776,46742.7
1786881600,2.2787,2.287,2.2626,2.2836,21477.7
1786896000,2.2858,2.2858,2.2644,2.2731,19465.8
1786910400,2.2727,2.277,2.2242,2.2599,79607.5
1786924800,2.2597,2.2789,2.2554,2.2704,24101.8
1786939200,2.2705,2.3252,2.2677,2.2958,54942.6
1786953600,2.2929,2.2931,2.266,2.2733,75741.0
1786968000,2.2745,2.2961,2.2567,2.2667,34379.1
1786982400,2.2668,2.2863,2.2469,2.2469,30057.2
1786996800,2.2472,2.2619,2.2457,2.2585,22215.8
1787011200,2.2587,2.2979,2.2572,2.2746,37148.9
1787025600,2.276,2.281,2.2629,2.2702,14876.1
1787040000,2.2686,2.2686,2.223,2.2246,65490.3
1787054400,2.2245,2.2454,2.21,2.21,27666.9
1787068800,2.2109,2.2285,2.1954,2.1974,22563.3
1787083200,2.1985,2.2078,2.1788,2.1955,99915.9
1787097600,2.1958,2.2135,2.1792,2.2096,53311.5
1787112000,2.2062,2.2238,2.1998,2.2108,12934.2
1787126400,2.2107,2.2151,2.1816,2.1862,73453.6
1787140800,2.1851,2.2857,2.165,2.2427,250583.4
1787155200,2.2428,2.2554,2.2236,2.2431,75482.5
1787169600,2.2464,2.3306,2.2323,2.3125,116608.0
1787184000,2.3122,2.3947,2.2825,2.2957,533261.1
1787198400,2.2975,2.3239,2.2806,2.3162,426576.4
1787212800,2.3147,2.3686,2.312,2.3558,88601.2
1787227200,2.3559,2.4182,2.3,2.3743,114685.0
1787241600,2.3731,2.3958,2.3355,2.3576,98533.3
1787256000,2.3588,2.3978,2.3567,2.3913,44801.3
1787270400,2.3898,2.4471,2.3817,2.4168,99893.1
1787284800,2.4188,2.468,2.4069,2.452,107171.9
1787299200,2.4552,2.503,2.427,2.459,243833.3
1787313600,2.4573,2.5231,2.442,2.4943,113601.1
1787328000,2.4935,2.5356,2.4334,2.4394,197072.0
1787342400,2.4365,2.5699,2.4302,2.5293,103312.7
1787356800,2.5257,2.7163,2.5146,2.6407,844939.0
1787371200,2.64,2.7212,2.1032,2.4618,928991.1
1787385600,2.4649,2.4752,2.3419,2.3994,381145.0
1787400000,2.3968,2.4222,2.3556,2.3585,118894.2
1787414400,2.3584,2.4035,2.3582,2.3926,65065.2
1787428800,2.3942,2.4001,2.3161,2.3398,61731.5
1787443200,2.3393,2.3739,2.2801,2.2919,103221.6
1787457600,2.2933,2.3908,2.2768,2.3908,88986.7
1787472000,2.3796,2.459,2.373,2.4502,83957.1
1787486400,2.4526,2.4601,2.3522,2.4175,173204.8
1787500800,2.423,2.4492,2.4088,2.4322,112813.1
1787515200,2.4332,2.4598,2.4208,2.4341,251787.3
1787529600,2.4326,2.4326,2.359,2.3903,71186.8
1787544000,2.3947,2.4178,2.3687,2.3762,38057.0
1787558400,2.3743,2.4536,2.3576,2.4484,116294.0
1787572800,2.447,2.4563,2.3853,2.429,111037.2
1787587200,2.4316,2.4477,2.3869,2.4149,82965.6
1787601600,2.4174,2.4543,2.4015,2.4196,216528.9
1787616000,2.4188,2.4554,2.4068,2.4477,41410.0
1787630400,2.4445,2.4968,2.3923,2.416,167593.4
1787644800,2.4175,2.4421,2.4084,2.4134,65047.0
1787659200,2.414,2.4312,2.3758,2.4196,73937.5
1787673600,2.42,2.4335,2.3859,2.4092,52793.5
1787688000,2.4116,2.4166,2.3292,2.3795,73778.2
1787702400,2.3808,2.4218,2.3673,2.4031,45437.4
1787716800,2.4026,2.4115,2.3776,2.3943,17591.7
1787731200,2.3945,2.4115,2.364,2.3977,80735.4
1787745600,2.3971,2.4262,2.3406,2.3428,128802.5
1787760000,2.3429,2.3633,2.3056,2.3494,126819.3
1787774400,2.3497,2.4072,2.3203,2.4065,47951.4
1787788800,2.4064,2.4065,2.3794,2.3955,35225.3
1787803200,2.3972,2.4266,2.3967,2.4043,50506.6
1787817600,2.4048,2.4735,2.4048,2.4404,166766.9
1787832000,2.4403,2.4928,2.4125,2.4592,149532.1
1787846400,2.4566,2.4791,2.4328,2.4428,33342.6
1787860800,2.4422,2.4713,2.433,2.4591,13076.5
1787875200,2.4614,2.4894,2.4078,2.4225,35363.5
1787889600,2.4208,2.4241,2.3959,2.3975,31732.7
1787904000,2.3981,2.4218,2.3771,2.4087,84945.1
1787918400,2.4093,2.43,2.3757,2.3776,39886.2
1787932800,2.3735,2.3735,2.3027,2.3551,111304.2
1787947200,2.3528,2.3967,2.3477,2.3905,12586.1
1787961600,2.3904,2.4348,2.3803,2.4262,32092.0
1787976000,2.4226,2.4655,2.4138,2.4521,63352.6
1787990400,2.4493,2.505,2.4388,2.4907,136249.1
1788004800,2.4887,2.5438,2.4519,2.5325,93731.1
1788019200,2.5365,2.5404,2.4868,2.51,69225.0
1788033600,2.51,2.5157,2.4722,2.4833,192920.6
1788048000,2.4824,2.485,2.4475,2.4541,57070.8
1788062400,2.4547,2.465,2.4106,2.4127,28877.1
1788076800,2.4119,2.4433,2.4091,2.4428,43496.6
1788091200,2.4427,2.4695,2.4402,2.4532,43198.9
1788105600,2.45,2.4719,2.4432,2.4496,37756.3
1788120000,2.4537,2.4541,2.3189,2.3479,99599.3
1788134400,2.343,2.3837,2.3373,2.3734,22563.5
1788148800,2.373,2.4358,2.3673,2.4243,61498.0
1788163200,2.4241,2.4256,2.3917,2.3953,36174.1
1788177600,2.3976,2.4164,2.375,2.38,26863.1
1788192000,2.3799,2.4122,2.3782,2.3989,34355.7
1788206400,2.3981,2.4157,2.39,2.4012,15691.7
1788220800,2.4005,2.426,2.397,2.4162,67232.5
1788235200,2.4166,2.438,2.4095,2.417,74491.8
1788249600,2.4168,2.4281,2.379,2.4197,48390.2
1788264000,2.4215,2.4729,2.4096,2.4617,81699.9
1788278400,2.4617,2.5179,2.4361,2.4994,102507.9
1788292800,2.5046,2.5057,2.4463,2.4815,46464.4
1788307200,2.4824,2.495,2.4302,2.4772,84478.6
1788321600,2.4746,2.5881,2.4733,2.5467,122983.3
1788336000,2.55,2.564,2.4638,2.4828,202154.5
1788350400,2.4845,2.5341,2.4702,2.5009,118695.1
1788364800,2.5022,2.5022,2.4701,2.4814,107517.8
1788379200,2.482,2.5132,2.4392,2.4666,91607.2
1788393600,2.4652,2.5002,2.4298,2.4744,72737.3
1788408000,2.4752,2.524,2.4536,2.5014,25758.4
1788422400,2.5014,2.5192,2.4853,2.4951,37741.6
1788436800,2.4924,2.5514,2.478,2.5514,94449.4
1788451200,2.5508,2.5519,2.5059,2.5363,110912.3
1788465600,2.5355,2.5593,2.4976,2.5145,99192.6
1788480000,2.512,2.5649,2.5038,2.5527,74807.1
1788494400,2.5556,2.567,2.521,2.5263,55773.5
1788508800,2.5261,2.6042,2.522,2.5796,92896.2
1788523200,2.5792,2.5873,2.1921,2.4594,380707.5
1788537600,2.4578,2.4955,2.4553,2.4827,74148.5
1788552000,2.4847,2.4876,2.4542,2.4696,54096.6
1788566400,2.4696,2.5935,2.4626,2.5935,60903.0
1788580800,2.5853,2.7172,2.5737,2.6408,237131.3
1788595200,2.638,2.6669,2.6121,2.6279,68947.4
1788609600,2.6259,2.6394,2.5949,2.6013,48093.0
1788624000,2.599,2.673,2.5926,2.6583,47972.3
1788638400,2.6583,2.7071,2.6488,2.6721,80119.3
1788652800,2.6714,2.7324,2.6625,2.6708,103618.9
1788667200,2.6708,2.6722,2.6222,2.6689,154818.0
1788681600,2.6686,2.6956,2.6465,2.678,289684.7
1788696000,2.6781,2.8071,2.6581,2.6771,212281.9
1788710400,2.6763,2.6989,2.663,2.6743,173874.8
1788724800,2.675,2.7414,2.6725,2.7326,79865.2
1788739200,2.7315,2.7619,2.6893,2.7177,90733.9
1788753600,2.719,3.0342,2.7189,3.0151,368226.1
1788768000,3.0152,3.0621,2.9044,2.9099,328396.3
1788782400,2.9122,3.0151,2.8722,2.8948,287534.6
1788796800,2.8981,3.082,2.8981,3.0339,404417.8
1788811200,3.0348,3.1323,2.9615,2.9923,242397.4
1788825600,2.9924,3.068,2.9892,2.9989,157874.0
1788840000,2.9985,3.0598,2.9841,3.0355,135843.3
1788854400,3.0343,3.1185,2.9906,3.0065,218317.7
1788868800,3.0056,3.0858,2.9734,3.0262,257119.0
1788883200,3.0257,3.0257,2.9007,2.9067,181819.4
1788897600,2.9077,2.9517,2.9033,2.9408,59974.2
1788912000,2.9364,2.9605,2.8258,2.8464,115273.9
1788926400,2.8434,2.9082,2.8326,2.8727,43790.2
1788940800,2.8732,2.8948,2.8274,2.8724,57617.7
1788955200,2.872,2.8986,2.816,2.8611,140757.7
1788969600,2.8625,2.8882,2.8121,2.8293,114298.2
1788984000,2.8303,2.8534,2.7549,2.7804,67720.9
1788998400,2.7785,2.7965,2.7185,2.7778,96637.0
1789012800,2.7782,2.8087,2.7412,2.7528,70559.7
1789027200,2.7529,2.7718,2.7255,2.7456,61395.8
1789041600,2.7462,2.7894,2.7,2.766,122491.0
1789056000,2.7622,2.7731,2.6968,2.7599,41892.5
1789070400,2.7621,2.8293,2.7578,2.8082,108594.8
1789084800,2.8094,2.8353,2.755,2.7808,53777.0
1789099200,2.7798,2.8204,2.7406,2.7409,41993.0
1789113600,2.7407,2.7648,2.719,2.7486,49393.7
1789128000,2.7486,2.875,2.7047,2.7723,150942.0
1789142400,2.7723,2.8345,2.7314,2.7621,60212.1
1789156800,2.761,2.7932,2.7137,2.7251,131597.4
1789171200,2.7227,2.7772,2.7148,2.7763,39121.9
1789185600,2.7753,2.7927,2.7537,2.7834,39721.3
1789200000,2.784,2.7879,2.7486,2.7529,23542.1
1789214400,2.7531,2.771,2.7435,2.7648,29695.8
1789228800,2.7636,2.7658,2.7225,2.7355,14815.0
1789243200,2.7364,2.7482,2.7302,2.7342,16671.3
1789257600,2.7342,2.7436,2.7159,2.72,43290.9
1789272000,2.7194,2.7291,2.6681,2.6681,40570.2
1789286400,2.6677,2.6704,2.64,2.6554,70528.8
1789300800,2.655,2.8016,2.6532,2.7854,103695.5
1789315200,2.7814,2.8106,2.7502,2.7724,79467.7
1789329600,2.7723,2.8325,2.7211,2.7643,76956.4
1789344000,2.7662,2.8562,2.7462,2.8121,59114.8
1789358400,2.8129,2.8147,2.7641,2.7762,24423.6
1789372800,2.7786,2.7918,2.7352,2.7434,65166.7
1789387200,2.7462,2.7597,2.703,2.7327,90155.4
1789401600,2.7331,2.7959,2.7316,2.7763,79629.1
1789416000,2.7749,2.8127,2.7327,2.7428,83627.0
1789430400,2.7423,2.7484,2.6202,2.6655,137979.1
1789444800,2.6634,2.6634,2.5753,2.5774,86729.9
1789459200,2.5781,2.5947,2.551,2.5579,114724.1
1789473600,2.5579,2.5829,2.5136,2.5425,83538.9
1789488000,2.5423,2.5477,2.4434,2.4825,120148.4
1789502400,2.4843,2.4912,2.4445,2.4834,122623.0
1789516800,2.4831,2.4939,2.4548,2.4774,40587.0
1789531200,2.4765,2.5307,2.474,2.4959,81613.8
1789545600,2.4938,2.5415,2.4776,2.529,55356.2
1789560000,2.5286,2.5309,2.45,2.45,36503.1
1789574400,2.4499,2.5089,2.4355,2.4936,94636.5
1789588800,2.4895,2.576,2.4892,2.5689,47054.1
1789603200,2.5685,2.5844,2.5437,2.5757,40506.6
1789617600,2.5743,2.5774,2.5529,2.5639,34798.3
1789632000,2.5662,2.5781,2.5356,2.5515,55745.2
1789646400,2.5512,2.5891,2.5235,2.5838,77700.6
1789660800,2.5841,2.6378,2.5761,2.6269,81062.3
1789675200,2.6235,2.644,2.5939,2.6338,17972.5
1789689600,2.634,2.8017,2.6222,2.786,59765.3
1789704000,2.7848,2.798,2.7444,2.7553,81976.1
1789718400,2.7553,2.8211,2.7262,2.7514,111945.5
1789732800,2.7517,2.8508,2.7506,2.8358,172259.0
1789747200,2.8353,2.8731,2.8074,2.8529,132487.1
1789761600,2.8512,2.8862,2.8396,2.8625,142962.8
1789776000,2.8654,2.9076,2.8318,2.8748,119074.4
1789790400,2.8746,2.8847,2.8273,2.8516,138367.9
1789804800,2.8545,2.9035,2.8528,2.8812,61638.5
1789819200,2.8826,2.9073,2.852,2.8652,98754.6
1789833600,2.8665,2.9755,2.8604,2.918,161717.8
1789848000,2.9224,2.925,2.8174,2.8665,131630.7
1789862400,2.867,2.8765,2.7382,2.7797,134306.1
1789876800,2.7805,2.7999,2.7663,2.7896,30474.3
1789891200,2.7895,2.8048,2.7479,2.789,195920.3
1789905600,2.7879,2.8154,2.7456,2.8098,237240.1
1789920000,2.8138,2.9614,2.8077,2.888,233058.5
1789934400,2.8924,2.9237,2.8621,2.8992,79897.7
1789948800,2.8986,3.047,2.897,3.0291,247099.4
1789963200,3.0256,3.0265,2.9028,2.9349,170982.3
1789977600,2.935,2.993,2.9254,2.9522,251380.2
1789992000,2.9533,2.9883,2.9272,2.9594,248582.9
1790006400,2.9597,3.0006,2.8742,2.9417,575314.0
1790020800,2.9434,3.0644,2.9423,3.035,216689.4
1790035200,3.0309,3.0789,2.9426,2.9674,202301.8
1790049600,2.9672,2.9798,2.91,2.9599,56113.0
1790064000,2.9605,2.9858,2.9156,2.9403,110066.1
1790078400,2.9388,2.9819,2.8863,2.96,108092.2
1790092800,2.9619,3.0008,2.9225,3.0008,181639.5
1790107200,2.9993,3.045,2.9632,3.0226,114791.6
1790121600,3.0247,3.0765,2.9692,3.0581,105822.8
1790136000,3.0595,3.0688,3.0078,3.0315,268143.5
1790150400,3.0324,3.1779,2.9971,3.171,289411.8
1790164800,3.1716,3.1716,2.8474,2.857,1129297.3
1790179200,2.8569,2.9431,2.8105,2.8984,240294.0
1790193600,2.8995,2.9237,2.8673,2.9207,34165.8
1790208000,2.923,3.0033,2.8692,2.9343,87094.7
1790222400,2.9334,3.008,2.9154,2.9902,104670.4
1790236800,2.9938,3.0079,2.8781,2.9286,140670.3
1790251200,2.9263,3.2141,2.9161,3.1051,596409.1
1790265600,3.1042,3.2085,3.0877,3.1035,252831.9
1790280000,3.1023,3.1619,3.0795,3.0856,138945.6
1790294400,3.0882,3.1202,3.0442,3.0659,65508.7
1790308800,3.066,3.1796,3.0519,3.1717,114850.6
1790323200,3.1672,3.2773,3.1492,3.2369,546005.5
1790337600,3.2369,3.2546,3.0973,3.1251,302858.7
1790352000,3.1354,3.1803,3.1093,3.1611,151940.2
1790366400,3.1628,3.213,3.1418,3.1972,254289.8
1790380800,3.1962,3.217,3.1341,3.1529,115285.5
1790395200,3.1495,3.2493,3.1443,3.2136,53379.1
1790409600,3.2138,3.2395,3.1533,3.2083,157755.7
1790424000,3.2087,3.3339,3.189,3.3084,235268.1
1790438400,3.3063,3.3585,3.2193,3.221,104236.5
1790452800,3.2219,3.2219,3.1167,3.2032,350082.6
1790467200,3.2,3.2222,3.172,3.184,62642.9
1790481600,3.1822,3.2522,3.158,3.2522,79114.5
1790496000,3.2462,3.2462,3.1819,3.2076,156189.0
1790510400,3.2068,3.2172,3.1453,3.1705,175754.7
1790524800,3.1668,3.1989,3.1636,3.1733,118415.2
1790539200,3.1781,3.1916,3.0948,3.1458,279328.7
1790553600,3.1467,3.1613,3.0324,3.0488,348536.1
1790568000,3.0496,3.0874,2.9613,2.967,115180.7
1790582400,2.9657,3.0071,2.9489,2.9814,164993.2
1790596800,2.9807,3.0226,2.9027,2.9635,201825.4
1790611200,2.9577,3.0623,2.9495,3.0145,178933.0
1790625600,3.0126,3.1407,2.9864,3.136,190527.8
1790640000,3.1329,3.2375,3.0468,3.2329,377226.9
1790654400,3.2374,3.4031,3.2017,3.3583,325655.4
1790668800,3.3556,3.4143,3.2838,3.3543,325450.1
1790683200,3.3552,3.4916,3.2955,3.3907,453510.1
1790697600,3.3943,3.4789,3.3125,3.4271,438903.4
1790712000,3.4293,3.5581,3.411,3.4401,574163.0
1790726400,3.4407,3.5064,3.3414,3.3592,698758.6
1790740800,3.359,3.4849,3.3572,3.44,231500.4
1790755200,3.4436,3.513,3.4096,3.4285,170129.3
1790769600,3.4241,3.5518,3.3722,3.4579,427039.3
1790784000,3.4567,3.4966,3.3785,3.3953,244394.0
1790798400,3.4061,3.4061,3.293,3.335,165719.5
1790812800,3.3338,3.4266,3.3176,3.4266,140099.6
1790827200,3.4211,3.4222,3.2892,3.3002,58249.9
1790841600,3.3009,3.3307,3.2524,3.3052,61220.6
1790856000,3.3052,3.3203,3.2226,3.2653,111628.0
1790870400,3.2631,3.2945,3.2344,3.2744,34634.8
1790884800,3.2791,3.2925,3.243,3.2876,23972.7
1790899200,3.2863,3.3122,3.2594,3.2642,31358.7
1790913600,3.2642,3.3211,3.2552,3.3129,40506.2
1790928000,3.3117,3.3206,3.2588,3.2768,50497.4
1790942400,3.274,3.3482,3.2562,3.2783,90409.9
1790956800,3.2805,3.303,3.1727,3.2346,316603.2
1790971200,3.2349,3.287,3.2124,3.2841,53058.1
1790985600,3.2858,3.3869,3.2826,3.3454,107580.4
1791000000,3.3466,3.3466,3.2927,3.2987,65346.2
1791014400,3.2999,3.3419,3.2813,3.2959,51891.4
1791028800,3.2996,3.3073,3.2664,3.2797,39576.8
1791043200,3.2792,3.3211,3.276,3.3151,13684.9
1791057600,3.3159,3.3859,3.3159,3.3628,30243.0
1791072000,3.3629,3.4095,3.2939,3.2997,104516.7
1791086400,3.2993,3.5206,3.2921,3.3778,529099.4
1791100800,3.3794,3.3877,3.3368,3.3382,79498.4
