t,o,h,l,c,v
1719100800,0.77431,0.78685,0.77283,0.78269,75691.0
1719115200,0.78351,0.78351,0.77375,0.77741,44171.0
1719129600,0.77649,0.7848,0.76871,0.77177,56561.0
1719144000,0.77231,0.7838,0.75422,0.75771,149973.0
1719158400,0.75787,0.75912,0.74334,0.75,137596.0
1719172800,0.75019,0.75041,0.73241,0.73465,167103.0
1719187200,0.7352,0.74498,0.72005,0.72805,167293.0
1719201600,0.72895,0.73145,0.70409,0.71601,266602.0
1719216000,0.71593,0.7283,0.6819,0.7201,451120.0
1719230400,0.71907,0.74103,0.71855,0.7231,727926.0
1719244800,0.7241,0.74671,0.7224,0.73026,597238.0
1719259200,0.73318,0.77388,0.72294,0.76776,347523.0
1719273600,0.76712,0.79267,0.7573,0.78743,141525.0
1719288000,0.7889,0.79335,0.77684,0.77684,171273.0
1719302400,0.77633,0.8049,0.7685,0.79808,315953.0
1719316800,0.79696,0.83086,0.7939,0.8243,498912.0
1719331200,0.82417,0.82591,0.80926,0.81991,278016.0
1719345600,0.81926,0.82078,0.80234,0.80628,202344.0
1719360000,0.80617,0.82422,0.79916,0.81026,162288.0
1719374400,0.81055,0.81227,0.79246,0.79996,979085.0
1719388800,0.80087,0.80087,0.78379,0.7892,160634.0
1719403200,0.78916,0.80874,0.78347,0.7885,461082.0
1719417600,0.78881,0.79219,0.77112,0.78849,125667.0
1719432000,0.79161,0.79821,0.78034,0.78276,168127.0
1719446400,0.78322,0.78537,0.77346,0.78062,166077.0
1719460800,0.78117,0.78294,0.76678,0.76987,52117.0
1719475200,0.77094,0.79869,0.76858,0.79394,164979.0
1719489600,0.79394,0.88936,0.78795,0.86005,1142751.0
1719504000,0.85967,0.86616,0.83044,0.85287,395774.0
1719518400,0.85331,0.8646,0.85045,0.85531,418009.0
1719532800,0.85463,0.8669,0.83952,0.84848,98324.0
1719547200,0.84879,0.84879,0.82461,0.83141,231744.0
1719561600,0.83139,0.8351,0.82758,0.83083,67622.0
1719576000,0.83013,0.84186,0.80556,0.82228,381780.0
1719590400,0.82078,0.82408,0.7973,0.79866,348615.0
1719604800,0.79975,0.80474,0.78587,0.79062,103367.0
1719619200,0.79063,0.81436,0.78956,0.80931,42712.0
1719633600,0.80848,0.81353,0.7977,0.81029,72202.0
1719648000,0.81069,0.81917,0.80789,0.81562,74224.0
1719662400,0.81613,0.81842,0.80451,0.81451,33565.0
1719676800,0.81414,0.81488,0.8,0.80508,26052.0
1719691200,0.80481,0.80767,0.78885,0.79472,58720.0
1719705600,0.795,0.80194,0.782,0.78492,58680.0
1719720000,0.78479,0.80195,0.77515,0.7956,199453.0
1719734400,0.79849,0.80504,0.79194,0.79796,49970.0
1719748800,0.7991,0.81603,0.79399,0.81364,252622.0
1719763200,0.81576,0.82075,0.80756,0.81728,50509.0
1719777600,0.81719,0.8271,0.80548,0.81953,239475.0
1719792000,0.81981,0.83696,0.81789,0.83131,245799.0
1719806400,0.83163,0.83623,0.82805,0.83295,162472.0
1719820800,0.83273,0.83878,0.81458,0.81681,417658.0
1719835200,0.81795,0.83634,0.81569,0.83634,116274.0
1719849600,0.83672,0.84959,0.83515,0.84734,195652.0
1719864000,0.84901,0.86019,0.84208,0.84871,324200.0
1719878400,0.84872,0.87062,0.8398,0.86239,119905.0
1719892800,0.86269,0.87041,0.84412,0.85555,123770.0
1719907200,0.85571,0.85916,0.8489,0.85887,178801.0
1719921600,0.85884,0.88061,0.84122,0.8436,1425654.0
1719936000,0.84329,0.87923,0.83488,0.86987,1304745.0
1719950400,0.87163,0.88891,0.86693,0.88455,223169.0
1719964800,0.88497,0.89179,0.84588,0.85322,622304.0
1719979200,0.8518,0.85297,0.82059,0.82627,314985.0
1719993600,0.824,0.82832,0.79268,0.80297,506192.0
1720008000,0.80178,0.81054,0.78292,0.79393,901019.0
1720022400,0.79252,0.80277,0.77325,0.77879,261376.0
1720036800,0.7807,0.78334,0.77314,0.77669,160766.0
1720051200,0.77639,0.79455,0.7376,0.76307,740709.0
1720065600,0.76368,0.87277,0.74303,0.79121,1862758.0
1720080000,0.79121,0.80062,0.75316,0.75833,1917143.0
1720094400,0.75842,0.76701,0.719,0.76402,1105080.0
1720108800,0.76393,0.79829,0.76043,0.78265,592472.0
1720123200,0.78255,0.78932,0.72436,0.72706,879632.0
1720137600,0.72708,0.72884,0.63784,0.65224,2394188.0
1720152000,0.65082,0.68681,0.63402,0.67632,810584.0
1720166400,0.67681,0.71339,0.65376,0.7093,544229.0
1720180800,0.70835,0.75123,0.69875,0.75088,585643.0
1720195200,0.74992,0.75936,0.73302,0.73759,528921.0
1720209600,0.73699,0.74539,0.73301,0.73967,101910.0
1720224000,0.73882,0.76882,0.72575,0.74217,481124.0
1720238400,0.74177,0.75668,0.73701,0.75459,181565.0
1720252800,0.7536,0.77329,0.74537,0.75543,192011.0
1720267200,0.75459,0.77504,0.74519,0.76999,241084.0
1720281600,0.77004,0.79495,0.76763,0.79149,143750.0
1720296000,0.79115,0.8038,0.78895,0.79821,49204.0
1720310400,0.79819,0.79819,0.77292,0.77966,209909.0
1720324800,0.78003,0.78003,0.74932,0.75616,209970.0
1720339200,0.75739,0.76827,0.75453,0.76397,141964.0
1720353600,0.76331,0.76987,0.71747,0.72248,549449.0
1720368000,0.72276,0.73577,0.71921,0.72327,229325.0
1720382400,0.72291,0.72508,0.68698,0.68972,157082.0
1720396800,0.68918,0.69335,0.65869,0.67891,632650.0
1720411200,0.67818,0.69576,0.67485,0.69017,319442.0
1720425600,0.68918,0.74307,0.68877,0.73219,724572.0
1720440000,0.73396,0.74418,0.6989,0.71623,1248836.0
1720454400,0.71642,0.72384,0.70563,0.72282,340005.0
1720468800,0.72261,0.73576,0.71688,0.72595,170033.0
1720483200,0.72544,0.74126,0.71263,0.74096,427503.0
1720497600,0.74234,0.77995,0.73946,0.76706,860418.0
1720512000,0.76763,0.79102,0.76267,0.77751,472418.0
1720526400,0.77734,0.7872,0.75846,0.77477,550013.0
1720540800,0.77414,0.80119,0.77351,0.79947,644250.0
1720555200,0.79954,0.80227,0.78599,0.78789,230514.0
1720569600,0.78741,0.79229,0.76999,0.79218,150103.0
1720584000,0.79159,0.81151,0.79159,0.79934,444001.0
1720598400,0.79943,0.80196,0.78654,0.79042,373822.0
1720612800,0.78999,0.79277,0.77603,0.78513,350736.0
1720627200,0.78402,0.79548,0.76929,0.77217,153254.0
1720641600,0.77181,0.78282,0.76639,0.77931,135436.0
1720656000,0.77918,0.79042,0.76163,0.7672,90095.0
1720670400,0.76596,0.77367,0.76081,0.77064,115882.0
1720684800,0.77133,0.78463,0.76705,0.78255,410635.0
1720699200,0.78269,0.79976,0.74329,0.7469,462429.0
1720713600,0.7458,0.7573,0.74067,0.74256,116005.0
1720728000,0.74216,0.74298,0.73237,0.73346,150213.0
1720742400,0.73535,0.74152,0.71953,0.7315,178332.0
1720756800,0.73158,0.73591,0.72474,0.72948,76427.0
1720771200,0.72933,0.73484,0.72462,0.73189,85767.0
1720785600,0.73192,0.7604,0.73145,0.75849,423472.0
1720800000,0.7576,0.76789,0.75407,0.75407,243458.0
1720814400,0.75525,0.76108,0.74652,0.76066,81751.0
1720828800,0.76088,0.76777,0.75604,0.75678,33245.0
1720843200,0.75714,0.76133,0.75338,0.75572,43039.0
1720857600,0.75582,0.76703,0.7504,0.7598,177793.0
1720872000,0.7593,0.76558,0.7552,0.7607,108318.0
1720886400,0.76093,0.76387,0.75095,0.75629,61496.0
1720900800,0.75595,0.77809,0.75106,0.76553,199765.0
1720915200,0.7653,0.79356,0.7653,0.78351,210551.0
1720929600,0.78319,0.8057,0.78276,0.79844,248128.0
1720944000,0.79971,0.82716,0.79809,0.81689,266894.0
1720958400,0.81672,0.81738,0.79981,0.8158,279750.0
1720972800,0.81492,0.81492,0.80011,0.80311,195830.0
1720987200,0.80323,0.82645,0.80323,0.8202,317312.0
1721001600,0.81964,0.85234,0.81424,0.84228,240445.0
1721016000,0.84251,0.86694,0.83846,0.85957,186394.0
1721030400,0.85974,0.86975,0.84287,0.84588,412625.0
1721044800,0.84577,0.86517,0.84546,0.85755,417148.0
1721059200,0.85694,0.87856,0.85361,0.86877,368265.0
1721073600,0.86905,0.91206,0.867,0.90849,193085.0
1721088000,0.9063,0.91475,0.8843,0.89631,181908.0
1721102400,0.89522,0.89801,0.85196,0.85623,308045.0
1721116800,0.85693,0.87804,0.84167,0.87645,160188.0
1721131200,0.87728,0.89909,0.85954,0.8962,608331.0
1721145600,0.89671,0.91563,0.88235,0.91196,313672.0
1721160000,0.91203,0.91544,0.89375,0.90922,277571.0
1721174400,0.90922,0.94956,0.90692,0.93249,141196.0
1721188800,0.93329,0.94379,0.92112,0.93202,255006.0
1721203200,0.93164,0.95,0.91601,0.92729,286238.0
1721217600,0.92625,0.93522,0.90773,0.90978,1019014.0
1721232000,0.90963,0.91634,0.88667,0.91192,396420.0
1721246400,0.91075,0.91406,0.89381,0.8955,114913.0
1721260800,0.89786,0.93258,0.89786,0.92058,211654.0
1721275200,0.91963,0.96978,0.90592,0.95573,524438.0
1721289600,0.95385,0.98987,0.94564,0.9728,530034.0
1721304000,0.97392,0.98965,0.93105,0.93332,611042.0
1721318400,0.93299,0.95108,0.92367,0.93618,438171.0
1721332800,0.93521,0.971,0.93133,0.96569,169033.0
1721347200,0.9647,0.97195,0.93396,0.96803,253176.0
1721361600,0.96865,1.0052,0.95843,0.96132,720926.0
1721376000,0.96083,0.9747,0.94372,0.96587,509706.0
1721390400,0.96733,1.0107,0.96312,1.0099,547231.0
1721404800,1.0098,1.0365,1.0098,1.0271,504266.0
1721419200,1.0263,1.0278,1.0097,1.0135,304539.0
1721433600,1.0154,1.0552,1.0096,1.0315,235293.0
1721448000,1.0315,1.0367,1.0161,1.0161,104811.0
1721462400,1.0162,1.0222,0.99895,1.0016,262585.0
1721476800,1.0011,1.0114,0.99187,1.008,99911.0
1721491200,1.0081,1.037,1.0046,1.0256,308432.0
1721505600,1.0257,1.0471,1.0257,1.0359,186877.0
1721520000,1.0367,1.0488,1.0244,1.0301,132985.0
1721534400,1.0295,1.0391,1.0148,1.0192,174040.0
1721548800,1.0182,1.0331,1.0161,1.0278,77856.0
1721563200,1.027,1.0445,1.0167,1.034,328550.0
1721577600,1.0341,1.0455,0.98944,1.0424,738251.0
1721592000,1.0423,1.0914,1.0375,1.0862,713015.0
1721606400,1.0852,1.0891,1.0587,1.0588,153993.0
1721620800,1.0585,1.0638,1.0219,1.027,236002.0
1721635200,1.027,1.0533,1.0178,1.0506,200964.0
1721649600,1.0485,1.0554,1.0234,1.0363,355946.0
1721664000,1.0361,1.0525,1.0287,1.0472,231673.0
1721678400,1.0471,1.0488,0.99645,1.0075,393432.0
1721692800,1.0067,1.0184,0.99047,0.99568,97375.0
1721707200,0.99626,0.99784,0.95743,0.97198,382165.0
1721721600,0.97159,0.9942,0.96458,0.96865,269856.0
1721736000,0.96939,0.98682,0.94694,0.97008,539352.0
1721750400,0.96802,0.97115,0.93513,0.94629,438368.0
1721764800,0.94776,0.96132,0.94456,0.95154,68696.0
1721779200,0.95117,0.97996,0.94375,0.97485,174680.0
1721793600,0.97329,0.982,0.96238,0.97503,208379.0
1721808000,0.9751,1.006,0.97182,1.0022,376711.0
1721822400,1.0008,1.026,0.99198,1.0046,751086.0
1721836800,1.0023,1.0287,0.98985,1.0064,198821.0
1721851200,1.007,1.0186,0.98084,0.9955,274342.0
1721865600,0.99674,1.0117,0.95177,0.96152,774185.0
1721880000,0.96244,0.99846,0.95355,0.96891,538883.0
1721894400,0.96974,0.99116,0.95091,0.9584,482773.0
1721908800,0.95646,0.97606,0.92342,0.9632,786904.0
1721923200,0.96175,0.98113,0.93283,0.93825,558249.0
1721937600,0.93871,0.96807,0.92165,0.95675,287365.0
1721952000,0.95747,1.014,0.95602,1.0035,580278.0
1721966400,1.0039,1.0267,1.0035,1.0042,366880.0
1721980800,1.0059,1.0336,1.0059,1.0325,120825.0
1721995200,1.0333,1.0653,1.0157,1.0559,515460.0
1722009600,1.056,1.0818,1.0505,1.0699,215198.0
1722024000,1.0704,1.0769,1.0535,1.0725,154465.0
1722038400,1.0725,1.0802,1.0589,1.0694,260929.0
1722052800,1.0696,1.1461,1.0696,1.1438,434041.0
1722067200,1.1433,1.1797,1.1344,1.148,488673.0
1722081600,1.1464,1.1604,1.1009,1.1051,584714.0
1722096000,1.1051,1.1051,1.0757,1.0891,351109.0
1722110400,1.0871,1.1282,1.0636,1.0966,1237043.0
1722124800,1.0956,1.1464,1.0876,1.1207,772593.0
1722139200,1.1207,1.1268,1.0953,1.1236,253752.0
1722153600,1.1242,1.1418,1.1148,1.135,141651.0
1722168000,1.1349,1.1574,1.1247,1.1247,450321.0
1722182400,1.1245,1.136,1.1152,1.129,534096.0
1722196800,1.1291,1.1324,1.1054,1.1188,168564.0
1722211200,1.1181,1.199,1.1159,1.1851,494084.0
1722225600,1.1853,1.2237,1.1833,1.1965,261307.0
1722240000,1.1976,1.1976,1.1535,1.1652,230860.0
1722254400,1.1645,1.1782,1.1327,1.1457,1306757.0
1722268800,1.1431,1.1528,1.1236,1.1449,614887.0
1722283200,1.1431,1.1465,1.0878,1.0878,555265.0
1722297600,1.0878,1.1008,1.0619,1.084,561293.0
1722312000,1.0841,1.1098,1.079,1.098,400102.0
1722326400,1.0971,1.0997,1.0757,1.0783,355231.0
1722340800,1.0783,1.0901,1.0673,1.0774,543105.0
1722355200,1.0767,1.0821,1.0354,1.0441,846110.0
1722369600,1.0428,1.0543,1.0299,1.0431,529934.0
1722384000,1.0436,1.063,1.0381,1.0531,390517.0
1722398400,1.0541,1.0808,1.0362,1.0735,933342.0
1722412800,1.0737,1.0801,1.055,1.0596,242166.0
1722427200,1.0601,1.0831,1.0462,1.0465,290830.0
1722441600,1.0461,1.0682,1.0183,1.0266,348853.0
1722456000,1.025,1.0258,0.99976,0.99976,270657.0
1722470400,0.99975,1.0086,0.9843,0.98915,254646.0
1722484800,0.98876,0.99344,0.96521,0.98124,198283.0
1722499200,0.98183,0.99615,0.97949,0.994,194098.0
1722513600,0.994,1.0132,0.96041,0.9741,1028378.0
1722528000,0.97291,0.9776,0.94294,0.97005,972671.0
1722542400,0.96977,1.0311,0.96601,1.0259,788159.0
1722556800,1.0257,1.041,0.9821,1.0116,580103.0
1722571200,1.0117,1.0191,0.98,0.98735,756575.0
1722585600,0.98714,0.99668,0.97685,0.98647,490844.0
1722600000,0.98656,1.0065,0.921,0.94674,1653644.0
1722614400,0.94602,0.94759,0.90151,0.90406,408141.0
1722628800,0.90518,0.92394,0.89282,0.91122,1237097.0
1722643200,0.90982,0.92,0.87836,0.90577,901438.0
1722657600,0.90542,0.90687,0.896,0.8964,302684.0
1722672000,0.89564,0.9056,0.88507,0.90306,476222.0
1722686400,0.90342,0.91623,0.85838,0.86017,393921.0
1722700800,0.85878,0.86575,0.8141,0.81749,1140878.0
1722715200,0.81687,0.84347,0.8125,0.83464,362584.0
1722729600,0.83418,0.85531,0.83259,0.85103,317312.0
1722744000,0.85062,0.85183,0.83084,0.83132,105464.0
1722758400,0.83192,0.85682,0.8254,0.85074,216395.0
1722772800,0.85,0.86913,0.80327,0.80327,385408.0
1722787200,0.80351,0.84827,0.76854,0.84066,918516.0
1722801600,0.83936,0.85535,0.81968,0.82455,398560.0
1722816000,0.82415,0.83077,0.7188,0.75575,3080209.0
1722830400,0.75518,0.77915,0.66543,0.74133,3431978.0
1722844800,0.74146,0.74205,0.66504,0.6949,1301415.0
1722859200,0.69536,0.76787,0.65856,0.75093,3362198.0
1722873600,0.75068,0.77714,0.73,0.73836,949096.0
1722888000,0.73889,0.76281,0.73453,0.73453,605174.0
1722902400,0.73377,0.80887,0.73377,0.7971,885229.0
1722916800,0.799,0.84151,0.79284,0.83231,1051321.0
1722931200,0.83182,0.83182,0.79437,0.81246,465957.0
1722945600,0.81224,0.84124,0.78856,0.83989,682048.0
1722960000,0.83966,0.85751,0.83404,0.84326,444798.0
1722974400,0.84185,0.86288,0.8235,0.82841,683204.0
1722988800,0.82693,0.87541,0.81576,0.87372,565920.0
1723003200,0.87384,0.89887,0.87198,0.88029,753201.0
1723017600,0.88209,0.89738,0.86354,0.86839,430603.0
1723032000,0.86719,0.87997,0.82226,0.84163,1342313.0
1723046400,0.84116,0.8426,0.80257,0.80553,422081.0
1723060800,0.80519,0.81538,0.78754,0.7905,442226.0
1723075200,0.79181,0.85867,0.773,0.8414,591386.0
1723089600,0.84173,0.86082,0.83853,0.84741,511709.0
1723104000,0.84769,0.86396,0.84769,0.85568,308192.0
1723118400,0.85554,0.89248,0.8485,0.88823,620563.0
1723132800,0.89009,0.89863,0.85546,0.85602,448851.0
1723147200,0.85715,0.91426,0.8564,0.9123,240661.0
1723161600,0.91207,0.91408,0.87506,0.87801,412504.0
1723176000,0.87798,0.8912,0.86221,0.88115,136662.0
1723190400,0.88123,0.89153,0.8622,0.87035,112395.0
1723204800,0.87066,0.87754,0.84343,0.84343,845855.0
1723219200,0.8442,0.86181,0.84158,0.85821,371129.0
1723233600,0.85769,0.88321,0.85276,0.88226,236235.0
1723248000,0.88059,0.89543,0.86493,0.86775,229476.0
1723262400,0.86831,0.87222,0.85643,0.87086,115576.0
1723276800,0.8741,0.8746,0.86127,0.86597,133005.0
1723291200,0.86627,0.8703,0.8569,0.86232,124440.0
1723305600,0.86207,0.86896,0.85451,0.86299,99921.0
1723320000,0.86304,0.87506,0.86072,0.86776,44494.0
1723334400,0.86528,0.88764,0.86485,0.87803,207903.0
1723348800,0.87869,0.88526,0.8705,0.88288,124201.0
1723363200,0.88269,0.89076,0.8531,0.85846,186015.0
1723377600,0.85691,0.85901,0.82252,0.82337,413834.0
1723392000,0.82174,0.82553,0.80131,0.80156,225041.0
1723406400,0.80164,0.80274,0.78386,0.78587,507643.0
1723420800,0.78535,0.80625,0.78231,0.79815,271835.0
1723435200,0.79895,0.81969,0.78521,0.81599,267711.0
1723449600,0.81759,0.84322,0.80584,0.84129,729349.0
1723464000,0.84072,0.84773,0.79845,0.8287,734952.0
1723478400,0.82916,0.83306,0.79837,0.80136,199165.0
1723492800,0.8017,0.82388,0.79391,0.81696,247736.0
1723507200,0.81674,0.8203,0.79773,0.80002,154611.0
1723521600,0.79993,0.81241,0.79545,0.80591,75447.0
1723536000,0.80552,0.81372,0.79228,0.80144,128807.0
1723550400,0.80266,0.81879,0.79838,0.80868,537448.0
1723564800,0.80688,0.83302,0.80563,0.81594,250126.0
1723579200,0.81629,0.82507,0.81216,0.81871,107352.0
1723593600,0.81859,0.82184,0.80121,0.80695,92748.0
1723608000,0.80688,0.81007,0.79883,0.80738,371802.0
1723622400,0.80751,0.8265,0.80284,0.82266,93757.0
1723636800,0.82311,0.84529,0.79646,0.8047,508299.0
1723651200,0.80304,0.80997,0.78959,0.79225,357183.0
1723665600,0.79255,0.79508,0.78097,0.79006,96175.0
1723680000,0.79035,0.79791,0.78414,0.78531,81251.0
1723694400,0.78566,0.78688,0.76325,0.76981,162026.0
1723708800,0.76971,0.78217,0.76489,0.77994,144695.0
1723723200,0.77984,0.79729,0.77884,0.79019,307090.0
1723737600,0.79111,0.79672,0.74406,0.75533,152259.0
1723752000,0.75512,0.77871,0.74892,0.76898,416454.0
1723766400,0.76754,0.77813,0.75767,0.76259,120983.0
1723780800,0.76296,0.781,0.76057,0.7787,194595.0
1723795200,0.77875,0.78064,0.75621,0.75861,31090.0
1723809600,0.75903,0.76611,0.72739,0.73461,521729.0
1723824000,0.73377,0.75485,0.72428,0.75136,372816.0
1723838400,0.75109,0.75869,0.74199,0.74277,59341.0
1723852800,0.74236,0.75057,0.7366,0.74142,152095.0
1723867200,0.74227,0.74642,0.73937,0.74319,51809.0
1723881600,0.74337,0.74638,0.73442,0.7373,39676.0
1723896000,0.73719,0.7542,0.73688,0.74865,92972.0
1723910400,0.74991,0.76058,0.74908,0.75545,84692.0
1723924800,0.75625,0.76284,0.75347,0.75968,43914.0
1723939200,0.75938,0.76958,0.75349,0.75575,60480.0
1723953600,0.75525,0.76363,0.75075,0.76125,80973.0
1723968000,0.76134,0.78647,0.76,0.7766,301523.0
1723982400,0.77589,0.78859,0.77245,0.78577,243768.0
1723996800,0.7866,0.79163,0.77421,0.78566,149681.0
1724011200,0.78629,0.7911,0.762,0.762,77837.0
1724025600,0.76163,0.76559,0.755,0.76401,107673.0
1724040000,0.76353,0.76476,0.75188,0.75414,230704.0
1724054400,0.75388,0.7617,0.74091,0.75054,157152.0
1724068800,0.7513,0.77152,0.74994,0.76502,234889.0
1724083200,0.76509,0.77953,0.75396,0.77127,199877.0
1724097600,0.77005,0.78039,0.76958,0.77769,216251.0
1724112000,0.7773,0.80037,0.77242,0.79059,404056.0
1724126400,0.79168,0.81095,0.78993,0.80557,447838.0
1724140800,0.80578,0.8061,0.79198,0.79198,113773.0
1724155200,0.79281,0.80276,0.76632,0.7775,398214.0
1724169600,0.77717,0.79248,0.7733,0.79092,111487.0
1724184000,0.79079,0.79615,0.77894,0.77911,102470.0
1724198400,0.77887,0.79205,0.77275,0.78634,141647.0
1724212800,0.78572,0.79834,0.78457,0.79639,106269.0
1724227200,0.79676,0.79856,0.78006,0.78052,136650.0
1724241600,0.78051,0.78305,0.762,0.76936,680689.0
1724256000,0.76967,0.79757,0.76584,0.79639,374490.0
1724270400,0.79774,0.80271,0.79142,0.79388,142290.0
1724284800,0.79465,0.79752,0.77865,0.78913,122001.0
1724299200,0.78835,0.7984,0.7877,0.7984,81385.0
1724313600,0.7984,0.81037,0.79558,0.8099,241246.0
1724328000,0.80965,0.81086,0.79071,0.79328,383507.0
1724342400,0.79269,0.80149,0.79269,0.79517,158504.0
1724356800,0.79567,0.80721,0.79567,0.80293,84371.0
1724371200,0.80316,0.82256,0.80189,0.81531,71081.0
1724385600,0.81555,0.83254,0.81551,0.82659,228749.0
1724400000,0.82667,0.8311,0.81334,0.81373,223041.0
1724414400,0.81492,0.84966,0.81492,0.83203,707537.0
1724428800,0.8321,0.86973,0.83116,0.8671,429456.0
1724443200,0.86716,0.88777,0.86357,0.8785,564718.0
1724457600,0.87836,0.885,0.86864,0.87668,55476.0
1724472000,0.87741,0.89212,0.8761,0.88928,51421.0
1724486400,0.88766,0.9228,0.88324,0.90887,239376.0
1724500800,0.90887,0.91874,0.90248,0.91427,265018.0
1724515200,0.91421,0.9458,0.91354,0.92867,194835.0
1724529600,0.92866,0.935,0.8982,0.9199,194182.0
1724544000,0.91991,0.921,0.88312,0.89166,197756.0
1724558400,0.89128,0.89618,0.86497,0.86984,290674.0
1724572800,0.86826,0.88926,0.86404,0.8818,129207.0
1724587200,0.88196,0.90031,0.87986,0.89234,100899.0
1724601600,0.89385,0.90033,0.88349,0.88807,34953.0
1724616000,0.88893,0.90446,0.88416,0.88675,111668.0
1724630400,0.88838,0.89596,0.87282,0.89575,81001.0
1724644800,0.89581,0.9084,0.88289,0.88816,402442.0
1724659200,0.88794,0.92655,0.88702,0.90727,255294.0
1724673600,0.90778,0.9266,0.87771,0.89364,549049.0
1724688000,0.89187,0.90491,0.87769,0.89144,287796.0
1724702400,0.8925,0.89913,0.87467,0.87817,161783.0
1724716800,0.87777,0.9046,0.87756,0.89969,94965.0
1724731200,0.89936,0.90691,0.86619,0.86802,309812.0
1724745600,0.86855,0.87192,0.8352,0.84436,229391.0
1724760000,0.84471,0.86182,0.83417,0.84162,602484.0
1724774400,0.83737,0.85722,0.8364,0.85024,88904.0
1724788800,0.8492,0.85189,0.78639,0.80344,746768.0
1724803200,0.803,0.81565,0.78908,0.81433,553950.0
1724817600,0.81381,0.81909,0.79351,0.79351,293280.0
1724832000,0.79315,0.82077,0.78771,0.81401,200815.0
1724846400,0.8142,0.82347,0.78605,0.79401,575744.0
1724860800,0.79197,0.80221,0.76774,0.79287,397962.0
1724875200,0.79346,0.80586,0.77712,0.7904,285153.0
1724889600,0.79082,0.79867,0.78514,0.78722,79690.0
1724904000,0.78771,0.79825,0.78374,0.79378,119140.0
1724918400,0.79331,0.80969,0.78925,0.80124,139779.0
1724932800,0.80022,0.81479,0.79614,0.8099,434305.0
1724947200,0.80923,0.81446,0.767,0.77631,578400.0
1724961600,0.77708,0.78138,0.76424,0.77449,240604.0
1724976000,0.77325,0.78239,0.76645,0.76801,87287.0
1724990400,0.76871,0.77561,0.76073,0.76886,115794.0
1725004800,0.76888,0.77597,0.76598,0.76627,119937.0
1725019200,0.76612,0.77833,0.7267,0.72962,977787.0
1725033600,0.72779,0.76205,0.72534,0.7484,631881.0
1725048000,0.74902,0.76266,0.74822,0.7587,523870.0
1725062400,0.75896,0.76547,0.75722,0.76036,77393.0
1725076800,0.76058,0.76235,0.75348,0.75415,40321.0
1725091200,0.75395,0.75498,0.7424,0.74973,47965.0
1725105600,0.74921,0.75327,0.74363,0.74864,30349.0
1725120000,0.74933,0.74933,0.73561,0.73823,87368.0
1725134400,0.73849,0.74709,0.73604,0.74186,239233.0
1725148800,0.74174,0.74457,0.72619,0.7355,286812.0
1725163200,0.7355,0.73699,0.72161,0.73301,111051.0
1725177600,0.73334,0.73334,0.72001,0.72897,282398.0
1725192000,0.72993,0.74122,0.71371,0.73843,252051.0
1725206400,0.73837,0.7453,0.72347,0.74156,434444.0
1725220800,0.74226,0.74604,0.70255,0.7052,473933.0
1725235200,0.70458,0.71661,0.70239,0.71519,553324.0
1725249600,0.71543,0.71674,0.69886,0.70061,108868.0
1725264000,0.70133,0.73301,0.70072,0.72638,228217.0
1725278400,0.72672,0.73335,0.71292,0.72877,239104.0
1725292800,0.72841,0.73549,0.72331,0.73005,93193.0
1725307200,0.731,0.74539,0.72896,0.74194,193270.0
1725321600,0.7419,0.75838,0.73843,0.74722,41332.0
1725336000,0.74787,0.74879,0.73912,0.74524,70149.0
1725350400,0.74424,0.74581,0.73314,0.74223,85309.0
1725364800,0.74238,0.74847,0.71159,0.71259,217532.0
1725379200,0.71285,0.72821,0.70959,0.72091,233941.0
1725393600,0.72172,0.72518,0.70092,0.70193,52251.0
1725408000,0.70187,0.71018,0.671,0.70403,472311.0
1725422400,0.70384,0.72306,0.69513,0.71621,211148.0
1725436800,0.7167,0.7177,0.70231,0.70264,275695.0
1725451200,0.70354,0.73193,0.7,0.73193,395716.0
1725465600,0.73193,0.74181,0.7262,0.73086,148115.0
1725480000,0.72996,0.73619,0.7276,0.73313,57482.0
1725494400,0.73311,0.73779,0.71864,0.71944,181825.0
1725508800,0.71843,0.73399,0.71677,0.72847,189309.0
1725523200,0.72792,0.7319,0.7208,0.72315,143103.0
1725537600,0.72427,0.73837,0.70829,0.71196,398692.0
1725552000,0.71127,0.71588,0.69895,0.69989,86709.0
1725566400,0.70064,0.71084,0.70048,0.70718,70991.0
1725580800,0.70722,0.72065,0.70313,0.71665,102105.0
1725595200,0.71665,0.71923,0.69681,0.70135,89746.0
1725609600,0.70128,0.71768,0.70127,0.71362,147971.0
1725624000,0.71389,0.73122,0.6909,0.70031,1177728.0
1725638400,0.69996,0.70072,0.67689,0.68369,549764.0
1725652800,0.68354,0.68724,0.65859,0.68398,456900.0
1725667200,0.68339,0.68937,0.67959,0.68468,67986.0
1725681600,0.68546,0.70375,0.68486,0.70037,116823.0
1725696000,0.69892,0.69986,0.6952,0.69664,77544.0
1725710400,0.69819,0.70885,0.69706,0.70556,185332.0
1725724800,0.7053,0.70776,0.69158,0.70303,81214.0
1725739200,0.70304,0.70308,0.68968,0.69717,90760.0
1725753600,0.69774,0.70285,0.69241,0.702,121589.0
1725768000,0.7019,0.71156,0.70007,0.70914,57855.0
1725782400,0.70925,0.71717,0.70665,0.71126,90855.0
1725796800,0.71135,0.71315,0.69135,0.69135,40445.0
1725811200,0.6927,0.70012,0.68925,0.69796,93451.0
1725825600,0.69817,0.71736,0.69637,0.70802,171787.0
1725840000,0.70915,0.71601,0.6992,0.70283,142623.0
1725854400,0.70352,0.70582,0.69542,0.70582,46733.0
1725868800,0.70573,0.72055,0.70573,0.70772,443804.0
1725883200,0.708,0.71272,0.6953,0.70387,529642.0
1725897600,0.70538,0.73811,0.70538,0.73785,593823.0
1725912000,0.73841,0.74771,0.73066,0.73451,222385.0
1725926400,0.73521,0.73521,0.72133,0.72301,86534.0
1725940800,0.72319,0.73725,0.72127,0.73517,52889.0
1725955200,0.73497,0.739,0.73026,0.73695,506508.0
1725969600,0.7378,0.74152,0.72653,0.73053,176761.0
1725984000,0.73059,0.75063,0.72912,0.74395,174184.0
1725998400,0.74351,0.74351,0.73469,0.73768,64445.0
1726012800,0.73824,0.73825,0.72108,0.72204,138101.0
1726027200,0.72282,0.72289,0.70707,0.71607,273782.0
1726041600,0.71584,0.71584,0.70493,0.7139,186962.0
1726056000,0.71266,0.72155,0.69596,0.71153,412243.0
1726070400,0.711,0.72565,0.711,0.72066,173206.0
1726084800,0.72046,0.72397,0.71547,0.71777,54215.0
1726099200,0.71846,0.74194,0.71846,0.74036,160812.0
1726113600,0.74066,0.74304,0.73244,0.7366,141934.0
1726128000,0.73711,0.74063,0.73584,0.73914,573266.0
1726142400,0.73954,0.75194,0.73187,0.73338,602099.0
1726156800,0.73276,0.74877,0.7326,0.74863,334868.0
1726171200,0.74813,0.7762,0.74559,0.76599,868554.0
1726185600,0.76659,0.76981,0.75345,0.75345,268961.0
1726200000,0.75334,0.75969,0.74978,0.756,275842.0
1726214400,0.75646,0.75693,0.74227,0.74227,109289.0
1726228800,0.74348,0.77142,0.73854,0.76913,540624.0
1726243200,0.77063,0.77605,0.76193,0.77382,112551.0
1726257600,0.77431,0.78643,0.77292,0.78201,81099.0
1726272000,0.78282,0.78841,0.77663,0.78755,62746.0
1726286400,0.78777,0.79005,0.77291,0.77507,50368.0
1726300800,0.77505,0.77645,0.76471,0.7668,58338.0
1726315200,0.7664,0.77775,0.76612,0.77391,52302.0
1726329600,0.77366,0.7762,0.76216,0.76856,94818.0
1726344000,0.76896,0.77314,0.76861,0.76948,106526.0
1726358400,0.76982,0.77603,0.76876,0.77061,89219.0
1726372800,0.77012,0.77115,0.76583,0.76957,27899.0
1726387200,0.76959,0.76959,0.75687,0.75851,88543.0
1726401600,0.75863,0.76399,0.75385,0.76185,125589.0
1726416000,0.76225,0.76225,0.74218,0.74682,298493.0
1726430400,0.74634,0.74746,0.721,0.73159,464360.0
1726444800,0.73099,0.73415,0.71197,0.72023,249555.0
1726459200,0.72006,0.73303,0.71863,0.73245,79312.0
1726473600,0.73108,0.73864,0.72638,0.73371,207528.0
1726488000,0.73309,0.73647,0.71968,0.72915,295388.0
1726502400,0.7289,0.73137,0.71565,0.72473,146354.0
1726516800,0.72474,0.73233,0.71964,0.72897,45083.0
1726531200,0.72894,0.73205,0.72127,0.72737,47400.0
1726545600,0.72786,0.74028,0.72628,0.73622,58734.0
1726560000,0.73671,0.74086,0.73161,0.73261,380210.0
1726574400,0.73227,0.75447,0.7257,0.74823,319657.0
1726588800,0.7496,0.74968,0.72865,0.73458,211285.0
1726603200,0.73399,0.73742,0.72778,0.73126,35239.0
1726617600,0.73113,0.73782,0.7219,0.73552,83212.0
1726632000,0.73528,0.73601,0.72792,0.73246,485711.0
1726646400,0.73217,0.73235,0.71448,0.72239,60742.0
1726660800,0.72194,0.72491,0.70511,0.70832,145315.0
1726675200,0.7066,0.7389,0.7053,0.72167,912483.0
1726689600,0.7216,0.75716,0.71607,0.75716,168489.0
1726704000,0.75939,0.78556,0.75822,0.78115,419185.0
1726718400,0.78364,0.79127,0.77618,0.78417,273817.0
1726732800,0.78547,0.79862,0.78157,0.79789,166920.0
1726747200,0.79895,0.81477,0.79735,0.81452,365938.0
1726761600,0.81445,0.82328,0.8049,0.8066,903537.0
1726776000,0.80717,0.81128,0.79149,0.8027,265067.0
1726790400,0.80484,0.82154,0.78946,0.82154,329780.0
1726804800,0.82199,0.89295,0.81979,0.88914,1349634.0
1726819200,0.88293,0.88298,0.85753,0.861,848550.0
1726833600,0.86119,0.8659,0.83281,0.84576,1167054.0
1726848000,0.84544,0.85037,0.82167,0.8335,212085.0
1726862400,0.83437,0.84904,0.83213,0.83927,165402.0
1726876800,0.83919,0.84457,0.825,0.83016,59310.0
1726891200,0.8297,0.84024,0.81993,0.83876,142286.0
1726905600,0.83876,0.84497,0.83462,0.84364,119374.0
1726920000,0.84377,0.85745,0.84054,0.84703,249011.0
1726934400,0.84839,0.85779,0.84583,0.84762,392170.0
1726948800,0.84721,0.8614,0.84539,0.85849,187675.0
1726963200,0.85846,0.86611,0.83897,0.84747,86082.0
1726977600,0.84785,0.85233,0.83611,0.84114,20039.0
1726992000,0.84133,0.84544,0.821,0.82743,195046.0
1727006400,0.82705,0.83126,0.81342,0.81994,47267.0
1727020800,0.81966,0.8314,0.81266,0.82666,180700.0
1727035200,0.82626,0.83044,0.80236,0.82398,176360.0
1727049600,0.82522,0.85352,0.80537,0.84421,382971.0
1727064000,0.84418,0.84723,0.8272,0.82827,476385.0
1727078400,0.82717,0.82717,0.80563,0.8127,609572.0
1727092800,0.81167,0.8264,0.80586,0.81886,471699.0
1727107200,0.81886,0.82305,0.80615,0.80615,438867.0
1727121600,0.80613,0.8196,0.80107,0.81745,569296.0
1727136000,0.81772,0.82958,0.8047,0.82375,366252.0
1727150400,0.82718,0.83484,0.81492,0.83479,130687.0
1727164800,0.83575,0.84549,0.82424,0.83157,584219.0
1727179200,0.8313,0.85502,0.82575,0.83881,952927.0
1727193600,0.83898,0.88037,0.83898,0.86651,675411.0
1727208000,0.8681,0.91603,0.86355,0.89967,643696.0
1727222400,0.90056,0.9169,0.89161,0.90409,261874.0
1727236800,0.90381,0.90435,0.87106,0.87626,437279.0
1727251200,0.8754,0.88749,0.8744,0.88747,262884.0
1727265600,0.88767,0.90591,0.87575,0.88528,418413.0
1727280000,0.88503,0.89831,0.87315,0.8797,211250.0
1727294400,0.88,0.88817,0.861,0.865,82829.0
1727308800,0.86702,0.88824,0.858,0.88333,129951.0
1727323200,0.88366,0.90785,0.88141,0.9071,144791.0
1727337600,0.90769,0.93577,0.88955,0.93118,336377.0
1727352000,0.93044,0.96287,0.91222,0.95041,568939.0
1727366400,0.95176,0.96394,0.93019,0.93073,353894.0
1727380800,0.93022,0.94036,0.92049,0.93621,265800.0
1727395200,0.93727,0.95023,0.93208,0.94506,122183.0
1727409600,0.94557,0.95644,0.9285,0.93466,882085.0
1727424000,0.93436,0.95647,0.92268,0.92746,339024.0
1727438400,0.92705,0.96596,0.92382,0.94931,418498.0
1727452800,0.95036,0.95716,0.93132,0.93634,309257.0
1727467200,0.93663,0.94616,0.93327,0.93681,73262.0
1727481600,0.93781,0.95612,0.93734,0.94742,157388.0
1727496000,0.946,0.9476,0.91899,0.92238,268309.0
1727510400,0.92144,0.93317,0.90163,0.9255,230573.0
1727524800,0.92492,0.92521,0.90915,0.91901,189176.0
1727539200,0.91827,0.92286,0.9139,0.91781,40677.0
1727553600,0.91799,0.92125,0.90195,0.91882,140765.0
1727568000,0.91811,0.92625,0.89836,0.91011,88030.0
1727582400,0.91015,0.91351,0.88813,0.8906,99953.0
1727596800,0.89012,0.90557,0.88811,0.90464,421905.0
1727611200,0.90449,0.90783,0.88864,0.90488,658519.0
1727625600,0.90523,0.9277,0.90227,0.9277,339016.0
1727640000,0.92664,0.94359,0.91473,0.91835,468737.0
1727654400,0.91892,0.92582,0.88556,0.8998,407614.0
1727668800,0.89906,0.91096,0.88431,0.90558,192267.0
1727683200,0.90448,0.90564,0.87746,0.8924,534858.0
1727697600,0.89232,0.90776,0.87864,0.87864,568980.0
1727712000,0.87866,0.89122,0.87764,0.88667,591559.0
1727726400,0.88695,0.90099,0.86223,0.86991,927097.0
1727740800,0.86903,0.8896,0.8616,0.88847,558676.0
1727755200,0.88824,0.90188,0.88533,0.89876,308994.0
1727769600,0.899,0.90413,0.89,0.89,704653.0
1727784000,0.89411,0.89799,0.8108,0.83299,1989606.0
1727798400,0.83333,0.83816,0.77763,0.79995,1205595.0
1727812800,0.80059,0.81045,0.77987,0.80971,353159.0
1727827200,0.80655,0.8224,0.79664,0.81704,153022.0
1727841600,0.81695,0.83188,0.81009,0.82484,474404.0
1727856000,0.82447,0.82877,0.79511,0.79933,513067.0
1727870400,0.79892,0.8097,0.77907,0.80801,600615.0
1727884800,0.80738,0.81808,0.76,0.76853,900879.0
1727899200,0.76942,0.78207,0.76396,0.76868,348140.0
1727913600,0.76886,0.78512,0.76058,0.78512,348380.0
1727928000,0.78518,0.78518,0.76037,0.76263,334945.0
1727942400,0.76085,0.76187,0.73193,0.74649,443526.0
1727956800,0.7465,0.75484,0.72206,0.73801,903674.0
1727971200,0.7376,0.74563,0.7227,0.74503,599295.0
1727985600,0.74552,0.74792,0.73328,0.74168,243788.0
1728000000,0.74201,0.7531,0.73433,0.7444,461001.0
1728014400,0.74462,0.76316,0.74462,0.76222,161769.0
1728028800,0.7619,0.77354,0.76049,0.76979,194518.0
1728043200,0.76958,0.77913,0.756,0.77913,678751.0
1728057600,0.77909,0.79127,0.77637,0.78779,396295.0
1728072000,0.78744,0.791,0.77493,0.77899,156522.0
1728086400,0.77959,0.7866,0.76932,0.77271,253475.0
1728100800,0.77131,0.78889,0.7712,0.78277,131823.0
1728115200,0.78289,0.78998,0.78119,0.7824,222049.0
1728129600,0.78234,0.78698,0.77302,0.77734,128808.0
1728144000,0.77661,0.77672,0.75911,0.76019,217873.0
1728158400,0.76026,0.76988,0.75328,0.76333,517814.0
1728172800,0.76323,0.77198,0.76036,0.7634,256921.0
1728187200,0.76287,0.77017,0.7596,0.76709,131826.0
1728201600,0.76731,0.7743,0.76485,0.77355,246101.0
1728216000,0.7739,0.79052,0.77107,0.7875,298922.0
1728230400,0.7889,0.7924,0.77813,0.77902,309804.0
1728244800,0.77903,0.79195,0.77372,0.78969,213360.0
1728259200,0.78896,0.81471,0.78416,0.80584,354869.0
1728273600,0.80619,0.80889,0.79453,0.79488,67474.0
1728288000,0.79528,0.80273,0.77161,0.78581,433846.0
1728302400,0.78583,0.81551,0.78321,0.79504,427562.0
1728316800,0.79559,0.80495,0.77738,0.78783,433435.0
1728331200,0.7884,0.79154,0.75865,0.76743,1673355.0
1728345600,0.76699,0.77985,0.76599,0.77378,292796.0
1728360000,0.77406,0.77543,0.74978,0.75409,253233.0
1728374400,0.75342,0.76027,0.7412,0.75131,196058.0
1728388800,0.75144,0.75592,0.73352,0.74039,483136.0
1728403200,0.73967,0.7463,0.732,0.74045,243233.0
1728417600,0.74076,0.74963,0.73768,0.74418,220011.0
1728432000,0.74426,0.75736,0.74162,0.74823,139708.0
1728446400,0.7478,0.75103,0.7385,0.74191,131626.0
1728460800,0.74164,0.74708,0.739,0.74417,138772.0
1728475200,0.74465,0.74575,0.72664,0.74357,346801.0
1728489600,0.74392,0.74394,0.72631,0.73017,182436.0
1728504000,0.72952,0.73039,0.714,0.72586,185885.0
1728518400,0.72656,0.73299,0.72013,0.72977,119681.0
1728532800,0.73015,0.73556,0.72752,0.72854,32547.0
1728547200,0.72871,0.73473,0.71432,0.73473,108325.0
1728561600,0.73392,0.73434,0.70767,0.72386,427871.0
1728576000,0.7235,0.72635,0.7044,0.72182,557849.0
1728590400,0.7217,0.73591,0.71894,0.73493,192455.0
1728604800,0.73534,0.74489,0.73067,0.7429,140480.0
1728619200,0.7429,0.74958,0.73988,0.74603,320551.0
1728633600,0.74554,0.75176,0.74414,0.74722,350945.0
1728648000,0.74724,0.76466,0.74724,0.7616,358734.0
1728662400,0.76192,0.79301,0.75925,0.78612,519825.0
1728676800,0.78634,0.78866,0.7819,0.78434,177766.0
1728691200,0.78508,0.80188,0.7818,0.78467,596970.0
1728705600,0.78528,0.79307,0.78528,0.79215,102370.0
1728720000,0.7925,0.80071,0.78915,0.795,153577.0
1728734400,0.79495,0.81038,0.79231,0.80037,377346.0
1728748800,0.80074,0.80581,0.79075,0.79322,138637.0
1728763200,0.79378,0.7973,0.78972,0.78991,84767.0
1728777600,0.79033,0.79429,0.7786,0.77895,78800.0
1728792000,0.77905,0.79184,0.77741,0.78877,248886.0
1728806400,0.78871,0.80814,0.78651,0.7867,200720.0
1728820800,0.78742,0.80048,0.76694,0.77596,235477.0
1728835200,0.77618,0.78697,0.77186,0.7813,265758.0
1728849600,0.78123,0.80015,0.77866,0.79394,108063.0
1728864000,0.79571,0.82272,0.78737,0.82263,412507.0
1728878400,0.82324,0.82613,0.80521,0.81931,202044.0
1728892800,0.81867,0.83435,0.80923,0.83356,177704.0
1728907200,0.83312,0.87023,0.82392,0.86196,1052627.0
1728921600,0.86139,0.86324,0.84963,0.85339,356084.0
1728936000,0.85295,0.8938,0.85284,0.8858,583160.0
1728950400,0.88886,0.89762,0.86577,0.86661,568064.0
1728964800,0.86662,0.8799,0.85679,0.87325,161509.0
1728979200,0.87341,0.88216,0.84107,0.84669,384077.0
1728993600,0.84612,0.93623,0.8438,0.87186,2384459.0
1729008000,0.87339,0.91197,0.87172,0.88975,1449389.0
1729022400,0.88882,0.89093,0.8608,0.87824,362932.0
1729036800,0.87771,0.88973,0.8574,0.86741,618609.0
1729051200,0.86721,0.87328,0.84712,0.84966,642148.0
1729065600,0.84851,0.89295,0.84851,0.87908,307280.0
1729080000,0.87815,0.88508,0.8602,0.8689,962791.0
1729094400,0.86846,0.87148,0.85307,0.85733,784876.0
1729108800,0.85804,0.8672,0.85148,0.85427,406969.0
1729123200,0.85557,0.86982,0.85138,0.86007,260601.0
1729137600,0.86092,0.86264,0.82426,0.83233,936443.0
1729152000,0.83302,0.83708,0.8104,0.8129,363698.0
1729166400,0.81178,0.83575,0.81042,0.83184,584620.0
1729180800,0.83151,0.83317,0.80382,0.81437,868867.0
1729195200,0.81486,0.82277,0.81445,0.81938,320481.0
1729209600,0.8198,0.8481,0.8147,0.8369,373613.0
1729224000,0.83731,0.87052,0.83629,0.86472,369096.0
1729238400,0.86371,0.87644,0.85326,0.85379,209829.0
1729252800,0.85301,0.87199,0.84474,0.86117,407496.0
1729267200,0.85974,0.87814,0.85519,0.86247,679606.0
1729281600,0.86234,0.86784,0.85459,0.8662,192198.0
1729296000,0.86618,0.87442,0.85947,0.86092,97856.0
1729310400,0.86236,0.86712,0.85665,0.86199,459291.0
1729324800,0.86278,0.86685,0.84631,0.84631,123019.0
1729339200,0.84678,0.88126,0.84678,0.87067,436674.0
1729353600,0.87006,0.87272,0.85932,0.86631,83902.0
1729368000,0.86576,0.92081,0.86576,0.91439,498076.0
1729382400,0.91533,0.92668,0.88824,0.90307,168462.0
1729396800,0.90288,0.93941,0.89896,0.9188,348512.0
1729411200,0.91997,0.95,0.9145,0.92653,346202.0
1729425600,0.92634,0.93874,0.89766,0.9244,1501691.0
1729440000,0.9248,0.93232,0.91744,0.92299,357877.0
1729454400,0.92338,0.99414,0.91948,0.9757,639627.0
1729468800,0.97696,1.028,0.97548,0.99583,726613.0
1729483200,0.99706,1.0155,0.984,0.99196,501781.0
1729497600,0.99115,1.0059,0.96352,0.97228,1074274.0
1729512000,0.97108,0.97751,0.94481,0.96587,831628.0
1729526400,0.96487,0.9815,0.94895,0.97872,1509246.0
1729540800,0.97744,0.98767,0.9614,0.96423,1185348.0
1729555200,0.96525,0.99391,0.94986,0.97864,1670533.0
1729569600,0.979,0.9979,0.96806,0.9695,1056741.0
1729584000,0.96966,0.98988,0.94342,0.98335,588628.0
1729598400,0.98145,1.0147,0.96049,0.98453,1098211.0
1729612800,0.98289,1.0065,0.97184,0.99867,704259.0
1729627200,0.99825,1.0018,0.98215,0.99201,182132.0
1729641600,0.99213,0.99886,0.97048,0.97618,260858.0
1729656000,0.97598,0.98101,0.96343,0.97139,255741.0
1729670400,0.9712,1.004,0.96444,0.99735,640574.0
1729684800,0.99805,1.0594,0.98489,1.0217,2757208.0
1729699200,1.0223,1.0681,0.98643,1.0593,3151746.0
1729713600,1.0608,1.0792,1.0481,1.0631,1577268.0
1729728000,1.0607,1.1119,1.0549,1.0883,451774.0
1729742400,1.0862,1.0996,1.0567,1.0593,661665.0
1729756800,1.0583,1.066,1.0307,1.0456,861224.0
1729771200,1.0442,1.0578,1.0106,1.011,1607426.0
1729785600,1.0108,1.0388,1.0084,1.0314,440113.0
1729800000,1.0327,1.0907,1.0254,1.0656,866407.0
1729814400,1.0665,1.0671,1.009,1.01,460054.0
1729828800,1.0108,1.0159,0.97527,0.97697,1030718.0
1729843200,0.97715,1.0086,0.9667,1.0041,510751.0
1729857600,1.0039,1.0389,0.9966,1.0044,762580.0
1729872000,1.006,1.0105,0.9561,0.9814,675659.0
1729886400,0.97903,0.98591,0.9,0.95457,1883410.0
1729900800,0.953,0.96333,0.92747,0.94667,1435912.0
1729915200,0.94706,0.98491,0.94669,0.97349,462430.0
1729929600,0.97187,0.9917,0.97108,0.97825,165032.0
1729944000,0.97953,0.98666,0.95707,0.96605,795532.0
1729958400,0.96793,0.99478,0.96371,0.9906,1375429.0
1729972800,0.99068,1.0036,0.97386,0.97678,519978.0
1729987200,0.97681,1.0007,0.9722,0.98728,810710.0
1730001600,0.98756,0.99842,0.98208,0.99229,235786.0
1730016000,0.99243,1.0174,0.99194,1.0098,1171630.0
1730030400,1.0103,1.0643,1.0094,1.0364,759247.0
1730044800,1.0366,1.0449,1.0155,1.0189,593862.0
1730059200,1.0187,1.037,1.0163,1.0174,439921.0
1730073600,1.0176,1.0274,1.0048,1.0157,559539.0
1730088000,1.0149,1.0149,0.98308,1.0089,409644.0
1730102400,1.009,1.0463,1.0088,1.0284,994274.0
1730116800,1.0287,1.063,1.0128,1.0128,1384758.0
1730131200,1.0129,1.0456,1.0098,1.0271,742171.0
1730145600,1.0274,1.0532,1.0177,1.041,747024.0
1730160000,1.0419,1.0692,1.0261,1.0689,626394.0
1730174400,1.07,1.0761,1.0422,1.0468,143920.0
1730188800,1.0468,1.0777,1.0442,1.0517,604812.0
1730203200,1.0522,1.0549,1.0343,1.0531,417729.0
1730217600,1.0526,1.0787,1.0449,1.045,419153.0
1730232000,1.0452,1.0547,1.0234,1.047,329423.0
1730246400,1.0465,1.0519,1.0215,1.0491,263057.0
1730260800,1.0496,1.0756,1.0372,1.0432,240023.0
1730275200,1.0431,1.0492,1.0203,1.0218,126200.0
1730289600,1.0224,1.0288,0.99396,1.0016,405740.0
1730304000,0.99884,1.0164,0.99884,1.0068,177965.0
1730318400,1.0068,1.0192,1.0011,1.0079,127144.0
1730332800,1.008,1.0231,1.0045,1.0054,133628.0
1730347200,1.0045,1.0145,0.99572,1.0047,166710.0
1730361600,1.005,1.0221,0.99852,1.0102,114737.0
1730376000,1.0098,1.0147,0.97113,0.97823,937526.0
1730390400,0.97836,0.98139,0.96618,0.96618,197355.0
1730404800,0.96806,0.97679,0.96025,0.96619,223817.0
1730419200,0.96488,0.97268,0.95008,0.96142,283646.0
1730433600,0.96157,0.96446,0.94196,0.95003,179435.0
1730448000,0.94903,0.98389,0.94703,0.97948,120211.0
1730462400,0.97661,1.019,0.94728,0.95099,410903.0
1730476800,0.94965,0.9735,0.94837,0.96352,405048.0
1730491200,0.96316,0.96762,0.94336,0.95913,86759.0
1730505600,0.96094,0.97575,0.96047,0.96126,104760.0
1730520000,0.96139,0.96212,0.95411,0.96118,60474.0
1730534400,0.96116,0.96331,0.9415,0.9426,42716.0
1730548800,0.94325,0.94702,0.91814,0.92294,200867.0
1730563200,0.92242,0.93551,0.91844,0.92801,145184.0
1730577600,0.9286,0.94002,0.92628,0.92976,47898.0
1730592000,0.93265,0.9346,0.89562,0.90591,458090.0
1730606400,0.90626,0.91679,0.90217,0.91192,91141.0
1730620800,0.91176,0.9146,0.88666,0.88839,91436.0
1730635200,0.88893,0.89372,0.8442,0.86538,472882.0
1730649600,0.86355,0.87386,0.85184,0.86966,248820.0
1730664000,0.87099,0.89,0.86674,0.88279,216494.0
1730678400,0.88151,0.89824,0.86779,0.88507,254705.0
1730692800,0.88566,0.89247,0.87244,0.87552,141715.0
1730707200,0.87468,0.89097,0.86424,0.88858,247930.0
1730721600,0.88893,0.91212,0.87307,0.87755,491776.0
1730736000,0.87797,0.88223,0.85517,0.85768,240116.0
1730750400,0.85688,0.86043,0.82935,0.856,325843.0
1730764800,0.85592,0.87438,0.85464,0.87174,372862.0
1730779200,0.87423,0.90283,0.87423,0.90199,147284.0
1730793600,0.90217,0.91292,0.89391,0.90465,151093.0
1730808000,0.90502,0.94587,0.89807,0.92743,686117.0
1730822400,0.92984,0.94669,0.9013,0.9053,388473.0
1730836800,0.90378,0.92173,0.8991,0.91672,286747.0
1730851200,0.91685,1.0264,0.91154,1.0262,1139605.0
1730865600,1.0263,1.0471,1.003,1.004,1082831.0
1730880000,1.0089,1.0203,0.97808,1.0203,348735.0
1730894400,1.0207,1.0289,0.99849,1.0067,251490.0
1730908800,1.0047,1.0256,0.99736,1.0217,644331.0
1730923200,1.0218,1.046,1.0178,1.0349,758566.0
1730937600,1.0355,1.0726,1.028,1.0439,506544.0
1730952000,1.045,1.0455,1.0086,1.0215,839808.0
1730966400,1.0212,1.0357,1.0069,1.0073,330724.0
1730980800,1.0076,1.0274,0.98474,1.0274,556066.0
1730995200,1.0273,1.0633,1.0249,1.0542,1066957.0
1731009600,1.0543,1.0597,1.025,1.0547,295664.0
1731024000,1.0556,1.1328,1.0554,1.0796,1927312.0
1731038400,1.0796,1.1069,1.075,1.1016,424127.0
1731052800,1.1015,1.1356,1.0848,1.12,503441.0
1731067200,1.1202,1.1411,1.0933,1.1061,1406991.0
1731081600,1.1079,1.113,1.0697,1.1061,635080.0
1731096000,1.1056,1.125,1.0824,1.1132,1694438.0
1731110400,1.1127,1.134,1.0949,1.1055,2296695.0
1731124800,1.107,1.1794,1.107,1.1683,702983.0
1731139200,1.1682,1.26,1.1633,1.2336,829926.0
1731153600,1.234,1.2385,1.1639,1.1755,1729444.0
1731168000,1.1755,1.2136,1.1638,1.2047,780031.0
1731182400,1.2044,1.2349,1.1953,1.2154,652327.0
1731196800,1.2144,1.2636,1.2044,1.2285,647281.0
1731211200,1.2295,1.271,1.2229,1.2449,1760605.0
1731225600,1.2467,1.2602,1.2324,1.2578,507774.0
1731240000,1.2548,1.2803,1.2227,1.2757,861159.0
1731254400,1.277,1.2988,1.23,1.2411,932087.0
1731268800,1.2416,1.2746,1.1705,1.2481,1473615.0
1731283200,1.2484,1.2574,1.2292,1.2422,1172590.0
1731297600,1.2422,1.2435,1.1723,1.2021,667256.0
1731312000,1.1991,1.2517,1.1891,1.2429,381768.0
1731326400,1.2425,1.2545,1.1989,1.2275,1124006.0
1731340800,1.231,1.2401,1.2132,1.2183,800004.0
1731355200,1.2183,1.252,1.2,1.2414,874352.0
1731369600,1.2418,1.2424,1.1847,1.2172,594001.0
1731384000,1.2154,1.2221,1.1853,1.2217,506585.0
1731398400,1.2198,1.2722,1.1031,1.1451,1460008.0
1731412800,1.1444,1.164,1.092,1.1332,981435.0
1731427200,1.1348,1.18,1.1144,1.1605,448052.0
1731441600,1.1611,1.2016,1.1493,1.1693,184311.0
1731456000,1.1693,1.1795,1.1,1.1,550204.0
1731470400,1.1014,1.1165,1.0608,1.094,748558.0
1731484800,1.0942,1.1236,1.085,1.1107,247031.0
1731499200,1.1094,1.1878,1.1015,1.179,888890.0
1731513600,1.1786,1.2335,1.1396,1.1492,2165357.0
1731528000,1.1498,1.1691,1.111,1.1643,623272.0
1731542400,1.165,1.1782,1.1356,1.1781,456157.0
1731556800,1.1771,1.1955,1.1535,1.1746,964713.0
1731571200,1.1727,1.2046,1.1289,1.1479,199047.0
1731585600,1.1431,1.1521,1.0816,1.0841,803191.0
1731600000,1.0845,1.1236,1.0769,1.114,397914.0
1731614400,1.1112,1.1152,1.0524,1.0668,594515.0
1731628800,1.0673,1.0893,1.0515,1.0686,351546.0
1731643200,1.0679,1.078,1.0313,1.0685,306109.0
1731657600,1.0677,1.1038,1.0558,1.1026,152390.0
1731672000,1.1016,1.1132,1.0572,1.0666,372810.0
1731686400,1.0658,1.1105,1.0644,1.1044,172550.0
1731700800,1.1045,1.1466,1.1045,1.1362,208758.0
1731715200,1.1355,1.1605,1.1274,1.1576,149525.0
1731729600,1.1575,1.1586,1.1225,1.1261,217449.0
1731744000,1.1257,1.1391,1.1159,1.1382,156608.0
1731758400,1.1391,1.1511,1.0838,1.0938,506068.0
1731772800,1.0938,1.1278,1.0864,1.1209,426717.0
1731787200,1.121,1.1335,1.1102,1.1188,204469.0
1731801600,1.1184,1.1623,1.0916,1.162,716908.0
1731816000,1.161,1.3239,1.1604,1.2526,2081696.0
1731830400,1.2526,1.2792,1.1872,1.1966,905225.0
1731844800,1.2017,1.211,1.1706,1.1902,1094804.0
1731859200,1.1907,1.2047,1.156,1.1779,383679.0
1731873600,1.1781,1.1936,1.1471,1.1906,473871.0
1731888000,1.1903,1.2154,1.159,1.2113,439906.0
1731902400,1.2121,1.23,1.1913,1.1993,892012.0
1731916800,1.2001,1.2244,1.1673,1.1704,1010754.0
1731931200,1.1707,1.1933,1.125,1.1883,1112897.0
1731945600,1.1884,1.194,1.1253,1.1495,691315.0
1731960000,1.1487,1.1786,1.1469,1.1718,318507.0
1731974400,1.1739,1.1751,1.1516,1.1516,147484.0
1731988800,1.1519,1.1678,1.1395,1.1593,278973.0
1732003200,1.1595,1.1843,1.1511,1.1815,415941.0
1732017600,1.1826,1.1933,1.154,1.171,416720.0
1732032000,1.1708,1.1839,1.1555,1.1609,2032190.0
1732046400,1.1606,1.1655,1.1126,1.135,739358.0
1732060800,1.1349,1.1349,1.0788,1.1025,289202.0
1732075200,1.1012,1.1183,1.093,1.1148,254815.0
1732089600,1.1138,1.1306,1.102,1.1139,290660.0
1732104000,1.1137,1.1377,1.0945,1.1038,487229.0
1732118400,1.104,1.1077,1.0511,1.0627,530026.0
1732132800,1.0616,1.0864,1.0559,1.0694,160210.0
1732147200,1.0663,1.0853,1.0167,1.0387,659948.0
1732161600,1.0405,1.0839,1.0395,1.0759,642688.0
1732176000,1.0774,1.0814,1.0476,1.0585,210123.0
1732190400,1.059,1.1568,1.059,1.1045,1154047.0
1732204800,1.1048,1.1727,1.1027,1.1157,1541524.0
1732219200,1.1169,1.1368,1.1103,1.1312,371825.0
1732233600,1.1329,1.1693,1.1062,1.1559,1368575.0
1732248000,1.1548,1.1583,1.1281,1.1298,397454.0
1732262400,1.1293,1.1409,1.1092,1.1286,293140.0
1732276800,1.1293,1.1356,1.0817,1.1131,875457.0
1732291200,1.1124,1.115,1.0785,1.0879,286311.0
1732305600,1.0873,1.1234,1.0821,1.1234,639033.0
1732320000,1.1245,1.1455,1.1171,1.1455,722633.0
1732334400,1.1427,1.1801,1.1401,1.157,458231.0
1732348800,1.1578,1.1748,1.144,1.1473,194917.0
1732363200,1.1488,1.1995,1.1457,1.1773,830784.0
1732377600,1.1771,1.1888,1.1023,1.1243,963727.0
1732392000,1.1229,1.1501,1.0938,1.1315,716761.0
1732406400,1.1331,1.178,1.1257,1.1696,424625.0
1732420800,1.1692,1.1718,1.1406,1.1611,201339.0
1732435200,1.1605,1.1715,1.0887,1.0917,548071.0
1732449600,1.0901,1.1,1.04,1.0547,1038616.0
1732464000,1.058,1.0993,1.0377,1.0933,592060.0
1732478400,1.0915,1.1357,1.0907,1.1286,234358.0
1732492800,1.1288,1.1449,1.0996,1.1234,265629.0
1732507200,1.1233,1.1464,1.1198,1.1399,187252.0
1732521600,1.1398,1.1671,1.1302,1.138,607788.0
1732536000,1.1375,1.1444,1.0628,1.1152,658575.0
1732550400,1.115,1.1173,1.0701,1.0855,494771.0
1732564800,1.084,1.1004,1.0433,1.0677,479119.0
1732579200,1.0674,1.1003,1.0547,1.0925,130986.0
1732593600,1.0892,1.1011,1.0568,1.062,141908.0
1732608000,1.0614,1.062,0.98804,1.019,861748.0
1732622400,1.0196,1.0295,0.9905,1.0035,771053.0
1732636800,1.0039,1.031,0.98159,1.0085,892701.0
1732651200,1.0068,1.036,1.0063,1.0337,208386.0
1732665600,1.0325,1.0447,1.0174,1.0347,214055.0
1732680000,1.0332,1.0525,1.0248,1.051,104724.0
1732694400,1.0515,1.0672,1.0426,1.0544,452322.0
1732708800,1.0551,1.079,1.0387,1.0742,356453.0
1732723200,1.0743,1.077,1.0596,1.0711,198522.0
1732737600,1.0707,1.1306,1.0707,1.1185,782673.0
1732752000,1.1203,1.1528,1.095,1.1113,1052838.0
1732766400,1.1106,1.115,1.0905,1.0952,208023.0
1732780800,1.0949,1.1067,1.0797,1.0962,274318.0
1732795200,1.0959,1.1052,1.0792,1.0816,405492.0
1732809600,1.0829,1.1209,1.0827,1.1037,363704.0
1732824000,1.1036,1.1387,1.1032,1.1314,544452.0
1732838400,1.1319,1.1736,1.1204,1.1672,542481.0
1732852800,1.1687,1.1718,1.1434,1.1457,902925.0
1732867200,1.1452,1.1861,1.1338,1.1821,786782.0
1732881600,1.182,1.199,1.1454,1.1471,1024509.0
1732896000,1.1453,1.1615,1.1384,1.1593,436263.0
1732910400,1.1596,1.1707,1.15,1.1514,244950.0
1732924800,1.1526,1.1641,1.1379,1.1635,413135.0
1732939200,1.1635,1.1878,1.1615,1.1815,221664.0
1732953600,1.1822,1.1841,1.1487,1.1556,382623.0
1732968000,1.1553,1.176,1.1529,1.174,304809.0
1732982400,1.1741,1.1831,1.1683,1.1743,411579.0
1732996800,1.1737,1.1904,1.1592,1.1598,246839.0
1733011200,1.1599,1.1729,1.1227,1.1372,421984.0
1733025600,1.1368,1.1643,1.1256,1.1616,452289.0
1733040000,1.1605,1.1864,1.1517,1.1833,943587.0
1733054400,1.1845,1.3533,1.1844,1.2511,2768518.0
1733068800,1.2507,1.2701,1.2259,1.2293,997776.0
1733083200,1.229,1.27,1.2029,1.2529,1827601.0
1733097600,1.2525,1.2682,1.1807,1.1873,1849367.0
1733112000,1.1856,1.2257,1.1319,1.2022,2499035.0
1733126400,1.2018,1.2037,1.1285,1.1455,2077006.0
1733140800,1.144,1.1949,1.1345,1.19,853952.0
1733155200,1.1889,1.1957,1.119,1.1562,1409547.0
1733169600,1.1555,1.2049,1.1531,1.2049,543036.0
1733184000,1.2041,1.215,1.1633,1.1974,573906.0
1733198400,1.1972,1.2304,1.1719,1.1917,781099.0
1733212800,1.1909,1.2081,1.1699,1.1935,454705.0
1733227200,1.1919,1.1929,1.0931,1.1582,1542607.0
1733241600,1.1588,1.1924,1.1361,1.1894,633938.0
1733256000,1.1901,1.2974,1.1894,1.2447,2038028.0
1733270400,1.2446,1.3337,1.2443,1.3092,1499368.0
1733284800,1.3084,1.347,1.2915,1.2969,959471.0
1733299200,1.2974,1.3196,1.2927,1.3088,986682.0
1733313600,1.3106,1.3263,1.2686,1.3149,885543.0
1733328000,1.3152,1.3286,1.2399,1.3091,1008158.0
1733342400,1.3072,1.3349,1.269,1.2856,1204706.0
1733356800,1.2866,1.3569,1.2406,1.3027,1725318.0
1733371200,1.303,1.3462,1.2809,1.3061,533024.0
1733385600,1.306,1.3974,1.3022,1.3929,583882.0
1733400000,1.392,1.4413,1.3385,1.3596,950151.0
1733414400,1.3593,1.3773,1.322,1.33,683306.0
1733428800,1.3297,1.3835,1.2763,1.3531,1658647.0
1733443200,1.3539,1.4148,1.3387,1.3946,1652121.0
1733457600,1.394,1.3964,1.3766,1.3926,560264.0
1733472000,1.3927,1.4012,1.3224,1.3346,692781.0
1733486400,1.3327,1.362,1.3015,1.3536,838067.0
1733500800,1.3533,1.3671,1.3407,1.3611,377061.0
1733515200,1.3604,1.3659,1.328,1.3418,439064.0
1733529600,1.3421,1.3553,1.3263,1.3445,189774.0
1733544000,1.3428,1.3626,1.3357,1.3422,167892.0
1733558400,1.3407,1.377,1.3332,1.3651,173755.0
1733572800,1.3645,1.3969,1.349,1.3883,605311.0
1733587200,1.3875,1.403,1.3723,1.3904,362844.0
1733601600,1.3916,1.4112,1.372,1.372,284379.0
1733616000,1.3719,1.39,1.3641,1.3773,386443.0
1733630400,1.3755,1.3782,1.3301,1.3398,329521.0
1733644800,1.34,1.3405,1.3016,1.3272,425713.0
1733659200,1.3271,1.338,1.3133,1.336,174098.0
1733673600,1.3353,1.3366,1.3124,1.3271,218255.0
1733688000,1.327,1.3459,1.3206,1.3412,172463.0
1733702400,1.3403,1.3403,1.2721,1.2851,586772.0
1733716800,1.2847,1.2979,1.2559,1.2725,455125.0
1733731200,1.2715,1.2715,1.2047,1.2102,544714.0
1733745600,1.2073,1.2623,1.1957,1.2185,681758.0
1733760000,1.2152,1.236,1.2061,1.2063,1299815.0
1733774400,1.2077,1.2085,0.86368,1.0877,6324970.0
1733788800,1.0873,1.1011,1.009,1.0633,1799392.0
1733803200,1.0623,1.0816,1.0383,1.0737,2534848.0
1733817600,1.0708,1.0943,1.0556,1.0656,330696.0
1733832000,1.0644,1.066,0.95454,0.98671,1383577.0
1733846400,0.98761,1.0308,0.96992,1.0293,1689141.0
1733860800,1.0276,1.0622,1.0238,1.0519,1220506.0
1733875200,1.0506,1.0741,1.0132,1.0716,1109277.0
1733889600,1.0718,1.081,1.0545,1.0554,522432.0
1733904000,1.0563,1.1364,1.0554,1.1143,322887.0
1733918400,1.1143,1.15,1.1052,1.1396,1380013.0
1733932800,1.14,1.155,1.1257,1.1433,315084.0
1733947200,1.1428,1.148,1.127,1.1281,528789.0
1733961600,1.1306,1.1852,1.1256,1.1759,403754.0
1733976000,1.1768,1.1969,1.1682,1.182,337097.0
1733990400,1.1834,1.2224,1.1642,1.1691,726894.0
1734004800,1.1706,1.2035,1.1679,1.175,484346.0
1734019200,1.177,1.1932,1.1332,1.1383,1307531.0
1734033600,1.1359,1.1531,1.1238,1.1423,454797.0
1734048000,1.143,1.158,1.1049,1.1396,1850112.0
1734062400,1.1388,1.1404,1.1049,1.1179,142573.0
1734076800,1.1177,1.1383,1.1134,1.1238,167187.0
1734091200,1.1237,1.139,1.1013,1.1025,239770.0
1734105600,1.1023,1.1216,1.0977,1.1189,190627.0
1734120000,1.1178,1.1314,1.1058,1.1271,186873.0
1734134400,1.1256,1.1485,1.121,1.1256,154749.0
1734148800,1.126,1.1399,1.115,1.1212,347643.0
1734163200,1.1226,1.1281,1.1002,1.1037,194897.0
1734177600,1.1035,1.1061,1.0639,1.0887,372457.0
1734192000,1.0875,1.0875,1.0586,1.073,314980.0
1734206400,1.0724,1.0889,1.0535,1.0845,241580.0
1734220800,1.0835,1.093,1.0695,1.0695,199856.0
1734235200,1.0717,1.0875,1.044,1.0536,413586.0
1734249600,1.0527,1.0771,1.0526,1.0723,99954.0
1734264000,1.0723,1.1091,1.0692,1.0997,170959.0
1734278400,1.101,1.1057,1.0879,1.0969,106224.0
1734292800,1.0968,1.1172,1.0596,1.1107,273636.0
1734307200,1.112,1.1327,1.0831,1.0861,867851.0
1734321600,1.0874,1.1014,1.082,1.0932,179134.0
1734336000,1.0937,1.0949,1.0455,1.0482,286380.0
1734350400,1.0467,1.0706,1.0423,1.0658,1104193.0
1734364800,1.0648,1.096,1.0624,1.0777,411379.0
1734379200,1.0793,1.0853,1.0604,1.0635,183322.0
1734393600,1.0645,1.0645,1.0327,1.053,391548.0
1734408000,1.0536,1.0536,1.0331,1.0369,245408.0
1734422400,1.0385,1.0832,1.0367,1.0698,277785.0
1734436800,1.0711,1.0973,1.0255,1.0367,841630.0
1734451200,1.0358,1.0759,1.0276,1.0591,579092.0
1734465600,1.0592,1.065,1.0182,1.0297,464751.0
1734480000,1.0322,1.0421,1.0029,1.0059,998572.0
1734494400,1.0053,1.0082,0.98499,0.9997,452514.0
1734508800,0.9991,1.0163,0.99244,1.0091,298528.0
1734523200,1.0087,1.013,0.98827,1.004,288863.0
1734537600,1.0037,1.0186,0.98181,0.98232,588157.0
1734552000,0.98232,0.986,0.92144,0.92666,2765865.0
1734566400,0.92635,0.93634,0.86168,0.93065,1973130.0
1734580800,0.9301,0.93772,0.92111,0.93668,685719.0
1734595200,0.93411,0.94432,0.9205,0.93598,523575.0
1734609600,0.93546,0.93862,0.88061,0.8993,919342.0
1734624000,0.89801,0.90766,0.818,0.83671,2270432.0
1734638400,0.83838,0.87027,0.81102,0.8516,816544.0
1734652800,0.85213,0.87987,0.83277,0.8646,591770.0
1734667200,0.8655,0.87042,0.82458,0.84264,786666.0
1734681600,0.84471,0.84491,0.74631,0.74863,3260607.0
1734696000,0.74673,0.8445,0.7463,0.83795,1265207.0
1734710400,0.83919,0.87173,0.82986,0.8649,849993.0
1734724800,0.86565,0.88601,0.84991,0.8781,441372.0
1734739200,0.87547,0.89568,0.87186,0.87428,625639.0
1734753600,0.87506,0.93567,0.8748,0.92054,293608.0
1734768000,0.92027,0.92264,0.87799,0.88511,709537.0
1734782400,0.88575,0.88575,0.82771,0.84576,1321125.0
1734796800,0.84537,0.84545,0.80777,0.81885,687245.0
1734811200,0.82015,0.83027,0.80708,0.8175,403499.0
1734825600,0.82009,0.83004,0.80173,0.81451,560473.0
1734840000,0.81546,0.81942,0.78901,0.81675,500598.0
1734854400,0.81942,0.84621,0.81845,0.84081,211744.0
1734868800,0.84055,0.84863,0.79869,0.81538,514287.0
1734883200,0.81465,0.82814,0.79674,0.79853,568926.0
1734897600,0.80044,0.82352,0.79062,0.81309,451527.0
1734912000,0.81332,0.84095,0.79447,0.83987,590235.0
1734926400,0.84085,0.84611,0.8088,0.82064,1054375.0
1734940800,0.82096,0.84134,0.82081,0.82266,762053.0
1734955200,0.82281,0.83276,0.80771,0.80877,361408.0
1734969600,0.80769,0.84951,0.80769,0.84209,1730469.0
1734984000,0.84168,0.88546,0.84101,0.87034,404266.0
1734998400,0.86968,0.87005,0.84407,0.86016,360379.0
1735012800,0.86017,0.86834,0.85307,0.85865,136683.0
1735027200,0.85841,0.86794,0.85357,0.86621,152154.0
1735041600,0.86646,0.90742,0.85923,0.90208,485334.0
1735056000,0.9022,0.90615,0.88495,0.88562,387627.0
1735070400,0.88539,0.89936,0.87622,0.89531,271563.0
1735084800,0.89466,0.91774,0.89169,0.90617,258025.0
1735099200,0.90621,0.9095,0.89512,0.89553,146030.0
1735113600,0.89558,0.91136,0.89146,0.89146,128056.0
1735128000,0.89137,0.91336,0.88715,0.89877,205453.0
1735142400,0.89952,0.90755,0.88559,0.90414,202971.0
1735156800,0.90424,0.91129,0.88678,0.89835,245072.0
1735171200,0.89864,0.91043,0.87829,0.87877,154348.0
1735185600,0.8783,0.8783,0.85509,0.85509,183178.0
1735200000,0.85739,0.85745,0.82963,0.84406,317856.0
1735214400,0.84457,0.84713,0.83391,0.83782,459043.0
1735228800,0.8375,0.8488,0.82912,0.83933,378133.0
1735243200,0.8389,0.84292,0.82526,0.83571,176313.0
1735257600,0.83748,0.84773,0.82917,0.83804,348588.0
1735272000,0.83847,0.84388,0.81671,0.82124,195760.0
1735286400,0.82403,0.86407,0.82403,0.85342,589673.0
1735300800,0.85368,0.85494,0.80856,0.81288,372743.0
1735315200,0.81411,0.83166,0.8033,0.82678,760225.0
1735329600,0.82745,0.82745,0.80716,0.81258,182922.0
1735344000,0.81403,0.81849,0.80614,0.81328,85685.0
1735358400,0.81253,0.81639,0.80103,0.80133,148830.0
1735372800,0.80141,0.81483,0.80089,0.81483,157291.0
1735387200,0.81489,0.83205,0.80788,0.82502,209319.0
1735401600,0.82723,0.84722,0.8233,0.83548,244694.0
1735416000,0.83599,0.84819,0.83184,0.84277,122856.0
1735430400,0.84293,0.84348,0.82713,0.83684,295523.0
1735444800,0.83845,0.84094,0.82792,0.83828,574764.0
1735459200,0.83896,0.83936,0.82942,0.83099,267139.0
1735473600,0.83173,0.83785,0.81636,0.82555,734055.0
1735488000,0.82589,0.82613,0.80948,0.81629,362571.0
1735502400,0.81534,0.81534,0.79608,0.80284,292694.0
1735516800,0.80164,0.8256,0.79781,0.81495,263129.0
1735531200,0.81539,0.82706,0.80676,0.82165,138341.0
1735545600,0.82155,0.82695,0.81463,0.82593,197591.0
1735560000,0.82573,0.83533,0.789,0.79656,1012289.0
1735574400,0.795,0.83034,0.78521,0.82956,795733.0
1735588800,0.83061,0.8333,0.79704,0.81319,554710.0
1735603200,0.81217,0.81217,0.79426,0.80238,376417.0
1735617600,0.80204,0.80963,0.79588,0.80877,229144.0
1735632000,0.80835,0.8395,0.80835,0.83602,564815.0
1735646400,0.83645,0.85442,0.82804,0.84594,520770.0
1735660800,0.84614,0.85484,0.82971,0.83393,445387.0
1735675200,0.83609,0.83993,0.81686,0.81756,537484.0
1735689600,0.81555,0.83971,0.81418,0.82661,101809.0
1735704000,0.82631,0.82667,0.81917,0.82496,84149.0
1735718400,0.82558,0.83066,0.80613,0.82612,236229.0
1735732800,0.82647,0.83757,0.82195,0.83757,235807.0
1735747200,0.83751,0.84989,0.82794,0.846,148833.0
1735761600,0.84699,0.85555,0.84654,0.851,214539.0
1735776000,0.85122,0.87538,0.84825,0.86959,318921.0
1735790400,0.86946,0.91621,0.8693,0.90356,374844.0
1735804800,0.90374,0.91877,0.8972,0.91744,286959.0
1735819200,0.91714,0.92334,0.89756,0.90309,310417.0
1735833600,0.90318,0.91662,0.89936,0.91194,527123.0
1735848000,0.91207,0.92879,0.90628,0.92245,243917.0
1735862400,0.92533,0.92533,0.90496,0.91966,334630.0
1735876800,0.9178,0.9334,0.91119,0.91672,276721.0
1735891200,0.91619,0.95701,0.91424,0.95391,229467.0
1735905600,0.95302,0.96732,0.93724,0.96373,670322.0
1735920000,0.96258,0.97291,0.95739,0.95985,430317.0
1735934400,0.95915,0.96388,0.95234,0.962,369802.0
1735948800,0.96215,0.96274,0.94732,0.9603,250898.0
1735963200,0.96021,0.96501,0.95096,0.96109,102002.0
1735977600,0.96025,0.96069,0.9475,0.95918,252008.0
1735992000,0.9584,0.96718,0.93665,0.94235,244050.0
1736006400,0.94223,0.95019,0.9374,0.94891,1067585.0
1736020800,0.949,0.95415,0.94788,0.95369,179832.0
1736035200,0.95365,0.96718,0.94883,0.96211,112080.0
1736049600,0.96374,0.96561,0.95477,0.95788,282071.0
1736064000,0.95792,0.95904,0.94088,0.95102,82747.0
1736078400,0.95118,0.9574,0.93673,0.94768,135694.0
1736092800,0.9457,0.95112,0.93437,0.94188,142691.0
1736107200,0.94281,0.95624,0.94239,0.94584,178026.0
1736121600,0.94723,0.95665,0.92908,0.95203,286554.0
1736136000,0.95264,0.95618,0.93981,0.94398,142420.0
1736150400,0.9439,0.95366,0.9344,0.95341,163242.0
1736164800,0.95395,0.97236,0.94435,0.97236,568104.0
1736179200,0.97269,0.98241,0.95221,0.96663,699118.0
1736193600,0.96609,0.96901,0.95188,0.95615,515395.0
1736208000,0.9551,0.96208,0.9428,0.95111,213104.0
1736222400,0.95116,0.95153,0.94164,0.9486,216900.0
1736236800,0.94912,0.9568,0.94184,0.94721,141787.0
1736251200,0.94735,0.9523,0.89133,0.90399,1230795.0
1736265600,0.90288,0.9097,0.8657,0.86834,1333758.0
1736280000,0.86809,0.8744,0.85859,0.85902,205227.0
1736294400,0.85852,0.86517,0.83633,0.84079,554331.0
1736308800,0.83931,0.84241,0.81,0.82665,546676.0
1736323200,0.82551,0.83636,0.81649,0.82105,200223.0
1736337600,0.8203,0.83875,0.8151,0.83082,368890.0
1736352000,0.83198,0.83246,0.78297,0.81321,1036878.0
1736366400,0.81225,0.83315,0.80693,0.82921,154012.0
1736380800,0.82734,0.8418,0.81892,0.82086,227398.0
1736395200,0.82119,0.82398,0.79908,0.80008,285872.0
1736409600,0.8001,0.82123,0.79687,0.81768,175431.0
1736424000,0.8171,0.82339,0.78352,0.81724,408852.0
1736438400,0.81778,0.82286,0.78764,0.78953,308495.0
1736452800,0.78846,0.79935,0.77729,0.79151,514362.0
1736467200,0.79143,0.80458,0.79143,0.80321,164161.0
1736481600,0.80531,0.82,0.79862,0.81452,240584.0
1736496000,0.81402,0.81881,0.80776,0.81276,140380.0
1736510400,0.8132,0.81429,0.77832,0.79493,737115.0
1736524800,0.79494,0.81698,0.7846,0.80738,294110.0
1736539200,0.80531,0.80764,0.79655,0.80114,98514.0
1736553600,0.8011,0.80374,0.7907,0.7919,101465.0
1736568000,0.79356,0.79708,0.7868,0.79009,107115.0
1736582400,0.7908,0.79769,0.78515,0.79561,73460.0
1736596800,0.79522,0.79719,0.78781,0.78915,91192.0
1736611200,0.7894,0.79433,0.78711,0.78962,71746.0
1736625600,0.78983,0.83109,0.78851,0.81504,468790.0
1736640000,0.81551,0.8201,0.8082,0.81492,121970.0
1736654400,0.81604,0.817,0.8027,0.80919,63198.0
1736668800,0.80935,0.81037,0.79525,0.8049,85642.0
1736683200,0.80419,0.81849,0.79928,0.81657,93717.0
1736697600,0.81829,0.81829,0.80566,0.8066,108268.0
1736712000,0.8066,0.80977,0.789,0.79984,122259.0
1736726400,0.79866,0.82433,0.78,0.78364,597963.0
1736740800,0.78245,0.79436,0.7627,0.76567,617254.0
1736755200,0.76643,0.76721,0.72157,0.72157,2722443.0
1736769600,0.7223,0.75705,0.707,0.74862,1217817.0
1736784000,0.74774,0.74904,0.72128,0.73877,622242.0
1736798400,0.73733,0.77702,0.73508,0.77153,672605.0
1736812800,0.77139,0.7838,0.76724,0.77848,314456.0
1736827200,0.77972,0.7908,0.77885,0.78376,274632.0
1736841600,0.78371,0.81153,0.78371,0.79053,731070.0
1736856000,0.791,0.80313,0.78094,0.79089,480506.0
1736870400,0.78839,0.79564,0.78318,0.79073,269104.0
1736884800,0.79162,0.80556,0.78633,0.79914,211458.0
1736899200,0.79991,0.80938,0.79416,0.80468,228856.0
1736913600,0.80575,0.8074,0.79948,0.80162,69952.0
1736928000,0.80212,0.80634,0.77798,0.78356,131823.0
1736942400,0.78383,0.82752,0.77843,0.8216,1143064.0
1736956800,0.82215,0.83176,0.80191,0.82477,3046566.0
1736971200,0.82567,0.83899,0.81948,0.83653,1560856.0
1736985600,0.83842,0.83877,0.80479,0.80967,355555.0
1737000000,0.80988,0.8138,0.80532,0.80921,318897.0
1737014400,0.80911,0.81845,0.78359,0.8182,659905.0
1737028800,0.8184,0.8334,0.77821,0.79514,1555271.0
1737043200,0.79512,0.80998,0.79473,0.80475,820088.0
1737057600,0.8048,0.80737,0.77972,0.78625,661768.0
1737072000,0.78696,0.8078,0.78602,0.79274,573421.0
1737086400,0.7933,0.80331,0.7908,0.79905,137504.0
1737100800,0.79933,0.82649,0.79933,0.82416,350420.0
1737115200,0.82256,0.83624,0.81584,0.82843,781350.0
1737129600,0.82918,0.83878,0.81572,0.82242,415658.0
1737144000,0.82106,0.84451,0.8192,0.83763,385635.0
1737158400,0.83859,0.87428,0.83022,0.83367,1553352.0
1737172800,0.83348,0.86898,0.8247,0.84289,9745726.0
1737187200,0.84289,1.0954,0.83318,0.97308,19046082.0
1737201600,0.97256,1.1137,0.97256,1.0816,8306633.0
1737216000,1.0816,1.1288,0.9955,1.0781,13181658.0
1737230400,1.0788,1.166,1.035,1.1451,3870485.0
1737244800,1.1446,1.217,1.0709,1.1,7236492.0
1737259200,1.1,1.1996,1.0904,1.1752,9426071.0
1737273600,1.1752,1.2142,1.0923,1.1371,7442957.0
1737288000,1.1369,1.1516,1.0511,1.0591,6005691.0
1737302400,1.0574,1.0879,1.042,1.0682,2240581.0
1737316800,1.0689,1.0895,0.94074,0.96302,7489911.0
1737331200,0.96354,0.96354,0.8898,0.93395,3851220.0
1737345600,0.93308,1.0198,0.92794,1.011,2771790.0
1737360000,1.0103,1.0515,0.98919,0.99808,1662009.0
1737374400,0.99765,1.0013,0.94803,0.96133,1286105.0
1737388800,0.96008,0.96695,0.89779,0.93919,3079690.0
1737403200,0.93859,0.97338,0.93523,0.93636,884999.0
1737417600,0.93852,0.94713,0.89191,0.90186,2378109.0
1737432000,0.89962,0.90115,0.87864,0.89065,1167126.0
1737446400,0.89107,0.90635,0.88248,0.89864,715071.0
1737460800,0.89712,0.9096,0.84445,0.85877,3201656.0
1737475200,0.85889,0.92759,0.85645,0.90198,2842586.0
1737489600,0.90201,0.91502,0.87262,0.8816,2313716.0
1737504000,0.88123,0.88653,0.8555,0.8704,3887407.0
1737518400,0.8705,0.90824,0.86396,0.90206,3847011.0
1737532800,0.90214,0.9058,0.8555,0.86071,8613577.0
1737547200,0.86111,0.88249,0.791,0.85021,39156449.0
1737561600,0.85212,0.85215,0.78081,0.8256,33098609.0
1737576000,0.82543,0.84362,0.79364,0.79945,7577152.0
1737590400,0.79825,0.79825,0.77,0.7761,9205394.0
1737604800,0.7761,0.79858,0.76057,0.7958,13128589.0
1737619200,0.7956,0.80396,0.77628,0.78103,4745112.0
1737633600,0.78098,0.79627,0.7625,0.77725,6123391.0
1737648000,0.77723,0.797,0.77154,0.78303,2939501.0
1737662400,0.7841,0.80925,0.77041,0.7971,4731428.0
1737676800,0.79744,0.84161,0.79525,0.83777,5018570.0
1737691200,0.83492,0.8917,0.81795,0.86083,9010799.0
1737705600,0.86176,0.88083,0.84339,0.86075,5657173.0
1737720000,0.86122,0.86435,0.83228,0.83983,4835943.0
1737734400,0.8399,0.87261,0.836,0.86923,4670849.0
1737748800,0.86885,0.88016,0.83641,0.84368,4970683.0
1737763200,0.84405,0.85455,0.82112,0.85068,3986499.0
1737777600,0.85003,0.86999,0.84188,0.84568,2871892.0
1737792000,0.84578,0.9778,0.84345,0.9368,22619342.0
1737806400,0.9368,0.98862,0.93089,0.97399,13200760.0
1737820800,0.97268,1.0223,0.96767,0.99899,9866141.0
1737835200,0.99886,1.0038,0.96657,0.97222,4084661.0
1737849600,0.97195,0.97969,0.91525,0.92188,7347552.0
1737864000,0.92148,0.94615,0.90672,0.93645,6305389.0
1737878400,0.93395,0.93512,0.89853,0.91276,6560838.0
1737892800,0.91269,1.2733,0.91071,1.2559,62600480.0
1737907200,1.2573,1.2652,1.1787,1.189,18543920.0
1737921600,1.1887,1.1891,1.0532,1.0546,23665209.0
1737936000,1.0546,1.0945,0.99254,1.0044,15742072.0
1737950400,1.0046,1.0046,0.93662,0.97821,13297434.0
1737964800,0.9778,1.078,0.9556,1.0584,12057044.0
1737979200,1.058,1.1062,1.0316,1.0554,16917888.0
1737993600,1.0549,1.073,1.0021,1.0104,6838792.0
1738008000,1.0115,1.1551,1.0102,1.1247,11001820.0
1738022400,1.1254,1.1909,1.1157,1.1812,8308453.0
1738036800,1.1819,1.25,1.1819,1.2179,12422904.0
1738051200,1.2178,1.2178,1.164,1.2085,8945251.0
1738065600,1.2085,1.2324,1.1737,1.1915,7859968.0
1738080000,1.1938,1.2227,1.1327,1.1343,16622505.0
1738094400,1.1326,1.1429,1.0969,1.1211,13359663.0
1738108800,1.1202,1.16,1.1124,1.121,6952047.0
1738123200,1.1219,1.1318,1.0953,1.1234,4323139.0
1738137600,1.1235,1.1363,1.0992,1.1107,2645014.0
1738152000,1.1119,1.1148,1.0594,1.0795,9790644.0
1738166400,1.0797,1.1217,1.045,1.0883,11999837.0
1738180800,1.0887,1.1534,1.0755,1.0891,20441867.0
1738195200,1.0889,1.1467,1.0652,1.1456,6488766.0
1738209600,1.1451,1.1556,1.0978,1.1128,3315646.0
1738224000,1.1126,1.1268,1.0931,1.1047,2128709.0
1738238400,1.1054,1.1113,1.0777,1.0929,5517687.0
1738252800,1.0929,1.1246,1.0905,1.1235,3764041.0
1738267200,1.1242,1.125,1.0926,1.0942,5683524.0
1738281600,1.0939,1.0939,1.038,1.0469,7800864.0
1738296000,1.047,1.06,1.0289,1.0322,1689993.0
1738310400,1.0328,1.0539,1.023,1.052,2042769.0
1738324800,1.0497,1.0819,1.0387,1.0714,5726238.0
1738339200,1.0713,1.0766,1.0259,1.0368,3972526.0
1738353600,1.0366,1.0456,1.02,1.0376,1803450.0
1738368000,1.0357,1.05,1.0166,1.0212,1905792.0
1738382400,1.0212,1.0252,1.0091,1.0112,1782914.0
1738396800,1.0111,1.034,1.0046,1.0078,3627189.0
1738411200,1.0077,1.0229,0.99321,1.0026,2520580.0
1738425600,1.0029,1.0093,0.95958,0.9627,3094774.0
1738440000,0.9633,0.96429,0.91936,0.9261,5527959.0
1738454400,0.92395,0.95992,0.91443,0.91677,3696031.0
1738468800,0.91784,0.96456,0.91581,0.9585,2373762.0
1738483200,0.9601,0.98798,0.93567,0.938,2346260.0
1738497600,0.93785,0.97421,0.9347,0.9585,3808668.0
1738512000,0.95897,0.9648,0.8583,0.91391,9326453.0
1738526400,0.91125,0.92558,0.85346,0.91335,8432825.0
1738540800,0.91531,0.91571,0.73394,0.84159,19364770.0
1738555200,0.8426,0.89147,0.80928,0.88954,4097075.0
1738569600,0.88556,0.90909,0.85134,0.87621,5840517.0
1738584000,0.87978,0.94652,0.8286,0.92054,7843291.0
1738598400,0.92,0.97971,0.90163,0.96557,6843919.0
1738612800,0.96267,1.0279,0.943,1.0073,2775305.0
1738627200,1.0086,1.0708,1.0016,1.0194,5581199.0
1738641600,1.0195,1.0203,0.92697,0.93139,3082581.0
1738656000,0.93151,0.9753,0.91776,0.96259,3309250.0
1738670400,0.96516,1.0153,0.96406,0.99682,5286076.0
1738684800,0.9961,1.0202,0.96978,0.96978,3307998.0
1738699200,0.9697,0.97733,0.9339,0.9584,3875961.0
1738713600,0.95693,0.9756,0.94589,0.95407,2287262.0
1738728000,0.95643,0.95908,0.9189,0.93141,5092618.0
1738742400,0.93109,0.94632,0.91945,0.94172,3849242.0
1738756800,0.94348,0.9528,0.91822,0.9222,5141942.0
1738771200,0.92172,0.9243,0.8884,0.90743,5312962.0
1738785600,0.90829,0.91096,0.88033,0.88372,2483284.0
1738800000,0.8836,0.90294,0.88139,0.89762,2444087.0
1738814400,0.89744,0.90717,0.88679,0.89353,2122583.0
1738828800,0.89408,0.89717,0.87407,0.88342,1301616.0
1738843200,0.88316,0.88518,0.83486,0.84175,2651098.0
1738857600,0.84008,0.85412,0.83018,0.83514,1888285.0
1738872000,0.83946,0.84486,0.81729,0.82667,784812.0
1738886400,0.82518,0.84899,0.8246,0.833,872460.0
1738900800,0.83507,0.84541,0.81403,0.82899,1226105.0
1738915200,0.82949,0.8628,0.82524,0.8607,995222.0
1738929600,0.85955,0.87831,0.83334,0.84624,3734142.0
1738944000,0.84651,0.84833,0.80538,0.80617,2074783.0
1738958400,0.80651,0.8066,0.77641,0.79971,2252585.0
1738972800,0.79823,0.80655,0.78561,0.79138,834165.0
1738987200,0.79057,0.80185,0.78238,0.79855,917333.0
1739001600,0.79789,0.80426,0.7875,0.80126,604145.0
1739016000,0.8033,0.81271,0.79461,0.80459,954323.0
1739030400,0.80472,0.84421,0.79942,0.8306,1399119.0
1739044800,0.83069,0.8467,0.82527,0.83979,1184560.0
1739059200,0.8406,0.87427,0.83278,0.87427,1331279.0
1739073600,0.87612,0.8837,0.84001,0.84624,1168255.0
1739088000,0.84931,0.8531,0.82942,0.83068,693497.0
1739102400,0.83025,0.84041,0.80951,0.83441,1196392.0
1739116800,0.83429,0.84428,0.8107,0.81611,2538513.0
1739131200,0.81619,0.83306,0.79087,0.83191,2363397.0
1739145600,0.83231,0.8476,0.79888,0.82215,1375232.0
1739160000,0.82256,0.84077,0.81579,0.83352,671034.0
1739174400,0.83358,0.84764,0.83298,0.84122,811800.0
1739188800,0.84121,0.86447,0.82975,0.8394,1963418.0
1739203200,0.84184,0.85381,0.83558,0.8414,1317450.0
1739217600,0.84117,0.84577,0.82813,0.83443,1376798.0
1739232000,0.83415,0.8626,0.83239,0.85038,1663122.0
1739246400,0.84936,0.87605,0.84889,0.86861,2083126.0
1739260800,0.8688,0.87444,0.85214,0.86058,1307489.0
1739275200,0.8615,0.862,0.82749,0.83466,5083019.0
1739289600,0.83475,0.83721,0.80941,0.8138,2678907.0
1739304000,0.81369,0.83161,0.81313,0.82452,840738.0
1739318400,0.82301,0.82801,0.80132,0.8051,2453783.0
1739332800,0.8054,0.81212,0.79765,0.80397,960563.0
1739347200,0.8042,0.83054,0.803,0.83054,2090067.0
1739361600,0.83061,0.84229,0.79166,0.8157,4669771.0
1739376000,0.81611,0.85133,0.80108,0.85032,3305569.0
1739390400,0.85032,0.87275,0.84696,0.86018,1037505.0
1739404800,0.86127,0.86628,0.8476,0.86401,1131514.0
1739419200,0.86398,0.86516,0.83423,0.83752,2272666.0
1739433600,0.83762,0.84533,0.82698,0.83106,1763221.0
1739448000,0.83117,0.83427,0.80587,0.82886,4626609.0
1739462400,0.8283,0.88276,0.8156,0.84285,8900218.0
1739476800,0.84293,0.85904,0.8402,0.85075,2521037.0
1739491200,0.85148,0.88939,0.85148,0.88739,4887090.0
1739505600,0.88766,0.93553,0.87538,0.9238,5189532.0
1739520000,0.9236,0.96324,0.9088,0.9479,5661760.0
1739534400,0.94702,0.97305,0.9301,0.9672,6312479.0
1739548800,0.96797,1.0062,0.9529,0.97477,4985274.0
1739563200,0.97509,0.97538,0.93859,0.9542,5000285.0
1739577600,0.9552,0.96168,0.93236,0.95666,3948507.0
1739592000,0.95677,0.96554,0.93206,0.9432,1468166.0
1739606400,0.94277,0.95197,0.9216,0.92571,1823099.0
1739620800,0.92542,0.9351,0.91381,0.92085,2000318.0
1739635200,0.9194,0.92989,0.9141,0.92443,992363.0
1739649600,0.92476,0.93251,0.91908,0.93165,878682.0
1739664000,0.93214,0.93967,0.91961,0.93326,1959276.0
1739678400,0.93237,0.96073,0.92124,0.9227,2235924.0
1739692800,0.92403,0.92994,0.91162,0.91473,1549678.0
1739707200,0.91368,0.91418,0.86535,0.87626,3849227.0
1739721600,0.87614,0.88565,0.86769,0.87474,4183528.0
1739736000,0.87446,0.88553,0.86155,0.87885,2133900.0
1739750400,0.87812,0.89553,0.852,0.8541,2841781.0
1739764800,0.85338,0.85489,0.8085,0.80974,3458505.0
1739779200,0.80974,0.84164,0.80587,0.83419,3274761.0
1739793600,0.83534,0.84855,0.80674,0.8096,5796994.0
1739808000,0.80963,0.8156,0.79744,0.80557,6509194.0
1739822400,0.80559,0.82673,0.80559,0.81454,4838865.0
1739836800,0.8149,0.81645,0.7577,0.77581,25389091.0
1739851200,0.77581,0.77589,0.71,0.72968,23319012.0
1739865600,0.72967,0.74413,0.71935,0.73028,11187032.0
1739880000,0.73019,0.74663,0.69348,0.70022,16872480.0
1739894400,0.70005,0.72152,0.6706,0.71571,33261855.0
1739908800,0.71568,0.72707,0.70263,0.71996,7771697.0
1739923200,0.72146,0.72946,0.7019,0.70856,8685689.0
1739937600,0.70849,0.725,0.69455,0.71799,4896682.0
1739952000,0.71812,0.76216,0.71069,0.75733,8611249.0
1739966400,0.75704,0.75758,0.7159,0.72245,6977666.0
1739980800,0.7223,0.73059,0.7053,0.71218,6645264.0
1739995200,0.71191,0.7253,0.7069,0.71705,7987438.0
1740009600,0.7169,0.75043,0.7127,0.74681,15005309.0
1740024000,0.74685,0.75962,0.73413,0.74198,3864324.0
1740038400,0.74198,0.75652,0.7387,0.74607,1872036.0
1740052800,0.74619,0.7694,0.73643,0.75943,5077621.0
1740067200,0.75935,0.79202,0.75369,0.77661,11059955.0
1740081600,0.77642,0.7883,0.76079,0.78533,6283110.0
1740096000,0.78563,0.78973,0.76281,0.77125,1740136.0
1740110400,0.77162,0.7983,0.77162,0.78415,1324870.0
1740124800,0.7839,0.84166,0.7839,0.81988,18641719.0
1740139200,0.82011,0.82921,0.77366,0.79208,8768139.0
1740153600,0.79254,0.81139,0.75759,0.75825,7709702.0
1740168000,0.75815,0.77782,0.75815,0.76374,3734447.0
1740182400,0.76374,0.79251,0.75495,0.78486,6946018.0
1740196800,0.78333,0.8089,0.78194,0.79519,3253940.0
1740211200,0.79769,0.81,0.791,0.80624,839811.0
1740225600,0.80618,0.80884,0.79234,0.80114,2186704.0
1740240000,0.80152,0.80604,0.79347,0.79347,1726522.0
1740254400,0.79379,0.79962,0.78576,0.7905,1222464.0
1740268800,0.79003,0.79066,0.7758,0.77925,1906430.0
1740283200,0.77919,0.79549,0.77452,0.79465,970121.0
1740297600,0.79457,0.79535,0.77163,0.77454,990688.0
1740312000,0.77446,0.78141,0.75911,0.76038,3221668.0
1740326400,0.75973,0.77412,0.75973,0.77176,829699.0
1740340800,0.77117,0.78199,0.76513,0.77484,1776331.0
1740355200,0.77549,0.78505,0.72741,0.73375,18352775.0
1740369600,0.73381,0.74326,0.7214,0.73852,6761087.0
1740384000,0.73874,0.74069,0.7208,0.73666,3366036.0
1740398400,0.73666,0.7435,0.71009,0.71942,3687258.0
1740412800,0.71899,0.731,0.70146,0.71044,4149990.0
1740427200,0.71046,0.72594,0.66604,0.68727,12641769.0
1740441600,0.6864,0.696,0.66362,0.67182,6281024.0
1740456000,0.67182,0.67971,0.635,0.65291,5701129.0
1740470400,0.65232,0.68226,0.63576,0.67922,9263890.0
1740484800,0.67812,0.7022,0.65738,0.68509,3936267.0
1740499200,0.68542,0.7085,0.6822,0.70132,7907470.0
1740513600,0.70165,0.71159,0.69374,0.69896,2793830.0
1740528000,0.7017,0.72324,0.6894,0.71688,1068738.0
1740542400,0.71698,0.72317,0.69231,0.69917,1378557.0
1740556800,0.70029,0.70993,0.68999,0.69023,627501.0
1740571200,0.69074,0.70863,0.67587,0.70083,4218596.0
1740585600,0.70122,0.70424,0.66514,0.67786,2329755.0
1740600000,0.67778,0.73166,0.677,0.73166,2299615.0
1740614400,0.73091,0.74073,0.71815,0.73841,1179330.0
1740628800,0.73781,0.7487,0.7347,0.73669,1591922.0
1740643200,0.7362,0.75475,0.73524,0.74982,1357577.0
1740657600,0.75023,0.75192,0.71952,0.7204,2111783.0
1740672000,0.72049,0.73809,0.71859,0.72191,688517.0
1740686400,0.7221,0.72892,0.71216,0.71881,1381802.0
1740700800,0.71984,0.7237,0.686,0.68691,5816030.0
1740715200,0.68728,0.69473,0.67159,0.68688,2470013.0
1740729600,0.685,0.71456,0.6838,0.70613,1678267.0
1740744000,0.70581,0.74949,0.70146,0.73752,6033629.0
1740758400,0.73872,0.747,0.72974,0.74029,860938.0
1740772800,0.74039,0.75958,0.7333,0.75617,1272611.0
1740787200,0.75566,0.76508,0.7368,0.7379,3014823.0
1740801600,0.73732,0.74747,0.73674,0.7465,531491.0
1740816000,0.74835,0.75368,0.72851,0.7316,1406964.0
1740830400,0.73222,0.73589,0.72341,0.73436,1352204.0
1740844800,0.73465,0.74803,0.73368,0.74451,524323.0
1740859200,0.74451,0.75709,0.74006,0.75431,657932.0
1740873600,0.75401,0.75917,0.74395,0.75489,1158244.0
1740888000,0.75404,0.75834,0.74446,0.75265,1659549.0
1740902400,0.75235,0.771,0.7512,0.7588,933458.0
1740916800,0.75952,0.81837,0.73827,0.79063,5124356.0
1740931200,0.79184,0.86459,0.79184,0.82898,9632795.0
1740945600,0.82889,0.84164,0.82016,0.8353,910000.0
1740960000,0.83545,0.83603,0.78294,0.79286,1766827.0
1740974400,0.79075,0.798,0.75432,0.76568,2127450.0
1740988800,0.7654,0.76862,0.74175,0.75539,818675.0
1741003200,0.7551,0.7673,0.72384,0.72971,2016106.0
1741017600,0.73018,0.73646,0.67624,0.68114,2904965.0
1741032000,0.68042,0.68775,0.6604,0.67149,2367774.0
1741046400,0.67149,0.68109,0.62528,0.63918,6584989.0
1741060800,0.63879,0.65694,0.63797,0.63924,846893.0
1741075200,0.64012,0.6475,0.63048,0.64082,3197937.0
1741089600,0.6404,0.65333,0.6108,0.63096,6572414.0
1741104000,0.63075,0.65225,0.59739,0.6499,4229031.0
1741118400,0.6496,0.6612,0.63703,0.64388,5153930.0
1741132800,0.6436,0.64916,0.63273,0.63273,3217010.0
1741147200,0.63242,0.64,0.62471,0.63309,2817058.0
1741161600,0.6333,0.66338,0.6332,0.6477,6128185.0
1741176000,0.6476,0.65856,0.62577,0.63339,5454572.0
1741190400,0.63357,0.64006,0.62287,0.6331,3328687.0
1741204800,0.63257,0.6371,0.63024,0.632,1891472.0
1741219200,0.63215,0.63959,0.61758,0.63214,1609275.0
1741233600,0.63221,0.64623,0.62219,0.63138,4299851.0
1741248000,0.63307,0.64413,0.62519,0.63995,2804932.0
1741262400,0.6389,0.63968,0.61748,0.6303,2619147.0
1741276800,0.63262,0.63441,0.6035,0.60943,3832056.0
1741291200,0.60951,0.62219,0.60833,0.60907,1435191.0
1741305600,0.60936,0.62003,0.56859,0.59247,8370979.0
1741320000,0.59271,0.60986,0.5911,0.60752,2744291.0
1741334400,0.60739,0.61494,0.60088,0.60794,582524.0
1741348800,0.60849,0.60934,0.58582,0.59414,8713066.0
1741363200,0.59292,0.61596,0.58387,0.59843,1952847.0
1741377600,0.59849,0.60148,0.57045,0.57577,2305736.0
1741392000,0.57542,0.57954,0.56571,0.56992,3195637.0
1741406400,0.56987,0.57394,0.56136,0.563,1717271.0
1741420800,0.56282,0.56639,0.5482,0.5519,2314777.0
1741435200,0.55194,0.55997,0.54871,0.55163,4677990.0
1741449600,0.55181,0.55687,0.54364,0.55439,1184021.0
1741464000,0.55477,0.55691,0.54415,0.55128,710452.0
1741478400,0.55158,0.55583,0.53925,0.54384,6171741.0
1741492800,0.54381,0.55725,0.54231,0.55583,773213.0
1741507200,0.55603,0.5604,0.5346,0.54456,3246511.0
1741521600,0.54428,0.5509,0.52246,0.52365,6704106.0
1741536000,0.52316,0.52423,0.4812,0.50369,31107146.0
1741550400,0.50348,0.5133,0.48877,0.49057,5640436.0
1741564800,0.49077,0.50527,0.4811,0.49486,2432612.0
1741579200,0.49497,0.51376,0.49497,0.51175,2343766.0
1741593600,0.51204,0.53103,0.50091,0.52154,5532945.0
1741608000,0.52123,0.52467,0.48169,0.49553,4088502.0
1741622400,0.49553,0.49754,0.47344,0.49355,6601612.0
1741636800,0.49343,0.49343,0.47908,0.47961,1300795.0
1741651200,0.48134,0.48738,0.44667,0.48092,3629540.0
1741665600,0.48102,0.49965,0.47939,0.49147,968715.0
1741680000,0.49144,0.50927,0.49092,0.5036,1493165.0
1741694400,0.5041,0.51453,0.48506,0.51295,2602737.0
1741708800,0.51246,0.52568,0.50366,0.52349,2018461.0
1741723200,0.52263,0.52282,0.51351,0.51417,2283991.0
1741737600,0.51538,0.52521,0.50405,0.50405,435656.0
1741752000,0.50425,0.51262,0.49884,0.5117,755605.0
1741766400,0.5117,0.52496,0.5117,0.52408,5855295.0
1741780800,0.5238,0.53939,0.50375,0.5098,3063252.0
1741795200,0.5099,0.51986,0.50192,0.50425,913572.0
1741809600,0.50299,0.51374,0.49948,0.51229,708567.0
1741824000,0.51464,0.51584,0.50471,0.50899,1231709.0
1741838400,0.50812,0.50923,0.49908,0.50339,799812.0
1741852800,0.50337,0.51491,0.49933,0.51014,541860.0
1741867200,0.51102,0.51641,0.49711,0.5012,1134605.0
1741881600,0.501,0.50128,0.48607,0.49254,894526.0
1741896000,0.49163,0.5048,0.48837,0.50178,438266.0
1741910400,0.50175,0.5074,0.5006,0.50446,381944.0
1741924800,0.50466,0.51188,0.50408,0.50782,446967.0
1741939200,0.50748,0.515,0.50732,0.5137,595329.0
1741953600,0.5135,0.53476,0.5095,0.52842,1544377.0
1741968000,0.52878,0.53589,0.52446,0.5328,1586301.0
1741982400,0.53207,0.53491,0.52155,0.52995,1679731.0
1741996800,0.52969,0.53236,0.5227,0.53155,746476.0
1742011200,0.5318,0.53451,0.52734,0.5279,386858.0
1742025600,0.52808,0.52931,0.52338,0.5258,92056.0
1742040000,0.52564,0.53397,0.52513,0.53154,567818.0
1742054400,0.53262,0.53807,0.52758,0.53043,330545.0
1742068800,0.53101,0.53721,0.53034,0.53123,226107.0
1742083200,0.53219,0.53467,0.52337,0.52865,273941.0
1742097600,0.52874,0.53426,0.52536,0.52998,522926.0
1742112000,0.53048,0.53254,0.50671,0.5078,474472.0
1742126400,0.50786,0.51056,0.49489,0.5027,780358.0
1742140800,0.50252,0.51482,0.49181,0.49349,5436878.0
1742155200,0.49319,0.49556,0.4852,0.48927,2673503.0
1742169600,0.48943,0.5028,0.48916,0.5026,595888.0
1742184000,0.50233,0.51376,0.49867,0.51242,461374.0
1742198400,0.5135,0.52573,0.508,0.52147,588737.0
1742212800,0.52145,0.5299,0.50957,0.5175,1077785.0
1742227200,0.517,0.5295,0.51236,0.52528,607216.0
1742241600,0.52527,0.52619,0.52,0.52038,588411.0
1742256000,0.52067,0.52067,0.50431,0.50623,322922.0
1742270400,0.50604,0.5147,0.50222,0.5123,1345876.0
1742284800,0.5124,0.51741,0.5039,0.5053,138335.0
1742299200,0.5056,0.5069,0.49486,0.49486,500080.0
1742313600,0.49554,0.50125,0.49301,0.50064,362106.0
1742328000,0.50019,0.512,0.49601,0.51042,178947.0
1742342400,0.51008,0.5192,0.50808,0.51834,291108.0
1742356800,0.51888,0.51931,0.51299,0.51299,153129.0
1742371200,0.51375,0.52849,0.51298,0.52621,963221.0
1742385600,0.52753,0.54125,0.52176,0.53928,4710719.0
1742400000,0.53921,0.54086,0.52438,0.53651,4755927.0
1742414400,0.53696,0.54724,0.53195,0.54498,504693.0
1742428800,0.545,0.54767,0.53236,0.53537,866632.0
1742443200,0.53681,0.54393,0.53387,0.54056,344949.0
1742457600,0.5411,0.54206,0.52482,0.52926,455971.0
1742472000,0.52952,0.54,0.52557,0.52577,845778.0
1742486400,0.52594,0.52974,0.51711,0.52561,761703.0
1742500800,0.5258,0.52919,0.52392,0.5274,510125.0
1742515200,0.52749,0.53285,0.51971,0.5212,613552.0
1742529600,0.5211,0.52643,0.51725,0.52042,411454.0
1742544000,0.51954,0.52111,0.50474,0.5066,444232.0
1742558400,0.50684,0.51197,0.504,0.50654,357250.0
1742572800,0.50654,0.5218,0.50382,0.51895,1939211.0
1742587200,0.51903,0.52514,0.51244,0.5179,1605313.0
1742601600,0.51809,0.52248,0.513,0.51865,470086.0
1742616000,0.51822,0.53083,0.51799,0.52522,1038135.0
1742630400,0.52538,0.53458,0.52265,0.52879,1034713.0
1742644800,0.52948,0.52948,0.51949,0.52506,247595.0
1742659200,0.52458,0.53092,0.52349,0.52745,347083.0
1742673600,0.52745,0.52824,0.51937,0.52232,137577.0
1742688000,0.52244,0.54035,0.51971,0.54021,150804.0
1742702400,0.54131,0.54695,0.53102,0.54293,231767.0
1742716800,0.54359,0.55755,0.53839,0.55755,1393081.0
1742731200,0.55724,0.56607,0.54809,0.54915,2950845.0
1742745600,0.54945,0.54945,0.53467,0.5358,175411.0
1742760000,0.53607,0.54521,0.53183,0.54508,580962.0
1742774400,0.54473,0.559,0.53596,0.559,785523.0
1742788800,0.56042,0.56671,0.55421,0.55711,1299756.0
1742803200,0.55728,0.57863,0.55728,0.57451,3436767.0
1742817600,0.57584,0.58342,0.5678,0.57202,3841410.0
1742832000,0.57196,0.57238,0.56376,0.57022,223650.0
1742846400,0.56963,0.57328,0.55944,0.56889,364018.0
1742860800,0.56775,0.57278,0.55634,0.55788,296848.0
1742875200,0.55749,0.5658,0.5556,0.55683,218874.0
1742889600,0.55711,0.5759,0.55711,0.57004,2167474.0
1742904000,0.57015,0.58074,0.56363,0.5675,1016170.0
1742918400,0.56765,0.5721,0.56139,0.56711,1279777.0
1742932800,0.56799,0.57131,0.55672,0.55898,329706.0
1742947200,0.5593,0.56863,0.55269,0.5535,127859.0
1742961600,0.55365,0.5731,0.55356,0.57295,674611.0
1742976000,0.5729,0.57847,0.56692,0.5745,570569.0
1742990400,0.57398,0.57416,0.544,0.54672,1232757.0
1743004800,0.54594,0.55043,0.53359,0.53958,1596145.0
1743019200,0.53932,0.545,0.53258,0.53679,243649.0
1743033600,0.53732,0.55504,0.53696,0.55344,2086217.0
1743048000,0.5551,0.55564,0.54883,0.55253,194768.0
1743062400,0.55244,0.55432,0.53855,0.53917,2709217.0
1743076800,0.53828,0.54956,0.53399,0.54156,509068.0
1743091200,0.54116,0.54766,0.53739,0.54433,991975.0
1743105600,0.54432,0.54964,0.54223,0.54622,346852.0
1743120000,0.54651,0.54967,0.53675,0.53824,235421.0
1743134400,0.53803,0.53938,0.51356,0.51444,928906.0
1743148800,0.51474,0.51624,0.50496,0.51091,1131340.0
1743163200,0.51078,0.51358,0.49874,0.50197,749864.0
1743177600,0.50204,0.50443,0.4957,0.49776,452931.0
1743192000,0.49716,0.50125,0.49135,0.49622,424235.0
1743206400,0.49656,0.50132,0.48484,0.49304,2613590.0
1743220800,0.49297,0.49386,0.47568,0.47743,876532.0
1743235200,0.47733,0.48406,0.45885,0.46315,7340246.0
1743249600,0.46318,0.47096,0.46073,0.4617,982091.0
1743264000,0.46315,0.46603,0.4509,0.46589,769547.0
1743278400,0.46625,0.47302,0.46073,0.47199,535112.0
1743292800,0.47237,0.48771,0.46953,0.47899,392492.0
1743307200,0.47894,0.48646,0.47894,0.48402,206459.0
1743321600,0.4841,0.49046,0.48218,0.48421,266141.0
1743336000,0.48413,0.48653,0.47446,0.48431,550328.0
1743350400,0.48451,0.49062,0.47693,0.48493,1240880.0
1743364800,0.48494,0.48831,0.47491,0.48124,2119730.0
1743379200,0.48141,0.48637,0.47226,0.47602,614962.0
1743393600,0.47602,0.48366,0.46876,0.47157,341997.0
1743408000,0.47222,0.47572,0.43698,0.44761,1646096.0
1743422400,0.44769,0.45764,0.43945,0.44216,3002833.0
1743436800,0.44217,0.44446,0.42426,0.42909,6973321.0
1743451200,0.42934,0.43261,0.4215,0.42258,6742294.0
1743465600,0.42296,0.43418,0.41524,0.42709,7918082.0
1743480000,0.42716,0.43522,0.42586,0.42895,2300435.0
1743494400,0.42974,0.43758,0.41753,0.41967,1912132.0
1743508800,0.41991,0.43329,0.41354,0.42751,6838188.0
1743523200,0.42753,0.43164,0.41773,0.41903,3626907.0
1743537600,0.41835,0.43,0.41583,0.4242,2732172.0
1743552000,0.42437,0.42519,0.40063,0.40376,4200785.0
1743566400,0.40366,0.40559,0.39453,0.39835,2335573.0
1743580800,0.39862,0.40965,0.39558,0.39908,1068977.0
1743595200,0.39998,0.42241,0.39695,0.41712,5200110.0
1743609600,0.41732,0.4216,0.40346,0.41125,2993737.0
1743624000,0.41109,0.42602,0.37262,0.38027,11429011.0
1743638400,0.37955,0.38918,0.37662,0.38516,4297035.0
1743652800,0.38544,0.38962,0.37735,0.37907,3021356.0
1743667200,0.37913,0.3815,0.36187,0.36846,3977605.0
1743681600,0.36849,0.37112,0.35733,0.3632,5021795.0
1743696000,0.36322,0.38567,0.362,0.38507,5990150.0
1743710400,0.38571,0.39189,0.38494,0.38936,1679265.0
1743724800,0.38976,0.395,0.38114,0.39185,1394642.0
1743739200,0.39191,0.39836,0.38567,0.39551,1309962.0
1743753600,0.39605,0.39867,0.37069,0.37735,3494629.0
1743768000,0.37633,0.39835,0.37431,0.38953,2783393.0
1743782400,0.38974,0.40967,0.38851,0.40165,1998994.0
1743796800,0.40175,0.40915,0.3987,0.4043,908805.0
1743811200,0.40465,0.40838,0.39878,0.3995,883838.0
1743825600,0.39928,0.40219,0.3977,0.40059,760494.0
1743840000,0.40082,0.40232,0.395,0.39557,676075.0
1743854400,0.39579,0.39592,0.38379,0.38471,1226721.0
1743868800,0.38469,0.39085,0.38422,0.38683,423571.0
1743883200,0.38714,0.38938,0.37804,0.38481,983590.0
1743897600,0.38481,0.3868,0.37982,0.38257,2415390.0
1743912000,0.38291,0.38774,0.37661,0.37793,1894202.0
1743926400,0.37822,0.38565,0.37652,0.37993,784012.0
1743940800,0.37972,0.37988,0.36219,0.36787,2360119.0
1743955200,0.36738,0.36879,0.33727,0.34498,10981618.0
1743969600,0.34519,0.34908,0.33032,0.33835,3478695.0
1743984000,0.33759,0.34451,0.32333,0.32799,5411148.0
1743998400,0.32782,0.33492,0.30228,0.31188,6409578.0
1744012800,0.3119,0.33297,0.31001,0.32557,2385926.0
1744027200,0.32608,0.3592,0.3252,0.33816,6278065.0
1744041600,0.33807,0.34228,0.32943,0.33585,1493483.0
1744056000,0.33564,0.34481,0.33564,0.33979,763210.0
1744070400,0.34002,0.3491,0.33615,0.34191,604338.0
1744084800,0.34244,0.34404,0.33357,0.33582,486956.0
1744099200,0.33696,0.35107,0.33354,0.35004,825497.0
1744113600,0.35051,0.35147,0.33731,0.33941,2158097.0
1744128000,0.33928,0.34028,0.32763,0.33523,2260433.0
1744142400,0.33535,0.34255,0.32976,0.333,839590.0
1744156800,0.33328,0.3373,0.31676,0.32912,2865569.0
1744171200,0.32957,0.34349,0.32907,0.34246,1831456.0
1744185600,0.34263,0.3452,0.33382,0.33618,1135256.0
1744200000,0.33668,0.35132,0.3355,0.34771,1452613.0
1744214400,0.34849,0.3763,0.34374,0.3752,8036037.0
1744228800,0.37521,0.38331,0.37263,0.37818,2991799.0
1744243200,0.37843,0.37861,0.36539,0.36822,1225563.0
1744257600,0.3685,0.3727,0.36366,0.36937,178301.0
1744272000,0.3697,0.37026,0.36093,0.36279,821385.0
1744286400,0.3625,0.37051,0.35039,0.35176,1084791.0
1744300800,0.35196,0.36102,0.35078,0.35799,1753407.0
1744315200,0.35806,0.36571,0.35806,0.3623,493450.0
1744329600,0.36209,0.37148,0.35968,0.36967,805669.0
1744344000,0.3702,0.37388,0.36736,0.36858,518024.0
1744358400,0.36846,0.37661,0.36646,0.37202,1233984.0
1744372800,0.37197,0.38193,0.37076,0.38108,1232792.0
1744387200,0.38043,0.39479,0.37727,0.38701,4164575.0
1744401600,0.38608,0.39269,0.38149,0.38384,2462414.0
1744416000,0.38394,0.38694,0.37878,0.37923,347274.0
1744430400,0.379,0.38742,0.37611,0.38634,455486.0
1744444800,0.38642,0.39572,0.38534,0.39181,2598966.0
1744459200,0.39197,0.4108,0.39036,0.40846,3627046.0
1744473600,0.40862,0.41003,0.40051,0.40544,1402986.0
1744488000,0.40566,0.4109,0.40378,0.40691,266596.0
1744502400,0.40721,0.40869,0.40069,0.40108,1113329.0
1744516800,0.40145,0.40246,0.39535,0.396,630274.0
1744531200,0.39714,0.40387,0.39588,0.40004,403120.0
1744545600,0.40025,0.40243,0.39122,0.39443,1040891.0
1744560000,0.39516,0.40973,0.39027,0.39363,1028300.0
1744574400,0.39331,0.39798,0.37646,0.38156,1155490.0
1744588800,0.38196,0.39826,0.38087,0.38499,1556026.0
1744603200,0.38523,0.39508,0.38308,0.38688,1139842.0
1744617600,0.38743,0.39176,0.38153,0.39088,597369.0
1744632000,0.39104,0.39785,0.37338,0.37603,767195.0
1744646400,0.37589,0.38588,0.37242,0.38219,622820.0
1744660800,0.38161,0.38452,0.37766,0.38088,557130.0
1744675200,0.38137,0.38482,0.37377,0.38388,485758.0
1744689600,0.38358,0.38552,0.37726,0.38218,1428469.0
1744704000,0.38213,0.38516,0.37801,0.38097,405149.0
1744718400,0.38055,0.38833,0.37311,0.37508,1061117.0
1744732800,0.37564,0.37618,0.36191,0.36377,1912431.0
1744747200,0.36357,0.36529,0.35362,0.35541,462343.0
1744761600,0.35536,0.36769,0.35197,0.36277,1662661.0
1744776000,0.36258,0.36501,0.35384,0.35476,1487847.0
1744790400,0.35455,0.35962,0.34952,0.35848,715324.0
1744804800,0.35865,0.36585,0.35189,0.36041,607205.0
1744819200,0.361,0.37059,0.34802,0.36854,1630040.0
1744833600,0.36845,0.3735,0.36146,0.36204,440194.0
1744848000,0.36176,0.36763,0.35962,0.36358,253392.0
1744862400,0.36303,0.37424,0.36242,0.36964,1440310.0
1744876800,0.36976,0.37083,0.36465,0.36585,677943.0
1744891200,0.36628,0.37034,0.35454,0.36649,987361.0
1744905600,0.36594,0.37594,0.36383,0.36939,1352744.0
1744920000,0.36982,0.374,0.36656,0.36701,515516.0
1744934400,0.36681,0.37326,0.36415,0.371,608918.0
1744948800,0.37172,0.37741,0.37003,0.37729,279626.0
1744963200,0.37778,0.38229,0.37616,0.37863,301544.0
1744977600,0.37866,0.38115,0.37084,0.37326,420116.0
1744992000,0.37346,0.37845,0.37272,0.3751,644690.0
1745006400,0.37501,0.37573,0.37084,0.37356,258787.0
1745020800,0.37304,0.38708,0.37115,0.38401,694313.0
1745035200,0.38416,0.39224,0.38063,0.38448,598518.0
1745049600,0.3848,0.38766,0.3823,0.38416,654013.0
1745064000,0.38416,0.39417,0.38222,0.38999,321730.0
1745078400,0.38992,0.3921,0.38518,0.38957,355325.0
1745092800,0.38993,0.39954,0.3882,0.3965,531280.0
1745107200,0.39666,0.40281,0.39518,0.40001,753478.0
1745121600,0.40006,0.40764,0.39717,0.40174,3087662.0
1745136000,0.39262,0.39283,0.38665,0.38835,484860.0
1745150400,0.38816,0.39187,0.38182,0.38294,401667.0
1745164800,0.38255,0.39247,0.38236,0.39237,266702.0
1745179200,0.39212,0.39911,0.38916,0.39308,221513.0
1745193600,0.39312,0.40662,0.39262,0.39507,1044360.0
1745208000,0.39523,0.40141,0.39476,0.40003,628763.0
1745222400,0.39998,0.40403,0.39679,0.39849,1173263.0
1745236800,0.39857,0.40602,0.39598,0.4014,599172.0
1745251200,0.40259,0.40551,0.39294,0.40551,642617.0
1745265600,0.40484,0.40556,0.40001,0.40406,315864.0
1745280000,0.4044,0.41273,0.39865,0.4023,536827.0
1745294400,0.40295,0.40979,0.39566,0.40907,2233681.0
1745308800,0.40943,0.4116,0.40271,0.41055,586543.0
1745323200,0.41039,0.42872,0.40858,0.42833,2544048.0
1745337600,0.42895,0.43166,0.42349,0.42645,3145667.0
1745352000,0.42654,0.44221,0.42356,0.44044,1675154.0
1745366400,0.44108,0.44913,0.43648,0.44913,1501711.0
1745380800,0.44914,0.45438,0.44433,0.45206,2538340.0
1745395200,0.45176,0.46529,0.4464,0.45279,2002295.0
1745409600,0.45255,0.47,0.44999,0.45806,2201393.0
1745424000,0.4579,0.45986,0.44487,0.44738,3344501.0
1745438400,0.44748,0.45603,0.44748,0.45357,386916.0
1745452800,0.45342,0.45485,0.43018,0.43022,694501.0
1745467200,0.43072,0.44323,0.42871,0.43033,3116609.0
1745481600,0.43038,0.43854,0.42452,0.43808,613487.0
1745496000,0.43881,0.4561,0.43691,0.44805,703262.0
1745510400,0.4485,0.45523,0.44291,0.451,687072.0
1745524800,0.45096,0.46074,0.44723,0.45981,684803.0
1745539200,0.45936,0.4791,0.4569,0.47035,916224.0
1745553600,0.46966,0.48157,0.46456,0.47985,2328122.0
1745568000,0.47972,0.504,0.47972,0.504,997996.0
1745582400,0.50412,0.50611,0.48652,0.48858,1362257.0
1745596800,0.48838,0.49392,0.4805,0.48486,490231.0
1745611200,0.48499,0.49106,0.479,0.48334,908152.0
1745625600,0.48465,0.50976,0.48434,0.50976,1842963.0
1745640000,0.50983,0.50983,0.49168,0.49722,993539.0
1745654400,0.49649,0.50084,0.47883,0.48016,514100.0
1745668800,0.48057,0.48675,0.47242,0.48591,1902958.0
1745683200,0.48553,0.4864,0.47732,0.48147,648148.0
1745697600,0.48166,0.48449,0.47746,0.47992,325786.0
1745712000,0.48052,0.48286,0.46407,0.46737,570845.0
1745726400,0.46718,0.46891,0.45581,0.46429,249787.0
1745740800,0.46398,0.46955,0.46205,0.46305,305577.0
1745755200,0.46351,0.46847,0.45648,0.46503,348536.0
1745769600,0.46565,0.47676,0.45935,0.46824,3541883.0
1745784000,0.46826,0.47246,0.46279,0.4633,372933.0
1745798400,0.46414,0.46726,0.44499,0.46583,697511.0
1745812800,0.46594,0.48171,0.46202,0.47816,1972435.0
1745827200,0.47804,0.48549,0.47253,0.47638,1903834.0
1745841600,0.47708,0.47717,0.45166,0.45336,940312.0
1745856000,0.45395,0.4672,0.45056,0.46489,776414.0
1745870400,0.46513,0.46928,0.46171,0.46928,261563.0
1745884800,0.46957,0.48607,0.46895,0.4763,1802796.0
1745899200,0.47601,0.477,0.46127,0.47235,2940641.0
1745913600,0.47227,0.47339,0.45804,0.46387,610546.0
1745928000,0.4636,0.47151,0.45524,0.46841,1446222.0
1745942400,0.46841,0.47527,0.46448,0.4706,779275.0
1745956800,0.47083,0.4716,0.44553,0.44839,2132905.0
1745971200,0.44814,0.45946,0.447,0.45772,451033.0
1745985600,0.45825,0.46261,0.45179,0.45299,336887.0
1746000000,0.45312,0.46083,0.45238,0.45861,402461.0
1746014400,0.45877,0.46082,0.43054,0.44774,1118561.0
1746028800,0.44715,0.46218,0.4437,0.45855,450098.0
1746043200,0.45865,0.46916,0.45787,0.46859,381276.0
1746057600,0.46895,0.47819,0.46741,0.46895,717838.0
1746072000,0.469,0.48077,0.46582,0.47941,1575211.0
1746086400,0.47961,0.48284,0.47188,0.47188,1735053.0
1746100800,0.47137,0.47582,0.45808,0.46012,2596709.0
1746115200,0.45982,0.46517,0.45964,0.46223,309314.0
1746129600,0.46246,0.46868,0.46046,0.46373,287546.0
1746144000,0.46486,0.47492,0.46486,0.46794,233302.0
1746158400,0.46791,0.46795,0.45486,0.45486,630738.0
1746172800,0.45528,0.46404,0.45514,0.45878,324860.0
1746187200,0.45895,0.46156,0.45182,0.45509,2272687.0
1746201600,0.45534,0.46613,0.45534,0.45912,3643856.0
1746216000,0.4583,0.46777,0.4574,0.46279,2747138.0
1746230400,0.46291,0.46463,0.45403,0.45918,2357483.0
1746244800,0.45894,0.46022,0.45048,0.45154,234027.0
1746259200,0.45163,0.45429,0.43838,0.44002,1085654.0
1746273600,0.4399,0.44702,0.4399,0.44127,583021.0
1746288000,0.44097,0.44122,0.42729,0.43675,735690.0
1746302400,0.43707,0.4372,0.43111,0.43155,1631576.0
1746316800,0.43154,0.4344,0.42579,0.42579,505184.0
1746331200,0.42625,0.43101,0.42479,0.42653,247511.0
1746345600,0.42643,0.42811,0.41885,0.42754,547473.0
1746360000,0.42775,0.43071,0.42295,0.42682,898925.0
1746374400,0.42683,0.42905,0.42141,0.42379,191820.0
1746388800,0.42367,0.43029,0.42206,0.42579,162149.0
1746403200,0.42573,0.43263,0.42156,0.43041,369100.0
1746417600,0.43051,0.43674,0.42904,0.43532,384344.0
1746432000,0.43493,0.43637,0.42283,0.42649,254047.0
1746446400,0.42629,0.43275,0.42297,0.42428,562467.0
1746460800,0.42524,0.43525,0.4244,0.43081,584842.0
1746475200,0.4308,0.43381,0.42287,0.42813,192615.0
1746489600,0.4284,0.43019,0.4204,0.42942,481605.0
1746504000,0.42942,0.43202,0.42653,0.42774,375225.0
1746518400,0.4276,0.42793,0.40563,0.40841,2999947.0
1746532800,0.40861,0.42317,0.40691,0.4148,2508595.0
1746547200,0.41532,0.41917,0.40762,0.41474,529312.0
1746561600,0.41498,0.42208,0.4023,0.42127,483567.0
1746576000,0.42112,0.42943,0.41775,0.42191,356890.0
1746590400,0.42224,0.42348,0.41339,0.42139,237242.0
1746604800,0.42161,0.4242,0.41872,0.42376,342968.0
1746619200,0.42414,0.42455,0.41418,0.41558,390488.0
1746633600,0.41575,0.4219,0.40889,0.41753,1783952.0
1746648000,0.41757,0.43175,0.41622,0.4299,571398.0
1746662400,0.42992,0.44114,0.42951,0.43839,968110.0
1746676800,0.43868,0.44737,0.43826,0.44475,855873.0
1746691200,0.44467,0.46006,0.44467,0.45638,4742895.0
1746705600,0.45633,0.46676,0.4534,0.46061,1068266.0
1746720000,0.46098,0.46709,0.45852,0.46675,1261350.0
1746734400,0.46747,0.4848,0.46639,0.47676,1429069.0
1746748800,0.47743,0.48743,0.47238,0.47835,544006.0
1746763200,0.47841,0.51644,0.47833,0.50997,2051015.0
1746777600,0.50985,0.53882,0.49968,0.52131,3926576.0
1746792000,0.52173,0.55083,0.5161,0.5353,5362926.0
1746806400,0.53535,0.53873,0.52343,0.53278,2109388.0
1746820800,0.53288,0.54662,0.53184,0.54239,740780.0
1746835200,0.54134,0.57894,0.54134,0.54948,2123958.0
1746849600,0.54922,0.55159,0.54107,0.54759,3020672.0
1746864000,0.54768,0.55399,0.52581,0.52806,1842686.0
1746878400,0.52734,0.53457,0.51951,0.52092,2121420.0
1746892800,0.52132,0.53965,0.52122,0.53914,838708.0
1746907200,0.53908,0.57531,0.53361,0.57454,1424778.0
1746921600,0.57465,0.5978,0.55368,0.58595,8329235.0
1746936000,0.58474,0.58938,0.54726,0.54882,1538715.0
1746950400,0.54877,0.56462,0.54631,0.56294,1043541.0
1746964800,0.56294,0.57337,0.55037,0.5542,1162473.0
1746979200,0.5542,0.5678,0.54712,0.56132,900687.0
1746993600,0.56157,0.56431,0.55355,0.56026,470772.0
1747008000,0.55997,0.58819,0.55886,0.58691,954805.0
1747022400,0.58645,0.60903,0.57043,0.58281,10335153.0
1747036800,0.58281,0.58903,0.56583,0.5692,3049301.0
1747051200,0.56879,0.59108,0.55361,0.55465,4879711.0
1747065600,0.55468,0.56768,0.52361,0.54076,4364773.0
1747080000,0.5416,0.56507,0.53901,0.56032,686752.0
1747094400,0.56087,0.5615,0.52341,0.52416,833692.0
1747108800,0.52435,0.5458,0.5221,0.54424,392702.0
1747123200,0.54424,0.56099,0.54067,0.55235,2715103.0
1747137600,0.55286,0.55988,0.54299,0.55791,696824.0
1747152000,0.55805,0.58626,0.55668,0.5803,2819335.0
1747166400,0.57978,0.58105,0.56,0.56603,812943.0
1747180800,0.56603,0.56904,0.54861,0.55848,1016714.0
1747195200,0.55832,0.58043,0.55766,0.57002,1060223.0
1747209600,0.56991,0.57417,0.54524,0.56927,3937600.0
1747224000,0.56914,0.56955,0.54415,0.55593,3147691.0
1747238400,0.55594,0.55911,0.52596,0.53341,1351620.0
1747252800,0.53303,0.53853,0.52497,0.5259,2158000.0
1747267200,0.52599,0.52916,0.51315,0.51529,4864194.0
1747281600,0.51658,0.52196,0.49276,0.49276,3931408.0
1747296000,0.49493,0.51007,0.49215,0.50094,1669993.0
1747310400,0.5008,0.5142,0.48778,0.5127,2270183.0
1747324800,0.51291,0.52748,0.49952,0.50301,3296625.0
1747339200,0.50384,0.50566,0.4872,0.49912,1172388.0
1747353600,0.49911,0.51204,0.49485,0.51071,1559099.0
1747368000,0.51089,0.51515,0.50328,0.50751,947860.0
1747382400,0.50753,0.51071,0.49488,0.49783,856969.0
1747396800,0.49729,0.51456,0.4944,0.50885,829201.0
1747411200,0.50906,0.5124,0.50132,0.51007,550818.0
1747425600,0.50877,0.5106,0.49067,0.49447,2855674.0
1747440000,0.49459,0.49648,0.47906,0.49115,707784.0
1747454400,0.49148,0.49493,0.48462,0.48992,782230.0
1747468800,0.49067,0.49131,0.48098,0.48352,402606.0
1747483200,0.48396,0.48572,0.47203,0.48084,3806344.0
1747497600,0.4805,0.48127,0.46831,0.4698,6278533.0
1747512000,0.46996,0.48226,0.46971,0.47572,1412769.0
1747526400,0.47552,0.49597,0.474,0.49285,3168089.0
1747540800,0.49293,0.5104,0.49213,0.5104,1603601.0
1747555200,0.51045,0.51917,0.50622,0.50966,1945239.0
1747569600,0.50978,0.53015,0.5056,0.52729,932808.0
1747584000,0.52849,0.53051,0.48821,0.49016,3377688.0
1747598400,0.48968,0.51463,0.48165,0.51225,4022935.0
1747612800,0.5126,0.51434,0.48569,0.48651,1594326.0
1747627200,0.48708,0.49026,0.47,0.47863,4311686.0
1747641600,0.47852,0.47852,0.47033,0.47417,662674.0
1747656000,0.47383,0.48645,0.46498,0.48333,1362024.0
1747670400,0.48323,0.4945,0.47865,0.48706,554212.0
1747684800,0.48735,0.49081,0.48284,0.48854,320861.0
1747699200,0.48878,0.50534,0.48431,0.49447,503931.0
1747713600,0.4953,0.5022,0.48951,0.49117,544999.0
1747728000,0.49119,0.50076,0.48739,0.49651,439929.0
1747742400,0.4969,0.50527,0.49269,0.50098,336844.0
1747756800,0.50082,0.50619,0.48898,0.49988,384769.0
1747771200,0.49867,0.50728,0.4964,0.50449,398618.0
1747785600,0.50438,0.50844,0.49292,0.50581,322445.0
1747800000,0.50663,0.52664,0.5038,0.52146,1457282.0
1747814400,0.52154,0.53346,0.51382,0.53135,883716.0
1747828800,0.53132,0.5349,0.5226,0.53052,650923.0
1747843200,0.53163,0.54349,0.50335,0.51774,2045748.0
1747857600,0.5174,0.52728,0.50796,0.51824,612832.0
1747872000,0.51875,0.53639,0.51824,0.53378,1046617.0
1747886400,0.5338,0.54773,0.52993,0.54541,2358746.0
1747900800,0.54637,0.55947,0.54158,0.54614,1397603.0
1747915200,0.54614,0.57701,0.54614,0.57143,3928423.0
1747929600,0.57171,0.58168,0.56934,0.57685,3233106.0
1747944000,0.57721,0.59319,0.57267,0.58197,1163753.0
1747958400,0.58189,0.63348,0.58164,0.62121,4110230.0
1747972800,0.62158,0.62312,0.5869,0.59545,1901588.0
1747987200,0.59558,0.63118,0.56525,0.57492,7359346.0
1748001600,0.57591,0.62882,0.56495,0.60564,6387822.0
1748016000,0.60575,0.61814,0.5776,0.58079,3897349.0
1748030400,0.58123,0.5815,0.55317,0.55694,1647160.0
1748044800,0.55681,0.58179,0.55304,0.57693,841570.0
1748059200,0.57714,0.5781,0.55442,0.55515,478063.0
1748073600,0.5557,0.57074,0.552,0.56766,703118.0
1748088000,0.56793,0.56801,0.55431,0.55873,558803.0
1748102400,0.55812,0.56282,0.55087,0.55853,391320.0
1748116800,0.55875,0.56106,0.54367,0.54581,511123.0
1748131200,0.54545,0.54881,0.53181,0.5412,811171.0
1748145600,0.54151,0.5421,0.52831,0.52953,419169.0
1748160000,0.52943,0.52943,0.51754,0.5242,1008191.0
1748174400,0.52434,0.53079,0.50999,0.51487,1147710.0
1748188800,0.51479,0.53389,0.50884,0.53032,840231.0
1748203200,0.53001,0.55978,0.52642,0.55657,1177518.0
1748217600,0.55778,0.56945,0.55493,0.56796,727745.0
1748232000,0.56767,0.62286,0.56482,0.62266,9154484.0
1748246400,0.62242,0.62446,0.6004,0.61544,8333944.0
1748260800,0.61487,0.62205,0.59986,0.61286,3904270.0
1748275200,0.61259,0.62527,0.60328,0.61182,11172308.0
1748289600,0.61153,0.6161,0.60389,0.60805,1475693.0
1748304000,0.6085,0.62836,0.58836,0.60124,5806419.0
1748318400,0.60117,0.62303,0.59348,0.61401,1934662.0
1748332800,0.61524,0.65475,0.61524,0.6409,4458793.0
1748347200,0.64096,0.64908,0.62049,0.62988,3284815.0
1748361600,0.62988,0.63341,0.62214,0.62764,1492381.0
1748376000,0.62738,0.63323,0.61887,0.63323,1433637.0
1748390400,0.63325,0.64414,0.60894,0.61816,1590815.0
1748404800,0.61745,0.62056,0.61078,0.61797,525362.0
1748419200,0.61853,0.62473,0.6095,0.62015,906917.0
1748433600,0.61979,0.62448,0.5892,0.59311,3393363.0
1748448000,0.59318,0.61605,0.59215,0.60216,3010937.0
1748462400,0.60202,0.60302,0.58388,0.59763,11683995.0
1748476800,0.59775,0.60882,0.59062,0.59645,3966578.0
1748491200,0.59688,0.60117,0.58276,0.59552,1109790.0
1748505600,0.5955,0.60002,0.59145,0.59749,626387.0
1748520000,0.59652,0.59723,0.57586,0.57891,1825028.0
1748534400,0.57934,0.58277,0.5693,0.5722,1456334.0
1748548800,0.57243,0.58176,0.57137,0.57701,599471.0
1748563200,0.57715,0.58446,0.5496,0.56915,2435081.0
1748577600,0.56896,0.57064,0.55177,0.55535,1077715.0
1748592000,0.55575,0.56912,0.55463,0.56583,1429339.0
1748606400,0.56604,0.56845,0.55058,0.55598,1558550.0
1748620800,0.55595,0.55949,0.53332,0.5495,2590969.0
1748635200,0.54968,0.54968,0.51657,0.51855,1722864.0
1748649600,0.51855,0.51961,0.49533,0.5039,2806316.0
1748664000,0.50279,0.51578,0.50038,0.51045,1168697.0
1748678400,0.51048,0.51303,0.50295,0.50458,455745.0
1748692800,0.50399,0.53535,0.50241,0.52649,1075247.0
1748707200,0.52691,0.53327,0.52402,0.53152,542114.0
1748721600,0.53133,0.53886,0.5232,0.52417,407546.0
1748736000,0.52415,0.52794,0.51695,0.52002,508971.0
1748750400,0.52003,0.5279,0.51741,0.52139,872161.0
1748764800,0.52104,0.52186,0.5081,0.5163,967714.0
1748779200,0.51601,0.52785,0.50835,0.52325,1293380.0
1748793600,0.52321,0.53344,0.515,0.52469,1054221.0
1748808000,0.5251,0.53456,0.52113,0.53252,504350.0
1748822400,0.53278,0.53278,0.50568,0.50959,575819.0
1748836800,0.51058,0.52438,0.50507,0.51745,663589.0
1748851200,0.51761,0.51924,0.50462,0.51099,596978.0
1748865600,0.51065,0.52271,0.51014,0.51785,930805.0
1748880000,0.51839,0.5262,0.51285,0.51779,498620.0
1748894400,0.51778,0.5417,0.51778,0.54075,2161170.0
1748908800,0.54023,0.55975,0.53804,0.54308,1013814.0
1748923200,0.54347,0.54822,0.53885,0.54386,848920.0
1748937600,0.54427,0.54905,0.5359,0.54795,942157.0
1748952000,0.54835,0.55456,0.53984,0.54956,1343297.0
1748966400,0.55088,0.56111,0.54676,0.56058,1407918.0
1748980800,0.56045,0.56125,0.53339,0.53761,2222489.0
1748995200,0.53765,0.55187,0.5362,0.54441,793052.0
1749009600,0.54465,0.551,0.5417,0.54686,1172272.0
1749024000,0.54831,0.55424,0.53932,0.54034,1156126.0
1749038400,0.54058,0.54899,0.53548,0.54645,354050.0
1749052800,0.54646,0.54761,0.53369,0.53369,375616.0
1749067200,0.53317,0.53323,0.51581,0.5163,766610.0
1749081600,0.51658,0.52212,0.51392,0.51887,718531.0
1749096000,0.51902,0.52186,0.50626,0.51011,1089858.0
1749110400,0.51117,0.51368,0.50245,0.50593,491549.0
1749124800,0.50584,0.51452,0.48928,0.49018,2028005.0
1749139200,0.49058,0.49207,0.4562,0.45947,3002599.0
1749153600,0.45977,0.46118,0.44573,0.45595,3161853.0
1749168000,0.45622,0.46359,0.45047,0.4626,1737939.0
1749182400,0.46283,0.46978,0.45895,0.45947,1011114.0
1749196800,0.46071,0.46336,0.457,0.46125,790446.0
1749211200,0.46151,0.47854,0.46136,0.46851,1128966.0
1749225600,0.46914,0.47223,0.45079,0.45227,954377.0
1749240000,0.45221,0.4582,0.44817,0.45034,426995.0
1749254400,0.45007,0.4623,0.44719,0.46143,553208.0
1749268800,0.46181,0.46918,0.45938,0.46665,590672.0
1749283200,0.46664,0.47048,0.46435,0.46836,706265.0
1749297600,0.46845,0.47345,0.46106,0.46373,1050227.0
1749312000,0.46386,0.4668,0.45703,0.4607,1274896.0
1749326400,0.46108,0.46542,0.46038,0.46166,362780.0
1749340800,0.46178,0.46268,0.45731,0.45809,575940.0
1749355200,0.4582,0.4582,0.4478,0.4479,865484.0
1749369600,0.44817,0.45665,0.4457,0.45574,1051647.0
1749384000,0.45551,0.45944,0.4516,0.45809,1085466.0
1749398400,0.45824,0.47742,0.45809,0.46969,1326438.0
1749412800,0.46969,0.47366,0.45954,0.46182,1282429.0
1749427200,0.4618,0.46544,0.45357,0.45632,315571.0
1749441600,0.45607,0.45862,0.44816,0.45239,1206048.0
1749456000,0.45292,0.46909,0.44971,0.4652,4474107.0
1749470400,0.46563,0.47049,0.45797,0.46501,670968.0
1749484800,0.465,0.47265,0.465,0.46755,3155949.0
1749499200,0.46714,0.4846,0.4667,0.484,2210468.0
1749513600,0.484,0.48857,0.46975,0.4727,1639073.0
1749528000,0.47262,0.47677,0.46522,0.47673,2730551.0
1749542400,0.47689,0.48689,0.46945,0.48621,1450653.0
1749556800,0.48606,0.49541,0.46831,0.4753,6248822.0
1749571200,0.4751,0.499,0.47038,0.48879,1900962.0
1749585600,0.48858,0.4995,0.48314,0.49931,1732938.0
1749600000,0.49871,0.50409,0.4855,0.50219,3045397.0
1749614400,0.50206,0.50973,0.49505,0.50662,3442788.0
1749628800,0.50796,0.50846,0.47939,0.48305,2434968.0
1749643200,0.48392,0.5026,0.47575,0.50018,8316193.0
1749657600,0.50037,0.50106,0.48,0.48085,2069807.0
1749672000,0.481,0.4844,0.45783,0.46593,1623721.0
1749686400,0.46577,0.4658,0.4568,0.45964,984408.0
1749700800,0.45965,0.45991,0.45166,0.45322,1723982.0
1749715200,0.45327,0.45851,0.451,0.45463,861560.0
1749729600,0.45488,0.46689,0.4416,0.44652,3819058.0
1749744000,0.44632,0.4593,0.43334,0.43714,2508127.0
1749758400,0.43704,0.439,0.4236,0.42584,2149879.0
1749772800,0.42547,0.4262,0.38675,0.40257,13537571.0
1749787200,0.4021,0.40955,0.3949,0.4039,1005935.0
1749801600,0.40411,0.40981,0.39793,0.40355,823439.0
1749816000,0.40335,0.4167,0.39953,0.414,4514717.0
1749830400,0.41439,0.41889,0.40606,0.409,1128370.0
1749844800,0.40961,0.41909,0.4082,0.41673,505794.0
1749859200,0.41672,0.421,0.41355,0.418,313419.0
1749873600,0.4178,0.4216,0.41309,0.41621,283774.0
1749888000,0.41601,0.41601,0.40861,0.41175,458310.0
1749902400,0.4116,0.41468,0.40542,0.40848,263024.0
1749916800,0.4085,0.41032,0.40001,0.40458,1359427.0
1749931200,0.4046,0.413,0.4009,0.4111,127368.0
1749945600,0.41118,0.4144,0.41054,0.4125,282271.0
1749960000,0.41317,0.4189,0.41057,0.41262,280254.0
1749974400,0.413,0.41589,0.4093,0.41536,165569.0
1749988800,0.4154,0.43364,0.4136,0.42791,1795649.0
1750003200,0.42913,0.4343,0.42646,0.43,967497.0
1750017600,0.43024,0.43356,0.41789,0.4309,1319208.0
1750032000,0.43151,0.44,0.4216,0.43518,741708.0
1750046400,0.43488,0.4438,0.4348,0.43753,1153983.0
1750060800,0.438,0.439,0.4295,0.4337,413683.0
1750075200,0.4338,0.4391,0.42864,0.43399,485452.0
1750089600,0.43436,0.44385,0.43346,0.43788,3023834.0
1750104000,0.43738,0.43909,0.41329,0.41544,2047250.0
1750118400,0.41494,0.42866,0.405,0.42375,858328.0
1750132800,0.424,0.4241,0.41872,0.4192,604945.0
1750147200,0.41888,0.4218,0.4088,0.41014,1149298.0
1750161600,0.41011,0.41433,0.39667,0.40114,1080812.0
1750176000,0.40113,0.40702,0.39091,0.4014,2611176.0
1750190400,0.4015,0.40473,0.3933,0.39591,777166.0
1750204800,0.3962,0.40327,0.3948,0.40029,558333.0
1750219200,0.40041,0.40657,0.39852,0.40088,1101926.0
1750233600,0.40101,0.40351,0.38569,0.3916,863774.0
1750248000,0.3918,0.39508,0.37772,0.39258,2235075.0
1750262400,0.39233,0.39927,0.38797,0.3926,949911.0
1750276800,0.39315,0.41349,0.39218,0.40906,786006.0
1750291200,0.40905,0.4166,0.40741,0.4123,503264.0
1750305600,0.41226,0.41595,0.40483,0.4049,421344.0
1750320000,0.405,0.40625,0.4011,0.40238,606767.0
1750334400,0.40291,0.40479,0.39595,0.40116,3804138.0
1750348800,0.401,0.40694,0.39663,0.40217,2400855.0
1750363200,0.40267,0.40861,0.39878,0.40488,1346135.0
1750377600,0.40488,0.40696,0.39927,0.39958,294807.0
1750392000,0.39959,0.40717,0.39315,0.40673,269828.0
1750406400,0.40697,0.40946,0.4018,0.40322,324824.0
1750420800,0.4033,0.4043,0.38846,0.38941,1555751.0
1750435200,0.38914,0.38995,0.37011,0.38157,1617205.0
1750449600,0.38157,0.38683,0.3757,0.37808,433736.0
1750464000,0.37824,0.38773,0.37694,0.38565,436378.0
1750478400,0.38564,0.38674,0.38354,0.38593,451520.0
1750492800,0.38635,0.39033,0.3854,0.3889,499275.0
1750507200,0.38828,0.38988,0.36786,0.37325,742280.0
1750521600,0.37304,0.375,0.35905,0.3594,1486716.0
1750536000,0.35941,0.36308,0.34444,0.35815,2342045.0
1750550400,0.35887,0.36316,0.35132,0.35477,828636.0
1750564800,0.35531,0.36165,0.35453,0.35647,470615.0
1750579200,0.35765,0.35765,0.34646,0.34839,222385.0
1750593600,0.34901,0.35086,0.3304,0.33552,2345252.0
1750608000,0.33552,0.33955,0.33162,0.33381,1650557.0
1750622400,0.3339,0.347,0.32565,0.3449,1193496.0
1750636800,0.34487,0.34892,0.34303,0.34656,824477.0
1750651200,0.3466,0.35296,0.34636,0.34998,704614.0
1750665600,0.34997,0.35057,0.34478,0.3481,855611.0
1750680000,0.34821,0.36481,0.34726,0.35472,1108670.0
1750694400,0.35468,0.37025,0.34403,0.36906,1890848.0
1750708800,0.36938,0.41045,0.36809,0.40374,2496518.0
1750723200,0.40379,0.40723,0.40005,0.40468,996048.0
1750737600,0.40475,0.42973,0.40455,0.41781,887362.0
1750752000,0.418,0.42063,0.41122,0.42014,714116.0
1750766400,0.42045,0.42373,0.41414,0.41693,1719114.0
1750780800,0.41737,0.42191,0.4069,0.41024,1803427.0
1750795200,0.41012,0.41805,0.40759,0.41795,560348.0
1750809600,0.41775,0.42714,0.4158,0.42422,702812.0
1750824000,0.42454,0.42537,0.4149,0.42309,718410.0
1750838400,0.42339,0.42417,0.41356,0.42003,522812.0
1750852800,0.42008,0.43324,0.41326,0.41384,2176638.0
1750867200,0.41404,0.41709,0.40769,0.41306,1036913.0
1750881600,0.4131,0.41692,0.40415,0.40977,747028.0
1750896000,0.41032,0.42282,0.40763,0.41306,577432.0
1750910400,0.4132,0.41605,0.40705,0.41243,845064.0
1750924800,0.41272,0.41579,0.405,0.40575,1280120.0
1750939200,0.40568,0.40642,0.38935,0.39845,2195620.0
1750953600,0.39823,0.39961,0.39186,0.39851,945774.0
1750968000,0.39828,0.40362,0.39127,0.39292,2013512.0
1750982400,0.39337,0.4019,0.38685,0.4009,1194910.0
1750996800,0.40092,0.40718,0.39537,0.39607,550805.0
1751011200,0.39678,0.40359,0.39592,0.4007,245505.0
1751025600,0.40074,0.40654,0.397,0.40645,277341.0
1751040000,0.40655,0.41331,0.39651,0.4007,455169.0
1751054400,0.40017,0.40853,0.40013,0.40503,636508.0
1751068800,0.40535,0.41128,0.40304,0.41078,207250.0
1751083200,0.41057,0.42866,0.40715,0.42836,288065.0
1751097600,0.42962,0.43061,0.41799,0.42161,972944.0
1751112000,0.42143,0.42644,0.41642,0.42524,564826.0
1751126400,0.42564,0.45102,0.42564,0.44803,1407863.0
1751140800,0.44774,0.45737,0.44386,0.45,1856273.0
1751155200,0.44982,0.45081,0.43916,0.43917,555431.0
1751169600,0.43901,0.44862,0.43881,0.44829,1247990.0
1751184000,0.44856,0.4569,0.44633,0.44895,730791.0
1751198400,0.44885,0.4584,0.4466,0.45181,844623.0
1751212800,0.4517,0.45948,0.44438,0.44915,1177087.0
1751227200,0.44831,0.46847,0.44723,0.46489,923992.0
1751241600,0.46489,0.47159,0.45294,0.45338,2968055.0
1751256000,0.45347,0.45895,0.44861,0.45446,1115135.0
1751270400,0.45437,0.45718,0.44804,0.45274,504884.0
1751284800,0.45319,0.48284,0.44813,0.47199,3640003.0
1751299200,0.47207,0.4732,0.45807,0.4687,2675943.0
1751313600,0.46792,0.46947,0.45677,0.46071,1790431.0
1751328000,0.46068,0.46191,0.45105,0.45372,1530818.0
1751342400,0.4537,0.4537,0.43445,0.44018,2972496.0
1751356800,0.43992,0.4407,0.43406,0.43856,1509204.0
1751371200,0.43861,0.44565,0.43284,0.43563,2163954.0
1751385600,0.43602,0.43797,0.42402,0.42607,2372736.0
1751400000,0.42598,0.42978,0.42197,0.42476,1252063.0
1751414400,0.42474,0.43174,0.41991,0.42476,566482.0
1751428800,0.42535,0.43544,0.42304,0.43106,1040474.0
1751443200,0.43179,0.44139,0.43179,0.4362,795308.0
1751457600,0.43665,0.44784,0.43163,0.44647,1215864.0
1751472000,0.44654,0.4558,0.444,0.45242,1459074.0
1751486400,0.45233,0.46079,0.4507,0.45299,1148593.0
1751500800,0.45442,0.47051,0.45427,0.46474,870257.0
1751515200,0.46425,0.47957,0.46341,0.47737,3065849.0
1751529600,0.47736,0.48243,0.46484,0.46779,1059701.0
1751544000,0.46824,0.47706,0.4517,0.45197,4180854.0
1751558400,0.45206,0.45966,0.4519,0.45686,726158.0
1751572800,0.45684,0.46059,0.45653,0.46033,348598.0
1751587200,0.46033,0.46746,0.45643,0.45824,1014688.0
1751601600,0.45829,0.46281,0.43717,0.43839,1094554.0
1751616000,0.43825,0.44223,0.43465,0.43833,1510134.0
1751630400,0.43837,0.4428,0.43136,0.43215,945710.0
1751644800,0.43235,0.43301,0.42663,0.42878,1220140.0
1751659200,0.42862,0.43709,0.42834,0.43446,577140.0
1751673600,0.43433,0.44496,0.43375,0.44086,427649.0
1751688000,0.44065,0.44304,0.43299,0.43897,883987.0
1751702400,0.43914,0.43969,0.43357,0.43625,276178.0
1751716800,0.43645,0.43689,0.43262,0.43396,134785.0
1751731200,0.4343,0.43543,0.42703,0.43094,350141.0
1751745600,0.43106,0.43696,0.42963,0.43599,385804.0
1751760000,0.43649,0.43804,0.43257,0.43349,192251.0
1751774400,0.4334,0.44321,0.43263,0.43893,742579.0
1751788800,0.43911,0.44717,0.43775,0.4398,2429331.0
1751803200,0.43995,0.45301,0.43861,0.44492,822200.0
1751817600,0.44615,0.45168,0.44517,0.44954,215630.0
1751832000,0.44996,0.45711,0.44258,0.44448,323781.0
1751846400,0.44454,0.44841,0.44038,0.44451,258930.0
1751860800,0.4443,0.44859,0.44098,0.44816,619394.0
1751875200,0.44847,0.44971,0.43908,0.44099,520851.0
1751889600,0.44136,0.44612,0.43764,0.43907,1532641.0
1751904000,0.4393,0.44162,0.43067,0.43347,808713.0
1751918400,0.4332,0.43646,0.42733,0.43602,1179615.0
1751932800,0.43588,0.43959,0.4276,0.4303,584312.0
1751947200,0.4297,0.43293,0.42772,0.43095,742249.0
1751961600,0.431,0.43362,0.42635,0.43045,708154.0
1751976000,0.43096,0.43671,0.4235,0.42713,780126.0
1751990400,0.42726,0.43545,0.42524,0.43078,825403.0
1752004800,0.43101,0.43371,0.42902,0.43332,290530.0
1752019200,0.43383,0.434,0.42463,0.42971,577178.0
1752033600,0.42953,0.43894,0.42775,0.43839,566114.0
1752048000,0.43847,0.44458,0.43624,0.44298,1072874.0
1752062400,0.44367,0.44806,0.4386,0.44254,873923.0
1752076800,0.44315,0.45063,0.43981,0.44806,1716019.0
1752091200,0.44936,0.45456,0.44087,0.45439,1252933.0
1752105600,0.45486,0.45643,0.44663,0.45515,3070819.0
1752120000,0.45501,0.46251,0.45334,0.45763,730797.0
1752134400,0.45775,0.46456,0.45775,0.45969,1314429.0
1752148800,0.45964,0.46183,0.45028,0.45265,629935.0
1752163200,0.45271,0.46689,0.45136,0.46194,1420059.0
1752177600,0.46154,0.48977,0.46143,0.48405,2182878.0
1752192000,0.48448,0.49454,0.4752,0.49352,2042304.0
1752206400,0.49336,0.50393,0.48483,0.48857,737000.0
1752220800,0.48896,0.50168,0.48869,0.49356,637506.0
1752235200,0.49353,0.50954,0.48608,0.48686,3998892.0
1752249600,0.48831,0.51252,0.48685,0.51028,13611725.0
1752264000,0.51,0.51017,0.47791,0.48833,1160665.0
1752278400,0.48882,0.49203,0.47982,0.49157,1596065.0
1752292800,0.49157,0.49282,0.47666,0.48729,394792.0
1752307200,0.48825,0.48881,0.48051,0.48349,547370.0
1752321600,0.48332,0.48556,0.45835,0.45969,4619109.0
1752336000,0.4595,0.47588,0.45658,0.475,2432775.0
1752350400,0.47494,0.47507,0.46648,0.47247,2225708.0
1752364800,0.47255,0.48106,0.47149,0.47633,915238.0
1752379200,0.47596,0.49068,0.47528,0.4895,669964.0
1752393600,0.48991,0.50932,0.48362,0.50819,426737.0
1752408000,0.50774,0.51419,0.49955,0.50371,908324.0
1752422400,0.50397,0.51338,0.49926,0.50624,382734.0
1752436800,0.5057,0.51017,0.4935,0.5042,1037062.0
1752451200,0.50389,0.53014,0.50367,0.52277,921736.0
1752465600,0.52357,0.53143,0.51536,0.52156,1632709.0
1752480000,0.52141,0.5228,0.51057,0.51289,1021698.0
1752494400,0.51238,0.51757,0.49265,0.49602,1782103.0
1752508800,0.49657,0.50579,0.4951,0.49787,934703.0
1752523200,0.49777,0.50094,0.48886,0.49809,831433.0
1752537600,0.49776,0.50186,0.47616,0.48062,1247882.0
1752552000,0.47913,0.48962,0.4747,0.48134,673739.0
1752566400,0.48163,0.486,0.47772,0.48438,1746459.0
1752580800,0.48421,0.49833,0.47878,0.49438,1232853.0
1752595200,0.4945,0.50905,0.4942,0.49861,2922330.0
1752609600,0.4985,0.51688,0.49592,0.5146,755931.0
1752624000,0.51464,0.5207,0.5063,0.51231,541689.0
1752638400,0.5125,0.52703,0.50941,0.52266,4279608.0
1752652800,0.5224,0.5313,0.51814,0.53011,1006311.0
1752667200,0.53026,0.53684,0.52217,0.53212,4059758.0
1752681600,0.53204,0.5558,0.53204,0.54887,3330875.0
1752696000,0.5482,0.55308,0.53654,0.54207,1049547.0
1752710400,0.54161,0.55146,0.5224,0.52751,3469535.0
1752724800,0.52714,0.54639,0.52598,0.5461,488411.0
1752739200,0.54624,0.55431,0.54127,0.54443,803848.0
1752753600,0.54424,0.55035,0.53375,0.5418,1021085.0
1752768000,0.54151,0.54429,0.52793,0.53314,440965.0
1752782400,0.53326,0.55484,0.5262,0.5453,2756656.0
1752796800,0.5456,0.5652,0.54259,0.56281,977238.0
1752811200,0.56345,0.57792,0.56,0.56,2212304.0
1752825600,0.56,0.56579,0.54857,0.55152,868767.0
1752840000,0.55172,0.56588,0.53095,0.53752,2675671.0
1752854400,0.53727,0.54572,0.53325,0.53785,436161.0
1752868800,0.53803,0.53866,0.52277,0.53414,1319208.0
1752883200,0.53398,0.53971,0.5173,0.53903,608549.0
1752897600,0.53886,0.54274,0.53362,0.5361,312722.0
1752912000,0.536,0.53958,0.53087,0.53417,450146.0
1752926400,0.53416,0.53773,0.52433,0.53343,343436.0
1752940800,0.53345,0.54661,0.53041,0.5444,339274.0
1752955200,0.5449,0.54834,0.53744,0.54538,113587.0
1752969600,0.54526,0.55354,0.54292,0.54758,173553.0
1752984000,0.54746,0.5528,0.54349,0.54478,578111.0
1752998400,0.54485,0.56,0.54485,0.55649,389433.0
1753012800,0.5565,0.56642,0.55365,0.56642,899741.0
1753027200,0.5666,0.57144,0.55888,0.56792,1514736.0
1753041600,0.56776,0.5685,0.54551,0.56082,1743283.0
1753056000,0.55889,0.59327,0.54764,0.59294,2047780.0
1753070400,0.59243,0.60146,0.58059,0.60093,1425734.0
1753084800,0.6005,0.61893,0.59873,0.60472,3944216.0
1753099200,0.6044,0.64866,0.60032,0.62334,10638913.0
1753113600,0.623,0.6241,0.59281,0.59795,9273839.0
1753128000,0.59648,0.618,0.59159,0.6127,4744164.0
1753142400,0.61305,0.66312,0.60139,0.64924,10312576.0
1753156800,0.64956,0.68179,0.6295,0.6422,10135083.0
1753171200,0.64285,0.64494,0.61886,0.63774,5320375.0
1753185600,0.6373,0.65874,0.60602,0.61979,7603384.0
1753200000,0.61965,0.63141,0.60727,0.60878,4889786.0
1753214400,0.60891,0.63602,0.60274,0.63361,2236624.0
1753228800,0.63368,0.63384,0.6116,0.61922,1927581.0
1753243200,0.61933,0.62614,0.60444,0.60682,1330066.0
1753257600,0.60699,0.61456,0.593,0.59603,2084100.0
1753272000,0.59584,0.59898,0.56578,0.58448,7912371.0
1753286400,0.58438,0.58438,0.55818,0.57187,3051545.0
1753300800,0.57146,0.58272,0.55436,0.57918,2989769.0
1753315200,0.57946,0.59144,0.57135,0.58214,1498820.0
1753329600,0.58272,0.58344,0.53915,0.5463,3448009.0
1753344000,0.546,0.55676,0.52902,0.54695,1565043.0
1753358400,0.54663,0.5656,0.5349,0.55465,3402291.0
1753372800,0.55456,0.56048,0.53859,0.55124,2506772.0
1753387200,0.55078,0.55743,0.53764,0.54063,1035537.0
1753401600,0.54072,0.54113,0.5181,0.5275,2423172.0
1753416000,0.52708,0.53416,0.5196,0.52996,1005069.0
1753430400,0.5297,0.54433,0.52454,0.54141,1155623.0
1753444800,0.54104,0.54541,0.51385,0.52224,1468826.0
1753459200,0.52246,0.53747,0.5178,0.53421,1812897.0
1753473600,0.53378,0.55262,0.53378,0.55245,929079.0
1753488000,0.55261,0.55873,0.54809,0.55348,540944.0
1753502400,0.55272,0.55586,0.54956,0.55367,566829.0
1753516800,0.55358,0.56256,0.55358,0.55828,1357684.0
1753531200,0.55856,0.56005,0.5541,0.55836,1834163.0
1753545600,0.5594,0.56157,0.54983,0.56098,2141196.0
1753560000,0.56117,0.56483,0.55356,0.55437,822548.0
1753574400,0.55421,0.5634,0.55337,0.56083,356168.0
1753588800,0.5616,0.57936,0.55936,0.57239,2852133.0
1753603200,0.57194,0.61558,0.56922,0.59554,6733812.0
1753617600,0.59553,0.59553,0.56883,0.57462,4879869.0
1753632000,0.57503,0.59883,0.57477,0.59284,5237967.0
1753646400,0.59291,0.60478,0.58538,0.59077,3743714.0
1753660800,0.59076,0.62357,0.58798,0.6223,5113587.0
1753675200,0.62185,0.62568,0.60425,0.61172,3743685.0
1753689600,0.6113,0.61437,0.59929,0.60704,1135085.0
1753704000,0.60706,0.61201,0.57333,0.577,3304650.0
1753718400,0.57667,0.58018,0.55387,0.55923,5246853.0
1753732800,0.55896,0.55914,0.53925,0.54571,3265048.0
1753747200,0.54554,0.55215,0.53609,0.54956,3084317.0
1753761600,0.54951,0.57188,0.54841,0.57112,1694258.0
1753776000,0.57143,0.57143,0.55274,0.55767,1385669.0
1753790400,0.55798,0.56428,0.52864,0.5336,4342831.0
1753804800,0.53398,0.5435,0.52592,0.53404,1170253.0
1753819200,0.53328,0.54081,0.52639,0.53822,2771449.0
1753833600,0.53882,0.54016,0.5275,0.53521,526629.0
1753848000,0.53475,0.53778,0.52531,0.52701,936356.0
1753862400,0.52701,0.5323,0.51115,0.51415,1186335.0
1753876800,0.51427,0.52551,0.51002,0.52157,1859226.0
1753891200,0.52191,0.52837,0.4936,0.51672,4140889.0
1753905600,0.51661,0.52195,0.50992,0.51877,569013.0
1753920000,0.51913,0.53038,0.51725,0.5289,693915.0
1753934400,0.52929,0.53817,0.52843,0.53499,2116702.0
1753948800,0.53448,0.5388,0.52766,0.52956,985567.0
1753963200,0.52959,0.53002,0.49983,0.50868,7199013.0
1753977600,0.50835,0.52194,0.5004,0.50276,1629334.0
1753992000,0.50177,0.5036,0.48067,0.48254,2439590.0
1754006400,0.48253,0.48892,0.46735,0.48672,3457193.0
1754020800,0.48611,0.48611,0.47164,0.47306,1120625.0
1754035200,0.47403,0.47512,0.46301,0.47499,1619129.0
1754049600,0.47435,0.48148,0.45944,0.47614,7139435.0
1754064000,0.47614,0.47814,0.45959,0.46728,1716228.0
1754078400,0.46749,0.46853,0.44084,0.45104,2587409.0
1754092800,0.4502,0.45769,0.44959,0.45567,357395.0
1754107200,0.45596,0.46017,0.44364,0.45643,384330.0
1754121600,0.45624,0.45657,0.44241,0.44822,250089.0
1754136000,0.44887,0.45095,0.43697,0.4382,586979.0
1754150400,0.43813,0.44601,0.42676,0.43216,3527602.0
1754164800,0.43228,0.4414,0.43185,0.43776,616292.0
1754179200,0.43781,0.44743,0.43082,0.4457,578427.0
1754193600,0.44539,0.45172,0.44327,0.45074,561089.0
1754208000,0.45096,0.45765,0.44974,0.45312,833453.0
1754222400,0.45304,0.45529,0.45017,0.45444,436753.0
1754236800,0.45441,0.4662,0.45159,0.46169,620841.0
1754251200,0.46247,0.46899,0.46099,0.46766,605099.0
1754265600,0.46745,0.47797,0.46508,0.4691,925810.0
1754280000,0.46948,0.47154,0.46156,0.46623,327446.0
1754294400,0.4666,0.46849,0.45773,0.4593,516766.0
1754308800,0.4593,0.47647,0.45893,0.47231,1765528.0
1754323200,0.47198,0.48574,0.47185,0.47326,884954.0
1754337600,0.47337,0.48819,0.47278,0.48752,434178.0
1754352000,0.4875,0.48783,0.47252,0.47252,372330.0
1754366400,0.47203,0.47825,0.46589,0.46721,311951.0
1754380800,0.46776,0.48738,0.46607,0.48562,530244.0
1754395200,0.48607,0.48607,0.45924,0.46193,1329859.0
1754409600,0.46175,0.4682,0.46027,0.46153,376847.0
1754424000,0.46122,0.46655,0.45388,0.46495,773874.0
1754438400,0.46507,0.46507,0.45098,0.45254,619744.0
1754452800,0.4521,0.467,0.44932,0.46495,322514.0
1754467200,0.46545,0.46636,0.45934,0.46168,340377.0
1754481600,0.46171,0.48035,0.45638,0.47856,690426.0
1754496000,0.47892,0.47958,0.47,0.4762,1263600.0
1754510400,0.47758,0.47758,0.4729,0.47498,376182.0
1754524800,0.47486,0.47838,0.46876,0.47022,192566.0
1754539200,0.47008,0.48141,0.46998,0.48141,335428.0
1754553600,0.48166,0.49696,0.4786,0.4951,1555298.0
1754568000,0.49518,0.49667,0.48543,0.4887,1293971.0
1754582400,0.48832,0.49095,0.47506,0.49054,586586.0
1754596800,0.49129,0.49888,0.49087,0.49888,593479.0
1754611200,0.49874,0.50276,0.49364,0.49767,958395.0
1754625600,0.49693,0.50623,0.49155,0.50482,695355.0
1754640000,0.50442,0.50786,0.4959,0.5036,593425.0
1754654400,0.50356,0.50855,0.48531,0.48902,1105350.0
1754668800,0.48893,0.50572,0.48761,0.50339,971073.0
1754683200,0.50327,0.50456,0.49774,0.49902,339715.0
1754697600,0.49946,0.50439,0.4972,0.49801,308560.0
1754712000,0.49821,0.52002,0.49459,0.51789,3137407.0
1754726400,0.51797,0.53292,0.51552,0.52682,3077837.0
1754740800,0.52684,0.537,0.51799,0.52303,1374497.0
1754755200,0.52296,0.53137,0.52129,0.52812,1021443.0
1754769600,0.52816,0.53486,0.52086,0.52282,303575.0
1754784000,0.52281,0.54828,0.5226,0.54331,2203998.0
1754798400,0.54325,0.54906,0.5138,0.51408,3503533.0
1754812800,0.51387,0.5206,0.50584,0.51192,3902702.0
1754827200,0.512,0.5256,0.50654,0.52205,2504330.0
1754841600,0.52176,0.53566,0.52,0.53233,1088354.0
1754856000,0.53222,0.5343,0.52294,0.53001,1878909.0
1754870400,0.53001,0.54367,0.52187,0.53999,2947731.0
1754884800,0.54,0.54382,0.51454,0.51741,2870016.0
1754899200,0.51669,0.52316,0.5001,0.50365,3068021.0
1754913600,0.50342,0.51528,0.49648,0.51244,2856905.0
1754928000,0.51227,0.52193,0.49738,0.50104,4713397.0
1754942400,0.50094,0.50185,0.48732,0.49345,1319004.0
1754956800,0.49283,0.504,0.49197,0.49653,1003780.0
1754971200,0.49637,0.50169,0.4881,0.50062,1224981.0
1754985600,0.50052,0.50238,0.48781,0.49613,1291650.0
1755000000,0.49614,0.51915,0.49369,0.51902,5441957.0
1755014400,0.519,0.535,0.51666,0.53307,3221147.0
1755028800,0.53419,0.54075,0.53058,0.53469,2256212.0
1755043200,0.53483,0.55231,0.53147,0.54383,2471008.0
1755057600,0.54339,0.55264,0.5324,0.54298,1677428.0
1755072000,0.54297,0.55963,0.54164,0.55283,1882453.0
1755086400,0.55277,0.56926,0.53834,0.54525,7545513.0
1755100800,0.54557,0.55317,0.54123,0.55303,890661.0
1755115200,0.5529,0.55851,0.54673,0.55349,727633.0
1755129600,0.55368,0.57075,0.54831,0.56598,1443501.0
1755144000,0.5657,0.57276,0.5441,0.54751,1519043.0
1755158400,0.54744,0.54821,0.52752,0.53417,5538970.0
1755172800,0.53421,0.54165,0.49734,0.51822,5534198.0
1755187200,0.5181,0.51815,0.50197,0.5071,2332652.0
1755201600,0.50742,0.51224,0.49634,0.50891,3424528.0
1755216000,0.50903,0.52427,0.50494,0.52151,1360282.0
1755230400,0.52119,0.5345,0.51881,0.53315,1194765.0
1755244800,0.53336,0.53569,0.51579,0.51806,713940.0
1755259200,0.51672,0.52542,0.49311,0.49738,3151012.0
1755273600,0.49704,0.50592,0.48991,0.49634,1711660.0
1755288000,0.49714,0.51564,0.49519,0.50745,1838675.0
1755302400,0.50752,0.5176,0.50666,0.51179,268484.0
1755316800,0.51201,0.51652,0.50911,0.51528,553174.0
1755331200,0.51528,0.51597,0.50475,0.50561,965052.0
1755345600,0.50583,0.51786,0.50386,0.51428,698667.0
1755360000,0.51426,0.51822,0.51148,0.5167,555315.0
1755374400,0.5167,0.52036,0.51345,0.51732,1809352.0
1755388800,0.5173,0.52,0.51145,0.51827,887295.0
1755403200,0.51805,0.52293,0.51599,0.51997,351565.0
1755417600,0.51985,0.52455,0.51719,0.5204,563377.0
1755432000,0.5206,0.52877,0.51451,0.52867,826190.0
1755446400,0.52878,0.52999,0.50959,0.51088,836428.0
1755460800,0.51128,0.51963,0.50882,0.50963,1168923.0
1755475200,0.50938,0.5109,0.48715,0.49152,3894146.0
1755489600,0.49148,0.49577,0.48406,0.48763,793284.0
1755504000,0.48771,0.49379,0.48354,0.48951,1204759.0
1755518400,0.4894,0.49806,0.48625,0.49406,1107873.0
1755532800,0.4946,0.498,0.4885,0.49244,609104.0
1755547200,0.49182,0.50228,0.48925,0.49263,2562856.0
1755561600,0.49257,0.50055,0.47881,0.48151,1401908.0
1755576000,0.4815,0.48845,0.477,0.48405,689536.0
1755590400,0.48516,0.50329,0.48129,0.50248,1565319.0
1755604800,0.50249,0.50341,0.48307,0.48563,1908475.0
1755619200,0.48586,0.48625,0.47474,0.47858,1273631.0
1755633600,0.47856,0.48504,0.47397,0.47487,346694.0
1755648000,0.47562,0.49042,0.47346,0.48712,1042031.0
1755662400,0.487,0.49495,0.48539,0.48578,4589869.0
1755676800,0.48597,0.49133,0.48003,0.48587,699987.0
1755691200,0.48638,0.49642,0.47661,0.49142,4168424.0
1755705600,0.49141,0.50539,0.48925,0.50179,2178516.0
1755720000,0.50188,0.50414,0.49959,0.50124,1186661.0
1755734400,0.50153,0.50847,0.49708,0.50202,921014.0
1755748800,0.50177,0.50435,0.4942,0.49806,716510.0
1755763200,0.49818,0.49866,0.48913,0.49131,300194.0
1755777600,0.49105,0.49678,0.48396,0.48396,738089.0
1755792000,0.48476,0.48874,0.48114,0.48173,593245.0
1755806400,0.4825,0.48936,0.48117,0.4836,843061.0
1755820800,0.48398,0.49608,0.48014,0.48939,4450515.0
1755835200,0.48991,0.49447,0.48626,0.49346,812063.0
1755849600,0.49345,0.4973,0.47851,0.47851,693643.0
1755864000,0.47864,0.52113,0.46425,0.51455,12582481.0
1755878400,0.51486,0.52898,0.51486,0.52684,1936217.0
1755892800,0.52744,0.53301,0.52488,0.53084,391676.0
1755907200,0.53122,0.53163,0.50929,0.51495,908436.0
1755921600,0.51583,0.54182,0.51583,0.52507,3138823.0
1755936000,0.52535,0.52838,0.5175,0.51838,373777.0
1755950400,0.51874,0.52384,0.51571,0.5233,404696.0
1755964800,0.52335,0.52553,0.51943,0.52428,640517.0
1755979200,0.52414,0.52451,0.5202,0.52291,274966.0
1755993600,0.52291,0.53558,0.52169,0.52917,961988.0
1756008000,0.52888,0.53133,0.51051,0.51051,1136752.0
1756022400,0.51179,0.5154,0.50539,0.50814,1290620.0
1756036800,0.50754,0.52288,0.5068,0.51327,829199.0
1756051200,0.51302,0.53664,0.50512,0.51512,2938458.0
1756065600,0.51549,0.51834,0.50256,0.51041,1182245.0
1756080000,0.51057,0.53157,0.49947,0.51982,3041810.0
1756094400,0.52005,0.521,0.49158,0.49386,1242200.0
1756108800,0.49411,0.4989,0.47543,0.4854,9014040.0
1756123200,0.4854,0.4968,0.484,0.48591,7198578.0
1756137600,0.48594,0.49059,0.46843,0.4698,2581056.0
1756152000,0.46966,0.47132,0.45422,0.45896,3679916.0
1756166400,0.45902,0.46642,0.45496,0.46031,1410749.0
1756180800,0.46129,0.46727,0.45984,0.46448,743291.0
1756195200,0.46427,0.46552,0.45929,0.46174,498976.0
1756209600,0.46226,0.47394,0.45883,0.46723,1713346.0
1756224000,0.46723,0.47859,0.46595,0.4773,2014932.0
1756238400,0.47691,0.4779,0.47151,0.47333,1648457.0
1756252800,0.47352,0.48884,0.46977,0.48561,3811967.0
1756267200,0.48519,0.49279,0.48439,0.48751,1818155.0
1756281600,0.48759,0.49893,0.48447,0.49863,1473569.0
1756296000,0.49822,0.511,0.48561,0.50812,2963980.0
1756310400,0.50784,0.51222,0.49857,0.49886,1905295.0
1756324800,0.49901,0.51042,0.49018,0.49609,8031866.0
1756339200,0.49593,0.51136,0.48854,0.50752,6082323.0
1756353600,0.50743,0.52238,0.50581,0.51701,2521388.0
1756368000,0.51671,0.5255,0.51311,0.52023,2634104.0
1756382400,0.52043,0.52941,0.51467,0.51776,5323950.0
1756396800,0.51833,0.52215,0.50606,0.51122,4726170.0
1756411200,0.51018,0.53,0.50962,0.52855,2161719.0
1756425600,0.52853,0.53778,0.51873,0.53488,1894096.0
1756440000,0.53446,0.5438,0.51057,0.51303,4647408.0
1756454400,0.5137,0.51999,0.50286,0.51276,1439943.0
1756468800,0.51204,0.53328,0.50357,0.50564,5914295.0
1756483200,0.5056,0.50926,0.49767,0.50331,2104292.0
1756497600,0.50348,0.51313,0.49499,0.50852,1747796.0
1756512000,0.50861,0.51641,0.49611,0.51023,802282.0
1756526400,0.51018,0.51749,0.50553,0.50618,636599.0
1756540800,0.50623,0.50725,0.49818,0.50106,406666.0
1756555200,0.50084,0.50266,0.49115,0.50117,1935760.0
1756569600,0.50098,0.5012,0.49419,0.4972,716894.0
1756584000,0.49714,0.50387,0.49323,0.50285,368942.0
1756598400,0.50255,0.50789,0.49898,0.50548,994338.0
1756612800,0.50596,0.50677,0.49867,0.50008,358353.0
1756627200,0.50001,0.50749,0.49635,0.49964,879253.0
1756641600,0.49974,0.50273,0.49126,0.50226,183956.0
1756656000,0.5016,0.50559,0.49783,0.50031,162632.0
1756670400,0.50029,0.50442,0.48937,0.4896,261382.0
1756684800,0.48948,0.48948,0.47391,0.47893,2521884.0
1756699200,0.47838,0.49376,0.47436,0.49376,606578.0
1756713600,0.49384,0.50136,0.48634,0.48675,634430.0
1756728000,0.48669,0.49019,0.4796,0.48184,573053.0
1756742400,0.48176,0.4864,0.48057,0.48401,285752.0
1756756800,0.48381,0.48381,0.46508,0.47547,3158323.0
1756771200,0.47554,0.48902,0.47267,0.48741,1409371.0
1756785600,0.48765,0.49502,0.48566,0.48993,876937.0
1756800000,0.48997,0.49671,0.48934,0.49173,1204427.0
1756814400,0.49147,0.49586,0.47731,0.48272,2520424.0
1756828800,0.48303,0.49589,0.48187,0.49056,483140.0
1756843200,0.49105,0.50212,0.49065,0.49986,533002.0
1756857600,0.50006,0.50699,0.49569,0.50114,405573.0
1756872000,0.50122,0.50428,0.49539,0.49855,180378.0
1756886400,0.49838,0.5016,0.49406,0.49767,278727.0
1756900800,0.49792,0.50673,0.49718,0.5021,1327080.0
1756915200,0.5021,0.50623,0.49789,0.50017,957670.0
1756929600,0.50016,0.5007,0.4947,0.49938,275017.0
1756944000,0.49926,0.50277,0.49122,0.49169,1454711.0
1756958400,0.49155,0.49357,0.48495,0.48885,638733.0
1756972800,0.48849,0.49156,0.48702,0.48708,340499.0
1756987200,0.487,0.48961,0.47846,0.48037,1017781.0
1757001600,0.47995,0.48299,0.47499,0.47528,587627.0
1757016000,0.47497,0.48611,0.47473,0.47784,672190.0
1757030400,0.47813,0.48577,0.47813,0.48577,998435.0
1757044800,0.48566,0.49811,0.48486,0.49809,383496.0
1757059200,0.49792,0.49898,0.49271,0.49721,1063687.0
1757073600,0.49729,0.50468,0.48387,0.4895,2516711.0
1757088000,0.48911,0.49559,0.48649,0.49515,842414.0
1757102400,0.49538,0.50016,0.49408,0.49803,573970.0
1757116800,0.49809,0.50257,0.49607,0.50072,486067.0
1757131200,0.50072,0.50164,0.49409,0.49663,662775.0
1757145600,0.49657,0.49845,0.49273,0.49659,249814.0
1757160000,0.49672,0.49801,0.49362,0.49384,293441.0
1757174400,0.49373,0.49838,0.48875,0.48921,666483.0
1757188800,0.48928,0.49686,0.48869,0.496,592241.0
1757203200,0.4965,0.50065,0.49539,0.49906,450407.0
1757217600,0.49898,0.50177,0.4979,0.49881,306574.0
1757232000,0.49965,0.50394,0.49963,0.50394,254337.0
1757246400,0.50362,0.50654,0.50059,0.50557,347891.0
1757260800,0.50525,0.50589,0.49486,0.49814,1361646.0
1757275200,0.49813,0.50835,0.49684,0.50543,547168.0
1757289600,0.50546,0.51167,0.50178,0.50781,1299764.0
1757304000,0.50798,0.51238,0.50523,0.51211,593690.0
1757318400,0.51242,0.52333,0.51061,0.51835,1003424.0
1757332800,0.5189,0.52237,0.51238,0.51813,1260947.0
1757347200,0.51808,0.52094,0.511,0.51322,2048174.0
1757361600,0.51337,0.51867,0.50859,0.51747,1560420.0
1757376000,0.51718,0.52122,0.50708,0.51513,866491.0
1757390400,0.51465,0.53295,0.51333,0.52866,1348240.0
1757404800,0.5284,0.53485,0.5284,0.53152,858527.0
1757419200,0.53139,0.5363,0.50934,0.51281,3294178.0
1757433600,0.51277,0.52293,0.51116,0.52123,1432287.0
1757448000,0.52115,0.52862,0.51681,0.52837,1015498.0
1757462400,0.52814,0.5348,0.52074,0.53315,1320224.0
1757476800,0.53312,0.53955,0.52817,0.53685,5695199.0
1757491200,0.53673,0.53746,0.52838,0.52988,880910.0
1757505600,0.52988,0.54,0.52882,0.53427,6107971.0
1757520000,0.53434,0.53544,0.52517,0.52806,1209159.0
1757534400,0.52783,0.53879,0.52731,0.53724,1623971.0
1757548800,0.53707,0.54015,0.53561,0.5392,1113228.0
1757563200,0.53844,0.53875,0.53162,0.53575,987358.0
1757577600,0.53551,0.53868,0.53146,0.53188,3141158.0
1757592000,0.53183,0.54125,0.52404,0.52994,2370643.0
1757606400,0.52998,0.5361,0.52961,0.53553,474352.0
1757620800,0.53498,0.54668,0.53365,0.54502,519934.0
1757635200,0.54477,0.55425,0.54441,0.55038,1254717.0
1757649600,0.55008,0.5791,0.54763,0.55996,3045644.0
1757664000,0.55997,0.56247,0.55278,0.55749,3147043.0
1757678400,0.55689,0.56624,0.55103,0.55719,1083465.0
1757692800,0.55721,0.56386,0.55515,0.56153,776796.0
1757707200,0.56165,0.56373,0.556,0.55929,1897855.0
1757721600,0.55929,0.5647,0.55604,0.55857,647913.0
1757736000,0.55854,0.55925,0.54978,0.55002,535541.0
1757750400,0.54985,0.56096,0.54884,0.55763,1246268.0
1757764800,0.55731,0.56279,0.54239,0.54809,1999063.0
1757779200,0.54819,0.54929,0.53429,0.54297,1906262.0
1757793600,0.54293,0.54834,0.54249,0.54738,284751.0
1757808000,0.54762,0.56441,0.54083,0.55631,2506268.0
1757822400,0.55643,0.56305,0.54869,0.55283,2096645.0
1757836800,0.55292,0.55869,0.54041,0.5424,1658751.0
1757851200,0.5427,0.5444,0.52501,0.53091,3451679.0
1757865600,0.53092,0.55037,0.5295,0.54025,2380136.0
1757880000,0.54047,0.54663,0.53527,0.5365,1152769.0
1757894400,0.53605,0.54021,0.52712,0.53829,1032458.0
1757908800,0.53792,0.54423,0.5263,0.52867,838286.0
1757923200,0.52843,0.52877,0.50745,0.51053,3900915.0
1757937600,0.50873,0.51141,0.49679,0.49893,2408847.0
1757952000,0.49891,0.509,0.493,0.50659,1496929.0
1757966400,0.50611,0.51052,0.50566,0.50877,810278.0
1757980800,0.5085,0.51009,0.50308,0.50392,463994.0
1757995200,0.5034,0.50971,0.498,0.50905,373297.0
1758009600,0.50931,0.51327,0.50707,0.50751,1019604.0
1758024000,0.50743,0.52167,0.5006,0.52167,2426884.0
1758038400,0.52167,0.52287,0.51263,0.51855,1298998.0
1758052800,0.51858,0.52009,0.51693,0.51745,389876.0
1758067200,0.51735,0.51821,0.50706,0.50736,655643.0
1758081600,0.50767,0.51339,0.5027,0.51282,1428924.0
1758096000,0.51151,0.51175,0.50446,0.50739,1160068.0
1758110400,0.50721,0.51109,0.50486,0.50592,1173211.0
1758124800,0.50583,0.53499,0.50036,0.533,12937144.0
1758139200,0.533,0.55146,0.51739,0.54448,7390309.0
1758153600,0.54448,0.55106,0.53809,0.54616,6757648.0
1758168000,0.54615,0.54673,0.53532,0.5419,1353451.0
1758182400,0.54157,0.55992,0.54067,0.5461,2419614.0
1758196800,0.54601,0.55881,0.54258,0.55834,1880622.0
1758211200,0.55833,0.57402,0.55393,0.56463,7241240.0
1758225600,0.56455,0.56738,0.55423,0.55905,2219032.0
1758240000,0.55893,0.56342,0.54879,0.54964,1897708.0
1758254400,0.54894,0.55306,0.54075,0.54276,1525613.0
1758268800,0.54254,0.54414,0.52889,0.53206,5731944.0
1758283200,0.53205,0.53834,0.52102,0.52867,7144501.0
1758297600,0.52845,0.53405,0.52284,0.52538,1299006.0
1758312000,0.52507,0.5297,0.52119,0.52507,626831.0
1758326400,0.52517,0.52724,0.51673,0.5207,980219.0
1758340800,0.52047,0.53333,0.51938,0.53333,1638299.0
1758355200,0.53324,0.53328,0.51566,0.51969,916944.0
1758369600,0.51982,0.53268,0.51756,0.52899,808805.0
1758384000,0.52874,0.53214,0.52228,0.52479,452259.0
1758398400,0.52456,0.53222,0.52425,0.5282,671638.0
1758412800,0.52777,0.53587,0.52708,0.53406,458723.0
1758427200,0.53417,0.53889,0.53309,0.53491,547141.0
1758441600,0.53499,0.53657,0.52237,0.52907,1116009.0
1758456000,0.52912,0.53771,0.52797,0.52885,1368164.0
1758470400,0.529,0.53057,0.52095,0.52637,2036205.0
1758484800,0.52619,0.52639,0.519,0.52019,848365.0
1758499200,0.52002,0.52296,0.49892,0.50237,2352607.0
1758513600,0.50162,0.5033,0.45251,0.47609,4682492.0
1758528000,0.47603,0.47848,0.46862,0.47503,1564584.0
1758542400,0.47501,0.48074,0.46986,0.47118,916727.0
1758556800,0.47102,0.4728,0.46137,0.46164,1677296.0
1758571200,0.46202,0.47429,0.46148,0.47352,679391.0
1758585600,0.47324,0.47522,0.45624,0.46546,934642.0
1758600000,0.46529,0.47579,0.46197,0.47264,767825.0
1758614400,0.47273,0.48674,0.47263,0.47725,1559969.0
1758628800,0.47671,0.4791,0.46817,0.47407,726040.0
1758643200,0.47397,0.4803,0.46199,0.46323,2825035.0
1758657600,0.46322,0.47019,0.46174,0.4629,861907.0
1758672000,0.46314,0.47368,0.45806,0.45806,1208475.0
1758686400,0.45815,0.47261,0.45269,0.4714,2427901.0
1758700800,0.47185,0.47729,0.47047,0.4754,750359.0
1758715200,0.47555,0.48434,0.47188,0.4752,648270.0
1758729600,0.47571,0.47925,0.47215,0.47422,216142.0
1758744000,0.47399,0.47426,0.46917,0.47255,181515.0
1758758400,0.47248,0.47301,0.46,0.46353,370382.0
1758772800,0.46347,0.46461,0.45279,0.45449,993364.0
1758787200,0.45442,0.45768,0.44598,0.4472,733491.0
1758801600,0.44794,0.45503,0.43904,0.44657,1184346.0
1758816000,0.4471,0.44876,0.42583,0.43677,3250698.0
1758830400,0.43707,0.43786,0.42456,0.42732,1032152.0
1758844800,0.42786,0.43675,0.42669,0.43596,408032.0
1758859200,0.4361,0.43846,0.42767,0.43301,300137.0
1758873600,0.43294,0.43574,0.42347,0.42864,477111.0
1758888000,0.42801,0.43674,0.42334,0.43192,1068515.0
1758902400,0.43189,0.44672,0.4316,0.44192,1243485.0
1758916800,0.44144,0.44537,0.43953,0.44529,403137.0
1758931200,0.44518,0.44816,0.44335,0.44446,359943.0
1758945600,0.44395,0.44627,0.44107,0.44165,377672.0
1758960000,0.44153,0.44169,0.43507,0.43936,397975.0
1758974400,0.43941,0.44299,0.43682,0.44139,470353.0
1758988800,0.44153,0.44194,0.43289,0.4363,716153.0
1759003200,0.43636,0.44372,0.43594,0.43843,103191.0
1759017600,0.43959,0.43959,0.4317,0.43376,164875.0
1759032000,0.43379,0.43379,0.4272,0.42959,157583.0
1759046400,0.42965,0.43067,0.42587,0.42816,671945.0
1759060800,0.42822,0.43379,0.42346,0.43345,236393.0
1759075200,0.43335,0.44225,0.43335,0.4417,781422.0
1759089600,0.44169,0.45273,0.44089,0.45097,955635.0
1759104000,0.45085,0.45143,0.44623,0.44884,750649.0
1759118400,0.44901,0.45107,0.44191,0.44472,770737.0
1759132800,0.44513,0.44781,0.43684,0.43991,418423.0
1759147200,0.43991,0.45315,0.43263,0.44458,785300.0
1759161600,0.44517,0.44794,0.43809,0.44409,304468.0
1759176000,0.44423,0.44953,0.43927,0.43954,217701.0
1759190400,0.43954,0.44117,0.43139,0.43237,489326.0
1759204800,0.43282,0.43611,0.42786,0.42998,473008.0
1759219200,0.42961,0.43203,0.42488,0.43189,598861.0
1759233600,0.43116,0.43123,0.41374,0.4181,3139781.0
1759248000,0.4178,0.43177,0.41363,0.43034,765753.0
1759262400,0.43042,0.43648,0.42583,0.42856,661706.0
1759276800,0.42854,0.43404,0.426,0.42841,657998.0
1759291200,0.42813,0.43458,0.42805,0.43348,593989.0
1759305600,0.43314,0.45418,0.43314,0.45059,2319911.0
1759320000,0.45078,0.46489,0.44997,0.45976,2045830.0
1759334400,0.46027,0.4635,0.45534,0.46237,910512.0
1759348800,0.46184,0.46293,0.4577,0.46293,410736.0
1759363200,0.46303,0.46809,0.46042,0.46658,665802.0
1759377600,0.46665,0.47061,0.46357,0.46798,360898.0
1759392000,0.46794,0.47086,0.46584,0.46797,682939.0
1759406400,0.46679,0.47023,0.45374,0.46342,1228846.0
1759420800,0.46318,0.47538,0.46193,0.47121,781039.0
1759435200,0.47106,0.4756,0.46757,0.47306,516037.0
1759449600,0.47309,0.47345,0.46154,0.46476,748801.0
1759464000,0.46438,0.4687,0.45858,0.46115,686334.0
1759478400,0.46126,0.46369,0.45811,0.46004,304856.0
1759492800,0.46016,0.47381,0.45699,0.47358,548952.0
1759507200,0.47308,0.48196,0.4632,0.47192,2172673.0
1759521600,0.47194,0.47242,0.46815,0.46844,954914.0
1759536000,0.46863,0.47038,0.45813,0.46102,1836126.0
1759550400,0.46087,0.46737,0.45926,0.46451,1784151.0
1759564800,0.46444,0.46518,0.45313,0.45644,2138271.0
1759579200,0.45631,0.46064,0.4459,0.44675,730508.0
1759593600,0.44688,0.45422,0.44444,0.45394,1352163.0
1759608000,0.45394,0.45737,0.45353,0.4557,94277.0
1759622400,0.4556,0.46465,0.45031,0.46088,1025936.0
1759636800,0.4609,0.47534,0.46024,0.47365,1972705.0
1759651200,0.4738,0.47803,0.4615,0.46507,743078.0
1759665600,0.46446,0.46548,0.45781,0.46203,332965.0
1759680000,0.46211,0.46344,0.44908,0.44919,546537.0
1759694400,0.44912,0.45593,0.44821,0.45485,458378.0
1759708800,0.45505,0.45947,0.44982,0.45715,1409479.0
1759723200,0.45698,0.46166,0.45174,0.4556,694451.0
1759737600,0.4559,0.46672,0.4559,0.46275,6283715.0
1759752000,0.46266,0.47549,0.46266,0.47424,1842970.0
1759766400,0.47427,0.47831,0.47071,0.47606,2090883.0
1759780800,0.47651,0.47764,0.46935,0.47086,861396.0
1759795200,0.47088,0.47245,0.46678,0.4712,413723.0
1759809600,0.47117,0.47542,0.46095,0.46207,1307673.0
1759824000,0.46189,0.46806,0.45633,0.46797,1011099.0
1759838400,0.46746,0.4697,0.44389,0.44756,2913933.0
1759852800,0.44679,0.45387,0.44239,0.44454,2598083.0
1759867200,0.44448,0.44998,0.4412,0.44289,440974.0
1759881600,0.44258,0.44763,0.43712,0.438,647386.0
1759896000,0.4385,0.44335,0.43602,0.44311,583989.0
1759910400,0.44369,0.44762,0.43967,0.44021,632804.0
1759924800,0.44024,0.46234,0.43687,0.44532,6941252.0
1759939200,0.44543,0.45572,0.4447,0.45315,2567267.0
1759953600,0.45314,0.45347,0.44786,0.45061,286586.0
1759968000,0.4506,0.45293,0.43378,0.43916,1445479.0
1759982400,0.43932,0.44287,0.43206,0.43314,902680.0
1759996800,0.43273,0.43456,0.42416,0.43196,2002151.0
1760011200,0.4314,0.43609,0.42138,0.42402,1365029.0
1760025600,0.4232,0.42963,0.41948,0.42751,912047.0
1760040000,0.42756,0.43373,0.42621,0.43119,765312.0
1760054400,0.43117,0.43658,0.42629,0.43301,535714.0
1760068800,0.43299,0.43882,0.42815,0.42838,473730.0
1760083200,0.42837,0.43672,0.42778,0.43583,635185.0
1760097600,0.43563,0.44199,0.40522,0.4129,4046756.0
1760112000,0.41322,0.41787,0.39676,0.4021,1756652.0
1760126400,0.40201,0.40496,0.10892,0.32853,23549135.0
1760140800,0.32849,0.34944,0.32486,0.33529,3656720.0
1760155200,0.33529,0.33823,0.32666,0.33388,2067360.0
1760169600,0.33385,0.35289,0.33292,0.34243,3681549.0
1760184000,0.34209,0.34275,0.33144,0.33892,2789776.0
1760198400,0.33885,0.34072,0.32562,0.32843,5450217.0
1760212800,0.32849,0.3427,0.32516,0.33602,6778692.0
1760227200,0.33604,0.33876,0.32726,0.33583,2431381.0
1760241600,0.33562,0.34364,0.33555,0.34274,1137841.0
1760256000,0.34269,0.346,0.33803,0.34229,987787.0
1760270400,0.34241,0.36501,0.3375,0.36438,3073036.0
1760284800,0.3652,0.37767,0.365,0.37765,4280592.0
1760299200,0.37691,0.38034,0.36891,0.37273,1336497.0
1760313600,0.37269,0.37699,0.36791,0.37002,422364.0
1760328000,0.37021,0.38175,0.36923,0.37647,615799.0
1760342400,0.37676,0.38504,0.36671,0.37296,2959131.0
1760356800,0.37284,0.38456,0.3702,0.38159,2473725.0
1760371200,0.38197,0.4003,0.37926,0.39804,1829445.0
1760385600,0.39813,0.40312,0.39572,0.402,823971.0
1760400000,0.40214,0.40422,0.38505,0.38617,640675.0
1760414400,0.38659,0.38763,0.35724,0.36278,2330894.0
1760428800,0.36273,0.36898,0.35581,0.36434,1478221.0
1760443200,0.36395,0.37695,0.35568,0.37659,1717164.0
1760457600,0.37661,0.38385,0.36703,0.37293,2813364.0
1760472000,0.37217,0.3772,0.36988,0.37487,811059.0
1760486400,0.37519,0.37916,0.37078,0.37333,1506403.0
1760500800,0.3734,0.37793,0.37166,0.37686,524046.0
1760515200,0.37665,0.38582,0.36798,0.37066,1086001.0
1760529600,0.3704,0.372,0.359,0.36268,3212251.0
1760544000,0.36272,0.37031,0.36129,0.3625,879129.0
1760558400,0.363,0.36547,0.35571,0.36073,890156.0
1760572800,0.36085,0.3668,0.35875,0.36368,1351038.0
1760587200,0.36387,0.36832,0.36034,0.36296,423165.0
1760601600,0.36355,0.36886,0.35119,0.36886,2376660.0
1760616000,0.36883,0.37239,0.34627,0.34889,2492786.0
1760630400,0.34866,0.35555,0.34036,0.34357,3104035.0
1760644800,0.34341,0.346,0.33716,0.34533,637081.0
1760659200,0.34533,0.35167,0.34469,0.35167,681003.0
1760673600,0.35169,0.35188,0.32402,0.3248,1474906.0
1760688000,0.32524,0.33552,0.31757,0.33238,2455462.0
1760702400,0.33231,0.33655,0.32517,0.33648,2108971.0
1760716800,0.33613,0.34176,0.33328,0.33617,750274.0
1760731200,0.33603,0.3421,0.33453,0.33512,321403.0
1760745600,0.33527,0.34162,0.33486,0.34016,390701.0
1760760000,0.34024,0.34656,0.33761,0.34058,1080231.0
1760774400,0.34048,0.34408,0.34048,0.34348,378719.0
1760788800,0.34364,0.34535,0.33646,0.34076,597950.0
1760803200,0.34076,0.34397,0.33711,0.34121,1577442.0
1760817600,0.34088,0.34363,0.33817,0.34102,2495127.0
1760832000,0.34113,0.34415,0.33779,0.34343,652517.0
1760846400,0.3435,0.3435,0.33731,0.33947,268931.0
1760860800,0.33954,0.35014,0.33462,0.3456,938201.0
1760875200,0.34657,0.3538,0.3433,0.35209,580709.0
1760889600,0.35213,0.35576,0.35019,0.35214,740443.0
1760904000,0.35232,0.35509,0.35002,0.3509,856971.0
1760918400,0.35084,0.36013,0.34406,0.35932,895962.0
1760932800,0.35936,0.36869,0.35779,0.36554,903198.0
1760947200,0.36508,0.36873,0.36215,0.36331,536986.0
1760961600,0.36305,0.36827,0.36194,0.36208,1044668.0
1760976000,0.36173,0.36297,0.35524,0.36243,904508.0
1760990400,0.36128,0.36533,0.36085,0.36343,1213538.0
1761004800,0.36329,0.36445,0.35661,0.35752,1033463.0
1761019200,0.35744,0.35752,0.34956,0.35428,838335.0
1761033600,0.35409,0.35566,0.33964,0.35336,9656805.0
1761048000,0.35329,0.37278,0.35164,0.37115,3051931.0
1761062400,0.37102,0.3745,0.36395,0.36474,1958459.0
1761076800,0.36529,0.36537,0.34765,0.3484,1441981.0
1761091200,0.34845,0.35103,0.345,0.35069,1952034.0
1761105600,0.35075,0.35925,0.3475,0.35111,1694060.0
1761120000,0.35095,0.35462,0.34507,0.35183,979000.0
1761134400,0.35172,0.35754,0.34839,0.35148,933317.0
1761148800,0.35117,0.35334,0.34292,0.34619,1197577.0
1761163200,0.34607,0.347,0.33386,0.3421,2374405.0
1761177600,0.34211,0.34681,0.34098,0.34615,588918.0
1761192000,0.34641,0.35644,0.34499,0.35434,897763.0
1761206400,0.35477,0.36075,0.35374,0.35374,2200278.0
1761220800,0.35348,0.35964,0.34819,0.35095,3091402.0
1761235200,0.35147,0.36259,0.35136,0.35924,1272918.0
1761249600,0.35926,0.35933,0.35498,0.35742,1139838.0
1761264000,0.35744,0.35949,0.35322,0.35546,1189569.0
1761278400,0.35539,0.36354,0.35439,0.36263,674945.0
1761292800,0.36244,0.36874,0.35615,0.36869,4155453.0
1761307200,0.36876,0.38305,0.36626,0.37585,3630837.0
1761321600,0.3766,0.38413,0.37499,0.38117,3531904.0
1761336000,0.38127,0.40579,0.38093,0.40407,4603116.0
1761350400,0.40389,0.4045,0.3917,0.39597,8022978.0
1761364800,0.39596,0.39919,0.38904,0.38998,893190.0
1761379200,0.39065,0.39835,0.38968,0.39782,1147550.0
1761393600,0.39798,0.42208,0.3953,0.42164,2957283.0
1761408000,0.42112,0.43642,0.41473,0.435,7346532.0
1761422400,0.43501,0.43763,0.42444,0.42659,4131658.0
1761436800,0.4267,0.4308,0.41894,0.42,1063243.0
1761451200,0.42023,0.43326,0.41961,0.42607,957509.0
1761465600,0.42613,0.43382,0.42582,0.43229,1692840.0
1761480000,0.43225,0.43678,0.42874,0.4365,1002325.0
1761494400,0.43626,0.43664,0.42678,0.42708,935553.0
1761508800,0.42711,0.44105,0.42357,0.43459,1958751.0
1761523200,0.43469,0.4433,0.43379,0.44053,998123.0
1761537600,0.44058,0.44245,0.43578,0.44099,1067577.0
1761552000,0.4403,0.45065,0.43104,0.44565,1873787.0
1761566400,0.44673,0.44851,0.43229,0.4465,2688843.0
1761580800,0.4465,0.45375,0.4412,0.44253,3091853.0
1761595200,0.44278,0.44836,0.43821,0.44394,1153348.0
1761609600,0.44387,0.44976,0.44023,0.44411,755153.0
1761624000,0.44414,0.44868,0.4327,0.43651,2023332.0
1761638400,0.43627,0.44456,0.4359,0.43798,993440.0
1761652800,0.43789,0.44274,0.42982,0.43769,2506826.0
1761667200,0.43743,0.44045,0.42533,0.42816,1691810.0
1761681600,0.42785,0.43034,0.41734,0.4297,3750170.0
1761696000,0.42992,0.43236,0.42486,0.42681,956763.0
1761710400,0.42632,0.42658,0.42043,0.42178,1274043.0
1761724800,0.42149,0.42533,0.41637,0.42389,1970314.0
1761739200,0.42426,0.42773,0.4116,0.41392,2120804.0
1761753600,0.41258,0.43105,0.41059,0.42171,7974367.0
1761768000,0.42223,0.43001,0.41101,0.4167,3403258.0
1761782400,0.4167,0.42206,0.41236,0.41972,1090315.0
1761796800,0.41988,0.42834,0.40502,0.42755,2426414.0
1761811200,0.4277,0.42787,0.40863,0.40943,1044917.0
1761825600,0.40954,0.41159,0.38881,0.39083,2149906.0
1761840000,0.39084,0.39532,0.38112,0.38255,1398002.0
1761854400,0.38254,0.40047,0.38186,0.40006,1202543.0
1761868800,0.39967,0.40292,0.39603,0.40123,1639350.0
1761883200,0.402,0.40816,0.39862,0.40032,794594.0
1761897600,0.40096,0.40749,0.3986,0.40676,607575.0
1761912000,0.40674,0.40898,0.40191,0.40452,1102273.0
1761926400,0.40465,0.40807,0.39386,0.40711,982248.0
1761940800,0.40697,0.40757,0.4026,0.40581,686701.0
1761955200,0.40543,0.40854,0.4004,0.40811,864716.0
1761969600,0.40812,0.41257,0.4053,0.41141,496970.0
1761984000,0.41152,0.41469,0.40733,0.40915,567594.0
1761998400,0.40916,0.40997,0.39911,0.40278,777557.0
1762012800,0.40313,0.40613,0.40071,0.40496,366893.0
1762027200,0.40535,0.41079,0.40362,0.41065,645456.0
1762041600,0.41077,0.41158,0.40719,0.41037,569149.0
1762056000,0.41039,0.41747,0.41005,0.41626,429400.0
1762070400,0.41644,0.41674,0.40676,0.41085,1265545.0
1762084800,0.41116,0.41182,0.39202,0.39495,1359341.0
1762099200,0.39493,0.39838,0.39111,0.3962,976555.0
1762113600,0.39612,0.40602,0.39532,0.40497,988373.0
1762128000,0.40487,0.40589,0.3755,0.3758,957706.0
1762142400,0.37544,0.38082,0.3702,0.3771,1288780.0
1762156800,0.3771,0.38127,0.37356,0.37756,937922.0
1762171200,0.37759,0.38155,0.34711,0.35737,3513467.0
1762185600,0.35757,0.37438,0.35472,0.36294,2286430.0
1762200000,0.36374,0.36427,0.3538,0.36172,474699.0
1762214400,0.36163,0.36942,0.35897,0.36903,1501754.0
1762228800,0.36861,0.36942,0.3412,0.34382,1881489.0
1762243200,0.34421,0.35529,0.3431,0.34975,1353729.0
1762257600,0.34973,0.36535,0.34338,0.35284,2808741.0
1762272000,0.35266,0.35597,0.33044,0.33817,5832710.0
1762286400,0.33845,0.34598,0.3214,0.34294,5135212.0
1762300800,0.343,0.34814,0.32469,0.3472,1713731.0
1762315200,0.34718,0.35076,0.34476,0.34663,1333433.0
1762329600,0.34634,0.34766,0.33945,0.34669,684123.0
1762344000,0.34627,0.35371,0.34482,0.35328,942428.0
1762358400,0.35331,0.35791,0.34864,0.35744,1031928.0
1762372800,0.35743,0.3594,0.35178,0.35284,602860.0
1762387200,0.35282,0.35499,0.34646,0.35383,1822072.0
1762401600,0.35393,0.35427,0.34541,0.34653,790386.0
1762416000,0.34615,0.34829,0.34325,0.34579,876598.0
1762430400,0.34574,0.35011,0.33677,0.33828,1371194.0
1762444800,0.33853,0.34414,0.33076,0.33845,1814858.0
1762459200,0.33879,0.3402,0.33336,0.33934,1029968.0
1762473600,0.33969,0.34791,0.33777,0.34594,895756.0
1762488000,0.34611,0.3509,0.3436,0.35028,602219.0
1762502400,0.35033,0.35138,0.32873,0.33073,2220681.0
1762516800,0.33017,0.34551,0.32328,0.344,2857212.0
1762531200,0.34417,0.36893,0.34154,0.36057,4188520.0
1762545600,0.3607,0.3649,0.35475,0.35516,1359259.0
1762560000,0.35519,0.36393,0.35055,0.35398,1278422.0
1762574400,0.35497,0.36121,0.3467,0.34945,1462766.0
1762588800,0.34981,0.35391,0.34596,0.34871,1087772.0
1762603200,0.34801,0.35063,0.33707,0.33901,1335681.0
1762617600,0.33988,0.34338,0.33751,0.34325,938839.0
1762632000,0.34317,0.34955,0.34172,0.34858,3423189.0
1762646400,0.34863,0.34884,0.33473,0.3361,1034415.0
1762660800,0.3363,0.34277,0.33506,0.34277,317050.0
1762675200,0.3425,0.34289,0.33514,0.3425,1194978.0
1762689600,0.3425,0.35518,0.34096,0.35191,3698656.0
1762704000,0.35187,0.35878,0.34841,0.35878,1546193.0
1762718400,0.35867,0.35943,0.35142,0.353,1370070.0
1762732800,0.35297,0.3613,0.35055,0.35915,866509.0
1762747200,0.35945,0.36278,0.35539,0.3593,683684.0
1762761600,0.35928,0.36351,0.35418,0.3604,998771.0
1762776000,0.36076,0.36567,0.35064,0.35549,902375.0
1762790400,0.35554,0.36086,0.35129,0.35724,948007.0
1762804800,0.35811,0.37164,0.35357,0.36478,2438131.0
1762819200,0.36534,0.37223,0.35689,0.37154,4901329.0
1762833600,0.37151,0.37151,0.35119,0.35149,3836649.0
1762848000,0.35092,0.35476,0.34795,0.3499,973737.0
1762862400,0.35017,0.35374,0.34583,0.34951,3951432.0
1762876800,0.34924,0.35237,0.3412,0.3414,1240196.0
1762891200,0.34168,0.34276,0.33372,0.3346,2062299.0
1762905600,0.33481,0.33957,0.33238,0.33723,610414.0
1762920000,0.33722,0.34316,0.33677,0.3371,463805.0
1762934400,0.33717,0.35033,0.33699,0.34722,6724478.0
1762948800,0.34734,0.35248,0.33684,0.33795,1934214.0
1762963200,0.33812,0.33882,0.32682,0.33206,2272439.0
1762977600,0.33104,0.33553,0.33,0.33155,1051461.0
1762992000,0.33155,0.34281,0.33021,0.34008,1082801.0
1763006400,0.3396,0.34558,0.33741,0.34013,1404089.0
1763020800,0.34021,0.34232,0.33628,0.33943,609545.0
1763035200,0.33919,0.34158,0.32974,0.33128,1236749.0
1763049600,0.33135,0.33218,0.30935,0.31105,4447531.0
1763064000,0.31101,0.3155,0.30788,0.31109,1968027.0
1763078400,0.31067,0.31299,0.30501,0.30727,1777846.0
1763092800,0.30745,0.30745,0.29226,0.29712,4371056.0
1763107200,0.29735,0.29789,0.28818,0.28974,1651538.0
1763121600,0.29029,0.29631,0.28308,0.29356,5285589.0
1763136000,0.2937,0.2988,0.28608,0.29223,4351611.0
1763150400,0.2924,0.2926,0.2743,0.27926,2721561.0
1763164800,0.27928,0.29131,0.27928,0.28993,1098759.0
1763179200,0.29001,0.2941,0.28904,0.29045,1141064.0
1763193600,0.29021,0.29021,0.28233,0.28615,919048.0
1763208000,0.28578,0.29262,0.28578,0.28728,341867.0
1763222400,0.28723,0.29084,0.2855,0.28727,710794.0
1763236800,0.28722,0.28726,0.28263,0.28314,1016114.0
1763251200,0.28329,0.28653,0.27872,0.28492,869900.0
1763265600,0.28455,0.28668,0.28244,0.28446,897839.0
1763280000,0.28458,0.28697,0.27894,0.28022,1203738.0
1763294400,0.27995,0.28144,0.2716,0.2716,927012.0
1763308800,0.27202,0.27522,0.26662,0.27169,1740924.0
1763323200,0.27188,0.27755,0.26957,0.27551,8712739.0
1763337600,0.27561,0.28044,0.27176,0.28013,1663184.0
1763352000,0.28022,0.28193,0.27808,0.28095,695538.0
1763366400,0.28102,0.28242,0.2781,0.281,635079.0
1763380800,0.28095,0.28307,0.26977,0.27126,2357997.0
1763395200,0.27129,0.27389,0.25973,0.26092,1733726.0
1763409600,0.26076,0.26435,0.25898,0.26232,1203728.0
1763424000,0.26237,0.26816,0.25841,0.26736,2896016.0
1763438400,0.2674,0.27222,0.2638,0.26668,4046056.0
1763452800,0.26685,0.27198,0.26626,0.26665,767583.0
1763467200,0.26669,0.27281,0.26369,0.27033,1170648.0
1763481600,0.27038,0.27473,0.26936,0.27073,844697.0
1763496000,0.27113,0.27114,0.2658,0.26682,453530.0
1763510400,0.26674,0.26817,0.2633,0.26476,678922.0
1763524800,0.26476,0.26544,0.25733,0.26472,858877.0
1763539200,0.26454,0.2661,0.26211,0.26372,383441.0
1763553600,0.26372,0.2667,0.25669,0.25709,1083390.0
1763568000,0.25698,0.25853,0.24751,0.25104,2473822.0
1763582400,0.25118,0.26281,0.25056,0.26261,1247736.0
1763596800,0.26267,0.27012,0.26062,0.26868,4656143.0
1763611200,0.26861,0.27741,0.26788,0.27599,947638.0
1763625600,0.27629,0.27644,0.26992,0.27504,1291730.0
1763640000,0.27504,0.27828,0.26785,0.2683,1729214.0
1763654400,0.2682,0.26861,0.24837,0.2537,2620924.0
1763668800,0.2534,0.26294,0.251,0.25367,1593411.0
1763683200,0.25411,0.25818,0.24784,0.25169,1125610.0
1763697600,0.25096,0.25374,0.22404,0.23705,4012652.0
1763712000,0.23707,0.24194,0.2323,0.2326,2735414.0
1763726400,0.23265,0.24627,0.22683,0.23859,5035490.0
1763740800,0.23883,0.24741,0.23555,0.2437,5950624.0
1763755200,0.2437,0.24425,0.23403,0.24131,561173.0
1763769600,0.24126,0.24247,0.23862,0.23892,378449.0
1763784000,0.23906,0.23906,0.23328,0.23869,568372.0
1763798400,0.23863,0.23867,0.23292,0.23687,438391.0
1763812800,0.23679,0.23886,0.23317,0.23548,338863.0
1763827200,0.23544,0.2379,0.23373,0.23483,270754.0
1763841600,0.2346,0.23815,0.23243,0.23496,350154.0
1763856000,0.23484,0.23887,0.23372,0.23514,2200347.0
1763870400,0.23511,0.23798,0.23043,0.2323,1683250.0
1763884800,0.23231,0.23445,0.23047,0.23286,456247.0
1763899200,0.23308,0.23803,0.23307,0.23673,1115563.0
1763913600,0.23697,0.23958,0.23411,0.23826,2079531.0
1763928000,0.23802,0.23944,0.23542,0.2358,741742.0
1763942400,0.23566,0.24307,0.23259,0.24004,847091.0
1763956800,0.24024,0.24156,0.23482,0.23765,288069.0
1763971200,0.23773,0.23785,0.23157,0.23451,1615191.0
1763985600,0.23463,0.23992,0.23172,0.23845,1169777.0
1764000000,0.23854,0.25207,0.23817,0.2474,2082006.0
1764014400,0.24776,0.25152,0.24706,0.2476,906093.0
1764028800,0.24737,0.24777,0.24346,0.24653,393610.0
1764043200,0.24651,0.24953,0.24418,0.24418,1628120.0
1764057600,0.24479,0.24703,0.24344,0.2454,929048.0
1764072000,0.24529,0.24796,0.24062,0.24405,923483.0
1764086400,0.24415,0.24894,0.24188,0.24642,593450.0
1764100800,0.2465,0.25365,0.24511,0.25195,471222.0
1764115200,0.25195,0.25568,0.25063,0.2511,687843.0
1764129600,0.25122,0.25157,0.24784,0.25067,273853.0
1764144000,0.25069,0.2508,0.24637,0.24819,585123.0
1764158400,0.2482,0.25037,0.2449,0.24771,686541.0
1764172800,0.24796,0.26501,0.24788,0.25833,1463033.0
1764187200,0.25871,0.25871,0.25486,0.25648,376288.0
1764201600,0.25677,0.26548,0.25458,0.26027,1169931.0
1764216000,0.26073,0.2645,0.2578,0.26269,1195351.0
1764230400,0.26307,0.2643,0.25625,0.25642,978367.0
1764244800,0.25646,0.25836,0.25398,0.25773,660153.0
1764259200,0.25765,0.26011,0.25658,0.25794,754619.0
1764273600,0.25814,0.25945,0.25439,0.25469,967936.0
1764288000,0.25473,0.25603,0.24947,0.24979,1215093.0
1764302400,0.24983,0.25158,0.24834,0.2485,318432.0
1764316800,0.24846,0.25539,0.24837,0.25175,396711.0
1764331200,0.25164,0.25887,0.25049,0.25493,784274.0
1764345600,0.25531,0.25531,0.24547,0.25006,1644906.0
1764360000,0.24987,0.25061,0.24766,0.24914,159182.0
1764374400,0.24918,0.25067,0.24708,0.24719,413749.0
1764388800,0.24725,0.24837,0.24409,0.24519,499707.0
1764403200,0.24504,0.24781,0.24401,0.24763,701044.0
1764417600,0.24761,0.24955,0.2453,0.24897,386136.0
1764432000,0.24893,0.24908,0.24493,0.24689,307177.0
1764446400,0.24689,0.24819,0.24564,0.24594,966234.0
1764460800,0.24614,0.24784,0.24373,0.24735,1235319.0
1764475200,0.2475,0.24953,0.24576,0.24891,642731.0
1764489600,0.24877,0.25022,0.24761,0.24789,397047.0
1764504000,0.2479,0.25384,0.247,0.25166,1528657.0
1764518400,0.25166,0.25468,0.24908,0.25147,4753663.0
1764532800,0.25147,0.25228,0.24398,0.24436,600171.0
1764547200,0.24439,0.24501,0.22444,0.22444,12241389.0
1764561600,0.2244,0.22829,0.22405,0.22798,1369954.0
1764576000,0.22811,0.22811,0.22315,0.22357,416325.0
1764590400,0.22368,0.22841,0.21949,0.22401,1605241.0
1764604800,0.22401,0.22401,0.22055,0.22159,583498.0
1764619200,0.22187,0.23057,0.2217,0.22919,765022.0
1764633600,0.22914,0.2361,0.22863,0.23598,916086.0
1764648000,0.2362,0.24023,0.23591,0.23744,835989.0
1764662400,0.23734,0.23751,0.2307,0.23507,510550.0
1764676800,0.23571,0.25085,0.23391,0.24988,2871274.0
1764691200,0.25003,0.25059,0.24439,0.24786,2469053.0
1764705600,0.24802,0.24931,0.24638,0.24692,1445497.0
1764720000,0.24719,0.25257,0.24664,0.25103,1058733.0
1764734400,0.25119,0.25567,0.25062,0.25214,841980.0
1764748800,0.2521,0.25502,0.25121,0.25238,544868.0
1764763200,0.25228,0.2548,0.24599,0.25245,930322.0
1764777600,0.25256,0.2553,0.25072,0.2524,649632.0
1764792000,0.2527,0.25705,0.25145,0.25466,1317856.0
1764806400,0.25516,0.25809,0.25321,0.25458,605098.0
1764820800,0.25465,0.25548,0.25135,0.25274,702298.0
1764835200,0.25264,0.25605,0.25164,0.25356,372302.0
1764849600,0.25354,0.25439,0.24883,0.25275,964294.0
1764864000,0.25274,0.2545,0.24104,0.24507,1874502.0
1764878400,0.24511,0.24581,0.24176,0.24403,978658.0
1764892800,0.24415,0.24536,0.24125,0.24172,245198.0
1764907200,0.24147,0.2452,0.24048,0.24459,282492.0
1764921600,0.24463,0.24468,0.2388,0.24028,254465.0
1764936000,0.24015,0.24356,0.23773,0.2389,545360.0
1764950400,0.23909,0.23909,0.22478,0.229,1715403.0
1764964800,0.22896,0.22959,0.22663,0.22811,543027.0
1764979200,0.22819,0.23074,0.22737,0.22912,340363.0
1764993600,0.22915,0.22946,0.22705,0.22749,102809.0
1765008000,0.22752,0.22782,0.22516,0.2261,374820.0
1765022400,0.22614,0.22841,0.22486,0.22683,411387.0
1765036800,0.22632,0.23135,0.22626,0.22732,789432.0
1765051200,0.22748,0.23017,0.22555,0.22679,405271.0
1765065600,0.22696,0.22959,0.22644,0.22937,447597.0
1765080000,0.22954,0.22984,0.22471,0.22522,231090.0
1765094400,0.22506,0.22555,0.22217,0.22293,474499.0
1765108800,0.22301,0.22479,0.21432,0.22152,1208139.0
1765123200,0.22141,0.22858,0.21903,0.22679,876803.0
1765137600,0.22742,0.22829,0.21663,0.21999,738073.0
1765152000,0.22001,0.22477,0.21906,0.22376,585084.0
1765166400,0.22397,0.22697,0.22387,0.22546,152958.0
1765180800,0.22572,0.22969,0.22459,0.22787,804823.0
1765195200,0.22821,0.23281,0.2258,0.22778,1649704.0
1765209600,0.22763,0.23046,0.22491,0.22686,2039624.0
1765224000,0.22697,0.22906,0.22561,0.22697,1023438.0
1765238400,0.22701,0.22763,0.22263,0.22553,575277.0
1765252800,0.22545,0.22545,0.21994,0.22219,680353.0
1765267200,0.22226,0.22235,0.21843,0.22197,230179.0
1765281600,0.22185,0.23373,0.22163,0.23369,1001398.0
1765296000,0.23396,0.24956,0.23396,0.23794,4831769.0
1765310400,0.23765,0.23797,0.22947,0.23293,1146971.0
1765324800,0.23292,0.23364,0.22904,0.22967,340458.0
1765339200,0.22968,0.23302,0.22955,0.23068,448487.0
1765353600,0.23113,0.23439,0.22861,0.22946,1054215.0
1765368000,0.22943,0.23136,0.22698,0.22713,816979.0
1765382400,0.22699,0.2359,0.22634,0.23512,2771261.0
1765396800,0.23502,0.24052,0.22549,0.22643,1736680.0
1765411200,0.2265,0.22651,0.21475,0.21523,1791400.0
1765425600,0.21506,0.2176,0.21373,0.21657,514089.0
1765440000,0.21666,0.2174,0.21227,0.21362,568428.0
1765454400,0.2136,0.21465,0.2103,0.21085,1218566.0
1765468800,0.2109,0.21743,0.20883,0.21559,2076827.0
1765483200,0.2155,0.22121,0.21544,0.21639,741920.0
1765497600,0.21653,0.21771,0.2123,0.21412,1447129.0
1765512000,0.21408,0.21679,0.21228,0.21392,402189.0
1765526400,0.21397,0.21416,0.21089,0.21339,438603.0
1765540800,0.21355,0.21485,0.20184,0.20293,2256168.0
1765555200,0.20256,0.20346,0.1983,0.20035,2329415.0
1765569600,0.19988,0.20241,0.19988,0.20079,502296.0
1765584000,0.20089,0.20456,0.20067,0.20369,1263116.0
1765598400,0.20388,0.20549,0.20288,0.20484,381836.0
1765612800,0.20504,0.20629,0.20341,0.20397,339876.0
1765627200,0.20389,0.20494,0.20209,0.20329,403705.0
1765641600,0.20326,0.20424,0.202,0.20369,434834.0
1765656000,0.20376,0.2041,0.20225,0.20375,374668.0
1765670400,0.20373,0.20458,0.20238,0.20359,678835.0
1765684800,0.20352,0.20383,0.20122,0.20169,785954.0
1765699200,0.20193,0.20261,0.19832,0.20059,379572.0
1765713600,0.20061,0.20164,0.19846,0.19873,493821.0
1765728000,0.1985,0.20005,0.19515,0.19777,5498561.0
1765742400,0.19793,0.19894,0.19083,0.19371,1647221.0
1765756800,0.1938,0.19952,0.19363,0.19652,836695.0
1765771200,0.19673,0.19883,0.19631,0.19633,469871.0
1765785600,0.19639,0.19639,0.19193,0.1939,649031.0
1765800000,0.19406,0.19604,0.18419,0.186,2341046.0
1765814400,0.18578,0.18974,0.18251,0.18749,4940460.0
1765828800,0.1873,0.18917,0.18558,0.18913,663226.0
1765843200,0.18917,0.18979,0.18701,0.18791,404258.0
1765857600,0.18802,0.18866,0.18478,0.18702,418344.0
1765872000,0.18701,0.19487,0.18699,0.19423,766855.0
1765886400,0.19432,0.19828,0.19143,0.19786,3020735.0
1765900800,0.19792,0.20065,0.19213,0.19386,974371.0
1765915200,0.1939,0.19446,0.19217,0.19367,388931.0
1765929600,0.19364,0.19494,0.1915,0.19206,899687.0
1765944000,0.19206,0.19252,0.18992,0.19098,876382.0
1765958400,0.19092,0.19129,0.18938,0.19027,399144.0
1765972800,0.1901,0.19866,0.18815,0.18996,2677064.0
1765987200,0.18989,0.19112,0.18155,0.18471,1064830.0
1766001600,0.18471,0.18595,0.1823,0.18493,796063.0
1766016000,0.18484,0.18527,0.18155,0.18219,854419.0
1766030400,0.18221,0.18288,0.17849,0.17974,2083735.0
1766044800,0.1799,0.1821,0.1796,0.18094,531474.0
1766059200,0.18101,0.18745,0.18056,0.18304,1943716.0
1766073600,0.18306,0.18325,0.16939,0.16945,5367540.0
1766088000,0.16957,0.17553,0.16934,0.17412,2431175.0
1766102400,0.17405,0.17928,0.1711,0.17774,1337496.0
1766116800,0.17787,0.18214,0.17749,0.17928,509526.0
1766131200,0.17937,0.1822,0.17913,0.1822,631870.0
1766145600,0.18218,0.19202,0.18157,0.18738,1519013.0
1766160000,0.18749,0.19314,0.18615,0.19148,1510742.0
1766174400,0.19157,0.19332,0.19037,0.19239,1141593.0
1766188800,0.19258,0.19291,0.19062,0.19241,400931.0
1766203200,0.19229,0.19328,0.19045,0.19314,409000.0
1766217600,0.19309,0.19798,0.19309,0.19703,2404187.0
1766232000,0.19705,0.19868,0.19375,0.19447,1073643.0
1766246400,0.19461,0.19649,0.19418,0.19556,451044.0
1766260800,0.19575,0.19724,0.19551,0.19585,283898.0
1766275200,0.19581,0.19728,0.19217,0.19284,754525.0
1766289600,0.19291,0.19396,0.19262,0.19325,337989.0
1766304000,0.19326,0.19497,0.19288,0.19314,679109.0
1766318400,0.19315,0.19362,0.18627,0.18771,1771002.0
1766332800,0.18766,0.19046,0.18659,0.18877,1555697.0
1766347200,0.18875,0.19218,0.18743,0.19192,502547.0
1766361600,0.192,0.19641,0.18903,0.19336,1384965.0
1766376000,0.19365,0.19623,0.19329,0.19492,704235.0
1766390400,0.19485,0.19813,0.19468,0.1955,917684.0
1766404800,0.19546,0.19709,0.19366,0.19585,1487928.0
1766419200,0.19603,0.19669,0.18901,0.18943,1505871.0
1766433600,0.18926,0.19205,0.18804,0.19181,1059894.0
1766448000,0.19195,0.19273,0.1895,0.191,1022934.0
1766462400,0.19092,0.19465,0.18869,0.18905,1587213.0
1766476800,0.18906,0.19102,0.18861,0.19085,387328.0
1766491200,0.19084,0.19084,0.18378,0.18609,1459483.0
1766505600,0.1858,0.18999,0.18544,0.18925,688538.0
1766520000,0.18925,0.19253,0.18885,0.19041,429481.0
1766534400,0.19041,0.19157,0.18742,0.18954,627070.0
1766548800,0.18968,0.19064,0.18605,0.18605,347824.0
1766563200,0.18584,0.18762,0.18493,0.18719,916124.0
1766577600,0.1872,0.19274,0.18561,0.19197,555714.0
1766592000,0.19228,0.19445,0.19171,0.19372,1340513.0
1766606400,0.19413,0.19724,0.1941,0.19481,1746588.0
1766620800,0.1949,0.19963,0.19262,0.1981,794194.0
1766635200,0.19813,0.20151,0.19781,0.20074,1024436.0
1766649600,0.20057,0.20288,0.19806,0.19806,1194609.0
1766664000,0.19795,0.20137,0.19792,0.20054,356615.0
1766678400,0.20085,0.20198,0.19753,0.19924,1229836.0
1766692800,0.19923,0.19981,0.19264,0.19368,411262.0
1766707200,0.19347,0.20123,0.19191,0.19971,2503008.0
1766721600,0.19976,0.20143,0.19701,0.19738,1384729.0
1766736000,0.19746,0.2011,0.1974,0.2011,906028.0
1766750400,0.20106,0.20329,0.19806,0.20076,2908402.0
1766764800,0.20078,0.20146,0.197,0.2005,455704.0
1766779200,0.20058,0.20116,0.19896,0.20034,332369.0
1766793600,0.2004,0.20174,0.19904,0.20079,264445.0
1766808000,0.20096,0.20179,0.19982,0.20005,184913.0
1766822400,0.20013,0.20175,0.19885,0.20096,1015637.0
1766836800,0.20099,0.20114,0.19937,0.20048,174655.0
1766851200,0.20052,0.20088,0.19977,0.1998,143507.0
1766865600,0.1998,0.20292,0.19938,0.2024,562067.0
1766880000,0.20247,0.20315,0.20103,0.20103,224529.0
1766894400,0.20111,0.20146,0.19976,0.2002,238495.0
1766908800,0.20025,0.20108,0.19971,0.20069,185614.0
1766923200,0.2006,0.20115,0.19978,0.19983,201817.0
1766937600,0.19995,0.20071,0.19673,0.19712,322453.0
1766952000,0.19695,0.19995,0.19587,0.19988,421862.0
1766966400,0.2,0.20449,0.19939,0.20381,1219818.0
1766980800,0.20389,0.20474,0.19842,0.19955,1817635.0
1766995200,0.19973,0.20034,0.19574,0.19591,1058766.0
1767009600,0.19587,0.19603,0.18962,0.1922,1304449.0
1767024000,0.19193,0.19242,0.18815,0.18824,808543.0
1767038400,0.18828,0.1899,0.18732,0.18809,416479.0
1767052800,0.18803,0.18826,0.18553,0.18689,314345.0
1767067200,0.18686,0.18797,0.18571,0.18674,531421.0
1767081600,0.18646,0.19198,0.18639,0.19131,596836.0
1767096000,0.19129,0.1913,0.18796,0.19097,424462.0
1767110400,0.19096,0.1926,0.18666,0.18939,466363.0
1767124800,0.18918,0.19092,0.1875,0.1909,1952946.0
1767139200,0.19087,0.19282,0.18981,0.19117,1079856.0
1767153600,0.19118,0.19165,0.19009,0.19106,469498.0
1767168000,0.19096,0.1913,0.1895,0.1913,187583.0
1767182400,0.19115,0.19281,0.18911,0.1899,773073.0
1767196800,0.18986,0.19008,0.18495,0.18782,1426836.0
1767211200,0.18777,0.18949,0.18647,0.18824,785383.0
1767225600,0.18822,0.18966,0.18735,0.18744,873108.0
1767240000,0.18755,0.18818,0.18675,0.18791,323573.0
1767254400,0.18784,0.19002,0.18771,0.1899,292581.0
1767268800,0.18982,0.19355,0.18856,0.19238,573848.0
1767283200,0.19268,0.19606,0.19202,0.19596,850958.0
1767297600,0.19607,0.19986,0.19589,0.19982,614133.0
1767312000,0.20009,0.20197,0.19808,0.20193,342797.0
1767326400,0.20206,0.20304,0.19897,0.19911,373791.0
1767340800,0.19912,0.20511,0.19903,0.20222,696235.0
1767355200,0.20224,0.20705,0.20181,0.20506,1239675.0
1767369600,0.20524,0.21171,0.20496,0.2079,1804748.0
1767384000,0.20812,0.21187,0.2071,0.21053,346333.0
1767398400,0.21044,0.21118,0.20836,0.21097,1530925.0
1767412800,0.21096,0.21503,0.20486,0.20531,11064416.0
1767427200,0.20524,0.20873,0.20506,0.20656,1199457.0
1767441600,0.20641,0.20764,0.2054,0.20627,593653.0
1767456000,0.20623,0.20999,0.2059,0.2096,693283.0
1767470400,0.20952,0.21117,0.20819,0.21068,236316.0
1767484800,0.21052,0.21365,0.21038,0.21234,957599.0
1767499200,0.21222,0.21435,0.21068,0.21166,423600.0
1767513600,0.21166,0.21527,0.21024,0.21362,954962.0
1767528000,0.2135,0.21937,0.21258,0.21841,616328.0
1767542400,0.21827,0.223,0.21484,0.21637,926550.0
1767556800,0.21621,0.21984,0.21601,0.21886,744527.0
1767571200,0.21847,0.22421,0.21789,0.22003,626287.0
1767585600,0.21989,0.22038,0.21275,0.21584,744181.0
1767600000,0.21577,0.21615,0.21264,0.21479,214680.0
1767614400,0.21471,0.21921,0.21265,0.21805,1181556.0
1767628800,0.21806,0.22243,0.21511,0.22123,823969.0
1767643200,0.22124,0.22637,0.22083,0.22357,659868.0
1767657600,0.22343,0.229,0.22078,0.22849,2150525.0
1767672000,0.22846,0.23606,0.22846,0.22896,1391455.0
1767686400,0.22897,0.23335,0.22571,0.2325,849184.0
1767700800,0.2326,0.23898,0.22932,0.23077,1493545.0
1767715200,0.23067,0.23165,0.2195,0.2229,2216533.0
1767729600,0.22292,0.23173,0.22292,0.23075,497665.0
1767744000,0.23082,0.23082,0.22401,0.22603,587732.0
1767758400,0.226,0.22689,0.22373,0.2263,224043.0
1767772800,0.22661,0.22756,0.22052,0.22277,1388384.0
1767787200,0.2229,0.22334,0.21618,0.2171,1429291.0
1767801600,0.21698,0.21847,0.21454,0.21709,1100346.0
1767816000,0.21712,0.21819,0.21511,0.21755,321037.0
1767830400,0.21739,0.21948,0.21484,0.21527,523571.0
1767844800,0.21521,0.21758,0.21064,0.21452,1067892.0
1767859200,0.21456,0.21508,0.20949,0.21106,551618.0
1767873600,0.21126,0.21517,0.20604,0.21517,1259877.0
1767888000,0.2152,0.21537,0.21138,0.21159,335199.0
1767902400,0.21162,0.21638,0.20977,0.21339,772252.0
1767916800,0.21359,0.21821,0.21249,0.21821,825069.0
1767931200,0.21783,0.21841,0.2156,0.21748,338242.0
1767945600,0.21742,0.21811,0.21284,0.21522,614592.0
1767960000,0.21502,0.22135,0.21236,0.21711,1117092.0
1767974400,0.21727,0.22093,0.21055,0.21134,1326630.0
1767988800,0.21104,0.21455,0.21093,0.21343,184530.0
1768003200,0.21341,0.21356,0.21044,0.21135,553017.0
1768017600,0.21107,0.21123,0.20874,0.21073,429917.0
1768032000,0.21078,0.21437,0.21055,0.21344,420387.0
1768046400,0.21351,0.21426,0.21183,0.21213,159142.0
1768060800,0.21203,0.21229,0.20948,0.21148,423750.0
1768075200,0.21147,0.21173,0.20722,0.20822,459315.0
1768089600,0.2083,0.21157,0.20805,0.2112,417705.0
1768104000,0.211,0.2121,0.21003,0.21181,103004.0
1768118400,0.21191,0.21329,0.21143,0.2126,146436.0
1768132800,0.21286,0.21652,0.21218,0.213,391305.0
1768147200,0.21311,0.21924,0.21308,0.21528,700811.0
1768161600,0.21506,0.21568,0.20862,0.21267,865597.0
1768176000,0.21281,0.21865,0.20981,0.21614,1627152.0
1768190400,0.2161,0.21889,0.21125,0.21145,1055787.0
1768204800,0.2113,0.21155,0.20708,0.20995,532383.0
1768219200,0.20986,0.21251,0.20525,0.21234,768539.0
1768233600,0.21249,0.21516,0.20833,0.21011,667954.0
1768248000,0.20999,0.21118,0.20591,0.20684,695551.0
1768262400,0.20674,0.20879,0.20631,0.20784,181066.0
1768276800,0.20817,0.21122,0.20749,0.21049,196178.0
1768291200,0.21037,0.21302,0.21035,0.21186,201238.0
1768305600,0.21176,0.21749,0.21129,0.21722,544881.0
1768320000,0.21748,0.21997,0.21682,0.21894,599113.0
1768334400,0.21908,0.22996,0.21648,0.22596,873055.0
1768348800,0.22599,0.22848,0.22513,0.22836,356393.0
1768363200,0.22824,0.22859,0.2242,0.22757,334802.0
1768377600,0.22758,0.23116,0.22652,0.22698,668600.0
1768392000,0.22718,0.24246,0.22689,0.2405,1750974.0
1768406400,0.24024,0.24458,0.23314,0.23908,7625361.0
1768420800,0.23941,0.24003,0.23156,0.23241,1135108.0
1768435200,0.23253,0.23272,0.224,0.22471,1034940.0
1768449600,0.2242,0.22807,0.22342,0.22743,316930.0
1768464000,0.22744,0.23172,0.22625,0.2277,4163192.0
1768478400,0.22772,0.23066,0.21978,0.22381,785803.0
1768492800,0.22375,0.22551,0.21628,0.21807,725343.0
1768507200,0.21814,0.21993,0.21654,0.21902,218067.0
1768521600,0.219,0.21951,0.21612,0.2176,193816.0
1768536000,0.21776,0.22098,0.21539,0.21962,647900.0
1768550400,0.2198,0.22275,0.21836,0.2188,632484.0
1768564800,0.21883,0.21984,0.21239,0.21344,519220.0
1768579200,0.21315,0.221,0.21265,0.22024,296835.0
1768593600,0.2202,0.22725,0.21829,0.22687,475579.0
1768608000,0.22691,0.22772,0.22284,0.22366,305495.0
1768622400,0.2235,0.22557,0.22273,0.22496,171274.0
1768636800,0.22486,0.22646,0.22345,0.22352,230950.0
1768651200,0.22334,0.2273,0.22314,0.22639,242487.0
1768665600,0.22607,0.22631,0.22276,0.22451,243435.0
1768680000,0.22451,0.22479,0.22115,0.22142,370049.0
1768694400,0.22154,0.22559,0.22037,0.22193,1240185.0
1768708800,0.22193,0.22291,0.21867,0.21915,764416.0
1768723200,0.21892,0.22277,0.2183,0.22119,435396.0
1768737600,0.22101,0.22103,0.21807,0.22037,324005.0
1768752000,0.22035,0.2233,0.21911,0.21957,1756404.0
1768766400,0.21955,0.22124,0.20808,0.20808,1319555.0
1768780800,0.20823,0.20823,0.18643,0.19927,4290766.0
1768795200,0.19892,0.20034,0.19766,0.20003,897421.0
1768809600,0.19988,0.20355,0.1995,0.19987,941855.0
1768824000,0.19995,0.20078,0.19882,0.19998,509306.0
1768838400,0.19998,0.20328,0.19984,0.20278,379762.0
1768852800,0.20302,0.20358,0.19941,0.20194,901975.0
1768867200,0.20198,0.20276,0.20048,0.20134,559335.0
1768881600,0.20135,0.20171,0.19747,0.19754,571615.0
1768896000,0.19748,0.19816,0.19517,0.19524,633359.0
1768910400,0.19522,0.19842,0.19376,0.19514,612269.0
1768924800,0.19506,0.19538,0.19024,0.19118,505814.0
1768939200,0.19084,0.19324,0.1877,0.1892,921709.0
1768953600,0.1893,0.19582,0.18929,0.19434,379519.0
1768968000,0.1942,0.19635,0.19391,0.19463,277940.0
1768982400,0.19468,0.19523,0.19173,0.19193,346629.0
1768996800,0.19188,0.20057,0.18947,0.1989,1497486.0
1769011200,0.19924,0.19924,0.18792,0.19828,4049362.0
1769025600,0.19849,0.19849,0.19263,0.19312,3215323.0
1769040000,0.19343,0.19718,0.19343,0.19595,466009.0
1769054400,0.19604,0.19736,0.19411,0.19443,345728.0
1769068800,0.1948,0.19734,0.19374,0.19485,469967.0
1769083200,0.19491,0.19615,0.18867,0.191,812935.0
1769097600,0.19111,0.19442,0.19041,0.19363,644517.0
1769112000,0.19352,0.19565,0.19239,0.19334,418621.0
1769126400,0.19354,0.1958,0.19254,0.19522,353094.0
1769140800,0.19567,0.19803,0.19517,0.19616,442859.0
1769155200,0.19615,0.19646,0.19278,0.19601,1102557.0
1769169600,0.19605,0.19612,0.1904,0.19518,399634.0
1769184000,0.19507,0.19841,0.19288,0.19354,877811.0
1769198400,0.1934,0.19456,0.19108,0.19427,884307.0
1769212800,0.19433,0.19709,0.19333,0.1965,374358.0
1769227200,0.19659,0.19783,0.19628,0.19628,243196.0
1769241600,0.19639,0.20031,0.19602,0.20031,364155.0
1769256000,0.20031,0.2005,0.19575,0.19635,400680.0
1769270400,0.19616,0.19817,0.19594,0.19634,150861.0
1769284800,0.19648,0.1992,0.19648,0.19834,100202.0
1769299200,0.19828,0.20122,0.19697,0.19737,161072.0
1769313600,0.19697,0.19897,0.19659,0.19791,260470.0
1769328000,0.19777,0.20027,0.19745,0.1987,672928.0
1769342400,0.19827,0.19915,0.19516,0.19532,444187.0
1769356800,0.19525,0.19525,0.18182,0.183,4084408.0
1769371200,0.18296,0.18663,0.1826,0.18601,966019.0
1769385600,0.18596,0.19237,0.18537,0.18935,1561913.0
1769400000,0.18955,0.19285,0.18919,0.1914,489092.0
1769414400,0.19142,0.19363,0.18918,0.18959,701780.0
1769428800,0.18965,0.19278,0.18788,0.18988,1606694.0
1769443200,0.18999,0.19334,0.18934,0.1912,2638069.0
1769457600,0.19111,0.19263,0.18911,0.19058,542242.0
1769472000,0.19058,0.19304,0.18979,0.19253,789156.0
1769486400,0.19257,0.19394,0.19119,0.19233,757067.0
1769500800,0.1925,0.1936,0.1913,0.19269,1704403.0
1769515200,0.19265,0.19984,0.19177,0.19984,2072824.0
1769529600,0.19955,0.20527,0.19475,0.20131,1208428.0
1769544000,0.20139,0.20674,0.20091,0.20674,1881098.0
1769558400,0.20677,0.20688,0.2029,0.20379,1391595.0
1769572800,0.20379,0.20953,0.20301,0.20751,1756067.0
1769587200,0.20754,0.22929,0.20683,0.22796,5331522.0
1769601600,0.22802,0.23259,0.21165,0.21349,3942419.0
1769616000,0.21399,0.21516,0.21072,0.21243,1015727.0
1769630400,0.21268,0.21631,0.21034,0.21601,1946490.0
1769644800,0.21617,0.21955,0.20883,0.20883,1554923.0
1769659200,0.20882,0.21206,0.20682,0.20889,1017608.0
1769673600,0.20882,0.21103,0.2072,0.21001,1002198.0
1769688000,0.20981,0.21273,0.19912,0.20129,2598939.0
1769702400,0.20098,0.20814,0.19859,0.20181,3445189.0
1769716800,0.2017,0.20296,0.19832,0.19945,816751.0
1769731200,0.19955,0.20084,0.19034,0.19399,2226870.0
1769745600,0.19392,0.19672,0.18994,0.196,614867.0
1769760000,0.196,0.20671,0.19412,0.20459,1368212.0
1769774400,0.20499,0.20622,0.19929,0.20318,1868155.0
1769788800,0.20324,0.20611,0.19648,0.20283,2395097.0
1769803200,0.2027,0.20423,0.19927,0.20417,741713.0
1769817600,0.20417,0.21378,0.20202,0.21135,2849518.0
1769832000,0.21174,0.21435,0.20281,0.20409,6286197.0
1769846400,0.20409,0.20451,0.19713,0.19901,1229469.0
1769860800,0.19902,0.19919,0.18333,0.18333,2694293.0
1769875200,0.18313,0.1851,0.16029,0.17211,5498433.0
1769889600,0.17197,0.18111,0.16903,0.18013,1376008.0
1769904000,0.18007,0.18139,0.17672,0.17823,871549.0
1769918400,0.17832,0.18025,0.17665,0.1795,1018843.0
1769932800,0.17967,0.18366,0.17624,0.17704,1846247.0
1769947200,0.17706,0.17875,0.1693,0.17208,862087.0
1769961600,0.17181,0.17803,0.17067,0.17409,893266.0
1769976000,0.17409,0.17657,0.1688,0.17381,1153580.0
1769990400,0.17409,0.18613,0.17265,0.18538,2600684.0
1770004800,0.18577,0.19479,0.17932,0.18573,7056149.0
1770019200,0.18613,0.18951,0.18088,0.18692,1713883.0
1770033600,0.18699,0.19725,0.18623,0.19321,5817456.0
1770048000,0.19278,0.19447,0.18951,0.18951,1767949.0
1770062400,0.1895,0.19253,0.18778,0.18921,1038961.0
1770076800,0.18924,0.19482,0.18689,0.19224,3610843.0
1770091200,0.19229,0.19767,0.19128,0.19469,1774219.0
1770105600,0.19502,0.19873,0.18985,0.19871,1493777.0
1770120000,0.19854,0.20148,0.19415,0.1994,2392994.0
1770134400,0.19925,0.19925,0.187,0.19546,4183778.0
1770148800,0.19516,0.21021,0.19373,0.19511,4975316.0
1770163200,0.19526,0.19937,0.19334,0.19556,2386443.0
1770177600,0.19477,0.19601,0.19042,0.19255,3834315.0
1770192000,0.19259,0.19384,0.18654,0.18878,2262066.0
1770206400,0.18872,0.18992,0.1835,0.1881,3681511.0
1770220800,0.18807,0.19476,0.18412,0.19363,3238079.0
1770235200,0.19382,0.19382,0.1865,0.18741,3125266.0
1770249600,0.18748,0.19241,0.187,0.18722,2012549.0
1770264000,0.18735,0.18983,0.18698,0.18787,1897276.0
1770278400,0.18801,0.19153,0.18668,0.18804,1810396.0
1770292800,0.18847,0.1886,0.16922,0.17142,22628447.0
1770307200,0.17159,0.17359,0.1637,0.16398,7749776.0
1770321600,0.16403,0.16467,0.1546,0.15546,9388548.0
1770336000,0.15585,0.16058,0.1397,0.15412,10259730.0
1770350400,0.15433,0.16346,0.15323,0.15727,1310470.0
1770364800,0.15735,0.16121,0.15516,0.15967,1691530.0
1770379200,0.15965,0.1681,0.15859,0.16612,4221157.0
1770393600,0.16595,0.17207,0.16563,0.16985,2052813.0
1770408000,0.16978,0.17141,0.16668,0.16795,1556890.0
1770422400,0.16797,0.17061,0.16562,0.16978,1108525.0
1770436800,0.16978,0.17082,0.15968,0.16062,2415937.0
1770451200,0.16044,0.1618,0.15825,0.15938,1407901.0
1770465600,0.1593,0.1639,0.15915,0.16149,1365829.0
1770480000,0.16152,0.16906,0.16127,0.16743,4763090.0
1770494400,0.16762,0.1696,0.16682,0.16684,1243121.0
1770508800,0.16687,0.16749,0.16312,0.16322,644827.0
1770523200,0.16314,0.16445,0.16161,0.16245,471278.0
1770537600,0.16237,0.16802,0.16189,0.1679,3642128.0
1770552000,0.16775,0.16798,0.16182,0.16267,3342001.0
1770566400,0.16297,0.16309,0.15769,0.16154,3342569.0
1770580800,0.16125,0.16272,0.15719,0.15865,1953200.0
1770595200,0.15867,0.16057,0.15769,0.16015,706616.0
1770609600,0.16012,0.1613,0.15837,0.15846,509239.0
1770624000,0.15833,0.15887,0.15141,0.15232,1620044.0
1770638400,0.15221,0.15536,0.15089,0.15446,2050897.0
1770652800,0.15442,0.15777,0.15267,0.15637,1598858.0
1770667200,0.15641,0.15666,0.15131,0.15175,1280104.0
1770681600,0.15177,0.1538,0.14761,0.14864,4091904.0
1770696000,0.14859,0.14955,0.14486,0.14706,2425300.0
1770710400,0.14724,0.1483,0.1448,0.14534,4245858.0
1770724800,0.14538,0.14823,0.1444,0.14729,1894027.0
1770739200,0.14721,0.14797,0.14282,0.14324,1380092.0
1770753600,0.14326,0.14339,0.14046,0.14238,1509948.0
1770768000,0.14248,0.14576,0.1421,0.1436,1682078.0
1770782400,0.14355,0.14398,0.1379,0.13835,1637814.0
1770796800,0.13829,0.14171,0.13765,0.14109,1062339.0
1770811200,0.14099,0.14374,0.13636,0.13813,2896509.0
1770825600,0.13813,0.14019,0.13694,0.1382,1233923.0
1770840000,0.13806,0.13906,0.13586,0.13714,2147391.0
1770854400,0.13733,0.13967,0.13704,0.13967,1349966.0
1770868800,0.13959,0.14046,0.13733,0.14046,3603750.0
1770883200,0.14057,0.14499,0.13931,0.14275,1948807.0
1770897600,0.14273,0.14344,0.13937,0.13941,3940627.0
1770912000,0.13947,0.13978,0.13506,0.1372,2954354.0
1770926400,0.13725,0.1387,0.1353,0.13825,1107234.0
1770940800,0.13824,0.14088,0.13672,0.14037,1745592.0
1770955200,0.14035,0.14314,0.13947,0.14141,1613599.0
1770969600,0.14169,0.1449,0.14142,0.14313,2653834.0
1770984000,0.14306,0.15139,0.14146,0.15095,9711882.0
1770998400,0.15089,0.15689,0.14994,0.15125,9239169.0
1771012800,0.1512,0.15525,0.15082,0.15322,1558940.0
1771027200,0.15312,0.15668,0.15301,0.15615,1202859.0
1771041600,0.15618,0.1566,0.15252,0.15388,1142925.0
1771056000,0.15395,0.15924,0.15384,0.15866,1363262.0
1771070400,0.15877,0.16138,0.15707,0.16058,5521611.0
1771084800,0.16043,0.16654,0.16005,0.16516,2470405.0
1771099200,0.16548,0.16802,0.16364,0.16585,1606898.0
1771113600,0.16585,0.17041,0.16539,0.16902,2752341.0
1771128000,0.16893,0.1784,0.16893,0.17349,3166759.0
1771142400,0.17348,0.17383,0.16411,0.1647,1746084.0
1771156800,0.16473,0.16513,0.15932,0.16217,2126141.0
1771171200,0.16176,0.16273,0.15725,0.15891,3012629.0
1771185600,0.15875,0.16311,0.15827,0.16297,460822.0
1771200000,0.16276,0.16508,0.16048,0.16229,2103183.0
1771214400,0.16219,0.1626,0.15948,0.15991,357731.0
1771228800,0.15972,0.16202,0.1583,0.16109,713002.0
1771243200,0.16092,0.16462,0.15557,0.15651,1760552.0
1771257600,0.1564,0.15944,0.15629,0.15862,1388531.0
1771272000,0.15874,0.16325,0.15838,0.16313,753325.0
1771286400,0.16304,0.16945,0.16288,0.16793,1655449.0
1771300800,0.16837,0.17047,0.16403,0.16552,2634957.0
1771315200,0.16565,0.16806,0.16269,0.16618,2373595.0
1771329600,0.16645,0.16826,0.16157,0.16426,2812936.0
1771344000,0.1644,0.16712,0.16206,0.16454,3974126.0
1771358400,0.1644,0.16573,0.16369,0.1642,700204.0
1771372800,0.1642,0.16503,0.16123,0.16463,2455529.0
1771387200,0.16454,0.16482,0.16312,0.16386,913885.0
1771401600,0.1639,0.1659,0.16256,0.16296,467671.0
1771416000,0.16295,0.16416,0.15913,0.16214,3418755.0
1771430400,0.16226,0.16226,0.15076,0.15233,2375064.0
1771444800,0.15227,0.15348,0.15094,0.15195,1608077.0
1771459200,0.15193,0.1553,0.15017,0.1535,928685.0
1771473600,0.15348,0.15529,0.15267,0.15392,570194.0
1771488000,0.15382,0.15951,0.15106,0.15617,2397894.0
1771502400,0.15589,0.15726,0.14875,0.15002,1790879.0
1771516800,0.14985,0.15258,0.14861,0.15089,617144.0
1771531200,0.15071,0.1518,0.15023,0.15075,663572.0
1771545600,0.15071,0.15489,0.15029,0.15303,1243479.0
1771560000,0.15297,0.15645,0.15126,0.15639,2096081.0
1771574400,0.15636,0.15815,0.15423,0.15496,777770.0
1771588800,0.15473,0.15905,0.15104,0.15827,1130248.0
1771603200,0.15845,0.16244,0.15572,0.16159,4788731.0
1771617600,0.16219,0.16315,0.15915,0.15991,843766.0
1771632000,0.15989,0.16016,0.15789,0.15826,414473.0
1771646400,0.15827,0.15931,0.15647,0.15767,802660.0
1771660800,0.15774,0.1606,0.15749,0.15936,772418.0
1771675200,0.15941,0.16041,0.15768,0.159,1235478.0
1771689600,0.159,0.1597,0.15696,0.15821,929061.0
1771704000,0.15819,0.15879,0.15683,0.15769,1036202.0
1771718400,0.15741,0.15748,0.1538,0.15421,731921.0
1771732800,0.15426,0.15609,0.15343,0.15546,2310331.0
1771747200,0.15533,0.1556,0.15422,0.15486,1155538.0
1771761600,0.15473,0.15473,0.14969,0.15078,1931230.0
1771776000,0.15068,0.15091,0.14914,0.1497,1103164.0
1771790400,0.14965,0.15106,0.14909,0.15049,784342.0
1771804800,0.15051,0.15126,0.14122,0.14223,3222310.0
1771819200,0.14213,0.14659,0.14132,0.14594,500386.0
1771833600,0.14581,0.14955,0.14499,0.14825,1033969.0
1771848000,0.14821,0.15052,0.14509,0.14548,1542588.0
1771862400,0.14527,0.14698,0.14222,0.14429,2334667.0
1771876800,0.14386,0.14712,0.14356,0.14544,1775940.0
1771891200,0.14545,0.14765,0.14178,0.14252,1309933.0
1771905600,0.14259,0.14324,0.14076,0.14171,670841.0
1771920000,0.14176,0.14209,0.14014,0.1411,691401.0
1771934400,0.14126,0.14633,0.14005,0.14439,1148380.0
1771948800,0.14439,0.14634,0.14387,0.14485,1013346.0
1771963200,0.14497,0.14574,0.14389,0.14469,918912.0
1771977600,0.1447,0.15071,0.14463,0.14683,1009544.0
1771992000,0.14701,0.1478,0.14523,0.14688,332853.0
1772006400,0.14693,0.14958,0.14667,0.14958,623510.0
1772020800,0.14942,0.15717,0.14888,0.15652,1497119.0
1772035200,0.15678,0.16539,0.15652,0.16337,2348074.0
1772049600,0.16348,0.16774,0.15816,0.1605,3151895.0
1772064000,0.16041,0.16314,0.15989,0.16153,1063418.0
1772078400,0.16144,0.16346,0.15836,0.15914,455737.0
1772092800,0.15938,0.16058,0.156,0.15647,1773001.0
1772107200,0.15651,0.15879,0.15329,0.15597,3526225.0
1772121600,0.15587,0.15624,0.14985,0.15512,1384754.0
1772136000,0.15501,0.15563,0.15406,0.15428,642184.0
1772150400,0.15427,0.15696,0.15382,0.15679,1065664.0
1772164800,0.15689,0.16116,0.15689,0.15957,1234015.0
1772179200,0.15965,0.16089,0.15426,0.15462,1494594.0
1772193600,0.15444,0.15499,0.15224,0.15395,1647639.0
1772208000,0.15406,0.15455,0.15086,0.15113,1772281.0
1772222400,0.15117,0.15258,0.14983,0.15242,1867282.0
1772236800,0.1524,0.15514,0.15232,0.15379,537762.0
1772251200,0.15366,0.15397,0.14432,0.14754,2207912.0
1772265600,0.1474,0.14752,0.14476,0.14529,1837260.0
1772280000,0.14534,0.15111,0.14466,0.14899,1828308.0
1772294400,0.14902,0.15742,0.14818,0.15577,1166820.0
1772308800,0.15589,0.16223,0.15578,0.16183,2462340.0
1772323200,0.16183,0.17507,0.15885,0.17333,3839778.0
1772337600,0.1737,0.176,0.16985,0.17284,1481651.0
1772352000,0.17289,0.17493,0.16732,0.16776,2485786.0
1772366400,0.16741,0.1705,0.16389,0.16676,3548090.0
1772380800,0.16668,0.16854,0.16236,0.16264,1981842.0
1772395200,0.16275,0.16718,0.15998,0.16474,2240970.0
1772409600,0.16492,0.17242,0.16492,0.17067,2824665.0
1772424000,0.17071,0.172,0.16696,0.16847,1682841.0
1772438400,0.16839,0.17373,0.16658,0.17228,2323221.0
1772452800,0.17225,0.18561,0.1695,0.18196,4854520.0
1772467200,0.18191,0.18411,0.17701,0.17822,1721379.0
1772481600,0.17826,0.18009,0.1734,0.17641,1673720.0
1772496000,0.17646,0.17709,0.174,0.17563,692078.0
1772510400,0.17571,0.17716,0.17382,0.17603,803885.0
1772524800,0.176,0.1764,0.17276,0.17505,1716520.0
1772539200,0.17505,0.17833,0.17334,0.17687,1157516.0
1772553600,0.17701,0.182,0.1754,0.17845,3065187.0
1772568000,0.17857,0.18219,0.1757,0.18009,2394440.0
1772582400,0.18053,0.18147,0.17679,0.17941,1683869.0
1772596800,0.17962,0.18344,0.17772,0.18257,1176400.0
1772611200,0.1826,0.18976,0.1812,0.18663,1922855.0
1772625600,0.18662,0.19993,0.18555,0.19803,4171746.0
1772640000,0.19804,0.19804,0.18963,0.19336,3318975.0
1772654400,0.19327,0.19462,0.18812,0.18967,1202475.0
1772668800,0.18961,0.19341,0.18887,0.19341,750685.0
1772683200,0.19333,0.19546,0.19141,0.19306,681872.0
1772697600,0.19314,0.19993,0.19235,0.19437,7154351.0
1772712000,0.19439,0.1974,0.18758,0.18917,1806862.0
1772726400,0.18934,0.18935,0.18457,0.18754,1006969.0
1772740800,0.18744,0.18986,0.18646,0.18655,592677.0
1772755200,0.18662,0.18846,0.1857,0.18823,749628.0
1772769600,0.18803,0.18837,0.18406,0.18552,657717.0
1772784000,0.18536,0.18544,0.18139,0.18173,1129175.0
1772798400,0.18173,0.18173,0.17659,0.17766,4261920.0
1772812800,0.17756,0.17858,0.17426,0.17622,2394506.0
1772827200,0.17618,0.17805,0.17586,0.17655,1715105.0
1772841600,0.17655,0.17776,0.176,0.17662,807806.0
1772856000,0.17653,0.17685,0.17478,0.17511,1439590.0
1772870400,0.17507,0.17792,0.17499,0.17693,1323711.0
1772884800,0.17707,0.17734,0.17426,0.17494,731230.0
1772899200,0.17486,0.17632,0.17325,0.17362,935476.0
1772913600,0.17362,0.1744,0.16936,0.17032,1549231.0
1772928000,0.17032,0.17082,0.16614,0.16668,6618225.0
1772942400,0.16686,0.16744,0.16218,0.16278,1397282.0
1772956800,0.16272,0.16566,0.16211,0.16413,1755689.0
1772971200,0.16428,0.16551,0.16128,0.16175,2205213.0
1772985600,0.16181,0.1672,0.16122,0.1669,1821918.0
1773000000,0.16681,0.16708,0.16158,0.16403,1695362.0
1773014400,0.16407,0.16653,0.16263,0.16332,966521.0
1773028800,0.16336,0.16709,0.1614,0.16336,1940038.0
1773043200,0.16337,0.16558,0.16006,0.16195,1253395.0
1773057600,0.16197,0.16581,0.16182,0.16365,1126908.0
1773072000,0.1636,0.1643,0.1596,0.16063,1997131.0
1773086400,0.16042,0.16187,0.15916,0.16003,1637668.0
1773100800,0.16006,0.16547,0.15972,0.16468,662899.0
1773115200,0.16454,0.17404,0.16454,0.17274,6749725.0
1773129600,0.17275,0.1809,0.17275,0.17904,1974575.0
1773144000,0.17909,0.18008,0.17162,0.17631,2311269.0
1773158400,0.17659,0.17678,0.16802,0.16851,4142614.0
1773172800,0.16851,0.17,0.16639,0.16727,926006.0
1773187200,0.16732,0.16789,0.16417,0.16468,625693.0
1773201600,0.1647,0.1661,0.16372,0.16429,2606322.0
1773216000,0.16432,0.16447,0.16177,0.16286,1377491.0
1773230400,0.16277,0.16892,0.1626,0.16494,1368875.0
1773244800,0.16488,0.16727,0.1641,0.16566,410923.0
1773259200,0.16561,0.16787,0.16483,0.16488,457064.0
1773273600,0.16501,0.16604,0.16141,0.16218,616191.0
1773288000,0.16205,0.16352,0.16114,0.16327,552629.0
1773302400,0.16329,0.16461,0.16268,0.16316,922475.0
1773316800,0.16331,0.16416,0.16,0.16141,2464006.0
1773331200,0.16136,0.16349,0.16049,0.16307,333830.0
1773345600,0.16298,0.16298,0.16106,0.16264,971127.0
1773360000,0.16269,0.1689,0.16237,0.16658,2222973.0
1773374400,0.16642,0.16714,0.16406,0.16502,672113.0
1773388800,0.16489,0.16986,0.16386,0.1681,1457610.0
1773403200,0.16789,0.17307,0.16635,0.16715,2714768.0
1773417600,0.1671,0.16849,0.16399,0.16548,885305.0
1773432000,0.16545,0.16638,0.16389,0.16519,522228.0
1773446400,0.1651,0.1651,0.16107,0.16297,1258825.0
1773460800,0.16297,0.16334,0.15953,0.1602,703802.0
1773475200,0.16015,0.16059,0.1579,0.15934,1590105.0
1773489600,0.15956,0.161,0.1591,0.15954,586320.0
1773504000,0.15944,0.16028,0.1586,0.15882,337710.0
1773518400,0.15889,0.16079,0.15843,0.1604,673194.0
1773532800,0.16048,0.16115,0.15835,0.1584,649801.0
1773547200,0.15848,0.16046,0.15833,0.15991,4889867.0
1773561600,0.15997,0.16016,0.15889,0.15997,462831.0
1773576000,0.16,0.16019,0.15835,0.15913,334452.0
1773590400,0.15889,0.16153,0.15849,0.16011,2687365.0
1773604800,0.16007,0.16486,0.1593,0.1632,2241485.0
1773619200,0.16331,0.16722,0.1624,0.16542,1081796.0
1773633600,0.16552,0.16963,0.16495,0.16911,1894695.0
1773648000,0.16907,0.17082,0.16712,0.16905,1136193.0
1773662400,0.16896,0.17047,0.16519,0.16669,1660026.0
1773676800,0.16643,0.17028,0.16621,0.16929,2277612.0
1773691200,0.16936,0.17095,0.16796,0.16922,3458938.0
1773705600,0.16922,0.17151,0.16639,0.16691,2061027.0
1773720000,0.16719,0.16754,0.16469,0.1663,1424792.0
1773734400,0.16625,0.1679,0.16484,0.16574,2012219.0
1773748800,0.16583,0.16764,0.16294,0.16744,2076983.0
1773763200,0.1673,0.1731,0.1671,0.17191,998582.0
1773777600,0.17192,0.177,0.17093,0.17207,1844280.0
1773792000,0.17207,0.17498,0.16936,0.17314,1909070.0
1773806400,0.17312,0.17323,0.17063,0.17142,1044979.0
1773820800,0.17167,0.17241,0.16604,0.16693,1155671.0
1773835200,0.1667,0.1667,0.15979,0.1623,2800877.0
1773849600,0.16228,0.16485,0.16079,0.1622,1172455.0
1773864000,0.16206,0.16416,0.16077,0.16352,435361.0
1773878400,0.16356,0.16519,0.1617,0.16402,580671.0
1773892800,0.16379,0.16407,0.15959,0.16104,717291.0
1773907200,0.16115,0.16337,0.16004,0.16181,1203599.0
1773921600,0.1618,0.16197,0.15689,0.15863,911024.0
1773936000,0.15834,0.16095,0.15698,0.16005,571101.0
1773950400,0.15997,0.16075,0.15872,0.15941,750297.0
1773964800,0.15941,0.16125,0.15941,0.15977,257686.0
1773979200,0.15974,0.16148,0.15741,0.15967,230137.0
1773993600,0.15973,0.16115,0.15879,0.15938,462256.0
1774008000,0.15937,0.16004,0.15777,0.15894,659089.0
1774022400,0.15909,0.15966,0.15658,0.15827,1191833.0
1774036800,0.15836,0.16038,0.15679,0.15937,999013.0
1774051200,0.15959,0.16043,0.15946,0.16034,352613.0
1774065600,0.1602,0.16096,0.15959,0.15992,1075815.0
1774080000,0.15996,0.16126,0.15886,0.15925,458585.0
1774094400,0.15925,0.16004,0.15797,0.1599,1125625.0
1774108800,0.16006,0.1603,0.1586,0.15915,250431.0
1774123200,0.15905,0.16017,0.1533,0.15485,835562.0
1774137600,0.15465,0.15585,0.15209,0.15438,1073303.0
1774152000,0.1543,0.15535,0.15288,0.15288,319986.0
1774166400,0.15286,0.15318,0.15068,0.1508,1304084.0
1774180800,0.15069,0.15279,0.15068,0.15271,371702.0
1774195200,0.15276,0.15493,0.15209,0.15326,390685.0
1774209600,0.15335,0.15432,0.15031,0.1526,561646.0
1774224000,0.15261,0.15564,0.1514,0.15455,429622.0
1774238400,0.15473,0.15809,0.15311,0.15381,854066.0
1774252800,0.15406,0.16084,0.15083,0.15492,2039765.0
1774267200,0.15517,0.15812,0.15303,0.15303,1623953.0
1774281600,0.15333,0.15569,0.15272,0.15377,321492.0
1774296000,0.15397,0.15513,0.15248,0.15355,215291.0
1774310400,0.15354,0.15539,0.15283,0.15461,374959.0
1774324800,0.15466,0.15624,0.15213,0.15609,1271036.0
1774339200,0.1563,0.15936,0.15503,0.15539,1391171.0
1774353600,0.15543,0.15543,0.15144,0.15238,795863.0
1774368000,0.1523,0.15409,0.15082,0.15126,595336.0
1774382400,0.15129,0.15673,0.15116,0.15588,670358.0
1774396800,0.15588,0.15976,0.15578,0.15947,1717988.0
1774411200,0.15922,0.16061,0.15802,0.15844,759124.0
1774425600,0.15852,0.16004,0.15813,0.15976,1122320.0
1774440000,0.15989,0.16033,0.15488,0.15587,1254231.0
1774454400,0.15582,0.15763,0.15542,0.15578,476497.0
1774468800,0.15575,0.15575,0.15387,0.15496,552748.0
1774483200,0.15504,0.1553,0.1529,0.15384,1654915.0
1774497600,0.15383,0.15383,0.14951,0.1529,6426949.0
1774512000,0.15285,0.15286,0.14958,0.15041,2473340.0
1774526400,0.15034,0.15165,0.14937,0.14945,993716.0
1774540800,0.14946,0.15023,0.14618,0.14636,1150021.0
1774555200,0.14646,0.14979,0.14593,0.149,549590.0
1774569600,0.14902,0.15058,0.14873,0.14881,385422.0
1774584000,0.14884,0.15004,0.14773,0.14991,202612.0
1774598400,0.14989,0.15017,0.14143,0.14337,11688279.0
1774612800,0.14326,0.14421,0.14129,0.14145,1543176.0
1774627200,0.14146,0.14213,0.13979,0.14183,1278512.0
1774641600,0.14183,0.14291,0.14104,0.14253,759303.0
1774656000,0.1425,0.14273,0.14097,0.14174,353183.0
1774670400,0.1418,0.14483,0.14137,0.1448,534407.0
1774684800,0.14487,0.14553,0.14319,0.14416,1440517.0
1774699200,0.14406,0.14774,0.14371,0.14698,1264397.0
1774713600,0.14712,0.14724,0.1457,0.14598,952159.0
1774728000,0.14624,0.14682,0.14369,0.14437,375184.0
1774742400,0.14449,0.14556,0.14335,0.1448,812593.0
1774756800,0.1447,0.14487,0.14309,0.14314,442086.0
1774771200,0.14314,0.14415,0.14211,0.14367,859648.0
1774785600,0.14364,0.14383,0.14191,0.1425,418069.0
1774800000,0.1425,0.14315,0.1414,0.14193,472462.0
1774814400,0.14194,0.14312,0.13804,0.14168,1384659.0
1774828800,0.14175,0.14711,0.14158,0.14696,1428654.0
1774843200,0.14692,0.1524,0.14688,0.1524,3476358.0
1774857600,0.15236,0.15331,0.14924,0.15312,5325791.0
1774872000,0.15311,0.15523,0.15114,0.1547,3666220.0
1774886400,0.1547,0.15498,0.14928,0.1508,1444600.0
1774900800,0.15086,0.15278,0.15025,0.151,1176462.0
1774915200,0.15116,0.15596,0.15073,0.15406,626079.0
1774929600,0.15438,0.15511,0.15331,0.15501,546333.0
1774944000,0.15526,0.15634,0.15089,0.15251,4154531.0
1774958400,0.15244,0.156,0.15213,0.1534,1543949.0
1774972800,0.15345,0.159,0.15345,0.15809,2126669.0
1774987200,0.15825,0.15944,0.15684,0.15872,1247883.0
1775001600,0.15841,0.16079,0.15734,0.16047,589940.0
1775016000,0.16047,0.16402,0.15991,0.162,1133943.0
1775030400,0.16261,0.1674,0.16216,0.16417,1523831.0
1775044800,0.16416,0.16508,0.16176,0.16467,1828195.0
1775059200,0.16467,0.16975,0.15696,0.15741,21273649.0
1775073600,0.15739,0.15751,0.1544,0.15515,2898028.0
1775088000,0.15517,0.15765,0.15109,0.15192,2487630.0
1775102400,0.15189,0.15694,0.15086,0.15616,1843610.0
1775116800,0.15617,0.15617,0.15373,0.15383,1947348.0
1775131200,0.15374,0.15951,0.15211,0.1576,2921439.0
1775145600,0.1574,0.15992,0.1554,0.15666,2460432.0
1775160000,0.15658,0.15697,0.15357,0.15474,631195.0
1775174400,0.15479,0.15793,0.15475,0.15719,513301.0
1775188800,0.1572,0.16425,0.15643,0.16357,23923042.0
1775203200,0.16377,0.16602,0.16254,0.16374,1349686.0
1775217600,0.16384,0.16413,0.1611,0.16288,702489.0
1775232000,0.16267,0.1648,0.16213,0.16365,830769.0
1775246400,0.16365,0.16374,0.16243,0.16348,535068.0
1775260800,0.16343,0.16352,0.16191,0.16224,436668.0
1775275200,0.16219,0.16272,0.16116,0.16234,257593.0
1775289600,0.16244,0.16271,0.16061,0.16215,1212415.0
1775304000,0.16206,0.16326,0.16094,0.16293,912031.0
1775318400,0.16291,0.16427,0.1618,0.16297,392772.0
1775332800,0.16284,0.16316,0.16228,0.16301,260666.0
1775347200,0.163,0.163,0.1611,0.1611,272205.0
1775361600,0.16114,0.16114,0.15729,0.15729,1798698.0
1775376000,0.1573,0.15955,0.15715,0.15924,826583.0
1775390400,0.15925,0.16061,0.15691,0.15881,552947.0
1775404800,0.15881,0.15993,0.15849,0.15912,211266.0
1775419200,0.15909,0.16294,0.15849,0.16288,835334.0
1775433600,0.16294,0.16574,0.16263,0.1646,1619648.0
1775448000,0.1647,0.16533,0.16348,0.16448,343582.0
1775462400,0.16467,0.167,0.16457,0.16548,951422.0
1775476800,0.16544,0.16598,0.16374,0.16432,893901.0
1775491200,0.16433,0.16436,0.16266,0.16315,987124.0
1775505600,0.16306,0.16371,0.15872,0.15977,1078414.0
1775520000,0.15972,0.1601,0.15765,0.15822,497580.0
1775534400,0.15818,0.15923,0.15708,0.15829,997688.0
1775548800,0.1583,0.15982,0.15643,0.15663,1754970.0
1775563200,0.15644,0.15819,0.15537,0.15728,912225.0
1775577600,0.15725,0.16029,0.15682,0.16029,1034095.0
1775592000,0.16025,0.17199,0.15901,0.17112,2946530.0
1775606400,0.17111,0.17305,0.16743,0.16778,1955144.0
1775620800,0.16778,0.16883,0.1667,0.16813,819770.0
1775635200,0.16808,0.16936,0.16574,0.16642,1038777.0
1775649600,0.16655,0.16714,0.16037,0.16329,2883550.0
1775664000,0.16312,0.1644,0.16048,0.16144,1296189.0
1775678400,0.16161,0.16358,0.15979,0.15994,506129.0
1775692800,0.15989,0.16069,0.15846,0.15906,1058949.0
1775707200,0.15885,0.16065,0.15874,0.15947,528005.0
1775721600,0.15964,0.16102,0.15884,0.15893,1415261.0
1775736000,0.15892,0.16212,0.15752,0.16139,870915.0
1775750400,0.16154,0.16321,0.15983,0.16263,1230634.0
1775764800,0.16267,0.16664,0.161,0.16121,749913.0
1775779200,0.16125,0.16155,0.15913,0.15944,760351.0
1775793600,0.15954,0.16149,0.15933,0.16034,389272.0
1775808000,0.16032,0.16281,0.15933,0.16195,353109.0
1775822400,0.16198,0.16534,0.16159,0.16252,823836.0
1775836800,0.16258,0.16764,0.16233,0.16751,777311.0
1775851200,0.16782,0.16839,0.16564,0.16626,557303.0
1775865600,0.16624,0.16645,0.1632,0.16341,307795.0
1775880000,0.1633,0.16423,0.16215,0.16311,370433.0
1775894400,0.16298,0.16577,0.16295,0.16433,538806.0
1775908800,0.16435,0.16526,0.16272,0.16521,594159.0
1775923200,0.16509,0.1683,0.16453,0.16798,790181.0
1775937600,0.16803,0.16815,0.16487,0.16542,291263.0
1775952000,0.16554,0.16679,0.16034,0.16086,795408.0
1775966400,0.16072,0.16193,0.16043,0.16153,274984.0
1775980800,0.16135,0.16178,0.16,0.16035,597210.0
1775995200,0.16026,0.16083,0.15845,0.15942,712978.0
1776009600,0.15925,0.16135,0.15916,0.1606,171476.0
1776024000,0.16075,0.16195,0.15951,0.16019,195435.0
1776038400,0.16025,0.16269,0.1602,0.16156,250276.0
1776052800,0.16153,0.16454,0.16079,0.16372,625552.0
1776067200,0.1638,0.16415,0.16207,0.16341,772418.0
1776081600,0.16342,0.1662,0.16235,0.16311,887921.0
1776096000,0.16308,0.1664,0.16252,0.16635,1400252.0
1776110400,0.1662,0.17172,0.1646,0.1709,1300392.0
1776124800,0.1711,0.17158,0.16841,0.16982,2763031.0
1776139200,0.16971,0.17037,0.16764,0.16825,2120287.0
1776153600,0.16825,0.17183,0.16798,0.16995,3240189.0
1776168000,0.16977,0.17243,0.1668,0.16813,3519169.0
1776182400,0.16824,0.16861,0.16336,0.1644,5181299.0
1776196800,0.16448,0.16617,0.16411,0.16504,3162671.0
1776211200,0.1651,0.1666,0.1651,0.1663,412730.0
1776225600,0.16622,0.16682,0.16429,0.16479,1003724.0
1776240000,0.16474,0.16682,0.16466,0.16652,2194218.0
1776254400,0.1665,0.16771,0.165,0.16597,3744068.0
1776268800,0.16597,0.17036,0.16587,0.1695,2082597.0
1776283200,0.16958,0.17094,0.1672,0.16918,330758.0
1776297600,0.16924,0.17227,0.16843,0.17199,760025.0
1776312000,0.17189,0.17311,0.17061,0.17161,557497.0
1776326400,0.17165,0.17252,0.1699,0.17057,833469.0
1776340800,0.17063,0.17404,0.16836,0.17404,1029919.0
1776355200,0.17392,0.18006,0.17174,0.17956,2153711.0
1776369600,0.17951,0.1808,0.17821,0.18027,1553391.0
1776384000,0.18006,0.18421,0.17938,0.18318,1371440.0
1776398400,0.18336,0.18436,0.18018,0.18271,4896591.0
1776412800,0.18249,0.18892,0.18172,0.18405,12226811.0
1776427200,0.18408,0.18987,0.18347,0.18733,7949375.0
1776441600,0.18727,0.18986,0.1845,0.1866,3130519.0
1776456000,0.18639,0.18692,0.18407,0.18486,237903.0
1776470400,0.18474,0.18597,0.18314,0.18354,1130531.0
1776484800,0.1836,0.18843,0.18336,0.18782,1567667.0
1776499200,0.1878,0.18801,0.18,0.18184,6277977.0
1776513600,0.18119,0.18195,0.1791,0.18023,2458576.0
1776528000,0.18005,0.18057,0.17667,0.17724,1359540.0
1776542400,0.17727,0.18032,0.17694,0.17863,642943.0
1776556800,0.17894,0.17939,0.17608,0.17736,628408.0
1776571200,0.17738,0.17862,0.17601,0.17753,840608.0
1776585600,0.17735,0.17771,0.17347,0.176,5769325.0
1776600000,0.176,0.17919,0.17523,0.17721,1793369.0
1776614400,0.17766,0.17776,0.17272,0.17476,1946680.0
1776628800,0.17474,0.17479,0.16759,0.16847,1095418.0
1776643200,0.16866,0.17094,0.16849,0.16977,335842.0
1776657600,0.1699,0.17147,0.16731,0.17022,1235905.0
1776672000,0.17038,0.17131,0.16958,0.17035,1433052.0
1776686400,0.16991,0.17279,0.16819,0.17088,1568850.0
1776700800,0.17094,0.17228,0.16952,0.1696,901677.0
1776715200,0.16959,0.17145,0.1685,0.16872,319499.0
1776729600,0.16889,0.17027,0.16665,0.16776,1334237.0
1776744000,0.16784,0.16982,0.16762,0.16972,524375.0
1776758400,0.16957,0.17258,0.16945,0.17086,2537010.0
1776772800,0.17076,0.17267,0.16879,0.17163,1632466.0
1776787200,0.17181,0.17273,0.16651,0.16744,1936937.0
1776801600,0.16733,0.17208,0.16733,0.17208,850390.0
1776816000,0.17212,0.17697,0.172,0.17568,1286754.0
1776830400,0.17592,0.17929,0.17553,0.1778,905135.0
1776844800,0.17786,0.17987,0.17682,0.17905,2170663.0
1776859200,0.17913,0.17913,0.17652,0.17663,1600586.0
1776873600,0.17664,0.17777,0.17406,0.17525,1282579.0
1776888000,0.17523,0.17576,0.1713,0.17162,600066.0
1776902400,0.17178,0.17201,0.16835,0.16901,422956.0
1776916800,0.16902,0.17106,0.16902,0.17011,195979.0
1776931200,0.17006,0.17029,0.16788,0.16962,923788.0
1776945600,0.16974,0.17315,0.16951,0.17283,1198242.0
1776960000,0.17289,0.17349,0.16817,0.16904,874810.0
1776974400,0.16915,0.17339,0.16915,0.17317,370720.0
1776988800,0.17314,0.17543,0.17195,0.17316,445223.0
1777003200,0.17337,0.17444,0.17185,0.17412,218986.0
1777017600,0.17414,0.17574,0.17241,0.17523,1131162.0
1777032000,0.17517,0.17545,0.17231,0.17465,401120.0
1777046400,0.17479,0.17486,0.17296,0.17432,385766.0
1777060800,0.1743,0.17581,0.17269,0.1732,239858.0
1777075200,0.1732,0.17376,0.17221,0.17289,279468.0
1777089600,0.173,0.17371,0.17154,0.1733,438543.0
1777104000,0.17322,0.17469,0.17192,0.1724,167359.0
1777118400,0.17236,0.1741,0.17203,0.17253,334208.0
1777132800,0.17256,0.17275,0.17015,0.17062,573588.0
1777147200,0.17059,0.17276,0.17024,0.17268,259549.0
1777161600,0.17263,0.17742,0.17208,0.17716,1932621.0
1777176000,0.17738,0.18129,0.17717,0.18,2024281.0
1777190400,0.18,0.18216,0.17923,0.18048,1482541.0
1777204800,0.18063,0.18063,0.17741,0.18051,1221194.0
1777219200,0.18035,0.18205,0.17907,0.1817,384656.0
1777233600,0.18182,0.1843,0.18086,0.18238,934378.0
1777248000,0.18244,0.19635,0.18043,0.19532,3775637.0
1777262400,0.19526,0.19929,0.18451,0.18608,4145007.0
1777276800,0.18589,0.19173,0.18545,0.18962,3223584.0
1777291200,0.18979,0.1957,0.18636,0.18875,4358437.0
1777305600,0.18887,0.19467,0.18748,0.19098,3245751.0
1777320000,0.19109,0.19629,0.18984,0.19437,1914626.0
1777334400,0.19451,0.1954,0.18944,0.19128,1598897.0
1777348800,0.19147,0.19475,0.19034,0.19115,1146564.0
1777363200,0.1912,0.19528,0.1898,0.19284,3377605.0
1777377600,0.19267,0.19551,0.18944,0.19072,2047364.0
1777392000,0.19067,0.19067,0.18766,0.18964,1708117.0
1777406400,0.18975,0.19054,0.18791,0.18896,734521.0
1777420800,0.18871,0.19156,0.18758,0.19063,923825.0
1777435200,0.19097,0.19109,0.18803,0.1885,849134.0
1777449600,0.1885,0.19205,0.18668,0.1909,1206963.0
1777464000,0.19085,0.19085,0.181,0.18167,1931767.0
1777478400,0.18178,0.18226,0.17379,0.17739,2540671.0
1777492800,0.17746,0.18246,0.17622,0.18213,1775196.0
1777507200,0.18221,0.18585,0.18146,0.18277,1304182.0
1777521600,0.18264,0.18272,0.17999,0.18185,381815.0
1777536000,0.18192,0.18197,0.17768,0.17864,2251063.0
1777550400,0.17856,0.18053,0.1776,0.17953,735657.0
1777564800,0.17944,0.18051,0.17788,0.17969,1774427.0
1777579200,0.17964,0.18014,0.17808,0.17971,219751.0
1777593600,0.18016,0.18533,0.17971,0.18397,563338.0
1777608000,0.18413,0.18488,0.18054,0.18137,1044520.0
1777622400,0.18122,0.18253,0.17923,0.17966,1749030.0
1777636800,0.1795,0.18186,0.17908,0.1804,2145705.0
1777651200,0.18051,0.18113,0.17855,0.17927,454509.0
1777665600,0.1794,0.18036,0.17779,0.17862,355431.0
1777680000,0.17883,0.18041,0.17803,0.17858,827769.0
1777694400,0.17854,0.17878,0.17719,0.17807,221894.0
1777708800,0.17805,0.17831,0.17661,0.17708,1649891.0
1777723200,0.1771,0.18042,0.17672,0.18015,616531.0
1777737600,0.18033,0.18117,0.17859,0.17964,373660.0
1777752000,0.17979,0.1812,0.17912,0.18052,486861.0
1777766400,0.18057,0.18099,0.17762,0.17833,510061.0
1777780800,0.17822,0.17941,0.1776,0.17841,97858.0
1777795200,0.17834,0.17953,0.17695,0.17778,476984.0
1777809600,0.17778,0.17879,0.17723,0.17776,511131.0
1777824000,0.17789,0.17819,0.17529,0.17805,552400.0
1777838400,0.17803,0.17935,0.17702,0.17706,455529.0
1777852800,0.17718,0.18233,0.17516,0.18198,2168566.0
1777867200,0.18229,0.18268,0.17822,0.17889,1207369.0
1777881600,0.17873,0.18083,0.17476,0.17672,1381965.0
1777896000,0.17662,0.18027,0.17601,0.1786,771637.0
1777910400,0.17847,0.18134,0.17772,0.18007,1108793.0
1777924800,0.17997,0.18003,0.17762,0.17797,364663.0
1777939200,0.178,0.18213,0.178,0.18156,856362.0
1777953600,0.18148,0.1867,0.18136,0.18501,718213.0
1777968000,0.18505,0.18577,0.18307,0.18482,1318282.0
1777982400,0.1846,0.19625,0.184,0.18951,5511267.0
1777996800,0.18953,0.19183,0.18761,0.18994,1550682.0
1778011200,0.18995,0.19458,0.18932,0.19155,1379264.0
1778025600,0.19147,0.19724,0.19052,0.19517,2994093.0
1778040000,0.19493,0.19566,0.19224,0.19434,3220431.0
1778054400,0.19461,0.20291,0.194,0.20173,4021975.0
1778068800,0.20205,0.20747,0.1974,0.20186,4988118.0
1778083200,0.20205,0.20226,0.19552,0.19807,3144338.0
1778097600,0.19787,0.20046,0.19696,0.19877,349002.0
1778112000,0.19864,0.19952,0.19373,0.19416,836589.0
1778126400,0.19416,0.20394,0.19383,0.20304,1028621.0
1778140800,0.20302,0.20665,0.20145,0.20608,1627955.0
1778155200,0.20591,0.21117,0.1998,0.20023,6406989.0
1778169600,0.20023,0.20793,0.19767,0.20547,5501990.0
1778184000,0.2056,0.20845,0.20192,0.2059,2312918.0
1778198400,0.20609,0.20954,0.20209,0.20414,3428315.0
1778212800,0.20416,0.2055,0.20252,0.20529,1216424.0
1778227200,0.20513,0.21254,0.20507,0.21164,1955962.0
1778241600,0.2118,0.22004,0.20906,0.21995,1659549.0
1778256000,0.21991,0.24309,0.21925,0.24052,10537125.0
1778270400,0.24052,0.24931,0.23395,0.24458,6615536.0
1778284800,0.24439,0.25824,0.23989,0.2562,2716153.0
1778299200,0.25575,0.26042,0.24227,0.24227,4414467.0
1778313600,0.24235,0.24788,0.23956,0.2452,2457452.0
1778328000,0.24495,0.25484,0.24495,0.24869,7457467.0
1778342400,0.24855,0.26277,0.24734,0.25277,7140666.0
1778356800,0.25294,0.25321,0.24765,0.24932,1612299.0
1778371200,0.24916,0.24916,0.24227,0.24818,1890668.0
1778385600,0.24808,0.2508,0.24528,0.24772,1380216.0
1778400000,0.24783,0.25656,0.2472,0.24832,3825843.0
1778414400,0.24856,0.24927,0.24412,0.24907,2016546.0
1778428800,0.24891,0.26655,0.24747,0.2654,8409782.0
1778443200,0.26537,0.27673,0.25462,0.26487,8788984.0
1778457600,0.26494,0.26681,0.2523,0.2558,3071113.0
1778472000,0.25606,0.26222,0.25348,0.25688,1438446.0
1778486400,0.25687,0.25719,0.25439,0.255,1538003.0
1778500800,0.25528,0.25581,0.23549,0.23896,6143698.0
1778515200,0.23888,0.24374,0.23559,0.24013,4111171.0
1778529600,0.24,0.25176,0.23865,0.25007,2514141.0
1778544000,0.25,0.25251,0.24002,0.2404,2929791.0
1778558400,0.24019,0.24203,0.23783,0.24102,1791626.0
1778572800,0.2408,0.24126,0.23148,0.23278,3261611.0
1778587200,0.23269,0.23437,0.2262,0.2268,2733298.0
1778601600,0.22669,0.23432,0.22624,0.23402,1828905.0
1778616000,0.23413,0.23484,0.2315,0.2319,636993.0
1778630400,0.23178,0.24393,0.23089,0.24263,3083715.0
1778644800,0.24264,0.24297,0.23834,0.23904,1907603.0
1778659200,0.23915,0.24033,0.22897,0.23026,4130396.0
1778673600,0.23036,0.231,0.22,0.22043,6653661.0
1778688000,0.22015,0.22619,0.22,0.22324,1661462.0
1778702400,0.22327,0.22431,0.21891,0.22228,3826001.0
1778716800,0.22248,0.22431,0.21815,0.21874,2590295.0
1778731200,0.21885,0.22333,0.21849,0.22153,1177836.0
1778745600,0.22154,0.22249,0.2193,0.22061,2689976.0
1778760000,0.22057,0.22917,0.21906,0.22739,3670011.0
1778774400,0.22734,0.22882,0.22419,0.22555,2997184.0
1778788800,0.22558,0.22646,0.22341,0.22478,571040.0
1778803200,0.22478,0.22722,0.22218,0.22335,1590578.0
1778817600,0.22331,0.22506,0.21548,0.21903,2973305.0
1778832000,0.21898,0.21967,0.21605,0.21631,2623851.0
1778846400,0.21625,0.21681,0.20597,0.21009,4436843.0
1778860800,0.21014,0.21267,0.20974,0.21002,1102521.0
1778875200,0.20989,0.21081,0.20868,0.21039,287561.0
1778889600,0.21016,0.21128,0.20958,0.2099,328003.0
1778904000,0.21008,0.21075,0.20104,0.20408,1401804.0
1778918400,0.20402,0.20455,0.19777,0.19993,2618587.0
1778932800,0.19984,0.20215,0.19916,0.20072,485344.0
1778947200,0.20068,0.20195,0.19931,0.1997,607972.0
1778961600,0.19988,0.2002,0.1982,0.19851,336951.0
1778976000,0.19854,0.19988,0.19623,0.19827,658815.0
1778990400,0.19812,0.20103,0.19806,0.20042,341318.0
1779004800,0.20043,0.20143,0.19869,0.20041,1347341.0
1779019200,0.20023,0.20083,0.19671,0.19801,721410.0
1779033600,0.19821,0.19902,0.19542,0.19862,676359.0
1779048000,0.19874,0.20073,0.18773,0.19418,4989842.0
1779062400,0.19403,0.19672,0.19268,0.19513,1266944.0
1779076800,0.19514,0.19703,0.19427,0.19494,1136346.0
1779091200,0.19494,0.19616,0.19319,0.19511,627855.0
1779105600,0.19529,0.19817,0.1916,0.19316,2608321.0
1779120000,0.19314,0.19735,0.19095,0.19703,789254.0
1779134400,0.19708,0.2003,0.19652,0.20003,1526411.0
1779148800,0.19997,0.20041,0.19552,0.19814,1721454.0
1779163200,0.19822,0.20036,0.19749,0.20002,880416.0
1779177600,0.20003,0.20003,0.19473,0.19486,568668.0
1779192000,0.1947,0.19928,0.1935,0.1943,1019120.0
1779206400,0.1943,0.19691,0.19376,0.19564,643076.0
1779220800,0.19555,0.19707,0.1939,0.19482,585603.0
1779235200,0.1947,0.19604,0.19373,0.19476,641665.0
1779249600,0.19478,0.20166,0.19476,0.20143,750366.0
1779264000,0.20176,0.21078,0.20125,0.20953,4548789.0
1779278400,0.20956,0.21449,0.2033,0.21433,5297581.0
1779292800,0.21441,0.21611,0.20896,0.21016,3704628.0
1779307200,0.21017,0.21433,0.20864,0.21241,1360203.0
1779321600,0.21248,0.21409,0.21038,0.21152,1498946.0
1779336000,0.21158,0.21613,0.20895,0.21323,6059445.0
1779350400,0.21317,0.21699,0.20744,0.20876,3518048.0
1779364800,0.20851,0.2127,0.20744,0.2107,1705389.0
1779379200,0.21059,0.21483,0.20844,0.21435,2203163.0
1779393600,0.21424,0.21489,0.21215,0.21348,1323273.0
1779408000,0.21344,0.21352,0.21,0.21195,453833.0
1779422400,0.21196,0.22102,0.21191,0.22009,2040055.0
1779436800,0.22009,0.22374,0.21505,0.21813,2198828.0
1779451200,0.21812,0.22277,0.21143,0.21361,3543877.0
1779465600,0.21344,0.21452,0.20005,0.20149,5764565.0
1779480000,0.20147,0.20278,0.19802,0.19922,6417927.0
1779494400,0.19902,0.20295,0.19805,0.20218,1096273.0
1779508800,0.20234,0.20246,0.18854,0.19119,3625119.0
1779523200,0.19122,0.19229,0.18935,0.19149,2119955.0
1779537600,0.19129,0.19759,0.19127,0.19759,1023705.0
1779552000,0.19772,0.20621,0.19612,0.20537,1229657.0
1779566400,0.20544,0.21424,0.20436,0.21306,1245343.0
1779580800,0.21337,0.2139,0.2064,0.20685,871218.0
1779595200,0.20687,0.21001,0.20536,0.20714,491758.0
1779609600,0.20755,0.20884,0.20576,0.20576,924349.0
1779624000,0.20596,0.20623,0.19879,0.20237,979474.0
1779638400,0.20233,0.20414,0.20102,0.20138,1220090.0
1779652800,0.2012,0.2014,0.19593,0.20071,781881.0
1779667200,0.20095,0.20215,0.19877,0.20029,1331116.0
1779681600,0.20014,0.2045,0.19959,0.20259,1892999.0
1779696000,0.20251,0.20403,0.19997,0.20058,1266273.0
1779710400,0.2007,0.20573,0.20016,0.20392,2485747.0
1779724800,0.20391,0.20499,0.20163,0.20316,1384411.0
1779739200,0.20306,0.20448,0.20008,0.20158,1227107.0
1779753600,0.20174,0.20237,0.19714,0.19989,3437884.0
1779768000,0.20003,0.20266,0.1993,0.20092,1027146.0
1779782400,0.20118,0.20799,0.20047,0.20667,2006283.0
1779796800,0.20656,0.21042,0.20106,0.2035,3554164.0
1779811200,0.20347,0.20357,0.19616,0.19829,1287400.0
1779825600,0.19829,0.20021,0.19771,0.19771,1698733.0
1779840000,0.19789,0.20074,0.19478,0.19533,1654929.0
1779854400,0.19499,0.19725,0.19342,0.19636,1377212.0
1779868800,0.19634,0.19685,0.19257,0.19266,636966.0
1779883200,0.19262,0.19645,0.18989,0.19574,2809821.0
1779897600,0.19586,0.19792,0.19232,0.196,897244.0
1779912000,0.19601,0.19672,0.1872,0.18934,955619.0
1779926400,0.1892,0.19005,0.1781,0.1789,2326634.0
1779940800,0.17888,0.18108,0.176,0.18042,1307702.0
1779955200,0.18053,0.18059,0.17545,0.17637,2176981.0
1779969600,0.17632,0.17811,0.16763,0.17183,14995066.0
1779984000,0.17169,0.17745,0.17071,0.17573,1985036.0
1779998400,0.17572,0.17773,0.17398,0.17559,1041181.0
1780012800,0.17551,0.17832,0.17479,0.17549,793436.0
1780027200,0.17562,0.17709,0.17421,0.17488,1163490.0
1780041600,0.17502,0.17849,0.17411,0.17531,1064631.0
1780056000,0.17526,0.1847,0.17424,0.18244,2170317.0
1780070400,0.1825,0.18695,0.1792,0.18074,1422571.0
1780084800,0.18082,0.18733,0.18031,0.18661,720975.0
1780099200,0.18658,0.19087,0.1856,0.18814,1079294.0
1780113600,0.18814,0.18874,0.18328,0.18558,509340.0
1780128000,0.18551,0.18558,0.18331,0.18454,889266.0
1780142400,0.18464,0.18536,0.1836,0.18473,527115.0
1780156800,0.18471,0.18658,0.18389,0.18585,1069301.0
1780171200,0.18601,0.18794,0.18357,0.18473,1116065.0
1780185600,0.18495,0.188,0.18442,0.18646,2400469.0
1780200000,0.18635,0.1867,0.18347,0.18387,295559.0
1780214400,0.18376,0.18585,0.18256,0.18435,1442091.0
1780228800,0.1843,0.18599,0.18097,0.18206,568459.0
1780243200,0.18203,0.19048,0.18176,0.18855,1101512.0
1780257600,0.18866,0.19299,0.18817,0.19124,1767815.0
1780272000,0.19128,0.19615,0.18866,0.19569,1529154.0
1780286400,0.19576,0.19631,0.18762,0.18808,1589273.0
1780300800,0.18807,0.19561,0.187,0.19561,2780146.0
1780315200,0.19571,0.19627,0.18543,0.18778,3437362.0
1780329600,0.18787,0.20325,0.18711,0.20245,6805662.0
1780344000,0.20257,0.20333,0.19601,0.20236,2542429.0
1780358400,0.20227,0.20962,0.1965,0.20803,2831027.0
1780372800,0.20797,0.2093,0.19853,0.20383,4883676.0
1780387200,0.20396,0.20788,0.19912,0.20535,3393849.0
1780401600,0.20525,0.20731,0.19026,0.19388,5285095.0
1780416000,0.19384,0.20597,0.19291,0.19907,6592476.0
1780430400,0.19909,0.20314,0.18953,0.19395,4559518.0
1780444800,0.19399,0.19978,0.19348,0.19481,1408017.0
1780459200,0.19518,0.2056,0.19518,0.20383,1664134.0
1780473600,0.20387,0.20854,0.20173,0.20528,2008706.0
1780488000,0.2053,0.21771,0.20418,0.21032,5375669.0
1780502400,0.21034,0.21309,0.20094,0.20236,3250590.0
1780516800,0.20258,0.20844,0.199,0.19975,3286953.0
1780531200,0.1997,0.20128,0.17236,0.18596,9761139.0
1780545600,0.18595,0.18671,0.17698,0.1773,1358670.0
1780560000,0.17717,0.17907,0.17073,0.17507,2051247.0
1780574400,0.17524,0.18667,0.17462,0.18308,2956570.0
1780588800,0.18295,0.18969,0.18092,0.18624,2328439.0
1780603200,0.18628,0.1863,0.17659,0.18174,1853830.0
1780617600,0.18183,0.182,0.17155,0.17236,1650786.0
1780632000,0.17229,0.17687,0.16104,0.16538,4650454.0
1780646400,0.16563,0.1678,0.16227,0.16444,3029708.0
1780660800,0.16428,0.16579,0.15589,0.15735,2336643.0
1780675200,0.1573,0.16227,0.15024,0.15633,4426294.0
1780689600,0.15638,0.16265,0.15429,0.1572,1737820.0
1780704000,0.15741,0.15956,0.15336,0.15375,1125807.0
1780718400,0.15364,0.15683,0.14556,0.1552,1377500.0
1780732800,0.15528,0.15911,0.15182,0.15459,1370040.0
1780747200,0.15466,0.1572,0.15272,0.15432,1268816.0
1780761600,0.15424,0.15507,0.15102,0.15197,998356.0
1780776000,0.15187,0.15408,0.15157,0.15253,914041.0
1780790400,0.15253,0.15774,0.15209,0.15379,864779.0
1780804800,0.15371,0.15755,0.15297,0.15748,679948.0
1780819200,0.1573,0.16052,0.15476,0.15597,2209917.0
1780833600,0.15592,0.15681,0.15232,0.15455,1313784.0
1780848000,0.15459,0.15565,0.14947,0.15076,1209804.0
1780862400,0.15072,0.16094,0.15022,0.15641,1558809.0
1780876800,0.15652,0.16005,0.15421,0.15671,2037540.0
1780891200,0.15687,0.15742,0.15354,0.15646,1424149.0
1780905600,0.15646,0.16035,0.1551,0.16013,1586601.0
1780920000,0.15997,0.16472,0.15716,0.16075,3306368.0
1780934400,0.1609,0.16445,0.16068,0.16266,1788990.0
1780948800,0.16277,0.16328,0.15829,0.15893,1440214.0
1780963200,0.15895,0.15931,0.15344,0.15457,2121077.0
1780977600,0.15449,0.15972,0.15406,0.15755,1031182.0
1780992000,0.15766,0.15773,0.15423,0.15646,580746.0
1781006400,0.15613,0.15816,0.15249,0.15255,978506.0
1781020800,0.1525,0.15596,0.14967,0.15545,1708071.0
1781035200,0.15546,0.15672,0.15401,0.15481,513006.0
1781049600,0.15494,0.15578,0.15063,0.15145,682492.0
1781064000,0.1516,0.15277,0.15,0.15096,884761.0
1781078400,0.15099,0.15109,0.14764,0.14833,726811.0
1781092800,0.14836,0.15469,0.14787,0.15329,1656777.0
1781107200,0.15349,0.15384,0.14754,0.14815,1923314.0
1781121600,0.14803,0.14847,0.14393,0.14707,1232286.0
1781136000,0.14729,0.15329,0.14729,0.15265,1105091.0
1781150400,0.15261,0.15395,0.15225,0.15336,519908.0
1781164800,0.15334,0.15617,0.15314,0.15536,848690.0
1781179200,0.15542,0.15644,0.15242,0.15542,1281973.0
1781193600,0.15542,0.1604,0.15284,0.15952,1151253.0
1781208000,0.15954,0.16262,0.158,0.16238,2203598.0
1781222400,0.16252,0.16388,0.1604,0.16138,1401206.0
1781236800,0.16133,0.16213,0.15938,0.16171,1283168.0
1781251200,0.16178,0.16886,0.16178,0.16544,2866812.0
1781265600,0.16554,0.17301,0.16249,0.16879,3030278.0
1781280000,0.16897,0.17209,0.16581,0.16683,1393788.0
1781294400,0.16675,0.16768,0.16468,0.16663,707625.0
1781308800,0.16659,0.17088,0.16616,0.16917,904213.0
1781323200,0.16908,0.17493,0.168,0.17327,1679274.0
1781337600,0.17364,0.17544,0.17185,0.17394,1723052.0
1781352000,0.17368,0.17532,0.17223,0.17283,764530.0
1781366400,0.17283,0.17408,0.17113,0.17346,524562.0
1781380800,0.17338,0.17662,0.17238,0.1735,1034635.0
1781395200,0.17346,0.17439,0.17226,0.17319,837234.0
1781409600,0.17306,0.17321,0.16972,0.17066,872519.0
1781424000,0.17042,0.17123,0.16917,0.17001,587018.0
1781438400,0.17,0.17079,0.16699,0.16772,892589.0
1781452800,0.16768,0.17091,0.16755,0.17004,682644.0
1781467200,0.17008,0.17949,0.16936,0.17949,2610819.0
1781481600,0.17971,0.18849,0.17586,0.18663,4904682.0
1781496000,0.18666,0.19162,0.1849,0.18884,9094894.0
1781510400,0.18859,0.1906,0.18649,0.18991,2329789.0
1781524800,0.1901,0.20064,0.18901,0.20035,8362567.0
1781539200,0.20036,0.20154,0.19247,0.19305,3387699.0
1781553600,0.19333,0.19476,0.18979,0.19147,1502665.0
1781568000,0.19126,0.19677,0.1877,0.19325,1791242.0
1781582400,0.19325,0.20431,0.19161,0.20059,2347098.0
1781596800,0.2005,0.2049,0.19816,0.20027,2427387.0
1781611200,0.20011,0.20057,0.19002,0.19146,1854073.0
1781625600,0.19154,0.19359,0.18943,0.19063,503372.0
1781640000,0.19051,0.19555,0.1905,0.19364,885076.0
1781654400,0.1937,0.20191,0.19346,0.20057,2263607.0
1781668800,0.20056,0.20149,0.19443,0.19512,2557193.0
1781683200,0.19521,0.19582,0.1904,0.19323,1470659.0
1781697600,0.19313,0.19718,0.19146,0.19706,1767358.0
1781712000,0.19711,0.1985,0.18543,0.18693,3014855.0
1781726400,0.18696,0.1902,0.18396,0.18958,862171.0
1781740800,0.1895,0.19235,0.18682,0.18744,1541990.0
1781755200,0.18748,0.1875,0.18104,0.18668,1262687.0
1781769600,0.18658,0.18928,0.18562,0.18643,856558.0
1781784000,0.18649,0.19157,0.18062,0.18107,3011391.0
1781798400,0.1811,0.19301,0.181,0.19103,2027431.0
1781812800,0.19124,0.19613,0.19004,0.19527,1459591.0
1781827200,0.19543,0.1975,0.18842,0.18953,1970180.0
1781841600,0.18959,0.19076,0.185,0.18627,1078064.0
1781856000,0.18626,0.18808,0.18383,0.18417,1127264.0
1781870400,0.18421,0.1896,0.1828,0.1884,604359.0
1781884800,0.18867,0.18917,0.18421,0.18502,725962.0
1781899200,0.18509,0.19143,0.18449,0.19093,433392.0
1781913600,0.19101,0.19758,0.18854,0.19492,8218435.0
1781928000,0.19493,0.20232,0.19354,0.19819,3031566.0
1781942400,0.19801,0.2021,0.19757,0.19845,1519512.0
1781956800,0.19862,0.20708,0.19508,0.20534,3447553.0
1781971200,0.20528,0.20758,0.20137,0.2023,3239907.0
1781985600,0.20236,0.21499,0.20157,0.21081,7252397.0
1782000000,0.21081,0.22499,0.20926,0.22156,4743512.0
1782014400,0.22156,0.22299,0.21198,0.21662,5479962.0
1782028800,0.21671,0.22579,0.21378,0.22136,4599249.0
1782043200,0.22135,0.2273,0.21878,0.22232,5934688.0
1782057600,0.22198,0.22566,0.21666,0.21844,7493109.0
1782072000,0.21847,0.22094,0.2134,0.21418,2349416.0
1782086400,0.21416,0.21786,0.21287,0.21388,3344111.0
1782100800,0.21363,0.21513,0.20787,0.21377,6806232.0
1782115200,0.21382,0.21392,0.21024,0.21244,2238194.0
1782129600,0.21208,0.2174,0.20545,0.20606,13311958.0
1782144000,0.20607,0.20913,0.20422,0.20795,2411349.0
1782158400,0.20795,0.21309,0.20774,0.21084,2409618.0
1782172800,0.21074,0.21748,0.2088,0.21539,2361748.0
1782187200,0.21539,0.2166,0.20553,0.20641,2987713.0
1782201600,0.20663,0.20668,0.19809,0.20395,2366282.0
1782216000,0.20422,0.20433,0.19856,0.20347,3656291.0
1782230400,0.20352,0.20541,0.20053,0.20231,3487852.0
1782244800,0.2024,0.20639,0.20135,0.20441,1341688.0
1782259200,0.20459,0.20917,0.20362,0.2046,2206545.0
1782273600,0.20469,0.212,0.20285,0.20988,2554854.0
1782288000,0.20977,0.22101,0.20967,0.21987,3015392.0
1782302400,0.22027,0.221,0.2106,0.21109,6781771.0
1782316800,0.21113,0.21279,0.19436,0.20543,12888140.0
1782331200,0.20555,0.22,0.20542,0.21842,5444099.0
1782345600,0.21859,0.22368,0.21689,0.22079,6076893.0
1782360000,0.22088,0.235,0.21635,0.23341,17190113.0
1782374400,0.23351,0.23569,0.22672,0.22927,5935073.0
1782388800,0.22897,0.23078,0.20891,0.22067,26047235.0
1782403200,0.22064,0.22489,0.21462,0.22012,6068242.0
1782417600,0.2203,0.22634,0.21792,0.22182,3765800.0
1782432000,0.22189,0.22463,0.212,0.21935,2625266.0
1782446400,0.21934,0.22983,0.21729,0.2281,2521103.0
1782460800,0.22828,0.22999,0.21438,0.21527,1573651.0
1782475200,0.21526,0.22906,0.21277,0.22896,4416294.0
1782489600,0.22909,0.23588,0.22486,0.22628,3750492.0
1782504000,0.226,0.23422,0.22403,0.2327,4937293.0
1782518400,0.23286,0.23473,0.22589,0.22609,1964635.0
1782532800,0.22608,0.22824,0.22264,0.22586,2053093.0
1782547200,0.22579,0.22776,0.22245,0.22307,2637251.0
1782561600,0.22281,0.23022,0.22002,0.22965,2585462.0
1782576000,0.22974,0.23315,0.22177,0.22269,4909738.0
1782590400,0.22259,0.22345,0.21822,0.21845,1337530.0
1782604800,0.21818,0.22036,0.21659,0.21718,1131629.0
1782619200,0.21718,0.21718,0.21284,0.21494,4852046.0
1782633600,0.2149,0.21972,0.21313,0.21829,1488706.0
1782648000,0.21829,0.21861,0.21144,0.21256,1348016.0
1782662400,0.21272,0.21341,0.20855,0.20922,2069987.0
1782676800,0.2091,0.2117,0.20548,0.2104,2534048.0
1782691200,0.21038,0.21462,0.20522,0.21215,3193380.0
1782705600,0.21221,0.21224,0.20661,0.20997,1203038.0
1782720000,0.20995,0.2166,0.20911,0.21372,1759204.0
1782734400,0.21382,0.21929,0.20982,0.21401,2205584.0
1782748800,0.21404,0.22158,0.21192,0.22148,3431529.0
1782763200,0.22122,0.22122,0.21678,0.21775,1105570.0
1782777600,0.21773,0.21803,0.20963,0.21192,1831836.0
1782792000,0.21171,0.21242,0.20759,0.20864,1584112.0
1782806400,0.20851,0.20944,0.20069,0.20207,2881506.0
1782820800,0.20197,0.20994,0.199,0.20788,3491283.0
1782835200,0.20789,0.21063,0.20554,0.20969,2059933.0
1782849600,0.20958,0.21238,0.20831,0.21188,867928.0
1782864000,0.2117,0.22112,0.20445,0.22041,4301146.0
1782878400,0.22047,0.2249,0.21977,0.22477,1948310.0
1782892800,0.22479,0.23819,0.22479,0.23466,6320556.0
1782907200,0.23478,0.24067,0.23139,0.23421,13067579.0
1782921600,0.23441,0.23953,0.23,0.23027,7513717.0
1782936000,0.23052,0.24033,0.22858,0.23444,6140617.0
1782950400,0.23438,0.2383,0.23137,0.23617,2087297.0
1782964800,0.23607,0.24137,0.229,0.23299,5436695.0
1782979200,0.23306,0.24907,0.23024,0.24869,4208512.0
1782993600,0.24864,0.25259,0.23989,0.24475,4119206.0
1783008000,0.24489,0.24664,0.24107,0.24467,3836379.0
1783022400,0.24469,0.24708,0.24231,0.24349,993390.0
1783036800,0.24362,0.24475,0.2401,0.24091,1045111.0
1783051200,0.24096,0.24413,0.23958,0.2439,1629542.0
1783065600,0.24373,0.24593,0.24023,0.24398,1448123.0
1783080000,0.24401,0.24558,0.23989,0.24069,1437956.0
1783094400,0.24058,0.24987,0.23981,0.24539,1257364.0
1783108800,0.24502,0.24686,0.24225,0.24291,1399490.0
1783123200,0.24296,0.24537,0.24011,0.24011,868158.0
1783137600,0.2401,0.24012,0.23503,0.23648,2770708.0
1783152000,0.23644,0.2376,0.2308,0.23551,1926371.0
1783166400,0.23544,0.23797,0.23485,0.23708,1452308.0
1783180800,0.23704,0.23918,0.23417,0.23556,747838.0
1783195200,0.23548,0.23709,0.23353,0.23483,374011.0
1783209600,0.23491,0.23841,0.23404,0.23567,419051.0
1783224000,0.2358,0.23968,0.23478,0.239,904479.0
1783238400,0.23897,0.24043,0.23249,0.2373,838815.0
1783252800,0.23716,0.24277,0.236,0.24187,3374872.0
1783267200,0.24189,0.24658,0.24105,0.24449,4366343.0
1783281600,0.24449,0.24653,0.2423,0.24361,1403315.0
1783296000,0.24369,0.2487,0.24125,0.24556,2033290.0
1783310400,0.24574,0.24939,0.23848,0.24006,2439957.0
1783324800,0.23989,0.2412,0.23607,0.23749,1794739.0
1783339200,0.23735,0.24066,0.23225,0.24055,2559481.0
1783353600,0.24031,0.24305,0.23808,0.24004,4383120.0
1783368000,0.24,0.24099,0.23678,0.23727,941356.0
1783382400,0.23734,0.23953,0.23486,0.23596,876223.0
1783396800,0.23592,0.24001,0.23068,0.23965,1211646.0
1783411200,0.23954,0.24027,0.2375,0.2395,833731.0
1783425600,0.23938,0.24115,0.23658,0.24047,1566652.0
1783440000,0.24058,0.24323,0.23891,0.24195,2337530.0
1783454400,0.24205,0.24277,0.2352,0.23724,1613112.0
1783468800,0.23722,0.24121,0.22841,0.22875,3634786.0
1783483200,0.22879,0.23234,0.22427,0.22462,2922889.0
1783497600,0.22465,0.22505,0.21217,0.21795,4419073.0
1783512000,0.21787,0.2194,0.21275,0.2145,2664240.0
1783526400,0.21445,0.21772,0.21406,0.215,1726289.0
1783540800,0.21498,0.21538,0.21123,0.21367,2517868.0
1783555200,0.21363,0.21592,0.20749,0.21049,3740707.0
1783569600,0.21064,0.21631,0.20991,0.2138,1027733.0
1783584000,0.21396,0.21492,0.20931,0.21064,1597799.0
1783598400,0.21064,0.21252,0.20426,0.20516,2175757.0
1783612800,0.20512,0.21127,0.20496,0.20971,2308477.0
1783627200,0.20977,0.21551,0.20855,0.21307,1078608.0
1783641600,0.213,0.21585,0.20836,0.2144,1699357.0
1783656000,0.21453,0.21492,0.20815,0.20903,897886.0
1783670400,0.20891,0.21196,0.20708,0.20779,1313126.0
1783684800,0.20788,0.20978,0.20053,0.20183,2479205.0
1783699200,0.20195,0.20594,0.19977,0.20409,2519346.0
1783713600,0.20418,0.2042,0.20049,0.2032,1730103.0
1783728000,0.20348,0.20616,0.2023,0.20567,1824151.0
1783742400,0.20554,0.20703,0.20396,0.2067,587160.0
1783756800,0.20684,0.20847,0.20381,0.20716,1304402.0
1783771200,0.2072,0.21204,0.2072,0.20885,1604908.0
1783785600,0.20855,0.21069,0.20748,0.21056,1234226.0
1783800000,0.21037,0.21072,0.20208,0.20245,1739969.0
1783814400,0.20228,0.20228,0.19851,0.20108,1671555.0
1783828800,0.20111,0.20188,0.19861,0.20018,1149197.0
1783843200,0.19995,0.20409,0.19987,0.20249,1749652.0
1783857600,0.20241,0.20411,0.20053,0.20411,1617932.0
1783872000,0.2041,0.20473,0.20145,0.20355,1058674.0
1783886400,0.20355,0.2038,0.19962,0.20118,1126805.0
1783900800,0.2011,0.20565,0.196,0.19818,2052060.0
1783915200,0.19825,0.20541,0.19797,0.20205,2561372.0
1783929600,0.20211,0.2051,0.20069,0.20392,3013967.0
1783944000,0.20417,0.21742,0.20361,0.21626,6221312.0
1783958400,0.21648,0.21983,0.20865,0.2098,7404618.0
1783972800,0.2097,0.21023,0.20487,0.207,1501084.0
1783987200,0.20729,0.20735,0.20236,0.20324,1435367.0
1784001600,0.20351,0.20812,0.20054,0.20127,5457610.0
1784016000,0.20138,0.20434,0.1996,0.20349,2210387.0
1784030400,0.20357,0.21246,0.20337,0.20893,4628402.0
1784044800,0.20901,0.21435,0.20733,0.21018,4483463.0
1784059200,0.21012,0.21247,0.20695,0.2117,918079.0
1784073600,0.21148,0.21415,0.2092,0.21393,1552427.0
1784088000,0.21413,0.21764,0.20665,0.2067,4573103.0
1784102400,0.20691,0.20973,0.2059,0.2084,1000170.0
1784116800,0.20829,0.21296,0.20829,0.21059,1554144.0
1784131200,0.21069,0.21251,0.2078,0.20837,2372120.0
1784145600,0.20837,0.20908,0.2066,0.20682,435962.0
1784160000,0.20676,0.20871,0.20565,0.20616,789724.0
1784174400,0.20618,0.20817,0.201,0.20197,1764263.0
1784188800,0.20178,0.20361,0.19905,0.2025,1489036.0
1784203200,0.20264,0.20468,0.20071,0.20311,8746961.0
1784217600,0.20308,0.20308,0.19973,0.20137,1477980.0
1784232000,0.20147,0.20216,0.19624,0.19656,1255020.0
1784246400,0.1966,0.1966,0.1918,0.19568,2531010.0
1784260800,0.19546,0.19551,0.19153,0.19155,1018198.0
1784275200,0.19174,0.19406,0.19082,0.19395,932201.0
1784289600,0.19396,0.19705,0.18934,0.19607,2141727.0
1784304000,0.19608,0.19893,0.19449,0.19715,1282549.0
1784318400,0.19718,0.19736,0.19305,0.19382,1107954.0
1784332800,0.19382,0.19905,0.19316,0.1976,1115827.0
1784347200,0.19771,0.19778,0.19361,0.19383,592603.0
1784361600,0.19398,0.19515,0.19244,0.19374,690776.0
1784376000,0.19368,0.1946,0.19225,0.1929,790825.0
1784390400,0.1929,0.19384,0.19183,0.19215,676054.0
1784404800,0.1923,0.19529,0.1923,0.19459,467131.0
1784419200,0.1946,0.19659,0.19419,0.19474,636688.0
1784433600,0.19474,0.19486,0.19075,0.1914,535966.0
1784448000,0.19165,0.19223,0.19034,0.19034,618477.0
1784462400,0.1904,0.19383,0.18902,0.19285,959146.0
1784476800,0.1928,0.19303,0.19018,0.19195,996828.0
1784491200,0.19207,0.19603,0.1917,0.19598,891536.0
1784505600,0.19593,0.20276,0.19497,0.19887,2781155.0
1784520000,0.19902,0.19937,0.1937,0.19694,1439045.0
1784534400,0.197,0.19941,0.19505,0.19873,856458.0
1784548800,0.19876,0.19876,0.19269,0.19726,1365338.0
1784563200,0.19711,0.198,0.1945,0.19541,843422.0
1784577600,0.19543,0.19664,0.19465,0.19631,368281.0
1784592000,0.19612,0.20038,0.19567,0.19986,849944.0
1784606400,0.20002,0.20068,0.19774,0.19965,831467.0
1784620800,0.19966,0.2008,0.19807,0.20025,1381939.0
1784635200,0.20036,0.20039,0.19781,0.19893,1192768.0
1784649600,0.19868,0.19913,0.1945,0.19751,1330210.0
1784664000,0.19755,0.20071,0.19694,0.19975,405224.0
1784678400,0.19994,0.20177,0.19843,0.19848,505815.0
1784692800,0.19845,0.19955,0.1945,0.19471,921021.0
1784707200,0.19464,0.19645,0.19449,0.19449,493429.0
1784721600,0.19442,0.19452,0.19035,0.19192,2069811.0
1784736000,0.19193,0.19254,0.18709,0.19044,1284472.0
1784750400,0.19031,0.19189,0.18957,0.19122,612460.0
1784764800,0.19086,0.19267,0.18884,0.18927,970952.0
1784779200,0.18928,0.19209,0.18883,0.19089,1058468.0
1784793600,0.19087,0.19455,0.1907,0.19391,760413.0
1784808000,0.19385,0.1941,0.1895,0.19299,1604191.0
1784822400,0.19299,0.1931,0.1852,0.18652,1822074.0
1784836800,0.18643,0.18945,0.18615,0.18727,565700.0
1784851200,0.18726,0.18905,0.18553,0.18835,1163926.0
1784865600,0.18839,0.19002,0.18787,0.18909,450274.0
1784880000,0.18915,0.18984,0.18745,0.18789,1064331.0
1784894400,0.1878,0.18915,0.18231,0.18531,2009127.0
1784908800,0.18518,0.18744,0.18458,0.18566,807959.0
1784923200,0.18567,0.18714,0.18454,0.1871,998686.0
1784937600,0.18709,0.18825,0.18614,0.18678,473561.0
1784952000,0.18688,0.18764,0.18443,0.18443,581710.0
1784966400,0.1844,0.1858,0.18403,0.1847,313211.0
1784980800,0.18484,0.18618,0.18464,0.18582,604173.0
1784995200,0.18587,0.1888,0.18553,0.18782,1421535.0
1785009600,0.18779,0.18793,0.18639,0.1865,234324.0
1785024000,0.18646,0.18692,0.18499,0.18664,922817.0
1785038400,0.18674,0.18865,0.18625,0.18732,851643.0
1785052800,0.1873,0.18774,0.18643,0.18654,282893.0
1785067200,0.18655,0.18792,0.18576,0.1879,899503.0
1785081600,0.18794,0.18918,0.18714,0.18742,929903.0
1785096000,0.18742,0.19225,0.18714,0.19159,1414159.0
1785110400,0.1916,0.19212,0.19044,0.19094,552474.0
1785124800,0.19102,0.19403,0.19101,0.19169,702482.0
1785139200,0.19184,0.19192,0.19072,0.19113,578432.0
1785153600,0.19112,0.19311,0.18447,0.18595,3938580.0
1785168000,0.18593,0.18751,0.18436,0.1872,1848063.0
1785182400,0.18718,0.18768,0.17741,0.18124,2428269.0
1785196800,0.18139,0.18234,0.17922,0.1822,793244.0
1785211200,0.18214,0.18389,0.18132,0.183,1608808.0
1785225600,0.18305,0.18386,0.18129,0.18211,827157.0
1785240000,0.1821,0.19197,0.18139,0.1889,4602310.0
1785254400,0.189,0.19166,0.18758,0.18915,1002028.0
1785268800,0.18918,0.1923,0.18879,0.19166,684785.0
1785283200,0.19184,0.19328,0.18764,0.18895,2374249.0
1785297600,0.18898,0.19459,0.18736,0.19453,1302711.0
1785312000,0.19453,0.1976,0.19187,0.19561,2492532.0
1785326400,0.1957,0.19581,0.19235,0.19321,3266898.0
1785340800,0.19326,0.19879,0.19287,0.19389,2616481.0
1785355200,0.19382,0.19767,0.18982,0.19744,2290847.0
1785369600,0.19751,0.20008,0.19504,0.1973,898272.0
1785384000,0.1974,0.1974,0.19438,0.19466,714477.0
1785398400,0.19472,0.19659,0.19465,0.19563,1630991.0
1785412800,0.19556,0.19837,0.19532,0.19645,1204230.0
1785427200,0.19659,0.19773,0.19547,0.19654,497886.0
1785441600,0.1965,0.19767,0.19428,0.19468,535854.0
1785456000,0.19464,0.19683,0.19261,0.19307,566607.0
1785470400,0.1929,0.19487,0.1922,0.19302,1463550.0
1785484800,0.19288,0.19346,0.19089,0.19148,663167.0
1785499200,0.19148,0.1952,0.19075,0.19379,853225.0
1785513600,0.19383,0.19767,0.19355,0.19459,1085363.0
1785528000,0.19462,0.19471,0.19236,0.19302,226309.0
1785542400,0.19306,0.19421,0.19147,0.19334,767741.0
1785556800,0.19334,0.19439,0.19221,0.19237,412673.0
1785571200,0.19234,0.19328,0.1912,0.19209,267467.0
1785585600,0.19206,0.19241,0.19061,0.19091,437870.0
1785600000,0.19096,0.19176,0.18744,0.19054,1057587.0
1785614400,0.19051,0.19343,0.19051,0.19293,196061.0
1785628800,0.19296,0.19795,0.19295,0.1965,648729.0
1785643200,0.19646,0.19865,0.1955,0.19584,806873.0
1785657600,0.19588,0.19626,0.19348,0.19348,1496953.0
1785672000,0.19356,0.19752,0.19356,0.19731,439055.0
1785686400,0.19729,0.19735,0.1957,0.19589,201787.0
1785700800,0.19589,0.19722,0.19434,0.1949,267100.0
1785715200,0.19464,0.1951,0.19188,0.19228,451254.0
1785729600,0.19219,0.19344,0.19072,0.19093,677176.0
1785744000,0.19093,0.19217,0.19016,0.19117,677154.0
1785758400,0.19118,0.19337,0.19058,0.19134,346568.0
1785772800,0.19145,0.19475,0.19109,0.19428,391417.0
1785787200,0.19421,0.19537,0.1928,0.1941,446160.0
1785801600,0.19411,0.19453,0.19214,0.19373,975836.0
1785816000,0.19387,0.19455,0.19174,0.19275,562663.0
1785830400,0.19272,0.19322,0.19044,0.19145,687234.0
1785844800,0.19132,0.19159,0.1872,0.18907,8102105.0
1785859200,0.18901,0.1908,0.18808,0.19059,1289686.0
1785873600,0.19057,0.19162,0.18837,0.18841,979080.0
1785888000,0.18838,0.1895,0.18673,0.18861,1019957.0
1785902400,0.18861,0.18899,0.187,0.18796,1012367.0
1785916800,0.18778,0.18842,0.18569,0.1866,1561040.0
1785931200,0.18647,0.19,0.18596,0.18814,990895.0
1785945600,0.1882,0.18995,0.18752,0.18874,444771.0
1785960000,0.1888,0.19029,0.18754,0.18844,1188111.0
1785974400,0.1885,0.18955,0.18625,0.18726,939261.0
1785988800,0.18724,0.18895,0.18644,0.18665,905454.0
1786003200,0.18664,0.18705,0.18172,0.18232,5900051.0
1786017600,0.18213,0.18351,0.18063,0.18283,903012.0
1786032000,0.18281,0.18417,0.18091,0.1811,1067861.0
1786046400,0.18112,0.18252,0.17942,0.18052,764941.0
1786060800,0.18054,0.1817,0.17976,0.18056,575096.0
1786075200,0.18049,0.18606,0.17961,0.18599,1487869.0
1786089600,0.18602,0.18768,0.18488,0.18492,1219058.0
1786104000,0.18519,0.1866,0.18297,0.18332,717465.0
1786118400,0.18341,0.18343,0.18058,0.18255,1602181.0
1786132800,0.18255,0.18281,0.17998,0.18,795674.0
1786147200,0.18,0.18241,0.1796,0.18239,708522.0
1786161600,0.18241,0.183,0.18118,0.18262,394968.0
1786176000,0.18268,0.18343,0.18228,0.18247,1151241.0
1786190400,0.18249,0.18586,0.18229,0.18467,1322741.0
1786204800,0.18465,0.1852,0.18374,0.18427,697063.0
1786219200,0.18423,0.18614,0.18361,0.18408,2189810.0
1786233600,0.1841,0.18571,0.18301,0.1856,491356.0
1786248000,0.1856,0.18647,0.18409,0.18531,892021.0
1786262400,0.18531,0.18602,0.18383,0.18395,581551.0
1786276800,0.18396,0.18829,0.18382,0.18784,1108780.0
1786291200,0.1881,0.18818,0.18486,0.18493,886390.0
1786305600,0.18492,0.18561,0.17875,0.18031,1335266.0
1786320000,0.1803,0.18233,0.17961,0.17992,692606.0
1786334400,0.17997,0.18397,0.17987,0.18397,1487754.0
1786348800,0.184,0.1849,0.18276,0.1849,1884335.0
1786363200,0.18484,0.18514,0.18052,0.18115,1511057.0
1786377600,0.18115,0.18229,0.17989,0.18192,1991288.0
1786392000,0.182,0.18239,0.1802,0.18071,475283.0
1786406400,0.18071,0.18265,0.18006,0.18195,875445.0
1786420800,0.18196,0.18263,0.17999,0.1802,1026287.0
1786435200,0.1803,0.18189,0.17946,0.18037,1719038.0
1786449600,0.18038,0.18072,0.17535,0.17665,2932334.0
1786464000,0.17651,0.17657,0.17334,0.17605,4585502.0
1786478400,0.17601,0.17793,0.17509,0.17569,1596541.0
1786492800,0.17569,0.17711,0.17491,0.17659,940065.0
1786507200,0.17659,0.17659,0.17343,0.17418,2339219.0
1786521600,0.17418,0.17463,0.169,0.17307,3771683.0
1786536000,0.17307,0.17466,0.17074,0.17129,2004108.0
1786550400,0.17133,0.17184,0.16947,0.17074,2011593.0
1786564800,0.17073,0.17101,0.16871,0.17079,1875351.0
1786579200,0.17061,0.17248,0.16962,0.17238,2522825.0
1786593600,0.17239,0.17334,0.17085,0.17119,1473600.0
1786608000,0.17119,0.17131,0.16958,0.16959,1085388.0
1786622400,0.16958,0.17104,0.16885,0.16885,1728818.0
1786636800,0.16882,0.16994,0.16699,0.16881,2780831.0
1786651200,0.16895,0.17073,0.16874,0.1703,1778116.0
1786665600,0.17034,0.17048,0.16791,0.16813,1848125.0
1786680000,0.1681,0.16865,0.16539,0.16648,2276486.0
1786694400,0.16648,0.16724,0.16474,0.16481,2322872.0
1786708800,0.16483,0.16791,0.16482,0.16785,1691041.0
1786723200,0.16795,0.17034,0.16756,0.16923,1497382.0
1786737600,0.16921,0.1698,0.16726,0.16972,1253775.0
1786752000,0.16961,0.16992,0.16874,0.16937,918672.0
1786766400,0.16942,0.17082,0.16917,0.16934,1274140.0
1786780800,0.16932,0.17059,0.16932,0.17011,974866.0
1786795200,0.17012,0.17024,0.16881,0.16931,1071788.0
1786809600,0.16931,0.16931,0.16733,0.16817,1263030.0
1786824000,0.16815,0.16824,0.16646,0.16654,1356704.0
1786838400,0.16654,0.16681,0.16558,0.1663,938638.0
1786852800,0.16631,0.16815,0.16631,0.16801,685109.0
1786867200,0.16801,0.16869,0.16757,0.16781,943303.0
1786881600,0.16781,0.16887,0.16778,0.16884,426440.0
1786896000,0.16882,0.16967,0.16811,0.16829,541530.0
1786910400,0.1683,0.16865,0.16502,0.16722,1301295.0
1786924800,0.16718,0.16923,0.16678,0.16827,589714.0
1786939200,0.16826,0.17039,0.16826,0.16965,1258563.0
1786953600,0.16957,0.17055,0.16861,0.16891,1343774.0
1786968000,0.16891,0.1691,0.1677,0.16889,2089359.0
1786982400,0.16893,0.16914,0.16699,0.16737,1705730.0
1786996800,0.1674,0.16825,0.16695,0.16825,222038.0
1787011200,0.16833,0.16851,0.16298,0.16495,2257747.0
1787025600,0.16481,0.16775,0.16422,0.16743,1484258.0
1787040000,0.16745,0.16751,0.16608,0.16705,665974.0
1787054400,0.16709,0.16819,0.16585,0.16794,2187047.0
1787068800,0.16798,0.16817,0.16667,0.167,1101209.0
1787083200,0.16702,0.16764,0.16678,0.16721,415399.0
1787097600,0.16717,0.16729,0.1659,0.1671,844971.0
1787112000,0.16709,0.16811,0.16617,0.16744,723091.0
1787126400,0.16745,0.16871,0.1664,0.16761,815135.0
1787140800,0.1676,0.17702,0.16728,0.17333,4316089.0
1787155200,0.1734,0.17866,0.17325,0.17816,4872563.0
1787169600,0.17861,0.18557,0.17744,0.18129,2390882.0
1787184000,0.18141,0.18278,0.17834,0.17936,3033422.0
1787198400,0.17933,0.18535,0.17933,0.185,1931457.0
1787212800,0.18521,0.19151,0.1851,0.18932,5236706.0
1787227200,0.18945,0.19119,0.18552,0.19116,2086695.0
1787241600,0.19116,0.19304,0.18706,0.18782,4839145.0
1787256000,0.18781,0.19232,0.18755,0.19164,1902676.0
1787270400,0.19161,0.194,0.19087,0.19199,2051563.0
1787284800,0.19199,0.19688,0.19193,0.19582,2237108.0
1787299200,0.19617,0.20977,0.19557,0.20613,16602646.0
1787313600,0.20613,0.21865,0.20548,0.21235,17570842.0
1787328000,0.21267,0.21345,0.20627,0.20665,7102575.0
1787342400,0.20666,0.2126,0.20604,0.2069,5063992.0
1787356800,0.20738,0.21833,0.20546,0.2174,5466882.0
1787371200,0.21739,0.22726,0.19231,0.20951,12237837.0
1787385600,0.2098,0.21121,0.19941,0.2029,6096037.0
1787400000,0.20284,0.20501,0.19971,0.19972,2929944.0
1787414400,0.19964,0.20777,0.19872,0.20658,1882794.0
1787428800,0.20648,0.20783,0.20022,0.2031,1659337.0
1787443200,0.20314,0.20972,0.1961,0.19704,1676661.0
1787457600,0.19697,0.19868,0.19349,0.19742,1536799.0
1787472000,0.19751,0.20493,0.19723,0.20448,1092994.0
1787486400,0.20422,0.21574,0.20219,0.21315,2796176.0
1787500800,0.21354,0.21898,0.21214,0.21644,2364085.0
1787515200,0.21646,0.21969,0.21452,0.217,2553760.0
1787529600,0.2169,0.21699,0.20697,0.20806,850489.0
1787544000,0.20808,0.21139,0.20687,0.20723,569803.0
1787558400,0.20733,0.21034,0.20362,0.21006,4497187.0
1787572800,0.21006,0.21519,0.20541,0.21169,2127164.0
1787587200,0.2118,0.21425,0.20123,0.20522,8662956.0
1787601600,0.20536,0.21272,0.20472,0.21141,2281050.0
1787616000,0.21131,0.22585,0.21081,0.22289,2408443.0
1787630400,0.22285,0.22968,0.21693,0.21986,5426289.0
1787644800,0.2198,0.22371,0.21742,0.21742,1712811.0
1787659200,0.2177,0.21952,0.2108,0.21403,2333865.0
1787673600,0.214,0.2154,0.20905,0.21016,2399092.0
1787688000,0.21012,0.2155,0.20809,0.21161,1862423.0
1787702400,0.21162,0.21877,0.21117,0.21425,1642654.0
1787716800,0.21407,0.21753,0.20964,0.21528,1553710.0
1787731200,0.21516,0.22542,0.21516,0.22327,4704367.0
1787745600,0.22353,0.22525,0.21409,0.21732,3127800.0
1787760000,0.21754,0.2204,0.21462,0.21498,796555.0
1787774400,0.21498,0.22066,0.20791,0.2199,5083378.0
1787788800,0.2196,0.22449,0.21496,0.21728,1498650.0
1787803200,0.21761,0.21836,0.21154,0.21647,1341123.0
1787817600,0.21651,0.22929,0.21613,0.2221,7225182.0
1787832000,0.22197,0.23359,0.21994,0.2273,5382516.0
1787846400,0.22738,0.23831,0.22412,0.236,5927768.0
1787860800,0.23618,0.24548,0.23367,0.23914,5772990.0
1787875200,0.23915,0.24564,0.23156,0.23237,5277371.0
1787889600,0.2322,0.23601,0.23009,0.23274,1938635.0
1787904000,0.23301,0.23964,0.22766,0.2394,4465167.0
1787918400,0.23909,0.23985,0.22535,0.22872,6285350.0
1787932800,0.22904,0.22935,0.21444,0.21777,16552623.0
1787947200,0.21776,0.22273,0.21756,0.2212,1764917.0
1787961600,0.22114,0.22425,0.218,0.21869,703217.0
1787976000,0.21891,0.2241,0.21823,0.2187,680602.0
1787990400,0.21863,0.21863,0.21575,0.21756,691952.0
1788004800,0.21757,0.22199,0.21689,0.21926,688434.0
1788019200,0.21915,0.22143,0.21643,0.21849,775574.0
1788033600,0.21851,0.21964,0.21642,0.21946,307018.0
1788048000,0.21939,0.21966,0.21417,0.21423,599539.0
1788062400,0.21437,0.216,0.21274,0.21396,340532.0
1788076800,0.21397,0.21484,0.21252,0.21396,917343.0
1788091200,0.2138,0.22207,0.21379,0.2198,1416374.0
1788105600,0.21995,0.22249,0.217,0.2172,999037.0
1788120000,0.21751,0.21864,0.20199,0.20505,5272729.0
1788134400,0.20497,0.20834,0.20324,0.20434,972595.0
1788148800,0.20454,0.20714,0.20157,0.20712,826831.0
1788163200,0.20698,0.2119,0.20613,0.21098,1055659.0
1788177600,0.21098,0.21465,0.20665,0.21255,1031758.0
1788192000,0.21253,0.21809,0.21134,0.21606,1696042.0
1788206400,0.21545,0.22788,0.21504,0.22368,2150074.0
1788220800,0.22362,0.22679,0.21921,0.22063,1371420.0
1788235200,0.22053,0.22303,0.21819,0.21821,800547.0
1788249600,0.21825,0.2191,0.21503,0.21833,1320271.0
1788264000,0.2183,0.22605,0.21218,0.22207,1711335.0
1788278400,0.22211,0.22235,0.21106,0.21615,1402125.0
1788292800,0.21623,0.21725,0.21179,0.2127,371275.0
1788307200,0.21275,0.21386,0.20783,0.21386,834905.0
1788321600,0.21353,0.21809,0.21269,0.21579,866805.0
1788336000,0.21596,0.21758,0.20969,0.2119,2475563.0
1788350400,0.21171,0.21376,0.20861,0.21294,1051017.0
1788364800,0.213,0.22006,0.21145,0.2171,866029.0
1788379200,0.21714,0.22404,0.21558,0.22396,1946297.0
1788393600,0.22394,0.22485,0.21572,0.21624,965225.0
1788408000,0.21635,0.22295,0.2146,0.22057,811114.0
1788422400,0.22018,0.23163,0.22018,0.22674,7067090.0
1788436800,0.22676,0.2355,0.22434,0.23522,3627422.0
1788451200,0.23509,0.23853,0.23115,0.23712,1978615.0
1788465600,0.23723,0.23835,0.22817,0.22924,1714143.0
1788480000,0.22902,0.23129,0.22507,0.22542,1542498.0
1788494400,0.22531,0.22684,0.2217,0.22247,1165589.0
1788508800,0.22248,0.22537,0.22031,0.22159,2963336.0
1788523200,0.22158,0.22234,0.21336,0.21614,4730881.0
1788537600,0.2159,0.22,0.21565,0.21684,3073424.0
1788552000,0.21714,0.21798,0.21544,0.21677,1297617.0
1788566400,0.21677,0.21712,0.21191,0.21577,2394968.0
1788580800,0.21564,0.21906,0.21478,0.21855,368828.0
1788595200,0.21843,0.22631,0.21773,0.22611,4884396.0
1788609600,0.22605,0.22636,0.22172,0.22412,3802639.0
1788624000,0.22411,0.22484,0.21893,0.22062,2955687.0
1788638400,0.22049,0.2225,0.21952,0.21999,1283161.0
1788652800,0.2199,0.23631,0.21704,0.234,8607369.0
1788667200,0.23399,0.24376,0.22914,0.23948,9527486.0
1788681600,0.23953,0.28561,0.23871,0.27148,46001174.0
1788696000,0.2714,0.27838,0.25988,0.26776,26284553.0
1788710400,0.26756,0.27163,0.26223,0.26453,7713033.0
1788724800,0.2645,0.27873,0.26186,0.276,10782018.0
1788739200,0.27617,0.27617,0.25024,0.25094,15977744.0
1788753600,0.25088,0.25504,0.24199,0.25348,31641086.0
1788768000,0.25331,0.2597,0.25275,0.25358,4081604.0
1788782400,0.25355,0.2616,0.2468,0.24813,6706527.0
1788796800,0.24819,0.25547,0.2446,0.25435,4641410.0
1788811200,0.25429,0.2558,0.2479,0.25389,3919419.0
1788825600,0.25388,0.25625,0.24737,0.24955,1289857.0
1788840000,0.24939,0.24967,0.24214,0.24532,4665143.0
1788854400,0.24528,0.24635,0.23927,0.24228,2573420.0
1788868800,0.24254,0.24326,0.23423,0.24286,5117015.0
1788883200,0.24286,0.24412,0.23787,0.23906,1828452.0
1788897600,0.23912,0.24232,0.23691,0.24075,1947979.0
1788912000,0.24074,0.24634,0.23832,0.24024,2224883.0
1788926400,0.24012,0.25493,0.2401,0.25126,2589121.0
1788940800,0.25089,0.25301,0.243,0.25221,2691553.0
1788955200,0.25238,0.25412,0.24367,0.24875,2591644.0
1788969600,0.24874,0.25258,0.24138,0.24171,3914981.0
1788984000,0.24186,0.24251,0.226,0.23321,9380125.0
1788998400,0.23306,0.2341,0.22806,0.23142,3385938.0
1789012800,0.23141,0.2342,0.22826,0.22972,1819292.0
1789027200,0.22959,0.22997,0.22616,0.22765,1609997.0
1789041600,0.22736,0.22876,0.2204,0.22584,2194723.0
1789056000,0.22587,0.22729,0.21937,0.22387,1092891.0
1789070400,0.22421,0.23141,0.22421,0.22454,937812.0
1789084800,0.22451,0.23258,0.22451,0.23113,945640.0
1789099200,0.23081,0.23902,0.22971,0.2339,1576495.0
1789113600,0.23385,0.23426,0.22329,0.23185,2364781.0
1789128000,0.23186,0.25645,0.2273,0.24853,8644383.0
1789142400,0.24821,0.24987,0.23887,0.24306,7116582.0
1789156800,0.24308,0.24603,0.2391,0.24515,2379416.0
1789171200,0.24497,0.24899,0.24287,0.24556,3019971.0
1789185600,0.24542,0.2477,0.24298,0.24739,964495.0
1789200000,0.2476,0.24967,0.24558,0.24637,2138328.0
1789214400,0.2464,0.2482,0.24363,0.24622,1140376.0
1789228800,0.24619,0.24807,0.24192,0.24328,1292691.0
1789243200,0.24305,0.24379,0.24167,0.24269,607219.0
1789257600,0.24274,0.244,0.2372,0.23796,1536950.0
1789272000,0.23795,0.23947,0.23571,0.23571,1153692.0
1789286400,0.23595,0.2365,0.23205,0.23363,1576567.0
1789300800,0.23358,0.23721,0.23234,0.23351,1145731.0
1789315200,0.23351,0.23666,0.23168,0.23221,660324.0
1789329600,0.23226,0.23522,0.22873,0.23025,2628729.0
1789344000,0.23032,0.23999,0.22986,0.23766,2084987.0
1789358400,0.23761,0.23889,0.23415,0.23653,1647660.0
1789372800,0.23651,0.23905,0.23427,0.2368,1129577.0
1789387200,0.23676,0.23881,0.23292,0.23792,812526.0
1789401600,0.23801,0.24403,0.23739,0.24315,3141264.0
1789416000,0.24346,0.24709,0.23837,0.23862,1177728.0
1789430400,0.23871,0.24226,0.23417,0.23637,3840860.0
1789444800,0.23666,0.23884,0.23319,0.23371,937643.0
1789459200,0.23385,0.234,0.22974,0.2306,634360.0
1789473600,0.23058,0.23289,0.22322,0.22824,2298562.0
1789488000,0.2281,0.23018,0.21388,0.21988,8334156.0
1789502400,0.21996,0.22036,0.21488,0.21584,1590319.0
1789516800,0.21604,0.21695,0.21168,0.21384,2410578.0
1789531200,0.21381,0.216,0.21203,0.21203,1090762.0
1789545600,0.21204,0.21533,0.20922,0.21419,4161823.0
1789560000,0.21384,0.21424,0.20951,0.21213,3066767.0
1789574400,0.2121,0.21739,0.20745,0.21412,7975118.0
1789588800,0.21426,0.21936,0.21188,0.2186,1019525.0
1789603200,0.21877,0.22312,0.21687,0.21793,982477.0
1789617600,0.21783,0.22536,0.213,0.2237,1290521.0
1789632000,0.22382,0.22773,0.22266,0.22462,9210411.0
1789646400,0.22496,0.22952,0.2235,0.22754,2345973.0
1789660800,0.22758,0.23724,0.2269,0.2327,1419551.0
1789675200,0.23276,0.23906,0.23231,0.23805,2239324.0
1789689600,0.23799,0.25042,0.23596,0.24948,5580769.0
1789704000,0.24938,0.26052,0.24938,0.25362,9247190.0
1789718400,0.25358,0.25966,0.2511,0.25687,5063518.0
1789732800,0.2568,0.26607,0.25368,0.26201,6868038.0
1789747200,0.2622,0.26969,0.2566,0.26871,3579688.0
1789761600,0.26853,0.27324,0.26286,0.26576,5530967.0
1789776000,0.26581,0.28054,0.26447,0.27842,6466335.0
1789790400,0.27843,0.27918,0.26546,0.27222,2354212.0
1789804800,0.27243,0.28784,0.27183,0.27921,4765828.0
1789819200,0.27925,0.28793,0.27477,0.28076,5100319.0
1789833600,0.28076,0.2821,0.27463,0.27911,1652240.0
1789848000,0.27893,0.28289,0.27493,0.28185,2234191.0
1789862400,0.28187,0.28645,0.26557,0.27154,5519032.0
1789876800,0.2716,0.27372,0.26716,0.2715,1123857.0
1789891200,0.27151,0.27536,0.26784,0.27148,1599431.0
1789905600,0.27142,0.27357,0.26618,0.2729,1027410.0
1789920000,0.27308,0.28292,0.27134,0.2817,2635342.0
1789934400,0.28177,0.30021,0.27858,0.29974,5018314.0
1789948800,0.29971,0.31903,0.29856,0.30992,14315706.0
1789963200,0.31,0.31287,0.29865,0.30268,3719119.0
1789977600,0.30247,0.3132,0.30155,0.30305,11068353.0
1789992000,0.30309,0.30874,0.29797,0.30469,6033403.0
1790006400,0.30442,0.30666,0.291,0.29826,6194822.0
1790020800,0.29827,0.30138,0.29446,0.2991,1324133.0
1790035200,0.29889,0.3034,0.29291,0.29591,2480142.0
1790049600,0.29607,0.29749,0.28926,0.29342,2579706.0
1790064000,0.29351,0.30414,0.28842,0.29285,4004701.0
1790078400,0.29311,0.29851,0.28861,0.29261,2122159.0
1790092800,0.29257,0.29968,0.29062,0.29718,4047567.0
1790107200,0.29724,0.30558,0.29665,0.30238,4243395.0
1790121600,0.30234,0.30647,0.29649,0.30564,2487198.0
1790136000,0.30554,0.30616,0.2986,0.29965,1794545.0
1790150400,0.29968,0.30308,0.29438,0.30038,3475553.0
1790164800,0.30054,0.3055,0.27704,0.28055,14980764.0
1790179200,0.28042,0.29025,0.27418,0.28606,3111320.0
1790193600,0.28609,0.29291,0.2842,0.29005,1526338.0
1790208000,0.29014,0.29185,0.28046,0.28626,2308832.0
1790222400,0.28627,0.29677,0.28627,0.29126,4449198.0
1790236800,0.29114,0.29272,0.27784,0.28996,5822615.0
1790251200,0.28996,0.3082,0.28718,0.30562,13793183.0
1790265600,0.30553,0.31128,0.29844,0.30414,5123738.0
1790280000,0.30394,0.30645,0.29875,0.30145,1670606.0
1790294400,0.3015,0.31489,0.3015,0.30554,6464589.0
1790308800,0.30559,0.31434,0.30334,0.31384,1255586.0
1790323200,0.31386,0.33294,0.31214,0.32714,9775520.0
1790337600,0.32705,0.33217,0.31524,0.32452,12268435.0
1790352000,0.32474,0.34028,0.31968,0.3395,5263423.0
1790366400,0.33948,0.34942,0.33422,0.34221,4939420.0
1790380800,0.34214,0.34333,0.33449,0.33901,2121019.0
1790395200,0.33894,0.35323,0.33894,0.34577,3663780.0
1790409600,0.34573,0.35497,0.339,0.35034,6176689.0
1790424000,0.35029,0.35453,0.34501,0.34927,6763944.0
1790438400,0.34918,0.34918,0.33824,0.33882,5026025.0
1790452800,0.33877,0.34266,0.33327,0.33918,2289037.0
1790467200,0.33922,0.34441,0.33687,0.34325,1812180.0
1790481600,0.34324,0.34669,0.338,0.34665,1835947.0
1790496000,0.34675,0.34918,0.34057,0.34147,3021909.0
1790510400,0.34149,0.34213,0.33216,0.33406,2378921.0
1790524800,0.33428,0.35495,0.33417,0.34871,3604083.0
1790539200,0.34871,0.37548,0.34228,0.37292,21012435.0
1790553600,0.3728,0.37338,0.35123,0.35412,8612134.0
1790568000,0.35407,0.35546,0.33587,0.33638,11697781.0
1790582400,0.33643,0.3437,0.333,0.33979,6194546.0
1790596800,0.33994,0.35079,0.31828,0.32664,39100130.0
1790611200,0.32654,0.33768,0.32089,0.32815,25679921.0
1790625600,0.32844,0.33248,0.31914,0.32783,3720708.0
1790640000,0.3278,0.33633,0.317,0.32334,8786693.0
1790654400,0.32344,0.32913,0.31761,0.32799,2853591.0
1790668800,0.32795,0.33438,0.32389,0.33361,1924976.0
1790683200,0.33356,0.33633,0.31922,0.32454,7302062.0
1790697600,0.32463,0.33863,0.31605,0.33043,11709325.0
1790712000,0.33027,0.33565,0.32634,0.32953,1819426.0
1790726400,0.32963,0.339,0.32659,0.32887,1623456.0
1790740800,0.32899,0.33199,0.3193,0.3254,2774161.0
1790755200,0.32524,0.33499,0.32485,0.33336,1400141.0
1790769600,0.33315,0.34142,0.32197,0.32623,6709383.0
1790784000,0.32624,0.33565,0.32277,0.32319,3000430.0
1790798400,0.32324,0.33191,0.32236,0.33001,1131308.0
1790812800,0.32974,0.33334,0.32606,0.332,781337.0
1790827200,0.33212,0.33232,0.32077,0.32214,1544159.0
1790841600,0.32204,0.32524,0.3185,0.3241,1732384.0
1790856000,0.32412,0.32487,0.31286,0.31697,3898859.0
1790870400,0.31697,0.3311,0.314,0.33004,8464965.0
1790884800,0.33014,0.33151,0.32114,0.32604,2943005.0
1790899200,0.32595,0.33451,0.32533,0.33268,1145276.0
1790913600,0.33267,0.34234,0.33043,0.33329,4686584.0
1790928000,0.3334,0.33594,0.32784,0.3286,1065279.0
1790942400,0.32873,0.33627,0.326,0.32734,6464636.0
1790956800,0.3275,0.33114,0.30434,0.31026,4790419.0
1790971200,0.31038,0.31541,0.30934,0.3154,1234931.0
1790985600,0.31514,0.32086,0.31497,0.31656,2758294.0
1791000000,0.31652,0.31656,0.31292,0.31457,568152.0
1791014400,0.31449,0.32284,0.31369,0.32141,803811.0
1791028800,0.32154,0.33452,0.31944,0.33157,1363527.0
1791043200,0.33183,0.33304,0.32635,0.32929,842337.0
1791057600,0.32919,0.33124,0.32756,0.32862,263534.0
1791072000,0.32872,0.33285,0.32794,0.3297,728900.0
1791086400,0.32967,0.33214,0.32903,0.33209,1338666.0
1791100800,0.33215,0.33631,0.33002,0.33141,582470.0
