t,o,h,l,c,v
1725336000,1.1375,1.1375,1.1218,1.1291,54422.0
1725350400,1.129,1.1311,1.1018,1.108,197797.0
1725364800,1.1083,1.1191,1.0397,1.0409,380830.0
1725379200,1.0424,1.0459,1.0224,1.0331,80993.0
1725393600,1.0357,1.0517,1.0137,1.0192,65111.0
1725408000,1.0259,1.0407,0.99097,1.0094,348140.0
1725422400,1.005,1.0285,1.0009,1.0174,192419.0
1725436800,1.0201,1.0217,0.97732,0.98369,274272.0
1725451200,0.98255,1.0464,0.9825,1.0321,356353.0
1725465600,1.0573,1.0588,1.0264,1.0301,168944.0
1725480000,1.0297,1.046,1.0161,1.0322,86457.0
1725494400,1.0316,1.0369,1.0021,1.007,131782.0
1725508800,1.0043,1.0519,1.0022,1.0478,88315.0
1725523200,1.0527,1.1222,1.0523,1.0767,214926.0
1725537600,1.0753,1.0784,1.0452,1.0544,292692.0
1725552000,1.0553,1.0576,1.025,1.0406,149124.0
1725566400,1.0426,1.0684,1.0339,1.065,135334.0
1725580800,1.0643,1.0905,1.0531,1.0809,335390.0
1725595200,1.0804,1.1047,1.0386,1.0488,166296.0
1725609600,1.0523,1.0655,1.0456,1.0466,131340.0
1725624000,1.0487,1.1166,1.0434,1.1145,280856.0
1725638400,1.1279,1.1289,1.0524,1.0639,281139.0
1725652800,1.0636,1.0669,0.99637,1.0293,242123.0
1725667200,1.0291,1.0427,1.0184,1.0362,60137.0
1725681600,1.0359,1.0597,1.0338,1.0511,128616.0
1725696000,1.0502,1.0547,1.0432,1.0454,53379.0
1725710400,1.0469,1.0617,1.0448,1.0534,20644.0
1725724800,1.0543,1.0567,1.0131,1.036,96408.0
1725739200,1.0361,1.0382,0.99319,1.0071,57866.0
1725753600,1.0061,1.0279,1.0025,1.0194,35464.0
1725768000,1.02,1.028,1.0161,1.0205,47692.0
1725782400,1.0205,1.0278,1.006,1.0118,81687.0
1725796800,1.0122,1.0173,0.97748,0.97943,168690.0
1725811200,0.98017,0.98057,0.92413,0.94767,71137.0
1725825600,0.94747,0.98674,0.9454,0.97201,45538.0
1725840000,0.97212,0.99326,0.96828,0.989,36245.0
1725854400,0.9899,0.99852,0.97215,0.98579,33169.0
1725868800,0.98695,1.0181,0.98411,1.0127,77944.0
1725883200,1.0134,1.0299,0.99408,1.0046,136429.0
1725897600,1.004,1.1042,1.004,1.0949,163082.0
1725912000,1.0931,1.1178,1.0809,1.1121,114866.0
1725926400,1.111,1.111,1.0618,1.0623,199250.0
1725940800,1.0618,1.0735,1.0481,1.0713,67908.0
1725955200,1.0719,1.0832,1.0656,1.0711,43550.0
1725969600,1.0696,1.0725,1.0427,1.0472,125733.0
1725984000,1.0473,1.0703,1.0439,1.0607,58611.0
1725998400,1.0599,1.062,1.0516,1.0569,59072.0
1726012800,1.0566,1.0778,1.025,1.0316,107208.0
1726027200,1.0322,1.0322,1.0059,1.0137,69880.0
1726041600,1.0125,1.023,0.99994,1.0159,41208.0
1726056000,1.0172,1.0429,1.0004,1.0253,182257.0
1726070400,1.0278,1.0603,1.0278,1.033,102809.0
1726084800,1.033,1.0491,1.033,1.047,11064.0
1726099200,1.0501,1.0678,1.0453,1.056,47721.0
1726113600,1.0553,1.0607,1.0296,1.0382,50393.0
1726128000,1.0391,1.0548,1.038,1.0384,26827.0
1726142400,1.038,1.0487,1.01,1.0162,110317.0
1726156800,1.0167,1.0636,1.0167,1.0632,240102.0
1726171200,1.0689,1.0734,1.0479,1.0512,54281.0
1726185600,1.0525,1.0537,1.0315,1.0349,8247.0
1726200000,1.034,1.0368,1.0183,1.0243,16570.0
1726214400,1.023,1.0301,1.0081,1.0081,40883.0
1726228800,1.0093,1.0397,1.0048,1.0386,44322.0
1726243200,1.0409,1.1307,1.037,1.0831,131345.0
1726257600,1.0833,1.1263,1.074,1.1023,129701.0
1726272000,1.1029,1.175,1.0895,1.1657,133369.0
1726286400,1.1593,1.1593,1.112,1.1303,155758.0
1726300800,1.1321,1.1388,1.0855,1.0902,53124.0
1726315200,1.0914,1.1053,1.0829,1.0913,204303.0
1726329600,1.0904,1.0972,1.0677,1.0677,38498.0
1726344000,1.0685,1.0835,1.0647,1.0781,66532.0
1726358400,1.078,1.087,1.0736,1.0814,8939.0
1726372800,1.0807,1.0899,1.0691,1.0897,12067.0
1726387200,1.0902,1.1128,1.0664,1.0718,67484.0
1726401600,1.071,1.0951,1.0682,1.092,63577.0
1726416000,1.0971,1.1158,1.0819,1.0933,158361.0
1726430400,1.0902,1.0908,1.017,1.0247,182264.0
1726444800,1.0231,1.0261,1.0084,1.02,98711.0
1726459200,1.0184,1.0288,1.0044,1.0162,88115.0
1726473600,1.0147,1.0209,0.96488,0.9732,147316.0
1726488000,0.97234,0.97827,0.94478,0.96127,110697.0
1726502400,0.95995,0.9606,0.93377,0.94944,135649.0
1726516800,0.94842,0.94842,0.92472,0.94451,81680.0
1726531200,0.94343,0.94976,0.93077,0.94001,53637.0
1726545600,0.93877,0.96179,0.93877,0.95537,15210.0
1726560000,0.95508,0.96486,0.94822,0.95601,53098.0
1726574400,0.9585,0.97527,0.94681,0.96823,110354.0
1726588800,0.96978,0.97616,0.94294,0.95015,118236.0
1726603200,0.95069,0.96771,0.94975,0.961,34676.0
1726617600,0.95868,1.014,0.9472,1.0027,49032.0
1726632000,1.0003,1.0118,0.97416,0.97653,93661.0
1726646400,0.97733,0.97891,0.928,0.94033,109168.0
1726660800,0.94073,0.94818,0.89464,0.9009,177724.0
1726675200,0.90071,0.93728,0.89521,0.92775,163032.0
1726689600,0.92657,0.9584,0.92002,0.95709,44230.0
1726704000,0.96467,0.97793,0.95549,0.97713,65531.0
1726718400,0.98001,0.99253,0.97127,0.98238,99791.0
1726732800,0.98573,0.98713,0.9651,0.97865,52350.0
1726747200,0.97921,0.98665,0.96653,0.98126,76275.0
1726761600,0.97961,1.0163,0.97961,0.99406,68975.0
1726776000,0.99422,0.99963,0.97533,0.97915,31046.0
1726790400,0.98202,1.0076,0.95015,1.0058,103134.0
1726804800,1.0078,1.0148,0.99046,0.99532,90924.0
1726819200,0.99539,0.99539,0.93808,0.94146,77532.0
1726833600,0.94136,0.94688,0.91767,0.93742,54453.0
1726848000,0.93674,0.94022,0.91384,0.92802,44608.0
1726862400,0.92913,0.93934,0.92289,0.93904,13745.0
1726876800,0.93819,0.93858,0.91587,0.9176,26395.0
1726891200,0.91672,0.92649,0.9044,0.92448,39953.0
1726905600,0.92477,0.92514,0.91524,0.9196,22384.0
1726920000,0.91953,0.9332,0.91632,0.92138,17980.0
1726934400,0.92271,0.93655,0.92152,0.93433,17254.0
1726948800,0.93487,0.9463,0.92717,0.94532,12743.0
1726963200,0.94958,0.95809,0.92939,0.95226,46822.0
1726977600,0.95198,0.95251,0.9223,0.92919,17213.0
1726992000,0.92806,0.93322,0.9134,0.92647,43979.0
1727006400,0.92524,0.92889,0.90832,0.91173,24412.0
1727020800,0.91107,0.91215,0.85257,0.86751,75532.0
1727035200,0.8694,0.87355,0.81,0.83499,114089.0
1727049600,0.83505,0.85707,0.81315,0.85115,173994.0
1727064000,0.85252,0.86291,0.84216,0.84407,127831.0
1727078400,0.84473,0.8571,0.83596,0.85079,50954.0
1727092800,0.85153,0.85754,0.84069,0.85303,92419.0
1727107200,0.85425,0.87671,0.85346,0.86828,112008.0
1727121600,0.86864,0.87014,0.85567,0.86243,46257.0
1727136000,0.86275,0.86386,0.83648,0.8574,51656.0
1727150400,0.85686,0.86524,0.85047,0.86311,38337.0
1727164800,0.86262,0.86968,0.8505,0.85834,78956.0
1727179200,0.85842,0.87516,0.84383,0.85108,243121.0
1727193600,0.85126,0.8737,0.85126,0.87255,175896.0
1727208000,0.87352,0.88687,0.86877,0.87039,47354.0
1727222400,0.87263,0.9082,0.86386,0.9039,92083.0
1727236800,0.91339,0.91919,0.86292,0.87102,146640.0
1727251200,0.87066,0.88104,0.86,0.86926,42146.0
1727265600,0.86861,0.87308,0.85309,0.85456,60192.0
1727280000,0.85411,0.86078,0.84358,0.85293,39238.0
1727294400,0.85172,0.86026,0.82106,0.82928,95805.0
1727308800,0.82841,0.84292,0.81688,0.84121,31874.0
1727323200,0.84112,0.85733,0.8401,0.8566,68939.0
1727337600,0.85779,0.86493,0.84934,0.8494,36851.0
1727352000,0.84832,0.8496,0.82728,0.84062,224938.0
1727366400,0.83991,0.86567,0.83991,0.85249,144109.0
1727380800,0.85552,0.85552,0.82857,0.85026,105836.0
1727395200,0.85905,0.87443,0.85535,0.87127,53492.0
1727409600,0.87243,0.8913,0.86504,0.87419,50112.0
1727424000,0.87417,0.88569,0.85607,0.86732,101149.0
1727438400,0.86883,0.92491,0.86741,0.90804,257195.0
1727452800,0.92381,0.95359,0.90958,0.90968,232289.0
1727467200,0.90989,0.92286,0.90114,0.91376,57355.0
1727481600,0.91367,0.9387,0.90433,0.92746,41141.0
1727496000,0.92736,0.92857,0.88336,0.88393,100617.0
1727510400,0.88197,0.88446,0.8552,0.88125,84737.0
1727524800,0.88074,0.88364,0.86661,0.88115,20026.0
1727539200,0.8793,0.8815,0.86826,0.87584,16924.0
1727553600,0.87499,0.87532,0.84563,0.86571,35414.0
1727568000,0.8655,0.88569,0.86069,0.88399,32748.0
1727582400,0.88315,0.88431,0.8374,0.83939,104806.0
1727596800,0.83886,0.85451,0.83886,0.84972,35834.0
1727611200,0.84878,0.85192,0.82381,0.84319,119460.0
1727625600,0.84342,0.85271,0.8341,0.85235,57521.0
1727640000,0.85223,0.85866,0.83322,0.84227,84919.0
1727654400,0.84315,0.8512,0.81796,0.83831,154128.0
1727668800,0.83752,0.84299,0.82363,0.83752,52377.0
1727683200,0.83755,0.83861,0.79347,0.80705,237991.0
1727697600,0.80625,0.80909,0.76259,0.76455,257127.0
1727712000,0.76617,0.77909,0.76209,0.77301,53098.0
1727726400,0.7752,0.78208,0.73601,0.74852,100939.0
1727740800,0.74896,0.7719,0.74292,0.77166,22815.0
1727755200,0.77232,0.77881,0.76652,0.7746,64299.0
1727769600,0.77512,0.78128,0.76944,0.77281,45541.0
1727784000,0.77402,0.77629,0.67258,0.6996,394564.0
1727798400,0.69848,0.70072,0.61667,0.64082,730098.0
1727812800,0.64224,0.64721,0.62555,0.63874,188352.0
1727827200,0.6387,0.6522,0.63662,0.64752,78508.0
1727841600,0.64819,0.67428,0.64301,0.66631,129906.0
1727856000,0.66612,0.67311,0.64254,0.65262,194394.0
1727870400,0.65197,0.66931,0.63749,0.66592,227123.0
1727884800,0.66572,0.6759,0.62815,0.64728,243186.0
1727899200,0.64926,0.66441,0.64208,0.65812,112562.0
1727913600,0.65781,0.70865,0.65665,0.69814,122775.0
1727928000,0.69721,0.69721,0.66888,0.67221,109257.0
1727942400,0.67243,0.6748,0.64165,0.66016,239893.0
1727956800,0.66042,0.68248,0.64319,0.66143,274373.0
1727971200,0.66121,0.668,0.63983,0.66133,184960.0
1727985600,0.66157,0.66541,0.64211,0.65901,42392.0
1728000000,0.65785,0.67728,0.65327,0.67386,60446.0
1728014400,0.67522,0.68025,0.66732,0.67449,69836.0
1728028800,0.67392,0.68235,0.66264,0.66862,53797.0
1728043200,0.66833,0.68028,0.65312,0.68028,287516.0
1728057600,0.67918,0.6887,0.67571,0.68769,55392.0
1728072000,0.68801,0.69135,0.67648,0.68129,38069.0
1728086400,0.68068,0.692,0.67325,0.6797,28494.0
1728100800,0.67976,0.71575,0.67741,0.70497,43063.0
1728115200,0.7042,0.70969,0.69512,0.70788,34267.0
1728129600,0.70782,0.70782,0.68418,0.68931,165576.0
1728144000,0.68923,0.69002,0.66227,0.66398,91003.0
1728158400,0.66381,0.67832,0.65452,0.67571,21554.0
1728172800,0.67334,0.68467,0.669,0.67308,27652.0
1728187200,0.67383,0.67643,0.66656,0.66931,21809.0
1728201600,0.66897,0.67452,0.66377,0.67392,22483.0
1728216000,0.67363,0.7039,0.6717,0.70174,109098.0
1728230400,0.70177,0.71094,0.6929,0.6937,88863.0
1728244800,0.69359,0.71742,0.68791,0.7163,26996.0
1728259200,0.71731,0.74193,0.70963,0.73597,70820.0
1728273600,0.73618,0.73675,0.72297,0.73014,20951.0
1728288000,0.73046,0.73889,0.6972,0.71552,108758.0
1728302400,0.7134,0.7376,0.70635,0.72766,82167.0
1728316800,0.73026,0.75737,0.73011,0.73528,69525.0
1728331200,0.73525,0.7444,0.71781,0.72137,78884.0
1728345600,0.72168,0.73993,0.71829,0.72636,76320.0
1728360000,0.72585,0.7336,0.69939,0.70383,155094.0
1728374400,0.7024,0.74301,0.69347,0.74301,60003.0
1728388800,0.74274,0.74292,0.69637,0.7035,446116.0
1728403200,0.70265,0.71512,0.69482,0.70983,142666.0
1728417600,0.70875,0.72244,0.70492,0.71691,51435.0
1728432000,0.71808,0.73731,0.71116,0.72109,222783.0
1728446400,0.72096,0.73084,0.71291,0.71528,208341.0
1728460800,0.71483,0.74033,0.71371,0.7375,345034.0
1728475200,0.73888,0.74811,0.69277,0.71613,459995.0
1728489600,0.7135,0.7135,0.67549,0.67976,192775.0
1728504000,0.6791,0.67928,0.65876,0.66879,141589.0
1728518400,0.66859,0.68137,0.66522,0.67705,54642.0
1728532800,0.67727,0.68255,0.66803,0.6686,33370.0
1728547200,0.66744,0.66974,0.64815,0.66475,63726.0
1728561600,0.6649,0.66753,0.65134,0.65866,234526.0
1728576000,0.65907,0.66325,0.6364,0.64613,162535.0
1728590400,0.64554,0.65231,0.63858,0.65231,33621.0
1728604800,0.65174,0.66193,0.6482,0.65871,60813.0
1728619200,0.65784,0.66258,0.65364,0.65869,18713.0
1728633600,0.65871,0.68029,0.65871,0.67967,24502.0
1728648000,0.68086,0.71285,0.67701,0.70925,210900.0
1728662400,0.70889,0.7176,0.7035,0.71367,65139.0
1728676800,0.71512,0.73032,0.71136,0.71511,82303.0
1728691200,0.71632,0.72182,0.70184,0.70268,40157.0
1728705600,0.7028,0.7255,0.7028,0.72533,12283.0
1728720000,0.72699,0.81433,0.72699,0.79192,292366.0
1728734400,0.79071,0.79835,0.77344,0.78121,161191.0
1728748800,0.78244,0.82781,0.78244,0.79981,395003.0
1728763200,0.79837,0.82255,0.79566,0.81385,360435.0
1728777600,0.81258,0.82485,0.78307,0.78598,333161.0
1728792000,0.78587,0.79951,0.77726,0.78184,44613.0
1728806400,0.78109,0.78994,0.76153,0.76223,85900.0
1728820800,0.76381,0.77437,0.74854,0.75419,70003.0
1728835200,0.75395,0.77403,0.75353,0.76831,95521.0
1728849600,0.76823,0.78596,0.76672,0.77665,79818.0
1728864000,0.77618,0.81304,0.76397,0.80643,196849.0
1728878400,0.80609,0.81513,0.7864,0.79218,209735.0
1728892800,0.79098,0.79446,0.77594,0.77785,72791.0
1728907200,0.77772,0.82539,0.77453,0.81488,114096.0
1728921600,0.81384,0.8331,0.80619,0.81557,122774.0
1728936000,0.81379,0.83264,0.80881,0.81829,160243.0
1728950400,0.81635,0.87528,0.81307,0.83868,243932.0
1728964800,0.83789,0.85431,0.83224,0.83624,150948.0
1728979200,0.83591,0.85347,0.79086,0.79263,218340.0
1728993600,0.79484,0.8334,0.76886,0.78555,323200.0
1729008000,0.78472,0.80266,0.78232,0.78606,114529.0
1729022400,0.78534,0.79357,0.76322,0.79357,154745.0
1729036800,0.7921,0.79512,0.77634,0.78231,132353.0
1729051200,0.78094,0.78764,0.75174,0.75573,195712.0
1729065600,0.75572,0.77984,0.75381,0.77316,169554.0
1729080000,0.77317,0.78026,0.73472,0.73748,423099.0
1729094400,0.73784,0.73928,0.72321,0.73719,169571.0
1729108800,0.73863,0.75068,0.73703,0.73873,22222.0
1729123200,0.73938,0.7497,0.73717,0.74293,35539.0
1729137600,0.74246,0.74432,0.71589,0.72699,69953.0
1729152000,0.72673,0.73394,0.6997,0.701,153991.0
1729166400,0.70094,0.71895,0.70037,0.71681,441357.0
1729180800,0.71544,0.71551,0.68832,0.69873,171922.0
1729195200,0.69879,0.70514,0.69849,0.70095,58204.0
1729209600,0.70128,0.74256,0.70128,0.73085,87069.0
1729224000,0.73228,0.75356,0.72891,0.7461,52941.0
1729238400,0.74554,0.76776,0.74078,0.75103,211770.0
1729252800,0.75284,0.75475,0.73904,0.75181,59680.0
1729267200,0.75024,0.76526,0.74305,0.75166,122045.0
1729281600,0.75121,0.75853,0.74744,0.75556,23026.0
1729296000,0.75485,0.78183,0.75371,0.77138,80696.0
1729310400,0.77073,0.77712,0.75719,0.76387,54228.0
1729324800,0.76333,0.7711,0.7373,0.74101,171250.0
1729339200,0.74204,0.74788,0.73824,0.74251,21760.0
1729353600,0.74277,0.74347,0.73252,0.73779,20815.0
1729368000,0.73689,0.74877,0.73586,0.74676,31431.0
1729382400,0.74744,0.75372,0.72918,0.73637,34783.0
1729396800,0.73433,0.76711,0.73304,0.75905,32018.0
1729411200,0.75992,0.76393,0.75112,0.76147,15970.0
1729425600,0.76522,0.77335,0.75355,0.76612,82786.0
1729440000,0.76751,0.78966,0.76307,0.76396,72987.0
1729454400,0.76322,0.78597,0.76171,0.77993,43646.0
1729468800,0.78038,0.7855,0.76052,0.76446,49951.0
1729483200,0.76393,0.77343,0.75777,0.76199,84980.0
1729497600,0.76144,0.76784,0.74778,0.75241,64056.0
1729512000,0.75222,0.75685,0.7299,0.73691,152567.0
1729526400,0.73528,0.74147,0.72366,0.74018,51219.0
1729540800,0.73829,0.74312,0.73246,0.73246,19607.0
1729555200,0.7322,0.75066,0.72412,0.74603,57517.0
1729569600,0.7454,0.74829,0.73899,0.73899,24370.0
1729584000,0.73937,0.74016,0.71699,0.72864,74277.0
1729598400,0.72751,0.74787,0.72187,0.73815,97954.0
1729612800,0.73644,0.75017,0.7303,0.74249,60534.0
1729627200,0.74287,0.75302,0.74097,0.74693,25117.0
1729641600,0.74676,0.74979,0.73149,0.73798,30582.0
1729656000,0.73768,0.73934,0.71628,0.7174,70811.0
1729670400,0.7167,0.72141,0.69976,0.70176,83600.0
1729684800,0.70185,0.71256,0.69151,0.69526,156308.0
1729699200,0.69526,0.69637,0.66919,0.68593,84507.0
1729713600,0.68602,0.69445,0.68343,0.69235,19489.0
1729728000,0.69234,0.71448,0.6887,0.70555,21467.0
1729742400,0.70491,0.71102,0.69471,0.69604,17598.0
1729756800,0.69389,0.69932,0.68006,0.69206,24123.0
1729771200,0.69186,0.69538,0.67756,0.68801,58192.0
1729785600,0.68831,0.69855,0.68667,0.69735,20632.0
1729800000,0.69792,0.70606,0.69075,0.6948,26033.0
1729814400,0.69483,0.70041,0.68334,0.69181,26583.0
1729828800,0.69175,0.69249,0.67035,0.67704,69028.0
1729843200,0.67822,0.68803,0.66966,0.68604,32381.0
1729857600,0.68557,0.68845,0.65861,0.66332,76012.0
1729872000,0.662,0.66375,0.63943,0.64725,192345.0
1729886400,0.64619,0.65129,0.56333,0.5818,157848.0
1729900800,0.57565,0.59606,0.56754,0.59556,131109.0
1729915200,0.59461,0.60001,0.59091,0.59091,42013.0
1729929600,0.59035,0.59783,0.59035,0.59345,19292.0
1729944000,0.59318,0.59318,0.5647,0.56782,140647.0
1729958400,0.56792,0.58674,0.56792,0.58507,43383.0
1729972800,0.58446,0.59284,0.58284,0.59274,20159.0
1729987200,0.59143,0.60893,0.58931,0.60777,13810.0
1730001600,0.61105,0.62116,0.60179,0.62116,35933.0
1730016000,0.62086,0.62086,0.59986,0.60203,26374.0
1730030400,0.60208,0.61729,0.60208,0.61135,35085.0
1730044800,0.61196,0.61652,0.60292,0.60574,32115.0
1730059200,0.60616,0.62399,0.60483,0.61266,13238.0
1730073600,0.61274,0.61651,0.59583,0.59753,54938.0
1730088000,0.59613,0.61564,0.59404,0.61227,26165.0
1730102400,0.61175,0.61452,0.60333,0.60494,23131.0
1730116800,0.60498,0.6067,0.59178,0.59452,157546.0
1730131200,0.59358,0.60312,0.57805,0.60133,84926.0
1730145600,0.60239,0.6266,0.60232,0.61454,52886.0
1730160000,0.61551,0.64757,0.61332,0.63258,63199.0
1730174400,0.63408,0.64233,0.62614,0.62686,37869.0
1730188800,0.62509,0.63301,0.62368,0.62486,47690.0
1730203200,0.62461,0.63262,0.62437,0.63179,61162.0
1730217600,0.63152,0.64403,0.62424,0.62636,167317.0
1730232000,0.62599,0.63443,0.6148,0.63317,55313.0
1730246400,0.63464,0.63614,0.62221,0.62963,92053.0
1730260800,0.62941,0.63122,0.61637,0.61697,30070.0
1730275200,0.61742,0.62085,0.59963,0.59963,88870.0
1730289600,0.59924,0.62063,0.59328,0.61089,101183.0
1730304000,0.60895,0.61819,0.60808,0.61441,61625.0
1730318400,0.61453,0.62218,0.61074,0.61577,79114.0
1730332800,0.61574,0.62024,0.60709,0.60985,28416.0
1730347200,0.60922,0.61378,0.6021,0.60667,15844.0
1730361600,0.60579,0.60579,0.59749,0.60337,32084.0
1730376000,0.60344,0.61342,0.59115,0.59806,566364.0
1730390400,0.59745,0.59783,0.5734,0.57522,174048.0
1730404800,0.57579,0.58734,0.57579,0.58365,39852.0
1730419200,0.5833,0.58838,0.5673,0.58125,104014.0
1730433600,0.58122,0.58458,0.56367,0.5702,76468.0
1730448000,0.5705,0.58601,0.56984,0.58262,17404.0
1730462400,0.5824,0.59841,0.56494,0.57156,275815.0
1730476800,0.57027,0.58635,0.57027,0.58242,154788.0
1730491200,0.58218,0.59252,0.56942,0.59252,30718.0
1730505600,0.59364,0.61756,0.59364,0.60596,69220.0
1730520000,0.60594,0.61652,0.59773,0.60286,50211.0
1730534400,0.60305,0.60517,0.59114,0.59653,53516.0
1730548800,0.59878,0.60166,0.57991,0.58375,224850.0
1730563200,0.58339,0.58841,0.56504,0.57226,138598.0
1730577600,0.57239,0.57418,0.56116,0.56661,27042.0
1730592000,0.56755,0.57068,0.52679,0.5387,261942.0
1730606400,0.53861,0.54987,0.53823,0.53873,95032.0
1730620800,0.53812,0.54217,0.5287,0.5289,58130.0
1730635200,0.53217,0.53389,0.48692,0.4913,417626.0
1730649600,0.49542,0.50861,0.49434,0.50595,98572.0
1730664000,0.50608,0.51811,0.50437,0.51489,61672.0
1730678400,0.51409,0.52761,0.50786,0.51731,100340.0
1730692800,0.51874,0.5224,0.50828,0.5091,61430.0
1730707200,0.50882,0.51847,0.50538,0.51347,116453.0
1730721600,0.51356,0.51901,0.50537,0.50664,148000.0
1730736000,0.50627,0.5072,0.49635,0.50269,100119.0
1730750400,0.50187,0.50419,0.46989,0.4875,210786.0
1730764800,0.48946,0.49942,0.48946,0.49612,64023.0
1730779200,0.4964,0.50636,0.49512,0.50052,23434.0
1730793600,0.49986,0.50814,0.49853,0.50288,33141.0
1730808000,0.50411,0.52223,0.50279,0.51686,115936.0
1730822400,0.5176,0.53055,0.5104,0.5104,105949.0
1730836800,0.51135,0.5196,0.5092,0.51593,43472.0
1730851200,0.51692,0.56418,0.51692,0.55643,115716.0
1730865600,0.55705,0.56009,0.54333,0.5438,135157.0
1730880000,0.54602,0.54694,0.52692,0.54647,85955.0
1730894400,0.54638,0.55055,0.53924,0.54417,108816.0
1730908800,0.54312,0.55847,0.54002,0.55818,29454.0
1730923200,0.55791,0.60156,0.55616,0.58586,263434.0
1730937600,0.58637,0.60949,0.57978,0.59674,145887.0
1730952000,0.59696,0.59732,0.5696,0.58117,51809.0
1730966400,0.58256,0.5836,0.57227,0.57856,45101.0
1730980800,0.57774,0.58702,0.56953,0.58371,49876.0
1730995200,0.59317,0.5963,0.58487,0.59176,102391.0
1731009600,0.59501,0.60104,0.57771,0.58549,47890.0
1731024000,0.58872,0.60086,0.56778,0.57388,73830.0
1731038400,0.57281,0.58579,0.56848,0.57418,56735.0
1731052800,0.57403,0.57639,0.56552,0.57042,51196.0
1731067200,0.57065,0.58317,0.56195,0.56747,112154.0
1731081600,0.56783,0.57174,0.54264,0.56283,143007.0
1731096000,0.56209,0.56663,0.55157,0.56566,56819.0
1731110400,0.56633,0.5735,0.55399,0.55966,104757.0
1731124800,0.55963,0.62906,0.55963,0.62299,45045.0
1731139200,0.62635,0.73898,0.61794,0.73898,169286.0
1731153600,0.74962,0.78511,0.69257,0.715,246840.0
1731168000,0.71757,0.77441,0.71477,0.75664,363581.0
1731182400,0.7531,0.76295,0.73104,0.75457,215199.0
1731196800,0.75388,0.82488,0.72858,0.79905,378008.0
1731211200,0.79665,0.79864,0.73358,0.74868,241406.0
1731225600,0.74807,0.75564,0.73075,0.75185,106884.0
1731240000,0.75317,0.76006,0.71787,0.73437,274157.0
1731254400,0.73339,0.75345,0.70921,0.73294,318048.0
1731268800,0.73252,0.73252,0.66954,0.71287,292140.0
1731283200,0.71187,0.74775,0.71164,0.74057,176794.0
1731297600,0.73995,0.74249,0.68107,0.70087,287683.0
1731312000,0.70132,0.71408,0.69665,0.71254,122243.0
1731326400,0.71293,0.71293,0.68189,0.69998,163092.0
1731340800,0.70004,0.72104,0.69745,0.71128,580787.0
1731355200,0.70877,0.73553,0.70315,0.73453,486662.0
1731369600,0.73588,0.73588,0.66337,0.67374,364922.0
1731384000,0.6739,0.69155,0.63166,0.6905,219470.0
1731398400,0.69167,0.694,0.589,0.63107,374375.0
1731412800,0.62683,0.63468,0.60216,0.61706,361197.0
1731427200,0.61597,0.63837,0.60372,0.6337,232832.0
1731441600,0.63382,0.65693,0.62502,0.64675,195796.0
1731456000,0.64633,0.65222,0.60692,0.60744,363993.0
1731470400,0.60654,0.61519,0.57669,0.60396,748821.0
1731484800,0.60309,0.6159,0.58978,0.61283,287423.0
1731499200,0.61075,0.65011,0.60095,0.646,240013.0
1731513600,0.6448,0.69506,0.63196,0.63761,434824.0
1731528000,0.63699,0.66751,0.62211,0.66454,218967.0
1731542400,0.66553,0.69768,0.65726,0.69311,320526.0
1731556800,0.69454,0.72934,0.68572,0.68939,257899.0
1731571200,0.68847,0.70806,0.65709,0.67291,324023.0
1731585600,0.67444,0.70219,0.6264,0.6356,290836.0
1731600000,0.63546,0.66293,0.63439,0.65122,155407.0
1731614400,0.64817,0.65838,0.6147,0.62905,345725.0
1731628800,0.62803,0.63839,0.60735,0.61874,379876.0
1731643200,0.61787,0.62194,0.597,0.61283,151969.0
1731657600,0.61339,0.64611,0.60599,0.64611,189638.0
1731672000,0.64819,0.65853,0.60865,0.61109,142074.0
1731686400,0.6106,0.6288,0.60569,0.62541,227690.0
1731700800,0.6275,0.64712,0.6275,0.64477,115961.0
1731715200,0.64237,0.65123,0.63814,0.64622,76687.0
1731729600,0.6493,0.65239,0.63213,0.63967,40898.0
1731744000,0.63956,0.6521,0.63301,0.6521,146297.0
1731758400,0.65783,0.66033,0.61969,0.62688,309899.0
1731772800,0.62657,0.65237,0.62185,0.65138,58705.0
1731787200,0.65166,0.66449,0.64382,0.65327,76963.0
1731801600,0.65463,0.66222,0.5959,0.61348,266688.0
1731816000,0.61622,0.641,0.60985,0.63731,66605.0
1731830400,0.63692,0.6427,0.61693,0.61877,146372.0
1731844800,0.62117,0.63472,0.61578,0.63084,108206.0
1731859200,0.63084,0.6739,0.62633,0.6694,213629.0
1731873600,0.66678,0.66852,0.64799,0.66233,149624.0
1731888000,0.66373,0.6744,0.6522,0.65895,123040.0
1731902400,0.65726,0.66069,0.64134,0.65008,65549.0
1731916800,0.65006,0.65445,0.62842,0.62962,109100.0
1731931200,0.63004,0.69417,0.62524,0.68339,201640.0
1731945600,0.68346,0.69391,0.67128,0.69131,307553.0
1731960000,0.69181,0.74462,0.68128,0.71468,153380.0
1731974400,0.71438,0.71676,0.69335,0.69406,78566.0
1731988800,0.69223,0.72609,0.68047,0.69694,132140.0
1732003200,0.70091,0.77259,0.68647,0.72438,360148.0
1732017600,0.72205,0.73266,0.68803,0.69308,531803.0
1732032000,0.69429,0.71542,0.68195,0.6842,251799.0
1732046400,0.68376,0.69178,0.66177,0.68839,102506.0
1732060800,0.68769,0.70594,0.66864,0.68201,101273.0
1732075200,0.6826,0.69745,0.67694,0.68006,80007.0
1732089600,0.67873,0.68405,0.65664,0.65943,66924.0
1732104000,0.65848,0.66527,0.64265,0.64515,156013.0
1732118400,0.6452,0.64928,0.60841,0.61237,220459.0
1732132800,0.6111,0.626,0.60923,0.61374,41250.0
1732147200,0.61268,0.62494,0.59024,0.59733,123674.0
1732161600,0.59771,0.6152,0.59495,0.61317,61427.0
1732176000,0.61245,0.61705,0.59711,0.60445,100910.0
1732190400,0.60327,0.6458,0.60327,0.62623,186229.0
1732204800,0.62572,0.63934,0.62409,0.62925,87281.0
1732219200,0.62975,0.63639,0.62592,0.63306,36145.0
1732233600,0.63249,0.63609,0.61832,0.63243,81841.0
1732248000,0.63192,0.64205,0.61942,0.61942,43974.0
1732262400,0.62263,0.6306,0.61499,0.62526,38379.0
1732276800,0.62517,0.62956,0.59638,0.61184,148807.0
1732291200,0.61074,0.61447,0.59637,0.60195,66471.0
1732305600,0.60116,0.6236,0.60116,0.6236,16666.0
1732320000,0.6233,0.64347,0.61949,0.64176,97251.0
1732334400,0.64095,0.65432,0.64073,0.65064,73070.0
1732348800,0.65023,0.66661,0.64998,0.65772,51572.0
1732363200,0.658,0.6914,0.65477,0.68265,90019.0
1732377600,0.68381,0.694,0.64598,0.66698,422673.0
1732392000,0.66736,0.68889,0.65079,0.67476,342037.0
1732406400,0.67414,0.70631,0.67223,0.69162,87438.0
1732420800,0.69343,0.7045,0.68043,0.6964,90806.0
1732435200,0.69669,0.69984,0.65122,0.6527,327014.0
1732449600,0.65102,0.66069,0.62067,0.62701,332675.0
1732464000,0.62698,0.72879,0.62388,0.68753,404122.0
1732478400,0.68562,0.71288,0.68562,0.71107,90277.0
1732492800,0.71218,0.729,0.68202,0.71165,424168.0
1732507200,0.71179,0.72448,0.69734,0.72162,137922.0
1732521600,0.72221,0.73324,0.70312,0.70958,118385.0
1732536000,0.7081,0.75075,0.66952,0.74502,298502.0
1732550400,0.74392,0.7546,0.70792,0.71435,323336.0
1732564800,0.71352,0.73248,0.687,0.72044,470706.0
1732579200,0.72013,0.73525,0.70702,0.71674,200602.0
1732593600,0.71704,0.72973,0.69027,0.69335,170961.0
1732608000,0.69328,0.69434,0.64723,0.66435,367739.0
1732622400,0.66048,0.6742,0.65121,0.65725,281729.0
1732636800,0.65483,0.67142,0.64136,0.65443,243318.0
1732651200,0.65547,0.68328,0.65238,0.68152,100120.0
1732665600,0.68134,0.70503,0.67567,0.68991,100553.0
1732680000,0.69046,0.71625,0.69046,0.70378,71649.0
1732694400,0.70352,0.71409,0.69317,0.6972,62583.0
1732708800,0.69705,0.71905,0.68437,0.7129,90254.0
1732723200,0.71626,0.73231,0.71139,0.72258,92345.0
1732737600,0.72339,0.73145,0.71683,0.72947,69732.0
1732752000,0.72965,0.76386,0.72355,0.72909,267089.0
1732766400,0.72907,0.74846,0.72375,0.7331,136650.0
1732780800,0.73406,0.73802,0.71779,0.72908,147063.0
1732795200,0.72758,0.73761,0.71343,0.72476,159966.0
1732809600,0.72488,0.74713,0.72103,0.73567,135163.0
1732824000,0.73435,0.74764,0.72458,0.73708,67127.0
1732838400,0.73698,0.75676,0.72586,0.75045,128463.0
1732852800,0.7506,0.75834,0.71833,0.71833,360703.0
1732867200,0.71833,0.73837,0.71833,0.73428,41100.0
1732881600,0.73264,0.73881,0.72408,0.72576,181731.0
1732896000,0.72766,0.7354,0.71379,0.72215,93980.0
1732910400,0.72172,0.73611,0.72044,0.72746,89526.0
1732924800,0.72584,0.75684,0.71639,0.75614,92137.0
1732939200,0.75741,0.77052,0.75192,0.76442,128579.0
1732953600,0.76499,0.76522,0.73881,0.75764,148268.0
1732968000,0.75743,0.78753,0.74506,0.75912,141595.0
1732982400,0.76258,0.78338,0.76111,0.7744,101652.0
1732996800,0.77413,0.79184,0.77413,0.77865,69117.0
1733011200,0.77601,0.79571,0.76146,0.78094,157660.0
1733025600,0.78125,0.79719,0.76931,0.77168,119139.0
1733040000,0.7705,0.77193,0.75165,0.7648,104453.0
1733054400,0.76277,0.77993,0.75776,0.77689,172343.0
1733068800,0.77656,0.81577,0.77509,0.78797,189029.0
1733083200,0.78685,0.79274,0.76979,0.78136,86475.0
1733097600,0.78126,0.78848,0.73738,0.74198,176327.0
1733112000,0.74172,0.7433,0.70153,0.73107,181704.0
1733126400,0.72868,0.73041,0.67607,0.6991,291776.0
1733140800,0.69852,0.73061,0.69548,0.72468,87637.0
1733155200,0.72457,0.7274,0.68789,0.70505,386058.0
1733169600,0.70486,0.73303,0.70387,0.73266,83178.0
1733184000,0.73049,0.74529,0.72528,0.73033,127916.0
1733198400,0.73009,0.77275,0.72843,0.75821,97083.0
1733212800,0.7577,0.76465,0.73091,0.74344,219802.0
1733227200,0.74339,0.74353,0.67966,0.72898,309361.0
1733241600,0.72959,0.75207,0.72395,0.74863,250996.0
1733256000,0.74922,0.76625,0.74681,0.75606,111962.0
1733270400,0.75702,0.77441,0.7438,0.75347,223463.0
1733284800,0.75363,0.77399,0.7524,0.76892,79459.0
1733299200,0.7708,0.78276,0.76358,0.77552,80335.0
1733313600,0.77481,0.79853,0.75689,0.77658,380899.0
1733328000,0.77817,0.77839,0.73667,0.76603,214402.0
1733342400,0.76545,0.77438,0.74355,0.76435,92499.0
1733356800,0.76316,0.77108,0.71786,0.74906,171784.0
1733371200,0.7508,0.77522,0.7488,0.76806,88993.0
1733385600,0.76697,0.77251,0.75594,0.77227,67346.0
1733400000,0.77296,0.82897,0.77159,0.80924,548674.0
1733414400,0.81148,0.83596,0.79217,0.82076,425526.0
1733428800,0.81821,0.84697,0.78031,0.81829,276679.0
1733443200,0.81831,0.83271,0.80227,0.82558,442718.0
1733457600,0.82569,0.83496,0.80643,0.83099,99726.0
1733472000,0.83018,0.84764,0.79602,0.80235,152124.0
1733486400,0.80369,0.81803,0.77424,0.80429,167766.0
1733500800,0.806,0.81562,0.79703,0.80873,116282.0
1733515200,0.80815,0.81087,0.78968,0.79442,50460.0
1733529600,0.7935,0.80803,0.79075,0.80511,30328.0
1733544000,0.80413,0.81359,0.79921,0.80883,64328.0
1733558400,0.80849,0.9,0.80699,0.88019,832653.0
1733572800,0.87969,0.94523,0.85356,0.91779,456564.0
1733587200,0.91691,0.92544,0.87745,0.88894,199005.0
1733601600,0.88963,0.89476,0.86142,0.86142,97002.0
1733616000,0.86097,0.88471,0.8587,0.88447,84260.0
1733630400,0.88393,0.88631,0.85723,0.86631,141483.0
1733644800,0.86705,0.86705,0.83111,0.85086,150231.0
1733659200,0.84916,0.86119,0.84133,0.8602,98644.0
1733673600,0.86216,0.87005,0.8432,0.85053,69689.0
1733688000,0.85297,0.85685,0.84666,0.85359,54327.0
1733702400,0.85295,0.85295,0.81749,0.82598,290164.0
1733716800,0.82543,0.86814,0.81939,0.86733,136802.0
1733731200,0.86719,0.87445,0.82583,0.86432,494763.0
1733745600,0.86105,0.92209,0.84043,0.88172,674027.0
1733760000,0.88418,0.90911,0.87252,0.8786,242019.0
1733774400,0.87901,0.88042,0.61095,0.72325,1111336.0
1733788800,0.71936,0.74273,0.64807,0.68899,817474.0
1733803200,0.69184,0.71075,0.67505,0.69935,182470.0
1733817600,0.69879,0.70327,0.67788,0.68458,278209.0
1733832000,0.68627,0.68627,0.62137,0.62373,708934.0
1733846400,0.62292,0.65607,0.61684,0.65607,512468.0
1733860800,0.65585,0.68679,0.65197,0.67903,115191.0
1733875200,0.67856,0.6849,0.65664,0.67775,243748.0
1733889600,0.67906,0.68348,0.6686,0.675,55409.0
1733904000,0.67273,0.71572,0.67239,0.70856,117812.0
1733918400,0.70734,0.75775,0.70705,0.75503,277638.0
1733932800,0.75852,0.7726,0.74098,0.75855,262219.0
1733947200,0.75979,0.7647,0.74759,0.76191,35334.0
1733961600,0.7637,0.78857,0.75702,0.77472,47809.0
1733976000,0.77419,0.77908,0.76347,0.76524,144312.0
1733990400,0.76476,0.77147,0.74682,0.75151,141186.0
1734004800,0.75278,0.7735,0.75278,0.76385,168008.0
1734019200,0.76753,0.77312,0.74135,0.74488,95163.0
1734033600,0.74684,0.76144,0.73864,0.75121,60592.0
1734048000,0.75224,0.7602,0.73221,0.75821,74432.0
1734062400,0.75966,0.75995,0.73147,0.73882,71619.0
1734076800,0.73878,0.75672,0.73679,0.74633,94426.0
1734091200,0.74518,0.75544,0.73193,0.73293,139508.0
1734105600,0.73651,0.74201,0.72766,0.73518,133624.0
1734120000,0.73487,0.74781,0.73123,0.74551,43232.0
1734134400,0.74469,0.75705,0.74017,0.74117,40807.0
1734148800,0.74102,0.7467,0.73259,0.73269,37875.0
1734163200,0.73491,0.73788,0.71802,0.7219,63258.0
1734177600,0.72212,0.72279,0.69208,0.70235,139133.0
1734192000,0.70168,0.70497,0.68648,0.69732,129707.0
1734206400,0.69644,0.70498,0.68715,0.70253,24884.0
1734220800,0.7021,0.70754,0.69139,0.69139,61911.0
1734235200,0.69223,0.70336,0.67629,0.68133,132935.0
1734249600,0.68209,0.6986,0.68203,0.69587,37889.0
1734264000,0.69681,0.71359,0.6941,0.71034,67751.0
1734278400,0.71072,0.71591,0.70151,0.70941,25229.0
1734292800,0.70971,0.71882,0.68768,0.71582,93805.0
1734307200,0.71591,0.72976,0.70194,0.70494,45985.0
1734321600,0.70503,0.71377,0.70064,0.70475,60562.0
1734336000,0.70535,0.70618,0.67274,0.67295,177302.0
1734350400,0.67308,0.6903,0.67308,0.68736,123575.0
1734364800,0.68751,0.70597,0.68518,0.69555,70017.0
1734379200,0.69615,0.70407,0.68795,0.69056,63543.0
1734393600,0.69015,0.69015,0.67572,0.68645,62118.0
1734408000,0.68622,0.68622,0.67109,0.67466,57665.0
1734422400,0.67442,0.6908,0.67442,0.68727,39050.0
1734436800,0.68793,0.69402,0.64282,0.64963,224043.0
1734451200,0.64776,0.67403,0.64451,0.66385,59736.0
1734465600,0.66721,0.66721,0.6401,0.6452,138966.0
1734480000,0.64923,0.64923,0.63494,0.64058,72653.0
1734494400,0.63913,0.6427,0.62775,0.63667,94771.0
1734508800,0.63708,0.64793,0.63364,0.64617,41849.0
1734523200,0.64626,0.64626,0.62896,0.63797,35664.0
1734537600,0.63734,0.6487,0.62414,0.62414,149047.0
1734552000,0.62442,0.62768,0.57023,0.57943,463258.0
1734566400,0.57914,0.58514,0.5338,0.5787,482858.0
1734580800,0.57806,0.58139,0.56392,0.56628,85865.0
1734595200,0.5659,0.57523,0.55871,0.5665,105766.0
1734609600,0.56649,0.56892,0.5336,0.54479,321344.0
1734624000,0.54203,0.55226,0.49883,0.51245,731436.0
1734638400,0.51209,0.53316,0.49749,0.51576,203250.0
1734652800,0.51864,0.55436,0.5091,0.54486,125965.0
1734667200,0.54605,0.55009,0.52354,0.53395,173444.0
1734681600,0.5344,0.53494,0.46689,0.46727,1358649.0
1734696000,0.46847,0.51938,0.46788,0.51678,613621.0
1734710400,0.51443,0.55067,0.51443,0.54479,59712.0
1734724800,0.54412,0.55765,0.53652,0.55409,41211.0
1734739200,0.5542,0.57438,0.55181,0.55408,47989.0
1734753600,0.55457,0.5841,0.55337,0.57686,21006.0
1734768000,0.57636,0.5785,0.55461,0.55986,84279.0
1734782400,0.56114,0.56114,0.5225,0.5418,131920.0
1734796800,0.54197,0.54223,0.51195,0.51909,92812.0
1734811200,0.5225,0.52709,0.51313,0.51929,79917.0
1734825600,0.51832,0.53015,0.51324,0.52236,35517.0
1734840000,0.52351,0.52911,0.50486,0.52607,40366.0
1734854400,0.52597,0.54688,0.52597,0.5425,30070.0
1734868800,0.54387,0.55686,0.5245,0.53496,70321.0
1734883200,0.53481,0.54271,0.51835,0.51835,51003.0
1734897600,0.51895,0.53886,0.51266,0.53155,174569.0
1734912000,0.53115,0.55148,0.52041,0.54968,182266.0
1734926400,0.54972,0.55148,0.53049,0.53977,186981.0
1734940800,0.54012,0.5449,0.53651,0.53856,346598.0
1734955200,0.53965,0.54449,0.52978,0.53128,94003.0
1734969600,0.53123,0.54986,0.53094,0.54513,93209.0
1734984000,0.54571,0.57087,0.54571,0.56296,146680.0
1734998400,0.56277,0.5648,0.5478,0.56005,34801.0
1735012800,0.55926,0.57308,0.55772,0.5596,54900.0
1735027200,0.55915,0.56494,0.55689,0.56363,35445.0
1735041600,0.56438,0.58648,0.56134,0.5814,72241.0
1735056000,0.58088,0.58413,0.57397,0.57397,37660.0
1735070400,0.57366,0.58208,0.56719,0.5813,28802.0
1735084800,0.57973,0.59132,0.57918,0.58278,21180.0
1735099200,0.58325,0.58652,0.56905,0.57007,30454.0
1735113600,0.57107,0.57713,0.56232,0.56281,134215.0
1735128000,0.56466,0.57057,0.56102,0.56342,61093.0
1735142400,0.56528,0.5657,0.55671,0.56374,22303.0
1735156800,0.56432,0.56562,0.55232,0.56141,36067.0
1735171200,0.56124,0.56792,0.54926,0.55015,70307.0
1735185600,0.54897,0.54897,0.53977,0.54314,56073.0
1735200000,0.54329,0.54492,0.52597,0.53426,60009.0
1735214400,0.53364,0.53699,0.52783,0.52974,35672.0
1735228800,0.52982,0.53433,0.52,0.52693,45470.0
1735243200,0.52732,0.52997,0.51803,0.52631,12826.0
1735257600,0.52638,0.53497,0.52389,0.52896,34813.0
1735272000,0.53106,0.53612,0.523,0.52711,136248.0
1735286400,0.53149,0.56081,0.53099,0.55494,52131.0
1735300800,0.55604,0.55604,0.53099,0.53587,87663.0
1735315200,0.53677,0.54841,0.5303,0.54192,25474.0
1735329600,0.54267,0.54292,0.5251,0.53323,18182.0
1735344000,0.53363,0.53482,0.52535,0.53372,16093.0
1735358400,0.53462,0.53617,0.52389,0.52502,21588.0
1735372800,0.52333,0.53081,0.52292,0.5272,27662.0
1735387200,0.5266,0.54021,0.51926,0.53212,34516.0
1735401600,0.53412,0.5451,0.53247,0.53768,19303.0
1735416000,0.53888,0.54569,0.53701,0.54167,45122.0
1735430400,0.54115,0.54169,0.53341,0.53879,24600.0
1735444800,0.53916,0.5404,0.53201,0.53995,13145.0
1735459200,0.54081,0.54106,0.53385,0.5343,13179.0
1735473600,0.53464,0.53841,0.52806,0.5309,38152.0
1735488000,0.52954,0.53027,0.51577,0.52009,126493.0
1735502400,0.51957,0.52006,0.50895,0.51539,21828.0
1735516800,0.51471,0.53525,0.51251,0.52959,32778.0
1735531200,0.52976,0.54572,0.52976,0.53778,81939.0
1735545600,0.53862,0.54236,0.53132,0.53681,56267.0
1735560000,0.53638,0.5465,0.52234,0.52518,178583.0
1735574400,0.52487,0.54447,0.51415,0.54175,84303.0
1735588800,0.54225,0.5453,0.51878,0.52659,168551.0
1735603200,0.52661,0.52661,0.50992,0.51155,67320.0
1735617600,0.51199,0.51423,0.50208,0.51017,53924.0
1735632000,0.51008,0.52947,0.51008,0.5283,63804.0
1735646400,0.5283,0.5403,0.52282,0.53506,85612.0
1735660800,0.53866,0.54076,0.52232,0.52813,51904.0
1735675200,0.52858,0.53182,0.52203,0.52387,79503.0
1735689600,0.52387,0.53716,0.52387,0.52621,20089.0
1735704000,0.52643,0.53526,0.5207,0.52543,51078.0
1735718400,0.52526,0.52667,0.51176,0.52371,20648.0
1735732800,0.52311,0.53222,0.52111,0.53222,24778.0
1735747200,0.53212,0.53668,0.52465,0.53626,27435.0
1735761600,0.53606,0.53898,0.53281,0.53691,54743.0
1735776000,0.53692,0.54376,0.5358,0.54267,23159.0
1735790400,0.54379,0.55085,0.54255,0.54935,19578.0
1735804800,0.55135,0.5562,0.54835,0.55383,18516.0
1735819200,0.55432,0.55676,0.54764,0.54899,77227.0
1735833600,0.55048,0.55136,0.54197,0.54299,40897.0
1735848000,0.5439,0.54605,0.53667,0.54416,20914.0
1735862400,0.54527,0.54574,0.53709,0.54105,38092.0
1735876800,0.54051,0.54051,0.53172,0.53269,34914.0
1735891200,0.53291,0.55329,0.5328,0.55084,30612.0
1735905600,0.5503,0.56511,0.54861,0.56472,37845.0
1735920000,0.56642,0.57565,0.56598,0.57171,57385.0
1735934400,0.57192,0.57431,0.5663,0.57431,26111.0
1735948800,0.57421,0.57609,0.56565,0.572,38462.0
1735963200,0.57163,0.58118,0.56588,0.57664,26289.0
1735977600,0.57739,0.57739,0.56371,0.56838,32085.0
1735992000,0.56825,0.57628,0.5586,0.56062,122368.0
1736006400,0.56184,0.56791,0.55943,0.56661,20750.0
1736020800,0.56672,0.57167,0.56611,0.56834,18711.0
1736035200,0.56883,0.56981,0.56045,0.56722,23546.0
1736049600,0.56859,0.56949,0.56352,0.56495,21879.0
1736064000,0.56521,0.56521,0.55459,0.5593,42720.0
1736078400,0.55936,0.56302,0.55174,0.55797,25187.0
1736092800,0.55775,0.56091,0.55359,0.56029,15824.0
1736107200,0.56142,0.56887,0.56024,0.56574,14011.0
1736121600,0.56666,0.57169,0.55198,0.5685,28180.0
1736136000,0.5693,0.57025,0.56019,0.56386,23154.0
1736150400,0.56408,0.56691,0.55576,0.56636,17206.0
1736164800,0.56761,0.57863,0.55856,0.57717,88694.0
1736179200,0.58003,0.58607,0.56935,0.57344,74690.0
1736193600,0.57383,0.5741,0.56282,0.56758,34473.0
1736208000,0.56515,0.57119,0.55882,0.56321,46199.0
1736222400,0.56326,0.56507,0.55977,0.56184,50225.0
1736236800,0.56229,0.56918,0.552,0.55629,60854.0
1736251200,0.55605,0.56025,0.51513,0.52386,711232.0
1736265600,0.52105,0.52617,0.50794,0.50889,179364.0
1736280000,0.50763,0.51162,0.49847,0.49847,35565.0
1736294400,0.49884,0.50295,0.482,0.4846,90433.0
1736308800,0.48316,0.48339,0.46376,0.47501,140924.0
1736323200,0.47423,0.48237,0.47055,0.47348,34823.0
1736337600,0.47342,0.47946,0.46929,0.47154,83515.0
1736352000,0.47117,0.47264,0.42512,0.43818,599356.0
1736366400,0.43762,0.44702,0.43323,0.44187,102998.0
1736380800,0.44166,0.45166,0.43941,0.44059,110773.0
1736395200,0.44203,0.44316,0.42859,0.43008,111004.0
1736409600,0.4304,0.44671,0.4297,0.44418,74855.0
1736424000,0.44349,0.45485,0.4294,0.45091,181826.0
1736438400,0.45266,0.45386,0.43551,0.43714,205426.0
1736452800,0.43838,0.44445,0.4288,0.44243,136791.0
1736467200,0.44467,0.44996,0.43968,0.44785,51106.0
1736481600,0.44922,0.46789,0.44583,0.46577,72932.0
1736496000,0.46704,0.46704,0.45657,0.45958,90694.0
1736510400,0.46017,0.46176,0.44412,0.45412,369087.0
1736524800,0.45339,0.46328,0.44793,0.46111,94880.0
1736539200,0.45991,0.46436,0.45618,0.46295,67569.0
1736553600,0.4624,0.46726,0.4574,0.45861,61698.0
1736568000,0.45888,0.46349,0.45225,0.45473,65487.0
1736582400,0.45662,0.45904,0.45098,0.45867,25506.0
1736596800,0.45945,0.45948,0.45106,0.45276,15081.0
1736611200,0.45263,0.45504,0.44831,0.45017,24301.0
1736625600,0.45016,0.46399,0.4497,0.45411,32719.0
1736640000,0.45398,0.46287,0.45264,0.45785,42487.0
1736654400,0.4581,0.45928,0.44498,0.45301,19980.0
1736668800,0.45283,0.45419,0.44522,0.45112,37660.0
1736683200,0.45089,0.45635,0.44828,0.45536,28681.0
1736697600,0.45612,0.45631,0.44893,0.44932,16494.0
1736712000,0.44965,0.45074,0.43806,0.44419,56878.0
1736726400,0.44307,0.45829,0.42956,0.43238,53210.0
1736740800,0.42987,0.43875,0.41685,0.42365,197461.0
1736755200,0.42318,0.42362,0.3917,0.3917,206577.0
1736769600,0.39249,0.41579,0.39117,0.40963,125094.0
1736784000,0.40944,0.41105,0.38748,0.39867,203472.0
1736798400,0.39884,0.42355,0.39651,0.42078,109078.0
1736812800,0.42071,0.43112,0.42071,0.4251,50782.0
1736827200,0.42583,0.43152,0.42445,0.4247,33454.0
1736841600,0.42555,0.43955,0.42555,0.43055,41108.0
1736856000,0.43203,0.4377,0.42779,0.43206,121212.0
1736870400,0.43142,0.4391,0.42829,0.43703,45112.0
1736884800,0.43752,0.44932,0.43379,0.44201,41420.0
1736899200,0.44361,0.44742,0.43816,0.44201,50769.0
1736913600,0.44354,0.44487,0.43865,0.44132,29921.0
1736928000,0.44199,0.44423,0.42655,0.43026,77811.0
1736942400,0.43095,0.45929,0.42806,0.45685,83529.0
1736956800,0.45947,0.46457,0.45202,0.46448,53719.0
1736971200,0.46572,0.46841,0.46135,0.46669,74940.0
1736985600,0.469,0.469,0.45444,0.45635,198143.0
1737000000,0.45681,0.45909,0.45224,0.45871,26147.0
1737014400,0.45858,0.45922,0.44656,0.45428,62680.0
1737028800,0.45461,0.46275,0.43849,0.45138,555288.0
1737043200,0.45235,0.45865,0.45171,0.45732,107116.0
1737057600,0.45796,0.4584,0.44147,0.44504,100980.0
1737072000,0.44593,0.46384,0.44593,0.45776,41788.0
1737086400,0.45857,0.46128,0.45639,0.45912,60902.0
1737100800,0.45984,0.47023,0.45984,0.46754,46420.0
1737115200,0.46696,0.47118,0.46228,0.46764,157498.0
1737129600,0.46862,0.48285,0.46447,0.4791,615270.0
1737144000,0.47901,0.49263,0.47875,0.48651,322289.0
1737158400,0.4862,0.4999,0.47157,0.47394,287659.0
1737172800,0.47319,0.47445,0.43764,0.43937,493776.0
1737187200,0.43933,0.44481,0.42725,0.44366,653046.0
1737201600,0.44324,0.44579,0.42771,0.43015,94361.0
1737216000,0.43001,0.43337,0.41512,0.42271,214229.0
1737230400,0.42334,0.43209,0.4182,0.4303,77418.0
1737244800,0.43144,0.45267,0.43081,0.44253,169616.0
1737259200,0.44069,0.44372,0.42199,0.4236,114019.0
1737273600,0.42245,0.42245,0.37886,0.38064,589914.0
1737288000,0.38065,0.41355,0.38065,0.41141,1012746.0
1737302400,0.41054,0.42613,0.40766,0.42528,199817.0
1737316800,0.42654,0.43094,0.35632,0.36212,987042.0
1737331200,0.36101,0.36105,0.33411,0.33957,1375776.0
1737345600,0.339,0.37957,0.33703,0.36707,1327864.0
1737360000,0.36753,0.37718,0.35537,0.36043,398657.0
1737374400,0.3597,0.3597,0.34094,0.34429,461809.0
1737388800,0.34443,0.35269,0.3204,0.33606,1642907.0
1737403200,0.33585,0.34424,0.33006,0.33656,209483.0
1737417600,0.33701,0.34072,0.32324,0.32697,347580.0
1737432000,0.32463,0.33066,0.31422,0.32695,426615.0
1737446400,0.32648,0.34644,0.32478,0.34335,1543725.0
1737460800,0.34114,0.3479,0.33646,0.34228,344232.0
1737475200,0.34229,0.35629,0.34165,0.34806,174791.0
1737489600,0.34879,0.3491,0.3406,0.34537,84953.0
1737504000,0.34522,0.34807,0.34043,0.34665,87702.0
1737518400,0.34761,0.34822,0.34261,0.3452,88490.0
1737532800,0.34555,0.35378,0.34145,0.35314,63795.0
1737547200,0.35328,0.35328,0.34236,0.34679,76499.0
1737561600,0.34663,0.35272,0.34269,0.34546,95036.0
1737576000,0.34613,0.348,0.33683,0.33889,69972.0
1737590400,0.33876,0.34072,0.3304,0.3348,62297.0
1737604800,0.33475,0.34099,0.33119,0.33999,80695.0
1737619200,0.33958,0.34042,0.33153,0.33499,35299.0
1737633600,0.33477,0.34221,0.32753,0.33748,365331.0
1737648000,0.33906,0.34454,0.32079,0.32169,94213.0
1737662400,0.32227,0.3373,0.32029,0.33512,157553.0
1737676800,0.33588,0.33636,0.31441,0.32184,73946.0
1737691200,0.32193,0.33686,0.32032,0.33326,172572.0
1737705600,0.33371,0.34183,0.33218,0.34142,84150.0
1737720000,0.34174,0.34323,0.33357,0.33545,78644.0
1737734400,0.33554,0.3387,0.33167,0.33271,22666.0
1737748800,0.33345,0.33424,0.31823,0.32016,32024.0
1737763200,0.32009,0.32346,0.30974,0.32315,29261.0
1737777600,0.32108,0.32579,0.31726,0.31774,125496.0
1737792000,0.31816,0.32411,0.31401,0.32301,52346.0
1737806400,0.32291,0.32874,0.31929,0.32868,78625.0
1737820800,0.32863,0.32966,0.32324,0.32411,28833.0
1737835200,0.32497,0.32684,0.32151,0.32162,35715.0
1737849600,0.32161,0.32966,0.32057,0.32821,106945.0
1737864000,0.3283,0.33083,0.3253,0.32686,73635.0
1737878400,0.32711,0.33005,0.32327,0.32975,35391.0
1737892800,0.32973,0.3344,0.32773,0.33197,21409.0
1737907200,0.33222,0.33799,0.33021,0.33764,21357.0
1737921600,0.33783,0.33798,0.31709,0.31729,222106.0
1737936000,0.31678,0.31678,0.29129,0.2973,123296.0
1737950400,0.29724,0.29793,0.26152,0.27173,399230.0
1737964800,0.27089,0.27896,0.26502,0.27389,777020.0
1737979200,0.27415,0.29037,0.27205,0.2884,203626.0
1737993600,0.28835,0.29062,0.27567,0.2777,36511.0
1738008000,0.27886,0.29751,0.27886,0.29406,88038.0
1738022400,0.29427,0.29796,0.28984,0.29536,93920.0
1738036800,0.29632,0.29838,0.28975,0.29047,22379.0
1738051200,0.29091,0.29259,0.28625,0.28794,296343.0
1738065600,0.28802,0.29086,0.28439,0.28599,70523.0
1738080000,0.28553,0.28553,0.27402,0.27591,100862.0
1738094400,0.27591,0.27933,0.258,0.26293,45157.0
1738108800,0.2621,0.27539,0.26073,0.27258,122363.0
1738123200,0.27315,0.28254,0.27103,0.28195,137980.0
1738137600,0.28406,0.28447,0.27694,0.27873,49710.0
1738152000,0.27923,0.28009,0.26946,0.27248,66390.0
1738166400,0.27253,0.28761,0.26902,0.28422,460632.0
1738180800,0.28191,0.29337,0.27964,0.28043,387616.0
1738195200,0.28109,0.29319,0.27767,0.29319,87281.0
1738209600,0.29313,0.29474,0.28817,0.29135,99850.0
1738224000,0.29233,0.29246,0.28746,0.28888,79230.0
1738238400,0.2893,0.29675,0.28684,0.29368,108640.0
1738252800,0.29392,0.29785,0.28788,0.29102,65244.0
1738267200,0.29131,0.29131,0.28608,0.28699,35932.0
1738281600,0.28755,0.29309,0.28339,0.28708,77736.0
1738296000,0.28702,0.29135,0.28361,0.28835,74152.0
1738310400,0.28903,0.29895,0.28455,0.29892,98666.0
1738324800,0.29888,0.31196,0.29765,0.3104,195517.0
1738339200,0.31048,0.31399,0.29079,0.2957,98027.0
1738353600,0.29475,0.29504,0.28826,0.29125,46852.0
1738368000,0.29135,0.30166,0.29006,0.29515,70225.0
1738382400,0.29529,0.2999,0.29004,0.29105,52520.0
1738396800,0.29177,0.29264,0.27877,0.28658,139988.0
1738411200,0.28644,0.29091,0.28043,0.28367,80143.0
1738425600,0.28266,0.28533,0.26407,0.26514,65720.0
1738440000,0.26475,0.26475,0.24368,0.24645,127964.0
1738454400,0.24588,0.25591,0.23825,0.24003,124063.0
1738468800,0.2401,0.25187,0.2401,0.2493,112608.0
1738483200,0.24921,0.25454,0.24193,0.24246,287392.0
1738497600,0.24235,0.25132,0.24235,0.24587,220766.0
1738512000,0.24649,0.24659,0.20193,0.21256,1012426.0
1738526400,0.21224,0.22071,0.19177,0.20618,549195.0
1738540800,0.20619,0.20623,0.14019,0.16028,5388428.0
1738555200,0.1605,0.17943,0.1524,0.17874,2395835.0
1738569600,0.17763,0.18852,0.17277,0.18297,528115.0
1738584000,0.18312,0.1939,0.17253,0.19163,1270384.0
1738598400,0.19133,0.19706,0.18923,0.19672,291688.0
1738612800,0.19627,0.20666,0.19392,0.20191,130882.0
1738627200,0.20163,0.2047,0.19145,0.19453,75463.0
1738641600,0.19436,0.1996,0.1774,0.17815,331021.0
1738656000,0.17773,0.18781,0.17712,0.18469,404826.0
1738670400,0.18548,0.19418,0.18531,0.19193,528721.0
1738684800,0.19228,0.19803,0.18868,0.18868,254160.0
1738699200,0.18776,0.19292,0.18183,0.1896,388527.0
1738713600,0.18901,0.19478,0.18901,0.1934,156256.0
1738728000,0.1924,0.19699,0.19112,0.19309,142836.0
1738742400,0.19333,0.19703,0.18991,0.1945,447825.0
1738756800,0.19404,0.19669,0.19001,0.19421,257686.0
1738771200,0.19503,0.19573,0.18529,0.19027,142638.0
1738785600,0.19063,0.19152,0.18262,0.18618,163308.0
1738800000,0.18713,0.18868,0.18382,0.1861,83990.0
1738814400,0.18636,0.18886,0.1838,0.18472,115939.0
1738828800,0.18488,0.18578,0.17938,0.1816,105064.0
1738843200,0.18142,0.18312,0.16789,0.16932,379413.0
1738857600,0.16927,0.17484,0.16684,0.16856,415967.0
1738872000,0.16771,0.17238,0.16579,0.16797,344258.0
1738886400,0.16754,0.17476,0.16754,0.17003,238663.0
1738900800,0.1703,0.17237,0.16603,0.17113,64834.0
1738915200,0.17074,0.17406,0.17017,0.17293,119986.0
1738929600,0.17318,0.18145,0.17097,0.17514,313938.0
1738944000,0.17475,0.17475,0.16851,0.16984,93963.0
1738958400,0.16975,0.16975,0.15726,0.16426,111791.0
1738972800,0.1635,0.16993,0.1635,0.16895,120003.0
1738987200,0.16891,0.17256,0.16636,0.17151,103063.0
1739001600,0.17109,0.17237,0.16868,0.17092,142886.0
1739016000,0.17084,0.17907,0.16936,0.17505,93367.0
1739030400,0.17561,0.18316,0.17499,0.18065,126137.0
1739044800,0.18128,0.18128,0.17714,0.1796,44133.0
1739059200,0.17943,0.1842,0.17773,0.18277,276797.0
1739073600,0.18237,0.18958,0.17906,0.18338,187426.0
1739088000,0.18345,0.18496,0.1811,0.18242,289721.0
1739102400,0.1825,0.18568,0.17544,0.17925,88507.0
1739116800,0.17877,0.17988,0.17369,0.17431,69748.0
1739131200,0.1746,0.17618,0.16367,0.17416,105002.0
1739145600,0.17433,0.1796,0.16671,0.17548,333709.0
1739160000,0.17547,0.17922,0.17383,0.17447,170627.0
1739174400,0.17481,0.17798,0.17402,0.17541,425448.0
1739188800,0.17541,0.18124,0.17379,0.17905,146441.0
1739203200,0.17905,0.18162,0.17833,0.17905,272768.0
1739217600,0.17904,0.18115,0.17791,0.17909,139020.0
1739232000,0.17963,0.18572,0.17914,0.18172,91559.0
1739246400,0.1816,0.19062,0.18128,0.18829,176385.0
1739260800,0.1887,0.1917,0.18441,0.18657,280311.0
1739275200,0.18626,0.18635,0.17732,0.18022,373217.0
1739289600,0.17995,0.18275,0.1757,0.17642,122713.0
1739304000,0.17654,0.17837,0.17395,0.1777,69049.0
1739318400,0.17781,0.18071,0.17486,0.17669,95220.0
1739332800,0.17677,0.17812,0.17422,0.17652,53076.0
1739347200,0.17648,0.17805,0.17402,0.17615,204456.0
1739361600,0.17613,0.1789,0.16695,0.17437,473903.0
1739376000,0.175,0.18679,0.17145,0.18497,457989.0
1739390400,0.18507,0.19137,0.18343,0.19029,226722.0
1739404800,0.19118,0.19477,0.1902,0.19444,183955.0
1739419200,0.19374,0.19401,0.18633,0.18665,80391.0
1739433600,0.18631,0.19057,0.18411,0.18847,221315.0
1739448000,0.18857,0.19184,0.18604,0.18926,253156.0
1739462400,0.18887,0.19676,0.18338,0.18439,603137.0
1739476800,0.18504,0.18639,0.1812,0.18182,58642.0
1739491200,0.18213,0.18561,0.179,0.18468,141014.0
1739505600,0.18449,0.18603,0.18048,0.18244,111241.0
1739520000,0.18266,0.1916,0.18194,0.18806,293275.0
1739534400,0.18818,0.19389,0.1868,0.19195,148297.0
1739548800,0.19226,0.20574,0.19017,0.20337,387885.0
1739563200,0.20295,0.20439,0.19037,0.19547,106337.0
1739577600,0.19474,0.19618,0.19257,0.19405,101738.0
1739592000,0.19415,0.19519,0.18988,0.19155,57929.0
1739606400,0.19174,0.19424,0.18835,0.18871,97357.0
1739620800,0.1887,0.18947,0.18125,0.18192,75127.0
1739635200,0.18216,0.18397,0.18035,0.18223,71916.0
1739649600,0.18202,0.18452,0.18072,0.18277,130798.0
1739664000,0.1824,0.18472,0.17926,0.18174,65783.0
1739678400,0.18162,0.18386,0.18016,0.18067,130941.0
1739692800,0.1809,0.18714,0.18019,0.18607,321619.0
1739707200,0.1857,0.18668,0.17941,0.18248,70222.0
1739721600,0.18255,0.1836,0.17807,0.18043,78729.0
1739736000,0.18018,0.18225,0.17776,0.18081,130229.0
1739750400,0.18108,0.18365,0.17985,0.18324,100483.0
1739764800,0.18323,0.18404,0.1762,0.17712,132380.0
1739779200,0.17692,0.18348,0.17613,0.18263,116199.0
1739793600,0.18295,0.18654,0.17686,0.17718,217099.0
1739808000,0.17726,0.17847,0.16896,0.17206,65505.0
1739822400,0.17203,0.17936,0.17203,0.17792,143440.0
1739836800,0.17793,0.17879,0.17504,0.17589,79845.0
1739851200,0.17569,0.17639,0.16529,0.16722,146143.0
1739865600,0.16719,0.17017,0.1643,0.16968,155230.0
1739880000,0.16945,0.17175,0.16076,0.16093,166602.0
1739894400,0.16165,0.16353,0.15761,0.16203,220412.0
1739908800,0.16205,0.16875,0.16106,0.16862,147561.0
1739923200,0.16838,0.17004,0.16638,0.16836,74693.0
1739937600,0.16837,0.17274,0.16546,0.17184,66822.0
1739952000,0.17154,0.17295,0.17015,0.17106,79681.0
1739966400,0.17128,0.17147,0.16713,0.1677,94033.0
1739980800,0.16774,0.17086,0.16667,0.16822,154451.0
1739995200,0.16837,0.16936,0.1653,0.16839,57048.0
1740009600,0.16857,0.17146,0.16746,0.17113,148787.0
1740024000,0.17143,0.1732,0.16854,0.16922,69105.0
1740038400,0.16919,0.17316,0.16887,0.17255,135768.0
1740052800,0.17299,0.17352,0.16881,0.16881,80287.0
1740067200,0.16882,0.17581,0.16861,0.17553,91100.0
1740081600,0.17573,0.17921,0.17516,0.17835,268306.0
1740096000,0.1785,0.17932,0.17527,0.17797,76577.0
1740110400,0.17836,0.18201,0.17836,0.18067,60234.0
1740124800,0.18103,0.19081,0.18065,0.18976,323874.0
1740139200,0.19046,0.19589,0.18327,0.18468,253698.0
1740153600,0.18413,0.18946,0.17349,0.1747,109633.0
1740168000,0.17481,0.17973,0.17475,0.17776,73899.0
1740182400,0.17735,0.18294,0.17661,0.1785,73198.0
1740196800,0.17845,0.18092,0.17801,0.17984,39732.0
1740211200,0.18022,0.18468,0.17962,0.18414,109280.0
1740225600,0.1847,0.18843,0.1815,0.18763,79528.0
1740240000,0.18771,0.19273,0.18754,0.1882,69939.0
1740254400,0.18831,0.19373,0.18711,0.19237,80374.0
1740268800,0.19261,0.19275,0.18727,0.18756,148981.0
1740283200,0.18769,0.19049,0.18618,0.18989,70790.0
1740297600,0.18997,0.19013,0.18407,0.18421,172382.0
1740312000,0.1841,0.18488,0.17787,0.17837,204125.0
1740326400,0.17821,0.18075,0.17803,0.17893,41319.0
1740340800,0.17887,0.181,0.17794,0.18036,47242.0
1740355200,0.18054,0.18196,0.17387,0.17446,91886.0
1740369600,0.17386,0.17563,0.17157,0.17362,200825.0
1740384000,0.17368,0.17368,0.16912,0.17152,122464.0
1740398400,0.17127,0.17271,0.16534,0.16779,76863.0
1740412800,0.16735,0.16919,0.16258,0.164,78062.0
1740427200,0.16413,0.16631,0.14411,0.14807,246933.0
1740441600,0.14789,0.14948,0.14239,0.14615,204791.0
1740456000,0.14612,0.14959,0.13864,0.14406,561583.0
1740470400,0.14385,0.15288,0.14351,0.15288,367128.0
1740484800,0.15221,0.15747,0.15166,0.15623,672995.0
1740499200,0.15608,0.15754,0.15306,0.15754,191099.0
1740513600,0.15739,0.16108,0.15609,0.15864,228123.0
1740528000,0.15849,0.16376,0.15803,0.16262,123615.0
1740542400,0.1627,0.16449,0.16136,0.16305,178269.0
1740556800,0.16321,0.16515,0.1599,0.1599,303284.0
1740571200,0.16004,0.16819,0.1575,0.1665,163477.0
1740585600,0.16774,0.16785,0.15862,0.1599,432584.0
1740600000,0.15995,0.16925,0.15795,0.16784,234301.0
1740614400,0.16805,0.17287,0.16503,0.17209,173352.0
1740628800,0.17197,0.17483,0.16885,0.17396,124567.0
1740643200,0.1736,0.17823,0.17336,0.17783,342740.0
1740657600,0.17784,0.17892,0.17334,0.17342,351597.0
1740672000,0.17345,0.17452,0.16925,0.16995,108148.0
1740686400,0.16953,0.17259,0.16566,0.17209,330032.0
1740700800,0.17224,0.17314,0.15766,0.15766,453237.0
1740715200,0.15786,0.16412,0.15506,0.16154,201801.0
1740729600,0.16127,0.16836,0.15994,0.16527,212704.0
1740744000,0.16517,0.17712,0.16417,0.17616,254288.0
1740758400,0.17612,0.18202,0.17545,0.17944,90105.0
1740772800,0.17937,0.18254,0.17674,0.17694,109498.0
1740787200,0.1774,0.17988,0.17325,0.17777,57210.0
1740801600,0.17777,0.17878,0.17494,0.17666,90583.0
1740816000,0.17677,0.17725,0.16883,0.16883,76666.0
1740830400,0.16916,0.16944,0.16561,0.16563,74636.0
1740844800,0.16574,0.16658,0.16364,0.16507,128520.0
1740859200,0.16546,0.16926,0.16444,0.16891,64084.0
1740873600,0.16874,0.16975,0.16613,0.16613,58919.0
1740888000,0.16618,0.16927,0.16479,0.16703,91978.0
1740902400,0.16678,0.17363,0.16668,0.17279,48955.0
1740916800,0.17293,0.18028,0.16982,0.17796,143216.0
1740931200,0.17806,0.19287,0.17663,0.19152,258392.0
1740945600,0.19154,0.20073,0.18994,0.19932,73311.0
1740960000,0.19903,0.20004,0.1863,0.18863,191975.0
1740974400,0.18862,0.19377,0.18402,0.18876,94808.0
1740988800,0.18859,0.18974,0.18424,0.18594,177004.0
1741003200,0.18567,0.18682,0.17731,0.17881,393393.0
1741017600,0.17885,0.18018,0.16049,0.16134,630974.0
1741032000,0.16231,0.16389,0.1564,0.1614,191786.0
1741046400,0.16125,0.16304,0.14595,0.15376,817845.0
1741060800,0.15346,0.15835,0.15294,0.15673,93373.0
1741075200,0.15674,0.15964,0.15502,0.15577,299974.0
1741089600,0.15564,0.16009,0.14985,0.15535,563217.0
1741104000,0.1559,0.15707,0.14153,0.15599,355842.0
1741118400,0.15611,0.15936,0.15341,0.15575,224646.0
1741132800,0.15583,0.1569,0.15278,0.15323,74174.0
1741147200,0.15322,0.15436,0.1503,0.15254,112959.0
1741161600,0.1526,0.15961,0.1526,0.1541,299126.0
1741176000,0.15442,0.15502,0.1524,0.15407,181874.0
1741190400,0.15416,0.15871,0.15102,0.15798,137037.0
1741204800,0.15843,0.16,0.15737,0.1574,121659.0
1741219200,0.15767,0.15793,0.15353,0.15618,90920.0
1741233600,0.15623,0.15879,0.15378,0.15435,124604.0
1741248000,0.15433,0.155,0.15267,0.15386,121021.0
1741262400,0.15403,0.15404,0.14893,0.1527,72519.0
1741276800,0.15302,0.15343,0.1455,0.14647,78194.0
1741291200,0.14666,0.1519,0.14615,0.14943,187697.0
1741305600,0.14932,0.15081,0.1395,0.14738,284759.0
1741320000,0.14741,0.14821,0.14472,0.14526,74140.0
1741334400,0.14561,0.1464,0.14281,0.14519,163465.0
1741348800,0.14525,0.14569,0.14114,0.14547,163025.0
1741363200,0.14561,0.14906,0.14172,0.14828,220358.0
1741377600,0.14801,0.14864,0.14061,0.14143,267533.0
1741392000,0.1413,0.14298,0.13833,0.14167,158093.0
1741406400,0.14199,0.14208,0.13919,0.13992,105249.0
1741420800,0.13993,0.14197,0.13323,0.13435,255545.0
1741435200,0.13434,0.13547,0.13056,0.13125,207788.0
1741449600,0.13111,0.13605,0.12878,0.13576,176565.0
1741464000,0.13589,0.13589,0.12908,0.13315,115405.0
1741478400,0.13303,0.13401,0.13107,0.13246,73976.0
1741492800,0.13243,0.13261,0.12749,0.12885,135848.0
1741507200,0.12872,0.12891,0.12606,0.12848,279252.0
1741521600,0.12841,0.1296,0.12353,0.12556,197745.0
1741536000,0.12569,0.12771,0.11825,0.12246,188530.0
1741550400,0.12229,0.12381,0.11953,0.12316,135284.0
1741564800,0.12355,0.12884,0.1234,0.12468,251424.0
1741579200,0.12479,0.13045,0.12454,0.12995,136962.0
1741593600,0.12986,0.13499,0.12798,0.13214,217185.0
1741608000,0.13225,0.13391,0.12511,0.12936,131796.0
1741622400,0.1293,0.12967,0.1166,0.12153,381390.0
1741636800,0.12199,0.12258,0.11847,0.11866,162143.0
1741651200,0.119,0.1203,0.10802,0.11854,516170.0
1741665600,0.11856,0.12275,0.11856,0.12075,204668.0
1741680000,0.12056,0.12324,0.11955,0.12242,98349.0
1741694400,0.12259,0.12395,0.11732,0.12341,183074.0
1741708800,0.12358,0.12836,0.12188,0.12726,310990.0
1741723200,0.12733,0.12736,0.12403,0.12442,73002.0
1741737600,0.12445,0.12645,0.12117,0.12131,81622.0
1741752000,0.12068,0.12526,0.12046,0.12502,66684.0
1741766400,0.12518,0.12839,0.1246,0.12707,283414.0
1741780800,0.12686,0.13139,0.12317,0.12468,192367.0
1741795200,0.1247,0.12798,0.1244,0.12706,147247.0
1741809600,0.12711,0.12977,0.12666,0.12934,84286.0
1741824000,0.12926,0.12976,0.12736,0.12936,83988.0
1741838400,0.12926,0.12976,0.12666,0.12816,118047.0
1741852800,0.12822,0.13189,0.12749,0.13055,165890.0
1741867200,0.13066,0.13236,0.12763,0.13017,185752.0
1741881600,0.13008,0.13021,0.12563,0.12665,176376.0
1741896000,0.12678,0.12908,0.12409,0.12845,81350.0
1741910400,0.12846,0.13127,0.12821,0.13104,164915.0
1741924800,0.13121,0.13179,0.13004,0.1302,60252.0
1741939200,0.13019,0.13448,0.1299,0.13395,168920.0
1741953600,0.13431,0.13967,0.13328,0.13769,143696.0
1741968000,0.13775,0.13794,0.13366,0.13417,78209.0
1741982400,0.13421,0.13517,0.13328,0.13336,125680.0
1741996800,0.13367,0.1337,0.13155,0.13277,70425.0
1742011200,0.13291,0.13357,0.13206,0.13278,93481.0
1742025600,0.13301,0.13418,0.13206,0.13325,69181.0
1742040000,0.13331,0.1498,0.13316,0.1498,414680.0
1742054400,0.14835,0.15226,0.1435,0.14408,421993.0
1742068800,0.14442,0.14961,0.14412,0.14808,620496.0
1742083200,0.148,0.15346,0.14446,0.15302,324383.0
1742097600,0.15316,0.15418,0.1476,0.14993,312464.0
1742112000,0.15055,0.15255,0.1426,0.14332,105622.0
1742126400,0.14354,0.14454,0.1406,0.1435,59410.0
1742140800,0.14338,0.14528,0.14091,0.14113,65364.0
1742155200,0.14104,0.14223,0.13882,0.13892,79615.0
1742169600,0.13884,0.14294,0.13884,0.14264,311242.0
1742184000,0.1426,0.14435,0.1403,0.1424,256638.0
1742198400,0.14229,0.14442,0.14101,0.14339,66721.0
1742212800,0.14468,0.14479,0.13997,0.14197,161889.0
1742227200,0.14206,0.1461,0.1412,0.14407,345969.0
1742241600,0.14424,0.14451,0.14208,0.14271,99480.0
1742256000,0.14259,0.14341,0.13746,0.13785,153483.0
1742270400,0.13798,0.1402,0.1367,0.13755,112976.0
1742284800,0.13755,0.1407,0.1365,0.13727,127121.0
1742299200,0.13721,0.14468,0.137,0.13728,309893.0
1742313600,0.13798,0.14307,0.13731,0.14277,160774.0
1742328000,0.14272,0.1457,0.14271,0.1449,100138.0
1742342400,0.14483,0.1467,0.14321,0.14466,88619.0
1742356800,0.14485,0.14541,0.14118,0.14127,126597.0
1742371200,0.14148,0.1445,0.13972,0.14331,160263.0
1742385600,0.14346,0.14348,0.1405,0.14137,128501.0
1742400000,0.14153,0.14561,0.1392,0.14348,102939.0
1742414400,0.14378,0.1462,0.14328,0.1456,111844.0
1742428800,0.14553,0.1459,0.14172,0.14304,65713.0
1742443200,0.14304,0.14439,0.14231,0.14231,59321.0
1742457600,0.14223,0.14392,0.13911,0.14011,66359.0
1742472000,0.13994,0.14901,0.13973,0.14595,136181.0
1742486400,0.14518,0.14781,0.14262,0.14478,322420.0
1742500800,0.14502,0.14633,0.14397,0.14438,52763.0
1742515200,0.14433,0.15403,0.14433,0.14755,96151.0
1742529600,0.14752,0.15291,0.14655,0.15129,76983.0
1742544000,0.15163,0.16139,0.14915,0.15023,795827.0
1742558400,0.15055,0.15906,0.1493,0.15771,203032.0
1742572800,0.15798,0.15918,0.15307,0.15562,183327.0
1742587200,0.15567,0.15782,0.15426,0.15499,62166.0
1742601600,0.15507,0.16832,0.15383,0.16732,612730.0
1742616000,0.16763,0.1951,0.16686,0.18964,541273.0
1742630400,0.19006,0.19937,0.18134,0.19555,784244.0
1742644800,0.19525,0.19525,0.17286,0.17309,1630050.0
1742659200,0.17211,0.17473,0.16457,0.16548,632395.0
1742673600,0.16518,0.16879,0.15671,0.15767,916202.0
1742688000,0.15767,0.16376,0.15563,0.16167,126033.0
1742702400,0.16083,0.1634,0.1565,0.16216,471535.0
1742716800,0.16321,0.16401,0.15796,0.1603,224605.0
1742731200,0.15995,0.16273,0.15544,0.1569,135154.0
1742745600,0.15689,0.15963,0.15461,0.15928,161834.0
1742760000,0.15927,0.16035,0.15761,0.15848,67409.0
1742774400,0.15842,0.16032,0.1556,0.15846,78618.0
1742788800,0.15872,0.16169,0.15841,0.1595,261152.0
1742803200,0.15961,0.16284,0.15954,0.16185,76394.0
1742817600,0.16203,0.16668,0.16072,0.16668,237573.0
1742832000,0.16652,0.16703,0.16331,0.16612,70835.0
1742846400,0.16585,0.16673,0.16431,0.1661,85684.0
1742860800,0.16594,0.16834,0.16081,0.16112,89714.0
1742875200,0.16094,0.16361,0.15968,0.16207,76428.0
1742889600,0.16223,0.16489,0.16168,0.16449,57428.0
1742904000,0.16417,0.1654,0.16111,0.16259,109952.0
1742918400,0.16264,0.16688,0.16127,0.16575,140445.0
1742932800,0.16598,0.17068,0.16496,0.16856,152993.0
1742947200,0.16854,0.16869,0.16217,0.16275,72685.0
1742961600,0.16251,0.16869,0.16226,0.16869,130561.0
1742976000,0.16882,0.17418,0.16769,0.17418,42854.0
1742990400,0.17418,0.17482,0.1647,0.16726,38420.0
1743004800,0.16753,0.16791,0.15998,0.16176,66414.0
1743019200,0.16172,0.17059,0.16172,0.16656,130973.0
1743033600,0.16656,0.17088,0.1656,0.1698,90772.0
1743048000,0.16991,0.17287,0.16761,0.16845,50434.0
1743062400,0.16877,0.17181,0.16709,0.16844,119198.0
1743076800,0.16829,0.1706,0.16332,0.16607,104165.0
1743091200,0.16611,0.17187,0.16265,0.17083,134662.0
1743105600,0.171,0.17136,0.16837,0.17036,87749.0
1743120000,0.17025,0.17237,0.16609,0.16796,177355.0
1743134400,0.16767,0.16796,0.15368,0.15483,77912.0
1743148800,0.15491,0.15648,0.1513,0.15436,151338.0
1743163200,0.1543,0.15668,0.15216,0.15532,100107.0
1743177600,0.15549,0.156,0.14774,0.14787,91682.0
1743192000,0.1476,0.15119,0.14617,0.15066,90748.0
1743206400,0.15066,0.1518,0.14196,0.14497,61783.0
1743220800,0.14471,0.1456,0.13671,0.13748,68623.0
1743235200,0.13751,0.1392,0.13368,0.13468,163242.0
1743249600,0.13461,0.13873,0.13451,0.13579,69080.0
1743264000,0.13641,0.1366,0.1311,0.13277,106704.0
1743278400,0.1329,0.1329,0.12978,0.13127,54394.0
1743292800,0.13122,0.14079,0.12863,0.14046,82919.0
1743307200,0.14081,0.14209,0.13848,0.14185,75545.0
1743321600,0.14204,0.1422,0.13947,0.13991,108959.0
1743336000,0.14002,0.1412,0.13834,0.13981,214559.0
1743350400,0.14002,0.1427,0.13735,0.14166,83273.0
1743364800,0.14186,0.14227,0.1382,0.14067,121774.0
1743379200,0.14042,0.14469,0.13518,0.13527,191323.0
1743393600,0.13575,0.13959,0.13368,0.13456,142828.0
1743408000,0.13522,0.13729,0.13255,0.13638,205528.0
1743422400,0.13632,0.1448,0.13631,0.14407,219800.0
1743436800,0.14482,0.1463,0.14278,0.14297,181938.0
1743451200,0.14322,0.1442,0.1419,0.14319,103547.0
1743465600,0.14312,0.1493,0.14273,0.14497,163689.0
1743480000,0.14547,0.14662,0.14281,0.14367,170436.0
1743494400,0.14382,0.14671,0.14091,0.14157,160133.0
1743508800,0.14182,0.14579,0.13971,0.14438,147609.0
1743523200,0.14464,0.14492,0.13849,0.1389,98716.0
1743537600,0.13864,0.1406,0.13753,0.13867,83205.0
1743552000,0.13834,0.13861,0.13387,0.13645,80866.0
1743566400,0.13638,0.13903,0.1318,0.13359,119212.0
1743580800,0.13342,0.13489,0.13178,0.13299,198553.0
1743595200,0.13292,0.13909,0.13159,0.13909,67012.0
1743609600,0.1391,0.13981,0.13559,0.13877,242090.0
1743624000,0.13882,0.14263,0.12908,0.13206,195358.0
1743638400,0.13214,0.13718,0.13183,0.13575,304478.0
1743652800,0.13531,0.13539,0.12609,0.12727,98039.0
1743667200,0.12706,0.12792,0.12381,0.12527,87658.0
1743681600,0.1255,0.12646,0.1228,0.12646,252004.0
1743696000,0.1265,0.12787,0.12584,0.12753,132479.0
1743710400,0.12783,0.12958,0.12723,0.12759,109415.0
1743724800,0.12764,0.12967,0.12693,0.12913,68779.0
1743739200,0.129,0.13237,0.1288,0.13094,61057.0
1743753600,0.13123,0.13193,0.12539,0.12682,65824.0
1743768000,0.12723,0.13115,0.12657,0.12937,123359.0
1743782400,0.12945,0.13147,0.12786,0.13005,140575.0
1743796800,0.13049,0.13146,0.12893,0.12902,58684.0
1743811200,0.12932,0.13067,0.12814,0.12843,64143.0
1743825600,0.1287,0.12954,0.12778,0.12911,140381.0
1743840000,0.12926,0.12963,0.12759,0.12769,54485.0
1743854400,0.12796,0.12796,0.12436,0.12476,73590.0
1743868800,0.12485,0.12545,0.12363,0.12442,140021.0
1743883200,0.12452,0.12665,0.12424,0.12642,60660.0
1743897600,0.12639,0.12649,0.12372,0.12384,62390.0
1743912000,0.12365,0.12585,0.12317,0.12361,77988.0
1743926400,0.12384,0.12486,0.1225,0.1234,211895.0
1743940800,0.12347,0.12347,0.11724,0.11909,131042.0
1743955200,0.11896,0.11942,0.10903,0.11081,93708.0
1743969600,0.11107,0.1112,0.10664,0.10901,30735.0
1743984000,0.10925,0.11243,0.10445,0.10622,59671.0
1743998400,0.10644,0.10875,0.10102,0.10699,80929.0
1744012800,0.1067,0.11151,0.10596,0.10991,159184.0
1744027200,0.1101,0.11878,0.10959,0.11355,235269.0
1744041600,0.11357,0.11512,0.1117,0.11373,68196.0
1744056000,0.11376,0.11654,0.11376,0.11496,39621.0
1744070400,0.11486,0.11846,0.11408,0.11582,37852.0
1744084800,0.11587,0.11604,0.11372,0.11447,40942.0
1744099200,0.11473,0.11539,0.11327,0.11527,33162.0
1744113600,0.11564,0.11564,0.1112,0.11227,65818.0
1744128000,0.11218,0.11218,0.10869,0.10893,46172.0
1744142400,0.10905,0.10947,0.1071,0.10837,41741.0
1744156800,0.10856,0.10864,0.10405,0.10701,70414.0
1744171200,0.10684,0.11114,0.10684,0.11109,50631.0
1744185600,0.11087,0.11208,0.10929,0.10964,143806.0
1744200000,0.10939,0.11294,0.10881,0.11182,37614.0
1744214400,0.11166,0.12,0.11165,0.119,69155.0
1744228800,0.11923,0.12063,0.1187,0.11874,28997.0
1744243200,0.11879,0.11903,0.11643,0.11695,70268.0
1744257600,0.11711,0.11815,0.11582,0.1171,29879.0
1744272000,0.11703,0.11726,0.11471,0.11595,33126.0
1744286400,0.11593,0.11734,0.11299,0.11325,31577.0
1744300800,0.11335,0.11512,0.11287,0.11425,30670.0
1744315200,0.1144,0.11602,0.1144,0.11592,41895.0
1744329600,0.11585,0.11741,0.11532,0.117,37376.0
1744344000,0.11712,0.11774,0.11681,0.11773,28160.0
1744358400,0.11834,0.11983,0.11738,0.11927,27659.0
1744372800,0.11916,0.11951,0.1176,0.11951,54226.0
1744387200,0.11916,0.12095,0.1185,0.11956,32858.0
1744401600,0.11954,0.12065,0.11912,0.11945,29697.0
1744416000,0.11932,0.11982,0.11821,0.11888,33086.0
1744430400,0.11891,0.12065,0.11818,0.12054,46909.0
1744444800,0.12061,0.1227,0.12002,0.12045,61704.0
1744459200,0.12035,0.12519,0.11991,0.12413,40361.0
1744473600,0.12394,0.12483,0.12326,0.12385,41747.0
1744488000,0.12392,0.12497,0.12357,0.12383,32416.0
1744502400,0.12391,0.12399,0.12126,0.12157,35407.0
1744516800,0.12138,0.12153,0.11985,0.12076,27953.0
1744531200,0.12042,0.12214,0.12024,0.12075,20897.0
1744545600,0.12092,0.12108,0.11753,0.11814,38849.0
1744560000,0.11842,0.1215,0.11417,0.11556,39052.0
1744574400,0.11517,0.11647,0.10987,0.11102,41521.0
1744588800,0.11094,0.11616,0.11094,0.11272,49111.0
1744603200,0.11277,0.11378,0.10947,0.11176,29112.0
1744617600,0.1119,0.11454,0.11018,0.11454,31191.0
1744632000,0.11465,0.11542,0.10755,0.10795,150877.0
1744646400,0.10824,0.11082,0.10724,0.10969,33422.0
1744660800,0.10992,0.11093,0.10912,0.1096,25191.0
1744675200,0.10972,0.11137,0.10799,0.11125,31454.0
1744689600,0.11079,0.11155,0.10983,0.11127,22413.0
1744704000,0.11138,0.11283,0.10965,0.1105,29507.0
1744718400,0.11085,0.11354,0.10943,0.11238,39443.0
1744732800,0.11282,0.11287,0.10927,0.10994,28559.0
1744747200,0.11063,0.11174,0.10937,0.11109,33098.0
1744761600,0.11073,0.11213,0.10958,0.1099,37952.0
1744776000,0.11001,0.11005,0.10616,0.10617,37565.0
1744790400,0.10657,0.10854,0.10502,0.10601,51735.0
1744804800,0.10575,0.10728,0.10398,0.10571,31584.0
1744819200,0.10532,0.10576,0.10104,0.1052,68818.0
1744833600,0.10544,0.10621,0.10206,0.10252,29833.0
1744848000,0.10254,0.10391,0.10192,0.10228,46458.0
1744862400,0.10275,0.10452,0.10196,0.10441,43746.0
1744876800,0.1044,0.1044,0.10274,0.10409,35054.0
1744891200,0.10461,0.10474,0.10044,0.10372,47545.0
1744905600,0.10393,0.10569,0.10315,0.10359,39735.0
1744920000,0.10436,0.10472,0.10335,0.10384,16277.0
1744934400,0.10398,0.10503,0.10297,0.10493,27602.0
1744948800,0.10597,0.11179,0.10594,0.11071,87469.0
1744963200,0.11089,0.11366,0.11002,0.11046,70132.0
1744977600,0.11047,0.11145,0.10905,0.10985,35609.0
1744992000,0.11019,0.11753,0.11004,0.11177,52154.0
1745006400,0.1124,0.11288,0.11052,0.11288,30790.0
1745020800,0.11269,0.11418,0.11265,0.11386,31557.0
1745035200,0.11421,0.11531,0.1136,0.11404,28909.0
1745049600,0.11391,0.11454,0.11241,0.11294,34971.0
1745064000,0.11273,0.11467,0.11174,0.11375,20851.0
1745078400,0.11412,0.11474,0.11342,0.11428,35524.0
1745092800,0.1143,0.11737,0.11387,0.1156,43104.0
1745107200,0.11552,0.11872,0.11509,0.11806,47248.0
1745121600,0.11796,0.12228,0.11756,0.11983,45329.0
1745136000,0.11875,0.11899,0.11759,0.11796,4999.0
1745150400,0.11842,0.1199,0.11803,0.11967,27116.0
1745164800,0.11955,0.12167,0.11928,0.12034,34784.0
1745179200,0.12033,0.12088,0.11905,0.11985,24606.0
1745193600,0.11953,0.12215,0.11895,0.11895,134297.0
1745208000,0.11905,0.12353,0.11905,0.12211,32420.0
1745222400,0.12208,0.12339,0.12155,0.12195,26514.0
1745236800,0.12198,0.12703,0.12198,0.1261,53905.0
1745251200,0.12593,0.127,0.12277,0.12372,43861.0
1745265600,0.12358,0.12801,0.11683,0.11957,89579.0
1745280000,0.11967,0.12172,0.11889,0.12079,28552.0
1745294400,0.12093,0.12157,0.11617,0.12029,26488.0
1745308800,0.1204,0.12079,0.11857,0.12062,31127.0
1745323200,0.1206,0.12713,0.12042,0.12698,46547.0
1745337600,0.12747,0.12747,0.12494,0.12691,26750.0
1745352000,0.12691,0.13124,0.12585,0.13071,47665.0
1745366400,0.13036,0.14012,0.13036,0.13952,41035.0
1745380800,0.13943,0.14169,0.13766,0.13971,33017.0
1745395200,0.13949,0.14301,0.13829,0.14189,31964.0
1745409600,0.14178,0.15266,0.14139,0.14555,119285.0
1745424000,0.14605,0.15061,0.14265,0.14865,81941.0
1745438400,0.14886,0.15248,0.14603,0.14962,257534.0
1745452800,0.14946,0.1505,0.14,0.14,23279.0
1745467200,0.13998,0.14305,0.13847,0.13847,20103.0
1745481600,0.13867,0.14435,0.13757,0.14337,43418.0
1745496000,0.14327,0.1461,0.14145,0.14533,43746.0
1745510400,0.14597,0.14761,0.14187,0.14329,27433.0
1745524800,0.14322,0.14614,0.14216,0.14582,25984.0
1745539200,0.14568,0.14842,0.14363,0.14575,29298.0
1745553600,0.14528,0.15434,0.14508,0.15411,55601.0
1745568000,0.15396,0.15544,0.15096,0.15096,26449.0
1745582400,0.1512,0.15182,0.14815,0.1483,35881.0
1745596800,0.14843,0.15072,0.14714,0.14938,28428.0
1745611200,0.14954,0.15324,0.14685,0.15245,31775.0
1745625600,0.15282,0.16721,0.15166,0.16408,44607.0
1745640000,0.16224,0.16288,0.15756,0.15787,23076.0
1745654400,0.15841,0.15899,0.15396,0.15417,41407.0
1745668800,0.15441,0.15645,0.15223,0.15626,30902.0
1745683200,0.15611,0.15612,0.15365,0.15515,18294.0
1745697600,0.15525,0.15723,0.15392,0.15672,23965.0
1745712000,0.15618,0.15668,0.14845,0.15099,20804.0
1745726400,0.15111,0.15135,0.14517,0.14713,43723.0
1745740800,0.14685,0.14803,0.14639,0.14701,25300.0
1745755200,0.14686,0.14735,0.1431,0.1448,20360.0
1745769600,0.1445,0.14596,0.14292,0.14593,28980.0
1745784000,0.14641,0.14695,0.14401,0.14417,23685.0
1745798400,0.14412,0.14783,0.14009,0.14705,36617.0
1745812800,0.14708,0.15101,0.14678,0.15084,26861.0
1745827200,0.15085,0.15481,0.1478,0.15178,26515.0
1745841600,0.15078,0.15269,0.14439,0.14492,29940.0
1745856000,0.14569,0.15355,0.14486,0.15308,34530.0
1745870400,0.15312,0.1546,0.15177,0.15406,29077.0
1745884800,0.15448,0.15675,0.15263,0.15339,33760.0
1745899200,0.15294,0.15449,0.15137,0.15414,23411.0
1745913600,0.15411,0.15493,0.14919,0.15154,33452.0
1745928000,0.15174,0.15427,0.15023,0.15231,25739.0
1745942400,0.15236,0.15356,0.15088,0.15091,20104.0
1745956800,0.15125,0.15154,0.14718,0.14979,69365.0
1745971200,0.14956,0.15364,0.14804,0.14951,30022.0
1745985600,0.14976,0.15248,0.14854,0.1503,20847.0
1746000000,0.15142,0.15831,0.15102,0.15831,39305.0
1746014400,0.15822,0.16226,0.15219,0.15719,179753.0
1746028800,0.15719,0.16383,0.15518,0.15968,45754.0
1746043200,0.1597,0.16334,0.15903,0.16289,35669.0
1746057600,0.16304,0.16819,0.16163,0.16171,51878.0
1746072000,0.16186,0.16797,0.16101,0.16407,30664.0
1746086400,0.16386,0.17072,0.16335,0.16922,304504.0
1746100800,0.16955,0.17129,0.16487,0.16812,38178.0
1746115200,0.16834,0.19673,0.16834,0.17569,379903.0
1746129600,0.17165,0.17565,0.17135,0.17525,36036.0
1746144000,0.17529,0.17995,0.17258,0.17508,62886.0
1746158400,0.17513,0.17519,0.16771,0.16914,32646.0
1746172800,0.16892,0.17086,0.16478,0.16478,42080.0
1746187200,0.16475,0.16545,0.16099,0.16233,57631.0
1746201600,0.16276,0.16695,0.162,0.16275,97832.0
1746216000,0.16257,0.16567,0.16257,0.16369,26582.0
1746230400,0.16362,0.16489,0.15937,0.16169,21323.0
1746244800,0.16174,0.16227,0.15726,0.15773,29864.0
1746259200,0.15702,0.15842,0.1525,0.1525,58326.0
1746273600,0.15267,0.15437,0.15071,0.15154,107647.0
1746288000,0.15156,0.15156,0.14455,0.14808,196539.0
1746302400,0.14763,0.14817,0.14517,0.14664,95773.0
1746316800,0.14655,0.14812,0.14442,0.14515,27895.0
1746331200,0.14469,0.14528,0.14053,0.14148,28942.0
1746345600,0.14149,0.14203,0.13871,0.14121,36506.0
1746360000,0.14124,0.14272,0.13914,0.14014,29249.0
1746374400,0.14007,0.14053,0.13665,0.13808,23570.0
1746388800,0.13824,0.14214,0.13798,0.14142,32372.0
1746403200,0.14158,0.14515,0.14024,0.1443,30236.0
1746417600,0.14463,0.14649,0.14436,0.1453,18410.0
1746432000,0.14575,0.14613,0.14092,0.14114,27350.0
1746446400,0.14129,0.14252,0.13894,0.13898,21435.0
1746460800,0.14032,0.14531,0.13995,0.14247,26888.0
1746475200,0.14267,0.1443,0.14031,0.14219,34635.0
1746489600,0.14177,0.14387,0.13968,0.1435,52000.0
1746504000,0.14355,0.14409,0.14097,0.14217,20897.0
1746518400,0.14193,0.14219,0.13594,0.13637,26714.0
1746532800,0.13666,0.13993,0.13542,0.13745,26919.0
1746547200,0.13722,0.13911,0.13586,0.13707,30435.0
1746561600,0.13677,0.1373,0.12923,0.13636,27487.0
1746576000,0.13645,0.13977,0.13376,0.13557,49300.0
1746590400,0.13576,0.1378,0.1339,0.13766,27033.0
1746604800,0.13716,0.13883,0.13546,0.13758,25649.0
1746619200,0.13797,0.13797,0.13484,0.13497,30225.0
1746633600,0.13459,0.13783,0.13341,0.13528,33611.0
1746648000,0.13564,0.14064,0.13476,0.13958,51189.0
1746662400,0.1399,0.1459,0.13968,0.14575,29992.0
1746676800,0.1464,0.14923,0.14568,0.14757,28868.0
1746691200,0.14841,0.15202,0.14841,0.15082,29786.0
1746705600,0.15108,0.15633,0.14785,0.15457,26883.0
1746720000,0.1548,0.16072,0.1548,0.16012,28616.0
1746734400,0.16018,0.16807,0.16018,0.16733,43397.0
1746748800,0.16745,0.17895,0.16701,0.17531,36693.0
1746763200,0.17595,0.20085,0.17595,0.18634,248439.0
1746777600,0.18594,0.19514,0.18594,0.18824,73004.0
1746792000,0.18862,0.19375,0.18484,0.19137,36862.0
1746806400,0.19173,0.19526,0.18604,0.19249,113394.0
1746820800,0.1926,0.22866,0.19198,0.20771,348227.0
1746835200,0.20865,0.22523,0.20707,0.21369,234150.0
1746849600,0.21294,0.23888,0.20871,0.23495,168612.0
1746864000,0.23286,0.23722,0.2218,0.23223,249847.0
1746878400,0.23221,0.24346,0.21902,0.22091,458588.0
1746892800,0.21658,0.22936,0.21658,0.22456,169448.0
1746907200,0.22515,0.23126,0.22098,0.22981,69435.0
1746921600,0.22871,0.23157,0.21641,0.22376,52568.0
1746936000,0.22362,0.22462,0.20985,0.21135,48823.0
1746950400,0.21125,0.22284,0.20749,0.22221,36407.0
1746964800,0.2225,0.23418,0.22055,0.2272,72963.0
1746979200,0.22749,0.22985,0.2211,0.2225,34479.0
1746993600,0.22233,0.22836,0.22003,0.22384,19971.0
1747008000,0.2226,0.2414,0.2226,0.2414,74710.0
1747022400,0.2409,0.2479,0.23164,0.23787,120200.0
1747036800,0.23787,0.24832,0.23477,0.23921,160899.0
1747051200,0.23946,0.24019,0.22058,0.22251,230162.0
1747065600,0.22232,0.22708,0.20599,0.21189,141448.0
1747080000,0.21204,0.21875,0.21137,0.21677,33387.0
1747094400,0.21744,0.21803,0.19765,0.19917,64037.0
1747108800,0.19912,0.21206,0.1987,0.21206,24137.0
1747123200,0.21233,0.22647,0.20863,0.22517,50241.0
1747137600,0.22553,0.23718,0.22253,0.23485,90491.0
1747152000,0.23499,0.25257,0.23353,0.23957,150955.0
1747166400,0.24031,0.24227,0.23467,0.23498,69703.0
1747180800,0.23557,0.23818,0.22808,0.23316,57471.0
1747195200,0.23278,0.24055,0.22994,0.23397,20316.0
1747209600,0.23365,0.23487,0.22322,0.23112,93638.0
1747224000,0.23297,0.23359,0.22033,0.22393,46548.0
1747238400,0.22419,0.2271,0.21967,0.22462,30676.0
1747252800,0.22457,0.22552,0.22066,0.22476,22509.0
1747267200,0.22515,0.2286,0.22121,0.22122,22711.0
1747281600,0.22103,0.22353,0.20472,0.20472,96454.0
1747296000,0.20606,0.21143,0.20204,0.20457,56538.0
1747310400,0.20475,0.20782,0.19303,0.20522,114035.0
1747324800,0.20482,0.21077,0.19547,0.19779,32713.0
1747339200,0.19778,0.19815,0.18668,0.19269,60132.0
1747353600,0.19268,0.19604,0.19111,0.19285,62193.0
1747368000,0.19295,0.19429,0.18825,0.19303,78997.0
1747382400,0.1935,0.19373,0.18638,0.19024,42021.0
1747396800,0.19003,0.19342,0.18706,0.18983,45931.0
1747411200,0.19039,0.19129,0.18355,0.18412,83667.0
1747425600,0.18405,0.18409,0.1787,0.18125,112569.0
1747440000,0.18116,0.18173,0.17289,0.17568,93746.0
1747454400,0.17563,0.17799,0.16924,0.17039,61496.0
1747468800,0.17043,0.17448,0.16733,0.17326,41855.0
1747483200,0.17306,0.17555,0.16862,0.17282,29475.0
1747497600,0.17226,0.17392,0.16886,0.17086,49519.0
1747512000,0.17177,0.17512,0.17064,0.17365,39420.0
1747526400,0.17398,0.1835,0.17349,0.18294,96525.0
1747540800,0.18271,0.19549,0.18208,0.19485,45237.0
1747555200,0.1948,0.20094,0.18907,0.18909,78847.0
1747569600,0.18828,0.20178,0.18734,0.20057,55518.0
1747584000,0.20142,0.20391,0.18449,0.18455,271411.0
1747598400,0.18191,0.19823,0.17973,0.1968,57076.0
1747612800,0.19707,0.19707,0.18289,0.184,35291.0
1747627200,0.1836,0.18582,0.17928,0.18469,33524.0
1747641600,0.1844,0.1844,0.17953,0.18038,25681.0
1747656000,0.18039,0.18508,0.17675,0.18422,38321.0
1747670400,0.18397,0.19064,0.18183,0.18593,36674.0
1747684800,0.18633,0.18858,0.18405,0.18789,50973.0
1747699200,0.18799,0.19137,0.18429,0.18724,34757.0
1747713600,0.18756,0.18959,0.18458,0.18465,28177.0
1747728000,0.18494,0.18624,0.18031,0.1815,29550.0
1747742400,0.18168,0.1817,0.17833,0.1805,34302.0
1747756800,0.17967,0.18913,0.17707,0.18787,57455.0
1747771200,0.1877,0.1918,0.18603,0.18881,31218.0
1747785600,0.18829,0.18947,0.18321,0.18799,25542.0
1747800000,0.18791,0.19221,0.1843,0.18545,28631.0
1747814400,0.18599,0.18801,0.18326,0.18752,28847.0
1747828800,0.18751,0.19352,0.18647,0.1923,24975.0
1747843200,0.19296,0.20323,0.18818,0.19498,45638.0
1747857600,0.19501,0.20002,0.19169,0.19687,28285.0
1747872000,0.19668,0.20666,0.19668,0.2061,50479.0
1747886400,0.20583,0.2062,0.19909,0.205,50214.0
1747900800,0.20532,0.21121,0.20424,0.20568,46989.0
1747915200,0.20577,0.21022,0.20334,0.20771,29487.0
1747929600,0.20801,0.20855,0.20459,0.20552,21202.0
1747944000,0.20553,0.21031,0.20356,0.20977,39653.0
1747958400,0.20933,0.21912,0.20721,0.21507,28825.0
1747972800,0.21528,0.21602,0.20532,0.2067,24546.0
1747987200,0.20651,0.2122,0.19541,0.1968,65011.0
1748001600,0.19726,0.20159,0.18939,0.19705,79842.0
1748016000,0.19762,0.19871,0.19349,0.19368,5236.0
1748030400,0.19301,0.19301,0.18226,0.18335,12342.0
1748044800,0.18305,0.1876,0.18187,0.18685,9763.0
1748059200,0.18662,0.18707,0.18351,0.18403,5016.0
1748073600,0.18411,0.18877,0.18341,0.18754,6402.0
1748088000,0.18733,0.1905,0.18609,0.18917,11891.0
1748102400,0.18935,0.19324,0.18791,0.18886,19385.0
1748116800,0.18826,0.19021,0.1863,0.18727,18058.0
1748131200,0.18747,0.18795,0.1818,0.18587,14963.0
1748145600,0.18442,0.18578,0.18238,0.18339,6605.0
1748160000,0.18306,0.18306,0.17617,0.17705,27031.0
1748174400,0.1769,0.17939,0.17188,0.17497,14054.0
1748188800,0.17323,0.17778,0.17291,0.17778,5589.0
1748203200,0.17758,0.18752,0.17601,0.1866,14263.0
1748217600,0.18689,0.18983,0.18603,0.18801,9104.0
1748232000,0.18878,0.19224,0.18878,0.19019,7224.0
1748246400,0.19087,0.19087,0.18468,0.18493,6902.0
1748260800,0.184,0.18628,0.18063,0.18469,5675.0
1748275200,0.18475,0.18594,0.17981,0.18099,6072.0
1748289600,0.18109,0.18318,0.18044,0.18213,7966.0
1748304000,0.18179,0.18366,0.1773,0.18284,8713.0
1748318400,0.18286,0.18648,0.18144,0.1854,10528.0
1748332800,0.18625,0.18782,0.18523,0.18653,21171.0
1748347200,0.18675,0.1906,0.18416,0.18993,56077.0
1748361600,0.19014,0.19285,0.18883,0.18914,38304.0
1748376000,0.18913,0.19045,0.18637,0.1886,41742.0
1748390400,0.18848,0.19095,0.18689,0.18879,24194.0
1748404800,0.18887,0.18907,0.18528,0.18555,16926.0
1748419200,0.18609,0.19321,0.18269,0.19321,40678.0
1748433600,0.19369,0.21667,0.18923,0.18995,1028125.0
1748448000,0.1894,0.19267,0.18474,0.18575,28381.0
1748462400,0.18575,0.19284,0.18485,0.19284,25276.0
1748476800,0.19237,0.19595,0.1908,0.19213,31729.0
1748491200,0.19218,0.19218,0.18637,0.18892,18497.0
1748505600,0.18824,0.19038,0.18631,0.18766,19458.0
1748520000,0.1879,0.1879,0.17744,0.18008,28778.0
1748534400,0.17969,0.18199,0.17784,0.1785,50295.0
1748548800,0.17893,0.18256,0.17707,0.17707,19570.0
1748563200,0.17752,0.17858,0.15912,0.16636,389745.0
1748577600,0.16648,0.16684,0.16032,0.16185,27884.0
1748592000,0.16172,0.16293,0.15742,0.16165,24596.0
1748606400,0.16041,0.16374,0.15837,0.16285,21221.0
1748620800,0.16133,0.16166,0.15141,0.15655,135499.0
1748635200,0.15627,0.15693,0.14219,0.14339,88217.0
1748649600,0.14395,0.14395,0.13748,0.14071,283882.0
1748664000,0.14103,0.14781,0.13987,0.14725,27227.0
1748678400,0.14748,0.14748,0.1431,0.14342,50886.0
1748692800,0.14324,0.14855,0.14324,0.14578,32724.0
1748707200,0.14606,0.1497,0.14518,0.14863,20314.0
1748721600,0.14877,0.15005,0.14738,0.14835,23645.0
1748736000,0.14801,0.14955,0.14609,0.1487,22635.0
1748750400,0.14881,0.151,0.1485,0.15009,21496.0
1748764800,0.14998,0.15022,0.14542,0.14806,28433.0
1748779200,0.14824,0.15181,0.14624,0.15129,18869.0
1748793600,0.1513,0.15311,0.14973,0.15186,20640.0
1748808000,0.15192,0.15606,0.15168,0.15503,23872.0
1748822400,0.15518,0.15581,0.15088,0.15183,32539.0
1748836800,0.15183,0.15342,0.14893,0.15224,42671.0
1748851200,0.15225,0.15288,0.14822,0.14923,24076.0
1748865600,0.14953,0.15294,0.14897,0.15229,23741.0
1748880000,0.15194,0.15256,0.14833,0.14937,34872.0
1748894400,0.1498,0.15699,0.14976,0.15633,39576.0
1748908800,0.1561,0.16188,0.15579,0.15926,31626.0
1748923200,0.15965,0.16094,0.15683,0.15957,20698.0
1748937600,0.16015,0.16144,0.15751,0.15994,22985.0
1748952000,0.15999,0.16403,0.15932,0.16255,22326.0
1748966400,0.16289,0.16432,0.16114,0.16325,19392.0
1748980800,0.16321,0.16336,0.15879,0.15979,31569.0
1748995200,0.15972,0.16188,0.15904,0.16053,30764.0
1749009600,0.16062,0.16115,0.15792,0.15896,25330.0
1749024000,0.15987,0.16076,0.15607,0.15657,28818.0
1749038400,0.15651,0.15933,0.15459,0.15879,32234.0
1749052800,0.15836,0.15902,0.15455,0.15496,27623.0
1749067200,0.15476,0.15496,0.15127,0.15266,29888.0
1749081600,0.15238,0.15437,0.1511,0.15313,29716.0
1749096000,0.15303,0.15443,0.15048,0.15314,40765.0
1749110400,0.15326,0.15354,0.15063,0.1523,21803.0
1749124800,0.15229,0.15555,0.15012,0.15219,36945.0
1749139200,0.15218,0.15218,0.14155,0.14247,54523.0
1749153600,0.14271,0.14311,0.13746,0.14069,47045.0
1749168000,0.14077,0.14448,0.14023,0.14444,34476.0
1749182400,0.14445,0.14682,0.1439,0.14501,32081.0
1749196800,0.14507,0.14662,0.14488,0.14608,25336.0
1749211200,0.14674,0.14902,0.14608,0.14737,141975.0
1749225600,0.14754,0.14768,0.14284,0.14375,39236.0
1749240000,0.14379,0.14574,0.14359,0.14418,29653.0
1749254400,0.14421,0.15019,0.1438,0.15019,20573.0
1749268800,0.15004,0.15268,0.1493,0.15093,25454.0
1749283200,0.15107,0.15132,0.14879,0.15014,23949.0
1749297600,0.15033,0.15217,0.1495,0.15053,20879.0
1749312000,0.15046,0.15186,0.14888,0.15084,20077.0
1749326400,0.15094,0.15228,0.15074,0.15133,21933.0
1749340800,0.15143,0.15147,0.14969,0.14979,21347.0
1749355200,0.14982,0.15031,0.14786,0.14803,19205.0
1749369600,0.14806,0.14921,0.14681,0.14766,75602.0
1749384000,0.14772,0.14886,0.14687,0.148,46752.0
1749398400,0.14818,0.15054,0.14806,0.14973,18530.0
1749412800,0.15028,0.15485,0.14939,0.14981,34285.0
1749427200,0.1497,0.15159,0.14855,0.14989,19383.0
1749441600,0.15019,0.15058,0.14661,0.1485,35579.0
1749456000,0.1487,0.15432,0.14739,0.15358,83251.0
1749470400,0.15359,0.15538,0.1518,0.15397,37902.0
1749484800,0.15355,0.15684,0.15355,0.1554,40221.0
1749499200,0.15538,0.16204,0.15534,0.16126,42406.0
1749513600,0.16157,0.16307,0.15939,0.15945,16632.0
1749528000,0.15974,0.16088,0.15731,0.16007,25071.0
1749542400,0.16039,0.1659,0.15963,0.16579,24610.0
1749556800,0.16605,0.16813,0.16017,0.16191,27479.0
1749571200,0.1624,0.16585,0.16057,0.16344,28890.0
1749585600,0.16359,0.16645,0.16264,0.16613,27909.0
1749600000,0.16614,0.16648,0.16256,0.1648,19719.0
1749614400,0.16483,0.16846,0.16349,0.16704,15367.0
1749628800,0.16726,0.16869,0.16151,0.16292,59506.0
1749643200,0.16276,0.16867,0.1625,0.16845,47631.0
1749657600,0.16841,0.16874,0.16164,0.16164,20668.0
1749672000,0.16142,0.16247,0.15459,0.15647,39681.0
1749686400,0.15629,0.15629,0.15126,0.15254,20583.0
1749700800,0.15171,0.15317,0.151,0.1517,20251.0
1749715200,0.15064,0.15107,0.14758,0.14797,22477.0
1749729600,0.14818,0.15241,0.14659,0.14689,28303.0
1749744000,0.14697,0.15177,0.14228,0.14259,58714.0
1749758400,0.14257,0.14346,0.13906,0.13968,32053.0
1749772800,0.13938,0.13938,0.12664,0.12998,300513.0
1749787200,0.12994,0.12998,0.12603,0.12803,31397.0
1749801600,0.12784,0.13015,0.12642,0.12914,42575.0
1749816000,0.12902,0.13297,0.12732,0.13175,85712.0
1749830400,0.13186,0.13412,0.12908,0.13017,61040.0
1749844800,0.13046,0.13422,0.13019,0.13397,45435.0
1749859200,0.13367,0.13469,0.13246,0.13425,47850.0
1749873600,0.13385,0.13551,0.13298,0.13427,27372.0
1749888000,0.13371,0.13426,0.13274,0.13408,21242.0
1749902400,0.13407,0.13495,0.13072,0.13156,32313.0
1749916800,0.13128,0.13195,0.12851,0.12945,35154.0
1749931200,0.12945,0.13217,0.12813,0.1319,30009.0
1749945600,0.13181,0.13318,0.13159,0.13285,29219.0
1749960000,0.13303,0.13413,0.13085,0.13157,37066.0
1749974400,0.13131,0.13155,0.12907,0.13068,23225.0
1749988800,0.1305,0.13238,0.12851,0.131,27548.0
1750003200,0.13137,0.13196,0.12998,0.13094,23913.0
1750017600,0.13119,0.13281,0.12876,0.13173,60419.0
1750032000,0.13168,0.13426,0.12961,0.13355,37453.0
1750046400,0.13362,0.13705,0.13362,0.137,38765.0
1750060800,0.13642,0.13985,0.13628,0.13809,38359.0
1750075200,0.1381,0.14032,0.13646,0.13839,45315.0
1750089600,0.13893,0.14085,0.13879,0.13933,29299.0
1750104000,0.13994,0.14145,0.13337,0.13337,28417.0
1750118400,0.13339,0.13635,0.13001,0.13565,46821.0
1750132800,0.13576,0.13624,0.13301,0.13334,26750.0
1750147200,0.13352,0.13352,0.13068,0.13134,27784.0
1750161600,0.13119,0.13265,0.12703,0.1275,23771.0
1750176000,0.12774,0.13043,0.12318,0.12935,53836.0
1750190400,0.12917,0.12919,0.12571,0.12699,22830.0
1750204800,0.12719,0.12864,0.1256,0.1269,76479.0
1750219200,0.12701,0.12794,0.12657,0.12725,27374.0
1750233600,0.12757,0.12818,0.12297,0.12427,33376.0
1750248000,0.1243,0.12541,0.11896,0.12467,37014.0
1750262400,0.12419,0.12696,0.12385,0.12435,26119.0
1750276800,0.12454,0.12944,0.12389,0.12899,38474.0
1750291200,0.12879,0.13082,0.12783,0.12945,72486.0
1750305600,0.12976,0.13096,0.12777,0.1279,37677.0
1750320000,0.12819,0.12926,0.12739,0.12793,30652.0
1750334400,0.12789,0.12888,0.12597,0.12631,24741.0
1750348800,0.12662,0.1282,0.12499,0.12688,25587.0
1750363200,0.12701,0.12905,0.12667,0.1281,33950.0
1750377600,0.12814,0.13003,0.12779,0.1285,52048.0
1750392000,0.12853,0.13107,0.12616,0.13098,40315.0
1750406400,0.13109,0.13262,0.13079,0.13262,26476.0
1750420800,0.13248,0.13376,0.12766,0.12808,37495.0
1750435200,0.12729,0.12729,0.12143,0.12555,70076.0
1750449600,0.12556,0.12716,0.12386,0.12502,30960.0
1750464000,0.12516,0.12739,0.12468,0.12713,31077.0
1750478400,0.12707,0.12765,0.12604,0.12687,25196.0
1750492800,0.12686,0.12833,0.12686,0.12715,24195.0
1750507200,0.12709,0.12765,0.1218,0.12311,31116.0
1750521600,0.12307,0.12396,0.11736,0.11774,56908.0
1750536000,0.11767,0.11962,0.11337,0.11691,62162.0
1750550400,0.11765,0.11906,0.11478,0.11515,36813.0
1750564800,0.11608,0.11771,0.11528,0.11609,22666.0
1750579200,0.11591,0.11655,0.11379,0.11544,27983.0
1750593600,0.11536,0.1154,0.10812,0.10928,71147.0
1750608000,0.10959,0.11004,0.10683,0.10852,34908.0
1750622400,0.10849,0.11199,0.10543,0.11158,33021.0
1750636800,0.11199,0.11388,0.11168,0.11367,951495.0
1750651200,0.11367,0.1164,0.11366,0.11547,35850.0
1750665600,0.11552,0.11608,0.11375,0.11423,31601.0
1750680000,0.11426,0.11915,0.1137,0.11636,35710.0
1750694400,0.11655,0.12078,0.11251,0.12065,32008.0
1750708800,0.12113,0.12788,0.12105,0.12758,41603.0
1750723200,0.1278,0.12977,0.12754,0.12834,44341.0
1750737600,0.12825,0.13188,0.12735,0.12917,24101.0
1750752000,0.12878,0.13008,0.12776,0.12837,32284.0
1750766400,0.12853,0.12951,0.12723,0.12766,39166.0
1750780800,0.12807,0.13082,0.127,0.12776,44499.0
1750795200,0.12784,0.12933,0.1275,0.12913,26695.0
1750809600,0.12921,0.13124,0.12905,0.13057,65599.0
1750824000,0.13075,0.13109,0.12895,0.13072,35242.0
1750838400,0.13039,0.1305,0.12737,0.12971,142264.0
1750852800,0.12962,0.13049,0.12518,0.12526,29749.0
1750867200,0.12538,0.12679,0.1243,0.12613,34425.0
1750881600,0.12526,0.12661,0.12311,0.12397,44391.0
1750896000,0.12378,0.12942,0.12349,0.12666,42114.0
1750910400,0.12655,0.12754,0.12468,0.12616,41957.0
1750924800,0.12632,0.12714,0.12342,0.12347,35095.0
1750939200,0.12339,0.12348,0.11858,0.12043,38115.0
1750953600,0.12033,0.12033,0.11826,0.11982,38820.0
1750968000,0.11955,0.1223,0.11904,0.11904,45945.0
1750982400,0.11915,0.12231,0.11723,0.12203,52259.0
1750996800,0.12186,0.12341,0.12086,0.1213,42919.0
1751011200,0.12154,0.12342,0.12101,0.12132,48999.0
1751025600,0.12132,0.12213,0.1196,0.1217,38874.0
1751040000,0.12181,0.1241,0.1195,0.12203,205746.0
1751054400,0.12194,0.12409,0.12183,0.1237,53269.0
1751068800,0.12372,0.12401,0.12267,0.12307,50842.0
1751083200,0.12297,0.12384,0.122,0.12374,35872.0
1751097600,0.12387,0.12546,0.12275,0.12473,39602.0
1751112000,0.12505,0.12608,0.12395,0.12597,37902.0
1751126400,0.12608,0.12912,0.12506,0.12851,44938.0
1751140800,0.12851,0.13122,0.1277,0.129,65110.0
1751155200,0.12945,0.13148,0.12805,0.12856,58770.0
1751169600,0.12869,0.13081,0.12836,0.13054,37412.0
1751184000,0.13035,0.13235,0.12993,0.12995,79201.0
1751198400,0.13015,0.13077,0.12733,0.12733,35085.0
1751212800,0.12764,0.13008,0.12747,0.13008,47931.0
1751227200,0.13018,0.13724,0.12877,0.13572,113083.0
1751241600,0.13632,0.13719,0.13251,0.13299,164846.0
1751256000,0.13289,0.13375,0.13108,0.13311,32748.0
1751270400,0.13313,0.13313,0.13006,0.13017,30430.0
1751284800,0.13057,0.13096,0.12712,0.12915,32128.0
1751299200,0.12924,0.13152,0.12856,0.1307,32374.0
1751313600,0.13066,0.13128,0.12825,0.12845,32527.0
1751328000,0.12867,0.12896,0.12595,0.12627,27517.0
1751342400,0.12622,0.12633,0.1223,0.12501,38971.0
1751356800,0.12467,0.12502,0.12322,0.12361,33674.0
1751371200,0.12378,0.12491,0.12242,0.12402,35907.0
1751385600,0.12388,0.12458,0.12026,0.12077,132655.0
1751400000,0.12078,0.12194,0.11955,0.12028,39171.0
1751414400,0.12035,0.12226,0.11935,0.12094,39388.0
1751428800,0.12087,0.12386,0.1206,0.12313,114333.0
1751443200,0.12323,0.12521,0.12316,0.1246,40345.0
1751457600,0.12462,0.1291,0.12418,0.1291,37522.0
1751472000,0.12933,0.13541,0.12933,0.13482,38585.0
1751486400,0.13509,0.13833,0.13432,0.13527,35131.0
1751500800,0.13572,0.13689,0.13456,0.13458,36996.0
1751515200,0.13496,0.14134,0.13466,0.13967,62892.0
1751529600,0.13994,0.14051,0.13621,0.13653,63108.0
1751544000,0.13688,0.13914,0.13239,0.13239,61539.0
1751558400,0.13297,0.13518,0.13269,0.13518,40609.0
1751572800,0.1351,0.13648,0.1349,0.13549,39704.0
1751587200,0.13548,0.13661,0.13291,0.13398,32399.0
1751601600,0.1337,0.13458,0.12791,0.12809,45445.0
1751616000,0.12789,0.13003,0.12708,0.12886,34940.0
1751630400,0.12881,0.12977,0.12487,0.12487,76816.0
1751644800,0.12515,0.12515,0.12282,0.12282,43506.0
1751659200,0.12298,0.12612,0.12283,0.12498,45743.0
1751673600,0.12519,0.12634,0.12421,0.12534,37837.0
1751688000,0.12527,0.12679,0.1239,0.12578,38259.0
1751702400,0.12569,0.12613,0.12396,0.12438,32557.0
1751716800,0.12439,0.12439,0.12249,0.12311,36104.0
1751731200,0.12305,0.12401,0.12124,0.12301,33896.0
1751745600,0.12305,0.12578,0.12287,0.12507,42589.0
1751760000,0.12488,0.12502,0.12333,0.12357,51317.0
1751774400,0.12335,0.12568,0.1233,0.12538,39189.0
1751788800,0.12545,0.12826,0.12417,0.12624,41923.0
1751803200,0.12625,0.13021,0.12556,0.12879,41024.0
1751817600,0.12926,0.12982,0.12776,0.12863,68896.0
1751832000,0.12863,0.13196,0.12831,0.12889,40897.0
1751846400,0.12933,0.13263,0.1289,0.13037,27912.0
1751860800,0.13035,0.1307,0.12808,0.13016,35649.0
1751875200,0.13021,0.13059,0.12785,0.12788,38156.0
1751889600,0.12791,0.1284,0.12588,0.12637,38777.0
1751904000,0.12647,0.12788,0.12534,0.12664,56815.0
1751918400,0.12656,0.12656,0.12416,0.1255,41939.0
1751932800,0.12561,0.12624,0.12189,0.12249,43663.0
1751947200,0.12227,0.12399,0.12095,0.1231,351610.0
1751961600,0.12305,0.12498,0.12217,0.12416,48239.0
1751976000,0.1244,0.12534,0.12238,0.12323,35414.0
1751990400,0.12341,0.12812,0.1227,0.12696,44766.0
1752004800,0.12696,0.128,0.12627,0.12663,34712.0
1752019200,0.12701,0.12726,0.1241,0.12478,35858.0
1752033600,0.12463,0.12783,0.12423,0.12762,51168.0
1752048000,0.12797,0.12923,0.12712,0.12875,83348.0
1752062400,0.12896,0.13051,0.12779,0.12891,42657.0
1752076800,0.12889,0.13322,0.12824,0.13322,40536.0
1752091200,0.13376,0.13723,0.13259,0.1366,45911.0
1752105600,0.13652,0.13902,0.13467,0.13853,81156.0
1752120000,0.13841,0.13977,0.13735,0.13775,35965.0
1752134400,0.13781,0.13972,0.13711,0.13972,36400.0
1752148800,0.13983,0.14273,0.13843,0.13945,49529.0
1752163200,0.13964,0.14619,0.13939,0.14395,42047.0
1752177600,0.14425,0.15614,0.14413,0.15525,57898.0
1752192000,0.15486,0.15923,0.15078,0.15833,32454.0
1752206400,0.15835,0.16373,0.15496,0.15522,30830.0
1752220800,0.15579,0.15825,0.15492,0.15533,33054.0
1752235200,0.15544,0.15919,0.15173,0.15204,198496.0
1752249600,0.15252,0.15691,0.15076,0.15653,38268.0
1752264000,0.15611,0.15653,0.14495,0.14736,162653.0
1752278400,0.14714,0.14738,0.14367,0.14632,51214.0
1752292800,0.1465,0.14658,0.13984,0.14482,40437.0
1752307200,0.14473,0.14604,0.14321,0.14524,30661.0
1752321600,0.14565,0.146,0.13639,0.13712,37067.0
1752336000,0.13694,0.142,0.13681,0.14183,46918.0
1752350400,0.14164,0.14244,0.13898,0.14184,33259.0
1752364800,0.14213,0.14298,0.14074,0.14237,36961.0
1752379200,0.14239,0.14582,0.1421,0.1453,27602.0
1752393600,0.14537,0.14537,0.14199,0.14536,35196.0
1752408000,0.14507,0.14931,0.14418,0.14694,28786.0
1752422400,0.1469,0.15097,0.14586,0.14939,35293.0
1752436800,0.14913,0.15092,0.14458,0.14554,28119.0
1752451200,0.14565,0.15158,0.1444,0.15104,461222.0
1752465600,0.15112,0.15632,0.15012,0.15278,39735.0
1752480000,0.15308,0.15316,0.14874,0.15018,36158.0
1752494400,0.14996,0.15145,0.14389,0.14491,38726.0
1752508800,0.14497,0.14647,0.14151,0.14228,68801.0
1752523200,0.1419,0.14466,0.14099,0.14443,34664.0
1752537600,0.14387,0.14514,0.13787,0.13966,38845.0
1752552000,0.13928,0.14475,0.13839,0.14259,40542.0
1752566400,0.14258,0.14334,0.14018,0.14195,33784.0
1752580800,0.14202,0.1458,0.1397,0.14491,46616.0
1752595200,0.14542,0.15136,0.14488,0.1466,44511.0
1752609600,0.1465,0.15312,0.14614,0.153,50500.0
1752624000,0.15309,0.15592,0.1499,0.1506,34896.0
1752638400,0.15099,0.15286,0.14953,0.1521,37181.0
1752652800,0.15164,0.15266,0.1495,0.15225,27084.0
1752667200,0.15245,0.15563,0.1516,0.15501,34646.0
1752681600,0.15544,0.16474,0.15502,0.16288,30287.0
1752696000,0.16323,0.16954,0.15933,0.15933,70743.0
1752710400,0.16002,0.1645,0.15344,0.15458,41974.0
1752724800,0.1543,0.16029,0.15371,0.15966,34941.0
1752739200,0.1595,0.16707,0.1593,0.16304,72155.0
1752753600,0.16296,0.16382,0.15732,0.15968,69345.0
1752768000,0.15924,0.15962,0.15279,0.15427,46985.0
1752782400,0.15397,0.1605,0.15085,0.15793,54898.0
1752796800,0.15745,0.1626,0.1566,0.16168,34767.0
1752811200,0.16163,0.16749,0.16153,0.16382,42167.0
1752825600,0.16227,0.16464,0.15859,0.15954,33113.0
1752840000,0.15978,0.16405,0.15433,0.15664,116330.0
1752854400,0.1569,0.15984,0.15398,0.15556,43165.0
1752868800,0.15527,0.15595,0.1495,0.15422,44897.0
1752883200,0.15422,0.15716,0.14933,0.15702,48784.0
1752897600,0.15701,0.15823,0.15509,0.1554,37896.0
1752912000,0.15507,0.15595,0.15204,0.15273,36473.0
1752926400,0.15273,0.15373,0.14882,0.14993,31877.0
1752940800,0.1501,0.15701,0.14941,0.15593,36628.0
1752955200,0.15601,0.15755,0.15398,0.15685,33564.0
1752969600,0.15665,0.15744,0.15456,0.15578,30306.0
1752984000,0.15568,0.15963,0.15506,0.15849,30734.0
1752998400,0.15893,0.1612,0.15879,0.16087,34815.0
1753012800,0.16062,0.16666,0.16056,0.16632,35353.0
1753027200,0.1663,0.17028,0.16522,0.1672,46612.0
1753041600,0.16518,0.16695,0.15949,0.1632,95976.0
1753056000,0.16316,0.16658,0.15874,0.16646,39959.0
1753070400,0.16637,0.16935,0.16448,0.16845,43720.0
1753084800,0.16856,0.17016,0.16596,0.16822,29664.0
1753099200,0.16724,0.17083,0.1654,0.16719,44295.0
1753113600,0.16665,0.16666,0.16032,0.16142,45287.0
1753128000,0.16138,0.16826,0.16073,0.16665,53471.0
1753142400,0.16636,0.16891,0.15883,0.16307,49723.0
1753156800,0.16348,0.16348,0.15627,0.15716,37787.0
1753171200,0.15689,0.15833,0.15231,0.15767,39095.0
1753185600,0.1573,0.16351,0.15621,0.16091,101289.0
1753200000,0.1604,0.16355,0.15785,0.159,44730.0
1753214400,0.15996,0.16498,0.15988,0.1649,35201.0
1753228800,0.16496,0.16496,0.15673,0.15687,65705.0
1753243200,0.15708,0.16123,0.15662,0.15704,49258.0
1753257600,0.15687,0.15906,0.1533,0.15556,52842.0
1753272000,0.15517,0.15584,0.14647,0.15043,190452.0
1753286400,0.15012,0.15028,0.14242,0.14572,71701.0
1753300800,0.14497,0.14517,0.13626,0.1422,99599.0
1753315200,0.1418,0.14512,0.14065,0.14258,38172.0
1753329600,0.1427,0.14316,0.12917,0.13439,197571.0
1753344000,0.13442,0.13853,0.13383,0.13806,44844.0
1753358400,0.13789,0.14195,0.135,0.1391,67999.0
1753372800,0.13929,0.14017,0.1356,0.13862,34475.0
1753387200,0.13831,0.13983,0.13597,0.13652,41403.0
1753401600,0.13641,0.13806,0.13144,0.1338,80665.0
1753416000,0.13401,0.13852,0.13172,0.13809,56928.0
1753430400,0.13822,0.14482,0.138,0.144,46668.0
1753444800,0.14397,0.14503,0.13821,0.14035,69129.0
1753459200,0.13995,0.14194,0.1386,0.14112,41652.0
1753473600,0.14084,0.14724,0.14084,0.14636,54561.0
1753488000,0.14636,0.14673,0.1441,0.1465,48863.0
1753502400,0.14654,0.14742,0.14497,0.14625,35678.0
1753516800,0.14631,0.14693,0.14495,0.14522,34855.0
1753531200,0.14519,0.14609,0.14367,0.14487,29361.0
1753545600,0.14502,0.14604,0.14302,0.14604,44615.0
1753560000,0.14594,0.14594,0.14244,0.14259,82376.0
1753574400,0.14271,0.14554,0.14218,0.14405,44582.0
1753588800,0.14427,0.14774,0.14424,0.14664,31310.0
1753603200,0.14685,0.15133,0.14555,0.14933,31187.0
1753617600,0.15056,0.15273,0.14872,0.15104,30635.0
1753632000,0.15119,0.15787,0.15119,0.15467,79543.0
1753646400,0.15478,0.15966,0.15384,0.15927,64180.0
1753660800,0.15909,0.1633,0.15647,0.15996,143546.0
1753675200,0.16006,0.16092,0.15719,0.15795,30633.0
1753689600,0.15789,0.15908,0.15608,0.15767,107789.0
1753704000,0.15763,0.16065,0.14977,0.1515,31075.0
1753718400,0.15112,0.15218,0.14616,0.14695,28723.0
1753732800,0.14724,0.14725,0.14297,0.14382,27443.0
1753747200,0.14338,0.14525,0.14002,0.14344,53801.0
1753761600,0.1435,0.14942,0.14263,0.14872,33475.0
1753776000,0.14852,0.15077,0.14416,0.14549,56239.0
1753790400,0.1456,0.14796,0.13971,0.14151,322245.0
1753804800,0.14159,0.14223,0.13877,0.14015,67062.0
1753819200,0.13995,0.14296,0.13803,0.14213,179316.0
1753833600,0.14195,0.1439,0.13887,0.14262,41081.0
1753848000,0.14324,0.14359,0.14052,0.14104,35104.0
1753862400,0.1414,0.14225,0.13424,0.13444,31055.0
1753876800,0.13496,0.13987,0.13324,0.13823,47161.0
1753891200,0.13843,0.14055,0.13068,0.13789,133545.0
1753905600,0.13791,0.13903,0.13559,0.13889,34314.0
1753920000,0.13861,0.14161,0.13814,0.14146,46218.0
1753934400,0.14155,0.14352,0.14113,0.14338,41907.0
1753948800,0.14342,0.14548,0.1433,0.14443,73236.0
1753963200,0.14478,0.15001,0.13933,0.14575,108775.0
1753977600,0.14566,0.15126,0.1447,0.14647,104023.0
1753992000,0.14675,0.14675,0.13672,0.13731,81949.0
1754006400,0.13717,0.13903,0.13318,0.13793,156457.0
1754020800,0.13782,0.13822,0.13548,0.13572,32848.0
1754035200,0.13493,0.13531,0.13193,0.13405,125934.0
1754049600,0.13394,0.13692,0.13056,0.13506,134982.0
1754064000,0.13516,0.1384,0.13222,0.1384,194005.0
1754078400,0.13833,0.13978,0.13159,0.13605,213590.0
1754092800,0.13577,0.13956,0.1352,0.1387,48117.0
1754107200,0.13909,0.13998,0.13344,0.13954,35549.0
1754121600,0.13926,0.13926,0.13461,0.13646,51323.0
1754136000,0.13627,0.13627,0.132,0.13242,53941.0
1754150400,0.13266,0.13384,0.12749,0.13036,131288.0
1754164800,0.13044,0.13255,0.12969,0.13152,66869.0
1754179200,0.13209,0.13444,0.12981,0.13359,103713.0
1754193600,0.13361,0.13429,0.13284,0.13361,53506.0
1754208000,0.13348,0.13746,0.13332,0.13674,34505.0
1754222400,0.13683,0.13755,0.13538,0.13637,38715.0
1754236800,0.13628,0.13784,0.1357,0.13648,33312.0
1754251200,0.13661,0.1383,0.13602,0.13719,31919.0
1754265600,0.13758,0.13993,0.13707,0.13735,38999.0
1754280000,0.13753,0.1379,0.13604,0.13749,31408.0
1754294400,0.13756,0.13817,0.13659,0.13659,18668.0
