t,o,h,l,c,v
1734436800,0.051052,0.054976,0.0353,0.0381,1391283520.0
1734451200,0.0381,0.039589,0.028958,0.031965,722903749.0
1734465600,0.031964,0.031965,0.027,0.028794,686845893.0
1734480000,0.028775,0.033181,0.026224,0.031138,598352253.0
1734494400,0.031134,0.031962,0.028177,0.030588,402907530.0
1734508800,0.030589,0.0378,0.030152,0.034021,545679726.0
1734523200,0.033999,0.034927,0.031021,0.034637,534147263.0
1734537600,0.034592,0.03971,0.033113,0.03658,835442447.0
1734552000,0.036577,0.03823,0.034667,0.035627,1116769786.0
1734566400,0.035626,0.036988,0.029993,0.033811,1084922936.0
1734580800,0.033705,0.034644,0.030663,0.033956,329901746.0
1734595200,0.033971,0.03421,0.030976,0.032164,211998252.0
1734609600,0.032164,0.032474,0.029179,0.030772,475231023.0
1734624000,0.030772,0.031681,0.0273,0.028055,595147838.0
1734638400,0.028062,0.0295,0.026848,0.028655,307320139.0
1734652800,0.028656,0.029944,0.028076,0.02895,131574854.0
1734667200,0.028915,0.029001,0.02714,0.027254,90234039.0
1734681600,0.027228,0.027411,0.022792,0.023048,515760767.0
1734696000,0.023058,0.027578,0.023051,0.026857,456747697.0
1734710400,0.026853,0.028,0.025914,0.027672,310640831.0
1734724800,0.027675,0.028672,0.026693,0.027875,149886787.0
1734739200,0.027859,0.032195,0.027391,0.029601,367571975.0
1734753600,0.029608,0.032365,0.029341,0.031081,337759346.0
1734768000,0.031081,0.03121,0.029816,0.030468,175312927.0
1734782400,0.030465,0.030845,0.028791,0.030546,184965376.0
1734796800,0.030521,0.031739,0.028958,0.029339,213391361.0
1734811200,0.029374,0.029686,0.028184,0.028632,127083718.0
1734825600,0.028622,0.028624,0.02641,0.026903,149678452.0
1734840000,0.026849,0.027221,0.025971,0.026616,85643463.0
1734854400,0.026616,0.027449,0.026219,0.026974,55790553.0
1734868800,0.026992,0.027257,0.025449,0.025806,91166811.0
1734883200,0.025836,0.02676,0.025645,0.025963,99046260.0
1734897600,0.025973,0.0265,0.025485,0.026015,113894721.0
1734912000,0.026002,0.027266,0.025206,0.027054,160729883.0
1734926400,0.027054,0.027165,0.025649,0.025996,73919106.0
1734940800,0.026012,0.028241,0.025951,0.027856,138321224.0
1734955200,0.027856,0.027945,0.026157,0.026343,181190493.0
1734969600,0.026342,0.028632,0.0262,0.028349,152920437.0
1734984000,0.028349,0.030964,0.028272,0.030276,241640890.0
1734998400,0.030275,0.030275,0.028237,0.028453,97379153.0
1735012800,0.028451,0.031953,0.028055,0.031189,208912092.0
1735027200,0.031202,0.036322,0.03052,0.035608,223488274.0
1735041600,0.035622,0.037658,0.0346,0.037103,187472271.0
1735056000,0.03709,0.037533,0.035041,0.035877,207435539.0
1735070400,0.035903,0.036359,0.035199,0.035927,98044031.0
1735084800,0.03581,0.039493,0.035803,0.035916,216260164.0
1735099200,0.035973,0.036282,0.034747,0.035684,82730677.0
1735113600,0.035709,0.036022,0.034383,0.034582,80321866.0
1735128000,0.034589,0.038375,0.034512,0.038138,103509247.0
1735142400,0.038029,0.03856,0.036474,0.036927,68020239.0
1735156800,0.036971,0.038109,0.036071,0.037777,103582817.0
1735171200,0.037817,0.0432,0.036536,0.042447,241604813.0
1735185600,0.042489,0.043545,0.038822,0.039192,141385398.0
1735200000,0.039226,0.040796,0.037772,0.039856,222706272.0
1735214400,0.039775,0.039833,0.036191,0.037156,357515318.0
1735228800,0.037159,0.038951,0.037,0.038417,167286536.0
1735243200,0.038383,0.038903,0.037703,0.038175,53834292.0
1735257600,0.03816,0.03834,0.035706,0.036677,104375246.0
1735272000,0.036666,0.037229,0.035104,0.035513,113931880.0
1735286400,0.035549,0.03697,0.035008,0.035512,178196990.0
1735300800,0.035446,0.035756,0.034079,0.034348,191855253.0
1735315200,0.034495,0.034873,0.033305,0.034298,157884962.0
1735329600,0.034246,0.034388,0.033543,0.033943,51641337.0
1735344000,0.033913,0.034491,0.033368,0.034236,62653346.0
1735358400,0.034262,0.034411,0.033192,0.033868,27415455.0
1735372800,0.033882,0.035675,0.033679,0.0354,64806028.0
1735387200,0.035387,0.036455,0.034141,0.036189,71685862.0
1735401600,0.03615,0.036578,0.035386,0.036213,108283255.0
1735416000,0.036199,0.037,0.035682,0.036081,86619616.0
1735430400,0.036009,0.036533,0.03517,0.03554,54973878.0
1735444800,0.035531,0.036153,0.035278,0.03541,17123099.0
1735459200,0.035414,0.035657,0.034918,0.035443,37814882.0
1735473600,0.035412,0.035521,0.033471,0.033496,48883229.0
1735488000,0.0335,0.033903,0.03244,0.032682,108604998.0
1735502400,0.032756,0.032759,0.031512,0.031932,101195763.0
1735516800,0.031935,0.033,0.03184,0.032117,134559384.0
1735531200,0.032057,0.0331,0.031805,0.032792,50792234.0
1735545600,0.032782,0.033075,0.032065,0.032281,45622878.0
1735560000,0.03227,0.032427,0.030168,0.030813,148686626.0
1735574400,0.030796,0.032143,0.030437,0.032021,91539209.0
1735588800,0.032019,0.032209,0.030617,0.031021,68719084.0
1735603200,0.03108,0.03108,0.030082,0.030219,45657241.0
1735617600,0.030207,0.030407,0.029607,0.029956,42763489.0
1735632000,0.029962,0.031004,0.029962,0.030531,45988982.0
1735646400,0.03054,0.033675,0.030194,0.033313,176128961.0
1735660800,0.03331,0.034338,0.032107,0.034296,227542414.0
1735675200,0.034295,0.034442,0.03294,0.033347,218297932.0
1735689600,0.033332,0.035798,0.032972,0.035228,121574319.0
1735704000,0.035226,0.035226,0.033953,0.034497,180777633.0
1735718400,0.034621,0.034917,0.033271,0.034402,152685112.0
1735732800,0.034419,0.034771,0.033268,0.034699,66528506.0
1735747200,0.034791,0.036565,0.033863,0.036564,110142911.0
1735761600,0.036565,0.040062,0.036464,0.03924,346024539.0
1735776000,0.039247,0.040837,0.038168,0.038819,396593297.0
1735790400,0.038819,0.039326,0.038097,0.038293,152939850.0
1735804800,0.038296,0.038416,0.037028,0.037792,82718202.0
1735819200,0.037792,0.038543,0.037291,0.037484,76097675.0
1735833600,0.037582,0.038697,0.037342,0.037351,102556279.0
1735848000,0.037416,0.037712,0.036795,0.037244,44599985.0
1735862400,0.037232,0.03755,0.0366,0.036749,46114160.0
1735876800,0.036694,0.036779,0.035752,0.035865,51523935.0
1735891200,0.03584,0.036053,0.034818,0.035254,136712763.0
1735905600,0.035245,0.036439,0.034141,0.036417,101415566.0
1735920000,0.036394,0.03766,0.036088,0.036746,107679765.0
1735934400,0.036748,0.037592,0.036152,0.037257,82192651.0
1735948800,0.03724,0.037612,0.036267,0.03659,62479939.0
1735963200,0.036572,0.037979,0.036178,0.03738,118352698.0
1735977600,0.03738,0.03738,0.035719,0.036304,48017374.0
1735992000,0.036322,0.041511,0.036045,0.039233,291767823.0
1736006400,0.039205,0.041662,0.03896,0.041515,121521733.0
1736020800,0.041439,0.042293,0.040175,0.040534,159456181.0
1736035200,0.040538,0.042539,0.04,0.040703,108148286.0
1736049600,0.040694,0.041902,0.040542,0.040768,64428974.0
1736064000,0.040765,0.043414,0.039853,0.043199,85782238.0
1736078400,0.043168,0.044593,0.04162,0.04254,302568241.0
1736092800,0.042518,0.04254,0.040368,0.040422,76943154.0
1736107200,0.040354,0.040699,0.039848,0.04008,73119420.0
1736121600,0.040122,0.042294,0.039488,0.041991,203673034.0
1736136000,0.041981,0.042583,0.04128,0.042075,156016753.0
1736150400,0.042069,0.045949,0.041631,0.045623,134732906.0
1736164800,0.045665,0.047075,0.043759,0.044771,208902260.0
1736179200,0.044756,0.045737,0.043982,0.044752,166302337.0
1736193600,0.044681,0.04524,0.042465,0.043091,145013722.0
1736208000,0.043081,0.043883,0.04234,0.042449,106113162.0
1736222400,0.042449,0.04275,0.041589,0.041761,186341263.0
1736236800,0.041763,0.042527,0.04129,0.04136,96040994.0
1736251200,0.041391,0.041876,0.038918,0.039506,233486352.0
1736265600,0.03953,0.039778,0.037674,0.03777,256431730.0
1736280000,0.037778,0.038661,0.03715,0.037263,119691382.0
1736294400,0.037268,0.038006,0.03642,0.036631,98365758.0
1736308800,0.036641,0.037211,0.035696,0.035773,105534884.0
1736323200,0.035903,0.037739,0.035775,0.036349,81848796.0
1736337600,0.036355,0.036536,0.034661,0.035055,117123508.0
1736352000,0.035064,0.035139,0.03264,0.034356,329887870.0
1736366400,0.034343,0.036584,0.034109,0.035963,72064172.0
1736380800,0.035933,0.03736,0.035065,0.035182,105167672.0
1736395200,0.035228,0.035267,0.033012,0.033157,86292644.0
1736409600,0.033189,0.033984,0.032608,0.032781,105389418.0
1736424000,0.032781,0.035263,0.031367,0.034924,177624590.0
1736438400,0.034893,0.035498,0.032976,0.033085,169094037.0
1736452800,0.033096,0.03381,0.032379,0.033319,77486452.0
1736467200,0.033367,0.03432,0.033361,0.034286,85295356.0
1736481600,0.034349,0.035411,0.033495,0.035276,120268738.0
1736496000,0.035243,0.035857,0.034664,0.03526,58118146.0
1736510400,0.035228,0.035326,0.032288,0.033065,123614247.0
1736524800,0.033076,0.034725,0.032389,0.034373,59065739.0
1736539200,0.034371,0.034502,0.03335,0.033514,41335694.0
1736553600,0.033492,0.03382,0.032853,0.032961,49398960.0
1736568000,0.033057,0.033311,0.032399,0.032694,22608942.0
1736582400,0.032791,0.033412,0.032429,0.033188,32691046.0
1736596800,0.033173,0.033299,0.032357,0.032441,16244640.0
1736611200,0.032535,0.032758,0.031642,0.032467,103224324.0
1736625600,0.032443,0.033819,0.032253,0.032954,109679252.0
1736640000,0.03297,0.033225,0.032645,0.032933,23813391.0
1736654400,0.032947,0.03327,0.03237,0.032695,13725467.0
1736668800,0.032724,0.033024,0.03149,0.032416,74407759.0
1736683200,0.03242,0.034064,0.032167,0.033863,109414131.0
1736697600,0.033842,0.034164,0.032878,0.033026,52814286.0
1736712000,0.03315,0.033202,0.031774,0.032533,60620528.0
1736726400,0.032517,0.034252,0.031161,0.031381,142419983.0
1736740800,0.031373,0.031407,0.02969,0.029864,176050076.0
1736755200,0.029863,0.029964,0.028088,0.028137,222489486.0
1736769600,0.028137,0.030174,0.028011,0.029569,338234207.0
1736784000,0.029569,0.030026,0.028302,0.0295,269252701.0
1736798400,0.029452,0.03187,0.02928,0.031381,184606924.0
1736812800,0.031379,0.031901,0.031011,0.031377,167522018.0
1736827200,0.031378,0.032299,0.031378,0.032131,66583139.0
1736841600,0.032182,0.033618,0.031971,0.032235,143096137.0
1736856000,0.032234,0.033291,0.031613,0.032703,93292654.0
1736870400,0.0327,0.032947,0.032013,0.0325,72358307.0
1736884800,0.032481,0.032724,0.031811,0.032054,132776838.0
1736899200,0.03206,0.032348,0.03115,0.031754,91852823.0
1736913600,0.0318,0.031978,0.031207,0.031286,76933155.0
1736928000,0.031283,0.03149,0.030205,0.030691,80695423.0
1736942400,0.030689,0.035266,0.030444,0.034711,383033248.0
1736956800,0.034711,0.03618,0.034256,0.035872,286269911.0
1736971200,0.035891,0.036047,0.035171,0.035554,161114283.0
1736985600,0.035576,0.035622,0.034107,0.034577,103442610.0
1737000000,0.034587,0.034672,0.033682,0.034267,37914022.0
1737014400,0.034259,0.034334,0.033238,0.033879,84767034.0
1737028800,0.033861,0.034264,0.03188,0.032568,220478885.0
1737043200,0.032564,0.033371,0.032547,0.033314,146167415.0
1737057600,0.033342,0.033418,0.032311,0.032721,160550520.0
1737072000,0.032668,0.034213,0.032648,0.032929,197749505.0
1737086400,0.032929,0.033292,0.032673,0.03284,99208419.0
1737100800,0.032847,0.033931,0.032846,0.033097,95292680.0
1737115200,0.033084,0.033501,0.032315,0.032544,146361184.0
1737129600,0.032544,0.032665,0.031527,0.031697,175359115.0
1737144000,0.031721,0.03299,0.031685,0.032531,303618160.0
1737158400,0.032514,0.033122,0.029531,0.029546,433379037.0
1737172800,0.029529,0.029878,0.028014,0.028505,301580924.0
1737187200,0.028473,0.028616,0.027587,0.027928,167665841.0
1737201600,0.027915,0.028005,0.026641,0.027462,169548746.0
1737216000,0.027475,0.028156,0.027,0.027607,143407920.0
1737230400,0.027607,0.029922,0.027481,0.029603,322906412.0
1737244800,0.029607,0.030023,0.028563,0.028819,192908469.0
1737259200,0.02882,0.028845,0.027162,0.02766,178128230.0
1737273600,0.027754,0.027754,0.025262,0.025573,550853818.0
1737288000,0.025585,0.029781,0.025583,0.028385,255500614.0
1737302400,0.028412,0.029035,0.027999,0.028723,182031611.0
1737316800,0.028704,0.029673,0.025186,0.025343,595911704.0
1737331200,0.025358,0.02538,0.023302,0.024795,737625317.0
1737345600,0.024794,0.027387,0.024202,0.026516,237165211.0
1737360000,0.026513,0.026651,0.025038,0.025358,108286758.0
1737374400,0.025363,0.025477,0.023304,0.023618,208701743.0
1737388800,0.023628,0.024864,0.022068,0.024533,537681386.0
1737403200,0.024469,0.025285,0.02414,0.024665,124488379.0
1737417600,0.024684,0.025057,0.023647,0.023659,144435100.0
1737432000,0.023648,0.024241,0.022853,0.02392,75150895.0
1737446400,0.023907,0.024319,0.023569,0.024177,37473343.0
1737460800,0.024137,0.024237,0.022394,0.022616,86239719.0
1737475200,0.022604,0.024599,0.022519,0.024204,332652736.0
1737489600,0.024159,0.024339,0.023245,0.023631,108586199.0
1737504000,0.023617,0.024181,0.023263,0.024121,68440333.0
1737518400,0.024122,0.024539,0.02321,0.024344,158884288.0
1737532800,0.024348,0.024406,0.023404,0.023952,69719353.0
1737547200,0.023955,0.025865,0.022943,0.025744,313063217.0
1737561600,0.02575,0.026741,0.025271,0.025872,384958688.0
1737576000,0.025869,0.026291,0.024146,0.024266,317280807.0
1737590400,0.024266,0.025614,0.024199,0.024974,198222367.0
1737604800,0.024977,0.026076,0.02468,0.02589,144255609.0
1737619200,0.025844,0.0261,0.024188,0.024265,80918456.0
1737633600,0.024262,0.0251,0.023762,0.024506,296564835.0
1737648000,0.024514,0.02536,0.024027,0.024087,154523189.0
1737662400,0.024116,0.0248,0.02311,0.02393,242294451.0
1737676800,0.023923,0.024255,0.023047,0.023433,126527043.0
1737691200,0.023381,0.025773,0.023182,0.025391,260307006.0
1737705600,0.025391,0.025622,0.024779,0.025419,53176808.0
1737720000,0.025425,0.025481,0.024177,0.024434,60024102.0
1737734400,0.024479,0.024797,0.024088,0.024155,73033708.0
1737748800,0.024175,0.024275,0.022685,0.022746,98066750.0
1737763200,0.022757,0.022757,0.021914,0.022589,199852140.0
1737777600,0.022585,0.023399,0.022311,0.022419,144509402.0
1737792000,0.022413,0.022819,0.022073,0.022486,93883032.0
1737806400,0.022459,0.022978,0.021695,0.022746,202183116.0
1737820800,0.022731,0.022745,0.022045,0.022571,144934479.0
1737835200,0.022648,0.023324,0.022516,0.023069,95804995.0
1737849600,0.023063,0.023857,0.022953,0.02382,72084440.0
1737864000,0.023817,0.025351,0.023817,0.024634,185704032.0
1737878400,0.024605,0.025216,0.023939,0.02518,131127505.0
1737892800,0.02516,0.026373,0.024813,0.025776,202559304.0
1737907200,0.025773,0.027461,0.025604,0.026913,335292414.0
1737921600,0.026911,0.027019,0.024586,0.02472,301495581.0
1737936000,0.024745,0.025054,0.023422,0.023634,290448158.0
1737950400,0.023638,0.023651,0.02143,0.022107,350707540.0
1737964800,0.022106,0.022189,0.020687,0.021049,279048995.0
1737979200,0.021045,0.0233,0.020894,0.022992,375874726.0
1737993600,0.022991,0.023429,0.021205,0.021257,288600166.0
1738008000,0.02125,0.022013,0.021118,0.021278,242291959.0
1738022400,0.021265,0.021794,0.017309,0.019094,1774024459.0
1738036800,0.019084,0.019549,0.018461,0.018536,298966889.0
1738051200,0.018521,0.018537,0.017647,0.017864,203429302.0
1738065600,0.017877,0.017913,0.016813,0.017341,427220447.0
1738080000,0.017329,0.017891,0.0169,0.017163,252531763.0
1738094400,0.017129,0.017208,0.015323,0.015487,398256043.0
1738108800,0.015558,0.016751,0.015207,0.016374,388248698.0
1738123200,0.016374,0.016614,0.016167,0.016451,230417329.0
1738137600,0.016521,0.016732,0.015926,0.016238,245842489.0
1738152000,0.016217,0.01631,0.015408,0.015877,187612843.0
1738166400,0.015874,0.016522,0.015353,0.016139,336404562.0
1738180800,0.016131,0.016865,0.014954,0.015033,449833680.0
1738195200,0.015053,0.015641,0.014765,0.01547,243694669.0
1738209600,0.015476,0.015566,0.014936,0.015231,145223919.0
1738224000,0.015248,0.015502,0.014949,0.015341,106729366.0
1738238400,0.015321,0.015369,0.014758,0.014897,155355609.0
1738252800,0.0149,0.015359,0.01441,0.015302,278245610.0
1738267200,0.015296,0.015864,0.014679,0.01469,309634909.0
1738281600,0.014686,0.014916,0.014155,0.014445,256098579.0
1738296000,0.014443,0.014545,0.014031,0.014102,64600825.0
1738310400,0.014096,0.014465,0.013799,0.014434,143469757.0
1738324800,0.014442,0.015566,0.014284,0.015162,255330130.0
1738339200,0.01516,0.015858,0.014455,0.015224,269189625.0
1738353600,0.015223,0.01564,0.014675,0.01479,411756348.0
1738368000,0.014788,0.01714,0.014757,0.016403,506532431.0
1738382400,0.016406,0.016416,0.014836,0.01494,231719866.0
1738396800,0.01495,0.015449,0.014459,0.015424,108216763.0
1738411200,0.015323,0.015952,0.015103,0.015764,168541787.0
1738425600,0.015772,0.016171,0.014764,0.014831,169239716.0
1738440000,0.014822,0.01488,0.013256,0.01354,426517370.0
1738454400,0.013555,0.014222,0.013413,0.013682,115913728.0
1738468800,0.013673,0.014466,0.013529,0.01415,121971042.0
1738483200,0.014106,0.014109,0.013472,0.013615,67610317.0
1738497600,0.013597,0.014122,0.013368,0.013822,98444417.0
1738512000,0.013821,0.013821,0.012026,0.012943,259450980.0
1738526400,0.012931,0.013471,0.012083,0.013017,132194929.0
1738540800,0.013024,0.013024,0.009443,0.010627,759795754.0
1738555200,0.010625,0.011615,0.01023,0.011576,229672020.0
1738569600,0.011578,0.012191,0.011175,0.011671,200243561.0
1738584000,0.011679,0.013326,0.011432,0.013075,254667496.0
1738598400,0.013073,0.013391,0.012721,0.013109,120965312.0
1738612800,0.013078,0.01394,0.012942,0.013582,180012610.0
1738627200,0.013564,0.013574,0.012773,0.012983,216018820.0
1738641600,0.012989,0.013274,0.012037,0.0121,147596450.0
1738656000,0.012134,0.012645,0.011995,0.012476,51203638.0
1738670400,0.012496,0.01349,0.012425,0.013061,118628056.0
1738684800,0.013077,0.013813,0.012955,0.012955,149982648.0
1738699200,0.012967,0.013187,0.012443,0.013071,110934583.0
1738713600,0.013085,0.014,0.013037,0.01349,148031304.0
1738728000,0.013489,0.01389,0.013286,0.013496,73400526.0
1738742400,0.013492,0.013666,0.012888,0.013,87171278.0
1738756800,0.013069,0.013124,0.012496,0.012639,117113519.0
1738771200,0.01261,0.012645,0.011607,0.011808,303437916.0
1738785600,0.01189,0.012036,0.011515,0.011661,151893645.0
1738800000,0.01167,0.012086,0.011581,0.011752,88921397.0
1738814400,0.011733,0.012029,0.011648,0.011708,36648073.0
1738828800,0.01172,0.011878,0.011233,0.011569,52614986.0
1738843200,0.011585,0.011645,0.010783,0.010847,101522833.0
1738857600,0.010844,0.011383,0.010832,0.010902,121619849.0
1738872000,0.010878,0.011109,0.010535,0.010685,53695695.0
1738886400,0.010662,0.011166,0.010656,0.010742,39589136.0
1738900800,0.010759,0.010962,0.01052,0.010719,83391032.0
1738915200,0.010733,0.011082,0.01064,0.010881,83605413.0
1738929600,0.010872,0.012227,0.0107,0.011144,569523604.0
1738944000,0.011148,0.011216,0.010244,0.010301,157758898.0
1738958400,0.010299,0.010327,0.009715,0.010141,183473985.0
1738972800,0.010189,0.010391,0.010117,0.010202,67203913.0
1738987200,0.010182,0.010364,0.01006,0.010251,31809458.0
1739001600,0.010256,0.010449,0.010145,0.010339,43059888.0
1739016000,0.010338,0.010723,0.010315,0.010491,71392230.0
1739030400,0.010513,0.010818,0.010356,0.01072,96655020.0
1739044800,0.010714,0.010732,0.010424,0.010547,36197131.0
1739059200,0.010549,0.010871,0.010313,0.010803,112116833.0
1739073600,0.010839,0.010839,0.010417,0.010531,64981461.0
1739088000,0.010543,0.010856,0.010487,0.010492,33034999.0
1739102400,0.010491,0.010535,0.010102,0.010245,55577477.0
1739116800,0.010246,0.010283,0.009656,0.009748,83182109.0
1739131200,0.009741,0.010061,0.009263,0.010024,354888609.0
1739145600,0.010024,0.010363,0.009526,0.010109,224159450.0
1739160000,0.010061,0.010494,0.01003,0.01017,123712103.0
1739174400,0.010184,0.01047,0.010138,0.010358,46801347.0
1739188800,0.010362,0.010748,0.010165,0.010291,82331270.0
1739203200,0.010301,0.010466,0.010061,0.010086,75367070.0
1739217600,0.010085,0.010207,0.009906,0.010028,58935643.0
1739232000,0.010068,0.010779,0.01004,0.010583,119241542.0
1739246400,0.010568,0.01109,0.0105,0.01087,65655596.0
1739260800,0.010885,0.010929,0.010396,0.010441,29877955.0
1739275200,0.010459,0.010653,0.010117,0.010309,76620891.0
1739289600,0.010319,0.010407,0.009856,0.009903,103794705.0
1739304000,0.009899,0.010052,0.009758,0.009997,91436412.0
1739318400,0.009979,0.010138,0.009779,0.009787,44355883.0
1739332800,0.009787,0.009926,0.009599,0.009733,75999232.0
1739347200,0.009713,0.009925,0.009572,0.009848,107780558.0
1739361600,0.009846,0.010081,0.009245,0.009546,218186313.0
1739376000,0.009549,0.009886,0.009294,0.009792,99001041.0
1739390400,0.009804,0.01058,0.009754,0.010564,341062370.0
1739404800,0.010565,0.011377,0.010406,0.011019,150966407.0
1739419200,0.011053,0.011056,0.010396,0.010396,56986890.0
1739433600,0.010389,0.010502,0.009915,0.009918,101004240.0
1739448000,0.009937,0.010038,0.00942,0.009614,177160293.0
1739462400,0.009601,0.010569,0.009406,0.010319,199821888.0
1739476800,0.010318,0.010564,0.00995,0.010123,62770541.0
1739491200,0.010148,0.010495,0.01007,0.010472,26568326.0
1739505600,0.010466,0.010704,0.010233,0.010541,36346638.0
1739520000,0.010551,0.011122,0.010443,0.0107,86983259.0
1739534400,0.010678,0.011369,0.01057,0.010897,78679679.0
1739548800,0.010901,0.011572,0.01067,0.011099,205542420.0
1739563200,0.011095,0.011146,0.010491,0.010782,145534397.0
1739577600,0.010753,0.011072,0.010548,0.010792,41953631.0
1739592000,0.010806,0.010807,0.010306,0.010406,48057573.0
1739606400,0.010419,0.0105,0.010094,0.010175,33022092.0
1739620800,0.010173,0.010326,0.009968,0.010061,49606939.0
1739635200,0.010061,0.010082,0.009902,0.009951,61320012.0
1739649600,0.009959,0.010174,0.009849,0.010103,78316336.0
1739664000,0.010101,0.010198,0.009839,0.010009,31141625.0
1739678400,0.009999,0.010067,0.00985,0.00988,26187164.0
1739692800,0.009892,0.010078,0.009866,0.010041,17118154.0
1739707200,0.010026,0.010026,0.00966,0.009779,30472069.0
1739721600,0.009771,0.009866,0.009576,0.009715,48062354.0
1739736000,0.009709,0.009757,0.009574,0.00967,46793700.0
1739750400,0.009652,0.009828,0.009549,0.009652,21573400.0
1739764800,0.009638,0.009696,0.009288,0.009508,52370228.0
1739779200,0.009505,0.009798,0.009454,0.009745,20502194.0
1739793600,0.009743,0.01001,0.009494,0.00953,64286875.0
1739808000,0.009523,0.009585,0.009053,0.00912,78314238.0
1739822400,0.009115,0.009308,0.009115,0.009239,40219771.0
1739836800,0.00923,0.00931,0.00911,0.009166,21919001.0
1739851200,0.009166,0.009183,0.008652,0.008791,135485477.0
1739865600,0.008789,0.008924,0.008653,0.008819,72776035.0
1739880000,0.008814,0.008933,0.008179,0.008179,152315820.0
1739894400,0.008178,0.008272,0.007793,0.008205,175158911.0
1739908800,0.00821,0.008349,0.008098,0.008244,39818938.0
1739923200,0.008262,0.008323,0.00811,0.008238,44880152.0
1739937600,0.00825,0.008345,0.008044,0.008312,41504533.0
1739952000,0.008299,0.008396,0.008224,0.008382,27141479.0
1739966400,0.008388,0.0084,0.008067,0.008067,33865254.0
1739980800,0.008073,0.008246,0.007961,0.008041,48948930.0
1739995200,0.008031,0.008128,0.007841,0.007989,22804392.0
1740009600,0.007988,0.008178,0.007931,0.008101,13797759.0
1740024000,0.008122,0.008268,0.007969,0.008105,132753408.0
1740038400,0.008103,0.008556,0.00808,0.00854,30129807.0
1740052800,0.008536,0.008779,0.008146,0.00818,77105818.0
1740067200,0.008146,0.008676,0.008134,0.008595,75544377.0
1740081600,0.008599,0.00872,0.00845,0.008679,44929060.0
1740096000,0.008674,0.008807,0.008475,0.008508,47379939.0
1740110400,0.008511,0.00877,0.008511,0.008702,40264105.0
1740124800,0.008706,0.009175,0.008706,0.008975,43223190.0
1740139200,0.008993,0.009552,0.00872,0.008761,92783228.0
1740153600,0.00873,0.009074,0.008326,0.008431,75942578.0
1740168000,0.008445,0.008553,0.008262,0.008395,82689905.0
1740182400,0.008387,0.008467,0.008225,0.008268,24439585.0
1740196800,0.008245,0.008516,0.008232,0.008363,14943960.0
1740211200,0.008396,0.008912,0.008349,0.008834,41419560.0
1740225600,0.008849,0.009068,0.008697,0.009068,25918131.0
1740240000,0.009065,0.009219,0.008807,0.008837,43070607.0
1740254400,0.008841,0.009317,0.008781,0.008934,24717403.0
1740268800,0.0089,0.008946,0.008673,0.008691,23173433.0
1740283200,0.008691,0.008916,0.008601,0.008875,16879737.0
1740297600,0.008895,0.008905,0.008582,0.008607,7978563.0
1740312000,0.008593,0.008629,0.008209,0.008249,19495196.0
1740326400,0.008236,0.008384,0.008212,0.008327,20544874.0
1740340800,0.008327,0.008904,0.008259,0.00865,45631620.0
1740355200,0.008641,0.008977,0.0085,0.008559,36079595.0
1740369600,0.008539,0.008706,0.008245,0.008595,21634101.0
1740384000,0.008578,0.008668,0.008188,0.008407,37073784.0
1740398400,0.008367,0.008448,0.007891,0.008,69101948.0
1740412800,0.008009,0.008092,0.007597,0.007705,41100309.0
1740427200,0.007712,0.007884,0.007009,0.00721,104078310.0
1740441600,0.00722,0.007331,0.006986,0.007184,67242071.0
1740456000,0.007162,0.007267,0.006722,0.006985,82353800.0
1740470400,0.006982,0.00747,0.006824,0.007437,109500023.0
1740484800,0.007435,0.008035,0.007428,0.007974,106576941.0
1740499200,0.007964,0.008354,0.007815,0.00834,59377771.0
1740513600,0.008367,0.008533,0.008052,0.008052,22146111.0
1740528000,0.008047,0.008267,0.007946,0.00816,33753286.0
1740542400,0.008155,0.008448,0.008122,0.008262,23499589.0
1740556800,0.008242,0.008347,0.007965,0.007995,23654886.0
1740571200,0.008009,0.008464,0.00794,0.008355,63762186.0
1740585600,0.008367,0.008512,0.007874,0.007968,87669925.0
1740600000,0.007969,0.008479,0.007908,0.008326,50746184.0
1740614400,0.008351,0.008612,0.008325,0.008508,34655130.0
1740628800,0.008511,0.008869,0.008386,0.008594,26469193.0
1740643200,0.0086,0.008601,0.008299,0.008455,16106618.0
1740657600,0.008458,0.008461,0.008242,0.008304,24123564.0
1740672000,0.008292,0.008357,0.00814,0.008145,14406017.0
1740686400,0.00815,0.00817,0.008,0.00809,32532136.0
1740700800,0.008093,0.008139,0.007691,0.007703,32897476.0
1740715200,0.007711,0.007862,0.0076,0.007646,32742778.0
1740729600,0.007637,0.007847,0.007616,0.007723,28688557.0
1740744000,0.007714,0.008913,0.007704,0.008852,89193394.0
1740758400,0.008856,0.009504,0.008849,0.009108,176042222.0
1740772800,0.009114,0.009327,0.009001,0.009085,42509577.0
1740787200,0.009119,0.009264,0.008937,0.00909,62643960.0
1740801600,0.00909,0.009313,0.008991,0.009254,35322793.0
1740816000,0.009295,0.009314,0.008753,0.008786,31756672.0
1740830400,0.008784,0.009027,0.008729,0.008806,22694887.0
1740844800,0.008806,0.008837,0.008667,0.00868,37082571.0
1740859200,0.008692,0.008819,0.008653,0.008759,18772213.0
1740873600,0.008739,0.008935,0.008729,0.008824,21529760.0
1740888000,0.008829,0.008944,0.008725,0.008849,13801004.0
1740902400,0.008843,0.008903,0.008718,0.008811,12015131.0
1740916800,0.008787,0.00903,0.008482,0.008821,113182422.0
1740931200,0.00885,0.009357,0.008843,0.009196,194667048.0
1740945600,0.009188,0.009368,0.009072,0.009243,94475590.0
1740960000,0.009238,0.009258,0.008607,0.008669,28047374.0
1740974400,0.008678,0.00885,0.008321,0.008457,34121675.0
1740988800,0.008471,0.008512,0.008222,0.008327,21871565.0
1741003200,0.008327,0.008396,0.007865,0.007925,32467020.0
1741017600,0.007936,0.007977,0.007053,0.007097,26167943.0
1741032000,0.007125,0.007204,0.006926,0.007091,64172840.0
1741046400,0.007088,0.007165,0.006515,0.00685,182168224.0
1741060800,0.006858,0.006939,0.006668,0.006673,21981212.0
1741075200,0.006679,0.006813,0.006618,0.006659,36077857.0
1741089600,0.006662,0.006849,0.006443,0.00671,96981485.0
1741104000,0.006717,0.006832,0.006241,0.006786,67923270.0
1741118400,0.006781,0.00687,0.006614,0.006729,29271689.0
1741132800,0.006725,0.00676,0.006581,0.006581,14896248.0
1741147200,0.006578,0.006612,0.006468,0.00656,43536917.0
1741161600,0.006568,0.006806,0.006497,0.006549,76137894.0
1741176000,0.006556,0.006647,0.006402,0.006485,42092043.0
1741190400,0.006491,0.006665,0.006356,0.006624,45239376.0
1741204800,0.006627,0.006688,0.006563,0.006567,16783690.0
1741219200,0.006565,0.006661,0.006429,0.006519,33746585.0
1741233600,0.006511,0.006625,0.006434,0.006463,22626926.0
1741248000,0.006458,0.006685,0.006455,0.006651,19182270.0
1741262400,0.006653,0.006662,0.006438,0.006552,68661261.0
1741276800,0.006553,0.006566,0.006009,0.006237,58174669.0
1741291200,0.006238,0.00629,0.006185,0.006207,39200724.0
1741305600,0.006209,0.006297,0.005909,0.006289,41445924.0
1741320000,0.006279,0.006461,0.006279,0.006325,16125099.0
1741334400,0.006324,0.006503,0.006258,0.006315,36026996.0
1741348800,0.006316,0.006748,0.006185,0.006516,550387006.0
1741363200,0.006515,0.006918,0.006465,0.006602,162967730.0
1741377600,0.006594,0.006648,0.006338,0.006375,96722266.0
1741392000,0.006386,0.006554,0.006345,0.006416,164911948.0
1741406400,0.006414,0.006484,0.006322,0.006427,23662411.0
1741420800,0.006432,0.006533,0.006277,0.006333,16403489.0
1741435200,0.006329,0.006348,0.005954,0.006035,52584532.0
1741449600,0.006027,0.006258,0.005958,0.006204,20528272.0
1741464000,0.006204,0.006211,0.00591,0.006076,15221291.0
1741478400,0.006077,0.006209,0.006061,0.006185,8016307.0
1741492800,0.006177,0.006259,0.006125,0.006167,6620598.0
1741507200,0.006164,0.006204,0.006053,0.006095,21786344.0
1741521600,0.006083,0.006118,0.005354,0.005416,75515343.0
1741536000,0.005411,0.005536,0.005294,0.005485,108924629.0
1741550400,0.00545,0.005613,0.005352,0.005514,42488060.0
1741564800,0.005517,0.005745,0.005489,0.005581,41082316.0
1741579200,0.005577,0.005809,0.005577,0.005738,16049713.0
1741593600,0.005739,0.005966,0.005674,0.005899,73718849.0
1741608000,0.005897,0.005943,0.005576,0.005733,125352992.0
1741622400,0.005717,0.00575,0.005462,0.005677,85070132.0
1741636800,0.005688,0.005732,0.005595,0.005611,32256677.0
1741651200,0.005605,0.005765,0.005094,0.005662,346546534.0
1741665600,0.005656,0.005894,0.005649,0.005832,61381091.0
1741680000,0.005817,0.005866,0.005648,0.005781,42098939.0
1741694400,0.005784,0.005998,0.005614,0.005858,62004909.0
1741708800,0.005851,0.006076,0.005799,0.006014,30878996.0
1741723200,0.006015,0.006318,0.00593,0.006204,109100118.0
1741737600,0.006205,0.006314,0.005946,0.005948,52816235.0
1741752000,0.005949,0.005988,0.005802,0.005909,20196258.0
1741766400,0.005915,0.006177,0.005892,0.00611,20271084.0
1741780800,0.006113,0.006416,0.005753,0.005786,92721111.0
1741795200,0.005792,0.006076,0.005783,0.005938,45382084.0
1741809600,0.005937,0.006074,0.005922,0.006012,25863042.0
1741824000,0.006007,0.006027,0.005903,0.005907,23590551.0
1741838400,0.005907,0.005933,0.005795,0.005864,16449161.0
1741852800,0.005865,0.006101,0.00582,0.006002,13107920.0
1741867200,0.006005,0.007137,0.005977,0.006483,436096695.0
1741881600,0.006481,0.006529,0.006065,0.00614,179029888.0
1741896000,0.006141,0.006153,0.005704,0.005942,158618335.0
1741910400,0.00594,0.006384,0.005906,0.006332,157588030.0
1741924800,0.006334,0.00665,0.006302,0.006377,159050691.0
1741939200,0.006376,0.00647,0.006311,0.006313,60729825.0
1741953600,0.006317,0.006729,0.006243,0.006655,106303350.0
1741968000,0.006673,0.006808,0.006396,0.006444,104588117.0
1741982400,0.006444,0.006631,0.006436,0.006545,33674326.0
1741996800,0.006558,0.006807,0.006534,0.006769,66565142.0
1742011200,0.006777,0.006842,0.006682,0.0068,43626128.0
1742025600,0.006803,0.006835,0.006627,0.006743,83768459.0
1742040000,0.006749,0.00695,0.006658,0.006793,39621291.0
1742054400,0.006822,0.006822,0.006582,0.006681,85446843.0
1742068800,0.006688,0.006801,0.006664,0.0067,19847310.0
1742083200,0.006709,0.006759,0.006618,0.006647,45558939.0
1742097600,0.006647,0.006672,0.006581,0.006593,14389929.0
1742112000,0.006618,0.006903,0.006534,0.006691,47950013.0
1742126400,0.00669,0.0068,0.006429,0.006611,24999429.0
1742140800,0.006614,0.006844,0.006371,0.006398,56019943.0
1742155200,0.006399,0.006621,0.006305,0.006355,11485461.0
1742169600,0.006353,0.006555,0.006328,0.006475,23530094.0
1742184000,0.006486,0.006827,0.006453,0.006798,28850383.0
1742198400,0.006796,0.007225,0.006734,0.006947,173827303.0
1742212800,0.006981,0.007111,0.006811,0.006922,100797700.0
1742227200,0.00692,0.007085,0.00676,0.006951,39391143.0
1742241600,0.006958,0.007084,0.00687,0.007047,30368634.0
1742256000,0.007046,0.007046,0.006442,0.006469,39865140.0
1742270400,0.006462,0.006521,0.006317,0.006403,29859603.0
1742284800,0.006407,0.006481,0.006192,0.006211,18934589.0
1742299200,0.006206,0.006376,0.006129,0.00626,27878796.0
1742313600,0.006257,0.006351,0.006174,0.006317,13705562.0
1742328000,0.006329,0.006493,0.006281,0.006385,18282775.0
1742342400,0.006394,0.006473,0.006286,0.00645,7835199.0
1742356800,0.006451,0.006486,0.006266,0.006314,45118486.0
1742371200,0.006314,0.006576,0.006297,0.006521,56728004.0
1742385600,0.006524,0.006568,0.006371,0.006533,86247810.0
1742400000,0.006544,0.006938,0.006419,0.006853,66799662.0
1742414400,0.006874,0.0069,0.00669,0.006756,25711742.0
1742428800,0.00676,0.006846,0.006574,0.006596,21895095.0
1742443200,0.006605,0.006949,0.006587,0.006924,21733914.0
1742457600,0.006924,0.007091,0.00678,0.006879,81503131.0
1742472000,0.00687,0.007898,0.006769,0.007152,716340840.0
1742486400,0.00715,0.007433,0.00667,0.006701,376001153.0
1742500800,0.0067,0.006764,0.006416,0.006423,225785220.0
1742515200,0.006424,0.0067,0.006424,0.006486,43919249.0
1742529600,0.006496,0.006532,0.006312,0.006343,113706291.0
1742544000,0.006342,0.006382,0.006181,0.006236,36633539.0
1742558400,0.006232,0.006387,0.006216,0.006363,32770942.0
1742572800,0.006355,0.006355,0.006178,0.00626,33055413.0
1742587200,0.006263,0.006488,0.006254,0.006386,12974416.0
1742601600,0.006402,0.006427,0.006271,0.006369,21157839.0
1742616000,0.006355,0.006396,0.0063,0.006316,49415295.0
1742630400,0.006317,0.006546,0.006281,0.006448,22529084.0
1742644800,0.006462,0.006485,0.006287,0.006408,30139576.0
1742659200,0.006394,0.006446,0.006358,0.006397,17780625.0
1742673600,0.006393,0.006418,0.006303,0.006326,11187109.0
1742688000,0.006327,0.006327,0.006213,0.006279,18641228.0
1742702400,0.006278,0.006278,0.006175,0.006216,9182752.0
1742716800,0.006219,0.006364,0.006175,0.006362,23226164.0
1742731200,0.006363,0.006374,0.006228,0.006238,62122876.0
1742745600,0.006241,0.006267,0.006082,0.006186,55410821.0
1742760000,0.006192,0.006275,0.006141,0.006275,7808432.0
1742774400,0.006263,0.006501,0.006192,0.00647,18323870.0
1742788800,0.006498,0.00693,0.006486,0.006889,70323537.0
1742803200,0.006887,0.00702,0.006767,0.006965,73172633.0
1742817600,0.006961,0.007045,0.006856,0.00693,31602229.0
1742832000,0.006916,0.00709,0.006863,0.006973,38710686.0
1742846400,0.00697,0.007117,0.006919,0.007114,19320761.0
1742860800,0.007103,0.007147,0.006978,0.00703,33466455.0
1742875200,0.007,0.007079,0.006921,0.007018,40806198.0
1742889600,0.007021,0.00716,0.007015,0.007069,10884492.0
1742904000,0.007076,0.007104,0.006958,0.007005,12724377.0
1742918400,0.007013,0.007077,0.006919,0.006964,23545449.0
1742932800,0.006968,0.007065,0.006939,0.007033,9023061.0
1742947200,0.007031,0.007131,0.006896,0.006913,19015797.0
1742961600,0.006916,0.007318,0.006905,0.007314,35564936.0
1742976000,0.00733,0.007411,0.007137,0.007371,28398070.0
1742990400,0.007359,0.007362,0.006958,0.007041,78455897.0
1743004800,0.007027,0.007382,0.006966,0.007051,79328776.0
1743019200,0.007054,0.007131,0.006882,0.006986,23559295.0
1743033600,0.00699,0.00729,0.006936,0.007144,14214334.0
1743048000,0.007149,0.007153,0.006909,0.00695,20979938.0
1743062400,0.006946,0.007012,0.006719,0.00675,24065573.0
1743076800,0.006745,0.007058,0.006712,0.00695,35339216.0
1743091200,0.006942,0.007137,0.006941,0.007004,29748922.0
1743105600,0.007017,0.007193,0.006974,0.007142,23286307.0
1743120000,0.007153,0.007155,0.00691,0.006952,32083484.0
1743134400,0.006961,0.006989,0.006525,0.00655,96547426.0
1743148800,0.00655,0.006624,0.006456,0.006544,32455403.0
1743163200,0.006551,0.006673,0.006458,0.006468,24401819.0
1743177600,0.006472,0.006472,0.006092,0.006133,39106836.0
1743192000,0.006145,0.006266,0.006065,0.006259,55382889.0
1743206400,0.006249,0.006385,0.006119,0.006277,18080608.0
1743220800,0.00628,0.00628,0.006019,0.006045,12929725.0
1743235200,0.006053,0.006162,0.005816,0.005881,24920830.0
1743249600,0.005874,0.00597,0.005773,0.005777,38651198.0
1743264000,0.005775,0.005784,0.005588,0.005681,30509339.0
1743278400,0.005692,0.005768,0.00563,0.005683,21676295.0
1743292800,0.00568,0.005878,0.005617,0.005852,19145037.0
1743307200,0.005861,0.006085,0.005861,0.006073,29455015.0
1743321600,0.006077,0.006117,0.00585,0.005911,29650915.0
1743336000,0.005912,0.005972,0.00582,0.005905,13267953.0
1743350400,0.005905,0.006081,0.005815,0.005974,16401290.0
1743364800,0.005975,0.006052,0.005835,0.005944,22348570.0
1743379200,0.005941,0.006077,0.005846,0.00589,18116725.0
1743393600,0.005886,0.00603,0.005759,0.005775,16726130.0
1743408000,0.005788,0.005831,0.005389,0.005528,130627571.0
1743422400,0.00553,0.005707,0.005424,0.005683,33529277.0
1743436800,0.005697,0.005706,0.005463,0.005495,48206247.0
1743451200,0.005499,0.005523,0.005398,0.005415,31306387.0
1743465600,0.005409,0.005585,0.005361,0.005502,28744048.0
1743480000,0.005495,0.00553,0.005387,0.005403,22802849.0
1743494400,0.005407,0.005581,0.005225,0.005314,37267561.0
1743508800,0.005311,0.005508,0.005211,0.005394,85311842.0
1743523200,0.005404,0.005415,0.005136,0.005154,15356184.0
1743537600,0.005154,0.005239,0.005112,0.005227,77285853.0
1743552000,0.005228,0.005228,0.004964,0.005154,152158479.0
1743566400,0.005164,0.005207,0.004902,0.005034,94836954.0
1743580800,0.005034,0.005171,0.005022,0.005099,93726867.0
1743595200,0.005103,0.005243,0.00502,0.00516,24385327.0
1743609600,0.005158,0.005188,0.005001,0.005104,27094209.0
1743624000,0.005098,0.005232,0.00468,0.004747,87484651.0
1743638400,0.004748,0.004965,0.004731,0.004924,25555210.0
1743652800,0.004927,0.004927,0.004773,0.004828,9140222.0
1743667200,0.004837,0.004851,0.004628,0.004801,49523924.0
1743681600,0.00479,0.004809,0.004504,0.004658,100659465.0
1743696000,0.004666,0.004792,0.00464,0.004777,49257977.0
1743710400,0.004778,0.004835,0.004752,0.004769,12769262.0
1743724800,0.004769,0.004807,0.004704,0.004787,11901901.0
1743739200,0.004785,0.00484,0.004752,0.004805,20770717.0
1743753600,0.004811,0.004864,0.004473,0.004555,26770191.0
1743768000,0.004559,0.004832,0.004532,0.00473,20535568.0
1743782400,0.004721,0.004787,0.004655,0.0047,41250468.0
1743796800,0.004708,0.004752,0.004668,0.004694,30459956.0
1743811200,0.004695,0.004758,0.004689,0.004734,9382169.0
1743825600,0.004736,0.004753,0.00468,0.004709,18974203.0
1743840000,0.004709,0.004729,0.004629,0.004635,16977157.0
1743854400,0.004636,0.004662,0.004573,0.004589,8925277.0
1743868800,0.004591,0.0046,0.004533,0.004586,5161291.0
1743883200,0.004591,0.004687,0.00459,0.004674,3879738.0
1743897600,0.004672,0.004703,0.004645,0.004703,7879896.0
1743912000,0.004701,0.004745,0.004652,0.004656,22943003.0
1743926400,0.004664,0.004725,0.00461,0.004633,11466128.0
1743940800,0.004632,0.004632,0.004343,0.004488,28930445.0
1743955200,0.004496,0.004502,0.004058,0.004164,60820066.0
1743969600,0.004178,0.004185,0.00388,0.004037,39822400.0
1743984000,0.004044,0.004212,0.003904,0.003971,29989529.0
1743998400,0.003984,0.004153,0.003879,0.00402,22373772.0
1744012800,0.004025,0.004237,0.004006,0.004044,21622335.0
1744027200,0.004051,0.00443,0.004015,0.004176,37054517.0
1744041600,0.004172,0.004264,0.004061,0.004162,20956151.0
1744056000,0.004168,0.004256,0.004155,0.004169,4398621.0
1744070400,0.004169,0.004319,0.004115,0.00421,6981959.0
1744084800,0.004209,0.004225,0.004061,0.004087,38664165.0
1744099200,0.004089,0.004149,0.003968,0.00414,20195475.0
1744113600,0.00416,0.00416,0.003965,0.004016,14705991.0
1744128000,0.003993,0.004013,0.00385,0.003916,23238907.0
1744142400,0.003917,0.003958,0.003833,0.003868,25058298.0
1744156800,0.003878,0.003956,0.003704,0.003908,34494748.0
1744171200,0.003906,0.004043,0.003906,0.004008,16291644.0
1744185600,0.004018,0.004106,0.003939,0.003966,18736416.0
1744200000,0.00397,0.004096,0.003942,0.004042,24762031.0
1744214400,0.004042,0.004456,0.004042,0.004383,176283716.0
1744228800,0.004393,0.004561,0.004344,0.004422,305297611.0
1744243200,0.004429,0.004509,0.004353,0.004385,38738456.0
1744257600,0.004379,0.004404,0.004317,0.004355,8415202.0
1744272000,0.004359,0.004361,0.004191,0.004238,193834222.0
1744286400,0.004236,0.004348,0.004099,0.004112,80581419.0
1744300800,0.004127,0.004221,0.004096,0.004188,20054807.0
1744315200,0.004181,0.004276,0.004181,0.004234,7488462.0
1744329600,0.004235,0.004335,0.004182,0.004335,41886594.0
1744344000,0.004331,0.004394,0.004302,0.004309,13138377.0
1744358400,0.004306,0.00442,0.004289,0.004353,17590092.0
1744372800,0.004357,0.004578,0.004313,0.004578,225695493.0
1744387200,0.004562,0.005235,0.004481,0.004924,247512569.0
1744401600,0.004918,0.004949,0.004753,0.004753,76944953.0
1744416000,0.00476,0.00482,0.004728,0.004817,116593906.0
1744430400,0.004826,0.00504,0.004756,0.004954,40981539.0
1744444800,0.004942,0.005151,0.004906,0.005128,91526787.0
1744459200,0.005128,0.005828,0.005086,0.005557,219504526.0
1744473600,0.005557,0.005927,0.005357,0.005458,167884221.0
1744488000,0.00546,0.005593,0.005405,0.005446,39176101.0
1744502400,0.005447,0.005549,0.005391,0.005447,37257686.0
1744516800,0.005457,0.005637,0.005394,0.005412,37122038.0
1744531200,0.005412,0.005584,0.005404,0.005486,114448404.0
1744545600,0.005482,0.005516,0.005196,0.005219,66592696.0
1744560000,0.00523,0.005475,0.005163,0.005187,42844516.0
1744574400,0.005193,0.005206,0.004872,0.00497,54001473.0
1744588800,0.004972,0.005254,0.004919,0.005032,47341207.0
1744603200,0.005036,0.005115,0.004944,0.004992,20251841.0
1744617600,0.004994,0.005173,0.004963,0.005171,36280268.0
1744632000,0.005165,0.005167,0.004792,0.0048,34465223.0
1744646400,0.004825,0.004906,0.004771,0.004874,22651651.0
1744660800,0.004874,0.004949,0.004858,0.00489,30160352.0
1744675200,0.00489,0.004905,0.004765,0.004823,56930069.0
1744689600,0.004819,0.004886,0.004761,0.004886,9751782.0
1744704000,0.004881,0.004906,0.004782,0.004805,25224341.0
1744718400,0.0048,0.004878,0.004731,0.004818,26455711.0
1744732800,0.004818,0.00484,0.004556,0.004592,277663178.0
1744747200,0.004592,0.004653,0.004494,0.004518,86370182.0
1744761600,0.004517,0.004576,0.004479,0.004515,25754818.0
1744776000,0.004514,0.004582,0.004352,0.00437,30266313.0
1744790400,0.004371,0.004431,0.004329,0.004385,36626795.0
1744804800,0.004379,0.004444,0.004285,0.004386,51695194.0
1744819200,0.004391,0.004604,0.004269,0.004574,244565927.0
1744833600,0.004591,0.004741,0.004505,0.004618,24839845.0
1744848000,0.00462,0.004634,0.004478,0.004523,23351189.0
1744862400,0.004532,0.004664,0.004532,0.004639,10543023.0
1744876800,0.004648,0.004755,0.004582,0.004629,45691531.0
1744891200,0.004635,0.005045,0.004609,0.004992,151691749.0
1744905600,0.004989,0.005002,0.004781,0.004856,80026938.0
1744920000,0.004875,0.004913,0.004821,0.004862,16119815.0
1744934400,0.004875,0.004969,0.004866,0.004915,7526442.0
1744948800,0.004906,0.005082,0.004808,0.005059,34068723.0
1744963200,0.005062,0.005089,0.004893,0.004937,90062717.0
1744977600,0.004934,0.00502,0.004704,0.004725,46436835.0
1744992000,0.004723,0.004806,0.004592,0.004596,76225678.0
1745006400,0.004628,0.004705,0.004577,0.004705,27083107.0
1745020800,0.0047,0.00483,0.004682,0.004785,25388560.0
1745035200,0.004791,0.004843,0.004737,0.004762,19559545.0
1745049600,0.004762,0.004824,0.004748,0.004796,8214808.0
1745064000,0.004801,0.004836,0.004746,0.004786,5899994.0
1745078400,0.004791,0.004867,0.004761,0.004834,5007460.0
1745092800,0.004831,0.004996,0.004821,0.004953,9653731.0
1745107200,0.004957,0.00502,0.004911,0.004997,9104798.0
1745121600,0.004985,0.005106,0.004917,0.004926,6213722.0
1745136000,0.004877,0.004881,0.004802,0.004842,1766317.0
1745150400,0.00484,0.004948,0.004835,0.004916,4001474.0
1745164800,0.004916,0.005084,0.00491,0.005025,13453653.0
1745179200,0.005023,0.005086,0.004943,0.004969,12314595.0
1745193600,0.004961,0.005175,0.004957,0.005116,63350337.0
1745208000,0.005121,0.005239,0.005105,0.005115,8507313.0
1745222400,0.005116,0.005215,0.00509,0.005117,6729947.0
1745236800,0.005121,0.005219,0.005075,0.005154,7346162.0
1745251200,0.005166,0.005178,0.004926,0.005065,37611986.0
1745265600,0.005062,0.005076,0.004963,0.005014,4645707.0
1745280000,0.005018,0.005135,0.004857,0.005028,69098598.0
1745294400,0.005039,0.005105,0.004887,0.005105,8785936.0
1745308800,0.005126,0.005272,0.005083,0.005272,22029616.0
1745323200,0.005259,0.006232,0.005215,0.005938,476865098.0
1745337600,0.005939,0.006172,0.005937,0.00604,149755763.0
1745352000,0.006041,0.007395,0.006019,0.007041,465699795.0
1745366400,0.007055,0.007498,0.006706,0.007028,283834262.0
1745380800,0.00704,0.007339,0.006774,0.006906,98664900.0
1745395200,0.006881,0.007081,0.006715,0.006925,76468909.0
1745409600,0.006939,0.007495,0.00674,0.007047,242809301.0
1745424000,0.007043,0.007072,0.00663,0.006702,105469975.0
1745438400,0.006711,0.006769,0.006541,0.006619,74154416.0
1745452800,0.00664,0.006695,0.006245,0.006266,76976784.0
1745467200,0.006264,0.006437,0.006219,0.006235,62387909.0
1745481600,0.006236,0.006278,0.006039,0.006267,88937926.0
1745496000,0.006263,0.006692,0.006211,0.006648,77304160.0
1745510400,0.006648,0.006855,0.006452,0.006584,81608940.0
1745524800,0.006588,0.007416,0.006588,0.007294,87247571.0
1745539200,0.007291,0.007868,0.007162,0.007618,215936304.0
1745553600,0.007615,0.009116,0.007534,0.008509,290649875.0
1745568000,0.008517,0.008916,0.008337,0.008761,189081613.0
1745582400,0.008769,0.009788,0.008748,0.00897,494322772.0
1745596800,0.008973,0.009401,0.008501,0.008695,287719414.0
1745611200,0.008694,0.008844,0.008393,0.008629,165150186.0
1745625600,0.008628,0.009435,0.00854,0.009003,219711800.0
1745640000,0.009005,0.009237,0.008576,0.009147,174388934.0
1745654400,0.009144,0.009219,0.008503,0.008528,85302301.0
1745668800,0.008532,0.009033,0.008501,0.009021,94581841.0
1745683200,0.009028,0.009374,0.008905,0.009241,121836249.0
1745697600,0.009234,0.009937,0.009056,0.009819,141395116.0
1745712000,0.009828,0.009993,0.009263,0.009891,200203633.0
1745726400,0.009894,0.010196,0.009262,0.009801,121627456.0
1745740800,0.009797,0.010867,0.009682,0.010547,294912574.0
1745755200,0.010537,0.010734,0.00972,0.010663,359553912.0
1745769600,0.010679,0.011523,0.010609,0.010958,500525931.0
1745784000,0.010968,0.013337,0.010882,0.012704,762551735.0
1745798400,0.012733,0.012898,0.01185,0.012282,416854494.0
1745812800,0.012266,0.01414,0.012095,0.013358,472107279.0
1745827200,0.013363,0.013363,0.012142,0.012276,218010512.0
1745841600,0.012284,0.0128,0.011483,0.011566,240076578.0
1745856000,0.011567,0.01244,0.011309,0.012427,215020933.0
1745870400,0.012409,0.012447,0.011773,0.012078,119337731.0
1745884800,0.012084,0.012298,0.011597,0.011632,111917256.0
1745899200,0.011641,0.012186,0.011042,0.012123,121574188.0
1745913600,0.012124,0.012262,0.011576,0.012223,78442948.0
1745928000,0.012222,0.012305,0.011609,0.011762,110013108.0
1745942400,0.011751,0.011971,0.011405,0.011544,137795797.0
1745956800,0.011541,0.011687,0.010938,0.011133,135757327.0
1745971200,0.011104,0.011465,0.010684,0.010891,115489107.0
1745985600,0.010898,0.011333,0.010898,0.011014,43187380.0
1746000000,0.011042,0.011127,0.010518,0.010579,113163075.0
1746014400,0.01057,0.010888,0.009914,0.010868,257999173.0
1746028800,0.010868,0.010941,0.010422,0.010667,164374203.0
1746043200,0.01067,0.011293,0.010637,0.011132,192736787.0
1746057600,0.011133,0.01175,0.010959,0.011219,123081128.0
1746072000,0.011237,0.011486,0.011074,0.011159,33128637.0
1746086400,0.011159,0.011708,0.010836,0.01132,82363842.0
1746100800,0.011356,0.011569,0.010913,0.010933,175057462.0
1746115200,0.01096,0.011053,0.010691,0.010762,63847217.0
1746129600,0.010784,0.010826,0.010483,0.010579,56701833.0
1746144000,0.010611,0.010772,0.01045,0.010654,69162096.0
1746158400,0.010668,0.010677,0.010169,0.010231,43199351.0
1746172800,0.010236,0.010613,0.010236,0.010387,27444116.0
1746187200,0.01039,0.012178,0.010255,0.012019,151122075.0
1746201600,0.012059,0.012767,0.011719,0.011885,159383638.0
1746216000,0.011877,0.01229,0.011657,0.011846,51698573.0
1746230400,0.011846,0.012015,0.011459,0.01166,149535347.0
1746244800,0.011623,0.011987,0.011401,0.011823,71818793.0
1746259200,0.011826,0.011909,0.011154,0.011181,84435065.0
1746273600,0.011181,0.011405,0.011062,0.011114,61972838.0
1746288000,0.011125,0.011125,0.010624,0.010754,255496630.0
1746302400,0.010758,0.010788,0.010332,0.010369,114250897.0
1746316800,0.01037,0.010574,0.01005,0.010065,322623648.0
1746331200,0.010067,0.010179,0.009923,0.010086,152465801.0
1746345600,0.010088,0.010457,0.009744,0.010411,107480705.0
1746360000,0.010435,0.011126,0.010342,0.01084,157849639.0
1746374400,0.010835,0.01107,0.010459,0.010531,137312913.0
1746388800,0.010552,0.010936,0.010343,0.010431,136974357.0
1746403200,0.010435,0.010599,0.010113,0.010394,209494360.0
1746417600,0.010408,0.011116,0.010394,0.011072,92852659.0
1746432000,0.011053,0.011235,0.010618,0.010618,75062601.0
1746446400,0.010634,0.011104,0.01056,0.010739,56289584.0
1746460800,0.010724,0.011189,0.010578,0.010966,71810306.0
1746475200,0.010974,0.011287,0.010624,0.010895,184057354.0
1746489600,0.010923,0.01193,0.010701,0.011647,104903304.0
1746504000,0.011642,0.0122,0.011504,0.011532,117798192.0
1746518400,0.011529,0.011578,0.010381,0.010413,64484085.0
1746532800,0.010396,0.01143,0.010344,0.011034,120457530.0
1746547200,0.011034,0.011342,0.010917,0.01108,66887870.0
1746561600,0.011099,0.0114,0.010568,0.011353,130170961.0
1746576000,0.011361,0.012227,0.011361,0.011495,227568924.0
1746590400,0.0115,0.011719,0.010927,0.011698,111223691.0
1746604800,0.011702,0.011775,0.011023,0.011245,84253418.0
1746619200,0.011239,0.011252,0.01042,0.010464,88906578.0
1746633600,0.010465,0.011014,0.01027,0.010631,135037509.0
1746648000,0.010619,0.011334,0.010568,0.011236,151020114.0
1746662400,0.011273,0.011967,0.011216,0.011659,210348048.0
1746676800,0.011693,0.013534,0.01167,0.013298,283354527.0
1746691200,0.0133,0.014449,0.013292,0.01405,233992243.0
1746705600,0.014051,0.014411,0.013592,0.013921,269667537.0
1746720000,0.013915,0.014491,0.013857,0.013979,194297021.0
1746734400,0.013982,0.014955,0.013328,0.014161,513182424.0
1746748800,0.014139,0.014438,0.013555,0.01362,183172538.0
1746763200,0.013619,0.016223,0.013619,0.015029,369456612.0
1746777600,0.015025,0.01583,0.01481,0.01505,216949397.0
1746792000,0.015049,0.015409,0.013792,0.014522,333785955.0
1746806400,0.014522,0.014608,0.013907,0.01428,152489657.0
1746820800,0.014288,0.014849,0.014205,0.014393,75489357.0
1746835200,0.014389,0.014674,0.013627,0.013677,176661026.0
1746849600,0.01367,0.01439,0.013387,0.014358,145358923.0
1746864000,0.014335,0.014614,0.013619,0.013682,65114486.0
1746878400,0.013681,0.014216,0.013638,0.013641,63709553.0
1746892800,0.013643,0.014253,0.01363,0.013929,85192346.0
1746907200,0.013958,0.015239,0.013748,0.015137,200789220.0
1746921600,0.015147,0.015363,0.014073,0.014189,180372848.0
1746936000,0.014164,0.014322,0.013528,0.013675,68833467.0
1746950400,0.013645,0.014126,0.013563,0.014081,26373006.0
1746964800,0.014092,0.014739,0.013539,0.013644,101916432.0
1746979200,0.013644,0.014021,0.012892,0.013835,123175550.0
1746993600,0.013828,0.014301,0.013736,0.014099,45679271.0
1747008000,0.014114,0.014868,0.013764,0.014863,291558955.0
1747022400,0.014854,0.015018,0.014043,0.014103,315404557.0
1747036800,0.0141,0.015096,0.013962,0.014002,438664279.0
1747051200,0.014001,0.014229,0.013221,0.013359,214704450.0
1747065600,0.013389,0.013873,0.012549,0.01313,373832447.0
1747080000,0.013143,0.014034,0.013082,0.013678,264388014.0
1747094400,0.013676,0.014291,0.013395,0.013627,281637559.0
1747108800,0.013612,0.014888,0.013478,0.014583,306822762.0
1747123200,0.014604,0.014627,0.01392,0.014194,162270671.0
1747137600,0.014188,0.014553,0.0134,0.014142,442742226.0
1747152000,0.014142,0.014818,0.013987,0.014502,719976084.0
1747166400,0.0145,0.014818,0.014256,0.014304,200810594.0
1747180800,0.014306,0.014339,0.013772,0.014013,350197475.0
1747195200,0.013995,0.014444,0.013953,0.014078,106708663.0
1747209600,0.014077,0.014419,0.013627,0.014343,136476582.0
1747224000,0.014356,0.015616,0.013886,0.015401,600506175.0
1747238400,0.015405,0.016963,0.014641,0.016822,917808255.0
1747252800,0.016825,0.017608,0.014736,0.014855,1183575771.0
1747267200,0.014845,0.014963,0.013739,0.013967,466822664.0
1747281600,0.013965,0.014517,0.01336,0.013386,247882594.0
1747296000,0.013414,0.014052,0.013304,0.013705,298243889.0
1747310400,0.013711,0.013879,0.013043,0.013825,380235917.0
1747324800,0.013855,0.014536,0.013555,0.013952,671668969.0
1747339200,0.01396,0.014146,0.013171,0.013611,282252610.0
1747353600,0.013619,0.01414,0.013527,0.013947,162324069.0
1747368000,0.013963,0.013984,0.013413,0.01352,200957881.0
1747382400,0.013522,0.013731,0.01321,0.013566,277132598.0
1747396800,0.013574,0.013817,0.013354,0.013662,163536572.0
1747411200,0.013662,0.013717,0.01321,0.013553,114347779.0
1747425600,0.013535,0.013618,0.012814,0.012927,193388852.0
1747440000,0.012928,0.013,0.012116,0.012446,398200784.0
1747454400,0.012467,0.012648,0.012171,0.012282,75654039.0
1747468800,0.012306,0.012374,0.012043,0.012239,31853931.0
1747483200,0.012243,0.012375,0.012012,0.012231,60979255.0
1747497600,0.01224,0.01227,0.011822,0.01194,158836852.0
1747512000,0.011936,0.012248,0.011855,0.012017,66151800.0
1747526400,0.012022,0.012262,0.011998,0.012101,31979746.0
1747540800,0.0121,0.012693,0.012097,0.012582,78947086.0
1747555200,0.012591,0.013028,0.012591,0.012721,38095870.0
1747569600,0.012722,0.013452,0.012596,0.013309,100070507.0
1747584000,0.013335,0.013442,0.012378,0.012414,154923851.0
1747598400,0.012414,0.013174,0.012136,0.013112,110882615.0
1747612800,0.013114,0.013224,0.012281,0.012321,140013264.0
1747627200,0.012322,0.012443,0.011823,0.012161,127075497.0
1747641600,0.012142,0.012232,0.011915,0.01205,119033890.0
1747656000,0.012046,0.012436,0.01187,0.012417,68890657.0
1747670400,0.012411,0.012802,0.012269,0.012623,71523116.0
1747684800,0.012625,0.013042,0.012599,0.012941,45137072.0
1747699200,0.012953,0.013156,0.012647,0.012772,131210771.0
1747713600,0.012774,0.012865,0.012345,0.012406,26131014.0
1747728000,0.012411,0.012496,0.012208,0.012273,78630015.0
1747742400,0.012261,0.012492,0.012094,0.012492,155714745.0
1747756800,0.012476,0.012637,0.012234,0.012561,149934331.0
1747771200,0.012545,0.01272,0.012379,0.012588,49210383.0
1747785600,0.012612,0.01295,0.012463,0.0128,37215468.0
1747800000,0.0128,0.01318,0.012664,0.01282,138889723.0
1747814400,0.012853,0.013047,0.012649,0.01299,53863843.0
1747828800,0.01297,0.013452,0.012891,0.013378,206893003.0
1747843200,0.013392,0.014022,0.012878,0.01336,401957910.0
1747857600,0.013348,0.014037,0.013121,0.01389,124610128.0
1747872000,0.013891,0.014039,0.013412,0.013818,94222809.0
1747886400,0.013819,0.014654,0.013613,0.014461,250322586.0
1747900800,0.014479,0.01467,0.013922,0.014103,194880082.0
1747915200,0.0141,0.014238,0.013676,0.013978,108109767.0
1747929600,0.013981,0.014323,0.0139,0.014159,65919830.0
1747944000,0.014163,0.014638,0.014096,0.014638,87152468.0
1747958400,0.014633,0.015079,0.014425,0.014877,235053610.0
1747972800,0.014877,0.015024,0.013902,0.014055,66107730.0
1747987200,0.014055,0.014381,0.013158,0.013445,223849628.0
1748001600,0.013444,0.014,0.012918,0.013591,330483182.0
1748016000,0.013593,0.013823,0.013406,0.013667,107476604.0
1748030400,0.013674,0.013712,0.012737,0.012855,119432977.0
1748044800,0.012852,0.013349,0.012771,0.013278,68417935.0
1748059200,0.013281,0.013334,0.013042,0.013134,12606592.0
1748073600,0.013179,0.013435,0.013034,0.01332,15873233.0
1748088000,0.01333,0.013335,0.013119,0.013209,16770557.0
1748102400,0.013195,0.013392,0.013079,0.013253,8071175.0
1748116800,0.01325,0.013347,0.013044,0.01321,13509358.0
1748131200,0.013201,0.013335,0.012903,0.013164,27547623.0
1748145600,0.013166,0.013166,0.012773,0.012831,52800209.0
1748160000,0.012828,0.012831,0.01221,0.012327,59508570.0
1748174400,0.012312,0.012456,0.012034,0.012251,40202105.0
1748188800,0.012254,0.012445,0.012063,0.012375,58492764.0
1748203200,0.012382,0.013093,0.012238,0.012954,141919590.0
1748217600,0.012957,0.013162,0.012874,0.013022,59904178.0
1748232000,0.013015,0.013284,0.012994,0.013237,60649198.0
1748246400,0.013239,0.013263,0.012767,0.01283,50001834.0
1748260800,0.012835,0.012848,0.012367,0.012653,65853104.0
1748275200,0.012677,0.012714,0.012262,0.012346,18791257.0
1748289600,0.012334,0.012577,0.01229,0.012508,28913434.0
1748304000,0.012511,0.012749,0.01212,0.01269,74262488.0
1748318400,0.012682,0.012813,0.012533,0.012711,41282624.0
1748332800,0.012717,0.012872,0.012709,0.012831,24045629.0
1748347200,0.012836,0.013153,0.012673,0.013112,51864779.0
1748361600,0.013116,0.013491,0.013083,0.01313,53223441.0
1748376000,0.013131,0.013239,0.012864,0.013068,70352034.0
1748390400,0.013077,0.013103,0.012759,0.012806,118293846.0
1748404800,0.012811,0.012811,0.012499,0.012609,22884332.0
1748419200,0.012616,0.012692,0.012456,0.012642,18651215.0
1748433600,0.012646,0.012796,0.012169,0.012267,89491680.0
1748448000,0.01227,0.012388,0.012016,0.012029,73368746.0
1748462400,0.012028,0.012456,0.011963,0.01243,46477512.0
1748476800,0.012432,0.012732,0.012365,0.012473,39284257.0
1748491200,0.012482,0.012491,0.01221,0.012383,16343339.0
1748505600,0.012389,0.012521,0.012311,0.012456,15955943.0
1748520000,0.012441,0.012457,0.011627,0.011711,95019786.0
1748534400,0.011725,0.011851,0.011455,0.011464,91305868.0
1748548800,0.011464,0.01177,0.011464,0.011567,64488802.0
1748563200,0.011559,0.011635,0.010643,0.010964,282811551.0
1748577600,0.010968,0.011116,0.010687,0.010803,65632559.0
1748592000,0.010799,0.011133,0.010714,0.0111,47056823.0
1748606400,0.011107,0.011172,0.010853,0.010905,53572792.0
1748620800,0.010904,0.010934,0.010416,0.010863,73278582.0
1748635200,0.010869,0.010907,0.010006,0.010129,69678523.0
1748649600,0.010126,0.01033,0.009547,0.009732,121235638.0
1748664000,0.009735,0.010015,0.009667,0.009957,17398356.0
1748678400,0.009965,0.01,0.009665,0.009707,41025764.0
1748692800,0.009707,0.010141,0.009696,0.009914,80760308.0
1748707200,0.009925,0.010283,0.009859,0.010222,93387755.0
1748721600,0.010223,0.01029,0.010099,0.010159,65166875.0
1748736000,0.010155,0.010287,0.01,0.010192,95453477.0
1748750400,0.010188,0.010531,0.010131,0.010497,39205435.0
1748764800,0.010537,0.010566,0.01012,0.010334,41856216.0
1748779200,0.010334,0.010577,0.010179,0.010421,27823238.0
1748793600,0.010427,0.010756,0.010349,0.010627,34920359.0
1748808000,0.010631,0.010898,0.010567,0.010818,33997980.0
1748822400,0.010818,0.010909,0.010513,0.010571,30775490.0
1748836800,0.01058,0.010669,0.010364,0.010581,23014009.0
1748851200,0.010581,0.010681,0.010236,0.010341,44689092.0
1748865600,0.010341,0.010636,0.010286,0.010452,81884195.0
1748880000,0.010443,0.010603,0.010243,0.010334,53801468.0
1748894400,0.010333,0.011006,0.010333,0.010886,34977804.0
1748908800,0.010887,0.011371,0.01088,0.011107,74883338.0
1748923200,0.011109,0.011157,0.010973,0.011093,27795941.0
1748937600,0.011109,0.01112,0.0109,0.010949,34542839.0
1748952000,0.010945,0.011146,0.010797,0.011026,112152759.0
1748966400,0.011034,0.011076,0.01075,0.010946,23436218.0
1748980800,0.010957,0.010958,0.010323,0.010401,72452333.0
1748995200,0.010408,0.010633,0.010249,0.01034,34449875.0
1749009600,0.010351,0.010377,0.010104,0.010177,30199662.0
1749024000,0.010197,0.010353,0.010155,0.010194,16167689.0
1749038400,0.010193,0.010478,0.010075,0.010421,64057918.0
1749052800,0.010426,0.010541,0.010082,0.010083,53052367.0
1749067200,0.010078,0.010198,0.009814,0.010083,78556173.0
1749081600,0.010098,0.010245,0.010075,0.010192,15768150.0
1749096000,0.010189,0.010263,0.0099,0.009959,38050391.0
1749110400,0.009983,0.01005,0.00966,0.009847,38415684.0
1749124800,0.009841,0.010183,0.009734,0.009872,57731690.0
1749139200,0.009876,0.00992,0.009222,0.009305,156973680.0
1749153600,0.009305,0.009433,0.008861,0.009294,154536573.0
1749168000,0.009294,0.00945,0.009162,0.009413,14932885.0
1749182400,0.009415,0.009519,0.009371,0.009479,13672967.0
1749196800,0.009488,0.009672,0.009487,0.00958,9971938.0
1749211200,0.009586,0.009784,0.009494,0.009642,138859548.0
1749225600,0.009645,0.009679,0.009281,0.009364,73720813.0
1749240000,0.009363,0.00952,0.00934,0.009393,85337312.0
1749254400,0.009397,0.010409,0.009363,0.010162,76325139.0
1749268800,0.010164,0.010239,0.010028,0.01023,40628890.0
1749283200,0.010234,0.010448,0.010146,0.010276,23545968.0
1749297600,0.01029,0.010308,0.009986,0.010027,47513261.0
1749312000,0.010027,0.010057,0.009891,0.010011,34335957.0
1749326400,0.01002,0.010124,0.009948,0.010089,33242061.0
1749340800,0.010093,0.010182,0.009969,0.010017,10314001.0
1749355200,0.01002,0.010053,0.009779,0.009794,21640055.0
1749369600,0.009789,0.010092,0.009762,0.010073,30473683.0
1749384000,0.010073,0.010123,0.009919,0.009987,36610349.0
1749398400,0.010011,0.010223,0.010011,0.010167,23569709.0
1749412800,0.010171,0.010238,0.009884,0.009923,46198686.0
1749427200,0.009924,0.009991,0.009832,0.009946,9845123.0
1749441600,0.009938,0.010033,0.00977,0.009905,45540203.0
1749456000,0.009916,0.010428,0.009843,0.010334,37687243.0
1749470400,0.010338,0.010354,0.010034,0.010212,74457581.0
1749484800,0.010216,0.010969,0.010216,0.010703,196323406.0
1749499200,0.010706,0.011053,0.010663,0.011028,85405552.0
1749513600,0.011025,0.011067,0.010854,0.010889,54629569.0
1749528000,0.010889,0.011145,0.010779,0.011056,56018740.0
1749542400,0.011056,0.011754,0.011034,0.011632,161107891.0
1749556800,0.011627,0.011773,0.011183,0.011382,149312938.0
1749571200,0.011382,0.011796,0.011279,0.011489,261081527.0
1749585600,0.011489,0.012547,0.011352,0.012342,903725703.0
1749600000,0.012342,0.01242,0.011664,0.011891,331892668.0
1749614400,0.011887,0.011888,0.011583,0.011597,97116402.0
1749628800,0.011598,0.011702,0.011437,0.011511,47105928.0
1749643200,0.011512,0.012151,0.011422,0.011964,442747021.0
1749657600,0.011966,0.012286,0.011728,0.011748,496867920.0
1749672000,0.011751,0.012026,0.011177,0.011269,244540945.0
1749686400,0.01127,0.011354,0.010916,0.01101,151558983.0
1749700800,0.011008,0.01117,0.010931,0.010993,76568977.0
1749715200,0.010984,0.011061,0.010526,0.010565,135057477.0
1749729600,0.01058,0.01108,0.010444,0.010541,204155702.0
1749744000,0.010534,0.010861,0.010302,0.010379,166058256.0
1749758400,0.010388,0.010503,0.01012,0.010145,154771479.0
1749772800,0.010145,0.010147,0.008941,0.009347,922195268.0
1749787200,0.009339,0.009441,0.00922,0.009324,52867526.0
1749801600,0.009325,0.009577,0.009195,0.009571,68948668.0
1749816000,0.009573,0.009976,0.009471,0.009862,142556873.0
1749830400,0.00987,0.010059,0.009547,0.009684,162048961.0
1749844800,0.009685,0.009966,0.009644,0.009892,72465541.0
1749859200,0.009903,0.00993,0.009687,0.009745,20458961.0
1749873600,0.009739,0.009813,0.009647,0.009776,20343698.0
1749888000,0.009773,0.009773,0.009594,0.009651,27692769.0
1749902400,0.009645,0.009669,0.009442,0.00953,58106888.0
1749916800,0.009528,0.00961,0.009327,0.009454,128057010.0
1749931200,0.009454,0.009666,0.009371,0.009587,42407869.0
1749945600,0.009588,0.009683,0.00957,0.009621,25176050.0
1749960000,0.009623,0.009808,0.009539,0.009588,52432590.0
1749974400,0.00958,0.009626,0.009478,0.009595,28858677.0
1749988800,0.009597,0.009842,0.009513,0.009695,239635309.0
1750003200,0.009709,0.009954,0.009698,0.009802,61488297.0
1750017600,0.009805,0.009816,0.009518,0.009774,125230307.0
1750032000,0.009776,0.009979,0.009561,0.009832,83582576.0
1750046400,0.009822,0.010333,0.009805,0.010257,91990674.0
1750060800,0.010255,0.010267,0.010044,0.010122,43607153.0
1750075200,0.010113,0.010345,0.009997,0.01019,75048126.0
1750089600,0.010191,0.01057,0.010188,0.010426,87714970.0
1750104000,0.010418,0.010546,0.009969,0.010069,120562883.0
1750118400,0.010058,0.010527,0.009761,0.01033,138322644.0
1750132800,0.010335,0.010354,0.010038,0.010041,47676382.0
1750147200,0.010034,0.010076,0.009598,0.009705,18392730.0
1750161600,0.009703,0.009812,0.009386,0.009444,51101950.0
1750176000,0.009444,0.009577,0.009157,0.009468,60797836.0
1750190400,0.009462,0.009511,0.009208,0.009222,43837875.0
1750204800,0.009225,0.009419,0.009214,0.009313,15326595.0
1750219200,0.009322,0.009513,0.009272,0.0093,26240142.0
1750233600,0.009316,0.009409,0.008946,0.00912,30514275.0
1750248000,0.009103,0.009244,0.008794,0.009063,98795381.0
1750262400,0.009067,0.009228,0.008965,0.009055,80893590.0
1750276800,0.009068,0.009542,0.009028,0.009538,27671065.0
1750291200,0.009546,0.009711,0.009469,0.00953,37754449.0
1750305600,0.009542,0.009662,0.009372,0.009377,19965119.0
1750320000,0.009377,0.009438,0.009269,0.009287,10541151.0
1750334400,0.009296,0.009355,0.009175,0.009224,14348098.0
1750348800,0.009228,0.0094,0.009129,0.009307,25595408.0
1750363200,0.009311,0.009403,0.009253,0.009322,15219326.0
1750377600,0.009322,0.009384,0.009212,0.009281,11010681.0
1750392000,0.009275,0.009612,0.009146,0.009582,27682685.0
1750406400,0.0096,0.009695,0.009488,0.009548,33205168.0
1750420800,0.009544,0.009625,0.009108,0.009226,45815684.0
1750435200,0.009226,0.009248,0.008744,0.009009,154012838.0
1750449600,0.009017,0.009162,0.008932,0.009021,85041612.0
1750464000,0.009029,0.009235,0.00896,0.00919,11433237.0
1750478400,0.009187,0.009368,0.009161,0.009338,18776314.0
1750492800,0.009345,0.009469,0.009337,0.009443,19572389.0
1750507200,0.009443,0.009462,0.00884,0.009005,37303020.0
1750521600,0.009003,0.009066,0.00852,0.008529,172246453.0
1750536000,0.008529,0.008661,0.008216,0.008639,190606864.0
1750550400,0.008633,0.0088,0.00834,0.008385,91269519.0
1750564800,0.008394,0.008536,0.0083,0.00837,23799883.0
1750579200,0.008381,0.008422,0.008229,0.008299,81895739.0
1750593600,0.008313,0.008369,0.007804,0.007901,160803579.0
1750608000,0.00791,0.008061,0.007861,0.007899,147369768.0
1750622400,0.007903,0.008444,0.007733,0.008444,97752028.0
1750636800,0.008447,0.008674,0.008403,0.00855,20798343.0
1750651200,0.008564,0.008637,0.00845,0.008623,17143031.0
1750665600,0.008618,0.008644,0.008455,0.008494,38850285.0
1750680000,0.008493,0.00877,0.008417,0.008494,52679466.0
1750694400,0.008493,0.008965,0.008232,0.008928,116995815.0
1750708800,0.008921,0.009923,0.008884,0.009829,95846763.0
1750723200,0.009834,0.010144,0.009751,0.009779,56067519.0
1750737600,0.009779,0.010179,0.009721,0.009912,63564756.0
1750752000,0.009907,0.010015,0.009797,0.009909,25908833.0
1750766400,0.009903,0.009925,0.009668,0.009728,58480689.0
1750780800,0.009751,0.009944,0.009536,0.009608,65040482.0
1750795200,0.00961,0.009976,0.009571,0.009968,41418962.0
1750809600,0.009962,0.010298,0.00985,0.009899,212092612.0
1750824000,0.009898,0.009942,0.009678,0.009759,39950213.0
1750838400,0.009768,0.009927,0.009643,0.009922,21249375.0
1750852800,0.00993,0.010279,0.009587,0.00962,101224834.0
1750867200,0.009624,0.009743,0.009529,0.00956,38271343.0
1750881600,0.009583,0.010151,0.009569,0.009662,342785911.0
1750896000,0.009667,0.009989,0.00962,0.009715,210226973.0
1750910400,0.009701,0.009701,0.009431,0.009523,63463376.0
1750924800,0.009561,0.009599,0.009356,0.009445,44800703.0
1750939200,0.009436,0.009449,0.009067,0.009411,74413747.0
1750953600,0.009414,0.00946,0.00914,0.009257,58822229.0
1750968000,0.009236,0.009504,0.009134,0.009175,93346529.0
1750982400,0.009178,0.009375,0.009017,0.009351,48850692.0
1750996800,0.009351,0.009513,0.009274,0.00933,52238226.0
1751011200,0.009385,0.009728,0.009371,0.009535,20388819.0
1751025600,0.00954,0.01025,0.009486,0.010173,174957925.0
1751040000,0.010179,0.010766,0.01004,0.010403,258153269.0
1751054400,0.010394,0.011087,0.010347,0.010743,215287140.0
1751068800,0.010758,0.011049,0.010366,0.010891,225237469.0
1751083200,0.010899,0.011723,0.010816,0.011723,140271055.0
1751097600,0.011723,0.012215,0.01144,0.012049,316977348.0
1751112000,0.012051,0.012366,0.011638,0.012043,532366650.0
1751126400,0.012038,0.013738,0.012037,0.013367,633344875.0
1751140800,0.013385,0.014524,0.013223,0.013889,587284691.0
1751155200,0.01388,0.014062,0.013015,0.013087,422016405.0
1751169600,0.013102,0.01377,0.01287,0.013419,332753469.0
1751184000,0.013414,0.013531,0.013084,0.013118,259726292.0
1751198400,0.013123,0.014257,0.01312,0.013937,520404685.0
1751212800,0.013944,0.014624,0.013687,0.014384,335285823.0
1751227200,0.014353,0.014503,0.01356,0.01403,249564299.0
1751241600,0.01406,0.014381,0.01376,0.01403,263445791.0
1751256000,0.014029,0.015482,0.013941,0.014995,341036424.0
1751270400,0.01494,0.014944,0.01351,0.013595,322810141.0
1751284800,0.013577,0.014309,0.013211,0.01422,662598395.0
1751299200,0.014222,0.014771,0.014041,0.014321,333998939.0
1751313600,0.014333,0.014879,0.014106,0.014699,275244733.0
1751328000,0.014721,0.015595,0.014323,0.014467,472013194.0
1751342400,0.014473,0.014728,0.014096,0.014603,427198573.0
1751356800,0.014603,0.014655,0.013786,0.01462,180002696.0
1751371200,0.014593,0.014788,0.014061,0.014632,422208156.0
1751385600,0.014627,0.01507,0.014256,0.014903,564360767.0
1751400000,0.01492,0.015145,0.014364,0.014595,713803687.0
1751414400,0.014608,0.015031,0.014028,0.014898,433704324.0
1751428800,0.014905,0.016486,0.01355,0.014142,1131701193.0
1751443200,0.014134,0.015222,0.014018,0.014638,433487371.0
1751457600,0.014645,0.015381,0.01448,0.015335,610851447.0
1751472000,0.015315,0.015548,0.014942,0.015404,577265878.0
1751486400,0.015404,0.015661,0.01505,0.015474,261176414.0
1751500800,0.015475,0.016077,0.014975,0.015513,381715116.0
1751515200,0.015506,0.015628,0.015044,0.015628,366984250.0
1751529600,0.015612,0.016423,0.015541,0.01585,411557759.0
1751544000,0.01583,0.016241,0.015169,0.015187,867725693.0
1751558400,0.015192,0.015576,0.0151,0.01553,136330250.0
1751572800,0.015544,0.017224,0.015521,0.016794,732314287.0
1751587200,0.016804,0.017113,0.016066,0.016642,359022088.0
1751601600,0.016642,0.016957,0.015651,0.015859,408742443.0
1751616000,0.015856,0.01631,0.01576,0.016054,189057264.0
1751630400,0.016046,0.016374,0.015817,0.016006,446009910.0
1751644800,0.016009,0.016184,0.015827,0.016041,281833486.0
1751659200,0.016046,0.016866,0.015948,0.016396,301809974.0
1751673600,0.016396,0.016578,0.015933,0.016496,172224293.0
1751688000,0.016492,0.016844,0.016242,0.016675,439314035.0
1751702400,0.016721,0.016864,0.015803,0.015854,175475707.0
1751716800,0.015852,0.016085,0.015254,0.015835,352180627.0
1751731200,0.015828,0.015861,0.015352,0.015529,252289468.0
1751745600,0.015524,0.016266,0.015403,0.016069,264011794.0
1751760000,0.016092,0.016662,0.016014,0.016256,146710206.0
1751774400,0.016271,0.016448,0.01613,0.016212,85557078.0
1751788800,0.016204,0.016354,0.015712,0.01583,70063428.0
1751803200,0.01584,0.016139,0.015606,0.015696,378996058.0
1751817600,0.015703,0.016102,0.015597,0.015883,281738497.0
1751832000,0.015879,0.016191,0.01581,0.015903,255465321.0
1751846400,0.015903,0.015945,0.015147,0.015152,208149658.0
1751860800,0.015161,0.015352,0.015,0.015194,143608963.0
1751875200,0.015191,0.015316,0.015107,0.015211,64364343.0
1751889600,0.01521,0.015212,0.01428,0.014594,614725550.0
1751904000,0.014587,0.014827,0.014439,0.014584,281017014.0
1751918400,0.014584,0.014639,0.01429,0.014536,167804945.0
1751932800,0.014527,0.014893,0.014421,0.014699,188183789.0
1751947200,0.0147,0.015243,0.014629,0.015068,54482207.0
1751961600,0.01507,0.015552,0.015065,0.015089,124374492.0
1751976000,0.01509,0.01538,0.014962,0.015223,270185682.0
1751990400,0.015229,0.015361,0.014853,0.015313,115673976.0
1752004800,0.015307,0.015342,0.014858,0.014888,204003423.0
1752019200,0.014887,0.014978,0.014664,0.014801,124419400.0
1752033600,0.014798,0.014865,0.014634,0.014712,94548974.0
1752048000,0.014708,0.014773,0.014509,0.014702,100763932.0
1752062400,0.014711,0.015175,0.01444,0.014459,126670715.0
1752076800,0.014464,0.015243,0.014407,0.015165,343167524.0
1752091200,0.015171,0.015589,0.014914,0.015373,455277777.0
1752105600,0.01538,0.016944,0.015308,0.016937,877546106.0
1752120000,0.016923,0.019391,0.016785,0.018979,1542526677.0
1752134400,0.018982,0.020328,0.018836,0.01968,796433634.0
1752148800,0.019754,0.019975,0.018619,0.019012,708571963.0
1752163200,0.01901,0.01969,0.018297,0.01835,545877644.0
1752177600,0.01836,0.019788,0.018341,0.019118,824624846.0
1752192000,0.01911,0.022502,0.018965,0.0222,1156334337.0
1752206400,0.022187,0.022381,0.020463,0.020859,727648302.0
1752220800,0.020862,0.021903,0.020543,0.021283,328458358.0
1752235200,0.021257,0.022257,0.020574,0.020728,606374956.0
1752249600,0.020728,0.0239,0.02072,0.023,832900017.0
1752264000,0.022999,0.024436,0.022161,0.023575,646972781.0
1752278400,0.023569,0.024676,0.023021,0.024257,277919984.0
1752292800,0.024249,0.024366,0.022789,0.023047,154761195.0
1752307200,0.023056,0.02337,0.02251,0.022644,136363224.0
1752321600,0.022636,0.02282,0.021464,0.021747,640080389.0
1752336000,0.021741,0.023229,0.021741,0.023031,321338945.0
1752350400,0.023023,0.023999,0.022774,0.02333,376133464.0
1752364800,0.023349,0.023657,0.022716,0.022966,172313686.0
1752379200,0.022982,0.023461,0.022779,0.02304,173907497.0
1752393600,0.023023,0.028934,0.022959,0.028736,767202965.0
1752408000,0.028732,0.030773,0.027594,0.029673,1093902017.0
1752422400,0.029662,0.032583,0.029246,0.031119,924986130.0
1752436800,0.031128,0.031343,0.029397,0.030026,581541015.0
1752451200,0.030032,0.030183,0.028346,0.029869,573361232.0
1752465600,0.029885,0.030688,0.028446,0.029407,523324538.0
1752480000,0.029398,0.029484,0.02775,0.02841,397697593.0
1752494400,0.02841,0.028942,0.027254,0.02882,591401589.0
1752508800,0.028819,0.029402,0.028012,0.029131,394800019.0
1752523200,0.029118,0.031506,0.028482,0.029945,390580396.0
1752537600,0.029942,0.032049,0.029152,0.030008,763233885.0
1752552000,0.02999,0.031121,0.028884,0.02935,484916126.0
1752566400,0.029359,0.032687,0.029057,0.032495,498396614.0
1752580800,0.032499,0.034925,0.032205,0.032905,1108010397.0
1752595200,0.032902,0.03454,0.03135,0.031693,763529851.0
1752609600,0.031714,0.0328,0.030674,0.0324,438123942.0
1752624000,0.032406,0.03313,0.03166,0.032429,185473717.0
1752638400,0.032449,0.033252,0.031832,0.032989,215398643.0
1752652800,0.032955,0.035121,0.032838,0.033302,474732591.0
1752667200,0.033302,0.03382,0.032639,0.033142,557734629.0
1752681600,0.033153,0.034562,0.03189,0.032333,592585350.0
1752696000,0.032284,0.032501,0.030518,0.030849,495555689.0
1752710400,0.030849,0.032383,0.029098,0.029532,786379084.0
1752724800,0.029529,0.03072,0.02952,0.030402,310428059.0
1752739200,0.030395,0.031825,0.029987,0.031722,516501771.0
1752753600,0.031705,0.031829,0.02983,0.030317,657037539.0
1752768000,0.030316,0.03099,0.029272,0.029633,453524718.0
1752782400,0.029635,0.032749,0.029215,0.030245,721924710.0
1752796800,0.030256,0.030906,0.029626,0.030334,501381586.0
1752811200,0.030334,0.031367,0.029764,0.029902,427673172.0
1752825600,0.029901,0.030367,0.028747,0.030101,557334934.0
1752840000,0.030133,0.030578,0.028756,0.02961,446891272.0
1752854400,0.02966,0.031222,0.029459,0.031057,485091270.0
1752868800,0.031077,0.032399,0.03027,0.032256,505260751.0
1752883200,0.032277,0.032357,0.030456,0.031756,318216490.0
1752897600,0.031748,0.032344,0.03073,0.031892,218095744.0
1752912000,0.031897,0.033721,0.030951,0.031219,378786358.0
1752926400,0.031232,0.032125,0.029878,0.030273,356268992.0
1752940800,0.030316,0.030441,0.029646,0.030306,208362337.0
1752955200,0.030283,0.031048,0.030192,0.030917,200556055.0
1752969600,0.030907,0.031742,0.030705,0.030946,245835048.0
1752984000,0.030946,0.03107,0.03059,0.030661,126516234.0
1752998400,0.030646,0.031418,0.030638,0.030858,156079154.0
1753012800,0.030857,0.03144,0.030671,0.031271,322832420.0
1753027200,0.031258,0.032137,0.029638,0.032012,737307180.0
1753041600,0.032027,0.032245,0.030177,0.030999,448115938.0
1753056000,0.031002,0.032277,0.030547,0.031714,284286111.0
1753070400,0.031717,0.038,0.031717,0.037232,832231690.0
1753084800,0.037215,0.040264,0.036874,0.038464,720302106.0
1753099200,0.038434,0.038721,0.036226,0.036781,575859363.0
1753113600,0.036744,0.036791,0.03563,0.035988,532557645.0
1753128000,0.036002,0.038022,0.035819,0.037231,305232636.0
1753142400,0.037233,0.038549,0.036326,0.037365,524954898.0
1753156800,0.037355,0.037681,0.036041,0.037336,266156668.0
1753171200,0.037309,0.038196,0.03597,0.037408,306317464.0
1753185600,0.037378,0.043449,0.037102,0.041015,1676858606.0
1753200000,0.040983,0.044924,0.040417,0.042187,746310361.0
1753214400,0.042176,0.042872,0.041526,0.042318,335383102.0
1753228800,0.042311,0.046691,0.04169,0.045341,813100242.0
1753243200,0.045341,0.045962,0.043965,0.044599,234203116.0
1753257600,0.044582,0.044986,0.042748,0.044114,349507516.0
1753272000,0.044106,0.044229,0.040222,0.041347,882177221.0
1753286400,0.041345,0.041504,0.038592,0.040902,617838121.0
1753300800,0.040909,0.043952,0.039438,0.042876,537711280.0
1753315200,0.04292,0.043832,0.041063,0.041276,323939959.0
1753329600,0.041282,0.041639,0.037623,0.039906,685137926.0
1753344000,0.039903,0.040887,0.038656,0.040129,386286285.0
1753358400,0.040129,0.041776,0.038213,0.040506,390979315.0
1753372800,0.040506,0.040978,0.038814,0.039169,175375615.0
1753387200,0.039178,0.039612,0.037245,0.037604,302782021.0
1753401600,0.03763,0.037702,0.035892,0.036769,501440009.0
1753416000,0.036733,0.038069,0.036224,0.037797,274465205.0
1753430400,0.037806,0.039182,0.036856,0.038294,248997005.0
1753444800,0.038262,0.038276,0.035579,0.036462,267198860.0
1753459200,0.036462,0.037848,0.035763,0.037574,189447414.0
1753473600,0.037568,0.039494,0.037531,0.039245,351588647.0
1753488000,0.039245,0.043358,0.038699,0.042694,516298857.0
1753502400,0.042655,0.043755,0.041262,0.04176,282209512.0
1753516800,0.041761,0.04419,0.041474,0.043962,172407190.0
1753531200,0.043975,0.044932,0.042142,0.042333,403729544.0
1753545600,0.042302,0.04259,0.041775,0.042207,309503076.0
1753560000,0.042226,0.04292,0.041839,0.04197,148125844.0
1753574400,0.041982,0.043817,0.041852,0.0425,118263908.0
1753588800,0.042507,0.042735,0.04144,0.041624,92236407.0
1753603200,0.041619,0.04355,0.041226,0.043177,116517446.0
1753617600,0.043178,0.044083,0.042275,0.04277,286250771.0
1753632000,0.042733,0.046,0.042733,0.043947,613679388.0
1753646400,0.043946,0.044604,0.042891,0.043191,182543642.0
1753660800,0.04317,0.043837,0.042257,0.042675,268991875.0
1753675200,0.042668,0.043579,0.042168,0.042506,160306089.0
1753689600,0.042489,0.042692,0.041802,0.04211,115764242.0
1753704000,0.042122,0.042626,0.040757,0.041101,263844101.0
1753718400,0.04106,0.041566,0.040367,0.040876,394027596.0
1753732800,0.040896,0.041034,0.039412,0.040459,244934157.0
1753747200,0.040459,0.041641,0.039218,0.040893,266135338.0
1753761600,0.040874,0.041607,0.040386,0.04107,160848157.0
1753776000,0.041092,0.041229,0.03941,0.039512,159570706.0
1753790400,0.039492,0.0399,0.037331,0.037862,596092518.0
1753804800,0.037848,0.038568,0.037071,0.037778,243005417.0
1753819200,0.037758,0.038244,0.03683,0.038052,226567359.0
1753833600,0.038066,0.038164,0.037304,0.037543,89104192.0
1753848000,0.03755,0.039425,0.036641,0.037843,167220809.0
1753862400,0.037837,0.038216,0.035923,0.036127,196327624.0
1753876800,0.036128,0.0375,0.035852,0.036629,350296819.0
1753891200,0.036653,0.037629,0.0324,0.035552,1101752010.0
1753905600,0.035497,0.036452,0.034797,0.035488,297235443.0
1753920000,0.035479,0.037373,0.034996,0.037274,232579668.0
1753934400,0.037274,0.039031,0.036998,0.038076,221370233.0
1753948800,0.038086,0.040303,0.037713,0.03823,257985108.0
1753963200,0.038231,0.038451,0.036163,0.036507,442030065.0
1753977600,0.036502,0.037467,0.035205,0.035354,291653662.0
1753992000,0.03535,0.035449,0.033382,0.033688,437926317.0
1754006400,0.03369,0.034456,0.03242,0.034042,523572849.0
1754020800,0.034011,0.034446,0.033228,0.0335,190019187.0
1754035200,0.033498,0.034574,0.032896,0.034209,255070474.0
1754049600,0.034189,0.03476,0.03253,0.034085,561953593.0
1754064000,0.034085,0.034522,0.032719,0.033597,310816777.0
1754078400,0.033587,0.034565,0.03242,0.034234,512082803.0
1754092800,0.034226,0.036432,0.034142,0.035446,384539696.0
1754107200,0.035445,0.036061,0.034073,0.034983,269337020.0
1754121600,0.034982,0.035024,0.033542,0.033958,415190658.0
1754136000,0.033939,0.034721,0.033127,0.033354,495710792.0
1754150400,0.033358,0.033491,0.031153,0.032373,947189427.0
1754164800,0.032366,0.033489,0.03223,0.033257,221880155.0
1754179200,0.033258,0.033826,0.0325,0.033736,307795514.0
1754193600,0.033747,0.034437,0.033434,0.034097,492938814.0
1754208000,0.034115,0.034722,0.033808,0.033917,511964989.0
1754222400,0.033917,0.034575,0.033677,0.034107,603608780.0
1754236800,0.034066,0.035487,0.033768,0.03444,303594412.0
1754251200,0.034439,0.036291,0.034046,0.035302,352160576.0
1754265600,0.035308,0.037374,0.035133,0.035526,387743212.0
1754280000,0.035526,0.035937,0.034768,0.035687,152905597.0
1754294400,0.035692,0.03615,0.034967,0.035189,607554090.0
1754308800,0.035189,0.036795,0.03501,0.03557,866331628.0
1754323200,0.035588,0.036606,0.034303,0.03453,639034873.0
1754337600,0.034537,0.036506,0.034461,0.03624,523818932.0
1754352000,0.036243,0.036312,0.034959,0.035005,286210397.0
1754366400,0.034987,0.035695,0.034139,0.034201,287736192.0
1754380800,0.034186,0.035774,0.034155,0.035411,291081668.0
1754395200,0.035429,0.035453,0.033131,0.033333,575297110.0
1754409600,0.033332,0.033821,0.033112,0.033481,196769953.0
1754424000,0.03347,0.033691,0.032822,0.033428,380371595.0
1754438400,0.033428,0.033441,0.03253,0.032583,174672822.0
1754452800,0.032549,0.033494,0.03237,0.033376,173105103.0
1754467200,0.033376,0.033433,0.032714,0.033,87719800.0
1754481600,0.033008,0.034152,0.032539,0.034114,248254472.0
1754496000,0.034114,0.036161,0.033737,0.035442,371545119.0
1754510400,0.035434,0.035852,0.03468,0.035618,127991902.0
1754524800,0.035625,0.035834,0.034823,0.035228,125305343.0
1754539200,0.035201,0.03555,0.034419,0.035143,131178136.0
1754553600,0.03513,0.037442,0.034986,0.037322,280288310.0
1754568000,0.03732,0.037461,0.035943,0.036387,463159213.0
1754582400,0.036379,0.036844,0.03517,0.036664,265507154.0
1754596800,0.036719,0.037387,0.036426,0.037253,304847520.0
1754611200,0.037253,0.038987,0.037055,0.037355,669614470.0
1754625600,0.037371,0.037601,0.036883,0.037409,201525384.0
1754640000,0.037416,0.037828,0.036753,0.037131,108295856.0
1754654400,0.037131,0.038376,0.036148,0.03648,385354531.0
1754668800,0.036478,0.037956,0.036281,0.03749,247110716.0
1754683200,0.037481,0.037894,0.037237,0.037757,143141221.0
1754697600,0.037734,0.037734,0.036649,0.036781,52009290.0
1754712000,0.03676,0.039058,0.036689,0.038123,246960418.0
1754726400,0.038121,0.038943,0.037917,0.038161,113340794.0
1754740800,0.038155,0.039398,0.037299,0.037962,238907768.0
1754755200,0.037959,0.039197,0.03761,0.038737,136512476.0
1754769600,0.038736,0.039971,0.038328,0.038644,176640027.0
1754784000,0.038639,0.040277,0.038432,0.040257,212068648.0
1754798400,0.040245,0.041911,0.038392,0.038705,291228626.0
1754812800,0.038706,0.039415,0.038055,0.03828,191714430.0
1754827200,0.038293,0.039177,0.038067,0.038791,209406889.0
1754841600,0.038779,0.040343,0.038671,0.039965,206148209.0
1754856000,0.03997,0.040612,0.038852,0.040334,216872855.0
1754870400,0.040333,0.041531,0.039752,0.041358,363881239.0
1754884800,0.041364,0.04144,0.03987,0.040001,173295411.0
1754899200,0.040001,0.040352,0.038078,0.038228,252613242.0
1754913600,0.038228,0.03857,0.03743,0.0384,391686854.0
1754928000,0.038395,0.038938,0.0366,0.036957,431156127.0
1754942400,0.036956,0.037299,0.035804,0.036357,333601443.0
1754956800,0.03636,0.037157,0.036305,0.036476,129577350.0
1754971200,0.036469,0.036612,0.03513,0.035581,244709072.0
1754985600,0.035605,0.03564,0.034509,0.034939,202269099.0
1755000000,0.034945,0.037219,0.034825,0.037087,519531108.0
1755014400,0.037099,0.037713,0.036714,0.037369,460443506.0
1755028800,0.03738,0.037684,0.036769,0.037317,483083889.0
1755043200,0.037324,0.038388,0.035972,0.037802,398550655.0
1755057600,0.037795,0.038563,0.036521,0.037546,267980838.0
1755072000,0.037531,0.038198,0.037384,0.037729,143730055.0
1755086400,0.037731,0.038314,0.036261,0.036669,412184382.0
1755100800,0.03668,0.037818,0.036642,0.037668,189410211.0
1755115200,0.037659,0.037975,0.036901,0.037555,321607408.0
1755129600,0.037579,0.038627,0.036935,0.038294,447594148.0
1755144000,0.03829,0.038768,0.0367,0.036944,577360040.0
1755158400,0.036944,0.037015,0.035372,0.035906,467448311.0
1755172800,0.035906,0.036234,0.029633,0.0334,1386453236.0
1755187200,0.03336,0.033361,0.03244,0.032816,335180937.0
1755201600,0.032816,0.033336,0.031954,0.033047,213439794.0
1755216000,0.033046,0.035185,0.032989,0.03405,175137291.0
1755230400,0.034055,0.034111,0.033721,0.034047,81414125.0
1755244800,0.034053,0.0341,0.03325,0.033345,68616600.0
1755259200,0.033349,0.033938,0.030813,0.031305,501515201.0
1755273600,0.031311,0.03236,0.030951,0.031623,293578569.0
1755288000,0.03163,0.032864,0.031521,0.032373,98417460.0
1755302400,0.032366,0.032552,0.032101,0.032505,43546359.0
1755316800,0.032509,0.032763,0.032304,0.032533,41382978.0
1755331200,0.032535,0.03275,0.032182,0.032348,50730322.0
1755345600,0.03235,0.033328,0.032265,0.03304,79718325.0
1755360000,0.033021,0.033273,0.032812,0.032849,20357991.0
1755374400,0.032855,0.033294,0.032772,0.033155,129747969.0
1755388800,0.033158,0.033519,0.032775,0.033436,45739095.0
1755403200,0.033444,0.033618,0.03312,0.033204,41227379.0
1755417600,0.033219,0.033648,0.033141,0.033382,78129421.0
1755432000,0.033391,0.033838,0.032878,0.033794,58658743.0
1755446400,0.033856,0.034246,0.032426,0.032501,205711441.0
1755460800,0.032505,0.033571,0.032494,0.032802,106269477.0
1755475200,0.032829,0.032924,0.030707,0.031253,354608577.0
1755489600,0.03123,0.032773,0.031147,0.031601,181822002.0
1755504000,0.03161,0.032043,0.031086,0.031686,83948358.0
1755518400,0.031689,0.0322,0.031183,0.031951,137204112.0
1755532800,0.03192,0.031977,0.031237,0.031362,59342803.0
1755547200,0.031329,0.031855,0.030954,0.031089,70646509.0
1755561600,0.031096,0.031864,0.030351,0.031048,273812439.0
1755576000,0.031054,0.031886,0.030394,0.031238,121760303.0
1755590400,0.031233,0.032393,0.030765,0.032167,102867579.0
1755604800,0.032154,0.032514,0.030807,0.031201,248408355.0
1755619200,0.031223,0.031321,0.02966,0.030379,289688361.0
1755633600,0.030367,0.030778,0.029361,0.029544,155715590.0
1755648000,0.029529,0.030097,0.028931,0.02975,153975353.0
1755662400,0.029751,0.030451,0.029751,0.029944,229641856.0
1755676800,0.029947,0.030372,0.029345,0.029762,123628151.0
1755691200,0.029763,0.030806,0.028609,0.030069,283592234.0
1755705600,0.030089,0.031725,0.030079,0.031686,215573254.0
1755720000,0.031695,0.03227,0.031455,0.03208,245970856.0
1755734400,0.032087,0.032768,0.031548,0.031747,214032313.0
1755748800,0.031745,0.032376,0.031408,0.031696,135397779.0
1755763200,0.031704,0.031729,0.030785,0.030912,95774136.0
1755777600,0.030896,0.031382,0.030131,0.030172,162295418.0
1755792000,0.030197,0.030922,0.03,0.030329,89845348.0
1755806400,0.030332,0.030826,0.030236,0.030462,51540682.0
1755820800,0.030463,0.031904,0.030419,0.031106,132229224.0
1755835200,0.031113,0.03148,0.030856,0.031169,67709035.0
1755849600,0.03113,0.031297,0.029607,0.029607,126272572.0
1755864000,0.029606,0.034369,0.028791,0.033424,888266343.0
1755878400,0.033446,0.034502,0.033425,0.033999,368327642.0
1755892800,0.034008,0.037014,0.033901,0.036245,440229129.0
1755907200,0.036256,0.036923,0.034739,0.034761,323269962.0
1755921600,0.034755,0.036085,0.034737,0.035391,228927284.0
1755936000,0.035398,0.036264,0.035343,0.035785,204508027.0
1755950400,0.035805,0.036245,0.035048,0.035267,170310840.0
1755964800,0.035268,0.035982,0.034967,0.035907,108409051.0
1755979200,0.035905,0.03664,0.03568,0.03635,208790771.0
1755993600,0.036348,0.036478,0.035674,0.036011,309762716.0
1756008000,0.035998,0.036136,0.035139,0.035333,129975902.0
1756022400,0.035335,0.035484,0.033659,0.034209,316670278.0
1756036800,0.034188,0.034746,0.03389,0.034102,196999919.0
1756051200,0.034122,0.036056,0.033891,0.034702,307407732.0
1756065600,0.034693,0.034693,0.033553,0.034117,475215188.0
1756080000,0.034123,0.034956,0.033616,0.03404,139586602.0
1756094400,0.034024,0.034088,0.031759,0.031858,394481426.0
1756108800,0.031884,0.032026,0.031353,0.031619,94497136.0
1756123200,0.031645,0.031935,0.03114,0.031237,148076189.0
1756137600,0.031241,0.031541,0.030054,0.030115,307580331.0
1756152000,0.030107,0.030388,0.029454,0.029912,316023350.0
1756166400,0.029916,0.03037,0.029725,0.029842,143210131.0
1756180800,0.029848,0.031046,0.029842,0.030776,209768226.0
1756195200,0.030765,0.030969,0.030239,0.030352,84836480.0
1756209600,0.030378,0.031216,0.030123,0.030583,204139912.0
1756224000,0.030578,0.031534,0.030478,0.031478,101508248.0
1756238400,0.03146,0.031614,0.030925,0.031105,174048659.0
1756252800,0.031128,0.031346,0.030587,0.031174,58204517.0
1756267200,0.03116,0.031522,0.030666,0.030821,103726165.0
1756281600,0.030836,0.031128,0.030519,0.030959,79391740.0
1756296000,0.030966,0.031302,0.030656,0.030925,258870419.0
1756310400,0.030933,0.030943,0.030092,0.03047,203856989.0
1756324800,0.030457,0.030858,0.029903,0.030003,245024577.0
1756339200,0.029999,0.030249,0.029666,0.030212,213715782.0
1756353600,0.03023,0.031011,0.03015,0.030583,130815731.0
1756368000,0.03059,0.030873,0.030132,0.030533,59726800.0
1756382400,0.030542,0.030774,0.030105,0.0302,176472397.0
1756396800,0.030199,0.030408,0.029633,0.029633,132708429.0
1756411200,0.029633,0.030613,0.029572,0.030426,79436159.0
1756425600,0.030445,0.030521,0.029681,0.030197,56042810.0
1756440000,0.030176,0.030344,0.029063,0.02911,133896811.0
1756454400,0.029127,0.029316,0.028564,0.029048,182755160.0
1756468800,0.02905,0.030043,0.028957,0.029031,363088051.0
1756483200,0.029008,0.029284,0.028368,0.028921,190391915.0
1756497600,0.028912,0.029432,0.028603,0.029264,56106874.0
1756512000,0.02927,0.029859,0.028677,0.029693,45615123.0
1756526400,0.029716,0.029848,0.029469,0.029738,53368283.0
1756540800,0.029719,0.03032,0.029706,0.030267,75544403.0
1756555200,0.03026,0.030642,0.02961,0.030442,62976693.0
1756569600,0.030432,0.030432,0.029724,0.029944,53631124.0
1756584000,0.029936,0.029999,0.029711,0.029756,50679677.0
1756598400,0.029771,0.030421,0.029733,0.030146,148331001.0
1756612800,0.030156,0.030166,0.029631,0.029749,48262566.0
1756627200,0.029751,0.030091,0.029509,0.029702,34253211.0
1756641600,0.029689,0.029774,0.02933,0.029724,56484402.0
1756656000,0.029713,0.030152,0.029464,0.029905,68697767.0
1756670400,0.02991,0.030145,0.02895,0.028959,75239852.0
1756684800,0.028952,0.02903,0.027594,0.028062,234473799.0
1756699200,0.028054,0.028758,0.027654,0.028753,44456960.0
1756713600,0.028777,0.029491,0.028527,0.028636,198705992.0
1756728000,0.02864,0.028909,0.02833,0.028396,106238764.0
1756742400,0.028398,0.029145,0.028233,0.028726,81753399.0
1756756800,0.028719,0.028729,0.027629,0.028481,140785960.0
1756771200,0.028488,0.029655,0.027985,0.029031,346620099.0
1756785600,0.029046,0.029589,0.028971,0.029375,44601147.0
1756800000,0.029356,0.0296,0.029042,0.029043,47540943.0
1756814400,0.029067,0.029944,0.028404,0.029037,210579119.0
1756828800,0.02908,0.029588,0.029045,0.029342,69998151.0
1756843200,0.029345,0.031072,0.029294,0.030945,202680280.0
1756857600,0.030935,0.031133,0.030024,0.030712,172823204.0
1756872000,0.030712,0.030774,0.0301,0.030619,134737614.0
1756886400,0.030608,0.03098,0.03036,0.030683,79674119.0
1756900800,0.030689,0.031323,0.030388,0.030796,196946908.0
1756915200,0.030796,0.031101,0.030518,0.030805,223036655.0
1756929600,0.030815,0.031024,0.030583,0.030625,85955263.0
1756944000,0.03062,0.030905,0.030102,0.03013,60635972.0
1756958400,0.03013,0.03021,0.029286,0.029482,133369723.0
1756972800,0.02948,0.029636,0.029325,0.029371,48378980.0
1756987200,0.029371,0.029507,0.028584,0.028737,132302103.0
1757001600,0.028733,0.02878,0.028105,0.028263,273786331.0
1757016000,0.028263,0.02882,0.028249,0.028478,94205576.0
1757030400,0.028481,0.028815,0.028458,0.028815,38281184.0
1757044800,0.028816,0.029478,0.028652,0.029438,49988523.0
1757059200,0.029438,0.029511,0.028766,0.029311,83498458.0
1757073600,0.029317,0.0305,0.028845,0.02891,428441289.0
1757088000,0.02891,0.029305,0.028647,0.029289,76255270.0
1757102400,0.029297,0.029675,0.029008,0.029147,61699458.0
1757116800,0.029151,0.029534,0.02905,0.029302,27428979.0
1757131200,0.029294,0.029294,0.028725,0.028897,37940077.0
1757145600,0.02889,0.028922,0.028607,0.028795,31205199.0
1757160000,0.028782,0.029205,0.028692,0.028728,41835760.0
1757174400,0.028712,0.029009,0.028239,0.028411,161491598.0
1757188800,0.028411,0.028724,0.028397,0.028565,50893751.0
1757203200,0.028578,0.029064,0.028548,0.028997,22868042.0
1757217600,0.028997,0.029015,0.028684,0.028841,18922202.0
1757232000,0.028841,0.029123,0.028613,0.028874,39362648.0
1757246400,0.028878,0.029044,0.028679,0.029012,30800652.0
1757260800,0.029012,0.029416,0.028609,0.028989,130798736.0
1757275200,0.02898,0.031201,0.028858,0.030636,168689684.0
1757289600,0.030636,0.031089,0.030004,0.030735,140074275.0
1757304000,0.030737,0.031637,0.030383,0.031255,176873439.0
1757318400,0.031261,0.0334,0.031202,0.032448,358896100.0
1757332800,0.032446,0.034392,0.032169,0.033943,333947962.0
1757347200,0.033938,0.034657,0.033433,0.033583,251361420.0
1757361600,0.033582,0.034195,0.033073,0.033901,116013568.0
1757376000,0.033896,0.034096,0.032832,0.033732,122220961.0
1757390400,0.033738,0.035737,0.033578,0.035003,287664257.0
1757404800,0.035006,0.035437,0.0345,0.034579,62972830.0
1757419200,0.0346,0.034973,0.032949,0.033167,312714310.0
1757433600,0.033172,0.033709,0.033118,0.03344,150685353.0
1757448000,0.033433,0.034023,0.033288,0.033612,114232392.0
1757462400,0.033617,0.034438,0.033336,0.033844,96030384.0
1757476800,0.033856,0.0343,0.033394,0.033938,149636258.0
1757491200,0.033945,0.034284,0.033621,0.033829,121179157.0
1757505600,0.033829,0.035794,0.033776,0.035321,428261481.0
1757520000,0.035349,0.035553,0.034426,0.034502,317373326.0
1757534400,0.034497,0.035023,0.034341,0.034791,214789732.0
1757548800,0.034798,0.035013,0.034,0.034642,162795359.0
1757563200,0.034642,0.03467,0.033861,0.034077,114048528.0
1757577600,0.034082,0.034258,0.033513,0.03365,156606234.0
1757592000,0.033658,0.0342,0.033194,0.033608,416881530.0
1757606400,0.033594,0.033845,0.033417,0.033668,242219179.0
1757620800,0.03368,0.035025,0.033578,0.034885,164621182.0
1757635200,0.034892,0.03714,0.034783,0.036809,426563105.0
1757649600,0.036806,0.038205,0.036262,0.037577,318077827.0
1757664000,0.037582,0.037748,0.036363,0.036395,168349692.0
1757678400,0.0364,0.03658,0.03506,0.035262,281783559.0
1757692800,0.035278,0.036694,0.035234,0.036659,187057006.0
1757707200,0.03665,0.036652,0.036059,0.036445,184929385.0
1757721600,0.036451,0.037449,0.036155,0.03685,173827929.0
1757736000,0.036824,0.036894,0.036303,0.03634,57324164.0
1757750400,0.036336,0.037475,0.036289,0.037466,160887603.0
1757764800,0.037428,0.037969,0.036238,0.037107,186426610.0
1757779200,0.037093,0.037483,0.036104,0.036578,111446577.0
1757793600,0.036585,0.036985,0.036272,0.036522,144296582.0
1757808000,0.036522,0.036662,0.035411,0.035586,154743973.0
1757822400,0.035575,0.035877,0.035202,0.035544,171664866.0
1757836800,0.035546,0.035877,0.034131,0.03464,224069496.0
1757851200,0.034608,0.034894,0.034005,0.034466,168938336.0
1757865600,0.034453,0.035039,0.034397,0.034687,192632228.0
1757880000,0.034673,0.035442,0.034643,0.034733,97975884.0
1757894400,0.034728,0.03507,0.034356,0.034963,95388160.0
1757908800,0.03495,0.035302,0.033718,0.033988,211392314.0
1757923200,0.033971,0.033974,0.032632,0.033358,224020011.0
1757937600,0.033301,0.033386,0.032354,0.032671,191915338.0
1757952000,0.032659,0.033074,0.03233,0.032966,125520288.0
1757966400,0.032942,0.033296,0.032915,0.033143,82323227.0
1757980800,0.033142,0.033142,0.032565,0.032618,59392330.0
1757995200,0.032618,0.033167,0.032119,0.032867,64659288.0
1758009600,0.032894,0.033271,0.032894,0.033137,63537131.0
1758024000,0.033136,0.034101,0.032666,0.034032,198196211.0
1758038400,0.03407,0.034666,0.033695,0.034502,159128288.0
1758052800,0.034493,0.03457,0.033887,0.033994,59654493.0
1758067200,0.033983,0.034063,0.033444,0.033444,51400270.0
1758081600,0.033467,0.033863,0.033201,0.033715,72835373.0
1758096000,0.033714,0.033714,0.033,0.033336,47814248.0
1758110400,0.033331,0.033583,0.033069,0.033233,109330036.0
1758124800,0.033232,0.034655,0.032912,0.03465,322314231.0
1758139200,0.034635,0.036226,0.034037,0.035993,229827445.0
1758153600,0.035993,0.037432,0.035794,0.037095,319285215.0
1758168000,0.037099,0.0376,0.036824,0.037306,201370654.0
1758182400,0.037306,0.038429,0.037195,0.037906,130874112.0
1758196800,0.037894,0.039703,0.037751,0.039316,241528697.0
1758211200,0.039324,0.039459,0.038045,0.038331,217976716.0
1758225600,0.038328,0.038809,0.037661,0.038107,165990583.0
1758240000,0.038093,0.038786,0.03775,0.0378,94611703.0
1758254400,0.03779,0.038541,0.037351,0.037825,246578309.0
1758268800,0.037806,0.03814,0.036365,0.036419,139647840.0
1758283200,0.036407,0.036874,0.035326,0.035834,239635215.0
1758297600,0.035854,0.036732,0.035539,0.035565,198708372.0
1758312000,0.03556,0.036202,0.035374,0.035641,90316074.0
1758326400,0.035626,0.035808,0.034772,0.035239,57772200.0
1758340800,0.035218,0.035615,0.035051,0.035391,36822513.0
1758355200,0.035427,0.035427,0.034153,0.034442,79308818.0
1758369600,0.034442,0.035592,0.034219,0.035173,92505038.0
1758384000,0.035171,0.035345,0.034654,0.034819,53520200.0
1758398400,0.034821,0.035521,0.034766,0.035317,135037232.0
1758412800,0.035317,0.035471,0.034968,0.035275,112971118.0
1758427200,0.035268,0.035268,0.034783,0.035001,53320370.0
1758441600,0.035003,0.035019,0.034211,0.034548,33086273.0
1758456000,0.034543,0.034919,0.034438,0.034487,20538451.0
1758470400,0.034513,0.034558,0.033726,0.034091,110638293.0
1758484800,0.034082,0.03442,0.033784,0.033903,68614513.0
1758499200,0.033896,0.03414,0.031451,0.032026,512594101.0
1758513600,0.032012,0.032178,0.028708,0.030665,375059505.0
1758528000,0.030657,0.03088,0.029913,0.030094,135529934.0
1758542400,0.030083,0.03093,0.029924,0.03005,77376923.0
1758556800,0.030025,0.030364,0.029732,0.029894,72770317.0
1758571200,0.029895,0.030937,0.029843,0.030855,69325551.0
1758585600,0.030852,0.030857,0.02917,0.029952,73979069.0
1758600000,0.029953,0.030395,0.029527,0.030094,78369719.0
1758614400,0.030078,0.030337,0.029826,0.029961,63880875.0
1758628800,0.029956,0.030235,0.029541,0.030014,157761172.0
1758643200,0.03002,0.030422,0.029251,0.029345,110691463.0
1758657600,0.029338,0.029737,0.02905,0.029345,149141140.0
1758672000,0.029359,0.030081,0.029,0.029002,162040016.0
1758686400,0.029013,0.029958,0.027292,0.029842,225871769.0
1758700800,0.029846,0.0307,0.029693,0.030533,92506850.0
1758715200,0.030536,0.030833,0.030025,0.03019,79049678.0
1758729600,0.03021,0.030501,0.02985,0.029968,44786051.0
1758744000,0.029976,0.030081,0.029536,0.029896,29184562.0
1758758400,0.029904,0.029991,0.028767,0.029142,65290902.0
1758772800,0.029132,0.02924,0.028393,0.028488,83374745.0
1758787200,0.028489,0.02877,0.02805,0.028153,50233639.0
1758801600,0.028154,0.028698,0.02756,0.028185,159832875.0
1758816000,0.028186,0.028288,0.026289,0.026982,215862325.0
1758830400,0.02699,0.027356,0.026562,0.026755,59441096.0
1758844800,0.026752,0.027272,0.02673,0.027082,33112544.0
1758859200,0.027086,0.027098,0.026652,0.026999,25534570.0
1758873600,0.027021,0.027101,0.026244,0.026712,26288100.0
1758888000,0.026707,0.027338,0.026363,0.027252,66773628.0
1758902400,0.027266,0.028848,0.027262,0.028304,64606954.0
1758916800,0.028322,0.028609,0.028151,0.02855,15842791.0
1758931200,0.028535,0.029037,0.028378,0.028653,19748791.0
1758945600,0.028647,0.028822,0.028299,0.028384,41154035.0
1758960000,0.02836,0.028382,0.027873,0.028113,41604169.0
1758974400,0.028124,0.02835,0.027947,0.028322,17478045.0
1758988800,0.028283,0.028286,0.027762,0.02795,24639399.0
1759003200,0.027981,0.02832,0.027808,0.02788,59681421.0
1759017600,0.02791,0.027946,0.027411,0.027704,23789941.0
1759032000,0.02769,0.027701,0.027245,0.027394,7133977.0
1759046400,0.027391,0.027482,0.027113,0.027249,7658325.0
1759060800,0.02725,0.027946,0.026983,0.027944,22330339.0
1759075200,0.027958,0.028423,0.027888,0.028395,25098012.0
1759089600,0.028424,0.029155,0.028288,0.029051,56729168.0
1759104000,0.029046,0.029048,0.02845,0.028573,50750674.0
1759118400,0.028594,0.028607,0.028069,0.028348,10492536.0
1759132800,0.028357,0.028449,0.02766,0.027884,19806256.0
1759147200,0.027881,0.02922,0.027366,0.028107,103069965.0
1759161600,0.028163,0.02856,0.027703,0.028299,93311793.0
1759176000,0.028294,0.028895,0.028095,0.028095,47895849.0
1759190400,0.028132,0.028186,0.02763,0.027796,30379327.0
1759204800,0.027796,0.027881,0.027228,0.027325,30369184.0
1759219200,0.02733,0.027447,0.027123,0.027424,53882573.0
1759233600,0.027418,0.027475,0.026588,0.026775,58159072.0
1759248000,0.026761,0.027768,0.026667,0.027691,27796770.0
1759262400,0.027685,0.028219,0.027546,0.027908,39058853.0
1759276800,0.027907,0.028251,0.027611,0.027623,24370154.0
1759291200,0.027645,0.028164,0.027585,0.028077,28029529.0
1759305600,0.028052,0.030787,0.028007,0.030673,177845739.0
1759320000,0.030674,0.031721,0.030128,0.031519,241992172.0
1759334400,0.031519,0.032027,0.030842,0.031533,192891157.0
1759348800,0.03153,0.031605,0.031043,0.031485,108260510.0
1759363200,0.031488,0.03222,0.031112,0.03164,127044297.0
1759377600,0.03164,0.032106,0.031597,0.031987,138202573.0
1759392000,0.032,0.032056,0.031203,0.031655,128896206.0
1759406400,0.031638,0.031833,0.030241,0.031182,288877046.0
1759420800,0.0312,0.03205,0.030784,0.031803,217134723.0
1759435200,0.031804,0.031906,0.031427,0.031873,64815072.0
1759449600,0.031867,0.031898,0.030974,0.03116,157518510.0
1759464000,0.031155,0.031537,0.03053,0.03072,178580285.0
1759478400,0.030725,0.031038,0.030484,0.030772,51598660.0
1759492800,0.030775,0.031775,0.030436,0.031724,85557553.0
1759507200,0.03172,0.032432,0.030655,0.031657,300562979.0
1759521600,0.031656,0.032194,0.031319,0.031938,224099787.0
1759536000,0.031943,0.032091,0.031046,0.031324,47217354.0
1759550400,0.031322,0.032045,0.031118,0.031553,60537266.0
1759564800,0.031555,0.031618,0.03071,0.030892,77771806.0
1759579200,0.030894,0.031179,0.029398,0.029527,217910945.0
1759593600,0.029542,0.030062,0.029333,0.030036,49330317.0
1759608000,0.03005,0.030434,0.029923,0.030307,46352435.0
1759622400,0.030315,0.031523,0.030068,0.031156,60238072.0
1759636800,0.031149,0.033525,0.03103,0.033484,256889884.0
1759651200,0.033493,0.034078,0.032796,0.032993,200313075.0
1759665600,0.032988,0.033127,0.032283,0.032483,77341990.0
1759680000,0.032507,0.032734,0.031334,0.03139,115463950.0
1759694400,0.031393,0.031781,0.031244,0.031545,37418311.0
1759708800,0.031538,0.031784,0.030722,0.030995,125401142.0
1759723200,0.030976,0.03148,0.030579,0.030973,117618103.0
1759737600,0.030972,0.031507,0.030943,0.031253,38717293.0
1759752000,0.031264,0.033009,0.031243,0.032867,228939383.0
1759766400,0.032844,0.033623,0.032299,0.033504,199351636.0
1759780800,0.033502,0.033701,0.032813,0.032813,186724134.0
1759795200,0.03281,0.033377,0.032598,0.033169,316568228.0
1759809600,0.033167,0.0341,0.032231,0.032257,299725833.0
1759824000,0.032256,0.033137,0.031719,0.03268,106346699.0
1759838400,0.032672,0.033019,0.030695,0.030919,265276568.0
1759852800,0.030917,0.031366,0.030331,0.030727,97463139.0
1759867200,0.030745,0.031189,0.030321,0.030414,84634069.0
1759881600,0.0304,0.030788,0.029882,0.030065,59905446.0
1759896000,0.030063,0.030568,0.029877,0.030561,47069540.0
1759910400,0.030562,0.031534,0.030484,0.030999,68516644.0
1759924800,0.031007,0.03219,0.030999,0.031752,93761714.0
1759939200,0.031758,0.033068,0.031648,0.03303,248121799.0
1759953600,0.033025,0.033289,0.032524,0.032542,338953319.0
1759968000,0.032534,0.032813,0.031141,0.031661,185396148.0
1759982400,0.03166,0.031914,0.030859,0.030934,79580072.0
1759996800,0.030945,0.031152,0.03025,0.030839,120064875.0
1760011200,0.030831,0.031249,0.029887,0.030089,142957037.0
1760025600,0.030088,0.030404,0.029571,0.030147,107301902.0
1760040000,0.030131,0.030557,0.030002,0.030164,58016308.0
1760054400,0.030165,0.030965,0.029941,0.030531,56232221.0
1760068800,0.030524,0.030849,0.030125,0.030142,77623489.0
1760083200,0.030144,0.031536,0.030112,0.031323,125804849.0
1760097600,0.031318,0.031752,0.0282,0.028974,369325139.0
1760112000,0.028974,0.029087,0.027442,0.027909,509252462.0
1760126400,0.027916,0.028195,0.00555,0.023677,1229867935.0
1760140800,0.023671,0.02498,0.022717,0.02365,308145872.0
1760155200,0.023633,0.023965,0.023125,0.023381,97391902.0
1760169600,0.023464,0.024858,0.023323,0.023877,112528364.0
1760184000,0.023911,0.023918,0.022764,0.023205,130254299.0
1760198400,0.023206,0.023398,0.021453,0.021643,270338304.0
1760212800,0.021644,0.021892,0.020767,0.02168,109815665.0
1760227200,0.021695,0.02236,0.02115,0.022069,96604138.0
1760241600,0.022059,0.022561,0.021949,0.022129,62286056.0
1760256000,0.022116,0.022267,0.021616,0.022065,29507652.0
1760270400,0.022065,0.025391,0.021981,0.024938,287354179.0
1760284800,0.024948,0.026467,0.024907,0.026171,296426894.0
1760299200,0.026183,0.02658,0.02539,0.025677,179134384.0
1760313600,0.025671,0.025971,0.025044,0.025288,60931735.0
1760328000,0.025315,0.02589,0.025035,0.02554,72513040.0
1760342400,0.025532,0.025834,0.02439,0.024919,147076134.0
1760356800,0.024877,0.026095,0.024623,0.025607,153813550.0
1760371200,0.025646,0.026901,0.025358,0.026704,174030093.0
1760385600,0.026715,0.026797,0.02625,0.026361,97527817.0
1760400000,0.026371,0.026588,0.025139,0.025342,60731730.0
1760414400,0.025346,0.025477,0.023517,0.02384,100976567.0
1760428800,0.023826,0.024377,0.023399,0.024104,82191311.0
1760443200,0.024099,0.024831,0.023367,0.024783,209147643.0
1760457600,0.024773,0.025284,0.024213,0.024623,192603620.0
1760472000,0.024622,0.024922,0.024346,0.024524,65670201.0
1760486400,0.024524,0.024972,0.024083,0.024293,36251499.0
1760500800,0.024298,0.024656,0.024144,0.024647,15601306.0
1760515200,0.024614,0.025208,0.024176,0.02438,38309761.0
1760529600,0.02436,0.024448,0.02348,0.023663,100273539.0
1760544000,0.023662,0.023788,0.023327,0.023458,86762300.0
1760558400,0.023463,0.023595,0.022871,0.023179,47806652.0
1760572800,0.023184,0.023619,0.023042,0.02342,20113175.0
1760587200,0.023435,0.023678,0.023185,0.02329,16957120.0
1760601600,0.02334,0.023725,0.02236,0.023638,79356036.0
1760616000,0.023639,0.023816,0.022438,0.02255,85522029.0
1760630400,0.02252,0.022938,0.021747,0.021972,133330498.0
1760644800,0.02197,0.022115,0.021565,0.022035,45122017.0
1760659200,0.022057,0.02236,0.021949,0.022225,33394666.0
1760673600,0.022231,0.022247,0.020329,0.020385,76132548.0
1760688000,0.020405,0.021259,0.019872,0.021087,119565267.0
1760702400,0.021081,0.021278,0.020456,0.021169,84291316.0
1760716800,0.021169,0.021509,0.020735,0.020949,72593874.0
1760731200,0.020957,0.021489,0.020881,0.021164,21642416.0
1760745600,0.021174,0.021566,0.02107,0.021417,15183622.0
1760760000,0.021442,0.021707,0.021113,0.021271,15421591.0
1760774400,0.021292,0.021588,0.021277,0.021546,43752152.0
1760788800,0.021572,0.021595,0.021162,0.021365,12116944.0
1760803200,0.021373,0.021445,0.020967,0.02136,24676189.0
1760817600,0.021351,0.021519,0.021292,0.021458,26201950.0
1760832000,0.02145,0.021565,0.021189,0.021538,19716282.0
1760846400,0.021566,0.021583,0.02112,0.021285,21571452.0
1760860800,0.021285,0.022571,0.020971,0.02222,59778312.0
1760875200,0.022248,0.022792,0.021935,0.022391,42082975.0
1760889600,0.022418,0.022722,0.02222,0.022513,81273891.0
1760904000,0.022514,0.022634,0.022173,0.022236,25882414.0
1760918400,0.02223,0.022833,0.021644,0.022762,42873145.0
1760932800,0.022729,0.023215,0.022595,0.02281,15959429.0
1760947200,0.022795,0.02296,0.022497,0.022608,15926036.0
1760961600,0.022609,0.023035,0.022543,0.022592,31185363.0
1760976000,0.022584,0.022727,0.0221,0.022591,50677829.0
1760990400,0.02258,0.022718,0.022336,0.022404,16926141.0
1761004800,0.022395,0.022474,0.021849,0.021861,24227959.0
1761019200,0.021856,0.021882,0.021277,0.021669,56800130.0
1761033600,0.021643,0.021675,0.021316,0.02155,20723390.0
1761048000,0.021547,0.023466,0.021423,0.02331,95966781.0
1761062400,0.023339,0.02348,0.022685,0.022769,58850905.0
1761076800,0.022779,0.022793,0.021224,0.021226,107370709.0
1761091200,0.021259,0.021442,0.021004,0.021158,36754310.0
1761105600,0.021169,0.021381,0.020858,0.021114,26089285.0
1761120000,0.021056,0.021112,0.020511,0.020925,40105682.0
1761134400,0.020916,0.021263,0.020673,0.020957,46396687.0
1761148800,0.020959,0.021064,0.020371,0.020577,42278933.0
1761163200,0.020566,0.020645,0.019393,0.019926,70453984.0
1761177600,0.019928,0.020019,0.019657,0.019859,33708737.0
1761192000,0.019871,0.020608,0.019766,0.020447,19698570.0
1761206400,0.020451,0.020708,0.020252,0.020274,27453146.0
1761220800,0.020264,0.02053,0.019984,0.020324,41406747.0
1761235200,0.020339,0.020959,0.020228,0.02049,56798453.0
1761249600,0.020492,0.020499,0.02005,0.020449,24850340.0
1761264000,0.020457,0.020592,0.020329,0.020391,28774691.0
1761278400,0.020395,0.021053,0.020321,0.020822,18683640.0
1761292800,0.020818,0.021068,0.020519,0.020839,12327453.0
1761307200,0.020846,0.021403,0.02032,0.020484,82882382.0
1761321600,0.020488,0.020939,0.020221,0.020844,31991575.0
1761336000,0.020824,0.021236,0.020816,0.021168,17914812.0
1761350400,0.021161,0.021292,0.020998,0.021072,20408057.0
1761364800,0.021058,0.021219,0.020742,0.020763,16718875.0
1761379200,0.020771,0.021119,0.020771,0.02095,8368837.0
1761393600,0.020955,0.021152,0.020951,0.021075,17124162.0
1761408000,0.021118,0.021792,0.020989,0.021605,48061967.0
1761422400,0.021608,0.021729,0.021328,0.021363,38785849.0
1761436800,0.021363,0.02141,0.020694,0.020763,56508297.0
1761451200,0.020751,0.021058,0.020723,0.021035,35719782.0
1761465600,0.02107,0.022061,0.021023,0.021971,55645121.0
1761480000,0.021979,0.022317,0.021961,0.022149,51509243.0
1761494400,0.022129,0.022138,0.021851,0.021979,17797932.0
1761508800,0.021978,0.022656,0.021659,0.022314,63587096.0
1761523200,0.022315,0.022895,0.022276,0.022658,61573946.0
1761537600,0.022657,0.023293,0.022549,0.022652,35238677.0
1761552000,0.022654,0.022688,0.021777,0.021903,34534478.0
1761566400,0.021896,0.02202,0.021554,0.021775,77377788.0
1761580800,0.021771,0.022535,0.021771,0.02192,88753858.0
1761595200,0.021929,0.021929,0.021214,0.021395,95449957.0
1761609600,0.02139,0.021551,0.021034,0.02115,43650528.0
1761624000,0.02113,0.02147,0.02092,0.021168,16735326.0
1761638400,0.02117,0.021803,0.021136,0.021395,20789403.0
1761652800,0.021388,0.022169,0.02119,0.021341,58460207.0
1761667200,0.021345,0.021738,0.020826,0.02088,84749936.0
1761681600,0.020866,0.02089,0.020161,0.020556,91131301.0
1761696000,0.020512,0.020798,0.02041,0.020528,12645946.0
1761710400,0.020525,0.021038,0.020518,0.020823,12711177.0
1761724800,0.020825,0.021123,0.020584,0.021101,13033098.0
1761739200,0.021103,0.021346,0.020498,0.020624,32565277.0
1761753600,0.020567,0.021731,0.020293,0.021248,185068818.0
1761768000,0.021272,0.02214,0.020989,0.021139,108775358.0
1761782400,0.021146,0.02144,0.020892,0.020999,75714781.0
1761796800,0.020986,0.021068,0.019887,0.020951,75218553.0
1761811200,0.020955,0.020981,0.020119,0.020145,23052129.0
1761825600,0.020127,0.020147,0.01862,0.018726,118590751.0
1761840000,0.018714,0.019002,0.017809,0.017887,66702974.0
1761854400,0.017874,0.018567,0.017786,0.018558,42018609.0
1761868800,0.018569,0.019126,0.018489,0.018779,24991175.0
1761883200,0.018768,0.01899,0.018623,0.018681,7464029.0
1761897600,0.018681,0.018794,0.018478,0.018792,11972201.0
1761912000,0.018777,0.019014,0.018448,0.018614,25276975.0
1761926400,0.018608,0.018625,0.017549,0.018363,71443691.0
1761940800,0.018356,0.018438,0.017968,0.018111,20274462.0
1761955200,0.01812,0.018451,0.017908,0.018443,16409895.0
1761969600,0.018453,0.018504,0.017977,0.018225,28164543.0
1761984000,0.01821,0.018331,0.018032,0.018178,25800763.0
1761998400,0.0182,0.018272,0.017729,0.018177,79487848.0
1762012800,0.018172,0.018325,0.018071,0.018158,19218529.0
1762027200,0.018189,0.018339,0.01781,0.018167,21585495.0
1762041600,0.018159,0.018164,0.017862,0.017906,21578417.0
1762056000,0.0179,0.01825,0.017881,0.018198,36877538.0
1762070400,0.018221,0.018226,0.017523,0.018056,55360627.0
1762084800,0.01806,0.018076,0.01725,0.017495,61084944.0
1762099200,0.0175,0.017609,0.017151,0.017311,46109174.0
1762113600,0.017305,0.017891,0.017229,0.017787,43619569.0
1762128000,0.017778,0.017914,0.016443,0.016473,101057548.0
1762142400,0.016475,0.016655,0.01608,0.016384,42691802.0
1762156800,0.016379,0.016728,0.016161,0.016309,25613866.0
1762171200,0.016324,0.016452,0.014786,0.015282,225528502.0
1762185600,0.015288,0.016056,0.015161,0.015519,108707081.0
1762200000,0.015517,0.015551,0.015158,0.015481,50482157.0
1762214400,0.015485,0.015732,0.015216,0.015548,44437685.0
1762228800,0.015562,0.015627,0.014481,0.014593,88120291.0
1762243200,0.014589,0.015048,0.01449,0.014896,47518107.0
1762257600,0.014887,0.015136,0.01439,0.014627,75330420.0
1762272000,0.014628,0.014806,0.013795,0.013903,222483683.0
1762286400,0.013907,0.014495,0.013241,0.014357,269212160.0
1762300800,0.014352,0.014821,0.013588,0.014745,127950120.0
1762315200,0.014753,0.014832,0.014609,0.014708,27284260.0
1762329600,0.014706,0.014924,0.014401,0.014882,31479700.0
1762344000,0.014874,0.015427,0.014828,0.015404,39105342.0
1762358400,0.015401,0.015481,0.015094,0.015372,52743685.0
1762372800,0.015376,0.01545,0.015134,0.015305,28179109.0
1762387200,0.015302,0.015334,0.014963,0.015276,43564876.0
1762401600,0.015276,0.015396,0.014964,0.015002,18286188.0
1762416000,0.014989,0.015113,0.014881,0.014985,20015214.0
1762430400,0.01498,0.015156,0.014444,0.014526,35918038.0
1762444800,0.014529,0.014854,0.014166,0.014619,131268621.0
1762459200,0.014647,0.014708,0.014366,0.014453,27935606.0
1762473600,0.014454,0.01477,0.014271,0.014578,43538748.0
1762488000,0.014591,0.014829,0.014404,0.01482,24527278.0
1762502400,0.014809,0.014923,0.01398,0.014208,24855428.0
1762516800,0.014208,0.014798,0.013795,0.014732,137362677.0
1762531200,0.014712,0.015979,0.014673,0.015889,151656649.0
1762545600,0.01587,0.016231,0.0157,0.015727,83002257.0
1762560000,0.015759,0.016228,0.015579,0.015774,49576666.0
1762574400,0.015743,0.015958,0.015088,0.015225,27783877.0
1762588800,0.015225,0.015482,0.015063,0.015252,22594158.0
1762603200,0.015249,0.015278,0.01437,0.014425,56096796.0
1762617600,0.014424,0.014803,0.014371,0.014653,29907161.0
1762632000,0.014667,0.014907,0.014575,0.014795,13540696.0
1762646400,0.0148,0.0148,0.01407,0.014146,22935867.0
1762660800,0.014155,0.014481,0.014155,0.014475,35494215.0
1762675200,0.014488,0.014561,0.014158,0.014528,21200588.0
1762689600,0.014528,0.015272,0.014479,0.015013,55096709.0
1762704000,0.015028,0.015501,0.014964,0.015499,62215776.0
1762718400,0.015504,0.015504,0.015141,0.015272,40232583.0
1762732800,0.015265,0.015865,0.015118,0.015775,65409879.0
1762747200,0.015781,0.016273,0.015727,0.015807,23839971.0
1762761600,0.015806,0.016259,0.015622,0.01604,30765978.0
1762776000,0.016055,0.016482,0.015664,0.015911,60542998.0
1762790400,0.015928,0.016175,0.015564,0.015989,73292731.0
1762804800,0.016008,0.016426,0.015744,0.016299,114390992.0
1762819200,0.016296,0.016656,0.015842,0.016296,110216628.0
1762833600,0.016306,0.016306,0.015577,0.015581,62177689.0
1762848000,0.015577,0.015702,0.015377,0.015615,18315463.0
1762862400,0.015619,0.015768,0.015245,0.015431,83104742.0
1762876800,0.015404,0.015494,0.014908,0.014912,51355468.0
1762891200,0.014923,0.014948,0.014516,0.014665,115936737.0
1762905600,0.014658,0.014785,0.014479,0.014706,55783651.0
1762920000,0.014714,0.015071,0.014639,0.014783,12307430.0
1762934400,0.014787,0.015447,0.014776,0.015343,64188854.0
1762948800,0.015343,0.015675,0.014591,0.014678,72354284.0
1762963200,0.014673,0.0147,0.014032,0.014184,112016040.0
1762977600,0.014157,0.014517,0.014117,0.014314,19488569.0
1762992000,0.014306,0.014772,0.014165,0.014602,27769790.0
1763006400,0.014576,0.01498,0.014438,0.014737,22973479.0
1763020800,0.014736,0.014799,0.014517,0.014596,24858920.0
1763035200,0.01459,0.014748,0.014207,0.014258,56233392.0
1763049600,0.014261,0.014292,0.013105,0.013167,85076764.0
1763064000,0.013163,0.013754,0.013028,0.013577,41251537.0
1763078400,0.013575,0.013615,0.013263,0.013334,33393763.0
1763092800,0.013336,0.013506,0.012737,0.013323,98875705.0
1763107200,0.013324,0.013331,0.01293,0.013072,31875403.0
1763121600,0.013069,0.013369,0.012708,0.0132,89244120.0
1763136000,0.013209,0.013453,0.01306,0.013361,34158922.0
1763150400,0.013379,0.013381,0.012556,0.012858,66781805.0
1763164800,0.012873,0.013389,0.012858,0.013334,34895590.0
1763179200,0.013346,0.013418,0.013243,0.013292,8290767.0
1763193600,0.013295,0.013295,0.013011,0.013053,15990374.0
1763208000,0.013054,0.013356,0.013024,0.01324,15075725.0
1763222400,0.013236,0.013355,0.013157,0.013238,24948255.0
1763236800,0.013236,0.013236,0.012995,0.013126,14221857.0
1763251200,0.013125,0.013222,0.012793,0.013192,61510129.0
1763265600,0.013194,0.013241,0.013057,0.013169,6880380.0
1763280000,0.013185,0.013284,0.012849,0.012902,18482353.0
1763294400,0.012891,0.01299,0.012456,0.012468,36183883.0
1763308800,0.012478,0.012605,0.0121,0.012315,63485659.0
1763323200,0.01232,0.012598,0.012127,0.012474,20475300.0
1763337600,0.012477,0.012813,0.012288,0.012813,37587956.0
1763352000,0.012822,0.012914,0.012713,0.012857,37813813.0
1763366400,0.012861,0.012998,0.012791,0.012913,58045573.0
1763380800,0.012923,0.013031,0.012277,0.012333,77329098.0
1763395200,0.012333,0.012607,0.011798,0.011885,72152148.0
1763409600,0.011838,0.012096,0.011758,0.012022,40120445.0
1763424000,0.012022,0.012191,0.011728,0.012118,66999510.0
1763438400,0.012125,0.012291,0.01188,0.012091,44079145.0
1763452800,0.012092,0.012272,0.012084,0.012151,20813309.0
1763467200,0.012141,0.012454,0.011912,0.012353,63510705.0
1763481600,0.012376,0.012627,0.012302,0.01253,21800069.0
1763496000,0.012538,0.012586,0.012237,0.012343,10350978.0
1763510400,0.012348,0.012475,0.012125,0.012185,37335110.0
1763524800,0.012178,0.012229,0.011797,0.012189,17823340.0
1763539200,0.012178,0.012236,0.012028,0.012072,17305880.0
1763553600,0.012069,0.012221,0.011674,0.011686,59322853.0
1763568000,0.011697,0.011813,0.011158,0.011214,129210275.0
1763582400,0.011228,0.012089,0.011189,0.012053,37794514.0
1763596800,0.012053,0.012474,0.011936,0.012318,78322072.0
1763611200,0.012318,0.012514,0.01219,0.012488,121044503.0
1763625600,0.012495,0.012543,0.012275,0.012448,39041221.0
1763640000,0.012446,0.012838,0.012264,0.012289,111233282.0
1763654400,0.012287,0.012327,0.011211,0.011622,127331322.0
1763668800,0.011591,0.011949,0.011437,0.011473,30886241.0
1763683200,0.011479,0.011644,0.011171,0.011333,38337779.0
1763697600,0.011329,0.011452,0.010125,0.010651,103595314.0
1763712000,0.010657,0.010778,0.010185,0.010199,87453440.0
1763726400,0.010203,0.010699,0.009918,0.010287,179816245.0
1763740800,0.010302,0.010809,0.010145,0.010578,63035104.0
1763755200,0.010576,0.010678,0.010096,0.010494,32038548.0
1763769600,0.010499,0.01062,0.010375,0.010422,16320361.0
1763784000,0.010415,0.010422,0.010045,0.01027,51746494.0
1763798400,0.010268,0.010291,0.010011,0.010198,67207473.0
1763812800,0.010193,0.010246,0.009915,0.010034,22063449.0
1763827200,0.010027,0.010192,0.010002,0.010069,75290377.0
1763841600,0.010068,0.010384,0.009896,0.0102,70343038.0
1763856000,0.010198,0.010543,0.010096,0.010461,49728532.0
1763870400,0.01046,0.010624,0.010226,0.010302,43845262.0
1763884800,0.010309,0.010376,0.010174,0.010253,11568509.0
1763899200,0.01027,0.010528,0.010225,0.010484,13612179.0
1763913600,0.010486,0.010605,0.010282,0.010514,51553625.0
1763928000,0.010514,0.010592,0.010288,0.010337,16571105.0
1763942400,0.010336,0.010688,0.010194,0.010545,29697805.0
1763956800,0.010557,0.01072,0.010316,0.010395,62655506.0
1763971200,0.010393,0.010436,0.010131,0.010233,38181171.0
1763985600,0.010236,0.010509,0.010124,0.01043,67397224.0
1764000000,0.010428,0.011028,0.010409,0.01094,106196277.0
1764014400,0.010945,0.011315,0.010931,0.011256,84590547.0
1764028800,0.011261,0.011356,0.011004,0.011224,60031648.0
1764043200,0.011222,0.011546,0.011165,0.011181,65603787.0
1764057600,0.011201,0.011403,0.011061,0.011212,78444246.0
1764072000,0.011225,0.011564,0.010891,0.011069,238208366.0
1764086400,0.011064,0.011282,0.01086,0.011144,39419338.0
1764100800,0.01115,0.011458,0.010999,0.011354,31758902.0
1764115200,0.011353,0.011451,0.011086,0.011088,26265139.0
1764129600,0.011089,0.011281,0.011058,0.011255,43657804.0
1764144000,0.011237,0.011237,0.010886,0.010937,51023086.0
1764158400,0.010942,0.011013,0.010718,0.010789,37445417.0
1764172800,0.010788,0.011595,0.010788,0.011462,71533441.0
1764187200,0.011456,0.01188,0.011327,0.011622,218509463.0
1764201600,0.011622,0.011711,0.011448,0.011505,67512528.0
1764216000,0.011507,0.011769,0.011499,0.011593,11795321.0
1764230400,0.011582,0.011613,0.011115,0.011187,55365893.0
1764244800,0.011191,0.011466,0.011104,0.011451,35805814.0
1764259200,0.011451,0.011616,0.011424,0.011577,16540260.0
1764273600,0.011578,0.011609,0.011246,0.011308,28027479.0
1764288000,0.011309,0.01135,0.010959,0.011088,17837643.0
1764302400,0.011074,0.011119,0.010986,0.011001,27435514.0
1764316800,0.011004,0.011586,0.010997,0.011309,16777699.0
1764331200,0.011299,0.01226,0.011259,0.011991,98471287.0
1764345600,0.011996,0.011998,0.011027,0.011251,85433392.0
1764360000,0.011245,0.011249,0.011061,0.011175,29608410.0
1764374400,0.011178,0.011394,0.011114,0.011151,33423565.0
1764388800,0.011141,0.011233,0.010981,0.011016,26086521.0
1764403200,0.011003,0.01103,0.010871,0.011022,15480394.0
1764417600,0.011011,0.011042,0.010818,0.010974,10068111.0
1764432000,0.010972,0.011004,0.010763,0.010799,13583019.0
1764446400,0.010797,0.010937,0.010751,0.010813,13206735.0
1764460800,0.010819,0.011004,0.010755,0.010894,32019032.0
1764475200,0.010912,0.011096,0.010761,0.011027,30671325.0
1764489600,0.011032,0.011132,0.010868,0.010885,18810346.0
1764504000,0.010882,0.011207,0.010837,0.010946,19115058.0
1764518400,0.010947,0.011205,0.010945,0.011099,45023503.0
1764532800,0.011097,0.011189,0.010701,0.010713,40712384.0
1764547200,0.010724,0.010744,0.009662,0.009668,190486791.0
1764561600,0.009659,0.009735,0.00957,0.009728,34881549.0
1764576000,0.009725,0.010004,0.009675,0.009771,38309993.0
1764590400,0.009773,0.009927,0.009398,0.009577,75022382.0
1764604800,0.009577,0.009581,0.009337,0.00939,56610016.0
1764619200,0.009403,0.009832,0.009403,0.009759,32341930.0
1764633600,0.009761,0.009843,0.009532,0.0097,22959842.0
1764648000,0.009702,0.009823,0.009668,0.009736,7903769.0
1764662400,0.009737,0.009975,0.009621,0.009966,23226194.0
1764676800,0.009992,0.012173,0.00997,0.012043,164802460.0
1764691200,0.012039,0.012788,0.011928,0.012008,240983094.0
1764705600,0.012002,0.012443,0.011741,0.012238,106561500.0
1764720000,0.012241,0.012385,0.011932,0.012135,142584549.0
1764734400,0.012136,0.012575,0.012054,0.012139,146894547.0
1764748800,0.012141,0.012325,0.011731,0.011912,184171864.0
1764763200,0.011902,0.011902,0.011399,0.011653,107313581.0
1764777600,0.011661,0.011867,0.011548,0.011793,166688150.0
1764792000,0.011787,0.01224,0.011767,0.011994,91387911.0
1764806400,0.011998,0.01228,0.011847,0.011974,83369057.0
1764820800,0.011973,0.012071,0.011824,0.011895,45113628.0
1764835200,0.011878,0.011953,0.011643,0.01176,31495778.0
1764849600,0.011762,0.011934,0.011551,0.011849,61938370.0
1764864000,0.011854,0.012177,0.011632,0.012049,84493146.0
1764878400,0.01203,0.012124,0.011631,0.011655,70297214.0
1764892800,0.011652,0.011728,0.011507,0.011568,33310636.0
1764907200,0.011573,0.011781,0.011445,0.011598,38492122.0
1764921600,0.011597,0.011597,0.011159,0.011191,43965410.0
1764936000,0.011183,0.011276,0.010849,0.011004,198713044.0
1764950400,0.011021,0.011021,0.010511,0.010665,74002327.0
1764964800,0.010663,0.010701,0.01056,0.010648,22105280.0
1764979200,0.010639,0.010847,0.010575,0.010819,20037480.0
1764993600,0.010805,0.010836,0.010615,0.010631,4816479.0
1765008000,0.010625,0.010711,0.010523,0.010711,18696554.0
1765022400,0.010707,0.010983,0.010612,0.0109,24121786.0
1765036800,0.010887,0.01105,0.010786,0.010811,52486330.0
1765051200,0.010814,0.011114,0.01081,0.011085,32126847.0
1765065600,0.011092,0.011687,0.011092,0.011386,81554887.0
1765080000,0.011381,0.011736,0.011236,0.011446,24537116.0
1765094400,0.011469,0.011902,0.011313,0.0117,90710066.0
1765108800,0.011687,0.012036,0.01078,0.011363,84120003.0
1765123200,0.011356,0.011705,0.010995,0.011504,65857852.0
1765137600,0.011524,0.011554,0.010765,0.010986,37357356.0
1765152000,0.010978,0.011323,0.01086,0.011139,64268037.0
1765166400,0.011149,0.011563,0.011144,0.011456,20367601.0
1765180800,0.011453,0.011866,0.01138,0.011681,35590164.0
1765195200,0.01168,0.011893,0.011377,0.011526,56402337.0
1765209600,0.011522,0.011721,0.01128,0.011368,26268285.0
1765224000,0.011376,0.011586,0.011354,0.011445,15738097.0
1765238400,0.011445,0.011647,0.011306,0.011558,21342538.0
1765252800,0.011564,0.011593,0.011248,0.011504,38912573.0
1765267200,0.011503,0.011558,0.011221,0.011537,16710047.0
1765281600,0.011513,0.012182,0.011367,0.012136,81445497.0
1765296000,0.012153,0.013435,0.012153,0.012801,310777726.0
1765310400,0.012809,0.012854,0.012368,0.012662,139663339.0
1765324800,0.012659,0.012876,0.012365,0.012411,35836122.0
1765339200,0.012393,0.012538,0.012273,0.012339,91742516.0
1765353600,0.012344,0.012596,0.012069,0.012163,33148548.0
1765368000,0.012164,0.012448,0.012078,0.012151,44809525.0
1765382400,0.012141,0.012625,0.012122,0.012357,140372974.0
1765396800,0.012366,0.012927,0.011725,0.011746,360402609.0
1765411200,0.011746,0.011788,0.010941,0.010995,255365560.0
1765425600,0.010986,0.011213,0.010935,0.011093,121767529.0
1765440000,0.011091,0.011093,0.010893,0.010989,61696331.0
1765454400,0.010971,0.011085,0.010794,0.01085,65769516.0
1765468800,0.010848,0.011107,0.010716,0.010897,125744777.0
1765483200,0.010895,0.011629,0.010888,0.01122,178332305.0
1765497600,0.011222,0.011443,0.011091,0.011157,51465746.0
1765512000,0.011152,0.011405,0.011086,0.011311,23219484.0
1765526400,0.011313,0.011401,0.011222,0.011285,20627103.0
1765540800,0.011287,0.011426,0.010586,0.010753,80471025.0
1765555200,0.010746,0.010987,0.010593,0.010831,49993110.0
1765569600,0.010855,0.010971,0.010745,0.010898,17468789.0
1765584000,0.010904,0.010957,0.010803,0.010842,12080791.0
1765598400,0.010844,0.010973,0.010826,0.010942,7869688.0
1765612800,0.010939,0.011037,0.010929,0.010969,10214224.0
1765627200,0.010968,0.011101,0.010954,0.011,15973408.0
1765641600,0.010999,0.011716,0.010975,0.011471,121329927.0
1765656000,0.011491,0.011866,0.011279,0.011325,112303953.0
1765670400,0.011317,0.011317,0.011121,0.011124,18802667.0
1765684800,0.011126,0.011153,0.010962,0.0111,23781532.0
1765699200,0.0111,0.0111,0.010815,0.010943,102749964.0
1765713600,0.010926,0.011006,0.010629,0.010686,126000423.0
1765728000,0.010684,0.010816,0.010564,0.010638,63707856.0
1765742400,0.010635,0.010677,0.01027,0.010388,61773745.0
1765756800,0.010393,0.010803,0.01034,0.01055,17109820.0
1765771200,0.01056,0.010792,0.010507,0.010671,13524058.0
1765785600,0.01067,0.010816,0.010659,0.010768,8578021.0
1765800000,0.010772,0.0108,0.010051,0.01018,98262517.0
1765814400,0.010182,0.01023,0.009811,0.009998,97344918.0
1765828800,0.009976,0.010264,0.009888,0.010264,36066745.0
1765843200,0.01024,0.01032,0.00994,0.010006,20680911.0
1765857600,0.010008,0.010093,0.009833,0.009875,42033754.0
1765872000,0.009878,0.01031,0.009878,0.010271,42518298.0
1765886400,0.010271,0.010335,0.009931,0.010275,107425021.0
1765900800,0.010281,0.01037,0.009947,0.010055,212160647.0
1765915200,0.010051,0.010155,0.010028,0.01012,30049367.0
1765929600,0.010118,0.010156,0.009956,0.009979,9768320.0
1765944000,0.009976,0.010013,0.009828,0.009914,13418403.0
1765958400,0.009906,0.009906,0.009738,0.009832,47048018.0
1765972800,0.009834,0.0107,0.009725,0.009963,291952120.0
1765987200,0.009982,0.010103,0.00934,0.009494,110631768.0
1766001600,0.009495,0.009644,0.00929,0.009395,221117432.0
1766016000,0.009408,0.009408,0.009176,0.009208,36696105.0
1766030400,0.00921,0.00928,0.009081,0.009121,38359719.0
1766044800,0.009119,0.009285,0.0091,0.0092,26153222.0
1766059200,0.009202,0.009754,0.009155,0.009462,243249328.0
1766073600,0.009465,0.009465,0.008536,0.008541,190927808.0
1766088000,0.00855,0.008793,0.008537,0.008647,43949926.0
1766102400,0.00865,0.009026,0.00844,0.008948,54651388.0
1766116800,0.008948,0.009293,0.008948,0.009173,64621597.0
1766131200,0.009178,0.009288,0.009077,0.009277,29975637.0
1766145600,0.009281,0.009641,0.009209,0.009374,61640550.0
1766160000,0.009365,0.009558,0.009173,0.009473,73567751.0
1766174400,0.009476,0.009575,0.009415,0.009433,23126471.0
1766188800,0.009432,0.009434,0.009297,0.009328,23731744.0
1766203200,0.009323,0.00933,0.009206,0.009268,19593382.0
1766217600,0.009272,0.009406,0.009241,0.009345,9777802.0
1766232000,0.009336,0.009345,0.009205,0.009225,12943813.0
1766246400,0.00923,0.009286,0.009168,0.009254,20896993.0
1766260800,0.00925,0.00937,0.009218,0.009308,14218461.0
1766275200,0.009297,0.009313,0.009077,0.009136,44022102.0
1766289600,0.009135,0.00923,0.009132,0.009185,10645348.0
1766304000,0.009191,0.009322,0.009151,0.009168,37585659.0
1766318400,0.009163,0.009202,0.008758,0.008919,80704086.0
1766332800,0.008911,0.009064,0.008893,0.009025,16675760.0
1766347200,0.009024,0.009135,0.008952,0.009057,11424796.0
1766361600,0.00906,0.009411,0.009058,0.009217,446285459.0
1766376000,0.00922,0.009308,0.009169,0.009303,41893515.0
1766390400,0.0093,0.00943,0.00924,0.009308,31556724.0
1766404800,0.009318,0.00945,0.009216,0.009342,177600292.0
1766419200,0.009343,0.009401,0.008994,0.00901,52499402.0
1766433600,0.008996,0.009176,0.00899,0.009128,30511831.0
1766448000,0.009128,0.009235,0.008951,0.008984,199462415.0
1766462400,0.008981,0.009018,0.008846,0.008859,231638486.0
1766476800,0.008858,0.008995,0.008796,0.008961,13061135.0
1766491200,0.008954,0.008954,0.008628,0.008767,45963004.0
1766505600,0.008764,0.008927,0.008729,0.008868,44397846.0
1766520000,0.008865,0.008973,0.008766,0.008789,17617193.0
1766534400,0.008788,0.008814,0.008567,0.008686,10836422.0
1766548800,0.008685,0.008727,0.00856,0.00862,8233505.0
1766563200,0.008607,0.008722,0.008607,0.008704,8597430.0
1766577600,0.008696,0.008909,0.008572,0.008909,17999887.0
1766592000,0.008903,0.009256,0.00885,0.00919,282063154.0
1766606400,0.009188,0.009291,0.009113,0.009224,63105216.0
1766620800,0.009228,0.009229,0.009048,0.009146,48540887.0
1766635200,0.009139,0.009202,0.009052,0.009075,29018432.0
1766649600,0.009069,0.009136,0.008941,0.008983,26026837.0
1766664000,0.008973,0.009142,0.008964,0.009094,46607896.0
1766678400,0.009105,0.00919,0.009052,0.009171,78700156.0
1766692800,0.009176,0.009199,0.008742,0.008826,24527510.0
1766707200,0.008818,0.009241,0.00872,0.009093,29758425.0
1766721600,0.009093,0.009229,0.009016,0.009036,36367523.0
1766736000,0.009036,0.009159,0.009036,0.009113,7772112.0
1766750400,0.009128,0.009207,0.008863,0.008943,35749030.0
1766764800,0.008941,0.009055,0.008831,0.00901,36026016.0
1766779200,0.009014,0.009077,0.008989,0.009018,10946888.0
1766793600,0.009017,0.009083,0.008974,0.009062,37314906.0
1766808000,0.009066,0.009098,0.00901,0.00904,19131098.0
1766822400,0.009044,0.009131,0.008946,0.009126,20321502.0
1766836800,0.009114,0.0092,0.009061,0.009191,25997117.0
1766851200,0.009196,0.009225,0.009125,0.009146,32956327.0
1766865600,0.009152,0.009356,0.009128,0.009332,41317097.0
1766880000,0.009335,0.009407,0.009287,0.009372,12838089.0
1766894400,0.00937,0.009403,0.009298,0.009354,23145280.0
1766908800,0.009353,0.009431,0.00934,0.009396,26770802.0
1766923200,0.009401,0.00968,0.009372,0.009432,37648457.0
1766937600,0.009436,0.009457,0.009177,0.009198,40804065.0
1766952000,0.009188,0.009315,0.009156,0.009305,27512192.0
1766966400,0.009304,0.009641,0.009274,0.009595,32830620.0
1766980800,0.009595,0.009617,0.009366,0.009434,36836329.0
1766995200,0.009442,0.009449,0.009187,0.009234,13020614.0
1767009600,0.009227,0.009236,0.00889,0.009083,141510327.0
1767024000,0.009076,0.009096,0.008932,0.008969,36033885.0
1767038400,0.008967,0.009003,0.008833,0.008902,146255048.0
1767052800,0.0089,0.00893,0.008794,0.008881,13313427.0
1767067200,0.008876,0.008947,0.00884,0.008913,13896157.0
1767081600,0.008909,0.009065,0.008905,0.009024,9197414.0
1767096000,0.009028,0.009145,0.00893,0.009143,107678064.0
1767110400,0.009145,0.009193,0.008923,0.008999,57950548.0
1767124800,0.008997,0.009014,0.008941,0.009005,20516835.0
1767139200,0.009005,0.009109,0.008949,0.009056,40367639.0
1767153600,0.009059,0.009088,0.008975,0.009012,12168893.0
1767168000,0.009017,0.009064,0.008953,0.009058,18407451.0
1767182400,0.009057,0.009072,0.008798,0.008848,126185721.0
1767196800,0.008843,0.008883,0.008571,0.008638,149827897.0
1767211200,0.008638,0.00874,0.008607,0.008672,15216186.0
1767225600,0.008671,0.008733,0.008643,0.008647,21358076.0
1767240000,0.008648,0.008715,0.0086,0.008677,27998119.0
1767254400,0.008675,0.008814,0.008674,0.008799,11247400.0
1767268800,0.0088,0.008971,0.008707,0.008938,22486289.0
1767283200,0.008941,0.009315,0.008921,0.009306,136885405.0
1767297600,0.009313,0.00953,0.009188,0.009485,45538628.0
1767312000,0.009477,0.009603,0.009327,0.009581,51745011.0
1767326400,0.009583,0.009878,0.009583,0.009667,230572933.0
1767340800,0.009675,0.010258,0.009667,0.009991,128504862.0
1767355200,0.009984,0.010445,0.009955,0.010395,78105522.0
1767369600,0.010402,0.010844,0.01031,0.010651,153252034.0
1767384000,0.010646,0.010966,0.01056,0.010852,96648492.0
1767398400,0.010856,0.01125,0.010746,0.011148,110347444.0
1767412800,0.011141,0.011197,0.010432,0.010498,108584337.0
1767427200,0.010498,0.010815,0.010454,0.010618,68548038.0
1767441600,0.010608,0.010963,0.010569,0.010834,88420761.0
1767456000,0.010836,0.011027,0.010813,0.010856,83411004.0
1767470400,0.010849,0.011513,0.010733,0.01148,287593389.0
1767484800,0.011499,0.01195,0.011376,0.011776,431366131.0
1767499200,0.011775,0.011959,0.011489,0.011768,86046761.0
1767513600,0.011765,0.012642,0.011627,0.012569,153278220.0
1767528000,0.012569,0.013188,0.012378,0.012803,198414487.0
1767542400,0.012785,0.013069,0.012384,0.012603,66294823.0
1767556800,0.012592,0.012664,0.012399,0.0126,84504754.0
1767571200,0.012586,0.013224,0.012407,0.012693,197214116.0
1767585600,0.012688,0.012778,0.012298,0.012634,93534329.0
1767600000,0.012628,0.012628,0.012143,0.012367,104245466.0
1767614400,0.012359,0.01266,0.012248,0.012542,187972323.0
1767628800,0.012541,0.012967,0.012452,0.012867,96741441.0
1767643200,0.012865,0.01346,0.012862,0.01309,118009189.0
1767657600,0.01309,0.013815,0.012847,0.013634,132604544.0
1767672000,0.013612,0.013767,0.012845,0.012899,63201879.0
1767686400,0.012897,0.013495,0.012784,0.013196,75447670.0
1767700800,0.013191,0.013563,0.012899,0.012997,139567042.0
1767715200,0.013,0.01307,0.012338,0.012575,93397042.0
1767729600,0.012561,0.013551,0.012561,0.013318,85072345.0
1767744000,0.013325,0.013325,0.012792,0.012922,95822576.0
1767758400,0.012923,0.013142,0.012762,0.013133,111207864.0
1767772800,0.013126,0.013303,0.012599,0.012693,74512536.0
1767787200,0.012685,0.012685,0.012085,0.012219,89571961.0
1767801600,0.012211,0.01234,0.012087,0.012199,56477070.0
1767816000,0.012192,0.01223,0.011951,0.012017,30614899.0
1767830400,0.012019,0.012136,0.011826,0.01191,42386865.0
1767844800,0.011913,0.012272,0.011728,0.012056,178350800.0
1767859200,0.012055,0.012147,0.01169,0.011817,58697451.0
1767873600,0.011816,0.012448,0.011527,0.0124,117201268.0
1767888000,0.012397,0.012432,0.011885,0.0119,67184129.0
1767902400,0.011898,0.01222,0.01174,0.011971,68112825.0
1767916800,0.011969,0.012073,0.011757,0.012072,33796022.0
1767931200,0.012068,0.012101,0.011923,0.011952,33486253.0
1767945600,0.011958,0.012057,0.011727,0.011985,82761938.0
1767960000,0.011983,0.01278,0.011862,0.012526,166811615.0
1767974400,0.012523,0.012998,0.011785,0.011878,238865168.0
1767988800,0.011876,0.012265,0.011866,0.012098,168531639.0
1768003200,0.012086,0.012086,0.011851,0.011904,70760841.0
1768017600,0.011901,0.011908,0.011663,0.011835,164500710.0
1768032000,0.011826,0.01213,0.01182,0.012039,14657236.0
1768046400,0.01204,0.0123,0.01204,0.012121,109155187.0
1768060800,0.0121,0.012127,0.011909,0.012035,61652687.0
1768075200,0.012037,0.012046,0.01177,0.011879,135039528.0
1768089600,0.011879,0.012122,0.011854,0.01211,17935968.0
1768104000,0.01211,0.012139,0.011873,0.012073,10766428.0
1768118400,0.012075,0.012255,0.012031,0.012155,27705654.0
1768132800,0.012163,0.01239,0.011955,0.012006,101508668.0
1768147200,0.012,0.012252,0.011988,0.012072,45883487.0
1768161600,0.012066,0.012066,0.011765,0.012029,42167570.0
1768176000,0.012042,0.012597,0.011836,0.012271,91493973.0
1768190400,0.012283,0.012468,0.011963,0.011963,39627156.0
1768204800,0.011959,0.012077,0.0118,0.012049,65973079.0
1768219200,0.012022,0.012235,0.011659,0.012183,37570746.0
1768233600,0.012181,0.012233,0.011858,0.012004,39411149.0
1768248000,0.012008,0.012128,0.011729,0.011783,25259209.0
1768262400,0.01178,0.011908,0.011697,0.011801,37524445.0
1768276800,0.011793,0.012147,0.01176,0.011931,47416181.0
1768291200,0.011929,0.012142,0.01187,0.012057,64382067.0
1768305600,0.012058,0.012557,0.01203,0.012492,84379997.0
1768320000,0.012509,0.012997,0.012437,0.012902,364862386.0
1768334400,0.012908,0.013671,0.012668,0.01334,175741487.0
1768348800,0.013358,0.013815,0.013276,0.01359,98357515.0
1768363200,0.013584,0.01361,0.012934,0.013116,57150539.0
1768377600,0.013113,0.013239,0.012884,0.01293,47363045.0
1768392000,0.012926,0.013229,0.01269,0.013017,170564370.0
1768406400,0.01302,0.013492,0.012775,0.013135,232308048.0
1768420800,0.013123,0.013258,0.012817,0.012828,76237109.0
1768435200,0.012829,0.012881,0.012279,0.012323,142217461.0
1768449600,0.012304,0.012688,0.012304,0.012683,57681772.0
1768464000,0.012683,0.012777,0.012476,0.012533,35270708.0
1768478400,0.012523,0.012794,0.012171,0.012466,51742015.0
1768492800,0.012456,0.012538,0.011958,0.012075,82584254.0
1768507200,0.012066,0.012135,0.011903,0.012064,109806164.0
1768521600,0.012066,0.012132,0.011984,0.012,32616355.0
1768536000,0.012001,0.012168,0.011872,0.01212,19536035.0
1768550400,0.01212,0.012309,0.012078,0.01214,13869836.0
1768564800,0.012137,0.012158,0.011582,0.011701,57560532.0
1768579200,0.011702,0.012086,0.011663,0.012044,23648236.0
1768593600,0.012046,0.012339,0.011945,0.012274,25481207.0
1768608000,0.012272,0.01228,0.012116,0.012152,14682044.0
1768622400,0.012142,0.012203,0.012034,0.012034,11264718.0
1768636800,0.012032,0.012088,0.011904,0.01198,58695615.0
1768651200,0.011977,0.012147,0.011941,0.012138,15764389.0
1768665600,0.012125,0.01214,0.011884,0.011967,14397749.0
1768680000,0.011973,0.012002,0.011806,0.011812,17547300.0
1768694400,0.011806,0.011877,0.011676,0.011719,16170659.0
1768708800,0.011718,0.011744,0.011645,0.011675,15389378.0
1768723200,0.011675,0.011785,0.011659,0.01167,21509799.0
1768737600,0.011668,0.01168,0.011416,0.01146,59693384.0
1768752000,0.011451,0.011545,0.011277,0.011291,139774037.0
1768766400,0.011292,0.011443,0.010653,0.010684,85385829.0
1768780800,0.010689,0.010689,0.009497,0.010385,199931069.0
1768795200,0.010383,0.010431,0.010157,0.010157,47160818.0
1768809600,0.010157,0.010436,0.010135,0.010342,29259245.0
1768824000,0.010341,0.010363,0.010176,0.01021,24614177.0
1768838400,0.01021,0.010524,0.010201,0.010468,54516309.0
1768852800,0.010475,0.010513,0.0103,0.010362,24553576.0
1768867200,0.010361,0.010395,0.010212,0.010255,27705564.0
1768881600,0.010248,0.010312,0.010006,0.010018,47188697.0
1768896000,0.010009,0.010085,0.009945,0.009945,34796554.0
1768910400,0.009949,0.010159,0.009768,0.009962,147665815.0
1768924800,0.009972,0.010022,0.009644,0.009701,117111226.0
1768939200,0.00968,0.009807,0.009436,0.009453,95014004.0
1768953600,0.009459,0.009841,0.009454,0.00978,27918729.0
1768968000,0.009782,0.010066,0.009773,0.009967,15734750.0
1768982400,0.009961,0.010043,0.009737,0.009737,14893489.0
1768996800,0.009749,0.01028,0.009593,0.010106,104258058.0
1769011200,0.010114,0.010183,0.009504,0.010123,190097715.0
1769025600,0.010127,0.010259,0.009902,0.009954,124680975.0
1769040000,0.009958,0.010321,0.009958,0.01015,78449913.0
1769054400,0.010149,0.010282,0.010033,0.010043,98347546.0
1769068800,0.010052,0.01022,0.009992,0.01005,55454789.0
1769083200,0.010049,0.010087,0.009675,0.009793,165344348.0
1769097600,0.009792,0.010048,0.009758,0.009972,68811132.0
1769112000,0.009963,0.009984,0.009773,0.009823,59122984.0
1769126400,0.009834,0.009997,0.009799,0.009977,18533344.0
1769140800,0.009979,0.010092,0.009923,0.009955,76089912.0
1769155200,0.009947,0.00997,0.009825,0.009925,43950115.0
1769169600,0.009923,0.010029,0.009641,0.010029,23884109.0
1769184000,0.010028,0.010268,0.009842,0.009882,85411558.0
1769198400,0.009888,0.009964,0.00975,0.009933,17417157.0
1769212800,0.009927,0.010059,0.009834,0.010001,40211944.0
1769227200,0.010005,0.010066,0.009944,0.009976,11888966.0
1769241600,0.009977,0.010038,0.009939,0.010003,16312211.0
1769256000,0.01001,0.01004,0.009897,0.009904,22068897.0
1769270400,0.009902,0.009935,0.009809,0.009844,116749111.0
1769284800,0.00984,0.009941,0.009839,0.009896,22304094.0
1769299200,0.009895,0.009917,0.009715,0.009754,30004387.0
1769313600,0.009731,0.009809,0.00965,0.00969,13158734.0
1769328000,0.009691,0.009847,0.009604,0.009763,19618312.0
1769342400,0.009743,0.009777,0.009574,0.009632,31666378.0
1769356800,0.009634,0.009637,0.008944,0.009011,150281231.0
1769371200,0.009014,0.009221,0.008993,0.009184,70306142.0
1769385600,0.009184,0.009549,0.009163,0.009451,53381066.0
1769400000,0.009456,0.00969,0.009456,0.0096,25031486.0
1769414400,0.009603,0.009634,0.009432,0.009463,18320011.0
1769428800,0.009482,0.0098,0.009456,0.00961,95989347.0
1769443200,0.00962,0.009846,0.009578,0.009686,53057955.0
1769457600,0.009682,0.009758,0.009578,0.009638,25510296.0
1769472000,0.009639,0.009771,0.009588,0.009676,11171270.0
1769486400,0.00967,0.009764,0.009556,0.009582,52173597.0
1769500800,0.009583,0.009624,0.009488,0.009511,22864833.0
1769515200,0.009499,0.009572,0.009295,0.009563,42709044.0
1769529600,0.009568,0.009782,0.009383,0.009709,66919603.0
1769544000,0.009704,0.010011,0.0097,0.009972,173273220.0
1769558400,0.009975,0.01002,0.009863,0.009979,34508511.0
1769572800,0.00998,0.010535,0.009894,0.010111,139534820.0
1769587200,0.010115,0.010435,0.010037,0.010435,100456963.0
1769601600,0.010423,0.01044,0.01004,0.010117,112049159.0
1769616000,0.010123,0.010222,0.009976,0.010096,34509196.0
1769630400,0.01009,0.010217,0.009914,0.009988,78606613.0
1769644800,0.009992,0.010013,0.009568,0.009613,107749846.0
1769659200,0.00959,0.009746,0.009484,0.009679,23079984.0
1769673600,0.009683,0.009747,0.009526,0.009557,19975016.0
1769688000,0.009557,0.009616,0.008522,0.009105,182600618.0
1769702400,0.009093,0.009402,0.008907,0.009069,121363865.0
1769716800,0.009063,0.009205,0.009005,0.009071,27945234.0
1769731200,0.009076,0.009089,0.008557,0.008719,89360197.0
1769745600,0.008722,0.008934,0.008621,0.008776,38119247.0
1769760000,0.008773,0.00898,0.00864,0.00894,37381297.0
1769774400,0.008951,0.008952,0.008708,0.008822,62842720.0
1769788800,0.008815,0.009104,0.008605,0.008992,91835688.0
1769803200,0.008985,0.008985,0.00874,0.008852,26634532.0
1769817600,0.008853,0.008869,0.008769,0.008774,11404317.0
1769832000,0.008769,0.008802,0.008545,0.008632,18704126.0
1769846400,0.00864,0.008647,0.008366,0.008375,60097519.0
1769860800,0.008365,0.00839,0.007752,0.007903,89115843.0
1769875200,0.007923,0.008045,0.006959,0.007363,317380778.0
1769889600,0.007354,0.007813,0.007308,0.007777,35697352.0
1769904000,0.00778,0.007919,0.007732,0.007849,20265657.0
1769918400,0.007849,0.007981,0.007836,0.007948,49019478.0
1769932800,0.007951,0.008012,0.007743,0.007815,31403259.0
1769947200,0.007812,0.00788,0.007428,0.007533,44142941.0
1769961600,0.007527,0.007767,0.007452,0.007596,84992859.0
1769976000,0.007581,0.007703,0.007316,0.007527,72938259.0
1769990400,0.00753,0.007764,0.007246,0.007521,115395771.0
1770004800,0.007535,0.007651,0.007241,0.007495,68769288.0
1770019200,0.0075,0.007666,0.007484,0.00759,39317676.0
1770033600,0.007593,0.007973,0.007582,0.007939,58645855.0
1770048000,0.007949,0.007987,0.007787,0.007815,30274828.0
1770062400,0.007789,0.007846,0.007738,0.0078,13851533.0
1770076800,0.007807,0.007814,0.007563,0.007741,17610685.0
1770091200,0.00773,0.00782,0.00762,0.007707,27369949.0
1770105600,0.007704,0.007749,0.00754,0.007647,31757751.0
1770120000,0.007649,0.007748,0.007449,0.007719,80715068.0
1770134400,0.007713,0.007713,0.007129,0.007484,172947111.0
1770148800,0.007489,0.007855,0.007362,0.007402,119533522.0
1770163200,0.007405,0.00763,0.007358,0.007595,17972353.0
1770177600,0.007588,0.007611,0.00749,0.007555,15477543.0
1770192000,0.007556,0.007581,0.007426,0.00752,22580638.0
1770206400,0.007515,0.007539,0.007177,0.007264,151450656.0
1770220800,0.007263,0.007484,0.007069,0.00747,167496088.0
1770235200,0.007465,0.007476,0.007153,0.007304,64225293.0
1770249600,0.007308,0.007364,0.007059,0.007108,72528464.0
1770264000,0.007112,0.007174,0.007,0.007018,50478144.0
1770278400,0.007027,0.007176,0.006716,0.006809,66897744.0
1770292800,0.006816,0.006946,0.006302,0.006479,330834574.0
1770307200,0.006483,0.006626,0.00623,0.006282,341285765.0
1770321600,0.006289,0.006336,0.005919,0.00597,465174422.0
1770336000,0.005975,0.006288,0.00527,0.006056,461456877.0
1770350400,0.006053,0.006382,0.006023,0.006155,71172390.0
1770364800,0.006155,0.006375,0.00608,0.006354,38582133.0
1770379200,0.006345,0.006683,0.006309,0.006623,90102363.0
1770393600,0.006622,0.006915,0.006567,0.006671,93585790.0
1770408000,0.006656,0.006823,0.006584,0.006718,32022885.0
1770422400,0.006723,0.006724,0.006578,0.006689,18461594.0
1770436800,0.006686,0.006767,0.006311,0.006394,45320461.0
1770451200,0.006383,0.006432,0.006329,0.006362,25159252.0
1770465600,0.006368,0.006625,0.006368,0.006521,38319711.0
1770480000,0.006531,0.006782,0.006518,0.006648,162540270.0
1770494400,0.006656,0.006716,0.00658,0.006619,18445737.0
1770508800,0.006618,0.006618,0.006481,0.006492,22751447.0
1770523200,0.006487,0.006529,0.006453,0.006504,5870920.0
1770537600,0.006506,0.006675,0.006496,0.0066,35865550.0
1770552000,0.006613,0.006655,0.006521,0.006541,43636755.0
1770566400,0.006538,0.006574,0.006362,0.006567,40223917.0
1770580800,0.006563,0.006641,0.006407,0.006467,28955646.0
1770595200,0.006468,0.006585,0.006422,0.006571,60568284.0
1770609600,0.006568,0.006586,0.006439,0.006443,36892575.0
1770624000,0.006437,0.006457,0.006169,0.006221,32958477.0
1770638400,0.006221,0.006356,0.006152,0.006337,40457987.0
1770652800,0.006343,0.00653,0.006295,0.006467,52389118.0
1770667200,0.006462,0.006495,0.006326,0.006364,56554908.0
1770681600,0.006367,0.006414,0.006199,0.00626,18678102.0
1770696000,0.006252,0.006325,0.00611,0.006174,54454539.0
1770710400,0.006176,0.006243,0.006129,0.006136,57329062.0
1770724800,0.006136,0.006194,0.006079,0.006145,55137683.0
1770739200,0.00614,0.006184,0.006023,0.006116,20999073.0
1770753600,0.006115,0.00615,0.006077,0.006132,49091357.0
1770768000,0.006138,0.006198,0.006067,0.006117,16333512.0
1770782400,0.006115,0.00613,0.005897,0.005918,68946161.0
1770796800,0.005914,0.005926,0.005845,0.005918,13287504.0
1770811200,0.005918,0.006316,0.005866,0.005941,124652114.0
1770825600,0.005944,0.006072,0.005869,0.006013,27046743.0
1770840000,0.006011,0.006172,0.005966,0.006021,18511484.0
1770854400,0.006025,0.006177,0.006025,0.006167,18590370.0
1770868800,0.006167,0.006299,0.006134,0.006292,13765139.0
1770883200,0.006296,0.00653,0.006264,0.006462,87554942.0
1770897600,0.006461,0.006485,0.006259,0.006262,59370359.0
1770912000,0.006265,0.00629,0.006094,0.006209,81720811.0
1770926400,0.006212,0.006314,0.006114,0.006301,39275173.0
1770940800,0.006301,0.00634,0.00617,0.006202,19688386.0
1770955200,0.006206,0.006235,0.006117,0.006217,12122699.0
1770969600,0.006218,0.006312,0.006209,0.006278,8910365.0
1770984000,0.006272,0.006673,0.006236,0.00647,72107426.0
1770998400,0.006486,0.006806,0.006469,0.0067,55296301.0
1771012800,0.006706,0.006739,0.006626,0.006641,26822080.0
1771027200,0.006633,0.00703,0.006585,0.006954,55396759.0
1771041600,0.006942,0.006969,0.006729,0.006823,43552904.0
1771056000,0.00682,0.007063,0.00682,0.00705,30496498.0
1771070400,0.007041,0.007261,0.006867,0.007261,36845904.0
1771084800,0.007262,0.007947,0.007222,0.007852,110594959.0
1771099200,0.007871,0.008191,0.007748,0.007853,85026827.0
1771113600,0.007857,0.007962,0.007542,0.007712,190215382.0
1771128000,0.007723,0.007915,0.007636,0.007697,90584817.0
1771142400,0.007698,0.007746,0.007461,0.007505,39374757.0
1771156800,0.007503,0.007515,0.007128,0.007207,43115663.0
1771171200,0.007201,0.007221,0.006917,0.006964,94395859.0
1771185600,0.006959,0.007045,0.006748,0.007045,125610237.0
1771200000,0.00704,0.007107,0.006978,0.007018,27580549.0
1771214400,0.007024,0.007224,0.007024,0.007167,18016663.0
1771228800,0.007166,0.007355,0.007153,0.007255,34738643.0
1771243200,0.007248,0.007492,0.006955,0.007009,133180832.0
1771257600,0.007006,0.007181,0.007005,0.007149,42444462.0
1771272000,0.00715,0.007331,0.007114,0.007293,43429072.0
1771286400,0.007296,0.007353,0.007184,0.007237,14488125.0
1771300800,0.007237,0.007265,0.007094,0.007146,14367459.0
1771315200,0.007137,0.007172,0.007038,0.007105,24389134.0
1771329600,0.007108,0.007211,0.006983,0.007128,72282649.0
1771344000,0.00713,0.007343,0.007056,0.007102,33773322.0
1771358400,0.007095,0.007166,0.007064,0.007138,16249167.0
1771372800,0.007133,0.007146,0.007016,0.007097,27527788.0
1771387200,0.007098,0.007223,0.007084,0.007199,11306644.0
1771401600,0.007182,0.007255,0.007062,0.00709,13337066.0
1771416000,0.00709,0.00719,0.006945,0.007093,75709606.0
1771430400,0.007095,0.007104,0.006756,0.00682,42198734.0
1771444800,0.006821,0.00687,0.006741,0.006765,25062173.0
1771459200,0.006768,0.006841,0.006654,0.006822,113009166.0
1771473600,0.006822,0.006848,0.006733,0.00678,119799020.0
1771488000,0.006777,0.006778,0.006642,0.006677,45607433.0
1771502400,0.006678,0.006698,0.006511,0.006556,24599876.0
1771516800,0.00655,0.006625,0.00644,0.006529,25346002.0
1771531200,0.006527,0.006626,0.006519,0.006626,9757461.0
1771545600,0.006619,0.006803,0.006614,0.006714,16996331.0
1771560000,0.006728,0.006762,0.006626,0.006701,13194843.0
1771574400,0.006707,0.006923,0.006706,0.006779,34768429.0
1771588800,0.006776,0.00695,0.006542,0.00695,86832933.0
1771603200,0.006941,0.007028,0.006701,0.006849,84792897.0
1771617600,0.006852,0.006926,0.006831,0.006916,9236799.0
1771632000,0.006921,0.006921,0.006839,0.00686,5207101.0
1771646400,0.006863,0.006964,0.006842,0.00691,11623684.0
1771660800,0.006915,0.007068,0.006908,0.007037,23384767.0
1771675200,0.00705,0.007083,0.006931,0.006981,38927242.0
1771689600,0.006974,0.00698,0.006891,0.006922,8627321.0
1771704000,0.00692,0.006926,0.006802,0.006823,8432349.0
1771718400,0.00681,0.006818,0.006669,0.006706,7964534.0
1771732800,0.006703,0.006723,0.006647,0.006702,8257138.0
1771747200,0.006701,0.006751,0.006659,0.006712,6786992.0
1771761600,0.006711,0.006714,0.006546,0.006602,11657516.0
1771776000,0.006596,0.006607,0.006497,0.006549,11293025.0
1771790400,0.006546,0.006595,0.006498,0.006568,7428109.0
1771804800,0.006571,0.006604,0.006105,0.006174,53250310.0
1771819200,0.006176,0.006468,0.006164,0.006425,11454393.0
1771833600,0.006413,0.006625,0.006366,0.006549,21983110.0
1771848000,0.00656,0.00669,0.006378,0.006397,55535678.0
1771862400,0.0064,0.006427,0.006238,0.00629,44931581.0
1771876800,0.006286,0.006378,0.006252,0.006313,6245684.0
1771891200,0.006317,0.006382,0.006215,0.006242,38729059.0
1771905600,0.006244,0.006257,0.006168,0.006227,15540531.0
1771920000,0.00623,0.006302,0.006203,0.006292,8532611.0
1771934400,0.006298,0.006501,0.006203,0.006453,34327798.0
1771948800,0.006458,0.006551,0.006389,0.006419,31149210.0
1771963200,0.006415,0.006475,0.006365,0.006437,29885683.0
1771977600,0.006441,0.006738,0.006405,0.006582,55197632.0
1771992000,0.006589,0.00666,0.006502,0.006621,23461061.0
1772006400,0.006618,0.006788,0.00661,0.006731,19993709.0
1772020800,0.006744,0.007274,0.00674,0.007132,253830755.0
1772035200,0.007155,0.007535,0.007113,0.007445,57332838.0
1772049600,0.00744,0.007728,0.0071,0.007235,84489840.0
1772064000,0.007231,0.007313,0.007121,0.007162,46903881.0
1772078400,0.007163,0.007229,0.007093,0.00713,47759239.0
1772092800,0.007139,0.007324,0.006998,0.007034,289084053.0
1772107200,0.007033,0.007119,0.006939,0.007026,78156560.0
1772121600,0.007015,0.007032,0.006723,0.006934,67471818.0
1772136000,0.006935,0.006975,0.006845,0.006939,16426583.0
1772150400,0.00694,0.007064,0.006866,0.007056,33624362.0
1772164800,0.007062,0.007213,0.007062,0.007193,84812897.0
1772179200,0.007193,0.007255,0.006906,0.006938,236159893.0
1772193600,0.006937,0.006943,0.006803,0.006873,59829120.0
1772208000,0.006863,0.00687,0.0067,0.006736,49169044.0
1772222400,0.006733,0.006799,0.006598,0.006789,28171454.0
1772236800,0.006787,0.006875,0.006748,0.006748,11802404.0
1772251200,0.00675,0.006783,0.006284,0.006388,54204275.0
1772265600,0.006382,0.006391,0.006263,0.006303,41013843.0
1772280000,0.006306,0.006651,0.006306,0.00649,37618737.0
1772294400,0.006486,0.006858,0.006447,0.006797,27846935.0
1772308800,0.006791,0.007078,0.006775,0.006992,88051211.0
1772323200,0.006987,0.007313,0.006844,0.007052,52072110.0
1772337600,0.007064,0.007082,0.006947,0.006995,32923481.0
1772352000,0.007005,0.007009,0.006784,0.006825,19919247.0
1772366400,0.006821,0.00698,0.006701,0.006868,32765758.0
1772380800,0.006863,0.006906,0.00664,0.006656,28556296.0
1772395200,0.006653,0.006797,0.006529,0.006696,27282450.0
1772409600,0.006711,0.006925,0.006706,0.006873,29444468.0
1772424000,0.00688,0.00688,0.006644,0.006686,17546894.0
1772438400,0.006688,0.006824,0.006629,0.006777,18779286.0
1772452800,0.006782,0.007446,0.006698,0.007325,235902262.0
1772467200,0.007325,0.007643,0.007155,0.007224,441983122.0
1772481600,0.007216,0.007271,0.006986,0.007004,133699771.0
1772496000,0.00701,0.007073,0.006898,0.006984,49568523.0
1772510400,0.00698,0.007045,0.006915,0.006998,54998714.0
1772524800,0.006998,0.007026,0.00676,0.006842,43184918.0
1772539200,0.00684,0.007011,0.00673,0.006906,71231079.0
1772553600,0.006904,0.007141,0.006849,0.006962,105206652.0
1772568000,0.006965,0.007121,0.006872,0.007021,39324421.0
1772582400,0.007028,0.007046,0.006866,0.006925,98302334.0
1772596800,0.006934,0.00703,0.006866,0.007006,43007819.0
1772611200,0.007,0.00732,0.006959,0.007131,337657960.0
1772625600,0.007126,0.00745,0.006983,0.007448,356929909.0
1772640000,0.007441,0.007536,0.007273,0.007477,107304532.0
1772654400,0.007472,0.007474,0.007148,0.007205,52321587.0
1772668800,0.0072,0.007227,0.007109,0.007134,14562723.0
1772683200,0.007127,0.007205,0.007071,0.007106,24061638.0
1772697600,0.007104,0.007425,0.007076,0.007383,54699461.0
1772712000,0.00737,0.00744,0.007111,0.007134,112405330.0
1772726400,0.007151,0.007199,0.006927,0.007118,200802208.0
1772740800,0.007113,0.007258,0.007044,0.007103,176461848.0
1772755200,0.007105,0.007177,0.007043,0.007165,22789625.0
1772769600,0.007166,0.007222,0.007053,0.007197,24008848.0
1772784000,0.007193,0.007193,0.006994,0.007037,27608801.0
1772798400,0.007037,0.007099,0.006728,0.006795,77840075.0
1772812800,0.006789,0.006893,0.006699,0.006851,24438643.0
1772827200,0.006848,0.006871,0.006813,0.006831,13858454.0
1772841600,0.006832,0.006869,0.006785,0.006807,12242004.0
1772856000,0.006801,0.006813,0.006719,0.006759,12011659.0
1772870400,0.00676,0.006814,0.006733,0.006763,31043409.0
1772884800,0.006763,0.006779,0.00664,0.006674,7992366.0
1772899200,0.006668,0.006731,0.006506,0.006538,27509348.0
1772913600,0.006539,0.00661,0.00651,0.00656,9438389.0
1772928000,0.006569,0.006581,0.006461,0.006486,11369326.0
1772942400,0.006488,0.006547,0.006428,0.006512,14876965.0
1772956800,0.006523,0.006664,0.006487,0.00656,16206227.0
1772971200,0.006561,0.006596,0.006448,0.006464,13511367.0
1772985600,0.006467,0.006598,0.006417,0.006584,19775535.0
1773000000,0.006578,0.00663,0.006381,0.006483,29490301.0
1773014400,0.006486,0.00669,0.00647,0.006607,74873295.0
1773028800,0.00661,0.006811,0.006606,0.006713,39140283.0
1773043200,0.006716,0.006791,0.006643,0.006731,13945216.0
1773057600,0.00673,0.007013,0.00673,0.006908,64661111.0
1773072000,0.006913,0.007183,0.006842,0.007087,53352147.0
1773086400,0.007088,0.007143,0.006926,0.00695,23180074.0
1773100800,0.006944,0.007256,0.006928,0.007116,67463011.0
1773115200,0.007124,0.007191,0.007058,0.007143,17177854.0
1773129600,0.00715,0.007325,0.007137,0.007172,43484694.0
1773144000,0.007175,0.007306,0.007,0.007223,50236203.0
1773158400,0.007221,0.007308,0.006941,0.006994,26199156.0
1773172800,0.006996,0.007042,0.006911,0.006976,10900533.0
1773187200,0.006973,0.006985,0.006893,0.00695,11361518.0
1773201600,0.006945,0.00701,0.006897,0.006928,18770517.0
1773216000,0.006925,0.006987,0.006896,0.006955,16089922.0
1773230400,0.00695,0.00725,0.006929,0.007123,44985147.0
1773244800,0.007129,0.007227,0.007105,0.007132,30178212.0
1773259200,0.007132,0.007229,0.007103,0.007113,26250259.0
1773273600,0.007115,0.007135,0.006968,0.006984,13641515.0
1773288000,0.006987,0.007033,0.006948,0.007016,8120425.0
1773302400,0.00701,0.00714,0.006997,0.007067,26664433.0
1773316800,0.007065,0.007129,0.006916,0.007043,52261912.0
1773331200,0.007044,0.007249,0.006992,0.007228,35741799.0
1773345600,0.00722,0.00729,0.007136,0.007211,29623262.0
1773360000,0.007215,0.007477,0.007192,0.007414,43813507.0
1773374400,0.007404,0.007447,0.007332,0.007396,15957740.0
1773388800,0.00739,0.007799,0.007361,0.007746,87604769.0
1773403200,0.007733,0.007881,0.00749,0.007519,156973143.0
1773417600,0.007524,0.007547,0.007333,0.007371,42263548.0
1773432000,0.007374,0.007442,0.007214,0.007264,22744622.0
1773446400,0.007263,0.007388,0.007233,0.007373,35006503.0
1773460800,0.007371,0.007426,0.007164,0.007174,30214034.0
1773475200,0.007174,0.007212,0.007116,0.007206,45086129.0
1773489600,0.007202,0.007311,0.007173,0.007219,109473933.0
1773504000,0.007213,0.007263,0.007175,0.007183,3108197.0
1773518400,0.007184,0.00729,0.007157,0.007276,8657265.0
1773532800,0.007278,0.007397,0.007225,0.007307,18709767.0
1773547200,0.007317,0.007341,0.00724,0.007286,7096404.0
1773561600,0.007293,0.007361,0.007289,0.007353,12521369.0
1773576000,0.007353,0.007377,0.00724,0.007274,23875608.0
1773590400,0.007271,0.00739,0.007252,0.007342,15775299.0
1773604800,0.007337,0.00752,0.007316,0.00747,45886507.0
1773619200,0.007474,0.007715,0.007422,0.007634,23457056.0
1773633600,0.00764,0.008107,0.007631,0.008066,51112656.0
1773648000,0.008071,0.008181,0.007852,0.007908,49666529.0
1773662400,0.007919,0.008034,0.007784,0.007796,49767336.0
1773676800,0.007807,0.007925,0.007732,0.007882,42467658.0
1773691200,0.007869,0.00805,0.007854,0.007994,75155971.0
1773705600,0.007996,0.008146,0.007828,0.007866,67551163.0
1773720000,0.007861,0.007943,0.00767,0.007861,105282639.0
1773734400,0.007873,0.007891,0.007775,0.007795,50295970.0
1773748800,0.007789,0.007802,0.007624,0.0077,75416945.0
1773763200,0.007717,0.007881,0.007711,0.007778,67765328.0
1773777600,0.007778,0.00802,0.007761,0.007837,110881563.0
1773792000,0.007826,0.008193,0.007694,0.008087,130647718.0
1773806400,0.008083,0.008288,0.007862,0.007955,225243670.0
1773820800,0.007956,0.008012,0.007657,0.007688,160083682.0
1773835200,0.007679,0.007682,0.007272,0.007381,292087342.0
1773849600,0.007375,0.007557,0.007288,0.007384,121917421.0
1773864000,0.007384,0.007558,0.007313,0.007467,32206363.0
1773878400,0.007473,0.0075,0.00735,0.007419,24979147.0
1773892800,0.007404,0.007414,0.007152,0.0072,40054406.0
1773907200,0.007193,0.007248,0.007162,0.007181,40168894.0
1773921600,0.00718,0.00718,0.00695,0.006997,388861554.0
1773936000,0.006993,0.007128,0.006919,0.007063,19912863.0
1773950400,0.007062,0.007145,0.007052,0.007098,39388031.0
1773964800,0.007096,0.007271,0.007095,0.007244,23576401.0
1773979200,0.007241,0.00738,0.007199,0.007279,86747356.0
1773993600,0.007284,0.00736,0.007221,0.007248,29359665.0
1774008000,0.007252,0.007274,0.007151,0.007227,59130168.0
1774022400,0.00723,0.007262,0.006957,0.007086,34493889.0
1774036800,0.007091,0.007196,0.007031,0.007125,41969760.0
1774051200,0.007128,0.007192,0.007112,0.007124,9838390.0
1774065600,0.007121,0.007179,0.007073,0.007087,35015031.0
1774080000,0.007088,0.007129,0.007033,0.007048,33114693.0
1774094400,0.007051,0.007116,0.007,0.007116,10851207.0
1774108800,0.007118,0.007119,0.007048,0.007058,5446995.0
1774123200,0.007055,0.007145,0.00675,0.00682,32471016.0
1774137600,0.006807,0.006936,0.006697,0.006865,21917344.0
1774152000,0.006861,0.006912,0.006797,0.006797,51871503.0
1774166400,0.006797,0.006815,0.006728,0.006735,18009088.0
1774180800,0.006735,0.006828,0.006735,0.006801,6887552.0
1774195200,0.0068,0.006817,0.006686,0.006716,66059508.0
1774209600,0.006731,0.006749,0.006585,0.006684,27899288.0
1774224000,0.006687,0.006876,0.006662,0.006798,22402458.0
1774238400,0.006796,0.006909,0.006689,0.006721,38531392.0
1774252800,0.006724,0.007176,0.006622,0.006931,50382830.0
1774267200,0.006939,0.0072,0.006878,0.006989,55796480.0
1774281600,0.007015,0.00713,0.006924,0.007024,26504698.0
1774296000,0.00703,0.00709,0.006939,0.007013,40533773.0
1774310400,0.00701,0.007039,0.006869,0.006959,30938822.0
1774324800,0.006962,0.007077,0.006884,0.007067,15205517.0
1774339200,0.007069,0.007076,0.006929,0.006985,45181264.0
1774353600,0.006992,0.006998,0.006852,0.006928,28686594.0
1774368000,0.006931,0.006972,0.006824,0.006934,13102219.0
1774382400,0.006935,0.007104,0.006935,0.007092,22627991.0
1774396800,0.007092,0.007194,0.007063,0.007173,15691868.0
1774411200,0.007172,0.007441,0.007168,0.007339,118783166.0
1774425600,0.007355,0.007493,0.007313,0.007437,29405898.0
1774440000,0.007446,0.007507,0.007217,0.00727,66936519.0
1774454400,0.007271,0.007373,0.007249,0.007315,23793371.0
1774468800,0.007334,0.007357,0.007273,0.007315,17073793.0
1774483200,0.007315,0.007342,0.00716,0.007181,12756587.0
1774497600,0.007179,0.007184,0.007011,0.007041,15049078.0
1774512000,0.007035,0.00704,0.006873,0.006876,17510996.0
1774526400,0.006864,0.007023,0.006862,0.006888,19359259.0
1774540800,0.006882,0.006905,0.006757,0.006768,18467890.0
1774555200,0.006769,0.006922,0.006752,0.006836,23374768.0
1774569600,0.006835,0.006909,0.00682,0.006835,8365306.0
1774584000,0.006836,0.00688,0.006783,0.006873,12238622.0
1774598400,0.006875,0.006893,0.006533,0.006572,36983567.0
1774612800,0.00657,0.006602,0.006488,0.006538,28464433.0
1774627200,0.006534,0.006573,0.006468,0.00653,17130561.0
1774641600,0.006528,0.006552,0.006466,0.006488,7453680.0
1774656000,0.006492,0.006508,0.006407,0.006411,11837736.0
1774670400,0.006416,0.006446,0.006377,0.006446,47225330.0
1774684800,0.006436,0.006513,0.006422,0.006466,17180383.0
1774699200,0.006465,0.006657,0.006443,0.006587,34471148.0
1774713600,0.00659,0.0066,0.006499,0.006521,9955277.0
1774728000,0.006522,0.006547,0.006347,0.006366,11220740.0
1774742400,0.006365,0.006436,0.006314,0.006421,19166919.0
1774756800,0.006422,0.006424,0.006366,0.006367,19096479.0
1774771200,0.006367,0.006382,0.006286,0.006329,15873039.0
1774785600,0.006328,0.006328,0.006229,0.006251,18914493.0
1774800000,0.006254,0.006285,0.006208,0.006261,10137269.0
1774814400,0.006262,0.006361,0.006033,0.006244,47728882.0
1774828800,0.006245,0.006516,0.006244,0.00649,34360636.0
1774843200,0.006495,0.006622,0.006495,0.006596,13942125.0
1774857600,0.006609,0.006622,0.006472,0.006517,25798421.0
1774872000,0.006521,0.006578,0.006439,0.006498,22760832.0
1774886400,0.006504,0.006519,0.006342,0.006391,19725222.0
1774900800,0.00639,0.006453,0.006347,0.006384,8448674.0
1774915200,0.006386,0.006568,0.006357,0.006478,26420668.0
1774929600,0.006487,0.006501,0.006421,0.00645,28428394.0
1774944000,0.006453,0.006453,0.006257,0.006342,41349236.0
1774958400,0.006343,0.006479,0.006293,0.006296,28954212.0
1774972800,0.006296,0.006553,0.006296,0.006489,82492961.0
1774987200,0.00648,0.006534,0.006439,0.006507,10086804.0
1775001600,0.006511,0.006554,0.006443,0.006526,19523211.0
1775016000,0.006534,0.006697,0.006504,0.006633,14998958.0
1775030400,0.006658,0.006659,0.006547,0.006593,17916527.0
1775044800,0.006596,0.006671,0.006521,0.00664,54877736.0
1775059200,0.006642,0.006751,0.006559,0.006597,51460348.0
1775073600,0.006599,0.006628,0.006522,0.006534,18369021.0
1775088000,0.00653,0.0066,0.00622,0.006251,73299977.0
1775102400,0.006248,0.006336,0.006197,0.006308,11639060.0
1775116800,0.006308,0.006309,0.00616,0.006175,23617963.0
1775131200,0.006173,0.006249,0.006052,0.006169,47703291.0
1775145600,0.006169,0.00628,0.006146,0.00627,25892777.0
1775160000,0.006266,0.006333,0.006195,0.006218,19854126.0
1775174400,0.006221,0.006321,0.006202,0.006292,45543059.0
1775188800,0.006294,0.006459,0.00628,0.006402,17060711.0
1775203200,0.006407,0.00647,0.006397,0.006418,14400796.0
1775217600,0.006424,0.00648,0.00632,0.006329,86730032.0
1775232000,0.006322,0.006385,0.006281,0.006311,41170193.0
1775246400,0.006312,0.006326,0.006247,0.006275,14992568.0
1775260800,0.006272,0.006273,0.00621,0.006219,7019421.0
1775275200,0.006217,0.006304,0.006212,0.006261,34219026.0
1775289600,0.006264,0.006264,0.006177,0.006226,24021551.0
1775304000,0.006232,0.006288,0.00617,0.006261,12673026.0
1775318400,0.006261,0.006339,0.006215,0.006277,37073970.0
1775332800,0.006279,0.006281,0.006218,0.006237,8392211.0
1775347200,0.006245,0.006245,0.006166,0.006183,9812054.0
1775361600,0.006182,0.006183,0.006052,0.006059,9709442.0
1775376000,0.006061,0.006132,0.006054,0.006092,16771608.0
1775390400,0.006086,0.00618,0.006016,0.006107,19096709.0
1775404800,0.006106,0.006122,0.006051,0.006074,9191211.0
1775419200,0.006076,0.006309,0.006041,0.006309,24629409.0
1775433600,0.006312,0.00653,0.006312,0.006385,41561516.0
1775448000,0.006397,0.006471,0.006343,0.006386,17399536.0
1775462400,0.006388,0.006633,0.006385,0.006569,25995644.0
1775476800,0.006589,0.006622,0.006465,0.006525,36923781.0
1775491200,0.006529,0.006548,0.006424,0.006452,45987941.0
1775505600,0.006446,0.006476,0.00624,0.006255,24872911.0
1775520000,0.006252,0.006316,0.006223,0.006308,12569722.0
1775534400,0.006304,0.006355,0.006255,0.006305,16097118.0
1775548800,0.006301,0.006404,0.006233,0.00624,19631133.0
1775563200,0.006238,0.00625,0.006166,0.006208,28345863.0
1775577600,0.006205,0.006464,0.006185,0.006464,44052888.0
1775592000,0.006461,0.006922,0.006435,0.00684,79794883.0
1775606400,0.006851,0.006892,0.006743,0.006779,36587739.0
1775620800,0.006789,0.006876,0.00677,0.006793,47139331.0
1775635200,0.006801,0.006815,0.006649,0.006719,43031334.0
1775649600,0.006723,0.006791,0.006532,0.006618,61065741.0
1775664000,0.006624,0.006679,0.006533,0.006567,40854126.0
1775678400,0.00657,0.006666,0.006488,0.006513,75308309.0
1775692800,0.006509,0.006509,0.006311,0.006322,32090386.0
1775707200,0.006316,0.006358,0.006262,0.006324,17493902.0
1775721600,0.006323,0.006413,0.006316,0.006345,19085635.0
1775736000,0.006346,0.006568,0.006313,0.006534,92172743.0
1775750400,0.006547,0.006656,0.00649,0.006656,44395280.0
1775764800,0.006648,0.006846,0.006556,0.006566,51369952.0
1775779200,0.006576,0.006625,0.006501,0.00654,43043065.0
1775793600,0.006547,0.006659,0.006545,0.006555,38319395.0
1775808000,0.006556,0.006613,0.006374,0.006582,281140594.0
1775822400,0.006577,0.006822,0.006575,0.006715,115943198.0
1775836800,0.006721,0.006909,0.006661,0.006894,210299040.0
1775851200,0.006895,0.006942,0.006764,0.006767,16621087.0
1775865600,0.00677,0.00677,0.006668,0.006698,19098902.0
1775880000,0.006694,0.006733,0.006622,0.006658,98708832.0
1775894400,0.006661,0.006729,0.006658,0.006714,79939494.0
1775908800,0.006714,0.006803,0.006645,0.006783,29677619.0
1775923200,0.006784,0.007293,0.006771,0.00729,291939686.0
1775937600,0.007296,0.00738,0.006942,0.006997,100546836.0
1775952000,0.007006,0.007016,0.006592,0.006625,382694108.0
1775966400,0.006616,0.00666,0.006573,0.006639,38289146.0
1775980800,0.006628,0.006628,0.006512,0.006561,162936215.0
1775995200,0.006546,0.006591,0.006444,0.006466,38825988.0
1776009600,0.006465,0.006582,0.006451,0.00652,16759809.0
1776024000,0.00652,0.006582,0.006398,0.006417,31331598.0
1776038400,0.006414,0.006565,0.006397,0.006526,36143141.0
1776052800,0.006522,0.006549,0.006438,0.006438,9370854.0
1776067200,0.006439,0.006501,0.006387,0.006485,13785950.0
1776081600,0.006486,0.006689,0.006475,0.006586,72007488.0
1776096000,0.006591,0.006853,0.006539,0.006843,79398322.0
1776110400,0.006852,0.007049,0.006714,0.007038,65784179.0
1776124800,0.007041,0.007086,0.006942,0.006981,169267956.0
1776139200,0.006981,0.007002,0.006851,0.006916,34036473.0
1776153600,0.006916,0.007257,0.006906,0.007113,177470786.0
1776168000,0.007112,0.007255,0.006953,0.006974,125433914.0
1776182400,0.006972,0.007022,0.00669,0.006785,191162963.0
1776196800,0.006785,0.00683,0.00674,0.006803,27961856.0
1776211200,0.006802,0.007008,0.006801,0.006995,161497497.0
1776225600,0.006997,0.007098,0.00685,0.006859,77871734.0
1776240000,0.006861,0.007032,0.006857,0.007001,55836138.0
1776254400,0.006996,0.007241,0.00696,0.007144,122378780.0
1776268800,0.007136,0.00723,0.007058,0.007192,67449068.0
1776283200,0.007192,0.007292,0.007104,0.007152,41063787.0
1776297600,0.007165,0.007477,0.007091,0.007435,92614168.0
1776312000,0.007432,0.007577,0.007381,0.007422,157207480.0
1776326400,0.007428,0.007454,0.00726,0.007306,26113759.0
1776340800,0.007306,0.007679,0.007207,0.00758,538064091.0
1776355200,0.007578,0.007953,0.007427,0.007914,238319311.0
1776369600,0.007906,0.007922,0.007652,0.007893,173893827.0
1776384000,0.007891,0.007974,0.007596,0.007647,94425231.0
1776398400,0.007644,0.007668,0.00744,0.00759,124900444.0
1776412800,0.007595,0.007776,0.007553,0.007703,75730497.0
1776427200,0.007705,0.008134,0.007683,0.007997,376882745.0
1776441600,0.008005,0.008095,0.007845,0.007893,133630857.0
1776456000,0.00789,0.007907,0.007659,0.007677,100461746.0
1776470400,0.00767,0.007787,0.007615,0.007671,27989086.0
1776484800,0.007679,0.007827,0.007632,0.007795,49714922.0
1776499200,0.007796,0.007813,0.007348,0.007406,78681262.0
1776513600,0.007404,0.007477,0.007323,0.007433,51598812.0
1776528000,0.007422,0.007471,0.007237,0.007266,96669232.0
1776542400,0.007262,0.007341,0.007234,0.007257,73454593.0
1776556800,0.007255,0.007271,0.007068,0.007152,113922791.0
1776571200,0.007153,0.007241,0.007074,0.007137,20814539.0
1776585600,0.007132,0.00723,0.007078,0.007214,47676472.0
1776600000,0.007219,0.007395,0.007147,0.00732,49631628.0
1776614400,0.007332,0.007347,0.00705,0.007139,36216434.0
1776628800,0.007132,0.007137,0.006908,0.006948,62997883.0
1776643200,0.00695,0.007114,0.00694,0.007095,32320092.0
1776657600,0.007097,0.007336,0.007016,0.007255,44395003.0
1776672000,0.00726,0.007349,0.007189,0.007332,73572168.0
1776686400,0.007332,0.007633,0.007309,0.007523,242333387.0
1776700800,0.007521,0.007591,0.007399,0.007548,58577749.0
1776715200,0.007548,0.0077,0.007473,0.007513,69406443.0
1776729600,0.007512,0.007646,0.007455,0.007537,49086691.0
1776744000,0.007534,0.007808,0.007529,0.007644,80911707.0
1776758400,0.007634,0.007924,0.007621,0.007834,78257662.0
1776772800,0.007841,0.007848,0.007563,0.007645,216158950.0
1776787200,0.007645,0.007701,0.007447,0.007472,225040272.0
1776801600,0.007474,0.007793,0.007464,0.007765,143395146.0
1776816000,0.007771,0.008054,0.00769,0.00797,75542918.0
1776830400,0.007974,0.008244,0.007923,0.008137,137810646.0
1776844800,0.008132,0.00902,0.008128,0.008665,425179270.0
1776859200,0.008668,0.008786,0.008478,0.00849,356059543.0
1776873600,0.00849,0.008636,0.008316,0.00839,176227691.0
1776888000,0.008382,0.008403,0.008223,0.008225,74799612.0
1776902400,0.008225,0.008469,0.008104,0.00842,160423047.0
1776916800,0.008426,0.008747,0.008372,0.00856,151126271.0
1776931200,0.00856,0.008565,0.008265,0.008401,142349249.0
1776945600,0.008396,0.008766,0.008396,0.008705,218937542.0
1776960000,0.008707,0.008737,0.008236,0.008345,234002219.0
1776974400,0.008343,0.008496,0.008336,0.008444,71345229.0
1776988800,0.008446,0.008983,0.008443,0.008509,249609912.0
1777003200,0.00852,0.008631,0.008407,0.008508,51699609.0
1777017600,0.008528,0.008731,0.00839,0.008683,94751998.0
1777032000,0.008684,0.008798,0.008482,0.008601,159161168.0
1777046400,0.008595,0.008639,0.008439,0.008549,91532323.0
1777060800,0.00854,0.008622,0.008301,0.008376,123284430.0
1777075200,0.008378,0.008613,0.008316,0.00859,42618603.0
1777089600,0.008591,0.008689,0.008461,0.00862,52710263.0
1777104000,0.00861,0.008688,0.008521,0.008598,33637209.0
1777118400,0.008594,0.008645,0.008416,0.008451,38760868.0
1777132800,0.008448,0.008483,0.008346,0.008386,35519592.0
1777147200,0.008387,0.00866,0.008377,0.008615,70395150.0
1777161600,0.008624,0.00868,0.008508,0.008628,27141386.0
1777176000,0.00861,0.008822,0.008566,0.008778,116996124.0
1777190400,0.00877,0.009239,0.00872,0.00897,242957672.0
1777204800,0.00897,0.008993,0.008733,0.008773,186248346.0
1777219200,0.008764,0.009076,0.008605,0.009011,178834805.0
1777233600,0.009009,0.009108,0.008826,0.008956,144819608.0
1777248000,0.008958,0.010268,0.008924,0.009889,509134673.0
1777262400,0.00988,0.01022,0.009439,0.009541,394289029.0
1777276800,0.00955,0.009801,0.009465,0.009569,153060564.0
1777291200,0.009569,0.010471,0.009473,0.009984,619113768.0
1777305600,0.00998,0.010121,0.009642,0.009826,596329751.0
1777320000,0.009827,0.010413,0.009733,0.010333,783028171.0
1777334400,0.010336,0.010441,0.009785,0.009853,338973290.0
1777348800,0.009853,0.010536,0.00979,0.010085,390003845.0
1777363200,0.010088,0.010265,0.009816,0.009911,313728946.0
1777377600,0.00992,0.010602,0.009765,0.01018,722152160.0
1777392000,0.010209,0.010326,0.009984,0.010164,337015067.0
1777406400,0.010161,0.010539,0.010128,0.010177,403211262.0
1777420800,0.010184,0.010213,0.009841,0.010079,178979273.0
1777435200,0.010078,0.010472,0.009955,0.009983,221039050.0
1777449600,0.009994,0.010357,0.009918,0.010001,224297021.0
1777464000,0.010006,0.010194,0.009516,0.009661,617506203.0
1777478400,0.009657,0.009815,0.009309,0.009642,627884956.0
1777492800,0.009641,0.009829,0.009575,0.009689,109507681.0
1777507200,0.009695,0.010012,0.009576,0.009628,210604318.0
1777521600,0.00962,0.009792,0.00941,0.009756,68381522.0
1777536000,0.009746,0.009768,0.009493,0.009646,127223638.0
1777550400,0.009654,0.009961,0.009535,0.009903,190521182.0
1777564800,0.009903,0.010184,0.009845,0.009993,345096222.0
1777579200,0.009974,0.010033,0.009796,0.009957,63654124.0
1777593600,0.009965,0.010202,0.009936,0.009978,119535590.0
1777608000,0.009971,0.01001,0.009792,0.009864,72409928.0
1777622400,0.009864,0.010158,0.009801,0.010038,129357899.0
1777636800,0.010036,0.010152,0.009907,0.010052,156709955.0
1777651200,0.010049,0.010105,0.009945,0.010037,86870749.0
1777665600,0.010039,0.010067,0.009745,0.009844,122408976.0
1777680000,0.009854,0.010194,0.009789,0.010143,48309148.0
1777694400,0.010152,0.010336,0.009994,0.010178,89841481.0
1777708800,0.01018,0.010182,0.009956,0.009998,80828545.0
1777723200,0.01001,0.010142,0.009901,0.010126,55281595.0
1777737600,0.010127,0.010135,0.009866,0.009954,49751367.0
1777752000,0.009955,0.010076,0.009875,0.009875,15972815.0
1777766400,0.009877,0.009917,0.009603,0.009628,92409626.0
1777780800,0.009633,0.009854,0.009579,0.009796,66368368.0
1777795200,0.0098,0.009921,0.00972,0.009872,68085215.0
1777809600,0.009885,0.009905,0.009641,0.009668,51868312.0
1777824000,0.009671,0.009878,0.009551,0.009791,79764389.0
1777838400,0.00979,0.010122,0.009732,0.009875,117392761.0
1777852800,0.009876,0.010524,0.009754,0.010407,232592242.0
1777867200,0.010407,0.010426,0.009999,0.010124,132359552.0
1777881600,0.010119,0.010235,0.009851,0.00993,216956013.0
1777896000,0.009922,0.010162,0.009858,0.010014,132463647.0
1777910400,0.01,0.010121,0.009922,0.010051,128769239.0
1777924800,0.010054,0.010323,0.009977,0.010097,81100982.0
1777939200,0.0101,0.01092,0.010092,0.010527,308302633.0
1777953600,0.010524,0.010932,0.010448,0.010702,182415400.0
1777968000,0.010701,0.011177,0.010631,0.011159,197854564.0
1777982400,0.01116,0.011868,0.011024,0.011557,624589005.0
1777996800,0.011556,0.011778,0.01128,0.011359,236289078.0
1778011200,0.011353,0.01151,0.01094,0.01104,322043481.0
1778025600,0.011038,0.011196,0.010986,0.011054,153868604.0
1778040000,0.011066,0.011175,0.011,0.011138,111355405.0
1778054400,0.011133,0.011333,0.011089,0.011155,163538579.0
1778068800,0.011157,0.01116,0.010654,0.010945,208542238.0
1778083200,0.010941,0.011007,0.010654,0.010734,81252327.0
1778097600,0.010733,0.010785,0.01067,0.010751,38694861.0
1778112000,0.01075,0.010751,0.010282,0.010356,185367752.0
1778126400,0.010364,0.010643,0.010341,0.010576,77659491.0
1778140800,0.010574,0.010587,0.010405,0.010551,141558020.0
1778155200,0.01055,0.010734,0.010242,0.010351,244926875.0
1778169600,0.010352,0.010469,0.010265,0.010313,69509949.0
1778184000,0.010313,0.01038,0.010158,0.010281,70195580.0
1778198400,0.010282,0.010372,0.010034,0.010182,185611093.0
1778212800,0.010182,0.01027,0.010144,0.010258,33659880.0
1778227200,0.010261,0.010474,0.010254,0.010354,149242076.0
1778241600,0.010358,0.010456,0.010176,0.010443,93683161.0
1778256000,0.010432,0.010554,0.010368,0.010469,125550484.0
1778270400,0.010477,0.010587,0.010398,0.010513,69954176.0
1778284800,0.010509,0.010864,0.010482,0.010757,175525454.0
1778299200,0.010754,0.010995,0.010622,0.010643,153957298.0
1778313600,0.010642,0.010757,0.010526,0.010699,134627748.0
1778328000,0.010696,0.010739,0.010445,0.010591,57089265.0
1778342400,0.010588,0.010736,0.010548,0.010708,140533267.0
1778356800,0.010712,0.010836,0.010636,0.010688,142079747.0
1778371200,0.010686,0.010695,0.010454,0.010637,31427289.0
1778385600,0.010629,0.010643,0.010498,0.010516,19346997.0
1778400000,0.01052,0.010626,0.01039,0.01043,50975613.0
1778414400,0.010431,0.010678,0.010363,0.01066,44666454.0
1778428800,0.010653,0.011076,0.010577,0.010881,246245546.0
1778443200,0.010879,0.010921,0.010194,0.010647,281612739.0
1778457600,0.010647,0.010705,0.010103,0.010207,129399171.0
1778472000,0.010192,0.010379,0.010133,0.010277,61276928.0
1778486400,0.010279,0.010392,0.010235,0.010352,50788351.0
1778500800,0.010354,0.010356,0.01012,0.010345,122120781.0
1778515200,0.010343,0.010456,0.010291,0.010348,62921630.0
1778529600,0.010348,0.0104,0.010216,0.010223,31383925.0
1778544000,0.01022,0.010285,0.009935,0.010063,77837326.0
1778558400,0.010062,0.010167,0.010019,0.010062,64335035.0
1778572800,0.010067,0.010096,0.009833,0.009916,70260574.0
1778587200,0.009915,0.009985,0.009545,0.009545,212558292.0
1778601600,0.009542,0.009636,0.009439,0.009583,117389611.0
1778616000,0.009597,0.009621,0.009504,0.009515,48385346.0
1778630400,0.009513,0.009595,0.009436,0.009508,194637550.0
1778644800,0.00952,0.009589,0.009366,0.009418,41087159.0
1778659200,0.009423,0.009594,0.009248,0.009297,93276945.0
1778673600,0.009296,0.009314,0.00884,0.008866,188275596.0
1778688000,0.008861,0.009112,0.008854,0.009036,55857712.0
1778702400,0.009037,0.009072,0.008934,0.008988,17766289.0
1778716800,0.008985,0.009126,0.00885,0.008865,130721764.0
1778731200,0.008868,0.009076,0.008836,0.008956,28212435.0
1778745600,0.008957,0.008996,0.00887,0.008884,33089352.0
1778760000,0.008875,0.009248,0.008857,0.009201,87559661.0
1778774400,0.009208,0.009304,0.009127,0.009193,186787034.0
1778788800,0.00919,0.009211,0.009071,0.009091,42897422.0
1778803200,0.009097,0.009171,0.009018,0.009078,47729721.0
1778817600,0.009076,0.009094,0.00886,0.009072,42936835.0
1778832000,0.009069,0.009086,0.008832,0.009023,298025457.0
1778846400,0.009024,0.009025,0.008551,0.0087,248022978.0
1778860800,0.008699,0.00892,0.008684,0.008812,89960274.0
1778875200,0.008816,0.008838,0.008746,0.008828,20688548.0
1778889600,0.008826,0.008913,0.008766,0.008795,74452945.0
1778904000,0.008795,0.0088,0.008387,0.008514,140512946.0
1778918400,0.00852,0.008546,0.008329,0.008453,46631168.0
1778932800,0.008452,0.008503,0.008398,0.008481,13761420.0
1778947200,0.008477,0.008537,0.008453,0.008453,11182469.0
1778961600,0.008466,0.008507,0.008441,0.008443,24452681.0
1778976000,0.008443,0.008462,0.008321,0.0084,43493006.0
1778990400,0.008399,0.008524,0.008395,0.008465,16808345.0
1779004800,0.00847,0.008596,0.008445,0.008573,53764047.0
1779019200,0.008572,0.008617,0.008464,0.008549,51221050.0
1779033600,0.008548,0.00859,0.008404,0.008566,409286299.0
1779048000,0.008571,0.008636,0.008067,0.00836,111910100.0
1779062400,0.008362,0.008446,0.008261,0.008334,49917497.0
1779076800,0.008331,0.0084,0.008129,0.008187,52735036.0
1779091200,0.008189,0.008334,0.008134,0.008291,35327922.0
1779105600,0.008297,0.0084,0.008144,0.008257,171980292.0
1779120000,0.008262,0.008398,0.008194,0.008365,74642283.0
1779134400,0.008371,0.008635,0.008371,0.008597,228369627.0
1779148800,0.008598,0.00876,0.008525,0.00863,75180970.0
1779163200,0.008641,0.008732,0.00854,0.008664,54053951.0
1779177600,0.008666,0.008668,0.008476,0.008486,21793204.0
1779192000,0.008487,0.008642,0.008415,0.00847,71757309.0
1779206400,0.00847,0.008695,0.008452,0.008583,91132137.0
1779220800,0.008582,0.008714,0.008567,0.008692,55251371.0
1779235200,0.008692,0.00877,0.008605,0.008681,130100663.0
1779249600,0.008677,0.008884,0.008608,0.008824,116816701.0
1779264000,0.008831,0.008895,0.008752,0.008777,42576076.0
1779278400,0.00878,0.009245,0.008776,0.0092,109340030.0
1779292800,0.009204,0.009565,0.009089,0.009124,157483330.0
1779307200,0.009127,0.009163,0.008968,0.009128,103360514.0
1779321600,0.00913,0.009564,0.009101,0.009525,77642782.0
1779336000,0.009525,0.009551,0.009107,0.00923,51037081.0
1779350400,0.009241,0.009395,0.009072,0.009152,93129915.0
1779364800,0.009143,0.009343,0.009099,0.009329,81185609.0
1779379200,0.009329,0.009526,0.009214,0.00946,97569993.0
1779393600,0.009451,0.009756,0.009442,0.009493,228903172.0
1779408000,0.009489,0.009571,0.00932,0.009483,52555285.0
1779422400,0.009495,0.009904,0.009495,0.009812,40636157.0
1779436800,0.009809,0.009828,0.009459,0.009592,79318416.0
1779451200,0.009593,0.009743,0.009256,0.009339,125991009.0
1779465600,0.009332,0.009377,0.008958,0.0091,201970205.0
1779480000,0.009102,0.00914,0.008689,0.008755,94121288.0
1779494400,0.008752,0.00889,0.008618,0.008859,133433442.0
1779508800,0.008851,0.00889,0.008375,0.00848,84726082.0
1779523200,0.008473,0.008641,0.008377,0.00856,249233476.0
1779537600,0.008562,0.008888,0.008496,0.00887,36826954.0
1779552000,0.00888,0.009102,0.00881,0.009042,97861086.0
1779566400,0.009036,0.009365,0.008956,0.008986,110217733.0
1779580800,0.008996,0.009164,0.008972,0.009037,70902080.0
1779595200,0.009034,0.009178,0.009026,0.009155,114309395.0
1779609600,0.009158,0.009256,0.009121,0.009196,129734166.0
1779624000,0.009208,0.009213,0.008747,0.00899,625231484.0
1779638400,0.008989,0.00908,0.008962,0.008995,39145793.0
1779652800,0.008998,0.009,0.008744,0.008948,57264578.0
1779667200,0.008958,0.009022,0.008891,0.008912,37816178.0
1779681600,0.008914,0.009064,0.00891,0.009014,31786238.0
1779696000,0.009011,0.009142,0.009003,0.009044,46760943.0
1779710400,0.009051,0.009141,0.008999,0.009053,48231536.0
1779724800,0.009055,0.009066,0.00892,0.008964,52415962.0
1779739200,0.008959,0.008997,0.008781,0.00882,72351955.0
1779753600,0.00882,0.008825,0.008537,0.008625,84640291.0
1779768000,0.008627,0.008735,0.00859,0.008662,62221682.0
1779782400,0.008659,0.008854,0.00862,0.008783,67613818.0
1779796800,0.00878,0.009015,0.00865,0.008722,69741257.0
1779811200,0.008713,0.008722,0.008481,0.00857,67476125.0
1779825600,0.008577,0.008612,0.008462,0.008488,26465385.0
1779840000,0.008489,0.00858,0.00839,0.00841,29510592.0
1779854400,0.008404,0.00848,0.008284,0.008475,127006270.0
1779868800,0.008472,0.008509,0.008382,0.008393,21843779.0
1779883200,0.008398,0.008543,0.008274,0.008496,87037764.0
1779897600,0.008499,0.008519,0.008267,0.008384,24204909.0
1779912000,0.008377,0.008404,0.008091,0.008157,46929210.0
1779926400,0.008147,0.008188,0.007864,0.007902,63829785.0
1779940800,0.007896,0.007951,0.007755,0.007945,98588370.0
1779955200,0.007947,0.007947,0.007803,0.007814,20259006.0
1779969600,0.007817,0.00789,0.00759,0.007697,104308073.0
1779984000,0.007695,0.007914,0.007659,0.007767,29156841.0
1779998400,0.007773,0.007829,0.007677,0.007724,26610289.0
1780012800,0.00772,0.007788,0.007632,0.007632,41260261.0
1780027200,0.007638,0.007781,0.007609,0.007721,15798509.0
1780041600,0.007728,0.007796,0.007603,0.007648,43290996.0
1780056000,0.007653,0.008064,0.007515,0.007902,121056514.0
1780070400,0.007902,0.008014,0.007766,0.007875,124009109.0
1780084800,0.007892,0.007947,0.007821,0.007896,26014571.0
1780099200,0.007908,0.008204,0.007884,0.008022,39946235.0
1780113600,0.008028,0.008109,0.007785,0.008031,78280105.0
1780128000,0.008031,0.008064,0.007996,0.008034,40154123.0
1780142400,0.008035,0.008083,0.007978,0.008018,64867414.0
1780156800,0.008022,0.0081,0.007996,0.008055,36604843.0
1780171200,0.008064,0.008113,0.00795,0.007997,17378586.0
1780185600,0.008,0.008085,0.007965,0.008052,25256521.0
1780200000,0.008047,0.008078,0.007931,0.007976,22288512.0
1780214400,0.007976,0.00805,0.007936,0.007996,8450583.0
1780228800,0.007994,0.008063,0.007807,0.007837,39593669.0
1780243200,0.007838,0.007855,0.007753,0.007817,50154564.0
1780257600,0.007814,0.007993,0.007814,0.007911,65927117.0
1780272000,0.007911,0.007966,0.007722,0.007895,36892614.0
1780286400,0.007894,0.007919,0.007585,0.007608,63473577.0
1780300800,0.00761,0.007674,0.007578,0.007601,26699045.0
1780315200,0.007608,0.007616,0.007392,0.007457,91977698.0
1780329600,0.007458,0.007683,0.007416,0.007607,53651576.0
1780344000,0.007609,0.007629,0.007472,0.007579,18170300.0
1780358400,0.007583,0.007587,0.007324,0.007536,33731714.0
1780372800,0.007537,0.007545,0.007256,0.00733,39491531.0
1780387200,0.007334,0.00737,0.007256,0.007303,28450330.0
1780401600,0.0073,0.0074,0.006952,0.007056,99539997.0
1780416000,0.007052,0.007228,0.006859,0.007027,110848804.0
1780430400,0.007032,0.007086,0.006704,0.006841,67588510.0
1780444800,0.006847,0.006974,0.006728,0.006764,42730707.0
1780459200,0.006775,0.007196,0.006775,0.007178,57433752.0
1780473600,0.007176,0.007272,0.00711,0.007196,37770004.0
1780488000,0.007191,0.007283,0.007079,0.007081,62911069.0
1780502400,0.007085,0.007113,0.006919,0.006951,53450926.0
1780516800,0.006941,0.007274,0.006809,0.007103,113040135.0
1780531200,0.007102,0.007178,0.006414,0.007052,219602820.0
1780545600,0.007056,0.007124,0.006748,0.006763,130046796.0
1780560000,0.00676,0.006836,0.006576,0.006765,76937214.0
1780574400,0.006768,0.006988,0.00669,0.006903,73938126.0
1780588800,0.006903,0.006987,0.006784,0.006909,41615208.0
1780603200,0.006908,0.006913,0.006664,0.00681,29243509.0
1780617600,0.006803,0.006868,0.006577,0.006608,71799023.0
1780632000,0.00661,0.006774,0.00621,0.006592,133020188.0
1780646400,0.006588,0.0066,0.006426,0.006474,36421673.0
1780660800,0.006471,0.006614,0.006221,0.006286,115560447.0
1780675200,0.006281,0.006558,0.006083,0.0063,169270199.0
1780689600,0.006314,0.006511,0.00615,0.006257,45155912.0
1780704000,0.006262,0.006375,0.00613,0.006171,25953040.0
1780718400,0.006171,0.006249,0.005824,0.006241,74537501.0
1780732800,0.006244,0.006469,0.006094,0.006277,108277801.0
1780747200,0.00628,0.006498,0.006183,0.006272,72705616.0
1780761600,0.006262,0.006304,0.006198,0.006205,22375343.0
1780776000,0.006201,0.006299,0.006179,0.006288,13013029.0
1780790400,0.006287,0.006692,0.006272,0.006659,31903080.0
1780804800,0.006654,0.006886,0.006568,0.006762,72756525.0
1780819200,0.006759,0.006926,0.006708,0.006771,102222974.0
1780833600,0.006768,0.006782,0.006574,0.006699,35989690.0
1780848000,0.006704,0.006811,0.00654,0.006612,135272546.0
1780862400,0.006601,0.007055,0.006594,0.006982,74862760.0
1780876800,0.006985,0.007028,0.006751,0.006789,54294018.0
1780891200,0.006787,0.006846,0.006656,0.00683,49713074.0
1780905600,0.006824,0.006956,0.006771,0.0069,34220384.0
1780920000,0.006903,0.006997,0.006829,0.006936,32846621.0
1780934400,0.006948,0.007027,0.006868,0.00691,54729689.0
1780948800,0.006912,0.006968,0.00676,0.006802,22507818.0
1780963200,0.006803,0.006824,0.006485,0.006664,38247617.0
1780977600,0.006652,0.006867,0.006646,0.00679,28736139.0
1780992000,0.006797,0.006815,0.006706,0.006748,23759863.0
1781006400,0.006737,0.006834,0.00658,0.0066,59057250.0
1781020800,0.0066,0.006776,0.006524,0.00672,55449634.0
1781035200,0.006719,0.006806,0.006658,0.006708,22285134.0
1781049600,0.006707,0.006796,0.006635,0.006673,20875982.0
1781064000,0.006673,0.006708,0.006591,0.00667,10443465.0
1781078400,0.00667,0.006671,0.006501,0.00655,27136024.0
1781092800,0.006551,0.0068,0.006538,0.006664,51117560.0
1781107200,0.006666,0.006678,0.006505,0.006511,20875073.0
1781121600,0.006515,0.006515,0.006327,0.006364,28718262.0
1781136000,0.006364,0.006878,0.006342,0.006811,78226751.0
1781150400,0.006806,0.006834,0.006694,0.006768,28160876.0
1781164800,0.006775,0.00683,0.006692,0.006741,41026250.0
1781179200,0.006736,0.006736,0.006599,0.006683,32262577.0
1781193600,0.006686,0.006861,0.006587,0.006804,39034427.0
1781208000,0.006805,0.006851,0.006733,0.00675,15614179.0
1781222400,0.006753,0.00682,0.006727,0.006778,37184334.0
1781236800,0.006788,0.006838,0.006625,0.006692,49523228.0
1781251200,0.006695,0.006838,0.006687,0.006747,11680546.0
1781265600,0.006743,0.00692,0.006653,0.006735,104621771.0
1781280000,0.006741,0.006854,0.006718,0.006747,18474202.0
1781294400,0.006746,0.006768,0.006669,0.006729,10865726.0
1781308800,0.006728,0.006808,0.006705,0.006742,10969716.0
1781323200,0.006743,0.006792,0.006619,0.006774,80049020.0
1781337600,0.006778,0.006838,0.006766,0.006813,19517100.0
1781352000,0.006809,0.006922,0.006792,0.006857,37359375.0
1781366400,0.006857,0.006881,0.006737,0.006742,30629219.0
1781380800,0.006735,0.006812,0.006674,0.006774,18190626.0
1781395200,0.00677,0.006851,0.00675,0.006831,29058752.0
1781409600,0.006833,0.006833,0.006689,0.006707,61192714.0
1781424000,0.00671,0.006749,0.006651,0.006678,28764468.0
1781438400,0.006683,0.006704,0.006482,0.006517,25443182.0
1781452800,0.006511,0.006549,0.006465,0.006542,11265061.0
1781467200,0.006548,0.007024,0.006541,0.006952,53456402.0
1781481600,0.006962,0.006991,0.006849,0.006951,37094351.0
1781496000,0.00695,0.007006,0.006904,0.006913,66943251.0
1781510400,0.006917,0.00722,0.006887,0.007129,113990209.0
1781524800,0.007132,0.007293,0.00711,0.007267,183643157.0
1781539200,0.007269,0.007504,0.007151,0.00722,142495067.0
1781553600,0.007231,0.007283,0.007032,0.007107,44274306.0
1781568000,0.007113,0.007162,0.006936,0.007104,32141685.0
1781582400,0.007101,0.007194,0.006988,0.007155,48695307.0
1781596800,0.007154,0.00733,0.007154,0.007245,57196739.0
1781611200,0.007246,0.00733,0.006924,0.007053,85971010.0
1781625600,0.007051,0.00725,0.00701,0.007155,72178714.0
1781640000,0.007143,0.007253,0.007121,0.007133,14919960.0
1781654400,0.007134,0.007359,0.007134,0.007266,30122779.0
1781668800,0.007272,0.007388,0.00718,0.007219,64659358.0
1781683200,0.007217,0.007224,0.00704,0.007067,65710257.0
1781697600,0.007065,0.007278,0.007006,0.007278,43558428.0
1781712000,0.007277,0.007356,0.006893,0.006923,132674253.0
1781726400,0.006921,0.006968,0.006735,0.006869,54890808.0
1781740800,0.006876,0.007011,0.00682,0.00683,60703366.0
1781755200,0.006827,0.00683,0.006691,0.006807,57356005.0
1781769600,0.006804,0.006838,0.006704,0.006733,44014052.0
1781784000,0.006731,0.006804,0.006467,0.006493,76607727.0
1781798400,0.006491,0.006622,0.006482,0.006603,49790914.0
1781812800,0.006607,0.006749,0.006607,0.006746,22677910.0
1781827200,0.00675,0.006793,0.006325,0.006515,51377091.0
1781841600,0.006502,0.006563,0.006404,0.00643,29634518.0
1781856000,0.006435,0.006488,0.006409,0.00642,23835735.0
1781870400,0.006425,0.006608,0.006388,0.00658,55162492.0
1781884800,0.006582,0.00664,0.006505,0.006594,15102176.0
1781899200,0.0066,0.006663,0.006552,0.006647,11625856.0
1781913600,0.006645,0.006741,0.006604,0.006663,8958434.0
1781928000,0.006669,0.006899,0.006646,0.00684,32566216.0
1781942400,0.006839,0.006897,0.006704,0.00674,29641552.0
1781956800,0.00674,0.006783,0.006592,0.006754,30256143.0
1781971200,0.006755,0.006755,0.006621,0.006685,23535169.0
1781985600,0.006691,0.006844,0.006669,0.006796,19743168.0
1782000000,0.006794,0.00681,0.006718,0.006798,22200509.0
1782014400,0.006799,0.006814,0.006743,0.006792,16647198.0
1782028800,0.006797,0.006871,0.006712,0.00678,35002112.0
1782043200,0.006788,0.006945,0.006772,0.006886,35408124.0
1782057600,0.006885,0.006888,0.006778,0.006814,15373390.0
1782072000,0.006813,0.00682,0.006614,0.006624,17849644.0
1782086400,0.006625,0.006844,0.006624,0.00666,25633753.0
1782100800,0.006653,0.006769,0.006644,0.006733,21572676.0
1782115200,0.006733,0.006817,0.006684,0.006813,50850474.0
1782129600,0.006812,0.006921,0.006708,0.006719,51839621.0
1782144000,0.006718,0.006721,0.006568,0.006629,38418347.0
1782158400,0.006623,0.006663,0.00652,0.006569,22327032.0
1782172800,0.006566,0.006649,0.006522,0.006649,20541184.0
1782187200,0.006645,0.006659,0.006365,0.006419,66516892.0
1782201600,0.006419,0.006434,0.006237,0.006343,54714342.0
1782216000,0.006342,0.006385,0.006263,0.006329,37728841.0
1782230400,0.006329,0.006369,0.006175,0.006238,199426691.0
1782244800,0.006236,0.006328,0.006236,0.006273,8992676.0
1782259200,0.006266,0.006353,0.006237,0.006276,46176823.0
1782273600,0.006276,0.006314,0.006203,0.006236,15910995.0
1782288000,0.006238,0.006266,0.006122,0.006214,133939475.0
1782302400,0.00621,0.006222,0.005911,0.005911,70758321.0
1782316800,0.005926,0.005999,0.005664,0.005801,59585553.0
1782331200,0.005806,0.006089,0.005793,0.006048,33460936.0
1782345600,0.006056,0.006077,0.005981,0.006027,14244813.0
1782360000,0.006029,0.006185,0.005991,0.006154,22318165.0
1782374400,0.006155,0.006156,0.00602,0.006036,24233239.0
1782388800,0.006039,0.006121,0.005561,0.00583,127507304.0
1782403200,0.005826,0.005908,0.005702,0.005743,24519397.0
1782417600,0.005752,0.005905,0.005752,0.005855,15451987.0
1782432000,0.00587,0.005905,0.005635,0.005883,79728454.0
1782446400,0.005893,0.006042,0.005859,0.006028,45590358.0
1782460800,0.00603,0.00603,0.00583,0.005851,13722310.0
1782475200,0.005859,0.00608,0.005802,0.006051,31611378.0
1782489600,0.006061,0.006284,0.006051,0.006191,65964694.0
1782504000,0.006195,0.006276,0.006095,0.006201,49627632.0
1782518400,0.006203,0.006344,0.006136,0.006253,23019628.0
1782532800,0.006255,0.006287,0.006191,0.006259,17721493.0
1782547200,0.006264,0.006295,0.006194,0.006261,29604760.0
1782561600,0.006261,0.006521,0.00622,0.006444,62212849.0
1782576000,0.006446,0.006501,0.006207,0.006224,67035402.0
1782590400,0.006225,0.006247,0.006103,0.006179,21270110.0
1782604800,0.006177,0.006222,0.006155,0.006215,23299636.0
1782619200,0.006203,0.006226,0.006114,0.006214,10975154.0
1782633600,0.006212,0.006275,0.006171,0.006258,19876588.0
1782648000,0.006258,0.006277,0.006178,0.006208,16599133.0
1782662400,0.006211,0.006216,0.006085,0.006121,21065264.0
1782676800,0.006116,0.006148,0.005985,0.006089,24861438.0
1782691200,0.006088,0.006197,0.005999,0.006154,20308390.0
1782705600,0.006154,0.006181,0.006029,0.006142,10709206.0
1782720000,0.00614,0.006209,0.006106,0.006146,38697346.0
1782734400,0.006146,0.006296,0.006086,0.0062,40783868.0
1782748800,0.006195,0.006375,0.00614,0.006295,56193452.0
1782763200,0.006297,0.0063,0.006188,0.006211,17461737.0
1782777600,0.006206,0.006219,0.006113,0.006168,18118457.0
1782792000,0.006165,0.006205,0.00615,0.006167,15003467.0
1782806400,0.006166,0.006166,0.006011,0.006025,58508888.0
1782820800,0.006019,0.006099,0.005909,0.006037,52185883.0
1782835200,0.006034,0.006082,0.00598,0.006056,15413722.0
1782849600,0.006049,0.006064,0.005984,0.006012,9962153.0
1782864000,0.006017,0.006276,0.005874,0.006244,45673367.0
1782878400,0.006243,0.006305,0.006083,0.006138,40581134.0
1782892800,0.006131,0.006221,0.006108,0.006134,17590356.0
1782907200,0.006135,0.006337,0.006095,0.006296,43002945.0
1782921600,0.006301,0.006333,0.006141,0.006155,25610242.0
1782936000,0.006155,0.006343,0.006129,0.006134,34183516.0
1782950400,0.006131,0.006293,0.006075,0.006293,12341433.0
1782964800,0.00629,0.006293,0.006136,0.006198,14085958.0
1782979200,0.006191,0.006497,0.006186,0.006447,222273136.0
1782993600,0.00645,0.006542,0.006217,0.006325,210110970.0
1783008000,0.006326,0.00636,0.006277,0.006314,51577546.0
1783022400,0.006322,0.006358,0.006301,0.006335,30435112.0
1783036800,0.006341,0.00649,0.006308,0.006437,19084166.0
1783051200,0.006436,0.006517,0.006384,0.006451,30993541.0
1783065600,0.006454,0.006899,0.006444,0.006785,367925410.0
1783080000,0.006779,0.006897,0.006688,0.006763,145242444.0
1783094400,0.006763,0.006815,0.006695,0.006765,91950127.0
1783108800,0.006766,0.00685,0.006697,0.006798,75766216.0
1783123200,0.006793,0.006851,0.006652,0.006774,59514964.0
1783137600,0.006777,0.006935,0.006705,0.006749,215362593.0
1783152000,0.00674,0.006781,0.006651,0.006714,107938031.0
1783166400,0.006711,0.006942,0.006674,0.006852,169329508.0
1783180800,0.006842,0.006866,0.006749,0.006765,41921815.0
1783195200,0.006765,0.006776,0.006626,0.006664,127100031.0
1783209600,0.006666,0.006667,0.006518,0.006569,67351804.0
1783224000,0.006564,0.00662,0.00653,0.006602,31386971.0
1783238400,0.006605,0.006618,0.00648,0.006574,45896766.0
1783252800,0.006572,0.006756,0.006544,0.006686,91549409.0
1783267200,0.006687,0.006723,0.006646,0.006699,30299209.0
1783281600,0.0067,0.006862,0.006671,0.006799,77443063.0
1783296000,0.006802,0.006817,0.006714,0.00675,125592130.0
1783310400,0.006745,0.006768,0.006607,0.006662,34395567.0
1783324800,0.00666,0.006727,0.006589,0.006609,13725244.0
1783339200,0.006604,0.006792,0.006433,0.006782,118860661.0
1783353600,0.006778,0.006836,0.006723,0.006778,50242966.0
1783368000,0.00678,0.006898,0.006749,0.006772,35450780.0
1783382400,0.006773,0.006804,0.006614,0.006631,41448777.0
1783396800,0.00663,0.006674,0.006536,0.006618,26729578.0
1783411200,0.006624,0.006666,0.006569,0.006619,23335561.0
1783425600,0.006623,0.006689,0.006484,0.006642,38470141.0
1783440000,0.006644,0.006709,0.006526,0.006578,19187229.0
1783454400,0.006586,0.006601,0.006393,0.006457,32057177.0
1783468800,0.006476,0.006489,0.006157,0.006232,157288606.0
1783483200,0.00623,0.006254,0.006164,0.006211,23830214.0
1783497600,0.006212,0.006226,0.006076,0.006175,56710870.0
1783512000,0.006175,0.006182,0.006052,0.006102,55309499.0
1783526400,0.006101,0.006171,0.006089,0.006128,17837409.0
1783540800,0.006125,0.006158,0.006074,0.006157,29847984.0
1783555200,0.006166,0.006203,0.006068,0.006116,20843895.0
1783569600,0.00612,0.006248,0.006109,0.0062,27238746.0
1783584000,0.006201,0.006237,0.00614,0.006164,12403228.0
1783598400,0.006164,0.006215,0.006112,0.006142,24954972.0
1783612800,0.006142,0.006215,0.006105,0.006181,12645019.0
1783627200,0.006186,0.006234,0.006164,0.006181,17907897.0
1783641600,0.00618,0.006341,0.006135,0.006292,38226751.0
1783656000,0.006297,0.006331,0.006247,0.006254,31103806.0
1783670400,0.006252,0.006355,0.006247,0.006308,17854241.0
1783684800,0.00631,0.006351,0.006157,0.006258,50266862.0
1783699200,0.006257,0.006361,0.006237,0.006292,18904721.0
1783713600,0.006291,0.006326,0.006251,0.006271,13668875.0
1783728000,0.006271,0.006279,0.006197,0.006208,17744528.0
1783742400,0.006206,0.006222,0.006173,0.006185,32002092.0
1783756800,0.006183,0.006215,0.006163,0.006209,39593673.0
1783771200,0.006206,0.006327,0.006195,0.006255,26843607.0
1783785600,0.006255,0.006278,0.006224,0.006256,5592925.0
1783800000,0.006256,0.006288,0.00603,0.006043,81242012.0
1783814400,0.006043,0.006108,0.006009,0.006099,32321184.0
1783828800,0.0061,0.00611,0.006001,0.006032,90899228.0
1783843200,0.006032,0.006077,0.006029,0.006061,16813666.0
1783857600,0.006059,0.006109,0.006045,0.006084,7777694.0
1783872000,0.006085,0.006098,0.006031,0.006076,8693245.0
1783886400,0.006078,0.006088,0.005941,0.005988,22571497.0
1783900800,0.005988,0.006092,0.005854,0.005909,37657111.0
1783915200,0.005899,0.005962,0.005894,0.005952,14882838.0
1783929600,0.005953,0.005989,0.005944,0.005959,7059888.0
1783944000,0.005962,0.005969,0.005879,0.005906,39328317.0
1783958400,0.005906,0.005921,0.005771,0.005812,81245619.0
1783972800,0.005812,0.005823,0.005694,0.005793,37262337.0
1783987200,0.005801,0.005846,0.005723,0.005783,137215790.0
1784001600,0.005786,0.00584,0.005768,0.005773,15243217.0
1784016000,0.005773,0.005791,0.005684,0.005748,96747553.0
1784030400,0.005752,0.005989,0.005735,0.005929,73458681.0
1784044800,0.005933,0.005963,0.005845,0.005887,39378099.0
1784059200,0.005887,0.005936,0.005854,0.005925,40319791.0
1784073600,0.00593,0.006073,0.005918,0.00606,30267066.0
1784088000,0.006066,0.006251,0.006007,0.006111,45996174.0
1784102400,0.006122,0.006197,0.0061,0.00614,25764447.0
1784116800,0.006145,0.006298,0.00612,0.006202,81888062.0
1784131200,0.006202,0.006205,0.00608,0.006122,48424714.0
1784145600,0.006123,0.006296,0.006122,0.006226,28396983.0
1784160000,0.006223,0.00627,0.006147,0.006156,19449598.0
1784174400,0.006157,0.006255,0.006044,0.006066,33347430.0
1784188800,0.006061,0.006186,0.005991,0.006178,31487677.0
1784203200,0.006183,0.006374,0.006153,0.00629,50377108.0
1784217600,0.006287,0.006384,0.006128,0.006174,55777376.0
1784232000,0.006174,0.006269,0.006014,0.006033,61121578.0
1784246400,0.006036,0.006316,0.005986,0.006273,32884246.0
1784260800,0.006269,0.006269,0.006066,0.006099,62597234.0
1784275200,0.0061,0.006236,0.006,0.006106,58268440.0
1784289600,0.006105,0.006117,0.005785,0.005933,64891683.0
1784304000,0.005928,0.00604,0.005861,0.005897,29294989.0
1784318400,0.005894,0.005952,0.005874,0.005928,37896574.0
1784332800,0.005922,0.006163,0.00592,0.006148,24419898.0
1784347200,0.006138,0.006198,0.006001,0.006059,22905122.0
1784361600,0.006071,0.006077,0.005899,0.005977,54011543.0
1784376000,0.005977,0.006159,0.005936,0.006139,31782250.0
1784390400,0.006131,0.006243,0.006085,0.006156,104042028.0
1784404800,0.006155,0.006189,0.006129,0.006147,15183850.0
1784419200,0.006146,0.006205,0.006098,0.006118,12248963.0
1784433600,0.006123,0.00617,0.006099,0.006133,20020228.0
1784448000,0.006133,0.006171,0.00609,0.006097,16784708.0
1784462400,0.00609,0.00613,0.00606,0.006093,16666323.0
1784476800,0.006094,0.006122,0.006039,0.006103,18333971.0
1784491200,0.006104,0.006183,0.006064,0.006123,27696899.0
1784505600,0.006115,0.006224,0.006092,0.006177,34231035.0
1784520000,0.006176,0.006237,0.005958,0.006213,68888451.0
1784534400,0.006221,0.006302,0.006164,0.006299,146052621.0
1784548800,0.006298,0.006349,0.006202,0.006317,62233811.0
1784563200,0.006317,0.006437,0.006275,0.00628,39089133.0
1784577600,0.006286,0.006388,0.006279,0.006347,24015213.0
1784592000,0.006341,0.006434,0.006303,0.006394,15823726.0
1784606400,0.006396,0.006433,0.006368,0.006411,10877665.0
1784620800,0.006409,0.006468,0.006373,0.006418,9390661.0
1784635200,0.006418,0.00644,0.006349,0.006407,9715140.0
1784649600,0.006406,0.006441,0.006336,0.006385,10499778.0
1784664000,0.006385,0.006389,0.006274,0.006321,12430742.0
1784678400,0.006323,0.006375,0.006269,0.00627,14163682.0
1784692800,0.006276,0.006314,0.006195,0.006264,21890656.0
1784707200,0.006261,0.006313,0.006247,0.006266,12768746.0
1784721600,0.006265,0.006387,0.006229,0.006345,47519207.0
1784736000,0.006345,0.006398,0.006266,0.006288,52932164.0
1784750400,0.006284,0.006336,0.006236,0.006284,16608932.0
1784764800,0.006281,0.006349,0.006258,0.006276,36854061.0
1784779200,0.006271,0.006339,0.006234,0.00625,27766255.0
1784793600,0.006242,0.006295,0.006207,0.006212,15585303.0
1784808000,0.006211,0.006215,0.006035,0.006093,220199739.0
1784822400,0.006097,0.006119,0.006024,0.006043,58195968.0
1784836800,0.006053,0.006102,0.006037,0.006069,37641724.0
1784851200,0.006072,0.006128,0.006046,0.006116,19468023.0
1784865600,0.006114,0.006137,0.006062,0.006098,6461882.0
1784880000,0.006097,0.006097,0.00602,0.006047,12813494.0
1784894400,0.006043,0.006076,0.005961,0.006024,84652135.0
1784908800,0.006021,0.006052,0.005984,0.006022,11233123.0
1784923200,0.006022,0.006038,0.005992,0.006027,7540279.0
1784937600,0.006026,0.006047,0.005996,0.006014,13179656.0
1784952000,0.006016,0.00602,0.005946,0.005951,8075831.0
1784966400,0.005952,0.005997,0.005941,0.005989,15709672.0
1784980800,0.005991,0.006059,0.005972,0.00605,9554409.0
1784995200,0.006049,0.00632,0.006049,0.006268,68650198.0
1785009600,0.006268,0.006283,0.006181,0.006211,20563403.0
1785024000,0.006207,0.006369,0.006159,0.006365,60839343.0
1785038400,0.006363,0.006483,0.006291,0.006376,113781490.0
1785052800,0.006374,0.006446,0.006328,0.006349,47121981.0
1785067200,0.006353,0.006388,0.006264,0.006331,44786484.0
1785081600,0.006331,0.006358,0.00629,0.006304,41103343.0
1785096000,0.006305,0.006384,0.006285,0.006384,66084428.0
1785110400,0.006382,0.006386,0.006321,0.006348,38462447.0
1785124800,0.006349,0.006449,0.006343,0.006412,112488888.0
1785139200,0.006414,0.006493,0.006352,0.006391,89247602.0
1785153600,0.006396,0.006461,0.00608,0.006081,142616707.0
1785168000,0.00608,0.006158,0.006013,0.006122,68992199.0
1785182400,0.006122,0.006141,0.005896,0.005955,166910592.0
1785196800,0.005958,0.00598,0.005836,0.005918,33305372.0
1785211200,0.005919,0.005964,0.005881,0.005934,32687093.0
1785225600,0.005933,0.005966,0.00589,0.005909,26875507.0
1785240000,0.005901,0.006093,0.005805,0.006093,122036659.0
1785254400,0.00609,0.006128,0.005968,0.006024,29071820.0
1785268800,0.006027,0.00604,0.00588,0.005961,31008150.0
1785283200,0.005961,0.005992,0.005831,0.005831,77606876.0
1785297600,0.005835,0.00591,0.005807,0.00591,116057636.0
1785312000,0.005908,0.00591,0.005844,0.005877,11582521.0
1785326400,0.005879,0.005879,0.005763,0.005789,50630485.0
1785340800,0.005797,0.005892,0.005685,0.005711,60421240.0
1785355200,0.005702,0.005765,0.005652,0.005749,22869069.0
1785369600,0.00575,0.005907,0.00574,0.005827,37861104.0
1785384000,0.005827,0.00584,0.005788,0.00579,17235077.0
1785398400,0.005789,0.005844,0.005781,0.005831,28055008.0
1785412800,0.005834,0.005903,0.005812,0.005854,20421379.0
1785427200,0.005859,0.005992,0.005831,0.005991,48606195.0
1785441600,0.005991,0.006168,0.005988,0.006048,131248242.0
1785456000,0.00605,0.006166,0.005978,0.00603,40666685.0
1785470400,0.006026,0.006125,0.005989,0.006092,29544242.0
1785484800,0.006097,0.006114,0.006017,0.006047,25591658.0
1785499200,0.006047,0.006117,0.005936,0.006006,109246526.0
1785513600,0.006007,0.006071,0.005942,0.00597,80740608.0
1785528000,0.00597,0.006003,0.005946,0.005975,74173866.0
1785542400,0.005979,0.006117,0.005979,0.006094,20271106.0
1785556800,0.006104,0.006184,0.005948,0.005973,142821948.0
1785571200,0.00597,0.005986,0.00591,0.005943,14851673.0
1785585600,0.00594,0.005972,0.005905,0.005954,68298530.0
1785600000,0.005954,0.005975,0.005857,0.005903,40952285.0
1785614400,0.0059,0.005945,0.005863,0.00592,14242843.0
1785628800,0.005918,0.006201,0.005918,0.006097,338312412.0
1785643200,0.006102,0.00613,0.006058,0.006101,72334110.0
1785657600,0.006102,0.006178,0.006033,0.006131,195152694.0
1785672000,0.006135,0.006253,0.006135,0.006192,197321717.0
1785686400,0.006195,0.006215,0.006174,0.006204,14240574.0
1785700800,0.006205,0.006271,0.006143,0.00615,21147914.0
1785715200,0.006149,0.006162,0.006066,0.006115,28012004.0
1785729600,0.006104,0.006123,0.006018,0.006063,89128154.0
1785744000,0.006055,0.006099,0.00601,0.006074,61022801.0
1785758400,0.006076,0.006219,0.00607,0.006167,48852443.0
1785772800,0.006167,0.006191,0.006136,0.006163,37403560.0
1785787200,0.006161,0.006197,0.006137,0.006159,13748842.0
1785801600,0.006158,0.006231,0.006087,0.006194,11307145.0
1785816000,0.006193,0.006219,0.006109,0.006155,17385903.0
1785830400,0.006152,0.006166,0.006071,0.006124,69517208.0
1785844800,0.006124,0.006143,0.006034,0.006074,9290255.0
1785859200,0.006073,0.006112,0.00603,0.006103,13539779.0
1785873600,0.006095,0.00618,0.006033,0.006037,11124105.0
1785888000,0.006035,0.006115,0.005994,0.006048,9840006.0
1785902400,0.006046,0.006102,0.006038,0.006046,29425815.0
1785916800,0.00605,0.006075,0.006034,0.006045,14161959.0
1785931200,0.006042,0.006189,0.005991,0.006114,54548213.0
1785945600,0.006113,0.006207,0.00611,0.006152,59721997.0
1785960000,0.006148,0.006295,0.006131,0.006251,52352280.0
1785974400,0.00625,0.006372,0.006149,0.006178,45357696.0
1785988800,0.006178,0.006328,0.006156,0.006267,84487206.0
1786003200,0.006274,0.006294,0.00609,0.006139,81655332.0
1786017600,0.006138,0.006206,0.00608,0.006132,31522001.0
1786032000,0.006134,0.006177,0.006021,0.006025,30563987.0
1786046400,0.006022,0.006031,0.005919,0.005989,36271532.0
1786060800,0.005983,0.006022,0.005969,0.005992,37340479.0
1786075200,0.00599,0.006097,0.005979,0.006041,36733095.0
1786089600,0.006042,0.006084,0.00601,0.006022,20117821.0
1786104000,0.006027,0.00608,0.005965,0.006033,32196437.0
1786118400,0.006032,0.00605,0.005948,0.006021,46322539.0
1786132800,0.006021,0.006028,0.005961,0.006006,7903769.0
1786147200,0.006001,0.006167,0.005996,0.006159,29502592.0
1786161600,0.006161,0.006312,0.006146,0.006199,54738836.0
1786176000,0.006196,0.00624,0.006167,0.00623,47506802.0
1786190400,0.006234,0.006343,0.006202,0.006288,22144779.0
1786204800,0.006287,0.006404,0.006278,0.006338,83449876.0
1786219200,0.006335,0.006417,0.006267,0.006311,30369189.0
1786233600,0.006313,0.006352,0.006239,0.006308,57777505.0
1786248000,0.006308,0.00635,0.006285,0.006315,18419871.0
1786262400,0.006317,0.006374,0.006298,0.006313,74071670.0
1786276800,0.00631,0.006435,0.0063,0.006424,41625158.0
1786291200,0.006432,0.006907,0.006432,0.006633,203765646.0
1786305600,0.00663,0.006709,0.006435,0.006449,98285850.0
1786320000,0.006445,0.006639,0.006433,0.006532,67800188.0
1786334400,0.006535,0.006752,0.006508,0.006691,102609101.0
1786348800,0.006691,0.006759,0.006639,0.006754,60713755.0
1786363200,0.00675,0.006762,0.006535,0.006603,149934157.0
1786377600,0.006597,0.006722,0.006589,0.006676,35967209.0
1786392000,0.006685,0.006713,0.006501,0.006526,40523364.0
1786406400,0.006519,0.006533,0.006437,0.006445,33060063.0
1786420800,0.006442,0.006474,0.006354,0.006361,21174689.0
1786435200,0.006361,0.006531,0.00636,0.006513,36580649.0
1786449600,0.006511,0.006576,0.006255,0.006296,65173109.0
1786464000,0.006278,0.006382,0.006265,0.006374,36299846.0
1786478400,0.006375,0.006485,0.006374,0.006445,36121708.0
1786492800,0.006443,0.006477,0.006404,0.006404,21604534.0
1786507200,0.006408,0.006427,0.006375,0.006398,13135881.0
1786521600,0.006388,0.006481,0.00632,0.00642,39132394.0
1786536000,0.00642,0.006488,0.006325,0.006397,160958347.0
1786550400,0.006397,0.006406,0.006282,0.00635,88048958.0
1786564800,0.006345,0.006383,0.006109,0.006205,85220469.0
1786579200,0.006203,0.006278,0.006192,0.006261,11418664.0
1786593600,0.006259,0.006347,0.006259,0.006309,24101916.0
1786608000,0.00631,0.006385,0.00627,0.006282,43097506.0
1786622400,0.006282,0.006341,0.006219,0.006219,65686527.0
1786636800,0.006218,0.006223,0.006129,0.00621,82851190.0
1786651200,0.006215,0.006289,0.006202,0.006264,18117056.0
1786665600,0.006271,0.006281,0.006182,0.0062,16799303.0
1786680000,0.006196,0.006228,0.006145,0.006174,39324710.0
1786694400,0.006175,0.006215,0.006082,0.006084,48234268.0
1786708800,0.00609,0.006126,0.00603,0.006103,42582655.0
1786723200,0.0061,0.006125,0.006042,0.006067,107499188.0
1786737600,0.00606,0.006112,0.006022,0.006111,6577135.0
1786752000,0.006113,0.006125,0.006068,0.006068,11292046.0
1786766400,0.00607,0.006098,0.006024,0.006035,23912426.0
1786780800,0.006034,0.006049,0.006007,0.006009,38518976.0
1786795200,0.006008,0.006044,0.005993,0.006033,31805295.0
1786809600,0.006031,0.006057,0.006019,0.006039,31135084.0
1786824000,0.006037,0.006043,0.005957,0.005994,22921286.0
1786838400,0.005989,0.006019,0.005976,0.006004,9529010.0
1786852800,0.006005,0.006031,0.00597,0.006028,12421088.0
1786867200,0.006028,0.006033,0.005984,0.006013,37786253.0
1786881600,0.006011,0.006072,0.005996,0.006063,15452285.0
1786896000,0.006065,0.006073,0.005985,0.00602,60604556.0
1786910400,0.006018,0.006023,0.005866,0.005918,100643228.0
1786924800,0.005921,0.005989,0.005841,0.005979,39458251.0
1786939200,0.005977,0.00602,0.005943,0.006015,19114968.0
1786953600,0.006017,0.006019,0.005916,0.005955,14627022.0
1786968000,0.005959,0.006017,0.005942,0.005998,17230308.0
1786982400,0.006004,0.006004,0.005903,0.005956,13570006.0
1786996800,0.005956,0.006045,0.005944,0.006017,72829740.0
1787011200,0.006023,0.006089,0.00592,0.005971,43884580.0
1787025600,0.005969,0.00603,0.005937,0.005973,13241540.0
1787040000,0.005968,0.006061,0.005943,0.006039,17559947.0
1787054400,0.00604,0.006131,0.006021,0.006094,16925998.0
1787068800,0.006095,0.0061,0.006037,0.006037,10864253.0
1787083200,0.006032,0.006071,0.006009,0.00606,6667413.0
1787097600,0.006067,0.006152,0.00604,0.006101,16613078.0
1787112000,0.006112,0.0062,0.0061,0.006179,20886721.0
1787126400,0.006184,0.006232,0.00616,0.006228,41979282.0
1787140800,0.00623,0.006598,0.006175,0.00629,305753485.0
1787155200,0.006303,0.006384,0.006272,0.00633,83387686.0
1787169600,0.006335,0.006656,0.006332,0.006467,202229466.0
1787184000,0.006465,0.006539,0.00637,0.006422,47888114.0
1787198400,0.006421,0.006562,0.00642,0.006539,61666848.0
1787212800,0.006542,0.007288,0.006538,0.007212,775174141.0
1787227200,0.007216,0.007264,0.006913,0.007179,457515344.0
1787241600,0.007182,0.007351,0.007104,0.007125,195035357.0
1787256000,0.007129,0.007238,0.007101,0.007187,39943768.0
1787270400,0.007191,0.007528,0.007118,0.007397,411911623.0
1787284800,0.007396,0.007698,0.007308,0.007639,272921613.0
1787299200,0.007652,0.007938,0.007316,0.007727,376797509.0
1787313600,0.007727,0.008538,0.007677,0.008254,382788175.0
1787328000,0.008259,0.008622,0.008024,0.008301,331731097.0
1787342400,0.008301,0.008981,0.008206,0.00893,227866183.0
1787356800,0.008929,0.009367,0.008792,0.009067,230338938.0
1787371200,0.009076,0.009409,0.007511,0.008613,658054053.0
1787385600,0.008618,0.008702,0.008169,0.00848,103822812.0
1787400000,0.008462,0.008666,0.00839,0.008449,128902879.0
1787414400,0.008446,0.008858,0.008446,0.008598,116204087.0
1787428800,0.008593,0.008675,0.008325,0.008413,37492607.0
1787443200,0.008416,0.008613,0.00814,0.008141,46435769.0
1787457600,0.008142,0.008313,0.008049,0.008185,78731698.0
1787472000,0.008171,0.008554,0.00816,0.008488,56813905.0
1787486400,0.008472,0.009269,0.008331,0.009031,555817835.0
1787500800,0.009038,0.010071,0.008946,0.010005,907270542.0
1787515200,0.009995,0.010376,0.009649,0.009918,375548143.0
1787529600,0.009923,0.009948,0.009303,0.009422,444892562.0
1787544000,0.00943,0.009886,0.00938,0.009703,185906079.0
1787558400,0.009718,0.009764,0.009286,0.009608,171313314.0
1787572800,0.009606,0.009761,0.009323,0.009564,279805168.0
1787587200,0.009564,0.009687,0.009284,0.009427,172216817.0
1787601600,0.009427,0.009979,0.009404,0.00983,287246715.0
1787616000,0.009835,0.01031,0.009785,0.010156,154663935.0
1787630400,0.010152,0.010603,0.00985,0.009953,171757309.0
1787644800,0.009955,0.010086,0.009546,0.00962,106596089.0
1787659200,0.00961,0.009905,0.0095,0.009673,220028285.0
1787673600,0.009658,0.009999,0.009641,0.009848,157457631.0
1787688000,0.009847,0.009869,0.00933,0.009391,227415258.0
1787702400,0.009403,0.009676,0.009339,0.009487,48070701.0
1787716800,0.009484,0.009574,0.009385,0.009416,25290328.0
1787731200,0.009411,0.009475,0.009235,0.009338,111780473.0
1787745600,0.009338,0.009518,0.008809,0.008826,277881232.0
1787760000,0.008852,0.00915,0.008754,0.009118,265068407.0
1787774400,0.009118,0.009629,0.009041,0.009622,215818089.0
1787788800,0.009618,0.009624,0.009342,0.009347,55205659.0
1787803200,0.00935,0.009401,0.009199,0.009359,68925217.0
1787817600,0.009358,0.009732,0.009331,0.009384,120443447.0
1787832000,0.009389,0.00987,0.009363,0.009664,233673894.0
1787846400,0.009662,0.009908,0.009493,0.009609,634174878.0
1787860800,0.009607,0.009756,0.009528,0.009678,75924048.0
1787875200,0.009682,0.009869,0.009258,0.009378,154452621.0
1787889600,0.009374,0.00953,0.009263,0.009379,73399376.0
1787904000,0.009384,0.009497,0.009222,0.009399,104438607.0
1787918400,0.009402,0.009604,0.009191,0.009299,229912126.0
1787932800,0.009304,0.009338,0.008987,0.00914,317027033.0
1787947200,0.00914,0.009197,0.009003,0.009195,27026195.0
1787961600,0.009197,0.009279,0.009106,0.009146,25859373.0
1787976000,0.009147,0.009293,0.009035,0.009047,29137110.0
1787990400,0.009039,0.009039,0.008824,0.00899,101350027.0
1788004800,0.008999,0.009339,0.008986,0.009164,56635305.0
1788019200,0.009164,0.00922,0.009076,0.009146,37227242.0
1788033600,0.009146,0.009164,0.009058,0.009141,23580519.0
1788048000,0.009141,0.009154,0.008988,0.009006,21397239.0
1788062400,0.009006,0.009098,0.008955,0.009017,25203554.0
1788076800,0.009011,0.009195,0.008991,0.009179,78202679.0
1788091200,0.009174,0.009319,0.009153,0.009171,27991637.0
1788105600,0.00917,0.00935,0.009081,0.009131,164983483.0
1788120000,0.009135,0.009165,0.008486,0.008589,197425541.0
1788134400,0.008589,0.008722,0.008531,0.00864,37732848.0
1788148800,0.008642,0.00878,0.008539,0.008734,44311531.0
1788163200,0.008734,0.008807,0.00869,0.008742,35482940.0
1788177600,0.008748,0.008803,0.008628,0.008669,65182800.0
1788192000,0.008663,0.008816,0.008638,0.008713,45416843.0
1788206400,0.00871,0.008833,0.008707,0.008726,21028929.0
1788220800,0.00873,0.008879,0.008691,0.008769,43160131.0
1788235200,0.008762,0.008893,0.008745,0.008772,18626157.0
1788249600,0.008773,0.00883,0.008612,0.00882,17489809.0
1788264000,0.008821,0.008874,0.008642,0.008766,31764570.0
1788278400,0.008764,0.008765,0.008362,0.008478,217066311.0
1788292800,0.008481,0.008486,0.008377,0.008453,43004046.0
1788307200,0.008462,0.008482,0.008256,0.008342,75304310.0
1788321600,0.008336,0.008455,0.008309,0.00837,28947617.0
1788336000,0.008377,0.008383,0.008133,0.008213,194531835.0
1788350400,0.008213,0.008316,0.008148,0.008268,47124545.0
1788364800,0.008269,0.008305,0.008114,0.008209,12687496.0
1788379200,0.008209,0.008369,0.008205,0.00836,98163136.0
1788393600,0.008356,0.008409,0.008229,0.00835,46500027.0
1788408000,0.008355,0.008415,0.008267,0.008324,17469986.0
1788422400,0.00832,0.008392,0.008268,0.00836,28567457.0
1788436800,0.008356,0.008989,0.008346,0.00897,379448452.0
1788451200,0.00898,0.00901,0.008822,0.008934,47425629.0
1788465600,0.008919,0.008924,0.00867,0.008708,107167435.0
1788480000,0.008708,0.008727,0.008494,0.008586,133146212.0
1788494400,0.008585,0.008683,0.008472,0.008556,100822291.0
1788508800,0.008556,0.008907,0.008528,0.008885,195302561.0
1788523200,0.008881,0.008964,0.00813,0.008226,587170520.0
1788537600,0.008217,0.008338,0.008187,0.0083,58936881.0
1788552000,0.008309,0.008334,0.008233,0.008274,22541117.0
1788566400,0.008277,0.008437,0.008263,0.008344,78782941.0
1788580800,0.008351,0.008686,0.008323,0.008604,74054330.0
1788595200,0.008605,0.008663,0.008547,0.008616,62446503.0
1788609600,0.008616,0.008696,0.0085,0.008532,50192901.0
1788624000,0.00853,0.008713,0.008518,0.008617,53484473.0
1788638400,0.008624,0.008697,0.008578,0.008611,27433325.0
1788652800,0.008608,0.008948,0.008603,0.00887,110844395.0
1788667200,0.00887,0.008879,0.008623,0.00873,48019739.0
1788681600,0.008723,0.008853,0.008683,0.00882,18686117.0
1788696000,0.008826,0.008877,0.008458,0.008597,172181670.0
1788710400,0.0086,0.00874,0.008585,0.008669,25991057.0
1788724800,0.008669,0.008827,0.008666,0.008789,68363173.0
1788739200,0.008791,0.00884,0.008535,0.008585,39074087.0
1788753600,0.008585,0.008781,0.008516,0.008579,27339539.0
1788768000,0.008592,0.008815,0.008591,0.008706,110696728.0
1788782400,0.008704,0.008937,0.008478,0.008525,92657238.0
1788796800,0.008525,0.008656,0.008458,0.008594,61182170.0
1788811200,0.0086,0.008602,0.008293,0.008448,115952878.0
1788825600,0.008443,0.008603,0.008352,0.008387,66340993.0
1788840000,0.008382,0.008402,0.008222,0.008286,40602904.0
1788854400,0.008279,0.008401,0.008195,0.008219,124360741.0
1788868800,0.008215,0.008352,0.007985,0.008333,204576277.0
1788883200,0.008327,0.008359,0.008051,0.008084,148467584.0
1788897600,0.008096,0.008167,0.00803,0.008079,47737235.0
1788912000,0.008085,0.008153,0.008024,0.008075,56921538.0
1788926400,0.008076,0.008323,0.008076,0.008259,30539533.0
1788940800,0.008261,0.008315,0.008071,0.008162,56307219.0
1788955200,0.008162,0.008204,0.00779,0.007911,111884345.0
1788969600,0.007904,0.008002,0.007685,0.0077,115511303.0
1788984000,0.007707,0.007735,0.00751,0.007677,149961944.0
1788998400,0.007671,0.007676,0.007413,0.007575,145711170.0
1789012800,0.007576,0.007668,0.007556,0.007586,62646350.0
1789027200,0.007584,0.007665,0.007565,0.007579,40059952.0
1789041600,0.007578,0.00764,0.007361,0.007492,120561951.0
1789056000,0.007492,0.007505,0.00729,0.007407,92736754.0
1789070400,0.007415,0.007507,0.007343,0.007346,14470501.0
1789084800,0.00735,0.007473,0.00735,0.007454,9775900.0
1789099200,0.007451,0.007532,0.00744,0.007444,12569053.0
1789113600,0.007445,0.007479,0.007239,0.007348,23338484.0
1789128000,0.007344,0.007794,0.00721,0.0074,141483530.0
1789142400,0.007409,0.007458,0.007152,0.007277,163256489.0
1789156800,0.007279,0.007322,0.007161,0.007252,31113537.0
1789171200,0.007252,0.00728,0.007195,0.007258,24052305.0
1789185600,0.007259,0.007293,0.007225,0.00729,9632968.0
1789200000,0.00729,0.00739,0.00726,0.007374,2934520.0
1789214400,0.007371,0.007395,0.00732,0.00736,8353042.0
1789228800,0.00736,0.007368,0.007238,0.007255,7121198.0
1789243200,0.007251,0.007288,0.007228,0.007243,6585029.0
1789257600,0.007242,0.007317,0.00724,0.007262,23321730.0
1789272000,0.007262,0.007307,0.007209,0.007231,5387770.0
1789286400,0.007232,0.007254,0.007098,0.007167,53158634.0
1789300800,0.007171,0.007273,0.007109,0.00721,27464061.0
1789315200,0.007212,0.007337,0.007208,0.007221,7372352.0
1789329600,0.007224,0.007264,0.006947,0.006983,21368694.0
1789344000,0.006992,0.007188,0.006935,0.007145,53780205.0
1789358400,0.007149,0.007175,0.007107,0.007157,18402511.0
1789372800,0.007157,0.007196,0.007073,0.007131,7859977.0
1789387200,0.00713,0.007177,0.007036,0.007117,22459548.0
1789401600,0.007113,0.007296,0.007099,0.007204,22084203.0
1789416000,0.007202,0.007338,0.007099,0.007108,44572633.0
1789430400,0.007109,0.007167,0.00704,0.007043,16380016.0
1789444800,0.007042,0.007082,0.006955,0.006959,37588436.0
1789459200,0.006961,0.007091,0.006926,0.007001,15178378.0
1789473600,0.006998,0.007091,0.006807,0.00696,97429429.0
1789488000,0.006959,0.007082,0.006666,0.00688,93637395.0
1789502400,0.00688,0.006915,0.006738,0.006847,55565947.0
1789516800,0.006847,0.006866,0.006744,0.006814,16946229.0
1789531200,0.006816,0.006875,0.006799,0.006807,9828444.0
1789545600,0.006806,0.006892,0.006743,0.006856,23725496.0
1789560000,0.006854,0.00686,0.006713,0.006722,13718768.0
1789574400,0.006719,0.006939,0.006707,0.006853,46240418.0
1789588800,0.006853,0.007013,0.006839,0.006984,36996639.0
1789603200,0.006978,0.007125,0.006949,0.007108,27007490.0
1789617600,0.007112,0.007316,0.007055,0.00729,59185433.0
1789632000,0.007292,0.007301,0.007125,0.007196,50036444.0
1789646400,0.007197,0.007341,0.007155,0.007272,29883635.0
1789660800,0.007269,0.007301,0.007205,0.007222,11934280.0
1789675200,0.007222,0.007278,0.007168,0.007263,15271640.0
1789689600,0.007259,0.007618,0.007224,0.007599,47620099.0
1789704000,0.007604,0.007605,0.007465,0.007534,27742851.0
1789718400,0.00754,0.007799,0.0075,0.007617,24974800.0
1789732800,0.007619,0.007878,0.007549,0.007805,47279410.0
1789747200,0.007817,0.007914,0.007685,0.007878,109225647.0
1789761600,0.00787,0.007996,0.007847,0.007938,26089473.0
1789776000,0.007939,0.008089,0.007794,0.007935,66298010.0
1789790400,0.007936,0.007965,0.007702,0.007728,46266282.0
1789804800,0.007725,0.008049,0.007719,0.00797,78690769.0
1789819200,0.007969,0.008009,0.007811,0.007887,49088176.0
1789833600,0.007894,0.00832,0.007839,0.008129,52411950.0
1789848000,0.008117,0.008153,0.007796,0.007952,33423480.0
1789862400,0.007951,0.008037,0.007585,0.007722,44628964.0
1789876800,0.007724,0.007763,0.007646,0.007657,27938350.0
1789891200,0.00766,0.007753,0.007589,0.00767,24411259.0
1789905600,0.007668,0.007717,0.007555,0.007712,21117000.0
1789920000,0.007715,0.007973,0.007673,0.007863,81673539.0
1789934400,0.007867,0.007947,0.007736,0.007853,79909673.0
1789948800,0.007858,0.008204,0.007832,0.008093,225666340.0
1789963200,0.008094,0.008159,0.007955,0.008046,78620045.0
1789977600,0.008046,0.008522,0.008046,0.008317,137151112.0
1789992000,0.008312,0.008893,0.008175,0.008777,372222971.0
1790006400,0.008777,0.00915,0.00848,0.008946,677755564.0
1790020800,0.008945,0.008989,0.008622,0.008791,293203306.0
1790035200,0.008783,0.008971,0.008665,0.008932,140651248.0
1790049600,0.008943,0.009236,0.008724,0.009096,299054928.0
1790064000,0.009085,0.009261,0.008796,0.009042,267004135.0
1790078400,0.009031,0.009311,0.008797,0.009135,452145145.0
1790092800,0.009124,0.010174,0.008958,0.010166,519966900.0
1790107200,0.010167,0.010523,0.009887,0.010054,633435903.0
1790121600,0.010064,0.010463,0.009882,0.010426,240495745.0
1790136000,0.010427,0.010986,0.010235,0.010767,547971078.0
1790150400,0.01077,0.011173,0.010166,0.010201,410907961.0
1790164800,0.010201,0.010439,0.009343,0.00967,683665688.0
1790179200,0.00967,0.009853,0.009374,0.00964,680827028.0
1790193600,0.009648,0.009971,0.009599,0.009755,89071907.0
1790208000,0.00975,0.009902,0.009522,0.009671,121808684.0
1790222400,0.00968,0.010208,0.009618,0.010022,222784303.0
1790236800,0.010036,0.010087,0.009558,0.009739,251364493.0
1790251200,0.009737,0.010289,0.009687,0.009889,318836891.0
1790265600,0.009901,0.010081,0.009759,0.010022,93670069.0
1790280000,0.010021,0.010045,0.009639,0.00972,115029694.0
1790294400,0.009726,0.009855,0.0095,0.009611,102230219.0
1790308800,0.009607,0.009725,0.009478,0.009606,76131974.0
1790323200,0.009603,0.010157,0.009567,0.009995,105449121.0
1790337600,0.009996,0.010093,0.009631,0.009769,186547269.0
1790352000,0.00977,0.01024,0.009744,0.010203,288602549.0
1790366400,0.010202,0.010416,0.009971,0.010309,248644455.0
1790380800,0.010297,0.010493,0.010088,0.01016,128789887.0
1790395200,0.010158,0.01027,0.010095,0.010248,37073640.0
1790409600,0.01025,0.010258,0.009975,0.010174,93250530.0
1790424000,0.010174,0.010356,0.010022,0.010257,45105997.0
1790438400,0.01026,0.010295,0.009942,0.00997,41109739.0
1790452800,0.009971,0.009989,0.009678,0.00992,130248519.0
1790467200,0.009912,0.00993,0.009736,0.009786,76557258.0
1790481600,0.009783,0.010236,0.009717,0.010221,63605526.0
1790496000,0.010227,0.010323,0.010001,0.010303,58539192.0
1790510400,0.010303,0.01095,0.010022,0.010118,404946385.0
1790524800,0.010127,0.010198,0.009921,0.010086,184357940.0
1790539200,0.0101,0.010366,0.009971,0.010264,137386075.0
1790553600,0.010259,0.0105,0.009786,0.009792,250921441.0
1790568000,0.009786,0.009932,0.009509,0.009513,121500150.0
1790582400,0.00951,0.009665,0.00939,0.009608,174815057.0
1790596800,0.009597,0.01005,0.009257,0.009498,346782060.0
1790611200,0.009495,0.009819,0.00925,0.009263,283090355.0
1790625600,0.009263,0.009495,0.009147,0.009465,177136178.0
1790640000,0.009464,0.0095,0.008984,0.009165,137263343.0
1790654400,0.009172,0.0096,0.00911,0.009583,58322508.0
1790668800,0.009584,0.009863,0.009532,0.009853,44815397.0
1790683200,0.009841,0.01006,0.009649,0.009728,171562971.0
1790697600,0.009747,0.010091,0.00953,0.009845,164103076.0
1790712000,0.009847,0.010062,0.009816,0.009967,45285057.0
1790726400,0.009976,0.010309,0.009802,0.009837,86984558.0
1790740800,0.009827,0.010015,0.009659,0.009878,90895843.0
1790755200,0.009871,0.010327,0.009806,0.010104,66433136.0
1790769600,0.010106,0.010646,0.009777,0.00993,409312162.0
1790784000,0.009927,0.010045,0.009586,0.009611,199204487.0
1790798400,0.009622,0.009755,0.009449,0.009617,77144601.0
1790812800,0.009613,0.00995,0.009543,0.00995,59597145.0
1790827200,0.00995,0.009965,0.0096,0.009646,68898342.0
1790841600,0.009648,0.009784,0.009568,0.00965,43710924.0
1790856000,0.009651,0.009663,0.00922,0.009323,160703549.0
1790870400,0.009323,0.009618,0.009261,0.009521,57919622.0
1790884800,0.009528,0.009575,0.009338,0.009451,14892268.0
1790899200,0.009451,0.009618,0.009375,0.009581,136045520.0
1790913600,0.009581,0.009996,0.00958,0.009969,131567655.0
1790928000,0.009971,0.010097,0.009876,0.009888,82887469.0
1790942400,0.009889,0.010016,0.0096,0.009666,130798312.0
1790956800,0.009666,0.009791,0.008635,0.00885,523494608.0
1790971200,0.008855,0.008951,0.008714,0.008924,67366689.0
1790985600,0.008927,0.009106,0.008909,0.008982,35098466.0
1791000000,0.00898,0.009014,0.008882,0.008924,32789697.0
1791014400,0.008926,0.009126,0.008908,0.00907,71775970.0
1791028800,0.009077,0.0093,0.008999,0.009234,79619714.0
1791043200,0.009239,0.009261,0.009147,0.009187,35275005.0
1791057600,0.009186,0.009287,0.009186,0.009253,20132545.0
1791072000,0.009253,0.009257,0.009129,0.009132,8695704.0
1791086400,0.009132,0.009289,0.009123,0.009289,17334079.0
1791100800,0.009292,0.009349,0.009212,0.009334,31707373.0
