t,o,h,l,c,v
1719115200,0.32222,0.32465,0.32127,0.3241,31579.0
1719129600,0.324,0.32651,0.3192,0.32014,36006.0
1719144000,0.32017,0.32169,0.3104,0.3115,30983.0
1719158400,0.31226,0.31226,0.30641,0.31097,74866.0
1719172800,0.31129,0.31399,0.30494,0.30786,162004.0
1719187200,0.30846,0.31296,0.30642,0.3071,54771.0
1719201600,0.30738,0.30771,0.29644,0.29986,334699.0
1719216000,0.30022,0.30788,0.2874,0.30513,357278.0
1719230400,0.30536,0.31546,0.30521,0.309,64679.0
1719244800,0.3081,0.32095,0.30768,0.31048,308139.0
1719259200,0.31254,0.32209,0.30806,0.32116,91542.0
1719273600,0.32048,0.32952,0.31816,0.3266,56654.0
1719288000,0.32651,0.32703,0.32076,0.32092,88587.0
1719302400,0.32148,0.33174,0.31929,0.33045,98375.0
1719316800,0.33078,0.33749,0.32856,0.33678,370813.0
1719331200,0.3366,0.33713,0.33161,0.33442,83287.0
1719345600,0.33412,0.33434,0.32851,0.32917,33031.0
1719360000,0.32928,0.33473,0.32683,0.32898,175021.0
1719374400,0.32884,0.32935,0.32289,0.32462,695795.0
1719388800,0.32488,0.32488,0.31816,0.31925,151688.0
1719403200,0.31932,0.32246,0.31341,0.31411,391688.0
1719417600,0.3145,0.31634,0.30949,0.31634,347870.0
1719432000,0.31805,0.32049,0.31197,0.31262,40511.0
1719446400,0.31232,0.31412,0.30958,0.31134,41597.0
1719460800,0.31152,0.31247,0.30526,0.30704,114934.0
1719475200,0.30682,0.31531,0.30579,0.31336,114781.0
1719489600,0.31352,0.33731,0.31352,0.33108,414234.0
1719504000,0.33098,0.33742,0.32857,0.33525,73413.0
1719518400,0.33537,0.33734,0.3334,0.33484,67394.0
1719532800,0.33464,0.33618,0.32891,0.33095,215649.0
1719547200,0.33113,0.33113,0.32415,0.32591,76219.0
1719561600,0.32597,0.32849,0.32419,0.32692,35016.0
1719576000,0.32665,0.33239,0.32282,0.32839,321175.0
1719590400,0.32742,0.32784,0.3169,0.31942,145383.0
1719604800,0.31973,0.32064,0.31435,0.31538,186168.0
1719619200,0.3156,0.32217,0.31449,0.31754,31558.0
1719633600,0.31786,0.32012,0.3149,0.31894,120395.0
1719648000,0.31912,0.32159,0.31788,0.31888,231118.0
1719662400,0.31873,0.32068,0.31592,0.31948,91808.0
1719676800,0.31929,0.31929,0.31377,0.31405,53939.0
1719691200,0.31407,0.31458,0.30948,0.3109,43349.0
1719705600,0.31082,0.31361,0.30539,0.3073,85593.0
1719720000,0.30725,0.31702,0.30428,0.31548,132933.0
1719734400,0.3156,0.31824,0.31258,0.31278,87520.0
1719748800,0.31295,0.31727,0.31157,0.31647,433258.0
1719763200,0.31668,0.31836,0.31369,0.31768,181111.0
1719777600,0.31772,0.32523,0.31545,0.32389,365231.0
1719792000,0.32419,0.32875,0.32153,0.3273,357003.0
1719806400,0.32745,0.33001,0.32441,0.32698,167834.0
1719820800,0.32663,0.32754,0.31791,0.31861,100465.0
1719835200,0.31829,0.32531,0.31789,0.32099,133319.0
1719849600,0.32118,0.3285,0.321,0.32522,156531.0
1719864000,0.32509,0.32579,0.32006,0.3207,75447.0
1719878400,0.32007,0.32814,0.31899,0.32673,120007.0
1719892800,0.32656,0.32764,0.3208,0.32146,137322.0
1719907200,0.32179,0.32679,0.32037,0.32553,37012.0
1719921600,0.32539,0.33299,0.32036,0.32441,250644.0
1719936000,0.32457,0.33225,0.3203,0.33063,237769.0
1719950400,0.33073,0.33944,0.3298,0.33944,90008.0
1719964800,0.33937,0.34053,0.3219,0.32739,382794.0
1719979200,0.32744,0.33097,0.3234,0.32561,223520.0
1719993600,0.3249,0.32917,0.31506,0.32037,306954.0
1720008000,0.31971,0.32366,0.3125,0.31849,324291.0
1720022400,0.31813,0.31946,0.30847,0.31098,96239.0
1720036800,0.3108,0.3132,0.30897,0.31226,57986.0
1720051200,0.31228,0.31752,0.29327,0.30417,618808.0
1720065600,0.30534,0.30534,0.29666,0.2976,91672.0
1720080000,0.2978,0.2996,0.29321,0.29381,178375.0
1720094400,0.29356,0.29381,0.28251,0.29045,544347.0
1720108800,0.28926,0.29048,0.28562,0.28752,45890.0
1720123200,0.28757,0.29296,0.27368,0.27571,189990.0
1720137600,0.27594,0.27594,0.2353,0.24294,2453598.0
1720152000,0.24253,0.25643,0.23689,0.25474,851378.0
1720166400,0.25454,0.26366,0.24621,0.26283,216432.0
1720180800,0.2621,0.2727,0.25864,0.2724,423909.0
1720195200,0.2721,0.27296,0.26584,0.26973,238653.0
1720209600,0.2695,0.27191,0.26706,0.26845,294054.0
1720224000,0.26805,0.27691,0.26305,0.26829,300596.0
1720238400,0.26818,0.27599,0.26492,0.27537,212398.0
1720252800,0.27424,0.2791,0.27094,0.27803,90796.0
1720267200,0.27775,0.28192,0.27429,0.28082,95671.0
1720281600,0.28046,0.28911,0.27916,0.28876,218043.0
1720296000,0.28872,0.2957,0.28872,0.293,88060.0
1720310400,0.29277,0.29322,0.28277,0.28701,122754.0
1720324800,0.28721,0.28909,0.28121,0.28556,55727.0
1720339200,0.28594,0.29709,0.28501,0.29669,134427.0
1720353600,0.296,0.29736,0.27865,0.28229,218164.0
1720368000,0.28252,0.28991,0.28161,0.28512,93323.0
1720382400,0.28511,0.28581,0.27081,0.27284,323333.0
1720396800,0.27336,0.27752,0.26063,0.27416,467431.0
1720411200,0.27443,0.28279,0.27296,0.27977,123906.0
1720425600,0.2793,0.30008,0.2793,0.29659,232665.0
1720440000,0.29631,0.29899,0.28118,0.28659,666146.0
1720454400,0.28693,0.29279,0.28327,0.29045,122935.0
1720468800,0.29036,0.29246,0.28721,0.2875,214621.0
1720483200,0.28748,0.29255,0.2835,0.28922,175934.0
1720497600,0.28933,0.29773,0.28846,0.29508,144115.0
1720512000,0.29576,0.30123,0.29144,0.29387,201444.0
1720526400,0.29487,0.30101,0.29168,0.29827,200246.0
1720540800,0.29835,0.30093,0.29619,0.29765,56631.0
1720555200,0.29754,0.30166,0.29624,0.29719,45005.0
1720569600,0.29715,0.30098,0.29428,0.30056,77204.0
1720584000,0.30068,0.30726,0.30041,0.302,203458.0
1720598400,0.30233,0.30336,0.29894,0.30151,33599.0
1720612800,0.30119,0.30306,0.29632,0.3015,182003.0
1720627200,0.3013,0.30508,0.29788,0.30056,152080.0
1720641600,0.30068,0.30267,0.29846,0.30104,33650.0
1720656000,0.30099,0.30434,0.29555,0.29826,79863.0
1720670400,0.29846,0.305,0.29793,0.30294,39495.0
1720684800,0.30326,0.30703,0.30141,0.3065,45702.0
1720699200,0.30627,0.31097,0.29522,0.29605,451361.0
1720713600,0.29605,0.29951,0.29166,0.29182,127217.0
1720728000,0.29168,0.29183,0.28682,0.28754,241827.0
1720742400,0.28811,0.29211,0.28477,0.28877,85671.0
1720756800,0.28907,0.2899,0.28581,0.28747,214928.0
1720771200,0.28728,0.28835,0.27937,0.28015,307507.0
1720785600,0.28032,0.29292,0.27986,0.29098,82703.0
1720800000,0.29048,0.29291,0.28888,0.28899,134947.0
1720814400,0.28903,0.29224,0.28611,0.29117,52577.0
1720828800,0.29127,0.29635,0.28926,0.29494,121528.0
1720843200,0.29527,0.3003,0.29315,0.3003,71582.0
1720857600,0.30085,0.30552,0.29996,0.30206,97115.0
1720872000,0.30213,0.30655,0.30063,0.30605,131671.0
1720886400,0.30625,0.30833,0.30233,0.30516,121863.0
1720900800,0.30484,0.30969,0.30228,0.30554,324941.0
1720915200,0.30568,0.3103,0.30469,0.30498,64755.0
1720929600,0.30502,0.30901,0.30421,0.30552,56264.0
1720944000,0.30557,0.30831,0.3042,0.30449,44779.0
1720958400,0.30469,0.30519,0.3,0.30481,48224.0
1720972800,0.30439,0.30675,0.30358,0.30458,228554.0
1720987200,0.30444,0.31603,0.3044,0.31261,87553.0
1721001600,0.31226,0.32115,0.31041,0.32096,123346.0
1721016000,0.32088,0.32396,0.31783,0.32268,101861.0
1721030400,0.32276,0.32461,0.31731,0.31916,68765.0
1721044800,0.31939,0.3272,0.31938,0.32536,189642.0
1721059200,0.32546,0.33471,0.32374,0.33193,164344.0
1721073600,0.3323,0.33986,0.3323,0.33886,111231.0
1721088000,0.33964,0.34458,0.33495,0.33719,190417.0
1721102400,0.33752,0.33851,0.31929,0.31929,244303.0
1721116800,0.31972,0.32982,0.31581,0.32959,177436.0
1721131200,0.32995,0.34911,0.32752,0.34776,134039.0
1721145600,0.34776,0.35657,0.34078,0.35626,243848.0
1721160000,0.3561,0.35613,0.34734,0.35491,137339.0
1721174400,0.35491,0.36438,0.35098,0.35563,229233.0
1721188800,0.35608,0.35878,0.35184,0.35564,108835.0
1721203200,0.35533,0.36315,0.34988,0.35178,190159.0
1721217600,0.35194,0.35878,0.35102,0.35185,144861.0
1721232000,0.35165,0.35476,0.34354,0.35273,185825.0
1721246400,0.35251,0.35335,0.34598,0.34616,69417.0
1721260800,0.347,0.35408,0.347,0.35303,55582.0
1721275200,0.35277,0.35403,0.34628,0.34641,183871.0
1721289600,0.34611,0.35128,0.34391,0.35039,85290.0
1721304000,0.35039,0.3549,0.34013,0.34025,464502.0
1721318400,0.34047,0.34464,0.33634,0.33898,166427.0
1721332800,0.33868,0.34666,0.33724,0.34381,97854.0
1721347200,0.34415,0.34415,0.33181,0.34355,86769.0
1721361600,0.34363,0.35275,0.339,0.34403,186659.0
1721376000,0.34377,0.34517,0.3361,0.33881,113782.0
1721390400,0.33919,0.35569,0.33857,0.3533,111289.0
1721404800,0.35326,0.36194,0.35326,0.36064,121250.0
1721419200,0.36066,0.3615,0.35742,0.35994,59835.0
1721433600,0.35997,0.36484,0.35645,0.36241,99796.0
1721448000,0.36243,0.3655,0.36026,0.36282,68786.0
1721462400,0.36328,0.3667,0.35669,0.35758,61807.0
1721476800,0.35778,0.36924,0.35534,0.36914,42902.0
1721491200,0.36883,0.37084,0.36416,0.3672,92652.0
1721505600,0.36718,0.37245,0.36571,0.36827,83703.0
1721520000,0.36802,0.37233,0.36182,0.36629,68925.0
1721534400,0.36625,0.36761,0.35466,0.3576,90262.0
1721548800,0.35763,0.36285,0.35605,0.35852,90027.0
1721563200,0.35792,0.36411,0.35291,0.36027,152678.0
1721577600,0.36052,0.36376,0.34314,0.35856,274275.0
1721592000,0.3583,0.36939,0.3572,0.36854,173540.0
1721606400,0.36885,0.38037,0.3672,0.3672,225813.0
1721620800,0.36672,0.36737,0.35428,0.35704,91701.0
1721635200,0.35682,0.3617,0.35574,0.36155,138001.0
1721649600,0.3614,0.36346,0.3516,0.35452,101002.0
1721664000,0.35528,0.35919,0.35417,0.35898,50371.0
1721678400,0.35911,0.35918,0.34702,0.3496,92737.0
1721692800,0.34954,0.35476,0.34883,0.35022,89524.0
1721707200,0.34986,0.35167,0.33605,0.33899,1598568.0
1721721600,0.33922,0.35246,0.33889,0.34448,136639.0
1721736000,0.34502,0.3467,0.33674,0.34141,306149.0
1721750400,0.34137,0.34163,0.32856,0.3342,212502.0
1721764800,0.33434,0.33834,0.33245,0.33541,63394.0
1721779200,0.33548,0.33962,0.33054,0.3368,52684.0
1721793600,0.33683,0.34421,0.33309,0.34369,32463.0
1721808000,0.34364,0.3563,0.34283,0.35199,55170.0
1721822400,0.35169,0.36807,0.35169,0.35923,155455.0
1721836800,0.3584,0.36661,0.35462,0.35568,131070.0
1721851200,0.35613,0.35799,0.34067,0.34535,142401.0
1721865600,0.34586,0.34658,0.32866,0.33735,473713.0
1721880000,0.33771,0.36193,0.33358,0.35059,313455.0
1721894400,0.35028,0.35824,0.34227,0.34963,134475.0
1721908800,0.34878,0.36765,0.34496,0.35662,431085.0
1721923200,0.35682,0.36501,0.34427,0.34819,187284.0
1721937600,0.34804,0.37095,0.34255,0.37058,593944.0
1721952000,0.3703,0.38912,0.36751,0.38889,360924.0
1721966400,0.38858,0.39022,0.38189,0.3821,546940.0
1721980800,0.38243,0.39255,0.38243,0.39074,285887.0
1721995200,0.38955,0.39846,0.38343,0.39473,647759.0
1722009600,0.39366,0.39726,0.38734,0.39153,77669.0
1722024000,0.39156,0.40274,0.38821,0.39641,84578.0
1722038400,0.39506,0.3968,0.38407,0.38917,479753.0
1722052800,0.38915,0.39671,0.3882,0.39305,872750.0
1722067200,0.3924,0.40516,0.38772,0.39115,674110.0
1722081600,0.3907,0.39523,0.38322,0.38659,219287.0
1722096000,0.38659,0.38716,0.38152,0.38666,593143.0
1722110400,0.38626,0.39476,0.37772,0.39048,874738.0
1722124800,0.39091,0.40446,0.38593,0.40185,1760977.0
1722139200,0.40178,0.40472,0.38682,0.39554,616124.0
1722153600,0.39547,0.3988,0.38751,0.38751,130117.0
1722168000,0.38737,0.3915,0.38285,0.38495,80025.0
1722182400,0.38526,0.38899,0.38379,0.38412,345454.0
1722196800,0.38448,0.38611,0.37903,0.3852,101298.0
1722211200,0.3857,0.40288,0.38219,0.39983,374855.0
1722225600,0.39985,0.40103,0.39312,0.39408,93579.0
1722240000,0.39407,0.39407,0.38787,0.39252,85507.0
1722254400,0.39245,0.39448,0.38083,0.38621,503403.0
1722268800,0.38536,0.38657,0.37794,0.38188,269645.0
1722283200,0.38195,0.38199,0.372,0.3725,116245.0
1722297600,0.37305,0.38108,0.37111,0.38102,143020.0
1722312000,0.38101,0.38389,0.37739,0.38124,66776.0
1722326400,0.38145,0.38193,0.37248,0.37365,61639.0
1722340800,0.37313,0.37593,0.36747,0.37316,132574.0
1722355200,0.37332,0.37423,0.36281,0.3644,108030.0
1722369600,0.36402,0.36606,0.36026,0.36187,200905.0
1722384000,0.36228,0.36608,0.35705,0.36118,114340.0
1722398400,0.36117,0.3686,0.35741,0.36563,48244.0
1722412800,0.36587,0.37384,0.35921,0.35965,157259.0
1722427200,0.36029,0.37166,0.36029,0.36146,44491.0
1722441600,0.3618,0.36737,0.35631,0.36025,158535.0
1722456000,0.35933,0.35969,0.35179,0.35191,112093.0
1722470400,0.35204,0.35621,0.34988,0.35075,74322.0
1722484800,0.35097,0.35173,0.34174,0.34723,142839.0
1722499200,0.34745,0.3534,0.34694,0.35166,43918.0
1722513600,0.35185,0.35463,0.33441,0.33558,138691.0
1722528000,0.33536,0.33588,0.31712,0.325,243287.0
1722542400,0.32478,0.33843,0.32086,0.33724,100880.0
1722556800,0.33725,0.3388,0.32361,0.32915,60507.0
1722571200,0.32919,0.33038,0.31764,0.32297,116843.0
1722585600,0.32259,0.32717,0.32055,0.32443,66438.0
1722600000,0.32486,0.33245,0.30371,0.31287,569105.0
1722614400,0.31178,0.31323,0.30063,0.30369,131671.0
1722628800,0.30445,0.30794,0.30009,0.30057,133030.0
1722643200,0.30032,0.30306,0.29114,0.30233,194785.0
1722657600,0.30232,0.30347,0.29931,0.30064,64934.0
1722672000,0.3,0.3003,0.29692,0.29783,35030.0
1722686400,0.29793,0.3014,0.28616,0.28669,147743.0
1722700800,0.28719,0.29066,0.27732,0.27784,287952.0
1722715200,0.27772,0.28453,0.277,0.28248,63122.0
1722729600,0.28229,0.28722,0.28028,0.28483,71181.0
1722744000,0.28492,0.28657,0.28111,0.28111,51236.0
1722758400,0.28144,0.28548,0.27873,0.28424,38288.0
1722772800,0.28452,0.28701,0.269,0.26909,281058.0
1722787200,0.26925,0.28081,0.26025,0.2789,633959.0
1722801600,0.27877,0.2832,0.27315,0.27315,144801.0
1722816000,0.27302,0.27574,0.2345,0.2432,2234658.0
1722830400,0.24305,0.2479,0.22035,0.24589,2486222.0
1722844800,0.2458,0.24633,0.22313,0.23258,512604.0
1722859200,0.23299,0.25223,0.2229,0.25124,2157517.0
1722873600,0.25119,0.25796,0.24319,0.24761,305657.0
1722888000,0.24733,0.25219,0.2459,0.2459,113108.0
1722902400,0.24614,0.26534,0.24585,0.26365,125921.0
1722916800,0.26398,0.27185,0.26185,0.27053,145740.0
1722931200,0.27066,0.27066,0.26086,0.26256,141366.0
1722945600,0.26228,0.27267,0.25653,0.27076,431681.0
1722960000,0.27063,0.27481,0.2693,0.27222,616843.0
1722974400,0.27183,0.27429,0.26559,0.26639,217830.0
1722988800,0.26667,0.28136,0.26309,0.28066,214936.0
1723003200,0.28075,0.29079,0.28031,0.2822,129855.0
1723017600,0.28223,0.28488,0.27705,0.27705,135547.0
1723032000,0.27732,0.28157,0.26566,0.27007,510730.0
1723046400,0.27024,0.27069,0.26066,0.26258,230723.0
1723060800,0.26232,0.26437,0.25519,0.25891,320700.0
1723075200,0.2594,0.27881,0.25442,0.27336,640271.0
1723089600,0.27361,0.27626,0.27135,0.27296,120159.0
1723104000,0.27321,0.27842,0.27243,0.27729,95458.0
1723118400,0.27733,0.28903,0.275,0.28903,334474.0
1723132800,0.28872,0.29165,0.28257,0.28366,270455.0
1723147200,0.28433,0.29547,0.28339,0.29221,139816.0
1723161600,0.29295,0.29471,0.2886,0.28973,126256.0
1723176000,0.28945,0.2908,0.28291,0.28892,115660.0
1723190400,0.28913,0.29544,0.28691,0.29114,232762.0
1723204800,0.29119,0.29189,0.28265,0.28362,370889.0
1723219200,0.28388,0.28809,0.28339,0.28756,59074.0
1723233600,0.28766,0.29075,0.28539,0.29044,164557.0
1723248000,0.29028,0.29454,0.2857,0.28661,124639.0
1723262400,0.28677,0.29178,0.28372,0.29178,48928.0
1723276800,0.29146,0.30025,0.28852,0.29963,714833.0
1723291200,0.29956,0.30484,0.2965,0.30335,1018310.0
1723305600,0.30313,0.30583,0.30012,0.30236,80574.0
1723320000,0.30224,0.30417,0.29898,0.30054,121856.0
1723334400,0.30017,0.30591,0.29945,0.30122,90156.0
1723348800,0.3016,0.30511,0.29956,0.30326,62247.0
1723363200,0.30341,0.30724,0.29396,0.29596,129378.0
1723377600,0.29569,0.29676,0.28562,0.28612,125492.0
1723392000,0.2859,0.28843,0.27997,0.28032,40801.0
1723406400,0.28001,0.28035,0.27596,0.27802,279422.0
1723420800,0.27823,0.28842,0.27816,0.28444,76870.0
1723435200,0.2849,0.28584,0.27564,0.28489,107938.0
1723449600,0.28479,0.30208,0.28432,0.29842,265332.0
1723464000,0.29874,0.30107,0.28482,0.29829,453772.0
1723478400,0.29839,0.29919,0.28904,0.29118,205202.0
1723492800,0.2914,0.29648,0.28837,0.29428,295564.0
1723507200,0.29285,0.29534,0.28639,0.28695,127315.0
1723521600,0.2871,0.29072,0.2854,0.28887,64328.0
1723536000,0.28891,0.28926,0.28352,0.28613,44225.0
1723550400,0.28637,0.29265,0.28625,0.28894,140112.0
1723564800,0.28887,0.29967,0.28857,0.29626,75491.0
1723579200,0.29638,0.29842,0.29491,0.29541,42323.0
1723593600,0.29535,0.29854,0.29264,0.29685,48730.0
1723608000,0.29628,0.29754,0.29273,0.2936,33748.0
1723622400,0.29364,0.29693,0.2913,0.2946,112373.0
1723636800,0.29416,0.30121,0.28555,0.29135,212835.0
1723651200,0.29116,0.29216,0.28661,0.28823,39544.0
1723665600,0.28826,0.29034,0.28532,0.289,39729.0
1723680000,0.28867,0.29113,0.2861,0.28951,49397.0
1723694400,0.28931,0.28931,0.2803,0.28291,46595.0
1723708800,0.28256,0.28639,0.28152,0.28633,50627.0
1723723200,0.28666,0.29269,0.28588,0.28709,405430.0
1723737600,0.28758,0.28855,0.26973,0.27301,130444.0
1723752000,0.27279,0.2759,0.26968,0.27471,54877.0
1723766400,0.27432,0.27727,0.2724,0.2724,40551.0
1723780800,0.27248,0.27732,0.27217,0.27579,35427.0
1723795200,0.2763,0.27676,0.27218,0.27296,41478.0
1723809600,0.27313,0.27383,0.26207,0.264,72407.0
1723824000,0.26388,0.27121,0.26261,0.27049,109999.0
1723838400,0.27076,0.2723,0.26869,0.26912,31349.0
1723852800,0.26829,0.27142,0.26706,0.2689,92057.0
1723867200,0.26879,0.27116,0.26879,0.27082,39641.0
1723881600,0.27077,0.27293,0.26961,0.27038,48406.0
1723896000,0.26998,0.27652,0.26977,0.2747,188307.0
1723910400,0.27469,0.27778,0.27398,0.27451,79011.0
1723924800,0.27457,0.27723,0.27423,0.2766,31107.0
1723939200,0.27683,0.27892,0.27451,0.27521,88294.0
1723953600,0.2753,0.27721,0.27392,0.2763,58460.0
1723968000,0.27677,0.28274,0.27627,0.28139,84336.0
1723982400,0.2814,0.28674,0.28024,0.28587,75526.0
1723996800,0.28593,0.28904,0.284,0.28686,82269.0
1724011200,0.28723,0.28795,0.27894,0.27894,70439.0
1724025600,0.27893,0.28108,0.27495,0.28008,119962.0
1724040000,0.27988,0.28063,0.27592,0.27897,69453.0
1724054400,0.27903,0.28247,0.2749,0.27826,89283.0
1724068800,0.27833,0.28336,0.27733,0.27987,329970.0
1724083200,0.27967,0.28409,0.27577,0.28162,69849.0
1724097600,0.28166,0.28553,0.28145,0.28491,63363.0
1724112000,0.2848,0.29191,0.28406,0.28766,192053.0
1724126400,0.28805,0.29232,0.2876,0.29076,108264.0
1724140800,0.29122,0.29152,0.28828,0.28864,79034.0
1724155200,0.28881,0.29029,0.27798,0.28172,243660.0
1724169600,0.28148,0.28813,0.28136,0.28813,88111.0
1724184000,0.28802,0.28963,0.28593,0.28657,34388.0
1724198400,0.28663,0.29011,0.28508,0.2881,65384.0
1724212800,0.28827,0.28963,0.2869,0.28931,60927.0
1724227200,0.28926,0.28976,0.28317,0.28337,116521.0
1724241600,0.28309,0.28624,0.27801,0.28247,189751.0
1724256000,0.28265,0.29564,0.28181,0.29512,213015.0
1724270400,0.29543,0.29632,0.29263,0.29366,79438.0
1724284800,0.29372,0.29506,0.28901,0.2941,160837.0
1724299200,0.29415,0.29907,0.29327,0.29846,117310.0
1724313600,0.29862,0.30322,0.29767,0.30263,202385.0
1724328000,0.3026,0.30385,0.29742,0.29854,96521.0
1724342400,0.2992,0.29947,0.29617,0.29776,42783.0
1724356800,0.298,0.29986,0.29782,0.29882,62268.0
1724371200,0.2987,0.30274,0.2986,0.30101,162161.0
1724385600,0.30088,0.30873,0.30073,0.30625,192959.0
1724400000,0.30655,0.30885,0.30449,0.30528,246006.0
1724414400,0.30513,0.31514,0.30511,0.31191,177274.0
1724428800,0.3121,0.32413,0.31207,0.32228,84634.0
1724443200,0.32227,0.32566,0.32129,0.32229,165260.0
1724457600,0.32261,0.32369,0.31785,0.31944,101310.0
1724472000,0.31953,0.3233,0.3195,0.32294,195365.0
1724486400,0.32274,0.33053,0.32181,0.3248,603639.0
1724500800,0.32478,0.32859,0.32461,0.32737,500682.0
1724515200,0.32731,0.33622,0.32728,0.33304,756173.0
1724529600,0.33291,0.33401,0.322,0.32848,207398.0
1724544000,0.32834,0.32975,0.31637,0.32065,530122.0
1724558400,0.32105,0.32335,0.3111,0.31259,176194.0
1724572800,0.31258,0.31863,0.31155,0.31751,123739.0
1724587200,0.31807,0.32373,0.31721,0.32066,77533.0
1724601600,0.3207,0.32284,0.31663,0.3174,42685.0
1724616000,0.31773,0.32284,0.31448,0.31562,53278.0
1724630400,0.31587,0.31836,0.30961,0.31418,190215.0
1724644800,0.31413,0.31612,0.30971,0.3101,43559.0
1724659200,0.31047,0.31698,0.30888,0.31296,454394.0
1724673600,0.31286,0.3141,0.30721,0.30993,428513.0
1724688000,0.30978,0.31181,0.2995,0.30025,703486.0
1724702400,0.30035,0.30335,0.29904,0.30067,130888.0
1724716800,0.30039,0.30661,0.30039,0.30438,59876.0
1724731200,0.30413,0.30701,0.30259,0.30302,43579.0
1724745600,0.303,0.30401,0.293,0.29597,41634.0
1724760000,0.29597,0.30011,0.29331,0.29522,283301.0
1724774400,0.2951,0.2985,0.29347,0.29503,67539.0
1724788800,0.29527,0.29527,0.27514,0.28038,132963.0
1724803200,0.27978,0.28364,0.27682,0.28255,104465.0
1724817600,0.28221,0.28285,0.27632,0.27632,50598.0
1724832000,0.27636,0.28972,0.27524,0.2861,71209.0
1724846400,0.28598,0.28765,0.27582,0.27752,102493.0
1724860800,0.27647,0.28333,0.26733,0.27761,165301.0
1724875200,0.27835,0.28345,0.27362,0.27745,117837.0
1724889600,0.27729,0.28055,0.27676,0.27844,67977.0
1724904000,0.27864,0.28334,0.27744,0.28201,50155.0
1724918400,0.28162,0.28789,0.28085,0.28572,70048.0
1724932800,0.28527,0.29033,0.28473,0.28709,40631.0
1724947200,0.28693,0.28832,0.27426,0.27681,43083.0
1724961600,0.27686,0.27819,0.27371,0.27718,38296.0
1724976000,0.27652,0.27955,0.2744,0.27538,51162.0
1724990400,0.27524,0.278,0.27303,0.27648,32090.0
1725004800,0.27629,0.27789,0.27581,0.27611,154913.0
1725019200,0.27619,0.28069,0.26483,0.26545,118709.0
1725033600,0.2651,0.27645,0.26462,0.27278,89102.0
1725048000,0.27311,0.27709,0.27211,0.27655,35170.0
1725062400,0.27654,0.2793,0.27619,0.2764,38929.0
1725076800,0.27672,0.27761,0.2748,0.27545,30307.0
1725091200,0.27534,0.27629,0.27206,0.27494,102532.0
1725105600,0.27498,0.27552,0.27148,0.27264,39805.0
1725120000,0.27272,0.27272,0.26675,0.26897,38517.0
1725134400,0.26883,0.27128,0.26823,0.26954,39699.0
1725148800,0.26934,0.27038,0.26414,0.26761,54123.0
1725163200,0.26761,0.26812,0.2635,0.2669,60666.0
1725177600,0.26724,0.26745,0.26321,0.26559,129797.0
1725192000,0.2657,0.2662,0.25879,0.26551,141345.0
1725206400,0.26538,0.26671,0.25655,0.26458,68601.0
1725220800,0.26474,0.26624,0.25253,0.25419,51316.0
1725235200,0.25395,0.25858,0.25344,0.25715,41765.0
1725249600,0.25763,0.25785,0.25117,0.25223,56586.0
1725264000,0.25256,0.266,0.25183,0.2643,85951.0
1725278400,0.26437,0.26784,0.26114,0.26549,45464.0
1725292800,0.26577,0.26866,0.26429,0.26774,30357.0
1725307200,0.26774,0.27378,0.26697,0.27292,81952.0
1725321600,0.27307,0.28018,0.2722,0.2762,71744.0
1725336000,0.27648,0.27679,0.27304,0.27635,62666.0
1725350400,0.27612,0.27612,0.27181,0.27283,45688.0
1725364800,0.27286,0.27516,0.26141,0.26174,148102.0
1725379200,0.26173,0.26609,0.26053,0.26461,252793.0
1725393600,0.26473,0.26572,0.2569,0.2572,58437.0
1725408000,0.25747,0.26058,0.24563,0.25822,293272.0
1725422400,0.25825,0.26103,0.25428,0.26024,52906.0
1725436800,0.26053,0.26237,0.25622,0.2576,40966.0
1725451200,0.25768,0.26847,0.25622,0.26847,138543.0
1725465600,0.26849,0.27337,0.26721,0.26913,48387.0
1725480000,0.26944,0.27191,0.26805,0.26885,37670.0
1725494400,0.26889,0.2715,0.26394,0.26465,267874.0
1725508800,0.26433,0.27071,0.26302,0.26952,397650.0
1725523200,0.2693,0.2707,0.26625,0.26655,40427.0
1725537600,0.26665,0.26834,0.2579,0.2596,179650.0
1725552000,0.25983,0.26213,0.25629,0.25681,42710.0
1725566400,0.25727,0.25984,0.25666,0.25922,101757.0
1725580800,0.25937,0.26297,0.25681,0.26097,275132.0
1725595200,0.2609,0.2617,0.25537,0.25752,88791.0
1725609600,0.25745,0.26207,0.2569,0.26036,37522.0
1725624000,0.26023,0.26918,0.25425,0.25846,156321.0
1725638400,0.25835,0.25878,0.24899,0.25102,92824.0
1725652800,0.25064,0.25249,0.2424,0.25169,88599.0
1725667200,0.25167,0.25328,0.24988,0.25071,72770.0
1725681600,0.25083,0.257,0.25063,0.25562,42646.0
1725696000,0.25546,0.25722,0.25495,0.25559,59658.0
1725710400,0.2555,0.25971,0.25542,0.25873,46055.0
1725724800,0.25897,0.25949,0.25249,0.25642,41748.0
1725739200,0.25637,0.25646,0.25237,0.25449,30162.0
1725753600,0.25451,0.25783,0.25352,0.25758,73685.0
1725768000,0.25773,0.26201,0.25773,0.26182,76717.0
1725782400,0.26179,0.26445,0.2608,0.26175,129303.0
1725796800,0.26183,0.26198,0.25503,0.25503,36200.0
1725811200,0.25512,0.25995,0.25451,0.25904,164036.0
1725825600,0.25915,0.26795,0.25844,0.2649,99627.0
1725840000,0.26533,0.26742,0.26372,0.26534,46828.0
1725854400,0.26564,0.26803,0.26226,0.26793,28080.0
1725868800,0.2683,0.2711,0.26725,0.26804,66528.0
1725883200,0.26825,0.27053,0.26516,0.26923,50584.0
1725897600,0.26946,0.27774,0.26946,0.27753,46125.0
1725912000,0.27739,0.2805,0.2752,0.27559,81739.0
1725926400,0.27594,0.27627,0.27166,0.27191,67685.0
1725940800,0.27184,0.27748,0.27171,0.27624,33500.0
1725955200,0.27643,0.27853,0.27372,0.27833,70432.0
1725969600,0.27838,0.27939,0.27477,0.2757,39157.0
1725984000,0.27547,0.2815,0.27537,0.2801,28828.0
1725998400,0.28001,0.28096,0.27759,0.27868,57244.0
1726012800,0.27877,0.27997,0.2727,0.27356,214192.0
1726027200,0.27352,0.27357,0.26773,0.27273,44417.0
1726041600,0.27269,0.27269,0.26813,0.27125,120527.0
1726056000,0.27119,0.27454,0.26328,0.26881,214302.0
1726070400,0.2689,0.27335,0.2689,0.2715,44228.0
1726084800,0.27137,0.27233,0.27011,0.27053,26974.0
1726099200,0.27077,0.27887,0.27068,0.27782,119282.0
1726113600,0.27797,0.28559,0.27767,0.2839,32862.0
1726128000,0.28376,0.28581,0.28,0.28072,82758.0
1726142400,0.28102,0.28511,0.27817,0.27906,67413.0
1726156800,0.27938,0.28752,0.27938,0.28752,78024.0
1726171200,0.28779,0.29574,0.28779,0.29342,536741.0
1726185600,0.29354,0.29481,0.29103,0.29243,63482.0
1726200000,0.29237,0.29463,0.28848,0.28987,79407.0
1726214400,0.2899,0.29211,0.28847,0.28853,38035.0
1726228800,0.28863,0.29782,0.288,0.29556,274399.0
1726243200,0.29563,0.29718,0.29288,0.29418,264917.0
1726257600,0.29415,0.29649,0.2935,0.29513,141098.0
1726272000,0.29505,0.29927,0.29335,0.29853,195388.0
1726286400,0.29847,0.29869,0.29315,0.29398,47771.0
1726300800,0.29384,0.29445,0.28902,0.29,85505.0
1726315200,0.29,0.29445,0.28992,0.29357,163301.0
1726329600,0.29363,0.29458,0.28937,0.29077,139631.0
1726344000,0.29056,0.29324,0.29045,0.29256,97309.0
1726358400,0.29242,0.29856,0.29187,0.29689,431924.0
1726372800,0.29679,0.29696,0.29337,0.29693,66977.0
1726387200,0.29678,0.29678,0.2913,0.29301,457236.0
1726401600,0.29291,0.29548,0.29154,0.29537,160253.0
1726416000,0.29553,0.29583,0.28988,0.29108,66645.0
1726430400,0.29118,0.29125,0.27944,0.28183,172937.0
1726444800,0.28146,0.28289,0.2752,0.27961,68708.0
1726459200,0.27959,0.28219,0.2781,0.28184,40614.0
1726473600,0.28175,0.28454,0.27868,0.2823,154416.0
1726488000,0.28239,0.2857,0.27852,0.28159,125493.0
1726502400,0.28138,0.28222,0.27674,0.2799,138904.0
1726516800,0.2793,0.28111,0.27523,0.2801,37446.0
1726531200,0.28013,0.28094,0.27491,0.27868,67770.0
1726545600,0.27865,0.28506,0.27843,0.28495,47399.0
1726560000,0.28498,0.29007,0.28333,0.288,107157.0
1726574400,0.28811,0.29374,0.28518,0.2924,298129.0
1726588800,0.2929,0.29363,0.28808,0.28945,206623.0
1726603200,0.28946,0.29335,0.28893,0.29324,58080.0
1726617600,0.29325,0.29787,0.28837,0.29674,65842.0
1726632000,0.29674,0.29765,0.29193,0.29484,68492.0
1726646400,0.29485,0.29589,0.28462,0.28703,54140.0
1726660800,0.28682,0.28922,0.27738,0.27898,183877.0
1726675200,0.2783,0.29131,0.27705,0.28666,593237.0
1726689600,0.28671,0.3001,0.28349,0.3,128733.0
1726704000,0.30064,0.31158,0.30064,0.30856,460595.0
1726718400,0.30873,0.3097,0.30364,0.30608,357988.0
1726732800,0.30636,0.30879,0.30239,0.30843,199685.0
1726747200,0.30869,0.31684,0.30769,0.31571,137684.0
1726761600,0.31572,0.32079,0.31562,0.31625,159345.0
1726776000,0.31652,0.31779,0.31174,0.31537,115225.0
1726790400,0.3154,0.32003,0.30993,0.32003,141754.0
1726804800,0.32088,0.32879,0.32088,0.32669,88976.0
1726819200,0.32685,0.32783,0.3207,0.32182,31927.0
1726833600,0.32182,0.32434,0.31502,0.31881,242235.0
1726848000,0.31945,0.32077,0.3128,0.31647,48839.0
1726862400,0.31669,0.32212,0.31578,0.32067,76316.0
1726876800,0.32069,0.3222,0.31372,0.31541,43946.0
1726891200,0.31546,0.32364,0.31401,0.31845,91073.0
1726905600,0.31849,0.31954,0.31501,0.31584,75395.0
1726920000,0.31605,0.32353,0.31547,0.3196,126313.0
1726934400,0.31966,0.32126,0.31886,0.32008,185856.0
1726948800,0.31988,0.32561,0.31935,0.3251,138921.0
1726963200,0.32476,0.32483,0.31413,0.31707,126849.0
1726977600,0.31751,0.31868,0.31408,0.31453,21408.0
1726992000,0.31498,0.31725,0.31046,0.3124,128508.0
1727006400,0.31243,0.31395,0.30831,0.31089,291807.0
1727020800,0.31086,0.31535,0.3082,0.3139,53055.0
1727035200,0.31398,0.31647,0.30428,0.31451,50718.0
1727049600,0.31471,0.32919,0.30843,0.3267,73073.0
1727064000,0.32698,0.3343,0.32375,0.32823,98886.0
1727078400,0.32824,0.32962,0.32338,0.32694,104411.0
1727092800,0.32698,0.3349,0.32607,0.33332,165213.0
1727107200,0.33341,0.34596,0.33261,0.34416,338874.0
1727121600,0.34455,0.34775,0.33781,0.34609,293780.0
1727136000,0.34594,0.34623,0.33404,0.34067,440880.0
1727150400,0.34143,0.34418,0.33632,0.34418,263108.0
1727164800,0.34342,0.3542,0.34004,0.35052,239318.0
1727179200,0.3506,0.35706,0.34129,0.34262,545668.0
1727193600,0.34231,0.34853,0.34214,0.34815,70300.0
1727208000,0.34826,0.35572,0.34627,0.35126,69138.0
1727222400,0.35108,0.35762,0.349,0.35219,91000.0
1727236800,0.35205,0.35205,0.34092,0.34289,42282.0
1727251200,0.34246,0.34869,0.34215,0.34856,22460.0
1727265600,0.34877,0.35131,0.34247,0.34469,40459.0
1727280000,0.34443,0.34981,0.34048,0.34048,87416.0
1727294400,0.3407,0.34346,0.33292,0.33515,105665.0
1727308800,0.33622,0.33787,0.33,0.33717,97310.0
1727323200,0.33745,0.34451,0.33532,0.3444,362287.0
1727337600,0.34442,0.35032,0.34109,0.34866,122118.0
1727352000,0.34885,0.3669,0.34673,0.36517,563292.0
1727366400,0.36495,0.37267,0.36281,0.36401,1080417.0
1727380800,0.36432,0.37026,0.35891,0.36949,218020.0
1727395200,0.36982,0.37417,0.36542,0.37163,399275.0
1727409600,0.37139,0.37341,0.36768,0.3685,113415.0
1727424000,0.3682,0.37741,0.36469,0.36657,179129.0
1727438400,0.36631,0.3772,0.36554,0.37335,383305.0
1727452800,0.37333,0.37546,0.36661,0.3716,128124.0
1727467200,0.37158,0.37404,0.36954,0.36954,81669.0
1727481600,0.37012,0.37689,0.37012,0.37262,127401.0
1727496000,0.37305,0.37364,0.35915,0.35936,141463.0
1727510400,0.35915,0.36298,0.35123,0.36031,81464.0
1727524800,0.36048,0.36091,0.35525,0.35906,49841.0
1727539200,0.35911,0.35992,0.35546,0.35757,163855.0
1727553600,0.35764,0.3589,0.35321,0.35816,136255.0
1727568000,0.35831,0.36512,0.35619,0.36498,46459.0
1727582400,0.36485,0.36989,0.35312,0.35381,42695.0
1727596800,0.35435,0.35886,0.3535,0.3572,35314.0
1727611200,0.35746,0.36533,0.35176,0.36473,46763.0
1727625600,0.36508,0.37469,0.36296,0.37428,52444.0
1727640000,0.37525,0.37997,0.36998,0.37235,240329.0
1727654400,0.37322,0.37328,0.35553,0.36169,247758.0
1727668800,0.36191,0.37082,0.35714,0.36637,177600.0
1727683200,0.36596,0.36608,0.35318,0.35909,92628.0
1727697600,0.35846,0.36095,0.34739,0.34739,69335.0
1727712000,0.34683,0.34885,0.34355,0.34624,124428.0
1727726400,0.34594,0.35034,0.33807,0.34052,224425.0
1727740800,0.34096,0.3513,0.33691,0.35098,342865.0
1727755200,0.35069,0.35152,0.34654,0.34964,266006.0
1727769600,0.34945,0.35172,0.34741,0.34855,82653.0
1727784000,0.34854,0.34934,0.31563,0.32758,1603765.0
1727798400,0.32759,0.32915,0.30241,0.31692,736447.0
1727812800,0.31745,0.31745,0.31038,0.31509,106010.0
1727827200,0.31538,0.32446,0.31283,0.32386,492216.0
1727841600,0.32427,0.34152,0.32085,0.33773,394030.0
1727856000,0.33737,0.34613,0.32708,0.33255,479771.0
1727870400,0.33208,0.33573,0.32321,0.33445,374481.0
1727884800,0.33464,0.3396,0.31631,0.32048,126982.0
1727899200,0.32082,0.32529,0.31546,0.32168,107803.0
1727913600,0.32175,0.33514,0.3211,0.33452,65366.0
1727928000,0.33446,0.33504,0.32277,0.3235,68630.0
1727942400,0.32284,0.32306,0.31157,0.31414,115045.0
1727956800,0.31359,0.31929,0.30463,0.30985,285534.0
1727971200,0.30983,0.31221,0.30298,0.31152,216361.0
1727985600,0.31166,0.31405,0.30631,0.31078,35623.0
1728000000,0.31044,0.31502,0.30707,0.30887,56806.0
1728014400,0.3086,0.31562,0.3086,0.31488,33409.0
1728028800,0.31558,0.32024,0.31424,0.31739,141003.0
1728043200,0.31714,0.32503,0.31304,0.32503,136430.0
1728057600,0.32502,0.33221,0.32375,0.33213,55361.0
1728072000,0.33183,0.33238,0.32731,0.32861,34690.0
1728086400,0.32891,0.33942,0.32864,0.33163,71169.0
1728100800,0.33161,0.33825,0.32883,0.33413,27442.0
1728115200,0.33405,0.33884,0.33404,0.33509,24101.0
1728129600,0.33547,0.33947,0.33296,0.33743,36751.0
1728144000,0.33716,0.33728,0.33019,0.33053,89450.0
1728158400,0.33036,0.33855,0.32823,0.33834,39298.0
1728172800,0.33906,0.34226,0.33379,0.33379,669078.0
1728187200,0.33401,0.33889,0.33079,0.3379,60381.0
1728201600,0.33805,0.34079,0.33592,0.33886,154309.0
1728216000,0.33912,0.34521,0.33743,0.3424,216033.0
1728230400,0.34291,0.34434,0.33398,0.33398,203463.0
1728244800,0.33386,0.3378,0.33116,0.33703,64578.0
1728259200,0.33707,0.3484,0.33567,0.34436,247127.0
1728273600,0.34437,0.34619,0.33998,0.34155,569708.0
1728288000,0.3418,0.34403,0.3288,0.33491,364926.0
1728302400,0.33467,0.34339,0.33221,0.33776,371501.0
1728316800,0.33808,0.34339,0.32997,0.33404,138134.0
1728331200,0.33476,0.33487,0.32302,0.32347,185289.0
1728345600,0.324,0.32887,0.32328,0.32748,88547.0
1728360000,0.32756,0.32768,0.31509,0.3175,134366.0
1728374400,0.31724,0.32186,0.31648,0.32166,42136.0
1728388800,0.32159,0.32431,0.31335,0.31634,274172.0
1728403200,0.3164,0.31869,0.31069,0.31344,163744.0
1728417600,0.31377,0.31557,0.30975,0.31239,48877.0
1728432000,0.31264,0.31518,0.30917,0.31083,215525.0
1728446400,0.31084,0.31446,0.30863,0.30941,28233.0
1728460800,0.30938,0.31186,0.30859,0.31136,29144.0
1728475200,0.3112,0.31169,0.30285,0.31102,190034.0
1728489600,0.31103,0.31123,0.30065,0.30241,269115.0
1728504000,0.3023,0.30232,0.29709,0.30178,146996.0
1728518400,0.30156,0.304,0.29901,0.30247,34795.0
1728532800,0.30242,0.3055,0.30085,0.3036,86450.0
1728547200,0.30343,0.30723,0.29757,0.30704,100926.0
1728561600,0.30668,0.30684,0.29575,0.29964,212169.0
1728576000,0.29944,0.30124,0.29101,0.2962,117353.0
1728590400,0.29629,0.30209,0.29486,0.30201,109615.0
1728604800,0.30194,0.30543,0.29845,0.30434,111507.0
1728619200,0.30434,0.31544,0.30304,0.31466,229883.0
1728633600,0.31466,0.31924,0.31421,0.31624,64871.0
1728648000,0.31634,0.32218,0.31553,0.31992,286642.0
1728662400,0.3202,0.32057,0.31555,0.31855,119073.0
1728676800,0.31878,0.32096,0.31847,0.31931,39842.0
1728691200,0.31937,0.32503,0.31929,0.32063,427896.0
1728705600,0.32089,0.32375,0.32087,0.32317,375591.0
1728720000,0.32315,0.32553,0.32195,0.32304,98214.0
1728734400,0.32317,0.32755,0.32064,0.32531,33937.0
1728748800,0.32524,0.32796,0.32155,0.32289,30997.0
1728763200,0.32314,0.32763,0.32294,0.32542,123459.0
1728777600,0.32532,0.33003,0.31998,0.32055,449574.0
1728792000,0.32096,0.3259,0.32096,0.32295,36287.0
1728806400,0.32283,0.32425,0.31701,0.31726,84990.0
1728820800,0.31765,0.32046,0.30854,0.31072,86651.0
1728835200,0.31088,0.31598,0.31013,0.31397,53103.0
1728849600,0.31417,0.3297,0.31353,0.32536,131937.0
1728864000,0.32568,0.33362,0.32028,0.33344,403660.0
1728878400,0.33447,0.33874,0.32767,0.33874,103976.0
1728892800,0.33873,0.34113,0.33501,0.33951,227722.0
1728907200,0.33958,0.34513,0.33446,0.3435,153029.0
1728921600,0.34363,0.34873,0.34089,0.34773,111268.0
1728936000,0.34798,0.3543,0.34675,0.35076,393135.0
1728950400,0.35104,0.35274,0.34334,0.34334,215690.0
1728964800,0.3432,0.34558,0.3383,0.34154,42653.0
1728979200,0.34159,0.34571,0.33365,0.33514,130017.0
1728993600,0.33535,0.3547,0.33262,0.33903,443039.0
1729008000,0.33976,0.35027,0.33949,0.34479,391846.0
1729022400,0.34507,0.34723,0.33789,0.34695,244160.0
1729036800,0.34719,0.34719,0.33809,0.34147,117874.0
1729051200,0.34129,0.34561,0.337,0.33905,42698.0
1729065600,0.33839,0.36228,0.33839,0.36209,154833.0
1729080000,0.36157,0.36307,0.35359,0.35532,363720.0
1729094400,0.35588,0.35789,0.35212,0.35259,77344.0
1729108800,0.35182,0.3629,0.35182,0.36037,182109.0
1729123200,0.36005,0.36368,0.34825,0.35121,383521.0
1729137600,0.35066,0.35264,0.34034,0.34192,109558.0
1729152000,0.3419,0.34694,0.33499,0.33522,139912.0
1729166400,0.33572,0.344,0.33526,0.34288,92339.0
1729180800,0.3426,0.34275,0.33484,0.33703,273239.0
1729195200,0.33712,0.34121,0.3371,0.34013,46277.0
1729209600,0.33996,0.34773,0.33557,0.34239,1023734.0
1729224000,0.34259,0.34737,0.34168,0.34444,85384.0
1729238400,0.34431,0.34631,0.34284,0.34415,38823.0
1729252800,0.34416,0.35032,0.33926,0.34753,374280.0
1729267200,0.34777,0.3531,0.34578,0.34937,283223.0
1729281600,0.34905,0.35014,0.34663,0.34978,37361.0
1729296000,0.34983,0.35356,0.34951,0.35065,29054.0
1729310400,0.35056,0.35173,0.34502,0.3453,93355.0
1729324800,0.3453,0.34631,0.33883,0.33905,269927.0
1729339200,0.33878,0.34471,0.33878,0.3436,97648.0
1729353600,0.34372,0.34379,0.33888,0.341,48418.0
1729368000,0.34151,0.34884,0.34151,0.34729,31382.0
1729382400,0.34784,0.34926,0.33962,0.34154,26813.0
1729396800,0.34132,0.35522,0.3411,0.34874,89359.0
1729411200,0.34872,0.35414,0.34754,0.35341,28288.0
1729425600,0.35324,0.36445,0.35294,0.36234,585145.0
1729440000,0.36254,0.36261,0.35557,0.35577,110661.0
1729454400,0.35571,0.36515,0.35469,0.36329,54780.0
1729468800,0.36373,0.37334,0.36006,0.36466,482791.0
1729483200,0.36472,0.36779,0.35626,0.3565,492849.0
1729497600,0.35654,0.35776,0.34793,0.35122,182312.0
1729512000,0.35123,0.35327,0.34254,0.34875,156708.0
1729526400,0.349,0.3547,0.3454,0.35444,37231.0
1729540800,0.3535,0.35623,0.35003,0.35003,41860.0
1729555200,0.35017,0.35313,0.34551,0.35159,44415.0
1729569600,0.35138,0.36043,0.34987,0.35365,58026.0
1729584000,0.35374,0.35374,0.34136,0.34708,84781.0
1729598400,0.34668,0.34868,0.33812,0.34392,99966.0
1729612800,0.34367,0.34566,0.33766,0.34507,30532.0
1729627200,0.34506,0.3504,0.34429,0.34701,42340.0
1729641600,0.34761,0.34777,0.33741,0.34039,25987.0
1729656000,0.34015,0.34258,0.3376,0.3386,28536.0
1729670400,0.33799,0.34079,0.33459,0.33489,41175.0
1729684800,0.33386,0.3399,0.32952,0.33169,154542.0
1729699200,0.33187,0.33363,0.32175,0.33339,119506.0
1729713600,0.33309,0.33809,0.33259,0.3359,88298.0
1729728000,0.33567,0.35725,0.33446,0.35468,896677.0
1729742400,0.3545,0.36448,0.35222,0.36111,115929.0
1729756800,0.36136,0.36641,0.35058,0.3657,90788.0
1729771200,0.36492,0.37055,0.36204,0.36473,629799.0
1729785600,0.36475,0.37651,0.3631,0.3762,340007.0
1729800000,0.3764,0.39298,0.37567,0.37838,892501.0
1729814400,0.37854,0.38984,0.37116,0.37179,1057412.0
1729828800,0.37176,0.37318,0.356,0.36201,907302.0
1729843200,0.36215,0.36851,0.36,0.36552,129864.0
1729857600,0.36555,0.37378,0.36221,0.36336,437534.0
1729872000,0.36329,0.36384,0.35002,0.35289,767491.0
1729886400,0.35287,0.35406,0.31618,0.33464,1110463.0
1729900800,0.33412,0.34075,0.32994,0.33966,427631.0
1729915200,0.33961,0.34083,0.33699,0.33952,116388.0
1729929600,0.33931,0.35433,0.33922,0.35287,168254.0
1729944000,0.35288,0.35384,0.34211,0.34354,526609.0
1729958400,0.34328,0.35267,0.34093,0.35085,78513.0
1729972800,0.35103,0.3584,0.34772,0.349,31623.0
1729987200,0.34898,0.3571,0.34273,0.35629,126779.0
1730001600,0.35649,0.36497,0.35263,0.3612,176756.0
1730016000,0.36165,0.36405,0.35221,0.35525,109017.0
1730030400,0.35548,0.36686,0.35506,0.36493,120203.0
1730044800,0.3647,0.37023,0.3575,0.36086,173020.0
1730059200,0.36131,0.36666,0.35707,0.36288,84894.0
1730073600,0.36304,0.36304,0.34346,0.34474,184828.0
1730088000,0.34442,0.3609,0.34321,0.35964,86044.0
1730102400,0.3589,0.37184,0.3589,0.36899,73508.0
1730116800,0.36927,0.37071,0.3546,0.3546,207037.0
1730131200,0.35441,0.35819,0.34857,0.3502,149391.0
1730145600,0.34993,0.36767,0.34993,0.36414,287906.0
1730160000,0.36499,0.37314,0.35809,0.37162,489943.0
1730174400,0.37265,0.38406,0.3684,0.38277,243773.0
1730188800,0.38306,0.38463,0.37603,0.3784,139908.0
1730203200,0.37866,0.38008,0.3705,0.37598,244409.0
1730217600,0.37618,0.39614,0.37618,0.38602,349165.0
1730232000,0.38568,0.38694,0.37825,0.38122,233207.0
1730246400,0.3814,0.39217,0.3728,0.39118,1020784.0
1730260800,0.39087,0.39201,0.37688,0.37764,342387.0
1730275200,0.37698,0.38189,0.37542,0.37542,307817.0
1730289600,0.37527,0.37896,0.36693,0.37312,249984.0
1730304000,0.37234,0.3809,0.37146,0.3784,107810.0
1730318400,0.37769,0.38983,0.37741,0.38319,73427.0
1730332800,0.38395,0.40966,0.37769,0.40143,962551.0
1730347200,0.40069,0.41232,0.39534,0.40297,1609983.0
1730361600,0.40286,0.40711,0.39771,0.40337,1438658.0
1730376000,0.40288,0.40352,0.39159,0.39853,1319146.0
1730390400,0.39842,0.40008,0.38514,0.38656,1174635.0
1730404800,0.38787,0.39246,0.37284,0.37359,891618.0
1730419200,0.37318,0.38309,0.36812,0.37039,418710.0
1730433600,0.37052,0.37452,0.36013,0.36719,140772.0
1730448000,0.3677,0.37236,0.36524,0.36924,159914.0
1730462400,0.36914,0.393,0.36753,0.37243,693791.0
1730476800,0.37243,0.37903,0.36271,0.36337,297676.0
1730491200,0.3628,0.37613,0.35283,0.37024,341566.0
1730505600,0.37005,0.37722,0.36503,0.36551,188545.0
1730520000,0.3659,0.3746,0.36412,0.3676,258115.0
1730534400,0.3676,0.36819,0.35898,0.35898,117079.0
1730548800,0.35885,0.36033,0.3472,0.34929,206860.0
1730563200,0.3493,0.35617,0.34842,0.35214,36543.0
1730577600,0.35206,0.35268,0.34786,0.35064,52610.0
1730592000,0.35085,0.35158,0.33389,0.33765,275550.0
1730606400,0.33963,0.34338,0.33631,0.33717,45004.0
1730620800,0.337,0.33747,0.3287,0.3296,109295.0
1730635200,0.32987,0.33236,0.31943,0.32568,472815.0
1730649600,0.32508,0.32859,0.32104,0.32703,180673.0
1730664000,0.32785,0.33321,0.32601,0.32852,75925.0
1730678400,0.3283,0.33503,0.32314,0.32828,116742.0
1730692800,0.32831,0.33209,0.32303,0.32837,81511.0
1730707200,0.32835,0.33748,0.32415,0.33344,133785.0
1730721600,0.33394,0.33602,0.3274,0.32839,83546.0
1730736000,0.32802,0.32828,0.32082,0.3239,87088.0
1730750400,0.32364,0.32427,0.31372,0.32143,118859.0
1730764800,0.32221,0.32804,0.3217,0.32695,66117.0
1730779200,0.32785,0.33226,0.32648,0.33184,40305.0
1730793600,0.33186,0.33511,0.33036,0.33299,98922.0
1730808000,0.3331,0.34452,0.33208,0.33816,159577.0
1730822400,0.33926,0.3454,0.33075,0.33097,536231.0
1730836800,0.33051,0.33924,0.33051,0.33622,433594.0
1730851200,0.33687,0.37009,0.33615,0.36726,591571.0
1730865600,0.36809,0.37933,0.36593,0.37022,433302.0
1730880000,0.37161,0.37362,0.36041,0.37063,277064.0
1730894400,0.37087,0.38049,0.36781,0.37448,287002.0
1730908800,0.37407,0.38073,0.37167,0.38034,195061.0
1730923200,0.37981,0.39025,0.37855,0.38488,150352.0
1730937600,0.38522,0.39567,0.38184,0.38684,178376.0
1730952000,0.3869,0.38737,0.37221,0.37696,214089.0
1730966400,0.37685,0.38184,0.37323,0.37339,258545.0
1730980800,0.37352,0.38527,0.37028,0.38527,222204.0
1730995200,0.38529,0.39327,0.38155,0.38876,353903.0
1731009600,0.38916,0.40009,0.38756,0.39894,471148.0
1731024000,0.39987,0.42582,0.39987,0.40963,1450812.0
1731038400,0.40895,0.4246,0.4081,0.41297,732794.0
1731052800,0.41303,0.42466,0.40693,0.42199,640587.0
1731067200,0.42317,0.43183,0.40753,0.41333,713868.0
1731081600,0.41257,0.41571,0.40341,0.41294,643609.0
1731096000,0.41207,0.41258,0.40372,0.41069,152123.0
1731110400,0.41005,0.41711,0.39929,0.40012,444851.0
1731124800,0.40028,0.42209,0.40028,0.41852,437150.0
1731139200,0.41839,0.43425,0.4178,0.42774,406905.0
1731153600,0.42859,0.42951,0.41162,0.41827,315145.0
1731168000,0.41804,0.42246,0.40985,0.41541,102565.0
1731182400,0.41523,0.42691,0.41397,0.42525,245412.0
1731196800,0.42336,0.42849,0.41379,0.4227,233474.0
1731211200,0.42215,0.43142,0.41971,0.42889,698312.0
1731225600,0.4287,0.43747,0.426,0.43365,536048.0
1731240000,0.43206,0.44333,0.42164,0.44031,617273.0
1731254400,0.4397,0.44387,0.4228,0.42686,415215.0
1731268800,0.42616,0.4288,0.402,0.425,992165.0
1731283200,0.42511,0.43999,0.42228,0.43452,872928.0
1731297600,0.43421,0.43721,0.41171,0.42343,304027.0
1731312000,0.42378,0.44936,0.42279,0.44747,377847.0
1731326400,0.44813,0.4521,0.43481,0.44063,835501.0
1731340800,0.441,0.44403,0.42568,0.43619,1058481.0
1731355200,0.43694,0.44968,0.43078,0.44778,386550.0
1731369600,0.44768,0.44768,0.42929,0.43734,345897.0
1731384000,0.43744,0.44297,0.42576,0.44277,299249.0
1731398400,0.44251,0.44844,0.39676,0.40986,1228082.0
1731412800,0.40921,0.4129,0.39323,0.40188,763197.0
1731427200,0.4027,0.41516,0.39282,0.413,510425.0
1731441600,0.41306,0.42647,0.40706,0.41815,237116.0
1731456000,0.41833,0.4225,0.39483,0.39503,692324.0
1731470400,0.39534,0.4018,0.38415,0.39275,816094.0
1731484800,0.39273,0.40168,0.38849,0.39858,179589.0
1731499200,0.39825,0.426,0.39282,0.42265,487965.0
1731513600,0.4235,0.42897,0.40799,0.4092,725572.0
1731528000,0.40776,0.41412,0.39765,0.41041,530321.0
1731542400,0.41028,0.41028,0.39673,0.40638,250682.0
1731556800,0.40625,0.42391,0.4049,0.41576,234410.0
1731571200,0.41532,0.41948,0.397,0.40384,237328.0
1731585600,0.40339,0.40612,0.38678,0.3919,403959.0
1731600000,0.39091,0.40539,0.3887,0.40403,428568.0
1731614400,0.40362,0.40496,0.38584,0.39304,741613.0
1731628800,0.39213,0.40361,0.38334,0.39726,1493298.0
1731643200,0.3974,0.40608,0.3889,0.40208,482613.0
1731657600,0.40173,0.42172,0.39883,0.42112,246969.0
1731672000,0.42124,0.42356,0.40218,0.40533,552835.0
1731686400,0.40455,0.41444,0.40407,0.41321,538442.0
1731700800,0.41321,0.42456,0.41321,0.42202,758204.0
1731715200,0.4219,0.42624,0.41856,0.4257,290038.0
1731729600,0.42534,0.42843,0.42068,0.42404,175692.0
1731744000,0.42384,0.43302,0.41981,0.43302,266831.0
1731758400,0.43396,0.43405,0.41132,0.41554,247601.0
1731772800,0.41534,0.42925,0.41319,0.42734,95242.0
1731787200,0.42742,0.43241,0.42307,0.43241,108006.0
1731801600,0.43226,0.43344,0.40919,0.42415,383663.0
1731816000,0.42504,0.45034,0.42493,0.43528,1786882.0
1731830400,0.43545,0.45053,0.43489,0.43809,598008.0
1731844800,0.43957,0.44385,0.41984,0.42326,659145.0
1731859200,0.42319,0.42361,0.41114,0.41467,318644.0
1731873600,0.4149,0.41782,0.40952,0.41698,116751.0
1731888000,0.41631,0.42655,0.41296,0.42635,937732.0
1731902400,0.42596,0.42743,0.41876,0.42026,179060.0
1731916800,0.42014,0.42182,0.40744,0.40824,270323.0
1731931200,0.408,0.41839,0.39981,0.4162,1065653.0
1731945600,0.41653,0.42049,0.40545,0.41058,265641.0
1731960000,0.41042,0.42,0.40884,0.41997,90427.0
1731974400,0.41972,0.42215,0.41243,0.41243,75601.0
1731988800,0.41233,0.41353,0.40784,0.41128,153022.0
1732003200,0.41119,0.41828,0.40474,0.41556,180858.0
1732017600,0.41628,0.41809,0.4061,0.41325,121890.0
1732032000,0.41389,0.41877,0.41333,0.41524,342308.0
1732046400,0.41528,0.41613,0.40064,0.40863,335008.0
1732060800,0.40865,0.40865,0.38978,0.39769,134502.0
1732075200,0.39769,0.41052,0.39466,0.41028,615162.0
1732089600,0.41012,0.42378,0.41009,0.41755,778367.0
1732104000,0.41746,0.42024,0.41064,0.41756,554825.0
1732118400,0.41705,0.41805,0.40159,0.40906,559131.0
1732132800,0.40932,0.42157,0.40728,0.4114,476466.0
1732147200,0.4116,0.41832,0.38835,0.39635,1160522.0
1732161600,0.39693,0.41359,0.39526,0.40269,136351.0
1732176000,0.40221,0.40481,0.39085,0.39545,490664.0
1732190400,0.39545,0.4221,0.39544,0.41008,545676.0
1732204800,0.40999,0.427,0.40891,0.41449,465709.0
1732219200,0.41466,0.41868,0.41029,0.41718,277079.0
1732233600,0.41722,0.41722,0.40293,0.41148,665602.0
1732248000,0.41156,0.41465,0.405,0.40503,235953.0
1732262400,0.40501,0.40919,0.39895,0.40392,88713.0
1732276800,0.40399,0.40775,0.39176,0.4019,2735532.0
1732291200,0.40229,0.40282,0.3919,0.39526,969429.0
1732305600,0.39536,0.41468,0.39347,0.41468,704402.0
1732320000,0.4149,0.41971,0.406,0.41429,1144169.0
1732334400,0.41452,0.42155,0.40972,0.41174,678059.0
1732348800,0.41145,0.41362,0.40821,0.4131,269326.0
1732363200,0.41283,0.46356,0.4119,0.43064,2310626.0
1732377600,0.43045,0.439,0.41145,0.41754,1688624.0
1732392000,0.41705,0.42379,0.40308,0.41496,898432.0
1732406400,0.41496,0.44918,0.41101,0.44918,1652211.0
1732420800,0.44905,0.45551,0.43854,0.44733,562523.0
1732435200,0.44768,0.45099,0.41429,0.41545,2168425.0
1732449600,0.41466,0.42445,0.39765,0.406,2026697.0
1732464000,0.40656,0.42046,0.40191,0.41817,932111.0
1732478400,0.41708,0.44189,0.41692,0.43913,873345.0
1732492800,0.43987,0.45006,0.42801,0.447,372686.0
1732507200,0.44697,0.4553,0.43828,0.45356,758902.0
1732521600,0.45346,0.46575,0.44621,0.45705,530750.0
1732536000,0.45674,0.46561,0.43409,0.45867,1160100.0
1732550400,0.45493,0.4693,0.44176,0.45136,1009692.0
1732564800,0.45132,0.459,0.4325,0.44778,953916.0
1732579200,0.44449,0.46075,0.43873,0.45114,583832.0
1732593600,0.45094,0.45948,0.43769,0.44062,321060.0
1732608000,0.44034,0.44034,0.40756,0.41751,485190.0
1732622400,0.41621,0.42665,0.40617,0.4155,412042.0
1732636800,0.4149,0.42707,0.41,0.41664,1779995.0
1732651200,0.41575,0.4298,0.41476,0.42769,128451.0
1732665600,0.42722,0.43286,0.41667,0.42261,224359.0
1732680000,0.42206,0.43428,0.4204,0.43279,274709.0
1732694400,0.43198,0.43623,0.42449,0.43255,218092.0
1732708800,0.4325,0.44534,0.42385,0.44351,449296.0
1732723200,0.44353,0.45845,0.44122,0.45585,517004.0
1732737600,0.45589,0.51,0.45429,0.47322,2282321.0
1732752000,0.47394,0.48606,0.46214,0.46675,1230170.0
1732766400,0.4675,0.49,0.46556,0.47226,786948.0
1732780800,0.47257,0.47987,0.46082,0.46767,340194.0
1732795200,0.46822,0.48174,0.45867,0.47133,789063.0
1732809600,0.47209,0.48589,0.47088,0.48155,1037075.0
1732824000,0.48147,0.48698,0.47452,0.47946,159201.0
1732838400,0.47977,0.48681,0.46639,0.48597,169126.0
1732852800,0.485,0.49475,0.47368,0.47384,419552.0
1732867200,0.47407,0.48555,0.47169,0.48517,290068.0
1732881600,0.48532,0.48668,0.47515,0.47533,580329.0
1732896000,0.47431,0.48347,0.47352,0.48278,196855.0
1732910400,0.48252,0.48838,0.48009,0.48414,425930.0
1732924800,0.48037,0.4851,0.46946,0.48489,297527.0
1732939200,0.48462,0.49205,0.47798,0.49205,191317.0
1732953600,0.49228,0.49275,0.47665,0.48188,156007.0
1732968000,0.48177,0.49485,0.48125,0.49402,257050.0
1732982400,0.49412,0.50362,0.49153,0.50158,766145.0
1732996800,0.49975,0.50279,0.495,0.49698,182668.0
1733011200,0.49707,0.50236,0.4775,0.48469,339771.0
1733025600,0.48534,0.51532,0.48403,0.51427,230127.0
1733040000,0.51477,0.51795,0.50149,0.51633,351922.0
1733054400,0.51652,0.52989,0.5159,0.5201,774243.0
1733068800,0.52101,0.52415,0.51088,0.5135,300313.0
1733083200,0.5134,0.51576,0.50417,0.50794,250523.0
1733097600,0.50721,0.51295,0.487,0.49072,208092.0
1733112000,0.49113,0.49472,0.47951,0.48885,396610.0
1733126400,0.48875,0.48875,0.45917,0.46353,608165.0
1733140800,0.46269,0.49163,0.46034,0.49038,406329.0
1733155200,0.49038,0.49527,0.46835,0.48121,151995.0
1733169600,0.48113,0.51818,0.48101,0.51731,1174774.0
1733184000,0.51731,0.5203,0.50087,0.51603,1143600.0
1733198400,0.51557,0.55397,0.51289,0.536,1229051.0
1733212800,0.53677,0.54378,0.52655,0.53289,913164.0
1733227200,0.53245,0.53245,0.48169,0.50213,2004891.0
1733241600,0.50359,0.51025,0.4874,0.49999,655236.0
1733256000,0.50019,0.53396,0.5001,0.52754,713089.0
1733270400,0.52732,0.53887,0.52374,0.53722,403628.0
1733284800,0.53726,0.54793,0.53412,0.53848,89996.0
1733299200,0.53917,0.55325,0.53301,0.55183,346884.0
1733313600,0.5516,0.55283,0.53181,0.53862,426927.0
1733328000,0.5389,0.54755,0.50965,0.54276,959731.0
1733342400,0.54263,0.54876,0.51344,0.51871,349131.0
1733356800,0.51942,0.52412,0.48549,0.50659,1189274.0
1733371200,0.50692,0.51924,0.50128,0.51358,444142.0
1733385600,0.51229,0.52548,0.50912,0.52548,483377.0
1733400000,0.52564,0.53585,0.51894,0.52265,1158981.0
1733414400,0.52299,0.53428,0.51146,0.51239,222934.0
1733428800,0.51352,0.51834,0.4909,0.50744,493164.0
1733443200,0.5061,0.5352,0.49946,0.52454,350203.0
1733457600,0.52413,0.5282,0.5205,0.52702,376984.0
1733472000,0.5268,0.53241,0.508,0.51169,365743.0
1733486400,0.51114,0.52012,0.49663,0.51399,580848.0
1733500800,0.5143,0.53116,0.5126,0.52926,292820.0
1733515200,0.52877,0.53225,0.51106,0.5188,280741.0
1733529600,0.51876,0.52499,0.50958,0.523,233074.0
1733544000,0.52266,0.5326,0.51941,0.52358,273233.0
1733558400,0.52347,0.53738,0.5214,0.53342,159051.0
1733572800,0.53268,0.53979,0.52768,0.53614,192267.0
1733587200,0.53509,0.53833,0.52287,0.52346,340926.0
1733601600,0.52348,0.53148,0.52317,0.52426,148542.0
1733616000,0.5237,0.52743,0.51958,0.52176,192015.0
1733630400,0.52159,0.523,0.5083,0.51459,238024.0
1733644800,0.51433,0.51468,0.49979,0.51046,361938.0
1733659200,0.51046,0.51825,0.5058,0.51765,251946.0
1733673600,0.51691,0.51776,0.50657,0.51245,195259.0
1733688000,0.51277,0.51712,0.50759,0.51528,121633.0
1733702400,0.51523,0.51523,0.48635,0.49124,610630.0
1733716800,0.49126,0.49427,0.4775,0.48511,801355.0
1733731200,0.48461,0.48461,0.46384,0.46519,611632.0
1733745600,0.46392,0.48327,0.46005,0.46874,422993.0
1733760000,0.46778,0.47316,0.45858,0.45918,655920.0
1733774400,0.46,0.46,0.333,0.42146,5524707.0
1733788800,0.42049,0.42527,0.38659,0.40351,1364930.0
1733803200,0.40247,0.4182,0.39555,0.41378,744686.0
1733817600,0.41431,0.41884,0.40654,0.41098,245584.0
1733832000,0.4111,0.41134,0.3793,0.37967,1026248.0
1733846400,0.37846,0.39504,0.3715,0.39484,792380.0
1733860800,0.39424,0.4181,0.3926,0.41075,182327.0
1733875200,0.41077,0.41152,0.39227,0.40837,682387.0
1733889600,0.40913,0.41181,0.40177,0.40204,97426.0
1733904000,0.40238,0.42169,0.40238,0.41841,445260.0
1733918400,0.41849,0.44389,0.41834,0.44133,534701.0
1733932800,0.4416,0.44667,0.43334,0.44055,236341.0
1733947200,0.44054,0.44397,0.43444,0.44007,180051.0
1733961600,0.43953,0.45991,0.43742,0.45473,685793.0
1733976000,0.455,0.46661,0.45276,0.46079,846955.0
1733990400,0.46237,0.47064,0.44926,0.45225,706544.0
1734004800,0.45328,0.46546,0.45,0.45585,245532.0
1734019200,0.45635,0.46119,0.44208,0.44251,192649.0
1734033600,0.44443,0.45396,0.44197,0.45031,557996.0
1734048000,0.44988,0.45701,0.4399,0.4527,242926.0
1734062400,0.45231,0.45331,0.43255,0.437,204300.0
1734076800,0.43711,0.45737,0.43527,0.44817,1207791.0
1734091200,0.44735,0.45544,0.4428,0.44425,312442.0
1734105600,0.44439,0.45605,0.44439,0.44988,265650.0
1734120000,0.44977,0.46334,0.44976,0.46305,1062120.0
1734134400,0.46323,0.46955,0.45672,0.45679,178576.0
1734148800,0.45627,0.46013,0.45091,0.45398,731948.0
1734163200,0.45529,0.4583,0.44477,0.44827,241058.0
1734177600,0.44818,0.4488,0.42691,0.43454,837343.0
1734192000,0.4338,0.4338,0.41948,0.42341,1186686.0
1734206400,0.42323,0.4326,0.41718,0.43112,496797.0
1734220800,0.43039,0.43338,0.42301,0.42489,135971.0
1734235200,0.42425,0.43138,0.41666,0.41934,127959.0
1734249600,0.4195,0.43235,0.4195,0.42956,121662.0
1734264000,0.4294,0.45971,0.42801,0.4533,235122.0
1734278400,0.4558,0.46748,0.4528,0.46113,247888.0
1734292800,0.46137,0.47479,0.44962,0.47446,1524416.0
1734307200,0.47467,0.4828,0.46075,0.46241,593023.0
1734321600,0.462,0.47774,0.46039,0.47393,820090.0
1734336000,0.47495,0.476,0.44646,0.44797,338936.0
1734350400,0.44647,0.4803,0.44647,0.4739,1025264.0
1734364800,0.47447,0.48744,0.46698,0.48363,1002573.0
1734379200,0.484,0.50251,0.47827,0.49326,459473.0
1734393600,0.49377,0.49901,0.46917,0.47122,668155.0
1734408000,0.47116,0.48169,0.4617,0.4696,738878.0
1734422400,0.46927,0.48152,0.4654,0.47393,1025453.0
1734436800,0.47384,0.47828,0.45155,0.4552,578918.0
1734451200,0.4552,0.46933,0.45116,0.46786,443623.0
1734465600,0.47,0.47369,0.44583,0.45127,622477.0
1734480000,0.45236,0.45442,0.44206,0.44298,802236.0
1734494400,0.44246,0.44268,0.42459,0.42927,607254.0
1734508800,0.42928,0.43322,0.42234,0.42932,273239.0
1734523200,0.42914,0.42998,0.41893,0.42471,426931.0
1734537600,0.42392,0.43495,0.41641,0.41641,346264.0
1734552000,0.41901,0.41901,0.39,0.39426,1978271.0
1734566400,0.39386,0.40138,0.37272,0.40092,949020.0
1734580800,0.40027,0.40171,0.3964,0.39899,444841.0
1734595200,0.39741,0.40477,0.393,0.40231,433209.0
1734609600,0.40192,0.40414,0.38171,0.38826,638756.0
1734624000,0.38598,0.39168,0.35438,0.3618,1600994.0
1734638400,0.36269,0.37497,0.35241,0.37071,453097.0
1734652800,0.37269,0.38183,0.36211,0.37736,364694.0
1734667200,0.3788,0.38183,0.35946,0.36948,233480.0
1734681600,0.36922,0.3698,0.32447,0.32542,2603519.0
1734696000,0.32539,0.36491,0.3234,0.36176,671291.0
1734710400,0.36082,0.38304,0.35721,0.37967,621353.0
1734724800,0.3779,0.38557,0.36866,0.3832,362818.0
1734739200,0.38315,0.391,0.38038,0.38278,420551.0
1734753600,0.383,0.4071,0.38291,0.40342,206868.0
1734768000,0.40346,0.40352,0.38715,0.3915,854531.0
1734782400,0.39091,0.39091,0.36613,0.37478,794564.0
1734796800,0.37468,0.37468,0.35729,0.36214,825282.0
1734811200,0.36287,0.36733,0.357,0.36166,454816.0
1734825600,0.36248,0.36668,0.35446,0.36161,248047.0
1734840000,0.36142,0.36406,0.35202,0.35943,425896.0
1734854400,0.35972,0.37118,0.3597,0.36763,175920.0
1734868800,0.36756,0.37486,0.35686,0.36075,595710.0
1734883200,0.359,0.36797,0.35333,0.35348,237647.0
1734897600,0.35434,0.3649,0.3497,0.36,286501.0
1734912000,0.35964,0.3735,0.34888,0.37227,516051.0
1734926400,0.37276,0.37429,0.35711,0.36088,424101.0
1734940800,0.36063,0.37087,0.36063,0.36451,641032.0
1734955200,0.3648,0.36993,0.35562,0.35586,273543.0
1734969600,0.35583,0.3706,0.35583,0.36835,275084.0
1734984000,0.36825,0.3916,0.36825,0.38455,121298.0
1734998400,0.38421,0.38645,0.3749,0.38395,141053.0
1735012800,0.38367,0.39091,0.3819,0.38479,128354.0
1735027200,0.38431,0.39001,0.38244,0.38989,124742.0
1735041600,0.38983,0.40413,0.38623,0.40365,77109.0
1735056000,0.40376,0.4045,0.39152,0.39152,103597.0
1735070400,0.39151,0.39839,0.38864,0.39696,85297.0
1735084800,0.39689,0.40421,0.3926,0.3933,758643.0
1735099200,0.39381,0.39931,0.39186,0.3926,86587.0
1735113600,0.39327,0.40248,0.39149,0.39229,136749.0
1735128000,0.39299,0.40129,0.39046,0.39266,80771.0
1735142400,0.39304,0.39547,0.38703,0.39444,80252.0
1735156800,0.39564,0.39625,0.38785,0.39202,461941.0
1735171200,0.39187,0.39831,0.3804,0.3808,741775.0
1735185600,0.38043,0.38043,0.37254,0.37299,245346.0
1735200000,0.37346,0.37346,0.36293,0.36972,201836.0
1735214400,0.36957,0.37003,0.36318,0.36527,426899.0
1735228800,0.36539,0.36856,0.35978,0.36269,364504.0
1735243200,0.36277,0.36521,0.35709,0.36195,54167.0
1735257600,0.36235,0.36939,0.35924,0.3667,61943.0
1735272000,0.3667,0.373,0.36178,0.36464,96105.0
1735286400,0.3646,0.38494,0.3646,0.37904,162749.0
1735300800,0.37938,0.38147,0.36208,0.36512,436042.0
1735315200,0.36486,0.37172,0.3611,0.36897,207438.0
1735329600,0.36939,0.36939,0.36164,0.36434,168379.0
1735344000,0.3647,0.36765,0.36139,0.36709,94510.0
1735358400,0.36702,0.36879,0.36241,0.36254,60057.0
1735372800,0.36251,0.3716,0.36251,0.3716,89814.0
1735387200,0.37102,0.37925,0.36773,0.37475,119721.0
1735401600,0.37511,0.38485,0.37492,0.38053,97167.0
1735416000,0.38117,0.38868,0.37952,0.38608,221464.0
1735430400,0.38616,0.39019,0.38164,0.38991,149582.0
1735444800,0.39131,0.3962,0.38714,0.3959,105489.0
1735459200,0.39599,0.3963,0.38679,0.38691,119564.0
1735473600,0.38704,0.38974,0.38058,0.38242,142308.0
1735488000,0.38236,0.38274,0.37492,0.37934,216261.0
1735502400,0.37886,0.37888,0.36889,0.37408,178256.0
1735516800,0.37234,0.38483,0.37101,0.37879,87566.0
1735531200,0.37934,0.38446,0.37371,0.37904,78045.0
1735545600,0.37969,0.38145,0.37,0.37522,101316.0
1735560000,0.3753,0.37951,0.35945,0.36027,438539.0
1735574400,0.36002,0.37586,0.35742,0.37373,101707.0
1735588800,0.3746,0.37582,0.35786,0.36338,239287.0
1735603200,0.36294,0.36348,0.35177,0.35262,72878.0
1735617600,0.35258,0.35657,0.3491,0.3549,245976.0
1735632000,0.35496,0.3651,0.35463,0.35857,288155.0
1735646400,0.35857,0.37178,0.35702,0.36762,302365.0
1735660800,0.36856,0.36884,0.3558,0.35731,421213.0
1735675200,0.35727,0.35905,0.35119,0.35287,103714.0
1735689600,0.35252,0.35832,0.35227,0.35624,154356.0
1735704000,0.35594,0.35594,0.35191,0.35334,85268.0
1735718400,0.35363,0.35438,0.34454,0.35011,217888.0
1735732800,0.35004,0.3586,0.34885,0.35822,102116.0
1735747200,0.35997,0.36427,0.35312,0.3632,172706.0
1735761600,0.36318,0.36532,0.36191,0.36428,78733.0
1735776000,0.36407,0.37298,0.36291,0.37149,184156.0
1735790400,0.37267,0.37793,0.37033,0.37575,308045.0
1735804800,0.37631,0.37937,0.37345,0.37841,147021.0
1735819200,0.37865,0.38322,0.3721,0.37496,297829.0
1735833600,0.37586,0.37947,0.37313,0.37325,47256.0
1735848000,0.37326,0.37579,0.36779,0.37317,113162.0
1735862400,0.37362,0.37386,0.36788,0.37234,139742.0
1735876800,0.37207,0.37207,0.3655,0.36588,65873.0
1735891200,0.36614,0.38178,0.36614,0.38146,44714.0
1735905600,0.3814,0.39061,0.37805,0.39061,390263.0
1735920000,0.39068,0.3934,0.38882,0.3891,109479.0
1735934400,0.38916,0.3912,0.38495,0.3912,697240.0
1735948800,0.39104,0.39411,0.38527,0.39341,110627.0
1735963200,0.39327,0.39719,0.38864,0.39582,80631.0
1735977600,0.39552,0.39552,0.38643,0.3913,125305.0
1735992000,0.39192,0.39681,0.38452,0.38673,92340.0
1736006400,0.38629,0.39345,0.38606,0.39112,54362.0
1736020800,0.39149,0.39388,0.39049,0.39288,199502.0
1736035200,0.39294,0.39294,0.38675,0.39003,117619.0
1736049600,0.39095,0.39351,0.38911,0.39037,88543.0
1736064000,0.39061,0.39122,0.38516,0.38903,53982.0
1736078400,0.38866,0.39189,0.38263,0.38751,76759.0
1736092800,0.38764,0.39153,0.38513,0.39131,84778.0
1736107200,0.39213,0.39538,0.38988,0.39117,46445.0
1736121600,0.39197,0.3951,0.38321,0.39365,139984.0
1736136000,0.39439,0.39566,0.39066,0.39289,121024.0
1736150400,0.3929,0.39585,0.38774,0.39546,95538.0
1736164800,0.39548,0.40617,0.39137,0.40612,482736.0
1736179200,0.40617,0.40617,0.39604,0.40123,539280.0
1736193600,0.40137,0.40232,0.39565,0.39912,86386.0
1736208000,0.39752,0.40269,0.3922,0.39564,225510.0
1736222400,0.3959,0.39704,0.39254,0.39315,89355.0
1736236800,0.39325,0.39651,0.38541,0.388,328598.0
1736251200,0.38805,0.391,0.36632,0.37143,994749.0
1736265600,0.37123,0.37257,0.35935,0.36014,442561.0
1736280000,0.3601,0.36177,0.3554,0.35683,333732.0
1736294400,0.35656,0.35877,0.34518,0.34693,509320.0
1736308800,0.34681,0.34682,0.33439,0.34101,571079.0
1736323200,0.34099,0.34525,0.3354,0.33747,138894.0
1736337600,0.33769,0.34351,0.33561,0.33893,667606.0
1736352000,0.33887,0.33961,0.32103,0.33249,1126426.0
1736366400,0.33243,0.34191,0.33017,0.34004,131662.0
1736380800,0.34003,0.34327,0.33609,0.3394,189086.0
1736395200,0.33941,0.34058,0.32988,0.33079,398323.0
1736409600,0.33029,0.33798,0.32942,0.3355,280191.0
1736424000,0.33571,0.33809,0.32074,0.33576,645851.0
1736438400,0.33551,0.33776,0.3232,0.32382,457806.0
1736452800,0.32389,0.3285,0.31897,0.32703,384123.0
1736467200,0.32778,0.33158,0.32537,0.3313,272983.0
1736481600,0.33209,0.34031,0.32971,0.33839,149505.0
1736496000,0.33825,0.33996,0.33425,0.33602,317933.0
1736510400,0.33592,0.33675,0.322,0.3285,529607.0
1736524800,0.32806,0.33532,0.32327,0.3326,280366.0
1736539200,0.33173,0.33278,0.32857,0.33054,90071.0
1736553600,0.33068,0.3326,0.32653,0.32716,118912.0
1736568000,0.32728,0.33028,0.32589,0.32781,45955.0
1736582400,0.3289,0.33067,0.32561,0.32992,46318.0
1736596800,0.3299,0.33025,0.3255,0.32577,78611.0
1736611200,0.32583,0.32879,0.32378,0.32483,101042.0
1736625600,0.32479,0.33473,0.32462,0.32818,123599.0
1736640000,0.32838,0.33148,0.32717,0.33018,154245.0
1736654400,0.33061,0.33088,0.32561,0.3275,77383.0
1736668800,0.32752,0.32833,0.32316,0.3274,49387.0
1736683200,0.32704,0.33624,0.32584,0.33432,220294.0
1736697600,0.33349,0.33373,0.32948,0.32986,174226.0
1736712000,0.3305,0.3312,0.32226,0.32676,132097.0
1736726400,0.32601,0.334,0.31413,0.31572,478701.0
1736740800,0.31503,0.32145,0.30772,0.31113,378297.0
1736755200,0.31114,0.31128,0.29362,0.29362,445793.0
1736769600,0.29449,0.30545,0.28787,0.30301,716539.0
1736784000,0.30289,0.30372,0.29163,0.29729,593889.0
1736798400,0.29714,0.31423,0.29522,0.31128,252146.0
1736812800,0.31144,0.31814,0.30985,0.31358,399148.0
1736827200,0.31447,0.32027,0.31386,0.31497,154409.0
1736841600,0.31549,0.32471,0.31549,0.32011,288598.0
1736856000,0.32102,0.32468,0.31706,0.32175,539227.0
1736870400,0.32137,0.32556,0.31897,0.32402,181022.0
1736884800,0.32443,0.32691,0.32196,0.32362,225327.0
1736899200,0.32375,0.325,0.319,0.32324,250785.0
1736913600,0.32441,0.32468,0.32001,0.32206,107088.0
1736928000,0.32242,0.3241,0.31362,0.31631,252141.0
1736942400,0.31645,0.33563,0.31317,0.33272,364049.0
1736956800,0.33363,0.33936,0.32884,0.33936,208914.0
1736971200,0.33927,0.34423,0.33678,0.34409,122466.0
1736985600,0.34494,0.34495,0.335,0.33685,256389.0
1737000000,0.33733,0.33854,0.33449,0.33714,81020.0
1737014400,0.33715,0.33775,0.32813,0.33674,177841.0
1737028800,0.33772,0.3455,0.32884,0.33671,549606.0
1737043200,0.33688,0.34347,0.33669,0.34347,121866.0
1737057600,0.3434,0.34386,0.33293,0.33599,214989.0
1737072000,0.33574,0.34802,0.33574,0.3437,120665.0
1737086400,0.34369,0.34896,0.34214,0.34675,176842.0
1737100800,0.34752,0.35442,0.34602,0.35287,240589.0
1737115200,0.35258,0.35615,0.34957,0.35379,232738.0
1737129600,0.35455,0.35742,0.35013,0.35284,117479.0
1737144000,0.35232,0.3609,0.35232,0.35751,90877.0
1737158400,0.35784,0.37077,0.34764,0.34944,508587.0
1737172800,0.34806,0.3513,0.33816,0.3396,533618.0
1737187200,0.33864,0.37033,0.33319,0.3527,3947945.0
1737201600,0.35275,0.37037,0.34558,0.36532,1192637.0
1737216000,0.36551,0.37189,0.34796,0.35099,1782306.0
1737230400,0.3514,0.36055,0.34325,0.35793,537159.0
1737244800,0.35606,0.36922,0.34667,0.34877,543577.0
1737259200,0.34745,0.35623,0.34584,0.34785,1022454.0
1737273600,0.345,0.34537,0.3267,0.32965,1363814.0
1737288000,0.32967,0.35086,0.32582,0.34746,733776.0
1737302400,0.34624,0.3553,0.34352,0.35364,686415.0
1737316800,0.35504,0.35874,0.31362,0.3183,2401644.0
1737331200,0.31886,0.31895,0.30267,0.31038,943346.0
1737345600,0.31038,0.34519,0.30725,0.34214,462060.0
1737360000,0.34288,0.34676,0.32922,0.33415,315266.0
1737374400,0.33435,0.33463,0.32111,0.32244,642636.0
1737388800,0.32198,0.32522,0.30358,0.31714,1499949.0
1737403200,0.31647,0.32007,0.30886,0.31119,236613.0
1737417600,0.31126,0.31173,0.29835,0.30067,485641.0
1737432000,0.30072,0.30237,0.29458,0.30019,234855.0
1737446400,0.29956,0.30818,0.29668,0.30818,327632.0
1737460800,0.30758,0.31214,0.30534,0.30887,432865.0
1737475200,0.30868,0.33304,0.30826,0.32713,212004.0
1737489600,0.32707,0.32719,0.31767,0.31985,155074.0
1737504000,0.3192,0.32151,0.31515,0.31817,164932.0
1737518400,0.31856,0.33185,0.31603,0.3304,361691.0
1737532800,0.33042,0.33042,0.32308,0.32721,257124.0
1737547200,0.32776,0.33299,0.32329,0.32948,275384.0
1737561600,0.32651,0.33415,0.32391,0.33069,166795.0
1737576000,0.33072,0.335,0.32167,0.32482,140802.0
1737590400,0.32468,0.32468,0.31342,0.3142,153697.0
1737604800,0.31447,0.32016,0.31067,0.32003,264060.0
1737619200,0.3202,0.3208,0.30994,0.31313,143603.0
1737633600,0.3126,0.32074,0.30496,0.31679,604261.0
1737648000,0.31782,0.3248,0.30783,0.30905,433152.0
1737662400,0.3091,0.32047,0.30646,0.31771,400917.0
1737676800,0.31854,0.32048,0.30604,0.31275,200362.0
1737691200,0.3126,0.32568,0.31101,0.32262,377614.0
1737705600,0.32306,0.32637,0.32013,0.3259,199537.0
1737720000,0.32541,0.32803,0.31974,0.32249,196266.0
1737734400,0.32245,0.32326,0.31842,0.31953,201016.0
1737748800,0.31997,0.32088,0.30832,0.31026,214079.0
1737763200,0.3105,0.31733,0.30452,0.31695,408006.0
1737777600,0.31632,0.31632,0.30799,0.30815,289888.0
1737792000,0.30843,0.31359,0.30841,0.31289,400527.0
1737806400,0.31228,0.31977,0.31027,0.31838,145354.0
1737820800,0.31864,0.32197,0.31661,0.32088,101072.0
1737835200,0.32172,0.3224,0.31655,0.31702,82265.0
1737849600,0.31715,0.32061,0.31428,0.31856,213516.0
1737864000,0.31812,0.32049,0.31681,0.31796,157606.0
1737878400,0.31807,0.31899,0.31126,0.3148,48484.0
1737892800,0.31487,0.32583,0.3141,0.32244,584024.0
1737907200,0.32244,0.32343,0.31922,0.32237,144479.0
1737921600,0.32203,0.3227,0.30357,0.30357,543293.0
1737936000,0.30364,0.30527,0.29213,0.29513,981077.0
1737950400,0.29511,0.29511,0.2766,0.28244,373844.0
1737964800,0.28208,0.28208,0.27234,0.2766,333973.0
1737979200,0.27598,0.28911,0.27244,0.28642,704990.0
1737993600,0.28638,0.28676,0.27615,0.27882,618690.0
1738008000,0.27943,0.29321,0.27943,0.29033,557525.0
1738022400,0.2903,0.29248,0.2846,0.29029,389664.0
1738036800,0.29063,0.29439,0.28823,0.28888,365513.0
1738051200,0.28893,0.28893,0.28555,0.28768,353358.0
1738065600,0.28738,0.28863,0.28208,0.2854,162190.0
1738080000,0.28452,0.28484,0.27778,0.27862,107530.0
1738094400,0.27853,0.27887,0.26556,0.26837,356634.0
1738108800,0.26799,0.27317,0.26343,0.2724,291550.0
1738123200,0.27293,0.28026,0.27142,0.27962,210166.0
1738137600,0.27988,0.28138,0.27339,0.27512,131729.0
1738152000,0.2759,0.27623,0.26644,0.26893,124587.0
1738166400,0.26827,0.28086,0.26581,0.27769,449091.0
1738180800,0.27702,0.28551,0.27342,0.27436,277563.0
1738195200,0.27483,0.28287,0.27097,0.28282,131552.0
1738209600,0.2837,0.28443,0.28096,0.28321,219404.0
1738224000,0.28324,0.2869,0.2815,0.28642,505360.0
1738238400,0.28664,0.29193,0.28373,0.28888,385361.0
1738252800,0.28974,0.29172,0.2863,0.29001,215286.0
1738267200,0.29025,0.29025,0.28616,0.28621,146903.0
1738281600,0.28616,0.28871,0.2824,0.28395,204325.0
1738296000,0.28422,0.28828,0.28219,0.28547,438773.0
1738310400,0.28518,0.29235,0.28278,0.29164,110378.0
1738324800,0.29168,0.29728,0.28892,0.29728,259844.0
1738339200,0.29724,0.29759,0.2845,0.28808,239327.0
1738353600,0.28688,0.28748,0.28218,0.28544,203307.0
1738368000,0.2853,0.28947,0.28323,0.28428,147122.0
1738382400,0.28486,0.287,0.28229,0.28274,226345.0
1738396800,0.28338,0.28341,0.27494,0.27825,146110.0
1738411200,0.27821,0.2795,0.27183,0.27429,106114.0
1738425600,0.27407,0.27595,0.2645,0.26503,93995.0
1738440000,0.26541,0.26541,0.25488,0.25679,817062.0
1738454400,0.25662,0.2607,0.248,0.24832,386012.0
1738468800,0.24805,0.25538,0.24805,0.25316,520280.0
1738483200,0.25319,0.25879,0.24759,0.24901,122498.0
1738497600,0.24798,0.25511,0.24671,0.25058,296445.0
1738512000,0.25057,0.25057,0.22561,0.23354,663365.0
1738526400,0.23354,0.23599,0.21432,0.22275,924679.0
1738540800,0.2221,0.22232,0.16488,0.18456,4060491.0
1738555200,0.18495,0.20145,0.17861,0.20118,1619495.0
1738569600,0.20039,0.20061,0.19168,0.19675,994830.0
1738584000,0.1972,0.21064,0.18787,0.20797,1711849.0
1738598400,0.20826,0.21694,0.20687,0.2166,733841.0
1738612800,0.21653,0.22731,0.21273,0.22442,825547.0
1738627200,0.22463,0.22674,0.21217,0.2142,711771.0
1738641600,0.21405,0.21656,0.19669,0.1976,781509.0
1738656000,0.19709,0.20633,0.19626,0.20343,446076.0
1738670400,0.20391,0.21203,0.20299,0.20818,2457017.0
1738684800,0.20889,0.21581,0.20558,0.20558,1892103.0
1738699200,0.20631,0.20724,0.19725,0.20453,601196.0
1738713600,0.2039,0.20582,0.20042,0.20241,237527.0
1738728000,0.20269,0.20464,0.20029,0.20193,190992.0
1738742400,0.20189,0.20694,0.19982,0.20688,183696.0
1738756800,0.20666,0.20979,0.20345,0.20614,226428.0
1738771200,0.2071,0.2071,0.19555,0.20184,449752.0
1738785600,0.20201,0.20287,0.19435,0.19724,202608.0
1738800000,0.19748,0.2014,0.1962,0.20039,223208.0
1738814400,0.2002,0.20305,0.19941,0.2001,180960.0
1738828800,0.20061,0.20166,0.19648,0.19866,98904.0
1738843200,0.1987,0.19891,0.18571,0.18613,502224.0
1738857600,0.18624,0.1887,0.18214,0.18291,282228.0
1738872000,0.18253,0.18498,0.18044,0.18221,271567.0
1738886400,0.18206,0.18753,0.18167,0.18553,209529.0
1738900800,0.1856,0.18682,0.18037,0.18303,136873.0
1738915200,0.18308,0.18822,0.18242,0.18722,178835.0
1738929600,0.18716,0.19363,0.18447,0.18751,673523.0
1738944000,0.18753,0.18756,0.17927,0.17927,337025.0
1738958400,0.17952,0.17952,0.17138,0.17701,750268.0
1738972800,0.17708,0.17995,0.17531,0.17729,228761.0
1738987200,0.17709,0.17907,0.17444,0.17803,131728.0
1739001600,0.17803,0.17803,0.17382,0.17501,157976.0
1739016000,0.17494,0.18188,0.17387,0.17901,158791.0
1739030400,0.17925,0.18687,0.1783,0.18585,178543.0
1739044800,0.18616,0.19111,0.1854,0.18938,216205.0
1739059200,0.18943,0.19774,0.18801,0.19774,380132.0
1739073600,0.19762,0.20093,0.19413,0.20026,228980.0
1739088000,0.20007,0.20245,0.19525,0.19525,130831.0
1739102400,0.19521,0.1962,0.19021,0.1953,191923.0
1739116800,0.19534,0.19742,0.19188,0.19237,189293.0
1739131200,0.19223,0.19545,0.18512,0.19487,452437.0
1739145600,0.19514,0.19967,0.18789,0.19361,1511022.0
1739160000,0.19365,0.20071,0.1927,0.19697,388004.0
1739174400,0.19698,0.20056,0.1965,0.20031,233259.0
1739188800,0.20027,0.20452,0.19804,0.19928,541321.0
1739203200,0.19959,0.2028,0.19918,0.20119,587601.0
1739217600,0.20119,0.20237,0.19903,0.20018,905875.0
1739232000,0.20056,0.20606,0.20004,0.20345,303198.0
1739246400,0.20342,0.21354,0.20312,0.21225,134909.0
1739260800,0.21256,0.21535,0.20714,0.20944,153205.0
1739275200,0.20948,0.20957,0.19973,0.20247,134482.0
1739289600,0.20188,0.20301,0.19614,0.19679,78536.0
1739304000,0.19681,0.2027,0.19681,0.20017,233403.0
1739318400,0.19949,0.20323,0.19788,0.19852,251814.0
1739332800,0.19847,0.20043,0.19633,0.19856,125309.0
1739347200,0.19856,0.20148,0.19725,0.20065,224125.0
1739361600,0.20059,0.20487,0.19264,0.20019,738583.0
1739376000,0.19992,0.20931,0.19763,0.20865,521147.0
1739390400,0.20892,0.21589,0.20821,0.21246,390551.0
1739404800,0.21256,0.21507,0.20908,0.21369,216032.0
1739419200,0.21391,0.21391,0.2052,0.20668,129695.0
1739433600,0.2063,0.20841,0.20438,0.20479,187561.0
1739448000,0.20518,0.20667,0.20082,0.20352,285890.0
1739462400,0.20286,0.20654,0.20056,0.20375,219942.0
1739476800,0.20342,0.20627,0.20312,0.20398,136113.0
1739491200,0.20427,0.20898,0.20352,0.20861,85978.0
1739505600,0.20832,0.20882,0.20533,0.20765,220487.0
1739520000,0.20782,0.21286,0.20751,0.20872,124279.0
1739534400,0.20868,0.21321,0.20616,0.21213,242413.0
1739548800,0.21219,0.24784,0.20986,0.22123,2816945.0
1739563200,0.22126,0.24262,0.21449,0.23181,3307956.0
1739577600,0.23242,0.23242,0.2246,0.22696,557508.0
1739592000,0.22699,0.22699,0.21794,0.22017,311431.0
1739606400,0.22008,0.22359,0.214,0.21536,369917.0
1739620800,0.2152,0.21742,0.2115,0.21397,647361.0
1739635200,0.21379,0.21528,0.21105,0.21139,183539.0
1739649600,0.21147,0.21399,0.21089,0.21384,123828.0
1739664000,0.21375,0.21436,0.20681,0.20887,285364.0
1739678400,0.20888,0.21285,0.20888,0.20995,100847.0
1739692800,0.21024,0.21753,0.21024,0.21748,145864.0
1739707200,0.21695,0.21733,0.20899,0.2126,142250.0
1739721600,0.21251,0.21325,0.20725,0.20971,153597.0
1739736000,0.20925,0.21094,0.20576,0.20968,133728.0
1739750400,0.20963,0.21642,0.2094,0.21466,164942.0
1739764800,0.21407,0.21463,0.20755,0.20831,333949.0
1739779200,0.20789,0.21596,0.20789,0.21596,236480.0
1739793600,0.21566,0.21949,0.20995,0.21043,796889.0
1739808000,0.21053,0.212,0.20293,0.20487,714841.0
1739822400,0.2047,0.21147,0.20465,0.20843,421684.0
1739836800,0.20875,0.20954,0.20506,0.20662,356461.0
1739851200,0.20649,0.20722,0.19672,0.19872,315207.0
1739865600,0.19774,0.20312,0.1957,0.20159,469738.0
1739880000,0.2014,0.22281,0.20129,0.21624,3638617.0
1739894400,0.21615,0.22038,0.2055,0.20858,1517547.0
1739908800,0.20834,0.21303,0.20435,0.21178,592752.0
1739923200,0.21152,0.21241,0.20105,0.20446,768750.0
1739937600,0.2046,0.207,0.20055,0.20512,185863.0
1739952000,0.20545,0.21048,0.2036,0.21012,651279.0
1739966400,0.21013,0.21101,0.20205,0.20205,642695.0
1739980800,0.20208,0.20844,0.20208,0.20387,360385.0
1739995200,0.204,0.21715,0.20073,0.21189,4116097.0
1740009600,0.2118,0.21753,0.21114,0.21594,820790.0
1740024000,0.21591,0.21848,0.21428,0.21557,498712.0
1740038400,0.21557,0.23359,0.21542,0.22993,1268340.0
1740052800,0.22958,0.23262,0.22249,0.22979,715093.0
1740067200,0.22971,0.26368,0.22969,0.25559,6041739.0
1740081600,0.25572,0.25667,0.24156,0.24233,1420150.0
1740096000,0.24232,0.24465,0.23642,0.24099,362827.0
1740110400,0.24131,0.24913,0.24071,0.24153,408634.0
1740124800,0.24153,0.25402,0.24144,0.25187,734936.0
1740139200,0.25198,0.25533,0.23727,0.24205,1031371.0
1740153600,0.24202,0.24742,0.22839,0.23149,1229658.0
1740168000,0.23152,0.23715,0.23077,0.23344,545480.0
1740182400,0.23361,0.25021,0.23129,0.2396,954998.0
1740196800,0.2396,0.24351,0.23409,0.23409,639630.0
1740211200,0.23482,0.24173,0.23301,0.2401,303722.0
1740225600,0.24001,0.24082,0.23569,0.23824,396031.0
1740240000,0.23879,0.24645,0.23879,0.2439,793221.0
1740254400,0.24386,0.24386,0.23715,0.23871,386458.0
1740268800,0.23861,0.24339,0.23631,0.237,419747.0
1740283200,0.237,0.24423,0.23427,0.2439,115253.0
1740297600,0.2442,0.2472,0.23936,0.24319,327828.0
1740312000,0.24333,0.24781,0.23661,0.23706,443678.0
1740326400,0.2362,0.24282,0.2362,0.24066,180074.0
1740340800,0.24013,0.24771,0.23888,0.24613,531007.0
1740355200,0.24647,0.25048,0.23223,0.2334,653956.0
1740369600,0.23338,0.23654,0.2304,0.23422,403692.0
1740384000,0.23382,0.23524,0.22566,0.23157,705176.0
1740398400,0.23133,0.23214,0.21899,0.22035,1029715.0
1740412800,0.22027,0.22353,0.21585,0.21715,385057.0
1740427200,0.21689,0.22464,0.20337,0.20584,1056173.0
1740441600,0.20571,0.20784,0.19913,0.20195,966622.0
1740456000,0.20218,0.20384,0.18852,0.19565,736686.0
1740470400,0.1954,0.20467,0.19021,0.20463,1168275.0
1740484800,0.20435,0.20719,0.19471,0.19933,751328.0
1740499200,0.19853,0.20535,0.19706,0.20521,502328.0
1740513600,0.20529,0.2144,0.20456,0.20887,426016.0
1740528000,0.20888,0.21717,0.20822,0.21497,255105.0
1740542400,0.21497,0.2158,0.20885,0.21058,456577.0
1740556800,0.21037,0.21179,0.20718,0.20722,129256.0
1740571200,0.20716,0.21459,0.20101,0.21031,862192.0
1740585600,0.21047,0.21355,0.20036,0.2033,1097288.0
1740600000,0.20277,0.21493,0.20147,0.21117,618972.0
1740614400,0.21181,0.21725,0.20905,0.21692,280605.0
1740628800,0.21645,0.22157,0.21417,0.2189,217001.0
1740643200,0.2186,0.21999,0.21536,0.2173,596974.0
1740657600,0.2175,0.21838,0.20925,0.2118,489846.0
1740672000,0.21265,0.21408,0.20908,0.20971,352161.0
1740686400,0.20964,0.21027,0.20616,0.21005,275150.0
1740700800,0.21078,0.21259,0.19534,0.19534,491053.0
1740715200,0.19565,0.19638,0.1912,0.19229,785496.0
1740729600,0.19182,0.19786,0.18921,0.19607,482165.0
1740744000,0.19599,0.20834,0.19387,0.20616,790182.0
1740758400,0.20615,0.21187,0.20486,0.20975,838347.0
1740772800,0.20976,0.21088,0.20746,0.2092,361617.0
1740787200,0.20913,0.21178,0.20574,0.20898,619737.0
1740801600,0.2089,0.20938,0.20381,0.2052,141206.0
1740816000,0.20526,0.20661,0.19929,0.19991,164310.0
1740830400,0.20001,0.2012,0.19757,0.1999,275324.0
1740844800,0.19983,0.20178,0.19889,0.20057,144318.0
1740859200,0.20076,0.20592,0.20003,0.204,176515.0
1740873600,0.20395,0.20547,0.20155,0.20291,158897.0
1740888000,0.2029,0.20505,0.20171,0.20193,103137.0
1740902400,0.20205,0.2043,0.20071,0.2029,101380.0
1740916800,0.20268,0.21105,0.19779,0.20663,628040.0
1740931200,0.20773,0.22358,0.20714,0.21961,1375159.0
1740945600,0.21966,0.22169,0.21891,0.22098,383529.0
1740960000,0.22115,0.2212,0.20961,0.21133,255971.0
1740974400,0.21119,0.21323,0.203,0.20621,287052.0
1740988800,0.20594,0.20676,0.20075,0.20422,283350.0
1741003200,0.20358,0.20791,0.19818,0.19966,214306.0
1741017600,0.20008,0.20236,0.18419,0.18505,707988.0
1741032000,0.18479,0.18638,0.18072,0.18288,612377.0
1741046400,0.18291,0.18326,0.1685,0.17523,1514025.0
1741060800,0.17483,0.17881,0.17337,0.17409,408614.0
1741075200,0.17416,0.17549,0.17164,0.17293,571805.0
1741089600,0.17284,0.17791,0.16623,0.17173,1584587.0
1741104000,0.17182,0.17853,0.16249,0.17804,902520.0
1741118400,0.17801,0.18101,0.17509,0.17715,316795.0
1741132800,0.17731,0.17803,0.17383,0.17391,447153.0
1741147200,0.17392,0.178,0.17392,0.17772,267934.0
1741161600,0.17771,0.18671,0.1777,0.18294,194105.0
1741176000,0.1828,0.18451,0.17842,0.17913,696862.0
1741190400,0.17901,0.18491,0.17639,0.18455,587603.0
1741204800,0.18445,0.18738,0.18445,0.18638,280313.0
1741219200,0.18686,0.18816,0.18272,0.18743,604471.0
1741233600,0.18763,0.19168,0.18663,0.18709,295057.0
1741248000,0.18762,0.1911,0.18647,0.19058,195577.0
1741262400,0.19045,0.1905,0.18236,0.18616,721008.0
1741276800,0.187,0.18728,0.17963,0.18084,281171.0
1741291200,0.18065,0.18785,0.18049,0.18075,986645.0
1741305600,0.18144,0.18295,0.17066,0.17664,989402.0
1741320000,0.17664,0.18002,0.17638,0.17968,284383.0
1741334400,0.17978,0.18216,0.17712,0.1802,233212.0
1741348800,0.1802,0.18313,0.17617,0.17858,495675.0
1741363200,0.17848,0.18183,0.17286,0.17804,841103.0
1741377600,0.17794,0.1789,0.16998,0.17054,1306831.0
1741392000,0.17056,0.17149,0.16768,0.16971,327568.0
1741406400,0.1697,0.17171,0.16863,0.16931,478102.0
1741420800,0.16918,0.17055,0.16529,0.16599,549079.0
1741435200,0.16613,0.16807,0.16519,0.16535,774029.0
1741449600,0.16529,0.16975,0.16339,0.16939,777817.0
1741464000,0.16943,0.17001,0.16572,0.16759,366955.0
1741478400,0.16778,0.16857,0.1645,0.16603,70607.0
1741492800,0.16605,0.16712,0.1638,0.1664,379394.0
1741507200,0.16681,0.16738,0.1612,0.16241,268128.0
1741521600,0.16209,0.16364,0.15505,0.15567,1054540.0
1741536000,0.15555,0.15685,0.14737,0.15006,754146.0
1741550400,0.15006,0.15242,0.14595,0.14645,1957482.0
1741564800,0.14647,0.14967,0.14326,0.14765,797144.0
1741579200,0.14763,0.15515,0.1476,0.15304,919514.0
1741593600,0.1535,0.15844,0.14992,0.15738,1039603.0
1741608000,0.15741,0.15898,0.14669,0.14967,1675814.0
1741622400,0.14975,0.15122,0.13469,0.13934,1821149.0
1741636800,0.14008,0.14125,0.1369,0.13692,803443.0
1741651200,0.13722,0.13849,0.12762,0.13717,1583228.0
1741665600,0.13729,0.14286,0.13719,0.14047,539558.0
1741680000,0.14042,0.14264,0.1399,0.14163,915151.0
1741694400,0.14171,0.14233,0.1339,0.14076,1074446.0
1741708800,0.1404,0.14543,0.13847,0.14381,455947.0
1741723200,0.14398,0.14433,0.13998,0.13998,228429.0
1741737600,0.14048,0.14208,0.13567,0.13567,275322.0
1741752000,0.13567,0.13939,0.13367,0.13887,432583.0
1741766400,0.1391,0.14299,0.13818,0.14233,535564.0
1741780800,0.14241,0.14693,0.1366,0.13857,512812.0
1741795200,0.13847,0.14348,0.13847,0.14209,329628.0
1741809600,0.14213,0.14535,0.14147,0.14498,240036.0
1741824000,0.14502,0.14588,0.14272,0.14336,263326.0
1741838400,0.14341,0.14394,0.14081,0.14212,172299.0
1741852800,0.14227,0.14614,0.14139,0.1456,202095.0
1741867200,0.14558,0.14768,0.14075,0.14119,364008.0
1741881600,0.1415,0.1415,0.13664,0.1382,244335.0
1741896000,0.13831,0.14205,0.13689,0.14113,317502.0
1741910400,0.14125,0.1436,0.14055,0.1434,161363.0
1741924800,0.14343,0.1453,0.14312,0.14472,204564.0
1741939200,0.14486,0.14729,0.14486,0.14604,196747.0
1741953600,0.14598,0.15115,0.14499,0.14957,425958.0
1741968000,0.14962,0.15062,0.14805,0.14851,238990.0
1741982400,0.14831,0.15053,0.14802,0.1487,252768.0
1741996800,0.149,0.15159,0.14811,0.15127,219757.0
1742011200,0.15135,0.15177,0.15018,0.15029,121219.0
1742025600,0.15057,0.15066,0.14903,0.15061,81272.0
1742040000,0.15065,0.15277,0.15041,0.1518,327106.0
1742054400,0.15216,0.15369,0.15111,0.15167,239064.0
1742068800,0.15184,0.15302,0.15059,0.1511,203401.0
1742083200,0.15128,0.15164,0.14874,0.15098,92594.0
1742097600,0.15113,0.15311,0.15064,0.15237,133138.0
1742112000,0.15263,0.15317,0.14665,0.14665,129358.0
1742126400,0.14649,0.14762,0.14421,0.14638,275302.0
1742140800,0.14641,0.1504,0.14441,0.14459,216997.0
1742155200,0.14471,0.14595,0.14338,0.14491,198798.0
1742169600,0.1453,0.14908,0.14502,0.14891,2245059.0
1742184000,0.14901,0.14981,0.14672,0.14905,678882.0
1742198400,0.14909,0.15236,0.14799,0.15133,172383.0
1742212800,0.15142,0.15381,0.1492,0.1521,2009947.0
1742227200,0.15205,0.1555,0.15146,0.15406,216808.0
1742241600,0.15392,0.15486,0.15258,0.15279,264950.0
1742256000,0.15284,0.15366,0.14859,0.14904,507630.0
1742270400,0.14904,0.15052,0.14785,0.14962,250198.0
1742284800,0.14967,0.15144,0.14869,0.14918,182588.0
1742299200,0.149,0.14977,0.14542,0.14555,440390.0
1742313600,0.14592,0.14726,0.14393,0.14704,355196.0
1742328000,0.14714,0.15096,0.14642,0.15021,162682.0
1742342400,0.15079,0.1521,0.14911,0.15196,174168.0
1742356800,0.15229,0.15264,0.14912,0.14912,220745.0
1742371200,0.1493,0.15467,0.14928,0.15412,641479.0
1742385600,0.15424,0.15526,0.15206,0.15381,3343974.0
1742400000,0.15379,0.1561,0.15079,0.15402,769547.0
1742414400,0.15466,0.15631,0.15408,0.15601,281967.0
1742428800,0.15649,0.15754,0.15264,0.15285,134964.0
1742443200,0.15283,0.15373,0.15161,0.15304,391963.0
1742457600,0.15287,0.15399,0.14948,0.15074,66462.0
1742472000,0.15066,0.1526,0.14977,0.14987,292183.0
1742486400,0.15076,0.15105,0.1471,0.14875,481358.0
1742500800,0.14873,0.15002,0.14862,0.14923,212996.0
1742515200,0.14946,0.15172,0.14913,0.14929,478870.0
1742529600,0.14926,0.14992,0.14708,0.14796,86605.0
1742544000,0.14811,0.14876,0.1441,0.14499,236344.0
1742558400,0.14497,0.14632,0.14371,0.14462,375647.0
1742572800,0.14474,0.14865,0.14381,0.14798,677451.0
1742587200,0.14801,0.14976,0.14717,0.14829,495383.0
1742601600,0.14823,0.15165,0.14823,0.15157,179837.0
1742616000,0.15153,0.15708,0.15117,0.15555,301947.0
1742630400,0.15543,0.15846,0.15538,0.15618,178611.0
1742644800,0.15628,0.15636,0.15384,0.15627,230611.0
1742659200,0.15621,0.1618,0.155,0.15991,405370.0
1742673600,0.16012,0.16176,0.15824,0.16143,358692.0
1742688000,0.16099,0.16528,0.15836,0.16487,918682.0
1742702400,0.16497,0.16972,0.16077,0.16232,1132312.0
1742716800,0.16281,0.16584,0.16161,0.16408,269458.0
1742731200,0.1644,0.16458,0.15793,0.15838,811485.0
1742745600,0.15833,0.15872,0.15632,0.15787,224323.0
1742760000,0.15802,0.16071,0.15743,0.16033,118047.0
1742774400,0.16018,0.16746,0.15891,0.16636,316711.0
1742788800,0.16706,0.17103,0.16683,0.17006,489595.0
1742803200,0.17142,0.17142,0.16671,0.16761,302463.0
1742817600,0.16773,0.16853,0.16523,0.1665,388629.0
1742832000,0.16654,0.16685,0.16445,0.16644,347040.0
1742846400,0.1664,0.17004,0.1664,0.16907,352681.0
1742860800,0.16899,0.16992,0.16416,0.16478,168677.0
1742875200,0.1645,0.16836,0.16383,0.16674,167292.0
1742889600,0.1667,0.17278,0.1667,0.17107,577030.0
1742904000,0.17115,0.17444,0.16991,0.17235,571940.0
1742918400,0.17232,0.17575,0.17144,0.1736,432481.0
1742932800,0.17357,0.17555,0.1726,0.1729,663000.0
1742947200,0.17295,0.17612,0.171,0.17199,858799.0
1742961600,0.17198,0.17637,0.17188,0.17569,228639.0
1742976000,0.17568,0.17646,0.17352,0.17576,108080.0
1742990400,0.17577,0.17613,0.1691,0.17028,396978.0
1743004800,0.17067,0.17198,0.16716,0.16832,178849.0
1743019200,0.16824,0.17042,0.16753,0.16951,228193.0
1743033600,0.16955,0.17321,0.16918,0.17317,261744.0
1743048000,0.17332,0.17405,0.16985,0.17009,69032.0
1743062400,0.17035,0.17126,0.16736,0.16772,274210.0
1743076800,0.16782,0.1711,0.16629,0.16962,431111.0
1743091200,0.1695,0.17151,0.16838,0.16997,138394.0
1743105600,0.17009,0.17143,0.16862,0.16876,200704.0
1743120000,0.16878,0.16878,0.16326,0.16425,265290.0
1743134400,0.16428,0.16473,0.15653,0.15657,489524.0
1743148800,0.15656,0.15734,0.15501,0.15726,635972.0
1743163200,0.1572,0.15796,0.15262,0.15272,587785.0
1743177600,0.15303,0.1537,0.1495,0.14974,269660.0
1743192000,0.14974,0.15291,0.14931,0.15213,570931.0
1743206400,0.15214,0.15334,0.1484,0.1511,275537.0
1743220800,0.15104,0.15191,0.14701,0.14777,289184.0
1743235200,0.14816,0.14858,0.14365,0.1446,197714.0
1743249600,0.1447,0.14626,0.14336,0.1436,407511.0
1743264000,0.14425,0.14441,0.14024,0.14225,301225.0
1743278400,0.14229,0.14455,0.14123,0.1443,376644.0
1743292800,0.14437,0.14811,0.14269,0.14724,499431.0
1743307200,0.14715,0.14867,0.14627,0.14704,361160.0
1743321600,0.14734,0.14968,0.14734,0.14908,359174.0
1743336000,0.14911,0.15079,0.14708,0.14728,489752.0
1743350400,0.1476,0.14819,0.14518,0.14646,179522.0
1743364800,0.14644,0.14644,0.1424,0.14367,216835.0
1743379200,0.14372,0.14538,0.14008,0.14264,532057.0
1743393600,0.14283,0.14463,0.13974,0.14039,416278.0
1743408000,0.14089,0.14132,0.13597,0.13997,747447.0
1743422400,0.1401,0.14478,0.13955,0.14288,583496.0
1743436800,0.1426,0.14359,0.13939,0.14004,372157.0
1743451200,0.13987,0.1405,0.13853,0.13922,244879.0
1743465600,0.13929,0.14289,0.13871,0.14165,1141442.0
1743480000,0.14181,0.1455,0.14141,0.14468,352688.0
1743494400,0.14509,0.14858,0.14406,0.14459,256765.0
1743508800,0.14459,0.14874,0.14249,0.14806,640751.0
1743523200,0.14818,0.14892,0.14332,0.14334,296237.0
1743537600,0.14372,0.14574,0.14234,0.14441,326178.0
1743552000,0.14443,0.14443,0.13875,0.14165,794177.0
1743566400,0.14157,0.14224,0.13876,0.14054,357402.0
1743580800,0.14065,0.14289,0.13968,0.14099,429109.0
1743595200,0.14101,0.14741,0.13955,0.14624,1398060.0
1743609600,0.14635,0.14734,0.14342,0.14614,607483.0
1743624000,0.14621,0.15013,0.13221,0.13348,1491551.0
1743638400,0.13352,0.13684,0.13258,0.13567,288694.0
1743652800,0.13553,0.13697,0.132,0.13255,296960.0
1743667200,0.13255,0.13347,0.12854,0.12942,557397.0
1743681600,0.12943,0.12998,0.126,0.12865,667022.0
1743696000,0.12878,0.13163,0.12799,0.13101,258351.0
1743710400,0.13113,0.13397,0.12983,0.13077,780842.0
1743724800,0.13109,0.13167,0.12859,0.12996,307095.0
1743739200,0.12999,0.1324,0.12944,0.13219,416896.0
1743753600,0.13253,0.13355,0.12656,0.12833,532536.0
1743768000,0.12813,0.13461,0.12734,0.13221,622926.0
1743782400,0.1326,0.13477,0.1312,0.13327,722375.0
1743796800,0.1334,0.13644,0.13334,0.13424,201363.0
1743811200,0.13427,0.13628,0.13395,0.13477,366074.0
1743825600,0.13484,0.13568,0.13423,0.13551,91793.0
1743840000,0.13555,0.13571,0.13334,0.13374,142846.0
1743854400,0.13372,0.13409,0.13093,0.13138,191062.0
1743868800,0.13136,0.13229,0.13046,0.13058,311925.0
1743883200,0.13066,0.13249,0.13004,0.13232,349494.0
1743897600,0.13241,0.13241,0.12954,0.12954,669999.0
1743912000,0.12964,0.13071,0.12866,0.12881,138560.0
1743926400,0.12884,0.13005,0.12825,0.1291,775539.0
1743940800,0.12926,0.12953,0.12361,0.12505,768508.0
1743955200,0.12505,0.12505,0.11555,0.11722,1257496.0
1743969600,0.117,0.11749,0.1133,0.11558,1190854.0
1743984000,0.11532,0.11834,0.11143,0.11281,1918927.0
1743998400,0.11302,0.11475,0.10443,0.1069,2280483.0
1744012800,0.107,0.11372,0.10616,0.11196,2446985.0
1744027200,0.11216,0.12525,0.11125,0.11993,1961649.0
1744041600,0.11986,0.12135,0.117,0.11909,384365.0
1744056000,0.11921,0.12259,0.11921,0.12039,260492.0
1744070400,0.12033,0.12434,0.11944,0.12218,207593.0
1744084800,0.1226,0.12294,0.11991,0.121,185230.0
1744099200,0.12109,0.12458,0.11942,0.1233,282023.0
1744113600,0.12328,0.1235,0.11903,0.11975,473279.0
1744128000,0.11978,0.12002,0.11447,0.11582,522712.0
1744142400,0.11562,0.11701,0.11365,0.11428,259331.0
1744156800,0.11437,0.11548,0.10971,0.1135,420628.0
1744171200,0.11357,0.11931,0.11328,0.11897,451487.0
1744185600,0.11892,0.11934,0.11478,0.11565,214186.0
1744200000,0.11565,0.12029,0.11395,0.11955,337975.0
1744214400,0.11956,0.1297,0.11956,0.12756,614481.0
1744228800,0.12763,0.1285,0.12703,0.12794,159595.0
1744243200,0.12808,0.12839,0.12467,0.12514,175142.0
1744257600,0.12518,0.12603,0.1235,0.12446,112335.0
1744272000,0.12476,0.12493,0.12167,0.12229,185650.0
1744286400,0.12228,0.12509,0.11714,0.1174,432303.0
1744300800,0.11741,0.1209,0.11681,0.12061,345172.0
1744315200,0.12035,0.12289,0.12035,0.12161,233786.0
1744329600,0.12178,0.12571,0.12115,0.12544,261256.0
1744344000,0.12544,0.1278,0.12511,0.12579,338770.0
1744358400,0.12511,0.12773,0.12511,0.12654,276985.0
1744372800,0.12682,0.12846,0.12589,0.12842,1011795.0
1744387200,0.12826,0.12953,0.1275,0.12778,187301.0
1744401600,0.12769,0.12919,0.12753,0.12795,216209.0
1744416000,0.12789,0.12863,0.1268,0.12824,186262.0
1744430400,0.12824,0.13208,0.12791,0.13098,438441.0
1744444800,0.131,0.13313,0.13088,0.13313,127374.0
1744459200,0.13321,0.13724,0.13252,0.13719,277721.0
1744473600,0.13728,0.13807,0.13541,0.13615,115835.0
1744488000,0.13621,0.1386,0.13615,0.13657,339378.0
1744502400,0.13659,0.13682,0.1346,0.13501,418369.0
1744516800,0.135,0.13533,0.13378,0.13433,69833.0
1744531200,0.1345,0.13606,0.13406,0.13484,182399.0
1744545600,0.135,0.13501,0.13166,0.13222,246011.0
1744560000,0.13225,0.13733,0.13112,0.13285,504523.0
1744574400,0.1327,0.13374,0.12898,0.12984,295941.0
1744588800,0.12995,0.13459,0.1299,0.13168,379535.0
1744603200,0.13173,0.13482,0.1316,0.1322,211658.0
1744617600,0.1324,0.13728,0.13227,0.13653,579142.0
1744632000,0.13666,0.13704,0.13067,0.13088,287615.0
1744646400,0.13108,0.13265,0.13018,0.13168,324622.0
1744660800,0.13189,0.1321,0.13009,0.13055,219887.0
1744675200,0.13075,0.13222,0.1294,0.13188,74791.0
1744689600,0.13192,0.13355,0.13079,0.13263,260243.0
1744704000,0.13257,0.13374,0.13205,0.13272,149339.0
1744718400,0.13264,0.13432,0.12979,0.13037,561247.0
1744732800,0.13069,0.1307,0.1253,0.12578,393282.0
1744747200,0.12582,0.12645,0.12389,0.12444,133362.0
1744761600,0.12446,0.12614,0.12352,0.12535,330698.0
1744776000,0.12534,0.1269,0.12423,0.12437,362657.0
1744790400,0.12448,0.12588,0.12308,0.12508,274843.0
1744804800,0.12536,0.12639,0.12347,0.12491,412355.0
1744819200,0.12499,0.12681,0.12079,0.12681,359363.0
1744833600,0.12626,0.12722,0.12375,0.12427,295270.0
1744848000,0.12442,0.12567,0.1238,0.1247,254238.0
1744862400,0.12463,0.12893,0.12441,0.1277,278707.0
1744876800,0.12788,0.12893,0.12741,0.12763,142055.0
1744891200,0.12778,0.12984,0.12639,0.12981,572012.0
1744905600,0.12993,0.13921,0.12964,0.13801,1689733.0
1744920000,0.13803,0.14129,0.13636,0.13729,1139542.0
1744934400,0.13772,0.13817,0.135,0.1371,498594.0
1744948800,0.13714,0.13767,0.13481,0.13709,223721.0
1744963200,0.13756,0.13972,0.13669,0.13936,155573.0
1744977600,0.13928,0.13945,0.13749,0.13793,104379.0
1744992000,0.13794,0.13828,0.13672,0.13782,460980.0
1745006400,0.13799,0.13799,0.13559,0.13618,429851.0
1745020800,0.13642,0.13907,0.1353,0.13761,658334.0
1745035200,0.13776,0.13882,0.13721,0.13776,67636.0
1745049600,0.13782,0.13882,0.13782,0.13856,61763.0
1745064000,0.1386,0.13924,0.13744,0.13799,435294.0
1745078400,0.13786,0.14043,0.13751,0.13891,141265.0
1745092800,0.139,0.1409,0.13835,0.13983,357317.0
1745107200,0.13989,0.14391,0.13979,0.14379,363505.0
1745121600,0.14385,0.14541,0.14119,0.14148,172800.0
1745136000,0.13838,0.13866,0.13749,0.13845,36944.0
1745150400,0.13851,0.14005,0.13815,0.13988,88230.0
1745164800,0.14001,0.14711,0.13968,0.14609,230214.0
1745179200,0.14575,0.14757,0.1436,0.14427,155138.0
1745193600,0.14433,0.14753,0.14342,0.14394,615578.0
1745208000,0.14421,0.14529,0.14381,0.14453,858887.0
1745222400,0.14467,0.146,0.14408,0.14571,108660.0
1745236800,0.14587,0.14679,0.14315,0.144,256485.0
1745251200,0.14389,0.14454,0.13929,0.14113,1143196.0
1745265600,0.14105,0.1411,0.1395,0.14024,80002.0
1745280000,0.14026,0.14366,0.13791,0.14041,465960.0
1745294400,0.14045,0.14271,0.1391,0.14261,1124217.0
1745308800,0.14259,0.14314,0.14089,0.1427,840679.0
1745323200,0.14269,0.14638,0.14199,0.14498,1235156.0
1745337600,0.14502,0.14647,0.14353,0.14615,150912.0
1745352000,0.14613,0.14977,0.14533,0.14905,442817.0
1745366400,0.14923,0.15476,0.14816,0.15456,622052.0
1745380800,0.15464,0.15678,0.15304,0.15381,282351.0
1745395200,0.15381,0.15514,0.15233,0.15415,566703.0
1745409600,0.15416,0.15514,0.14914,0.15098,792347.0
1745424000,0.15136,0.15367,0.14885,0.1509,330127.0
1745438400,0.15097,0.15306,0.14996,0.15304,251104.0
1745452800,0.15368,0.15407,0.14768,0.14768,183364.0
1745467200,0.14793,0.15031,0.14707,0.1471,117129.0
1745481600,0.14733,0.14735,0.1439,0.14581,252600.0
1745496000,0.14586,0.15299,0.14538,0.15184,340093.0
1745510400,0.15196,0.15837,0.15196,0.15759,641960.0
1745524800,0.15758,0.16118,0.15702,0.16087,403062.0
1745539200,0.16101,0.16978,0.15727,0.15769,1477562.0
1745553600,0.15779,0.16388,0.15763,0.16331,793047.0
1745568000,0.16346,0.16676,0.16221,0.16448,292909.0
1745582400,0.16472,0.16511,0.16078,0.16323,538097.0
1745596800,0.16338,0.16507,0.16047,0.16126,364173.0
1745611200,0.16148,0.16463,0.16055,0.1633,271155.0
1745625600,0.16326,0.1683,0.16326,0.16577,383800.0
1745640000,0.16578,0.16777,0.16327,0.166,322164.0
1745654400,0.16601,0.16659,0.1595,0.15963,771585.0
1745668800,0.16002,0.16326,0.15886,0.16305,1128098.0
1745683200,0.16297,0.16372,0.16068,0.16321,221217.0
1745697600,0.16354,0.16441,0.1623,0.16379,67841.0
1745712000,0.16427,0.1653,0.15876,0.16118,470952.0
1745726400,0.16106,0.16223,0.1583,0.16051,103552.0
1745740800,0.16051,0.16207,0.15623,0.15685,132606.0
1745755200,0.15679,0.15743,0.15328,0.15352,105299.0
1745769600,0.15355,0.15618,0.1525,0.15584,86733.0
1745784000,0.156,0.15664,0.15345,0.15345,255941.0
1745798400,0.15337,0.15354,0.146,0.15177,1123881.0
1745812800,0.1518,0.15898,0.15179,0.15863,660775.0
1745827200,0.15907,0.16154,0.15752,0.15844,664842.0
1745841600,0.15878,0.15878,0.15183,0.15309,266635.0
1745856000,0.15315,0.16017,0.15174,0.15994,728421.0
1745870400,0.16006,0.16126,0.15849,0.16008,602280.0
1745884800,0.16016,0.1621,0.1593,0.15941,640060.0
1745899200,0.15956,0.16104,0.15735,0.16011,273634.0
1745913600,0.16044,0.16045,0.15591,0.15679,456136.0
1745928000,0.15689,0.15795,0.15435,0.15604,213241.0
1745942400,0.15602,0.15699,0.15456,0.15514,124369.0
1745956800,0.15516,0.15516,0.14962,0.15197,519595.0
1745971200,0.15206,0.15575,0.15127,0.15512,412708.0
1745985600,0.1552,0.15526,0.15007,0.15081,697249.0
1746000000,0.15066,0.15444,0.15044,0.15422,697840.0
1746014400,0.15423,0.15423,0.14387,0.14448,1862665.0
1746028800,0.14409,0.14786,0.14344,0.14655,206397.0
1746043200,0.1466,0.14892,0.1466,0.14828,121550.0
1746057600,0.14858,0.15225,0.14815,0.14949,238897.0
1746072000,0.1496,0.15369,0.14947,0.15369,468002.0
1746086400,0.15357,0.15523,0.15279,0.15448,341988.0
1746100800,0.15468,0.15509,0.1515,0.15192,688982.0
1746115200,0.15232,0.15286,0.1501,0.15105,95473.0
1746129600,0.1511,0.15366,0.1509,0.15354,232737.0
1746144000,0.15352,0.15875,0.15346,0.15346,686825.0
1746158400,0.15359,0.15421,0.14951,0.14982,479877.0
1746172800,0.14982,0.15144,0.1494,0.1499,168014.0
1746187200,0.15001,0.15223,0.14898,0.15022,200489.0
1746201600,0.15057,0.1525,0.14786,0.1483,160437.0
1746216000,0.1482,0.1505,0.1482,0.15038,182456.0
1746230400,0.15055,0.15073,0.1479,0.1495,203320.0
1746244800,0.14948,0.1498,0.14749,0.14767,129014.0
1746259200,0.14778,0.14816,0.14461,0.14494,1117546.0
1746273600,0.14491,0.14729,0.14491,0.14582,595113.0
1746288000,0.14583,0.14599,0.14039,0.14242,400608.0
1746302400,0.14246,0.14247,0.1409,0.14106,162167.0
1746316800,0.14106,0.14245,0.13919,0.14047,252988.0
1746331200,0.14075,0.1446,0.14018,0.14392,242487.0
1746345600,0.14424,0.1449,0.13811,0.13983,567710.0
1746360000,0.13942,0.14016,0.13714,0.13765,162991.0
1746374400,0.13751,0.13798,0.13585,0.1363,118683.0
1746388800,0.13624,0.13769,0.13515,0.13594,185803.0
1746403200,0.13674,0.13924,0.13564,0.13772,507159.0
1746417600,0.13768,0.13967,0.13692,0.13902,128532.0
1746432000,0.13946,0.13946,0.13431,0.13476,68021.0
1746446400,0.13479,0.13706,0.13441,0.1347,523677.0
1746460800,0.13488,0.13939,0.13488,0.13751,108500.0
1746475200,0.13764,0.13874,0.13575,0.13751,95885.0
1746489600,0.13771,0.13976,0.13707,0.13963,89684.0
1746504000,0.13968,0.14012,0.1371,0.13726,354883.0
1746518400,0.1372,0.1372,0.13142,0.13202,1027294.0
1746532800,0.13194,0.13485,0.13146,0.13223,1486198.0
1746547200,0.13237,0.13423,0.13068,0.13298,245892.0
1746561600,0.13298,0.13466,0.12867,0.13432,1108362.0
1746576000,0.13464,0.13652,0.13209,0.13338,896085.0
1746590400,0.13338,0.13352,0.13067,0.13334,771781.0
1746604800,0.1333,0.13497,0.13274,0.13452,400902.0
1746619200,0.13457,0.13489,0.13233,0.13274,99424.0
1746633600,0.13275,0.13415,0.13096,0.13267,394593.0
1746648000,0.13264,0.13633,0.13247,0.13579,816454.0
1746662400,0.13585,0.14029,0.13585,0.13978,279409.0
1746676800,0.13972,0.14303,0.13966,0.14238,563478.0
1746691200,0.14254,0.14552,0.14252,0.1448,358390.0
1746705600,0.1448,0.14837,0.14324,0.14682,1088485.0
1746720000,0.14675,0.1486,0.14625,0.14846,371032.0
1746734400,0.14853,0.15211,0.14783,0.15189,334168.0
1746748800,0.15196,0.15621,0.15133,0.15345,627417.0
1746763200,0.15375,0.1617,0.1531,0.15976,181235.0
1746777600,0.16039,0.1749,0.15898,0.1718,1299079.0
1746792000,0.17215,0.20979,0.17192,0.19356,6962295.0
1746806400,0.19417,0.20914,0.19195,0.1995,3285282.0
1746820800,0.19963,0.20563,0.19297,0.19359,1054900.0
1746835200,0.19344,0.19696,0.18463,0.18548,897336.0
1746849600,0.18551,0.19384,0.18376,0.19219,755500.0
1746864000,0.19239,0.19432,0.18181,0.18231,947505.0
1746878400,0.18315,0.18718,0.18273,0.18447,322551.0
1746892800,0.18469,0.19051,0.18453,0.18816,596983.0
1746907200,0.18826,0.19663,0.18685,0.19523,566361.0
1746921600,0.19492,0.19624,0.18694,0.19055,540933.0
1746936000,0.19017,0.19274,0.18243,0.18369,526432.0
1746950400,0.18404,0.187,0.18304,0.18671,116354.0
1746964800,0.18667,0.18866,0.184,0.18566,289151.0
1746979200,0.18518,0.188,0.18276,0.18696,374927.0
1746993600,0.18699,0.18845,0.1848,0.18669,150375.0
1747008000,0.18726,0.18949,0.18144,0.18828,88449.0
1747022400,0.18821,0.20087,0.18425,0.19411,2451497.0
1747036800,0.19434,0.20825,0.19022,0.19267,10577238.0
1747051200,0.19275,0.19656,0.185,0.18651,4366521.0
1747065600,0.18665,0.19034,0.17574,0.18187,1558426.0
1747080000,0.18222,0.19114,0.18195,0.18971,626922.0
1747094400,0.18973,0.18993,0.17653,0.17696,2286766.0
1747108800,0.17684,0.18288,0.17648,0.18065,2109844.0
1747123200,0.18106,0.18434,0.17951,0.18315,1590685.0
1747137600,0.1831,0.18665,0.18064,0.1838,540760.0
1747152000,0.1839,0.18977,0.18368,0.18658,1137449.0
1747166400,0.18774,0.19301,0.18657,0.19183,4572207.0
1747180800,0.19171,0.20544,0.18667,0.2042,6170844.0
1747195200,0.20419,0.20662,0.19464,0.19515,2896872.0
1747209600,0.19434,0.19567,0.18925,0.19415,346362.0
1747224000,0.19416,0.19519,0.18163,0.18452,2110366.0
1747238400,0.1848,0.18577,0.1813,0.18394,388403.0
1747252800,0.18382,0.18467,0.1815,0.1828,111986.0
1747267200,0.18246,0.18507,0.175,0.17515,685944.0
1747281600,0.1752,0.1762,0.1655,0.16578,2379990.0
1747296000,0.16631,0.16942,0.16418,0.1658,3162298.0
1747310400,0.16568,0.17097,0.16039,0.17089,2976062.0
1747324800,0.17073,0.17379,0.16632,0.16696,935537.0
1747339200,0.16687,0.16747,0.16152,0.16486,741283.0
1747353600,0.16515,0.16937,0.1633,0.16906,1654259.0
1747368000,0.16948,0.16956,0.16591,0.16747,235497.0
1747382400,0.16805,0.16859,0.16425,0.16628,2426755.0
1747396800,0.16643,0.16682,0.16219,0.16414,864088.0
1747411200,0.16463,0.16496,0.16062,0.16357,202075.0
1747425600,0.16355,0.16386,0.15738,0.15814,1520433.0
1747440000,0.15817,0.15831,0.15243,0.15553,957510.0
1747454400,0.15529,0.15737,0.15422,0.15447,531493.0
1747468800,0.15498,0.15637,0.15347,0.15379,350487.0
1747483200,0.15386,0.1541,0.14934,0.15176,274161.0
1747497600,0.15176,0.1526,0.14811,0.14901,314551.0
1747512000,0.14914,0.15188,0.1484,0.15047,295857.0
1747526400,0.15062,0.15356,0.15035,0.15321,283597.0
1747540800,0.15329,0.1583,0.15314,0.15748,3477287.0
1747555200,0.15748,0.15988,0.15688,0.15703,3888256.0
1747569600,0.15703,0.16041,0.15416,0.16001,622070.0
1747584000,0.16023,0.16038,0.14991,0.14999,432805.0
1747598400,0.14952,0.15665,0.14671,0.15581,244257.0
1747612800,0.15575,0.15576,0.14675,0.1472,502281.0
1747627200,0.14686,0.14805,0.14172,0.14492,1462223.0
1747641600,0.14492,0.14504,0.14228,0.14373,533890.0
1747656000,0.14361,0.14361,0.13737,0.13903,2141852.0
1747670400,0.13923,0.13988,0.1341,0.13558,3432258.0
1747684800,0.13556,0.13827,0.13458,0.13741,1562435.0
1747699200,0.13769,0.14102,0.13483,0.13805,2311411.0
1747713600,0.13793,0.13831,0.13323,0.13338,2391486.0
1747728000,0.13333,0.13424,0.1307,0.1322,1539969.0
1747742400,0.13154,0.13168,0.12889,0.12945,2928091.0
1747756800,0.12946,0.13021,0.12263,0.12573,2339466.0
1747771200,0.12581,0.12981,0.12462,0.12906,1529128.0
1747785600,0.12924,0.12992,0.12416,0.12797,1981742.0
1747800000,0.1279,0.13213,0.1277,0.12872,2684426.0
1747814400,0.12911,0.13051,0.12648,0.12862,1636211.0
1747828800,0.12859,0.13235,0.1279,0.13036,2170154.0
1747843200,0.13061,0.13662,0.1262,0.12986,3848167.0
1747857600,0.1297,0.13318,0.1278,0.13188,1205852.0
1747872000,0.13174,0.13611,0.13174,0.13524,370355.0
1747886400,0.13533,0.13669,0.13311,0.13534,541181.0
1747900800,0.13543,0.13807,0.13358,0.13507,945529.0
1747915200,0.13529,0.13819,0.13294,0.13683,989603.0
1747929600,0.13698,0.13842,0.13558,0.13596,347387.0
1747944000,0.13627,0.13825,0.13477,0.13759,424464.0
1747958400,0.13759,0.14883,0.13704,0.14575,1159023.0
1747972800,0.14589,0.14632,0.14009,0.14226,786235.0
1747987200,0.14249,0.14635,0.13668,0.13762,1193311.0
1748001600,0.13778,0.14296,0.133,0.14072,2212302.0
1748016000,0.14061,0.144,0.13927,0.14074,1277529.0
1748030400,0.14082,0.14082,0.1312,0.13226,1684269.0
1748044800,0.13175,0.13649,0.13085,0.13502,807781.0
1748059200,0.13498,0.13715,0.13392,0.13508,928782.0
1748073600,0.13518,0.13739,0.13329,0.1359,170231.0
1748088000,0.13582,0.13628,0.13392,0.13487,164425.0
1748102400,0.13475,0.1358,0.13305,0.13386,510551.0
1748116800,0.13391,0.1349,0.13209,0.13405,216441.0
1748131200,0.13444,0.13492,0.12969,0.1333,214711.0
1748145600,0.13301,0.13301,0.13008,0.13062,121814.0
1748160000,0.13058,0.13061,0.12745,0.12862,331554.0
1748174400,0.12838,0.13054,0.12561,0.12777,977320.0
1748188800,0.12749,0.13148,0.12601,0.13113,402954.0
1748203200,0.13113,0.13637,0.13017,0.13561,325565.0
1748217600,0.13551,0.13587,0.13327,0.13379,288815.0
1748232000,0.13372,0.13764,0.13372,0.13764,227686.0
1748246400,0.13776,0.13912,0.13524,0.13608,253881.0
1748260800,0.13647,0.13688,0.13278,0.13551,776196.0
1748275200,0.1357,0.1371,0.13209,0.13331,306911.0
1748289600,0.13293,0.13597,0.13276,0.13409,1141032.0
1748304000,0.13468,0.13636,0.13134,0.13447,1301016.0
1748318400,0.13448,0.13717,0.13293,0.13699,677793.0
1748332800,0.13702,0.13838,0.13613,0.13752,574583.0
1748347200,0.13758,0.13891,0.13458,0.13694,619640.0
1748361600,0.13725,0.14,0.1363,0.13811,615726.0
1748376000,0.13802,0.13909,0.13668,0.13838,873347.0
1748390400,0.1387,0.1394,0.13586,0.13881,188224.0
1748404800,0.13867,0.14167,0.13735,0.13776,555765.0
1748419200,0.13802,0.13945,0.13675,0.139,542571.0
1748433600,0.13926,0.1413,0.13432,0.13476,769084.0
1748448000,0.13478,0.13718,0.13205,0.13248,267376.0
1748462400,0.13248,0.13746,0.13143,0.13663,353741.0
1748476800,0.13673,0.14094,0.13506,0.13871,523462.0
1748491200,0.13887,0.13925,0.135,0.13632,669350.0
1748505600,0.13653,0.1374,0.13533,0.13587,300335.0
1748520000,0.13583,0.13583,0.12996,0.13102,437329.0
1748534400,0.13133,0.13189,0.12791,0.12817,961780.0
1748548800,0.12833,0.13039,0.12761,0.12817,479147.0
1748563200,0.12823,0.12894,0.11911,0.12386,3036663.0
1748577600,0.1238,0.12474,0.12028,0.12124,3253483.0
1748592000,0.12118,0.12315,0.11909,0.12283,1172554.0
1748606400,0.12272,0.12314,0.12066,0.12093,1708835.0
1748620800,0.12091,0.12119,0.1156,0.11942,2351495.0
1748635200,0.11926,0.11931,0.11267,0.11342,961339.0
1748649600,0.11344,0.11364,0.10839,0.11152,2014595.0
1748664000,0.11145,0.11466,0.11054,0.11309,1081859.0
1748678400,0.11316,0.11327,0.1111,0.11151,648926.0
1748692800,0.11152,0.11612,0.11146,0.11488,1624373.0
1748707200,0.11502,0.11911,0.11445,0.11849,513138.0
1748721600,0.11857,0.12344,0.11831,0.11847,3210534.0
1748736000,0.11847,0.12061,0.1174,0.1185,532115.0
1748750400,0.11862,0.12043,0.1177,0.11823,252237.0
1748764800,0.11827,0.11827,0.11499,0.11647,2974732.0
1748779200,0.11645,0.12008,0.11488,0.11927,452376.0
1748793600,0.1194,0.12104,0.1177,0.11899,336828.0
1748808000,0.11909,0.12145,0.119,0.12058,264942.0
1748822400,0.12066,0.12092,0.11764,0.11804,382487.0
1748836800,0.11819,0.11901,0.11656,0.11821,127805.0
1748851200,0.11834,0.11938,0.11524,0.11609,286584.0
1748865600,0.11623,0.11968,0.11605,0.11907,232337.0
1748880000,0.11926,0.12045,0.11691,0.11765,75616.0
1748894400,0.11781,0.12201,0.11781,0.12054,292244.0
1748908800,0.12082,0.12367,0.1203,0.12067,422881.0
1748923200,0.12073,0.12513,0.12006,0.12277,603389.0
1748937600,0.12277,0.12324,0.121,0.12197,1369015.0
1748952000,0.122,0.12427,0.12179,0.12255,138636.0
1748966400,0.12273,0.12453,0.12194,0.12384,178034.0
1748980800,0.12409,0.12417,0.12001,0.12128,474879.0
1748995200,0.12139,0.12368,0.12038,0.12239,269681.0
1749009600,0.12227,0.12243,0.12113,0.12161,161322.0
1749024000,0.12161,0.1227,0.12035,0.12035,241426.0
1749038400,0.12065,0.12242,0.1185,0.12206,620552.0
1749052800,0.12239,0.12243,0.11788,0.11791,339648.0
1749067200,0.11768,0.11789,0.11543,0.11585,423058.0
1749081600,0.11596,0.11708,0.11553,0.11591,197764.0
1749096000,0.11589,0.11639,0.114,0.11457,397848.0
1749110400,0.1147,0.11492,0.11299,0.11392,193054.0
1749124800,0.11382,0.11616,0.11197,0.11448,718898.0
1749139200,0.11448,0.11475,0.10974,0.1103,588107.0
1749153600,0.11029,0.11043,0.10624,0.10802,1118270.0
1749168000,0.108,0.10902,0.10712,0.10902,497837.0
1749182400,0.10906,0.11179,0.10871,0.11108,245258.0
1749196800,0.11116,0.11309,0.11116,0.11303,902594.0
1749211200,0.11332,0.1175,0.11332,0.11539,1875528.0
1749225600,0.11555,0.11558,0.11144,0.11175,556309.0
1749240000,0.11177,0.11331,0.11156,0.11217,1076348.0
1749254400,0.11226,0.1156,0.11158,0.11529,738712.0
1749268800,0.11521,0.11696,0.11476,0.1169,565385.0
1749283200,0.11704,0.11896,0.11649,0.11861,397239.0
1749297600,0.1187,0.11921,0.11583,0.11642,147615.0
1749312000,0.11646,0.11702,0.11506,0.1168,245919.0
1749326400,0.1169,0.11839,0.11676,0.11757,225223.0
1749340800,0.11763,0.11845,0.11674,0.1175,109803.0
1749355200,0.11759,0.11814,0.11529,0.11552,143170.0
1749369600,0.11556,0.11678,0.11461,0.11673,958136.0
1749384000,0.11678,0.11837,0.11595,0.11812,488503.0
1749398400,0.11843,0.11909,0.11766,0.1187,422691.0
1749412800,0.11878,0.1199,0.11661,0.11696,659814.0
1749427200,0.11737,0.1174,0.11493,0.1158,859171.0
1749441600,0.11587,0.1166,0.11421,0.11614,301523.0
1749456000,0.11613,0.12006,0.11583,0.11933,1076432.0
1749470400,0.11903,0.11972,0.11761,0.11921,711407.0
1749484800,0.11925,0.12128,0.11925,0.12014,826172.0
1749499200,0.12015,0.12504,0.12,0.12449,477697.0
1749513600,0.12457,0.12603,0.1236,0.12417,299166.0
1749528000,0.12441,0.12522,0.12313,0.12456,636002.0
1749542400,0.1246,0.12788,0.12357,0.12756,407269.0
1749556800,0.12759,0.12995,0.12561,0.12722,1142627.0
1749571200,0.12777,0.1301,0.12603,0.1282,362898.0
1749585600,0.12816,0.13069,0.12724,0.13037,153869.0
1749600000,0.13045,0.13046,0.12691,0.12905,345390.0
1749614400,0.12895,0.12922,0.12778,0.12888,115938.0
1749628800,0.12891,0.12891,0.12588,0.12609,178123.0
1749643200,0.12645,0.13138,0.12552,0.13059,496391.0
1749657600,0.13075,0.13104,0.12594,0.12605,1251350.0
1749672000,0.12615,0.12713,0.12241,0.12279,660121.0
1749686400,0.12298,0.12328,0.12036,0.12062,506679.0
1749700800,0.12048,0.12048,0.11847,0.11847,847449.0
1749715200,0.11842,0.11929,0.11669,0.11684,737397.0
1749729600,0.11688,0.11997,0.11615,0.11628,245176.0
1749744000,0.11627,0.11978,0.11511,0.11554,429619.0
1749758400,0.11548,0.11588,0.11204,0.11264,796291.0
1749772800,0.11233,0.1124,0.10323,0.10695,4073741.0
1749787200,0.10684,0.10708,0.10451,0.10613,459828.0
1749801600,0.10602,0.10703,0.10487,0.10645,1338722.0
1749816000,0.10679,0.10755,0.10449,0.10609,1383330.0
1749830400,0.10639,0.10791,0.10481,0.10557,769095.0
1749844800,0.1055,0.10849,0.1055,0.10797,1637643.0
1749859200,0.10796,0.1087,0.10613,0.1062,1285090.0
1749873600,0.10624,0.10769,0.10583,0.10738,445631.0
1749888000,0.10731,0.10731,0.10594,0.1066,330232.0
1749902400,0.10663,0.10721,0.10462,0.10528,197139.0
1749916800,0.10525,0.10556,0.10184,0.10298,922197.0
1749931200,0.10292,0.10474,0.10207,0.10381,313280.0
1749945600,0.10387,0.10633,0.10382,0.10614,749988.0
1749960000,0.10617,0.10724,0.10564,0.1063,1118395.0
1749974400,0.10656,0.10679,0.10512,0.10591,613529.0
1749988800,0.10582,0.10697,0.10467,0.10579,1041422.0
1750003200,0.1058,0.10672,0.10473,0.10558,1097902.0
1750017600,0.10559,0.10634,0.10348,0.10614,814874.0
1750032000,0.10619,0.10727,0.10376,0.10633,1267482.0
1750046400,0.10632,0.1094,0.10618,0.1092,718566.0
1750060800,0.10921,0.11133,0.10833,0.1098,791829.0
1750075200,0.10978,0.11169,0.10878,0.11034,739735.0
1750089600,0.11048,0.11219,0.11043,0.11143,256456.0
1750104000,0.11168,0.11271,0.10695,0.10695,419144.0
1750118400,0.10727,0.10907,0.1046,0.10802,1053718.0
1750132800,0.10812,0.10839,0.10556,0.10556,982490.0
1750147200,0.1056,0.10582,0.10256,0.10286,811163.0
1750161600,0.10291,0.10406,0.099702,0.10061,1038665.0
1750176000,0.10059,0.10239,0.097777,0.10144,664585.0
1750190400,0.10153,0.10187,0.098403,0.099671,302502.0
1750204800,0.09974,0.10026,0.098551,0.09956,912584.0
1750219200,0.099942,0.10138,0.099057,0.099489,714658.0
1750233600,0.099774,0.1003,0.095851,0.097144,596931.0
1750248000,0.097173,0.097958,0.09427,0.097917,228031.0
1750262400,0.09778,0.098207,0.095672,0.096237,249928.0
1750276800,0.096307,0.10033,0.095908,0.09993,455750.0
1750291200,0.10013,0.10161,0.098802,0.099878,1163555.0
1750305600,0.1,0.1,0.097672,0.098038,689511.0
1750320000,0.098203,0.099069,0.097763,0.097994,361333.0
1750334400,0.098005,0.098482,0.096487,0.09679,201430.0
1750348800,0.097119,0.098161,0.095602,0.097052,103158.0
1750363200,0.097165,0.098447,0.096903,0.097812,187725.0
1750377600,0.097812,0.098807,0.096385,0.097004,412139.0
1750392000,0.096804,0.10032,0.095572,0.099666,686126.0
1750406400,0.099866,0.10084,0.098771,0.10011,179966.0
1750420800,0.10024,0.10073,0.095741,0.09607,256384.0
1750435200,0.096234,0.096234,0.091787,0.093321,592512.0
1750449600,0.093263,0.094389,0.091418,0.092606,261255.0
1750464000,0.092834,0.094275,0.092409,0.094094,369975.0
1750478400,0.094107,0.094275,0.09304,0.093332,535019.0
1750492800,0.093534,0.094023,0.092585,0.092698,362555.0
1750507200,0.092813,0.092882,0.090689,0.091402,628253.0
1750521600,0.091457,0.092058,0.088348,0.088757,781540.0
1750536000,0.088768,0.089802,0.086783,0.089322,1145093.0
1750550400,0.089391,0.091356,0.087565,0.088045,423702.0
1750564800,0.088202,0.089891,0.087941,0.088927,254097.0
1750579200,0.088931,0.089066,0.086558,0.086887,352247.0
1750593600,0.086956,0.0874,0.082739,0.082852,916945.0
1750608000,0.083235,0.0846,0.082348,0.082946,232467.0
1750622400,0.082968,0.085628,0.080759,0.085445,372006.0
1750636800,0.0855,0.086441,0.084799,0.085712,465154.0
1750651200,0.085704,0.088323,0.085595,0.088082,398428.0
1750665600,0.08814,0.088411,0.086124,0.08662,424487.0
1750680000,0.086683,0.089756,0.086036,0.086921,854900.0
1750694400,0.086887,0.09113,0.084732,0.090874,511751.0
1750708800,0.091074,0.095869,0.090816,0.094999,1305236.0
1750723200,0.095152,0.096261,0.094881,0.095644,727388.0
1750737600,0.095495,0.099882,0.095232,0.097847,596539.0
1750752000,0.097875,0.098,0.095727,0.096623,1513665.0
1750766400,0.096696,0.097091,0.09534,0.095891,375546.0
1750780800,0.096135,0.098149,0.094988,0.095913,1407937.0
1750795200,0.095906,0.096825,0.095311,0.096466,253756.0
1750809600,0.096648,0.096962,0.09538,0.096246,360918.0
1750824000,0.096246,0.096348,0.094776,0.096279,465225.0
1750838400,0.096429,0.096741,0.093709,0.095329,621035.0
1750852800,0.095257,0.096428,0.092476,0.092561,341312.0
1750867200,0.092715,0.093725,0.091926,0.093026,1939913.0
1750881600,0.092945,0.093917,0.091058,0.091541,325189.0
1750896000,0.091577,0.097921,0.091431,0.094516,528820.0
1750910400,0.09456,0.09458,0.092567,0.093804,914014.0
1750924800,0.093865,0.09427,0.091603,0.092595,372383.0
1750939200,0.092511,0.092624,0.089257,0.091254,386225.0
1750953600,0.091203,0.091614,0.089689,0.091313,1210077.0
1750968000,0.091197,0.095937,0.091107,0.092744,2660642.0
1750982400,0.092878,0.093454,0.090994,0.09315,534669.0
1750996800,0.093169,0.094735,0.092184,0.09277,756772.0
1751011200,0.092831,0.094634,0.092831,0.093586,649090.0
1751025600,0.093557,0.095266,0.091869,0.095008,493904.0
1751040000,0.095262,0.096065,0.090944,0.091708,749895.0
1751054400,0.091586,0.093494,0.091542,0.093364,543502.0
1751068800,0.093524,0.093888,0.092497,0.093075,562907.0
1751083200,0.093066,0.095119,0.092232,0.095046,442432.0
1751097600,0.095299,0.096546,0.093656,0.096201,400383.0
1751112000,0.096173,0.097349,0.094778,0.097081,705731.0
1751126400,0.097338,0.098834,0.096334,0.098023,905773.0
1751140800,0.09796,0.10099,0.097785,0.10032,657546.0
1751155200,0.10033,0.10033,0.096709,0.096786,445335.0
1751169600,0.096823,0.098629,0.096661,0.098217,307785.0
1751184000,0.098294,0.099655,0.097724,0.09825,330314.0
1751198400,0.098248,0.098786,0.097027,0.097474,298081.0
1751212800,0.097675,0.1017,0.097467,0.10128,957778.0
1751227200,0.10166,0.1145,0.10073,0.11159,22521596.0
1751241600,0.11137,0.11542,0.10831,0.10948,14796969.0
1751256000,0.10946,0.10986,0.10445,0.10717,14234830.0
1751270400,0.10737,0.10763,0.10438,0.10606,910580.0
1751284800,0.10607,0.10687,0.1023,0.10506,7669168.0
1751299200,0.10506,0.10729,0.10396,0.1052,4239897.0
1751313600,0.10489,0.10604,0.10413,0.10461,5052676.0
1751328000,0.10479,0.10625,0.10187,0.1041,1712850.0
1751342400,0.10403,0.10403,0.099878,0.10239,4918274.0
1751356800,0.10225,0.10254,0.10028,0.10051,852681.0
1751371200,0.10059,0.10244,0.099285,0.099805,821031.0
1751385600,0.099884,0.1005,0.097319,0.097705,2744032.0
1751400000,0.097705,0.099179,0.097477,0.098753,1704221.0
1751414400,0.098985,0.10022,0.093609,0.098572,4823084.0
1751428800,0.098546,0.10071,0.098251,0.099667,4262503.0
1751443200,0.099783,0.10286,0.099783,0.10185,753722.0
1751457600,0.10183,0.10394,0.10119,0.10352,1740446.0
1751472000,0.10375,0.10585,0.10319,0.10402,4913890.0
1751486400,0.10389,0.10775,0.10318,0.10388,4675336.0
1751500800,0.1039,0.10446,0.10261,0.10306,1145503.0
1751515200,0.103,0.1066,0.10281,0.10609,1195306.0
1751529600,0.1061,0.108,0.10444,0.10467,1637296.0
1751544000,0.10469,0.10605,0.1018,0.10187,1095293.0
1751558400,0.10199,0.10397,0.10199,0.10387,275070.0
1751572800,0.1038,0.10485,0.10352,0.10376,243163.0
1751587200,0.1039,0.10476,0.10204,0.10302,152425.0
1751601600,0.10292,0.10337,0.098306,0.098551,635551.0
1751616000,0.098696,0.09996,0.097977,0.098906,1740816.0
1751630400,0.098883,0.099195,0.093807,0.096001,4605625.0
1751644800,0.096063,0.09611,0.094639,0.095023,2686992.0
1751659200,0.094942,0.096908,0.094901,0.096296,359209.0
1751673600,0.096501,0.096892,0.095137,0.0965,265822.0
1751688000,0.096552,0.097434,0.095402,0.096929,1011900.0
1751702400,0.097014,0.097318,0.09578,0.096833,535497.0
1751716800,0.096809,0.096809,0.095541,0.095814,159367.0
1751731200,0.095926,0.09658,0.094356,0.095236,243624.0
1751745600,0.095255,0.097404,0.095146,0.096613,249643.0
1751760000,0.09669,0.096793,0.095593,0.095755,162358.0
1751774400,0.095773,0.096566,0.095274,0.09606,491998.0
1751788800,0.096049,0.096591,0.095321,0.096342,811230.0
1751803200,0.096343,0.099086,0.096112,0.098459,546285.0
1751817600,0.098467,0.099085,0.09761,0.09862,320232.0
1751832000,0.098772,0.10037,0.098337,0.09877,385460.0
1751846400,0.098848,0.10045,0.098644,0.099539,282636.0
1751860800,0.09964,0.099811,0.097863,0.09929,235718.0
1751875200,0.099402,0.099672,0.09782,0.098243,579088.0
1751889600,0.098258,0.098736,0.09668,0.096953,341265.0
1751904000,0.096967,0.096967,0.094984,0.095858,768470.0
1751918400,0.095798,0.096008,0.094124,0.096008,1028125.0
1751932800,0.095937,0.096308,0.09434,0.094975,822034.0
1751947200,0.094903,0.095548,0.093998,0.095126,571205.0
1751961600,0.095269,0.096484,0.094605,0.096155,467228.0
1751976000,0.096237,0.097273,0.09508,0.095414,617075.0
1751990400,0.095689,0.099169,0.095356,0.098852,521481.0
1752004800,0.098917,0.099808,0.098588,0.098693,611235.0
1752019200,0.098742,0.099083,0.097735,0.098122,605081.0
1752033600,0.098101,0.10131,0.09781,0.10113,1154121.0
1752048000,0.10113,0.10214,0.10084,0.10179,831475.0
1752062400,0.1018,0.10284,0.10085,0.10211,441553.0
1752076800,0.10213,0.10424,0.10113,0.10405,751369.0
1752091200,0.10424,0.10586,0.1035,0.10488,642996.0
1752105600,0.10502,0.10585,0.10389,0.10576,624113.0
1752120000,0.10568,0.10679,0.10495,0.10627,429869.0
1752134400,0.10633,0.1071,0.10587,0.10625,1336892.0
1752148800,0.10616,0.10718,0.10517,0.10568,549660.0
1752163200,0.10581,0.10935,0.10577,0.10882,1439521.0
1752177600,0.10878,0.11476,0.10878,0.11325,829082.0
1752192000,0.11347,0.11679,0.11134,0.11654,1118751.0
1752206400,0.11656,0.12037,0.11521,0.11561,1615071.0
1752220800,0.11573,0.11942,0.11573,0.11789,196605.0
1752235200,0.11797,0.12131,0.11685,0.11724,944399.0
1752249600,0.11724,0.12105,0.11673,0.12015,958710.0
1752264000,0.12047,0.1206,0.1123,0.11508,1799031.0
1752278400,0.11522,0.11717,0.11296,0.11684,1412459.0
1752292800,0.11679,0.11853,0.11291,0.11782,310875.0
1752307200,0.11764,0.11831,0.11616,0.1168,173235.0
1752321600,0.11677,0.11732,0.1106,0.11126,578900.0
1752336000,0.11128,0.11377,0.11087,0.11354,224092.0
1752350400,0.11355,0.11446,0.11155,0.11421,163971.0
1752364800,0.11423,0.12082,0.1141,0.11982,1390464.0
1752379200,0.11981,0.12395,0.11901,0.12077,2278278.0
1752393600,0.12078,0.12132,0.11846,0.12054,748886.0
1752408000,0.12055,0.12284,0.11967,0.12032,1085493.0
1752422400,0.12026,0.12204,0.11882,0.12042,655728.0
1752436800,0.12035,0.12171,0.11789,0.1194,552028.0
1752451200,0.11932,0.12454,0.11884,0.12357,307656.0
1752465600,0.12343,0.12689,0.12169,0.12388,3680261.0
1752480000,0.12348,0.12376,0.12139,0.12198,794916.0
1752494400,0.12192,0.12326,0.11732,0.11811,946670.0
1752508800,0.11816,0.11979,0.11648,0.1173,1013167.0
1752523200,0.11751,0.11884,0.11583,0.11884,231447.0
1752537600,0.11887,0.11892,0.11366,0.1149,965864.0
1752552000,0.11475,0.11687,0.11363,0.11539,331602.0
1752566400,0.11531,0.11594,0.11424,0.11594,518727.0
1752580800,0.11611,0.1189,0.11449,0.11794,926149.0
1752595200,0.1184,0.12254,0.11818,0.1195,2381861.0
1752609600,0.11967,0.12448,0.11927,0.12385,610310.0
1752624000,0.12366,0.12484,0.12037,0.12145,1482108.0
1752638400,0.12145,0.12407,0.12019,0.12345,252861.0
1752652800,0.12325,0.12386,0.12202,0.123,697426.0
1752667200,0.12288,0.12532,0.12236,0.12374,948396.0
1752681600,0.12412,0.12857,0.12364,0.12673,1593092.0
1752696000,0.12695,0.14187,0.12566,0.12609,3818512.0
1752710400,0.12616,0.12842,0.12178,0.12297,902627.0
1752724800,0.12272,0.12715,0.1226,0.12658,2150329.0
1752739200,0.12649,0.12958,0.12598,0.12752,552570.0
1752753600,0.12753,0.12934,0.1251,0.12797,1120611.0
1752768000,0.12755,0.12838,0.12355,0.12502,825495.0
1752782400,0.125,0.13564,0.12337,0.12894,3390501.0
1752796800,0.12894,0.13556,0.1282,0.13541,1654301.0
1752811200,0.13523,0.1423,0.13523,0.13832,2345963.0
1752825600,0.13825,0.14024,0.1343,0.13575,764959.0
1752840000,0.13605,0.13896,0.13151,0.13293,2212198.0
1752854400,0.13307,0.13507,0.13057,0.13152,549486.0
1752868800,0.13174,0.13177,0.12715,0.13066,1501659.0
1752883200,0.13068,0.13343,0.12623,0.13331,547199.0
1752897600,0.13335,0.13408,0.13106,0.13111,418113.0
1752912000,0.13111,0.13131,0.12799,0.12833,589357.0
1752926400,0.12792,0.12871,0.12582,0.12738,318737.0
1752940800,0.12735,0.13251,0.12671,0.13195,276241.0
1752955200,0.13188,0.13282,0.13016,0.13196,340113.0
1752969600,0.1316,0.13406,0.13097,0.13321,427026.0
1752984000,0.13301,0.13874,0.13284,0.13748,461522.0
1752998400,0.1372,0.14155,0.13717,0.14009,473436.0
1753012800,0.13962,0.143,0.13816,0.14291,1350826.0
1753027200,0.14285,0.14915,0.14241,0.14368,1415151.0
1753041600,0.14351,0.14513,0.13955,0.14477,975034.0
1753056000,0.14449,0.14818,0.13968,0.1473,1339683.0
1753070400,0.1474,0.14842,0.14531,0.14743,963309.0
1753084800,0.14716,0.15026,0.14656,0.15026,373947.0
1753099200,0.15006,0.15402,0.14755,0.15054,1652171.0
1753113600,0.14933,0.15067,0.14487,0.14654,1061408.0
1753128000,0.14641,0.14979,0.14558,0.14885,461894.0
1753142400,0.14879,0.152,0.14267,0.1465,2279553.0
1753156800,0.14653,0.14736,0.14147,0.14322,2059777.0
1753171200,0.14359,0.14495,0.13952,0.14405,1084239.0
1753185600,0.1437,0.14551,0.13997,0.14315,3792415.0
1753200000,0.14332,0.14565,0.1417,0.14256,718653.0
1753214400,0.14262,0.14818,0.14221,0.14818,1313162.0
1753228800,0.14778,0.14778,0.14276,0.1439,550074.0
1753243200,0.14394,0.14581,0.14144,0.14177,352789.0
1753257600,0.14174,0.14333,0.13839,0.13953,541076.0
1753272000,0.13944,0.13988,0.13199,0.13558,2544320.0
1753286400,0.13559,0.13559,0.12947,0.1314,1354650.0
1753300800,0.13092,0.13158,0.12635,0.13026,1596730.0
1753315200,0.13003,0.13277,0.12891,0.1304,433285.0
1753329600,0.13031,0.13119,0.12038,0.12408,7416256.0
1753344000,0.12359,0.12704,0.12252,0.12692,1989806.0
1753358400,0.12689,0.1298,0.12294,0.12756,5633204.0
1753372800,0.12759,0.12796,0.11678,0.12608,5511688.0
1753387200,0.12614,0.12761,0.12367,0.12408,1506214.0
1753401600,0.12411,0.12656,0.11928,0.12178,7089957.0
1753416000,0.12159,0.1236,0.11969,0.12265,1938553.0
1753430400,0.12264,0.12695,0.12231,0.1264,812293.0
1753444800,0.12635,0.12679,0.12092,0.12315,1347246.0
1753459200,0.12299,0.12552,0.12237,0.12464,1019711.0
1753473600,0.12456,0.12907,0.12451,0.12872,972242.0
1753488000,0.1288,0.12921,0.12746,0.12891,847856.0
1753502400,0.12883,0.12964,0.12826,0.12928,324538.0
1753516800,0.12935,0.1312,0.12925,0.12952,723455.0
1753531200,0.1295,0.13053,0.12896,0.13042,411430.0
1753545600,0.13043,0.13164,0.12917,0.13154,618798.0
1753560000,0.13152,0.13219,0.1293,0.12938,478396.0
1753574400,0.12958,0.13182,0.12939,0.13093,483113.0
1753588800,0.13092,0.13306,0.13083,0.13142,495500.0
1753603200,0.13162,0.13314,0.12988,0.13171,794058.0
1753617600,0.13186,0.13316,0.13087,0.13282,720860.0
1753632000,0.13289,0.13715,0.13289,0.13585,1413031.0
1753646400,0.1359,0.13896,0.13529,0.13882,467461.0
1753660800,0.1386,0.1399,0.13629,0.13904,301551.0
1753675200,0.13915,0.14227,0.13874,0.14029,584960.0
1753689600,0.14037,0.14129,0.13855,0.13928,474876.0
1753704000,0.1392,0.13955,0.13234,0.13298,1071526.0
1753718400,0.13291,0.13373,0.12811,0.12913,856036.0
1753732800,0.12929,0.12948,0.12646,0.12722,496243.0
1753747200,0.12698,0.1287,0.12532,0.12768,617431.0
1753761600,0.12772,0.13424,0.12695,0.13407,538537.0
1753776000,0.13399,0.13424,0.12817,0.12921,559668.0
1753790400,0.12928,0.13138,0.12513,0.12655,6345906.0
1753804800,0.12632,0.12693,0.12416,0.12502,923225.0
1753819200,0.12487,0.12713,0.12331,0.12662,595962.0
1753833600,0.12661,0.12744,0.12405,0.12503,3491036.0
1753848000,0.125,0.12562,0.12257,0.12272,177309.0
1753862400,0.12286,0.12377,0.11869,0.11916,773013.0
1753876800,0.11913,0.12217,0.11775,0.12101,962841.0
1753891200,0.12109,0.12299,0.11522,0.12042,4083548.0
1753905600,0.12009,0.12159,0.11888,0.12119,943942.0
1753920000,0.12123,0.1235,0.12075,0.12315,1259624.0
1753934400,0.12323,0.12476,0.12264,0.12409,176596.0
1753948800,0.12413,0.12559,0.12329,0.12362,228783.0
1753963200,0.12352,0.1236,0.11804,0.11985,1004233.0
1753977600,0.11982,0.1231,0.11784,0.11825,1087837.0
1753992000,0.11808,0.11848,0.114,0.11417,1642231.0
1754006400,0.11414,0.11572,0.11067,0.11451,1863741.0
1754020800,0.11459,0.11459,0.11184,0.11257,576151.0
1754035200,0.11252,0.11283,0.10974,0.11268,1210438.0
1754049600,0.11248,0.11408,0.10956,0.11357,2093722.0
1754064000,0.11342,0.1143,0.11044,0.11333,1810725.0
1754078400,0.11338,0.1137,0.10762,0.11073,3365439.0
1754092800,0.11092,0.1125,0.11045,0.11222,401606.0
1754107200,0.11214,0.11255,0.1087,0.11151,480334.0
1754121600,0.11148,0.11157,0.10885,0.11062,284340.0
1754136000,0.11049,0.11091,0.1076,0.10786,457572.0
1754150400,0.10796,0.10918,0.10525,0.10678,2131209.0
1754164800,0.10683,0.10891,0.10679,0.10797,478922.0
1754179200,0.10793,0.11031,0.10628,0.11007,534301.0
1754193600,0.10992,0.11118,0.10967,0.11089,134588.0
1754208000,0.11094,0.11276,0.11041,0.1119,697746.0
1754222400,0.11187,0.11234,0.11103,0.11234,595175.0
1754236800,0.11228,0.11414,0.11193,0.11322,152727.0
1754251200,0.11328,0.115,0.11291,0.11425,137703.0
1754265600,0.11435,0.11613,0.11407,0.11525,479969.0
1754280000,0.11523,0.11581,0.11437,0.1153,371403.0
1754294400,0.11542,0.11575,0.11451,0.11529,200975.0
1754308800,0.11528,0.11763,0.11458,0.11718,1111630.0
1754323200,0.11712,0.12012,0.11674,0.11696,568557.0
1754337600,0.117,0.11943,0.11681,0.11833,264266.0
1754352000,0.11833,0.11871,0.11519,0.11539,618727.0
1754366400,0.11529,0.11581,0.1126,0.11309,277389.0
1754380800,0.11317,0.11744,0.11246,0.11697,483434.0
1754395200,0.11694,0.11704,0.1107,0.11084,724381.0
1754409600,0.1111,0.11255,0.11061,0.11114,401535.0
1754424000,0.11138,0.1125,0.10943,0.11235,161585.0
1754438400,0.11233,0.11237,0.1097,0.11005,148796.0
1754452800,0.10999,0.11383,0.10944,0.11383,1406316.0
1754467200,0.11381,0.11408,0.11231,0.11276,278634.0
1754481600,0.11288,0.11597,0.11136,0.11586,666081.0
1754496000,0.11586,0.11637,0.11444,0.11511,282304.0
1754510400,0.1151,0.11565,0.1146,0.11505,73692.0
1754524800,0.11508,0.1166,0.11437,0.11446,155271.0
1754539200,0.11445,0.11626,0.11432,0.11618,99150.0
1754553600,0.11637,0.12079,0.11552,0.12048,644678.0
1754568000,0.12052,0.12071,0.1181,0.11872,413517.0
1754582400,0.1189,0.11995,0.1161,0.11985,829340.0
1754596800,0.11994,0.12311,0.11974,0.12303,614792.0
1754611200,0.12298,0.12405,0.12108,0.12267,1044075.0
1754625600,0.12292,0.12382,0.1211,0.1236,239607.0
1754640000,0.12371,0.12461,0.12249,0.12369,330453.0
1754654400,0.1235,0.12482,0.12009,0.1211,822557.0
1754668800,0.12108,0.12592,0.12108,0.12491,738034.0
1754683200,0.1251,0.1251,0.12396,0.12448,221733.0
1754697600,0.12458,0.1251,0.12368,0.12465,180848.0
1754712000,0.1245,0.12886,0.12415,0.12789,482459.0
1754726400,0.12787,0.13,0.12783,0.12889,409593.0
1754740800,0.12904,0.13043,0.12716,0.12865,383175.0
1754755200,0.12867,0.131,0.12845,0.13052,1274889.0
1754769600,0.13059,0.13212,0.12887,0.12918,1298943.0
1754784000,0.12924,0.13151,0.12876,0.13064,311254.0
1754798400,0.13043,0.13178,0.12509,0.12531,1268298.0
1754812800,0.12531,0.12628,0.12345,0.12453,1298656.0
1754827200,0.12457,0.1282,0.12388,0.12716,546944.0
1754841600,0.12727,0.12979,0.12713,0.12913,323270.0
1754856000,0.12925,0.12939,0.12633,0.12777,192974.0
1754870400,0.12745,0.13306,0.12706,0.13053,3315549.0
1754884800,0.1305,0.13186,0.12646,0.12646,1162575.0
1754899200,0.12677,0.12817,0.1223,0.12284,1868142.0
1754913600,0.12282,0.12477,0.12138,0.12439,2139891.0
1754928000,0.12455,0.12691,0.1218,0.12293,1007321.0
1754942400,0.12283,0.12285,0.11846,0.1196,583535.0
1754956800,0.1193,0.12242,0.11916,0.12093,275055.0
1754971200,0.12084,0.12204,0.11911,0.12174,411708.0
1754985600,0.12167,0.12167,0.11824,0.11984,1070120.0
1755000000,0.11979,0.12692,0.11892,0.12688,1004659.0
1755014400,0.12673,0.12996,0.12622,0.12941,538809.0
1755028800,0.12958,0.13095,0.12883,0.12928,292538.0
1755043200,0.12936,0.13143,0.12783,0.1306,667886.0
1755057600,0.13046,0.13121,0.128,0.13068,791234.0
1755072000,0.13081,0.13508,0.13079,0.13476,3345759.0
1755086400,0.13476,0.1354,0.13057,0.13221,1770121.0
1755100800,0.13236,0.13378,0.13125,0.13318,690704.0
1755115200,0.13343,0.13557,0.13213,0.13441,289390.0
1755129600,0.13443,0.1367,0.13232,0.13622,658645.0
1755144000,0.13569,0.13644,0.13068,0.1316,403345.0
1755158400,0.13179,0.13189,0.12823,0.12971,521036.0
1755172800,0.12962,0.13104,0.12078,0.12314,3734039.0
1755187200,0.12306,0.12306,0.11904,0.12088,1582960.0
1755201600,0.12071,0.12142,0.11772,0.12082,539408.0
1755216000,0.12067,0.12354,0.12019,0.12299,291139.0
1755230400,0.12286,0.12467,0.12233,0.12387,129765.0
1755244800,0.12394,0.12496,0.12174,0.12239,440054.0
1755259200,0.12224,0.12417,0.11597,0.11673,1643398.0
1755273600,0.11674,0.11875,0.1152,0.11747,982120.0
1755288000,0.11732,0.12237,0.11732,0.12073,203587.0
1755302400,0.12076,0.12266,0.12066,0.12127,387499.0
1755316800,0.12132,0.12323,0.12092,0.12294,242210.0
1755331200,0.1229,0.12309,0.12013,0.12073,259689.0
1755345600,0.12077,0.1245,0.12072,0.12391,171750.0
1755360000,0.12378,0.12446,0.12277,0.12365,236160.0
1755374400,0.1236,0.12429,0.12288,0.12362,69016.0
1755388800,0.12368,0.12475,0.1227,0.12435,173003.0
1755403200,0.12421,0.12567,0.12413,0.12537,112018.0
1755417600,0.12541,0.12697,0.12541,0.12697,245522.0
1755432000,0.12704,0.12821,0.1255,0.12821,568579.0
1755446400,0.12821,0.12911,0.12383,0.12471,702309.0
1755460800,0.12479,0.12651,0.12451,0.12502,431384.0
1755475200,0.12509,0.12519,0.11851,0.11999,3923967.0
1755489600,0.11976,0.12129,0.11757,0.11805,314202.0
1755504000,0.11806,0.11931,0.11707,0.11907,510949.0
1755518400,0.11907,0.12129,0.11823,0.11975,783878.0
1755532800,0.1198,0.12068,0.11826,0.1191,246704.0
1755547200,0.11902,0.12087,0.11806,0.11838,275115.0
1755561600,0.11851,0.1203,0.11546,0.11565,748080.0
1755576000,0.11556,0.11735,0.11431,0.11681,630791.0
1755590400,0.11697,0.12007,0.11599,0.12007,709147.0
1755604800,0.11993,0.11995,0.11503,0.116,2343852.0
1755619200,0.11603,0.11603,0.11292,0.11427,915388.0
1755633600,0.11424,0.11562,0.11255,0.11285,1826223.0
1755648000,0.11282,0.11552,0.11252,0.11478,765420.0
1755662400,0.11476,0.11595,0.11474,0.11506,292884.0
1755676800,0.1151,0.11715,0.11419,0.11562,285388.0
1755691200,0.11568,0.11811,0.11251,0.11693,1217291.0
1755705600,0.11697,0.12061,0.11697,0.12053,572808.0
1755720000,0.12054,0.12139,0.12036,0.12103,503291.0
1755734400,0.12103,0.12198,0.11895,0.12171,4332024.0
1755748800,0.1217,0.12201,0.10757,0.11989,5131122.0
1755763200,0.11982,0.12013,0.11783,0.11841,741771.0
1755777600,0.11836,0.12002,0.11701,0.11707,1032422.0
1755792000,0.11714,0.11839,0.11619,0.11688,384192.0
1755806400,0.11712,0.11934,0.11676,0.11753,700948.0
1755820800,0.11789,0.11865,0.11556,0.11593,1262672.0
1755835200,0.11609,0.11743,0.11585,0.11743,169279.0
1755849600,0.11723,0.11777,0.11375,0.11375,133603.0
1755864000,0.11368,0.1241,0.11154,0.12319,4185503.0
1755878400,0.1232,0.12999,0.1232,0.12936,2677826.0
1755892800,0.12946,0.13035,0.12841,0.1288,565032.0
1755907200,0.12913,0.12935,0.1234,0.12483,839555.0
1755921600,0.12482,0.12935,0.12482,0.12664,983744.0
1755936000,0.12668,0.12735,0.12576,0.1259,255707.0
1755950400,0.12607,0.12694,0.12533,0.12639,139690.0
1755964800,0.12657,0.12881,0.1262,0.12878,276968.0
1755979200,0.12866,0.12866,0.12686,0.12774,130790.0
1755993600,0.12769,0.12841,0.12555,0.12641,942624.0
1756008000,0.12639,0.12675,0.12042,0.12269,2095582.0
1756022400,0.12264,0.12347,0.12007,0.12095,469771.0
1756036800,0.12091,0.1242,0.12069,0.12255,315122.0
1756051200,0.12256,0.12934,0.12187,0.125,2109603.0
1756065600,0.125,0.12578,0.12199,0.12344,1035650.0
1756080000,0.12359,0.12598,0.1205,0.12444,656131.0
1756094400,0.12452,0.12505,0.11696,0.11727,259419.0
1756108800,0.11708,0.11796,0.1153,0.11711,234468.0
1756123200,0.11717,0.11857,0.11605,0.11652,703569.0
1756137600,0.11627,0.1175,0.11273,0.11295,605622.0
1756152000,0.11279,0.11302,0.10818,0.11059,1621187.0
1756166400,0.11036,0.11215,0.10908,0.1106,2669062.0
1756180800,0.1107,0.11298,0.1107,0.11228,306140.0
1756195200,0.11238,0.11307,0.11109,0.11148,3066394.0
1756209600,0.1116,0.11452,0.11105,0.11331,1386139.0
1756224000,0.11361,0.1166,0.11345,0.1163,526843.0
1756238400,0.11631,0.11716,0.11555,0.11615,1079331.0
1756252800,0.11612,0.11632,0.11421,0.11599,342356.0
1756267200,0.11588,0.11712,0.11421,0.11433,171529.0
1756281600,0.11471,0.1158,0.11382,0.11567,71801.0
1756296000,0.11583,0.11705,0.11439,0.11666,320959.0
1756310400,0.11677,0.1185,0.116,0.11652,334995.0
1756324800,0.1166,0.11843,0.11503,0.11521,1143603.0
1756339200,0.11544,0.11692,0.11402,0.11686,456302.0
1756353600,0.11702,0.11889,0.11673,0.11825,628684.0
1756368000,0.11854,0.11959,0.11682,0.11755,837238.0
1756382400,0.11744,0.20291,0.11715,0.18582,151892498.0
1756396800,0.18582,0.19287,0.1726,0.17667,40892119.0
1756411200,0.17653,0.2346,0.17295,0.22981,58530841.0
1756425600,0.22962,0.24597,0.21046,0.21066,70081092.0
1756440000,0.21053,0.23236,0.2033,0.20707,68006556.0
1756454400,0.20713,0.238,0.20393,0.22817,58894846.0
1756468800,0.22814,0.24497,0.2095,0.20992,60757855.0
1756483200,0.20983,0.21231,0.19243,0.2062,36195006.0
1756497600,0.20626,0.22357,0.20343,0.21531,28599381.0
1756512000,0.21529,0.21616,0.19544,0.20129,14394982.0
1756526400,0.20053,0.20969,0.19538,0.20021,6222774.0
1756540800,0.20026,0.20764,0.19343,0.19504,7342701.0
1756555200,0.19553,0.20144,0.19056,0.19491,14001854.0
1756569600,0.19499,0.19508,0.18749,0.18908,9933842.0
1756584000,0.18899,0.19323,0.18717,0.19247,3199473.0
1756598400,0.19235,0.20065,0.18955,0.18967,4533451.0
1756612800,0.18991,0.19048,0.18509,0.18572,2481041.0
1756627200,0.18582,0.18867,0.18205,0.18319,3501390.0
1756641600,0.18318,0.18489,0.18071,0.18227,6326362.0
1756656000,0.18203,0.18562,0.18156,0.1834,4454067.0
1756670400,0.18342,0.18809,0.18323,0.18371,3720826.0
1756684800,0.18394,0.18395,0.1744,0.17645,8062150.0
1756699200,0.17623,0.17651,0.1697,0.17457,6530597.0
1756713600,0.17456,0.17591,0.16613,0.16614,5931778.0
1756728000,0.16621,0.16843,0.16301,0.16474,12234788.0
1756742400,0.16471,0.16689,0.16161,0.16287,4987991.0
1756756800,0.16291,0.16352,0.15794,0.1619,5500298.0
1756771200,0.16197,0.16529,0.15903,0.1647,5532998.0
1756785600,0.165,0.16846,0.16232,0.16243,4362983.0
1756800000,0.16238,0.1649,0.16042,0.16291,1980620.0
1756814400,0.16299,0.16379,0.15815,0.15829,9679223.0
1756828800,0.15831,0.16002,0.15551,0.15684,4526308.0
1756843200,0.15691,0.16398,0.15665,0.16238,5348470.0
1756857600,0.16248,0.16382,0.15875,0.15976,5125050.0
1756872000,0.15981,0.15989,0.1565,0.15681,3345081.0
1756886400,0.1568,0.16174,0.15504,0.15914,2821516.0
1756900800,0.1592,0.16274,0.15869,0.16172,8092225.0
1756915200,0.16195,0.16293,0.15784,0.15997,3928401.0
1756929600,0.15997,0.16337,0.15878,0.16255,4113240.0
1756944000,0.16249,0.16421,0.15556,0.15569,2794768.0
1756958400,0.15586,0.15633,0.15109,0.15158,6289398.0
1756972800,0.15158,0.15285,0.15016,0.15158,1703036.0
1756987200,0.15158,0.15314,0.14768,0.14782,4433039.0
1757001600,0.1479,0.14945,0.14687,0.14807,1538891.0
1757016000,0.14791,0.15046,0.14789,0.14817,4290184.0
1757030400,0.14817,0.15071,0.14817,0.14998,2450432.0
1757044800,0.14998,0.15329,0.14896,0.15283,7434311.0
1757059200,0.15285,0.1529,0.14943,0.14972,2894493.0
1757073600,0.14975,0.15437,0.14614,0.14666,9802706.0
1757088000,0.14685,0.14907,0.1462,0.14871,3092012.0
1757102400,0.14882,0.15123,0.14838,0.15018,3986620.0
1757116800,0.15013,0.16551,0.14945,0.15997,8415654.0
1757131200,0.16002,0.16399,0.15683,0.16269,3678511.0
1757145600,0.16251,0.16252,0.15599,0.15703,1896948.0
1757160000,0.15692,0.164,0.15622,0.16294,4968706.0
1757174400,0.16284,0.17341,0.16089,0.16898,9554934.0
1757188800,0.16916,0.17606,0.16729,0.16832,9856338.0
1757203200,0.16838,0.17194,0.16357,0.16912,5228408.0
1757217600,0.16916,0.16949,0.16584,0.1667,1575552.0
1757232000,0.16657,0.17189,0.1647,0.16942,2424307.0
1757246400,0.16948,0.16948,0.16035,0.16233,4815529.0
1757260800,0.16238,0.16312,0.16128,0.16249,1895032.0
1757275200,0.16253,0.16676,0.16225,0.16555,2687506.0
1757289600,0.16553,0.16751,0.16481,0.16589,1410439.0
1757304000,0.16636,0.16974,0.16192,0.16642,3306262.0
1757318400,0.16639,0.16754,0.16267,0.16339,3281552.0
1757332800,0.16331,0.1667,0.16241,0.16426,4385023.0
1757347200,0.16413,0.16567,0.16112,0.16243,2574213.0
1757361600,0.16255,0.16274,0.15935,0.16055,2972654.0
1757376000,0.16057,0.16172,0.15716,0.1589,3280542.0
1757390400,0.15883,0.16434,0.1582,0.1638,3158569.0
1757404800,0.16383,0.16536,0.1613,0.16338,3769372.0
1757419200,0.16345,0.16512,0.15658,0.15727,10375445.0
1757433600,0.15731,0.16288,0.15661,0.16276,2129689.0
1757448000,0.16275,0.16527,0.16216,0.1641,2807936.0
1757462400,0.1642,0.17515,0.16341,0.1713,9114348.0
1757476800,0.17141,0.18598,0.17071,0.1764,11964931.0
1757491200,0.17639,0.18375,0.17584,0.17805,3943459.0
1757505600,0.17814,0.1872,0.17633,0.17717,6828016.0
1757520000,0.17723,0.17735,0.16869,0.16891,3218502.0
1757534400,0.16893,0.17268,0.16891,0.17153,2178253.0
1757548800,0.1715,0.1715,0.16878,0.17037,4702891.0
1757563200,0.17036,0.17426,0.16765,0.17258,3933255.0
1757577600,0.17257,0.17552,0.1709,0.17113,1426541.0
1757592000,0.17097,0.1785,0.16912,0.17662,8686617.0
1757606400,0.17733,0.18258,0.17667,0.17941,3724017.0
1757620800,0.17957,0.18274,0.17789,0.18187,4195926.0
1757635200,0.18184,0.18333,0.17575,0.17769,5944153.0
1757649600,0.1777,0.18352,0.1772,0.18023,3581698.0
1757664000,0.18018,0.18252,0.17608,0.17621,6966755.0
1757678400,0.1764,0.17877,0.17388,0.17502,3246816.0
1757692800,0.17489,0.1793,0.17459,0.17879,4555337.0
1757707200,0.17879,0.17889,0.17694,0.17768,2470225.0
1757721600,0.17767,0.17845,0.17449,0.17779,2130436.0
1757736000,0.17762,0.17831,0.17562,0.17589,982121.0
1757750400,0.17588,0.18013,0.17578,0.1794,2916702.0
1757764800,0.17945,0.18113,0.17283,0.17363,2653055.0
1757779200,0.17363,0.17515,0.17128,0.17474,1724403.0
1757793600,0.17524,0.1764,0.17438,0.17515,1126329.0
1757808000,0.17515,0.17655,0.17157,0.1729,2572523.0
1757822400,0.17296,0.17571,0.17158,0.17379,2213972.0
1757836800,0.17364,0.1742,0.16964,0.16974,1699674.0
1757851200,0.16999,0.17109,0.16476,0.16573,8307738.0
1757865600,0.16567,0.16883,0.16548,0.16633,3066210.0
1757880000,0.16648,0.16877,0.16552,0.1659,904800.0
1757894400,0.16591,0.16952,0.1642,0.16896,1879275.0
1757908800,0.1691,0.17273,0.16403,0.16501,3681976.0
1757923200,0.16417,0.16417,0.1595,0.16044,2318635.0
1757937600,0.16041,0.16122,0.15704,0.15817,3356119.0
1757952000,0.15797,0.16007,0.15609,0.15963,1456095.0
1757966400,0.15956,0.16193,0.15944,0.16168,1084255.0
1757980800,0.16168,0.16178,0.15982,0.16084,560898.0
1757995200,0.16108,0.16377,0.15918,0.16277,974156.0
1758009600,0.16285,0.16526,0.16255,0.16386,619527.0
1758024000,0.16385,0.16726,0.16103,0.16714,1437261.0
1758038400,0.16713,0.16743,0.16338,0.16457,777378.0
1758052800,0.16463,0.16541,0.16315,0.1643,1240602.0
1758067200,0.1643,0.16615,0.16275,0.16307,432413.0
1758081600,0.16318,0.16389,0.16116,0.16296,940091.0
1758096000,0.16303,0.16303,0.15938,0.1605,3485091.0
1758110400,0.16053,0.16293,0.15982,0.1606,832456.0
1758124800,0.16056,0.16691,0.15976,0.16665,4977842.0
1758139200,0.16668,0.17092,0.16248,0.16914,2243653.0
1758153600,0.1692,0.16934,0.16536,0.16792,1234401.0
1758168000,0.16799,0.16845,0.16574,0.16713,1518135.0
1758182400,0.16695,0.17074,0.16673,0.16794,1055048.0
1758196800,0.16819,0.17362,0.16732,0.17326,1831646.0
1758211200,0.17326,0.17754,0.17267,0.17657,1425896.0
1758225600,0.17676,0.17813,0.17213,0.17357,1906232.0
1758240000,0.17362,0.17509,0.16964,0.16976,963617.0
1758254400,0.16993,0.17209,0.16791,0.17,574411.0
1758268800,0.16997,0.17067,0.16694,0.16837,969498.0
1758283200,0.16836,0.17295,0.16695,0.16854,2837826.0
1758297600,0.16856,0.17122,0.16561,0.16569,1256032.0
1758312000,0.1658,0.16774,0.16414,0.16606,1030007.0
1758326400,0.16603,0.16808,0.16435,0.16682,959467.0
1758340800,0.16672,0.17468,0.16666,0.17463,762295.0
1758355200,0.17479,0.1753,0.1689,0.17015,1526998.0
1758369600,0.17012,0.17208,0.1694,0.17084,418357.0
1758384000,0.17123,0.17212,0.16765,0.16816,474375.0
1758398400,0.16814,0.17035,0.16788,0.16838,891708.0
1758412800,0.16816,0.17067,0.16646,0.16803,1052338.0
1758427200,0.16844,0.16997,0.16715,0.16753,441220.0
1758441600,0.16801,0.16807,0.16326,0.1641,2202919.0
1758456000,0.16411,0.16616,0.164,0.16428,1351279.0
1758470400,0.16462,0.16665,0.16325,0.16536,472194.0
1758484800,0.16551,0.16633,0.16426,0.16465,1233376.0
1758499200,0.16441,0.16515,0.15566,0.15581,3218400.0
1758513600,0.1558,0.1574,0.14391,0.14947,12962567.0
1758528000,0.14948,0.15008,0.14772,0.1491,1966242.0
1758542400,0.14912,0.15202,0.14829,0.14869,1761414.0
1758556800,0.149,0.14943,0.14581,0.14582,1056131.0
1758571200,0.14598,0.14905,0.1459,0.14872,497769.0
1758585600,0.14872,0.15061,0.14336,0.14642,1371166.0
1758600000,0.14652,0.15117,0.14545,0.15067,930167.0
1758614400,0.15068,0.15468,0.15026,0.153,1109048.0
1758628800,0.15273,0.15422,0.14989,0.15193,1059509.0
1758643200,0.15205,0.15392,0.14946,0.15,2079793.0
1758657600,0.14993,0.15399,0.14993,0.14993,1199410.0
1758672000,0.15025,0.15254,0.14774,0.14814,1641185.0
1758686400,0.14804,0.15422,0.14616,0.1534,3235669.0
1758700800,0.1537,0.15532,0.15272,0.15472,999954.0
1758715200,0.15474,0.15539,0.15251,0.15295,1573253.0
1758729600,0.15311,0.15464,0.15249,0.1537,766011.0
1758744000,0.15362,0.15389,0.15108,0.15273,323436.0
1758758400,0.15273,0.15278,0.14684,0.14798,1766128.0
1758772800,0.148,0.14849,0.14446,0.145,1406683.0
1758787200,0.14504,0.1468,0.14411,0.14456,1463779.0
1758801600,0.14455,0.14559,0.14093,0.14295,4495536.0
1758816000,0.14306,0.14358,0.13772,0.14142,2725875.0
1758830400,0.14148,0.14211,0.13832,0.13952,1755064.0
1758844800,0.13969,0.1446,0.13969,0.14434,912531.0
1758859200,0.14442,0.14473,0.14246,0.14372,379302.0
1758873600,0.14371,0.1451,0.1409,0.14214,495842.0
1758888000,0.14204,0.14489,0.14033,0.14307,2341659.0
1758902400,0.14345,0.14946,0.14345,0.14902,1148329.0
1758916800,0.14868,0.14996,0.14776,0.14881,614034.0
1758931200,0.14893,0.1502,0.14783,0.14959,390731.0
1758945600,0.14954,0.15123,0.14866,0.14868,714465.0
1758960000,0.14865,0.14896,0.14612,0.14799,559344.0
1758974400,0.14819,0.14958,0.14751,0.14938,524634.0
1758988800,0.14977,0.15016,0.14593,0.14658,1806567.0
1759003200,0.14662,0.14903,0.14597,0.1465,875291.0
1759017600,0.14687,0.14692,0.14427,0.14492,571502.0
1759032000,0.14492,0.14492,0.14245,0.14384,538252.0
1759046400,0.14385,0.14414,0.14202,0.14283,271457.0
1759060800,0.14285,0.1452,0.14128,0.14507,700403.0
1759075200,0.14526,0.14868,0.14526,0.14804,776463.0
1759089600,0.14812,0.15211,0.14803,0.15132,635893.0
1759104000,0.15128,0.15128,0.14811,0.1486,1306331.0
1759118400,0.14869,0.1487,0.14656,0.14797,382155.0
1759132800,0.14817,0.14948,0.14597,0.1468,753253.0
1759147200,0.14679,0.15044,0.1442,0.14778,619974.0
1759161600,0.14796,0.14904,0.14604,0.14779,1931734.0
1759176000,0.14808,0.15001,0.14736,0.1474,767157.0
1759190400,0.14749,0.14779,0.14415,0.14497,1872045.0
1759204800,0.14498,0.14663,0.144,0.1446,1084180.0
1759219200,0.14496,0.14526,0.14333,0.14481,375891.0
1759233600,0.14469,0.14502,0.14058,0.14138,2193495.0
1759248000,0.14144,0.15089,0.14015,0.14988,2712515.0
1759262400,0.14983,0.15029,0.14657,0.14728,2359335.0
1759276800,0.14735,0.14872,0.14597,0.14597,2689228.0
1759291200,0.14604,0.14791,0.14526,0.14624,1541363.0
1759305600,0.14627,0.15362,0.14627,0.15128,2173035.0
1759320000,0.15134,0.1527,0.1507,0.15219,731039.0
1759334400,0.15261,0.15696,0.15217,0.15641,730947.0
1759348800,0.15632,0.1577,0.1544,0.15728,3595825.0
1759363200,0.15716,0.16274,0.15687,0.16152,2500003.0
1759377600,0.16142,0.16317,0.1603,0.16038,665802.0
1759392000,0.16057,0.16187,0.1602,0.16059,432732.0
1759406400,0.16041,0.16431,0.15676,0.16022,1096224.0
1759420800,0.16035,0.16203,0.15964,0.16094,482892.0
1759435200,0.16093,0.16103,0.1586,0.16021,334166.0
1759449600,0.1602,0.16022,0.15649,0.15708,446655.0
1759464000,0.15743,0.15914,0.15626,0.15713,140930.0
1759478400,0.15707,0.15746,0.1557,0.1561,116183.0
1759492800,0.15608,0.16131,0.15493,0.16109,753495.0
1759507200,0.16143,0.16426,0.15833,0.16089,1119312.0
1759521600,0.16087,0.16163,0.15964,0.16009,223157.0
1759536000,0.15976,0.16029,0.15654,0.15734,396687.0
1759550400,0.15733,0.15856,0.15656,0.1568,77811.0
1759564800,0.15705,0.15722,0.15367,0.15442,382876.0
1759579200,0.1545,0.15578,0.1513,0.15158,403337.0
1759593600,0.15176,0.15321,0.15088,0.15319,973043.0
1759608000,0.15323,0.15528,0.15319,0.15486,501558.0
1759622400,0.15497,0.15862,0.15324,0.15762,443853.0
1759636800,0.15756,0.16331,0.15756,0.16331,720702.0
1759651200,0.16343,0.16361,0.15861,0.1603,798067.0
1759665600,0.1602,0.16259,0.15871,0.16152,711886.0
1759680000,0.16128,0.16393,0.15904,0.15985,930870.0
1759694400,0.15991,0.16306,0.15986,0.16047,434779.0
1759708800,0.16043,0.16424,0.15917,0.16311,1433231.0
1759723200,0.16287,0.16302,0.15973,0.16016,526467.0
1759737600,0.16038,0.16325,0.16038,0.16229,339590.0
1759752000,0.16234,0.16874,0.16228,0.16741,2264679.0
1759766400,0.16739,0.16775,0.16578,0.16636,487297.0
1759780800,0.16637,0.16769,0.16408,0.16439,843692.0
1759795200,0.16434,0.16987,0.16432,0.16491,1355120.0
1759809600,0.16491,0.16674,0.16133,0.16197,490600.0
1759824000,0.16121,0.16482,0.16028,0.16449,656240.0
1759838400,0.16432,0.16704,0.15662,0.15738,2517866.0
1759852800,0.15721,0.15992,0.15561,0.15783,521519.0
1759867200,0.15827,0.1601,0.15665,0.1572,632491.0
1759881600,0.15746,0.16039,0.15557,0.156,1036923.0
1759896000,0.15602,0.15797,0.15467,0.1562,1456804.0
1759910400,0.15628,0.15779,0.15517,0.15551,491824.0
1759924800,0.15547,0.15858,0.1545,0.15748,486027.0
1759939200,0.15758,0.16354,0.15703,0.16182,714674.0
1759953600,0.16181,0.16398,0.16154,0.16279,354060.0
1759968000,0.16282,0.16344,0.15828,0.16044,536582.0
1759982400,0.16045,0.16059,0.15495,0.15504,659184.0
1759996800,0.15502,0.15655,0.15135,0.15562,1019422.0
1760011200,0.15555,0.15723,0.15149,0.15203,598842.0
1760025600,0.15182,0.15518,0.15077,0.15407,933691.0
1760040000,0.15453,0.15671,0.15404,0.15495,329978.0
1760054400,0.15501,0.15757,0.15249,0.15608,2670295.0
1760068800,0.15647,0.15843,0.15395,0.15395,348875.0
1760083200,0.15412,0.15764,0.15407,0.15732,285088.0
1760097600,0.15698,0.15872,0.14597,0.14706,4404089.0
1760112000,0.14693,0.14923,0.14187,0.14254,3562587.0
1760126400,0.14256,0.14376,0.046786,0.11097,21916149.0
1760140800,0.1109,0.11563,0.10709,0.11071,2461517.0
1760155200,0.11056,0.11234,0.10911,0.11077,3046084.0
1760169600,0.11083,0.11638,0.11024,0.11246,2888746.0
1760184000,0.11239,0.11333,0.10952,0.11132,1523930.0
1760198400,0.11135,0.11386,0.10655,0.10787,2584480.0
1760212800,0.10781,0.10877,0.10335,0.10755,2115037.0
1760227200,0.10756,0.10958,0.10573,0.10844,1558481.0
1760241600,0.10842,0.11247,0.10838,0.11133,1959062.0
1760256000,0.1115,0.11217,0.10929,0.10948,1109026.0
1760270400,0.10942,0.11712,0.10758,0.11693,3150521.0
1760284800,0.11675,0.1221,0.11675,0.12135,1580642.0
1760299200,0.12135,0.12224,0.1195,0.12108,3132231.0
1760313600,0.12099,0.12316,0.11975,0.12046,776412.0
1760328000,0.12051,0.12412,0.11949,0.12228,727906.0
1760342400,0.12216,0.12564,0.1187,0.12166,1736841.0
1760356800,0.12162,0.14703,0.12096,0.12893,28486735.0
1760371200,0.1289,0.13419,0.12729,0.13311,3379581.0
1760385600,0.13317,0.13513,0.1315,0.1319,3368396.0
1760400000,0.13209,0.13236,0.126,0.12646,1838404.0
1760414400,0.1266,0.12698,0.11658,0.11795,2202887.0
1760428800,0.11797,0.12045,0.11601,0.11926,788249.0
1760443200,0.11924,0.12313,0.11644,0.12281,1537781.0
1760457600,0.12225,0.12613,0.12172,0.12344,1979419.0
1760472000,0.12336,0.12431,0.12259,0.12355,423018.0
1760486400,0.12367,0.12463,0.12138,0.12207,797732.0
1760500800,0.12213,0.12343,0.12098,0.12316,1302019.0
1760515200,0.1231,0.12666,0.12095,0.12159,934565.0
1760529600,0.12158,0.12225,0.11734,0.11805,2388887.0
1760544000,0.11802,0.11905,0.1161,0.117,987415.0
1760558400,0.11709,0.11801,0.11498,0.1176,1104735.0
1760572800,0.11764,0.12046,0.11702,0.11937,549634.0
1760587200,0.11938,0.12044,0.11779,0.11897,963941.0
1760601600,0.11917,0.1223,0.11518,0.12114,2279747.0
1760616000,0.12104,0.12204,0.11487,0.11535,1484874.0
1760630400,0.11533,0.11806,0.11254,0.11338,2451906.0
1760644800,0.11354,0.1143,0.10982,0.11112,1024589.0
1760659200,0.11116,0.11333,0.11102,0.11277,680779.0
1760673600,0.11289,0.11297,0.10363,0.10385,1550239.0
1760688000,0.10402,0.10947,0.10192,0.10896,2315064.0
1760702400,0.10906,0.10965,0.10628,0.10965,2094751.0
1760716800,0.10954,0.11094,0.1073,0.10821,824406.0
1760731200,0.10819,0.11042,0.10779,0.10847,221289.0
1760745600,0.10825,0.11118,0.10778,0.11025,738309.0
1760760000,0.11006,0.11152,0.10813,0.10972,1436923.0
1760774400,0.10971,0.1129,0.10966,0.11176,1199162.0
1760788800,0.11174,0.112,0.10912,0.11002,523356.0
1760803200,0.11005,0.11172,0.10865,0.11162,593777.0
1760817600,0.11158,0.11207,0.11065,0.11109,345853.0
1760832000,0.11126,0.11171,0.1098,0.11147,187127.0
1760846400,0.11148,0.11178,0.10937,0.11165,669505.0
1760860800,0.11171,0.11467,0.10996,0.11338,1446120.0
1760875200,0.11356,0.11536,0.11232,0.11493,1071443.0
1760889600,0.11494,0.117,0.11412,0.11695,575837.0
1760904000,0.11684,0.11737,0.11452,0.11466,751441.0
1760918400,0.11484,0.11705,0.11252,0.11674,364188.0
1760932800,0.11684,0.12202,0.11615,0.11845,1274198.0
1760947200,0.1186,0.11922,0.11638,0.11707,1563289.0
1760961600,0.11706,0.11859,0.11639,0.11653,1877501.0
1760976000,0.11614,0.11687,0.1142,0.11597,913257.0
1760990400,0.11565,0.11685,0.11534,0.11643,168587.0
1761004800,0.11617,0.11673,0.11325,0.11333,260064.0
1761019200,0.11331,0.11331,0.11046,0.1128,613664.0
1761033600,0.11287,0.11405,0.11104,0.11329,632351.0
1761048000,0.1131,0.12166,0.11285,0.12,2120975.0
1761062400,0.12018,0.1212,0.11705,0.11705,1513699.0
1761076800,0.1172,0.11727,0.1104,0.1109,1093654.0
1761091200,0.11083,0.11126,0.10914,0.1106,557736.0
1761105600,0.11057,0.11193,0.10929,0.1108,608846.0
1761120000,0.11061,0.11105,0.10791,0.11013,825188.0
1761134400,0.11014,0.11386,0.11003,0.11275,2671471.0
1761148800,0.11265,0.11285,0.10861,0.10974,1083483.0
1761163200,0.10971,0.10999,0.10502,0.10898,1313517.0
1761177600,0.10882,0.10963,0.10846,0.10878,1176750.0
1761192000,0.10887,0.1116,0.10865,0.11135,462533.0
1761206400,0.11141,0.11213,0.10992,0.11016,467203.0
1761220800,0.11008,0.11236,0.10914,0.11133,2054171.0
1761235200,0.11134,0.11555,0.11134,0.11541,1618094.0
1761249600,0.11498,0.11498,0.11187,0.11321,704434.0
1761264000,0.11326,0.11408,0.1128,0.11323,271161.0
1761278400,0.1133,0.11603,0.11308,0.11485,262088.0
1761292800,0.11504,0.11631,0.11317,0.1144,443844.0
1761307200,0.11446,0.11723,0.11218,0.11253,3217837.0
1761321600,0.11258,0.11483,0.11184,0.11436,268367.0
1761336000,0.11446,0.11558,0.11437,0.11541,417526.0
1761350400,0.11554,0.11554,0.11434,0.1144,179334.0
1761364800,0.1144,0.1149,0.11337,0.11368,171330.0
1761379200,0.1137,0.11467,0.11297,0.11405,312917.0
1761393600,0.11401,0.1153,0.11401,0.11436,406674.0
1761408000,0.11447,0.11628,0.11391,0.11586,199234.0
1761422400,0.11599,0.11621,0.11494,0.11524,158239.0
1761436800,0.11535,0.11542,0.11315,0.11341,643407.0
1761451200,0.11329,0.11523,0.11329,0.115,1060755.0
1761465600,0.11497,0.11873,0.11497,0.11833,678172.0
1761480000,0.11855,0.11942,0.11785,0.1194,713596.0
1761494400,0.11939,0.11942,0.11769,0.1184,1488351.0
1761508800,0.11839,0.12067,0.11702,0.11994,845047.0
1761523200,0.11996,0.12228,0.11967,0.12039,588196.0
1761537600,0.12037,0.12157,0.1183,0.11922,262164.0
1761552000,0.11912,0.11947,0.11636,0.11775,731483.0
1761566400,0.1178,0.11808,0.11484,0.11614,2373752.0
1761580800,0.11624,0.11987,0.11624,0.11695,1571387.0
1761595200,0.11669,0.11684,0.11402,0.11508,1122108.0
1761609600,0.11502,0.11699,0.11486,0.11526,301177.0
1761624000,0.11524,0.11769,0.11405,0.11519,893449.0
1761638400,0.11521,0.11621,0.11494,0.11507,667361.0
1761652800,0.11501,0.11748,0.11344,0.11448,576018.0
1761667200,0.11447,0.11573,0.11221,0.11271,564399.0
1761681600,0.11263,0.11273,0.10906,0.11166,1349600.0
1761696000,0.11163,0.11252,0.11108,0.11157,235617.0
1761710400,0.1115,0.11296,0.11148,0.11251,623090.0
1761724800,0.11242,0.11399,0.11153,0.11373,617032.0
1761739200,0.11374,0.11461,0.11059,0.1114,857170.0
1761753600,0.11139,0.11679,0.11032,0.11595,5885637.0
1761768000,0.11603,0.11767,0.11276,0.11313,697170.0
1761782400,0.11329,0.11402,0.1123,0.11283,417349.0
1761796800,0.11287,0.11287,0.10786,0.11254,1159713.0
1761811200,0.11247,0.11264,0.10928,0.10934,372423.0
1761825600,0.10933,0.10954,0.10222,0.10251,1651843.0
1761840000,0.10258,0.10365,0.098377,0.098719,1025083.0
1761854400,0.098963,0.10253,0.098767,0.10235,951521.0
1761868800,0.10228,0.10375,0.10177,0.10256,447808.0
1761883200,0.1027,0.10378,0.10231,0.10259,349494.0
1761897600,0.1026,0.10476,0.10213,0.10469,726436.0
1761912000,0.10469,0.10723,0.10417,0.10608,618807.0
1761926400,0.10604,0.10692,0.10228,0.10674,654995.0
1761940800,0.10666,0.1067,0.10514,0.10625,413003.0
1761955200,0.10611,0.10744,0.10527,0.10728,273438.0
1761969600,0.10729,0.10853,0.10629,0.10835,424375.0
1761984000,0.10832,0.10971,0.10789,0.10858,792421.0
1761998400,0.10888,0.10954,0.10712,0.10851,786189.0
1762012800,0.10874,0.10965,0.10839,0.10878,763292.0
1762027200,0.10891,0.10952,0.10767,0.10904,454788.0
1762041600,0.10895,0.10895,0.10711,0.10725,370214.0
1762056000,0.10731,0.11034,0.10724,0.11017,530001.0
1762070400,0.11007,0.11016,0.10749,0.10946,1534245.0
1762084800,0.10951,0.10951,0.10497,0.10599,771302.0
1762099200,0.10598,0.10683,0.10473,0.10629,295256.0
1762113600,0.10617,0.1092,0.10591,0.10881,545907.0
1762128000,0.10877,0.10931,0.09987,0.10013,1027329.0
1762142400,0.10007,0.10185,0.0976,0.099771,1360249.0
1762156800,0.099771,0.10108,0.097824,0.099228,1062476.0
1762171200,0.099306,0.10045,0.090082,0.093168,4838123.0
1762185600,0.093169,0.09752,0.092597,0.093957,1607136.0
1762200000,0.094186,0.094186,0.091996,0.093865,1476468.0
1762214400,0.093839,0.096185,0.093078,0.096185,589545.0
1762228800,0.096339,0.097006,0.090361,0.091057,2135672.0
1762243200,0.091338,0.09502,0.090743,0.093748,1268542.0
1762257600,0.093719,0.094931,0.09128,0.09268,2641105.0
1762272000,0.092662,0.093706,0.087158,0.08927,5079917.0
1762286400,0.089344,0.093288,0.085253,0.091798,5766217.0
1762300800,0.091763,0.093214,0.087256,0.092795,1462953.0
1762315200,0.092833,0.093691,0.092713,0.093312,450779.0
1762329600,0.093296,0.093296,0.090688,0.092594,584040.0
1762344000,0.092656,0.093838,0.091882,0.093552,657604.0
1762358400,0.093568,0.095068,0.092178,0.094036,3023629.0
1762372800,0.093975,0.09498,0.093034,0.094378,982903.0
1762387200,0.094361,0.094361,0.092162,0.093422,1100438.0
1762401600,0.093454,0.093971,0.09153,0.091762,720827.0
1762416000,0.091695,0.092453,0.091353,0.092035,551774.0
1762430400,0.092036,0.093431,0.088986,0.089564,1573934.0
1762444800,0.089613,0.090533,0.08784,0.090102,1023845.0
1762459200,0.09036,0.091305,0.089223,0.090694,474607.0
1762473600,0.090736,0.094748,0.090736,0.093491,529304.0
1762488000,0.093399,0.096286,0.092768,0.096281,436238.0
1762502400,0.096198,0.096415,0.092647,0.094274,616842.0
1762516800,0.094287,0.099601,0.091309,0.099466,1990256.0
1762531200,0.09933,0.11174,0.099215,0.11155,3481213.0
1762545600,0.11157,0.11776,0.10977,0.11021,4893820.0
1762560000,0.11033,0.11159,0.10625,0.10627,2422496.0
1762574400,0.10644,0.10784,0.10222,0.10362,1716750.0
1762588800,0.10395,0.10532,0.10294,0.1052,686779.0
1762603200,0.10512,0.10547,0.10053,0.10086,945634.0
1762617600,0.1009,0.10275,0.10009,0.10192,2866452.0
1762632000,0.10203,0.10349,0.10189,0.10305,1146782.0
1762646400,0.10301,0.10336,0.097755,0.098085,520278.0
1762660800,0.098183,0.10009,0.097579,0.10007,719572.0
1762675200,0.10024,0.10237,0.098664,0.1009,828035.0
1762689600,0.10098,0.10463,0.10066,0.10392,946389.0
1762704000,0.10388,0.10689,0.10261,0.10689,537038.0
1762718400,0.10722,0.10749,0.1046,0.10543,501357.0
1762732800,0.10545,0.10824,0.10475,0.10767,374383.0
1762747200,0.10763,0.11036,0.10707,0.10841,4120569.0
1762761600,0.10844,0.11043,0.10682,0.10938,975986.0
1762776000,0.10934,0.11126,0.10642,0.10744,800058.0
1762790400,0.10727,0.10969,0.10556,0.10873,691914.0
1762804800,0.10885,0.11228,0.10841,0.10907,1099955.0
1762819200,0.10923,0.11169,0.10705,0.11088,492491.0
1762833600,0.11066,0.11077,0.10444,0.10466,2126333.0
1762848000,0.10452,0.10672,0.10448,0.10526,905896.0
1762862400,0.10532,0.10591,0.10308,0.10421,916231.0
1762876800,0.10441,0.10645,0.10225,0.10225,437144.0
1762891200,0.10257,0.10268,0.099888,0.1003,4338556.0
1762905600,0.10034,0.10161,0.099511,0.10079,806161.0
1762920000,0.10087,0.10235,0.10041,0.10045,294956.0
1762934400,0.10064,0.10627,0.10063,0.10573,1037188.0
1762948800,0.10566,0.1061,0.10044,0.10085,1461663.0
1762963200,0.10089,0.10129,0.097197,0.098691,1751028.0
1762977600,0.098529,0.1005,0.098285,0.099386,608288.0
1762992000,0.099336,0.10215,0.098768,0.10174,678326.0
1763006400,0.10135,0.10446,0.10102,0.10259,514029.0
1763020800,0.10255,0.10329,0.10173,0.10185,182829.0
1763035200,0.10184,0.10349,0.1002,0.10088,1300393.0
1763049600,0.10084,0.10084,0.093476,0.093963,1236007.0
1763064000,0.093973,0.096767,0.092744,0.095908,966135.0
1763078400,0.095904,0.096466,0.093573,0.093929,580054.0
1763092800,0.093873,0.095491,0.089639,0.094524,1596422.0
1763107200,0.094648,0.094683,0.091156,0.091823,386889.0
1763121600,0.091849,0.093766,0.089572,0.092595,3491823.0
1763136000,0.092558,0.094641,0.091925,0.093609,525978.0
1763150400,0.093774,0.093876,0.088424,0.090146,891417.0
1763164800,0.090196,0.093975,0.089932,0.093659,542248.0
1763179200,0.093806,0.094106,0.092425,0.092425,367385.0
1763193600,0.092391,0.092439,0.090462,0.091008,329013.0
1763208000,0.091029,0.093148,0.090925,0.092324,1232982.0
1763222400,0.092261,0.093387,0.091539,0.092321,369664.0
1763236800,0.092281,0.092281,0.09084,0.091481,252955.0
1763251200,0.091576,0.092274,0.089447,0.092161,2003862.0
1763265600,0.092142,0.092737,0.091363,0.092595,396848.0
1763280000,0.092562,0.093502,0.090461,0.090619,356522.0
1763294400,0.090824,0.091442,0.088197,0.088293,484642.0
1763308800,0.088342,0.089561,0.086208,0.08806,959146.0
1763323200,0.088048,0.088863,0.086379,0.088163,555801.0
1763337600,0.088053,0.090029,0.087641,0.089129,585174.0
1763352000,0.089252,0.089673,0.087986,0.0893,254426.0
1763366400,0.089444,0.090119,0.088786,0.089729,432126.0
1763380800,0.089736,0.090776,0.086078,0.086521,1330375.0
1763395200,0.086546,0.088294,0.083573,0.083705,1282912.0
1763409600,0.083766,0.084808,0.082519,0.08452,1114189.0
1763424000,0.08447,0.087017,0.08268,0.086545,1445954.0
1763438400,0.086648,0.0882,0.085493,0.085864,2278901.0
1763452800,0.085984,0.08722,0.085885,0.086075,680109.0
1763467200,0.086034,0.087506,0.084893,0.087194,1127194.0
1763481600,0.087296,0.089098,0.087104,0.088531,597593.0
1763496000,0.088488,0.088628,0.086744,0.087486,314923.0
1763510400,0.087398,0.087926,0.08598,0.086179,689478.0
1763524800,0.086165,0.0864,0.084087,0.085661,541702.0
1763539200,0.085601,0.086209,0.084844,0.085253,439127.0
1763553600,0.085324,0.085776,0.082495,0.082546,721803.0
1763568000,0.082523,0.083055,0.079399,0.07977,1142385.0
1763582400,0.079835,0.084378,0.079595,0.084169,1243397.0
1763596800,0.084181,0.085325,0.083611,0.084483,507184.0
1763611200,0.084512,0.086205,0.083969,0.086106,307419.0
1763625600,0.086084,0.086288,0.084835,0.085965,268283.0
1763640000,0.085901,0.08871,0.085204,0.085204,1144482.0
1763654400,0.085361,0.085445,0.078378,0.080764,1922567.0
1763668800,0.080664,0.083367,0.079634,0.080674,671776.0
1763683200,0.080831,0.082994,0.079105,0.079943,1053209.0
1763697600,0.079832,0.080802,0.069999,0.075262,2443382.0
1763712000,0.075217,0.076429,0.072246,0.072246,971645.0
1763726400,0.072328,0.07618,0.070781,0.074249,3188235.0
1763740800,0.074256,0.07802,0.07334,0.074747,1558547.0
1763755200,0.074751,0.07484,0.071484,0.074181,478035.0
1763769600,0.074163,0.074996,0.07322,0.073468,136023.0
1763784000,0.073476,0.073476,0.071091,0.072534,268249.0
1763798400,0.072431,0.073112,0.071089,0.072792,634415.0
1763812800,0.072685,0.073143,0.071136,0.072096,572608.0
1763827200,0.072091,0.073073,0.07209,0.072511,2873696.0
1763841600,0.072399,0.073774,0.071818,0.072774,1228432.0
1763856000,0.072769,0.074856,0.072524,0.074331,493198.0
1763870400,0.074425,0.075341,0.073231,0.07364,390172.0
1763884800,0.073656,0.074214,0.073062,0.073662,337339.0
1763899200,0.073614,0.074696,0.072863,0.073892,619062.0
1763913600,0.073894,0.074257,0.072775,0.073634,673965.0
1763928000,0.073579,0.073818,0.072002,0.07213,1014007.0
1763942400,0.072128,0.07458,0.071338,0.073692,835350.0
1763956800,0.073732,0.074699,0.072356,0.073262,453951.0
1763971200,0.073148,0.073499,0.071576,0.07288,412224.0
1763985600,0.072861,0.074785,0.072197,0.074109,1548082.0
1764000000,0.074224,0.078778,0.074103,0.077908,2453924.0
1764014400,0.077923,0.07881,0.077283,0.077331,432664.0
1764028800,0.077365,0.077452,0.075769,0.076033,559867.0
1764043200,0.076019,0.076973,0.075104,0.075104,468691.0
1764057600,0.07528,0.076411,0.074864,0.076239,292153.0
1764072000,0.07618,0.077252,0.074419,0.075986,660481.0
1764086400,0.075994,0.077509,0.075246,0.076326,383684.0
1764100800,0.076295,0.07857,0.076134,0.077905,496147.0
1764115200,0.077944,0.077954,0.076462,0.076554,2335378.0
1764129600,0.076576,0.07755,0.076355,0.077541,572019.0
1764144000,0.077609,0.077662,0.075624,0.075672,473391.0
1764158400,0.075766,0.076016,0.074882,0.07519,457442.0
1764172800,0.075457,0.07965,0.075457,0.079113,1630686.0
1764187200,0.079181,0.079565,0.078367,0.079052,335759.0
1764201600,0.079083,0.079147,0.078178,0.078371,770533.0
1764216000,0.078394,0.07931,0.077657,0.077774,563265.0
1764230400,0.077818,0.078384,0.074207,0.075052,969627.0
1764244800,0.075062,0.076992,0.074997,0.076992,596789.0
1764259200,0.077005,0.078402,0.076672,0.078002,322690.0
1764273600,0.078079,0.078415,0.076384,0.07649,288952.0
1764288000,0.07662,0.076854,0.075265,0.076188,415039.0
1764302400,0.076219,0.076702,0.075856,0.076385,547982.0
1764316800,0.076489,0.078715,0.076477,0.077359,523883.0
1764331200,0.077348,0.078677,0.076755,0.077882,657383.0
1764345600,0.077735,0.077742,0.074403,0.076001,513376.0
1764360000,0.075954,0.076062,0.07507,0.075661,762128.0
1764374400,0.075691,0.076275,0.075367,0.075545,604803.0
1764388800,0.075567,0.076204,0.075038,0.075177,458669.0
1764403200,0.075148,0.076004,0.074659,0.075964,550650.0
1764417600,0.075976,0.076313,0.075068,0.075972,677536.0
1764432000,0.076053,0.076065,0.07444,0.074934,372375.0
1764446400,0.074909,0.075472,0.074407,0.075347,568392.0
1764460800,0.075316,0.075698,0.07413,0.075432,865634.0
1764475200,0.075371,0.075629,0.074407,0.074974,278324.0
1764489600,0.075046,0.075416,0.07459,0.074683,735016.0
1764504000,0.074681,0.076139,0.074055,0.074515,864806.0
1764518400,0.074513,0.075074,0.074372,0.074951,323938.0
1764532800,0.074993,0.075682,0.073326,0.073326,336730.0
1764547200,0.073276,0.073482,0.066266,0.066665,2136987.0
1764561600,0.066606,0.068023,0.066133,0.067353,754357.0
1764576000,0.067354,0.068448,0.06711,0.067238,937858.0
1764590400,0.067355,0.069048,0.066672,0.067656,5166748.0
1764604800,0.067646,0.067666,0.066401,0.06683,880116.0
1764619200,0.066781,0.067966,0.066781,0.067558,824670.0
1764633600,0.067464,0.068408,0.067156,0.068023,384225.0
1764648000,0.068091,0.068302,0.067365,0.067566,224297.0
1764662400,0.067629,0.068004,0.066788,0.067875,303879.0
1764676800,0.067991,0.074609,0.067368,0.074293,1828421.0
1764691200,0.07457,0.074783,0.072905,0.072931,733302.0
1764705600,0.072983,0.073185,0.071879,0.072405,661303.0
1764720000,0.072414,0.073758,0.071974,0.073388,304575.0
1764734400,0.073341,0.075315,0.073301,0.074519,280802.0
1764748800,0.074546,0.074982,0.073618,0.073879,403971.0
1764763200,0.073918,0.074329,0.071984,0.072955,767339.0
1764777600,0.07317,0.074391,0.072474,0.073961,547393.0
1764792000,0.074011,0.075596,0.073702,0.074822,342596.0
1764806400,0.074813,0.075711,0.074287,0.074404,593489.0
1764820800,0.074382,0.07446,0.073495,0.07385,376269.0
1764835200,0.073779,0.07411,0.073383,0.073512,196168.0
1764849600,0.073499,0.074066,0.072153,0.073872,1101337.0
1764864000,0.073886,0.074269,0.070951,0.072483,592787.0
1764878400,0.072477,0.072669,0.071682,0.071682,346439.0
1764892800,0.071681,0.072334,0.071362,0.07151,683868.0
1764907200,0.071465,0.073365,0.071465,0.073066,692454.0
1764921600,0.073072,0.073253,0.07057,0.070899,496321.0
1764936000,0.070914,0.071407,0.069519,0.070165,560832.0
1764950400,0.070168,0.070168,0.066665,0.06777,2069744.0
1764964800,0.067745,0.068321,0.067435,0.068211,189574.0
1764979200,0.068243,0.068773,0.067919,0.068569,225090.0
1764993600,0.068598,0.068676,0.067908,0.068038,227084.0
1765008000,0.068047,0.068313,0.067788,0.06821,184081.0
1765022400,0.068234,0.0691,0.067987,0.068809,395316.0
1765036800,0.068679,0.069862,0.068679,0.068794,295924.0
1765051200,0.068794,0.069895,0.068794,0.069387,321331.0
1765065600,0.069424,0.07049,0.06937,0.070002,380705.0
1765080000,0.069989,0.070032,0.069073,0.069213,208734.0
1765094400,0.069173,0.069498,0.06849,0.06864,236967.0
1765108800,0.06864,0.06905,0.065904,0.068047,740963.0
1765123200,0.068153,0.070382,0.067412,0.069814,900055.0
1765137600,0.069968,0.070062,0.066346,0.067219,606868.0
1765152000,0.067234,0.068753,0.066996,0.068346,461259.0
1765166400,0.068415,0.071103,0.068413,0.070275,478869.0
1765180800,0.070287,0.071179,0.069939,0.070187,541265.0
1765195200,0.070229,0.070641,0.068663,0.069001,2060595.0
1765209600,0.068993,0.070563,0.068537,0.068865,1085084.0
1765224000,0.068916,0.069838,0.068782,0.069105,136576.0
1765238400,0.069092,0.069291,0.067847,0.068666,914779.0
1765252800,0.068674,0.068685,0.06716,0.067876,188090.0
1765267200,0.067911,0.067999,0.06704,0.067541,356726.0
1765281600,0.06741,0.071158,0.067352,0.071004,940972.0
1765296000,0.071082,0.073891,0.071082,0.071708,2189667.0
1765310400,0.071683,0.071693,0.069507,0.070639,351283.0
1765324800,0.070702,0.070858,0.069373,0.069686,294124.0
1765339200,0.069583,0.070203,0.069343,0.069531,181547.0
1765353600,0.069604,0.06985,0.068065,0.068291,438076.0
1765368000,0.068276,0.068779,0.067808,0.068195,251817.0
1765382400,0.068208,0.071008,0.068088,0.070865,1231552.0
1765396800,0.070907,0.073018,0.067633,0.068198,708560.0
1765411200,0.068081,0.068231,0.064834,0.06486,955658.0
1765425600,0.064675,0.065726,0.064345,0.06519,860745.0
1765440000,0.065171,0.065241,0.064092,0.064397,256930.0
1765454400,0.064396,0.064712,0.062842,0.06304,1866189.0
1765468800,0.06307,0.064909,0.062145,0.064181,754988.0
1765483200,0.064179,0.06629,0.064168,0.064975,621326.0
1765497600,0.065029,0.065311,0.063103,0.063319,653591.0
1765512000,0.063357,0.064891,0.063123,0.064117,344253.0
1765526400,0.064105,0.067333,0.063798,0.067181,1123723.0
1765540800,0.06715,0.068173,0.065137,0.065465,3562833.0
1765555200,0.065441,0.065666,0.061268,0.062658,3394408.0
1765569600,0.062868,0.064312,0.062845,0.06377,604430.0
1765584000,0.063816,0.065111,0.063807,0.064726,1581520.0
1765598400,0.064769,0.065013,0.063889,0.064601,377560.0
1765612800,0.064647,0.065411,0.064647,0.065081,808066.0
1765627200,0.065105,0.065355,0.064623,0.06492,419115.0
1765641600,0.064927,0.065784,0.064927,0.065514,404615.0
1765656000,0.065576,0.065591,0.064632,0.065212,313092.0
1765670400,0.065178,0.065184,0.064387,0.064678,485019.0
1765684800,0.064657,0.06488,0.063653,0.064168,642288.0
1765699200,0.064194,0.064284,0.062963,0.063548,359317.0
1765713600,0.063462,0.063864,0.062585,0.062604,336766.0
1765728000,0.062613,0.06301,0.061174,0.0615,315671.0
1765742400,0.061528,0.06184,0.060357,0.061007,698229.0
1765756800,0.060979,0.062833,0.060968,0.061933,1781971.0
1765771200,0.062048,0.063309,0.061987,0.062475,1218281.0
1765785600,0.062473,0.062963,0.062379,0.062796,473269.0
1765800000,0.062798,0.063032,0.059371,0.059792,1142850.0
1765814400,0.059672,0.059672,0.057327,0.058717,1062456.0
1765828800,0.058711,0.059221,0.057972,0.059078,1312208.0
1765843200,0.059077,0.059109,0.057707,0.058666,569557.0
1765857600,0.058683,0.059091,0.057681,0.058278,733203.0
1765872000,0.058269,0.059837,0.058195,0.059834,709112.0
1765886400,0.059849,0.060403,0.058539,0.060136,919760.0
1765900800,0.060187,0.061117,0.059681,0.060196,652283.0
1765915200,0.060238,0.060419,0.059712,0.060086,391692.0
1765929600,0.060104,0.060314,0.059485,0.059499,428061.0
1765944000,0.05951,0.059687,0.058981,0.059176,763534.0
1765958400,0.059154,0.059154,0.058426,0.05903,585903.0
1765972800,0.059017,0.06099,0.058147,0.058333,1111256.0
1765987200,0.058346,0.058797,0.055567,0.056328,1230443.0
1766001600,0.056375,0.056787,0.055529,0.056248,509757.0
1766016000,0.056457,0.056465,0.055489,0.055597,784049.0
1766030400,0.055612,0.056008,0.055006,0.05552,1153236.0
1766044800,0.055586,0.056062,0.055535,0.055901,857895.0
1766059200,0.055895,0.058765,0.055793,0.058183,1086223.0
1766073600,0.058295,0.058484,0.053137,0.053177,2102415.0
1766088000,0.053216,0.054739,0.053191,0.054478,958127.0
1766102400,0.054495,0.056392,0.053583,0.055808,2553135.0
1766116800,0.05588,0.05715,0.055484,0.056426,2476668.0
1766131200,0.056498,0.056702,0.056217,0.056644,1252808.0
1766145600,0.056634,0.058478,0.056497,0.0571,1002249.0
1766160000,0.057018,0.058449,0.056756,0.058184,1641356.0
1766174400,0.058195,0.058533,0.057858,0.058084,1737352.0
1766188800,0.058075,0.0583,0.057762,0.05816,584881.0
1766203200,0.058162,0.059156,0.05788,0.05908,970588.0
1766217600,0.059223,0.059965,0.059186,0.05977,767075.0
1766232000,0.059788,0.061081,0.059221,0.061081,1819891.0
1766246400,0.061199,0.062444,0.060604,0.060987,1577395.0
1766260800,0.060978,0.061858,0.060537,0.061063,1501805.0
1766275200,0.061055,0.061058,0.059608,0.059933,785361.0
1766289600,0.059894,0.060599,0.059885,0.060396,558227.0
1766304000,0.060399,0.060571,0.059754,0.05986,632193.0
1766318400,0.059871,0.060183,0.057893,0.058295,664035.0
1766332800,0.058287,0.058847,0.057868,0.058702,975883.0
1766347200,0.058717,0.059922,0.058295,0.0594,1033239.0
1766361600,0.059433,0.060724,0.058731,0.059544,879992.0
1766376000,0.059555,0.060311,0.059487,0.060208,692996.0
1766390400,0.060166,0.060726,0.059704,0.060488,488947.0
1766404800,0.06053,0.060658,0.059374,0.059972,674626.0
1766419200,0.059926,0.062,0.058612,0.058739,4661435.0
1766433600,0.058723,0.059129,0.058407,0.058922,543390.0
1766448000,0.058939,0.059485,0.058145,0.05845,821697.0
1766462400,0.058421,0.058639,0.057621,0.057808,750193.0
1766476800,0.05783,0.058312,0.057725,0.058017,335696.0
1766491200,0.058007,0.058094,0.056696,0.057529,654980.0
1766505600,0.057481,0.058677,0.057428,0.058435,471697.0
1766520000,0.058435,0.059117,0.058073,0.058307,629025.0
1766534400,0.058405,0.058693,0.057186,0.057677,934386.0
1766548800,0.057702,0.058099,0.056814,0.056848,918857.0
1766563200,0.056798,0.057481,0.056582,0.057025,1239368.0
1766577600,0.05694,0.057912,0.056354,0.057621,705107.0
1766592000,0.057705,0.058161,0.057208,0.057628,1330347.0
1766606400,0.057628,0.058624,0.057628,0.058526,1175636.0
1766620800,0.058518,0.059581,0.05828,0.059496,1201436.0
1766635200,0.059529,0.06023,0.059394,0.060125,1108495.0
1766649600,0.060179,0.060445,0.059305,0.059833,1108342.0
1766664000,0.059591,0.060373,0.05959,0.059995,699937.0
1766678400,0.06,0.06091,0.059949,0.060834,687838.0
1766692800,0.060855,0.06151,0.058605,0.058823,678977.0
1766707200,0.058938,0.061103,0.058581,0.060368,951256.0
1766721600,0.060413,0.060533,0.059588,0.059589,489557.0
1766736000,0.059729,0.060092,0.05958,0.05999,629220.0
1766750400,0.060106,0.060513,0.05888,0.059178,706255.0
1766764800,0.059192,0.059945,0.05874,0.059898,413625.0
1766779200,0.059915,0.060119,0.05922,0.059596,788132.0
1766793600,0.059598,0.060424,0.059598,0.060135,652459.0
1766808000,0.060159,0.060159,0.059586,0.059831,783532.0
1766822400,0.059824,0.059986,0.0589,0.059986,414969.0
1766836800,0.059947,0.060575,0.059622,0.060411,446488.0
1766851200,0.060454,0.060613,0.060185,0.060397,661407.0
1766865600,0.060473,0.061617,0.060178,0.061544,729269.0
1766880000,0.061556,0.061853,0.061332,0.061524,485360.0
1766894400,0.06143,0.062141,0.061302,0.06209,453444.0
1766908800,0.062089,0.062649,0.061887,0.062105,412482.0
1766923200,0.062107,0.062132,0.061149,0.06125,590982.0
1766937600,0.061303,0.061518,0.060258,0.060281,577717.0
1766952000,0.060274,0.060923,0.059905,0.060834,674141.0
1766966400,0.060849,0.062245,0.060722,0.062084,558380.0
1766980800,0.062127,0.062127,0.060919,0.061491,525777.0
1766995200,0.06152,0.062737,0.060328,0.06059,832290.0
1767009600,0.060615,0.060691,0.058764,0.059626,1789226.0
1767024000,0.059564,0.059685,0.058756,0.058863,553881.0
1767038400,0.058876,0.059279,0.05852,0.058627,919812.0
1767052800,0.058599,0.058884,0.057971,0.058444,951047.0
1767067200,0.058461,0.058717,0.057942,0.058462,1158690.0
1767081600,0.05848,0.059278,0.05848,0.059206,1163096.0
1767096000,0.059216,0.059328,0.058122,0.058706,688439.0
1767110400,0.058726,0.059223,0.057899,0.058798,848155.0
1767124800,0.058783,0.058783,0.058259,0.058455,835261.0
1767139200,0.058419,0.05913,0.058366,0.05871,537117.0
1767153600,0.058796,0.058918,0.058351,0.058514,535952.0
1767168000,0.058494,0.05868,0.057314,0.057831,681324.0
1767182400,0.057799,0.058011,0.057071,0.057165,549874.0
1767196800,0.057165,0.0573,0.054458,0.05526,874965.0
1767211200,0.055248,0.056254,0.055032,0.055788,520792.0
1767225600,0.055779,0.056079,0.055545,0.055686,1125050.0
1767240000,0.055778,0.056227,0.055563,0.056064,702335.0
1767254400,0.056083,0.057106,0.055944,0.05709,994496.0
1767268800,0.057103,0.060528,0.056774,0.06,1514397.0
1767283200,0.060021,0.061468,0.059594,0.061468,857756.0
1767297600,0.061604,0.062365,0.061171,0.062008,801587.0
1767312000,0.062007,0.062119,0.060879,0.062098,493817.0
1767326400,0.062082,0.062094,0.060756,0.06091,696826.0
1767340800,0.060906,0.062389,0.060817,0.061228,688087.0
1767355200,0.061257,0.062743,0.060886,0.061234,1604767.0
1767369600,0.061392,0.062689,0.061095,0.062599,1181741.0
1767384000,0.062652,0.063744,0.062196,0.063216,1223611.0
1767398400,0.063264,0.064983,0.062985,0.064909,705870.0
1767412800,0.064775,0.06509,0.062427,0.062581,996110.0
1767427200,0.06255,0.063257,0.062292,0.062805,497868.0
1767441600,0.062744,0.063434,0.062744,0.063027,609520.0
1767456000,0.063012,0.063912,0.062977,0.063414,389067.0
1767470400,0.063463,0.063989,0.063,0.063618,428231.0
1767484800,0.063713,0.065554,0.06363,0.065386,541339.0
1767499200,0.065366,0.066276,0.06467,0.065233,692371.0
1767513600,0.065174,0.067194,0.064766,0.066761,616067.0
1767528000,0.066787,0.067912,0.066122,0.067783,600355.0
1767542400,0.067765,0.06929,0.066768,0.067412,1029887.0
1767556800,0.06748,0.068247,0.067025,0.067716,290226.0
1767571200,0.067708,0.069203,0.067348,0.067627,1051127.0
1767585600,0.067683,0.067797,0.066157,0.067396,678722.0
1767600000,0.067388,0.067603,0.066183,0.067198,677644.0
1767614400,0.067198,0.071005,0.067107,0.071005,2308765.0
1767628800,0.070914,0.0716,0.068366,0.070252,1061777.0
1767643200,0.070333,0.071505,0.069831,0.070495,849557.0
1767657600,0.070428,0.071275,0.069275,0.071016,1505084.0
1767672000,0.071001,0.072682,0.070875,0.071011,702874.0
1767686400,0.071002,0.072312,0.070861,0.07213,1183815.0
1767700800,0.072025,0.073639,0.071324,0.071665,1524430.0
1767715200,0.07162,0.071817,0.067894,0.069003,965127.0
1767729600,0.069194,0.071984,0.06919,0.07146,698029.0
1767744000,0.071381,0.071482,0.069599,0.07012,1839026.0
1767758400,0.070126,0.071077,0.069604,0.070923,287013.0
1767772800,0.07111,0.071584,0.069795,0.070257,467781.0
1767787200,0.070281,0.07035,0.067531,0.067922,808837.0
1767801600,0.067884,0.069309,0.067809,0.068657,500922.0
1767816000,0.068601,0.068712,0.06719,0.068077,2368295.0
1767830400,0.068095,0.068901,0.066898,0.06745,1911600.0
1767844800,0.067376,0.068672,0.06632,0.067884,589941.0
1767859200,0.067886,0.068094,0.065711,0.066324,583155.0
1767873600,0.066326,0.068436,0.065476,0.068436,2195014.0
1767888000,0.068463,0.068608,0.066778,0.066865,983184.0
1767902400,0.0667,0.06779,0.066229,0.066989,520157.0
1767916800,0.066995,0.068419,0.066747,0.068026,799289.0
1767931200,0.067987,0.068809,0.067979,0.0686,1088985.0
1767945600,0.068596,0.068655,0.066747,0.06732,532303.0
1767960000,0.067311,0.069809,0.066628,0.068629,889920.0
1767974400,0.068652,0.069845,0.066249,0.066721,1250506.0
1767988800,0.066502,0.067894,0.066502,0.067229,341201.0
1768003200,0.067173,0.067321,0.066116,0.066476,523884.0
1768017600,0.06648,0.068385,0.065703,0.068049,789883.0
1768032000,0.068018,0.069481,0.067687,0.068451,658669.0
1768046400,0.068377,0.068987,0.067529,0.067582,597017.0
1768060800,0.067582,0.068512,0.067292,0.068306,579318.0
1768075200,0.068331,0.068331,0.066901,0.067116,381822.0
1768089600,0.067106,0.068203,0.06699,0.067692,599133.0
1768104000,0.067667,0.067991,0.067208,0.06789,505341.0
1768118400,0.067839,0.068239,0.067756,0.068137,355780.0
1768132800,0.068194,0.068435,0.067152,0.067317,256974.0
1768147200,0.067289,0.068377,0.067228,0.067872,679172.0
1768161600,0.06779,0.06779,0.065294,0.066293,1103921.0
1768176000,0.066327,0.068394,0.065153,0.067015,513567.0
1768190400,0.066925,0.067699,0.06537,0.06543,510625.0
1768204800,0.065429,0.065747,0.064109,0.064684,643410.0
1768219200,0.064584,0.065533,0.063122,0.06553,428719.0
1768233600,0.065496,0.066347,0.064487,0.065131,289695.0
1768248000,0.065111,0.065606,0.064214,0.064406,232661.0
1768262400,0.064385,0.065341,0.064385,0.064875,176895.0
1768276800,0.064942,0.066241,0.064803,0.065813,464612.0
1768291200,0.065853,0.067652,0.065512,0.067308,3300415.0
1768305600,0.067222,0.069299,0.06707,0.069299,1174949.0
1768320000,0.069368,0.070626,0.068874,0.069519,982720.0
1768334400,0.069501,0.072198,0.068726,0.070905,665772.0
1768348800,0.070918,0.071922,0.070823,0.071919,663025.0
1768363200,0.07191,0.071923,0.070364,0.070505,1956558.0
1768377600,0.070625,0.071325,0.070288,0.070741,394936.0
1768392000,0.07085,0.071954,0.069868,0.071604,1035981.0
1768406400,0.071698,0.072133,0.069166,0.070366,823406.0
1768420800,0.070388,0.070701,0.06905,0.069475,926192.0
1768435200,0.06951,0.06986,0.067111,0.067207,1640802.0
1768449600,0.067098,0.068857,0.067098,0.068601,1005959.0
1768464000,0.06859,0.068918,0.067604,0.067818,419799.0
1768478400,0.067841,0.068479,0.064678,0.065628,777390.0
1768492800,0.065617,0.066445,0.062624,0.064436,4299515.0
1768507200,0.064434,0.064739,0.063892,0.064665,816258.0
1768521600,0.064668,0.065175,0.064058,0.064585,880116.0
1768536000,0.064582,0.065008,0.063806,0.064801,781934.0
1768550400,0.064816,0.065623,0.064704,0.065602,628640.0
1768564800,0.065675,0.06572,0.062662,0.063195,1601498.0
1768579200,0.063154,0.064928,0.06314,0.064405,469092.0
1768593600,0.064408,0.067315,0.063915,0.066789,851434.0
1768608000,0.066816,0.066973,0.065406,0.065547,1696237.0
1768622400,0.065561,0.066459,0.065339,0.066373,2155323.0
1768636800,0.066395,0.067213,0.065495,0.065564,1094707.0
1768651200,0.065487,0.068251,0.065487,0.067713,1033116.0
1768665600,0.067629,0.067782,0.066418,0.066995,822628.0
1768680000,0.067072,0.067402,0.065977,0.066337,507111.0
1768694400,0.066366,0.067146,0.065677,0.065812,526001.0
1768708800,0.06573,0.06573,0.064888,0.065387,465728.0
1768723200,0.065367,0.066157,0.065097,0.065886,590908.0
1768737600,0.065863,0.065974,0.064863,0.065374,782404.0
1768752000,0.065356,0.066318,0.065143,0.065529,669857.0
1768766400,0.065563,0.066191,0.061787,0.061798,884876.0
1768780800,0.061792,0.061792,0.055775,0.059874,2063002.0
1768795200,0.05984,0.059845,0.058758,0.059166,1440974.0
1768809600,0.059101,0.059474,0.05859,0.058893,1319113.0
1768824000,0.058941,0.059509,0.058629,0.05898,698857.0
1768838400,0.058922,0.06079,0.058773,0.060516,815200.0
1768852800,0.060593,0.060672,0.059381,0.06012,852308.0
1768867200,0.06012,0.060162,0.059205,0.059683,2139812.0
1768881600,0.05971,0.060003,0.058358,0.058358,765806.0
1768896000,0.058321,0.058724,0.057489,0.057711,864951.0
1768910400,0.057688,0.058629,0.057356,0.057708,1036042.0
1768924800,0.057932,0.05819,0.056378,0.056661,1107805.0
1768939200,0.056669,0.05706,0.055224,0.055725,1266296.0
1768953600,0.055732,0.058144,0.05572,0.057969,963931.0
1768968000,0.057884,0.058336,0.057692,0.057991,1307923.0
1768982400,0.057985,0.058175,0.057093,0.05712,812539.0
1768996800,0.057131,0.058824,0.056291,0.058784,1248059.0
1769011200,0.058836,0.059232,0.055849,0.059211,1274496.0
1769025600,0.059396,0.059396,0.057333,0.057601,940980.0
1769040000,0.057613,0.058902,0.057613,0.058181,879712.0
1769054400,0.058143,0.058718,0.057637,0.057691,1236833.0
1769068800,0.057859,0.058398,0.057655,0.05775,347776.0
1769083200,0.057769,0.057942,0.056364,0.057146,511278.0
1769097600,0.057157,0.057911,0.056873,0.057269,311685.0
1769112000,0.057297,0.057408,0.056641,0.057004,887513.0
1769126400,0.057001,0.058672,0.056957,0.058338,1060412.0
1769140800,0.058378,0.05902,0.058264,0.05842,981712.0
1769155200,0.05848,0.058591,0.057577,0.057855,424620.0
1769169600,0.057869,0.058271,0.056525,0.058271,526561.0
1769184000,0.058361,0.05969,0.057522,0.057704,714355.0
1769198400,0.057687,0.057858,0.056968,0.057493,950924.0
1769212800,0.057584,0.058561,0.057164,0.058186,851437.0
1769227200,0.058205,0.058492,0.057803,0.058191,851658.0
1769241600,0.058235,0.059081,0.058173,0.059042,678198.0
1769256000,0.059048,0.059368,0.058201,0.05835,2721516.0
1769270400,0.058388,0.058577,0.05809,0.058301,1417227.0
1769284800,0.058309,0.058908,0.058285,0.058908,781050.0
1769299200,0.058908,0.059515,0.05862,0.058693,1114688.0
1769313600,0.058519,0.059248,0.058376,0.059011,1360316.0
1769328000,0.058916,0.059918,0.058408,0.05934,1004637.0
1769342400,0.059258,0.059962,0.058376,0.058759,1180551.0
1769356800,0.05875,0.05875,0.054668,0.055055,1708396.0
1769371200,0.055072,0.056496,0.054744,0.056496,445776.0
1769385600,0.056482,0.058088,0.056091,0.057145,1192136.0
1769400000,0.057221,0.058261,0.057215,0.058011,313693.0
1769414400,0.058019,0.058559,0.057346,0.057809,871074.0
1769428800,0.057852,0.059428,0.057565,0.058313,1133457.0
1769443200,0.058382,0.058724,0.057781,0.05817,657586.0
1769457600,0.058188,0.059061,0.057987,0.0584,824809.0
1769472000,0.058399,0.05891,0.058281,0.058315,1165450.0
1769486400,0.058308,0.058549,0.0579,0.05818,877844.0
1769500800,0.058203,0.058945,0.057676,0.058586,2413764.0
1769515200,0.058494,0.063994,0.057525,0.063556,8313380.0
1769529600,0.063241,0.067831,0.060944,0.062989,3565159.0
1769544000,0.062854,0.063826,0.062,0.062157,2347229.0
1769558400,0.062157,0.062322,0.060998,0.060998,1559105.0
1769572800,0.060979,0.061767,0.060703,0.061349,892224.0
1769587200,0.061331,0.064913,0.06102,0.064792,1138090.0
1769601600,0.06472,0.06734,0.063346,0.066417,3951654.0
1769616000,0.066481,0.067528,0.063688,0.063928,4575794.0
1769630400,0.063932,0.065342,0.063881,0.064351,1978777.0
1769644800,0.064397,0.067091,0.062723,0.06306,3270337.0
1769659200,0.063076,0.064292,0.062387,0.062979,658890.0
1769673600,0.062874,0.063688,0.061847,0.063392,959730.0
1769688000,0.063361,0.063674,0.060425,0.06115,3063903.0
1769702400,0.061118,0.062124,0.059154,0.060112,2408655.0
1769716800,0.060112,0.061456,0.059768,0.060696,1274705.0
1769731200,0.060671,0.060775,0.05786,0.05964,2015022.0
1769745600,0.059564,0.060387,0.057943,0.058875,624617.0
1769760000,0.058886,0.060684,0.058308,0.060684,714792.0
1769774400,0.060743,0.061625,0.058553,0.05929,2049460.0
1769788800,0.059225,0.060616,0.057604,0.060403,1385995.0
1769803200,0.060327,0.060408,0.058975,0.059456,913089.0
1769817600,0.059465,0.059529,0.058545,0.059003,839949.0
1769832000,0.058984,0.059227,0.057089,0.057382,1069113.0
1769846400,0.057433,0.057516,0.05612,0.056601,773637.0
1769860800,0.056593,0.056691,0.052973,0.053861,1593659.0
1769875200,0.053865,0.054443,0.047745,0.050875,4448870.0
1769889600,0.050918,0.053214,0.050222,0.052486,527292.0
1769904000,0.052413,0.054028,0.052304,0.053634,332380.0
1769918400,0.053629,0.054027,0.053252,0.053541,964541.0
1769932800,0.05358,0.054135,0.052557,0.052796,584039.0
1769947200,0.052875,0.053083,0.050616,0.051128,763465.0
1769961600,0.0511,0.052192,0.050549,0.051159,1792705.0
1769976000,0.051179,0.051776,0.049874,0.050858,1306183.0
1769990400,0.050921,0.052191,0.049017,0.050819,2360217.0
1770004800,0.050854,0.051203,0.049036,0.050618,1555039.0
1770019200,0.050601,0.051056,0.050188,0.050685,1125281.0
1770033600,0.050733,0.052995,0.05069,0.052586,1207019.0
1770048000,0.052561,0.052705,0.051635,0.051811,1001014.0
1770062400,0.051648,0.052061,0.051258,0.051987,1522953.0
1770076800,0.052014,0.052112,0.050387,0.051341,3642387.0
1770091200,0.051294,0.051802,0.051019,0.051484,982412.0
1770105600,0.051504,0.051778,0.050404,0.050726,1156328.0
1770120000,0.050769,0.051185,0.049554,0.050742,1246297.0
1770134400,0.050678,0.050772,0.047856,0.05036,2102654.0
1770148800,0.050349,0.052175,0.049426,0.049999,2403095.0
1770163200,0.049989,0.050861,0.049568,0.050756,1273359.0
1770177600,0.05077,0.0516,0.050052,0.051081,795259.0
1770192000,0.051097,0.051165,0.04976,0.050215,1616742.0
1770206400,0.050239,0.050281,0.048271,0.048625,2474778.0
1770220800,0.048585,0.050204,0.047671,0.050074,3366796.0
1770235200,0.050235,0.050272,0.048483,0.049315,972504.0
1770249600,0.049381,0.049922,0.048377,0.048395,1721896.0
1770264000,0.048477,0.048935,0.04778,0.048211,1443554.0
1770278400,0.048314,0.049085,0.046307,0.046922,1330817.0
1770292800,0.047061,0.047154,0.043027,0.043882,7157144.0
1770307200,0.043934,0.044749,0.042004,0.042155,7319137.0
1770321600,0.042116,0.042496,0.039879,0.040066,9656557.0
1770336000,0.040086,0.041347,0.036122,0.040358,9302676.0
1770350400,0.040372,0.041876,0.040069,0.040674,2453361.0
1770364800,0.040681,0.042675,0.0403,0.042435,2419970.0
1770379200,0.042414,0.045612,0.042231,0.044987,3296465.0
1770393600,0.045016,0.048161,0.044924,0.047373,2597474.0
1770408000,0.047331,0.048711,0.046479,0.04759,2586710.0
1770422400,0.047622,0.047974,0.046375,0.047388,2436398.0
1770436800,0.047382,0.047728,0.04468,0.045023,1874512.0
1770451200,0.044975,0.045554,0.044798,0.045229,1809966.0
1770465600,0.045213,0.047043,0.045131,0.046263,1539694.0
1770480000,0.046298,0.0481,0.046298,0.046664,4723777.0
1770494400,0.046686,0.047067,0.04641,0.046677,1462245.0
1770508800,0.046658,0.046894,0.04619,0.046286,1483588.0
1770523200,0.046272,0.047139,0.046188,0.046693,2534545.0
1770537600,0.046699,0.047388,0.046193,0.046957,1427653.0
1770552000,0.046978,0.047052,0.045757,0.04587,1560125.0
1770566400,0.045843,0.045948,0.044842,0.045838,2058090.0
1770580800,0.045865,0.046624,0.045053,0.04575,1782995.0
1770595200,0.045796,0.046214,0.045448,0.046182,1908408.0
1770609600,0.046158,0.046179,0.045064,0.045376,1424908.0
1770624000,0.045387,0.04547,0.043802,0.044127,1578955.0
1770638400,0.044123,0.045413,0.043973,0.045336,1590238.0
1770652800,0.045412,0.04627,0.044864,0.045995,1295293.0
1770667200,0.045999,0.046174,0.045374,0.045798,1395184.0
1770681600,0.045789,0.046381,0.045205,0.045481,1954918.0
1770696000,0.045462,0.045896,0.04417,0.044709,2468594.0
1770710400,0.044724,0.045286,0.044592,0.044896,2132152.0
1770724800,0.044879,0.045124,0.044379,0.044862,1957230.0
1770739200,0.044791,0.045081,0.044072,0.044473,1379775.0
1770753600,0.044477,0.045112,0.044303,0.044823,1296364.0
1770768000,0.044816,0.045229,0.044265,0.044661,2767381.0
1770782400,0.044642,0.04472,0.043014,0.043223,1171669.0
1770796800,0.043204,0.043318,0.042706,0.043127,1168680.0
1770811200,0.043125,0.045226,0.04202,0.042543,4801186.0
1770825600,0.042584,0.043884,0.042508,0.043216,1382809.0
1770840000,0.04324,0.04448,0.042992,0.043854,2367536.0
1770854400,0.043934,0.044693,0.043895,0.044657,2785121.0
1770868800,0.044656,0.045983,0.044394,0.045983,1444495.0
1770883200,0.045985,0.046415,0.045412,0.046105,1859055.0
1770897600,0.046103,0.046394,0.044987,0.046032,1526807.0
1770912000,0.046032,0.046896,0.045211,0.046228,6330610.0
1770926400,0.04627,0.046887,0.045175,0.046593,2153783.0
1770940800,0.046586,0.04711,0.045871,0.0466,2946571.0
1770955200,0.046599,0.046765,0.045761,0.046309,2406468.0
1770969600,0.046304,0.047566,0.046277,0.047246,2780327.0
1770984000,0.047183,0.050834,0.046942,0.048317,5154376.0
1770998400,0.048425,0.049317,0.048282,0.049204,2092815.0
1771012800,0.049211,0.049531,0.048957,0.049438,1320005.0
1771027200,0.049405,0.051577,0.049186,0.051274,4041315.0
1771041600,0.051455,0.051907,0.050465,0.051242,1583416.0
1771056000,0.051242,0.054779,0.051202,0.054577,5671592.0
1771070400,0.054803,0.061864,0.053881,0.060057,6905058.0
1771084800,0.060088,0.063126,0.059323,0.060004,9663572.0
1771099200,0.060063,0.060175,0.057943,0.058249,3233880.0
1771113600,0.058205,0.058375,0.056129,0.05678,4695645.0
1771128000,0.056779,0.057164,0.056526,0.057014,2376691.0
1771142400,0.057014,0.057465,0.056216,0.056393,1150624.0
1771156800,0.056398,0.05676,0.055033,0.055354,2058277.0
1771171200,0.055368,0.05596,0.054713,0.055303,1753706.0
1771185600,0.055289,0.057322,0.055187,0.057221,1632197.0
1771200000,0.057287,0.057976,0.055475,0.055836,1444139.0
1771214400,0.055781,0.056413,0.055379,0.055599,989454.0
1771228800,0.055578,0.056017,0.054833,0.055686,1243710.0
1771243200,0.055662,0.057188,0.055425,0.055761,1256271.0
1771257600,0.05577,0.056797,0.055635,0.056556,780457.0
1771272000,0.056558,0.057395,0.056201,0.05693,1718290.0
1771286400,0.056927,0.056981,0.056009,0.056402,2652077.0
1771300800,0.056393,0.05732,0.056091,0.05641,897449.0
1771315200,0.056372,0.05671,0.055679,0.056404,952879.0
1771329600,0.056284,0.056795,0.055155,0.056003,873118.0
1771344000,0.056019,0.057,0.055543,0.056163,632156.0
1771358400,0.056096,0.056658,0.055812,0.056658,664673.0
1771372800,0.056666,0.057097,0.056324,0.056501,851576.0
1771387200,0.0565,0.057431,0.056399,0.057163,643065.0
1771401600,0.05711,0.057218,0.056324,0.056382,700933.0
1771416000,0.056395,0.056613,0.055537,0.055968,631977.0
1771430400,0.055945,0.056251,0.054076,0.054148,2371751.0
1771444800,0.05416,0.054379,0.053073,0.05352,1108138.0
1771459200,0.053517,0.054168,0.053294,0.053553,1644550.0
1771473600,0.053578,0.053761,0.053161,0.053265,829430.0
1771488000,0.05321,0.053278,0.052569,0.052672,1167512.0
1771502400,0.052678,0.05291,0.051482,0.05178,855190.0
1771516800,0.051798,0.052069,0.051159,0.052028,842910.0
1771531200,0.052058,0.052918,0.051898,0.052851,1493204.0
1771545600,0.052802,0.053516,0.052584,0.053003,1281602.0
1771560000,0.052979,0.053395,0.052526,0.052662,1627596.0
1771574400,0.052668,0.053953,0.052613,0.053265,1490188.0
1771588800,0.053272,0.05426,0.051715,0.05426,1924985.0
1771603200,0.054212,0.054694,0.053174,0.054024,906496.0
1771617600,0.054088,0.054285,0.053416,0.054095,1140095.0
1771632000,0.054018,0.054408,0.053565,0.054254,632815.0
1771646400,0.054204,0.054662,0.05375,0.054053,574033.0
1771660800,0.054156,0.055207,0.054072,0.05507,731622.0
1771675200,0.055181,0.055292,0.054356,0.054528,845987.0
1771689600,0.054464,0.054478,0.053886,0.054063,811949.0
1771704000,0.054077,0.054107,0.053417,0.053486,674995.0
1771718400,0.053375,0.053515,0.052456,0.052778,1079258.0
1771732800,0.052716,0.053151,0.052475,0.052955,818905.0
1771747200,0.052955,0.053272,0.052666,0.052788,693315.0
1771761600,0.052755,0.052797,0.051374,0.051887,1651077.0
1771776000,0.051875,0.052058,0.051564,0.051726,1213950.0
1771790400,0.051768,0.05207,0.051552,0.05206,750916.0
1771804800,0.052048,0.052083,0.049122,0.049957,1810117.0
1771819200,0.049983,0.051087,0.049403,0.050988,1528238.0
1771833600,0.050929,0.051782,0.050578,0.051346,1140687.0
1771848000,0.051388,0.051967,0.050635,0.050635,425277.0
1771862400,0.050661,0.050819,0.049629,0.050049,671181.0
1771876800,0.050053,0.051216,0.049816,0.050491,930256.0
1771891200,0.050571,0.051194,0.049863,0.050005,1477021.0
1771905600,0.050021,0.050096,0.049396,0.04949,1387478.0
1771920000,0.049512,0.049795,0.049135,0.049589,504424.0
1771934400,0.049652,0.051261,0.049199,0.051036,880863.0
1771948800,0.050985,0.051452,0.05066,0.051093,1054188.0
1771963200,0.051091,0.05112,0.050113,0.05021,993273.0
1771977600,0.050235,0.052597,0.05001,0.051762,1447587.0
1771992000,0.051806,0.052189,0.051363,0.052008,1372977.0
1772006400,0.05206,0.052426,0.051604,0.052061,636754.0
1772020800,0.052019,0.05436,0.05198,0.054028,1110338.0
1772035200,0.054106,0.055798,0.054074,0.055759,1533363.0
1772049600,0.055787,0.056392,0.053474,0.054102,985317.0
1772064000,0.054085,0.054376,0.053312,0.053525,1352358.0
1772078400,0.05352,0.053707,0.052596,0.052808,1014805.0
1772092800,0.052806,0.053671,0.052374,0.052513,959957.0
1772107200,0.052591,0.053018,0.051632,0.05219,940104.0
1772121600,0.052179,0.052209,0.050507,0.052043,3187833.0
1772136000,0.051991,0.052203,0.05149,0.052087,1553521.0
1772150400,0.052066,0.052721,0.051876,0.052649,1537836.0
1772164800,0.052607,0.05331,0.052607,0.053159,682169.0
1772179200,0.053189,0.053387,0.051541,0.051693,662647.0
1772193600,0.051573,0.051857,0.05053,0.050803,1023985.0
1772208000,0.050765,0.050788,0.049484,0.049566,810600.0
1772222400,0.049578,0.049783,0.048235,0.04948,890891.0
1772236800,0.049574,0.050173,0.04913,0.049263,1983603.0
1772251200,0.049263,0.049305,0.04625,0.046752,1490127.0
1772265600,0.046705,0.046705,0.045692,0.045692,1603904.0
1772280000,0.045754,0.047167,0.045597,0.046693,1310657.0
1772294400,0.046604,0.048402,0.04625,0.047984,1650471.0
1772308800,0.0481,0.049596,0.047976,0.049109,1323533.0
1772323200,0.049109,0.051395,0.048238,0.050799,1234439.0
1772337600,0.050886,0.051181,0.050105,0.050819,1091509.0
1772352000,0.050872,0.051129,0.048949,0.048999,3139576.0
1772366400,0.049052,0.049697,0.048203,0.049052,1208118.0
1772380800,0.049067,0.0496,0.047696,0.047764,958821.0
1772395200,0.047777,0.048423,0.046888,0.0479,1396148.0
1772409600,0.047963,0.049371,0.047911,0.049087,912160.0
1772424000,0.049096,0.049433,0.047768,0.048119,795734.0
1772438400,0.048156,0.048979,0.047676,0.048781,1079565.0
1772452800,0.048803,0.051143,0.047865,0.050722,965356.0
1772467200,0.050859,0.0516,0.049792,0.050212,2528767.0
1772481600,0.050324,0.0506,0.048586,0.048868,1888857.0
1772496000,0.048923,0.048984,0.047722,0.048261,2354835.0
1772510400,0.048298,0.048509,0.047821,0.048097,1876432.0
1772524800,0.048114,0.048114,0.046526,0.046886,1071744.0
1772539200,0.046866,0.04807,0.046856,0.048001,1473996.0
1772553600,0.047911,0.049133,0.047681,0.048275,1234710.0
1772568000,0.048285,0.048982,0.047696,0.04846,1047490.0
1772582400,0.048521,0.0489,0.047949,0.048319,1356214.0
1772596800,0.04843,0.049097,0.047997,0.048982,652440.0
1772611200,0.048977,0.051201,0.048778,0.051052,1338606.0
1772625600,0.050937,0.052189,0.049775,0.052127,2055875.0
1772640000,0.052103,0.052221,0.050901,0.051502,2025607.0
1772654400,0.051494,0.051538,0.050064,0.050602,1501867.0
1772668800,0.050565,0.05071,0.04996,0.050253,1965995.0
1772683200,0.050265,0.050621,0.049847,0.050065,1202693.0
1772697600,0.050078,0.05088,0.049735,0.050627,3083004.0
1772712000,0.050635,0.05122,0.049417,0.049593,1307557.0
1772726400,0.049654,0.049722,0.048462,0.049289,1024434.0
1772740800,0.049329,0.049969,0.049076,0.049197,968148.0
1772755200,0.0492,0.05006,0.04919,0.05006,2283998.0
1772769600,0.05008,0.050115,0.049114,0.049779,882044.0
1772784000,0.049811,0.049811,0.048601,0.04867,887190.0
1772798400,0.048694,0.048995,0.047064,0.047355,1414931.0
1772812800,0.0473,0.047695,0.04682,0.04744,974536.0
1772827200,0.047448,0.047739,0.047297,0.047584,1424705.0
1772841600,0.047599,0.047711,0.046877,0.047093,1408464.0
1772856000,0.047073,0.047419,0.046639,0.047066,1790540.0
1772870400,0.047078,0.047382,0.04695,0.046985,1243014.0
1772884800,0.046991,0.047272,0.046479,0.046696,1609351.0
1772899200,0.046682,0.047112,0.046326,0.046411,945199.0
1772913600,0.046471,0.046634,0.045895,0.046267,1179159.0
1772928000,0.046311,0.046417,0.045476,0.045708,3062369.0
1772942400,0.045659,0.046093,0.045403,0.045876,1634765.0
1772956800,0.045893,0.046669,0.045687,0.046304,1202148.0
1772971200,0.046264,0.046604,0.045539,0.045781,1266098.0
1772985600,0.045783,0.046731,0.045491,0.046576,1706954.0
1773000000,0.046595,0.046784,0.045134,0.045499,1711215.0
1773014400,0.045565,0.046995,0.045565,0.046408,3434435.0
1773028800,0.046472,0.047435,0.046183,0.046688,1027635.0
1773043200,0.046707,0.046961,0.046005,0.046286,1456169.0
1773057600,0.04629,0.047208,0.046233,0.046875,2165874.0
1773072000,0.046856,0.047868,0.046675,0.047178,1924283.0
1773086400,0.047183,0.0473,0.046568,0.046695,1594603.0
1773100800,0.046692,0.047679,0.046438,0.04708,2705585.0
1773115200,0.047085,0.047663,0.046997,0.04735,827874.0
1773129600,0.047404,0.04807,0.047283,0.047565,689336.0
1773144000,0.047575,0.04805,0.046592,0.047645,680737.0
1773158400,0.047646,0.04791,0.046124,0.04622,860564.0
1773172800,0.046273,0.046612,0.045782,0.046249,537221.0
1773187200,0.046264,0.046338,0.045766,0.045982,768620.0
1773201600,0.045979,0.046217,0.045352,0.045474,513462.0
1773216000,0.045473,0.046129,0.04542,0.045891,442290.0
1773230400,0.045797,0.047275,0.045734,0.046242,3719547.0
1773244800,0.04628,0.046859,0.04613,0.046669,590102.0
1773259200,0.046681,0.047124,0.046561,0.046858,508728.0
1773273600,0.046887,0.047236,0.04605,0.046232,1480813.0
1773288000,0.046216,0.046399,0.045873,0.046289,501291.0
1773302400,0.046264,0.047139,0.046196,0.046412,3691167.0
1773316800,0.046441,0.046896,0.045832,0.046465,514280.0
1773331200,0.046413,0.047299,0.046164,0.04717,713863.0
1773345600,0.047139,0.047752,0.046843,0.0475,783189.0
1773360000,0.04751,0.049156,0.047367,0.048976,2304921.0
1773374400,0.048982,0.049094,0.048545,0.048649,1085497.0
1773388800,0.048576,0.049058,0.048378,0.048822,517749.0
1773403200,0.048816,0.0503,0.048713,0.049272,1133156.0
1773417600,0.04934,0.049538,0.048437,0.048683,432013.0
1773432000,0.048616,0.048861,0.047882,0.048058,544250.0
1773446400,0.048091,0.048232,0.047636,0.048188,942454.0
1773460800,0.048212,0.048574,0.047268,0.047366,535868.0
1773475200,0.047373,0.047879,0.04731,0.047783,727790.0
1773489600,0.047794,0.049153,0.047667,0.04844,478854.0
1773504000,0.048433,0.049747,0.048401,0.049023,1231553.0
1773518400,0.049053,0.049071,0.048073,0.048473,1613642.0
1773532800,0.048487,0.049218,0.0478,0.048754,808866.0
1773547200,0.048788,0.048885,0.048182,0.048493,597580.0
1773561600,0.048505,0.048881,0.04828,0.04844,939869.0
1773576000,0.04852,0.048634,0.047822,0.047837,1257353.0
1773590400,0.047865,0.048289,0.04779,0.048206,1061466.0
1773604800,0.048214,0.048763,0.048068,0.048501,1158630.0
1773619200,0.048501,0.049566,0.048196,0.049284,1341882.0
1773633600,0.049333,0.050399,0.049309,0.050214,425889.0
1773648000,0.050221,0.050625,0.049707,0.049829,501989.0
1773662400,0.049866,0.050278,0.049162,0.049519,1462183.0
1773676800,0.049501,0.050685,0.049501,0.050043,898046.0
1773691200,0.050057,0.050496,0.049869,0.050307,895820.0
1773705600,0.050311,0.050578,0.04924,0.04954,1461856.0
1773720000,0.049604,0.049604,0.048715,0.049147,889937.0
1773734400,0.049126,0.049936,0.049085,0.049632,1109992.0
1773748800,0.049607,0.049661,0.048873,0.049608,721431.0
1773763200,0.049614,0.050199,0.049483,0.049788,1690253.0
1773777600,0.049788,0.050508,0.049588,0.049766,1579106.0
1773792000,0.049788,0.050718,0.049216,0.050331,3578983.0
1773806400,0.050356,0.050385,0.049485,0.049877,2246550.0
1773820800,0.04989,0.050069,0.04824,0.048364,254912.0
1773835200,0.048295,0.048295,0.046488,0.047003,1989716.0
1773849600,0.046922,0.047671,0.046659,0.046907,979961.0
1773864000,0.046889,0.04735,0.046633,0.047023,578120.0
1773878400,0.047007,0.04712,0.046215,0.04664,997934.0
1773892800,0.046618,0.046637,0.045213,0.045393,1038410.0
1773907200,0.04541,0.046034,0.045298,0.045576,509480.0
1773921600,0.045543,0.045553,0.043869,0.044123,3088635.0
1773936000,0.044095,0.044795,0.043533,0.04448,1449371.0
1773950400,0.044439,0.04494,0.044433,0.044895,1065196.0
1773964800,0.044891,0.04523,0.044772,0.045157,817264.0
1773979200,0.04515,0.045192,0.044312,0.04456,492485.0
1773993600,0.044546,0.044906,0.043064,0.043133,2379090.0
1774008000,0.043181,0.043573,0.042678,0.043562,2542565.0
1774022400,0.043579,0.043989,0.042607,0.043078,2785114.0
1774036800,0.043067,0.043624,0.042611,0.043377,1372213.0
1774051200,0.043367,0.043565,0.042976,0.043387,445465.0
1774065600,0.043375,0.043489,0.042896,0.042896,570098.0
1774080000,0.042907,0.043098,0.04265,0.042799,576139.0
1774094400,0.042821,0.043714,0.042726,0.043656,941195.0
1774108800,0.04365,0.04365,0.04286,0.043112,790381.0
1774123200,0.043126,0.043319,0.041491,0.041598,467815.0
1774137600,0.041678,0.042526,0.041049,0.042158,1025083.0
1774152000,0.042167,0.042483,0.041789,0.041789,651712.0
1774166400,0.041787,0.041947,0.03927,0.039587,5293239.0
1774180800,0.039587,0.040041,0.038766,0.038919,3481916.0
1774195200,0.038904,0.03924,0.038456,0.03862,2370542.0
1774209600,0.0387,0.039017,0.03816,0.038357,1516496.0
1774224000,0.03841,0.03904,0.0381,0.038888,997895.0
1774238400,0.038947,0.039914,0.0389,0.03908,2336759.0
1774252800,0.039078,0.04187,0.039052,0.040458,2690523.0
1774267200,0.040583,0.040709,0.040025,0.040065,1226917.0
1774281600,0.040153,0.040459,0.039831,0.040206,1316311.0
1774296000,0.040194,0.040678,0.039723,0.040221,1640914.0
1774310400,0.040221,0.040382,0.039599,0.040128,2682036.0
1774324800,0.040105,0.040612,0.039693,0.040503,864978.0
1774339200,0.040581,0.0408,0.039664,0.039743,986945.0
1774353600,0.039792,0.04012,0.039186,0.039699,1919508.0
1774368000,0.039687,0.039822,0.039112,0.039486,727584.0
1774382400,0.039525,0.04042,0.039405,0.0401,1734167.0
1774396800,0.040113,0.040736,0.040096,0.040641,2707429.0
1774411200,0.040593,0.041201,0.040463,0.040731,1184318.0
1774425600,0.040731,0.040894,0.0404,0.04065,743185.0
1774440000,0.040651,0.040757,0.039842,0.040174,817593.0
1774454400,0.040195,0.040833,0.039975,0.04021,829027.0
1774468800,0.040253,0.040638,0.04003,0.040212,579637.0
1774483200,0.04021,0.040329,0.039553,0.03968,2043726.0
1774497600,0.039697,0.039899,0.039264,0.039383,930651.0
1774512000,0.039383,0.03957,0.03867,0.0387,1465770.0
1774526400,0.038678,0.039181,0.038459,0.038543,1611242.0
1774540800,0.038551,0.038784,0.038232,0.038273,1158106.0
1774555200,0.038287,0.039336,0.038165,0.03909,1689566.0
1774569600,0.039103,0.03929,0.038795,0.038828,798864.0
1774584000,0.038817,0.039019,0.038534,0.038989,3498053.0
1774598400,0.039025,0.039113,0.036973,0.037203,1988489.0
1774612800,0.03722,0.037845,0.037101,0.037515,3443756.0
1774627200,0.037492,0.037752,0.037267,0.037698,2010293.0
1774641600,0.037717,0.037797,0.037184,0.037385,1790437.0
1774656000,0.0374,0.037425,0.036611,0.036968,1424344.0
1774670400,0.036998,0.037638,0.036912,0.037632,1607343.0
1774684800,0.037628,0.037638,0.037286,0.037584,601664.0
1774699200,0.037618,0.03816,0.037387,0.0378,1472260.0
1774713600,0.037825,0.03862,0.03781,0.038539,1210791.0
1774728000,0.038467,0.038497,0.037399,0.037621,1693685.0
1774742400,0.037626,0.037746,0.037281,0.037622,1772144.0
1774756800,0.037622,0.037638,0.037258,0.037265,1484075.0
1774771200,0.037281,0.037465,0.036989,0.037205,1179887.0
1774785600,0.037192,0.037205,0.036774,0.036984,1337840.0
1774800000,0.036993,0.037318,0.036774,0.036974,1178410.0
1774814400,0.037022,0.037542,0.036414,0.037078,1057964.0
1774828800,0.037118,0.038255,0.037076,0.038177,992887.0
1774843200,0.038234,0.038768,0.038171,0.038606,1321387.0
1774857600,0.038653,0.039009,0.038313,0.038734,1744211.0
1774872000,0.038782,0.038816,0.038201,0.038682,1292146.0
1774886400,0.038728,0.03892,0.037705,0.037891,1690157.0
1774900800,0.037923,0.038546,0.037785,0.038067,1277008.0
1774915200,0.038107,0.03905,0.038015,0.038492,1267696.0
1774929600,0.038525,0.03894,0.038363,0.038878,862560.0
1774944000,0.038902,0.038928,0.037843,0.038139,959273.0
1774958400,0.038156,0.038885,0.038033,0.038212,904186.0
1774972800,0.038217,0.039142,0.038217,0.039031,1701642.0
1774987200,0.039,0.039229,0.038742,0.039133,926570.0
1775001600,0.039159,0.039234,0.038766,0.039119,1055158.0
1775016000,0.039152,0.039982,0.039007,0.039815,1369067.0
1775030400,0.039863,0.040234,0.039698,0.040004,1151907.0
1775044800,0.040083,0.040566,0.039752,0.040015,942582.0
1775059200,0.040041,0.040254,0.0394,0.039525,1802910.0
1775073600,0.039521,0.039607,0.039171,0.039207,1398679.0
1775088000,0.039205,0.039582,0.037779,0.037967,1289892.0
1775102400,0.037984,0.038536,0.037748,0.038502,895627.0
1775116800,0.038496,0.038534,0.037885,0.0381,1827768.0
1775131200,0.038076,0.040194,0.037817,0.040096,5258959.0
1775145600,0.040122,0.040455,0.039114,0.03952,3704464.0
1775160000,0.039511,0.040336,0.03935,0.040325,1423696.0
1775174400,0.040351,0.040622,0.039676,0.040377,3112492.0
1775188800,0.040403,0.041914,0.040312,0.041543,2848893.0
1775203200,0.041612,0.042212,0.041272,0.041442,2479563.0
1775217600,0.041453,0.041861,0.040828,0.041116,1571804.0
1775232000,0.041069,0.041427,0.040831,0.040922,1015216.0
1775246400,0.040929,0.041016,0.040583,0.040804,995422.0
1775260800,0.040808,0.0416,0.040583,0.041399,1410644.0
1775275200,0.041392,0.041728,0.04097,0.04148,2054403.0
1775289600,0.041509,0.041612,0.040983,0.041332,902056.0
1775304000,0.041308,0.041437,0.040712,0.041133,2042417.0
1775318400,0.041121,0.041547,0.040996,0.04111,593061.0
1775332800,0.041104,0.041149,0.040694,0.040831,849908.0
1775347200,0.040846,0.04091,0.040437,0.040548,947911.0
1775361600,0.040499,0.040569,0.039573,0.039643,1086955.0
1775376000,0.039674,0.039969,0.039518,0.039733,638846.0
1775390400,0.039733,0.039817,0.039068,0.039228,866496.0
1775404800,0.039226,0.039378,0.03896,0.03928,1561489.0
1775419200,0.03933,0.040129,0.039065,0.04004,1179988.0
1775433600,0.04004,0.040617,0.04,0.040309,1088979.0
1775448000,0.04039,0.040799,0.039982,0.040122,888356.0
1775462400,0.040136,0.040741,0.040136,0.040558,1403454.0
1775476800,0.040553,0.041236,0.040487,0.04109,2808519.0
1775491200,0.041123,0.041591,0.040901,0.041056,1376745.0
1775505600,0.041038,0.041419,0.039803,0.040231,1770217.0
1775520000,0.040244,0.040928,0.040175,0.040883,1727954.0
1775534400,0.040844,0.041126,0.040586,0.04104,1678570.0
1775548800,0.041034,0.041404,0.039828,0.039934,1156332.0
1775563200,0.039927,0.040692,0.039656,0.0404,2042606.0
1775577600,0.040402,0.042118,0.040346,0.041863,3546961.0
1775592000,0.041884,0.044544,0.041578,0.0442,2785850.0
1775606400,0.044145,0.045305,0.043772,0.044553,4577662.0
1775620800,0.044542,0.046404,0.044489,0.046276,2931205.0
1775635200,0.046229,0.046699,0.044118,0.044438,3522128.0
1775649600,0.044421,0.044495,0.043285,0.043513,1080363.0
1775664000,0.043524,0.044149,0.043128,0.043295,1218114.0
1775678400,0.043333,0.043872,0.042809,0.042958,1143479.0
1775692800,0.042928,0.043136,0.042184,0.042907,983436.0
1775707200,0.042926,0.043988,0.042825,0.043405,745459.0
1775721600,0.043391,0.044115,0.043162,0.044079,871349.0
1775736000,0.04407,0.046454,0.04407,0.046437,5199383.0
1775750400,0.046436,0.04706,0.045605,0.046711,10915207.0
1775764800,0.046668,0.050299,0.046668,0.047812,4763128.0
1775779200,0.047838,0.047838,0.045591,0.045719,2003961.0
1775793600,0.045722,0.048256,0.045721,0.047347,15247001.0
1775808000,0.047364,0.047576,0.045998,0.046285,3333798.0
1775822400,0.046277,0.048066,0.046146,0.047217,3982907.0
1775836800,0.047255,0.048055,0.046909,0.047707,1439229.0
1775851200,0.047637,0.047927,0.047376,0.047553,1620343.0
1775865600,0.047538,0.047538,0.046625,0.0469,1343739.0
1775880000,0.046908,0.047225,0.045402,0.046283,11120408.0
1775894400,0.046282,0.046741,0.046062,0.046087,937206.0
1775908800,0.046037,0.046037,0.044838,0.045212,6292897.0
1775923200,0.045197,0.045968,0.045057,0.045843,780314.0
1775937600,0.045848,0.045891,0.045162,0.045472,796925.0
1775952000,0.045499,0.045567,0.044126,0.044666,1803937.0
1775966400,0.044665,0.044752,0.044154,0.044225,1156547.0
1775980800,0.044258,0.04437,0.043668,0.043668,2102206.0
1775995200,0.043671,0.044012,0.043539,0.043763,650448.0
1776009600,0.043698,0.044188,0.043559,0.043767,539070.0
1776024000,0.04382,0.04406,0.04315,0.04315,570725.0
1776038400,0.043218,0.043549,0.043136,0.043351,3157574.0
1776052800,0.043317,0.043394,0.042599,0.042615,1051276.0
1776067200,0.042613,0.042763,0.042116,0.042373,1253088.0
1776081600,0.042416,0.042957,0.042226,0.042736,1014689.0
1776096000,0.042718,0.043238,0.04208,0.043238,1995940.0
1776110400,0.043176,0.044707,0.04283,0.044146,3233297.0
1776124800,0.044198,0.044323,0.043293,0.043974,1230436.0
1776139200,0.044017,0.044216,0.043051,0.043752,1217397.0
1776153600,0.043691,0.043776,0.043085,0.043297,883659.0
1776168000,0.043325,0.044279,0.043218,0.043641,1121750.0
1776182400,0.043631,0.0437,0.042379,0.042604,1630721.0
1776196800,0.042604,0.042819,0.042345,0.042796,703402.0
1776211200,0.042791,0.043287,0.042791,0.04317,382711.0
1776225600,0.043197,0.043792,0.042877,0.043313,1244343.0
1776240000,0.04337,0.043792,0.043101,0.043335,548398.0
1776254400,0.043302,0.044996,0.043292,0.04431,932220.0
1776268800,0.044312,0.045753,0.044204,0.045381,3716691.0
1776283200,0.045394,0.045591,0.044763,0.045252,1138668.0
1776297600,0.045241,0.045579,0.044762,0.045514,484474.0
1776312000,0.045493,0.046189,0.045385,0.045758,1449717.0
1776326400,0.045683,0.045997,0.045496,0.045824,984962.0
1776340800,0.045803,0.046498,0.044754,0.046329,1857805.0
1776355200,0.04633,0.049446,0.046096,0.04931,1550889.0
1776369600,0.049451,0.050032,0.048562,0.048919,2358057.0
1776384000,0.048985,0.049323,0.047253,0.047588,804922.0
1776398400,0.047593,0.04776,0.046733,0.047391,833038.0
1776412800,0.047395,0.048079,0.047006,0.04794,530179.0
1776427200,0.047969,0.049597,0.047724,0.049025,1657682.0
1776441600,0.049047,0.049871,0.048005,0.04883,2120832.0
1776456000,0.048831,0.048925,0.047425,0.047633,1205699.0
1776470400,0.047612,0.047771,0.04695,0.04703,382822.0
1776484800,0.047074,0.048137,0.046955,0.047932,971455.0
1776499200,0.047923,0.048022,0.04569,0.046176,2928170.0
1776513600,0.046193,0.047014,0.045826,0.046302,2888681.0
1776528000,0.046278,0.046495,0.045581,0.045785,383059.0
1776542400,0.045805,0.046171,0.04547,0.045473,406834.0
1776556800,0.0455,0.045616,0.044552,0.045192,671078.0
1776571200,0.045161,0.045202,0.044699,0.045109,1045061.0
1776585600,0.045087,0.045186,0.044051,0.044675,2621582.0
1776600000,0.044698,0.045519,0.044619,0.045057,777272.0
1776614400,0.0452,0.045297,0.0439,0.044243,1238220.0
1776628800,0.044258,0.044635,0.04327,0.043346,2047281.0
1776643200,0.043415,0.044579,0.043393,0.044382,1349329.0
1776657600,0.04442,0.044784,0.043767,0.044469,582394.0
1776672000,0.044495,0.04497,0.044315,0.044815,1039385.0
1776686400,0.044816,0.045366,0.044661,0.045033,1155776.0
1776700800,0.045096,0.045631,0.04483,0.045599,1499554.0
1776715200,0.045589,0.046088,0.04484,0.045007,685282.0
1776729600,0.045009,0.04531,0.044465,0.045,2744693.0
1776744000,0.045,0.045379,0.044811,0.045087,1016850.0
1776758400,0.045074,0.045766,0.045002,0.045431,474985.0
1776772800,0.045424,0.045448,0.044879,0.045211,1272394.0
1776787200,0.045217,0.045375,0.044159,0.044334,611501.0
1776801600,0.044308,0.045448,0.044308,0.045407,655076.0
1776816000,0.045434,0.046968,0.045376,0.046862,1536710.0
1776830400,0.046918,0.048667,0.046797,0.047754,2503072.0
1776844800,0.047716,0.048201,0.047396,0.047724,633980.0
1776859200,0.047825,0.049458,0.047338,0.048198,9538286.0
1776873600,0.04818,0.04891,0.047411,0.047699,1394173.0
1776888000,0.047728,0.047873,0.046494,0.046627,5340625.0
1776902400,0.046674,0.046674,0.045644,0.045893,1712444.0
1776916800,0.045926,0.04652,0.045822,0.046325,1321045.0
1776931200,0.046284,0.046667,0.045863,0.046355,1221850.0
1776945600,0.046366,0.04893,0.046366,0.048715,1952608.0
1776960000,0.048796,0.049704,0.047706,0.049035,2205749.0
1776974400,0.048985,0.053131,0.048966,0.051831,5309994.0
1776988800,0.051868,0.054599,0.050649,0.050801,2892699.0
1777003200,0.050875,0.051738,0.050702,0.051113,1658905.0
1777017600,0.051044,0.05296,0.050431,0.052745,1440001.0
1777032000,0.052557,0.052748,0.050803,0.051606,1267877.0
1777046400,0.051587,0.051708,0.050678,0.05138,732788.0
1777060800,0.051381,0.051641,0.050461,0.050555,530654.0
1777075200,0.050571,0.050669,0.049835,0.050252,731778.0
1777089600,0.050233,0.050437,0.049311,0.049567,959285.0
1777104000,0.049616,0.049923,0.049126,0.049359,1176466.0
1777118400,0.049371,0.049538,0.048639,0.048735,695470.0
1777132800,0.048709,0.048814,0.047909,0.048172,838762.0
1777147200,0.048165,0.049013,0.048165,0.048967,1166727.0
1777161600,0.048929,0.05,0.048687,0.04972,1611864.0
1777176000,0.049732,0.05064,0.049699,0.050111,277824.0
1777190400,0.050082,0.050201,0.049619,0.050089,2427320.0
1777204800,0.050089,0.050156,0.049304,0.04944,547320.0
1777219200,0.049504,0.049687,0.049171,0.049459,324978.0
1777233600,0.049472,0.049841,0.049075,0.049518,482091.0
1777248000,0.049526,0.050853,0.049262,0.050598,411559.0
1777262400,0.050587,0.050651,0.048339,0.048452,926822.0
1777276800,0.048475,0.04931,0.048389,0.048859,693704.0
1777291200,0.048899,0.049322,0.047738,0.047946,846517.0
1777305600,0.047871,0.048318,0.047598,0.047896,5312359.0
1777320000,0.047933,0.048459,0.047754,0.048391,572544.0
1777334400,0.048393,0.048433,0.047955,0.04816,678412.0
1777348800,0.048185,0.048615,0.047747,0.047894,402318.0
1777363200,0.047894,0.048076,0.047211,0.047319,351697.0
1777377600,0.04736,0.047668,0.047,0.047482,591072.0
1777392000,0.047537,0.047888,0.047196,0.047888,428512.0
1777406400,0.047882,0.047899,0.04745,0.047585,524763.0
1777420800,0.047572,0.047794,0.047195,0.047794,704904.0
1777435200,0.047825,0.048507,0.047771,0.048011,619115.0
1777449600,0.047992,0.048268,0.047679,0.047697,969446.0
1777464000,0.04767,0.047699,0.04619,0.046297,1987707.0
1777478400,0.04627,0.046787,0.045156,0.045887,1113905.0
1777492800,0.045947,0.046754,0.045936,0.046698,375298.0
1777507200,0.046716,0.047192,0.04639,0.046425,1187480.0
1777521600,0.046418,0.046996,0.045987,0.046894,263811.0
1777536000,0.046917,0.047117,0.046551,0.046872,642726.0
1777550400,0.046882,0.047258,0.046342,0.046712,569160.0
1777564800,0.04669,0.0468,0.046371,0.046435,468061.0
1777579200,0.046412,0.046486,0.046123,0.046322,555226.0
1777593600,0.046402,0.047302,0.046355,0.047095,344975.0
1777608000,0.047113,0.047325,0.046623,0.046898,266402.0
1777622400,0.046909,0.046985,0.046475,0.046478,757492.0
1777636800,0.046496,0.047507,0.046454,0.047161,864388.0
1777651200,0.047211,0.047224,0.046588,0.046595,535871.0
1777665600,0.04665,0.047176,0.04634,0.046823,500958.0
1777680000,0.046795,0.047037,0.046393,0.046591,212975.0
1777694400,0.046568,0.046663,0.046103,0.04654,662827.0
1777708800,0.04655,0.046831,0.046463,0.046506,312177.0
1777723200,0.046503,0.047446,0.046465,0.047399,914341.0
1777737600,0.047528,0.048222,0.047202,0.048004,732417.0
1777752000,0.048186,0.050597,0.048186,0.049616,1932262.0
1777766400,0.049698,0.049717,0.048889,0.04941,803199.0
1777780800,0.049367,0.049708,0.048752,0.048913,573552.0
1777795200,0.048899,0.049308,0.048577,0.048961,715777.0
1777809600,0.048975,0.049199,0.048696,0.049007,1200402.0
1777824000,0.049037,0.049247,0.048844,0.049091,707094.0
1777838400,0.04906,0.049421,0.048556,0.048895,1179962.0
1777852800,0.048887,0.05063,0.048668,0.050363,1083213.0
1777867200,0.050398,0.050595,0.049387,0.049585,576085.0
1777881600,0.049526,0.049762,0.048232,0.048522,1029168.0
1777896000,0.048546,0.049044,0.048111,0.048525,688129.0
1777910400,0.048515,0.049106,0.048111,0.048667,1175995.0
1777924800,0.048716,0.049067,0.048413,0.04866,569434.0
1777939200,0.048677,0.0494,0.048494,0.048987,988530.0
1777953600,0.049017,0.049428,0.048788,0.049372,574413.0
1777968000,0.04931,0.049945,0.049144,0.049945,2209111.0
1777982400,0.049979,0.050064,0.048996,0.048996,952014.0
1777996800,0.049003,0.049722,0.048674,0.049559,3648200.0
1778011200,0.049565,0.05031,0.049327,0.049576,1816763.0
1778025600,0.04957,0.050762,0.049491,0.050549,1867263.0
1778040000,0.050546,0.050894,0.049884,0.050839,996911.0
1778054400,0.050907,0.054311,0.050806,0.053516,2201097.0
1778068800,0.0535,0.05353,0.051404,0.051936,1643526.0
1778083200,0.051946,0.052236,0.051301,0.051652,452039.0
1778097600,0.051689,0.05234,0.051268,0.051706,630160.0
1778112000,0.05172,0.05172,0.050149,0.050227,322689.0
1778126400,0.050123,0.052498,0.050123,0.052321,552359.0
1778140800,0.052269,0.05391,0.052177,0.05391,1291744.0
1778155200,0.053776,0.054448,0.05138,0.051618,3521263.0
1778169600,0.051691,0.0525,0.051373,0.052076,1191865.0
1778184000,0.052111,0.052606,0.051929,0.05236,608297.0
1778198400,0.052404,0.053375,0.05172,0.05322,1440653.0
1778212800,0.053087,0.05357,0.052838,0.053396,487733.0
1778227200,0.053386,0.05556,0.053386,0.055182,3084548.0
1778241600,0.055209,0.05527,0.053851,0.054951,1130979.0
1778256000,0.054974,0.060184,0.054726,0.058503,21066661.0
1778270400,0.058619,0.060718,0.056313,0.059853,15657257.0
1778284800,0.059933,0.062385,0.059276,0.061565,2823614.0
1778299200,0.061553,0.063069,0.060408,0.061404,3498003.0
1778313600,0.06137,0.062221,0.059279,0.059279,10367315.0
1778328000,0.059207,0.059207,0.0569,0.057728,18184562.0
1778342400,0.057698,0.059478,0.057491,0.059281,1165049.0
1778356800,0.059328,0.059365,0.058353,0.05841,1369698.0
1778371200,0.058403,0.05853,0.056859,0.057394,5624810.0
1778385600,0.057363,0.059366,0.057286,0.058663,7700949.0
1778400000,0.058597,0.061822,0.058572,0.060064,9011768.0
1778414400,0.060016,0.060058,0.059142,0.059577,2419615.0
1778428800,0.05959,0.0611,0.05949,0.060377,1449654.0
1778443200,0.060434,0.060872,0.05797,0.059267,9052991.0
1778457600,0.059314,0.06029,0.057325,0.05775,4358567.0
1778472000,0.057723,0.058148,0.057372,0.057717,632865.0
1778486400,0.057713,0.058416,0.057305,0.057877,652452.0
1778500800,0.057872,0.058604,0.057365,0.058477,1499479.0
1778515200,0.058411,0.059281,0.058093,0.058869,783618.0
1778529600,0.058893,0.059449,0.058085,0.058166,1614125.0
1778544000,0.058228,0.05833,0.056177,0.056229,1922633.0
1778558400,0.056143,0.057149,0.0555,0.056956,274516.0
1778572800,0.056814,0.057187,0.055729,0.056151,1692802.0
1778587200,0.056113,0.05624,0.054006,0.054208,3995549.0
1778601600,0.054093,0.054665,0.053584,0.054477,1623225.0
1778616000,0.054493,0.054599,0.053976,0.054096,392037.0
1778630400,0.054057,0.056551,0.054024,0.056304,1322911.0
1778644800,0.056247,0.05643,0.055177,0.055535,259471.0
1778659200,0.055492,0.056378,0.054544,0.05459,403862.0
1778673600,0.054581,0.054746,0.05031,0.050786,8624811.0
1778688000,0.050836,0.051727,0.050836,0.051255,1318777.0
1778702400,0.0513,0.051629,0.05078,0.050872,772569.0
1778716800,0.050894,0.051914,0.049777,0.049925,3032374.0
1778731200,0.049927,0.051085,0.049911,0.050404,658910.0
1778745600,0.050347,0.050583,0.049784,0.04986,987073.0
1778760000,0.049874,0.051594,0.049874,0.051583,1504775.0
1778774400,0.051594,0.052189,0.0512,0.05165,966532.0
1778788800,0.05168,0.051722,0.050464,0.0506,874560.0
1778803200,0.050624,0.050947,0.050068,0.050321,1188286.0
1778817600,0.050309,0.050309,0.048644,0.048813,1532695.0
1778832000,0.048813,0.048813,0.047799,0.047859,1151082.0
1778846400,0.047908,0.047928,0.045502,0.04575,7577981.0
1778860800,0.045776,0.046902,0.04571,0.046312,2218284.0
1778875200,0.046308,0.046686,0.046197,0.046515,638027.0
1778889600,0.046521,0.046581,0.045858,0.046247,1036123.0
1778904000,0.046192,0.046288,0.044098,0.045133,3785721.0
1778918400,0.045133,0.045181,0.043935,0.044784,4504709.0
1778932800,0.044785,0.045792,0.044726,0.045389,1711959.0
1778947200,0.045375,0.045756,0.045074,0.045194,803714.0
1778961600,0.04523,0.04523,0.044671,0.044671,414646.0
1778976000,0.044693,0.044851,0.04418,0.044678,1277746.0
1778990400,0.044707,0.045198,0.044675,0.045096,827168.0
1779004800,0.045105,0.045293,0.044774,0.045021,447788.0
1779019200,0.045097,0.045431,0.044516,0.044798,879207.0
1779033600,0.044822,0.045027,0.044398,0.044971,582035.0
1779048000,0.044999,0.045049,0.042321,0.043621,1430636.0
1779062400,0.043675,0.04383,0.043157,0.043576,970761.0
1779076800,0.043627,0.043801,0.042994,0.043082,689153.0
1779091200,0.043123,0.043217,0.042485,0.043006,1672587.0
1779105600,0.042995,0.043397,0.041984,0.042332,3004635.0
1779120000,0.042358,0.043379,0.042162,0.043261,2589516.0
1779134400,0.043442,0.04454,0.043164,0.044349,3282559.0
1779148800,0.044385,0.044657,0.043901,0.044082,2796922.0
1779163200,0.044086,0.04445,0.04373,0.044005,899452.0
1779177600,0.044005,0.044015,0.041907,0.042073,1262026.0
1779192000,0.042071,0.042168,0.038195,0.038346,5750655.0
1779206400,0.03837,0.039692,0.03818,0.038581,2728804.0
1779220800,0.03861,0.039409,0.038295,0.038806,1691485.0
1779235200,0.038789,0.040751,0.038789,0.040264,2833807.0
1779249600,0.040286,0.040866,0.039966,0.040816,2656880.0
1779264000,0.040792,0.041109,0.039548,0.039747,3920105.0
1779278400,0.03974,0.041213,0.039662,0.040811,3185110.0
1779292800,0.040803,0.04266,0.040798,0.042058,3677418.0
1779307200,0.042003,0.042606,0.041222,0.042355,1646644.0
1779321600,0.042427,0.042637,0.041809,0.041912,2753605.0
1779336000,0.041906,0.042197,0.041313,0.042033,1740827.0
1779350400,0.042089,0.042362,0.040976,0.041014,1666170.0
1779364800,0.041065,0.04202,0.040989,0.041714,1787092.0
1779379200,0.041727,0.043639,0.041655,0.043145,3704255.0
1779393600,0.043121,0.043231,0.042277,0.042519,1133673.0
1779408000,0.042553,0.04363,0.042085,0.043505,959941.0
1779422400,0.043541,0.043808,0.04263,0.042905,1918567.0
1779436800,0.042924,0.043297,0.042465,0.042845,1761505.0
1779451200,0.042912,0.043235,0.041678,0.042109,887289.0
1779465600,0.042035,0.042227,0.039713,0.040043,6018374.0
1779480000,0.040059,0.040574,0.039509,0.039751,4136098.0
1779494400,0.039668,0.040252,0.039478,0.040035,1838125.0
1779508800,0.040034,0.040034,0.038241,0.038609,2623053.0
1779523200,0.038641,0.039718,0.038392,0.039498,1368969.0
1779537600,0.039455,0.041112,0.039238,0.040888,919606.0
1779552000,0.040906,0.041829,0.04057,0.041636,1839444.0
1779566400,0.041601,0.043018,0.041371,0.04203,1624197.0
1779580800,0.042104,0.042532,0.041572,0.041681,746369.0
1779595200,0.041738,0.041929,0.041385,0.041448,572725.0
1779609600,0.041474,0.04186,0.041369,0.041448,904987.0
1779624000,0.041403,0.04153,0.040579,0.041309,2140482.0
1779638400,0.041301,0.041638,0.041151,0.041301,995532.0
1779652800,0.04128,0.041322,0.040206,0.041214,3545838.0
1779667200,0.041297,0.041861,0.041141,0.041535,2624681.0
1779681600,0.041535,0.042749,0.041535,0.042153,958005.0
1779696000,0.042117,0.042415,0.041305,0.041355,1597740.0
1779710400,0.041377,0.041792,0.041213,0.041489,2872235.0
1779724800,0.041522,0.041947,0.041319,0.04149,614169.0
1779739200,0.041561,0.041625,0.040767,0.041217,1540432.0
1779753600,0.041153,0.041183,0.040262,0.040492,1820599.0
1779768000,0.040475,0.04104,0.040385,0.04059,2233341.0
1779782400,0.040604,0.041713,0.040592,0.041564,1648878.0
1779796800,0.04155,0.042457,0.040779,0.041021,2708044.0
1779811200,0.041077,0.0412,0.040088,0.040394,1308197.0
1779825600,0.040426,0.040426,0.039957,0.040236,722217.0
1779840000,0.040234,0.040816,0.039814,0.039892,1638910.0
1779854400,0.039932,0.042259,0.039528,0.042183,1143093.0
1779868800,0.042179,0.042542,0.041354,0.041354,1906993.0
1779883200,0.041389,0.041891,0.040602,0.041228,1861961.0
1779897600,0.041286,0.041425,0.040482,0.041096,594822.0
1779912000,0.041112,0.041382,0.039758,0.040005,1359892.0
1779926400,0.039991,0.040132,0.038466,0.038518,1779838.0
1779940800,0.038472,0.03873,0.037654,0.038591,2072500.0
1779955200,0.038649,0.038699,0.037942,0.038039,1155308.0
1779969600,0.038078,0.038389,0.037401,0.038144,1555126.0
1779984000,0.038181,0.03976,0.037911,0.038803,2409855.0
1779998400,0.038832,0.039303,0.038505,0.038951,1545908.0
1780012800,0.038936,0.039947,0.038822,0.03889,1737187.0
1780027200,0.038931,0.041576,0.03865,0.040825,2210991.0
1780041600,0.040815,0.042243,0.040595,0.042034,4813203.0
1780056000,0.042038,0.042038,0.039277,0.041319,4772979.0
1780070400,0.041358,0.041642,0.040117,0.040571,1975094.0
1780084800,0.040591,0.040855,0.040062,0.040549,857963.0
1780099200,0.040592,0.04136,0.040277,0.041065,903599.0
1780113600,0.041074,0.041563,0.04024,0.041168,1565455.0
1780128000,0.041229,0.04202,0.041022,0.042013,1352056.0
1780142400,0.04201,0.042365,0.04133,0.041492,1580568.0
1780156800,0.041459,0.04219,0.041409,0.041778,1452185.0
1780171200,0.041814,0.042771,0.041741,0.042375,1396920.0
1780185600,0.042382,0.042596,0.041171,0.041566,1436073.0
1780200000,0.041535,0.041735,0.040779,0.040884,1170461.0
1780214400,0.040879,0.041116,0.040541,0.040827,903736.0
1780228800,0.040852,0.041144,0.040042,0.040147,657013.0
1780243200,0.04016,0.040421,0.039807,0.040375,1130100.0
1780257600,0.040366,0.041423,0.040342,0.041183,724765.0
1780272000,0.041222,0.042234,0.040746,0.04209,1227402.0
1780286400,0.04213,0.042267,0.040129,0.040151,1561870.0
1780300800,0.040176,0.040832,0.04006,0.040537,1077014.0
1780315200,0.040536,0.040714,0.039493,0.040268,2592410.0
1780329600,0.040356,0.042426,0.040091,0.042396,1454015.0
1780344000,0.042451,0.042716,0.041511,0.042434,1884204.0
1780358400,0.042406,0.042494,0.040588,0.042,1668014.0
1780372800,0.042044,0.042098,0.040659,0.041155,1243455.0
1780387200,0.04113,0.041233,0.040331,0.040785,1043890.0
1780401600,0.040798,0.041511,0.038254,0.038699,3470429.0
1780416000,0.038671,0.039751,0.037908,0.038817,1658585.0
1780430400,0.038828,0.039868,0.037592,0.038366,2522867.0
1780444800,0.038389,0.03892,0.037657,0.03774,1654068.0
1780459200,0.037863,0.040179,0.037863,0.039915,1260885.0
1780473600,0.039949,0.040395,0.039446,0.040011,821004.0
1780488000,0.040026,0.040456,0.038917,0.038927,2571340.0
1780502400,0.038992,0.038999,0.037372,0.037436,1867488.0
1780516800,0.037436,0.038324,0.03678,0.036948,2946517.0
1780531200,0.036943,0.037109,0.033595,0.03603,6043791.0
1780545600,0.03603,0.036156,0.03431,0.03432,3821702.0
1780560000,0.034296,0.034453,0.033322,0.034064,3871880.0
1780574400,0.034044,0.036363,0.033837,0.036168,3464513.0
1780588800,0.036192,0.036254,0.035239,0.035528,2713791.0
1780603200,0.035526,0.035529,0.034069,0.034488,2157280.0
1780617600,0.034481,0.034557,0.032869,0.032966,2412281.0
1780632000,0.033037,0.034393,0.031409,0.032629,8554417.0
1780646400,0.032624,0.033164,0.032054,0.032745,3409849.0
1780660800,0.032702,0.03339,0.031368,0.031686,3530558.0
1780675200,0.031603,0.032697,0.030177,0.031227,4576133.0
1780689600,0.031235,0.032517,0.030912,0.031775,5236715.0
1780704000,0.031823,0.032199,0.030976,0.031071,1516880.0
1780718400,0.031018,0.03147,0.029414,0.031282,4374067.0
1780732800,0.031296,0.032119,0.030955,0.031614,3362316.0
1780747200,0.031649,0.031959,0.031162,0.031398,1922317.0
1780761600,0.031377,0.031601,0.030888,0.030901,3246758.0
1780776000,0.0309,0.031313,0.030817,0.03127,2475810.0
1780790400,0.031235,0.032164,0.031195,0.031727,2924761.0
1780804800,0.031735,0.032009,0.031483,0.031906,2512926.0
1780819200,0.031902,0.032688,0.03168,0.031985,3515205.0
1780833600,0.031995,0.032014,0.031243,0.031566,2438311.0
1780848000,0.031597,0.031791,0.030362,0.030491,1956162.0
1780862400,0.030395,0.032683,0.03038,0.031833,3202788.0
1780876800,0.031913,0.032295,0.031447,0.031859,2676115.0
1780891200,0.03183,0.031832,0.030986,0.031408,3472754.0
1780905600,0.031388,0.032108,0.030945,0.032024,4564001.0
1780920000,0.031997,0.0323,0.031658,0.031891,3172212.0
1780934400,0.031832,0.032366,0.031699,0.031997,2684858.0
1780948800,0.032011,0.03238,0.031375,0.031497,2638253.0
1780963200,0.031531,0.031552,0.030355,0.030756,4123351.0
1780977600,0.030707,0.031491,0.030616,0.031209,3580876.0
1780992000,0.031221,0.031301,0.030577,0.03094,4430447.0
1781006400,0.030928,0.031264,0.030169,0.030365,2843485.0
1781020800,0.030367,0.031273,0.029919,0.031128,4143891.0
1781035200,0.031131,0.032184,0.031117,0.031618,3649530.0
1781049600,0.03162,0.032206,0.031294,0.031455,5828477.0
1781064000,0.031448,0.031458,0.03069,0.031217,3307253.0
1781078400,0.031197,0.031267,0.030184,0.0304,4786804.0
1781092800,0.030383,0.032749,0.030241,0.03207,10598557.0
1781107200,0.032124,0.032262,0.030951,0.031016,5476122.0
1781121600,0.030988,0.031119,0.03015,0.031033,3650218.0
1781136000,0.031019,0.033273,0.030987,0.033107,4753247.0
1781150400,0.033143,0.036834,0.032994,0.034508,11065918.0
1781164800,0.034477,0.035725,0.034249,0.034369,8892402.0
1781179200,0.034314,0.036527,0.033787,0.036399,13546267.0
1781193600,0.036293,0.037369,0.034974,0.03665,7883370.0
1781208000,0.036654,0.038641,0.036589,0.038004,15895453.0
1781222400,0.037949,0.039054,0.036465,0.03813,10365212.0
1781236800,0.038077,0.039557,0.036993,0.038638,14842585.0
1781251200,0.038629,0.04028,0.038168,0.038691,10824070.0
1781265600,0.038788,0.038795,0.037082,0.037387,12409486.0
1781280000,0.037425,0.038499,0.037079,0.037142,3076342.0
1781294400,0.037135,0.037616,0.036762,0.037029,5137955.0
1781308800,0.037022,0.038668,0.036993,0.037405,4439363.0
1781323200,0.037374,0.038656,0.036972,0.038136,3662174.0
1781337600,0.038108,0.038638,0.037598,0.037733,1824232.0
1781352000,0.037718,0.040009,0.037671,0.039819,6389308.0
1781366400,0.039911,0.039911,0.038291,0.03842,2819401.0
1781380800,0.03839,0.038398,0.037701,0.038001,1836413.0
1781395200,0.038032,0.039581,0.037662,0.038495,2607049.0
1781409600,0.038531,0.039417,0.037823,0.038983,5658598.0
1781424000,0.038994,0.039424,0.038183,0.039051,7289748.0
1781438400,0.039069,0.040319,0.038828,0.039228,7202384.0
1781452800,0.03924,0.039753,0.03782,0.038039,4163944.0
1781467200,0.038039,0.040017,0.037682,0.03943,2559854.0
1781481600,0.03943,0.039488,0.038645,0.038846,2254867.0
1781496000,0.038842,0.040462,0.038745,0.0394,4033755.0
1781510400,0.039439,0.040971,0.03935,0.040769,2640906.0
1781524800,0.040749,0.042188,0.040265,0.041112,4260514.0
1781539200,0.041032,0.041215,0.038869,0.038981,3031937.0
1781553600,0.039001,0.040436,0.038373,0.038823,4142901.0
1781568000,0.038848,0.039689,0.03842,0.039647,4299637.0
1781582400,0.039599,0.040145,0.038822,0.039724,3149752.0
1781596800,0.039722,0.040664,0.039516,0.039895,2914306.0
1781611200,0.039968,0.04,0.038437,0.039035,2678766.0
1781625600,0.03904,0.039746,0.038517,0.039343,2318016.0
1781640000,0.039393,0.039939,0.038965,0.039129,2010628.0
1781654400,0.039107,0.040198,0.038932,0.0395,3685555.0
1781668800,0.039489,0.039908,0.03907,0.03933,1971850.0
1781683200,0.039297,0.039358,0.038297,0.038773,1527251.0
1781697600,0.038775,0.040493,0.038258,0.040479,1569789.0
1781712000,0.040516,0.040955,0.038898,0.039087,4091286.0
1781726400,0.039042,0.039744,0.038208,0.038887,3099634.0
1781740800,0.038927,0.039607,0.038491,0.038565,6933100.0
1781755200,0.038502,0.038613,0.036755,0.037646,3747154.0
1781769600,0.03767,0.038292,0.037484,0.03756,2953638.0
1781784000,0.037559,0.038126,0.035932,0.036031,5876762.0
1781798400,0.035919,0.036736,0.035914,0.036637,2751333.0
1781812800,0.036672,0.037603,0.035531,0.035858,3540816.0
1781827200,0.035842,0.036208,0.035174,0.035467,4228946.0
1781841600,0.03544,0.03554,0.034867,0.03502,1796714.0
1781856000,0.035035,0.035523,0.034813,0.034923,1254335.0
1781870400,0.0349,0.036187,0.03472,0.035863,2341118.0
1781884800,0.035835,0.036067,0.035477,0.035626,1512141.0
1781899200,0.035626,0.035994,0.035472,0.035994,1106626.0
1781913600,0.035971,0.036034,0.035103,0.035519,3315043.0
1781928000,0.035519,0.037056,0.035406,0.0366,4176300.0
1781942400,0.036581,0.037265,0.036223,0.036232,9522781.0
1781956800,0.036178,0.036716,0.035591,0.03651,2522400.0
1781971200,0.036527,0.036527,0.035825,0.035964,1872635.0
1781985600,0.035986,0.036672,0.035911,0.036421,945761.0
1782000000,0.036421,0.036859,0.036367,0.03652,1974342.0
1782014400,0.036524,0.036709,0.036086,0.03631,2279128.0
1782028800,0.036326,0.037613,0.03631,0.036763,5599796.0
1782043200,0.036791,0.037336,0.036566,0.037208,4194425.0
1782057600,0.037238,0.037352,0.036615,0.036747,1021631.0
1782072000,0.036775,0.036806,0.035456,0.035634,2412466.0
1782086400,0.035709,0.036793,0.035611,0.036041,2315125.0
1782100800,0.03604,0.03707,0.035932,0.036824,2388697.0
1782115200,0.03683,0.038394,0.036778,0.037888,7333740.0
1782129600,0.037852,0.038238,0.037023,0.037117,4223112.0
1782144000,0.037185,0.037778,0.036746,0.036874,8475592.0
1782158400,0.036822,0.037108,0.036062,0.036584,2551153.0
1782172800,0.036566,0.037441,0.036223,0.037181,2313661.0
1782187200,0.037182,0.037483,0.035117,0.035161,3406918.0
1782201600,0.035107,0.035196,0.034043,0.034736,2742337.0
1782216000,0.034743,0.035604,0.034705,0.03501,2268178.0
1782230400,0.035021,0.035526,0.035016,0.035399,1264159.0
1782244800,0.035347,0.03573,0.034946,0.035088,2982674.0
1782259200,0.035137,0.035462,0.034602,0.034644,2322072.0
1782273600,0.034621,0.035546,0.034322,0.035192,3864615.0
1782288000,0.03519,0.035349,0.034511,0.035073,2011453.0
1782302400,0.035167,0.03521,0.033538,0.033609,4212191.0
1782316800,0.033669,0.033956,0.032301,0.033416,3452922.0
1782331200,0.033422,0.034359,0.033371,0.033766,2332477.0
1782345600,0.033806,0.033907,0.033362,0.033433,2442965.0
1782360000,0.033423,0.034328,0.033212,0.033958,1688162.0
1782374400,0.033924,0.034212,0.033485,0.033622,717100.0
1782388800,0.033622,0.033908,0.03094,0.032266,2185062.0
1782403200,0.032271,0.032651,0.031758,0.031931,742276.0
1782417600,0.031955,0.032698,0.03193,0.032322,862090.0
1782432000,0.032369,0.03247,0.031049,0.03203,1402481.0
1782446400,0.032004,0.032743,0.03177,0.03262,644595.0
1782460800,0.032626,0.032657,0.031694,0.03179,1295330.0
1782475200,0.031816,0.032903,0.0314,0.032782,1630953.0
1782489600,0.032861,0.034556,0.032861,0.033893,4340321.0
1782504000,0.033779,0.034801,0.033655,0.03431,2744275.0
1782518400,0.034353,0.03455,0.03394,0.034213,349438.0
1782532800,0.03421,0.035445,0.034053,0.03417,1580259.0
1782547200,0.034172,0.034623,0.033654,0.033856,751658.0
1782561600,0.033957,0.034363,0.033826,0.03409,641948.0
1782576000,0.034125,0.034496,0.033571,0.033722,819402.0
1782590400,0.033703,0.033928,0.033209,0.03347,1092832.0
1782604800,0.033482,0.034006,0.033454,0.034002,463137.0
1782619200,0.034006,0.034006,0.033421,0.033865,429935.0
1782633600,0.033822,0.034397,0.033754,0.033911,538680.0
1782648000,0.033892,0.0341,0.033412,0.03357,774402.0
1782662400,0.033579,0.034239,0.033329,0.033592,1865245.0
1782676800,0.033577,0.033804,0.033,0.033635,1111059.0
1782691200,0.033609,0.035977,0.033367,0.035845,1907772.0
1782705600,0.035809,0.036675,0.034961,0.036302,3330998.0
1782720000,0.036253,0.037381,0.035994,0.036633,6603504.0
1782734400,0.036678,0.038169,0.036354,0.036682,6785701.0
1782748800,0.03666,0.037308,0.036225,0.036579,2556907.0
1782763200,0.036603,0.037185,0.035895,0.036016,1127188.0
1782777600,0.036013,0.0365,0.035443,0.036262,1262197.0
1782792000,0.03628,0.036432,0.035534,0.036225,1425138.0
1782806400,0.036214,0.03761,0.035646,0.035656,4353486.0
1782820800,0.035676,0.0432,0.035203,0.040223,207930859.0
1782835200,0.040186,0.041382,0.038031,0.038252,40705422.0
1782849600,0.038241,0.038768,0.037112,0.037404,7789777.0
1782864000,0.037419,0.040323,0.036644,0.039909,15538144.0
1782878400,0.039826,0.040405,0.038182,0.038182,14086667.0
1782892800,0.038307,0.039005,0.037406,0.038888,7515951.0
1782907200,0.038855,0.039919,0.037851,0.039239,14550886.0
1782921600,0.039245,0.040064,0.038303,0.038471,6904415.0
1782936000,0.03847,0.039376,0.0375,0.037642,6386040.0
1782950400,0.037621,0.04134,0.037313,0.040843,12544092.0
1782964800,0.040857,0.041275,0.039049,0.039856,14401222.0
1782979200,0.039882,0.040899,0.039842,0.039979,5454434.0
1782993600,0.039992,0.040264,0.037539,0.038265,8956440.0
1783008000,0.038235,0.039687,0.038043,0.038898,3430308.0
1783022400,0.038909,0.039129,0.038661,0.038685,991361.0
1783036800,0.038655,0.039959,0.038408,0.03978,2696418.0
1783051200,0.039764,0.040259,0.039355,0.039576,2194847.0
1783065600,0.039577,0.039933,0.038692,0.038847,2691253.0
1783080000,0.038845,0.039245,0.038799,0.038946,1254754.0
1783094400,0.038937,0.040017,0.038914,0.039413,2896576.0
1783108800,0.039378,0.039628,0.039144,0.039206,2212061.0
1783123200,0.03922,0.039244,0.038359,0.038456,1812712.0
1783137600,0.038432,0.038496,0.037916,0.038427,4657240.0
1783152000,0.038412,0.038421,0.037569,0.037902,1570956.0
1783166400,0.03798,0.038485,0.037799,0.038328,1264628.0
1783180800,0.038346,0.038704,0.038022,0.038656,1753055.0
1783195200,0.038642,0.039261,0.037934,0.038362,2294960.0
1783209600,0.038286,0.039227,0.037938,0.038618,2709406.0
1783224000,0.038619,0.038964,0.038069,0.038796,2157856.0
1783238400,0.038811,0.04,0.03835,0.039339,3579541.0
1783252800,0.039303,0.041441,0.039246,0.039491,6564007.0
1783267200,0.039481,0.039762,0.038835,0.039594,1225686.0
1783281600,0.039601,0.040871,0.03954,0.040395,947987.0
1783296000,0.040399,0.041117,0.040093,0.040868,2423902.0
1783310400,0.040936,0.043135,0.040613,0.042208,13838289.0
1783324800,0.04225,0.044283,0.041798,0.043667,10705352.0
1783339200,0.043676,0.04643,0.042236,0.046393,19116083.0
1783353600,0.046393,0.047635,0.044912,0.046219,22401677.0
1783368000,0.046199,0.046422,0.044898,0.045542,8842279.0
1783382400,0.045598,0.04611,0.043938,0.044333,7149510.0
1783396800,0.044377,0.045532,0.043726,0.044422,4890272.0
1783411200,0.04435,0.04611,0.044209,0.04587,3960542.0
1783425600,0.045879,0.046892,0.044332,0.04485,4681858.0
1783440000,0.044826,0.044939,0.043155,0.04365,2757125.0
1783454400,0.043672,0.044357,0.042783,0.042861,4371513.0
1783468800,0.042901,0.044659,0.042666,0.043752,3752907.0
1783483200,0.043753,0.045197,0.043017,0.04309,2634729.0
1783497600,0.043185,0.04356,0.041741,0.042254,4958963.0
1783512000,0.042259,0.042338,0.041049,0.041233,1950006.0
1783526400,0.041232,0.043205,0.041145,0.04279,2943572.0
1783540800,0.042784,0.043863,0.042272,0.04363,802487.0
1783555200,0.043715,0.04414,0.042861,0.043422,2176637.0
1783569600,0.043455,0.04347,0.042478,0.042712,1050215.0
1783584000,0.042685,0.043254,0.041827,0.0421,1826234.0
1783598400,0.042057,0.043218,0.041968,0.042464,2223735.0
1783612800,0.042458,0.0455,0.042349,0.045079,7238614.0
1783627200,0.045181,0.046579,0.044769,0.045371,6098072.0
1783641600,0.045372,0.046198,0.044678,0.044846,1514399.0
1783656000,0.044884,0.04498,0.044233,0.044279,1285982.0
1783670400,0.044236,0.045071,0.044229,0.044263,654493.0
1783684800,0.044254,0.044343,0.04342,0.044013,2259253.0
1783699200,0.043977,0.046445,0.043946,0.046428,2227933.0
1783713600,0.046439,0.047558,0.046063,0.047428,2905696.0
1783728000,0.047428,0.048871,0.047063,0.047678,2608794.0
1783742400,0.047689,0.048772,0.04735,0.047451,2106910.0
1783756800,0.047368,0.0486,0.047115,0.047804,3929668.0
1783771200,0.047781,0.049767,0.047715,0.048395,4366399.0
1783785600,0.048301,0.049123,0.047843,0.048513,4027452.0
1783800000,0.048531,0.048531,0.046753,0.046803,4727136.0
1783814400,0.046766,0.047869,0.046494,0.047495,3153795.0
1783828800,0.047485,0.04773,0.046186,0.047051,1155529.0
1783843200,0.047031,0.047754,0.04685,0.047066,906322.0
1783857600,0.047088,0.04773,0.046923,0.047455,722055.0
1783872000,0.047479,0.048846,0.047354,0.048078,2250552.0
1783886400,0.048155,0.048942,0.047683,0.047894,2348105.0
1783900800,0.047887,0.049602,0.046473,0.046678,2737766.0
1783915200,0.046653,0.048275,0.046586,0.047981,1610809.0
1783929600,0.048075,0.050377,0.047346,0.049591,3687824.0
1783944000,0.049598,0.049734,0.047652,0.047772,5255228.0
1783958400,0.047738,0.047859,0.046609,0.046856,2028791.0
1783972800,0.046873,0.047721,0.046243,0.04735,5224237.0
1783987200,0.047338,0.047488,0.045508,0.045998,2272252.0
1784001600,0.045946,0.046853,0.0458,0.046401,1696896.0
1784016000,0.046343,0.046528,0.045713,0.046191,1367505.0
1784030400,0.046154,0.047322,0.045925,0.046212,5772860.0
1784044800,0.046213,0.047155,0.045835,0.046659,2115697.0
1784059200,0.046614,0.047027,0.046305,0.046777,1268304.0
1784073600,0.046727,0.049326,0.046706,0.049163,4290698.0
1784088000,0.049153,0.04986,0.047369,0.04774,3455873.0
1784102400,0.047736,0.047941,0.047211,0.047727,1749702.0
1784116800,0.047731,0.047963,0.046672,0.047347,3474083.0
1784131200,0.047334,0.048294,0.047131,0.047877,2856236.0
1784145600,0.047853,0.048277,0.047487,0.047742,977120.0
1784160000,0.047861,0.04986,0.047704,0.049264,2322938.0
1784174400,0.049253,0.051064,0.048747,0.050314,4872567.0
1784188800,0.050224,0.051512,0.049669,0.051101,3367215.0
1784203200,0.051099,0.052394,0.050446,0.051231,7529348.0
1784217600,0.051241,0.052149,0.051013,0.051327,6364650.0
1784232000,0.051353,0.051378,0.049964,0.050356,3366781.0
1784246400,0.050396,0.051266,0.049762,0.049851,3234049.0
1784260800,0.049846,0.050366,0.049555,0.05016,3213071.0
1784275200,0.050159,0.050329,0.049706,0.050026,2636845.0
1784289600,0.049938,0.049949,0.048352,0.049023,6007965.0
1784304000,0.049073,0.049323,0.048582,0.048872,1163791.0
1784318400,0.048858,0.048964,0.048192,0.048424,1004611.0
1784332800,0.048444,0.050368,0.0484,0.049579,1772691.0
1784347200,0.049594,0.049594,0.047787,0.047812,2923554.0
1784361600,0.047848,0.048656,0.047695,0.048454,3153901.0
1784376000,0.048456,0.048919,0.047891,0.048263,1170388.0
1784390400,0.048273,0.048719,0.047753,0.048673,1759690.0
1784404800,0.048683,0.049108,0.048366,0.048578,1406817.0
1784419200,0.048566,0.048869,0.048029,0.048337,2326971.0
1784433600,0.048353,0.049011,0.04822,0.048572,2555528.0
1784448000,0.048572,0.048636,0.047912,0.048032,3135250.0
1784462400,0.048036,0.048986,0.047953,0.048986,791550.0
1784476800,0.049,0.049068,0.047673,0.048219,1605352.0
1784491200,0.048237,0.04882,0.04802,0.048536,1002239.0
1784505600,0.04842,0.049233,0.048067,0.048941,753259.0
1784520000,0.049033,0.050255,0.048843,0.049807,1906257.0
1784534400,0.049807,0.049823,0.048869,0.049451,1086967.0
1784548800,0.049475,0.049485,0.04821,0.048983,1303820.0
1784563200,0.048924,0.048956,0.047546,0.047746,2200432.0
1784577600,0.04776,0.047762,0.047077,0.047613,2470141.0
1784592000,0.047571,0.047911,0.046867,0.047524,1263098.0
1784606400,0.047487,0.047921,0.047373,0.047824,888262.0
1784620800,0.047832,0.04807,0.04677,0.047009,835792.0
1784635200,0.047025,0.04708,0.046651,0.046817,708315.0
1784649600,0.0468,0.04761,0.046173,0.047201,1987354.0
1784664000,0.047207,0.047609,0.047015,0.047227,549875.0
1784678400,0.047252,0.047882,0.046592,0.046594,924246.0
1784692800,0.046634,0.047159,0.046439,0.046995,1072232.0
1784707200,0.047021,0.048618,0.046969,0.048123,1786544.0
1784721600,0.04814,0.048292,0.047565,0.0476,1317200.0
1784736000,0.047598,0.048117,0.047501,0.047725,1520610.0
1784750400,0.047723,0.048543,0.047723,0.048477,615627.0
1784764800,0.048476,0.049144,0.047833,0.047936,1172788.0
1784779200,0.047924,0.04823,0.047108,0.047128,1131849.0
1784793600,0.047127,0.047561,0.047063,0.047189,365569.0
1784808000,0.047169,0.047624,0.046902,0.046916,914905.0
1784822400,0.046928,0.046928,0.045648,0.045832,1348787.0
1784836800,0.045843,0.046258,0.045545,0.045894,346820.0
1784851200,0.045888,0.046561,0.045752,0.046421,714802.0
1784865600,0.046437,0.046918,0.046364,0.046495,512310.0
1784880000,0.046498,0.046498,0.045503,0.046167,1792745.0
1784894400,0.046094,0.046316,0.044689,0.0448,4731436.0
1784908800,0.044773,0.044853,0.044176,0.044746,1011928.0
1784923200,0.044747,0.044799,0.043936,0.043936,1250928.0
1784937600,0.043944,0.044584,0.043923,0.044387,812561.0
1784952000,0.044416,0.044771,0.043923,0.04409,669812.0
1784966400,0.044055,0.044055,0.042973,0.043156,905290.0
1784980800,0.043174,0.043366,0.042644,0.042644,859266.0
1784995200,0.042653,0.043191,0.042645,0.043086,658301.0
1785009600,0.043131,0.043153,0.042584,0.042596,254013.0
1785024000,0.042613,0.043157,0.042514,0.042906,802033.0
1785038400,0.042927,0.043613,0.042689,0.043424,2213247.0
1785052800,0.04337,0.043399,0.042864,0.043045,1107915.0
1785067200,0.043053,0.043656,0.042786,0.043385,514766.0
1785081600,0.043393,0.043611,0.043167,0.043305,1109954.0
1785096000,0.043316,0.043572,0.04311,0.043544,607145.0
1785110400,0.043526,0.043895,0.043045,0.043239,1529335.0
1785124800,0.043238,0.043694,0.043083,0.043316,3541671.0
1785139200,0.043322,0.045228,0.043183,0.04482,3139679.0
1785153600,0.044869,0.045523,0.043575,0.043819,5478368.0
1785168000,0.043795,0.045062,0.043371,0.044621,1552739.0
1785182400,0.044601,0.045793,0.043618,0.044235,1884309.0
1785196800,0.044242,0.044242,0.042326,0.042436,1670746.0
1785211200,0.042434,0.042756,0.042089,0.042379,1394441.0
1785225600,0.042408,0.042778,0.041872,0.042355,1585544.0
1785240000,0.042309,0.042879,0.041588,0.042631,923878.0
1785254400,0.04264,0.04264,0.041218,0.04169,1964120.0
1785268800,0.041748,0.041888,0.040858,0.040893,541264.0
1785283200,0.040907,0.042081,0.04017,0.04017,8123351.0
1785297600,0.040151,0.041523,0.040061,0.041465,932122.0
1785312000,0.041436,0.041687,0.040451,0.040651,1067254.0
1785326400,0.040641,0.0407,0.040153,0.040182,646254.0
1785340800,0.04027,0.040632,0.039315,0.039355,1007910.0
1785355200,0.039354,0.03988,0.038731,0.03984,1251730.0
1785369600,0.039849,0.040486,0.039551,0.039551,501426.0
1785384000,0.039492,0.040372,0.039025,0.040268,1931789.0
1785398400,0.040236,0.041279,0.040236,0.041238,2275082.0
1785412800,0.041253,0.04154,0.040875,0.040927,906029.0
1785427200,0.040942,0.041273,0.040866,0.040894,434881.0
1785441600,0.040908,0.041254,0.040592,0.04074,978879.0
1785456000,0.040742,0.041184,0.040001,0.040244,1090868.0
1785470400,0.040195,0.040396,0.039715,0.039956,1434684.0
1785484800,0.039939,0.040091,0.039426,0.039482,912417.0
1785499200,0.039491,0.039953,0.039056,0.039596,4439410.0
1785513600,0.039608,0.03991,0.039524,0.039731,2223371.0
1785528000,0.039729,0.04043,0.039692,0.040227,1177032.0
1785542400,0.040258,0.040364,0.039726,0.039769,544018.0
1785556800,0.039761,0.039927,0.039221,0.039229,761422.0
1785571200,0.039223,0.03941,0.038844,0.03941,525889.0
1785585600,0.039377,0.039573,0.03931,0.03932,617434.0
1785600000,0.039306,0.039472,0.038302,0.038799,2116879.0
1785614400,0.038776,0.039038,0.038732,0.038952,298500.0
1785628800,0.038965,0.039546,0.038766,0.039478,1025104.0
1785643200,0.039466,0.040367,0.039419,0.039692,1590014.0
1785657600,0.0397,0.040041,0.039163,0.039902,1179548.0
1785672000,0.039861,0.040168,0.039694,0.039915,696186.0
1785686400,0.039927,0.040061,0.039634,0.039713,498240.0
1785700800,0.039722,0.03984,0.039164,0.039217,573335.0
1785715200,0.039262,0.039381,0.038975,0.039257,1155431.0
1785729600,0.039256,0.040215,0.039188,0.039506,890380.0
1785744000,0.039474,0.039673,0.039048,0.039113,1244864.0
1785758400,0.039099,0.039395,0.038874,0.039251,666408.0
1785772800,0.039238,0.039747,0.039045,0.039574,1962643.0
1785787200,0.03954,0.039598,0.039079,0.039138,620922.0
1785801600,0.039138,0.039894,0.039008,0.039247,2380295.0
1785816000,0.039248,0.039423,0.039041,0.039057,509397.0
1785830400,0.039031,0.039226,0.038712,0.038905,1428145.0
1785844800,0.038856,0.038884,0.037946,0.038298,1129510.0
1785859200,0.038298,0.038744,0.03806,0.038651,1835968.0
1785873600,0.038605,0.04032,0.038454,0.039881,2037014.0
1785888000,0.039884,0.039891,0.039255,0.039482,1251344.0
1785902400,0.039458,0.039798,0.039257,0.039437,1055959.0
1785916800,0.03944,0.039507,0.038952,0.039119,678160.0
1785931200,0.03909,0.039413,0.038479,0.038748,1271969.0
1785945600,0.038743,0.039147,0.03871,0.038943,2511851.0
1785960000,0.038936,0.039453,0.038931,0.039263,547527.0
1785974400,0.039259,0.039676,0.038706,0.038833,841142.0
1785988800,0.038838,0.039871,0.038723,0.039527,1457897.0
1786003200,0.039523,0.039971,0.039082,0.03919,792746.0
1786017600,0.039165,0.039297,0.038644,0.039209,998136.0
1786032000,0.039168,0.039349,0.038597,0.038602,563426.0
1786046400,0.038627,0.038981,0.038488,0.038629,594673.0
1786060800,0.038633,0.039341,0.038633,0.038886,534793.0
1786075200,0.038899,0.039162,0.038631,0.038734,435967.0
1786089600,0.038739,0.039165,0.038642,0.038846,256837.0
1786104000,0.038869,0.03912,0.038272,0.03851,1172700.0
1786118400,0.038505,0.038513,0.037834,0.038483,734703.0
1786132800,0.038449,0.038449,0.037894,0.038054,359717.0
1786147200,0.038046,0.038625,0.037937,0.038609,651979.0
1786161600,0.038605,0.038686,0.038324,0.038398,633890.0
1786176000,0.038397,0.039059,0.038365,0.039025,765367.0
1786190400,0.039018,0.039578,0.03893,0.039508,860700.0
1786204800,0.039478,0.039946,0.039368,0.039909,952025.0
1786219200,0.039962,0.04138,0.039951,0.040203,3222329.0
1786233600,0.040224,0.042325,0.040083,0.041992,6124639.0
1786248000,0.041998,0.042854,0.041483,0.042159,3831409.0
1786262400,0.04215,0.0424,0.041536,0.041926,1501256.0
1786276800,0.041937,0.042531,0.041565,0.04252,895809.0
1786291200,0.042447,0.042529,0.041405,0.041859,4166201.0
1786305600,0.04184,0.042227,0.041331,0.041756,746889.0
1786320000,0.041797,0.042791,0.041675,0.04205,2724232.0
1786334400,0.042102,0.043071,0.042,0.042401,1371908.0
1786348800,0.042358,0.042764,0.041931,0.042726,842073.0
1786363200,0.042733,0.043046,0.042159,0.042836,5984982.0
1786377600,0.04278,0.043639,0.042171,0.043061,2650512.0
1786392000,0.04308,0.043134,0.042316,0.042641,1283540.0
1786406400,0.042648,0.043383,0.042428,0.042924,1192197.0
1786420800,0.042894,0.043199,0.042359,0.042382,838490.0
1786435200,0.042404,0.042856,0.042067,0.042097,1114496.0
1786449600,0.042087,0.042308,0.041449,0.041809,5847059.0
1786464000,0.041713,0.04285,0.041558,0.042258,1405799.0
1786478400,0.042251,0.04231,0.041588,0.041913,626969.0
1786492800,0.041912,0.042339,0.041607,0.041777,717341.0
1786507200,0.041749,0.04178,0.039979,0.040115,7214383.0
1786521600,0.040111,0.040884,0.040052,0.040679,1311035.0
1786536000,0.040686,0.041086,0.040102,0.040751,3406987.0
1786550400,0.040726,0.040899,0.039849,0.039949,1119821.0
1786564800,0.039941,0.040422,0.039676,0.040142,1080417.0
1786579200,0.040099,0.040557,0.040027,0.040076,721445.0
1786593600,0.04008,0.040432,0.039766,0.039781,1263724.0
1786608000,0.039777,0.040195,0.039719,0.039725,776365.0
1786622400,0.03972,0.041798,0.039714,0.041115,2389594.0
1786636800,0.041063,0.041185,0.03984,0.039897,1831101.0
1786651200,0.039908,0.04043,0.039896,0.040161,505766.0
1786665600,0.040178,0.040751,0.039854,0.039854,531422.0
1786680000,0.039858,0.040058,0.039337,0.039392,1184207.0
1786694400,0.039375,0.039677,0.038914,0.038947,1010558.0
1786708800,0.038958,0.039603,0.038778,0.039034,947497.0
1786723200,0.039002,0.039232,0.038665,0.039058,487664.0
1786737600,0.039085,0.039362,0.038825,0.03936,338313.0
1786752000,0.039375,0.04034,0.039122,0.040016,1173191.0
1786766400,0.040018,0.040299,0.039622,0.039753,728249.0
1786780800,0.039756,0.040087,0.0396,0.039921,675696.0
1786795200,0.03992,0.040274,0.039664,0.039852,774795.0
1786809600,0.039817,0.040068,0.03968,0.039692,1352506.0
1786824000,0.039687,0.039719,0.039318,0.039374,389191.0
1786838400,0.039359,0.03949,0.039012,0.039118,264636.0
1786852800,0.039115,0.039448,0.039063,0.039322,244681.0
1786867200,0.039288,0.039433,0.039181,0.039341,339679.0
1786881600,0.039326,0.039495,0.039192,0.039459,380152.0
1786896000,0.039447,0.039679,0.039,0.039071,1022199.0
1786910400,0.039087,0.039165,0.03824,0.038395,790747.0
1786924800,0.03834,0.038892,0.038216,0.038827,309878.0
1786939200,0.038861,0.039512,0.038854,0.039512,256029.0
1786953600,0.039464,0.039473,0.038884,0.039026,916323.0
1786968000,0.039047,0.039258,0.038805,0.039131,555394.0
1786982400,0.039126,0.039202,0.038605,0.038741,834879.0
1786996800,0.038719,0.03898,0.038403,0.038535,303612.0
1787011200,0.038546,0.038643,0.037629,0.037742,1120116.0
1787025600,0.037721,0.038184,0.037613,0.037997,834888.0
1787040000,0.037954,0.038117,0.037872,0.038072,388216.0
1787054400,0.038058,0.038526,0.037926,0.038459,685182.0
1787068800,0.038469,0.039296,0.038375,0.038503,1225378.0
1787083200,0.038532,0.038682,0.03829,0.038482,1611141.0
1787097600,0.038474,0.039298,0.038123,0.039267,817247.0
1787112000,0.039322,0.039391,0.03862,0.038703,419387.0
1787126400,0.038716,0.038937,0.038067,0.038281,814963.0
1787140800,0.03827,0.040506,0.038187,0.039651,3296259.0
1787155200,0.039662,0.041183,0.039587,0.041021,2496518.0
1787169600,0.041098,0.042669,0.041082,0.042075,7965432.0
1787184000,0.042056,0.042871,0.042033,0.042346,934292.0
1787198400,0.042344,0.042857,0.042267,0.042732,686056.0
1787212800,0.042689,0.044945,0.042665,0.044356,2848634.0
1787227200,0.044375,0.044492,0.043152,0.044187,1789435.0
1787241600,0.044195,0.044561,0.043502,0.044077,3342893.0
1787256000,0.044065,0.044382,0.043556,0.044277,5295443.0
1787270400,0.044312,0.045978,0.044167,0.045457,2500069.0
1787284800,0.045484,0.050662,0.045341,0.050609,4073921.0
1787299200,0.050759,0.050759,0.047569,0.048426,9244398.0
1787313600,0.048427,0.049009,0.047888,0.048701,2630469.0
1787328000,0.048688,0.04871,0.04662,0.04662,6547526.0
1787342400,0.046796,0.049575,0.046794,0.048858,4333480.0
1787356800,0.048848,0.054016,0.048413,0.053355,10162469.0
1787371200,0.053401,0.056093,0.044449,0.050962,14462704.0
1787385600,0.050937,0.051316,0.047821,0.048786,3131408.0
1787400000,0.048839,0.051385,0.048839,0.050643,2758623.0
1787414400,0.050635,0.053662,0.050232,0.052609,2193757.0
1787428800,0.052614,0.053055,0.050271,0.052158,3370812.0
1787443200,0.052144,0.053251,0.048834,0.049182,1724046.0
1787457600,0.049191,0.051505,0.048367,0.051324,1143446.0
1787472000,0.05133,0.051995,0.050425,0.051238,1459298.0
1787486400,0.051164,0.055777,0.051164,0.053935,4434097.0
1787500800,0.054044,0.054287,0.052427,0.052478,2659258.0
1787515200,0.052443,0.053145,0.051512,0.051905,2027915.0
1787529600,0.051929,0.051929,0.049827,0.050018,2894812.0
1787544000,0.050083,0.051963,0.050047,0.051533,1892873.0
1787558400,0.051593,0.051599,0.049949,0.051086,2679431.0
1787572800,0.051049,0.051398,0.049265,0.050382,2288246.0
1787587200,0.050499,0.0508,0.048709,0.049254,1536901.0
1787601600,0.049325,0.049905,0.048886,0.049826,1038820.0
1787616000,0.049767,0.052302,0.049648,0.051687,949125.0
1787630400,0.051763,0.052831,0.04984,0.050327,1057574.0
1787644800,0.050226,0.051153,0.050027,0.050862,417043.0
1787659200,0.050775,0.052664,0.050534,0.052536,1382493.0
1787673600,0.052424,0.053496,0.050888,0.050956,2706536.0
1787688000,0.050972,0.05105,0.049261,0.049696,1404359.0
1787702400,0.049654,0.052125,0.049654,0.051284,1312770.0
1787716800,0.051194,0.054388,0.051144,0.053959,1907733.0
1787731200,0.05381,0.057497,0.052274,0.052274,14478122.0
1787745600,0.052315,0.052461,0.048923,0.049215,4203311.0
1787760000,0.049082,0.049394,0.047962,0.048227,2484772.0
1787774400,0.048227,0.050008,0.047739,0.049863,2773450.0
1787788800,0.049842,0.049864,0.046795,0.047334,3690767.0
1787803200,0.047391,0.047874,0.046167,0.047756,4549863.0
1787817600,0.047762,0.050969,0.047661,0.048734,9091375.0
1787832000,0.048776,0.050243,0.048047,0.050035,6941138.0
1787846400,0.050035,0.050993,0.048935,0.04905,2089877.0
1787860800,0.049076,0.049447,0.048143,0.049076,5301851.0
1787875200,0.049008,0.049899,0.048347,0.048695,2415511.0
1787889600,0.04869,0.04945,0.048178,0.048563,963372.0
1787904000,0.048616,0.048906,0.047896,0.048263,1699424.0
1787918400,0.048243,0.048459,0.046704,0.04698,1472051.0
1787932800,0.046889,0.04712,0.045812,0.046698,1690826.0
1787947200,0.046695,0.047876,0.046441,0.047692,1694287.0
1787961600,0.047698,0.047954,0.04732,0.04732,631164.0
1787976000,0.047332,0.047631,0.046726,0.046804,621999.0
1787990400,0.046714,0.047075,0.046575,0.046957,369728.0
1788004800,0.04695,0.048552,0.04695,0.047899,1145287.0
1788019200,0.047946,0.049131,0.047465,0.048762,2008999.0
1788033600,0.048764,0.048764,0.047946,0.048302,461528.0
1788048000,0.048215,0.048227,0.047551,0.047551,578539.0
1788062400,0.047549,0.047845,0.047369,0.047464,354574.0
1788076800,0.047407,0.047624,0.046738,0.047567,591170.0
1788091200,0.04759,0.05024,0.04759,0.048778,2253137.0
1788105600,0.048812,0.050335,0.048565,0.049228,3535150.0
1788120000,0.049258,0.049566,0.0463,0.0472,2548703.0
1788134400,0.047054,0.047553,0.045491,0.046685,1600337.0
1788148800,0.046685,0.047615,0.046058,0.047498,701648.0
1788163200,0.047445,0.047964,0.047143,0.047339,3388279.0
1788177600,0.047317,0.047617,0.046248,0.046878,10492115.0
1788192000,0.046815,0.049451,0.046699,0.049086,4668253.0
1788206400,0.049074,0.049664,0.048914,0.049621,802395.0
1788220800,0.049554,0.050882,0.049511,0.050583,2591198.0
1788235200,0.05055,0.051059,0.04977,0.050291,1789104.0
1788249600,0.050305,0.051005,0.048483,0.05064,2069077.0
1788264000,0.050589,0.05106,0.049691,0.050664,1170231.0
1788278400,0.050628,0.051202,0.049239,0.050615,12431328.0
1788292800,0.050531,0.052296,0.050288,0.052089,764631.0
1788307200,0.052088,0.054856,0.05168,0.054485,30117227.0
1788321600,0.054416,0.056357,0.054291,0.055141,3915587.0
1788336000,0.055119,0.0553,0.053494,0.054129,10432859.0
1788350400,0.05431,0.059337,0.053635,0.058984,17453005.0
1788364800,0.0589,0.059414,0.056818,0.058083,9227491.0
1788379200,0.058031,0.058305,0.056826,0.057449,4072921.0
1788393600,0.057339,0.060735,0.056385,0.05868,9318302.0
1788408000,0.058633,0.059733,0.056719,0.057169,1318304.0
1788422400,0.057215,0.058475,0.057113,0.057946,1501163.0
1788436800,0.0579,0.0586,0.056538,0.057595,3377058.0
1788451200,0.057591,0.057615,0.055772,0.056152,7597283.0
1788465600,0.056153,0.056493,0.055161,0.055638,3696586.0
1788480000,0.055607,0.055648,0.050692,0.054048,41603964.0
1788494400,0.054069,0.055334,0.053773,0.055243,5106242.0
1788508800,0.055248,0.056065,0.054197,0.054785,3394112.0
1788523200,0.054774,0.054999,0.052614,0.05395,3536222.0
1788537600,0.053891,0.055029,0.053667,0.054853,549047.0
1788552000,0.054816,0.055321,0.054422,0.054438,406864.0
1788566400,0.054409,0.054868,0.053706,0.053934,622852.0
1788580800,0.053923,0.054026,0.053236,0.053563,902937.0
1788595200,0.053563,0.054655,0.053424,0.054325,1047120.0
1788609600,0.054286,0.055409,0.054259,0.054596,1619592.0
1788624000,0.054587,0.055442,0.05454,0.05475,527872.0
1788638400,0.054749,0.055293,0.054513,0.055142,1332189.0
1788652800,0.055244,0.056749,0.054212,0.056749,977295.0
1788667200,0.056813,0.057155,0.054548,0.055317,2287663.0
1788681600,0.055247,0.055929,0.054766,0.055754,1065376.0
1788696000,0.055741,0.056188,0.053949,0.054383,3337961.0
1788710400,0.054413,0.05781,0.053799,0.054439,7142976.0
1788724800,0.054431,0.056907,0.054341,0.056196,2646357.0
1788739200,0.056128,0.057568,0.054908,0.054908,4736279.0
1788753600,0.054902,0.055626,0.054454,0.055131,1984540.0
1788768000,0.055032,0.056,0.054939,0.055835,2407033.0
1788782400,0.05583,0.056682,0.054057,0.054205,2902432.0
1788796800,0.05435,0.055032,0.05435,0.054848,3026602.0
1788811200,0.054829,0.054958,0.053582,0.054134,386697.0
1788825600,0.054122,0.054527,0.05334,0.054048,1046631.0
1788840000,0.054058,0.054256,0.053583,0.053816,1257929.0
1788854400,0.053804,0.054612,0.053279,0.053479,644071.0
1788868800,0.053473,0.05465,0.052767,0.054622,5586491.0
1788883200,0.054635,0.054736,0.053127,0.053566,913851.0
1788897600,0.053592,0.054045,0.053151,0.053378,359750.0
1788912000,0.053401,0.054112,0.053093,0.05328,296394.0
1788926400,0.053258,0.055293,0.053258,0.054705,1329615.0
1788940800,0.05467,0.055541,0.053972,0.054757,1212191.0
1788955200,0.054722,0.056512,0.054531,0.056512,2770785.0
1788969600,0.056564,0.056911,0.053076,0.053243,1575842.0
1788984000,0.053237,0.054392,0.05135,0.052153,3105926.0
1788998400,0.052125,0.052504,0.051678,0.051891,425165.0
1789012800,0.051909,0.053084,0.051906,0.051999,555269.0
1789027200,0.052001,0.052126,0.051355,0.05194,938152.0
1789041600,0.051934,0.052796,0.050777,0.052106,5804782.0
1789056000,0.052076,0.05212,0.050611,0.05131,764619.0
1789070400,0.051354,0.052483,0.050989,0.050989,492593.0
1789084800,0.051003,0.051818,0.050758,0.051021,431532.0
1789099200,0.05103,0.051866,0.050852,0.051604,683674.0
1789113600,0.051618,0.052021,0.05,0.050681,608125.0
1789128000,0.050756,0.054136,0.049932,0.052536,1974938.0
1789142400,0.052501,0.05305,0.050794,0.051148,1080004.0
1789156800,0.051218,0.051382,0.050152,0.050864,916512.0
1789171200,0.050952,0.052235,0.050715,0.052035,278485.0
1789185600,0.052051,0.052663,0.051926,0.052445,746108.0
1789200000,0.052444,0.053647,0.052329,0.053501,3242525.0
1789214400,0.053373,0.055032,0.052958,0.054334,2595315.0
1789228800,0.054458,0.055827,0.054236,0.055178,1426682.0
1789243200,0.055148,0.055744,0.054571,0.054913,701260.0
1789257600,0.054887,0.055648,0.054302,0.054923,631628.0
1789272000,0.054916,0.055424,0.0541,0.054151,522577.0
1789286400,0.054175,0.054392,0.053322,0.053974,1023170.0
1789300800,0.05401,0.055634,0.053797,0.054789,518817.0
1789315200,0.054769,0.057456,0.05476,0.056714,5664232.0
1789329600,0.05675,0.057775,0.055357,0.056219,1406052.0
1789344000,0.056233,0.057965,0.055833,0.057525,1114824.0
1789358400,0.057464,0.058409,0.056552,0.056685,948686.0
1789372800,0.056698,0.056763,0.05536,0.05548,684047.0
1789387200,0.05547,0.055549,0.054384,0.055219,837627.0
1789401600,0.055235,0.056776,0.055047,0.055785,1643840.0
1789416000,0.055851,0.056567,0.055645,0.056053,901723.0
1789430400,0.056035,0.057136,0.055772,0.056292,980213.0
1789444800,0.056277,0.056294,0.054387,0.054404,702048.0
1789459200,0.054465,0.054608,0.053556,0.053829,390292.0
1789473600,0.053838,0.054474,0.05268,0.053763,1146995.0
1789488000,0.053723,0.054922,0.051441,0.053358,1946722.0
1789502400,0.053433,0.053598,0.052196,0.052743,947045.0
1789516800,0.052721,0.053288,0.052201,0.053255,814953.0
1789531200,0.053185,0.054107,0.052751,0.052751,621715.0
1789545600,0.052737,0.052757,0.052144,0.052451,458166.0
1789560000,0.052449,0.05339,0.051782,0.051905,810515.0
1789574400,0.051878,0.053266,0.051141,0.052343,1567041.0
1789588800,0.052328,0.053031,0.051704,0.052766,1001017.0
1789603200,0.052766,0.05457,0.052724,0.054063,791639.0
1789617600,0.054104,0.055011,0.053073,0.053985,1282917.0
1789632000,0.054033,0.054437,0.053651,0.053929,1087205.0
1789646400,0.053939,0.055849,0.0538,0.055849,1475080.0
1789660800,0.055955,0.057407,0.055602,0.055708,3270808.0
1789675200,0.055693,0.056333,0.055397,0.056192,795374.0
1789689600,0.056204,0.059765,0.05611,0.059485,1243493.0
1789704000,0.059596,0.061055,0.059438,0.060011,2680624.0
1789718400,0.060008,0.060858,0.058244,0.05868,2665006.0
1789732800,0.05866,0.060603,0.058417,0.060171,3030086.0
1789747200,0.06024,0.060767,0.059256,0.060222,1801488.0
1789761600,0.060243,0.060976,0.059879,0.060203,2597629.0
1789776000,0.060149,0.061759,0.059646,0.061431,3829367.0
1789790400,0.061441,0.061962,0.059177,0.059351,1680452.0
1789804800,0.0594,0.061003,0.0594,0.060933,529502.0
1789819200,0.060914,0.061045,0.059828,0.060562,1154605.0
1789833600,0.060486,0.061304,0.059983,0.060972,1059735.0
1789848000,0.061087,0.061113,0.059801,0.061058,929938.0
1789862400,0.061138,0.062023,0.058043,0.059036,1938262.0
1789876800,0.058951,0.059018,0.058176,0.058216,861001.0
1789891200,0.058252,0.058575,0.0574,0.057941,1788214.0
1789905600,0.057918,0.060699,0.057798,0.060543,1313751.0
1789920000,0.060543,0.061737,0.060386,0.061167,2347015.0
1789934400,0.061231,0.06205,0.060826,0.061668,1149932.0
1789948800,0.061762,0.062799,0.060209,0.061589,4527216.0
1789963200,0.061611,0.061653,0.060771,0.061491,2573551.0
1789977600,0.06146,0.064863,0.061384,0.064042,2952227.0
1789992000,0.064042,0.066162,0.063644,0.065433,8365864.0
1790006400,0.065323,0.066468,0.062954,0.063674,3378355.0
1790020800,0.063726,0.066051,0.062443,0.063737,3660032.0
1790035200,0.06371,0.068876,0.063054,0.064623,7356563.0
1790049600,0.064454,0.064523,0.062305,0.063092,3871547.0
1790064000,0.063106,0.06374,0.061564,0.062616,3576420.0
1790078400,0.062704,0.073986,0.062014,0.067132,34207259.0
1790092800,0.067072,0.067377,0.065535,0.065996,5440782.0
1790107200,0.066205,0.067694,0.065387,0.067319,1920673.0
1790121600,0.067301,0.070026,0.065313,0.067195,19434853.0
1790136000,0.067138,0.067709,0.065798,0.066389,3168978.0
1790150400,0.066366,0.068453,0.065627,0.06672,2229779.0
1790164800,0.066783,0.067564,0.061291,0.061544,9352734.0
1790179200,0.061617,0.063404,0.06008,0.062547,1934899.0
1790193600,0.062572,0.064402,0.062129,0.062566,1529925.0
1790208000,0.062623,0.065016,0.061575,0.063933,1118719.0
1790222400,0.063873,0.065945,0.063712,0.064953,784838.0
1790236800,0.06497,0.065107,0.061911,0.06349,873105.0
1790251200,0.063473,0.070589,0.062934,0.070423,4085447.0
1790265600,0.070244,0.07105,0.06706,0.067686,5043069.0
1790280000,0.067682,0.068392,0.06683,0.068227,1459919.0
1790294400,0.068234,0.069543,0.067805,0.068809,3910569.0
1790308800,0.068894,0.069037,0.067697,0.068973,1119180.0
1790323200,0.068964,0.072307,0.068928,0.071744,5379123.0
1790337600,0.07193,0.07444,0.070115,0.073025,10204270.0
1790352000,0.072935,0.074229,0.071177,0.072113,2298962.0
1790366400,0.072171,0.07525,0.07192,0.074349,2575360.0
1790380800,0.074296,0.075141,0.072599,0.072889,2847770.0
1790395200,0.07288,0.075009,0.07288,0.074699,1340937.0
1790409600,0.074651,0.078114,0.074386,0.077821,2551010.0
1790424000,0.077835,0.079363,0.076772,0.077939,3642412.0
1790438400,0.077956,0.080375,0.075491,0.079797,7775188.0
1790452800,0.079638,0.081367,0.077513,0.081034,2602677.0
1790467200,0.08109,0.085019,0.080787,0.080947,4974027.0
1790481600,0.081006,0.087718,0.0808,0.087395,5006059.0
1790496000,0.08756,0.088707,0.08354,0.087222,3259774.0
1790510400,0.08718,0.08823,0.082411,0.083133,15338640.0
1790524800,0.083084,0.086832,0.082495,0.08607,2939595.0
1790539200,0.086029,0.086359,0.082632,0.083303,2895936.0
1790553600,0.083289,0.084881,0.081284,0.081864,2889048.0
1790568000,0.081918,0.083146,0.07886,0.079424,4115679.0
1790582400,0.07938,0.081912,0.078922,0.079758,1123627.0
1790596800,0.079789,0.083517,0.077856,0.079195,10439198.0
1790611200,0.079104,0.080824,0.078264,0.078791,5483016.0
1790625600,0.078827,0.081437,0.07842,0.081174,1541836.0
1790640000,0.081177,0.081545,0.076938,0.0794,4834642.0
1790654400,0.079658,0.081311,0.078856,0.080319,1109725.0
1790668800,0.080317,0.080714,0.078898,0.079925,565721.0
1790683200,0.079759,0.080124,0.077331,0.077791,696060.0
1790697600,0.077893,0.08012,0.076496,0.079079,895696.0
1790712000,0.079018,0.081745,0.077852,0.078697,2695599.0
1790726400,0.078773,0.081356,0.077783,0.077937,789482.0
1790740800,0.077971,0.079463,0.077306,0.077625,592585.0
1790755200,0.077627,0.078624,0.077103,0.078026,586154.0
1790769600,0.078057,0.08023,0.075821,0.077303,3225228.0
1790784000,0.077269,0.078635,0.076387,0.076661,1050978.0
1790798400,0.076666,0.077544,0.075801,0.0772,1483451.0
1790812800,0.077246,0.07777,0.076091,0.077659,877444.0
1790827200,0.077667,0.079187,0.077002,0.077202,855493.0
1790841600,0.077237,0.078036,0.07527,0.076909,3244946.0
1790856000,0.076901,0.076988,0.074247,0.074818,2769051.0
1790870400,0.074758,0.075871,0.073913,0.074612,1355767.0
1790884800,0.074583,0.075132,0.073568,0.074306,536598.0
1790899200,0.074257,0.076309,0.074097,0.075547,768255.0
1790913600,0.075517,0.077136,0.075396,0.076958,1027770.0
1790928000,0.076983,0.078474,0.0764,0.078158,1266548.0
1790942400,0.078091,0.080886,0.077904,0.079379,2380157.0
1790956800,0.079369,0.07978,0.074241,0.075881,4170566.0
1790971200,0.075907,0.078829,0.075691,0.078803,554488.0
1790985600,0.078782,0.081904,0.078187,0.078348,1705880.0
1791000000,0.078375,0.079164,0.077746,0.078207,1182175.0
1791014400,0.078292,0.080116,0.07803,0.079388,719508.0
1791028800,0.079363,0.079472,0.077895,0.078047,587691.0
1791043200,0.078183,0.078621,0.077711,0.077973,300920.0
1791057600,0.077964,0.078196,0.077449,0.078037,415362.0
1791072000,0.078028,0.078436,0.077422,0.078008,388147.0
1791086400,0.077977,0.080466,0.077977,0.080045,697073.0
1791100800,0.080042,0.080109,0.078517,0.078578,655017.0
