t,o,h,l,c,v
1737014400,0.8,0.8205,0.7743,0.8165,0.0
1737028800,0.8164,0.822,0.7609,0.7979,0.0
1737043200,0.798,0.805,0.7745,0.7889,0.0
1737057600,0.7889,0.7995,0.7742,0.7831,0.0
1737072000,0.7826,0.792,0.7668,0.7677,0.0
1737086400,0.78449,0.78721,0.78385,0.78721,49429.0
1737100800,0.7865,0.81945,0.77605,0.80307,876520.0
1737115200,0.80129,0.84861,0.76181,0.78171,898441.0
1737129600,0.78171,0.79217,0.76775,0.77157,195705.0
1737144000,0.77002,0.79332,0.76723,0.78023,449066.0
1737158400,0.77978,0.78563,0.7207,0.72247,701076.0
1737172800,0.7215,0.72205,0.68227,0.69255,643547.0
1737187200,0.69143,0.69744,0.665,0.69461,979969.0
1737201600,0.69652,0.70196,0.67799,0.67815,503617.0
1737216000,0.67815,0.68053,0.66261,0.67769,468502.0
1737230400,0.6774,0.68305,0.66758,0.68153,267617.0
1737244800,0.68073,0.687,0.66382,0.6797,293028.0
1737259200,0.67937,0.67937,0.63353,0.64167,673706.0
1737273600,0.63894,0.63894,0.55285,0.59274,2900405.0
1737288000,0.59065,0.63789,0.58393,0.63643,1318399.0
1737302400,0.63183,0.6487,0.62522,0.62695,496110.0
1737316800,0.62821,0.63006,0.55003,0.56511,2265638.0
1737331200,0.5652,0.56685,0.50197,0.55062,2348136.0
1737345600,0.55062,0.62577,0.54107,0.58246,3377813.0
1737360000,0.58322,0.59313,0.5744,0.5804,1830117.0
1737374400,0.58077,0.58095,0.542,0.54273,1277932.0
1737388800,0.54428,0.56391,0.51109,0.53785,3208642.0
1737403200,0.53785,0.53934,0.51301,0.51739,683902.0
1737417600,0.51812,0.52016,0.50066,0.5199,1276591.0
1737432000,0.52008,0.63194,0.51566,0.58674,2574704.0
1737446400,0.58543,0.60427,0.5584,0.58708,1496274.0
1737460800,0.58898,0.63042,0.5735,0.62451,1892508.0
1737475200,0.62357,0.63369,0.60665,0.60939,2012927.0
1737489600,0.60976,0.61281,0.59298,0.6064,1350461.0
1737504000,0.6064,0.62742,0.582,0.61648,4945536.0
1737518400,0.61645,0.63555,0.61462,0.62444,1107535.0
1737532800,0.62347,0.65684,0.61883,0.65003,2477745.0
1737547200,0.65079,0.65333,0.60754,0.61559,4160989.0
1737561600,0.61557,0.61675,0.59846,0.60626,2716347.0
1737576000,0.60673,0.61043,0.59331,0.59448,597164.0
1737590400,0.59354,0.606,0.58422,0.59315,2075500.0
1737604800,0.59296,0.59496,0.57935,0.5882,1073087.0
1737619200,0.58804,0.5883,0.56675,0.57473,793686.0
1737633600,0.57464,0.5979,0.56434,0.58706,1565046.0
1737648000,0.58862,0.59599,0.57084,0.57276,464119.0
1737662400,0.5738,0.592,0.56925,0.58178,338901.0
1737676800,0.58106,0.58241,0.55103,0.56111,1673785.0
1737691200,0.56071,0.57253,0.55592,0.57141,1032889.0
1737705600,0.57059,0.58207,0.56849,0.57217,460634.0
1737720000,0.5713,0.57314,0.55612,0.55817,599808.0
1737734400,0.55892,0.56055,0.54935,0.55007,346986.0
1737748800,0.54922,0.55027,0.52768,0.53571,1216520.0
1737763200,0.53579,0.54665,0.52483,0.54621,423286.0
1737777600,0.54501,0.54736,0.53281,0.53951,357646.0
1737792000,0.5392,0.54293,0.53279,0.54101,379847.0
1737806400,0.5399,0.54625,0.53731,0.54329,1796108.0
1737820800,0.54205,0.5439,0.53627,0.5385,229429.0
1737835200,0.53861,0.54569,0.53746,0.53816,207632.0
1737849600,0.53858,0.5508,0.53605,0.5491,185392.0
1737864000,0.54862,0.55559,0.54647,0.55079,354618.0
1737878400,0.55091,0.55303,0.53704,0.54034,221330.0
1737892800,0.54017,0.54388,0.53646,0.54073,364510.0
1737907200,0.5406,0.54153,0.53327,0.53659,960799.0
1737921600,0.5365,0.53866,0.51428,0.51514,1440272.0
1737936000,0.51484,0.52086,0.50073,0.5055,872146.0
1737950400,0.5069,0.5069,0.45827,0.47173,2999858.0
1737964800,0.47172,0.48503,0.46552,0.46734,998102.0
1737979200,0.46728,0.49182,0.46587,0.48815,511333.0
1737993600,0.48828,0.49434,0.46785,0.47362,306879.0
1738008000,0.47342,0.50094,0.47342,0.49454,310790.0
1738022400,0.49477,0.49555,0.48411,0.48755,178844.0
1738036800,0.48768,0.49355,0.48277,0.48814,533426.0
1738051200,0.48933,0.49292,0.48109,0.48218,861086.0
1738065600,0.48119,0.48386,0.46737,0.47014,1099492.0
1738080000,0.47033,0.4704,0.45373,0.45949,1881801.0
1738094400,0.45963,0.46137,0.43483,0.43989,1043807.0
1738108800,0.43961,0.46166,0.43898,0.45892,877343.0
1738123200,0.45856,0.47204,0.4577,0.47077,245406.0
1738137600,0.46902,0.47715,0.46524,0.47146,166286.0
1738152000,0.47231,0.47652,0.45568,0.45834,417268.0
1738166400,0.45861,0.47769,0.45421,0.47762,1563068.0
1738180800,0.47741,0.4997,0.47163,0.48725,1341608.0
1738195200,0.48725,0.49916,0.48583,0.49916,141009.0
1738209600,0.49956,0.50856,0.49479,0.50493,389516.0
1738224000,0.50462,0.5314,0.50364,0.51961,1493357.0
1738238400,0.51909,0.531,0.51167,0.52603,587066.0
1738252800,0.52685,0.53678,0.52189,0.53678,456222.0
1738267200,0.53752,0.53758,0.51722,0.51869,846169.0
1738281600,0.51842,0.5313,0.51174,0.51317,576951.0
1738296000,0.51297,0.54702,0.50289,0.54425,876662.0
1738310400,0.54399,0.5713,0.53357,0.56799,1180290.0
1738324800,0.56842,0.58054,0.55886,0.57494,2147465.0
1738339200,0.57503,0.60163,0.56899,0.58049,1405743.0
1738353600,0.57998,0.58147,0.55246,0.56467,742712.0
1738368000,0.56467,0.57102,0.55575,0.55986,104079.0
1738382400,0.55985,0.56828,0.54156,0.55034,736433.0
1738396800,0.55034,0.55307,0.52304,0.52783,1527096.0
1738411200,0.52729,0.53756,0.52177,0.52473,312358.0
1738425600,0.52492,0.52714,0.50388,0.50653,1020109.0
1738440000,0.50659,0.5111,0.48646,0.4916,1105218.0
1738454400,0.49143,0.51501,0.48806,0.49142,1825468.0
1738468800,0.49124,0.51144,0.4899,0.50721,639729.0
1738483200,0.50727,0.51579,0.49166,0.49176,792502.0
1738497600,0.49176,0.49768,0.48228,0.48801,315458.0
1738512000,0.488,0.488,0.43977,0.46332,2203141.0
1738526400,0.46173,0.48152,0.42511,0.4586,4004040.0
1738540800,0.45869,0.45869,0.31259,0.38583,14038252.0
1738555200,0.38615,0.42095,0.36737,0.42027,1881697.0
1738569600,0.41921,0.42981,0.40884,0.41223,1085167.0
1738584000,0.41323,0.46018,0.40259,0.45607,2400968.0
1738598400,0.45602,0.4743,0.44075,0.4739,1645818.0
1738612800,0.47282,0.48014,0.45477,0.469,923087.0
1738627200,0.46977,0.47339,0.44676,0.45076,539892.0
1738641600,0.45117,0.4539,0.40904,0.41613,1718093.0
1738656000,0.41531,0.42879,0.41311,0.42306,849450.0
1738670400,0.4241,0.44753,0.42335,0.43675,2129483.0
1738684800,0.43704,0.45959,0.43482,0.43694,1746542.0
1738699200,0.43635,0.43822,0.41566,0.43616,1062151.0
1738713600,0.43542,0.43828,0.42944,0.43639,347903.0
1738728000,0.43652,0.44231,0.43184,0.43625,372529.0
1738742400,0.43625,0.44226,0.42647,0.43804,1134567.0
1738756800,0.4381,0.46377,0.43613,0.44556,2652732.0
1738771200,0.44551,0.44551,0.42471,0.43478,806909.0
1738785600,0.43478,0.44015,0.42894,0.43944,606789.0
1738800000,0.43943,0.44775,0.43452,0.44395,1328087.0
1738814400,0.44356,0.45938,0.44145,0.4571,835739.0
1738828800,0.45694,0.47496,0.45059,0.45988,2048921.0
1738843200,0.46029,0.46263,0.43436,0.43541,2933588.0
1738857600,0.43589,0.44381,0.42475,0.42587,1584018.0
1738872000,0.42559,0.43229,0.41784,0.42495,567527.0
1738886400,0.42445,0.43857,0.42294,0.43332,366269.0
1738900800,0.43278,0.43528,0.42104,0.4261,294169.0
1738915200,0.42439,0.43751,0.42439,0.43581,368969.0
1738929600,0.43601,0.44866,0.43181,0.43698,820078.0
1738944000,0.43758,0.43792,0.41646,0.41646,694373.0
1738958400,0.41613,0.41613,0.38138,0.39439,2763455.0
1738972800,0.39508,0.40025,0.38894,0.39419,663180.0
1738987200,0.39419,0.39546,0.37542,0.38759,1332334.0
1739001600,0.38757,0.38777,0.37891,0.38427,878263.0
1739016000,0.38373,0.39876,0.38121,0.38913,926139.0
1739030400,0.38893,0.41251,0.38727,0.41056,1148259.0
1739044800,0.41128,0.41839,0.40717,0.41258,777981.0
1739059200,0.41233,0.41587,0.4037,0.41437,552143.0
1739073600,0.41397,0.41415,0.40428,0.40965,331575.0
1739088000,0.40979,0.41822,0.40605,0.4142,208041.0
1739102400,0.41396,0.41591,0.4037,0.41491,512717.0
1739116800,0.41447,0.41719,0.40436,0.40535,732662.0
1739131200,0.40513,0.41093,0.3932,0.40975,1153462.0
1739145600,0.40977,0.41662,0.39811,0.40921,795090.0
1739160000,0.40851,0.41238,0.40511,0.40541,378031.0
1739174400,0.40525,0.41646,0.40525,0.4146,293648.0
1739188800,0.41466,0.42775,0.41462,0.42096,1021819.0
1739203200,0.42012,0.44669,0.41883,0.43721,913881.0
1739217600,0.43892,0.4467,0.43445,0.43622,689383.0
1739232000,0.43602,0.45273,0.4351,0.44837,539635.0
1739246400,0.44815,0.47083,0.44692,0.46894,876586.0
1739260800,0.46897,0.48101,0.45797,0.46631,1677385.0
1739275200,0.46631,0.46971,0.45166,0.46135,2152869.0
1739289600,0.46054,0.46281,0.44,0.44039,2113083.0
1739304000,0.4399,0.45769,0.4399,0.45349,2316387.0
1739318400,0.45314,0.47444,0.4505,0.46786,868087.0
1739332800,0.46729,0.47495,0.46468,0.46812,589063.0
1739347200,0.4686,0.47508,0.46196,0.46744,1079972.0
1739361600,0.46804,0.52736,0.45674,0.52295,5424097.0
1739376000,0.5228,0.56152,0.5002,0.54079,3627874.0
1739390400,0.54088,0.55632,0.53695,0.55621,2385789.0
1739404800,0.55589,0.55983,0.53975,0.54311,1268563.0
1739419200,0.54354,0.5546,0.52398,0.53522,3073109.0
1739433600,0.53473,0.58716,0.5347,0.56866,4484835.0
1739448000,0.56873,0.57324,0.53581,0.5502,4143367.0
1739462400,0.55053,0.55053,0.53149,0.53814,1633734.0
1739476800,0.53852,0.54416,0.52966,0.53338,1972091.0
1739491200,0.53373,0.55113,0.52959,0.54957,1098306.0
1739505600,0.55001,0.55242,0.54172,0.54408,687254.0
1739520000,0.54417,0.54867,0.53851,0.54446,1673498.0
1739534400,0.54389,0.55406,0.5408,0.54466,1528821.0
1739548800,0.54466,0.55898,0.54289,0.5515,614196.0
1739563200,0.55158,0.5581,0.5442,0.54878,612048.0
1739577600,0.54902,0.5607,0.54267,0.56019,795247.0
1739592000,0.56059,0.56153,0.53798,0.53937,1221665.0
1739606400,0.53972,0.5427,0.53202,0.53361,616526.0
1739620800,0.53244,0.53868,0.52528,0.52528,1304699.0
1739635200,0.52552,0.5258,0.51059,0.51239,2553488.0
1739649600,0.51272,0.51691,0.50869,0.5148,342455.0
1739664000,0.51406,0.52026,0.50884,0.51953,722235.0
1739678400,0.51975,0.52233,0.50786,0.5079,206764.0
1739692800,0.50817,0.52382,0.50761,0.52382,934643.0
1739707200,0.52356,0.52514,0.51032,0.51939,2383887.0
1739721600,0.51853,0.5344,0.51548,0.53264,608061.0
1739736000,0.53237,0.53739,0.52279,0.52944,1649995.0
1739750400,0.52944,0.55384,0.52944,0.54728,2384413.0
1739764800,0.54709,0.55187,0.53821,0.54401,1508972.0
1739779200,0.54387,0.58351,0.54254,0.57918,7250096.0
1739793600,0.57943,0.60654,0.57943,0.58715,5581695.0
1739808000,0.58586,0.59679,0.56838,0.5735,4451482.0
1739822400,0.57417,0.62454,0.57343,0.60912,11014623.0
1739836800,0.60736,0.62966,0.59847,0.61981,7647419.0
1739851200,0.61961,0.62579,0.58487,0.59608,4811708.0
1739865600,0.5962,0.59725,0.5765,0.58281,4198539.0
1739880000,0.58265,0.59882,0.57887,0.59087,3913345.0
1739894400,0.59109,0.59232,0.56533,0.57767,6809729.0
1739908800,0.57762,0.6049,0.57383,0.59741,2919255.0
1739923200,0.59745,0.62562,0.59191,0.62548,2235900.0
1739937600,0.62556,0.65517,0.61626,0.64932,2656531.0
1739952000,0.64898,0.68835,0.6425,0.68266,3840709.0
1739966400,0.68276,0.7258,0.675,0.70811,6170266.0
1739980800,0.70826,0.73683,0.70488,0.72097,7721958.0
1739995200,0.72141,0.7347,0.70985,0.71189,7802454.0
1740009600,0.71185,0.7252,0.69665,0.72214,4572833.0
1740024000,0.72214,0.75733,0.71553,0.73053,8912459.0
1740038400,0.73032,0.78507,0.72434,0.77302,6198401.0
1740052800,0.77253,0.80263,0.7557,0.78948,9476751.0
1740067200,0.78992,0.87024,0.78783,0.85012,8237399.0
1740081600,0.85015,0.90163,0.84494,0.8675,15056730.0
1740096000,0.86728,0.98964,0.85449,0.93609,14569048.0
1740110400,0.93758,0.9924,0.85762,0.8593,13823310.0
1740124800,0.85894,0.93005,0.82751,0.8957,11751578.0
1740139200,0.89657,0.92516,0.85818,0.8868,16601675.0
1740153600,0.88651,0.9426,0.83699,0.84392,22572352.0
1740168000,0.84392,0.8806,0.83981,0.85568,14406576.0
1740182400,0.8559,0.89126,0.85279,0.85759,8186297.0
1740196800,0.85927,0.91722,0.85797,0.87186,7265332.0
1740211200,0.8722,0.8975,0.8609,0.88348,4714461.0
1740225600,0.88355,0.88642,0.78828,0.81167,14473462.0
1740240000,0.81195,0.84829,0.81103,0.82657,6952236.0
1740254400,0.82737,0.82886,0.79951,0.80464,3735484.0
1740268800,0.80439,0.82421,0.79838,0.80502,3260703.0
1740283200,0.80503,0.82291,0.798,0.82259,3120665.0
1740297600,0.82259,0.82259,0.80517,0.80819,1809006.0
1740312000,0.80782,0.858,0.80661,0.83031,7258393.0
1740326400,0.83043,0.84528,0.8174,0.8229,4353963.0
1740340800,0.82309,0.85852,0.82185,0.85135,5582123.0
1740355200,0.85099,0.91887,0.84965,0.86977,11947377.0
1740369600,0.87046,0.895,0.83314,0.88703,10238352.0
1740384000,0.8883,0.88971,0.83925,0.86467,8677866.0
1740398400,0.86532,0.87003,0.7886,0.80828,11693529.0
1740412800,0.80834,0.84838,0.80406,0.83409,6912917.0
1740427200,0.83364,0.84867,0.789,0.80692,12712609.0
1740441600,0.80824,0.81969,0.73373,0.73573,15490364.0
1740456000,0.73579,0.75138,0.67591,0.73646,19536833.0
1740470400,0.7351,0.75554,0.69808,0.73741,9844471.0
1740484800,0.73731,0.74064,0.67863,0.71496,13483306.0
1740499200,0.71507,0.7527,0.69928,0.75059,11391836.0
1740513600,0.75202,0.7899,0.745,0.76331,11196231.0
1740528000,0.76378,0.76941,0.73428,0.75457,6120483.0
1740542400,0.75491,0.76572,0.73365,0.73957,5477289.0
1740556800,0.73985,0.75369,0.72828,0.73005,6053432.0
1740571200,0.72962,0.75375,0.6971,0.73257,8817480.0
1740585600,0.73224,0.73269,0.67111,0.67979,12654355.0
1740600000,0.68051,0.75041,0.66811,0.72867,10728642.0
1740614400,0.72956,0.74276,0.71128,0.72036,4752421.0
1740628800,0.72051,0.73027,0.70946,0.72414,2795174.0
1740643200,0.72422,0.74275,0.71391,0.73152,4783288.0
1740657600,0.73151,0.74977,0.70436,0.7204,8255777.0
1740672000,0.72031,0.72293,0.68833,0.69983,5745016.0
1740686400,0.69982,0.70069,0.68552,0.697,3891139.0
1740700800,0.69721,0.69878,0.62976,0.63393,9671697.0
1740715200,0.63354,0.64029,0.616,0.6295,8097828.0
1740729600,0.62874,0.6497,0.62188,0.64072,5075149.0
1740744000,0.64052,0.68963,0.63805,0.68077,7422689.0
1740758400,0.68188,0.68648,0.66222,0.6813,5471243.0
1740772800,0.68084,0.68879,0.66881,0.67277,4090948.0
1740787200,0.67297,0.7424,0.66694,0.73335,5489756.0
1740801600,0.73347,0.76038,0.72195,0.72506,5105296.0
1740816000,0.72506,0.74139,0.71267,0.72252,3367904.0
1740830400,0.72252,0.73325,0.71137,0.72838,5326329.0
1740844800,0.72827,0.73876,0.72492,0.73109,3123033.0
1740859200,0.73116,0.7315,0.71818,0.72352,1799251.0
1740873600,0.72341,0.72664,0.71413,0.71982,1939127.0
1740888000,0.71957,0.73646,0.71773,0.73179,2246249.0
1740902400,0.73255,0.75459,0.72593,0.74915,2686307.0
1740916800,0.74911,0.75147,0.71818,0.72797,5642809.0
1740931200,0.7272,0.78171,0.71767,0.76029,14115102.0
1740945600,0.75992,0.7655,0.74428,0.74714,4057298.0
1740960000,0.74735,0.74805,0.7201,0.72322,3630306.0
1740974400,0.72319,0.72555,0.68593,0.69797,3786140.0
1740988800,0.69809,0.69862,0.67782,0.67897,4486232.0
1741003200,0.67945,0.68755,0.64991,0.6581,10430806.0
1741017600,0.65839,0.66397,0.59752,0.59752,11634115.0
1741032000,0.60154,0.60942,0.58596,0.5956,5841696.0
1741046400,0.59523,0.59844,0.521,0.54667,16140238.0
1741060800,0.54624,0.55277,0.52694,0.53164,3125002.0
1741075200,0.53154,0.53884,0.52177,0.52961,4202585.0
1741089600,0.52857,0.5444,0.5055,0.52779,8822733.0
1741104000,0.52742,0.5719,0.49374,0.56578,10267040.0
1741118400,0.56578,0.58916,0.55946,0.56376,4132336.0
1741132800,0.56195,0.56359,0.54001,0.54567,2252433.0
1741147200,0.54541,0.58949,0.54529,0.58874,3752462.0
1741161600,0.58771,0.61149,0.5739,0.57464,5169202.0
1741176000,0.57597,0.58769,0.57322,0.58347,4996270.0
1741190400,0.58377,0.59956,0.57628,0.5943,3103826.0
1741204800,0.59342,0.60274,0.59173,0.59182,2185965.0
1741219200,0.59135,0.5994,0.58106,0.59931,2919727.0
1741233600,0.59914,0.62169,0.5953,0.59567,2987992.0
1741248000,0.59548,0.60449,0.58844,0.58946,2126774.0
1741262400,0.59038,0.59102,0.55704,0.55704,5837125.0
1741276800,0.55747,0.56808,0.53668,0.54306,6864689.0
1741291200,0.54238,0.55603,0.52968,0.53271,3466761.0
1741305600,0.53272,0.54281,0.5059,0.51916,4517695.0
1741320000,0.51989,0.53965,0.51989,0.5395,1784521.0
1741334400,0.53936,0.54101,0.52871,0.53034,2023605.0
1741348800,0.53073,0.53488,0.51688,0.52051,3890934.0
1741363200,0.52038,0.53018,0.50274,0.52071,3840579.0
1741377600,0.52112,0.52433,0.4992,0.50726,3280753.0
1741392000,0.50658,0.50925,0.49907,0.50363,1169643.0
1741406400,0.50352,0.51464,0.50209,0.50809,1083623.0
1741420800,0.50787,0.5196,0.5069,0.51164,1303413.0
1741435200,0.51189,0.51505,0.50493,0.51059,1815827.0
1741449600,0.5106,0.52094,0.50283,0.51579,1777480.0
1741464000,0.51598,0.51883,0.5066,0.50786,1764614.0
1741478400,0.50776,0.51161,0.50087,0.50429,1570377.0
1741492800,0.50396,0.50511,0.47403,0.48226,3103602.0
1741507200,0.48161,0.48338,0.45522,0.46688,2955995.0
1741521600,0.46716,0.47366,0.45844,0.46184,2442016.0
1741536000,0.46125,0.46429,0.44048,0.45079,6366302.0
1741550400,0.45094,0.46078,0.42983,0.43695,4380363.0
1741564800,0.43727,0.4595,0.43667,0.44957,3917678.0
1741579200,0.4501,0.45844,0.44746,0.45113,3065438.0
1741593600,0.45113,0.46723,0.4439,0.46289,4614078.0
1741608000,0.46247,0.46607,0.42838,0.44475,5406282.0
1741622400,0.44512,0.44696,0.40767,0.43038,5686775.0
1741636800,0.43004,0.43487,0.4254,0.4264,1185554.0
1741651200,0.42725,0.43132,0.40266,0.41768,3032565.0
1741665600,0.41797,0.43646,0.41769,0.42804,892881.0
1741680000,0.42752,0.43784,0.4269,0.43336,1627133.0
1741694400,0.4331,0.43863,0.41542,0.43171,5068848.0
1741708800,0.43048,0.44998,0.4247,0.44788,4916124.0
1741723200,0.44822,0.4491,0.42438,0.42773,2447020.0
1741737600,0.42809,0.4359,0.41318,0.41343,2586181.0
1741752000,0.41364,0.4321,0.41101,0.43099,2374852.0
1741766400,0.43091,0.44006,0.42519,0.43963,2917888.0
1741780800,0.43983,0.45753,0.43084,0.43987,5861049.0
1741795200,0.44044,0.44722,0.43662,0.43947,2662198.0
1741809600,0.43937,0.45249,0.43828,0.45085,1205425.0
1741824000,0.45117,0.46871,0.44797,0.45679,3222444.0
1741838400,0.45673,0.45957,0.44687,0.4477,1097342.0
1741852800,0.4477,0.49907,0.44601,0.49606,7326006.0
1741867200,0.49612,0.50616,0.47397,0.47495,6869715.0
1741881600,0.47609,0.48023,0.4565,0.47283,7372540.0
1741896000,0.47206,0.49081,0.46361,0.48356,5420407.0
1741910400,0.48367,0.50548,0.47904,0.50318,2260260.0
1741924800,0.50382,0.52042,0.50336,0.50929,4167134.0
1741939200,0.50916,0.53701,0.5071,0.5277,8897697.0
1741953600,0.52743,0.535,0.51233,0.52807,7224567.0
1741968000,0.52789,0.54844,0.52239,0.5359,4048432.0
1741982400,0.53575,0.54214,0.5255,0.52698,6173874.0
1741996800,0.52773,0.53235,0.52176,0.52605,2012679.0
1742011200,0.52619,0.5349,0.51994,0.52127,4695974.0
1742025600,0.52104,0.52897,0.51807,0.52538,1490576.0
1742040000,0.52532,0.53823,0.52274,0.53356,3960559.0
1742054400,0.53403,0.55912,0.53232,0.54501,4260463.0
1742068800,0.54578,0.56177,0.54545,0.54996,4607123.0
1742083200,0.55001,0.55084,0.53177,0.53523,3165845.0
1742097600,0.53478,0.5394,0.5275,0.53066,1381215.0
1742112000,0.53085,0.5333,0.49652,0.50012,6317892.0
1742126400,0.50021,0.50826,0.48867,0.49574,4830643.0
1742140800,0.49566,0.51808,0.49327,0.50062,4620337.0
1742155200,0.50094,0.50407,0.48522,0.49509,2355896.0
1742169600,0.49551,0.50915,0.49514,0.50791,1789442.0
1742184000,0.50808,0.51268,0.49569,0.50758,5729454.0
1742198400,0.50703,0.51678,0.50039,0.50804,5181287.0
1742212800,0.50803,0.51481,0.48964,0.50323,6930973.0
1742227200,0.50309,0.51489,0.49895,0.51059,3633064.0
1742241600,0.51113,0.51113,0.49678,0.50045,2471120.0
1742256000,0.50049,0.50049,0.47551,0.47637,3679735.0
1742270400,0.47599,0.48485,0.46964,0.48249,1889338.0
1742284800,0.48225,0.49501,0.48055,0.48447,2285114.0
1742299200,0.4846,0.4876,0.47262,0.48138,3137300.0
1742313600,0.4811,0.49158,0.4749,0.48998,1609631.0
1742328000,0.49039,0.4951,0.48283,0.49458,1738610.0
1742342400,0.49417,0.50669,0.49417,0.50609,2557625.0
1742356800,0.50669,0.50669,0.49536,0.49598,1105644.0
1742371200,0.49597,0.5359,0.49537,0.52779,6332746.0
1742385600,0.52798,0.52865,0.51427,0.52171,7746610.0
1742400000,0.5215,0.52616,0.50483,0.51939,5302077.0
1742414400,0.51991,0.5543,0.51988,0.55,7780145.0
1742428800,0.55,0.55857,0.53415,0.5379,4296175.0
1742443200,0.53819,0.54552,0.53148,0.5357,2654953.0
1742457600,0.5357,0.5486,0.52162,0.52457,6351315.0
1742472000,0.52457,0.53756,0.51696,0.51696,4009187.0
1742486400,0.51685,0.52174,0.50663,0.51479,7397914.0
1742500800,0.51479,0.51637,0.50687,0.51126,4312666.0
1742515200,0.51118,0.52282,0.50562,0.50674,2618964.0
1742529600,0.5068,0.51104,0.49314,0.49507,2278348.0
1742544000,0.49534,0.49888,0.48847,0.49192,4613697.0
1742558400,0.49159,0.49443,0.4852,0.48921,4987708.0
1742572800,0.48899,0.49907,0.48717,0.4987,1238400.0
1742587200,0.4989,0.514,0.49809,0.50445,2198012.0
1742601600,0.50504,0.51439,0.50425,0.51336,2784983.0
1742616000,0.51308,0.52334,0.51299,0.51592,1700218.0
1742630400,0.51553,0.52228,0.51119,0.51123,2324745.0
1742644800,0.51163,0.51544,0.50513,0.50883,2985697.0
1742659200,0.50861,0.51583,0.50694,0.51476,1776008.0
1742673600,0.51485,0.5185,0.50538,0.5066,1738314.0
1742688000,0.50618,0.51599,0.50111,0.51551,1406642.0
1742702400,0.51592,0.52045,0.50909,0.51861,2805276.0
1742716800,0.51828,0.53591,0.51728,0.53438,3329987.0
1742731200,0.53429,0.54483,0.52899,0.52947,5530432.0
1742745600,0.52931,0.53517,0.525,0.53366,1544495.0
1742760000,0.53449,0.54277,0.53203,0.5407,4237751.0
1742774400,0.53995,0.55265,0.52834,0.55205,3629261.0
1742788800,0.55268,0.595,0.55268,0.58557,5241061.0
1742803200,0.58663,0.61527,0.58616,0.5937,5070748.0
1742817600,0.5937,0.62,0.58939,0.59875,6239952.0
1742832000,0.59917,0.61485,0.59075,0.60042,3327943.0
1742846400,0.60035,0.60821,0.58966,0.59631,1980191.0
1742860800,0.59638,0.60407,0.57989,0.58098,1476528.0
1742875200,0.58075,0.58852,0.57748,0.58248,798590.0
1742889600,0.58312,0.63184,0.58305,0.62746,2398777.0
1742904000,0.62705,0.63338,0.60802,0.61338,7461583.0
1742918400,0.61256,0.62064,0.60638,0.62014,2590528.0
1742932800,0.62074,0.62402,0.60338,0.60622,2950400.0
1742947200,0.6062,0.62046,0.60535,0.60964,3192391.0
1742961600,0.61066,0.62774,0.60817,0.62733,1226976.0
1742976000,0.62556,0.6368,0.61719,0.63385,1286218.0
1742990400,0.63496,0.63496,0.59629,0.60416,6928073.0
1743004800,0.60416,0.60989,0.58796,0.59834,5974947.0
1743019200,0.59764,0.60552,0.592,0.60269,2437896.0
1743033600,0.60304,0.62604,0.60037,0.62466,3437426.0
1743048000,0.62524,0.62538,0.61157,0.6171,944984.0
1743062400,0.61677,0.62397,0.60016,0.60191,2382214.0
1743076800,0.60171,0.61553,0.58949,0.60559,3625666.0
1743091200,0.60556,0.61271,0.60044,0.60446,2486557.0
1743105600,0.60509,0.61177,0.60147,0.60306,1336009.0
1743120000,0.60297,0.60409,0.58591,0.58685,3086319.0
1743134400,0.58694,0.5884,0.56177,0.56364,5681892.0
1743148800,0.56355,0.56896,0.55802,0.56556,1498979.0
1743163200,0.56501,0.56552,0.54704,0.54757,4409225.0
1743177600,0.54749,0.54867,0.53014,0.53349,6308812.0
1743192000,0.53382,0.54339,0.53382,0.54154,1297878.0
1743206400,0.54186,0.5445,0.53031,0.53855,1007778.0
1743220800,0.53857,0.53891,0.50233,0.5048,1973891.0
1743235200,0.50504,0.51647,0.488,0.4932,4301515.0
1743249600,0.4932,0.50242,0.49106,0.49213,1800849.0
1743264000,0.49236,0.49437,0.47342,0.48597,5574518.0
1743278400,0.48716,0.48871,0.47982,0.48718,1985797.0
1743292800,0.48683,0.50126,0.47903,0.49709,2183404.0
1743307200,0.49664,0.50316,0.48944,0.49196,1078815.0
1743321600,0.49178,0.49952,0.48691,0.49026,1967698.0
1743336000,0.49036,0.49296,0.48254,0.48645,1671210.0
1743350400,0.48664,0.50607,0.48094,0.49502,2233561.0
1743364800,0.49558,0.49913,0.48384,0.49355,3254029.0
1743379200,0.49386,0.49725,0.4804,0.4819,2061771.0
1743393600,0.48214,0.49528,0.47524,0.47877,1683447.0
1743408000,0.47915,0.48289,0.4582,0.47256,3809744.0
1743422400,0.4732,0.4902,0.46251,0.48233,5368224.0
1743436800,0.48256,0.48834,0.47301,0.48167,4347629.0
1743451200,0.48181,0.48718,0.47917,0.48366,2774365.0
1743465600,0.48348,0.50437,0.48276,0.50423,3815550.0
1743480000,0.50456,0.51192,0.49859,0.50962,3003829.0
1743494400,0.50956,0.52784,0.50628,0.50908,4079534.0
1743508800,0.50953,0.52609,0.50061,0.51571,4950049.0
1743523200,0.51608,0.52019,0.50313,0.50514,2421030.0
1743537600,0.50503,0.51442,0.50148,0.50579,936380.0
1743552000,0.50633,0.50764,0.49446,0.4955,2661565.0
1743566400,0.49534,0.49881,0.4856,0.49362,1175871.0
1743580800,0.49363,0.50516,0.49134,0.49409,2610917.0
1743595200,0.4944,0.51892,0.49035,0.51163,3035096.0
1743609600,0.5121,0.51653,0.50076,0.51076,1147787.0
1743624000,0.5094,0.52535,0.45926,0.46684,7897780.0
1743638400,0.46688,0.48416,0.46482,0.47729,1419287.0
1743652800,0.47752,0.48267,0.46532,0.46909,1513734.0
1743667200,0.46917,0.47231,0.4446,0.44577,1537869.0
1743681600,0.44576,0.45951,0.43571,0.45786,2645690.0
1743696000,0.45817,0.46738,0.45547,0.46339,811545.0
1743710400,0.46412,0.48586,0.46245,0.48354,2653904.0
1743724800,0.4844,0.48812,0.47532,0.47787,1663614.0
1743739200,0.4782,0.48824,0.47092,0.48656,2112341.0
1743753600,0.48713,0.4994,0.4678,0.47836,3273629.0
1743768000,0.47715,0.51621,0.47643,0.50255,5707546.0
1743782400,0.50329,0.51021,0.49616,0.50307,3476309.0
1743796800,0.50284,0.50461,0.49846,0.50119,1219290.0
1743811200,0.50159,0.51,0.49877,0.50558,2336695.0
1743825600,0.50538,0.5071,0.49774,0.50523,1050055.0
1743840000,0.5053,0.51041,0.50131,0.50681,1426124.0
1743854400,0.50653,0.50764,0.48847,0.49104,2032826.0
1743868800,0.49082,0.50034,0.49047,0.49075,990094.0
1743883200,0.49074,0.49831,0.48893,0.49765,735052.0
1743897600,0.49764,0.49785,0.48853,0.49144,506333.0
1743912000,0.49155,0.49166,0.47661,0.47686,1346737.0
1743926400,0.47675,0.48512,0.47392,0.48101,967424.0
1743940800,0.48081,0.48261,0.46252,0.46664,1059145.0
1743955200,0.46627,0.46664,0.42804,0.44758,5341857.0
1743969600,0.44567,0.44899,0.42688,0.43831,3259445.0
1743984000,0.43859,0.44764,0.41252,0.41759,3731252.0
1743998400,0.4173,0.42318,0.37878,0.38916,4185725.0
1744012800,0.38901,0.40593,0.38766,0.39208,2599912.0
1744027200,0.39276,0.4631,0.391,0.42668,10777593.0
1744041600,0.4257,0.42851,0.41265,0.42025,1912538.0
1744056000,0.42148,0.43936,0.42137,0.43231,3336695.0
1744070400,0.43265,0.44294,0.42752,0.43076,2588576.0
1744084800,0.43167,0.43368,0.41732,0.4197,992531.0
1744099200,0.41963,0.43338,0.41406,0.43114,1142385.0
1744113600,0.43142,0.43697,0.41943,0.42599,1544481.0
1744128000,0.42622,0.42622,0.40132,0.40513,2030691.0
1744142400,0.40514,0.40912,0.39255,0.39507,1267513.0
1744156800,0.39487,0.40026,0.3796,0.39242,2426050.0
1744171200,0.3917,0.41424,0.39143,0.41209,1870603.0
1744185600,0.41274,0.41542,0.39596,0.39745,1581785.0
1744200000,0.39732,0.40779,0.394,0.40013,2011724.0
1744214400,0.40053,0.4786,0.39965,0.47203,9948167.0
1744228800,0.47183,0.49783,0.4683,0.48811,2758159.0
1744243200,0.4884,0.4935,0.4711,0.47664,2099717.0
1744257600,0.47688,0.48274,0.47,0.47413,1657044.0
1744272000,0.47541,0.47553,0.46252,0.46694,1633941.0
1744286400,0.46614,0.48073,0.45666,0.45887,5666383.0
1744300800,0.45861,0.47038,0.4562,0.46347,3217010.0
1744315200,0.46348,0.46831,0.46177,0.46616,621159.0
1744329600,0.4663,0.4777,0.45993,0.47442,1162703.0
1744344000,0.47386,0.47956,0.46377,0.47762,918533.0
1744358400,0.4778,0.48143,0.468,0.47534,2090749.0
1744372800,0.47599,0.4813,0.4661,0.47279,1710315.0
1744387200,0.47272,0.488,0.4689,0.48006,2024644.0
1744401600,0.4799,0.49074,0.47652,0.47966,848170.0
1744416000,0.47977,0.48482,0.47296,0.4835,1521218.0
1744430400,0.48404,0.50541,0.48404,0.49754,1311365.0
1744444800,0.49676,0.51427,0.49621,0.50944,1032482.0
1744459200,0.50988,0.53813,0.50712,0.52645,2767661.0
1744473600,0.52577,0.52754,0.51245,0.51753,1066382.0
1744488000,0.5179,0.53454,0.51698,0.52633,1005012.0
1744502400,0.52651,0.52982,0.51625,0.51741,803117.0
1744516800,0.51692,0.51825,0.51159,0.51159,313361.0
1744531200,0.51166,0.51515,0.506,0.50776,523047.0
1744545600,0.50792,0.5106,0.49937,0.5016,1511437.0
1744560000,0.50178,0.51479,0.49,0.4938,3628612.0
1744574400,0.49418,0.49912,0.47949,0.48587,2419070.0
1744588800,0.48585,0.50705,0.48471,0.49759,1780650.0
1744603200,0.4979,0.50693,0.4953,0.50548,1573672.0
1744617600,0.50563,0.51523,0.50445,0.51138,874617.0
1744632000,0.51219,0.51942,0.49741,0.49831,1298006.0
1744646400,0.49835,0.50271,0.49396,0.49694,995412.0
1744660800,0.49685,0.4995,0.48906,0.48983,504899.0
1744675200,0.49028,0.51097,0.48621,0.51091,811315.0
1744689600,0.51046,0.51471,0.50386,0.51205,847152.0
1744704000,0.51205,0.51367,0.50136,0.50447,1497057.0
1744718400,0.50435,0.51127,0.49052,0.493,1739099.0
1744732800,0.49349,0.49599,0.46923,0.47341,906351.0
1744747200,0.47331,0.48092,0.47015,0.4721,486235.0
1744761600,0.47219,0.47776,0.4647,0.47294,848972.0
1744776000,0.4728,0.4751,0.46372,0.46472,584575.0
1744790400,0.46504,0.47204,0.46061,0.4717,419117.0
1744804800,0.4719,0.48254,0.4642,0.47382,1078846.0
1744819200,0.4738,0.47955,0.45785,0.47342,2990952.0
1744833600,0.47366,0.47457,0.46294,0.46478,331758.0
1744848000,0.46485,0.47034,0.46076,0.46241,1561684.0
1744862400,0.46252,0.47743,0.46164,0.47376,1320128.0
1744876800,0.47403,0.47649,0.46897,0.47453,141542.0
1744891200,0.47562,0.47806,0.46204,0.46886,369534.0
1744905600,0.46906,0.48287,0.46584,0.46941,2410313.0
1744920000,0.46934,0.47392,0.4681,0.46895,338395.0
1744934400,0.46921,0.4729,0.46736,0.47118,186821.0
1744948800,0.47116,0.47122,0.46625,0.47093,237903.0
1744963200,0.47133,0.47687,0.46671,0.46901,244817.0
1744977600,0.46909,0.47264,0.45926,0.46082,454283.0
1744992000,0.4608,0.46826,0.46028,0.46516,294930.0
1745006400,0.4655,0.46637,0.4567,0.45856,155358.0
1745020800,0.45845,0.46513,0.45381,0.4623,315824.0
1745035200,0.46255,0.46679,0.45928,0.46501,262448.0
1745049600,0.46562,0.47015,0.46375,0.466,739775.0
1745064000,0.46636,0.46999,0.46361,0.46794,254164.0
1745078400,0.46793,0.47349,0.46394,0.47097,417155.0
1745092800,0.47151,0.48007,0.47003,0.47657,770255.0
1745107200,0.47678,0.47954,0.47367,0.47498,562188.0
1745121600,0.47486,0.47698,0.46755,0.46844,307373.0
1745136000,0.4609,0.4609,0.45564,0.45801,706155.0
1745150400,0.45783,0.46333,0.45737,0.45862,1349091.0
1745164800,0.45864,0.467,0.45758,0.46658,473391.0
1745179200,0.4661,0.47142,0.46274,0.46546,473609.0
1745193600,0.46557,0.48675,0.46548,0.47977,1545219.0
1745208000,0.48104,0.49771,0.47883,0.49024,2408660.0
1745222400,0.49016,0.50089,0.4807,0.48384,947834.0
1745236800,0.48411,0.49062,0.4691,0.47465,3771826.0
1745251200,0.47469,0.47516,0.44741,0.45683,1483097.0
1745265600,0.45677,0.45741,0.45152,0.45635,844952.0
1745280000,0.45586,0.47204,0.44508,0.46142,2858214.0
1745294400,0.4614,0.47603,0.45651,0.47558,848620.0
1745308800,0.47554,0.48447,0.47492,0.47731,1989637.0
1745323200,0.47799,0.49738,0.47361,0.48606,2594303.0
1745337600,0.48611,0.4881,0.48012,0.4858,2029396.0
1745352000,0.48588,0.5148,0.48564,0.51095,3122512.0
1745366400,0.51153,0.52531,0.51001,0.52201,6160706.0
1745380800,0.52306,0.52681,0.51376,0.52265,1050068.0
1745395200,0.52259,0.52456,0.51463,0.5177,502306.0
1745409600,0.51868,0.53511,0.50117,0.51784,3991101.0
1745424000,0.51741,0.52052,0.50479,0.5061,1301588.0
1745438400,0.50616,0.51555,0.50471,0.51225,813326.0
1745452800,0.51216,0.51504,0.50631,0.50631,952806.0
1745467200,0.50646,0.50912,0.465,0.49693,1920145.0
1745481600,0.49757,0.49928,0.48531,0.49523,669204.0
1745496000,0.49413,0.51982,0.49199,0.51551,1082115.0
1745510400,0.51599,0.52035,0.5068,0.51413,1177056.0
1745524800,0.51309,0.51623,0.5052,0.51098,580698.0
1745539200,0.51073,0.51682,0.4995,0.50593,992770.0
1745553600,0.5057,0.52854,0.50411,0.52826,1650477.0
1745568000,0.53024,0.54292,0.52035,0.53854,1883886.0
1745582400,0.53896,0.54671,0.52903,0.53717,6351797.0
1745596800,0.5375,0.54022,0.52704,0.53166,1908088.0
1745611200,0.53275,0.53424,0.52557,0.52909,991092.0
1745625600,0.52867,0.55409,0.52867,0.54187,842710.0
1745640000,0.54206,0.57235,0.5357,0.5566,2502915.0
1745654400,0.55688,0.5705,0.54035,0.54189,1552882.0
1745668800,0.54268,0.54657,0.513,0.53997,1342440.0
1745683200,0.53893,0.53931,0.53221,0.53595,192597.0
1745697600,0.53704,0.54219,0.53427,0.53922,398565.0
1745712000,0.54022,0.54901,0.52524,0.53082,2014281.0
1745726400,0.53087,0.53307,0.51662,0.52471,410598.0
1745740800,0.52485,0.52881,0.51928,0.51998,609865.0
1745755200,0.51952,0.52368,0.50954,0.51581,853497.0
1745769600,0.51459,0.52396,0.51214,0.52396,1263979.0
1745784000,0.52409,0.52541,0.51524,0.51792,282416.0
1745798400,0.51739,0.52414,0.5046,0.52215,1237542.0
1745812800,0.52231,0.53546,0.52219,0.53475,951384.0
1745827200,0.53519,0.54019,0.52518,0.53613,1662670.0
1745841600,0.53604,0.53773,0.51,0.51344,984210.0
1745856000,0.51344,0.5244,0.50724,0.52269,530859.0
1745870400,0.52305,0.52309,0.51692,0.52001,191120.0
1745884800,0.51981,0.52365,0.51642,0.5184,442570.0
1745899200,0.51857,0.52597,0.51225,0.52574,336432.0
1745913600,0.52584,0.52875,0.52029,0.5256,1521057.0
1745928000,0.52578,0.52774,0.51774,0.52108,2453754.0
1745942400,0.52125,0.52707,0.51943,0.52415,633160.0
1745956800,0.52355,0.52363,0.49995,0.51239,1669168.0
1745971200,0.51185,0.51748,0.51028,0.51628,346977.0
1745985600,0.51656,0.51795,0.50935,0.51038,71884.0
1746000000,0.51083,0.51367,0.50963,0.51293,252168.0
1746014400,0.51255,0.51324,0.46263,0.48942,4602156.0
1746028800,0.48857,0.49658,0.48307,0.49327,1117226.0
1746043200,0.49311,0.49913,0.49256,0.49448,328264.0
1746057600,0.49443,0.50058,0.49299,0.49483,349411.0
1746072000,0.49494,0.53124,0.49398,0.52337,882586.0
1746086400,0.52249,0.56324,0.52197,0.55622,2849043.0
1746100800,0.55662,0.56765,0.54417,0.55963,1636679.0
1746115200,0.5602,0.604,0.56016,0.57591,3259036.0
1746129600,0.57511,0.58038,0.567,0.56964,2014121.0
1746144000,0.56954,0.58597,0.56746,0.5859,884690.0
1746158400,0.58781,0.59318,0.53716,0.5381,3937971.0
1746172800,0.53849,0.55461,0.53816,0.54798,851785.0
1746187200,0.54733,0.57911,0.54392,0.56362,1917519.0
1746201600,0.56392,0.57714,0.56268,0.56534,675410.0
1746216000,0.56561,0.58402,0.56476,0.57945,693949.0
1746230400,0.57942,0.58238,0.56241,0.56429,824266.0
1746244800,0.5642,0.5682,0.55369,0.5607,909251.0
1746259200,0.56024,0.56552,0.54819,0.55094,1505769.0
1746273600,0.55096,0.55717,0.55087,0.55347,546746.0
1746288000,0.55376,0.55416,0.54077,0.54968,391618.0
1746302400,0.55018,0.55142,0.54539,0.54603,281232.0
1746316800,0.54603,0.55382,0.54177,0.54364,298705.0
1746331200,0.54367,0.54973,0.536,0.53678,520396.0
1746345600,0.53696,0.53723,0.52296,0.52686,958163.0
1746360000,0.52656,0.52814,0.51557,0.52117,922164.0
1746374400,0.52104,0.52301,0.51586,0.52126,359500.0
1746388800,0.52174,0.52702,0.51714,0.51937,427660.0
1746403200,0.51936,0.5234,0.50707,0.51719,994495.0
1746417600,0.51739,0.52697,0.51647,0.524,284722.0
1746432000,0.52406,0.52706,0.51035,0.51635,507422.0
1746446400,0.51399,0.52043,0.50766,0.50972,808165.0
1746460800,0.50975,0.5198,0.50865,0.51122,486574.0
1746475200,0.51143,0.5164,0.50118,0.51311,702877.0
1746489600,0.51306,0.51475,0.50301,0.5123,732781.0
1746504000,0.51227,0.51625,0.51008,0.51052,340208.0
1746518400,0.51041,0.51061,0.49357,0.49632,867545.0
1746532800,0.49625,0.5036,0.48967,0.49754,2675240.0
1746547200,0.49795,0.50646,0.49387,0.50142,488531.0
1746561600,0.50165,0.51079,0.4887,0.51023,870617.0
1746576000,0.51072,0.51876,0.50544,0.5097,1563251.0
1746590400,0.50969,0.51556,0.50656,0.51496,591479.0
1746604800,0.51492,0.51599,0.51175,0.51404,498705.0
1746619200,0.51459,0.51471,0.50042,0.50102,395905.0
1746633600,0.50052,0.50727,0.49568,0.49778,987907.0
1746648000,0.4979,0.51257,0.49448,0.50839,751496.0
1746662400,0.50888,0.53375,0.50813,0.53353,1845022.0
1746676800,0.53574,0.54823,0.52983,0.5421,4385288.0
1746691200,0.54204,0.55008,0.53882,0.54314,2255262.0
1746705600,0.5431,0.57,0.5431,0.56183,1409726.0
1746720000,0.56201,0.56399,0.55233,0.558,955829.0
1746734400,0.55853,0.5752,0.55407,0.56734,2358994.0
1746748800,0.56691,0.58405,0.56265,0.57184,889766.0
1746763200,0.57237,0.61023,0.57119,0.59708,1561055.0
1746777600,0.59609,0.61888,0.57696,0.58617,3889717.0
1746792000,0.58617,0.60438,0.57937,0.58907,1811715.0
1746806400,0.5892,0.59612,0.57798,0.58777,1736959.0
1746820800,0.5876,0.59201,0.58465,0.58927,1364933.0
1746835200,0.58907,0.59962,0.58223,0.58865,1418506.0
1746849600,0.5885,0.59809,0.58012,0.59623,326724.0
1746864000,0.59689,0.60062,0.57815,0.57973,931979.0
1746878400,0.57997,0.59075,0.57997,0.58254,746220.0
1746892800,0.58227,0.60349,0.58133,0.59424,1977638.0
1746907200,0.59484,0.6255,0.59137,0.61679,2457263.0
1746921600,0.61618,0.62036,0.59418,0.60901,2170329.0
1746936000,0.60867,0.61236,0.57708,0.58217,2260264.0
1746950400,0.58223,0.59473,0.57944,0.59395,596942.0
1746964800,0.59423,0.59593,0.57486,0.5796,1071628.0
1746979200,0.57826,0.58513,0.56462,0.57911,1223256.0
1746993600,0.57911,0.58548,0.57597,0.58312,1314403.0
1747008000,0.58335,0.59602,0.58128,0.59375,1301135.0
1747022400,0.59456,0.64939,0.58564,0.60461,4868235.0
1747036800,0.60486,0.61415,0.58772,0.58775,2668072.0
1747051200,0.58766,0.61418,0.5838,0.58573,3770867.0
1747065600,0.58578,0.60153,0.56244,0.58265,4656978.0
1747080000,0.58327,0.59082,0.57828,0.58925,1151868.0
1747094400,0.58904,0.58937,0.5507,0.55307,2253180.0
1747108800,0.55247,0.57361,0.55143,0.56809,933611.0
1747123200,0.56844,0.57735,0.56456,0.56875,1192793.0
1747137600,0.56913,0.57889,0.56426,0.57743,1415003.0
1747152000,0.57743,0.62009,0.57639,0.6117,4592619.0
1747166400,0.61149,0.6127,0.59629,0.60082,3996640.0
1747180800,0.60003,0.61117,0.58961,0.59548,2896456.0
1747195200,0.594,0.60323,0.59031,0.59306,292591.0
1747209600,0.59118,0.59351,0.57749,0.58892,1356234.0
1747224000,0.58871,0.59147,0.57175,0.57915,1261363.0
1747238400,0.57884,0.58141,0.56644,0.57869,810272.0
1747252800,0.57824,0.57935,0.56889,0.57335,293691.0
1747267200,0.57316,0.57925,0.55529,0.55599,625436.0
1747281600,0.55575,0.55958,0.53011,0.53265,1075932.0
1747296000,0.53227,0.54883,0.53226,0.54728,923124.0
1747310400,0.54708,0.55293,0.53422,0.55214,1101673.0
1747324800,0.55265,0.55761,0.53889,0.54336,1111081.0
1747339200,0.54405,0.54652,0.52552,0.53918,1065980.0
1747353600,0.53908,0.54776,0.53533,0.546,457612.0
1747368000,0.5461,0.54837,0.54021,0.54398,406081.0
1747382400,0.54419,0.54864,0.53563,0.54354,448805.0
1747396800,0.54322,0.54899,0.53779,0.54425,940249.0
1747411200,0.54457,0.54623,0.53664,0.54002,895561.0
1747425600,0.54025,0.5406,0.51671,0.52128,1693637.0
1747440000,0.52134,0.52236,0.49259,0.50902,1195783.0
1747454400,0.50864,0.51448,0.50677,0.51002,663701.0
1747468800,0.5096,0.51063,0.49955,0.50227,579007.0
1747483200,0.50277,0.50529,0.49441,0.49812,460897.0
1747497600,0.49824,0.50083,0.48419,0.49228,1333774.0
1747512000,0.49316,0.4993,0.48881,0.49635,321232.0
1747526400,0.49629,0.50116,0.49456,0.49839,198027.0
1747540800,0.49835,0.50897,0.49822,0.50752,414371.0
1747555200,0.50776,0.51314,0.50423,0.50458,633906.0
1747569600,0.5046,0.52708,0.50197,0.52525,776962.0
1747584000,0.52592,0.52671,0.49386,0.49568,1504127.0
1747598400,0.49419,0.516,0.48296,0.51449,1631114.0
1747612800,0.51437,0.51676,0.49473,0.49585,1173342.0
1747627200,0.49595,0.49786,0.47941,0.48982,900215.0
1747641600,0.4898,0.49373,0.48292,0.49248,653443.0
1747656000,0.49228,0.49427,0.48009,0.49328,1518255.0
1747670400,0.49311,0.50171,0.48943,0.49654,616140.0
1747684800,0.49754,0.50098,0.4874,0.49901,3030428.0
1747699200,0.49919,0.50767,0.4968,0.50179,1084610.0
1747713600,0.50165,0.50844,0.49837,0.4992,1200071.0
1747728000,0.50002,0.50142,0.49472,0.49866,1220149.0
1747742400,0.49857,0.49867,0.49161,0.4957,678842.0
1747756800,0.49569,0.50055,0.48788,0.49927,398018.0
1747771200,0.49927,0.5073,0.4965,0.50146,261867.0
1747785600,0.50169,0.50668,0.49619,0.50473,378427.0
1747800000,0.50457,0.51376,0.50234,0.50586,2290857.0
1747814400,0.50585,0.50717,0.49073,0.50505,1466926.0
1747828800,0.5048,0.51328,0.50016,0.51121,1617327.0
1747843200,0.5114,0.52322,0.49067,0.50803,3771467.0
1747857600,0.50779,0.51342,0.50157,0.50903,886531.0
1747872000,0.50866,0.52354,0.5086,0.52158,432055.0
1747886400,0.52159,0.5262,0.5177,0.52489,2260212.0
1747900800,0.5249,0.53656,0.52431,0.53122,1348571.0
1747915200,0.531,0.53685,0.52163,0.53389,3101623.0
1747929600,0.53424,0.53678,0.52753,0.5282,661563.0
1747944000,0.52822,0.53172,0.51545,0.52568,1800190.0
1747958400,0.52554,0.54181,0.52213,0.54064,1244687.0
1747972800,0.54074,0.54267,0.52588,0.52783,912628.0
1747987200,0.52803,0.54133,0.478,0.5104,4422222.0
1748001600,0.51086,0.51598,0.49446,0.50619,2101820.0
1748016000,0.50613,0.50649,0.4965,0.49726,1346319.0
1748030400,0.49695,0.49695,0.4647,0.46895,1323971.0
1748044800,0.46856,0.47458,0.46185,0.47224,1457600.0
1748059200,0.47233,0.47566,0.47021,0.47325,1087726.0
1748073600,0.4738,0.48023,0.47077,0.47729,904642.0
1748088000,0.47766,0.4808,0.47226,0.47438,1596293.0
1748102400,0.47402,0.47588,0.47012,0.4733,842471.0
1748116800,0.47252,0.47506,0.46693,0.46999,958200.0
1748131200,0.47008,0.47175,0.45682,0.46145,2944149.0
1748145600,0.46122,0.46217,0.45405,0.45644,486397.0
1748160000,0.45688,0.45688,0.4409,0.44409,1458725.0
1748174400,0.44406,0.45221,0.43413,0.44115,1533390.0
1748188800,0.44074,0.44835,0.43418,0.44709,998870.0
1748203200,0.44634,0.46264,0.44318,0.45812,1009434.0
1748217600,0.45784,0.46234,0.45438,0.46041,858047.0
1748232000,0.46061,0.4702,0.45841,0.46703,831245.0
1748246400,0.46658,0.46732,0.45555,0.45734,1312019.0
1748260800,0.45762,0.46,0.44802,0.4533,1042606.0
1748275200,0.45395,0.45547,0.44024,0.44252,776927.0
1748289600,0.44112,0.44843,0.44089,0.44621,348869.0
1748304000,0.44629,0.44962,0.43568,0.44225,1843137.0
1748318400,0.44267,0.45241,0.43881,0.45141,1124475.0
1748332800,0.45184,0.45837,0.44998,0.45369,1253678.0
1748347200,0.4538,0.46198,0.44663,0.45211,979018.0
1748361600,0.45224,0.4572,0.44754,0.44948,827967.0
1748376000,0.44974,0.45487,0.44447,0.44627,526122.0
1748390400,0.44648,0.44871,0.44049,0.44626,1106776.0
1748404800,0.44608,0.44847,0.43839,0.44017,557900.0
1748419200,0.44026,0.44659,0.435,0.44567,1389022.0
1748433600,0.44691,0.45152,0.43581,0.43813,1065235.0
1748448000,0.4382,0.44359,0.42883,0.43168,684365.0
1748462400,0.43111,0.44621,0.43043,0.44621,1039920.0
1748476800,0.44614,0.45847,0.44359,0.45211,1205134.0
1748491200,0.45288,0.45313,0.4436,0.44728,917884.0
1748505600,0.44747,0.44907,0.44446,0.44877,577383.0
1748520000,0.44842,0.44842,0.43536,0.43927,1223942.0
1748534400,0.43924,0.44289,0.43306,0.43468,597017.0
1748548800,0.435,0.4415,0.43241,0.43449,292085.0
1748563200,0.43426,0.43794,0.411,0.41233,6061793.0
1748577600,0.41256,0.41737,0.40615,0.40982,1647532.0
1748592000,0.41002,0.41293,0.406,0.41251,1041685.0
1748606400,0.41254,0.41577,0.40735,0.41224,1532869.0
1748620800,0.41204,0.41264,0.38578,0.40333,2995511.0
1748635200,0.4038,0.40655,0.38196,0.39036,1478904.0
1748649600,0.39122,0.39556,0.3779,0.37917,3704950.0
1748664000,0.37893,0.38971,0.375,0.38894,843088.0
1748678400,0.38859,0.38917,0.38048,0.38331,604882.0
1748692800,0.38277,0.39577,0.38277,0.39317,688962.0
1748707200,0.39281,0.39865,0.39082,0.3941,554214.0
1748721600,0.39428,0.39727,0.39227,0.39296,380490.0
1748736000,0.39294,0.39294,0.38563,0.38875,450249.0
1748750400,0.38887,0.39457,0.38807,0.39014,376878.0
1748764800,0.39063,0.39107,0.37988,0.38675,1236873.0
1748779200,0.38712,0.39402,0.38223,0.3924,710196.0
1748793600,0.39232,0.39739,0.38875,0.39529,1449352.0
1748808000,0.39528,0.40191,0.39366,0.39885,639735.0
1748822400,0.39901,0.40194,0.39193,0.39396,944308.0
1748836800,0.39428,0.39906,0.39245,0.39787,1686700.0
1748851200,0.39788,0.40014,0.39017,0.39197,2600318.0
1748865600,0.39226,0.41545,0.39056,0.4139,4257334.0
1748880000,0.4132,0.41778,0.40426,0.40509,1770664.0
1748894400,0.40616,0.41618,0.40616,0.41362,781970.0
1748908800,0.41389,0.42304,0.41109,0.41286,840418.0
1748923200,0.41337,0.41633,0.41068,0.41172,216252.0
1748937600,0.41189,0.4138,0.40904,0.41062,235830.0
1748952000,0.41081,0.42118,0.40989,0.41906,2260882.0
1748966400,0.41867,0.41884,0.41006,0.41401,2841268.0
1748980800,0.41432,0.41457,0.40285,0.40471,1111571.0
1748995200,0.40513,0.41345,0.40442,0.40989,348737.0
1749009600,0.41018,0.41071,0.40347,0.40388,485259.0
1749024000,0.40459,0.41074,0.4007,0.4007,178088.0
1749038400,0.40105,0.40775,0.39657,0.40503,563598.0
1749052800,0.40543,0.40543,0.39749,0.39753,281952.0
1749067200,0.39703,0.39729,0.3867,0.38953,964354.0
1749081600,0.38946,0.3937,0.38894,0.39048,427558.0
1749096000,0.3906,0.39326,0.38714,0.38985,463412.0
1749110400,0.39045,0.394,0.3874,0.38886,340583.0
1749124800,0.38867,0.39675,0.385,0.38908,3787830.0
1749139200,0.38908,0.38957,0.36466,0.37164,3637748.0
1749153600,0.37153,0.37183,0.35223,0.36283,3347018.0
1749168000,0.36287,0.37212,0.36191,0.37123,623864.0
1749182400,0.37099,0.37273,0.36935,0.37136,124237.0
1749196800,0.37156,0.37515,0.37074,0.37181,392743.0
1749211200,0.37193,0.38258,0.37193,0.37762,1151326.0
1749225600,0.37773,0.3783,0.37097,0.37293,884839.0
1749240000,0.37265,0.37613,0.37159,0.37206,502362.0
1749254400,0.37233,0.37945,0.37144,0.37865,294368.0
1749268800,0.3786,0.38078,0.37722,0.37747,134614.0
1749283200,0.37753,0.37959,0.37503,0.3784,379964.0
1749297600,0.37861,0.38357,0.37826,0.38192,133733.0
1749312000,0.38138,0.38176,0.37717,0.38047,88374.0
1749326400,0.38062,0.38467,0.38052,0.38179,281310.0
1749340800,0.38192,0.38199,0.37894,0.37918,157323.0
1749355200,0.37879,0.37947,0.37519,0.37559,95719.0
1749369600,0.37563,0.37734,0.37338,0.37667,276233.0
1749384000,0.37658,0.37875,0.37443,0.37651,82756.0
1749398400,0.37674,0.38365,0.37674,0.38279,184281.0
1749412800,0.3833,0.38424,0.37686,0.37887,574131.0
1749427200,0.3789,0.37924,0.37373,0.37553,96492.0
1749441600,0.37553,0.37635,0.3693,0.37283,240708.0
1749456000,0.37288,0.38364,0.37217,0.38246,941031.0
1749470400,0.38244,0.38506,0.37822,0.38357,401341.0
1749484800,0.38335,0.39333,0.38335,0.386,723746.0
1749499200,0.38622,0.4,0.38567,0.39916,777190.0
1749513600,0.39923,0.40328,0.39474,0.39637,351501.0
1749528000,0.39637,0.39644,0.38712,0.38788,754756.0
1749542400,0.38839,0.40344,0.38578,0.40321,557931.0
1749556800,0.40355,0.40767,0.3917,0.39827,5369091.0
1749571200,0.39829,0.40478,0.39498,0.39879,1269920.0
1749585600,0.39998,0.40697,0.39683,0.40602,848769.0
1749600000,0.40582,0.4083,0.39757,0.40273,411347.0
1749614400,0.40221,0.40283,0.3962,0.39769,444384.0
1749628800,0.39764,0.39861,0.38697,0.38924,866796.0
1749643200,0.38926,0.40493,0.38817,0.40207,1624632.0
1749657600,0.40163,0.40267,0.38787,0.3883,1048188.0
1749672000,0.38844,0.39256,0.37067,0.37436,1240103.0
1749686400,0.37432,0.37821,0.36931,0.36978,917242.0
1749700800,0.36956,0.37299,0.36677,0.36869,1132875.0
1749715200,0.36806,0.36954,0.36228,0.36305,770215.0
1749729600,0.36364,0.37373,0.36222,0.36511,1713657.0
1749744000,0.36516,0.37251,0.35847,0.35971,1159068.0
1749758400,0.35912,0.3663,0.353,0.36062,2877655.0
1749772800,0.36051,0.36053,0.31867,0.33156,9530812.0
1749787200,0.33156,0.33176,0.31239,0.32043,2416462.0
1749801600,0.32052,0.32532,0.31784,0.32371,938873.0
1749816000,0.3233,0.32826,0.31819,0.32539,1484792.0
1749830400,0.32597,0.33134,0.31949,0.32379,824717.0
1749844800,0.32453,0.33388,0.32359,0.33328,992228.0
1749859200,0.33303,0.33495,0.32991,0.33218,649245.0
1749873600,0.33189,0.33533,0.33186,0.33486,416860.0
1749888000,0.33486,0.34514,0.33249,0.34229,976778.0
1749902400,0.3421,0.3498,0.33529,0.3373,3245286.0
1749916800,0.33728,0.33881,0.33213,0.33405,312638.0
1749931200,0.33405,0.33976,0.33093,0.33604,293661.0
1749945600,0.33613,0.33842,0.33366,0.33383,281210.0
1749960000,0.33401,0.33762,0.33019,0.33327,536734.0
1749974400,0.33286,0.33346,0.32893,0.33111,359144.0
1749988800,0.33111,0.33626,0.32992,0.33258,467260.0
1750003200,0.33271,0.33358,0.32817,0.32964,261275.0
1750017600,0.3297,0.33243,0.32435,0.3315,254541.0
1750032000,0.33136,0.3366,0.32645,0.33429,355930.0
1750046400,0.33406,0.34858,0.33389,0.3483,1086750.0
1750060800,0.34826,0.35037,0.34363,0.34864,600157.0
1750075200,0.34877,0.35624,0.34512,0.35233,667321.0
1750089600,0.35242,0.35581,0.35113,0.35414,1410666.0
1750104000,0.35399,0.35613,0.33786,0.33801,608982.0
1750118400,0.33873,0.34424,0.33154,0.34108,252876.0
1750132800,0.3413,0.3413,0.33389,0.33805,650639.0
1750147200,0.33842,0.33845,0.32714,0.32847,409429.0
1750161600,0.32843,0.33234,0.31698,0.32131,913328.0
1750176000,0.32121,0.33025,0.3161,0.32793,790203.0
1750190400,0.32808,0.3299,0.3212,0.32338,521636.0
1750204800,0.32357,0.32941,0.3219,0.32495,150361.0
1750219200,0.3247,0.32984,0.32364,0.32373,277118.0
1750233600,0.32368,0.32508,0.31337,0.31992,763485.0
1750248000,0.31941,0.32435,0.3113,0.32235,463064.0
1750262400,0.32166,0.32445,0.31438,0.31657,361996.0
1750276800,0.31615,0.3245,0.31324,0.32371,235042.0
1750291200,0.32372,0.32845,0.32164,0.3255,310016.0
1750305600,0.32551,0.32847,0.32286,0.32434,167921.0
1750320000,0.32412,0.32547,0.3202,0.32075,1546024.0
1750334400,0.32085,0.32248,0.31713,0.31874,1037797.0
1750348800,0.31865,0.32343,0.31625,0.3202,272633.0
1750363200,0.32023,0.32367,0.31942,0.32144,53766.0
1750377600,0.32159,0.32325,0.31642,0.3177,1001143.0
1750392000,0.31748,0.3231,0.313,0.32257,1273072.0
1750406400,0.32275,0.32504,0.31491,0.31491,1636841.0
1750420800,0.31539,0.317,0.29433,0.29689,5180881.0
1750435200,0.29677,0.29715,0.27639,0.28172,4153331.0
1750449600,0.28173,0.28437,0.2652,0.27382,2244299.0
1750464000,0.27419,0.27909,0.27383,0.27769,913205.0
1750478400,0.27776,0.28292,0.27675,0.27805,987969.0
1750492800,0.27835,0.27861,0.27504,0.27664,325781.0
1750507200,0.27665,0.27762,0.2696,0.27161,1664605.0
1750521600,0.27207,0.27446,0.26365,0.26399,1923120.0
1750536000,0.26408,0.2666,0.25073,0.26205,4817035.0
1750550400,0.26205,0.26442,0.25682,0.25997,4013254.0
1750564800,0.25969,0.2639,0.25958,0.26037,1699656.0
1750579200,0.26069,0.26175,0.25602,0.26044,1518784.0
1750593600,0.26044,0.26046,0.24929,0.25112,3445575.0
1750608000,0.25133,0.25595,0.24955,0.2514,526714.0
1750622400,0.25136,0.26508,0.24965,0.26508,1086033.0
1750636800,0.26533,0.2795,0.26437,0.27449,4173584.0
1750651200,0.27489,0.28576,0.27489,0.2817,2133476.0
1750665600,0.28163,0.28367,0.27797,0.28173,2311560.0
1750680000,0.28182,0.29272,0.28101,0.28765,9511988.0
1750694400,0.28787,0.30097,0.27561,0.3008,5865428.0
1750708800,0.30101,0.32372,0.2994,0.31833,3731625.0
1750723200,0.31866,0.32339,0.31352,0.31958,3109130.0
1750737600,0.31937,0.34666,0.31784,0.33678,5838498.0
1750752000,0.33684,0.34478,0.33422,0.33757,1211285.0
1750766400,0.33764,0.34214,0.33235,0.33823,1641031.0
1750780800,0.33922,0.3458,0.32802,0.3374,5238852.0
1750795200,0.3366,0.36088,0.33547,0.35128,4205004.0
1750809600,0.35149,0.35446,0.34161,0.34178,2758679.0
1750824000,0.34172,0.34172,0.33243,0.33646,2866848.0
1750838400,0.336,0.33698,0.3208,0.32464,6092618.0
1750852800,0.32439,0.32538,0.31062,0.31244,6420848.0
1750867200,0.3123,0.31884,0.30895,0.31731,9039846.0
1750881600,0.31677,0.3181,0.30894,0.31122,2136143.0
1750896000,0.31134,0.32339,0.30998,0.31539,1061439.0
1750910400,0.31527,0.31614,0.30454,0.3075,540026.0
1750924800,0.3075,0.31084,0.30726,0.30888,1657744.0
1750939200,0.30888,0.30981,0.30025,0.30097,3967769.0
1750953600,0.30111,0.3047,0.29857,0.30349,2111721.0
1750968000,0.30283,0.30676,0.29886,0.30185,1455089.0
1750982400,0.30179,0.30929,0.30033,0.30839,1382318.0
1750996800,0.30789,0.31449,0.30637,0.31074,813782.0
1751011200,0.31049,0.31145,0.30471,0.30685,1820574.0
1751025600,0.30685,0.31045,0.30388,0.30823,595011.0
1751040000,0.30804,0.31277,0.30155,0.30466,1671247.0
1751054400,0.30431,0.30934,0.30415,0.30615,873255.0
1751068800,0.3062,0.3067,0.3041,0.30475,776849.0
1751083200,0.30465,0.30602,0.30312,0.3052,285109.0
1751097600,0.30557,0.30661,0.30298,0.30362,314190.0
1751112000,0.30365,0.30786,0.30117,0.30757,365961.0
1751126400,0.30765,0.31119,0.30735,0.30953,623904.0
1751140800,0.30989,0.31423,0.30794,0.31135,585547.0
1751155200,0.31182,0.31213,0.30812,0.30905,553634.0
1751169600,0.3093,0.31553,0.30884,0.31541,191935.0
1751184000,0.31538,0.32005,0.31529,0.31624,625025.0
1751198400,0.31638,0.3193,0.31265,0.31345,700775.0
1751212800,0.31334,0.31861,0.31206,0.31698,1031191.0
1751227200,0.31675,0.33599,0.31529,0.32749,840433.0
1751241600,0.32709,0.32756,0.32117,0.32328,1012568.0
1751256000,0.32328,0.32726,0.31929,0.32184,518638.0
1751270400,0.32165,0.32314,0.31593,0.31637,736936.0
1751284800,0.31652,0.31734,0.30932,0.31403,1190784.0
1751299200,0.31435,0.32073,0.31294,0.32066,449559.0
1751313600,0.32001,0.32118,0.31416,0.31447,330226.0
1751328000,0.31431,0.31638,0.31053,0.31168,287336.0
1751342400,0.31169,0.31182,0.30528,0.30778,868245.0
1751356800,0.3075,0.3075,0.30324,0.30463,1252756.0
1751371200,0.30466,0.30563,0.29975,0.30227,2317423.0
1751385600,0.30219,0.30309,0.29638,0.3,1169268.0
1751400000,0.29962,0.30231,0.29764,0.29925,490542.0
1751414400,0.29916,0.29981,0.29281,0.29835,1577784.0
1751428800,0.29828,0.31066,0.29718,0.30949,814023.0
1751443200,0.30942,0.31562,0.30942,0.31143,2287453.0
1751457600,0.31191,0.32483,0.30906,0.32313,1631386.0
1751472000,0.32321,0.332,0.32162,0.32797,1285950.0
1751486400,0.32834,0.3314,0.32373,0.32425,1943499.0
1751500800,0.32415,0.32855,0.32165,0.32442,1432546.0
1751515200,0.32446,0.33952,0.32393,0.33862,989515.0
1751529600,0.33865,0.34245,0.33074,0.33128,1239922.0
1751544000,0.33131,0.33742,0.32385,0.32416,1808056.0
1751558400,0.32491,0.33111,0.32399,0.33092,1449509.0
1751572800,0.33093,0.33516,0.33075,0.33169,1820674.0
1751587200,0.33192,0.3326,0.325,0.32536,825838.0
1751601600,0.32523,0.32765,0.31635,0.31684,637929.0
1751616000,0.31704,0.32151,0.31528,0.31828,994681.0
1751630400,0.31839,0.31933,0.30537,0.30557,1166826.0
1751644800,0.30548,0.30698,0.30072,0.30397,964582.0
1751659200,0.30388,0.31304,0.30357,0.31068,604840.0
1751673600,0.31067,0.31392,0.30954,0.31271,494542.0
1751688000,0.31281,0.31497,0.30922,0.31348,1136875.0
1751702400,0.31355,0.31398,0.31016,0.31107,546881.0
1751716800,0.3113,0.3113,0.3067,0.30744,296367.0
1751731200,0.30753,0.30872,0.30204,0.3052,901855.0
1751745600,0.30508,0.30926,0.30442,0.30822,299160.0
1751760000,0.30833,0.30907,0.30588,0.30648,400277.0
1751774400,0.30645,0.30815,0.3052,0.30597,538082.0
1751788800,0.30603,0.30665,0.30361,0.30665,481874.0
1751803200,0.30647,0.31563,0.30596,0.31097,328618.0
1751817600,0.31094,0.31245,0.30751,0.30964,290166.0
1751832000,0.30979,0.31615,0.30958,0.31178,388415.0
1751846400,0.31177,0.31712,0.31145,0.31414,560396.0
1751860800,0.31399,0.31462,0.31006,0.3136,213684.0
1751875200,0.31343,0.31404,0.3087,0.30953,282812.0
1751889600,0.30952,0.3129,0.30628,0.30769,466634.0
1751904000,0.30781,0.31036,0.3052,0.30799,365766.0
1751918400,0.30789,0.30789,0.30431,0.30705,243974.0
1751932800,0.30721,0.30812,0.30438,0.30461,293283.0
1751947200,0.30447,0.30566,0.30147,0.3055,1043197.0
1751961600,0.30546,0.30832,0.30258,0.30719,707620.0
1751976000,0.30747,0.30872,0.29528,0.29975,1686108.0
1751990400,0.29992,0.3074,0.29772,0.30594,843271.0
1752004800,0.30587,0.30614,0.30226,0.30441,615771.0
1752019200,0.30427,0.30458,0.2986,0.30022,254770.0
1752033600,0.2996,0.30635,0.29902,0.30595,781553.0
1752048000,0.30616,0.3068,0.30091,0.30618,769692.0
1752062400,0.3062,0.31218,0.3033,0.30534,1577534.0
1752076800,0.30524,0.31992,0.30524,0.31907,1272780.0
1752091200,0.31924,0.32489,0.31434,0.32214,756507.0
1752105600,0.32278,0.32278,0.31625,0.31959,1689506.0
1752120000,0.31943,0.32438,0.31672,0.32086,803748.0
1752134400,0.32122,0.32228,0.31712,0.3179,200874.0
1752148800,0.31713,0.31814,0.31251,0.31327,536712.0
1752163200,0.31364,0.33175,0.31322,0.32795,1456251.0
1752177600,0.32778,0.3505,0.32778,0.34527,1536405.0
1752192000,0.34525,0.34676,0.33388,0.34506,1199979.0
1752206400,0.34474,0.35066,0.33705,0.33792,1243263.0
1752220800,0.33801,0.36001,0.33801,0.35729,3111886.0
1752235200,0.35691,0.36958,0.35165,0.35395,2650371.0
1752249600,0.35527,0.38032,0.3517,0.37993,3960961.0
1752264000,0.38008,0.38078,0.35195,0.3594,1279275.0
1752278400,0.35955,0.3666,0.35255,0.36396,814208.0
1752292800,0.36418,0.36542,0.35259,0.3608,1231211.0
1752307200,0.36057,0.36307,0.35654,0.35826,835432.0
1752321600,0.35828,0.35969,0.33774,0.34107,2119451.0
1752336000,0.34134,0.35082,0.34037,0.34862,574541.0
1752350400,0.34864,0.34941,0.34276,0.34809,202419.0
1752364800,0.34816,0.35071,0.3466,0.34955,315134.0
1752379200,0.34944,0.35875,0.34809,0.3568,1252503.0
1752393600,0.35686,0.35722,0.34955,0.35591,378490.0
1752408000,0.35594,0.37245,0.35471,0.36206,1989148.0
1752422400,0.36155,0.36795,0.3594,0.36573,2443364.0
1752436800,0.36573,0.37132,0.35667,0.36148,4253134.0
1752451200,0.36159,0.3767,0.36034,0.37373,620476.0
1752465600,0.37351,0.37767,0.36636,0.36752,1236064.0
1752480000,0.36764,0.36771,0.3567,0.3603,3009375.0
1752494400,0.35941,0.36199,0.34312,0.34618,1803635.0
1752508800,0.34609,0.35137,0.34203,0.34522,2158444.0
1752523200,0.34523,0.34974,0.3413,0.34835,421516.0
1752537600,0.34824,0.35071,0.33521,0.33868,639429.0
1752552000,0.33871,0.344,0.33503,0.33986,480288.0
1752566400,0.33945,0.3434,0.3325,0.33659,5891521.0
1752580800,0.33684,0.34866,0.33344,0.34512,1925202.0
1752595200,0.34503,0.35838,0.34484,0.34679,738640.0
1752609600,0.34658,0.35836,0.34579,0.35836,420829.0
1752624000,0.35819,0.36238,0.35212,0.35592,604675.0
1752638400,0.3559,0.36783,0.35304,0.36626,1239905.0
1752652800,0.36632,0.37442,0.3619,0.3734,1538752.0
1752667200,0.37338,0.37941,0.36786,0.37291,5886877.0
1752681600,0.37291,0.384,0.37178,0.37651,5010324.0
1752696000,0.37654,0.3931,0.37627,0.37912,2957394.0
1752710400,0.37864,0.38397,0.36513,0.3708,2681441.0
1752724800,0.37052,0.38669,0.36857,0.38455,957171.0
1752739200,0.3843,0.39483,0.38164,0.38989,3440134.0
1752753600,0.38957,0.39493,0.38087,0.38363,4272740.0
1752768000,0.38318,0.38471,0.37139,0.37228,1816215.0
1752782400,0.37259,0.386,0.36527,0.38029,1342875.0
1752796800,0.38012,0.40442,0.37488,0.39966,6569548.0
1752811200,0.39951,0.41589,0.39815,0.40784,3373838.0
1752825600,0.40795,0.41955,0.3973,0.40347,1234828.0
1752840000,0.40375,0.40967,0.38438,0.3888,2709805.0
1752854400,0.38877,0.39558,0.38009,0.38235,862089.0
1752868800,0.3824,0.3831,0.36935,0.38001,1285010.0
1752883200,0.38005,0.38404,0.36991,0.38343,407211.0
1752897600,0.38357,0.38681,0.37703,0.3777,430201.0
1752912000,0.37747,0.37998,0.37283,0.37515,1222453.0
1752926400,0.37513,0.38057,0.37089,0.37717,925957.0
1752940800,0.37712,0.38452,0.37474,0.38362,404076.0
1752955200,0.38389,0.38572,0.37794,0.38333,264775.0
1752969600,0.38351,0.395,0.38139,0.3916,380661.0
1752984000,0.39201,0.39262,0.38711,0.39072,177627.0
1752998400,0.39074,0.3986,0.39047,0.39721,325355.0
1753012800,0.39555,0.40962,0.39447,0.4076,690374.0
1753027200,0.40776,0.4149,0.40122,0.40424,1256515.0
1753041600,0.40409,0.40409,0.3876,0.39329,791795.0
1753056000,0.39304,0.40424,0.38516,0.40364,1120131.0
1753070400,0.40413,0.41222,0.40055,0.40622,3215908.0
1753084800,0.40596,0.40733,0.39872,0.40295,1517413.0
1753099200,0.40201,0.41144,0.39833,0.40209,2773091.0
1753113600,0.40227,0.4034,0.38816,0.38875,1559800.0
1753128000,0.3887,0.39889,0.38669,0.39516,687012.0
1753142400,0.39546,0.40568,0.3831,0.39153,2059216.0
1753156800,0.39145,0.39209,0.37696,0.37947,1718956.0
1753171200,0.3793,0.38127,0.37075,0.37859,4588105.0
1753185600,0.37851,0.37914,0.36336,0.3746,4915840.0
1753200000,0.37409,0.37891,0.36641,0.36852,1419390.0
1753214400,0.36796,0.38278,0.36782,0.38246,1259216.0
1753228800,0.38246,0.38462,0.3753,0.378,1534019.0
1753243200,0.37828,0.3838,0.37173,0.37235,2744058.0
1753257600,0.37257,0.37668,0.36329,0.36603,1025124.0
1753272000,0.3654,0.36636,0.345,0.3561,5032632.0
1753286400,0.35572,0.35572,0.34011,0.34514,1556964.0
1753300800,0.34489,0.34675,0.332,0.34422,3792012.0
1753315200,0.34419,0.35,0.3415,0.34509,707730.0
1753329600,0.3447,0.34623,0.32143,0.33033,4075228.0
1753344000,0.33039,0.3359,0.32661,0.33453,1340101.0
1753358400,0.33417,0.34293,0.32837,0.3373,1787332.0
1753372800,0.33741,0.34082,0.33066,0.3365,801494.0
1753387200,0.33662,0.33811,0.3254,0.3268,679667.0
1753401600,0.32766,0.32766,0.31521,0.32005,1725630.0
1753416000,0.31974,0.32887,0.31674,0.32649,2048702.0
1753430400,0.3261,0.33635,0.32505,0.33427,753643.0
1753444800,0.33351,0.33547,0.31916,0.3235,784245.0
1753459200,0.32361,0.32878,0.32139,0.32668,297950.0
1753473600,0.32646,0.33485,0.32637,0.33462,689372.0
1753488000,0.33471,0.33706,0.33195,0.33506,287960.0
1753502400,0.33473,0.33607,0.33286,0.33388,1152788.0
1753516800,0.33376,0.3374,0.33355,0.33365,450469.0
1753531200,0.33393,0.33652,0.33261,0.33551,517531.0
1753545600,0.3359,0.34169,0.33477,0.34112,1937481.0
1753560000,0.34122,0.34179,0.336,0.33603,357842.0
1753574400,0.33617,0.33773,0.33496,0.33621,1041092.0
1753588800,0.3361,0.34299,0.3354,0.33744,1499252.0
1753603200,0.33757,0.338,0.32953,0.33325,3518384.0
1753617600,0.3339,0.33727,0.33122,0.33457,1319682.0
1753632000,0.33466,0.33985,0.33466,0.33617,539632.0
1753646400,0.33624,0.3419,0.33447,0.33836,615284.0
1753660800,0.33836,0.34212,0.33384,0.33898,1225824.0
1753675200,0.33889,0.34605,0.33698,0.3414,2539753.0
1753689600,0.34082,0.34262,0.33652,0.33901,940928.0
1753704000,0.33871,0.34079,0.32138,0.32383,1594272.0
1753718400,0.32372,0.326,0.31929,0.32275,1519327.0
1753732800,0.32294,0.32294,0.31329,0.31584,808177.0
1753747200,0.31603,0.3184,0.30736,0.31326,2429300.0
1753761600,0.31315,0.32237,0.31172,0.32193,1085339.0
1753776000,0.32166,0.32228,0.31151,0.31382,368067.0
1753790400,0.31361,0.31796,0.30369,0.30662,5906690.0
1753804800,0.30642,0.30786,0.29981,0.30469,1162211.0
1753819200,0.30356,0.30894,0.29988,0.3087,438151.0
1753833600,0.30878,0.3092,0.30312,0.30749,171928.0
1753848000,0.30721,0.30822,0.30232,0.30273,637761.0
1753862400,0.30308,0.30485,0.2897,0.29197,2130976.0
1753876800,0.29145,0.30073,0.29009,0.29919,792593.0
1753891200,0.29915,0.30331,0.28814,0.30174,2476738.0
1753905600,0.30179,0.31753,0.30179,0.31753,1562120.0
1753920000,0.3176,0.34362,0.31653,0.32863,2604927.0
1753934400,0.32861,0.33595,0.32791,0.332,2632540.0
1753948800,0.33194,0.35605,0.33157,0.35018,5412016.0
1753963200,0.35018,0.35124,0.32307,0.32486,11795205.0
1753977600,0.32506,0.3351,0.32055,0.32232,4442725.0
1753992000,0.3224,0.32354,0.30635,0.3075,3167742.0
1754006400,0.30738,0.30958,0.29808,0.30605,3148802.0
1754020800,0.30605,0.30605,0.29614,0.30142,1291505.0
1754035200,0.30127,0.30772,0.29413,0.30744,1613967.0
1754049600,0.30726,0.32196,0.30027,0.31841,2812203.0
1754064000,0.31834,0.32092,0.3056,0.31072,2439941.0
1754078400,0.31066,0.31203,0.29847,0.30216,3749666.0
1754092800,0.30214,0.30865,0.30213,0.30337,594724.0
1754107200,0.30355,0.30462,0.29343,0.30207,623281.0
1754121600,0.3021,0.30333,0.29526,0.29965,741291.0
1754136000,0.29937,0.30147,0.28923,0.29138,1282394.0
1754150400,0.2915,0.29316,0.27936,0.28366,2293453.0
1754164800,0.28378,0.29259,0.28362,0.28963,700411.0
1754179200,0.28973,0.2968,0.28726,0.29539,722418.0
1754193600,0.29512,0.29828,0.29284,0.29732,217460.0
1754208000,0.29718,0.30454,0.29592,0.3032,1210271.0
1754222400,0.30305,0.30336,0.29847,0.29988,548964.0
1754236800,0.30011,0.30535,0.29905,0.30034,990709.0
1754251200,0.30034,0.30367,0.29964,0.30062,161627.0
1754265600,0.30078,0.30822,0.30074,0.30277,944633.0
1754280000,0.30281,0.30464,0.29835,0.29987,1235008.0
1754294400,0.29988,0.30119,0.2931,0.29528,944031.0
1754308800,0.29496,0.30593,0.29496,0.30231,2830113.0
1754323200,0.30205,0.30948,0.29797,0.30092,1430269.0
1754337600,0.30074,0.3093,0.30019,0.30587,1224026.0
1754352000,0.30581,0.30648,0.29756,0.29756,429210.0
1754366400,0.29772,0.30035,0.29192,0.29326,775537.0
1754380800,0.29304,0.30083,0.29253,0.30024,515113.0
1754395200,0.30028,0.3006,0.27653,0.27858,2730395.0
1754409600,0.27813,0.2813,0.27652,0.28073,589775.0
1754424000,0.28107,0.28354,0.27573,0.27909,351067.0
1754438400,0.27911,0.27912,0.27143,0.27173,724748.0
1754452800,0.27135,0.28173,0.27121,0.2809,780003.0
1754467200,0.28102,0.28204,0.27612,0.27674,1460241.0
1754481600,0.27684,0.2828,0.27383,0.28233,687456.0
1754496000,0.28247,0.2856,0.27939,0.28128,318187.0
1754510400,0.28087,0.28141,0.2785,0.27913,329259.0
1754524800,0.27909,0.28064,0.27651,0.277,397824.0
1754539200,0.277,0.2829,0.27679,0.28267,278802.0
1754553600,0.28277,0.29564,0.28146,0.29467,973475.0
1754568000,0.29468,0.29783,0.29039,0.29294,1091969.0
1754582400,0.29284,0.29552,0.28574,0.29552,312013.0
1754596800,0.29647,0.30405,0.2951,0.30383,807376.0
1754611200,0.30464,0.30852,0.30057,0.30415,2305451.0
1754625600,0.30435,0.30435,0.29828,0.30296,505857.0
1754640000,0.30318,0.30455,0.29788,0.30173,415091.0
1754654400,0.30172,0.30747,0.2955,0.29807,876056.0
1754668800,0.29819,0.3197,0.29759,0.31351,2493578.0
1754683200,0.31408,0.31625,0.30846,0.30887,1960783.0
1754697600,0.30908,0.3119,0.30402,0.30427,2150135.0
1754712000,0.30421,0.31355,0.30306,0.31123,5268043.0
1754726400,0.31122,0.31983,0.3108,0.31592,7049155.0
1754740800,0.31625,0.31989,0.31177,0.317,828196.0
1754755200,0.31681,0.32278,0.31536,0.32025,963246.0
1754769600,0.32035,0.3239,0.31685,0.31764,2172122.0
1754784000,0.31752,0.32384,0.31687,0.32155,601979.0
1754798400,0.32172,0.32588,0.30635,0.30806,1120716.0
1754812800,0.30809,0.3121,0.30386,0.30426,813432.0
1754827200,0.30403,0.31189,0.30352,0.30935,618450.0
1754841600,0.3092,0.31358,0.30892,0.31248,531557.0
1754856000,0.31249,0.31287,0.30672,0.31177,470710.0
1754870400,0.3114,0.32229,0.30949,0.31977,879134.0
1754884800,0.31994,0.32342,0.31138,0.31138,894645.0
1754899200,0.31163,0.31647,0.30206,0.30362,1359588.0
1754913600,0.30332,0.31058,0.29926,0.30932,2020396.0
1754928000,0.30969,0.31517,0.30296,0.30516,893696.0
1754942400,0.30502,0.30774,0.29716,0.30037,2732160.0
1754956800,0.30008,0.30601,0.29914,0.30221,4303783.0
1754971200,0.30202,0.30517,0.29715,0.30192,1883024.0
1754985600,0.30162,0.30234,0.29215,0.29631,1106403.0
1755000000,0.29608,0.31388,0.29528,0.31301,1977639.0
1755014400,0.31319,0.31505,0.30913,0.31311,949812.0
1755028800,0.31305,0.31893,0.31293,0.31602,1521941.0
1755043200,0.31598,0.32019,0.31185,0.31884,994457.0
1755057600,0.31841,0.32179,0.313,0.31929,1502370.0
1755072000,0.31896,0.32986,0.31885,0.32745,3223541.0
1755086400,0.32744,0.33224,0.3224,0.3274,2605894.0
1755100800,0.32724,0.33025,0.3218,0.32875,1858948.0
1755115200,0.32883,0.33358,0.32526,0.32913,1492975.0
1755129600,0.32921,0.3345,0.32603,0.33335,1521497.0
1755144000,0.33333,0.33657,0.32307,0.32456,1878284.0
1755158400,0.32472,0.32479,0.315,0.31898,467683.0
1755172800,0.31848,0.32064,0.299,0.30863,6236731.0
1755187200,0.30843,0.30843,0.29996,0.30432,2764874.0
1755201600,0.30416,0.30456,0.29732,0.30344,1017444.0
1755216000,0.30332,0.31074,0.30262,0.30971,824315.0
1755230400,0.30977,0.31231,0.30693,0.31024,182400.0
1755244800,0.30999,0.31335,0.30653,0.30774,770123.0
1755259200,0.30744,0.3101,0.29223,0.29462,3192997.0
1755273600,0.29462,0.29893,0.2914,0.29378,1121519.0
1755288000,0.29356,0.3016,0.29283,0.29875,668560.0
1755302400,0.29875,0.30246,0.29834,0.2995,1023184.0
1755316800,0.29964,0.30667,0.2987,0.30539,375811.0
1755331200,0.30534,0.30639,0.29846,0.29847,415127.0
1755345600,0.29827,0.30355,0.29788,0.30226,509377.0
1755360000,0.30223,0.30651,0.30103,0.30473,484553.0
1755374400,0.3047,0.31117,0.30452,0.31032,738005.0
1755388800,0.31008,0.32782,0.3081,0.32231,2421030.0
1755403200,0.32213,0.33076,0.32044,0.32999,3259069.0
1755417600,0.3296,0.33924,0.32947,0.33435,1812007.0
1755432000,0.33431,0.33845,0.33099,0.33636,866736.0
1755446400,0.33615,0.33853,0.32658,0.32774,1742805.0
1755460800,0.32754,0.33264,0.32684,0.33027,652718.0
1755475200,0.33034,0.3348,0.31555,0.31953,2356018.0
1755489600,0.31913,0.32117,0.31244,0.3162,736452.0
1755504000,0.31602,0.31822,0.30914,0.31067,1070287.0
1755518400,0.31066,0.32072,0.31002,0.31827,1088690.0
1755532800,0.31815,0.32786,0.31752,0.32584,1355319.0
1755547200,0.32574,0.32985,0.32377,0.32572,743978.0
1755561600,0.3259,0.3375,0.32129,0.32232,2008580.0
1755576000,0.32242,0.32738,0.3146,0.31607,1569949.0
1755590400,0.3164,0.33125,0.31328,0.32875,1666662.0
1755604800,0.32835,0.32843,0.31581,0.31653,3153909.0
1755619200,0.31657,0.31676,0.30349,0.30438,2455619.0
1755633600,0.30432,0.30825,0.30051,0.30208,970699.0
1755648000,0.30218,0.3104,0.30213,0.30579,743076.0
1755662400,0.30593,0.31398,0.30494,0.31054,709665.0
1755676800,0.31071,0.317,0.301,0.30301,1733223.0
1755691200,0.30311,0.31772,0.30148,0.31309,5102017.0
1755705600,0.3131,0.33319,0.3131,0.32317,5017406.0
1755720000,0.32306,0.33425,0.32197,0.33103,1902270.0
1755734400,0.33131,0.33312,0.32554,0.32574,1482736.0
1755748800,0.3258,0.32596,0.31778,0.31906,1831001.0
1755763200,0.31977,0.32134,0.31638,0.31774,801168.0
1755777600,0.31757,0.32175,0.31176,0.31285,1228472.0
1755792000,0.31284,0.32359,0.31174,0.31524,1393650.0
1755806400,0.31556,0.32503,0.31531,0.32175,976518.0
1755820800,0.32199,0.32679,0.31927,0.32347,858818.0
1755835200,0.32351,0.32535,0.31904,0.32336,297277.0
1755849600,0.32336,0.32803,0.31474,0.31594,746451.0
1755864000,0.31625,0.3466,0.31308,0.34327,4637165.0
1755878400,0.34327,0.35021,0.34195,0.34677,1363073.0
1755892800,0.3471,0.35213,0.3448,0.34922,431801.0
1755907200,0.34944,0.35045,0.33951,0.34232,825867.0
1755921600,0.34258,0.35132,0.34082,0.3446,1219288.0
1755936000,0.34519,0.34694,0.34339,0.34413,284761.0
1755950400,0.34423,0.34499,0.33952,0.34129,711063.0
1755964800,0.3414,0.346,0.34049,0.34579,165139.0
1755979200,0.34569,0.34588,0.3412,0.3425,184192.0
1755993600,0.34237,0.34564,0.34147,0.34432,296725.0
1756008000,0.34425,0.3447,0.33553,0.33556,621169.0
1756022400,0.3355,0.337,0.33132,0.33355,521643.0
1756036800,0.33315,0.34091,0.33254,0.33792,462273.0
1756051200,0.33795,0.35927,0.33732,0.34745,4155557.0
1756065600,0.34742,0.34742,0.33538,0.33809,1429702.0
1756080000,0.33837,0.34188,0.33227,0.3374,584611.0
1756094400,0.33717,0.33823,0.32065,0.3221,1601657.0
1756108800,0.3221,0.32426,0.31439,0.31731,1147183.0
1756123200,0.3177,0.32181,0.31421,0.315,956612.0
1756137600,0.315,0.3179,0.30804,0.30882,1037834.0
1756152000,0.30852,0.31087,0.30055,0.30526,2146026.0
1756166400,0.30511,0.30967,0.30197,0.30715,1174699.0
1756180800,0.30745,0.31265,0.30745,0.31149,612533.0
1756195200,0.31113,0.3143,0.30769,0.3084,871620.0
1756209600,0.30845,0.31542,0.307,0.31224,960394.0
1756224000,0.31203,0.32412,0.31154,0.32295,876353.0
1756238400,0.3232,0.32522,0.31987,0.32016,599873.0
1756252800,0.32027,0.32073,0.31547,0.31945,335004.0
1756267200,0.31941,0.32165,0.3155,0.31672,670511.0
1756281600,0.31697,0.31967,0.3154,0.31937,329124.0
1756296000,0.31898,0.32373,0.31596,0.3217,408144.0
1756310400,0.32166,0.3223,0.3163,0.31784,288336.0
1756324800,0.31773,0.31983,0.31251,0.31271,1334922.0
1756339200,0.31294,0.31531,0.3105,0.31502,282589.0
1756353600,0.31495,0.31995,0.31425,0.31987,835250.0
1756368000,0.31991,0.32284,0.31784,0.32145,600543.0
1756382400,0.32141,0.33362,0.32075,0.3242,3517513.0
1756396800,0.32419,0.32686,0.32065,0.32163,1041163.0
1756411200,0.32138,0.33097,0.32095,0.32913,543847.0
1756425600,0.32903,0.33028,0.32443,0.32974,554858.0
1756440000,0.33013,0.33325,0.31936,0.3198,1115110.0
1756454400,0.32014,0.32151,0.31392,0.31641,314663.0
1756468800,0.31628,0.32524,0.31211,0.31534,1467935.0
1756483200,0.31537,0.31601,0.30777,0.31081,593367.0
1756497600,0.31114,0.31512,0.30913,0.3138,211329.0
1756512000,0.31384,0.31718,0.30783,0.31635,294212.0
1756526400,0.31595,0.31993,0.31462,0.31929,124034.0
1756540800,0.31948,0.31948,0.31593,0.31729,179729.0
1756555200,0.31738,0.31771,0.31256,0.3173,212354.0
1756569600,0.31764,0.31846,0.31464,0.31638,158036.0
1756584000,0.31664,0.31664,0.31355,0.3161,164617.0
1756598400,0.31589,0.32131,0.31589,0.32114,267250.0
1756612800,0.3211,0.32118,0.31748,0.31879,227996.0
1756627200,0.31884,0.32084,0.3161,0.31801,482745.0
1756641600,0.31797,0.32149,0.31471,0.31988,711093.0
1756656000,0.31998,0.32037,0.31794,0.31804,275666.0
1756670400,0.31811,0.31935,0.31032,0.31076,672146.0
1756684800,0.31052,0.31282,0.30491,0.30721,932775.0
1756699200,0.30666,0.31479,0.3034,0.31464,856808.0
1756713600,0.3148,0.31808,0.30937,0.30996,761717.0
1756728000,0.30976,0.31124,0.30129,0.3017,607873.0
1756742400,0.30175,0.30408,0.30062,0.30366,425363.0
1756756800,0.30375,0.30375,0.29191,0.29948,1945228.0
1756771200,0.29937,0.30639,0.29836,0.30502,342221.0
1756785600,0.30512,0.308,0.30454,0.30523,168426.0
1756800000,0.30532,0.30801,0.30495,0.30524,335426.0
1756814400,0.30515,0.30958,0.3,0.30346,957618.0
1756828800,0.30325,0.30653,0.30266,0.30369,452588.0
1756843200,0.30408,0.31043,0.30341,0.30956,297763.0
1756857600,0.3095,0.31284,0.3079,0.31145,147576.0
1756872000,0.31145,0.31161,0.30317,0.30733,358120.0
1756886400,0.30702,0.30997,0.30601,0.30871,558729.0
1756900800,0.30848,0.31356,0.30716,0.31167,336834.0
1756915200,0.31177,0.31236,0.31015,0.31202,73039.0
1756929600,0.31188,0.31188,0.30856,0.30897,70217.0
1756944000,0.30876,0.31035,0.30443,0.30443,280041.0
1756958400,0.30448,0.30504,0.30032,0.3025,172440.0
1756972800,0.30223,0.30523,0.30181,0.30317,285423.0
1756987200,0.30313,0.30416,0.29791,0.29889,361455.0
1757001600,0.29889,0.30187,0.29791,0.2999,374343.0
1757016000,0.29979,0.30464,0.29979,0.30158,454046.0
1757030400,0.30139,0.30457,0.30131,0.30376,87440.0
1757044800,0.30376,0.30909,0.30295,0.30897,159036.0
1757059200,0.30892,0.30916,0.30626,0.30808,120208.0
1757073600,0.30807,0.31259,0.30318,0.30577,1310050.0
1757088000,0.30565,0.30605,0.30154,0.30512,353995.0
1757102400,0.30515,0.30728,0.30363,0.30363,595486.0
1757116800,0.30375,0.30444,0.30199,0.30226,333923.0
1757131200,0.30208,0.30208,0.30012,0.30052,140831.0
1757145600,0.30063,0.30172,0.29959,0.30016,196696.0
1757160000,0.2997,0.30093,0.29824,0.29883,387104.0
1757174400,0.29876,0.30063,0.29822,0.29871,180795.0
1757188800,0.2988,0.30046,0.29836,0.29894,128661.0
1757203200,0.29894,0.30151,0.29874,0.30048,71881.0
1757217600,0.29973,0.30342,0.29943,0.3028,370245.0
1757232000,0.30286,0.30441,0.30227,0.30422,178168.0
1757246400,0.30422,0.30661,0.29902,0.3036,5518933.0
1757260800,0.30387,0.3042,0.30091,0.3033,212505.0
1757275200,0.3033,0.30685,0.30279,0.30529,126139.0
1757289600,0.30539,0.30834,0.30318,0.30722,194021.0
1757304000,0.30711,0.3073,0.30529,0.30585,153598.0
1757318400,0.30581,0.3115,0.30532,0.30803,601922.0
1757332800,0.30803,0.31646,0.30781,0.3146,527927.0
1757347200,0.31462,0.31542,0.31028,0.31038,404761.0
1757361600,0.31055,0.31379,0.30955,0.31151,205423.0
1757376000,0.31162,0.31334,0.30771,0.31054,618851.0
1757390400,0.31046,0.31859,0.30997,0.31754,802146.0
1757404800,0.31761,0.31856,0.31497,0.31579,399729.0
1757419200,0.31586,0.31779,0.30563,0.30693,1795431.0
1757433600,0.30709,0.30764,0.30303,0.30641,528904.0
1757448000,0.30626,0.3081,0.30551,0.30735,285990.0
1757462400,0.30736,0.30813,0.30158,0.30493,772430.0
1757476800,0.30502,0.30629,0.30233,0.30553,377279.0
1757491200,0.30573,0.30619,0.30256,0.30345,254632.0
1757505600,0.30341,0.30951,0.3012,0.30401,1462600.0
1757520000,0.30407,0.30444,0.2946,0.29587,908618.0
1757534400,0.29577,0.30042,0.29561,0.29996,400087.0
1757548800,0.29987,0.3035,0.29975,0.3035,702152.0
1757563200,0.30324,0.30413,0.30065,0.30405,300364.0
1757577600,0.30391,0.30412,0.29918,0.29967,254594.0
1757592000,0.29962,0.30318,0.29618,0.29902,1056279.0
1757606400,0.29888,0.3026,0.29861,0.3026,327721.0
1757620800,0.30222,0.30595,0.30159,0.305,276138.0
1757635200,0.30502,0.31054,0.30502,0.30932,905431.0
1757649600,0.30912,0.3125,0.30875,0.31037,361109.0
1757664000,0.31037,0.31081,0.3065,0.3068,371141.0
1757678400,0.30688,0.30846,0.30495,0.30622,351239.0
1757692800,0.30623,0.31478,0.3059,0.3137,1543435.0
1757707200,0.3137,0.31436,0.3106,0.31336,1148473.0
1757721600,0.3134,0.32029,0.31317,0.316,1734925.0
1757736000,0.316,0.3171,0.31362,0.3151,371901.0
1757750400,0.3151,0.32521,0.3151,0.3244,3387831.0
1757764800,0.32432,0.32567,0.31595,0.32146,2137094.0
1757779200,0.32152,0.3226,0.31496,0.31799,1208949.0
1757793600,0.31777,0.32207,0.3175,0.3196,4196300.0
1757808000,0.31933,0.3217,0.31556,0.31728,928021.0
1757822400,0.31734,0.31896,0.31329,0.3149,423153.0
1757836800,0.31468,0.31729,0.30981,0.3104,780476.0
1757851200,0.31049,0.31216,0.3032,0.3047,889323.0
1757865600,0.30422,0.3071,0.30338,0.30595,547458.0
1757880000,0.3062,0.31025,0.30581,0.3071,354712.0
1757894400,0.30688,0.30931,0.30141,0.30861,482612.0
1757908800,0.3086,0.31055,0.3032,0.30379,682090.0
1757923200,0.3034,0.3034,0.29596,0.2983,1401286.0
1757937600,0.29826,0.30094,0.29454,0.29698,823936.0
1757952000,0.2969,0.29857,0.29422,0.29771,736561.0
1757966400,0.29759,0.2994,0.29749,0.2994,320582.0
1757980800,0.29887,0.301,0.2981,0.30086,348864.0
1757995200,0.30045,0.30247,0.29759,0.30104,332773.0
1758009600,0.30117,0.30379,0.30002,0.30073,572734.0
1758024000,0.3008,0.30317,0.2984,0.3024,660779.0
1758038400,0.30255,0.30549,0.30094,0.30451,285626.0
1758052800,0.3043,0.30572,0.30334,0.3035,354538.0
1758067200,0.3035,0.30515,0.30077,0.30077,475159.0
1758081600,0.30077,0.3029,0.2992,0.30195,751557.0
1758096000,0.30195,0.30201,0.29727,0.29829,338064.0
1758110400,0.29816,0.3006,0.29746,0.29807,345177.0
1758124800,0.29781,0.30395,0.29622,0.30389,892775.0
1758139200,0.3041,0.31053,0.30146,0.30861,1209214.0
1758153600,0.30863,0.3128,0.30829,0.31198,635192.0
1758168000,0.31217,0.31236,0.30493,0.3062,671192.0
1758182400,0.30605,0.31068,0.30507,0.31,829203.0
1758196800,0.31008,0.31504,0.30828,0.31219,983556.0
1758211200,0.31201,0.31334,0.30905,0.31065,654112.0
1758225600,0.3104,0.31136,0.30775,0.31044,1456048.0
1758240000,0.31054,0.31519,0.30808,0.30823,1153392.0
1758254400,0.30803,0.30988,0.3058,0.3086,736878.0
1758268800,0.30846,0.30991,0.30283,0.30375,1350230.0
1758283200,0.30342,0.30482,0.29808,0.30029,1064705.0
1758297600,0.30042,0.30178,0.29564,0.2969,854672.0
1758312000,0.29704,0.29906,0.29485,0.29717,690032.0
1758326400,0.29718,0.29793,0.293,0.29503,313534.0
1758340800,0.29479,0.29733,0.29365,0.29577,204129.0
1758355200,0.29557,0.2958,0.28205,0.28543,3224294.0
1758369600,0.28545,0.29088,0.28323,0.29069,807155.0
1758384000,0.29041,0.29178,0.28775,0.28845,467014.0
1758398400,0.28832,0.29085,0.2882,0.28935,143911.0
1758412800,0.28909,0.28971,0.28687,0.28929,265439.0
1758427200,0.2894,0.29077,0.28809,0.28986,138635.0
1758441600,0.2899,0.28997,0.2843,0.2856,494775.0
1758456000,0.28548,0.28895,0.28534,0.28778,330022.0
1758470400,0.28775,0.28852,0.28253,0.28786,1865724.0
1758484800,0.28799,0.2881,0.28527,0.28603,229692.0
1758499200,0.28584,0.2872,0.26693,0.26899,3496675.0
1758513600,0.26901,0.26952,0.22554,0.24714,8965313.0
1758528000,0.24761,0.2513,0.2456,0.24933,1789344.0
1758542400,0.24926,0.25155,0.24471,0.24485,1053999.0
1758556800,0.24482,0.24614,0.24187,0.24227,555690.0
1758571200,0.24266,0.25009,0.24246,0.24946,663720.0
1758585600,0.24928,0.25081,0.24242,0.24683,434291.0
1758600000,0.24706,0.25144,0.24515,0.24995,1268165.0
1758614400,0.24997,0.2593,0.24943,0.25609,1806264.0
1758628800,0.25577,0.26368,0.25368,0.25762,1739684.0
1758643200,0.25741,0.2617,0.25306,0.25413,795806.0
1758657600,0.25405,0.25811,0.25309,0.2549,1026984.0
1758672000,0.25503,0.25824,0.25144,0.25208,754215.0
1758686400,0.25208,0.25407,0.24682,0.2502,1706680.0
1758700800,0.25069,0.25575,0.25055,0.25452,550672.0
1758715200,0.25472,0.25569,0.25217,0.25319,669091.0
1758729600,0.25323,0.25563,0.25303,0.25409,425012.0
1758744000,0.25419,0.25471,0.2494,0.24998,762576.0
1758758400,0.24998,0.25047,0.24263,0.24504,1114491.0
1758772800,0.24492,0.24605,0.24002,0.24046,932747.0
1758787200,0.24072,0.24298,0.23,0.23209,1171235.0
1758801600,0.23211,0.23887,0.2239,0.23586,1918104.0
1758816000,0.23561,0.2366,0.22685,0.231,1937653.0
1758830400,0.23102,0.23275,0.22749,0.22937,615636.0
1758844800,0.22968,0.23555,0.22963,0.23535,813577.0
1758859200,0.23541,0.23547,0.23153,0.23461,330289.0
1758873600,0.23467,0.23561,0.23009,0.23198,377418.0
1758888000,0.23186,0.23802,0.22978,0.23635,1201695.0
1758902400,0.23623,0.24187,0.23623,0.23877,651921.0
1758916800,0.23865,0.24057,0.23844,0.23894,270229.0
1758931200,0.23895,0.24005,0.23789,0.23896,243428.0
1758945600,0.23866,0.23997,0.23753,0.23775,160925.0
1758960000,0.23776,0.23785,0.23464,0.2363,531519.0
1758974400,0.2367,0.23811,0.23473,0.23809,397966.0
1758988800,0.238,0.23809,0.23416,0.23547,265421.0
1759003200,0.23561,0.23912,0.23529,0.23657,348544.0
1759017600,0.23661,0.23702,0.23274,0.23441,269257.0
1759032000,0.23416,0.23512,0.23243,0.23365,461837.0
1759046400,0.23345,0.23413,0.2311,0.23207,593623.0
1759060800,0.23188,0.23972,0.23037,0.23972,666155.0
1759075200,0.23964,0.25221,0.23964,0.24193,2817535.0
1759089600,0.24221,0.24755,0.24094,0.24608,1279059.0
1759104000,0.24622,0.24706,0.245,0.2451,257313.0
1759118400,0.24523,0.24543,0.24061,0.24162,1253115.0
1759132800,0.24183,0.24423,0.23897,0.24087,1149911.0
1759147200,0.24075,0.24639,0.23689,0.24287,1061696.0
1759161600,0.243,0.25538,0.24161,0.24688,5465377.0
1759176000,0.24726,0.2494,0.24567,0.24666,1123675.0
1759190400,0.24678,0.24768,0.24216,0.24563,1217613.0
1759204800,0.24548,0.26432,0.24505,0.26217,7432226.0
1759219200,0.26159,0.263,0.25098,0.25388,2252850.0
1759233600,0.25401,0.2583,0.24091,0.24405,2316890.0
1759248000,0.24381,0.25644,0.24329,0.25583,1171177.0
1759262400,0.25555,0.25684,0.25073,0.25236,1663554.0
1759276800,0.25229,0.25414,0.25081,0.25241,2121593.0
1759291200,0.25231,0.25922,0.2514,0.25678,660472.0
1759305600,0.25708,0.28757,0.25657,0.27687,19849602.0
1759320000,0.27757,0.27829,0.27223,0.27297,2103442.0
1759334400,0.27292,0.27961,0.27172,0.27733,1712751.0
1759348800,0.27744,0.28304,0.27577,0.28115,1376384.0
1759363200,0.28141,0.29083,0.28004,0.28852,1166987.0
1759377600,0.28835,0.29212,0.28472,0.28502,2339168.0
1759392000,0.28518,0.2855,0.28086,0.28285,989931.0
1759406400,0.2828,0.28586,0.27607,0.28118,3499867.0
1759420800,0.2813,0.28459,0.27829,0.2835,1124074.0
1759435200,0.28366,0.28393,0.27707,0.27867,791612.0
1759449600,0.27863,0.27887,0.27414,0.27423,2826221.0
1759464000,0.27429,0.27759,0.2735,0.27551,748714.0
1759478400,0.27578,0.2867,0.27394,0.28073,1201345.0
1759492800,0.28082,0.2855,0.27785,0.28549,1043676.0
1759507200,0.28559,0.28922,0.28016,0.28363,2772758.0
1759521600,0.28367,0.28396,0.28017,0.28114,977870.0
1759536000,0.28136,0.284,0.2753,0.2772,701859.0
1759550400,0.277,0.282,0.27656,0.27904,516993.0
1759564800,0.27882,0.2813,0.27658,0.2789,433820.0
1759579200,0.2789,0.2804,0.27076,0.27129,2465894.0
1759593600,0.27147,0.27527,0.27082,0.27519,779871.0
1759608000,0.27528,0.27879,0.27505,0.2783,505352.0
1759622400,0.27837,0.28179,0.27426,0.27957,918678.0
1759636800,0.27971,0.28837,0.27964,0.28765,2777879.0
1759651200,0.2879,0.29961,0.28299,0.28476,2242101.0
1759665600,0.2846,0.2855,0.28135,0.28225,646295.0
1759680000,0.28235,0.28337,0.27277,0.27383,685331.0
1759694400,0.27352,0.27654,0.27349,0.27496,249995.0
1759708800,0.27486,0.27748,0.27259,0.27571,844536.0
1759723200,0.27571,0.27996,0.27413,0.27676,418783.0
1759737600,0.27717,0.2784,0.2744,0.27485,1396489.0
1759752000,0.27491,0.28731,0.27491,0.28471,4427555.0
1759766400,0.285,0.29093,0.285,0.2866,8301847.0
1759780800,0.28681,0.28739,0.28173,0.28173,3942813.0
1759795200,0.28173,0.29482,0.28062,0.29446,2854020.0
1759809600,0.29442,0.30552,0.289,0.29923,6135948.0
1759824000,0.2993,0.30688,0.29351,0.30561,6498344.0
1759838400,0.30573,0.3102,0.289,0.29333,35087035.0
1759852800,0.29311,0.30312,0.29115,0.29683,10194785.0
1759867200,0.29662,0.3021,0.29625,0.29789,3293884.0
1759881600,0.29759,0.30783,0.29454,0.29761,6596857.0
1759896000,0.29809,0.30217,0.29175,0.29598,2705143.0
1759910400,0.29594,0.2989,0.29366,0.29447,1400079.0
1759924800,0.29447,0.29579,0.27785,0.28089,11945439.0
1759939200,0.28128,0.28978,0.28097,0.28584,1597974.0
1759953600,0.28585,0.2871,0.2841,0.28473,631525.0
1759968000,0.28482,0.28482,0.27549,0.27805,1315788.0
1759982400,0.278,0.28053,0.27459,0.27507,786835.0
1759996800,0.27518,0.27518,0.2673,0.27019,3325624.0
1760011200,0.27026,0.2728,0.25941,0.26075,3150610.0
1760025600,0.26054,0.27306,0.25922,0.27161,4762981.0
1760040000,0.27164,0.27453,0.27024,0.27321,679702.0
1760054400,0.27335,0.2754,0.26899,0.27336,567177.0
1760068800,0.2731,0.27374,0.26505,0.26509,813486.0
1760083200,0.26504,0.27027,0.26469,0.26942,522957.0
1760097600,0.26895,0.27424,0.25122,0.25247,3305826.0
1760112000,0.25221,0.25745,0.24105,0.24465,2936124.0
1760126400,0.24478,0.24723,0.07252,0.17635,29845522.0
1760140800,0.17648,0.18041,0.16123,0.16391,13532611.0
1760155200,0.16407,0.16889,0.15711,0.16211,26695486.0
1760169600,0.16213,0.19702,0.1615,0.1876,11317048.0
1760184000,0.18691,0.19123,0.18234,0.18867,10456159.0
1760198400,0.18878,0.19384,0.18146,0.18228,3913490.0
1760212800,0.18205,0.1837,0.1756,0.17793,5295319.0
1760227200,0.17805,0.17927,0.17228,0.17629,2067704.0
1760241600,0.17618,0.18352,0.17579,0.18236,1767103.0
1760256000,0.18265,0.18353,0.17684,0.17848,1561816.0
1760270400,0.17874,0.19471,0.17577,0.19431,3780483.0
1760284800,0.19411,0.20418,0.19354,0.20149,6162448.0
1760299200,0.20145,0.20307,0.19533,0.1965,2230652.0
1760313600,0.19648,0.19801,0.19335,0.19355,1893832.0
1760328000,0.19383,0.20071,0.19056,0.19778,1780017.0
1760342400,0.19801,0.20263,0.1921,0.19462,2357579.0
1760356800,0.19429,0.20237,0.19282,0.20058,5132164.0
1760371200,0.20082,0.21575,0.19956,0.21575,4178011.0
1760385600,0.21569,0.21773,0.21146,0.21199,2066326.0
1760400000,0.21183,0.21354,0.20391,0.20421,1065845.0
1760414400,0.20426,0.20616,0.19141,0.1936,2857673.0
1760428800,0.19326,0.19681,0.18824,0.19346,2074146.0
1760443200,0.1934,0.20258,0.18784,0.20258,2307504.0
1760457600,0.20209,0.20516,0.19649,0.19915,2539006.0
1760472000,0.19913,0.20185,0.19782,0.20009,844773.0
1760486400,0.2002,0.20319,0.1981,0.19957,723807.0
1760500800,0.19984,0.20265,0.19917,0.20218,405511.0
1760515200,0.20196,0.20534,0.19692,0.19803,808518.0
1760529600,0.19838,0.19861,0.18909,0.18955,2192412.0
1760544000,0.18979,0.19345,0.18959,0.19144,1113316.0
1760558400,0.19184,0.19293,0.18614,0.18832,1857777.0
1760572800,0.18835,0.19146,0.1876,0.18949,464447.0
1760587200,0.18953,0.19184,0.18912,0.19002,745572.0
1760601600,0.19002,0.19119,0.18239,0.19009,2500876.0
1760616000,0.19008,0.19135,0.17945,0.18043,1833662.0
1760630400,0.18035,0.18477,0.17744,0.17962,3613874.0
1760644800,0.17981,0.18149,0.17743,0.18077,986501.0
1760659200,0.18085,0.18335,0.18047,0.18277,437840.0
1760673600,0.18299,0.1833,0.16526,0.16548,2842241.0
1760688000,0.16592,0.17255,0.16128,0.171,4384518.0
1760702400,0.17095,0.17199,0.16585,0.17169,1018731.0
1760716800,0.17185,0.17434,0.17124,0.17215,422632.0
1760731200,0.17199,0.17439,0.17114,0.1714,179826.0
1760745600,0.17131,0.17436,0.17077,0.17254,243048.0
1760760000,0.17229,0.17354,0.17003,0.17122,175330.0
1760774400,0.17115,0.17265,0.16946,0.17106,300627.0
1760788800,0.17094,0.17175,0.1673,0.17023,448229.0
1760803200,0.17026,0.17352,0.16936,0.17215,252533.0
1760817600,0.17245,0.17324,0.17119,0.1726,117654.0
1760832000,0.17256,0.17403,0.17104,0.17395,251563.0
1760846400,0.17439,0.17439,0.17101,0.17199,153736.0
1760860800,0.17224,0.17798,0.16985,0.17592,951452.0
1760875200,0.17591,0.18083,0.17484,0.17924,458019.0
1760889600,0.1793,0.18095,0.17785,0.17818,396311.0
1760904000,0.1784,0.17954,0.17585,0.17603,1375870.0
1760918400,0.17603,0.17955,0.17272,0.17925,564419.0
1760932800,0.17941,0.18229,0.17798,0.1807,361406.0
1760947200,0.18051,0.18113,0.17764,0.17854,1571639.0
1760961600,0.17823,0.17983,0.17665,0.17665,298127.0
1760976000,0.17589,0.17628,0.17159,0.17525,694598.0
1760990400,0.17481,0.17557,0.17366,0.17375,167093.0
1761004800,0.17382,0.17507,0.171,0.17123,272441.0
1761019200,0.17098,0.17127,0.16697,0.16961,615949.0
1761033600,0.16944,0.16947,0.16658,0.16851,441246.0
1761048000,0.16851,0.18064,0.16785,0.17976,3796617.0
1761062400,0.17995,0.18267,0.17585,0.17595,5930650.0
1761076800,0.17616,0.17616,0.164,0.16501,995268.0
1761091200,0.16493,0.16747,0.16465,0.16713,1203305.0
1761105600,0.16718,0.16932,0.16445,0.16573,1236400.0
1761120000,0.16573,0.16628,0.16152,0.16446,1756869.0
1761134400,0.16453,0.16651,0.16241,0.16536,1107242.0
1761148800,0.16541,0.16677,0.1616,0.1633,745915.0
1761163200,0.16305,0.16359,0.15525,0.1604,3173992.0
1761177600,0.16057,0.16224,0.16034,0.16091,1362645.0
1761192000,0.16102,0.16475,0.16075,0.16381,4845743.0
1761206400,0.16382,0.16493,0.16232,0.16275,1088541.0
1761220800,0.16261,0.16495,0.16079,0.16361,919680.0
1761235200,0.16362,0.16731,0.1627,0.16385,1093569.0
1761249600,0.16374,0.16411,0.16172,0.16364,3534511.0
1761264000,0.1635,0.16481,0.16246,0.16331,4248930.0
1761278400,0.1634,0.16748,0.16298,0.16579,1565546.0
1761292800,0.16595,0.16778,0.16367,0.16545,479525.0
1761307200,0.16563,0.16913,0.16299,0.16346,1941685.0
1761321600,0.16343,0.16581,0.16219,0.1646,283486.0
1761336000,0.16474,0.1662,0.16462,0.16582,289022.0
1761350400,0.16575,0.16622,0.16463,0.16503,284439.0
1761364800,0.16486,0.1658,0.16356,0.1637,186476.0
1761379200,0.16368,0.16473,0.1632,0.16439,246132.0
1761393600,0.16439,0.16665,0.16439,0.16533,400816.0
1761408000,0.16552,0.16714,0.16424,0.16712,365344.0
1761422400,0.16715,0.16732,0.1657,0.16668,547674.0
1761436800,0.16686,0.16717,0.16389,0.16436,321293.0
1761451200,0.16439,0.16587,0.16431,0.16571,670761.0
1761465600,0.16579,0.1714,0.16566,0.17129,650955.0
1761480000,0.17156,0.17348,0.17065,0.17258,688827.0
1761494400,0.17242,0.17272,0.17127,0.17163,576333.0
1761508800,0.17169,0.17633,0.17031,0.1747,1092391.0
1761523200,0.17473,0.17962,0.17471,0.17861,550478.0
1761537600,0.17871,0.18016,0.17415,0.17441,599572.0
1761552000,0.17423,0.17486,0.17039,0.1724,833260.0
1761566400,0.17235,0.17256,0.16898,0.17067,659517.0
1761580800,0.17046,0.17471,0.17014,0.1702,670642.0
1761595200,0.17017,0.17017,0.16572,0.1672,672618.0
1761609600,0.16714,0.16832,0.16597,0.1669,398373.0
1761624000,0.16672,0.16985,0.16524,0.16784,707039.0
1761638400,0.16785,0.16932,0.16721,0.16795,248744.0
1761652800,0.16821,0.17177,0.16579,0.16795,1761077.0
1761667200,0.16775,0.16989,0.16295,0.16335,769844.0
1761681600,0.16338,0.16349,0.15845,0.16138,4734513.0
1761696000,0.16133,0.16219,0.16035,0.16138,1650657.0
1761710400,0.16136,0.16246,0.16043,0.16128,944310.0
1761724800,0.16133,0.1624,0.16,0.16181,138011.0
1761739200,0.16196,0.16258,0.1577,0.15845,1058185.0
1761753600,0.15825,0.16188,0.15387,0.16062,8673155.0
1761768000,0.16087,0.16424,0.15806,0.15918,3201001.0
1761782400,0.15933,0.16091,0.15832,0.15876,917486.0
1761796800,0.15879,0.1589,0.15195,0.15781,3863411.0
1761811200,0.15763,0.15774,0.15321,0.15321,1190577.0
1761825600,0.15339,0.15348,0.14636,0.14651,5662538.0
1761840000,0.14644,0.14757,0.13894,0.13924,6384629.0
1761854400,0.13979,0.14383,0.13919,0.14374,1623289.0
1761868800,0.14369,0.14579,0.14293,0.14465,1686549.0
1761883200,0.14484,0.14588,0.14124,0.14141,499132.0
1761897600,0.14114,0.14334,0.13679,0.14327,2685770.0
1761912000,0.14309,0.14352,0.1409,0.14276,1819677.0
1761926400,0.14285,0.14327,0.13636,0.14059,1975162.0
1761940800,0.14061,0.14122,0.13732,0.13757,780071.0
1761955200,0.13748,0.14035,0.13447,0.14004,8250921.0
1761969600,0.14013,0.14176,0.13855,0.14176,6918101.0
1761984000,0.14173,0.14268,0.14089,0.14117,622723.0
1761998400,0.14126,0.14299,0.13935,0.1424,925830.0
1762012800,0.14256,0.14382,0.1422,0.14304,985931.0
1762027200,0.14331,0.14392,0.14039,0.14298,944198.0
1762041600,0.1428,0.14292,0.13984,0.14012,1176024.0
1762056000,0.14003,0.14359,0.13965,0.14301,503464.0
1762070400,0.1431,0.14333,0.13863,0.14155,1074112.0
1762084800,0.14165,0.14182,0.13653,0.13674,1021740.0
1762099200,0.13638,0.138,0.13372,0.13662,9675459.0
1762113600,0.13633,0.14066,0.13571,0.14058,5181616.0
1762128000,0.14066,0.14121,0.13138,0.13167,6709735.0
1762142400,0.13157,0.1339,0.12903,0.13095,6679471.0
1762156800,0.13088,0.13201,0.1262,0.12825,4371835.0
1762171200,0.12842,0.13014,0.11506,0.11886,9300027.0
1762185600,0.11899,0.12664,0.1186,0.12056,4284292.0
1762200000,0.12064,0.1225,0.11946,0.12193,1772149.0
1762214400,0.12206,0.12415,0.12092,0.123,1363876.0
1762228800,0.12305,0.1238,0.11506,0.11626,3183367.0
1762243200,0.11642,0.12047,0.11584,0.11987,1661701.0
1762257600,0.11979,0.12352,0.11705,0.12046,2791675.0
1762272000,0.12061,0.1213,0.1136,0.11594,7191787.0
1762286400,0.11606,0.12604,0.11034,0.12505,10181095.0
1762300800,0.12497,0.1255,0.119,0.12311,2589635.0
1762315200,0.12317,0.12351,0.12077,0.12159,1435333.0
1762329600,0.12159,0.12202,0.1192,0.12125,1179360.0
1762344000,0.12116,0.12536,0.12056,0.12476,2028149.0
1762358400,0.12461,0.12767,0.12369,0.12581,1335018.0
1762372800,0.12582,0.1265,0.1243,0.12537,628530.0
1762387200,0.12526,0.12827,0.12319,0.12749,1210343.0
1762401600,0.12724,0.12832,0.12365,0.12365,688573.0
1762416000,0.12366,0.12467,0.1224,0.12316,628372.0
1762430400,0.12316,0.12575,0.11985,0.12094,1903351.0
1762444800,0.12067,0.12393,0.11811,0.12344,2016087.0
1762459200,0.12365,0.12445,0.12201,0.12414,1160657.0
1762473600,0.12413,0.12915,0.12373,0.12762,2807588.0
1762488000,0.12788,0.13095,0.12674,0.12972,2384199.0
1762502400,0.12973,0.13153,0.12563,0.12715,2695216.0
1762516800,0.12729,0.13228,0.12309,0.13228,1987396.0
1762531200,0.13234,0.15202,0.13234,0.14981,8092028.0
1762545600,0.14983,0.16723,0.14968,0.16617,8812228.0
1762560000,0.16643,0.17539,0.16362,0.16418,13125259.0
1762574400,0.16418,0.1689,0.15836,0.16136,4009195.0
1762588800,0.16149,0.19358,0.1598,0.18393,15041521.0
1762603200,0.18338,0.18763,0.16552,0.16556,14617232.0
1762617600,0.16541,0.1701,0.16248,0.16571,5980285.0
1762632000,0.16564,0.16765,0.16347,0.16665,3067283.0
1762646400,0.16655,0.16655,0.15604,0.15714,2411037.0
1762660800,0.15741,0.1598,0.15541,0.15945,783871.0
1762675200,0.15922,0.1611,0.15175,0.15918,2869963.0
1762689600,0.15917,0.16637,0.15696,0.16293,3378337.0
1762704000,0.16284,0.16375,0.15682,0.16095,1341799.0
1762718400,0.1608,0.16119,0.15319,0.1538,1044137.0
1762732800,0.15387,0.16144,0.15265,0.15921,1988067.0
1762747200,0.15914,0.16049,0.1514,0.15204,894229.0
1762761600,0.15192,0.15396,0.14844,0.14997,2708272.0
1762776000,0.15001,0.15271,0.14828,0.15011,1898172.0
1762790400,0.15022,0.15221,0.1494,0.15097,1520261.0
1762804800,0.1511,0.15367,0.14962,0.15145,914605.0
1762819200,0.15156,0.15332,0.14827,0.15095,1137189.0
1762833600,0.15104,0.1512,0.14529,0.1458,1533220.0
1762848000,0.14585,0.14765,0.14419,0.14468,793096.0
1762862400,0.14472,0.14614,0.14318,0.14421,640951.0
1762876800,0.14433,0.14588,0.14161,0.14161,1362259.0
1762891200,0.14176,0.14221,0.1395,0.14001,1299734.0
1762905600,0.14021,0.14309,0.13986,0.14216,718716.0
1762920000,0.1422,0.14448,0.14113,0.14225,561140.0
1762934400,0.14227,0.15881,0.14227,0.14986,8107649.0
1762948800,0.14992,0.15344,0.14382,0.14465,3615641.0
1762963200,0.14414,0.14466,0.13957,0.14178,3473252.0
1762977600,0.14132,0.14496,0.14084,0.14155,1628368.0
1762992000,0.14164,0.14469,0.13986,0.14308,930470.0
1763006400,0.14311,0.1482,0.14239,0.14644,719079.0
1763020800,0.1463,0.14649,0.14409,0.14527,789310.0
1763035200,0.14525,0.14782,0.14281,0.14355,1985842.0
1763049600,0.1435,0.14365,0.1323,0.13311,1977199.0
1763064000,0.13297,0.13852,0.13123,0.13691,795217.0
1763078400,0.13691,0.13752,0.1346,0.13519,261068.0
1763092800,0.13527,0.13655,0.12936,0.13545,1551133.0
1763107200,0.13546,0.13603,0.13342,0.13411,994322.0
1763121600,0.13391,0.13749,0.13101,0.13581,1557149.0
1763136000,0.13591,0.13734,0.13424,0.13642,533957.0
1763150400,0.13635,0.13635,0.12819,0.13142,797960.0
1763164800,0.1313,0.13544,0.13075,0.13448,629855.0
1763179200,0.13455,0.13606,0.13414,0.13455,399307.0
1763193600,0.13466,0.13466,0.13157,0.13202,317338.0
1763208000,0.13183,0.13544,0.13183,0.13464,287113.0
1763222400,0.13462,0.13603,0.1332,0.13406,256015.0
1763236800,0.13417,0.13417,0.13165,0.13216,2194187.0
1763251200,0.13223,0.13377,0.12968,0.13285,746290.0
1763265600,0.13311,0.13338,0.13119,0.1324,466272.0
1763280000,0.13238,0.13313,0.12923,0.1295,1211421.0
1763294400,0.12953,0.13041,0.12652,0.12652,733310.0
1763308800,0.12657,0.12761,0.12275,0.12389,1811067.0
1763323200,0.12381,0.12652,0.1224,0.1258,1208815.0
1763337600,0.12579,0.12772,0.12445,0.1269,707905.0
1763352000,0.12704,0.12748,0.12563,0.12693,342309.0
1763366400,0.12697,0.12753,0.12571,0.12623,251583.0
1763380800,0.12633,0.12884,0.12163,0.12355,1520023.0
1763395200,0.12353,0.12545,0.11741,0.11797,1787477.0
1763409600,0.11763,0.12006,0.11643,0.12006,1481097.0
1763424000,0.11988,0.1224,0.11796,0.12179,671974.0
1763438400,0.1217,0.12301,0.1197,0.12055,1177113.0
1763452800,0.12051,0.12285,0.12037,0.12195,468102.0
1763467200,0.12202,0.12412,0.1207,0.12381,1359387.0
1763481600,0.12372,0.12652,0.12327,0.12533,1075443.0
1763496000,0.12553,0.12574,0.12357,0.12376,738596.0
1763510400,0.12382,0.12412,0.12177,0.12204,239226.0
1763524800,0.12193,0.12335,0.11935,0.12268,351680.0
1763539200,0.12267,0.12326,0.12166,0.12239,229880.0
1763553600,0.12246,0.12319,0.11863,0.11867,1029941.0
1763568000,0.1187,0.11972,0.11485,0.1164,1948648.0
1763582400,0.11665,0.12136,0.11613,0.12074,1440517.0
1763596800,0.12095,0.12245,0.12046,0.12165,312907.0
1763611200,0.12174,0.12216,0.12053,0.12126,342109.0
1763625600,0.12134,0.12145,0.11995,0.12074,592994.0
1763640000,0.12083,0.1234,0.12042,0.12046,1829440.0
1763654400,0.12022,0.12045,0.11224,0.11457,2436239.0
1763668800,0.11428,0.11761,0.11324,0.11431,527860.0
1763683200,0.1143,0.11696,0.1136,0.11479,718889.0
1763697600,0.11472,0.11556,0.099667,0.10783,6558347.0
1763712000,0.10774,0.10867,0.10205,0.10205,4170730.0
1763726400,0.10216,0.10709,0.10014,0.10396,2727062.0
1763740800,0.10419,0.1076,0.10264,0.10556,1870723.0
1763755200,0.10559,0.10651,0.10228,0.10539,884314.0
1763769600,0.10544,0.10587,0.10379,0.10417,277939.0
1763784000,0.10417,0.10485,0.10156,0.10465,756376.0
1763798400,0.10466,0.10496,0.10248,0.10464,451058.0
1763812800,0.10467,0.10493,0.10271,0.10326,667425.0
1763827200,0.10323,0.10428,0.10323,0.1036,386525.0
1763841600,0.10361,0.10545,0.10305,0.10423,411544.0
1763856000,0.10425,0.1069,0.10366,0.10651,437162.0
1763870400,0.10647,0.10826,0.10496,0.10574,620413.0
1763884800,0.10587,0.10672,0.10447,0.1055,539577.0
1763899200,0.10542,0.10733,0.10471,0.10579,698279.0
1763913600,0.10579,0.10645,0.10437,0.10529,505248.0
1763928000,0.10525,0.10608,0.1038,0.10406,395539.0
1763942400,0.10406,0.1068,0.10257,0.10584,734648.0
1763956800,0.10579,0.10724,0.10419,0.10512,3900627.0
1763971200,0.1052,0.10547,0.10319,0.1044,660319.0
1763985600,0.1044,0.10605,0.10308,0.10572,1986551.0
1764000000,0.1057,0.11445,0.1057,0.11268,3491349.0
1764014400,0.11276,0.11397,0.11103,0.11131,4363972.0
1764028800,0.11131,0.11222,0.10983,0.11076,853633.0
1764043200,0.11071,0.11168,0.10914,0.10916,790741.0
1764057600,0.10944,0.11045,0.10863,0.10975,505121.0
1764072000,0.10974,0.11102,0.10779,0.10974,693614.0
1764086400,0.10975,0.11157,0.10904,0.11036,501284.0
1764100800,0.11034,0.11399,0.10996,0.11278,363358.0
1764115200,0.11278,0.11348,0.11118,0.1112,697046.0
1764129600,0.11138,0.1128,0.1109,0.11278,212949.0
1764144000,0.11271,0.11271,0.10909,0.10936,801815.0
1764158400,0.10944,0.10978,0.10734,0.10762,1105711.0
1764172800,0.10785,0.11277,0.10776,0.11207,907925.0
1764187200,0.11198,0.11309,0.11138,0.11209,567775.0
1764201600,0.11203,0.11341,0.11142,0.11154,836477.0
1764216000,0.11146,0.1124,0.11086,0.11149,371795.0
1764230400,0.1115,0.11198,0.11089,0.11166,188791.0
1764244800,0.11175,0.11255,0.11069,0.11248,345207.0
1764259200,0.11242,0.11432,0.11219,0.11374,626755.0
1764273600,0.11388,0.11399,0.11108,0.11159,312025.0
1764288000,0.1116,0.11217,0.10959,0.11034,334547.0
1764302400,0.11028,0.11096,0.10848,0.10945,466612.0
1764316800,0.10929,0.11238,0.10926,0.11093,1352068.0
1764331200,0.11082,0.11302,0.10958,0.11221,572377.0
1764345600,0.1122,0.1122,0.10817,0.1118,817632.0
1764360000,0.11169,0.11171,0.10995,0.11076,246793.0
1764374400,0.11075,0.11145,0.11049,0.11136,279451.0
1764388800,0.11132,0.11132,0.10936,0.10954,258709.0
1764403200,0.10956,0.11027,0.10885,0.11025,616664.0
1764417600,0.11024,0.1103,0.1083,0.10937,358842.0
1764432000,0.10927,0.10937,0.10633,0.1069,512028.0
1764446400,0.10689,0.10817,0.10648,0.10752,159696.0
1764460800,0.10759,0.10808,0.10617,0.10738,219374.0
1764475200,0.10742,0.10748,0.1062,0.1073,136474.0
1764489600,0.1072,0.10788,0.10623,0.10623,310394.0
1764504000,0.10626,0.10867,0.10607,0.1076,299456.0
1764518400,0.10766,0.10866,0.10729,0.10769,210126.0
1764532800,0.10765,0.10807,0.10453,0.1047,354621.0
1764547200,0.1048,0.10506,0.094562,0.094952,5766411.0
1764561600,0.094742,0.095841,0.093721,0.095731,881313.0
1764576000,0.095722,0.096533,0.094958,0.095148,439407.0
1764590400,0.095191,0.095384,0.091369,0.092301,4063504.0
1764604800,0.092227,0.093874,0.091376,0.093456,1670117.0
1764619200,0.093772,0.095734,0.093703,0.09509,1171044.0
1764633600,0.095256,0.095674,0.093242,0.094334,736651.0
1764648000,0.094376,0.095369,0.093495,0.094868,3646504.0
1764662400,0.094869,0.095562,0.092667,0.094554,8769090.0
1764676800,0.094657,0.10397,0.094148,0.10396,2683618.0
1764691200,0.10396,0.10529,0.10295,0.10339,964903.0
1764705600,0.10349,0.10455,0.10156,0.10315,833457.0
1764720000,0.10327,0.10437,0.10248,0.10368,287630.0
1764734400,0.10362,0.10582,0.10344,0.10381,570876.0
1764748800,0.10395,0.10436,0.10282,0.1035,525759.0
1764763200,0.10349,0.10416,0.10079,0.10312,681637.0
1764777600,0.10338,0.1044,0.10252,0.10394,255902.0
1764792000,0.10373,0.10598,0.1034,0.10518,287102.0
1764806400,0.10527,0.10615,0.10405,0.10497,864833.0
1764820800,0.10495,0.1051,0.10384,0.10456,270145.0
1764835200,0.10427,0.10493,0.10338,0.10366,278858.0
1764849600,0.10369,0.10441,0.10222,0.10418,229504.0
1764864000,0.10418,0.10446,0.09947,0.1014,535975.0
1764878400,0.10141,0.10199,0.099847,0.10091,244850.0
1764892800,0.10112,0.10183,0.10021,0.10021,759564.0
1764907200,0.10022,0.10122,0.09972,0.10083,101788.0
1764921600,0.10092,0.10093,0.098947,0.099423,166702.0
1764936000,0.099428,0.10066,0.098135,0.098735,368337.0
1764950400,0.098767,0.098946,0.09384,0.095127,844568.0
1764964800,0.095165,0.095941,0.094333,0.095593,128479.0
1764979200,0.095626,0.095941,0.094989,0.09563,112519.0
1764993600,0.095642,0.095749,0.094628,0.095015,216786.0
1765008000,0.094861,0.095627,0.094715,0.095434,102126.0
1765022400,0.095448,0.096419,0.095037,0.095427,267877.0
1765036800,0.095532,0.09674,0.095226,0.095432,260435.0
1765051200,0.095395,0.096252,0.09478,0.095432,278228.0
1765065600,0.095429,0.096335,0.095194,0.096227,295007.0
1765080000,0.09607,0.096345,0.094934,0.095134,84675.0
1765094400,0.094984,0.095234,0.093656,0.094234,222036.0
1765108800,0.094191,0.094736,0.090304,0.092456,841788.0
1765123200,0.092622,0.095115,0.091317,0.094717,594893.0
1765137600,0.094811,0.095429,0.091227,0.091801,458494.0
1765152000,0.091921,0.094329,0.091461,0.093815,305404.0
1765166400,0.093953,0.095796,0.093934,0.095304,261994.0
1765180800,0.095327,0.097431,0.095052,0.096917,194201.0
1765195200,0.096843,0.097615,0.095103,0.09551,589118.0
1765209600,0.095393,0.09759,0.09494,0.095691,256230.0
1765224000,0.095719,0.097304,0.095626,0.095993,141952.0
1765238400,0.096088,0.096507,0.09384,0.094719,326131.0
1765252800,0.094802,0.094802,0.093192,0.094176,436170.0
1765267200,0.094229,0.094397,0.0929,0.093571,1093810.0
1765281600,0.093371,0.098878,0.093234,0.098679,837215.0
1765296000,0.098691,0.10191,0.098691,0.099151,722372.0
1765310400,0.099213,0.099405,0.09733,0.098491,699894.0
1765324800,0.098492,0.098797,0.096783,0.097154,182697.0
1765339200,0.097078,0.097677,0.095779,0.096389,207602.0
1765353600,0.096492,0.097102,0.094981,0.095277,192609.0
1765368000,0.095423,0.096085,0.09478,0.095474,269894.0
1765382400,0.095523,0.098879,0.095325,0.098568,596992.0
1765396800,0.098778,0.10088,0.0949,0.095191,647848.0
1765411200,0.095224,0.095392,0.09058,0.090868,711089.0
1765425600,0.090819,0.092677,0.09061,0.091942,193749.0
1765440000,0.091873,0.09199,0.090265,0.091293,281433.0
1765454400,0.091281,0.092351,0.090355,0.091414,118558.0
1765468800,0.091403,0.09442,0.090883,0.093243,426129.0
1765483200,0.093306,0.096591,0.093306,0.094169,317116.0
1765497600,0.094278,0.095997,0.093622,0.095274,298086.0
1765512000,0.095272,0.097588,0.094699,0.096079,309843.0
1765526400,0.096292,0.09732,0.09552,0.096176,124168.0
1765540800,0.096131,0.096281,0.089729,0.090548,486702.0
1765555200,0.090376,0.090418,0.087121,0.088473,1022747.0
1765569600,0.088776,0.090701,0.08862,0.090482,481372.0
1765584000,0.090734,0.091293,0.090271,0.090863,231324.0
1765598400,0.090921,0.091183,0.089979,0.09106,214314.0
1765612800,0.091192,0.09196,0.090873,0.090911,247868.0
1765627200,0.091095,0.091888,0.090842,0.091366,147166.0
1765641600,0.091388,0.092039,0.090996,0.091335,1319172.0
1765656000,0.09141,0.091734,0.090147,0.091613,2313428.0
1765670400,0.091605,0.091605,0.090702,0.090778,1102093.0
1765684800,0.090792,0.090792,0.089577,0.089881,164459.0
1765699200,0.089893,0.090254,0.088436,0.089518,194072.0
1765713600,0.089377,0.089964,0.088211,0.088682,125016.0
1765728000,0.088557,0.089162,0.087561,0.087971,264351.0
1765742400,0.08806,0.088478,0.086231,0.087161,613200.0
1765756800,0.087315,0.090727,0.087201,0.08895,3083802.0
1765771200,0.088949,0.090529,0.088949,0.089727,1408967.0
1765785600,0.089587,0.090509,0.089488,0.089895,519615.0
1765800000,0.089895,0.090382,0.083824,0.084874,1812457.0
1765814400,0.084774,0.085036,0.081,0.08196,3594111.0
1765828800,0.081904,0.083143,0.080701,0.082968,655173.0
1765843200,0.082968,0.083018,0.0798,0.081606,2661071.0
1765857600,0.081654,0.081766,0.07976,0.080104,2684844.0
1765872000,0.080011,0.083394,0.080011,0.083195,388565.0
1765886400,0.083279,0.0847,0.081296,0.084476,1489746.0
1765900800,0.084503,0.08539,0.083492,0.084114,1095471.0
1765915200,0.08409,0.085807,0.082974,0.083219,930650.0
1765929600,0.08332,0.083978,0.081778,0.082041,467015.0
1765944000,0.082038,0.082237,0.080829,0.081347,348938.0
1765958400,0.081406,0.08142,0.080378,0.080818,424648.0
1765972800,0.081007,0.08445,0.080198,0.081431,3694435.0
1765987200,0.08146,0.082147,0.077797,0.078872,1646965.0
1766001600,0.0789,0.079698,0.078308,0.078744,454121.0
1766016000,0.0787,0.079382,0.078185,0.078379,270505.0
1766030400,0.07848,0.078899,0.077478,0.07847,573061.0
1766044800,0.078625,0.079458,0.077771,0.078647,1819970.0
1766059200,0.078644,0.080864,0.078443,0.080232,1641125.0
1766073600,0.080285,0.080515,0.073439,0.07366,1116631.0
1766088000,0.073706,0.075915,0.073706,0.074583,711656.0
1766102400,0.074683,0.07695,0.073384,0.07638,982384.0
1766116800,0.076471,0.07807,0.076126,0.07689,410673.0
1766131200,0.076974,0.077359,0.076389,0.077066,154145.0
1766145600,0.077165,0.080465,0.076882,0.079578,986083.0
1766160000,0.079486,0.080575,0.07789,0.079881,509592.0
1766174400,0.080078,0.080308,0.079205,0.07937,201188.0
1766188800,0.079295,0.079783,0.078873,0.079295,274393.0
1766203200,0.079201,0.079471,0.078828,0.079281,210344.0
1766217600,0.079326,0.080072,0.078454,0.079005,295164.0
1766232000,0.079022,0.079085,0.078091,0.078584,867840.0
1766246400,0.078537,0.079087,0.078104,0.078278,1074787.0
1766260800,0.07829,0.07877,0.078154,0.078378,215168.0
1766275200,0.078378,0.078529,0.076391,0.077058,630174.0
1766289600,0.077058,0.077467,0.076798,0.077393,151207.0
1766304000,0.077398,0.077789,0.076374,0.076675,312973.0
1766318400,0.076582,0.076953,0.07404,0.074574,559620.0
1766332800,0.074439,0.075692,0.07414,0.075071,163584.0
1766347200,0.075126,0.07583,0.073958,0.075476,275084.0
1766361600,0.075423,0.076879,0.074681,0.075547,391463.0
1766376000,0.075644,0.076604,0.07539,0.076268,183159.0
1766390400,0.076275,0.077117,0.075545,0.075831,461788.0
1766404800,0.075927,0.076262,0.074586,0.075561,736743.0
1766419200,0.075577,0.075729,0.073318,0.07353,438618.0
1766433600,0.073487,0.073852,0.07261,0.073648,964950.0
1766448000,0.073675,0.074205,0.072225,0.072999,701442.0
1766462400,0.072989,0.073067,0.071165,0.071952,1848426.0
1766476800,0.072012,0.07222,0.07154,0.071828,570758.0
1766491200,0.071867,0.071879,0.069722,0.07118,1421589.0
1766505600,0.071138,0.071892,0.070055,0.070564,719157.0
1766520000,0.070532,0.071675,0.070529,0.071211,257786.0
1766534400,0.071215,0.071371,0.068417,0.069029,1197082.0
1766548800,0.06902,0.069452,0.06722,0.067736,2638393.0
1766563200,0.067755,0.06974,0.067572,0.069624,798329.0
1766577600,0.069605,0.07075,0.069524,0.070564,954371.0
1766592000,0.070617,0.071122,0.070254,0.071044,458456.0
1766606400,0.07117,0.078675,0.071093,0.075665,3595730.0
1766620800,0.075841,0.07906,0.074106,0.074722,2105905.0
1766635200,0.074871,0.07528,0.073866,0.074569,1184188.0
1766649600,0.074565,0.075753,0.072173,0.072539,988588.0
1766664000,0.072602,0.073788,0.072588,0.073666,503167.0
1766678400,0.07369,0.074387,0.073121,0.073475,407380.0
1766692800,0.073552,0.073824,0.071209,0.071366,1047914.0
1766707200,0.07128,0.074111,0.07089,0.073281,2080375.0
1766721600,0.073292,0.073659,0.072301,0.072331,736922.0
1766736000,0.072357,0.07334,0.072275,0.073116,393450.0
1766750400,0.073076,0.073818,0.071601,0.072237,571741.0
1766764800,0.07235,0.073111,0.071674,0.072819,1861915.0
1766779200,0.072886,0.073068,0.072262,0.072724,936831.0
1766793600,0.072719,0.073298,0.07251,0.072976,1490096.0
1766808000,0.073035,0.073035,0.072324,0.07266,357690.0
1766822400,0.072676,0.073002,0.071697,0.072352,351601.0
1766836800,0.072223,0.07407,0.071997,0.074023,1629127.0
1766851200,0.074059,0.08075,0.073804,0.077352,3869379.0
1766865600,0.07735,0.077869,0.076186,0.077159,1200746.0
1766880000,0.077188,0.078558,0.077176,0.077927,3424359.0
1766894400,0.077863,0.079312,0.077724,0.078678,750802.0
1766908800,0.078678,0.0825,0.077559,0.079563,3057413.0
1766923200,0.07957,0.079958,0.078081,0.07816,1029447.0
1766937600,0.078161,0.07894,0.076998,0.077324,1294673.0
1766952000,0.077297,0.077624,0.07689,0.077551,536824.0
1766966400,0.07758,0.080556,0.077506,0.080295,640420.0
1766980800,0.080291,0.080594,0.07915,0.079707,906671.0
1766995200,0.079726,0.08019,0.078181,0.079392,744042.0
1767009600,0.079388,0.079398,0.077185,0.077196,887479.0
1767024000,0.077183,0.077448,0.075436,0.075503,654973.0
1767038400,0.07557,0.075695,0.074511,0.07471,974080.0
1767052800,0.07471,0.075024,0.073873,0.074365,617510.0
1767067200,0.074366,0.075821,0.074144,0.075413,433313.0
1767081600,0.075406,0.077158,0.075406,0.07708,680119.0
1767096000,0.077136,0.077662,0.076105,0.077567,1936322.0
1767110400,0.077565,0.079594,0.077187,0.077953,1028423.0
1767124800,0.078007,0.078089,0.076592,0.076878,386698.0
1767139200,0.076863,0.07706,0.076171,0.076504,451054.0
1767153600,0.07657,0.077051,0.076539,0.076972,154751.0
1767168000,0.076971,0.077622,0.07621,0.076925,353693.0
1767182400,0.076947,0.076947,0.075457,0.075886,933017.0
1767196800,0.075791,0.076113,0.073023,0.074179,602111.0
1767211200,0.074057,0.074562,0.073361,0.073827,304166.0
1767225600,0.07389,0.074647,0.073515,0.073569,2236275.0
1767240000,0.073626,0.074146,0.073263,0.074015,510507.0
1767254400,0.074001,0.074615,0.073809,0.074603,299818.0
1767268800,0.074616,0.076401,0.074276,0.076023,719191.0
1767283200,0.076054,0.079966,0.075826,0.079576,764487.0
1767297600,0.079344,0.081375,0.078918,0.080673,934048.0
1767312000,0.080675,0.08229,0.079823,0.081352,1749109.0
1767326400,0.081292,0.0816,0.07966,0.079715,462281.0
1767340800,0.079798,0.080811,0.079389,0.079673,361243.0
1767355200,0.079605,0.080738,0.079315,0.080286,1174930.0
1767369600,0.080407,0.082096,0.080172,0.081031,527087.0
1767384000,0.081043,0.083348,0.080859,0.082425,1107810.0
1767398400,0.082461,0.084483,0.082327,0.084277,1194641.0
1767412800,0.084189,0.084207,0.07981,0.080042,3163015.0
1767427200,0.080042,0.08134,0.079584,0.080789,1426217.0
1767441600,0.080789,0.081561,0.080486,0.08095,1319902.0
1767456000,0.081014,0.082308,0.080962,0.081829,855930.0
1767470400,0.081842,0.083168,0.081193,0.082708,842191.0
1767484800,0.082728,0.085496,0.082678,0.084855,687815.0
1767499200,0.084869,0.089857,0.08467,0.089359,1060526.0
1767513600,0.08925,0.093873,0.088074,0.09317,1553327.0
1767528000,0.093371,0.094044,0.091617,0.092591,932556.0
1767542400,0.092589,0.093547,0.090342,0.091293,543328.0
1767556800,0.091199,0.092286,0.090667,0.09149,317930.0
1767571200,0.091467,0.093138,0.091208,0.091556,814458.0
1767585600,0.091579,0.091612,0.089369,0.091032,1357155.0
1767600000,0.091036,0.091394,0.089328,0.090784,281182.0
1767614400,0.09079,0.092713,0.090109,0.092394,1628778.0
1767628800,0.09242,0.096889,0.091042,0.095516,1993372.0
1767643200,0.095499,0.097724,0.095181,0.096921,497299.0
1767657600,0.096859,0.098661,0.096336,0.098476,1106860.0
1767672000,0.098462,0.1007,0.096576,0.096783,1716424.0
1767686400,0.096909,0.098294,0.09643,0.098228,386321.0
1767700800,0.098117,0.10148,0.09757,0.099066,2504070.0
1767715200,0.099137,0.099849,0.094479,0.09518,1987293.0
1767729600,0.095369,0.09856,0.095369,0.097633,2678324.0
1767744000,0.097555,0.097603,0.094644,0.095346,1944571.0
1767758400,0.095383,0.096889,0.095235,0.096889,338384.0
1767772800,0.096966,0.097579,0.094711,0.095256,617399.0
1767787200,0.095244,0.095247,0.091803,0.092435,1996466.0
1767801600,0.092397,0.093561,0.091684,0.09217,834122.0
1767816000,0.092194,0.09239,0.091042,0.091797,2195251.0
1767830400,0.091836,0.092076,0.088937,0.088987,712394.0
1767844800,0.089056,0.0901,0.087129,0.088704,1461618.0
1767859200,0.088768,0.088768,0.086241,0.087793,905242.0
1767873600,0.087798,0.090207,0.086493,0.090207,1070935.0
1767888000,0.090154,0.090429,0.088696,0.088696,895571.0
1767902400,0.08868,0.090188,0.088095,0.08955,232174.0
1767916800,0.089573,0.089898,0.088359,0.089455,344739.0
1767931200,0.08948,0.090747,0.08913,0.090437,920678.0
1767945600,0.090333,0.091045,0.088736,0.089397,2819123.0
1767960000,0.089392,0.092295,0.088537,0.091283,1877243.0
1767974400,0.09132,0.092731,0.088768,0.089192,3254819.0
1767988800,0.089139,0.090038,0.087722,0.088011,1695073.0
1768003200,0.088279,0.088516,0.08657,0.08704,1084736.0
1768017600,0.087007,0.087848,0.086499,0.087463,306035.0
1768032000,0.08747,0.08829,0.087185,0.088208,170506.0
1768046400,0.088149,0.08862,0.085259,0.085335,1000917.0
1768060800,0.085369,0.086537,0.084745,0.086509,748852.0
1768075200,0.086551,0.086615,0.084934,0.085014,347615.0
1768089600,0.085031,0.085209,0.084264,0.084676,752311.0
1768104000,0.084709,0.085915,0.08392,0.085515,339349.0
1768118400,0.085385,0.086031,0.085014,0.085448,222133.0
1768132800,0.085516,0.086139,0.084286,0.084756,1521282.0
1768147200,0.084745,0.086113,0.084745,0.085302,384386.0
1768161600,0.085215,0.085221,0.082511,0.084422,1131830.0
1768176000,0.08449,0.086692,0.083528,0.085271,763085.0
1768190400,0.085299,0.086229,0.084891,0.084891,291251.0
1768204800,0.085108,0.085279,0.083183,0.083748,426960.0
1768219200,0.08372,0.084456,0.08212,0.084365,368101.0
1768233600,0.084359,0.085008,0.082753,0.083297,571454.0
1768248000,0.083275,0.083688,0.081321,0.081773,1182585.0
1768262400,0.081781,0.082786,0.081557,0.082624,602844.0
1768276800,0.082568,0.083846,0.082389,0.082998,249609.0
1768291200,0.08311,0.083733,0.082955,0.083617,230646.0
1768305600,0.083482,0.085991,0.083341,0.085991,964262.0
1768320000,0.086009,0.086865,0.084651,0.085667,1664999.0
1768334400,0.085845,0.091776,0.084606,0.089413,3522124.0
1768348800,0.089614,0.092466,0.089614,0.091905,1362082.0
1768363200,0.091903,0.092065,0.089518,0.090007,591770.0
1768377600,0.090058,0.091419,0.088359,0.088741,1811346.0
1768392000,0.088769,0.09008,0.087572,0.089524,715884.0
1768406400,0.089561,0.090699,0.086925,0.088039,875387.0
1768420800,0.087921,0.088681,0.086327,0.086824,419156.0
1768435200,0.086812,0.0877,0.083544,0.084077,1020591.0
1768449600,0.08408,0.085765,0.083677,0.085244,2073463.0
1768464000,0.085214,0.085563,0.08422,0.084329,2021483.0
1768478400,0.084301,0.085367,0.081687,0.083066,886511.0
1768492800,0.083195,0.083195,0.080217,0.081211,656842.0
1768507200,0.081226,0.082186,0.080778,0.082186,484700.0
1768521600,0.082183,0.082538,0.081474,0.081906,498059.0
1768536000,0.081963,0.08257,0.081267,0.081988,237694.0
1768550400,0.08209,0.082655,0.081489,0.081658,531944.0
1768564800,0.081762,0.081829,0.078764,0.07934,482026.0
1768579200,0.079294,0.08068,0.07926,0.080338,320177.0
1768593600,0.080346,0.082257,0.080148,0.082176,577831.0
1768608000,0.082271,0.082675,0.081576,0.081879,284200.0
1768622400,0.081721,0.082505,0.08118,0.081757,335833.0
1768636800,0.081798,0.082077,0.080755,0.081076,240636.0
1768651200,0.080966,0.08287,0.080923,0.082681,743059.0
1768665600,0.08266,0.082902,0.081788,0.082071,1066340.0
1768680000,0.082154,0.082298,0.080704,0.080984,381459.0
1768694400,0.081037,0.081714,0.080008,0.080279,511586.0
1768708800,0.08028,0.080902,0.07978,0.080298,231081.0
1768723200,0.080274,0.080805,0.080052,0.080463,163538.0
1768737600,0.080533,0.082455,0.079642,0.081645,900061.0
1768752000,0.081518,0.085322,0.081406,0.083186,4413972.0
1768766400,0.083324,0.083762,0.077287,0.077287,2288001.0
1768780800,0.077333,0.077333,0.068541,0.073877,6825420.0
1768795200,0.073631,0.073972,0.072384,0.073728,1016187.0
1768809600,0.073673,0.075016,0.073461,0.07372,1259119.0
1768824000,0.073702,0.075195,0.072998,0.074722,3376704.0
1768838400,0.074673,0.077474,0.074557,0.076947,5731343.0
1768852800,0.07713,0.077648,0.075734,0.076672,1716111.0
1768867200,0.076691,0.076921,0.075412,0.075674,632301.0
1768881600,0.075668,0.076169,0.074035,0.074054,852596.0
1768896000,0.07409,0.074318,0.072931,0.072934,671340.0
1768910400,0.072964,0.073979,0.072289,0.072735,939777.0
1768924800,0.072704,0.073248,0.071541,0.07232,982572.0
1768939200,0.072209,0.072964,0.070587,0.071005,1379369.0
1768953600,0.070945,0.073618,0.070938,0.072978,1151534.0
1768968000,0.072937,0.073334,0.0726,0.072664,397360.0
1768982400,0.072529,0.073068,0.071365,0.071449,918954.0
1768996800,0.071442,0.073741,0.070492,0.073204,1246027.0
1769011200,0.073353,0.075325,0.069516,0.075157,2303434.0
1769025600,0.075263,0.075739,0.072681,0.072844,886941.0
1769040000,0.07289,0.074922,0.07289,0.074232,524407.0
1769054400,0.074248,0.07497,0.072972,0.073248,2442396.0
1769068800,0.073322,0.073802,0.072974,0.073264,1253771.0
1769083200,0.073178,0.073993,0.070793,0.071684,816380.0
1769097600,0.071695,0.073434,0.071695,0.073275,517986.0
1769112000,0.073239,0.073308,0.071753,0.072174,285389.0
1769126400,0.072261,0.073774,0.071958,0.07344,566680.0
1769140800,0.07351,0.074338,0.073131,0.073301,203537.0
1769155200,0.073346,0.073346,0.071037,0.071216,581974.0
1769169600,0.071259,0.071954,0.070052,0.071104,635432.0
1769184000,0.071207,0.07303,0.070043,0.070648,978988.0
1769198400,0.07066,0.071166,0.069849,0.070868,394493.0
1769212800,0.070835,0.071599,0.070523,0.071306,549034.0
1769227200,0.071263,0.071906,0.070958,0.071608,215360.0
1769241600,0.071579,0.071807,0.071,0.071099,196880.0
1769256000,0.071151,0.071237,0.070131,0.07026,471203.0
1769270400,0.070259,0.070474,0.069902,0.070206,200383.0
1769284800,0.070187,0.070581,0.06993,0.070306,487346.0
1769299200,0.070285,0.070578,0.069052,0.069257,798363.0
1769313600,0.069205,0.069706,0.068616,0.069596,751097.0
1769328000,0.069626,0.070952,0.068871,0.070578,1142222.0
1769342400,0.070523,0.070631,0.069303,0.069585,626796.0
1769356800,0.069477,0.069481,0.065684,0.066124,2509018.0
1769371200,0.066118,0.06657,0.065156,0.06591,1459307.0
1769385600,0.065933,0.067795,0.065597,0.066743,1391418.0
1769400000,0.066795,0.068197,0.066528,0.067654,447970.0
1769414400,0.067665,0.06832,0.066669,0.067546,495468.0
1769428800,0.067516,0.068881,0.067248,0.067731,933508.0
1769443200,0.067753,0.068573,0.067346,0.067608,509343.0
1769457600,0.067606,0.068059,0.066975,0.067497,456012.0
1769472000,0.067508,0.068489,0.067332,0.067865,622321.0
1769486400,0.067872,0.068067,0.066531,0.066993,1352954.0
1769500800,0.067009,0.067315,0.066369,0.066629,1065501.0
1769515200,0.066617,0.067159,0.066093,0.067159,541425.0
1769529600,0.067159,0.068152,0.065832,0.067054,851458.0
1769544000,0.067057,0.068087,0.067001,0.067501,1148627.0
1769558400,0.067516,0.067717,0.066793,0.06697,1236811.0
1769572800,0.066943,0.067579,0.066577,0.067276,876405.0
1769587200,0.067252,0.06837,0.067025,0.068127,507325.0
1769601600,0.068084,0.068157,0.066414,0.066673,1167675.0
1769616000,0.066683,0.067622,0.066081,0.066977,724082.0
1769630400,0.066952,0.069849,0.06691,0.068572,692024.0
1769644800,0.068568,0.068635,0.06541,0.065748,809075.0
1769659200,0.06564,0.066426,0.065278,0.066195,596194.0
1769673600,0.066171,0.066576,0.064688,0.064713,1429574.0
1769688000,0.064647,0.064647,0.059876,0.061033,5208863.0
1769702400,0.061023,0.062377,0.06003,0.060727,1658953.0
1769716800,0.060708,0.061731,0.060581,0.061407,1723079.0
1769731200,0.061413,0.061781,0.058293,0.059682,5610967.0
1769745600,0.0597,0.060569,0.058712,0.060031,1064220.0
1769760000,0.060062,0.060588,0.059341,0.060443,643938.0
1769774400,0.060603,0.060615,0.059017,0.059944,2031416.0
1769788800,0.060022,0.062168,0.059178,0.06195,2613373.0
1769803200,0.061841,0.061885,0.060916,0.06152,1179308.0
1769817600,0.061572,0.061585,0.06084,0.061066,700959.0
1769832000,0.061031,0.061303,0.058903,0.059163,523372.0
1769846400,0.059242,0.059333,0.058006,0.058033,997026.0
1769860800,0.058054,0.058186,0.053747,0.055006,3433086.0
1769875200,0.055001,0.055786,0.046942,0.050459,11532437.0
1769889600,0.05039,0.052656,0.049848,0.052214,4113069.0
1769904000,0.052286,0.053037,0.052141,0.0526,2252289.0
1769918400,0.052572,0.052707,0.051238,0.05158,3323082.0
1769932800,0.051612,0.052028,0.050568,0.050996,658001.0
1769947200,0.051002,0.051237,0.048457,0.049343,1507478.0
1769961600,0.049195,0.051276,0.049111,0.050065,1059747.0
1769976000,0.050065,0.050772,0.048607,0.049813,1656293.0
1769990400,0.049852,0.051362,0.048592,0.050522,2030738.0
1770004800,0.050623,0.051103,0.048317,0.049792,2346662.0
1770019200,0.049809,0.051725,0.049809,0.051482,791716.0
1770033600,0.051583,0.055009,0.051583,0.053739,5478606.0
1770048000,0.053829,0.054342,0.052997,0.053165,4135679.0
1770062400,0.053067,0.053231,0.052234,0.052479,495282.0
1770076800,0.05259,0.05259,0.05121,0.052578,672784.0
1770091200,0.05256,0.053256,0.052019,0.052474,890402.0
1770105600,0.052456,0.052673,0.05151,0.051977,613980.0
1770120000,0.051961,0.052365,0.050982,0.051899,1282073.0
1770134400,0.051843,0.051843,0.048074,0.050117,4975360.0
1770148800,0.050161,0.05269,0.049736,0.050499,1647331.0
1770163200,0.0505,0.051889,0.050235,0.051738,1472999.0
1770177600,0.051749,0.052325,0.051104,0.051759,1355427.0
1770192000,0.051768,0.051791,0.050272,0.050669,428625.0
1770206400,0.050672,0.050684,0.047726,0.048481,2124104.0
1770220800,0.048452,0.049553,0.047743,0.049434,3899929.0
1770235200,0.049351,0.049465,0.047241,0.047783,2330812.0
1770249600,0.04782,0.048426,0.047434,0.047525,831126.0
1770264000,0.047675,0.048817,0.047491,0.04839,1181191.0
1770278400,0.048437,0.049883,0.047252,0.047909,1865417.0
1770292800,0.047931,0.048471,0.044361,0.045457,6806976.0
1770307200,0.045511,0.046711,0.044134,0.044299,5255600.0
1770321600,0.044347,0.044645,0.041758,0.042098,7854268.0
1770336000,0.042198,0.044073,0.037929,0.042968,8357750.0
1770350400,0.042987,0.044398,0.042831,0.043858,1533651.0
1770364800,0.043891,0.045293,0.043515,0.045178,1310038.0
1770379200,0.045171,0.04723,0.044863,0.046891,1292420.0
1770393600,0.046892,0.049249,0.04686,0.04801,7725685.0
1770408000,0.048032,0.048202,0.047058,0.047481,5956537.0
1770422400,0.047532,0.047532,0.046475,0.047037,1390296.0
1770436800,0.047047,0.047566,0.044985,0.045431,2168222.0
1770451200,0.04543,0.045522,0.045074,0.045253,351840.0
1770465600,0.04525,0.046956,0.045213,0.045984,1805982.0
1770480000,0.046027,0.047201,0.045771,0.045783,6266268.0
1770494400,0.045785,0.046093,0.045364,0.045537,936547.0
1770508800,0.045517,0.045607,0.043876,0.044047,1882564.0
1770523200,0.044037,0.044282,0.043496,0.043771,3943060.0
1770537600,0.043703,0.043972,0.04279,0.043498,2463127.0
1770552000,0.043494,0.043943,0.042819,0.04289,4033990.0
1770566400,0.042915,0.043142,0.041374,0.042713,2590931.0
1770580800,0.042729,0.04339,0.04158,0.042044,9393737.0
1770595200,0.042052,0.043268,0.041752,0.043262,6610293.0
1770609600,0.043281,0.043281,0.042063,0.042063,5578673.0
1770624000,0.042075,0.042153,0.040622,0.040865,2200307.0
1770638400,0.040904,0.041832,0.040639,0.041741,1042278.0
1770652800,0.041772,0.04271,0.041181,0.041338,2263489.0
1770667200,0.041329,0.041596,0.040913,0.041134,1078586.0
1770681600,0.041135,0.041671,0.040717,0.041051,1830383.0
1770696000,0.041091,0.041492,0.04034,0.040448,800219.0
1770710400,0.040409,0.040929,0.040409,0.040511,977354.0
1770724800,0.040544,0.041092,0.040269,0.040995,1253327.0
1770739200,0.040971,0.041095,0.039411,0.039584,1201896.0
1770753600,0.039591,0.040432,0.039476,0.040427,648796.0
1770768000,0.040405,0.041274,0.040355,0.040867,8440192.0
1770782400,0.040847,0.040955,0.039054,0.039104,1483117.0
1770796800,0.039115,0.039561,0.038779,0.039504,1058659.0
1770811200,0.039499,0.041404,0.038924,0.039366,1904499.0
1770825600,0.039363,0.040825,0.039306,0.040612,1905675.0
1770840000,0.040626,0.049538,0.040367,0.045476,32597721.0
1770854400,0.045456,0.050159,0.045456,0.047656,15383410.0
1770868800,0.047641,0.048712,0.046196,0.046644,3539877.0
1770883200,0.046611,0.046674,0.04496,0.045431,3293049.0
1770897600,0.045374,0.045405,0.043539,0.043861,5865926.0
1770912000,0.043876,0.045258,0.043116,0.04464,4389505.0
1770926400,0.0446,0.045011,0.043655,0.044931,1195628.0
1770940800,0.044831,0.044831,0.043762,0.044383,1214268.0
1770955200,0.044355,0.044556,0.0437,0.044332,1006637.0
1770969600,0.044313,0.044699,0.04337,0.043651,3926771.0
1770984000,0.043652,0.045013,0.043249,0.044543,5267888.0
1770998400,0.044574,0.045728,0.044574,0.04491,9202191.0
1771012800,0.044898,0.046034,0.044661,0.045969,1681137.0
1771027200,0.04589,0.045896,0.045416,0.045433,2459386.0
1771041600,0.045555,0.0502,0.045323,0.049595,13755530.0
1771056000,0.049589,0.050391,0.048932,0.049859,2424531.0
1771070400,0.04988,0.052195,0.048111,0.049412,17459603.0
1771084800,0.04952,0.051509,0.048926,0.05089,1916862.0
1771099200,0.051024,0.052,0.050256,0.050337,1431399.0
1771113600,0.050383,0.050559,0.049431,0.050058,3193474.0
1771128000,0.050088,0.051116,0.049898,0.050872,815506.0
1771142400,0.050806,0.051396,0.049395,0.049939,1618969.0
1771156800,0.049939,0.050188,0.048163,0.048695,1733946.0
1771171200,0.048616,0.0491,0.048006,0.048363,1847278.0
1771185600,0.048363,0.048829,0.047647,0.047991,11282179.0
1771200000,0.047991,0.048483,0.047511,0.048053,12938460.0
1771214400,0.048044,0.048218,0.047293,0.047598,1087860.0
1771228800,0.047607,0.048367,0.047397,0.048051,645422.0
1771243200,0.047996,0.049193,0.047369,0.047605,1418636.0
1771257600,0.047659,0.048447,0.047597,0.04823,559331.0
1771272000,0.048287,0.04944,0.047637,0.04904,2049133.0
1771286400,0.048994,0.049141,0.048295,0.048823,1435772.0
1771300800,0.04877,0.049149,0.048274,0.048479,429788.0
1771315200,0.048467,0.048549,0.047566,0.047943,740867.0
1771329600,0.047938,0.049152,0.047759,0.049083,2376261.0
1771344000,0.049081,0.051323,0.048917,0.049285,1371964.0
1771358400,0.049287,0.04951,0.048557,0.048588,307400.0
1771372800,0.048612,0.048861,0.048054,0.04854,975152.0
1771387200,0.048553,0.048868,0.048185,0.048679,277795.0
1771401600,0.048692,0.049072,0.048173,0.048616,486216.0
1771416000,0.04847,0.048677,0.047406,0.048276,747466.0
1771430400,0.048255,0.04827,0.045745,0.045787,1087715.0
1771444800,0.045868,0.046276,0.043757,0.044004,1014060.0
1771459200,0.04399,0.044252,0.043453,0.044159,1495328.0
1771473600,0.04425,0.044376,0.043729,0.044052,965221.0
1771488000,0.044092,0.044104,0.042856,0.042974,2454197.0
1771502400,0.04299,0.043363,0.042037,0.042774,2549359.0
1771516800,0.042772,0.043204,0.041507,0.042914,1704691.0
1771531200,0.042916,0.043043,0.042523,0.04277,754655.0
1771545600,0.042743,0.043716,0.042657,0.043326,870717.0
1771560000,0.043331,0.043687,0.042941,0.043527,843649.0
1771574400,0.043566,0.044743,0.042923,0.042943,987540.0
1771588800,0.042924,0.04354,0.041549,0.04354,1585545.0
1771603200,0.043761,0.044089,0.042721,0.043474,1203725.0
1771617600,0.043463,0.043613,0.043259,0.043463,224359.0
1771632000,0.043462,0.043699,0.043196,0.043491,684852.0
1771646400,0.043478,0.043973,0.043246,0.04334,290882.0
1771660800,0.043471,0.045799,0.043399,0.045324,1062288.0
1771675200,0.045334,0.045334,0.044286,0.044416,597464.0
1771689600,0.044476,0.044477,0.043476,0.043583,679377.0
1771704000,0.043529,0.043628,0.043026,0.043026,283275.0
1771718400,0.043026,0.043077,0.041736,0.041985,590429.0
1771732800,0.041955,0.042865,0.041902,0.042577,1183729.0
1771747200,0.042639,0.043132,0.042377,0.042511,954245.0
1771761600,0.042516,0.042531,0.041167,0.041625,2391012.0
1771776000,0.041638,0.041859,0.041387,0.041403,989610.0
1771790400,0.041438,0.041566,0.041106,0.041214,1183933.0
1771804800,0.041221,0.041304,0.038959,0.039692,3142438.0
1771819200,0.039692,0.040399,0.039168,0.040116,557739.0
1771833600,0.040113,0.040789,0.039943,0.040141,1907379.0
1771848000,0.040121,0.040649,0.039171,0.039171,2324840.0
1771862400,0.039182,0.03941,0.038468,0.03912,1787149.0
1771876800,0.039076,0.040189,0.038888,0.039658,2232391.0
1771891200,0.039679,0.040184,0.038826,0.039024,3214803.0
1771905600,0.039027,0.039367,0.038622,0.038912,1522095.0
1771920000,0.038878,0.039253,0.038549,0.038895,384669.0
1771934400,0.038919,0.040294,0.038802,0.039808,2166115.0
1771948800,0.039767,0.040158,0.039391,0.039646,1760297.0
1771963200,0.039669,0.039756,0.039015,0.039015,784030.0
1771977600,0.039015,0.040729,0.038908,0.03963,1325383.0
1771992000,0.039632,0.039761,0.039044,0.039636,1101263.0
1772006400,0.039663,0.040246,0.039517,0.040191,1661583.0
1772020800,0.040288,0.043544,0.040156,0.043443,2948194.0
1772035200,0.043468,0.044585,0.043444,0.043725,4613569.0
1772049600,0.043759,0.044577,0.042048,0.042586,2191489.0
1772064000,0.042593,0.042896,0.041738,0.042341,9341944.0
1772078400,0.042311,0.042819,0.041624,0.041662,2723825.0
1772092800,0.041797,0.042559,0.041031,0.041324,2727841.0
1772107200,0.041308,0.04176,0.040818,0.041261,3435608.0
1772121600,0.041309,0.041309,0.039514,0.040751,2325276.0
1772136000,0.040716,0.040884,0.040127,0.040542,670145.0
1772150400,0.040525,0.041113,0.040371,0.041113,363913.0
1772164800,0.041178,0.042304,0.041178,0.042249,1303387.0
1772179200,0.042331,0.042432,0.0409,0.040947,1190711.0
1772193600,0.040944,0.04112,0.040391,0.040685,1438634.0
1772208000,0.040683,0.040683,0.039986,0.040172,1505999.0
1772222400,0.040081,0.040327,0.039197,0.039899,874182.0
1772236800,0.039889,0.039936,0.039444,0.03951,650012.0
1772251200,0.039523,0.039523,0.036739,0.037512,1803942.0
1772265600,0.037464,0.037464,0.036729,0.03712,2217869.0
1772280000,0.037058,0.038484,0.036867,0.037973,1129636.0
1772294400,0.037965,0.039431,0.037714,0.039073,1276516.0
1772308800,0.03913,0.040244,0.039089,0.040001,555795.0
1772323200,0.040021,0.041923,0.039301,0.040922,2461184.0
1772337600,0.041007,0.041312,0.040318,0.040633,1275192.0
1772352000,0.040692,0.040701,0.039773,0.039923,1182016.0
1772366400,0.03991,0.040548,0.039218,0.0401,689386.0
1772380800,0.040108,0.040421,0.038868,0.038913,749877.0
1772395200,0.038949,0.039477,0.038239,0.039242,926276.0
1772409600,0.039267,0.040385,0.039267,0.040111,2686103.0
1772424000,0.040093,0.040306,0.038908,0.039351,1505653.0
1772438400,0.039244,0.03978,0.038841,0.039399,541103.0
1772452800,0.039427,0.041808,0.038856,0.041311,3474487.0
1772467200,0.0415,0.042074,0.040641,0.041063,1532846.0
1772481600,0.04101,0.041176,0.040194,0.040323,573946.0
1772496000,0.040361,0.040554,0.039935,0.040375,1211559.0
1772510400,0.04037,0.04061,0.040046,0.040605,251617.0
1772524800,0.040597,0.04085,0.039561,0.039842,716843.0
1772539200,0.039887,0.040843,0.039691,0.040735,2362319.0
1772553600,0.040744,0.042017,0.040598,0.041152,1831194.0
1772568000,0.041102,0.041528,0.040692,0.040985,859587.0
1772582400,0.041081,0.041193,0.040264,0.040603,1370329.0
1772596800,0.0407,0.041742,0.040504,0.041742,683944.0
1772611200,0.04173,0.042758,0.041392,0.041554,912910.0
1772625600,0.04159,0.043087,0.041291,0.043087,4322506.0
1772640000,0.042965,0.04335,0.042369,0.043034,4226797.0
1772654400,0.043105,0.043105,0.041979,0.042368,420894.0
1772668800,0.042277,0.042448,0.041772,0.041876,1131822.0
1772683200,0.041852,0.042122,0.041523,0.041705,467432.0
1772697600,0.041805,0.042979,0.041589,0.042331,988671.0
1772712000,0.042317,0.042588,0.041153,0.041345,2157703.0
1772726400,0.041351,0.041786,0.040456,0.041588,3354353.0
1772740800,0.041652,0.042002,0.041352,0.041408,821989.0
1772755200,0.041415,0.041706,0.041169,0.041704,861171.0
1772769600,0.041703,0.041769,0.041183,0.041702,669849.0
1772784000,0.041691,0.041711,0.040818,0.040945,523763.0
1772798400,0.040869,0.041142,0.039547,0.039698,1852479.0
1772812800,0.039647,0.039904,0.039191,0.039611,1213303.0
1772827200,0.039613,0.039877,0.039465,0.039628,540682.0
1772841600,0.039692,0.039887,0.039546,0.039548,1025896.0
1772856000,0.039553,0.039714,0.03912,0.039388,798451.0
1772870400,0.039347,0.039715,0.039182,0.039496,247007.0
1772884800,0.039472,0.039575,0.038803,0.038926,667955.0
1772899200,0.038866,0.0393,0.038533,0.038675,734303.0
1772913600,0.038745,0.038766,0.038262,0.038617,258748.0
1772928000,0.038581,0.038669,0.037644,0.037916,692139.0
1772942400,0.037895,0.038283,0.037568,0.038076,450326.0
1772956800,0.038152,0.038653,0.037921,0.038287,297278.0
1772971200,0.038233,0.038584,0.037658,0.038369,619168.0
1772985600,0.038345,0.039039,0.03801,0.038696,474465.0
1773000000,0.038691,0.038944,0.038011,0.038525,775547.0
1773014400,0.038576,0.03978,0.038448,0.039294,1188250.0
1773028800,0.039464,0.040507,0.039388,0.039918,1234407.0
1773043200,0.039935,0.040227,0.039407,0.039708,669684.0
1773057600,0.039797,0.040293,0.039743,0.040167,1900976.0
1773072000,0.040166,0.040877,0.039881,0.040402,1764847.0
1773086400,0.040448,0.04114,0.039936,0.039958,879752.0
1773100800,0.040046,0.040909,0.039976,0.040505,651058.0
1773115200,0.040512,0.041462,0.040463,0.041198,912805.0
1773129600,0.041283,0.04242,0.041283,0.042312,1948512.0
1773144000,0.042359,0.042504,0.040999,0.042163,2226166.0
1773158400,0.042169,0.042341,0.041159,0.041595,1019321.0
1773172800,0.04153,0.041661,0.04119,0.041266,385232.0
1773187200,0.041289,0.04152,0.041015,0.041274,465204.0
1773201600,0.041232,0.042135,0.041061,0.042028,685800.0
1773216000,0.042061,0.042158,0.041279,0.041279,963705.0
1773230400,0.041304,0.042683,0.041304,0.042055,455431.0
1773244800,0.042058,0.042376,0.041944,0.042051,426663.0
1773259200,0.042094,0.042256,0.041662,0.041752,768230.0
1773273600,0.041772,0.041774,0.04105,0.041148,1219429.0
1773288000,0.041139,0.041552,0.040946,0.041541,493302.0
1773302400,0.041542,0.042328,0.041358,0.041923,314317.0
1773316800,0.041956,0.042099,0.041309,0.041774,339178.0
1773331200,0.041777,0.042478,0.041487,0.042327,673223.0
1773345600,0.042279,0.042842,0.041957,0.042695,271080.0
1773360000,0.042736,0.044075,0.042704,0.043918,1471552.0
1773374400,0.043986,0.04431,0.043465,0.043732,517983.0
1773388800,0.04378,0.044048,0.043362,0.04344,925570.0
1773403200,0.043527,0.044331,0.042905,0.043075,2371594.0
1773417600,0.043056,0.043242,0.042272,0.042573,1206136.0
1773432000,0.042513,0.043046,0.042142,0.042438,253256.0
1773446400,0.042461,0.042568,0.042005,0.042417,1610604.0
1773460800,0.042443,0.042593,0.041831,0.041932,523332.0
1773475200,0.041952,0.041978,0.041609,0.041932,179626.0
1773489600,0.041939,0.043009,0.04169,0.042599,802167.0
1773504000,0.042677,0.043129,0.042642,0.042686,187635.0
1773518400,0.042715,0.043653,0.042669,0.043521,357853.0
1773532800,0.043582,0.047052,0.043318,0.045639,6124747.0
1773547200,0.045879,0.047254,0.045214,0.045965,2227420.0
1773561600,0.045896,0.051541,0.045676,0.047001,8028331.0
1773576000,0.046964,0.047062,0.044942,0.045978,2852765.0
1773590400,0.045984,0.046962,0.04597,0.046723,1051530.0
1773604800,0.04666,0.047027,0.046055,0.046341,2139837.0
1773619200,0.046378,0.048852,0.046224,0.048269,4127252.0
1773633600,0.048474,0.049724,0.048474,0.049266,1822729.0
1773648000,0.049421,0.051595,0.048676,0.05062,3539082.0
1773662400,0.050858,0.050967,0.049638,0.049851,3693318.0
1773676800,0.049878,0.050472,0.04943,0.04968,3265780.0
1773691200,0.049662,0.049851,0.049088,0.049664,838807.0
1773705600,0.049666,0.050058,0.0483,0.048496,2503423.0
1773720000,0.048558,0.048592,0.047768,0.047978,2046896.0
1773734400,0.048048,0.048741,0.048048,0.048418,2103597.0
1773748800,0.048437,0.048717,0.04809,0.048592,2896257.0
1773763200,0.048698,0.049232,0.048452,0.048757,208368.0
1773777600,0.048762,0.049574,0.048632,0.049153,1253937.0
1773792000,0.0491,0.049629,0.048864,0.049497,844762.0
1773806400,0.049475,0.049941,0.048955,0.049272,429269.0
1773820800,0.049331,0.04967,0.047998,0.048098,643398.0
1773835200,0.048114,0.048114,0.045377,0.045518,2625234.0
1773849600,0.045438,0.045848,0.044801,0.045084,1002091.0
1773864000,0.045053,0.045541,0.044626,0.044971,507030.0
1773878400,0.044978,0.045301,0.044374,0.045003,290712.0
1773892800,0.045036,0.045837,0.044745,0.045009,427154.0
1773907200,0.045104,0.045221,0.044454,0.044623,391096.0
1773921600,0.044623,0.044646,0.043341,0.044003,4147065.0
1773936000,0.043971,0.044146,0.043134,0.043988,705574.0
1773950400,0.043999,0.044569,0.043884,0.044481,1289471.0
1773964800,0.044493,0.045027,0.044403,0.044879,625507.0
1773979200,0.044876,0.045212,0.044363,0.044803,664416.0
1773993600,0.044804,0.045344,0.044682,0.044837,771592.0
1774008000,0.044936,0.045086,0.044207,0.044525,851928.0
1774022400,0.044562,0.044823,0.04381,0.044181,1737037.0
1774036800,0.044183,0.044909,0.04378,0.044487,669305.0
1774051200,0.044481,0.044797,0.044415,0.044641,466375.0
1774065600,0.044614,0.044772,0.04409,0.044155,257944.0
1774080000,0.044157,0.044367,0.044013,0.0442,361443.0
1774094400,0.044177,0.044873,0.044036,0.044873,284433.0
1774108800,0.044916,0.045324,0.044675,0.04471,254062.0
1774123200,0.044741,0.044905,0.0428,0.043022,458305.0
1774137600,0.042997,0.043276,0.042317,0.042845,737324.0
1774152000,0.042844,0.043221,0.042642,0.04274,199387.0
1774166400,0.042704,0.042982,0.042066,0.042095,435132.0
1774180800,0.042102,0.042614,0.042102,0.042447,216472.0
1774195200,0.042467,0.04274,0.041902,0.041975,241736.0
1774209600,0.042094,0.042375,0.041321,0.042005,732836.0
1774224000,0.042009,0.0425,0.041643,0.041979,426233.0
1774238400,0.042042,0.042448,0.041405,0.041692,443823.0
1774252800,0.041738,0.044263,0.04138,0.043319,1317127.0
1774267200,0.043389,0.04431,0.043135,0.043561,878597.0
1774281600,0.043669,0.044433,0.043527,0.043996,527122.0
1774296000,0.044024,0.044468,0.043511,0.043796,309333.0
1774310400,0.043767,0.043879,0.043111,0.04366,538207.0
1774324800,0.043689,0.04502,0.043522,0.044988,681711.0
1774339200,0.044985,0.045262,0.043529,0.043578,1341966.0
1774353600,0.043601,0.043834,0.043195,0.043311,775902.0
1774368000,0.04332,0.043543,0.04264,0.043273,631505.0
1774382400,0.043259,0.044123,0.043259,0.043556,968458.0
1774396800,0.043575,0.044071,0.04351,0.043883,838688.0
1774411200,0.043833,0.044556,0.043636,0.044218,388251.0
1774425600,0.044295,0.044933,0.044266,0.044572,739067.0
1774440000,0.044621,0.04492,0.04415,0.044434,532714.0
1774454400,0.044422,0.044775,0.043971,0.044017,235218.0
1774468800,0.044035,0.044035,0.043309,0.043409,796339.0
1774483200,0.043409,0.043641,0.042897,0.04293,696782.0
1774497600,0.042938,0.042938,0.042066,0.042319,517433.0
1774512000,0.042315,0.042686,0.041443,0.041514,513763.0
1774526400,0.041472,0.042328,0.041472,0.041528,1689391.0
1774540800,0.041529,0.041889,0.041377,0.041671,1353974.0
1774555200,0.041671,0.042526,0.041447,0.042112,1468003.0
1774569600,0.042104,0.042676,0.042037,0.042486,920247.0
1774584000,0.042503,0.042503,0.042057,0.042343,509398.0
1774598400,0.042366,0.042394,0.040607,0.04076,661679.0
1774612800,0.040783,0.04106,0.040537,0.04062,849715.0
1774627200,0.040614,0.040736,0.039633,0.040511,3655733.0
1774641600,0.040427,0.040546,0.04015,0.040186,358274.0
1774656000,0.040223,0.04032,0.039779,0.039942,363719.0
1774670400,0.039976,0.04046,0.039799,0.040388,735045.0
1774684800,0.04039,0.042045,0.04039,0.041742,1322226.0
1774699200,0.041771,0.04234,0.041528,0.041616,1430244.0
1774713600,0.041696,0.041851,0.041477,0.041643,243489.0
1774728000,0.041657,0.041657,0.040898,0.041018,383611.0
1774742400,0.041062,0.041218,0.040866,0.041062,213096.0
1774756800,0.041082,0.041152,0.040885,0.04094,243784.0
1774771200,0.040939,0.040945,0.040343,0.040415,586961.0
1774785600,0.040398,0.040417,0.039911,0.040154,474271.0
1774800000,0.040147,0.040351,0.039815,0.039925,226577.0
1774814400,0.039997,0.04041,0.038971,0.039753,592042.0
1774828800,0.039867,0.040985,0.039796,0.040746,382478.0
1774843200,0.040778,0.041159,0.040772,0.041085,382571.0
1774857600,0.041109,0.04144,0.040832,0.041274,1123637.0
1774872000,0.041246,0.041346,0.040446,0.040897,1878170.0
1774886400,0.040918,0.040957,0.039946,0.040137,805312.0
1774900800,0.04013,0.040491,0.039799,0.040045,572918.0
1774915200,0.04009,0.04096,0.040064,0.040694,451135.0
1774929600,0.040691,0.040746,0.040417,0.040656,263236.0
1774944000,0.040641,0.040777,0.040052,0.040408,626705.0
1774958400,0.040439,0.04142,0.040353,0.040433,627799.0
1774972800,0.040529,0.041293,0.040529,0.040843,242812.0
1774987200,0.040868,0.041045,0.040639,0.040883,227794.0
1775001600,0.04084,0.041275,0.040602,0.041195,195987.0
1775016000,0.041213,0.042478,0.041094,0.042131,1442222.0
1775030400,0.042204,0.044008,0.042204,0.04389,604441.0
1775044800,0.044037,0.04474,0.043778,0.04474,2816561.0
1775059200,0.044669,0.047,0.044669,0.045747,8269026.0
1775073600,0.045766,0.046148,0.0454,0.04551,1174299.0
1775088000,0.045575,0.046106,0.042866,0.042866,3141381.0
1775102400,0.042962,0.043089,0.0424,0.043,1530270.0
1775116800,0.043,0.043023,0.041391,0.041729,1007858.0
1775131200,0.041632,0.042291,0.041289,0.041819,3122811.0
1775145600,0.041792,0.041935,0.041353,0.041671,644976.0
1775160000,0.041644,0.041798,0.041391,0.041723,1617389.0
1775174400,0.041733,0.042126,0.041388,0.042096,447539.0
1775188800,0.042129,0.04281,0.041995,0.04227,400656.0
1775203200,0.04231,0.042633,0.042275,0.042392,980802.0
1775217600,0.042446,0.042843,0.041833,0.042124,949686.0
1775232000,0.042086,0.042233,0.041746,0.042056,406752.0
1775246400,0.042072,0.042268,0.041835,0.04193,340465.0
1775260800,0.041925,0.041993,0.041435,0.041435,325989.0
1775275200,0.04146,0.041626,0.041301,0.041483,649417.0
1775289600,0.041484,0.041665,0.041089,0.041654,794923.0
1775304000,0.041685,0.041719,0.04086,0.041399,639712.0
1775318400,0.041388,0.041881,0.041174,0.041678,362438.0
1775332800,0.04168,0.041769,0.041485,0.041645,356454.0
1775347200,0.041663,0.041697,0.041074,0.041292,788608.0
1775361600,0.041272,0.041368,0.040794,0.040813,350405.0
1775376000,0.040826,0.040841,0.040379,0.040703,552116.0
1775390400,0.040706,0.040859,0.0401,0.0405,488691.0
1775404800,0.040492,0.040669,0.039544,0.040034,947348.0
1775419200,0.04007,0.040894,0.03993,0.040803,808955.0
1775433600,0.040838,0.041659,0.040838,0.041465,786658.0
1775448000,0.041533,0.041617,0.040989,0.041315,626669.0
1775462400,0.041355,0.042196,0.041247,0.041862,689305.0
1775476800,0.041895,0.041984,0.0411,0.041355,1591355.0
1775491200,0.041348,0.041482,0.040978,0.041098,438905.0
1775505600,0.041067,0.04118,0.039891,0.040219,1004592.0
1775520000,0.040184,0.040402,0.040054,0.040321,213151.0
1775534400,0.040324,0.040667,0.040087,0.040264,358077.0
1775548800,0.040281,0.040527,0.039592,0.039684,623007.0
1775563200,0.03966,0.039794,0.039266,0.039637,757504.0
1775577600,0.039613,0.040253,0.039595,0.040253,488648.0
1775592000,0.040448,0.044228,0.040287,0.043871,1111220.0
1775606400,0.044065,0.045065,0.042996,0.043168,1850216.0
1775620800,0.04318,0.043504,0.042895,0.043382,466747.0
1775635200,0.043421,0.043919,0.043171,0.04339,503783.0
1775649600,0.043427,0.043918,0.042467,0.04295,1209923.0
1775664000,0.042943,0.043017,0.042092,0.042262,785416.0
1775678400,0.042274,0.042432,0.041067,0.041299,742435.0
1775692800,0.041291,0.041344,0.04063,0.041029,384728.0
1775707200,0.040987,0.04177,0.040753,0.041571,799634.0
1775721600,0.041587,0.041945,0.041323,0.041343,527581.0
1775736000,0.041347,0.042266,0.041044,0.042216,1448378.0
1775750400,0.042266,0.042508,0.041999,0.042131,2487766.0
1775764800,0.042212,0.042467,0.041382,0.041512,1609987.0
1775779200,0.041526,0.041552,0.040944,0.041143,549277.0
1775793600,0.041143,0.041499,0.040949,0.04106,311819.0
1775808000,0.04108,0.041574,0.041016,0.041209,1168889.0
1775822400,0.041237,0.042044,0.041167,0.041874,1495581.0
1775836800,0.041922,0.042636,0.041788,0.042454,1824024.0
1775851200,0.042489,0.042626,0.041972,0.042223,575859.0
1775865600,0.042198,0.042245,0.041653,0.041831,466632.0
1775880000,0.04186,0.042048,0.041531,0.041749,298283.0
1775894400,0.041747,0.042092,0.041742,0.041823,396003.0
1775908800,0.041798,0.042062,0.041628,0.041717,264984.0
1775923200,0.041714,0.042821,0.041697,0.042616,647832.0
1775937600,0.04263,0.04263,0.041822,0.041998,478273.0
1775952000,0.041985,0.042015,0.04016,0.040748,1283620.0
1775966400,0.040656,0.04105,0.040622,0.040949,256388.0
1775980800,0.040945,0.041063,0.040655,0.040888,250737.0
1775995200,0.0409,0.041384,0.040755,0.040852,429322.0
1776009600,0.040823,0.041357,0.040735,0.041006,398182.0
1776024000,0.041028,0.041261,0.040328,0.040394,390962.0
1776038400,0.04039,0.040642,0.040281,0.040504,1269691.0
1776052800,0.040534,0.040627,0.040146,0.040173,436861.0
1776067200,0.040173,0.040415,0.039861,0.040342,459060.0
1776081600,0.040329,0.040839,0.04018,0.040327,722539.0
1776096000,0.040369,0.041224,0.040196,0.04122,443882.0
1776110400,0.041254,0.043109,0.040875,0.04284,1841971.0
1776124800,0.042947,0.043047,0.042397,0.042421,448568.0
1776139200,0.04239,0.042509,0.041566,0.041991,979175.0
1776153600,0.041991,0.04232,0.041488,0.041549,565767.0
1776168000,0.041589,0.0422,0.041498,0.041813,578433.0
1776182400,0.041848,0.042047,0.040368,0.041021,1758003.0
1776196800,0.041012,0.041092,0.040482,0.04089,567636.0
1776211200,0.04084,0.041321,0.04084,0.041112,627082.0
1776225600,0.041108,0.041375,0.040623,0.040712,742391.0
1776240000,0.04078,0.041848,0.040719,0.041731,748269.0
1776254400,0.041726,0.042241,0.041528,0.041629,866162.0
1776268800,0.041601,0.042952,0.041601,0.042781,1122933.0
1776283200,0.042766,0.043195,0.042332,0.042603,1649794.0
1776297600,0.042705,0.043456,0.042427,0.043308,1345054.0
1776312000,0.043348,0.044987,0.043348,0.044667,1962893.0
1776326400,0.044723,0.044785,0.043609,0.043776,1311404.0
1776340800,0.043814,0.044992,0.043132,0.044812,1969639.0
1776355200,0.044911,0.046026,0.044417,0.045969,2061509.0
1776369600,0.045938,0.04641,0.045653,0.046193,764762.0
1776384000,0.046176,0.046507,0.045318,0.045461,2408359.0
1776398400,0.045474,0.045859,0.044761,0.045849,542911.0
1776412800,0.045876,0.045887,0.045006,0.04558,410813.0
1776427200,0.045551,0.047625,0.04543,0.046823,1442625.0
1776441600,0.046817,0.047558,0.046523,0.047185,677169.0
1776456000,0.047264,0.047462,0.04651,0.046937,693659.0
1776470400,0.046897,0.04792,0.04665,0.04665,641753.0
1776484800,0.04672,0.047534,0.04662,0.047459,1010352.0
1776499200,0.047439,0.047621,0.045176,0.045423,1742305.0
1776513600,0.045519,0.045519,0.044922,0.045144,777540.0
1776528000,0.045112,0.045346,0.043307,0.043531,1056122.0
1776542400,0.043498,0.043498,0.042367,0.042742,787759.0
1776556800,0.042717,0.042717,0.041584,0.041971,2966255.0
1776571200,0.041966,0.042093,0.041131,0.041786,1784316.0
1776585600,0.041772,0.042395,0.041532,0.042281,970114.0
1776600000,0.042295,0.042841,0.041802,0.042172,1333231.0
1776614400,0.042136,0.042373,0.041549,0.042144,772775.0
1776628800,0.042142,0.042298,0.041073,0.041301,901411.0
1776643200,0.04131,0.042097,0.04131,0.042037,1342324.0
1776657600,0.042074,0.042756,0.041486,0.042367,424140.0
1776672000,0.042411,0.043095,0.042087,0.042877,797483.0
1776686400,0.042927,0.04335,0.042579,0.04306,1392237.0
1776700800,0.043065,0.044049,0.042911,0.043497,757187.0
1776715200,0.043537,0.043877,0.042993,0.043088,551908.0
1776729600,0.043187,0.043615,0.0428,0.04302,1016220.0
1776744000,0.043078,0.043332,0.042813,0.043129,335590.0
1776758400,0.043102,0.043384,0.042847,0.043023,652938.0
1776772800,0.043011,0.043221,0.042365,0.042846,1176854.0
1776787200,0.04287,0.042994,0.042081,0.042253,353698.0
1776801600,0.042193,0.043077,0.042166,0.042955,518978.0
1776816000,0.043034,0.043822,0.042962,0.043651,1493076.0
1776830400,0.043786,0.044887,0.04357,0.044539,844560.0
1776844800,0.04455,0.044689,0.044214,0.044524,322308.0
1776859200,0.044602,0.044713,0.044245,0.044412,1174531.0
1776873600,0.044486,0.044689,0.043779,0.043979,1218558.0
1776888000,0.043994,0.0442,0.043301,0.043301,600006.0
1776902400,0.043313,0.043468,0.042638,0.042742,832462.0
1776916800,0.042793,0.043307,0.042746,0.043154,445397.0
1776931200,0.043134,0.043305,0.042499,0.043051,335500.0
1776945600,0.043101,0.044421,0.043101,0.044194,597637.0
1776960000,0.044224,0.044245,0.042883,0.043325,839690.0
1776974400,0.043329,0.043992,0.043329,0.043893,376592.0
1776988800,0.043927,0.044232,0.043543,0.043718,1018966.0
1777003200,0.043721,0.044052,0.043491,0.043926,473025.0
1777017600,0.043936,0.044865,0.043785,0.044814,392155.0
1777032000,0.044881,0.045493,0.044337,0.045373,1033136.0
1777046400,0.045443,0.045806,0.045235,0.045637,964927.0
1777060800,0.045742,0.047543,0.045504,0.046285,1644663.0
1777075200,0.046305,0.047351,0.045942,0.046982,267670.0
1777089600,0.046978,0.047281,0.046316,0.046449,360736.0
1777104000,0.046484,0.048076,0.046479,0.04654,594139.0
1777118400,0.046584,0.047065,0.046022,0.046159,934574.0
1777132800,0.046179,0.046333,0.04544,0.045892,1065454.0
1777147200,0.0459,0.046165,0.045575,0.046081,382291.0
1777161600,0.046105,0.046277,0.045729,0.045998,167990.0
1777176000,0.045955,0.047109,0.045925,0.046749,438893.0
1777190400,0.046775,0.047417,0.046742,0.047073,691975.0
1777204800,0.047063,0.047085,0.046518,0.046981,520244.0
1777219200,0.047023,0.047062,0.046538,0.046704,525388.0
1777233600,0.046637,0.046997,0.046204,0.046654,467674.0
1777248000,0.046744,0.047437,0.046418,0.047031,566775.0
1777262400,0.047011,0.047014,0.045247,0.045368,939552.0
1777276800,0.04532,0.045653,0.045193,0.04538,574918.0
1777291200,0.045415,0.046271,0.044556,0.044807,855725.0
1777305600,0.044827,0.045277,0.044556,0.044773,1922412.0
1777320000,0.044867,0.045565,0.044783,0.045556,291658.0
1777334400,0.045437,0.045626,0.04522,0.045362,302072.0
1777348800,0.04539,0.04728,0.045352,0.047187,479712.0
1777363200,0.047171,0.048083,0.046181,0.046363,1105440.0
1777377600,0.046396,0.047168,0.045585,0.046915,5827420.0
1777392000,0.04688,0.046932,0.046171,0.046725,1101477.0
1777406400,0.046735,0.046759,0.045697,0.045971,2922609.0
1777420800,0.045917,0.04754,0.045798,0.047483,1035414.0
1777435200,0.047443,0.047848,0.046737,0.047116,475534.0
1777449600,0.047114,0.048006,0.046818,0.047364,2534853.0
1777464000,0.047327,0.047483,0.04565,0.045815,4193581.0
1777478400,0.045861,0.046167,0.044149,0.044928,1257295.0
1777492800,0.044982,0.045609,0.044864,0.045132,174174.0
1777507200,0.045157,0.045661,0.043257,0.043545,2768392.0
1777521600,0.043556,0.043924,0.042974,0.043885,843472.0
1777536000,0.04392,0.04392,0.042759,0.043124,1047998.0
1777550400,0.043071,0.043359,0.042519,0.043244,1116412.0
1777564800,0.043254,0.043822,0.042213,0.043178,1404714.0
1777579200,0.043232,0.043359,0.042916,0.043147,238148.0
1777593600,0.043162,0.043874,0.042938,0.043549,556725.0
1777608000,0.043555,0.043732,0.042951,0.043143,416166.0
1777622400,0.043165,0.043516,0.042938,0.043516,385818.0
1777636800,0.043476,0.044433,0.043337,0.044245,2616636.0
1777651200,0.04425,0.045224,0.043892,0.044606,982002.0
1777665600,0.044567,0.04491,0.043834,0.044007,1980352.0
1777680000,0.044068,0.044424,0.04393,0.04406,421067.0
1777694400,0.044038,0.044058,0.043431,0.043431,583742.0
1777708800,0.043441,0.043561,0.042993,0.04306,168073.0
1777723200,0.043061,0.043716,0.042991,0.043632,731987.0
1777737600,0.043658,0.044077,0.043594,0.0439,423606.0
1777752000,0.043923,0.044211,0.043654,0.043725,197228.0
1777766400,0.043809,0.043809,0.043017,0.043229,337684.0
1777780800,0.04318,0.043594,0.043084,0.043497,558377.0
1777795200,0.043508,0.044728,0.043374,0.044497,2989390.0
1777809600,0.044471,0.044718,0.043885,0.044439,1858346.0
1777824000,0.04449,0.044512,0.043836,0.043954,346754.0
1777838400,0.043972,0.044222,0.043631,0.043667,1282862.0
1777852800,0.043617,0.045101,0.043355,0.045069,627486.0
1777867200,0.045036,0.045402,0.044454,0.044623,1303240.0
1777881600,0.044603,0.044853,0.043364,0.04395,2889945.0
1777896000,0.043952,0.044694,0.043752,0.04417,4112541.0
1777910400,0.044174,0.044763,0.043872,0.04438,2036054.0
1777924800,0.044345,0.044885,0.044071,0.044348,1240549.0
1777939200,0.044323,0.045135,0.044233,0.044969,815749.0
1777953600,0.04492,0.045448,0.0447,0.045273,971957.0
1777968000,0.045274,0.045447,0.044782,0.045238,1622647.0
1777982400,0.045238,0.04545,0.044372,0.044703,9879732.0
1777996800,0.044733,0.045051,0.044445,0.044964,653472.0
1778011200,0.045009,0.045833,0.044934,0.0452,1243519.0
1778025600,0.045227,0.047375,0.045057,0.047233,1860322.0
1778040000,0.047305,0.049242,0.047227,0.048266,3882812.0
1778054400,0.048261,0.049953,0.048241,0.048908,2990131.0
1778068800,0.048922,0.049575,0.047634,0.048467,1664738.0
1778083200,0.048427,0.049241,0.047953,0.048374,1594492.0
1778097600,0.048458,0.049273,0.048147,0.048803,655197.0
1778112000,0.048782,0.048784,0.047486,0.047727,632031.0
1778126400,0.04769,0.050527,0.047606,0.049743,2084837.0
1778140800,0.049745,0.050146,0.048975,0.049345,1027528.0
1778155200,0.049284,0.049875,0.047611,0.047791,3530013.0
1778169600,0.047771,0.049034,0.047718,0.048868,1508152.0
1778184000,0.04889,0.04929,0.048079,0.048778,1035891.0
1778198400,0.048781,0.049648,0.048312,0.049467,411486.0
1778212800,0.049512,0.049729,0.048632,0.049203,1541643.0
1778227200,0.049171,0.049988,0.049138,0.049837,2031342.0
1778241600,0.049838,0.051224,0.04901,0.050765,2950168.0
1778256000,0.050904,0.054288,0.050759,0.05262,6239147.0
1778270400,0.052607,0.055,0.052387,0.054019,3292384.0
1778284800,0.05402,0.054256,0.053032,0.053339,1798421.0
1778299200,0.053447,0.053713,0.052419,0.05267,1734474.0
1778313600,0.052688,0.053007,0.051854,0.052401,1825003.0
1778328000,0.052343,0.05272,0.051334,0.051599,344521.0
1778342400,0.051617,0.053091,0.051522,0.052445,503804.0
1778356800,0.0525,0.052784,0.052139,0.052421,419936.0
1778371200,0.052419,0.052751,0.051816,0.052412,374561.0
1778385600,0.052425,0.052571,0.052012,0.052311,221306.0
1778400000,0.052334,0.053801,0.05232,0.052891,394857.0
1778414400,0.052891,0.058091,0.052608,0.058019,11752710.0
1778428800,0.057958,0.05846,0.054266,0.056145,17433138.0
1778443200,0.056173,0.056173,0.053705,0.054911,1796550.0
1778457600,0.054977,0.055135,0.0533,0.053856,1654829.0
1778472000,0.053812,0.054347,0.053185,0.053912,2360933.0
1778486400,0.053844,0.054969,0.053029,0.05333,1931376.0
1778500800,0.053304,0.053394,0.052165,0.053105,1216516.0
1778515200,0.053125,0.053946,0.052913,0.053727,997928.0
1778529600,0.053742,0.053956,0.052778,0.053,631577.0
1778544000,0.052924,0.053055,0.049494,0.050391,2323939.0
1778558400,0.050426,0.051173,0.050252,0.050966,364777.0
1778572800,0.050878,0.051006,0.050132,0.050373,3426397.0
1778587200,0.050384,0.051096,0.049496,0.049791,5848746.0
1778601600,0.049636,0.050631,0.049253,0.050403,2410732.0
1778616000,0.05043,0.050916,0.050139,0.050262,425575.0
1778630400,0.050215,0.051358,0.050165,0.051135,672385.0
1778644800,0.051191,0.051731,0.050788,0.05118,444161.0
1778659200,0.051188,0.052055,0.05066,0.05069,485544.0
1778673600,0.050703,0.050906,0.047909,0.047998,4864367.0
1778688000,0.048019,0.049133,0.048019,0.048606,2103391.0
1778702400,0.048589,0.048879,0.048018,0.048392,888871.0
1778716800,0.048495,0.049004,0.04792,0.04792,268378.0
1778731200,0.047898,0.048893,0.04771,0.048549,500778.0
1778745600,0.048493,0.049422,0.048409,0.04878,1913080.0
1778760000,0.048628,0.050249,0.048612,0.050167,1433804.0
1778774400,0.050153,0.050452,0.049794,0.049986,1650699.0
1778788800,0.050057,0.050191,0.049239,0.049332,1402992.0
1778803200,0.049375,0.049774,0.049011,0.049325,609574.0
1778817600,0.049313,0.049333,0.048119,0.04886,493795.0
1778832000,0.04885,0.049011,0.048593,0.04864,711747.0
1778846400,0.048683,0.048735,0.045974,0.046661,4939667.0
1778860800,0.046679,0.047375,0.046589,0.046858,2869916.0
1778875200,0.046898,0.046968,0.046569,0.046819,404948.0
1778889600,0.046751,0.047015,0.04671,0.046765,203507.0
1778904000,0.046812,0.046836,0.044723,0.045336,772435.0
1778918400,0.045366,0.045603,0.044647,0.045464,969681.0
1778932800,0.045439,0.04589,0.045308,0.045811,574281.0
1778947200,0.04581,0.045968,0.045625,0.04579,1651659.0
1778961600,0.045791,0.045865,0.045445,0.045477,888253.0
1778976000,0.045453,0.045598,0.044989,0.045442,386760.0
1778990400,0.045403,0.045737,0.045374,0.045529,195334.0
1779004800,0.045574,0.045606,0.04517,0.045204,1823401.0
1779019200,0.045255,0.045409,0.044646,0.045149,648047.0
1779033600,0.045201,0.045464,0.044816,0.04538,268590.0
1779048000,0.045432,0.045579,0.042551,0.043943,967617.0
1779062400,0.043966,0.04423,0.043473,0.043795,1368278.0
1779076800,0.043849,0.044056,0.043256,0.043317,963287.0
1779091200,0.0434,0.043892,0.043061,0.043644,1083556.0
1779105600,0.043627,0.044,0.042987,0.043263,777299.0
1779120000,0.043292,0.044009,0.042983,0.043844,404183.0
1779134400,0.043926,0.044778,0.043759,0.04444,403366.0
1779148800,0.044569,0.045033,0.044393,0.044853,1122129.0
1779163200,0.044897,0.045168,0.04461,0.044802,608347.0
1779177600,0.044802,0.044802,0.043896,0.044005,560138.0
1779192000,0.043917,0.044505,0.043665,0.043773,925869.0
1779206400,0.043849,0.044022,0.043536,0.043626,1831286.0
1779220800,0.043638,0.043886,0.043391,0.043573,364216.0
1779235200,0.04361,0.043891,0.043465,0.043791,207190.0
1779249600,0.043757,0.044322,0.043669,0.044003,169461.0
1779264000,0.044037,0.044214,0.043697,0.043726,325943.0
1779278400,0.043726,0.04464,0.04353,0.044473,952579.0
1779292800,0.044512,0.044915,0.044241,0.044756,1239864.0
1779307200,0.044734,0.044968,0.044358,0.044589,1170522.0
1779321600,0.044559,0.045208,0.044559,0.045111,187224.0
1779336000,0.045164,0.047537,0.044904,0.046736,876019.0
1779350400,0.046831,0.047123,0.045855,0.046078,746038.0
1779364800,0.046069,0.047496,0.045869,0.047342,881112.0
1779379200,0.047414,0.049514,0.047312,0.04876,2049517.0
1779393600,0.048773,0.048832,0.048095,0.048339,225557.0
1779408000,0.04834,0.049404,0.048115,0.049254,663437.0
1779422400,0.04944,0.049783,0.047921,0.04793,779648.0
1779436800,0.047973,0.048514,0.047913,0.04809,509360.0
1779451200,0.048097,0.048749,0.047499,0.047828,1386247.0
1779465600,0.047832,0.04808,0.045376,0.046096,1040587.0
1779480000,0.045993,0.046379,0.045269,0.045768,676694.0
1779494400,0.045615,0.046348,0.045262,0.046046,549356.0
1779508800,0.04599,0.046015,0.043693,0.044342,631153.0
1779523200,0.04425,0.04442,0.043883,0.044127,1745136.0
1779537600,0.044138,0.045455,0.043996,0.045309,564210.0
1779552000,0.04538,0.04615,0.045198,0.046022,683691.0
1779566400,0.046023,0.047356,0.045914,0.046942,581748.0
1779580800,0.046824,0.046962,0.046437,0.046478,369460.0
1779595200,0.046441,0.046714,0.046234,0.046485,229460.0
1779609600,0.046524,0.046822,0.046253,0.046263,423685.0
1779624000,0.046272,0.046287,0.045035,0.04575,698659.0
1779638400,0.045743,0.046062,0.045633,0.045759,184392.0
1779652800,0.045666,0.045711,0.044667,0.045345,915122.0
1779667200,0.045325,0.045542,0.045051,0.045223,1482391.0
1779681600,0.045223,0.046111,0.045162,0.045992,360772.0
1779696000,0.045976,0.046329,0.045911,0.04592,646036.0
1779710400,0.045951,0.046258,0.045748,0.046034,1262331.0
1779724800,0.046009,0.046757,0.046008,0.046678,1588064.0
1779739200,0.046719,0.047098,0.045926,0.046138,297297.0
1779753600,0.046097,0.046097,0.045046,0.045217,681430.0
1779768000,0.045292,0.045716,0.045132,0.045345,785292.0
1779782400,0.045363,0.046346,0.045115,0.046112,575305.0
1779796800,0.046106,0.046855,0.04527,0.045642,460716.0
1779811200,0.045624,0.045624,0.044567,0.044969,630611.0
1779825600,0.044998,0.044998,0.044522,0.044615,216450.0
1779840000,0.044695,0.045093,0.044317,0.044341,1807496.0
1779854400,0.044347,0.044974,0.0439,0.044903,543866.0
1779868800,0.04494,0.045097,0.044132,0.044132,375724.0
1779883200,0.044153,0.045031,0.043843,0.044884,929688.0
1779897600,0.044978,0.045216,0.04392,0.04429,759262.0
1779912000,0.044308,0.044318,0.042436,0.042873,2711013.0
1779926400,0.042881,0.043005,0.041463,0.04168,1124404.0
1779940800,0.041658,0.041658,0.040112,0.040723,941483.0
1779955200,0.040765,0.040765,0.040115,0.040218,545381.0
1779969600,0.04025,0.040349,0.039608,0.040089,1560214.0
1779984000,0.040099,0.041242,0.039948,0.040502,549728.0
1779998400,0.040495,0.040978,0.040133,0.04033,1047122.0
1780012800,0.040348,0.040692,0.039961,0.04008,1199941.0
1780027200,0.040181,0.040809,0.039793,0.040809,847419.0
1780041600,0.040859,0.040945,0.039861,0.040043,1092630.0
1780056000,0.040122,0.040928,0.039081,0.040615,1024831.0
1780070400,0.040647,0.041043,0.039726,0.040079,897188.0
1780084800,0.040141,0.040538,0.040003,0.040293,338412.0
1780099200,0.040293,0.041056,0.040293,0.040601,1403800.0
1780113600,0.040601,0.040669,0.039776,0.040169,628830.0
1780128000,0.040159,0.040175,0.039943,0.040092,606461.0
1780142400,0.040103,0.040599,0.039924,0.040284,779232.0
1780156800,0.040284,0.041364,0.040246,0.04087,887944.0
1780171200,0.040916,0.041105,0.04031,0.040487,532106.0
1780185600,0.040479,0.040885,0.040414,0.040615,203729.0
1780200000,0.040615,0.040747,0.040056,0.040144,163795.0
1780214400,0.040154,0.040374,0.039983,0.040169,376371.0
1780228800,0.040191,0.04038,0.03954,0.0397,377893.0
1780243200,0.039645,0.039924,0.039334,0.039402,373611.0
1780257600,0.039519,0.04034,0.039429,0.039811,278622.0
1780272000,0.039846,0.041195,0.039489,0.040754,796630.0
1780286400,0.040904,0.040912,0.039405,0.039465,325130.0
1780300800,0.039489,0.040071,0.038951,0.039723,1716832.0
1780315200,0.039871,0.039976,0.039013,0.039518,1724375.0
1780329600,0.039561,0.040789,0.039406,0.04039,2006703.0
1780344000,0.040441,0.040454,0.039802,0.040344,365957.0
1780358400,0.040347,0.040446,0.039375,0.040334,470417.0
1780372800,0.040354,0.040411,0.039566,0.039989,390021.0
1780387200,0.039991,0.040289,0.039707,0.040067,383053.0
1780401600,0.040031,0.040388,0.036965,0.037388,2498272.0
1780416000,0.037312,0.038206,0.036673,0.03745,2106191.0
1780430400,0.037401,0.037955,0.036299,0.037013,1902789.0
1780444800,0.037066,0.037915,0.036753,0.036915,1122477.0
1780459200,0.036998,0.038138,0.036992,0.037943,556177.0
1780473600,0.037979,0.038959,0.037832,0.038235,1000842.0
1780488000,0.038257,0.038465,0.037765,0.037813,1075603.0
1780502400,0.037826,0.037867,0.037207,0.037332,1097236.0
1780516800,0.037263,0.03773,0.036476,0.036938,1045321.0
1780531200,0.037088,0.037255,0.032451,0.034907,4411764.0
1780545600,0.034923,0.035141,0.034116,0.034162,2922538.0
1780560000,0.034068,0.034312,0.031411,0.033071,4438350.0
1780574400,0.033057,0.034281,0.032342,0.034042,1648670.0
1780588800,0.034012,0.03406,0.033251,0.033614,705681.0
1780603200,0.033675,0.033793,0.032592,0.033261,1449298.0
1780617600,0.033325,0.033365,0.031862,0.032011,1633592.0
1780632000,0.032063,0.032705,0.02985,0.031549,3329072.0
1780646400,0.031495,0.032112,0.031155,0.031532,781855.0
1780660800,0.031547,0.031659,0.029589,0.029768,3938576.0
1780675200,0.029766,0.030658,0.028675,0.029573,3698849.0
1780689600,0.029558,0.030335,0.02919,0.029602,832058.0
1780704000,0.029726,0.030031,0.028897,0.029084,1033780.0
1780718400,0.029053,0.029184,0.027546,0.02907,2103992.0
1780732800,0.029109,0.029697,0.028708,0.029152,1040545.0
1780747200,0.029178,0.030174,0.02902,0.029361,1881924.0
1780761600,0.029283,0.029569,0.028951,0.029206,562785.0
1780776000,0.029157,0.029562,0.029076,0.02942,704035.0
1780790400,0.029442,0.030317,0.029398,0.029651,910047.0
1780804800,0.029689,0.030172,0.029429,0.030075,718668.0
1780819200,0.030058,0.030607,0.029751,0.030072,468857.0
1780833600,0.030042,0.030068,0.029286,0.02967,1863991.0
1780848000,0.029682,0.029756,0.028561,0.028647,2584186.0
1780862400,0.028654,0.030298,0.028654,0.029778,423642.0
1780876800,0.029756,0.030042,0.029372,0.029568,621426.0
1780891200,0.029589,0.029808,0.02903,0.029785,881205.0
1780905600,0.029808,0.030397,0.029605,0.030207,977169.0
1780920000,0.030237,0.030409,0.02995,0.030159,1134605.0
1780934400,0.030154,0.030492,0.030039,0.030174,1222552.0
1780948800,0.03021,0.030484,0.029753,0.029861,1339723.0
1780963200,0.029924,0.029924,0.029144,0.02952,2510578.0
1780977600,0.029474,0.030224,0.029424,0.030162,2833927.0
1780992000,0.0302,0.030297,0.029779,0.030297,3446525.0
1781006400,0.030328,0.030562,0.029285,0.029575,5601684.0
1781020800,0.029559,0.031399,0.029241,0.031266,3395392.0
1781035200,0.031276,0.032285,0.030939,0.031586,4283420.0
1781049600,0.031581,0.031919,0.031022,0.031022,1364418.0
1781064000,0.031124,0.031437,0.030512,0.031311,3919830.0
1781078400,0.031359,0.031359,0.030285,0.030518,1698630.0
1781092800,0.030499,0.031638,0.030352,0.030942,1790382.0
1781107200,0.030996,0.030996,0.029631,0.029761,1561733.0
1781121600,0.029712,0.029855,0.028848,0.029368,1661671.0
1781136000,0.029373,0.030386,0.029373,0.030329,562409.0
1781150400,0.030256,0.030296,0.029862,0.030066,896162.0
1781164800,0.030066,0.03059,0.030047,0.030401,1474414.0
1781179200,0.03038,0.030454,0.029906,0.030389,886300.0
1781193600,0.030428,0.031341,0.029999,0.030794,1979987.0
1781208000,0.030801,0.030835,0.030408,0.03053,1009828.0
1781222400,0.030562,0.03074,0.030278,0.030724,901552.0
1781236800,0.030741,0.030986,0.030319,0.030697,5345808.0
1781251200,0.030711,0.031346,0.030711,0.031245,1592764.0
1781265600,0.031197,0.031389,0.030518,0.030636,1794240.0
1781280000,0.030663,0.031056,0.030579,0.030895,3024482.0
1781294400,0.030886,0.030969,0.030357,0.030509,2848384.0
1781308800,0.030516,0.030796,0.030323,0.030347,2058448.0
1781323200,0.030341,0.03061,0.02976,0.030476,3677019.0
1781337600,0.030417,0.031087,0.030414,0.03104,534471.0
1781352000,0.031059,0.031136,0.030768,0.030958,572734.0
1781366400,0.030971,0.031072,0.030667,0.030855,839906.0
1781380800,0.030858,0.030956,0.030611,0.030739,669852.0
1781395200,0.030742,0.030759,0.030461,0.030571,486662.0
1781409600,0.030588,0.030588,0.030173,0.0302,660267.0
1781424000,0.030207,0.030434,0.030029,0.030146,592831.0
1781438400,0.030122,0.030216,0.02974,0.030015,673737.0
1781452800,0.030055,0.030466,0.029896,0.029967,747585.0
1781467200,0.029966,0.032337,0.029906,0.032306,2847630.0
1781481600,0.032291,0.033664,0.031949,0.033336,2559887.0
1781496000,0.03322,0.03336,0.032793,0.032911,3733652.0
1781510400,0.032962,0.033573,0.032653,0.033498,994795.0
1781524800,0.033512,0.034022,0.033227,0.033596,1092414.0
1781539200,0.033616,0.0338,0.033197,0.033306,1564328.0
1781553600,0.033332,0.033383,0.032455,0.032775,1301071.0
1781568000,0.032707,0.032874,0.032179,0.032578,497228.0
1781582400,0.032599,0.033241,0.032404,0.033133,303912.0
1781596800,0.033125,0.033896,0.032945,0.033056,445733.0
1781611200,0.033053,0.033324,0.031725,0.032378,1507948.0
1781625600,0.032313,0.032613,0.031997,0.032169,2748150.0
1781640000,0.032168,0.032458,0.032106,0.032125,716057.0
1781654400,0.032192,0.033091,0.031958,0.032736,770272.0
1781668800,0.03278,0.033041,0.032646,0.032728,311612.0
1781683200,0.032746,0.032795,0.032047,0.032177,545707.0
1781697600,0.032104,0.03301,0.031913,0.033003,3103769.0
1781712000,0.032999,0.033378,0.031795,0.032022,1831175.0
1781726400,0.032052,0.032255,0.031579,0.03205,943534.0
1781740800,0.032178,0.032361,0.03184,0.031922,481644.0
1781755200,0.031928,0.031938,0.031078,0.031866,1343283.0
1781769600,0.031861,0.031977,0.031597,0.031678,478200.0
1781784000,0.031676,0.032034,0.030599,0.030599,1257234.0
1781798400,0.030641,0.031326,0.030545,0.031284,2357964.0
1781812800,0.031337,0.032894,0.031337,0.03279,855719.0
1781827200,0.032774,0.032774,0.031474,0.031683,616850.0
1781841600,0.031684,0.031872,0.031052,0.031162,893893.0
1781856000,0.031159,0.031337,0.030798,0.030991,481036.0
1781870400,0.031014,0.031939,0.030875,0.031718,622230.0
1781884800,0.031733,0.032081,0.030433,0.03139,3573500.0
1781899200,0.031394,0.031439,0.030572,0.030781,2004274.0
1781913600,0.030742,0.030822,0.029449,0.029545,5342239.0
1781928000,0.02953,0.030211,0.028646,0.029162,6023169.0
1781942400,0.029156,0.029362,0.027847,0.027972,4689701.0
1781956800,0.028011,0.028369,0.027354,0.028212,6147739.0
1781971200,0.028172,0.028537,0.027584,0.027735,1664487.0
1781985600,0.027751,0.028165,0.027741,0.02789,457981.0
1782000000,0.027901,0.028402,0.027745,0.027889,1456873.0
1782014400,0.027909,0.028157,0.027639,0.027867,3600053.0
1782028800,0.027877,0.028164,0.027634,0.027848,1973127.0
1782043200,0.027896,0.028093,0.027697,0.027881,3993251.0
1782057600,0.027891,0.028129,0.027691,0.02802,1655466.0
1782072000,0.028056,0.028121,0.026885,0.026976,4788736.0
1782086400,0.027011,0.027748,0.027011,0.027171,3390589.0
1782100800,0.027178,0.027409,0.027014,0.027307,849619.0
1782115200,0.027302,0.027425,0.026935,0.027227,472505.0
1782129600,0.027267,0.027405,0.025837,0.026046,5611495.0
1782144000,0.025996,0.026218,0.025806,0.025947,2391855.0
1782158400,0.025923,0.026063,0.024465,0.025034,5177093.0
1782172800,0.025022,0.025402,0.024957,0.025374,3755693.0
1782187200,0.025508,0.025667,0.024436,0.024549,6884801.0
1782201600,0.024556,0.024705,0.023801,0.024658,3190169.0
1782216000,0.024658,0.02511,0.024061,0.024114,5452424.0
1782230400,0.024129,0.024299,0.022629,0.023341,19754917.0
1782244800,0.023354,0.024252,0.023338,0.023742,3509790.0
1782259200,0.023785,0.024057,0.023766,0.023897,780534.0
1782273600,0.023901,0.024088,0.023479,0.02355,1805652.0
1782288000,0.023499,0.023577,0.023076,0.023191,5222305.0
1782302400,0.023184,0.0237,0.022154,0.022393,13033901.0
1782316800,0.022437,0.022454,0.02015,0.020906,18579020.0
1782331200,0.020907,0.021383,0.020875,0.020885,3811145.0
1782345600,0.020902,0.021302,0.020726,0.020957,5219803.0
1782360000,0.020963,0.021179,0.020741,0.020898,3570924.0
1782374400,0.020902,0.021119,0.020483,0.020718,2445350.0
1782388800,0.020749,0.020749,0.01811,0.019921,18300081.0
1782403200,0.01997,0.020111,0.019451,0.0195,2633617.0
1782417600,0.01954,0.0204,0.01954,0.020001,7226022.0
1782432000,0.020039,0.020243,0.019366,0.020165,3155706.0
1782446400,0.020177,0.020258,0.019938,0.020119,2230615.0
1782460800,0.020155,0.020185,0.019492,0.019514,1607675.0
1782475200,0.019561,0.02013,0.01936,0.019974,7935589.0
1782489600,0.02,0.020561,0.019941,0.020366,3607237.0
1782504000,0.020292,0.020528,0.020064,0.020171,1550400.0
1782518400,0.020219,0.020314,0.020048,0.020143,1106430.0
1782532800,0.020159,0.020221,0.019966,0.020066,1811885.0
1782547200,0.020061,0.020069,0.019817,0.019908,1700496.0
1782561600,0.019896,0.020568,0.019896,0.020566,1913365.0
1782576000,0.020568,0.024374,0.020558,0.022797,104671517.0
1782590400,0.022758,0.023594,0.020791,0.022122,80603477.0
1782604800,0.022127,0.023357,0.021557,0.023164,15917340.0
1782619200,0.023146,0.026013,0.022712,0.025952,28243541.0
1782633600,0.025903,0.026745,0.023977,0.025911,43176806.0
1782648000,0.025944,0.028162,0.024811,0.028101,47495884.0
1782662400,0.028166,0.028433,0.02493,0.02545,27956867.0
1782676800,0.025451,0.02561,0.023721,0.024134,11458757.0
1782691200,0.024117,0.025069,0.023669,0.024604,9373727.0
1782705600,0.024651,0.02468,0.023477,0.023778,7097359.0
1782720000,0.023749,0.025518,0.023576,0.025256,9711096.0
1782734400,0.025313,0.026149,0.025084,0.02572,7485838.0
1782748800,0.025862,0.026229,0.024107,0.024736,5429425.0
1782763200,0.024714,0.02502,0.02443,0.024479,1986588.0
1782777600,0.024495,0.025225,0.022751,0.023036,5441537.0
1782792000,0.023047,0.023454,0.022946,0.023014,4324616.0
1782806400,0.022991,0.023229,0.02267,0.02272,2553932.0
1782820800,0.022667,0.022942,0.022303,0.022823,2619041.0
1782835200,0.022816,0.022904,0.022474,0.02282,1074231.0
1782849600,0.022781,0.022876,0.022525,0.022697,681842.0
1782864000,0.022718,0.023449,0.021895,0.022925,3279410.0
1782878400,0.022911,0.023033,0.022079,0.022523,2186058.0
1782892800,0.022474,0.022619,0.022211,0.022315,2299147.0
1782907200,0.022279,0.022906,0.02205,0.022875,2239648.0
1782921600,0.022856,0.022947,0.022324,0.022357,1134737.0
1782936000,0.022393,0.023302,0.022303,0.022977,6162125.0
1782950400,0.022989,0.023602,0.022948,0.023412,2695521.0
1782964800,0.023436,0.024167,0.023016,0.023138,1736446.0
1782979200,0.023141,0.023647,0.023068,0.02321,3717795.0
1782993600,0.023201,0.024092,0.023135,0.023709,2226169.0
1783008000,0.023743,0.025507,0.023645,0.02501,13241129.0
1783022400,0.02502,0.025231,0.024651,0.024872,2918457.0
1783036800,0.024888,0.025855,0.024832,0.025205,2357673.0
1783051200,0.025223,0.026234,0.024835,0.025855,3340719.0
1783065600,0.025974,0.026968,0.025801,0.026839,5012092.0
1783080000,0.026877,0.02801,0.026,0.026639,12673941.0
1783094400,0.026645,0.026718,0.026253,0.026462,1204951.0
1783108800,0.026454,0.027445,0.026442,0.027123,1991741.0
1783123200,0.027139,0.027826,0.026835,0.027527,4882956.0
1783137600,0.027521,0.028436,0.027255,0.027349,7124498.0
1783152000,0.027338,0.027428,0.026561,0.026798,3351540.0
1783166400,0.026798,0.027121,0.02674,0.027051,1803905.0
1783180800,0.027034,0.02714,0.026848,0.027003,1236894.0
1783195200,0.026992,0.027093,0.026549,0.026696,1045680.0
1783209600,0.026656,0.027126,0.02634,0.026496,2936367.0
1783224000,0.0265,0.026995,0.026238,0.026995,2061484.0
1783238400,0.026953,0.0274,0.026253,0.026342,1907280.0
1783252800,0.026368,0.026803,0.026327,0.026465,1198758.0
1783267200,0.02648,0.02783,0.026478,0.027149,2489661.0
1783281600,0.02714,0.02762,0.027114,0.027157,2310085.0
1783296000,0.027166,0.027231,0.026773,0.026886,1842623.0
1783310400,0.026925,0.026925,0.025744,0.026044,2521631.0
1783324800,0.026052,0.026317,0.025808,0.025956,636892.0
1783339200,0.02589,0.026754,0.025543,0.026686,1523129.0
1783353600,0.02664,0.027029,0.026591,0.026609,2249525.0
1783368000,0.026609,0.027134,0.026485,0.026652,1421724.0
1783382400,0.026664,0.027296,0.026546,0.026584,3954203.0
1783396800,0.026622,0.026669,0.026279,0.026309,1364601.0
1783411200,0.026295,0.026378,0.0261,0.026296,786801.0
1783425600,0.026309,0.026684,0.025867,0.026261,2396810.0
1783440000,0.026273,0.026487,0.025907,0.025926,838263.0
1783454400,0.025945,0.026098,0.025264,0.025587,2117110.0
1783468800,0.025642,0.025747,0.025151,0.025704,1376638.0
1783483200,0.025712,0.026154,0.02553,0.025988,2518810.0
1783497600,0.025974,0.026111,0.024895,0.025331,2958570.0
1783512000,0.025326,0.025378,0.024773,0.024803,1798440.0
1783526400,0.024824,0.025214,0.02478,0.024998,1695758.0
1783540800,0.024968,0.02512,0.024762,0.025013,417797.0
1783555200,0.025047,0.025147,0.024695,0.024832,712923.0
1783569600,0.024831,0.025111,0.024763,0.02493,754992.0
1783584000,0.024936,0.025451,0.024932,0.025285,1479627.0
1783598400,0.025263,0.025381,0.024869,0.024881,633671.0
1783612800,0.024881,0.025809,0.024753,0.0254,2832499.0
1783627200,0.025413,0.025491,0.025159,0.025265,869163.0
1783641600,0.025266,0.025579,0.025154,0.025191,998714.0
1783656000,0.02518,0.025807,0.025099,0.025477,2110224.0
1783670400,0.025465,0.025677,0.025395,0.025665,1253901.0
1783684800,0.025685,0.026159,0.025423,0.025571,1197789.0
1783699200,0.025592,0.025629,0.025367,0.025404,1111542.0
1783713600,0.025428,0.026389,0.025354,0.026045,1149681.0
1783728000,0.026045,0.026574,0.025974,0.026419,1410327.0
1783742400,0.026425,0.02692,0.02633,0.026633,2642635.0
1783756800,0.026644,0.027155,0.026313,0.026702,3423933.0
1783771200,0.026727,0.026733,0.026263,0.026383,1668016.0
1783785600,0.026402,0.026464,0.026229,0.026304,1232970.0
1783800000,0.02632,0.026398,0.02583,0.025856,1464751.0
1783814400,0.025819,0.026308,0.025535,0.026104,1727869.0
1783828800,0.02614,0.026573,0.025795,0.025963,1983171.0
1783843200,0.025959,0.026042,0.02564,0.02583,757238.0
1783857600,0.025818,0.025886,0.025518,0.025655,1280673.0
1783872000,0.025649,0.025791,0.025528,0.025649,571384.0
1783886400,0.025638,0.025667,0.025205,0.025275,1543543.0
1783900800,0.025289,0.026015,0.024935,0.025134,1701536.0
1783915200,0.025102,0.02533,0.024865,0.025191,1131274.0
1783929600,0.025186,0.025772,0.025186,0.025602,1278204.0
1783944000,0.025582,0.025964,0.025151,0.025808,2993482.0
1783958400,0.025807,0.025882,0.024872,0.025224,3486173.0
1783972800,0.025207,0.025437,0.024787,0.025268,2332749.0
1783987200,0.025279,0.0254,0.025035,0.025205,1177640.0
1784001600,0.025208,0.025592,0.025123,0.025129,1314244.0
1784016000,0.025108,0.025223,0.024967,0.025092,1574857.0
1784030400,0.025084,0.025898,0.024995,0.02562,3442897.0
1784044800,0.025586,0.025619,0.02535,0.025375,622559.0
1784059200,0.025388,0.025512,0.025236,0.025465,2051342.0
1784073600,0.025481,0.025674,0.025367,0.025623,2489816.0
1784088000,0.025636,0.025836,0.025402,0.025443,2573233.0
1784102400,0.025472,0.025863,0.025466,0.02556,3329749.0
1784116800,0.025552,0.026045,0.02555,0.025761,1543841.0
1784131200,0.025764,0.025767,0.025388,0.025516,1852608.0
1784145600,0.02551,0.025666,0.025463,0.025475,884521.0
1784160000,0.025492,0.025561,0.025297,0.025454,627577.0
1784174400,0.025464,0.025638,0.025115,0.025203,1896178.0
1784188800,0.025207,0.025253,0.024989,0.025167,1587416.0
1784203200,0.025155,0.025418,0.025124,0.025326,1174676.0
1784217600,0.025337,0.025352,0.025055,0.025135,1086533.0
1784232000,0.025152,0.025256,0.024753,0.024897,1303096.0
1784246400,0.024902,0.025985,0.024832,0.025858,6884058.0
1784260800,0.025875,0.025893,0.025162,0.025192,1072115.0
1784275200,0.025188,0.025799,0.025168,0.025553,912153.0
1784289600,0.025512,0.025528,0.025003,0.025197,797246.0
1784304000,0.025205,0.025368,0.02512,0.025175,399800.0
1784318400,0.025165,0.025197,0.02464,0.024758,1034057.0
1784332800,0.02478,0.024789,0.024495,0.024658,606819.0
1784347200,0.024661,0.024879,0.024618,0.024779,1212205.0
1784361600,0.024785,0.024823,0.024306,0.024354,1534795.0
1784376000,0.02435,0.024464,0.024256,0.024265,499406.0
1784390400,0.024259,0.024269,0.023949,0.024059,1519458.0
1784404800,0.024057,0.024282,0.024013,0.024264,712568.0
1784419200,0.024281,0.024397,0.024161,0.024199,1125869.0
1784433600,0.024226,0.02449,0.024146,0.024168,1030361.0
1784448000,0.024191,0.024265,0.024015,0.024028,1049724.0
1784462400,0.024048,0.024326,0.023978,0.02417,700154.0
1784476800,0.024179,0.024256,0.023953,0.024027,2582650.0
1784491200,0.024021,0.02407,0.023703,0.023913,927544.0
1784505600,0.023897,0.024181,0.023754,0.023802,1223676.0
1784520000,0.023813,0.023836,0.02321,0.023474,2607495.0
1784534400,0.023475,0.023538,0.023277,0.023538,2596975.0
1784548800,0.023547,0.02394,0.023457,0.023872,5585735.0
1784563200,0.023845,0.024463,0.023845,0.024245,1880449.0
1784577600,0.02425,0.02531,0.024244,0.02515,2848709.0
1784592000,0.025157,0.025564,0.024977,0.025006,2822426.0
1784606400,0.025,0.025066,0.024724,0.024957,1537138.0
1784620800,0.024952,0.025025,0.024665,0.024687,1467026.0
1784635200,0.024704,0.024979,0.024598,0.02467,1584707.0
1784649600,0.024657,0.024714,0.02448,0.024511,1191127.0
1784664000,0.024511,0.024555,0.024355,0.024474,382801.0
1784678400,0.024494,0.024598,0.024365,0.024368,615400.0
1784692800,0.024378,0.024503,0.024054,0.024093,2966059.0
1784707200,0.024097,0.024921,0.024084,0.024851,1475870.0
1784721600,0.024864,0.024874,0.024509,0.024679,2077290.0
1784736000,0.024677,0.024858,0.024412,0.024443,739043.0
1784750400,0.024464,0.02485,0.024464,0.024607,693252.0
1784764800,0.02459,0.024679,0.024199,0.024246,969239.0
1784779200,0.024251,0.024478,0.024138,0.024272,4799702.0
1784793600,0.024271,0.024318,0.02398,0.024109,6057167.0
1784808000,0.024114,0.024284,0.023916,0.024078,2027534.0
1784822400,0.024077,0.024197,0.023389,0.023754,1682485.0
1784836800,0.023906,0.024208,0.023892,0.024044,1096461.0
1784851200,0.024048,0.024113,0.023814,0.024014,2536621.0
1784865600,0.024017,0.024077,0.023812,0.023968,449689.0
1784880000,0.024026,0.024216,0.023856,0.023905,592314.0
1784894400,0.023901,0.023956,0.023356,0.023779,1540506.0
1784908800,0.02378,0.02386,0.023558,0.023643,497841.0
1784923200,0.023646,0.023746,0.023312,0.023424,847602.0
1784937600,0.02342,0.02352,0.023171,0.023214,909679.0
1784952000,0.023209,0.023616,0.023199,0.023405,735606.0
1784966400,0.023399,0.023439,0.023227,0.023227,656926.0
1784980800,0.023221,0.023474,0.023221,0.023472,740106.0
1784995200,0.023465,0.023717,0.023359,0.023612,610324.0
1785009600,0.023621,0.023674,0.023413,0.023432,725802.0
1785024000,0.023436,0.023536,0.023365,0.023468,569742.0
1785038400,0.023502,0.024113,0.023396,0.023842,1406599.0
1785052800,0.023847,0.023968,0.023653,0.023653,537064.0
1785067200,0.023653,0.02368,0.023397,0.02356,1971209.0
1785081600,0.023577,0.023612,0.023053,0.023096,541958.0
1785096000,0.023091,0.023458,0.022997,0.023428,1536233.0
1785110400,0.023439,0.023451,0.023196,0.023247,1423573.0
1785124800,0.023256,0.023524,0.023205,0.023282,1079114.0
1785139200,0.023296,0.023373,0.023085,0.023196,2019812.0
1785153600,0.023197,0.023227,0.022232,0.022305,3478246.0
1785168000,0.022359,0.022816,0.022261,0.022334,2071664.0
1785182400,0.022342,0.022424,0.021511,0.021635,1915938.0
1785196800,0.021634,0.021821,0.021327,0.02178,1524235.0
1785211200,0.021773,0.021788,0.021471,0.021541,754534.0
1785225600,0.021544,0.021813,0.021453,0.021733,603529.0
1785240000,0.021751,0.021817,0.021184,0.021687,1513545.0
1785254400,0.021679,0.021843,0.021455,0.021543,1255500.0
1785268800,0.021593,0.021852,0.021528,0.021656,1084663.0
1785283200,0.021716,0.021775,0.021005,0.021034,1449376.0
1785297600,0.021024,0.0214,0.020922,0.021356,658098.0
1785312000,0.02136,0.02136,0.021177,0.02124,381003.0
1785326400,0.021273,0.021291,0.020933,0.020943,480335.0
1785340800,0.020996,0.021299,0.020738,0.020817,1486689.0
1785355200,0.020816,0.021139,0.020676,0.021128,1074792.0
1785369600,0.021136,0.021321,0.020967,0.021231,673133.0
1785384000,0.021233,0.021311,0.021035,0.021167,1970952.0
1785398400,0.021136,0.021243,0.020934,0.021127,2301936.0
1785412800,0.021118,0.02131,0.020998,0.021254,781306.0
1785427200,0.021264,0.021733,0.021256,0.021501,1269602.0
1785441600,0.021511,0.021579,0.021137,0.021498,1756401.0
1785456000,0.021472,0.021872,0.02128,0.021398,1379020.0
1785470400,0.02139,0.021467,0.020947,0.02119,2090286.0
1785484800,0.02119,0.021198,0.020938,0.021046,637755.0
1785499200,0.021048,0.021177,0.02061,0.020915,2140275.0
1785513600,0.020897,0.021508,0.020825,0.021403,2811820.0
1785528000,0.021386,0.02145,0.021206,0.021342,1686779.0
1785542400,0.021361,0.022387,0.02134,0.021991,1753650.0
1785556800,0.022029,0.022074,0.021751,0.021888,1194781.0
1785571200,0.021882,0.022422,0.021875,0.022198,5752444.0
1785585600,0.022178,0.022178,0.021657,0.021658,2543254.0
1785600000,0.021661,0.021844,0.021294,0.021396,1785133.0
1785614400,0.021388,0.021581,0.021363,0.021373,537947.0
1785628800,0.021378,0.021931,0.021378,0.021828,1491328.0
1785643200,0.021848,0.022027,0.0218,0.021844,913689.0
1785657600,0.021851,0.022001,0.021519,0.021541,2175268.0
1785672000,0.021551,0.021644,0.021479,0.021507,1183385.0
1785686400,0.02151,0.0218,0.021496,0.0218,734244.0
1785700800,0.021803,0.021917,0.021643,0.021748,1815284.0
1785715200,0.021762,0.022138,0.021598,0.021965,1392538.0
1785729600,0.02198,0.022194,0.021692,0.021751,2154416.0
1785744000,0.021748,0.023161,0.021667,0.023051,5440714.0
1785758400,0.02307,0.023188,0.022331,0.022436,2445103.0
1785772800,0.022446,0.022821,0.022431,0.022706,2491242.0
1785787200,0.022708,0.022827,0.02249,0.022511,1347253.0
1785801600,0.022511,0.022549,0.022327,0.022524,2961387.0
1785816000,0.022499,0.022632,0.022322,0.022605,1687224.0
1785830400,0.02262,0.023075,0.022606,0.02284,3691273.0
1785844800,0.022833,0.022894,0.02235,0.022552,1706674.0
1785859200,0.022545,0.02265,0.022365,0.022592,1864870.0
1785873600,0.022568,0.022625,0.022304,0.022307,912023.0
1785888000,0.022316,0.022355,0.022132,0.022322,1186298.0
1785902400,0.022338,0.022523,0.022293,0.02241,1523371.0
1785916800,0.022426,0.02273,0.022117,0.02213,1183774.0
1785931200,0.022156,0.022305,0.02197,0.022089,967840.0
1785945600,0.022088,0.02229,0.022071,0.022171,758663.0
1785960000,0.022173,0.022297,0.021878,0.021907,1419662.0
1785974400,0.021913,0.022061,0.021836,0.021984,908535.0
1785988800,0.021961,0.022555,0.021941,0.022413,2746667.0
1786003200,0.02242,0.022482,0.022054,0.022115,1481948.0
1786017600,0.022117,0.022193,0.021871,0.022018,1037656.0
1786032000,0.021979,0.022044,0.021791,0.021904,2200799.0
1786046400,0.021912,0.022043,0.021798,0.021893,334899.0
1786060800,0.021891,0.022208,0.021891,0.022168,547452.0
1786075200,0.022215,0.022367,0.02203,0.022045,1508860.0
1786089600,0.022036,0.022179,0.021871,0.022087,1318392.0
1786104000,0.02206,0.02215,0.021826,0.021931,1269852.0
1786118400,0.021954,0.021985,0.021743,0.021887,652571.0
1786132800,0.021893,0.021929,0.021615,0.021652,471352.0
1786147200,0.021656,0.021974,0.021656,0.021953,1058840.0
1786161600,0.021945,0.022355,0.021944,0.02214,820919.0
1786176000,0.022139,0.023004,0.022139,0.022994,1950993.0
1786190400,0.022965,0.023954,0.022951,0.023233,8034114.0
1786204800,0.023235,0.023384,0.023042,0.023212,2017057.0
1786219200,0.02321,0.024029,0.023148,0.02361,1075721.0
1786233600,0.023616,0.023803,0.023083,0.023215,1043075.0
1786248000,0.023174,0.02356,0.023174,0.023256,1914762.0
1786262400,0.023224,0.023525,0.023214,0.023334,764199.0
1786276800,0.023337,0.024024,0.023337,0.023762,815354.0
1786291200,0.023759,0.024277,0.023704,0.024068,1076482.0
1786305600,0.024076,0.02416,0.023466,0.023498,710990.0
1786320000,0.02355,0.024467,0.023533,0.024071,1291630.0
1786334400,0.024065,0.024495,0.024038,0.024138,936924.0
1786348800,0.024139,0.024176,0.02371,0.023855,937376.0
1786363200,0.023866,0.024151,0.023504,0.023616,1493349.0
1786377600,0.023582,0.023689,0.023271,0.023345,2066323.0
1786392000,0.023365,0.023518,0.023124,0.023501,770638.0
1786406400,0.023516,0.024434,0.023516,0.024411,1552461.0
1786420800,0.024373,0.024406,0.023649,0.023754,1450608.0
1786435200,0.023791,0.024069,0.02341,0.02362,5441862.0
1786449600,0.023622,0.023623,0.022727,0.023051,1536677.0
1786464000,0.022986,0.023008,0.022808,0.022926,1443992.0
1786478400,0.022922,0.023005,0.022781,0.02298,768348.0
1786492800,0.022975,0.023286,0.022926,0.023147,1159816.0
1786507200,0.023147,0.0232,0.022809,0.022866,907172.0
1786521600,0.022846,0.022987,0.022767,0.022886,404463.0
1786536000,0.022876,0.023033,0.022529,0.022603,857137.0
1786550400,0.022581,0.022667,0.022474,0.022529,739513.0
1786564800,0.022524,0.022607,0.022136,0.022378,1185422.0
1786579200,0.022372,0.022684,0.02237,0.022463,1241198.0
1786593600,0.022452,0.02258,0.022414,0.022539,324149.0
1786608000,0.022571,0.022924,0.022557,0.022679,402945.0
1786622400,0.022682,0.022937,0.022636,0.022936,362813.0
1786636800,0.022959,0.023091,0.022318,0.022428,3925941.0
1786651200,0.022426,0.022703,0.022401,0.022609,2738855.0
1786665600,0.022596,0.022637,0.022379,0.022449,946941.0
1786680000,0.022427,0.022526,0.022259,0.022282,612108.0
1786694400,0.022284,0.02235,0.022128,0.022163,698326.0
1786708800,0.022153,0.022275,0.022006,0.022231,460231.0
1786723200,0.022239,0.022304,0.021858,0.021918,536856.0
1786737600,0.021917,0.022068,0.021893,0.02205,652496.0
1786752000,0.022051,0.022191,0.022046,0.022116,354557.0
1786766400,0.022132,0.022391,0.022132,0.022212,532000.0
1786780800,0.022203,0.022273,0.022131,0.022183,412882.0
1786795200,0.022181,0.022322,0.022074,0.022321,426693.0
1786809600,0.022328,0.022393,0.022263,0.022282,351005.0
1786824000,0.022282,0.022462,0.022257,0.022303,551584.0
1786838400,0.022307,0.022352,0.022193,0.022266,592702.0
1786852800,0.022263,0.022301,0.02209,0.022279,485539.0
1786867200,0.022279,0.023184,0.022267,0.022591,2831939.0
1786881600,0.022566,0.022614,0.022345,0.022447,1117004.0
1786896000,0.022441,0.02254,0.022323,0.022323,607727.0
1786910400,0.022328,0.022384,0.021842,0.021957,1336468.0
1786924800,0.021958,0.021998,0.021713,0.021931,938239.0
1786939200,0.021941,0.022198,0.021934,0.022062,814953.0
1786953600,0.022066,0.022202,0.021941,0.022059,1739202.0
1786968000,0.02206,0.022156,0.021838,0.022156,1714391.0
1786982400,0.022146,0.022225,0.021934,0.021951,601215.0
1786996800,0.021952,0.021994,0.021794,0.021807,944088.0
1787011200,0.021808,0.021865,0.020934,0.021154,2785781.0
1787025600,0.021136,0.021658,0.021085,0.021449,570026.0
1787040000,0.021456,0.021596,0.021229,0.02144,1725211.0
1787054400,0.021435,0.021591,0.021338,0.021562,1242809.0
1787068800,0.021569,0.021611,0.021409,0.021416,463438.0
1787083200,0.021441,0.021503,0.021302,0.021361,420381.0
1787097600,0.021359,0.02146,0.021225,0.021404,2830621.0
1787112000,0.021407,0.021457,0.021285,0.021285,487246.0
1787126400,0.021283,0.021404,0.021179,0.021376,1628383.0
1787140800,0.021379,0.022684,0.021379,0.022379,1995163.0
1787155200,0.022399,0.023405,0.022399,0.023044,5003671.0
1787169600,0.023047,0.023736,0.022961,0.023219,1209791.0
1787184000,0.023219,0.023979,0.023197,0.02386,1698693.0
1787198400,0.023874,0.02422,0.023778,0.024074,726991.0
1787212800,0.024094,0.024987,0.024091,0.024768,2420321.0
1787227200,0.024869,0.02535,0.024596,0.025003,1376501.0
1787241600,0.024995,0.025053,0.02451,0.024779,3957747.0
1787256000,0.024788,0.025291,0.024759,0.025083,1166929.0
1787270400,0.025087,0.025398,0.025069,0.025069,1033574.0
1787284800,0.025082,0.025775,0.02503,0.025749,2208658.0
1787299200,0.025753,0.026924,0.025725,0.026756,2844150.0
1787313600,0.026765,0.028464,0.026743,0.028225,2914040.0
1787328000,0.028246,0.028818,0.02731,0.027536,2226218.0
1787342400,0.027477,0.028986,0.027469,0.028608,3854368.0
1787356800,0.028577,0.030975,0.028533,0.030782,3578497.0
1787371200,0.03087,0.031328,0.027575,0.029515,5793510.0
1787385600,0.029521,0.029882,0.02737,0.028046,3206200.0
1787400000,0.028055,0.028269,0.027501,0.027501,1026425.0
1787414400,0.027467,0.02793,0.027219,0.027504,994313.0
1787428800,0.027507,0.027619,0.0268,0.027217,944303.0
1787443200,0.027142,0.027703,0.026354,0.02642,922928.0
1787457600,0.026406,0.026727,0.02593,0.026632,761271.0
1787472000,0.026618,0.028754,0.026581,0.028583,2392386.0
1787486400,0.028668,0.02874,0.027368,0.027912,3014139.0
1787500800,0.027951,0.028085,0.02773,0.027969,1312153.0
1787515200,0.027925,0.028425,0.027722,0.028123,531600.0
1787529600,0.028115,0.028115,0.02718,0.027379,724200.0
1787544000,0.027433,0.028168,0.027301,0.02769,2975737.0
1787558400,0.027682,0.028145,0.027351,0.028145,1744354.0
1787572800,0.028032,0.028826,0.027668,0.028318,2948943.0
1787587200,0.028416,0.028761,0.02779,0.028192,984531.0
1787601600,0.028222,0.029334,0.02801,0.028649,2271544.0
1787616000,0.028652,0.029627,0.02807,0.028881,2043991.0
1787630400,0.028936,0.030261,0.028783,0.029455,2764889.0
1787644800,0.029469,0.029678,0.026049,0.028528,79979182.0
1787659200,0.028554,0.028571,0.027588,0.028139,2792832.0
1787673600,0.028122,0.028696,0.02785,0.028388,4513926.0
1787688000,0.028378,0.028378,0.027024,0.027397,1155399.0
1787702400,0.027365,0.028353,0.027288,0.028002,1001707.0
1787716800,0.027986,0.028462,0.027653,0.028046,3191359.0
1787731200,0.02806,0.028356,0.027449,0.027728,2982673.0
1787745600,0.027681,0.029953,0.027617,0.028842,5325751.0
1787760000,0.028823,0.031874,0.028654,0.031149,8131362.0
1787774400,0.03109,0.033454,0.030616,0.032007,85913148.0
1787788800,0.031978,0.032305,0.030831,0.030987,7928603.0
1787803200,0.030987,0.031512,0.0307,0.031109,5086865.0
1787817600,0.03115,0.032234,0.030841,0.030923,4226190.0
1787832000,0.030924,0.03217,0.030581,0.030783,5325480.0
1787846400,0.030741,0.03078,0.030076,0.030485,3242398.0
1787860800,0.030484,0.030632,0.03027,0.03041,1162109.0
1787875200,0.030427,0.030995,0.029712,0.029838,2094098.0
1787889600,0.029809,0.030114,0.029466,0.029578,1079412.0
1787904000,0.029609,0.031614,0.029292,0.031057,2347794.0
1787918400,0.031115,0.031214,0.03008,0.030132,2516248.0
1787932800,0.030106,0.030515,0.029338,0.030163,4427148.0
1787947200,0.030149,0.030227,0.029362,0.02984,818894.0
1787961600,0.029832,0.030565,0.029646,0.030417,1135427.0
1787976000,0.030382,0.03111,0.030127,0.030149,1284754.0
1787990400,0.030131,0.030664,0.02983,0.02983,1119312.0
1788004800,0.029842,0.030258,0.029841,0.030049,973852.0
1788019200,0.030015,0.030096,0.029715,0.029802,336365.0
1788033600,0.029808,0.030406,0.029756,0.030354,320707.0
1788048000,0.030327,0.030458,0.029623,0.029623,539511.0
1788062400,0.029625,0.029732,0.029346,0.029541,829653.0
1788076800,0.029527,0.02963,0.029106,0.029377,558136.0
1788091200,0.029407,0.029637,0.029238,0.029304,343867.0
1788105600,0.029304,0.029807,0.029257,0.029344,377916.0
1788120000,0.029376,0.029395,0.027169,0.027546,3148208.0
1788134400,0.027479,0.028095,0.02739,0.02788,1068778.0
1788148800,0.027856,0.02844,0.027146,0.028194,1321489.0
1788163200,0.028186,0.028286,0.027881,0.027987,595725.0
1788177600,0.027971,0.028218,0.027687,0.027845,786497.0
1788192000,0.027812,0.028305,0.027727,0.027933,596537.0
1788206400,0.027972,0.028016,0.027658,0.027728,1200451.0
1788220800,0.027731,0.028504,0.027731,0.028306,951768.0
1788235200,0.028344,0.028434,0.028068,0.028164,533871.0
1788249600,0.028151,0.028476,0.027433,0.028361,1363375.0
1788264000,0.028339,0.028402,0.027608,0.028203,1170992.0
1788278400,0.028211,0.028325,0.027001,0.027468,2312804.0
1788292800,0.027463,0.027818,0.027296,0.027654,1122128.0
1788307200,0.027648,0.027648,0.026861,0.027303,5020719.0
1788321600,0.027294,0.02758,0.027256,0.027262,805190.0
1788336000,0.027286,0.027405,0.02687,0.027068,665328.0
1788350400,0.027061,0.027424,0.026067,0.026552,3012466.0
1788364800,0.026584,0.026753,0.026476,0.02666,2037669.0
1788379200,0.026681,0.026772,0.026348,0.026564,1294314.0
1788393600,0.026567,0.02687,0.026079,0.026657,1213665.0
1788408000,0.026687,0.027079,0.026436,0.026903,977160.0
1788422400,0.026932,0.027252,0.026875,0.027153,420702.0
1788436800,0.027152,0.028363,0.026971,0.028344,1278552.0
1788451200,0.028337,0.028534,0.027873,0.028303,1443595.0
1788465600,0.028294,0.02843,0.027856,0.028216,551367.0
1788480000,0.028211,0.028371,0.027848,0.027863,336629.0
1788494400,0.027854,0.028831,0.027754,0.028541,499179.0
1788508800,0.028533,0.030362,0.028428,0.029947,4432431.0
1788523200,0.029925,0.03039,0.028083,0.028684,7150508.0
1788537600,0.028687,0.029826,0.028657,0.029164,883399.0
1788552000,0.02909,0.029691,0.028868,0.029465,990179.0
1788566400,0.029461,0.030137,0.029402,0.029602,1185231.0
1788580800,0.029609,0.029979,0.029293,0.029843,961486.0
1788595200,0.029841,0.029881,0.029343,0.029343,1429911.0
1788609600,0.029402,0.02958,0.029193,0.029524,810878.0
1788624000,0.029504,0.029776,0.029409,0.029507,748888.0
1788638400,0.029503,0.029798,0.029367,0.029798,349650.0
1788652800,0.029759,0.03082,0.029687,0.030631,1630568.0
1788667200,0.030663,0.031021,0.030202,0.030514,1137477.0
1788681600,0.030513,0.031083,0.030255,0.030837,1129144.0
1788696000,0.030857,0.03088,0.029126,0.029639,1828166.0
1788710400,0.029624,0.030633,0.029595,0.03061,631015.0
1788724800,0.030562,0.030954,0.030355,0.030942,1002573.0
1788739200,0.030954,0.031248,0.030398,0.030419,468172.0
1788753600,0.030363,0.030537,0.029424,0.029634,1284734.0
1788768000,0.029635,0.030232,0.029635,0.030014,409806.0
1788782400,0.03,0.030384,0.02918,0.029282,1269287.0
1788796800,0.029304,0.029813,0.029304,0.029777,746625.0
1788811200,0.029781,0.030326,0.029597,0.029925,559100.0
1788825600,0.029931,0.03015,0.029409,0.029623,823678.0
1788840000,0.029638,0.029842,0.029481,0.029754,386346.0
1788854400,0.029743,0.030485,0.029564,0.03015,1221778.0
1788868800,0.030089,0.030686,0.029263,0.030626,1131648.0
1788883200,0.030632,0.030891,0.029725,0.029976,1725109.0
1788897600,0.029976,0.030125,0.029636,0.029677,786078.0
1788912000,0.029689,0.029989,0.028751,0.028905,1152663.0
1788926400,0.028935,0.029778,0.028935,0.029722,506712.0
1788940800,0.029693,0.030024,0.029419,0.029739,371601.0
1788955200,0.029739,0.030488,0.029049,0.029452,1472579.0
1788969600,0.029405,0.0301,0.029033,0.029063,960808.0
1788984000,0.02908,0.02924,0.027528,0.028184,1246397.0
1788998400,0.028186,0.028186,0.027205,0.027609,8133725.0
1789012800,0.02763,0.027768,0.027268,0.027324,1529263.0
1789027200,0.027336,0.027388,0.026954,0.027,499900.0
1789041600,0.027044,0.027056,0.026373,0.026685,1003192.0
1789056000,0.026691,0.027046,0.026294,0.026612,6105943.0
1789070400,0.02667,0.026858,0.026285,0.02647,860006.0
1789084800,0.02647,0.026914,0.026415,0.026834,637098.0
1789099200,0.026864,0.027127,0.026815,0.026923,831218.0
1789113600,0.02692,0.027123,0.026363,0.026579,1349541.0
1789128000,0.026565,0.028296,0.026094,0.027636,1515281.0
1789142400,0.027651,0.027774,0.026943,0.027338,1354019.0
1789156800,0.027368,0.027484,0.026827,0.027015,353105.0
1789171200,0.027025,0.027267,0.026905,0.027204,480912.0
1789185600,0.027216,0.027297,0.02693,0.027048,363208.0
1789200000,0.027026,0.027223,0.026891,0.027029,468866.0
1789214400,0.027026,0.027615,0.026968,0.027598,522934.0
1789228800,0.027572,0.027664,0.026923,0.026995,656058.0
1789243200,0.027002,0.027502,0.027002,0.02745,1042843.0
1789257600,0.027467,0.027707,0.027302,0.027302,783623.0
1789272000,0.027291,0.028051,0.02694,0.026982,2081282.0
1789286400,0.026975,0.027072,0.026237,0.026428,1738082.0
1789300800,0.026466,0.026636,0.026177,0.026352,440833.0
1789315200,0.026345,0.027006,0.026345,0.02676,816269.0
1789329600,0.026749,0.026986,0.025685,0.026357,1366415.0
1789344000,0.026339,0.026921,0.026222,0.026847,451875.0
1789358400,0.026848,0.027264,0.026705,0.026947,440095.0
1789372800,0.026948,0.02722,0.026785,0.026859,261921.0
1789387200,0.026853,0.026936,0.026458,0.026695,400306.0
1789401600,0.026726,0.027136,0.026658,0.026889,545101.0
1789416000,0.026882,0.027274,0.026673,0.026706,547753.0
1789430400,0.026722,0.026872,0.026277,0.026352,1131150.0
1789444800,0.026345,0.026414,0.025859,0.025897,549529.0
1789459200,0.025866,0.026149,0.025842,0.026013,597625.0
1789473600,0.026009,0.026277,0.02542,0.026136,583603.0
1789488000,0.026123,0.02637,0.025423,0.02591,1280802.0
1789502400,0.025899,0.025928,0.025272,0.02544,1418523.0
1789516800,0.02543,0.025696,0.02531,0.025612,577059.0
1789531200,0.025627,0.025914,0.025527,0.025564,491642.0
1789545600,0.025565,0.025565,0.025316,0.025462,348992.0
1789560000,0.025481,0.025663,0.024782,0.024998,1689866.0
1789574400,0.025005,0.025702,0.024955,0.025272,1183074.0
1789588800,0.025225,0.025826,0.025178,0.025826,550667.0
1789603200,0.025836,0.026325,0.025788,0.026219,428170.0
1789617600,0.026215,0.02671,0.02612,0.026399,520232.0
1789632000,0.026392,0.026572,0.026221,0.026326,850812.0
1789646400,0.026369,0.026752,0.026278,0.026708,621064.0
1789660800,0.026742,0.027377,0.026689,0.02675,527331.0
1789675200,0.026744,0.027013,0.026557,0.026974,548674.0
1789689600,0.02697,0.029242,0.026937,0.029157,1347262.0
1789704000,0.029173,0.029781,0.02867,0.029719,742652.0
1789718400,0.029742,0.030626,0.029496,0.030389,1219379.0
1789732800,0.030409,0.032858,0.030376,0.03111,6995047.0
1789747200,0.031153,0.033797,0.031153,0.032816,9529690.0
1789761600,0.032828,0.033229,0.031911,0.032336,1773910.0
1789776000,0.032385,0.034446,0.032324,0.033834,2135815.0
1789790400,0.033859,0.03401,0.031939,0.032157,2876626.0
1789804800,0.032153,0.032711,0.032055,0.032529,1798966.0
1789819200,0.032537,0.032588,0.031806,0.032119,3625052.0
1789833600,0.032187,0.033025,0.032068,0.032425,4427268.0
1789848000,0.032443,0.033807,0.032372,0.033428,1672393.0
1789862400,0.033441,0.033563,0.031799,0.033049,3279384.0
1789876800,0.033071,0.035497,0.032747,0.034969,5157906.0
1789891200,0.03503,0.036419,0.033682,0.035553,7705370.0
1789905600,0.035624,0.035846,0.033985,0.034616,8342539.0
1789920000,0.034568,0.039929,0.034427,0.03966,10852442.0
1789934400,0.039938,0.042502,0.038632,0.03995,14282136.0
1789948800,0.039864,0.040347,0.037536,0.038729,4431894.0
1789963200,0.038629,0.039158,0.038155,0.038571,1642492.0
1789977600,0.038598,0.0411,0.038534,0.040184,3347337.0
1789992000,0.040169,0.040371,0.03845,0.039091,3778563.0
1790006400,0.039037,0.039632,0.038302,0.039544,2603827.0
1790020800,0.039638,0.039917,0.038983,0.039492,1140127.0
1790035200,0.039475,0.041419,0.039036,0.039468,2290280.0
1790049600,0.039435,0.044636,0.039152,0.044316,3270096.0
1790064000,0.04403,0.047925,0.042661,0.044298,11959993.0
1790078400,0.044223,0.044863,0.041909,0.043783,4341114.0
1790092800,0.043787,0.0446,0.042847,0.043692,1883439.0
1790107200,0.04372,0.043798,0.042965,0.043273,1200352.0
1790121600,0.043267,0.043861,0.041911,0.04317,2542348.0
1790136000,0.043084,0.043881,0.042801,0.043122,1283254.0
1790150400,0.043244,0.043549,0.042463,0.042782,1322089.0
1790164800,0.042804,0.043182,0.039461,0.039787,5338561.0
1790179200,0.039766,0.040723,0.039019,0.03996,1519126.0
1790193600,0.040004,0.040513,0.039626,0.040069,456771.0
1790208000,0.040088,0.040715,0.039868,0.040285,1044293.0
1790222400,0.04028,0.041413,0.040216,0.040694,495588.0
1790236800,0.040716,0.040979,0.038928,0.039755,3530146.0
1790251200,0.039838,0.041607,0.039669,0.041119,1032592.0
1790265600,0.041021,0.041719,0.040087,0.041342,1242351.0
1790280000,0.041349,0.041691,0.040435,0.04088,622848.0
1790294400,0.040911,0.040997,0.040098,0.040374,770584.0
1790308800,0.04039,0.040729,0.039902,0.040182,501064.0
1790323200,0.040177,0.041853,0.040177,0.041236,2142798.0
1790337600,0.04128,0.041703,0.040412,0.040735,1033650.0
1790352000,0.040875,0.041733,0.040364,0.041527,473912.0
1790366400,0.041515,0.041834,0.040646,0.041338,965416.0
1790380800,0.041384,0.04148,0.040477,0.040726,670402.0
1790395200,0.040732,0.041169,0.040711,0.041089,493305.0
1790409600,0.041096,0.041568,0.040847,0.041198,777641.0
1790424000,0.041204,0.041509,0.040802,0.041188,1116772.0
1790438400,0.041164,0.041453,0.039988,0.040075,1145370.0
1790452800,0.040041,0.040041,0.038808,0.03993,2054449.0
1790467200,0.039889,0.039889,0.039163,0.039386,895794.0
1790481600,0.039328,0.040342,0.038994,0.040337,337328.0
1790496000,0.040385,0.040385,0.039746,0.040176,2265641.0
1790510400,0.040152,0.040321,0.039262,0.03961,882178.0
1790524800,0.039609,0.040725,0.039568,0.040389,1819323.0
1790539200,0.040382,0.040632,0.039816,0.040395,596534.0
1790553600,0.040425,0.040687,0.037998,0.038561,1331198.0
1790568000,0.038595,0.038958,0.037883,0.03801,1270623.0
1790582400,0.037951,0.038539,0.037774,0.038457,752165.0
1790596800,0.038485,0.039242,0.037713,0.038172,965783.0
1790611200,0.038158,0.03884,0.03739,0.037643,781597.0
1790625600,0.037642,0.038844,0.037537,0.038763,410007.0
1790640000,0.038784,0.03881,0.036833,0.037372,481737.0
1790654400,0.037379,0.038981,0.037293,0.038881,599366.0
1790668800,0.038884,0.039275,0.038469,0.039254,373076.0
1790683200,0.039202,0.039348,0.038271,0.03831,1023968.0
1790697600,0.03839,0.038659,0.037758,0.037815,705133.0
1790712000,0.037891,0.038189,0.037345,0.03755,588835.0
1790726400,0.037558,0.038148,0.037351,0.037447,491132.0
1790740800,0.037445,0.038449,0.03736,0.038394,954839.0
1790755200,0.038333,0.039683,0.038333,0.039216,2059346.0
1790769600,0.039223,0.04019,0.038828,0.039381,2674800.0
1790784000,0.039381,0.040477,0.039256,0.039806,2948623.0
1790798400,0.039885,0.040839,0.039661,0.040695,2276616.0
1790812800,0.040736,0.041873,0.040523,0.040851,2096004.0
1790827200,0.040824,0.041354,0.039694,0.040047,2159982.0
1790841600,0.040041,0.040535,0.039317,0.040074,905715.0
1790856000,0.040153,0.040184,0.039336,0.03963,1932312.0
1790870400,0.039663,0.039876,0.038578,0.038969,887617.0
1790884800,0.038979,0.039012,0.038145,0.038631,834950.0
1790899200,0.038593,0.038909,0.038382,0.038615,955045.0
1790913600,0.038632,0.03938,0.038522,0.039116,1390261.0
1790928000,0.039028,0.039859,0.038975,0.039467,1254115.0
1790942400,0.039435,0.040644,0.039373,0.039811,2462677.0
1790956800,0.03984,0.040102,0.036895,0.03754,3114524.0
1790971200,0.037545,0.038003,0.037236,0.037951,811852.0
1790985600,0.037926,0.038364,0.037925,0.038166,546920.0
1791000000,0.038176,0.03825,0.037794,0.037824,1175175.0
1791014400,0.037824,0.038295,0.037752,0.038134,559619.0
1791028800,0.038136,0.038439,0.037903,0.038277,1114837.0
1791043200,0.038286,0.038331,0.038068,0.038319,354047.0
1791057600,0.038321,0.043354,0.038321,0.043265,2199432.0
1791072000,0.04323,0.043948,0.040759,0.041157,3433007.0
1791086400,0.041128,0.042499,0.040915,0.041247,1089178.0
1791100800,0.041248,0.041965,0.041067,0.04123,294393.0
