t,o,h,l,c,v
1719100800,1.9781,2.0151,1.9772,2.0102,4932.0
1719115200,2.0124,2.025,2.0001,2.022,7857.2
1719129600,2.0223,2.0485,2.0223,2.0348,20629.5
1719144000,2.0334,2.0411,1.9966,2.0028,11043.6
1719158400,2.0014,2.0098,1.9796,2.0035,15932.1
1719172800,2.0042,2.0108,1.9545,1.9557,16119.2
1719187200,1.9556,1.9827,1.922,1.9379,21844.3
1719201600,1.9396,1.9397,1.8574,1.8762,28898.1
1719216000,1.8665,1.9477,1.8435,1.9387,87041.7
1719230400,1.9349,1.964,1.9179,1.9247,9459.9
1719244800,1.928,1.9556,1.9223,1.9283,25925.8
1719259200,1.9466,2.0102,1.9271,2.0058,24691.4
1719273600,2.0066,2.0554,1.9942,2.0466,19452.8
1719288000,2.0467,2.078,2.0133,2.0145,33443.3
1719302400,2.0157,2.0347,2.0014,2.0313,16217.1
1719316800,2.0305,2.0421,2.0093,2.035,44401.3
1719331200,2.036,2.045,2.0089,2.0422,16002.4
1719345600,2.0438,2.0533,2.0209,2.0248,13871.3
1719360000,2.0226,2.0527,2.0123,2.0222,16718.5
1719374400,2.0208,2.0359,2.007,2.0203,59281.3
1719388800,2.022,2.03,1.9931,2.0071,5791.8
1719403200,2.0067,2.012,1.9768,1.9821,10673.3
1719417600,1.9776,2.0028,1.9437,2.0028,23126.0
1719432000,2.0003,2.0213,1.9918,1.9935,9991.4
1719446400,1.9933,2.0023,1.9645,1.9835,6370.6
1719460800,1.9842,1.9854,1.9417,1.945,9175.1
1719475200,1.9445,1.9915,1.9415,1.9841,6094.3
1719489600,1.9828,2.0468,1.9817,2.0189,12539.9
1719504000,2.0185,2.0392,2.0066,2.0329,8666.5
1719518400,2.0362,2.04,2.0165,2.0204,22497.2
1719532800,2.0193,2.0506,2.0015,2.048,21040.1
1719547200,2.0443,2.072,2.0417,2.0524,55171.4
1719561600,2.0525,2.0794,2.0301,2.075,7658.4
1719576000,2.0755,2.105,2.0347,2.0449,179509.7
1719590400,2.0443,2.0511,1.9783,2.0001,77675.1
1719604800,2.0094,2.0094,1.9559,1.9628,12944.0
1719619200,1.9645,1.9864,1.9545,1.9633,15046.0
1719633600,1.9622,1.9655,1.9202,1.9412,39100.9
1719648000,1.9422,1.948,1.9279,1.9357,69251.7
1719662400,1.9362,1.9704,1.9197,1.932,28502.6
1719676800,1.9314,1.9329,1.8954,1.911,28505.6
1719691200,1.9099,1.9195,1.8995,1.9152,20947.3
1719705600,1.9144,1.9391,1.8899,1.9339,16022.4
1719720000,1.9335,1.9467,1.9104,1.9407,17415.1
1719734400,1.9415,1.9495,1.913,1.9202,27715.5
1719748800,1.9212,1.9443,1.9113,1.9418,4460.2
1719763200,1.9416,1.966,1.9324,1.966,99660.8
1719777600,1.9651,2.0109,1.9555,1.9965,142375.8
1719792000,1.9978,2.0515,1.9824,2.0406,105093.5
1719806400,2.0405,2.066,2.0266,2.0435,7132.7
1719820800,2.0457,2.0513,2.003,2.0079,15098.7
1719835200,2.0089,2.0135,1.9614,1.9893,24408.5
1719849600,1.991,2.0324,1.9835,2.0204,20715.8
1719864000,2.022,2.0248,1.9805,1.9939,3779.4
1719878400,1.9923,2.0098,1.9816,1.9999,14248.6
1719892800,1.9989,2.0149,1.9839,1.9862,3558.0
1719907200,1.9852,1.9931,1.9781,1.9824,9701.5
1719921600,1.982,1.9975,1.9623,1.9653,4859.1
1719936000,1.9657,1.9901,1.9533,1.9757,14337.7
1719950400,1.9755,1.9975,1.9711,1.9889,15529.0
1719964800,1.9875,1.9913,1.9211,1.9451,29767.2
1719979200,1.9408,1.9522,1.9218,1.9472,10746.2
1719993600,1.9457,1.9582,1.9125,1.9369,34175.7
1720008000,1.936,1.9363,1.8688,1.8801,13009.4
1720022400,1.8769,1.8799,1.8526,1.8539,8817.1
1720036800,1.8561,1.8773,1.8418,1.8579,9036.1
1720051200,1.8591,1.8781,1.7667,1.8272,93429.3
1720065600,1.8284,1.8355,1.805,1.8094,77399.8
1720080000,1.8126,1.8165,1.7659,1.7741,21891.0
1720094400,1.7734,1.7793,1.711,1.7525,18629.5
1720108800,1.7486,1.7516,1.6918,1.6918,17118.9
1720123200,1.692,1.7264,1.6363,1.6487,26768.9
1720137600,1.6496,1.6507,1.4062,1.4467,243120.3
1720152000,1.4491,1.5111,1.4211,1.4852,101692.3
1720166400,1.4857,1.5051,1.4345,1.4887,73918.0
1720180800,1.4881,1.5413,1.4742,1.5382,24529.3
1720195200,1.5363,1.5527,1.5195,1.5421,28243.4
1720209600,1.5414,1.5434,1.5058,1.526,7102.1
1720224000,1.5256,1.5828,1.5256,1.572,15061.4
1720238400,1.5712,1.6003,1.5518,1.5901,10404.3
1720252800,1.5908,1.5966,1.576,1.592,9570.7
1720267200,1.5906,1.6083,1.5764,1.6001,12671.5
1720281600,1.6009,1.6401,1.5978,1.6334,82027.8
1720296000,1.6338,1.6594,1.6338,1.6533,11375.0
1720310400,1.6535,1.6621,1.6273,1.6375,12029.6
1720324800,1.6374,1.6376,1.6041,1.6145,7708.4
1720339200,1.6149,1.6365,1.608,1.6354,5519.8
1720353600,1.6337,1.6465,1.5644,1.5928,16227.9
1720368000,1.5909,1.6221,1.585,1.5952,11553.6
1720382400,1.5973,1.6063,1.5205,1.5254,57055.4
1720396800,1.5282,1.5518,1.4807,1.5404,62726.0
1720411200,1.5406,1.5686,1.5335,1.549,11598.1
1720425600,1.5474,1.6443,1.544,1.6316,16160.2
1720440000,1.6331,1.6365,1.5546,1.5797,54670.8
1720454400,1.5774,1.6007,1.5619,1.5977,28361.0
1720468800,1.5961,1.6129,1.5857,1.5959,14381.6
1720483200,1.5996,1.6223,1.5794,1.6091,31192.6
1720497600,1.6106,1.6292,1.6,1.618,7994.3
1720512000,1.6177,1.649,1.6143,1.6293,10707.4
1720526400,1.6285,1.6524,1.6123,1.6332,27242.4
1720540800,1.6312,1.6552,1.6225,1.6455,14113.4
1720555200,1.6474,1.6623,1.6431,1.6573,4607.0
1720569600,1.655,1.66,1.6331,1.6586,12302.3
1720584000,1.6585,1.6905,1.6491,1.6501,15045.5
1720598400,1.6507,1.651,1.6306,1.6467,26852.6
1720612800,1.6447,1.6737,1.6357,1.6667,8993.6
1720627200,1.6664,1.686,1.6396,1.6449,23054.3
1720641600,1.6436,1.6539,1.6255,1.6513,8963.5
1720656000,1.6534,1.6664,1.6298,1.6399,8350.8
1720670400,1.6415,1.6569,1.6305,1.6544,5848.3
1720684800,1.6558,1.676,1.6444,1.6578,25805.5
1720699200,1.6578,1.6851,1.6282,1.631,35168.6
1720713600,1.6307,1.6622,1.6201,1.6474,17629.0
1720728000,1.6435,1.6522,1.6161,1.6174,24747.0
1720742400,1.6192,1.6531,1.6121,1.642,11786.6
1720756800,1.6452,1.664,1.632,1.6455,12831.8
1720771200,1.6432,1.6501,1.6108,1.6149,10893.4
1720785600,1.6118,1.6642,1.6101,1.6569,14928.0
1720800000,1.655,1.7027,1.6512,1.6772,7902.4
1720814400,1.6758,1.6904,1.6683,1.6865,18490.6
1720828800,1.689,1.6951,1.6762,1.6854,8883.3
1720843200,1.6822,1.7014,1.6722,1.6976,8374.3
1720857600,1.6963,1.7054,1.6879,1.6995,14162.7
1720872000,1.6986,1.7064,1.6834,1.6843,13676.2
1720886400,1.6835,1.6896,1.6659,1.6741,4739.1
1720900800,1.6717,1.7096,1.657,1.6899,10419.0
1720915200,1.6905,1.7102,1.6842,1.6928,6382.7
1720929600,1.6947,1.713,1.6891,1.695,4969.1
1720944000,1.6958,1.7303,1.6935,1.7181,9467.0
1720958400,1.7163,1.7254,1.6989,1.724,4545.4
1720972800,1.7246,1.7652,1.7212,1.757,19721.7
1720987200,1.7558,1.8638,1.7528,1.8416,13422.6
1721001600,1.8457,1.8947,1.8337,1.892,12523.5
1721016000,1.8969,1.9359,1.8781,1.8896,7586.6
1721030400,1.9001,1.9049,1.8521,1.8537,50229.8
1721044800,1.8555,1.8819,1.8511,1.8789,36156.2
1721059200,1.8785,1.914,1.8726,1.8947,43961.7
1721073600,1.8956,1.9334,1.8939,1.924,36023.3
1721088000,1.9249,1.9515,1.9103,1.9396,23622.8
1721102400,1.9404,1.9404,1.84,1.8433,22705.2
1721116800,1.8435,1.8805,1.8207,1.8736,22573.6
1721131200,1.8742,1.9072,1.8391,1.9028,17132.5
1721145600,1.9033,1.9177,1.8902,1.9063,14753.1
1721160000,1.9079,1.9081,1.8817,1.9049,10030.3
1721174400,1.9058,1.9463,1.9048,1.9127,9805.1
1721188800,1.9136,1.9329,1.9136,1.9286,6106.0
1721203200,1.9298,1.9537,1.9059,1.9289,11895.6
1721217600,1.9248,1.9719,1.9144,1.9445,86925.9
1721232000,1.9444,1.9451,1.8967,1.9314,12964.8
1721246400,1.9307,1.9518,1.9151,1.9265,11481.7
1721260800,1.9307,1.974,1.9307,1.9739,76991.8
1721275200,1.9716,2.0273,1.9662,1.9963,31687.8
1721289600,1.9936,1.9936,1.9611,1.9882,21870.2
1721304000,1.9867,2.0183,1.9109,1.9116,20429.4
1721318400,1.914,1.929,1.8877,1.9011,33001.8
1721332800,1.9008,1.9286,1.892,1.9205,9498.7
1721347200,1.9214,1.9343,1.8802,1.9287,20233.0
1721361600,1.9306,1.9359,1.9007,1.9067,5185.3
1721376000,1.9075,1.927,1.8953,1.9208,22202.9
1721390400,1.9248,1.9545,1.919,1.9536,9694.7
1721404800,1.9562,1.9805,1.9562,1.9718,13535.0
1721419200,1.974,1.974,1.9494,1.9625,4691.1
1721433600,1.9616,1.9656,1.9243,1.9375,7812.2
1721448000,1.9376,1.9677,1.9306,1.9617,9963.6
1721462400,1.9594,1.9887,1.9488,1.9576,23192.0
1721476800,1.962,1.9933,1.948,1.9859,22748.5
1721491200,1.9875,1.9972,1.9731,1.9784,33257.6
1721505600,1.9786,1.9851,1.8251,1.8854,47785.7
1721520000,1.8841,1.9071,1.8823,1.902,15747.2
1721534400,1.9015,1.9092,1.8646,1.8764,8181.3
1721548800,1.8747,1.8972,1.8747,1.8903,4875.1
1721563200,1.8899,1.9087,1.8763,1.8941,11336.6
1721577600,1.8973,1.9051,1.8068,1.874,34878.6
1721592000,1.878,1.9184,1.8731,1.9154,33160.5
1721606400,1.917,1.9249,1.89,1.89,7722.7
1721620800,1.8906,1.8942,1.8473,1.8554,10846.8
1721635200,1.854,1.8731,1.8385,1.8687,37785.5
1721649600,1.8665,1.8764,1.8288,1.8378,14722.6
1721664000,1.8389,1.8695,1.8268,1.8691,16290.4
1721678400,1.8691,1.8693,1.8092,1.8132,10471.7
1721692800,1.8115,1.8503,1.8087,1.8118,10909.5
1721707200,1.813,1.815,1.7481,1.756,17624.3
1721721600,1.7572,1.8454,1.7572,1.8203,18397.2
1721736000,1.8205,1.8315,1.7845,1.7992,19258.1
1721750400,1.7978,1.8001,1.7417,1.7711,19113.9
1721764800,1.7702,1.7855,1.7505,1.7697,12195.2
1721779200,1.7679,1.7836,1.7443,1.7736,8354.3
1721793600,1.7737,1.7747,1.7503,1.7737,4150.0
1721808000,1.7721,1.7989,1.7689,1.7929,4355.2
1721822400,1.7922,1.7939,1.7546,1.7546,9174.8
1721836800,1.754,1.7689,1.7184,1.7203,22990.8
1721851200,1.7207,1.7291,1.674,1.6844,13481.0
1721865600,1.7082,1.7253,1.6036,1.6356,51112.3
1721880000,1.6359,1.6619,1.6265,1.6503,12167.3
1721894400,1.6485,1.6573,1.6209,1.6351,7619.3
1721908800,1.6377,1.6679,1.6153,1.6544,15537.9
1721923200,1.6537,1.6727,1.6083,1.6277,17707.5
1721937600,1.6253,1.6631,1.5992,1.6514,6872.3
1721952000,1.6511,1.7113,1.6366,1.7009,53349.1
1721966400,1.7002,1.7479,1.6983,1.7268,10448.2
1721980800,1.7285,1.7375,1.7037,1.7089,7105.7
1721995200,1.7102,1.7328,1.696,1.7238,9266.7
1722009600,1.7258,1.7328,1.7114,1.7185,8136.7
1722024000,1.7191,1.743,1.7125,1.741,6460.4
1722038400,1.7393,1.7418,1.7206,1.7254,8005.9
1722052800,1.7254,1.7361,1.7218,1.7351,14734.1
1722067200,1.7339,1.7342,1.7099,1.7182,9092.8
1722081600,1.7194,1.753,1.6888,1.6996,13394.5
1722096000,1.7037,1.7132,1.6841,1.7055,10562.2
1722110400,1.7014,1.7394,1.6666,1.7158,18534.3
1722124800,1.715,1.7197,1.6998,1.702,4497.7
1722139200,1.702,1.702,1.669,1.6906,8064.3
1722153600,1.6939,1.7221,1.6911,1.7087,5858.0
1722168000,1.7113,1.732,1.706,1.7306,6894.9
1722182400,1.728,1.7856,1.7263,1.7806,19390.9
1722196800,1.7885,1.8228,1.7183,1.7581,35634.8
1722211200,1.753,1.8074,1.7496,1.7911,20945.7
1722225600,1.791,1.835,1.789,1.8259,38591.3
1722240000,1.8256,1.8389,1.8099,1.8257,20143.0
1722254400,1.8281,1.8281,1.7643,1.7775,48664.6
1722268800,1.7762,1.7972,1.7572,1.7972,22376.0
1722283200,1.796,1.8066,1.7766,1.8046,10918.9
1722297600,1.8053,1.8299,1.7791,1.8259,43397.7
1722312000,1.8261,1.8323,1.8075,1.8209,8716.2
1722326400,1.8214,1.8304,1.7964,1.8092,7874.5
1722340800,1.8092,1.8195,1.7856,1.8051,50939.0
1722355200,1.8044,1.8089,1.7359,1.7392,15422.5
1722369600,1.7349,1.7375,1.7034,1.7155,15464.7
1722384000,1.7164,1.7395,1.6978,1.7227,5652.7
1722398400,1.722,1.745,1.6979,1.7239,15241.5
1722412800,1.7255,1.7263,1.7007,1.7181,7715.4
1722427200,1.7179,1.7522,1.7111,1.7118,5177.0
1722441600,1.713,1.7296,1.6536,1.6665,33495.7
1722456000,1.6658,1.6795,1.6464,1.6488,17868.3
1722470400,1.6469,1.6609,1.6335,1.6419,12755.3
1722484800,1.6415,1.6486,1.6018,1.6309,12210.4
1722499200,1.6308,1.6589,1.626,1.6546,7600.3
1722513600,1.6556,1.6706,1.5845,1.5858,15971.3
1722528000,1.5845,1.5851,1.5335,1.5604,26483.0
1722542400,1.5582,1.6321,1.5423,1.6266,23636.2
1722556800,1.6274,1.6407,1.5836,1.6088,20161.3
1722571200,1.6107,1.6128,1.5586,1.5923,21805.1
1722585600,1.5941,1.6198,1.5779,1.6132,10936.6
1722600000,1.6131,1.6347,1.5171,1.5588,58164.7
1722614400,1.5577,1.5625,1.5075,1.5205,25466.5
1722628800,1.5306,1.5408,1.4926,1.5139,29534.2
1722643200,1.5115,1.5285,1.4775,1.5241,41514.3
1722657600,1.5249,1.5558,1.5221,1.5426,6737.4
1722672000,1.539,1.545,1.5272,1.5272,9540.5
1722686400,1.5256,1.5405,1.4788,1.4818,48700.3
1722700800,1.4804,1.492,1.418,1.4182,59954.5
1722715200,1.4175,1.4582,1.4121,1.4473,17185.1
1722729600,1.4477,1.4874,1.4456,1.4803,10282.6
1722744000,1.4808,1.4883,1.4557,1.4579,19359.2
1722758400,1.4588,1.4748,1.4513,1.4533,26041.1
1722772800,1.455,1.4643,1.3787,1.3807,56407.0
1722787200,1.3828,1.3988,1.3272,1.3896,60398.3
1722801600,1.3881,1.4086,1.3483,1.3528,161997.4
1722816000,1.3532,1.3625,1.1332,1.2015,391480.3
1722830400,1.2034,1.2215,1.0937,1.18,291584.1
1722844800,1.1764,1.1791,1.0876,1.1265,160040.6
1722859200,1.1256,1.275,1.0871,1.2615,426521.8
1722873600,1.2635,1.305,1.2108,1.2272,198591.5
1722888000,1.2314,1.2552,1.2205,1.231,22080.9
1722902400,1.2332,1.3219,1.2296,1.2943,69476.2
1722916800,1.2929,1.3228,1.2869,1.3135,37133.5
1722931200,1.3119,1.3121,1.2706,1.2849,38378.1
1722945600,1.2829,1.3244,1.2571,1.3046,23556.9
1722960000,1.3037,1.3214,1.2907,1.2938,28519.9
1722974400,1.2959,1.3019,1.2712,1.2809,23102.3
1722988800,1.2825,1.3315,1.2752,1.3229,66834.3
1723003200,1.3258,1.3382,1.3115,1.3235,42686.2
1723017600,1.3228,1.3396,1.3012,1.3012,29757.3
1723032000,1.3034,1.3114,1.2446,1.2637,74038.8
1723046400,1.2655,1.2682,1.2072,1.215,23601.1
1723060800,1.2151,1.2259,1.1903,1.2014,26227.3
1723075200,1.2043,1.2689,1.1842,1.253,58955.4
1723089600,1.2522,1.2627,1.2444,1.2479,57426.9
1723104000,1.2503,1.266,1.2421,1.2565,26691.0
1723118400,1.2583,1.3147,1.25,1.3134,56509.6
1723132800,1.3131,1.3352,1.3113,1.3172,73239.9
1723147200,1.3225,1.3692,1.3186,1.3692,51322.3
1723161600,1.3642,1.3667,1.334,1.3496,29135.8
1723176000,1.3499,1.3524,1.3236,1.342,207704.1
1723190400,1.3405,1.3414,1.3129,1.3308,158771.9
1723204800,1.3282,1.3309,1.278,1.2829,391224.8
1723219200,1.2866,1.3082,1.283,1.2908,15672.5
1723233600,1.2914,1.3099,1.2853,1.3099,23090.3
1723248000,1.3087,1.3243,1.288,1.2994,20996.5
1723262400,1.3001,1.3075,1.2849,1.3075,18385.3
1723276800,1.3075,1.3255,1.2968,1.3255,35250.0
1723291200,1.3242,1.3256,1.3036,1.3131,27226.0
1723305600,1.3143,1.3228,1.3068,1.317,21976.0
1723320000,1.3164,1.3239,1.3089,1.3166,6654.4
1723334400,1.3159,1.3337,1.3149,1.3211,11865.0
1723348800,1.3215,1.3369,1.3154,1.3357,13401.3
1723363200,1.3368,1.3589,1.3202,1.3247,25487.9
1723377600,1.3261,1.3271,1.2795,1.2816,33121.4
1723392000,1.2796,1.2889,1.2503,1.2503,47421.9
1723406400,1.2513,1.2513,1.2142,1.2204,176436.2
1723420800,1.2212,1.2413,1.2186,1.2314,21757.3
1723435200,1.2327,1.2887,1.2327,1.2792,19168.9
1723449600,1.2793,1.3425,1.2762,1.3294,32862.0
1723464000,1.3337,1.3784,1.2939,1.3595,53868.1
1723478400,1.3599,1.3722,1.3331,1.3392,18516.7
1723492800,1.3403,1.3512,1.3191,1.3445,18061.9
1723507200,1.3451,1.3479,1.3092,1.3123,63920.5
1723521600,1.3123,1.3408,1.3088,1.3365,36823.2
1723536000,1.3369,1.3408,1.3068,1.3217,20345.7
1723550400,1.3229,1.347,1.3212,1.3345,65446.7
1723564800,1.3343,1.3783,1.3341,1.3709,10278.8
1723579200,1.3692,1.3795,1.359,1.3766,30184.0
1723593600,1.3733,1.3817,1.3502,1.3545,31448.4
1723608000,1.3526,1.3573,1.3342,1.3405,11582.7
1723622400,1.3401,1.3495,1.3298,1.3393,179710.1
1723636800,1.3398,1.3672,1.3011,1.3431,127027.6
1723651200,1.3441,1.3441,1.3129,1.325,25597.5
1723665600,1.3238,1.3419,1.3179,1.3381,6642.7
1723680000,1.3388,1.345,1.3294,1.3373,143955.0
1723694400,1.3372,1.3402,1.3089,1.3132,18541.4
1723708800,1.3129,1.3302,1.3031,1.3302,6166.4
1723723200,1.3291,1.3645,1.328,1.3517,59185.0
1723737600,1.3511,1.3583,1.2804,1.3012,29498.9
1723752000,1.298,1.33,1.2854,1.3185,73115.3
1723766400,1.3194,1.3225,1.2877,1.3085,8044.2
1723780800,1.304,1.3439,1.3016,1.3363,77599.7
1723795200,1.3373,1.344,1.3203,1.324,15739.7
1723809600,1.3263,1.3304,1.2792,1.2874,14288.9
1723824000,1.2877,1.3335,1.2799,1.3315,7166.0
1723838400,1.3328,1.3507,1.3253,1.3315,6040.5
1723852800,1.3266,1.3362,1.3195,1.3343,6156.6
1723867200,1.3337,1.3533,1.3287,1.3413,13270.8
1723881600,1.3403,1.3432,1.3223,1.326,13868.6
1723896000,1.3258,1.3338,1.3146,1.3265,16624.7
1723910400,1.3286,1.3497,1.3273,1.3406,19366.4
1723924800,1.3397,1.3898,1.3346,1.3898,21679.7
1723939200,1.3899,1.4238,1.3893,1.3977,34291.6
1723953600,1.3975,1.4275,1.3957,1.4195,16526.4
1723968000,1.4194,1.4322,1.4135,1.4192,18974.9
1723982400,1.4196,1.4216,1.4014,1.4033,9943.5
1723996800,1.4048,1.4104,1.3892,1.3924,26164.5
1724011200,1.3924,1.4115,1.3794,1.3794,17025.3
1724025600,1.3795,1.4102,1.375,1.4081,12618.8
1724040000,1.4096,1.4276,1.3962,1.419,10916.6
1724054400,1.4184,1.4293,1.3825,1.4002,15501.8
1724068800,1.3984,1.4093,1.3822,1.3845,18159.1
1724083200,1.386,1.4014,1.3573,1.4012,15710.0
1724097600,1.4017,1.4244,1.3966,1.4138,6079.3
1724112000,1.413,1.4377,1.4097,1.4322,18039.9
1724126400,1.433,1.4689,1.4317,1.4419,19940.3
1724140800,1.4433,1.4579,1.4289,1.4333,29780.8
1724155200,1.436,1.436,1.3748,1.3806,31867.2
1724169600,1.3783,1.3975,1.3722,1.3875,17347.3
1724184000,1.3878,1.4017,1.3815,1.3948,10763.8
1724198400,1.3934,1.4088,1.3857,1.3974,9734.0
1724212800,1.3978,1.4439,1.3958,1.4419,12000.0
1724227200,1.4473,1.448,1.4128,1.4227,10426.4
1724241600,1.4229,1.4689,1.4136,1.4634,11755.3
1724256000,1.4625,1.5431,1.4616,1.5419,171552.7
1724270400,1.545,1.5516,1.5223,1.5325,60202.3
1724284800,1.5382,1.5428,1.5085,1.525,131395.5
1724299200,1.5272,1.5291,1.5132,1.518,16524.1
1724313600,1.5181,1.5237,1.4987,1.5227,46942.0
1724328000,1.5224,1.5252,1.5017,1.5022,38806.2
1724342400,1.5039,1.5173,1.4861,1.4898,17982.8
1724356800,1.4915,1.5102,1.4905,1.5067,93816.1
1724371200,1.5055,1.5287,1.5009,1.5163,36010.6
1724385600,1.5208,1.5409,1.511,1.5268,112528.5
1724400000,1.5244,1.5517,1.5242,1.5321,17676.6
1724414400,1.5332,1.5837,1.5332,1.5634,51819.4
1724428800,1.5613,1.6138,1.5557,1.6064,21770.6
1724443200,1.6078,1.6636,1.6066,1.64,6182.0
1724457600,1.6407,1.6524,1.6288,1.6302,8228.8
1724472000,1.6298,1.6493,1.6267,1.64,5466.3
1724486400,1.6391,1.7451,1.6285,1.6954,26452.5
1724500800,1.6959,1.7143,1.6798,1.6931,28210.9
1724515200,1.6894,1.7264,1.6853,1.6987,17807.1
1724529600,1.6944,1.704,1.6289,1.6581,30609.4
1724544000,1.6527,1.6583,1.5988,1.6142,7618.2
1724558400,1.6147,1.6233,1.5646,1.5729,20998.1
1724572800,1.5735,1.6024,1.5643,1.5947,5977.2
1724587200,1.5996,1.6227,1.5918,1.6075,7106.4
1724601600,1.6088,1.6183,1.5908,1.6044,15205.2
1724616000,1.6082,1.6239,1.5872,1.5895,29462.8
1724630400,1.591,1.6065,1.5744,1.5887,13392.9
1724644800,1.5865,1.6026,1.5649,1.581,19910.0
1724659200,1.5795,1.5972,1.568,1.5828,24097.5
1724673600,1.5819,1.5858,1.5476,1.5612,45231.6
1724688000,1.5598,1.5622,1.5129,1.5303,6579.1
1724702400,1.5323,1.5385,1.5065,1.5066,6445.5
1724716800,1.5095,1.5242,1.5045,1.5156,24175.3
1724731200,1.5177,1.5404,1.51,1.5129,17190.4
1724745600,1.5141,1.519,1.4772,1.4914,17115.0
1724760000,1.4916,1.5014,1.4754,1.4762,20679.1
1724774400,1.4753,1.4902,1.4633,1.4633,16288.2
1724788800,1.4666,1.4666,1.3622,1.388,73481.2
1724803200,1.3864,1.3864,1.3545,1.3841,16159.5
1724817600,1.3823,1.3841,1.3548,1.355,9550.0
1724832000,1.3554,1.4187,1.3483,1.3957,11496.6
1724846400,1.3963,1.4051,1.345,1.36,30321.2
1724860800,1.3556,1.3815,1.3213,1.36,20603.3
1724875200,1.3562,1.3807,1.352,1.3649,8148.6
1724889600,1.3633,1.3779,1.3601,1.3631,10170.2
1724904000,1.3622,1.3822,1.3562,1.3769,5683.2
1724918400,1.3767,1.388,1.3642,1.3782,6686.2
1724932800,1.3755,1.4081,1.375,1.4056,8401.8
1724947200,1.406,1.4156,1.3478,1.3575,14820.1
1724961600,1.3581,1.3717,1.3508,1.3629,5361.7
1724976000,1.3615,1.3788,1.357,1.3618,5727.7
1724990400,1.3632,1.3901,1.3612,1.381,7243.3
1725004800,1.3812,1.4032,1.381,1.3877,12072.4
1725019200,1.39,1.4014,1.3046,1.3056,8822.0
1725033600,1.3027,1.3769,1.302,1.3541,13268.5
1725048000,1.355,1.3752,1.3482,1.37,12855.3
1725062400,1.371,1.3748,1.3572,1.362,7385.2
1725076800,1.3633,1.3682,1.352,1.3543,6072.2
1725091200,1.3534,1.3572,1.3372,1.354,8095.0
1725105600,1.3545,1.3554,1.3393,1.3422,6517.0
1725120000,1.343,1.347,1.3159,1.3219,9074.4
1725134400,1.3244,1.3454,1.319,1.334,10455.2
1725148800,1.3362,1.345,1.3179,1.3297,99954.4
1725163200,1.3287,1.3331,1.3035,1.3206,10910.8
1725177600,1.3233,1.3276,1.3052,1.3135,7445.7
1725192000,1.3166,1.3166,1.2794,1.3065,9398.9
1725206400,1.3093,1.3155,1.2813,1.3059,9799.2
1725220800,1.3058,1.3126,1.2507,1.2591,10229.0
1725235200,1.2604,1.2838,1.2581,1.2807,8901.1
1725249600,1.2817,1.2853,1.2523,1.2553,8747.4
1725264000,1.2559,1.3076,1.2556,1.2954,21810.6
1725278400,1.2959,1.3145,1.2828,1.3057,13725.2
1725292800,1.3049,1.3155,1.2944,1.3099,9323.7
1725307200,1.3108,1.3387,1.3069,1.3278,16119.6
1725321600,1.327,1.3514,1.3252,1.3306,7888.1
1725336000,1.3318,1.3378,1.3216,1.3378,8053.8
1725350400,1.3365,1.3365,1.3179,1.3218,8202.1
1725364800,1.323,1.3345,1.2692,1.2715,9139.1
1725379200,1.2706,1.3049,1.2672,1.304,13855.7
1725393600,1.3033,1.3071,1.2796,1.2796,28442.7
1725408000,1.2812,1.2917,1.2174,1.269,20852.5
1725422400,1.268,1.2919,1.26,1.2919,5765.0
1725436800,1.2902,1.3022,1.2763,1.2823,9421.9
1725451200,1.2828,1.3369,1.2734,1.3336,8580.8
1725465600,1.3365,1.3958,1.3365,1.3756,51793.5
1725480000,1.3721,1.3867,1.3608,1.3651,49436.6
1725494400,1.3659,1.3689,1.3269,1.3289,8250.6
1725508800,1.3279,1.3449,1.3198,1.3357,8553.0
1725523200,1.3369,1.3379,1.3141,1.3178,6566.8
1725537600,1.318,1.3398,1.2819,1.2879,76570.4
1725552000,1.2884,1.2992,1.2662,1.2691,18171.7
1725566400,1.2693,1.284,1.2661,1.2768,6763.9
1725580800,1.2758,1.297,1.2639,1.2885,13136.0
1725595200,1.2867,1.2883,1.2521,1.2621,19701.2
1725609600,1.2617,1.2807,1.2602,1.2711,14384.3
1725624000,1.2725,1.3034,1.2359,1.2587,42175.4
1725638400,1.2588,1.2588,1.2187,1.2288,34972.1
1725652800,1.2239,1.242,1.183,1.2381,14866.1
1725667200,1.2364,1.2486,1.2296,1.243,11038.5
1725681600,1.2439,1.268,1.2409,1.2652,10821.0
1725696000,1.2635,1.284,1.257,1.2752,6412.8
1725710400,1.2764,1.3059,1.2761,1.2942,9317.8
1725724800,1.295,1.297,1.2622,1.2795,15093.9
1725739200,1.2809,1.2809,1.254,1.2644,7917.8
1725753600,1.2638,1.279,1.2569,1.2757,11664.3
1725768000,1.276,1.3034,1.2751,1.2985,23595.8
1725782400,1.2978,1.3021,1.2756,1.2768,33725.5
1725796800,1.2768,1.2778,1.2534,1.2536,10230.7
1725811200,1.2544,1.2719,1.2488,1.267,29010.7
1725825600,1.2663,1.306,1.2649,1.2901,13945.5
1725840000,1.2891,1.311,1.2889,1.3012,9962.7
1725854400,1.3038,1.3131,1.2929,1.311,6819.1
1725868800,1.3105,1.329,1.3102,1.3268,15653.0
1725883200,1.3278,1.3449,1.3158,1.34,16649.5
1725897600,1.3405,1.3578,1.3397,1.3534,24279.6
1725912000,1.3529,1.3631,1.346,1.349,8536.5
1725926400,1.3482,1.3482,1.3341,1.3381,13105.2
1725940800,1.3381,1.3696,1.3362,1.3669,26803.2
1725955200,1.3676,1.3848,1.3542,1.3848,11042.7
1725969600,1.3845,1.3969,1.371,1.3852,26703.6
1725984000,1.3836,1.4216,1.3821,1.412,19836.6
1725998400,1.4118,1.4188,1.399,1.4051,5611.9
1726012800,1.4045,1.4123,1.3902,1.4109,20961.2
1726027200,1.41,1.4257,1.3958,1.4216,27154.8
1726041600,1.4205,1.4212,1.3576,1.371,62573.7
1726056000,1.3709,1.3963,1.349,1.3782,18631.1
1726070400,1.3793,1.3983,1.3637,1.3686,9092.4
1726084800,1.3688,1.3791,1.3639,1.3648,6849.6
1726099200,1.3664,1.4012,1.3664,1.3924,13500.7
1726113600,1.3941,1.4049,1.389,1.4004,5168.9
1726128000,1.4004,1.4058,1.3808,1.3824,7101.2
1726142400,1.3848,1.3913,1.3545,1.3606,6806.8
1726156800,1.3603,1.395,1.3603,1.3927,11994.0
1726171200,1.3931,1.3938,1.3788,1.3868,6450.1
1726185600,1.3864,1.3952,1.3816,1.389,45866.8
1726200000,1.3907,1.3969,1.3753,1.3843,41895.6
1726214400,1.3872,1.4161,1.376,1.3941,10635.9
1726228800,1.3945,1.4276,1.3834,1.4254,16846.0
1726243200,1.4266,1.4503,1.4166,1.438,41077.0
1726257600,1.4389,1.4709,1.4353,1.4602,6883.7
1726272000,1.4619,1.4674,1.453,1.4531,9866.5
1726286400,1.4555,1.4555,1.4353,1.4459,11441.1
1726300800,1.4476,1.4499,1.4306,1.4337,6297.5
1726315200,1.4349,1.4514,1.4273,1.4483,15919.8
1726329600,1.4485,1.4531,1.4244,1.4266,14104.5
1726344000,1.4274,1.4431,1.4254,1.4369,5970.3
1726358400,1.4383,1.478,1.4351,1.4492,15522.8
1726372800,1.4495,1.4512,1.4402,1.4439,13111.2
1726387200,1.4446,1.4453,1.4204,1.4269,11131.1
1726401600,1.4269,1.4377,1.4151,1.4249,48365.7
1726416000,1.4266,1.4266,1.3951,1.3991,6763.7
1726430400,1.4,1.401,1.3521,1.367,13998.8
1726444800,1.3655,1.3663,1.3268,1.3414,8851.8
1726459200,1.3412,1.3811,1.3391,1.3802,6085.6
1726473600,1.3802,1.394,1.3524,1.3639,10079.2
1726488000,1.3632,1.3654,1.3332,1.3401,10006.8
1726502400,1.3405,1.3414,1.3181,1.3191,31530.9
1726516800,1.3205,1.3311,1.3117,1.3233,5961.4
1726531200,1.3244,1.3363,1.3064,1.3246,26899.6
1726545600,1.3254,1.3473,1.3237,1.3448,5617.0
1726560000,1.3466,1.3585,1.3448,1.351,9378.7
1726574400,1.35,1.4147,1.3469,1.4124,55698.9
1726588800,1.4144,1.4221,1.389,1.3992,64858.3
1726603200,1.3987,1.4195,1.3981,1.4182,27376.2
1726617600,1.4176,1.424,1.4021,1.4158,13970.8
1726632000,1.4187,1.4226,1.3928,1.4093,19501.8
1726646400,1.4078,1.4078,1.3518,1.3637,21007.5
1726660800,1.3637,1.3697,1.3325,1.3367,12585.6
1726675200,1.3344,1.3935,1.3267,1.3716,84593.5
1726689600,1.3707,1.4479,1.3594,1.4479,43177.4
1726704000,1.4498,1.492,1.4427,1.4838,37665.2
1726718400,1.4888,1.4929,1.4728,1.4906,15777.0
1726732800,1.4914,1.4963,1.4789,1.488,32914.4
1726747200,1.488,1.4984,1.4776,1.4852,33618.0
1726761600,1.4849,1.5334,1.483,1.5122,53063.9
1726776000,1.5131,1.5161,1.4859,1.4912,16478.2
1726790400,1.4924,1.5193,1.4741,1.5193,12554.4
1726804800,1.5231,1.5631,1.5231,1.5547,44085.7
1726819200,1.5549,1.5827,1.5344,1.5539,7517.4
1726833600,1.5558,1.5741,1.5259,1.5433,20947.0
1726848000,1.5438,1.5498,1.5138,1.5398,15562.1
1726862400,1.5429,1.5894,1.539,1.5848,16794.4
1726876800,1.5837,1.6236,1.5627,1.5627,26122.5
1726891200,1.562,1.5786,1.5484,1.5746,16549.1
1726905600,1.5765,1.5798,1.5629,1.576,5540.1
1726920000,1.5763,1.5879,1.5654,1.583,16787.2
1726934400,1.5824,1.6219,1.5824,1.607,13251.6
1726948800,1.6074,1.6267,1.5965,1.62,9558.2
1726963200,1.6176,1.6196,1.5804,1.5964,20481.2
1726977600,1.5951,1.5997,1.5803,1.5867,7691.9
1726992000,1.5854,1.5915,1.5286,1.5433,29081.1
1727006400,1.5446,1.5585,1.5142,1.5218,41742.5
1727020800,1.5215,1.5397,1.5059,1.5313,19061.8
1727035200,1.5329,1.5449,1.4908,1.5287,14540.7
1727049600,1.5282,1.5959,1.5003,1.5914,51032.5
1727064000,1.5937,1.6119,1.5764,1.5954,18433.4
1727078400,1.5947,1.6097,1.5799,1.597,28477.2
1727092800,1.5979,1.6391,1.5838,1.6094,23867.0
1727107200,1.6102,1.6192,1.593,1.593,116615.1
1727121600,1.595,1.6076,1.5867,1.5968,81410.2
1727136000,1.5972,1.6027,1.5692,1.5854,17235.6
1727150400,1.5868,1.6274,1.5795,1.6235,155148.7
1727164800,1.6189,1.6809,1.6153,1.6747,308719.4
1727179200,1.6733,1.6976,1.6372,1.6578,150004.6
1727193600,1.6578,1.6918,1.6578,1.6909,35879.5
1727208000,1.6874,1.7028,1.6782,1.6812,24037.3
1727222400,1.6812,1.7056,1.6714,1.6941,18874.1
1727236800,1.6927,1.6957,1.6463,1.6555,43151.3
1727251200,1.6552,1.6765,1.6478,1.6671,74449.1
1727265600,1.667,1.7206,1.6468,1.6885,142567.8
1727280000,1.6904,1.7202,1.6699,1.6765,83176.9
1727294400,1.6777,1.6924,1.6475,1.6627,55001.4
1727308800,1.6623,1.6742,1.6293,1.672,54957.9
1727323200,1.6726,1.7352,1.6604,1.7305,62798.1
1727337600,1.7317,1.7357,1.7007,1.7271,50401.3
1727352000,1.728,1.7342,1.6886,1.7196,45242.7
1727366400,1.7173,1.7292,1.6903,1.6962,23017.8
1727380800,1.699,1.7042,1.6772,1.6985,8390.3
1727395200,1.6955,1.7117,1.6788,1.7117,11291.2
1727409600,1.7106,1.7314,1.7021,1.7211,7756.2
1727424000,1.7207,1.7327,1.6844,1.6979,22500.2
1727438400,1.6984,1.7259,1.6867,1.715,23787.2
1727452800,1.7139,1.7355,1.6914,1.7129,12424.8
1727467200,1.7123,1.7319,1.7024,1.7233,17600.9
1727481600,1.723,1.7692,1.7199,1.7529,13870.2
1727496000,1.7543,1.7553,1.6977,1.7002,15582.4
1727510400,1.699,1.7086,1.6546,1.7036,86722.8
1727524800,1.7018,1.7051,1.6769,1.6938,12753.8
1727539200,1.6934,1.7036,1.6829,1.6894,16447.2
1727553600,1.6872,1.6973,1.6651,1.6943,9619.8
1727568000,1.6965,1.7048,1.6755,1.6913,5018.6
1727582400,1.6872,1.6893,1.6431,1.6442,32236.6
1727596800,1.6447,1.6724,1.6447,1.6687,8856.7
1727611200,1.6701,1.6727,1.6486,1.6711,14034.5
1727625600,1.6719,1.7024,1.6627,1.7007,31549.4
1727640000,1.7022,1.7078,1.6714,1.6797,7829.0
1727654400,1.6795,1.6795,1.6244,1.6447,43844.7
1727668800,1.6439,1.6663,1.6323,1.6632,14908.2
1727683200,1.6635,1.6651,1.6177,1.6368,46593.7
1727697600,1.6355,1.6496,1.6167,1.6167,33269.8
1727712000,1.6155,1.6279,1.599,1.6114,50343.7
1727726400,1.6113,1.6269,1.5678,1.5802,20133.0
1727740800,1.5781,1.6057,1.5686,1.597,8426.5
1727755200,1.5973,1.6103,1.5837,1.6024,15452.3
1727769600,1.6022,1.6161,1.594,1.5959,8103.5
1727784000,1.5948,1.6102,1.479,1.5162,60201.7
1727798400,1.5122,1.5146,1.4033,1.422,263103.1
1727812800,1.421,1.4348,1.3939,1.4155,31023.2
1727827200,1.4118,1.4605,1.4086,1.4568,45124.5
1727841600,1.4571,1.4702,1.4395,1.4571,11609.4
1727856000,1.4539,1.4604,1.3997,1.4158,49586.2
1727870400,1.4141,1.42,1.3839,1.407,41285.0
1727884800,1.4061,1.421,1.3227,1.3441,89957.3
1727899200,1.3438,1.3641,1.3299,1.3417,29593.2
1727913600,1.3438,1.3688,1.3299,1.368,21052.2
1727928000,1.3691,1.3746,1.3407,1.3407,27410.7
1727942400,1.3413,1.3492,1.3077,1.331,27203.3
1727956800,1.3299,1.3394,1.2969,1.329,22060.4
1727971200,1.3296,1.3359,1.2941,1.3359,24668.4
1727985600,1.3325,1.3415,1.3196,1.3372,33040.0
1728000000,1.3366,1.3653,1.3278,1.3518,15573.2
1728014400,1.3517,1.3727,1.3496,1.3678,10882.9
1728028800,1.3654,1.3806,1.355,1.3615,7122.6
1728043200,1.3591,1.3754,1.3437,1.3754,25995.8
1728057600,1.3763,1.4069,1.3763,1.3908,14288.7
1728072000,1.3888,1.393,1.3809,1.3902,12879.1
1728086400,1.3908,1.41,1.3851,1.3912,8223.7
1728100800,1.3911,1.4173,1.3868,1.4124,9471.6
1728115200,1.4102,1.4199,1.4051,1.4172,5532.3
1728129600,1.4162,1.4261,1.4032,1.4081,5366.4
1728144000,1.4071,1.4073,1.3759,1.3792,14359.0
1728158400,1.3771,1.3941,1.367,1.3892,6273.0
1728172800,1.3867,1.4091,1.3831,1.3932,6607.5
1728187200,1.3901,1.4083,1.3901,1.3982,13265.0
1728201600,1.3982,1.4068,1.3911,1.4048,4989.5
1728216000,1.4059,1.4344,1.3982,1.4336,7357.0
1728230400,1.4328,1.4368,1.4171,1.4216,15525.4
1728244800,1.4203,1.4346,1.4072,1.4301,6437.0
1728259200,1.4327,1.4842,1.4294,1.4781,11575.5
1728273600,1.4787,1.4954,1.4746,1.4883,30280.8
1728288000,1.4891,1.5028,1.4533,1.4814,12162.9
1728302400,1.4791,1.5157,1.4652,1.4954,56403.6
1728316800,1.4961,1.5149,1.4762,1.4967,10398.4
1728331200,1.4976,1.5016,1.456,1.4572,9712.9
1728345600,1.4589,1.4716,1.4518,1.4643,18878.4
1728360000,1.4649,1.4672,1.4047,1.417,22895.0
1728374400,1.4145,1.435,1.4098,1.432,8568.4
1728388800,1.4317,1.4369,1.3946,1.4045,65298.0
1728403200,1.4041,1.416,1.3906,1.4089,18256.9
1728417600,1.408,1.4218,1.4008,1.408,8567.7
1728432000,1.4095,1.4356,1.4036,1.4197,11499.4
1728446400,1.4192,1.4335,1.408,1.413,5661.5
1728460800,1.4125,1.4207,1.4066,1.4116,8124.4
1728475200,1.4126,1.4264,1.3846,1.4223,30712.8
1728489600,1.4218,1.4242,1.3764,1.3833,9115.9
1728504000,1.3837,1.3844,1.3537,1.3629,25591.4
1728518400,1.3624,1.3928,1.3568,1.389,11053.1
1728532800,1.3877,1.4091,1.3859,1.3859,6685.9
1728547200,1.3869,1.3964,1.364,1.3954,23557.1
1728561600,1.3943,1.3977,1.3358,1.3926,231678.3
1728576000,1.3953,1.4035,1.358,1.3808,287808.5
1728590400,1.3796,1.4168,1.3785,1.4148,43719.2
1728604800,1.417,1.4289,1.404,1.4218,14972.1
1728619200,1.4213,1.4418,1.4164,1.4313,12906.2
1728633600,1.4299,1.4431,1.4299,1.4331,17883.6
1728648000,1.4334,1.4501,1.4291,1.4469,17740.9
1728662400,1.4498,1.4665,1.4422,1.4555,13572.9
1728676800,1.4564,1.4674,1.4502,1.4542,5871.6
1728691200,1.4546,1.4704,1.4489,1.4542,7265.6
1728705600,1.4544,1.4753,1.4544,1.474,9111.7
1728720000,1.4743,1.4972,1.4725,1.4868,20790.1
1728734400,1.4892,1.502,1.4812,1.4944,5707.0
1728748800,1.4953,1.5024,1.4768,1.4768,7030.7
1728763200,1.4783,1.4868,1.4754,1.4761,7823.4
1728777600,1.4775,1.48,1.4524,1.4544,6151.0
1728792000,1.4542,1.4748,1.4541,1.4678,8465.9
1728806400,1.4683,1.4761,1.4504,1.4521,11324.4
1728820800,1.4527,1.4621,1.4211,1.4271,5728.4
1728835200,1.426,1.4427,1.4177,1.4328,10806.1
1728849600,1.4336,1.4641,1.4292,1.453,41419.6
1728864000,1.4545,1.4876,1.4385,1.4857,14010.4
1728878400,1.4884,1.5077,1.4704,1.5043,28464.8
1728892800,1.5045,1.5363,1.5043,1.5271,12905.4
1728907200,1.5271,1.5586,1.5238,1.5538,30201.4
1728921600,1.5516,1.5668,1.5416,1.5544,6303.6
1728936000,1.5559,1.5619,1.5423,1.5506,17574.1
1728950400,1.551,1.5558,1.5196,1.5196,22863.7
1728964800,1.5209,1.5337,1.5036,1.5182,9666.7
1728979200,1.5176,1.5298,1.4628,1.4682,31207.2
1728993600,1.4723,1.5365,1.4467,1.4725,61381.2
1729008000,1.4777,1.5125,1.4769,1.4926,32804.1
1729022400,1.4916,1.5005,1.4636,1.5005,56337.3
1729036800,1.5001,1.5196,1.4761,1.5023,12449.0
1729051200,1.5024,1.5105,1.4785,1.4865,21010.8
1729065600,1.4857,1.5175,1.4822,1.5082,37380.2
1729080000,1.5039,1.5105,1.4724,1.4803,34317.7
1729094400,1.4804,1.4807,1.4587,1.4626,27853.9
1729108800,1.4646,1.4849,1.4642,1.4677,15512.0
1729123200,1.4694,1.4843,1.4614,1.4759,15906.9
1729137600,1.4739,1.4761,1.4405,1.453,14415.4
1729152000,1.4534,1.4611,1.421,1.421,9496.6
1729166400,1.421,1.4422,1.4163,1.4379,11103.6
1729180800,1.4391,1.4399,1.4068,1.4221,33160.1
1729195200,1.4227,1.4383,1.4202,1.4371,24368.5
1729209600,1.4376,1.4612,1.4304,1.4467,12705.3
1729224000,1.4451,1.4546,1.439,1.4544,9122.7
1729238400,1.4535,1.4565,1.4466,1.4494,15380.3
1729252800,1.4479,1.4515,1.4316,1.4374,57145.3
1729267200,1.4368,1.4523,1.4231,1.4398,39918.6
1729281600,1.4381,1.4503,1.4361,1.448,6760.8
1729296000,1.4496,1.467,1.4467,1.4612,7361.6
1729310400,1.4611,1.4722,1.4493,1.4649,26261.6
1729324800,1.4671,1.4709,1.4362,1.4362,10462.5
1729339200,1.4372,1.4579,1.4354,1.4487,13732.4
1729353600,1.4513,1.4513,1.4357,1.4368,6042.3
1729368000,1.4377,1.4609,1.436,1.4567,7058.9
1729382400,1.457,1.4598,1.4362,1.4449,5790.4
1729396800,1.4449,1.4729,1.4439,1.4663,10040.7
1729411200,1.4678,1.5378,1.464,1.5348,23795.9
1729425600,1.5375,1.5976,1.5289,1.5847,130598.8
1729440000,1.5869,1.5976,1.5687,1.5976,21143.4
1729454400,1.5967,1.6275,1.5899,1.6241,9937.2
1729468800,1.6253,1.6363,1.5945,1.5962,11996.1
1729483200,1.5986,1.6135,1.5885,1.5895,10748.0
1729497600,1.5919,1.5981,1.548,1.5562,19272.1
1729512000,1.5561,1.5631,1.5103,1.5254,20555.3
1729526400,1.5252,1.5383,1.5054,1.535,9678.5
1729540800,1.5305,1.543,1.5227,1.5245,27123.5
1729555200,1.5246,1.5384,1.5084,1.5358,9949.6
1729569600,1.5345,1.5491,1.529,1.53,26576.7
1729584000,1.531,1.531,1.5002,1.512,23798.4
1729598400,1.5111,1.5279,1.4939,1.5236,30538.8
1729612800,1.522,1.5426,1.5049,1.5387,37098.3
1729627200,1.5368,1.5497,1.5245,1.5285,5032.4
1729641600,1.5332,1.5392,1.5047,1.5123,5402.8
1729656000,1.5134,1.5266,1.4995,1.5024,6667.0
1729670400,1.5009,1.5088,1.4745,1.4745,23680.2
1729684800,1.4758,1.4887,1.4471,1.4566,48560.6
1729699200,1.4557,1.4562,1.4086,1.4505,19931.8
1729713600,1.4478,1.4598,1.4468,1.4535,6067.7
1729728000,1.4536,1.4937,1.4536,1.4806,11698.0
1729742400,1.4824,1.4957,1.4744,1.4766,17751.4
1729756800,1.475,1.4858,1.4518,1.4615,19510.9
1729771200,1.4592,1.4775,1.4548,1.4723,9016.9
1729785600,1.4746,1.5144,1.469,1.5066,12031.2
1729800000,1.5053,1.5256,1.499,1.5096,9595.4
1729814400,1.5118,1.5239,1.5034,1.5123,9389.5
1729828800,1.5155,1.516,1.4654,1.4674,12153.6
1729843200,1.4693,1.5145,1.457,1.5112,8780.8
1729857600,1.5116,1.5176,1.4772,1.4871,27235.3
1729872000,1.4862,1.4939,1.441,1.456,24688.0
1729886400,1.4571,1.4733,1.3545,1.3994,15685.8
1729900800,1.3984,1.4129,1.3847,1.4065,28324.5
1729915200,1.4061,1.4135,1.3989,1.3989,12509.6
1729929600,1.4001,1.4084,1.3884,1.3951,6388.8
1729944000,1.3931,1.3996,1.3572,1.3639,6499.8
1729958400,1.3662,1.395,1.359,1.394,12690.8
1729972800,1.3936,1.4142,1.3902,1.3995,8917.8
1729987200,1.4,1.4051,1.3867,1.4037,5200.8
1730001600,1.4063,1.4082,1.3949,1.3981,5406.0
1730016000,1.3981,1.4018,1.3821,1.3867,6258.0
1730030400,1.3857,1.4112,1.3856,1.4041,10473.4
1730044800,1.4079,1.4133,1.3925,1.4031,6263.5
1730059200,1.4017,1.4203,1.3986,1.4132,6690.1
1730073600,1.4146,1.4198,1.372,1.3757,31134.5
1730088000,1.3757,1.3986,1.3635,1.391,12601.8
1730102400,1.3903,1.4216,1.389,1.4086,8653.7
1730116800,1.4088,1.4089,1.3545,1.3545,6095.5
1730131200,1.3566,1.3689,1.3277,1.3596,17544.1
1730145600,1.361,1.4078,1.3578,1.3925,10883.8
1730160000,1.3949,1.4659,1.3949,1.4597,25927.0
1730174400,1.4619,1.4696,1.4549,1.4624,15729.9
1730188800,1.4639,1.474,1.4564,1.4607,8985.0
1730203200,1.462,1.5054,1.4561,1.467,41003.5
1730217600,1.466,1.5083,1.466,1.4753,32180.2
1730232000,1.4761,1.4982,1.4521,1.4982,7443.2
1730246400,1.4963,1.5123,1.4741,1.5083,19426.1
1730260800,1.5083,1.5184,1.4952,1.4972,5596.9
1730275200,1.4991,1.5131,1.4792,1.4792,11852.3
1730289600,1.4799,1.5089,1.4724,1.4855,8446.8
1730304000,1.4823,1.4961,1.4722,1.4753,9946.7
1730318400,1.475,1.5063,1.4673,1.4826,11706.8
1730332800,1.4838,1.4913,1.4641,1.4661,11309.3
1730347200,1.4652,1.4721,1.4452,1.4504,9414.1
1730361600,1.4493,1.4501,1.4315,1.4384,15961.9
1730376000,1.4368,1.4422,1.4041,1.4101,12196.7
1730390400,1.4093,1.411,1.3715,1.3715,15825.8
1730404800,1.3713,1.3922,1.3693,1.3881,5559.8
1730419200,1.3867,1.3981,1.3659,1.3852,18552.8
1730433600,1.3851,1.3969,1.3691,1.3773,6973.3
1730448000,1.3757,1.4041,1.3747,1.3982,7105.1
1730462400,1.3962,1.4232,1.366,1.3781,25454.5
1730476800,1.3777,1.401,1.3765,1.3866,22187.3
1730491200,1.3885,1.3953,1.3654,1.3844,7326.6
1730505600,1.3864,1.4042,1.3863,1.3953,6878.8
1730520000,1.3942,1.3992,1.3862,1.3942,6126.4
1730534400,1.3951,1.3971,1.3793,1.3824,5504.7
1730548800,1.3823,1.3841,1.3521,1.3634,9076.7
1730563200,1.3626,1.3705,1.3475,1.3564,14052.1
1730577600,1.3571,1.3595,1.3452,1.3505,8703.8
1730592000,1.3517,1.356,1.3015,1.3114,54587.8
1730606400,1.3106,1.3215,1.3011,1.3113,10840.1
1730620800,1.3104,1.3135,1.2891,1.2891,14048.9
1730635200,1.2915,1.2985,1.2413,1.2606,17330.2
1730649600,1.258,1.2705,1.234,1.2679,13685.9
1730664000,1.269,1.2952,1.2684,1.2835,6395.7
1730678400,1.2833,1.3191,1.2705,1.3065,14319.8
1730692800,1.3056,1.3123,1.2831,1.2831,9676.2
1730707200,1.2875,1.2964,1.2713,1.2863,14131.6
1730721600,1.2867,1.2978,1.2651,1.2724,18930.2
1730736000,1.2711,1.2744,1.2572,1.2622,31319.9
1730750400,1.2624,1.2641,1.2288,1.2479,11306.5
1730764800,1.2502,1.2738,1.2502,1.2703,7970.8
1730779200,1.2731,1.2862,1.2704,1.2802,24675.3
1730793600,1.2796,1.2885,1.2728,1.277,14749.9
1730808000,1.277,1.3161,1.2701,1.291,14131.9
1730822400,1.2921,1.3209,1.2849,1.2868,8359.5
1730836800,1.2842,1.306,1.277,1.2947,8498.6
1730851200,1.2951,1.4011,1.295,1.387,39969.6
1730865600,1.388,1.4484,1.384,1.422,42127.8
1730880000,1.424,1.4499,1.3893,1.4448,19465.7
1730894400,1.4458,1.4711,1.4207,1.4389,54740.2
1730908800,1.4361,1.4527,1.4254,1.4486,18710.7
1730923200,1.4486,1.493,1.4441,1.484,21732.9
1730937600,1.4827,1.5462,1.4781,1.5334,305845.1
1730952000,1.5361,1.5366,1.4847,1.499,63263.0
1730966400,1.4973,1.508,1.4884,1.4927,21343.5
1730980800,1.4918,1.5106,1.459,1.5099,207388.7
1730995200,1.5104,1.518,1.491,1.5058,68551.2
1731009600,1.509,1.5245,1.4828,1.4992,9205.6
1731024000,1.4988,1.5275,1.4759,1.5002,22337.8
1731038400,1.5013,1.5254,1.499,1.5182,20885.9
1731052800,1.518,1.5411,1.4997,1.5344,20470.3
1731067200,1.5357,1.6247,1.5318,1.5885,219582.5
1731081600,1.5871,1.5956,1.455,1.5569,351485.1
1731096000,1.5554,1.5749,1.5298,1.5705,17243.4
1731110400,1.5697,1.5987,1.5434,1.5502,146646.7
1731124800,1.5501,1.6012,1.5478,1.6012,42256.1
1731139200,1.5996,1.6307,1.5867,1.6221,40770.3
1731153600,1.6221,1.625,1.5684,1.5912,108944.7
1731168000,1.5918,1.6009,1.5601,1.584,40436.6
1731182400,1.5845,1.6493,1.5845,1.6164,50699.6
1731196800,1.6148,1.6228,1.5772,1.6207,115537.5
1731211200,1.6199,1.6411,1.598,1.6367,99009.8
1731225600,1.6349,1.6714,1.6297,1.6705,14151.6
1731240000,1.6684,1.6808,1.6371,1.6694,74159.2
1731254400,1.6697,1.7112,1.6432,1.6581,43416.2
1731268800,1.6585,1.6687,1.5423,1.6453,197573.2
1731283200,1.6472,1.6984,1.6392,1.687,87841.8
1731297600,1.687,1.687,1.5931,1.6116,20767.7
1731312000,1.6104,1.6606,1.6104,1.6582,13647.5
1731326400,1.6581,1.664,1.6086,1.6402,22502.5
1731340800,1.6391,1.7059,1.6314,1.6898,24425.3
1731355200,1.6911,1.7346,1.6643,1.7255,33559.4
1731369600,1.7254,1.7254,1.6541,1.7036,58894.5
1731384000,1.7038,1.7172,1.6674,1.7082,32611.8
1731398400,1.7065,1.7416,1.5374,1.5951,68867.7
1731412800,1.5943,1.6116,1.5365,1.5693,37471.3
1731427200,1.5674,1.6144,1.5365,1.6066,20350.2
1731441600,1.6057,1.6367,1.585,1.6039,27369.2
1731456000,1.6061,1.6246,1.5243,1.5253,32042.4
1731470400,1.5275,1.5488,1.4667,1.5023,139766.2
1731484800,1.502,1.5284,1.4886,1.5146,30246.3
1731499200,1.5128,1.6057,1.499,1.599,49417.3
1731513600,1.6007,1.6082,1.5123,1.5177,75614.2
1731528000,1.5118,1.5287,1.4666,1.5247,35095.2
1731542400,1.5227,1.5408,1.5027,1.5399,35105.0
1731556800,1.5391,1.5876,1.5335,1.5703,29216.9
1731571200,1.5705,1.5767,1.5126,1.5361,26779.2
1731585600,1.533,1.5467,1.4716,1.4842,16818.0
1731600000,1.4786,1.5333,1.4687,1.5328,16115.6
1731614400,1.5278,1.5397,1.4732,1.4951,46600.1
1731628800,1.493,1.5151,1.4733,1.4976,39680.1
1731643200,1.4976,1.5009,1.4487,1.4723,25717.9
1731657600,1.4691,1.5299,1.4581,1.5224,10935.2
1731672000,1.522,1.5337,1.4622,1.4741,12200.6
1731686400,1.4721,1.5274,1.4685,1.5217,13886.5
1731700800,1.5139,1.5555,1.5139,1.5515,34806.6
1731715200,1.5521,1.6254,1.5474,1.6229,65137.3
1731729600,1.623,1.6295,1.5821,1.5965,9602.1
1731744000,1.595,1.656,1.5897,1.6544,20199.5
1731758400,1.6604,1.6633,1.6123,1.6343,13038.1
1731772800,1.634,1.7083,1.616,1.6954,25115.2
1731787200,1.6936,1.7132,1.6833,1.6967,9129.5
1731801600,1.6967,1.7171,1.6088,1.648,45037.5
1731816000,1.6455,1.6904,1.6381,1.6827,37055.9
1731830400,1.6782,1.707,1.6697,1.6732,30393.3
1731844800,1.6724,1.7029,1.6563,1.6591,6560.4
1731859200,1.6599,1.668,1.6119,1.6289,36648.0
1731873600,1.6304,1.6377,1.5933,1.6181,11756.2
1731888000,1.6203,1.6878,1.6093,1.6877,31132.7
1731902400,1.6869,1.9125,1.6825,1.8487,172524.5
1731916800,1.8463,1.8814,1.8054,1.8234,225549.9
1731931200,1.8257,1.8505,1.7964,1.8324,101464.9
1731945600,1.8306,1.8876,1.7849,1.814,292449.4
1731960000,1.8087,1.8331,1.7793,1.8142,459004.6
1731974400,1.8172,1.819,1.7991,1.8056,11147.4
1731988800,1.8012,1.8036,1.7674,1.7895,75492.6
1732003200,1.7894,1.7894,1.753,1.7781,83722.8
1732017600,1.7758,1.8082,1.7584,1.7837,100955.3
1732032000,1.7862,1.8017,1.7733,1.7859,54226.4
1732046400,1.7822,1.7894,1.716,1.768,55456.5
1732060800,1.7669,1.7669,1.6811,1.7149,54435.3
1732075200,1.7139,1.741,1.6953,1.7262,16577.7
1732089600,1.7259,1.7839,1.7207,1.7445,28947.8
1732104000,1.7468,1.7754,1.7113,1.7444,17670.7
1732118400,1.7444,1.7447,1.6338,1.652,66812.8
1732132800,1.6458,1.6881,1.6391,1.6607,17390.4
1732147200,1.6589,1.68,1.6001,1.6311,35622.9
1732161600,1.6289,1.6907,1.6252,1.6897,11365.7
1732176000,1.6876,1.6952,1.6481,1.6776,11435.5
1732190400,1.6761,1.8659,1.6753,1.8036,48897.1
1732204800,1.8066,1.86,1.8036,1.8456,50532.7
1732219200,1.8433,1.8654,1.8348,1.8458,20294.0
1732233600,1.8473,1.8536,1.7943,1.8243,14146.7
1732248000,1.8218,1.8557,1.812,1.813,202308.0
1732262400,1.8137,1.8509,1.8047,1.8376,100214.2
1732276800,1.8373,1.8655,1.7601,1.8117,69496.3
1732291200,1.8124,1.8165,1.7641,1.7763,49489.4
1732305600,1.7763,1.9043,1.7725,1.899,78673.6
1732320000,1.9044,1.9624,1.8816,1.9286,419391.7
1732334400,1.9299,1.9918,1.8998,1.9908,43386.7
1732348800,1.9904,2.0017,1.9594,1.9784,19986.9
1732363200,1.9779,2.0766,1.9736,2.0439,64783.5
1732377600,2.045,2.1109,1.9591,2.0967,53605.8
1732392000,2.0904,2.1794,2.0436,2.1043,72234.3
1732406400,2.0912,2.2358,2.0912,2.2165,23987.3
1732420800,2.2147,2.2433,2.1874,2.2283,53624.6
1732435200,2.2299,2.2435,2.0297,2.0487,119218.2
1732449600,2.0466,2.0707,1.9665,1.9704,70661.3
1732464000,1.9694,2.0574,1.9655,2.0444,21229.0
1732478400,2.0436,2.1422,2.0386,2.139,21017.3
1732492800,2.1391,2.1391,2.05,2.1249,535091.4
1732507200,2.1277,2.1626,2.1065,2.1544,32748.4
1732521600,2.1505,2.372,2.1505,2.3174,120167.1
1732536000,2.3133,2.3831,2.2238,2.3599,129478.9
1732550400,2.3565,2.4551,2.2476,2.3125,395808.5
1732564800,2.3025,2.3385,2.2071,2.2307,121727.2
1732579200,2.2325,2.3306,2.2151,2.2861,90108.2
1732593600,2.2861,2.3082,2.2279,2.2418,44674.9
1732608000,2.2407,2.2439,2.1005,2.1437,50123.2
1732622400,2.1383,2.1732,2.1041,2.1193,13995.6
1732636800,2.117,2.1696,2.0758,2.1234,28443.4
1732651200,2.1267,2.2252,2.1226,2.2161,40464.2
1732665600,2.2141,2.2519,2.1758,2.2508,92093.9
1732680000,2.2501,2.3685,2.2456,2.3443,16508.0
1732694400,2.3466,2.397,2.3176,2.3822,79304.4
1732708800,2.3849,2.5513,2.3466,2.5211,133651.4
1732723200,2.5205,2.5493,2.4103,2.4132,204711.1
1732737600,2.4151,2.4493,2.3978,2.4226,97818.9
1732752000,2.4217,2.4219,2.3179,2.3358,54662.2
1732766400,2.337,2.3809,2.3294,2.3479,4821.1
1732780800,2.3473,2.3964,2.2594,2.2702,62908.0
1732795200,2.2676,2.2998,2.2561,2.2697,15462.1
1732809600,2.2698,2.4129,2.2698,2.3695,10011.2
1732824000,2.3681,2.3996,2.3399,2.3834,14817.7
1732838400,2.3834,2.4017,2.3556,2.3633,25334.4
1732852800,2.3633,2.3652,2.3003,2.3004,37624.7
1732867200,2.3003,2.3814,2.3003,2.3814,13026.2
1732881600,2.3793,2.3998,2.364,2.382,8839.0
1732896000,2.3797,2.3894,2.3328,2.3648,10673.0
1732910400,2.3649,2.4093,2.3588,2.3832,11745.0
1732924800,2.3795,2.45,2.3607,2.449,17991.5
1732939200,2.4494,2.4893,2.4214,2.4846,44867.1
1732953600,2.4846,2.5603,2.4722,2.5312,210219.8
1732968000,2.5311,2.626,2.5268,2.6163,61605.6
1732982400,2.6163,2.6559,2.6047,2.647,48637.3
1732996800,2.6442,2.6802,2.6171,2.6308,57333.5
1733011200,2.6312,2.7023,2.5183,2.5651,296789.2
1733025600,2.566,2.5725,2.5184,2.5594,90556.6
1733040000,2.56,2.5654,2.4934,2.5364,54447.8
1733054400,2.5364,2.5775,2.5144,2.5637,18670.6
1733068800,2.5642,2.5674,2.4945,2.508,109968.4
1733083200,2.5063,2.5467,2.4694,2.5324,16949.1
1733097600,2.5377,2.6599,2.4928,2.502,111163.1
1733112000,2.4996,2.5529,2.4481,2.536,248963.6
1733126400,2.535,2.5537,2.39,2.4159,244905.0
1733140800,2.4127,2.6605,2.4072,2.6605,177299.5
1733155200,2.6571,2.6741,2.525,2.6676,57646.7
1733169600,2.6658,2.7513,2.6576,2.7443,231233.2
1733184000,2.7468,2.7722,2.67,2.74,161301.5
1733198400,2.7344,2.8184,2.6913,2.717,114822.0
1733212800,2.7174,2.8436,2.7082,2.807,73261.6
1733227200,2.8068,2.8903,2.6463,2.7776,155841.6
1733241600,2.7831,2.9142,2.7791,2.8548,82156.5
1733256000,2.8508,2.9901,2.8497,2.9602,95368.0
1733270400,2.9592,2.9646,2.8443,2.8803,167570.2
1733284800,2.8761,2.9822,2.8149,2.9734,194559.2
1733299200,2.9769,3.1184,2.9395,3.0974,243921.0
1733313600,3.0949,3.2137,3.041,3.1402,382575.7
1733328000,3.1391,3.1622,2.9773,3.1454,168429.5
1733342400,3.1402,3.1622,2.9828,3.0306,70696.8
1733356800,3.0336,3.102,2.8777,2.9758,87905.1
1733371200,2.9764,3.086,2.9674,3.0472,28572.9
1733385600,3.0458,3.0737,2.9991,3.0268,60455.1
1733400000,3.0199,3.0392,2.9115,2.9577,38418.8
1733414400,2.951,3.0483,2.9219,2.926,28643.6
1733428800,2.9273,2.9868,2.8177,2.9367,69831.9
1733443200,2.9373,3.2827,2.9341,3.275,108098.9
1733457600,3.2755,3.3373,3.1907,3.1943,99419.8
1733472000,3.1953,3.2416,3.0921,3.1374,69433.2
1733486400,3.133,3.2707,3.0514,3.1906,41775.4
1733500800,3.1967,3.3692,3.174,3.2943,94057.0
1733515200,3.2845,3.3719,3.2366,3.2594,116350.9
1733529600,3.2594,3.3764,3.2157,3.3428,57314.6
1733544000,3.3401,3.344,3.2109,3.2225,6017.9
1733558400,3.2178,3.2178,3.1126,3.1657,43662.6
1733572800,3.1658,3.2079,3.1148,3.1471,157733.8
1733587200,3.1447,3.1834,3.0843,3.144,61006.1
1733601600,3.1472,3.2199,3.136,3.2022,110647.1
1733616000,3.203,3.2308,3.1215,3.1215,38237.8
1733630400,3.1226,3.2438,3.0796,3.2179,33278.6
1733644800,3.2154,3.2831,3.1407,3.2602,12152.7
1733659200,3.254,3.689,3.2133,3.5135,246750.4
1733673600,3.5141,3.5365,3.3322,3.3662,87803.4
1733688000,3.3671,3.4413,3.242,3.3893,425954.8
1733702400,3.3853,3.4096,3.2549,3.2994,118628.8
1733716800,3.2963,3.3114,3.1874,3.243,128274.6
1733731200,3.2393,3.2393,3.0961,3.1095,132623.9
1733745600,3.1045,3.265,3.0719,3.1401,81933.5
1733760000,3.1351,3.163,3.0125,3.0125,173744.9
1733774400,3.0234,3.0255,2.25,2.7737,618110.3
1733788800,2.7665,2.839,2.5871,2.6985,285248.9
1733803200,2.703,2.9711,2.6416,2.9184,18395.8
1733817600,2.9146,2.9314,2.8115,2.9049,253254.9
1733832000,2.8979,2.9153,2.5267,2.5296,389300.1
1733846400,2.5258,2.6454,2.4323,2.6405,333714.4
1733860800,2.6376,2.7655,2.6207,2.7053,227330.4
1733875200,2.7057,2.7861,2.476,2.7411,211849.1
1733889600,2.7421,2.77,2.6682,2.6682,7835.4
1733904000,2.6706,2.8124,2.6706,2.7748,48075.6
1733918400,2.7831,2.9909,2.7799,2.9777,50516.6
1733932800,2.9777,3.0294,2.8668,2.8905,114581.4
1733947200,2.8965,2.9612,2.8704,2.9325,74670.2
1733961600,2.9268,3.2093,2.8825,3.1466,138991.3
1733976000,3.1595,3.3636,3.1387,3.2122,158976.1
1733990400,3.2175,3.2515,3.1174,3.1296,44440.8
1734004800,3.137,3.2601,3.137,3.211,105773.1
1734019200,3.219,3.2438,3.0961,3.1057,176812.4
1734033600,3.1025,3.1888,3.0976,3.1596,123141.3
1734048000,3.1573,3.2638,3.0727,3.2227,167791.3
1734062400,3.2217,3.2248,3.0094,3.076,183002.6
1734076800,3.0809,3.1431,3.0345,3.1178,32845.8
1734091200,3.1209,3.1323,3.0182,3.0192,63971.3
1734105600,3.0338,3.1254,3.0183,3.0787,24410.0
1734120000,3.0773,3.1244,3.0342,3.1126,7344.5
1734134400,3.1092,3.208,3.0953,3.1091,77397.3
1734148800,3.1119,3.1357,3.0877,3.0975,47596.4
1734163200,3.1061,3.2047,3.0897,3.1209,31823.3
1734177600,3.1252,3.1353,2.9911,3.0167,93141.8
1734192000,3.0173,3.0185,2.8548,2.8898,97169.6
1734206400,2.8841,2.9069,2.8164,2.8817,82790.9
1734220800,2.8737,2.9423,2.8352,2.8767,94140.4
1734235200,2.8758,2.9636,2.8469,2.8528,31097.9
1734249600,2.8643,2.9269,2.8623,2.8951,16380.4
1734264000,2.8965,3.0099,2.8794,2.9901,13805.1
1734278400,2.9911,2.9994,2.9003,2.9217,36309.9
1734292800,2.9227,2.9839,2.8061,2.9776,86098.2
1734307200,2.9582,3.1072,2.8102,2.9348,915596.9
1734321600,2.9369,2.9491,2.8791,2.9079,147854.7
1734336000,2.9082,2.9092,2.7856,2.7917,37451.1
1734350400,2.7975,2.8708,2.7912,2.8658,36099.9
1734364800,2.8645,2.9621,2.8578,2.9315,35282.0
1734379200,2.9406,2.9843,2.8641,2.8761,39058.9
1734393600,2.876,2.884,2.8093,2.8516,40064.2
1734408000,2.8484,2.8637,2.7993,2.8329,119724.4
1734422400,2.8337,2.8756,2.8093,2.8396,6990.0
1734436800,2.842,2.8556,2.6836,2.7043,74555.1
1734451200,2.7016,2.7731,2.6799,2.7264,19603.1
1734465600,2.7329,2.7429,2.6323,2.6678,16329.7
1734480000,2.6659,2.7035,2.6078,2.6181,12577.1
1734494400,2.6184,2.6359,2.5707,2.5942,9977.7
1734508800,2.6007,2.6244,2.5708,2.6062,15628.2
1734523200,2.6047,2.6065,2.4999,2.5429,19422.1
1734537600,2.5397,2.635,2.5208,2.5208,52540.1
1734552000,2.5141,2.5321,2.3525,2.3746,165022.7
1734566400,2.3727,2.4195,2.2416,2.4195,51794.1
1734580800,2.4068,2.4147,2.3662,2.3808,5840.1
1734595200,2.3785,2.432,2.3462,2.3917,21671.8
1734609600,2.3907,2.3965,2.2356,2.2803,31879.5
1734624000,2.2694,2.2906,2.0882,2.1185,142252.3
1734638400,2.1119,2.2023,2.0582,2.1372,58757.0
1734652800,2.1502,2.24,2.1036,2.1748,96892.9
1734667200,2.1772,2.1998,2.0896,2.1432,37594.1
1734681600,2.1476,2.1476,1.8553,1.8553,226658.3
1734696000,1.8534,2.1136,1.8524,2.1032,78638.5
1734710400,2.0955,2.256,2.0909,2.2417,155248.9
1734724800,2.2423,2.2559,2.1681,2.1999,46809.1
1734739200,2.1987,2.2021,2.1602,2.1669,9520.3
1734753600,2.1682,2.2424,2.1675,2.2262,53356.6
1734768000,2.2321,2.2368,2.1307,2.1456,314776.6
1734782400,2.1452,2.146,2.01,2.0433,55247.3
1734796800,2.0438,2.0438,1.9461,1.9802,56595.1
1734811200,1.9807,1.9994,1.9366,1.9683,59089.9
1734825600,1.971,2.0129,1.9537,1.9887,117973.0
1734840000,1.9892,1.9939,1.9282,1.9706,9577.1
1734854400,1.9786,2.0364,1.9762,2.0036,21287.4
1734868800,2.0046,2.031,1.9435,1.9664,10866.0
1734883200,1.9597,2.0129,1.9299,1.9304,96134.1
1734897600,1.9426,2.0043,1.9155,1.9753,26338.7
1734912000,1.9754,2.0696,1.9255,2.0622,20423.6
1734926400,2.066,2.0689,1.9675,1.9938,31799.8
1734940800,1.997,2.0393,1.9895,2.0033,60474.8
1734955200,2.008,2.0251,1.9609,1.9633,11445.8
1734969600,1.9651,2.0383,1.9621,2.0147,31124.4
1734984000,2.0153,2.1532,2.0153,2.1004,16500.5
1734998400,2.0985,2.1111,2.0395,2.0801,15519.6
1735012800,2.0798,2.1153,2.0605,2.0827,4663.4
1735027200,2.0827,2.2013,2.0757,2.1901,63809.2
1735041600,2.1858,2.3161,2.1496,2.3028,65328.1
1735056000,2.2973,2.3269,2.2412,2.2422,15117.5
1735070400,2.2392,2.2542,2.2183,2.2252,10066.5
1735084800,2.2252,2.242,2.185,2.2024,10196.6
1735099200,2.2049,2.2782,2.2021,2.2341,25672.0
1735113600,2.2436,2.32,2.2298,2.2342,110526.5
1735128000,2.2379,2.2539,2.2107,2.2118,10976.1
1735142400,2.2164,2.2259,2.1852,2.2108,14115.4
1735156800,2.2111,2.218,2.1637,2.2057,17300.4
1735171200,2.2066,2.2332,2.1426,2.1495,12407.4
1735185600,2.1438,2.1452,2.0912,2.0964,15855.5
1735200000,2.0984,2.1003,2.0332,2.0725,32519.0
1735214400,2.071,2.0763,2.0275,2.0396,9360.2
1735228800,2.0392,2.0605,2.0091,2.0345,23960.9
1735243200,2.038,2.0468,1.9961,2.0289,7152.1
1735257600,2.0295,2.0967,2.0141,2.0785,15255.4
1735272000,2.0807,2.1081,2.0279,2.0405,10759.1
1735286400,2.0499,2.1701,2.0499,2.149,82698.5
1735300800,2.1446,2.1482,2.0348,2.0469,30108.5
1735315200,2.0472,2.123,2.0299,2.1029,25972.6
1735329600,2.1047,2.1057,2.0494,2.0644,7583.4
1735344000,2.0683,2.0734,2.0427,2.0634,6062.5
1735358400,2.0644,2.0684,2.024,2.024,5955.1
1735372800,2.0234,2.0862,2.0234,2.0572,7335.4
1735387200,2.0608,2.132,2.0355,2.0893,29002.4
1735401600,2.0948,2.129,2.081,2.1043,10730.7
1735416000,2.1062,2.1413,2.0967,2.1265,89440.2
1735430400,2.1268,2.1302,2.0899,2.1191,12644.6
1735444800,2.1234,2.1234,2.0752,2.1133,14509.4
1735459200,2.1146,2.1148,2.0746,2.0761,9245.9
1735473600,2.0773,2.104,2.0494,2.0567,15055.3
1735488000,2.0563,2.0584,2.0169,2.0231,8349.6
1735502400,2.0231,2.0231,1.9879,2.0081,14686.0
1735516800,2.0075,2.1013,2.0001,2.0493,28502.6
1735531200,2.0455,2.0752,2.0222,2.0488,6959.4
1735545600,2.0511,2.0682,1.9904,2.0194,11157.2
1735560000,2.0113,2.0376,1.9303,1.9436,18054.2
1735574400,1.9374,2.0423,1.922,2.0265,13540.6
1735588800,2.0275,2.0595,1.9617,1.9892,26933.5
1735603200,1.9876,1.9879,1.931,1.9378,20719.6
1735617600,1.9371,1.9547,1.9252,1.942,6148.3
1735632000,1.947,1.9979,1.9386,1.966,14954.1
1735646400,1.9673,2.0215,1.9563,1.9863,12798.9
1735660800,1.9857,1.9912,1.9221,1.928,16336.7
1735675200,1.9271,1.9369,1.9012,1.9167,11447.0
1735689600,1.9173,1.9511,1.9145,1.9262,8965.7
1735704000,1.9251,1.9333,1.9109,1.9294,12464.3
1735718400,1.9287,1.9353,1.895,1.9261,11306.7
1735732800,1.9281,1.9774,1.9199,1.9711,8987.3
1735747200,1.9781,2.0171,1.9471,2.0101,23620.0
1735761600,2.0168,2.0283,2.0072,2.0155,11388.1
1735776000,2.0155,2.0592,2.0122,2.0483,16696.1
1735790400,2.0494,2.0878,2.0485,2.0862,14443.1
1735804800,2.0878,2.1092,2.0695,2.1045,14756.6
1735819200,2.1074,2.15,2.0881,2.0929,40340.8
1735833600,2.1006,2.11,2.0604,2.0713,41373.4
1735848000,2.0718,2.0873,2.0426,2.0669,6661.1
1735862400,2.074,2.0879,2.0423,2.0798,9963.0
1735876800,2.0764,2.0764,2.0335,2.0371,13184.5
1735891200,2.0366,2.1073,2.0347,2.1,10375.3
1735905600,2.102,2.1988,2.0966,2.1934,24785.2
1735920000,2.1974,2.2252,2.1914,2.2089,80858.8
1735934400,2.2115,2.2115,2.1828,2.1931,31437.8
1735948800,2.1937,2.2046,2.1614,2.2012,21011.0
1735963200,2.2062,2.2062,2.1705,2.1874,5560.3
1735977600,2.1893,2.1893,2.1414,2.1651,28308.4
1735992000,2.1632,2.2593,2.1632,2.1724,16148.5
1736006400,2.1818,2.203,2.1697,2.1873,12245.4
1736020800,2.193,2.2226,2.1914,2.2118,7798.5
1736035200,2.2128,2.2128,2.1625,2.1762,5319.0
1736049600,2.1823,2.1986,2.1654,2.1802,18122.0
1736064000,2.1818,2.1886,2.1473,2.1592,6836.5
1736078400,2.1619,2.1812,2.1364,2.1641,24064.5
1736092800,2.1645,2.1776,2.1329,2.1683,6899.5
1736107200,2.1755,2.2023,2.1591,2.181,6556.3
1736121600,2.1844,2.2183,2.1402,2.2008,19253.6
1736136000,2.2133,2.2262,2.1776,2.1904,6611.8
1736150400,2.1891,2.2054,2.1634,2.2048,5033.2
1736164800,2.2072,2.2482,2.1557,2.2429,9588.8
1736179200,2.2465,2.2743,2.1841,2.2184,20388.5
1736193600,2.2224,2.2236,2.1775,2.2011,6036.1
1736208000,2.2009,2.2032,2.1548,2.1605,6325.6
1736222400,2.1637,2.1703,2.144,2.1538,3805.7
1736236800,2.156,2.1774,2.1065,2.1197,7585.5
1736251200,2.1197,2.1464,1.9926,2.0142,30081.7
1736265600,2.005,2.0187,1.9494,1.9518,13102.0
1736280000,1.9499,1.9697,1.928,1.9282,5717.7
1736294400,1.9292,1.9555,1.8868,1.8951,14048.7
1736308800,1.894,1.9003,1.8255,1.8591,8844.3
1736323200,1.8611,1.8939,1.8505,1.8605,11675.1
1736337600,1.861,1.8912,1.8466,1.8701,6591.5
1736352000,1.8636,1.8666,1.7387,1.8121,41153.6
1736366400,1.8136,1.8577,1.8046,1.8528,8480.5
1736380800,1.8496,1.8807,1.8442,1.8498,10019.1
1736395200,1.8514,1.8528,1.7856,1.7903,6952.6
1736409600,1.7903,1.8393,1.7846,1.8209,18237.6
1736424000,1.8196,1.8415,1.7472,1.8255,9956.7
1736438400,1.8274,1.8357,1.7559,1.762,20793.0
1736452800,1.7607,1.7955,1.7353,1.7783,36813.8
1736467200,1.7882,1.8176,1.7814,1.8175,16785.1
1736481600,1.8154,1.8724,1.8029,1.8623,8990.4
1736496000,1.8607,1.8685,1.8257,1.8404,15867.6
1736510400,1.8429,1.8497,1.7576,1.7884,18483.5
1736524800,1.7879,1.8422,1.7664,1.8334,17670.4
1736539200,1.8308,1.8325,1.8011,1.8205,12626.5
1736553600,1.8249,1.8373,1.7922,1.7975,7732.5
1736568000,1.8021,1.8156,1.7885,1.7978,18055.7
1736582400,1.798,1.8182,1.7854,1.8159,7716.9
1736596800,1.8144,1.8154,1.7871,1.7929,4689.5
1736611200,1.8028,1.8061,1.7805,1.7915,4433.8
1736625600,1.7921,1.851,1.7893,1.8193,8836.3
1736640000,1.8209,1.8305,1.8127,1.8257,4818.9
1736654400,1.8284,1.8355,1.792,1.8015,4301.8
1736668800,1.8049,1.8098,1.7781,1.8026,7040.3
1736683200,1.8004,1.819,1.7821,1.8128,4711.2
1736697600,1.8164,1.8169,1.791,1.7933,8118.7
1736712000,1.796,1.801,1.75,1.7841,9283.1
1736726400,1.7813,1.8352,1.7268,1.7346,11843.7
1736740800,1.7315,1.7623,1.6982,1.706,8701.1
1736755200,1.7072,1.7072,1.5696,1.5696,12822.5
1736769600,1.5746,1.6709,1.5736,1.6445,14688.9
1736784000,1.6372,1.6494,1.5845,1.6145,26149.5
1736798400,1.6135,1.6954,1.6003,1.6831,30278.7
1736812800,1.686,1.7179,1.6763,1.7043,19239.3
1736827200,1.7043,1.7329,1.7005,1.7034,5416.8
1736841600,1.7059,1.7609,1.6955,1.7197,10195.2
1736856000,1.7205,1.7496,1.6983,1.7338,30097.4
1736870400,1.7319,1.7601,1.7158,1.7494,34681.4
1736884800,1.7516,1.7918,1.7371,1.7797,8060.6
1736899200,1.7814,1.8012,1.7605,1.7817,9326.4
1736913600,1.789,1.8091,1.7652,1.798,9192.0
1736928000,1.8018,1.8114,1.7233,1.7348,8345.7
1736942400,1.7395,1.8738,1.7252,1.8588,21372.3
1736956800,1.861,1.8852,1.8324,1.8852,25690.6
1736971200,1.8845,1.9115,1.8719,1.9104,12754.8
1736985600,1.9109,1.9158,1.8666,1.8856,13851.4
1737000000,1.8873,1.9047,1.8749,1.8917,21094.4
1737014400,1.8939,1.8968,1.8429,1.8906,7207.7
1737028800,1.8898,1.9071,1.8267,1.868,12911.1
1737043200,1.8693,1.8967,1.8684,1.8967,13962.1
1737057600,1.8979,1.9005,1.8323,1.8468,4399.2
1737072000,1.8509,1.9061,1.8489,1.8717,11059.1
1737086400,1.8732,1.9231,1.862,1.9119,7252.2
1737100800,1.914,1.9459,1.9029,1.9295,16914.9
1737115200,1.9229,1.9789,1.911,1.9507,30268.5
1737129600,1.9553,1.9687,1.9282,1.9457,9255.7
1737144000,1.9449,1.9934,1.9436,1.9769,29187.9
1737158400,1.9814,2.003,1.9,1.9053,16982.1
1737172800,1.9071,1.9103,1.8152,1.8188,9012.7
1737187200,1.8153,1.8371,1.7899,1.8327,9282.4
1737201600,1.8315,1.8458,1.804,1.8092,6842.8
1737216000,1.8109,1.8145,1.7525,1.7789,13844.6
1737230400,1.7815,1.817,1.7604,1.8101,7450.2
1737244800,1.8059,1.8711,1.8019,1.8369,7812.0
1737259200,1.8356,1.8386,1.7648,1.7737,13829.3
1737273600,1.7675,1.7727,1.6409,1.6538,32718.0
1737288000,1.6505,1.7955,1.6505,1.7736,34026.3
1737302400,1.7722,1.8094,1.7544,1.8094,53666.1
1737316800,1.8085,1.8211,1.5924,1.6185,121687.7
1737331200,1.6157,1.6178,1.537,1.5808,60058.3
1737345600,1.5773,1.7451,1.5604,1.7073,64958.4
1737360000,1.7103,1.7329,1.6677,1.6941,39221.1
1737374400,1.6903,1.6924,1.6235,1.6603,13013.2
1737388800,1.6659,1.7059,1.6025,1.6611,88516.7
1737403200,1.6576,1.6639,1.6063,1.6173,11717.7
1737417600,1.6192,1.6236,1.5631,1.5778,29785.8
1737432000,1.5727,1.6007,1.55,1.5879,15878.6
1737446400,1.5865,1.6747,1.5731,1.6726,26679.4
1737460800,1.6707,1.72,1.6535,1.6784,29930.0
1737475200,1.6794,1.7698,1.6784,1.7351,56683.2
1737489600,1.7383,1.755,1.7136,1.7273,23980.2
1737504000,1.7269,1.7435,1.7035,1.7165,31100.6
1737518400,1.721,1.7211,1.6963,1.7003,26175.1
1737532800,1.7005,1.718,1.6765,1.7126,14422.0
1737547200,1.7156,1.7195,1.6706,1.687,10590.7
1737561600,1.6845,1.7032,1.6528,1.6613,21519.0
1737576000,1.6623,1.6779,1.6337,1.6444,13849.4
1737590400,1.6427,1.6493,1.6113,1.633,9965.7
1737604800,1.6333,1.64,1.6005,1.6204,7628.6
1737619200,1.6193,1.6261,1.5857,1.6003,9712.1
1737633600,1.5991,1.6587,1.5811,1.6222,102552.0
1737648000,1.6308,1.6651,1.5741,1.58,40967.0
1737662400,1.5805,1.6311,1.51,1.6159,720473.3
1737676800,1.6155,1.6223,1.5497,1.5765,59229.0
1737691200,1.5765,1.6484,1.5691,1.621,46641.7
1737705600,1.6231,1.65,1.6146,1.6474,44430.4
1737720000,1.65,1.6697,1.6126,1.6278,26407.3
1737734400,1.6288,1.6331,1.5934,1.5965,23766.5
1737748800,1.6002,1.6022,1.5637,1.5734,12048.1
1737763200,1.571,1.5978,1.5434,1.5918,12073.8
1737777600,1.588,1.5905,1.5648,1.5689,8216.6
1737792000,1.5695,1.5898,1.5555,1.5867,12717.2
1737806400,1.5878,1.6228,1.5728,1.6194,14810.9
1737820800,1.6191,1.624,1.5794,1.5899,33127.1
1737835200,1.589,1.6039,1.5829,1.5863,10723.8
1737849600,1.5832,1.609,1.576,1.6027,11098.3
1737864000,1.6017,1.6174,1.5955,1.6155,9657.8
1737878400,1.6141,1.6233,1.5873,1.612,15447.3
1737892800,1.6107,1.6187,1.6,1.6147,11344.1
1737907200,1.6131,1.6463,1.6007,1.6262,25777.8
1737921600,1.6277,1.6341,1.5512,1.5512,38234.8
1737936000,1.551,1.5551,1.4837,1.4916,60781.7
1737950400,1.491,1.491,1.3802,1.4043,38116.0
1737964800,1.406,1.4218,1.3826,1.3998,36221.4
1737979200,1.3998,1.4751,1.3968,1.4661,56999.1
1737993600,1.4628,1.4686,1.4179,1.43,45411.7
1738008000,1.4322,1.5107,1.4322,1.4881,21204.6
1738022400,1.4879,1.5133,1.4701,1.5076,10651.6
1738036800,1.5092,1.5196,1.4978,1.4989,16981.1
1738051200,1.4999,1.5067,1.4823,1.5048,21433.4
1738065600,1.5029,1.5529,1.4924,1.5335,15172.2
1738080000,1.5349,1.5349,1.4652,1.4724,29315.8
1738094400,1.4726,1.4796,1.3994,1.4185,35105.3
1738108800,1.4184,1.4611,1.4133,1.4529,14706.5
1738123200,1.4509,1.5011,1.4487,1.4949,5246.3
1738137600,1.4946,1.5019,1.4582,1.4804,25801.7
1738152000,1.4817,1.4991,1.4564,1.4974,17948.7
1738166400,1.4968,1.5444,1.4696,1.5267,71432.4
1738180800,1.5306,1.568,1.5043,1.5095,19063.8
1738195200,1.5121,1.5582,1.4951,1.5575,19048.2
1738209600,1.5608,1.5681,1.5443,1.5563,9374.1
1738224000,1.5533,1.6179,1.5406,1.5793,22925.2
1738238400,1.5787,1.6098,1.5564,1.5916,17176.7
1738252800,1.6008,1.6128,1.5739,1.5995,18295.2
1738267200,1.6015,1.6055,1.5638,1.5697,10864.1
1738281600,1.5716,1.5884,1.5429,1.5559,6523.8
1738296000,1.556,1.6212,1.5412,1.608,13124.5
1738310400,1.6095,1.6526,1.5851,1.6506,21550.8
1738324800,1.6514,1.6743,1.6252,1.6716,34143.0
1738339200,1.6745,1.685,1.5945,1.6106,15063.1
1738353600,1.607,1.607,1.5763,1.6054,14732.6
1738368000,1.6009,1.6209,1.5831,1.5889,6321.7
1738382400,1.589,1.6144,1.5833,1.5884,10090.2
1738396800,1.5922,1.5949,1.5444,1.5695,16898.1
1738411200,1.5713,1.5834,1.5447,1.5506,10983.6
1738425600,1.5497,1.5586,1.4843,1.4864,22095.3
1738440000,1.4856,1.4916,1.4321,1.4463,30988.7
1738454400,1.4451,1.4812,1.389,1.3944,8145.6
1738468800,1.393,1.4492,1.3893,1.4167,19891.2
1738483200,1.4158,1.4438,1.384,1.384,13605.2
1738497600,1.3858,1.4252,1.3831,1.3961,19717.3
1738512000,1.3966,1.3966,1.2463,1.3045,84157.0
1738526400,1.3012,1.314,1.1684,1.2586,38191.7
1738540800,1.257,1.2582,0.91774,1.0875,222932.6
1738555200,1.081,1.1456,1.0436,1.1456,59013.4
1738569600,1.1414,1.1566,1.0843,1.1355,42985.3
1738584000,1.1394,1.2315,1.0967,1.2271,65076.6
1738598400,1.2227,1.2547,1.2118,1.2522,64711.9
1738612800,1.2513,1.2836,1.2159,1.2599,17149.0
1738627200,1.2601,1.2715,1.1825,1.19,41828.1
1738641600,1.1938,1.2088,1.0732,1.0763,24310.6
1738656000,1.0755,1.0862,1.0483,1.0719,39635.7
1738670400,1.0727,1.1133,1.0676,1.0942,23929.5
1738684800,1.0942,1.1369,1.0807,1.0828,45832.5
1738699200,1.083,1.1103,1.0403,1.0984,41722.7
1738713600,1.0976,1.1222,1.0868,1.1092,16420.4
1738728000,1.1093,1.1245,1.0934,1.1086,17336.1
1738742400,1.1083,1.1266,1.0981,1.1185,30400.3
1738756800,1.1186,1.1343,1.0995,1.1074,25405.3
1738771200,1.1105,1.1105,1.0503,1.0804,35304.0
1738785600,1.0824,1.0848,1.0316,1.0524,25620.9
1738800000,1.0606,1.0627,1.0389,1.0444,23124.4
1738814400,1.0435,1.0585,1.0377,1.0455,10436.8
1738828800,1.0483,1.0649,1.0257,1.0353,8460.3
1738843200,1.0367,1.04,0.98427,0.98726,20801.7
1738857600,0.98637,1.0026,0.97101,0.97488,90642.4
1738872000,0.9741,0.99722,0.96103,0.97218,29182.4
1738886400,0.97006,0.99252,0.96126,0.98392,75528.7
1738900800,0.98397,1.0092,0.97605,0.99715,19219.4
1738915200,0.99707,1.011,0.99125,1.0033,19577.5
1738929600,1.0043,1.045,0.9988,1.016,10204.2
1738944000,1.0169,1.019,0.98814,0.99044,28519.0
1738958400,0.98746,0.98746,0.92717,0.96596,21954.1
1738972800,0.96269,0.98856,0.96217,0.97397,23630.6
1738987200,0.97398,0.97977,0.94003,0.97191,20661.7
1739001600,0.9706,0.97064,0.95084,0.96459,25263.5
1739016000,0.96198,0.98286,0.9507,0.97031,7861.6
1739030400,0.96876,0.98139,0.95811,0.97675,20603.2
1739044800,0.97823,0.98191,0.9588,0.97074,15656.9
1739059200,0.97154,1.0012,0.96285,0.99491,25777.8
1739073600,0.99621,0.99621,0.97815,0.98213,14587.3
1739088000,0.98173,0.9951,0.96388,0.96528,20860.8
1739102400,0.96353,0.97683,0.94589,0.97289,26240.2
1739116800,0.97224,0.98076,0.95311,0.95676,27623.0
1739131200,0.95685,0.97303,0.91512,0.96501,25358.1
1739145600,0.96727,0.98677,0.93332,0.95885,51207.6
1739160000,0.96008,0.97576,0.95689,0.97109,19816.7
1739174400,0.97481,0.98832,0.96845,0.97693,22622.5
1739188800,0.97945,0.98804,0.95402,0.95997,28995.8
1739203200,0.96085,1.024,0.95919,1.0229,67747.4
1739217600,1.024,1.0322,1.0042,1.0173,157332.0
1739232000,1.0152,1.0324,1.0144,1.0214,43885.8
1739246400,1.0235,1.0656,1.0203,1.0446,15298.0
1739260800,1.0443,1.0492,1.0154,1.0247,110482.6
1739275200,1.0246,1.0247,0.98239,0.9925,62166.9
1739289600,0.9922,0.9962,0.95225,0.95396,47531.7
1739304000,0.95448,0.97307,0.9492,0.96222,23561.3
1739318400,0.96201,0.97624,0.9543,0.95811,24877.5
1739332800,0.9563,0.96524,0.94693,0.95301,17084.5
1739347200,0.9543,0.96525,0.94514,0.95519,18731.6
1739361600,0.95455,0.98637,0.91841,0.96038,80117.2
1739376000,0.95952,1.0184,0.95375,1.0159,38703.5
1739390400,1.0159,1.0521,1.0134,1.0388,77080.8
1739404800,1.0396,1.0542,1.0316,1.0408,20686.3
1739419200,1.0406,1.0449,0.98577,0.98577,26425.2
1739433600,0.98669,1.0052,0.98669,0.99668,19542.6
1739448000,0.99645,1.0142,0.98856,1.0047,91817.6
1739462400,1.0043,1.0256,0.9898,1.0159,39324.6
1739476800,1.0154,1.0579,1.0154,1.0384,192563.9
1739491200,1.0411,1.0461,1.0199,1.0418,66598.9
1739505600,1.0426,1.0448,0.9806,1.0294,2167953.3999999999
1739520000,1.032,1.044,0.97927,0.99705,1793250.5
1739534400,0.99581,1.0247,0.99295,1.0247,79638.1
1739548800,1.0218,1.0598,1.0093,1.0299,372420.4
1739563200,1.0308,1.0351,1.0082,1.0304,65261.3
1739577600,1.0288,1.0414,1.0186,1.0272,96347.4
1739592000,1.0276,1.0323,1.0069,1.0113,195194.8
1739606400,1.0127,1.0234,0.99975,1.0068,20019.0
1739620800,1.0068,1.0108,0.98678,0.98977,32513.6
1739635200,0.98977,0.99467,0.97678,0.98584,31752.2
1739649600,0.9869,1.0,0.97591,0.9858,708479.7
1739664000,0.9858,0.99158,0.96914,0.97861,18046.9
1739678400,0.98022,0.99458,0.9794,0.98633,12446.6
1739692800,0.98627,1.0275,0.98532,1.0252,9953.6
1739707200,1.0251,1.0373,0.98147,0.99721,247167.5
1739721600,0.99713,1.0057,0.97169,0.9802,17483.0
1739736000,0.9795,0.98499,0.96122,0.9815,21670.9
1739750400,0.9803,1.0073,0.9803,0.99697,13518.2
1739764800,0.99637,0.99925,0.97077,0.98519,48449.2
1739779200,0.98225,1.0193,0.98024,1.012,37259.9
1739793600,1.013,1.0418,1.0016,1.0027,53368.4
1739808000,1.0035,1.0114,0.97956,0.98872,39474.9
1739822400,0.99191,1.018,0.98938,1.0108,23697.4
1739836800,1.0109,1.0136,0.99649,1.0037,15682.4
1739851200,1.0027,1.0043,0.94809,0.95568,22826.0
1739865600,0.95629,0.97291,0.94185,0.9661,19250.0
1739880000,0.96533,0.97285,0.91646,0.92014,50170.6
1739894400,0.91978,0.94582,0.90646,0.94185,688560.0
1739908800,0.94286,0.96408,0.92182,0.96398,16791.3
1739923200,0.96503,0.96914,0.94278,0.95668,25064.1
1739937600,0.95859,0.97871,0.94511,0.97466,16038.3
1739952000,0.97532,0.9832,0.97029,0.97475,29533.5
1739966400,0.97475,0.97696,0.95062,0.95245,35828.2
1739980800,0.95243,0.97083,0.94509,0.94862,50225.0
1739995200,0.94997,0.95783,0.92999,0.95174,39907.2
1740009600,0.95159,0.98019,0.95142,0.97189,19272.0
1740024000,0.97135,0.977,0.94816,0.95516,22419.8
1740038400,0.95444,0.96403,0.94936,0.9609,7935.1
1740052800,0.96143,0.98886,0.95234,0.95234,48003.3
1740067200,0.9541,1.0019,0.95253,0.99663,26378.3
1740081600,0.99615,1.0068,0.99155,0.99758,18517.0
1740096000,0.99749,0.99896,0.97157,0.97157,15938.0
1740110400,0.97338,0.99882,0.9731,0.99469,27091.8
1740124800,0.99579,1.053,0.99402,1.0427,44066.9
1740139200,1.0435,1.074,1.0085,1.0146,40828.6
1740153600,1.0178,1.033,0.94872,0.95371,31215.0
1740168000,0.95219,0.96604,0.94305,0.95777,38502.9
1740182400,0.95567,0.96727,0.9511,0.9611,15417.1
1740196800,0.9592,0.9792,0.9585,0.97303,13735.0
1740211200,0.97172,0.99449,0.96655,0.99011,28596.6
1740225600,0.99098,0.99563,0.98123,0.98961,16325.8
1740240000,0.98965,1.0072,0.98863,1.0041,46161.4
1740254400,1.0044,1.0362,0.99727,1.0259,28908.6
1740268800,1.0251,1.0343,1.0054,1.009,23845.6
1740283200,1.0093,1.028,1.001,1.027,12086.0
1740297600,1.0278,1.0279,1.006,1.008,22477.4
1740312000,1.0104,1.0153,0.98889,0.98889,24031.8
1740326400,0.98766,1.0094,0.98766,1.0021,20032.9
1740340800,0.99888,1.0061,0.98675,1.0036,24092.7
1740355200,1.0036,1.0078,0.94843,0.94889,55180.9
1740369600,0.94823,0.98519,0.93234,0.9815,60773.8
1740384000,0.98089,0.98089,0.95158,0.96857,21202.3
1740398400,0.96661,0.98166,0.93861,0.94618,42683.3
1740412800,0.9482,0.95645,0.91866,0.92355,51658.2
1740427200,0.92467,0.94363,0.86079,0.88272,110772.7
1740441600,0.88466,0.9068,0.85082,0.89164,56633.5
1740456000,0.89166,0.89949,0.81658,0.8471,68478.6
1740470400,0.84458,0.86417,0.82233,0.8603,100556.5
1740484800,0.85814,0.87735,0.84235,0.86857,17349.9
1740499200,0.86752,0.8834,0.85472,0.8834,26711.1
1740513600,0.8864,0.90942,0.88116,0.89742,39246.6
1740528000,0.89851,0.91402,0.89041,0.90823,35524.2
1740542400,0.90838,0.9172,0.89908,0.90911,37730.9
1740556800,0.90853,0.9163,0.89631,0.89734,42515.0
1740571200,0.89734,0.90454,0.85831,0.88719,44446.3
1740585600,0.88996,0.89195,0.83123,0.83626,93199.7
1740600000,0.83809,0.88772,0.8282,0.87332,49868.3
1740614400,0.8742,0.89344,0.86513,0.89075,37269.0
1740628800,0.89052,0.91393,0.88419,0.90843,29015.3
1740643200,0.90787,0.93424,0.90567,0.91731,46452.1
1740657600,0.91933,0.9224,0.89144,0.9043,25553.2
1740672000,0.90181,0.90674,0.8862,0.88925,27811.6
1740686400,0.88878,0.9044,0.86843,0.90132,50476.9
1740700800,0.9015,0.90449,0.83344,0.83446,123879.4
1740715200,0.83471,0.83929,0.81621,0.83532,66303.4
1740729600,0.83328,0.8542,0.81756,0.84309,81968.8
1740744000,0.84329,0.89726,0.8371,0.8904,131854.7
1740758400,0.88985,0.91648,0.88375,0.90837,38592.5
1740772800,0.90832,0.91304,0.89911,0.91072,17384.1
1740787200,0.90991,0.91224,0.89508,0.90329,21617.0
1740801600,0.90229,0.90923,0.88018,0.88116,20777.6
1740816000,0.88293,0.89201,0.86345,0.86806,25770.8
1740830400,0.86841,0.88031,0.86017,0.87014,20665.4
1740844800,0.86978,0.88328,0.86929,0.87529,18997.8
1740859200,0.87536,0.89228,0.87248,0.88988,16938.5
1740873600,0.88936,0.89521,0.88052,0.89147,35954.9
1740888000,0.89249,0.90963,0.89249,0.89416,39012.0
1740902400,0.89464,0.92178,0.88849,0.91315,22552.2
1740916800,0.91218,0.95935,0.89709,0.93121,40969.3
1740931200,0.93422,1.0153,0.93419,1.0082,97470.0
1740945600,1.0077,1.0181,1.0004,1.0074,22821.5
1740960000,1.0085,1.0085,0.96133,0.96801,59559.6
1740974400,0.96544,0.97798,0.93194,0.94897,19640.1
1740988800,0.94996,0.95353,0.92995,0.95205,294719.3
1741003200,0.95263,0.999,0.94069,0.97979,350993.1
1741017600,0.98125,0.98379,0.89493,0.90238,214307.9
1741032000,0.90198,0.91289,0.88896,0.89714,125782.5
1741046400,0.89524,0.89896,0.81416,0.84129,240437.6
1741060800,0.84127,0.87199,0.83713,0.86797,148176.4
1741075200,0.86642,0.88729,0.85417,0.8832,63743.7
1741089600,0.8832,0.91181,0.85422,0.87434,115967.5
1741104000,0.87207,0.9437,0.83332,0.93686,155871.9
1741118400,0.93652,0.94792,0.92355,0.93364,55822.0
1741132800,0.93414,0.94434,0.91517,0.9163,49687.4
1741147200,0.91029,0.92661,0.90436,0.92464,39445.2
1741161600,0.92413,1.0119,0.91947,0.92508,240021.2
1741176000,0.92734,0.94733,0.92452,0.94242,96685.6
1741190400,0.94249,0.95934,0.9223,0.9483,51630.2
1741204800,0.9475,0.94933,0.93347,0.93824,33323.2
1741219200,0.93708,0.94674,0.92626,0.94148,31443.3
1741233600,0.94051,0.95448,0.9335,0.93441,15107.7
1741248000,0.9356,0.95143,0.93509,0.94257,20026.6
1741262400,0.94257,0.94257,0.90762,0.92053,28069.8
1741276800,0.92234,0.9252,0.87735,0.88334,46266.7
1741291200,0.88237,0.90022,0.88133,0.88931,48638.2
1741305600,0.88941,0.89495,0.84603,0.88352,95273.1
1741320000,0.88042,0.89957,0.8794,0.89769,18661.3
1741334400,0.89686,0.91638,0.88629,0.90971,36896.2
1741348800,0.91116,0.94878,0.9004,0.93876,189656.5
1741363200,0.93969,0.9549,0.90981,0.94214,136762.5
1741377600,0.94202,0.95008,0.90797,0.9171,231102.8
1741392000,0.91762,0.92685,0.89497,0.90002,48822.0
1741406400,0.89811,0.90491,0.88496,0.88809,25930.7
1741420800,0.88619,0.88985,0.86193,0.86681,51287.6
1741435200,0.86696,0.88722,0.86207,0.88215,31656.5
1741449600,0.88292,0.90629,0.86749,0.90227,59785.5
1741464000,0.90311,0.90795,0.88386,0.885,17932.4
1741478400,0.8857,0.88975,0.87213,0.87709,23401.1
1741492800,0.87805,0.88305,0.86612,0.87527,17533.8
1741507200,0.87428,0.88014,0.85324,0.86161,30997.9
1741521600,0.86116,0.87084,0.83593,0.83994,43471.4
1741536000,0.84019,0.85286,0.8139,0.82998,93641.5
1741550400,0.83093,0.84095,0.80293,0.81309,42739.2
1741564800,0.81484,0.84508,0.80183,0.83839,54471.0
1741579200,0.83699,0.86164,0.83699,0.86031,28655.7
1741593600,0.85895,0.89535,0.84105,0.88129,61123.6
1741608000,0.883,0.89808,0.82467,0.83995,54234.2
1741622400,0.83863,0.84212,0.76287,0.81792,93802.5
1741636800,0.81365,0.81365,0.77978,0.78014,44485.2
1741651200,0.78176,0.78859,0.72791,0.77266,102744.7
1741665600,0.77187,0.80144,0.77084,0.79563,192775.2
1741680000,0.79444,0.80067,0.78348,0.7864,119901.9
1741694400,0.78644,0.79981,0.75784,0.79464,103950.2
1741708800,0.79017,0.827,0.78215,0.82122,76689.7
1741723200,0.82132,0.82609,0.80194,0.804,34270.2
1741737600,0.80458,0.81603,0.78385,0.78385,41135.3
1741752000,0.78351,0.80522,0.77189,0.80238,80311.9
1741766400,0.80263,0.84423,0.79802,0.83979,178031.4
1741780800,0.84045,0.85261,0.78983,0.80242,179544.6
1741795200,0.80317,0.82343,0.80072,0.81766,35796.6
1741809600,0.81662,0.82694,0.80969,0.82452,28772.7
1741824000,0.8273,0.8273,0.80424,0.80459,32720.2
1741838400,0.8067,0.80842,0.79472,0.80081,29384.3
1741852800,0.80019,0.8245,0.79181,0.81858,45222.2
1741867200,0.82188,0.83537,0.80888,0.81204,24663.4
1741881600,0.81232,0.81232,0.78381,0.7919,25079.8
1741896000,0.79003,0.80999,0.78577,0.80302,22451.2
1741910400,0.80281,0.81903,0.80009,0.8138,37208.5
1741924800,0.81445,0.81961,0.80697,0.81308,26516.1
1741939200,0.81284,0.83996,0.81229,0.83267,71277.0
1741953600,0.83196,0.85105,0.82679,0.84408,63904.2
1741968000,0.84434,0.85147,0.83644,0.84068,51023.9
1741982400,0.83904,0.83937,0.8268,0.8279,36350.9
1741996800,0.82704,0.83268,0.81796,0.83084,20036.2
1742011200,0.83242,0.84889,0.82791,0.83649,18444.5
1742025600,0.83629,0.84891,0.83209,0.84683,78825.6
1742040000,0.84767,0.849,0.83604,0.84104,19393.5
1742054400,0.84124,0.85225,0.83921,0.84684,22413.6
1742068800,0.84777,0.85939,0.84721,0.85939,18949.7
1742083200,0.8585,0.8585,0.83826,0.84508,30246.3
1742097600,0.84602,0.85218,0.8432,0.84982,15728.1
1742112000,0.84894,0.8566,0.82009,0.82201,19687.6
1742126400,0.82017,0.83004,0.81393,0.82106,25180.8
1742140800,0.81918,0.83792,0.80837,0.81408,29381.7
1742155200,0.81368,0.81906,0.80505,0.81002,24490.1
1742169600,0.80924,0.83508,0.80924,0.83321,12167.7
1742184000,0.83318,0.83451,0.81411,0.82914,16857.8
1742198400,0.82822,0.85387,0.82047,0.84861,95528.2
1742212800,0.84861,0.86356,0.83874,0.8568,48070.6
1742227200,0.86079,0.87489,0.85366,0.86686,15049.4
1742241600,0.86649,0.87503,0.86297,0.86978,14077.4
1742256000,0.87225,0.8723,0.85058,0.85253,29727.7
1742270400,0.85285,0.86546,0.84276,0.85073,19945.4
1742284800,0.85419,0.86535,0.84188,0.8449,40312.0
1742299200,0.84302,0.84892,0.81786,0.81898,38261.3
1742313600,0.81779,0.82598,0.80298,0.82304,32231.0
1742328000,0.82325,0.84428,0.81703,0.84304,17943.0
1742342400,0.84496,0.85822,0.84199,0.85201,29418.5
1742356800,0.85417,0.85506,0.84013,0.84126,14828.6
1742371200,0.84066,0.8734,0.84066,0.87115,46451.0
1742385600,0.87105,0.88086,0.85741,0.87959,22245.7
1742400000,0.88158,0.88614,0.85433,0.87846,65530.2
1742414400,0.88097,0.91149,0.8686,0.89028,239457.3
1742428800,0.89035,0.89258,0.87469,0.88041,141917.8
1742443200,0.88074,0.88748,0.87564,0.88144,73182.9
1742457600,0.88352,0.90259,0.86565,0.86675,50706.3
1742472000,0.86674,0.88586,0.86479,0.86576,55081.1
1742486400,0.86533,0.87089,0.85176,0.86807,23226.3
1742500800,0.87052,0.87788,0.86751,0.87191,9712.0
1742515200,0.87253,0.88464,0.86988,0.87088,20743.7
1742529600,0.87106,0.87694,0.85977,0.86466,15169.4
1742544000,0.86361,0.86629,0.83156,0.83765,29665.3
1742558400,0.83485,0.84232,0.8288,0.83521,47899.9
1742572800,0.8338,0.84838,0.83215,0.8479,56783.9
1742587200,0.84714,0.85214,0.84075,0.84697,41144.0
1742601600,0.84699,0.85286,0.83463,0.84275,29693.3
1742616000,0.84337,0.86573,0.84033,0.85962,182448.4
1742630400,0.86052,0.87279,0.85896,0.86033,46314.1
1742644800,0.86039,0.86327,0.85131,0.85684,14713.0
1742659200,0.85775,0.86538,0.85532,0.85928,21467.8
1742673600,0.85986,0.87001,0.85712,0.86634,33846.4
1742688000,0.86527,0.87812,0.8553,0.87812,13734.7
1742702400,0.87807,0.88086,0.86707,0.8781,19669.6
1742716800,0.88091,0.88304,0.87008,0.87218,26618.3
1742731200,0.87121,0.87504,0.86017,0.86217,17765.6
1742745600,0.86293,0.8733,0.85317,0.87127,18541.9
1742760000,0.87114,0.88943,0.87032,0.88909,11171.3
1742774400,0.88974,0.90017,0.86925,0.88655,57923.0
1742788800,0.88628,0.92173,0.88628,0.91755,65182.2
1742803200,0.91687,0.92951,0.91142,0.91252,35136.7
1742817600,0.91231,0.91753,0.90257,0.90849,51337.7
1742832000,0.9093,0.91247,0.89857,0.91059,17130.8
1742846400,0.91048,0.92563,0.91048,0.92134,39389.5
1742860800,0.92321,0.93561,0.90122,0.90335,39615.0
1742875200,0.90132,0.91469,0.89913,0.90145,29577.2
1742889600,0.90185,0.91758,0.90148,0.91366,90172.4
1742904000,0.91336,0.91451,0.89595,0.90359,47318.5
1742918400,0.90384,0.91361,0.89941,0.9103,17343.8
1742932800,0.91053,0.93765,0.90748,0.93162,47739.9
1742947200,0.93183,0.93183,0.9033,0.90756,41949.7
1742961600,0.90638,0.94684,0.90638,0.94373,54462.5
1742976000,0.94597,0.94928,0.9192,0.93439,54238.7
1742990400,0.93494,0.94031,0.91237,0.93266,131126.1
1743004800,0.9316,0.93923,0.89603,0.89615,123583.1
1743019200,0.8951,0.90842,0.89218,0.90492,27530.2
1743033600,0.90487,0.9375,0.90233,0.93044,100860.0
1743048000,0.92947,0.92947,0.91468,0.92168,83209.0
1743062400,0.92264,0.93075,0.90384,0.90593,49144.0
1743076800,0.90487,0.92425,0.897,0.91929,36269.8
1743091200,0.91991,0.92597,0.90294,0.90926,32480.6
1743105600,0.91007,0.91699,0.90236,0.90335,24462.0
1743120000,0.90377,0.92535,0.9,0.91738,38726.4
1743134400,0.91716,0.91934,0.85969,0.86033,119195.2
1743148800,0.86197,0.8684,0.83847,0.8439,86537.4
1743163200,0.84348,0.84869,0.82882,0.83081,26722.4
1743177600,0.8307,0.8337,0.8215,0.82317,41148.8
1743192000,0.82419,0.83373,0.82071,0.8297,12914.9
1743206400,0.82902,0.83958,0.81256,0.8215,23750.7
1743220800,0.81978,0.82211,0.78948,0.79248,27457.5
1743235200,0.79296,0.80358,0.77874,0.78353,43572.1
1743249600,0.78454,0.79778,0.78075,0.78385,13671.8
1743264000,0.78473,0.78772,0.76323,0.77747,68287.5
1743278400,0.77753,0.77754,0.76246,0.77473,25183.8
1743292800,0.77303,0.78525,0.76767,0.77682,63071.1
1743307200,0.77777,0.78607,0.77488,0.78082,10536.2
1743321600,0.78213,0.78884,0.77583,0.7809,15901.2
1743336000,0.78086,0.7869,0.76791,0.77689,23655.9
1743350400,0.77716,0.7879,0.76589,0.78173,29577.1
1743364800,0.78199,0.78531,0.76453,0.77464,55935.6
1743379200,0.77503,0.78369,0.75695,0.76567,44311.4
1743393600,0.76677,0.77277,0.74569,0.75279,26752.8
1743408000,0.7552,0.76178,0.73669,0.75311,111221.2
1743422400,0.75356,0.77147,0.74528,0.76238,207275.3
1743436800,0.76353,0.76997,0.7526,0.76166,173724.0
1743451200,0.76087,0.76472,0.75368,0.76059,22568.9
1743465600,0.76129,0.76563,0.73646,0.74168,138779.6
1743480000,0.74277,0.76261,0.74054,0.75764,59573.4
1743494400,0.75854,0.77849,0.74456,0.74945,81511.6
1743508800,0.74959,0.77371,0.74163,0.77072,62476.9
1743523200,0.77066,0.77366,0.71356,0.71686,207885.0
1743537600,0.7184,0.72422,0.70813,0.71089,86727.8
1743552000,0.71123,0.71614,0.67962,0.68987,167687.7
1743566400,0.6903,0.69206,0.67012,0.67525,165257.2
1743580800,0.67534,0.69122,0.67267,0.67736,55793.4
1743595200,0.67838,0.70557,0.66033,0.69938,106125.1
1743609600,0.70068,0.70803,0.68425,0.6952,54892.9
1743624000,0.69536,0.71453,0.64122,0.65113,187285.5
1743638400,0.65238,0.68152,0.65078,0.6746,38262.0
1743652800,0.67745,0.68109,0.65302,0.66105,33718.9
1743667200,0.6597,0.66468,0.63272,0.64191,95980.4
1743681600,0.64402,0.64496,0.6255,0.63572,255697.8
1743696000,0.63659,0.6521,0.63432,0.65083,21797.5
1743710400,0.6501,0.6578,0.64504,0.65014,710848.3
1743724800,0.65006,0.65416,0.63439,0.63657,632389.7
1743739200,0.63707,0.6527,0.62862,0.65063,261411.9
1743753600,0.65266,0.66089,0.61519,0.62656,93670.7
1743768000,0.62666,0.65769,0.62505,0.64461,194914.0
1743782400,0.64633,0.66152,0.6431,0.65398,41765.0
1743796800,0.6553,0.66332,0.65164,0.65813,8381.0
1743811200,0.65785,0.68643,0.6577,0.67165,1538884.6000000001
1743825600,0.67167,0.68535,0.6703,0.68033,64825.3
1743840000,0.68121,0.69306,0.67851,0.68424,81294.6
1743854400,0.68437,0.68813,0.66254,0.66489,17039.1
1743868800,0.66489,0.66854,0.66141,0.66276,22230.1
1743883200,0.66301,0.67833,0.66301,0.67733,16650.8
1743897600,0.67588,0.6766,0.66949,0.67042,65715.6
1743912000,0.67152,0.68021,0.66965,0.67485,99134.8
1743926400,0.67598,0.67995,0.66929,0.67163,22703.5
1743940800,0.67187,0.67219,0.64466,0.65564,106632.7
1743955200,0.6564,0.65657,0.60429,0.61349,99685.7
1743969600,0.61592,0.61614,0.58829,0.60784,30854.6
1743984000,0.61153,0.62786,0.58486,0.59153,31349.4
1743998400,0.59289,0.601,0.54826,0.56458,111348.0
1744012800,0.56397,0.59235,0.55918,0.57499,56058.6
1744027200,0.57628,0.63111,0.57364,0.60969,55595.4
1744041600,0.60852,0.61605,0.59724,0.60321,142674.3
1744056000,0.60336,0.62064,0.60336,0.61738,51438.0
1744070400,0.61458,0.64153,0.61255,0.62207,155731.8
1744084800,0.62323,0.62508,0.59841,0.60183,20414.2
1744099200,0.60168,0.61319,0.5962,0.61275,30263.6
1744113600,0.61423,0.61556,0.59009,0.59693,29843.6
1744128000,0.59803,0.60025,0.57324,0.57878,54891.6
1744142400,0.58038,0.58646,0.57514,0.58175,10961.5
1744156800,0.58291,0.59398,0.55363,0.58886,34104.2
1744171200,0.5885,0.60786,0.5869,0.60517,22423.9
1744185600,0.60761,0.61121,0.59105,0.59439,18286.0
1744200000,0.59354,0.61503,0.58803,0.60763,27424.1
1744214400,0.60814,0.65656,0.6042,0.65085,92467.1
1744228800,0.65299,0.66354,0.65054,0.65178,42957.4
1744243200,0.65544,0.65544,0.62736,0.63031,359899.5
1744257600,0.63045,0.63454,0.62254,0.62706,73922.2
1744272000,0.62572,0.62891,0.6209,0.62159,35689.6
1744286400,0.62196,0.6581,0.60636,0.60935,281688.8
1744300800,0.60947,0.62502,0.60755,0.61555,62265.9
1744315200,0.61579,0.62811,0.61579,0.62197,30165.8
1744329600,0.62314,0.63779,0.62029,0.63678,70998.6
1744344000,0.63587,0.64124,0.63149,0.63918,23691.8
1744358400,0.63868,0.64439,0.63277,0.63334,29590.0
1744372800,0.63334,0.64857,0.62828,0.64857,39112.6
1744387200,0.64906,0.6559,0.64418,0.64969,12359.1
1744401600,0.64935,0.65558,0.64339,0.64458,15352.5
1744416000,0.6449,0.64773,0.63678,0.63869,22189.0
1744430400,0.6392,0.64972,0.63739,0.64941,31266.4
1744444800,0.65022,0.65619,0.64865,0.65369,24344.7
1744459200,0.65314,0.67618,0.65226,0.67323,20549.2
1744473600,0.67353,0.68105,0.67322,0.67421,88210.1
1744488000,0.67498,0.67988,0.67081,0.67257,24085.9
1744502400,0.67269,0.67376,0.65488,0.65621,21462.7
1744516800,0.65631,0.65775,0.6374,0.64705,11973.5
1744531200,0.64713,0.65685,0.64249,0.65165,58883.5
1744545600,0.65206,0.65361,0.63503,0.64367,71490.0
1744560000,0.64403,0.66096,0.61846,0.62575,48881.3
1744574400,0.62636,0.63473,0.61597,0.62724,37099.8
1744588800,0.63183,0.65093,0.62953,0.63555,15599.9
1744603200,0.63764,0.64458,0.62461,0.63092,39321.1
1744617600,0.63257,0.65469,0.62764,0.65401,10282.7
1744632000,0.65497,0.65893,0.62542,0.6296,43356.9
1744646400,0.62955,0.65057,0.62522,0.64263,35928.3
1744660800,0.64339,0.64757,0.63657,0.64329,17275.6
1744675200,0.64389,0.65491,0.63567,0.65258,17912.3
1744689600,0.65216,0.65649,0.64552,0.65372,21982.7
1744704000,0.65483,0.6618,0.65,0.65622,29135.2
1744718400,0.65618,0.66129,0.64361,0.6503,32441.2
1744732800,0.64942,0.65196,0.63034,0.6329,33835.3
1744747200,0.632,0.63741,0.6229,0.62737,31111.6
1744761600,0.62586,0.64079,0.62116,0.63658,5263.7
1744776000,0.63777,0.63869,0.62644,0.62667,10273.5
1744790400,0.62739,0.63841,0.62326,0.62844,23582.8
1744804800,0.62949,0.64294,0.62222,0.62961,48319.1
1744819200,0.63033,0.6406,0.61552,0.63063,26624.3
1744833600,0.63177,0.63665,0.61342,0.61558,15727.7
1744848000,0.61571,0.6216,0.60593,0.61064,45981.1
1744862400,0.60968,0.62773,0.60925,0.62453,32901.6
1744876800,0.62367,0.6254,0.6186,0.62235,13961.2
1744891200,0.62382,0.62745,0.60678,0.6218,18049.8
1744905600,0.6219,0.6378,0.6171,0.6254,15929.7
1744920000,0.62583,0.62971,0.61612,0.62004,13624.3
1744934400,0.61943,0.621,0.61351,0.61905,29186.9
1744948800,0.62004,0.62971,0.619,0.62799,56212.7
1744963200,0.62978,0.63585,0.6282,0.62988,81949.7
1744977600,0.63149,0.63639,0.62058,0.6239,49513.8
1744992000,0.62333,0.62717,0.62065,0.62367,16049.4
1745006400,0.62432,0.62461,0.61631,0.62034,11406.8
1745020800,0.62034,0.63039,0.61763,0.62759,7539.9
1745035200,0.62842,0.6343,0.62584,0.63429,9081.1
1745049600,0.63683,0.6374,0.62,0.62432,189820.7
1745064000,0.62517,0.63617,0.62047,0.63318,24394.8
1745078400,0.63388,0.66008,0.63227,0.64369,225898.7
1745092800,0.64284,0.65106,0.64173,0.64348,70183.1
1745107200,0.64464,0.64937,0.63919,0.64655,21226.9
1745121600,0.64684,0.66462,0.6368,0.63744,42946.0
1745136000,0.62801,0.63184,0.62363,0.63165,14638.6
1745150400,0.63019,0.64104,0.63018,0.6385,11390.5
1745164800,0.64002,0.64881,0.6395,0.64776,51808.8
1745179200,0.64788,0.65383,0.6387,0.6452,40259.9
1745193600,0.64818,0.66283,0.64718,0.65432,75551.3
1745208000,0.65397,0.66774,0.65284,0.66277,9236.1
1745222400,0.66269,0.68771,0.66269,0.67327,553377.2
1745236800,0.67371,0.68035,0.67061,0.67746,28765.3
1745251200,0.6792,0.68171,0.65374,0.66521,49415.8
1745265600,0.66517,0.66801,0.65785,0.66392,19408.2
1745280000,0.6618,0.67698,0.64854,0.66674,56050.0
1745294400,0.66776,0.6706,0.64577,0.6695,103760.8
1745308800,0.67167,0.69933,0.66182,0.69285,196675.9
1745323200,0.69304,0.70864,0.68943,0.70183,218441.4
1745337600,0.7026,0.71235,0.69835,0.70679,12339.1
1745352000,0.70804,0.721,0.70586,0.71867,79693.1
1745366400,0.71962,0.73012,0.71229,0.73012,58991.1
1745380800,0.73302,0.73414,0.72333,0.73255,20245.5
1745395200,0.73265,0.74317,0.72518,0.73889,45802.1
1745409600,0.7402,0.747,0.71418,0.7269,19764.1
1745424000,0.72668,0.73898,0.71497,0.72274,24890.8
1745438400,0.72279,0.73663,0.72237,0.73287,6991.6
1745452800,0.73376,0.73643,0.70921,0.70921,19235.7
1745467200,0.71208,0.72329,0.68789,0.69323,153366.2
1745481600,0.69313,0.70026,0.68146,0.69672,53473.6
1745496000,0.7,0.7571,0.69714,0.74994,40314.3
1745510400,0.75438,0.76688,0.73382,0.7658,22801.6
1745524800,0.76474,0.76921,0.74174,0.74568,27419.8
1745539200,0.74609,0.7664,0.74366,0.76052,22537.7
1745553600,0.76096,0.77682,0.75591,0.7756,43516.7
1745568000,0.77818,0.7806,0.76462,0.77443,11986.7
1745582400,0.77582,0.77904,0.75096,0.75836,129491.6
1745596800,0.75947,0.76992,0.75312,0.76001,106930.8
1745611200,0.76077,0.7666,0.75424,0.76344,14600.4
1745625600,0.7617,0.78793,0.76084,0.78263,15016.0
1745640000,0.78297,0.78502,0.7637,0.77547,20453.4
1745654400,0.77344,0.77948,0.74678,0.74789,31194.6
1745668800,0.74976,0.76492,0.74394,0.76492,31984.4
1745683200,0.76363,0.76694,0.75591,0.76665,12001.0
1745697600,0.76772,0.77492,0.76509,0.7733,12100.0
1745712000,0.77324,0.77544,0.75009,0.76562,45946.7
1745726400,0.76416,0.76792,0.74586,0.75589,21715.5
1745740800,0.75447,0.75838,0.74821,0.74963,121028.5
1745755200,0.75052,0.75441,0.7378,0.74026,6603.6
1745769600,0.74134,0.75148,0.73452,0.74928,15386.1
1745784000,0.74928,0.75056,0.72527,0.72599,16393.2
1745798400,0.72748,0.73186,0.70001,0.7134,34904.5
1745812800,0.71215,0.7439,0.71215,0.74068,18073.1
1745827200,0.7422,0.7504,0.7229,0.73531,43802.8
1745841600,0.73632,0.73632,0.70718,0.71213,25327.0
1745856000,0.71328,0.74143,0.70841,0.73843,27694.0
1745870400,0.74003,0.74358,0.73188,0.73545,8585.8
1745884800,0.7334,0.74441,0.7334,0.74332,19674.1
1745899200,0.74399,0.74953,0.73395,0.74789,15469.4
1745913600,0.74874,0.75122,0.72837,0.7338,26975.2
1745928000,0.73492,0.73808,0.72177,0.7283,61304.8
1745942400,0.7283,0.73412,0.71842,0.72133,24359.3
1745956800,0.72126,0.72197,0.69457,0.70538,44127.1
1745971200,0.70389,0.71416,0.69918,0.71115,14530.7
1745985600,0.71218,0.71971,0.70748,0.71019,10613.0
1746000000,0.71007,0.72979,0.70961,0.72753,16971.7
1746014400,0.72899,0.73117,0.68549,0.70028,28002.2
1746028800,0.7006,0.71167,0.69583,0.70637,18845.0
1746043200,0.70738,0.71743,0.706,0.70893,7380.7
1746057600,0.71056,0.72244,0.70606,0.70673,19181.0
1746072000,0.70553,0.7164,0.70553,0.71534,31204.4
1746086400,0.71548,0.74007,0.715,0.72797,33221.2
1746100800,0.72781,0.73422,0.71786,0.72467,17441.6
1746115200,0.72765,0.73558,0.7237,0.72754,12580.6
1746129600,0.72905,0.73347,0.7193,0.7215,12048.3
1746144000,0.72142,0.7388,0.72134,0.73064,11981.8
1746158400,0.73118,0.73393,0.7166,0.71953,14548.5
1746172800,0.71676,0.72813,0.71648,0.71841,19873.1
1746187200,0.71773,0.72555,0.70963,0.71736,13583.6
1746201600,0.71735,0.72477,0.70829,0.71117,12581.8
1746216000,0.71033,0.72054,0.70827,0.7197,10861.0
1746230400,0.7197,0.72128,0.70731,0.71091,17291.5
1746244800,0.71013,0.71173,0.69992,0.70053,11401.5
1746259200,0.70027,0.70639,0.68931,0.68982,22792.7
1746273600,0.69029,0.69322,0.68276,0.68802,29746.5
1746288000,0.68794,0.68794,0.6608,0.67711,52361.6
1746302400,0.6766,0.67896,0.66985,0.66985,8727.5
1746316800,0.66968,0.67744,0.66217,0.6711,36246.5
1746331200,0.66969,0.67729,0.66617,0.66833,10228.9
1746345600,0.67026,0.67104,0.65717,0.66529,97935.9
1746360000,0.66512,0.66835,0.65633,0.66302,81403.7
1746374400,0.66238,0.66434,0.65212,0.65393,24530.2
1746388800,0.65425,0.66222,0.64845,0.65422,25218.4
1746403200,0.65399,0.66563,0.6516,0.66146,35643.0
1746417600,0.66088,0.66822,0.65949,0.6655,48892.9
1746432000,0.66627,0.66859,0.64294,0.64509,20550.4
1746446400,0.64413,0.65339,0.63787,0.64289,50768.9
1746460800,0.6426,0.65912,0.64157,0.64641,17226.2
1746475200,0.64575,0.64941,0.63582,0.64314,29891.0
1746489600,0.64228,0.65256,0.63563,0.64823,23975.5
1746504000,0.64722,0.64957,0.63938,0.6405,22931.5
1746518400,0.64189,0.64205,0.62413,0.62915,32441.4
1746532800,0.62958,0.63824,0.62346,0.62736,25196.5
1746547200,0.62766,0.64062,0.62326,0.63502,50144.2
1746561600,0.63573,0.6425,0.61618,0.64044,23840.3
1746576000,0.64101,0.65565,0.63966,0.64242,16749.6
1746590400,0.6435,0.65095,0.63777,0.64951,27463.9
1746604800,0.65086,0.6551,0.64558,0.65226,35478.8
1746619200,0.65078,0.65158,0.63623,0.6383,25152.3
1746633600,0.63807,0.64614,0.62858,0.63979,28699.0
1746648000,0.63922,0.64819,0.6332,0.64721,13545.4
1746662400,0.64678,0.67073,0.64619,0.66876,14577.2
1746676800,0.66899,0.67435,0.66706,0.6725,12736.7
1746691200,0.67356,0.67885,0.67168,0.67691,17072.1
1746705600,0.6789,0.69992,0.67396,0.69487,21088.0
1746720000,0.69543,0.71173,0.69543,0.71173,14956.2
1746734400,0.71502,0.75344,0.71502,0.7523,60429.7
1746748800,0.75287,0.77041,0.75248,0.75271,31914.9
1746763200,0.75469,0.80581,0.75469,0.79792,45458.3
1746777600,0.79796,0.81855,0.77948,0.80913,695381.1
1746792000,0.80904,0.81284,0.78524,0.79852,427645.7
1746806400,0.79934,0.81123,0.7878,0.79873,67176.0
1746820800,0.79864,0.81244,0.79505,0.81127,49179.7
1746835200,0.81145,0.82512,0.79972,0.81391,40291.1
1746849600,0.81254,0.83017,0.80363,0.83017,15210.8
1746864000,0.8286,0.83696,0.80749,0.8127,26498.6
1746878400,0.81271,0.82798,0.80977,0.81521,32398.6
1746892800,0.81806,0.84647,0.81806,0.84342,91371.3
1746907200,0.84342,0.91596,0.83819,0.91337,84601.5
1746921600,0.90097,0.90309,0.85165,0.87718,168706.2
1746936000,0.87768,0.89736,0.83595,0.84177,694038.0
1746950400,0.84247,0.87304,0.83644,0.87083,212206.1
1746964800,0.87238,0.87911,0.84099,0.84688,66464.5
1746979200,0.84905,0.88144,0.8388,0.87244,59996.9
1746993600,0.87147,0.87965,0.86351,0.86564,14382.5
1747008000,0.86512,0.87943,0.84916,0.87809,16126.1
1747022400,0.87824,0.93476,0.87035,0.9084,222279.9
1747036800,0.90939,0.9247,0.8957,0.89934,77225.8
1747051200,0.89819,0.91434,0.86774,0.87768,140398.0
1747065600,0.87532,0.89325,0.83691,0.86144,131181.6
1747080000,0.86051,0.88228,0.85433,0.87731,22867.8
1747094400,0.87731,0.87731,0.82873,0.8326,16179.4
1747108800,0.83345,0.86945,0.83151,0.86606,29227.2
1747123200,0.86612,0.89289,0.86028,0.88032,45781.5
1747137600,0.88168,0.90111,0.86853,0.89924,38965.1
1747152000,0.89705,0.93958,0.89705,0.93567,11602.6
1747166400,0.93553,0.93553,0.91525,0.92697,50586.7
1747180800,0.927,0.94661,0.92393,0.93545,40027.1
1747195200,0.93436,0.96843,0.92228,0.925,544163.2
1747209600,0.925,0.92664,0.90011,0.918,113342.3
1747224000,0.91771,0.93175,0.8875,0.89409,37893.8
1747238400,0.89554,0.90785,0.88459,0.89149,35761.5
1747252800,0.89181,0.8982,0.88128,0.88243,40560.3
1747267200,0.88035,0.89851,0.87537,0.87578,71096.4
1747281600,0.87745,0.88166,0.83876,0.83989,10510.7
1747296000,0.84046,0.86284,0.82536,0.84161,102189.7
1747310400,0.83983,0.8486,0.81458,0.84689,29788.1
1747324800,0.84689,0.8669,0.82475,0.83157,24410.1
1747339200,0.83126,0.8328,0.80044,0.82502,17167.7
1747353600,0.82513,0.84548,0.82368,0.84322,24791.5
1747368000,0.84379,0.84609,0.83269,0.84139,10163.9
1747382400,0.84241,0.84353,0.82447,0.83648,14047.1
1747396800,0.83737,0.83862,0.81455,0.82376,19484.9
1747411200,0.82366,0.82865,0.8045,0.81658,28215.4
1747425600,0.81558,0.81803,0.77858,0.78471,73201.8
1747440000,0.78459,0.78769,0.7667,0.78321,9823.7
1747454400,0.78082,0.78974,0.77583,0.77903,9307.7
1747468800,0.78062,0.80566,0.77766,0.80221,41586.5
1747483200,0.80148,0.80172,0.78445,0.78975,20065.7
1747497600,0.78873,0.79738,0.77871,0.78675,13961.3
1747512000,0.78673,0.79424,0.77857,0.78581,13245.4
1747526400,0.78588,0.79363,0.78477,0.78977,9495.1
1747540800,0.79032,0.82231,0.78965,0.82158,9999.7
1747555200,0.82367,0.83217,0.81172,0.81274,10271.1
1747569600,0.81172,0.84391,0.80829,0.83962,19014.6
1747584000,0.84035,0.84035,0.78058,0.78058,33527.0
1747598400,0.77611,0.82092,0.76687,0.81762,20615.1
1747612800,0.81968,0.82183,0.77728,0.7798,9810.7
1747627200,0.77897,0.78472,0.76428,0.78253,29533.6
1747641600,0.78156,0.78381,0.77097,0.77326,7272.7
1747656000,0.77217,0.78587,0.75988,0.78256,57743.4
1747670400,0.78374,0.80639,0.77755,0.79183,46486.8
1747684800,0.79179,0.79439,0.78382,0.79241,28839.4
1747699200,0.79124,0.83302,0.78971,0.83302,21019.5
1747713600,0.83445,0.86598,0.82694,0.83383,16968.8
1747728000,0.83342,0.83567,0.80722,0.81147,24713.1
1747742400,0.81199,0.81301,0.79376,0.80791,33406.8
1747756800,0.80861,0.80946,0.78938,0.80776,24475.1
1747771200,0.80691,0.82245,0.80529,0.81458,70296.7
1747785600,0.81471,0.82086,0.80144,0.81577,12509.1
1747800000,0.81654,0.82804,0.8032,0.80682,15340.4
1747814400,0.80743,0.80992,0.78865,0.80268,28324.2
1747828800,0.80185,0.81768,0.79776,0.8055,30655.9
1747843200,0.80862,0.84022,0.78693,0.81161,58125.1
1747857600,0.81131,0.83225,0.80555,0.81523,23368.4
1747872000,0.81761,0.83492,0.81518,0.83134,31367.7
1747886400,0.83053,0.83207,0.81033,0.82692,13661.9
1747900800,0.82843,0.84539,0.82636,0.83346,9802.8
1747915200,0.8359,0.85225,0.82585,0.84517,13291.8
1747929600,0.84463,0.87782,0.84229,0.86074,186119.0
1747944000,0.8602,0.86647,0.85139,0.86024,17954.9
1747958400,0.85975,0.8818,0.855,0.87424,40716.1
1747972800,0.87416,0.87504,0.84186,0.8477,26648.6
1747987200,0.84722,0.86926,0.81536,0.81993,44580.4
1748001600,0.82185,0.82775,0.79483,0.80981,55009.1
1748016000,0.80814,0.81614,0.80013,0.80209,63187.3
1748030400,0.80104,0.80176,0.76871,0.77382,17611.2
1748044800,0.77102,0.78991,0.76592,0.78644,21064.5
1748059200,0.78672,0.78987,0.78194,0.7841,17539.8
1748073600,0.7841,0.79615,0.77975,0.78923,14368.2
1748088000,0.78776,0.79077,0.77975,0.78377,28045.1
1748102400,0.7844,0.79258,0.78083,0.78549,29779.2
1748116800,0.78584,0.78738,0.77671,0.78078,11498.6
1748131200,0.77993,0.78313,0.76404,0.77487,25541.2
1748145600,0.77475,0.78046,0.75309,0.75889,99015.0
1748160000,0.75904,0.75904,0.74476,0.75071,16056.2
1748174400,0.74958,0.75775,0.73574,0.74735,9707.0
1748188800,0.74626,0.75097,0.73967,0.75097,9471.7
1748203200,0.74686,0.76588,0.74054,0.7618,84439.4
1748217600,0.76219,0.77888,0.75976,0.77785,7586.0
1748232000,0.77855,0.79,0.77687,0.78924,10364.4
1748246400,0.79174,0.79391,0.78062,0.78062,18091.7
1748260800,0.78222,0.78604,0.76849,0.78399,20941.2
1748275200,0.7839,0.78519,0.75872,0.76344,9492.5
1748289600,0.76277,0.77419,0.76096,0.76756,9979.3
1748304000,0.76857,0.78106,0.75192,0.77207,119175.6
1748318400,0.77285,0.79171,0.76809,0.7873,16050.9
1748332800,0.78981,0.8,0.78981,0.79942,15514.5
1748347200,0.79942,0.80609,0.78683,0.79116,21135.5
1748361600,0.79106,0.79901,0.78581,0.78726,29158.3
1748376000,0.78815,0.79515,0.77416,0.77623,35263.3
1748390400,0.77645,0.78358,0.76885,0.77756,8970.7
1748404800,0.77654,0.78265,0.77416,0.77705,23232.9
1748419200,0.7769,0.78805,0.76598,0.78479,14065.0
1748433600,0.78559,0.79975,0.76476,0.76669,57252.5
1748448000,0.76668,0.78181,0.75448,0.75448,14252.9
1748462400,0.75348,0.77773,0.75348,0.77717,54996.5
1748476800,0.77703,0.81,0.77296,0.79955,28274.5
1748491200,0.79954,0.80435,0.78322,0.78625,29015.0
1748505600,0.78685,0.78967,0.77902,0.78094,51004.9
1748520000,0.78146,0.78147,0.74598,0.75089,46459.2
1748534400,0.75143,0.7574,0.73921,0.74377,44075.7
1748548800,0.74508,0.7559,0.73753,0.74069,40345.6
1748563200,0.74113,0.7475,0.70245,0.72865,63538.8
1748577600,0.72692,0.72871,0.71054,0.71711,31091.9
1748592000,0.71696,0.72272,0.70975,0.71589,57543.3
1748606400,0.71525,0.71888,0.70397,0.70636,19646.0
1748620800,0.70705,0.70957,0.68129,0.69276,75573.8
1748635200,0.69209,0.69389,0.6548,0.65871,11992.0
1748649600,0.65908,0.66142,0.63502,0.65321,84942.2
1748664000,0.65036,0.67205,0.64611,0.66866,96009.8
1748678400,0.66742,0.66998,0.65965,0.66143,68674.8
1748692800,0.6617,0.67806,0.66024,0.67183,38414.6
1748707200,0.6686,0.67784,0.66543,0.67212,26338.5
1748721600,0.6711,0.68198,0.66986,0.67664,22211.6
1748736000,0.67595,0.68166,0.6692,0.68135,102802.1
1748750400,0.68038,0.69096,0.67803,0.68159,138906.7
1748764800,0.68144,0.68144,0.66563,0.67131,18572.4
1748779200,0.67044,0.68376,0.66569,0.68064,119478.1
1748793600,0.6811,0.69232,0.67863,0.68608,33000.5
1748808000,0.68435,0.69273,0.68435,0.69057,24541.1
1748822400,0.69185,0.69209,0.66975,0.67461,47389.7
1748836800,0.67351,0.68396,0.66993,0.67857,30628.7
1748851200,0.67969,0.68489,0.6685,0.67245,36611.1
1748865600,0.67251,0.68462,0.66884,0.67964,27244.0
1748880000,0.67988,0.68446,0.67239,0.67613,31022.9
1748894400,0.67622,0.70796,0.67622,0.70023,26235.9
1748908800,0.70167,0.71467,0.69964,0.70116,39007.8
1748923200,0.70261,0.71372,0.69398,0.70269,33402.2
1748937600,0.70312,0.70719,0.69619,0.70376,14694.6
1748952000,0.70376,0.7166,0.7029,0.70944,20547.9
1748966400,0.70987,0.72074,0.70933,0.71272,11753.5
1748980800,0.71272,0.71319,0.6956,0.69676,13486.6
1748995200,0.69812,0.71371,0.69282,0.70129,33644.6
1749009600,0.6992,0.70496,0.6939,0.69594,60529.7
1749024000,0.69674,0.70128,0.68411,0.68493,24134.9
1749038400,0.6866,0.68974,0.6738,0.68974,30437.4
1749052800,0.69105,0.69184,0.67525,0.67683,45847.6
1749067200,0.67605,0.67627,0.66372,0.66546,20291.1
1749081600,0.66803,0.67498,0.66516,0.67183,56070.0
1749096000,0.67316,0.68277,0.66467,0.67787,14595.6
1749110400,0.67872,0.68537,0.67628,0.68036,31133.1
1749124800,0.68144,0.69562,0.67178,0.68189,47740.4
1749139200,0.67987,0.68013,0.64725,0.64893,23086.9
1749153600,0.64954,0.65298,0.6245,0.64023,36085.7
1749168000,0.63753,0.64694,0.63375,0.64571,49624.8
1749182400,0.64678,0.64891,0.64138,0.64171,11166.2
1749196800,0.64361,0.64829,0.64077,0.64292,43513.7
1749211200,0.64342,0.66497,0.64292,0.65806,22513.8
1749225600,0.65821,0.65939,0.62612,0.63067,67036.7
1749240000,0.63111,0.6357,0.62675,0.63008,26997.9
1749254400,0.63052,0.64518,0.62723,0.64302,123334.5
1749268800,0.64323,0.65422,0.6412,0.65206,33146.8
1749283200,0.65206,0.65911,0.64675,0.65911,61788.5
1749297600,0.65897,0.66223,0.65228,0.655,15260.4
1749312000,0.65437,0.65761,0.65075,0.65721,5963.1
1749326400,0.65742,0.66339,0.65625,0.65921,11449.5
1749340800,0.65969,0.65976,0.65474,0.65731,10998.6
1749355200,0.6567,0.65827,0.6505,0.65298,17418.8
1749369600,0.65128,0.65737,0.64654,0.65598,16588.1
1749384000,0.65599,0.65976,0.65042,0.65976,7450.6
1749398400,0.65969,0.66651,0.65848,0.66444,12506.7
1749412800,0.6664,0.66833,0.65716,0.65716,43671.8
1749427200,0.65838,0.65935,0.63344,0.63799,15574.1
1749441600,0.63761,0.63937,0.63035,0.63462,21623.7
1749456000,0.63727,0.66237,0.63461,0.65892,15793.6
1749470400,0.66028,0.66213,0.64783,0.65492,14360.5
1749484800,0.65266,0.66282,0.65266,0.65987,16808.8
1749499200,0.661,0.68509,0.66096,0.68347,15759.1
1749513600,0.68186,0.692,0.68186,0.68681,28269.9
1749528000,0.68702,0.69273,0.67478,0.69116,11828.0
1749542400,0.69011,0.71493,0.68518,0.71493,30127.0
1749556800,0.71518,0.72504,0.70189,0.71041,154233.3
1749571200,0.71146,0.73911,0.70988,0.72999,70842.5
1749585600,0.72946,0.74307,0.72308,0.74,10320.1
1749600000,0.74054,0.74452,0.72492,0.73299,6196.2
1749614400,0.73349,0.74202,0.73049,0.73302,5819.3
1749628800,0.73124,0.73223,0.71156,0.72302,21785.5
1749643200,0.72111,0.7421,0.71615,0.73857,14701.1
1749657600,0.73924,0.73984,0.70916,0.70999,16491.9
1749672000,0.71049,0.71622,0.69122,0.69805,5075.4
1749686400,0.70005,0.7002,0.68545,0.6914,5186.9
1749700800,0.69207,0.69872,0.6882,0.69054,8295.1
1749715200,0.68772,0.69057,0.67101,0.67153,16361.1
1749729600,0.67041,0.68793,0.66873,0.67051,10293.5
1749744000,0.67128,0.68498,0.65399,0.65477,8031.3
1749758400,0.65232,0.65603,0.64156,0.6449,13036.8
1749772800,0.64341,0.64457,0.59178,0.61091,77321.6
1749787200,0.60955,0.60955,0.59688,0.60468,32401.5
1749801600,0.6043,0.60785,0.59231,0.59903,46370.3
1749816000,0.60154,0.61187,0.59231,0.61078,20277.9
1749830400,0.60902,0.61937,0.60255,0.60413,58847.9
1749844800,0.60589,0.61844,0.60353,0.61729,44673.6
1749859200,0.61632,0.61847,0.61024,0.61596,32057.3
1749873600,0.61636,0.61933,0.61345,0.61887,48471.7
1749888000,0.61852,0.61852,0.60975,0.61563,16277.4
1749902400,0.61563,0.61717,0.60322,0.60528,14050.3
1749916800,0.60757,0.60806,0.59712,0.60235,18635.5
1749931200,0.60141,0.61726,0.59648,0.61363,21244.3
1749945600,0.61525,0.61725,0.61029,0.61112,23332.3
1749960000,0.61137,0.61817,0.60675,0.60879,69370.8
1749974400,0.61032,0.61038,0.60316,0.60873,40290.7
1749988800,0.6092,0.61318,0.60148,0.60665,12588.9
1750003200,0.60719,0.60893,0.60002,0.60098,68448.8
1750017600,0.60121,0.61159,0.58934,0.61145,19475.2
1750032000,0.61137,0.62397,0.60351,0.62093,30420.4
1750046400,0.62112,0.63512,0.62047,0.63396,10736.7
1750060800,0.63442,0.64329,0.63131,0.63657,9537.7
1750075200,0.63657,0.64519,0.63034,0.63948,154501.6
1750089600,0.63975,0.64182,0.63405,0.63798,29044.1
1750104000,0.63749,0.64161,0.6151,0.6151,19054.6
1750118400,0.61176,0.62409,0.60455,0.6182,18832.6
1750132800,0.61918,0.62027,0.60719,0.60972,12276.7
1750147200,0.60933,0.60946,0.59524,0.599,165851.1
1750161600,0.599,0.60213,0.58224,0.5876,39684.6
1750176000,0.5876,0.59893,0.57566,0.59541,88962.0
1750190400,0.59717,0.59775,0.58214,0.58699,21211.9
1750204800,0.58694,0.5933,0.5836,0.59197,16585.2
1750219200,0.59214,0.6001,0.59031,0.59305,9008.1
1750233600,0.59382,0.59693,0.57417,0.58309,18575.3
1750248000,0.58218,0.58736,0.56889,0.58325,36384.6
1750262400,0.58244,0.58496,0.57256,0.57792,134138.5
1750276800,0.57667,0.59482,0.57546,0.58768,11246.8
1750291200,0.58795,0.60263,0.58725,0.59175,48244.5
1750305600,0.59279,0.59731,0.58844,0.59282,8986.9
1750320000,0.5918,0.59798,0.5893,0.59241,26906.6
1750334400,0.59297,0.59519,0.58437,0.58698,29944.0
1750348800,0.58643,0.59487,0.57956,0.58648,68839.3
1750363200,0.58647,0.59695,0.58647,0.59402,47839.1
1750377600,0.59472,0.59485,0.58321,0.58599,45839.5
1750392000,0.5862,0.59912,0.57886,0.59812,99738.0
1750406400,0.59734,0.60094,0.59217,0.59548,61461.4
1750420800,0.596,0.5992,0.57214,0.5758,59021.1
1750435200,0.57374,0.57416,0.55028,0.56356,37279.0
1750449600,0.56245,0.57051,0.55457,0.56108,7146.0
1750464000,0.5611,0.56703,0.55889,0.56402,26908.5
1750478400,0.56422,0.56422,0.55847,0.56099,4231.4
1750492800,0.56176,0.56391,0.55626,0.55635,7318.0
1750507200,0.55711,0.55776,0.53749,0.54287,21987.9
1750521600,0.54311,0.54508,0.52372,0.52465,26533.3
1750536000,0.52422,0.5299,0.50638,0.52278,58544.1
1750550400,0.52612,0.53063,0.51525,0.51855,127419.9
1750564800,0.51814,0.52647,0.5179,0.52142,42759.1
1750579200,0.52167,0.52255,0.51064,0.51857,93095.4
1750593600,0.5189,0.52161,0.49505,0.49712,110117.4
1750608000,0.49669,0.50042,0.49005,0.49229,129409.0
1750622400,0.4923,0.50712,0.47944,0.50591,47414.0
1750636800,0.50732,0.51412,0.50664,0.50902,14537.2
1750651200,0.5091,0.51811,0.50697,0.51519,7909.5
1750665600,0.51526,0.5173,0.51016,0.51501,40215.4
1750680000,0.51433,0.52416,0.50811,0.51333,37866.4
1750694400,0.51272,0.53387,0.50068,0.53263,61140.8
1750708800,0.53366,0.55889,0.53219,0.55883,53367.1
1750723200,0.55782,0.56421,0.55688,0.56088,37111.4
1750737600,0.56183,0.63861,0.56125,0.58089,173243.8
1750752000,0.58167,0.58382,0.57435,0.57816,35701.1
1750766400,0.5777,0.58075,0.56988,0.57062,72199.8
1750780800,0.57263,0.58885,0.57243,0.5739,67135.2
1750795200,0.57522,0.58747,0.57493,0.58593,18429.7
1750809600,0.58804,0.60759,0.58403,0.60281,41789.9
1750824000,0.60337,0.60888,0.59473,0.59601,137202.3
1750838400,0.59758,0.60297,0.58989,0.59973,158525.6
1750852800,0.60092,0.60301,0.58388,0.58388,35792.7
1750867200,0.58454,0.5895,0.58062,0.58755,35603.9
1750881600,0.58828,0.59109,0.57725,0.58053,13290.8
1750896000,0.5807,0.64056,0.57845,0.60902,111258.8
1750910400,0.61029,0.61029,0.59108,0.60221,31718.6
1750924800,0.60251,0.60436,0.58125,0.58265,39688.3
1750939200,0.58229,0.58229,0.56094,0.56671,75690.1
1750953600,0.5656,0.57122,0.5606,0.56774,71425.8
1750968000,0.56788,0.57676,0.55973,0.5632,43744.3
1750982400,0.56505,0.57464,0.56029,0.57464,47827.2
1750996800,0.5746,0.59203,0.57166,0.5835,64063.1
1751011200,0.58427,0.58883,0.57513,0.57584,104723.6
1751025600,0.57691,0.57887,0.56918,0.57616,38500.5
1751040000,0.57777,0.58488,0.56654,0.57186,33502.1
1751054400,0.57079,0.58081,0.56935,0.57773,9494.2
1751068800,0.57823,0.57827,0.57218,0.57248,10761.7
1751083200,0.57178,0.57473,0.56885,0.57473,8888.7
1751097600,0.57668,0.58104,0.57346,0.57974,17068.6
1751112000,0.57952,0.58273,0.57491,0.58273,8103.2
1751126400,0.58322,0.59193,0.58322,0.58905,32730.5
1751140800,0.58907,0.59307,0.58546,0.59003,27770.7
1751155200,0.59032,0.59032,0.57747,0.57948,22543.0
1751169600,0.58083,0.58601,0.57915,0.58583,10208.2
1751184000,0.58772,0.59396,0.58659,0.58847,17016.1
1751198400,0.58928,0.59267,0.58093,0.58512,11138.8
1751212800,0.58411,0.59223,0.58249,0.59172,11591.2
1751227200,0.59188,0.62111,0.58622,0.61383,10686.8
1751241600,0.61485,0.61584,0.59684,0.59859,12769.3
1751256000,0.59763,0.59908,0.59109,0.59687,25808.2
1751270400,0.59626,0.59886,0.58458,0.58609,38002.2
1751284800,0.58595,0.58854,0.57494,0.58259,135796.7
1751299200,0.58262,0.58919,0.5789,0.58878,23513.0
1751313600,0.58782,0.59061,0.58042,0.58194,54956.4
1751328000,0.58213,0.58472,0.56572,0.56781,33521.5
1751342400,0.56832,0.56907,0.55996,0.56788,10568.0
1751356800,0.56755,0.57091,0.56296,0.56362,31047.4
1751371200,0.56483,0.56815,0.55901,0.56401,10264.3
1751385600,0.56479,0.56623,0.55844,0.56157,39812.6
1751400000,0.55981,0.5661,0.5486,0.554,23126.3
1751414400,0.55369,0.5583,0.54644,0.55226,16015.4
1751428800,0.5524,0.56728,0.55103,0.56338,22281.8
1751443200,0.56376,0.56909,0.5604,0.56599,50923.7
1751457600,0.56676,0.57959,0.564,0.57903,16678.8
1751472000,0.58115,0.59878,0.58115,0.59776,64294.0
1751486400,0.59818,0.60292,0.59159,0.59387,28827.6
1751500800,0.59412,0.60406,0.59412,0.59704,108707.1
1751515200,0.59749,0.60919,0.59734,0.60706,16296.5
1751529600,0.60811,0.61011,0.59605,0.59771,19215.8
1751544000,0.59744,0.60812,0.59206,0.59259,35491.8
1751558400,0.59068,0.59797,0.59068,0.59618,18558.0
1751572800,0.5969,0.5992,0.59411,0.59657,8617.1
1751587200,0.59683,0.60183,0.59053,0.59157,6755.7
1751601600,0.58902,0.59212,0.57201,0.57208,24133.9
1751616000,0.57081,0.5769,0.56742,0.56974,35711.7
1751630400,0.57039,0.57133,0.55328,0.55328,14904.4
1751644800,0.55297,0.55536,0.54722,0.5515,18617.9
1751659200,0.54979,0.56048,0.54963,0.55648,12374.5
1751673600,0.55557,0.56288,0.55311,0.5605,45953.5
1751688000,0.56087,0.56509,0.55533,0.55892,30076.2
1751702400,0.56087,0.56234,0.55639,0.559,19953.1
1751716800,0.55901,0.55901,0.55268,0.55461,10675.1
1751731200,0.55398,0.55777,0.54745,0.55311,18150.4
1751745600,0.55401,0.56182,0.55298,0.55905,14717.5
1751760000,0.55914,0.5621,0.5559,0.55701,14108.5
1751774400,0.55882,0.56479,0.55746,0.5628,9529.4
1751788800,0.56029,0.56029,0.55503,0.55678,54885.1
1751803200,0.55874,0.57094,0.55688,0.56392,26385.8
1751817600,0.56719,0.56977,0.55988,0.56212,18989.2
1751832000,0.56478,0.57482,0.56296,0.56508,8089.6
1751846400,0.56572,0.57306,0.56449,0.56982,10383.0
1751860800,0.56909,0.57108,0.56099,0.56814,18971.8
1751875200,0.56814,0.56931,0.56119,0.56294,12452.7
1751889600,0.56294,0.56786,0.55498,0.55829,11317.3
1751904000,0.55829,0.56207,0.55227,0.55862,23448.1
1751918400,0.5581,0.5581,0.54852,0.55507,57234.4
1751932800,0.55473,0.55785,0.54546,0.5492,19303.1
1751947200,0.54972,0.55677,0.54717,0.55384,16064.5
1751961600,0.55448,0.56192,0.55205,0.5604,24801.1
1751976000,0.56056,0.56602,0.55387,0.55583,18867.7
1751990400,0.55759,0.57631,0.55496,0.57151,22032.5
1752004800,0.57253,0.57353,0.5685,0.57165,17041.2
1752019200,0.57355,0.5751,0.56666,0.56917,72107.7
1752033600,0.56883,0.58027,0.56883,0.57953,17926.0
1752048000,0.57913,0.58478,0.57724,0.58205,11475.1
1752062400,0.58286,0.58801,0.57715,0.58033,15030.5
1752076800,0.58165,0.59855,0.57901,0.59827,23289.2
1752091200,0.60057,0.60652,0.59564,0.60529,20584.5
1752105600,0.60554,0.60966,0.59921,0.60672,51487.5
1752120000,0.60868,0.61085,0.60435,0.60824,13928.0
1752134400,0.60877,0.61019,0.6043,0.60587,10991.7
1752148800,0.60608,0.61206,0.60245,0.60572,36576.6
1752163200,0.60669,0.62571,0.60505,0.61915,25052.7
1752177600,0.62193,0.65315,0.62141,0.64923,30281.2
1752192000,0.64829,0.66542,0.63926,0.66459,61299.8
1752206400,0.66363,0.67852,0.65542,0.65868,35045.7
1752220800,0.65995,0.67647,0.65883,0.6677,19258.2
1752235200,0.66837,0.68245,0.65946,0.65946,28459.2
1752249600,0.66248,0.67964,0.65839,0.67877,21797.6
1752264000,0.67856,0.67928,0.64221,0.65422,29147.2
1752278400,0.6542,0.66211,0.64191,0.66045,34139.6
1752292800,0.66023,0.66429,0.64187,0.66039,23809.1
1752307200,0.66198,0.66307,0.65139,0.65602,13070.4
1752321600,0.65699,0.65781,0.6253,0.63029,38590.1
1752336000,0.62992,0.64333,0.62699,0.64318,33514.7
1752350400,0.64366,0.64366,0.62864,0.64033,14580.4
1752364800,0.64106,0.64472,0.63742,0.63941,10721.1
1752379200,0.63967,0.65658,0.63645,0.65153,10264.4
1752393600,0.65454,0.65527,0.6451,0.6527,38274.9
1752408000,0.65316,0.668,0.65105,0.66412,20033.3
1752422400,0.66214,0.66797,0.65478,0.66155,24463.7
1752436800,0.66157,0.66517,0.64239,0.65063,31878.8
1752451200,0.64989,0.67344,0.64942,0.67171,13067.3
1752465600,0.6713,0.68112,0.66526,0.67314,32830.4
1752480000,0.67251,0.67257,0.65482,0.66082,17738.1
1752494400,0.65976,0.6667,0.64195,0.64605,19622.2
1752508800,0.64651,0.65395,0.63802,0.63989,8292.0
1752523200,0.63936,0.64297,0.63301,0.6392,23144.7
1752537600,0.6382,0.64309,0.6156,0.61803,21386.5
1752552000,0.61926,0.62984,0.61507,0.62568,23818.6
1752566400,0.62174,0.62584,0.61721,0.6217,10296.2
1752580800,0.62295,0.6378,0.61574,0.63313,21320.0
1752595200,0.6321,0.6565,0.6321,0.63866,122171.2
1752609600,0.64001,0.66235,0.63765,0.66235,12872.4
1752624000,0.66297,0.67087,0.6539,0.65785,29760.0
1752638400,0.65781,0.67576,0.65241,0.67323,13843.7
1752652800,0.67408,0.67423,0.6616,0.6656,51503.1
1752667200,0.66543,0.67572,0.65871,0.66871,28098.3
1752681600,0.66755,0.68485,0.66654,0.67815,74157.4
1752696000,0.67811,0.69443,0.6741,0.67729,67746.6
1752710400,0.67816,0.68633,0.65369,0.65981,152273.8
1752724800,0.65766,0.68315,0.65669,0.67926,113792.9
1752739200,0.67933,0.69301,0.67685,0.6861,134989.4
1752753600,0.68591,0.69295,0.6738,0.68164,212343.9
1752768000,0.6809,0.68366,0.66187,0.66456,67593.5
1752782400,0.66456,0.69431,0.65813,0.68328,53276.5
1752796800,0.68302,0.71046,0.6788,0.70842,299640.6
1752811200,0.70835,0.7438,0.70536,0.72883,38668.4
1752825600,0.72923,0.73727,0.70977,0.71606,81196.8
1752840000,0.71845,0.73329,0.69289,0.6988,234056.1
1752854400,0.70026,0.71076,0.68798,0.69316,42802.4
1752868800,0.6933,0.72159,0.67317,0.70781,1009203.7
1752883200,0.70571,0.71176,0.68035,0.71176,154100.7
1752897600,0.71351,0.72096,0.70127,0.70164,102485.3
1752912000,0.70195,0.70423,0.68826,0.69167,39698.5
1752926400,0.69138,0.69506,0.68201,0.69062,60359.4
1752940800,0.6883,0.73046,0.68713,0.7249,35556.1
1752955200,0.72347,0.72819,0.70768,0.72585,31545.2
1752969600,0.72653,0.739,0.72322,0.73668,40962.3
1752984000,0.73602,0.75958,0.73097,0.75501,74431.7
1752998400,0.75291,0.78863,0.75255,0.76406,635484.8
1753012800,0.76467,0.77588,0.75541,0.77339,81379.7
1753027200,0.77339,0.77688,0.752,0.75722,363922.7
1753041600,0.75714,0.75827,0.7331,0.74552,344038.7
1753056000,0.74486,0.7649,0.73056,0.76395,35619.1
1753070400,0.76362,0.77202,0.75589,0.77082,24693.2
1753084800,0.77069,0.77872,0.75944,0.77135,41699.1
1753099200,0.76947,0.78441,0.76054,0.76799,36447.3
1753113600,0.76686,0.76939,0.74376,0.7476,46501.9
1753128000,0.74683,0.7637,0.74386,0.75763,15618.6
1753142400,0.75572,0.7637,0.73038,0.73977,26851.3
1753156800,0.74111,0.74325,0.72081,0.72081,14891.8
1753171200,0.7209,0.72742,0.70685,0.72338,27114.1
1753185600,0.72252,0.73086,0.7057,0.72167,26626.3
1753200000,0.72053,0.73363,0.71401,0.716,76151.2
1753214400,0.7161,0.74013,0.71432,0.73904,24419.6
1753228800,0.73881,0.73881,0.72259,0.72568,12071.4
1753243200,0.72464,0.73649,0.71932,0.72159,14607.6
1753257600,0.72051,0.72727,0.70131,0.70624,28594.5
1753272000,0.70631,0.70853,0.67199,0.68624,37890.5
1753286400,0.68727,0.68727,0.65763,0.67008,42498.6
1753300800,0.66738,0.66938,0.63657,0.66159,36697.6
1753315200,0.65761,0.67067,0.65526,0.66679,15383.6
1753329600,0.6645,0.66622,0.61173,0.63387,37095.0
1753344000,0.63477,0.65161,0.62975,0.6516,54766.9
1753358400,0.65025,0.6666,0.63572,0.65639,20582.7
1753372800,0.65451,0.66013,0.63755,0.6528,25942.0
1753387200,0.65216,0.65605,0.6355,0.63721,10532.8
1753401600,0.63748,0.63831,0.61468,0.62289,25394.9
1753416000,0.62393,0.63242,0.61718,0.62484,13910.1
1753430400,0.62687,0.64667,0.6246,0.64371,19721.7
1753444800,0.64442,0.64747,0.62025,0.62684,103789.1
1753459200,0.62658,0.6345,0.62281,0.63123,19520.1
1753473600,0.62953,0.64973,0.62953,0.64897,18219.0
1753488000,0.64911,0.65274,0.64324,0.64784,28070.8
1753502400,0.64816,0.6519,0.64586,0.64994,14093.3
1753516800,0.64956,0.65697,0.64921,0.65202,42217.8
1753531200,0.65189,0.65578,0.64774,0.65164,60463.7
1753545600,0.65174,0.66008,0.64775,0.65929,71108.9
1753560000,0.65894,0.66192,0.64695,0.64695,12675.0
1753574400,0.64795,0.66127,0.64679,0.65532,45848.2
1753588800,0.65685,0.66435,0.6553,0.65815,14727.5
1753603200,0.65695,0.66596,0.65037,0.6597,19618.0
1753617600,0.66051,0.66794,0.65562,0.66114,81792.4
1753632000,0.66526,0.67657,0.66322,0.67277,13768.7
1753646400,0.673,0.682,0.66862,0.67945,29429.3
1753660800,0.68122,0.6896,0.66902,0.68621,45865.4
1753675200,0.68585,0.69999,0.68419,0.6924,17369.0
1753689600,0.69174,0.69835,0.6833,0.68614,25288.7
1753704000,0.68383,0.68608,0.65113,0.65662,31071.4
1753718400,0.65368,0.65845,0.63693,0.64079,22918.2
1753732800,0.64158,0.64262,0.62705,0.63384,20926.3
1753747200,0.63357,0.63668,0.61781,0.62913,97588.4
1753761600,0.62935,0.65443,0.62564,0.65181,18490.3
1753776000,0.65146,0.65158,0.62895,0.63347,58127.2
1753790400,0.6336,0.64289,0.61295,0.61817,162067.6
1753804800,0.61825,0.62364,0.60944,0.61509,21918.0
1753819200,0.61446,0.62405,0.60717,0.62245,29730.5
1753833600,0.62228,0.6247,0.61233,0.61705,18325.3
1753848000,0.61675,0.62073,0.60996,0.61065,13709.4
1753862400,0.61022,0.61702,0.59391,0.59391,19351.6
1753876800,0.5965,0.6141,0.59305,0.60676,19848.0
1753891200,0.60667,0.61559,0.5785,0.60953,80430.1
1753905600,0.60759,0.61393,0.59978,0.61288,16225.6
1753920000,0.61183,0.6258,0.61074,0.62327,11935.6
1753934400,0.62302,0.62652,0.62092,0.62334,11655.1
1753948800,0.6241,0.62656,0.61783,0.61948,10986.5
1753963200,0.61956,0.61978,0.59571,0.60083,20391.8
1753977600,0.60065,0.61549,0.59397,0.59774,23144.2
1753992000,0.59784,0.59875,0.58072,0.5826,21927.4
1754006400,0.58245,0.58543,0.56605,0.58264,24090.1
1754020800,0.58225,0.58225,0.5735,0.57784,14075.9
1754035200,0.57785,0.57785,0.56491,0.57768,20996.0
1754049600,0.57753,0.58525,0.56383,0.57847,82368.5
1754064000,0.57847,0.58141,0.56393,0.57535,47442.0
1754078400,0.57571,0.57643,0.55157,0.56683,89248.9
1754092800,0.56677,0.57246,0.56458,0.56884,11857.4
1754107200,0.5695,0.57362,0.55434,0.56752,13538.5
1754121600,0.56762,0.56928,0.55563,0.56319,12034.5
1754136000,0.56199,0.56703,0.55405,0.55418,24033.9
1754150400,0.55479,0.56197,0.54473,0.5513,32624.0
1754164800,0.55056,0.56318,0.55056,0.55827,18993.8
1754179200,0.55797,0.56651,0.55078,0.56474,14169.3
1754193600,0.56364,0.56974,0.56178,0.56852,18004.1
1754208000,0.5677,0.5778,0.56682,0.57634,10310.3
1754222400,0.57564,0.57575,0.56969,0.57575,22167.8
1754236800,0.57499,0.58295,0.57375,0.57936,17823.8
1754251200,0.57718,0.58354,0.57652,0.57987,23107.1
1754265600,0.57964,0.5914,0.57903,0.58752,154843.3
1754280000,0.58818,0.59606,0.58664,0.59299,76973.6
1754294400,0.59347,0.59605,0.58614,0.58719,60070.0
1754308800,0.58799,0.60606,0.5867,0.60429,57607.7
1754323200,0.60467,0.61704,0.60409,0.60926,22086.2
1754337600,0.61013,0.6178,0.60857,0.61454,22445.2
1754352000,0.61454,0.6162,0.6024,0.60416,9225.0
1754366400,0.60343,0.60624,0.5908,0.59253,8865.0
1754380800,0.59095,0.60844,0.59088,0.60695,9218.0
1754395200,0.60554,0.60659,0.57756,0.57865,19270.1
1754409600,0.57862,0.58374,0.57291,0.57521,43549.4
1754424000,0.5755,0.58371,0.56854,0.58347,24212.2
1754438400,0.58257,0.58257,0.56944,0.57088,27759.7
1754452800,0.57056,0.59222,0.56684,0.59136,60656.2
1754467200,0.59073,0.59222,0.58346,0.58515,26800.0
1754481600,0.58417,0.59914,0.57769,0.59891,9861.7
1754496000,0.59849,0.60337,0.59197,0.59899,45860.6
1754510400,0.59963,0.60051,0.5959,0.5986,18519.0
1754524800,0.59825,0.60698,0.59273,0.594,12084.0
1754539200,0.594,0.60284,0.59372,0.60059,31445.8
1754553600,0.6001,0.62072,0.60007,0.61882,26296.6
1754568000,0.61955,0.62083,0.61161,0.61552,27873.5
1754582400,0.61484,0.61728,0.60166,0.61452,25378.0
1754596800,0.61581,0.62304,0.61404,0.62304,17909.3
1754611200,0.62265,0.6327,0.61674,0.62547,129593.7
1754625600,0.62556,0.63396,0.61862,0.63026,85180.9
1754640000,0.63127,0.63518,0.62507,0.62923,16277.1
1754654400,0.62821,0.63976,0.617,0.62165,30433.5
1754668800,0.62079,0.64297,0.62075,0.64019,23378.5
1754683200,0.63945,0.64099,0.63581,0.6388,14390.0
1754697600,0.63848,0.64255,0.63583,0.63988,10071.2
1754712000,0.63969,0.66014,0.63788,0.65933,33207.1
1754726400,0.65901,0.66822,0.65791,0.66416,10357.1
1754740800,0.66338,0.67203,0.65782,0.66248,23537.7
1754755200,0.66195,0.67325,0.66124,0.67104,14254.7
1754769600,0.67107,0.67762,0.66731,0.67076,19567.5
1754784000,0.67044,0.68455,0.67044,0.68192,25051.9
1754798400,0.68226,0.6906,0.65607,0.65607,46961.0
1754812800,0.65477,0.66384,0.64878,0.65032,18049.2
1754827200,0.65036,0.66566,0.64577,0.6632,16163.5
1754841600,0.66246,0.67701,0.66246,0.67427,32228.5
1754856000,0.67477,0.67477,0.65995,0.67008,19603.8
1754870400,0.66877,0.69295,0.66625,0.68785,23228.7
1754884800,0.68789,0.69376,0.66875,0.66905,19199.4
1754899200,0.66886,0.67477,0.64401,0.64667,19212.9
1754913600,0.64696,0.66114,0.64097,0.65608,19900.0
1754928000,0.65709,0.66673,0.64691,0.64977,32542.6
1754942400,0.65047,0.65097,0.63091,0.63783,41706.0
1754956800,0.63464,0.65676,0.63464,0.64791,65706.3
1754971200,0.64661,0.6565,0.63689,0.655,35881.3
1754985600,0.65486,0.65486,0.63804,0.64882,23651.8
1755000000,0.64883,0.68116,0.64479,0.67977,26693.5
1755014400,0.68048,0.68852,0.6772,0.68329,40113.9
1755028800,0.68297,0.70109,0.68297,0.68835,77395.4
1755043200,0.6876,0.69595,0.67666,0.69331,53491.2
1755057600,0.69331,0.69639,0.68189,0.69222,31898.4
1755072000,0.69145,0.71133,0.691,0.71133,45508.2
1755086400,0.71126,0.71938,0.70025,0.71168,148324.9
1755100800,0.71165,0.71906,0.70619,0.71576,27738.8
1755115200,0.71491,0.73274,0.71003,0.72624,26372.3
1755129600,0.7249,0.73578,0.71426,0.73416,18827.7
1755144000,0.73269,0.7342,0.70997,0.71199,22016.9
1755158400,0.71312,0.71325,0.69709,0.70206,19408.7
1755172800,0.70119,0.70484,0.6557,0.66555,246927.4
1755187200,0.66458,0.66458,0.64706,0.65367,25639.7
1755201600,0.65325,0.6566,0.64242,0.6526,18999.9
1755216000,0.6532,0.66956,0.6505,0.66764,11307.6
1755230400,0.66764,0.6717,0.66073,0.66465,17119.9
1755244800,0.66699,0.6736,0.66275,0.66689,107654.5
1755259200,0.66513,0.67595,0.64164,0.64505,176355.1
1755273600,0.64534,0.67912,0.64001,0.66829,29767.1
1755288000,0.67025,0.7243,0.66691,0.71292,43781.1
1755302400,0.71437,0.74041,0.7083,0.7164,152965.1
1755316800,0.71649,0.72617,0.703,0.70702,72807.6
1755331200,0.70797,0.70999,0.69031,0.69499,33915.8
1755345600,0.69515,0.72301,0.69348,0.71999,32992.8
1755360000,0.72003,0.72109,0.71009,0.71434,24940.1
1755374400,0.71432,0.71676,0.7057,0.70703,34461.3
1755388800,0.70723,0.71536,0.70306,0.71283,37511.8
1755403200,0.71307,0.72493,0.71307,0.71887,16280.6
1755417600,0.71923,0.72705,0.71514,0.71906,23273.2
1755432000,0.71784,0.72614,0.70837,0.72571,24886.1
1755446400,0.72548,0.72787,0.70292,0.70388,38276.8
1755460800,0.70417,0.70907,0.69898,0.69975,25908.5
1755475200,0.69978,0.70202,0.66871,0.67435,139654.0
1755489600,0.67488,0.68487,0.66741,0.67419,22496.7
1755504000,0.67463,0.67977,0.66614,0.66797,29800.5
1755518400,0.66635,0.68017,0.66495,0.67075,21200.9
1755532800,0.67018,0.67679,0.66025,0.66926,24638.3
1755547200,0.66902,0.67987,0.66292,0.66383,26593.1
1755561600,0.66463,0.67449,0.65194,0.65428,30384.3
1755576000,0.65429,0.66308,0.64988,0.66306,23191.7
1755590400,0.66231,0.67488,0.65813,0.67469,45893.4
1755604800,0.67423,0.67423,0.6485,0.65249,208201.2
1755619200,0.65272,0.65447,0.63717,0.64352,58520.3
1755633600,0.64372,0.64972,0.63106,0.63252,32087.3
1755648000,0.63293,0.64699,0.62767,0.64396,22318.8
1755662400,0.64426,0.65269,0.64426,0.64773,13053.3
1755676800,0.64807,0.65653,0.63989,0.64689,13213.7
1755691200,0.64968,0.662,0.63297,0.65723,23734.1
1755705600,0.65804,0.66799,0.65357,0.66711,21168.2
1755720000,0.66677,0.66986,0.6629,0.66487,29818.1
1755734400,0.66462,0.67066,0.65879,0.66335,16705.2
1755748800,0.66236,0.66776,0.66061,0.66676,14184.7
1755763200,0.66676,0.66699,0.64819,0.65144,37575.8
1755777600,0.65202,0.657,0.63816,0.63988,17865.5
1755792000,0.63823,0.6561,0.63818,0.64711,25035.0
1755806400,0.64813,0.65693,0.64493,0.6519,22049.1
1755820800,0.65164,0.65912,0.64392,0.64542,32808.5
1755835200,0.64598,0.65109,0.63698,0.64437,13712.7
1755849600,0.64373,0.6478,0.62557,0.62768,31486.6
1755864000,0.62757,0.6761,0.61705,0.67418,109670.0
1755878400,0.67221,0.70644,0.67221,0.70397,59655.7
1755892800,0.70397,0.71208,0.70353,0.71101,31139.8
1755907200,0.71229,0.71443,0.69244,0.69757,202717.1
1755921600,0.69746,0.72938,0.69746,0.7096,35925.5
1755936000,0.71242,0.73146,0.71242,0.71858,161334.0
1755950400,0.71937,0.71937,0.70589,0.7151,132927.4
1755964800,0.71623,0.79974,0.71363,0.79117,155110.9
1755979200,0.7907,0.7907,0.72579,0.73383,180285.4
1755993600,0.73379,0.74112,0.71476,0.7176,66401.2
1756008000,0.71681,0.71874,0.68965,0.69151,129859.8
1756022400,0.69163,0.69617,0.67958,0.68301,47303.0
1756036800,0.68271,0.69658,0.68076,0.68899,164309.2
1756051200,0.68955,0.7304,0.68488,0.70769,89433.2
1756065600,0.70812,0.71377,0.68873,0.69348,62183.2
1756080000,0.69269,0.70539,0.67734,0.69577,52425.8
1756094400,0.69699,0.70315,0.65947,0.66059,31539.6
1756108800,0.66109,0.66714,0.6517,0.6585,24060.3
1756123200,0.65777,0.66318,0.65062,0.65215,41411.9
1756137600,0.65243,0.65839,0.64202,0.64202,52541.4
1756152000,0.64202,0.64496,0.62718,0.63953,129243.5
1756166400,0.63856,0.65151,0.6342,0.63882,32859.5
1756180800,0.63882,0.647,0.63682,0.64361,14065.4
1756195200,0.64255,0.64429,0.63607,0.64016,26391.3
1756209600,0.63906,0.66163,0.63599,0.65861,31904.9
1756224000,0.66163,0.74241,0.66111,0.70969,141136.6
1756238400,0.71041,0.78715,0.69995,0.77017,467810.1
1756252800,0.76937,0.77219,0.7325,0.7398,305986.8
1756267200,0.73998,0.76379,0.7245,0.74781,136125.0
1756281600,0.74741,0.79582,0.73461,0.74421,327213.4
1756296000,0.74294,0.75077,0.72479,0.74687,43270.8
1756310400,0.74584,0.74873,0.72235,0.73121,73086.0
1756324800,0.73194,0.73677,0.71409,0.71605,405130.3
1756339200,0.71569,0.73899,0.71433,0.73399,54212.7
1756353600,0.73319,0.73406,0.72266,0.72633,54563.1
1756368000,0.7283,0.73592,0.72612,0.72992,41995.3
1756382400,0.73005,0.75209,0.72543,0.72695,62800.3
1756396800,0.72679,0.73172,0.7126,0.71331,31812.1
1756411200,0.71,0.73858,0.70859,0.73858,40873.4
1756425600,0.73909,0.73925,0.72355,0.72965,27201.6
1756440000,0.72854,0.7393,0.69261,0.69511,116280.0
1756454400,0.69525,0.69717,0.68244,0.68933,166463.3
1756468800,0.68934,0.71299,0.68143,0.68741,65121.1
1756483200,0.68688,0.68904,0.67149,0.67857,52644.6
1756497600,0.67769,0.69617,0.6705,0.68909,40933.6
1756512000,0.6889,0.70391,0.67656,0.70068,27135.1
1756526400,0.70208,0.71253,0.69941,0.71166,26436.6
1756540800,0.71218,0.71263,0.70555,0.70803,22571.1
1756555200,0.70769,0.70891,0.69576,0.70891,16573.3
1756569600,0.70831,0.70831,0.69697,0.70317,27157.2
1756584000,0.70317,0.70556,0.69807,0.70377,15392.7
1756598400,0.70286,0.72005,0.70253,0.71785,26446.8
1756612800,0.7183,0.71874,0.70306,0.70343,22298.4
1756627200,0.70342,0.70858,0.69539,0.70103,25203.4
1756641600,0.70142,0.7019,0.69139,0.69612,36190.7
1756656000,0.69675,0.6981,0.68508,0.6869,34700.2
1756670400,0.68759,0.69706,0.67854,0.68,24127.7
1756684800,0.67819,0.67971,0.65999,0.66486,33217.3
1756699200,0.66405,0.68325,0.65729,0.68325,61366.1
1756713600,0.6849,0.69775,0.66825,0.67067,90116.5
1756728000,0.66955,0.67371,0.66121,0.66274,54981.1
1756742400,0.66274,0.6643,0.65522,0.66382,57257.2
1756756800,0.66309,0.66376,0.64391,0.65872,38939.2
1756771200,0.65948,0.68788,0.65744,0.68066,40489.5
1756785600,0.6796,0.6842,0.67414,0.67484,30509.3
1756800000,0.67507,0.67814,0.66834,0.6691,23618.0
1756814400,0.66799,0.68193,0.65471,0.6623,69169.6
1756828800,0.66466,0.67441,0.66275,0.6682,21826.5
1756843200,0.66631,0.68159,0.66619,0.6799,20588.6
1756857600,0.68042,0.68299,0.67321,0.6759,25938.3
1756872000,0.67666,0.67666,0.66533,0.67171,12198.6
1756886400,0.67103,0.67766,0.66776,0.6735,13111.7
1756900800,0.6735,0.68861,0.66867,0.68727,29592.4
1756915200,0.68972,0.69078,0.68362,0.68998,18648.1
1756929600,0.69167,0.69683,0.68638,0.6883,12958.5
1756944000,0.68881,0.69254,0.67287,0.67309,14788.5
1756958400,0.67396,0.67441,0.65409,0.66306,18032.2
1756972800,0.66306,0.66691,0.65897,0.65933,16648.1
1756987200,0.66011,0.66284,0.64697,0.64899,121215.7
1757001600,0.64956,0.65429,0.6431,0.64443,23799.4
1757016000,0.64444,0.65691,0.64444,0.64589,18493.0
1757030400,0.64663,0.66377,0.6465,0.66142,37765.7
1757044800,0.66091,0.67987,0.65799,0.67705,24583.1
1757059200,0.67736,0.67919,0.66842,0.6726,17064.8
1757073600,0.67404,0.68488,0.65771,0.66373,38653.9
1757088000,0.66289,0.67074,0.65839,0.67074,18180.4
1757102400,0.66979,0.67379,0.66395,0.6708,21137.4
1757116800,0.67065,0.67447,0.66731,0.67127,11974.9
1757131200,0.67136,0.67136,0.66102,0.66358,39624.9
1757145600,0.66378,0.66378,0.65628,0.6581,22187.4
1757160000,0.65873,0.66369,0.65491,0.65883,17942.7
1757174400,0.65844,0.66565,0.65276,0.65509,24877.1
1757188800,0.65486,0.66609,0.65486,0.66405,19947.4
1757203200,0.66461,0.67362,0.66224,0.67361,16716.2
1757217600,0.67361,0.67873,0.67072,0.67189,15092.3
1757232000,0.67372,0.67864,0.66776,0.6718,9711.9
1757246400,0.67293,0.67376,0.66581,0.66933,14368.1
1757260800,0.66963,0.67072,0.65896,0.661,18189.9
1757275200,0.65795,0.66888,0.65519,0.66486,22647.1
1757289600,0.66475,0.67272,0.66121,0.66927,17452.2
1757304000,0.66796,0.66981,0.662,0.66475,11507.5
1757318400,0.66409,0.68003,0.66409,0.67835,13101.4
1757332800,0.67806,0.69197,0.67517,0.68695,23330.3
1757347200,0.68795,0.69147,0.68232,0.68503,20210.1
1757361600,0.68609,0.69103,0.68237,0.69047,21309.0
1757376000,0.68969,0.697,0.68206,0.69257,11090.4
1757390400,0.69363,0.71623,0.69246,0.7083,36703.4
1757404800,0.70896,0.71283,0.70231,0.70539,30530.7
1757419200,0.7044,0.71124,0.68231,0.68609,29230.0
1757433600,0.68686,0.69049,0.68236,0.68861,35308.5
1757448000,0.68849,0.69237,0.68354,0.68865,14764.5
1757462400,0.68834,0.69741,0.68152,0.69539,40984.5
1757476800,0.69437,0.69854,0.6927,0.69552,14189.8
1757491200,0.69543,0.69712,0.68545,0.68791,14157.7
1757505600,0.68744,0.70846,0.68675,0.70008,86035.4
1757520000,0.70161,0.7032,0.68248,0.68672,38419.2
1757534400,0.68554,0.69782,0.68554,0.6957,15555.5
1757548800,0.69559,0.7064,0.69525,0.70473,58517.4
1757563200,0.70549,0.71508,0.69854,0.71154,30430.3
1757577600,0.70909,0.71251,0.69662,0.69662,21833.3
1757592000,0.69759,0.70543,0.68435,0.69144,98490.2
1757606400,0.69118,0.69687,0.69045,0.69687,17220.1
1757620800,0.69669,0.70704,0.6966,0.70571,13492.0
1757635200,0.7055,0.71147,0.69844,0.70151,40243.6
1757649600,0.70089,0.71149,0.69947,0.70466,13307.5
1757664000,0.70452,0.70594,0.69645,0.69855,20891.7
1757678400,0.69884,0.71164,0.6958,0.70531,20774.2
1757692800,0.70611,0.72568,0.705,0.72162,19222.2
1757707200,0.72255,0.72961,0.71685,0.72657,22663.3
1757721600,0.72603,0.73274,0.72265,0.72983,21004.7
1757736000,0.73184,0.73296,0.72601,0.72694,11729.7
1757750400,0.72675,0.7376,0.72675,0.73414,17331.3
1757764800,0.7331,0.73489,0.71785,0.72265,29876.6
1757779200,0.72332,0.72534,0.71085,0.7176,14369.1
1757793600,0.7176,0.72489,0.71693,0.72204,13257.1
1757808000,0.7228,0.72342,0.70676,0.70788,16294.0
1757822400,0.70677,0.71598,0.70287,0.70991,15586.8
1757836800,0.70991,0.7117,0.69292,0.69487,15145.3
1757851200,0.69564,0.69785,0.67864,0.68441,14858.2
1757865600,0.6835,0.69447,0.6835,0.68911,27814.0
1757880000,0.68981,0.69527,0.6855,0.68716,24261.4
1757894400,0.68757,0.69759,0.68216,0.69713,17181.0
1757908800,0.69659,0.70157,0.6795,0.68258,16158.2
1757923200,0.68051,0.68157,0.66643,0.67257,22351.8
1757937600,0.67429,0.67635,0.66127,0.6658,14073.3
1757952000,0.66384,0.67024,0.65714,0.66805,27581.1
1757966400,0.66808,0.67236,0.66667,0.66845,16932.5
1757980800,0.66845,0.67064,0.66147,0.6625,12856.0
1757995200,0.66349,0.67692,0.65765,0.67447,13549.4
1758009600,0.67546,0.68156,0.67179,0.67554,10936.6
1758024000,0.67453,0.68548,0.66995,0.68415,8915.3
1758038400,0.68415,0.68653,0.67493,0.68013,19794.6
1758052800,0.68067,0.68454,0.67676,0.67883,11836.2
1758067200,0.67795,0.6863,0.67397,0.67454,13923.8
1758081600,0.67456,0.67854,0.66765,0.67649,12326.1
1758096000,0.67649,0.67747,0.66365,0.67046,11390.4
1758110400,0.67046,0.6715,0.66538,0.6666,10785.6
1758124800,0.66586,0.6859,0.66171,0.68462,22902.2
1758139200,0.68747,0.70347,0.67743,0.69747,10902.0
1758153600,0.69855,0.70436,0.69355,0.70065,22478.3
1758168000,0.70162,0.70498,0.69303,0.69801,22328.1
1758182400,0.69768,0.7043,0.69477,0.69665,17300.2
1758196800,0.69671,0.70799,0.69372,0.7052,22573.8
1758211200,0.70616,0.72446,0.70609,0.71776,54834.1
1758225600,0.71677,0.72377,0.71277,0.72231,12535.4
1758240000,0.72241,0.73728,0.7145,0.71665,421809.6
1758254400,0.71624,0.72313,0.70516,0.70826,20964.9
1758268800,0.70826,0.71269,0.68922,0.69214,19437.7
1758283200,0.69079,0.69997,0.68286,0.68822,21932.7
1758297600,0.68733,0.69102,0.67922,0.6841,14220.0
1758312000,0.68232,0.68805,0.67327,0.67805,13212.6
1758326400,0.67723,0.682,0.67019,0.67929,13299.5
1758340800,0.67929,0.688,0.67726,0.68624,13561.6
1758355200,0.68525,0.68526,0.6721,0.67894,15972.9
1758369600,0.67791,0.69295,0.67492,0.68906,11881.5
1758384000,0.68924,0.6917,0.68096,0.68266,16712.1
1758398400,0.68181,0.69295,0.68181,0.68518,14035.3
1758412800,0.68517,0.68923,0.68115,0.68923,20359.0
1758427200,0.68923,0.70609,0.68522,0.69622,24876.4
1758441600,0.69747,0.69893,0.6742,0.6772,42866.9
1758456000,0.67669,0.68899,0.67669,0.68016,19495.6
1758470400,0.68016,0.68396,0.67395,0.68145,16490.0
1758484800,0.68068,0.68152,0.67213,0.67218,14175.7
1758499200,0.6723,0.67541,0.64489,0.65017,73465.4
1758513600,0.64959,0.65427,0.59201,0.61976,133407.2
1758528000,0.6191,0.62245,0.60901,0.61315,51402.0
1758542400,0.61226,0.61926,0.60815,0.60997,40624.0
1758556800,0.60931,0.61689,0.6052,0.60984,27252.6
1758571200,0.60996,0.64134,0.60996,0.62417,64896.9
1758585600,0.62417,0.63514,0.61573,0.63229,46041.4
1758600000,0.63099,0.64933,0.62301,0.64546,21865.4
1758614400,0.6469,0.67228,0.6469,0.65629,54055.6
1758628800,0.6568,0.77762,0.65193,0.69538,934883.5
1758643200,0.69538,0.72124,0.65919,0.65985,80290.0
1758657600,0.6618,0.66516,0.64992,0.65915,70460.4
1758672000,0.66101,0.695,0.65826,0.67427,114267.6
1758686400,0.67327,0.71411,0.66489,0.71037,113929.7
1758700800,0.71054,0.73077,0.70728,0.72956,254605.4
1758715200,0.72929,0.76484,0.72527,0.74527,390022.5
1758729600,0.74429,0.83876,0.74191,0.79866,623728.5
1758744000,0.79397,0.97194,0.7724,0.91572,3343453.3999999999
1758758400,0.91548,0.93668,0.81272,0.82229,2080094.5
1758772800,0.82212,0.83334,0.77882,0.78083,1057576.6000000001
1758787200,0.78059,0.8242,0.77951,0.79444,1370807.0
1758801600,0.79496,0.85603,0.79269,0.82374,1709661.8999999999
1758816000,0.82275,0.83419,0.78741,0.79421,906563.8
1758830400,0.79428,0.81075,0.755,0.79419,1052852.5
1758844800,0.7934,0.81905,0.78605,0.79538,467684.8
1758859200,0.79499,0.9478,0.78425,0.93023,4443152.4000000004
1758873600,0.93278,0.99,0.85489,0.98592,3274401.7999999998
1758888000,0.98554,1.1413,0.89726,1.1082,3286260.7999999998
1758902400,1.1135,1.1972,1.087,1.1066,5664118.9000000004
1758916800,1.1104,1.1566,1.0303,1.0467,1274453.3
1758931200,1.041,1.1954,1.0356,1.1404,2228312.8999999999
1758945600,1.1393,1.2674,1.1302,1.141,2778471.1000000001
1758960000,1.1418,1.2493,1.093,1.2013,1191877.3
1758974400,1.2011,1.203,1.1238,1.1271,751065.7
1758988800,1.1305,1.1719,1.1151,1.1315,300486.3
1759003200,1.1339,1.1472,1.0784,1.1215,2210120.3999999999
1759017600,1.1192,1.1359,1.0573,1.1175,2327287.5
1759032000,1.1208,1.1419,1.0774,1.0855,325679.8
1759046400,1.0812,1.0891,1.0501,1.0776,423905.6
1759060800,1.0774,1.0815,1.0345,1.077,1891391.3
1759075200,1.0758,1.1128,1.0611,1.0882,363734.6
1759089600,1.0889,1.1244,1.0795,1.095,1270032.7
1759104000,1.095,1.1108,1.0109,1.0143,1246677.5
1759118400,1.0166,1.1001,1.0,1.0863,1089090.0
1759132800,1.0818,1.2739,1.0698,1.1793,2691239.2000000002
1759147200,1.1791,1.1841,1.0827,1.1363,1655211.3
1759161600,1.1364,1.2023,1.1359,1.1454,797674.6
1759176000,1.1451,1.1737,1.094,1.0991,548529.4
1759190400,1.1002,1.1123,1.0783,1.0886,407766.6
1759204800,1.0874,1.1813,1.0874,1.1084,936308.7
1759219200,1.1089,1.1248,1.0641,1.109,284951.2
1759233600,1.1098,1.1688,1.0749,1.09,1179996.0
1759248000,1.0866,1.139,1.065,1.0863,895394.9
1759262400,1.0854,1.1,1.0549,1.0784,311371.7
1759276800,1.0797,1.1406,1.062,1.1185,205532.5
1759291200,1.1218,1.1388,1.0601,1.073,439799.8
1759305600,1.0728,1.15,1.0697,1.1113,804838.6
1759320000,1.1118,1.134,1.0956,1.1013,1164300.8999999999
1759334400,1.0995,1.3384,1.0792,1.3244,1274011.3999999999
1759348800,1.3295,1.4001,1.2503,1.2728,1721282.0
1759363200,1.2715,1.3953,1.27,1.318,2369743.0
1759377600,1.3182,1.3274,1.279,1.2881,352124.5
1759392000,1.2876,1.3256,1.2352,1.2671,745129.1
1759406400,1.2671,1.3032,1.2435,1.2562,827213.5
1759420800,1.255,1.266,1.2413,1.2484,329566.0
1759435200,1.2481,1.2585,1.2239,1.2349,60676.2
1759449600,1.2366,1.2392,1.187,1.1912,741941.7
1759464000,1.1905,1.219,1.189,1.2131,505505.8
1759478400,1.2109,1.2111,1.1926,1.2056,408704.0
1759492800,1.2058,1.2518,1.1984,1.2491,461484.6
1759507200,1.2477,1.2691,1.2137,1.2333,493769.9
1759521600,1.2318,1.2362,1.2088,1.2166,322872.1
1759536000,1.2166,1.2265,1.1948,1.1953,281394.3
1759550400,1.1954,1.1993,1.1709,1.1789,426630.5
1759564800,1.1794,1.1863,1.1616,1.1794,183482.7
1759579200,1.1794,1.1958,1.1532,1.1613,419405.2
1759593600,1.16,1.205,1.16,1.1971,517360.9
1759608000,1.1971,1.2057,1.1838,1.1919,218386.8
1759622400,1.1925,1.2114,1.1782,1.1959,192978.2
1759636800,1.1944,1.2082,1.1819,1.1899,184763.7
1759651200,1.1891,1.2345,1.1635,1.1749,818340.4
1759665600,1.1735,1.1826,1.138,1.1506,1199487.5
1759680000,1.1505,1.1545,1.12,1.1222,197146.1
1759694400,1.1213,1.1345,1.1189,1.1291,384115.6
1759708800,1.1292,1.1748,1.1291,1.1403,174391.6
1759723200,1.139,1.1614,1.1243,1.1549,91237.6
1759737600,1.1557,1.1648,1.143,1.1532,91897.2
1759752000,1.1552,1.1639,1.1448,1.1544,83123.5
1759766400,1.1519,1.215,1.1471,1.2035,1019073.9
1759780800,1.2049,1.2276,1.176,1.1885,573508.6
1759795200,1.1903,1.2889,1.1878,1.2544,478754.5
1759809600,1.261,1.2918,1.2023,1.225,412110.3
1759824000,1.2243,1.2304,1.1982,1.2087,242310.6
1759838400,1.2073,1.2095,1.1362,1.1385,540164.7
1759852800,1.1373,1.1544,1.1234,1.1254,153872.1
1759867200,1.1264,1.1455,1.1059,1.1115,274567.6
1759881600,1.1123,1.1292,1.1046,1.1217,168899.1
1759896000,1.1233,1.1355,1.1119,1.1302,108278.4
1759910400,1.1304,1.15,1.1115,1.1155,282153.3
1759924800,1.1165,1.1386,1.1064,1.1184,493206.9
1759939200,1.1181,1.1426,1.1134,1.1255,158443.5
1759953600,1.1259,1.1297,1.1063,1.1203,669468.7
1759968000,1.12,1.1222,1.0752,1.0931,831615.5
1759982400,1.0921,1.1016,1.0782,1.0782,86413.5
1759996800,1.0784,1.0902,1.0586,1.0836,317929.0
1760011200,1.084,1.1328,1.0778,1.0832,194486.0
1760025600,1.0832,1.2,1.0818,1.1895,1366024.3
1760040000,1.1889,1.2441,1.1629,1.2296,500682.3
1760054400,1.2299,1.3655,1.2286,1.2692,1525922.8
1760068800,1.2707,1.3473,1.252,1.3262,527837.7
1760083200,1.3259,1.4439,1.3243,1.4097,1534036.3999999999
1760097600,1.4068,1.4467,1.2689,1.3028,2393773.2999999998
1760112000,1.3034,1.3239,1.243,1.2645,694388.8
1760126400,1.2651,1.2966,0.39152,0.98659,13001042.0999999996
1760140800,0.9886,1.0652,0.95355,1.0191,2742450.0
1760155200,1.019,1.1015,1.0135,1.0352,1298221.2
1760169600,1.0342,1.0737,1.0266,1.0615,1095710.6000000001
1760184000,1.0663,1.0846,1.012,1.0212,514231.1
1760198400,1.0217,1.023,0.94311,0.95149,268952.8
1760212800,0.95211,0.954,0.90348,0.94374,1561332.8999999999
1760227200,0.94279,0.96222,0.9245,0.96036,891882.7
1760241600,0.96019,0.99366,0.95737,0.99073,550249.7
1760256000,0.98964,1.0064,0.96823,0.98271,1350919.0
1760270400,0.98186,1.3059,0.96513,1.3039,2177948.2000000002
1760284800,1.3026,1.919,1.2193,1.6788,13960345.6999999993
1760299200,1.6797,1.8764,1.6588,1.7075,5990835.0999999996
1760313600,1.7072,1.9242,1.6194,1.765,4608265.9000000004
1760328000,1.7679,1.8905,1.6938,1.8623,4789419.9000000004
1760342400,1.8607,2.576,1.8407,2.2051,11541962.0999999996
1760356800,2.205,2.4523,2.13,2.3855,9408220.8000000007
1760371200,2.3869,2.5771,2.3267,2.3866,5015919.0999999996
1760385600,2.3881,2.4196,2.2276,2.2944,3849935.1000000001
1760400000,2.2928,2.3197,2.1518,2.1829,2435481.1000000001
1760414400,2.1856,2.24,1.9794,1.9988,3687618.1000000001
1760428800,1.9987,2.007,1.91,1.9711,2384702.2000000002
1760443200,1.9712,1.9774,1.8191,1.9621,5070891.9000000004
1760457600,1.9621,2.0565,1.9057,1.949,5863344.2000000002
1760472000,1.9519,2.079,1.9514,2.025,2876386.7999999998
1760486400,2.0261,2.2631,2.0072,2.097,5041510.2999999998
1760500800,2.0969,2.1713,1.842,1.9551,2078281.6000000001
1760515200,1.9551,2.0382,1.9382,1.953,2419773.2999999998
1760529600,1.9517,1.9732,1.7881,1.8091,1959601.8999999999
1760544000,1.8095,1.8431,1.74,1.7681,1787237.0
1760558400,1.7702,1.8143,1.6789,1.689,2415028.5
1760572800,1.6912,1.7041,1.5972,1.6057,2269324.8999999999
1760587200,1.6068,1.6375,1.5578,1.5672,1832780.6000000001
1760601600,1.5672,1.6672,1.5256,1.6383,1746705.2
1760616000,1.639,1.731,1.6185,1.6375,2155566.0
1760630400,1.6346,1.6521,1.5119,1.5402,3668193.5
1760644800,1.5418,1.5558,1.3951,1.4463,2310737.3999999999
1760659200,1.4452,1.4924,1.4199,1.4475,1330759.8999999999
1760673600,1.4477,1.4583,1.3262,1.3452,1480749.0
1760688000,1.3452,1.4784,1.3349,1.4705,2209320.7000000002
1760702400,1.4704,1.4975,1.3974,1.4566,910407.5
1760716800,1.4547,1.5473,1.3996,1.4237,895692.1
1760731200,1.4203,1.4525,1.367,1.3734,819165.0
1760745600,1.3743,1.4195,1.3502,1.389,850891.0
1760760000,1.3868,1.5388,1.367,1.3878,604169.7
1760774400,1.388,1.4134,1.3677,1.4081,554424.1
1760788800,1.4088,1.4114,1.3549,1.3635,395368.9
1760803200,1.3636,1.3873,1.328,1.3744,372853.5
1760817600,1.3748,1.4003,1.3631,1.3726,395756.0
1760832000,1.3706,1.4331,1.3588,1.4206,417504.7
1760846400,1.4184,1.4754,1.3783,1.4158,724584.8
1760860800,1.4155,1.5195,1.3894,1.4454,1253215.6000000001
1760875200,1.4493,1.4979,1.3871,1.4799,944838.0
1760889600,1.4809,1.7483,1.4524,1.6717,4306802.2000000002
1760904000,1.6704,1.7121,1.5467,1.559,1842991.3999999999
1760918400,1.558,1.6663,1.4779,1.6624,2079130.5
1760932800,1.6635,1.8352,1.6199,1.6662,3570648.5
1760947200,1.6665,1.7226,1.6258,1.6677,2461653.7999999998
1760961600,1.669,1.7567,1.6336,1.634,1597950.7
1760976000,1.6357,1.6704,1.5437,1.6027,2624428.6000000001
1760990400,1.6026,1.64,1.5944,1.6202,907208.0
1761004800,1.6202,1.6485,1.5533,1.5681,1122859.3999999999
1761019200,1.5681,1.5724,1.458,1.4937,1174764.1000000001
1761033600,1.4923,1.5054,1.4711,1.476,584822.2
1761048000,1.4771,1.7269,1.4732,1.6814,1442411.3
1761062400,1.6842,1.6904,1.5509,1.5562,1200435.6000000001
1761076800,1.5524,1.5562,1.4027,1.471,2201453.6000000001
1761091200,1.471,1.4889,1.4457,1.4868,911943.5
1761105600,1.4871,1.526,1.433,1.4461,1229041.6000000001
1761120000,1.4468,1.4473,1.386,1.4042,1747575.3
1761134400,1.404,1.4209,1.3692,1.3816,963374.4
1761148800,1.381,1.4023,1.3152,1.3351,1287726.0
1761163200,1.3331,1.3362,1.2639,1.2756,786045.2
1761177600,1.2772,1.3095,1.27,1.2887,412055.6
1761192000,1.2868,1.3227,1.2657,1.3086,844288.0
1761206400,1.3104,1.3147,1.2693,1.2706,279356.3
1761220800,1.2703,1.3012,1.2483,1.2841,573718.8
1761235200,1.2846,1.3046,1.2566,1.2757,397721.3
1761249600,1.2749,1.2769,1.2364,1.2456,478056.0
1761264000,1.2476,1.2663,1.2335,1.2388,371952.9
1761278400,1.2379,1.275,1.2289,1.2348,482097.0
1761292800,1.2354,1.2576,1.2173,1.2438,635674.1
1761307200,1.2453,1.3031,1.2236,1.2259,996976.2
1761321600,1.2273,1.3034,1.2236,1.2966,800678.2
1761336000,1.2967,1.355,1.2915,1.2978,946915.9
1761350400,1.2995,1.2997,1.2594,1.2602,291376.8
1761364800,1.2554,1.2663,1.228,1.231,515825.3
1761379200,1.2303,1.2479,1.2122,1.2459,280886.5
1761393600,1.2475,1.2541,1.2341,1.235,183232.5
1761408000,1.2357,1.2404,1.2227,1.2326,229775.0
1761422400,1.2333,1.2395,1.1877,1.2051,434753.2
1761436800,1.2066,1.2164,1.162,1.1641,524199.0
1761451200,1.1649,1.2302,1.1631,1.2202,437265.1
1761465600,1.2195,1.2534,1.2011,1.2477,433598.2
1761480000,1.252,1.2673,1.2369,1.2458,1032138.2
1761494400,1.2456,1.2458,1.2241,1.2286,364222.9
1761508800,1.2271,1.2588,1.1994,1.2017,480996.1
1761523200,1.2021,1.2109,1.178,1.1919,492592.4
1761537600,1.1923,1.2377,1.19,1.1981,537047.2
1761552000,1.1989,1.2113,1.1575,1.1632,469026.8
1761566400,1.1641,1.1936,1.1455,1.1834,344917.6
1761580800,1.1851,1.1957,1.1552,1.1567,643844.1
1761595200,1.1576,1.1774,1.1446,1.1627,414362.0
1761609600,1.1624,1.1784,1.153,1.1611,340548.5
1761624000,1.1596,1.1796,1.1516,1.1641,266063.1
1761638400,1.1644,1.1825,1.1581,1.1632,171946.0
1761652800,1.1649,1.2102,1.1201,1.1421,1127072.3
1761667200,1.1409,1.1587,1.1143,1.1229,371648.3
1761681600,1.1219,1.1269,1.0995,1.1091,517889.7
1761696000,1.109,1.1168,1.094,1.0985,118970.8
1761710400,1.0989,1.1336,1.0989,1.1125,120714.2
1761724800,1.1139,1.1446,1.1056,1.1331,475385.5
1761739200,1.1321,1.1531,1.1174,1.1293,396593.6
1761753600,1.1287,1.1817,1.0923,1.1621,3044530.6000000001
1761768000,1.1678,1.2015,1.0983,1.111,1701278.0
1761782400,1.1127,1.1317,1.1,1.114,255471.3
1761796800,1.111,1.111,1.0476,1.0716,1120707.0
1761811200,1.0718,1.0737,1.0462,1.0469,191912.3
1761825600,1.0476,1.0519,0.99803,1.0017,971646.1
1761840000,1.0017,1.0112,0.95254,0.978,1175848.0
1761854400,0.979,1.0104,0.97515,1.0103,279720.2
1761868800,1.0084,1.0149,0.99819,1.0044,176699.0
1761883200,1.0045,1.023,1.0021,1.0041,96100.9
1761897600,1.0031,1.0088,0.9948,1.0077,158669.5
1761912000,1.0056,1.01,0.98393,0.99486,201573.9
1761926400,0.9949,1.0108,0.96692,1.0089,238646.8
1761940800,1.0081,1.0113,0.99071,1.0004,109446.2
1761955200,1.001,1.0304,0.99355,1.0122,138851.7
1761969600,1.0125,1.0152,0.99426,1.0088,466130.5
1761984000,1.0094,1.0184,0.99635,1.0034,132582.3
1761998400,1.0037,1.0093,0.989,1.0056,291578.0
1762012800,1.0055,1.0094,0.99613,1.0056,139135.9
1762027200,1.005,1.0186,0.98708,1.0061,86820.3
1762041600,1.0056,1.0126,0.98996,0.99822,148525.8
1762056000,0.99873,1.1552,0.99808,1.1038,721147.9
1762070400,1.1045,1.143,1.0401,1.0767,551973.6
1762084800,1.075,1.0781,1.0154,1.0183,313382.5
1762099200,1.0165,1.0283,0.99883,1.0108,365982.5
1762113600,1.0101,1.0609,1.008,1.0566,664926.4
1762128000,1.0526,1.0578,0.93758,0.93989,1240296.0
1762142400,0.93878,0.94665,0.91749,0.93304,899661.3
1762156800,0.9333,0.96006,0.91944,0.92973,653185.3
1762171200,0.9286,0.94365,0.83662,0.87859,1103079.2
1762185600,0.87823,0.9531,0.87364,0.91963,698941.9
1762200000,0.91881,0.91914,0.89167,0.90029,1100053.6000000001
1762214400,0.9003,0.9195,0.8894,0.90244,286906.4
1762228800,0.90237,0.9114,0.86502,0.86942,734835.3
1762243200,0.87108,0.89644,0.86445,0.8814,232078.4
1762257600,0.88054,0.89984,0.8586,0.86935,434550.1
1762272000,0.87201,0.87897,0.82117,0.83656,1334597.7
1762286400,0.83986,0.865,0.7917,0.84596,880824.7
1762300800,0.84592,0.84735,0.7917,0.83731,221925.3
1762315200,0.83882,0.85713,0.83204,0.85613,300309.9
1762329600,0.8557,0.85766,0.83011,0.85458,304248.2
1762344000,0.85418,0.87316,0.84774,0.87085,336102.2
1762358400,0.87059,0.87349,0.85915,0.86409,195243.2
1762372800,0.86535,0.8696,0.84886,0.85056,184498.0
1762387200,0.84959,0.8508,0.8258,0.84594,401090.2
1762401600,0.84476,0.84667,0.82851,0.8327,113270.2
1762416000,0.83207,0.84081,0.82112,0.82855,62060.7
1762430400,0.82926,0.83956,0.8,0.80434,538940.2
1762444800,0.80429,0.82936,0.78947,0.81899,339716.3
1762459200,0.8216,0.82459,0.80083,0.8103,62450.4
1762473600,0.80983,0.83456,0.79782,0.82754,157073.1
1762488000,0.82717,0.86283,0.81982,0.86283,122417.7
1762502400,0.86285,0.86617,0.80503,0.81252,1037853.6
1762516800,0.81143,0.85247,0.78844,0.84838,517685.7
1762531200,0.84733,0.9072,0.84107,0.8859,1161992.6000000001
1762545600,0.8859,0.89875,0.87664,0.884,453382.7
1762560000,0.88439,0.89478,0.8531,0.8538,542374.3
1762574400,0.85463,0.86956,0.8318,0.85151,268267.2
1762588800,0.8507,0.866,0.83944,0.85822,182970.7
1762603200,0.8577,0.86452,0.8265,0.8337,114278.7
1762617600,0.8338,0.8421,0.8177,0.8379,232321.1
1762632000,0.8388,0.84137,0.82881,0.8357,47360.8
1762646400,0.83623,0.85145,0.80514,0.81111,500131.8
1762660800,0.81228,0.82841,0.809,0.82841,148768.8
1762675200,0.82716,0.83412,0.81012,0.82702,272553.6
1762689600,0.8263,0.85068,0.8209,0.84584,384588.3
1762704000,0.84536,0.87351,0.83683,0.87351,214993.9
1762718400,0.87438,0.88531,0.85846,0.86382,111042.4
1762732800,0.86331,0.88811,0.85873,0.87038,270039.3
1762747200,0.86935,0.8757,0.85936,0.8745,208541.0
1762761600,0.87245,0.90816,0.86548,0.88435,255186.0
1762776000,0.88497,0.89485,0.86165,0.86667,428102.1
1762790400,0.86865,0.87359,0.84184,0.85544,455237.1
1762804800,0.85623,0.87946,0.843,0.86098,147779.3
1762819200,0.86247,0.88473,0.84676,0.87388,160180.4
1762833600,0.87206,0.87542,0.79961,0.80027,273124.8
1762848000,0.79924,0.81291,0.795,0.80796,213266.5
1762862400,0.80763,0.81559,0.79036,0.80828,204340.7
1762876800,0.80966,0.81686,0.78931,0.79126,170464.9
1762891200,0.7917,0.79255,0.77532,0.77693,373744.5
1762905600,0.77728,0.80453,0.77438,0.79532,156865.0
1762920000,0.79657,0.81037,0.79298,0.79447,63824.5
1762934400,0.79478,0.83357,0.79478,0.82928,384346.8
1762948800,0.8285,0.84442,0.79562,0.79672,239563.2
1762963200,0.80034,0.8014,0.76163,0.77012,443649.5
1762977600,0.76838,0.78957,0.76743,0.77571,69964.5
1762992000,0.77638,0.80969,0.77357,0.80161,144194.0
1763006400,0.80091,0.81557,0.79178,0.79611,186127.5
1763020800,0.79649,0.80696,0.79284,0.79675,153357.8
1763035200,0.79684,0.79684,0.7632,0.77268,415557.8
1763049600,0.77271,0.77471,0.71053,0.71535,480757.2
1763064000,0.71639,0.74277,0.70956,0.7348,113436.8
1763078400,0.73495,0.74128,0.72691,0.73015,238879.9
1763092800,0.72993,0.74809,0.695,0.73816,313242.9
1763107200,0.73835,0.7417,0.71893,0.72276,502348.3
1763121600,0.72277,0.7433,0.70769,0.73599,314690.9
1763136000,0.73534,0.74654,0.72958,0.74071,57602.8
1763150400,0.74026,0.7424,0.70403,0.71665,78025.8
1763164800,0.71667,0.73753,0.71667,0.73491,70093.9
1763179200,0.73571,0.73767,0.727,0.72744,34931.4
1763193600,0.72831,0.72831,0.71129,0.71731,178813.8
1763208000,0.7173,0.73614,0.71663,0.73133,1003322.9
1763222400,0.731,0.7447,0.72492,0.73794,1678204.2
1763236800,0.73793,0.73873,0.72429,0.73512,195330.7
1763251200,0.73473,0.74561,0.71952,0.74368,255407.1
1763265600,0.74439,0.74439,0.73263,0.73643,120966.9
1763280000,0.73617,0.73827,0.7145,0.71755,97428.7
1763294400,0.71733,0.72502,0.70303,0.70332,253974.2
1763308800,0.70446,0.71309,0.68233,0.68577,411655.3
1763323200,0.68585,0.70456,0.67615,0.69821,282105.0
1763337600,0.6978,0.71126,0.68952,0.7097,257967.9
1763352000,0.71064,0.72044,0.7056,0.71861,100836.8
1763366400,0.71875,0.71955,0.70659,0.70912,124952.7
1763380800,0.7095,0.71816,0.67885,0.68367,156002.0
1763395200,0.68367,0.70036,0.66684,0.67431,649088.6
1763409600,0.67377,0.68451,0.66943,0.68094,371235.4
1763424000,0.68041,0.69729,0.66908,0.69729,681206.9
1763438400,0.69714,0.70472,0.68334,0.6925,141104.9
1763452800,0.69276,0.69941,0.68816,0.69031,568753.6
1763467200,0.68984,0.70526,0.68275,0.69874,155084.1
1763481600,0.69885,0.71125,0.69719,0.70227,126457.9
1763496000,0.70334,0.70497,0.69337,0.70059,60485.7
1763510400,0.70024,0.70201,0.68307,0.68484,106315.4
1763524800,0.68437,0.68721,0.66817,0.68087,85707.0
1763539200,0.68084,0.68798,0.67166,0.6782,113604.0
1763553600,0.67787,0.68521,0.65934,0.65937,187407.2
1763568000,0.65942,0.66435,0.6374,0.64291,620960.5
1763582400,0.64315,0.67622,0.64163,0.67437,96343.8
1763596800,0.67345,0.67508,0.66035,0.66114,74467.1
1763611200,0.66087,0.66957,0.65957,0.66817,176376.7
1763625600,0.66883,0.67104,0.66093,0.6681,82140.4
1763640000,0.66828,0.68117,0.66144,0.66368,220416.5
1763654400,0.66378,0.66531,0.61677,0.6317,299816.0
1763668800,0.63083,0.64797,0.6241,0.62799,72156.7
1763683200,0.62917,0.64761,0.62692,0.63415,68457.1
1763697600,0.63423,0.64259,0.56647,0.60606,442047.7
1763712000,0.60575,0.61758,0.59326,0.59547,381955.7
1763726400,0.59475,0.6153,0.58388,0.60489,272792.1
1763740800,0.6053,0.62499,0.59264,0.59564,562886.5
1763755200,0.59562,0.59689,0.56222,0.58475,192690.1
1763769600,0.58395,0.58869,0.56321,0.57529,251684.5
1763784000,0.57549,0.57549,0.55378,0.56862,229139.7
1763798400,0.56848,0.57386,0.55664,0.5706,90619.8
1763812800,0.56991,0.57573,0.55685,0.56923,118343.3
1763827200,0.56906,0.57586,0.56503,0.56758,61996.6
1763841600,0.56722,0.5746,0.55971,0.56475,76332.7
1763856000,0.56463,0.57213,0.55606,0.56876,66204.8
1763870400,0.56924,0.57653,0.56624,0.57267,43884.6
1763884800,0.57243,0.60962,0.57241,0.59786,452208.3
1763899200,0.59807,0.62927,0.5905,0.60396,228358.3
1763913600,0.60346,0.64236,0.60079,0.60079,847092.4
1763928000,0.60023,0.60723,0.58679,0.5869,95120.8
1763942400,0.5869,0.60393,0.58237,0.59428,165008.6
1763956800,0.59462,0.59914,0.57094,0.57757,183139.8
1763971200,0.57658,0.58449,0.55061,0.56269,2815110.1000000001
1763985600,0.56316,0.58309,0.55956,0.57536,458119.5
1764000000,0.57514,0.59953,0.57376,0.59344,312158.2
1764014400,0.5942,0.59702,0.58134,0.58218,907507.1
1764028800,0.58217,0.58248,0.55838,0.55953,1614863.3
1764043200,0.55951,0.56259,0.55,0.5536,1789585.3
1764057600,0.5536,0.56334,0.54271,0.54485,2570376.6000000001
1764072000,0.54469,0.55892,0.54156,0.55379,877701.1
1764086400,0.5536,0.56364,0.54823,0.55476,200312.8
1764100800,0.55491,0.5713,0.55491,0.56758,73357.9
1764115200,0.56724,0.57112,0.5578,0.55821,228421.2
1764129600,0.5579,0.55961,0.54647,0.55075,268272.6
1764144000,0.55152,0.56661,0.54313,0.55746,1095718.0
1764158400,0.55793,0.58762,0.55301,0.57045,1818562.0
1764172800,0.57014,0.59275,0.56636,0.58688,145599.7
1764187200,0.58609,0.59222,0.57988,0.58388,162181.5
1764201600,0.58381,0.5891,0.58136,0.5864,163045.1
1764216000,0.58741,0.5985,0.58209,0.5891,195572.3
1764230400,0.58597,0.61003,0.58261,0.58499,123761.2
1764244800,0.58561,0.58742,0.57503,0.58329,166553.0
1764259200,0.58343,0.5907,0.5822,0.58574,39300.9
1764273600,0.58625,0.58625,0.5725,0.57386,76470.5
1764288000,0.57393,0.57675,0.56707,0.56801,58828.8
1764302400,0.56753,0.56918,0.55796,0.56211,59163.5
1764316800,0.56212,0.57442,0.56212,0.56711,151257.1
1764331200,0.56715,0.57541,0.5623,0.57082,104800.7
1764345600,0.57067,0.57074,0.55237,0.56543,129250.7
1764360000,0.56484,0.56682,0.56024,0.56265,73136.7
1764374400,0.56272,0.56974,0.56086,0.56751,74834.2
1764388800,0.56773,0.56884,0.55427,0.5545,134904.9
1764403200,0.55461,0.56024,0.55319,0.55735,155399.8
1764417600,0.55747,0.5584,0.54851,0.55516,51558.0
1764432000,0.55492,0.55599,0.54524,0.54878,58080.4
1764446400,0.54812,0.55289,0.54722,0.55052,382799.4
1764460800,0.55004,0.55078,0.53958,0.54685,51481.2
1764475200,0.54722,0.55016,0.54301,0.54535,56883.9
1764489600,0.54573,0.54913,0.5386,0.5386,56612.2
1764504000,0.53911,0.55035,0.53426,0.53942,48090.6
1764518400,0.53843,0.54952,0.53843,0.54873,92755.9
1764532800,0.54936,0.55355,0.54073,0.54109,72099.2
1764547200,0.54109,0.54274,0.49942,0.50071,561135.8
1764561600,0.50022,0.50822,0.49522,0.50262,192977.6
1764576000,0.50176,0.5207,0.50176,0.50879,171578.3
1764590400,0.50907,0.51521,0.49948,0.50732,328598.5
1764604800,0.50749,0.51157,0.4987,0.50204,206467.3
1764619200,0.5026,0.51525,0.5026,0.51156,90583.4
1764633600,0.51185,0.51651,0.5055,0.50824,160222.8
1764648000,0.50984,0.51148,0.50571,0.5098,52979.9
1764662400,0.50967,0.51716,0.50242,0.51469,67201.6
1764676800,0.51559,0.56026,0.50977,0.55614,200896.6
1764691200,0.55705,0.56,0.54539,0.54836,86149.2
1764705600,0.54928,0.55527,0.54221,0.54731,33056.6
1764720000,0.54781,0.55287,0.54398,0.54884,98682.9
1764734400,0.54937,0.55869,0.54827,0.55533,77990.2
1764748800,0.55553,0.56418,0.55553,0.5617,72141.0
1764763200,0.56112,0.56372,0.54589,0.55876,129516.4
1764777600,0.55956,0.56883,0.55642,0.56405,373600.0
1764792000,0.56392,0.57006,0.56101,0.56784,45778.3
1764806400,0.56802,0.57302,0.56456,0.56669,154649.5
1764820800,0.56707,0.57258,0.56177,0.56686,80856.3
1764835200,0.56662,0.56809,0.55881,0.56067,78111.7
1764849600,0.56089,0.56481,0.55056,0.56146,96442.9
1764864000,0.56186,0.56212,0.52795,0.53508,109201.6
1764878400,0.53485,0.53797,0.53023,0.53565,40420.6
1764892800,0.53546,0.54052,0.53127,0.53217,56912.3
1764907200,0.53233,0.53748,0.52665,0.53567,48561.8
1764921600,0.5352,0.53527,0.51832,0.52111,77778.8
1764936000,0.52039,0.52226,0.50879,0.50906,81216.8
1764950400,0.5094,0.5094,0.48577,0.49345,175438.3
1764964800,0.49333,0.50415,0.4909,0.50106,73836.8
1764979200,0.50054,0.50277,0.49209,0.49385,42824.4
1764993600,0.49396,0.49396,0.48707,0.48763,44749.3
1765008000,0.48867,0.4931,0.48583,0.49139,75153.2
1765022400,0.49255,0.49721,0.48869,0.49678,66442.5
1765036800,0.49652,0.51899,0.49652,0.50617,79906.8
1765051200,0.50612,0.51282,0.4978,0.50133,144658.6
1765065600,0.5013,0.50495,0.49693,0.4987,111764.0
1765080000,0.49901,0.50075,0.49519,0.49633,33721.5
1765094400,0.49659,0.50053,0.49232,0.49363,97571.9
1765108800,0.4934,0.4958,0.47406,0.48756,402577.7
1765123200,0.48755,0.49759,0.4785,0.49704,309236.9
1765137600,0.49784,0.49858,0.47333,0.47896,78198.7
1765152000,0.47867,0.4939,0.47757,0.49089,169700.1
1765166400,0.49195,0.50092,0.49195,0.49625,62750.6
1765180800,0.49593,0.5011,0.49302,0.49989,45224.6
1765195200,0.49973,0.50615,0.49361,0.49541,98525.0
1765209600,0.49543,0.49699,0.48688,0.49014,127001.1
1765224000,0.49082,0.50008,0.4905,0.49752,91639.7
1765238400,0.49746,0.50006,0.48722,0.49329,145745.0
1765252800,0.49295,0.49295,0.4827,0.49007,80585.8
1765267200,0.48984,0.49143,0.48403,0.48708,57234.9
1765281600,0.48699,0.51192,0.48654,0.51125,100532.9
1765296000,0.51203,0.5288,0.51203,0.51653,141624.7
1765310400,0.5161,0.51617,0.50277,0.51249,62447.6
1765324800,0.51371,0.51525,0.50013,0.50203,84700.6
1765339200,0.50211,0.50461,0.49903,0.50135,77616.0
1765353600,0.5016,0.50365,0.4909,0.49292,55145.1
1765368000,0.49352,0.49592,0.48992,0.4932,173101.4
1765382400,0.49349,0.50798,0.49261,0.50674,164904.5
1765396800,0.50695,0.51842,0.48404,0.48587,88463.9
1765411200,0.48515,0.48717,0.46487,0.46659,118086.1
1765425600,0.46609,0.4808,0.46409,0.47367,112428.9
1765440000,0.4736,0.47784,0.46924,0.47578,59397.0
1765454400,0.47465,0.47887,0.46943,0.4729,158827.5
1765468800,0.4729,0.47408,0.46635,0.46728,74356.8
1765483200,0.46726,0.48585,0.46667,0.47574,91216.2
1765497600,0.47535,0.47899,0.46808,0.47798,65568.0
1765512000,0.47873,0.48403,0.47513,0.47717,42268.2
1765526400,0.47754,0.48273,0.47444,0.4797,64615.5
1765540800,0.48003,0.48099,0.455,0.45585,126999.8
1765555200,0.45614,0.45883,0.4467,0.45269,167081.5
1765569600,0.4525,0.46272,0.45191,0.45906,174339.9
1765584000,0.45958,0.46369,0.45838,0.46113,44400.1
1765598400,0.46142,0.46468,0.45719,0.46055,50278.8
1765612800,0.46075,0.46509,0.45846,0.45846,41559.3
1765627200,0.45846,0.4681,0.45846,0.4654,168808.4
1765641600,0.46577,0.46879,0.46213,0.46358,289870.7
1765656000,0.46345,0.4657,0.45993,0.46562,71445.3
1765670400,0.46516,0.4653,0.46104,0.46176,67340.4
1765684800,0.46195,0.46201,0.45494,0.45549,86952.7
1765699200,0.45661,0.46012,0.44937,0.45398,80865.8
1765713600,0.45316,0.45572,0.44703,0.44795,81130.1
1765728000,0.44771,0.45099,0.43943,0.44366,138582.6
1765742400,0.44343,0.44582,0.43335,0.43846,80319.8
1765756800,0.43845,0.45148,0.43805,0.44469,121618.1
1765771200,0.44491,0.45263,0.44426,0.44699,60177.2
1765785600,0.44715,0.44972,0.44291,0.44428,58816.8
1765800000,0.44441,0.44746,0.418,0.42223,292136.8
1765814400,0.42196,0.42196,0.40761,0.41764,190380.3
1765828800,0.41725,0.42385,0.41353,0.42329,80002.9
1765843200,0.42319,0.42427,0.41736,0.42261,56537.3
1765857600,0.42272,0.42453,0.41596,0.41794,74815.0
1765872000,0.41849,0.42972,0.41817,0.42963,79379.2
1765886400,0.42966,0.4486,0.42216,0.44624,186169.8
1765900800,0.44589,0.44655,0.42883,0.43365,202184.4
1765915200,0.43354,0.43681,0.43144,0.43375,77227.3
1765929600,0.43353,0.4349,0.42887,0.42951,76709.0
1765944000,0.42944,0.43082,0.42517,0.42611,177089.8
1765958400,0.42573,0.42612,0.41803,0.42226,234402.3
1765972800,0.42245,0.43496,0.41552,0.41744,212112.4
1765987200,0.41668,0.42025,0.39794,0.4029,198273.0
1766001600,0.40308,0.40573,0.39908,0.40118,73016.6
1766016000,0.40165,0.40292,0.39683,0.39749,85129.2
1766030400,0.39776,0.40188,0.39402,0.40128,75131.1
1766044800,0.40207,0.40675,0.39921,0.40527,98392.6
1766059200,0.40571,0.42255,0.40409,0.41549,229613.1
1766073600,0.41604,0.41629,0.38335,0.38352,283337.7
1766088000,0.38445,0.39605,0.38403,0.38914,251770.8
1766102400,0.38944,0.40588,0.38645,0.40103,133551.0
1766116800,0.40117,0.40765,0.39911,0.4028,89683.5
1766131200,0.40278,0.4051,0.40168,0.40431,45910.3
1766145600,0.40426,0.41585,0.40324,0.40824,133334.9
1766160000,0.40833,0.41603,0.40462,0.41436,79441.2
1766174400,0.41476,0.422,0.41251,0.41932,57005.1
1766188800,0.41953,0.421,0.41618,0.41951,68632.0
1766203200,0.41986,0.42793,0.41714,0.42686,68652.2
1766217600,0.42727,0.43009,0.4212,0.42645,59587.9
1766232000,0.42674,0.42682,0.42021,0.42403,85009.8
1766246400,0.42493,0.42504,0.42211,0.4224,67333.6
1766260800,0.42244,0.42483,0.42107,0.42142,48462.2
1766275200,0.42135,0.42206,0.41426,0.41739,58060.1
1766289600,0.41725,0.4189,0.41517,0.41845,44116.8
1766304000,0.41858,0.42171,0.41533,0.41603,65704.0
1766318400,0.4153,0.41658,0.40127,0.40575,61115.2
1766332800,0.40585,0.41104,0.40392,0.40864,57937.0
1766347200,0.40864,0.41173,0.40315,0.40972,64112.3
1766361600,0.40983,0.41847,0.40428,0.41061,108180.5
1766376000,0.411,0.41892,0.41035,0.41782,66175.8
1766390400,0.41767,0.42133,0.4145,0.42029,70685.8
1766404800,0.42068,0.4311,0.4205,0.4262,90400.7
1766419200,0.42717,0.43593,0.41804,0.41835,76615.6
1766433600,0.41837,0.42336,0.41422,0.42272,78706.4
1766448000,0.42274,0.43003,0.41934,0.42126,85193.9
1766462400,0.42055,0.42282,0.41577,0.41726,60240.1
1766476800,0.41752,0.4199,0.41427,0.41694,37925.4
1766491200,0.41698,0.41877,0.4101,0.41663,80825.4
1766505600,0.41611,0.43466,0.41556,0.42334,74499.7
1766520000,0.42348,0.44317,0.42252,0.4304,188599.0
1766534400,0.43042,0.43357,0.41896,0.42416,139313.5
1766548800,0.42502,0.43131,0.41914,0.42202,66978.8
1766563200,0.42145,0.42178,0.41686,0.4193,118327.6
1766577600,0.41891,0.4287,0.41568,0.42675,60315.3
1766592000,0.42555,0.43393,0.42118,0.43283,56491.1
1766606400,0.43289,0.4415,0.42921,0.4415,49174.0
1766620800,0.44146,0.44401,0.43421,0.44397,96306.5
1766635200,0.44388,0.44683,0.43674,0.43892,86321.7
1766649600,0.43829,0.44123,0.43206,0.43486,55872.1
1766664000,0.43336,0.43778,0.431,0.43457,43371.8
1766678400,0.43461,0.43695,0.43252,0.43465,41391.8
1766692800,0.43504,0.4389,0.421,0.42107,75933.9
1766707200,0.42113,0.44011,0.41814,0.43715,118122.3
1766721600,0.43676,0.43741,0.43181,0.43233,33039.9
1766736000,0.43242,0.43497,0.4314,0.43337,55751.1
1766750400,0.43377,0.43601,0.42441,0.42687,90592.6
1766764800,0.42626,0.43263,0.42304,0.43157,46877.6
1766779200,0.4314,0.43565,0.42821,0.43241,31589.0
1766793600,0.43297,0.44436,0.43266,0.44307,44426.9
1766808000,0.44353,0.44391,0.43923,0.44119,32672.2
1766822400,0.44178,0.44867,0.43789,0.44806,44814.8
1766836800,0.44818,0.44989,0.44266,0.44698,62950.6
1766851200,0.44627,0.44676,0.44137,0.44282,38213.3
1766865600,0.44266,0.45182,0.44114,0.45007,55750.9
1766880000,0.45006,0.45013,0.44509,0.44926,58051.0
1766894400,0.44906,0.45114,0.44716,0.44852,29796.3
1766908800,0.44825,0.45014,0.444,0.44544,39021.3
1766923200,0.44568,0.44702,0.44016,0.44358,70502.1
1766937600,0.44344,0.44579,0.43344,0.43368,44263.5
1766952000,0.43372,0.43458,0.42998,0.43194,49253.2
1766966400,0.43259,0.44087,0.43115,0.43917,127136.6
1766980800,0.43911,0.44494,0.43603,0.44376,60213.1
1766995200,0.44379,0.44547,0.4337,0.4391,53041.4
1767009600,0.43845,0.43916,0.42301,0.42609,128376.9
1767024000,0.4252,0.42562,0.41909,0.42327,118147.4
1767038400,0.42228,0.42392,0.41719,0.41816,39504.8
1767052800,0.419,0.42336,0.41483,0.41838,70406.8
1767067200,0.41756,0.4207,0.41372,0.41607,107555.2
1767081600,0.41656,0.42364,0.41656,0.42111,41255.6
1767096000,0.42112,0.42537,0.41487,0.42481,106359.0
1767110400,0.42481,0.42799,0.41662,0.42184,62427.3
1767124800,0.42167,0.42167,0.41513,0.41876,49566.7
1767139200,0.41818,0.41916,0.41311,0.41509,79899.8
1767153600,0.4151,0.4161,0.4133,0.41484,35552.3
1767168000,0.41506,0.41764,0.41335,0.41582,42665.2
1767182400,0.4144,0.41474,0.40797,0.4082,64765.0
1767196800,0.40869,0.41093,0.39851,0.40425,103424.8
1767211200,0.40402,0.41228,0.40187,0.40975,40809.0
1767225600,0.41043,0.41165,0.40788,0.41122,110520.5
1767240000,0.41145,0.41541,0.40971,0.41359,48774.3
1767254400,0.41354,0.417,0.41203,0.41663,40808.7
1767268800,0.417,0.44806,0.41497,0.44304,168351.9
1767283200,0.44353,0.46252,0.4351,0.44357,365767.5
1767297600,0.44338,0.44998,0.43911,0.44785,85485.3
1767312000,0.44731,0.45123,0.44213,0.44721,149873.8
1767326400,0.44824,0.44824,0.44125,0.44269,70284.0
1767340800,0.44257,0.45032,0.44082,0.44281,137255.0
1767355200,0.44235,0.45126,0.44107,0.44854,166505.1
1767369600,0.44854,0.46132,0.44765,0.46077,129518.3
1767384000,0.46218,0.4663,0.45546,0.46083,73490.7
1767398400,0.46123,0.46712,0.45677,0.46689,48127.1
1767412800,0.46571,0.46771,0.45201,0.45267,77093.3
1767427200,0.45223,0.45488,0.44826,0.45005,69452.0
1767441600,0.44972,0.45427,0.44816,0.44863,40602.8
1767456000,0.4484,0.45584,0.4484,0.45176,52415.8
1767470400,0.45195,0.45828,0.44874,0.45771,47512.3
1767484800,0.45775,0.46382,0.45532,0.46302,88335.0
1767499200,0.46305,0.46358,0.45475,0.45617,27459.2
1767513600,0.45664,0.46304,0.45327,0.46072,68108.8
1767528000,0.46075,0.46801,0.45643,0.46598,74504.8
1767542400,0.46706,0.47215,0.45913,0.46189,62921.5
1767556800,0.46197,0.46685,0.4601,0.46306,48296.8
1767571200,0.46274,0.47626,0.46204,0.47029,118391.4
1767585600,0.47099,0.47196,0.45702,0.46442,81823.4
1767600000,0.46477,0.46709,0.45899,0.46278,74799.5
1767614400,0.46265,0.47473,0.46015,0.4729,169865.0
1767628800,0.47317,0.48198,0.46421,0.48004,77492.8
1767643200,0.47994,0.4933,0.47994,0.49004,71485.3
1767657600,0.49015,0.49641,0.48319,0.49329,89982.4
1767672000,0.49347,0.49991,0.48719,0.4895,81401.9
1767686400,0.48929,0.52248,0.4892,0.52221,111035.1
1767700800,0.52149,0.56121,0.51732,0.53195,423359.6
1767715200,0.53167,0.53405,0.5061,0.5096,203686.9
1767729600,0.51041,0.55258,0.51041,0.5328,360477.1
1767744000,0.53421,0.53422,0.51211,0.51879,142143.1
1767758400,0.51907,0.52343,0.50908,0.51782,55054.2
1767772800,0.518,0.5211,0.50499,0.51254,88826.9
1767787200,0.51151,0.51234,0.49097,0.49449,117015.1
1767801600,0.49391,0.50202,0.49241,0.49514,117340.2
1767816000,0.49616,0.4967,0.48907,0.49389,69614.5
1767830400,0.49338,0.50569,0.49216,0.49516,84107.2
1767844800,0.49669,0.50208,0.48945,0.49954,61249.5
1767859200,0.49873,0.4988,0.47913,0.48876,217380.4
1767873600,0.48838,0.49258,0.47393,0.49258,213869.0
1767888000,0.49213,0.49533,0.48535,0.48547,93067.7
1767902400,0.48583,0.494,0.48119,0.48755,37495.3
1767916800,0.48815,0.49398,0.48444,0.49248,53447.8
1767931200,0.49269,0.49315,0.48528,0.48665,47672.1
1767945600,0.48727,0.48728,0.47727,0.48292,44982.1
1767960000,0.48272,0.49696,0.47657,0.48869,92208.0
1767974400,0.48918,0.49787,0.47818,0.4791,49752.5
1767988800,0.47893,0.48785,0.47891,0.48358,28601.4
1768003200,0.48405,0.48522,0.47472,0.47752,30352.1
1768017600,0.47767,0.47873,0.47138,0.47628,32981.6
1768032000,0.47698,0.48267,0.47625,0.48217,44470.5
1768046400,0.48245,0.48709,0.47891,0.47918,25471.3
1768060800,0.47844,0.4857,0.47616,0.48512,37238.2
1768075200,0.48552,0.48552,0.46917,0.47279,100328.2
1768089600,0.47282,0.47786,0.47023,0.47458,38801.8
1768104000,0.47438,0.47675,0.47223,0.47675,41237.7
1768118400,0.47597,0.4842,0.47521,0.47996,48156.5
1768132800,0.48038,0.48123,0.47198,0.47318,54118.2
1768147200,0.47371,0.48217,0.47319,0.47418,53074.3
1768161600,0.4741,0.4741,0.45981,0.46615,61333.7
1768176000,0.46621,0.48293,0.46023,0.4759,110827.0
1768190400,0.47488,0.48029,0.46735,0.4677,69061.3
1768204800,0.46831,0.47014,0.46073,0.46435,63840.6
1768219200,0.46327,0.47099,0.45625,0.4699,85013.9
1768233600,0.46977,0.47649,0.46553,0.4687,86120.6
1768248000,0.46769,0.47013,0.45558,0.45675,59303.4
1768262400,0.45623,0.46107,0.45247,0.45314,79593.8
1768276800,0.45369,0.45688,0.44851,0.4502,79718.7
1768291200,0.45023,0.47002,0.44969,0.46409,100313.9
1768305600,0.46508,0.48192,0.46291,0.48179,183075.0
1768320000,0.48253,0.486,0.47553,0.48232,128204.0
1768334400,0.48388,0.51324,0.4771,0.50363,113793.9
1768348800,0.50409,0.51201,0.50328,0.50951,89320.0
1768363200,0.50726,0.51225,0.50277,0.50455,91790.6
1768377600,0.50453,0.51429,0.50333,0.50699,82828.1
1768392000,0.50799,0.51189,0.4974,0.50831,138426.3
1768406400,0.50894,0.51332,0.4925,0.49957,162751.3
1768420800,0.5005,0.50229,0.48938,0.49184,144365.3
1768435200,0.49137,0.49546,0.47719,0.47826,147564.9
1768449600,0.4776,0.49288,0.4776,0.49059,147539.8
1768464000,0.49001,0.49321,0.48459,0.48774,73065.7
1768478400,0.48811,0.49325,0.47,0.47692,119871.0
1768492800,0.47767,0.48103,0.46144,0.46581,138478.0
1768507200,0.465,0.4676,0.45755,0.46324,76304.2
1768521600,0.46306,0.46585,0.45934,0.46145,49625.0
1768536000,0.46121,0.46605,0.45693,0.46515,150491.9
1768550400,0.46374,0.47024,0.46234,0.46407,92266.4
1768564800,0.46362,0.46437,0.45027,0.4529,179520.7
1768579200,0.45226,0.46502,0.45225,0.46168,88795.6
1768593600,0.46156,0.47522,0.45925,0.47414,117013.4
1768608000,0.47413,0.48213,0.47221,0.47595,163184.3
1768622400,0.47518,0.49618,0.47245,0.49317,191537.1
1768636800,0.49339,0.5064,0.49021,0.4912,132034.0
1768651200,0.48968,0.5051,0.48968,0.50361,131494.7
1768665600,0.50418,0.50418,0.49155,0.49603,135420.8
1768680000,0.49593,0.49815,0.48623,0.48732,291187.5
1768694400,0.48775,0.49418,0.47768,0.47958,212459.1
1768708800,0.4795,0.48288,0.47614,0.48107,50405.2
1768723200,0.48103,0.48255,0.47846,0.47903,140102.1
1768737600,0.47988,0.48047,0.47214,0.47945,95364.0
1768752000,0.47872,0.48574,0.47627,0.48127,75267.4
1768766400,0.48206,0.48497,0.45401,0.45401,132893.4
1768780800,0.45404,0.45405,0.40527,0.43665,356380.2
1768795200,0.4358,0.44727,0.42995,0.4386,79298.2
1768809600,0.43848,0.44571,0.43661,0.43884,94219.0
1768824000,0.43817,0.44241,0.43508,0.43818,99090.1
1768838400,0.43851,0.44867,0.43703,0.44552,83012.2
1768852800,0.44556,0.4459,0.43504,0.43763,71082.3
1768867200,0.43734,0.44081,0.43347,0.43624,142033.2
1768881600,0.43535,0.43754,0.42816,0.42816,152256.7
1768896000,0.42864,0.4288,0.42115,0.42115,59405.1
1768910400,0.42115,0.42756,0.41908,0.42134,124014.8
1768924800,0.42234,0.42368,0.41113,0.41364,91837.8
1768939200,0.41362,0.41764,0.40699,0.41263,71713.6
1768953600,0.41223,0.43674,0.41217,0.42889,116420.3
1768968000,0.42895,0.43029,0.42486,0.42506,54857.0
1768982400,0.42572,0.42802,0.42099,0.42185,52338.3
1768996800,0.42225,0.43616,0.41718,0.43298,212511.8
1769011200,0.43401,0.43848,0.41544,0.43791,324571.6
1769025600,0.43797,0.4385,0.42535,0.42686,96510.1
1769040000,0.42789,0.43825,0.42738,0.43225,102096.5
1769054400,0.43289,0.43964,0.42805,0.42973,79499.3
1769068800,0.4304,0.43196,0.4241,0.42473,76595.7
1769083200,0.42425,0.42607,0.41434,0.41907,60825.4
1769097600,0.41947,0.42412,0.41711,0.41911,76638.6
1769112000,0.4187,0.41975,0.41407,0.41567,60734.1
1769126400,0.41628,0.42467,0.41438,0.4238,29866.4
1769140800,0.42388,0.42679,0.42186,0.42489,34425.3
1769155200,0.42556,0.43098,0.41683,0.4202,55303.1
1769169600,0.42029,0.42791,0.41341,0.42791,73827.7
1769184000,0.42817,0.43601,0.42192,0.42294,79343.1
1769198400,0.42314,0.4249,0.41783,0.42252,49529.2
1769212800,0.42318,0.42706,0.42057,0.4251,78710.7
1769227200,0.42504,0.42527,0.42168,0.42168,37295.8
1769241600,0.42134,0.42329,0.42085,0.42201,47822.1
1769256000,0.42201,0.42261,0.41631,0.41632,40621.2
1769270400,0.4169,0.42073,0.41352,0.41453,44034.6
1769284800,0.41432,0.41799,0.4143,0.41673,60178.7
1769299200,0.41659,0.41994,0.41193,0.41279,34984.4
1769313600,0.41234,0.41585,0.41124,0.4128,42620.9
1769328000,0.41303,0.4177,0.41204,0.41387,54103.2
1769342400,0.414,0.41443,0.40832,0.41178,44212.9
1769356800,0.41159,0.41166,0.38689,0.38791,175377.1
1769371200,0.38872,0.39866,0.38707,0.39748,117273.9
1769385600,0.39615,0.40742,0.39513,0.40038,119105.2
1769400000,0.40122,0.40887,0.40083,0.40707,63461.3
1769414400,0.40763,0.41268,0.40407,0.40481,86405.9
1769428800,0.40479,0.4141,0.40391,0.40753,101503.6
1769443200,0.40774,0.41913,0.4062,0.41687,124764.5
1769457600,0.41649,0.41815,0.41172,0.41353,112495.7
1769472000,0.41366,0.41475,0.41105,0.41277,60490.6
1769486400,0.41271,0.41512,0.41121,0.41246,63964.3
1769500800,0.41375,0.41504,0.41038,0.41087,84456.8
1769515200,0.41099,0.41114,0.40321,0.40981,79276.0
1769529600,0.41002,0.41677,0.40528,0.41363,75443.9
1769544000,0.41305,0.42191,0.41305,0.42083,83062.2
1769558400,0.42091,0.42199,0.4141,0.4153,69824.6
1769572800,0.41575,0.41789,0.41324,0.4138,49822.6
1769587200,0.41471,0.41702,0.41193,0.41702,79050.8
1769601600,0.41668,0.41689,0.40828,0.40964,138226.3
1769616000,0.4093,0.41506,0.40762,0.41437,128462.3
1769630400,0.41388,0.42125,0.41017,0.41828,113430.4
1769644800,0.41855,0.41952,0.40537,0.4071,163684.2
1769659200,0.40656,0.41214,0.40517,0.40829,110883.7
1769673600,0.40881,0.40915,0.40099,0.40177,239027.5
1769688000,0.40118,0.40596,0.37787,0.38568,304275.7
1769702400,0.38522,0.39502,0.37688,0.38256,248345.6
1769716800,0.3821,0.39166,0.381,0.38789,140775.3
1769731200,0.38821,0.39107,0.37264,0.37572,426740.0
1769745600,0.37601,0.38169,0.37272,0.38062,210159.6
1769760000,0.38028,0.38979,0.37841,0.38832,147949.6
1769774400,0.38935,0.40172,0.38158,0.39691,308734.7
1769788800,0.3977,0.41011,0.38798,0.40419,283671.0
1769803200,0.40411,0.40506,0.39689,0.40086,215129.0
1769817600,0.40013,0.40272,0.39633,0.39804,147934.5
1769832000,0.39757,0.40181,0.38903,0.39128,74565.0
1769846400,0.39124,0.39173,0.37599,0.37799,174987.7
1769860800,0.37785,0.37986,0.35259,0.36349,299014.9
1769875200,0.36438,0.36939,0.32635,0.34469,786809.4
1769889600,0.34632,0.36105,0.33966,0.35799,188024.1
1769904000,0.35754,0.36058,0.35214,0.35767,137996.2
1769918400,0.35688,0.36464,0.35389,0.36254,140646.2
1769932800,0.36205,0.36603,0.35536,0.36029,144396.8
1769947200,0.36156,0.36339,0.34591,0.34985,121812.7
1769961600,0.34986,0.35409,0.34304,0.34685,246210.5
1769976000,0.34564,0.34586,0.32813,0.33422,429399.0
1769990400,0.3351,0.34627,0.32296,0.33734,311772.6
1770004800,0.33864,0.34219,0.32694,0.33006,340282.8
1770019200,0.32999,0.34311,0.32757,0.34106,257203.4
1770033600,0.34149,0.35616,0.34117,0.3551,239698.6
1770048000,0.35601,0.35819,0.35273,0.35296,155877.6
1770062400,0.35243,0.35578,0.35158,0.3543,106360.0
1770076800,0.35525,0.35616,0.34226,0.3485,112312.9
1770091200,0.34803,0.35298,0.34531,0.3494,178720.7
1770105600,0.34946,0.35408,0.34309,0.3435,105684.1
1770120000,0.343,0.35237,0.33985,0.35237,167854.5
1770134400,0.35263,0.35263,0.32775,0.34539,448039.9
1770148800,0.34476,0.35817,0.339,0.34099,262639.6
1770163200,0.34104,0.34808,0.34085,0.34289,150995.1
1770177600,0.34237,0.34237,0.33692,0.3385,76331.3
1770192000,0.3385,0.34077,0.33109,0.33395,101339.9
1770206400,0.33346,0.33408,0.3205,0.32484,286876.7
1770220800,0.3246,0.33493,0.31402,0.33415,262479.6
1770235200,0.33443,0.33715,0.32125,0.32794,147302.7
1770249600,0.3281,0.33228,0.32197,0.32306,124394.2
1770264000,0.32269,0.32331,0.31493,0.31675,71687.1
1770278400,0.31764,0.32375,0.3066,0.31213,239174.6
1770292800,0.31243,0.31595,0.29294,0.29673,460298.5
1770307200,0.29657,0.30112,0.28682,0.2871,548849.0
1770321600,0.28735,0.28893,0.27016,0.27996,739800.4
1770336000,0.27902,0.28974,0.24735,0.27783,1108540.3
1770350400,0.27858,0.28401,0.27231,0.27415,309256.1
1770364800,0.27368,0.28709,0.2707,0.28398,221230.8
1770379200,0.28435,0.29422,0.28156,0.29199,346451.5
1770393600,0.29081,0.3053,0.29015,0.29909,252643.9
1770408000,0.29934,0.30447,0.29426,0.29918,118365.4
1770422400,0.29954,0.30185,0.2948,0.30079,208797.6
1770436800,0.30167,0.30632,0.29272,0.29361,157980.0
1770451200,0.29326,0.29495,0.29038,0.29189,116330.4
1770465600,0.29252,0.30312,0.29197,0.29791,101329.9
1770480000,0.29857,0.30862,0.29637,0.2976,313802.5
1770494400,0.29701,0.29848,0.29251,0.29453,127731.7
1770508800,0.29409,0.29736,0.29272,0.29356,109069.9
1770523200,0.2935,0.29477,0.29097,0.29199,78762.1
1770537600,0.29226,0.29573,0.28795,0.29277,172826.4
1770552000,0.29292,0.29468,0.28934,0.29012,126188.0
1770566400,0.29072,0.29202,0.28451,0.28969,209136.7
1770580800,0.28888,0.29587,0.28668,0.28799,191582.0
1770595200,0.28861,0.29372,0.2847,0.29298,189853.3
1770609600,0.29354,0.29472,0.289,0.28977,118296.5
1770624000,0.28958,0.29082,0.28078,0.28116,117338.9
1770638400,0.28094,0.28988,0.28013,0.2864,170967.9
1770652800,0.28679,0.29682,0.28679,0.29572,193580.7
1770667200,0.29584,0.29659,0.2889,0.29077,100410.0
1770681600,0.29066,0.2923,0.28194,0.28366,53020.1
1770696000,0.28322,0.28505,0.27641,0.28041,74766.5
1770710400,0.28062,0.28526,0.27982,0.2832,36718.2
1770724800,0.28359,0.29074,0.28319,0.2879,125068.6
1770739200,0.28757,0.29226,0.28191,0.28233,104734.9
1770753600,0.28197,0.28309,0.2796,0.28251,90868.6
1770768000,0.28266,0.28567,0.2796,0.28048,149247.2
1770782400,0.28074,0.28074,0.26987,0.27035,97962.2
1770796800,0.26962,0.27283,0.26894,0.27249,122696.5
1770811200,0.272,0.28595,0.26892,0.27258,333958.2
1770825600,0.27353,0.28349,0.27101,0.2799,148343.6
1770840000,0.27978,0.28493,0.27657,0.28057,163739.9
1770854400,0.28061,0.28391,0.27776,0.28066,187034.8
1770868800,0.28049,0.28768,0.28019,0.2875,68491.3
1770883200,0.28778,0.28956,0.28406,0.28632,315764.9
1770897600,0.28645,0.29113,0.28238,0.28398,186759.4
1770912000,0.28394,0.29027,0.28125,0.28594,195269.6
1770926400,0.28614,0.28866,0.28074,0.28737,76077.8
1770940800,0.28788,0.28871,0.28231,0.28528,112217.0
1770955200,0.28549,0.28549,0.28,0.28287,65736.8
1770969600,0.28266,0.28804,0.28231,0.28766,84992.5
1770984000,0.28735,0.298,0.28543,0.29399,295317.0
1770998400,0.29421,0.30103,0.29368,0.29781,158559.4
1771012800,0.29803,0.30181,0.29703,0.29903,74059.4
1771027200,0.29966,0.30212,0.29794,0.29818,85553.5
1771041600,0.29773,0.29799,0.2958,0.29797,79646.8
1771056000,0.29797,0.30417,0.29797,0.30285,76772.5
1771070400,0.30319,0.30596,0.30035,0.30562,57970.6
1771084800,0.30563,0.31399,0.30346,0.31293,96308.3
1771099200,0.31377,0.31461,0.31009,0.31177,69771.9
1771113600,0.31175,0.31217,0.30452,0.30957,104282.1
1771128000,0.30938,0.31252,0.30823,0.31056,69650.8
1771142400,0.31087,0.31204,0.30258,0.30398,45100.0
1771156800,0.30372,0.30383,0.29117,0.29331,83702.3
1771171200,0.29333,0.29419,0.2846,0.28591,103665.8
1771185600,0.28516,0.2908,0.2851,0.28994,75574.3
1771200000,0.28971,0.29371,0.28944,0.29326,332121.2
1771214400,0.29388,0.29587,0.28925,0.29091,867202.4
1771228800,0.29121,0.29607,0.29117,0.29597,379962.5
1771243200,0.29535,0.30781,0.28992,0.29025,141989.1
1771257600,0.29027,0.29763,0.28958,0.29534,156959.4
1771272000,0.29512,0.29861,0.29342,0.2962,102161.9
1771286400,0.29647,0.297,0.29319,0.29429,148687.2
1771300800,0.29402,0.29599,0.29154,0.29421,99350.1
1771315200,0.29382,0.29595,0.28944,0.29382,54888.9
1771329600,0.29385,0.29459,0.28785,0.29322,78265.7
1771344000,0.29407,0.3012,0.29203,0.29546,104908.7
1771358400,0.29627,0.29809,0.29408,0.29653,39743.0
1771372800,0.2962,0.30188,0.29427,0.29843,74348.0
1771387200,0.29889,0.32104,0.29741,0.31556,165576.1
1771401600,0.315,0.32016,0.30558,0.31934,963636.6
1771416000,0.32027,0.32709,0.30562,0.31151,488492.5
1771430400,0.31213,0.31256,0.29534,0.29681,274716.8
1771444800,0.29746,0.30139,0.2944,0.29593,229731.5
1771459200,0.29528,0.30368,0.29343,0.3033,416347.0
1771473600,0.3033,0.31734,0.30199,0.31371,335576.0
1771488000,0.31362,0.3139,0.30066,0.30775,330656.6
1771502400,0.30804,0.34543,0.30214,0.32913,1704104.7
1771516800,0.33036,0.3518,0.32218,0.3346,2987350.2000000002
1771531200,0.33444,0.34681,0.33044,0.34199,1659349.1000000001
1771545600,0.34196,0.35171,0.32906,0.34871,485668.7
1771560000,0.35,0.39467,0.35,0.3875,1464131.5
1771574400,0.38731,0.39258,0.36721,0.38113,1107536.6000000001
1771588800,0.38017,0.3831,0.35522,0.36089,633850.1
1771603200,0.3613,0.39056,0.35843,0.37875,504484.2
1771617600,0.37673,0.41464,0.37062,0.39106,1104242.0
1771632000,0.39084,0.39946,0.37317,0.38616,313192.8
1771646400,0.38591,0.40083,0.37653,0.39039,405806.9
1771660800,0.38986,0.39323,0.37931,0.38773,204532.9
1771675200,0.38856,0.42176,0.38299,0.41516,1170649.0
1771689600,0.41373,0.43321,0.39759,0.40929,1151633.1000000001
1771704000,0.4116,0.43792,0.40925,0.41362,674736.3
1771718400,0.41403,0.41407,0.39105,0.40143,449671.0
1771732800,0.40108,0.43412,0.39998,0.42476,385166.1
1771747200,0.42461,0.43736,0.39974,0.40191,452031.7
1771761600,0.40284,0.41836,0.3971,0.39962,261541.6
1771776000,0.39962,0.4203,0.39288,0.40946,281515.6
1771790400,0.4104,0.43254,0.40448,0.42883,570764.8
1771804800,0.4287,0.44014,0.39711,0.41037,1867532.0
1771819200,0.41033,0.425,0.40195,0.42228,433628.9
1771833600,0.42159,0.42257,0.40233,0.41099,411400.6
1771848000,0.4103,0.41223,0.39271,0.39573,1137684.3
1771862400,0.3956,0.4012,0.393,0.39372,977413.1
1771876800,0.3937,0.39412,0.37215,0.37253,617309.1
1771891200,0.37276,0.38003,0.35636,0.35874,584551.1
1771905600,0.359,0.36008,0.34931,0.35003,299002.8
1771920000,0.35014,0.35791,0.33522,0.34573,305900.7
1771934400,0.34597,0.35042,0.34286,0.34874,174858.9
1771948800,0.34886,0.39153,0.34884,0.36959,1998448.8
1771963200,0.36959,0.37096,0.35542,0.36153,234609.3
1771977600,0.36153,0.37936,0.3588,0.36214,379712.1
1771992000,0.36177,0.37031,0.3559,0.3639,2564138.5
1772006400,0.36382,0.36804,0.36022,0.36707,525538.3
1772020800,0.36707,0.39583,0.3649,0.37832,5031619.5
1772035200,0.3787,0.38059,0.37247,0.3754,304979.2
1772049600,0.37574,0.37977,0.36199,0.36475,659509.0
1772064000,0.36436,0.37016,0.36369,0.36532,171001.8
1772078400,0.36495,0.36814,0.35912,0.35942,247807.4
1772092800,0.36027,0.3737,0.35886,0.36411,232794.1
1772107200,0.36316,0.36453,0.35312,0.35432,111693.8
1772121600,0.35406,0.35463,0.34421,0.3471,99769.6
1772136000,0.34694,0.34835,0.33913,0.34209,87334.9
1772150400,0.34329,0.35084,0.34054,0.35084,179477.7
1772164800,0.35089,0.354,0.34812,0.35083,54396.6
1772179200,0.35028,0.35204,0.33938,0.33938,64754.2
1772193600,0.3393,0.34152,0.33433,0.33774,102577.4
1772208000,0.33689,0.33689,0.32906,0.33048,72128.3
1772222400,0.33039,0.3318,0.32362,0.32889,58428.8
1772236800,0.32887,0.33312,0.32737,0.32862,45880.6
1772251200,0.32806,0.33235,0.31648,0.31943,187383.2
1772265600,0.31919,0.31919,0.31177,0.31177,146129.8
1772280000,0.31186,0.32046,0.30818,0.30915,66435.4
1772294400,0.30828,0.31696,0.3062,0.31523,176823.7
1772308800,0.31495,0.3234,0.31302,0.32133,73110.3
1772323200,0.32141,0.33109,0.31471,0.32524,81213.7
1772337600,0.32645,0.32742,0.32233,0.32626,42442.4
1772352000,0.32624,0.32643,0.3176,0.32131,92055.0
1772366400,0.32161,0.3223,0.3152,0.31782,45690.7
1772380800,0.31749,0.32125,0.30914,0.30933,50295.9
1772395200,0.30921,0.3157,0.3045,0.3103,147619.1
1772409600,0.31033,0.3173,0.31033,0.31332,187294.8
1772424000,0.31372,0.31485,0.30436,0.3085,50733.0
1772438400,0.3083,0.31186,0.30488,0.30944,115883.8
1772452800,0.30955,0.32254,0.30403,0.3208,77842.5
1772467200,0.32077,0.32747,0.31809,0.32066,294751.2
1772481600,0.32053,0.32258,0.30901,0.30954,60778.6
1772496000,0.31012,0.31087,0.30503,0.31064,231635.9
1772510400,0.31083,0.31295,0.3072,0.31035,112620.8
1772524800,0.3107,0.31073,0.29837,0.30071,130762.3
1772539200,0.30085,0.30788,0.29832,0.3063,186771.1
1772553600,0.30565,0.31397,0.30439,0.30646,109749.3
1772568000,0.30645,0.31289,0.30297,0.31012,50362.5
1772582400,0.31064,0.31281,0.30741,0.31164,63526.3
1772596800,0.31293,0.31859,0.30916,0.31801,121086.6
1772611200,0.31784,0.34316,0.31676,0.33053,397485.6
1772625600,0.33086,0.35019,0.32944,0.3492,377672.5
1772640000,0.34875,0.35044,0.33524,0.33691,199480.7
1772654400,0.3365,0.33691,0.32799,0.33079,234397.2
1772668800,0.33071,0.33516,0.32946,0.3323,111395.9
1772683200,0.33275,0.33642,0.32813,0.33223,65107.5
1772697600,0.33341,0.33615,0.33006,0.33122,76393.6
1772712000,0.33196,0.33516,0.32812,0.32957,86076.4
1772726400,0.32977,0.33402,0.32369,0.32892,61917.7
1772740800,0.32888,0.33158,0.32539,0.32859,68640.7
1772755200,0.32826,0.33516,0.32726,0.33352,89960.0
1772769600,0.33358,0.33388,0.32592,0.32899,91442.4
1772784000,0.32874,0.3288,0.31943,0.32052,67873.4
1772798400,0.31961,0.32339,0.3132,0.31482,97546.0
1772812800,0.31448,0.31899,0.3123,0.31644,54182.6
1772827200,0.31684,0.31982,0.31543,0.31949,76056.5
1772841600,0.31949,0.32339,0.31868,0.3227,44002.0
1772856000,0.32287,0.32287,0.31442,0.31662,83924.0
1772870400,0.31612,0.31774,0.3135,0.31533,48941.0
1772884800,0.3149,0.31607,0.31045,0.31169,70292.9
1772899200,0.3107,0.31456,0.3105,0.31219,75135.3
1772913600,0.31238,0.31369,0.30699,0.308,81921.0
1772928000,0.308,0.30908,0.30115,0.30347,46179.2
1772942400,0.30264,0.3116,0.3016,0.30909,78620.0
1772956800,0.3091,0.30926,0.30552,0.30655,64264.8
1772971200,0.30657,0.30924,0.30017,0.30101,45321.4
1772985600,0.30041,0.30676,0.29856,0.30499,44467.0
1773000000,0.30554,0.30641,0.29716,0.30116,195552.2
1773014400,0.30133,0.31309,0.30133,0.30966,92117.4
1773028800,0.30985,0.3245,0.30944,0.31485,76191.0
1773043200,0.31462,0.31782,0.3103,0.31205,83730.6
1773057600,0.31234,0.31989,0.31234,0.31818,84911.0
1773072000,0.31817,0.32827,0.3161,0.31968,118370.0
1773086400,0.3194,0.3195,0.31031,0.31038,42613.7
1773100800,0.31066,0.31688,0.30846,0.30976,69474.2
1773115200,0.31017,0.3143,0.31017,0.31088,52579.7
1773129600,0.31113,0.31851,0.31102,0.31412,79328.6
1773144000,0.31442,0.32085,0.30925,0.31713,96208.3
1773158400,0.31804,0.31937,0.31019,0.31171,69405.0
1773172800,0.31138,0.31365,0.30996,0.31211,45426.6
1773187200,0.31249,0.31252,0.30704,0.30744,87095.5
1773201600,0.30744,0.31286,0.30592,0.31023,51545.4
1773216000,0.31015,0.31047,0.30519,0.30643,58301.0
1773230400,0.30634,0.31848,0.30629,0.31095,64993.3
1773244800,0.31111,0.31544,0.30825,0.31433,51147.0
1773259200,0.31443,0.31946,0.31284,0.318,49163.3
1773273600,0.31859,0.32066,0.3132,0.31464,69604.1
1773288000,0.3146,0.31588,0.31297,0.31336,45433.1
1773302400,0.31357,0.31996,0.3135,0.31619,77773.2
1773316800,0.31622,0.32005,0.31027,0.31414,63576.0
1773331200,0.31395,0.31571,0.30943,0.31218,59748.8
1773345600,0.31241,0.31458,0.30987,0.31347,96874.4
1773360000,0.31361,0.32484,0.31256,0.32438,117938.0
1773374400,0.32453,0.32573,0.31711,0.31731,37635.9
1773388800,0.31775,0.32017,0.31652,0.31979,135395.0
1773403200,0.31984,0.32555,0.31946,0.32197,122996.9
1773417600,0.32173,0.32196,0.31453,0.31554,101365.3
1773432000,0.31553,0.31662,0.31126,0.31218,30424.4
1773446400,0.31268,0.31321,0.31033,0.31249,29714.2
1773460800,0.31249,0.31457,0.30899,0.30994,33008.9
1773475200,0.3102,0.3105,0.30647,0.30816,86879.1
1773489600,0.30806,0.30895,0.30548,0.30661,49220.4
1773504000,0.30672,0.31053,0.3038,0.30391,48480.6
1773518400,0.30443,0.30665,0.30282,0.30635,96021.4
1773532800,0.30608,0.31588,0.30503,0.31056,35055.8
1773547200,0.31083,0.31892,0.30811,0.31876,40698.0
1773561600,0.31893,0.32403,0.31616,0.32138,56785.0
1773576000,0.32117,0.32889,0.31654,0.31961,94338.2
1773590400,0.31988,0.31994,0.31475,0.31788,60941.6
1773604800,0.31815,0.324,0.31703,0.31974,410662.6
1773619200,0.31981,0.32565,0.31737,0.32365,67634.3
1773633600,0.32323,0.32607,0.32312,0.32393,49517.6
1773648000,0.32393,0.32511,0.31908,0.32141,100973.0
1773662400,0.32136,0.32404,0.31909,0.32006,116003.4
1773676800,0.32001,0.33106,0.31973,0.3264,104779.1
1773691200,0.32644,0.33423,0.32604,0.32986,100980.9
1773705600,0.32977,0.33236,0.3253,0.32769,56152.9
1773720000,0.3274,0.32874,0.32168,0.32691,67884.6
1773734400,0.32694,0.33375,0.32626,0.33375,85013.0
1773748800,0.33317,0.33317,0.32219,0.32388,84943.8
1773763200,0.32427,0.32695,0.32211,0.32454,53005.3
1773777600,0.32429,0.3296,0.32037,0.32164,43041.0
1773792000,0.32187,0.32678,0.31943,0.32542,60337.1
1773806400,0.32518,0.329,0.32334,0.32682,60249.4
1773820800,0.32797,0.33191,0.31653,0.31737,59466.0
1773835200,0.31605,0.31729,0.30422,0.31033,136014.9
1773849600,0.30991,0.31249,0.3071,0.30795,111783.0
1773864000,0.30785,0.31361,0.30525,0.3126,56720.8
1773878400,0.31207,0.31356,0.30908,0.31165,91787.9
1773892800,0.31037,0.31086,0.30417,0.30691,30532.0
1773907200,0.3073,0.31132,0.30596,0.30667,50863.7
1773921600,0.30644,0.30944,0.30182,0.30931,79903.2
1773936000,0.30888,0.31743,0.30364,0.31333,142427.8
1773950400,0.31482,0.33388,0.31335,0.32983,210952.6
1773964800,0.32961,0.331,0.32399,0.32515,125332.5
1773979200,0.32464,0.32899,0.32423,0.32592,70768.9
1773993600,0.32623,0.33375,0.32288,0.32562,126772.4
1774008000,0.32534,0.32841,0.31766,0.31992,134032.7
1774022400,0.32007,0.32094,0.31343,0.31608,164106.4
1774036800,0.3156,0.32319,0.31232,0.31913,58431.1
1774051200,0.31925,0.32011,0.31359,0.31407,104351.3
1774065600,0.31353,0.31689,0.3112,0.31158,58161.1
1774080000,0.31127,0.31261,0.30948,0.31034,44137.8
1774094400,0.31053,0.31133,0.30923,0.31047,57740.5
1774108800,0.31023,0.31093,0.30808,0.30876,143149.5
1774123200,0.30867,0.30934,0.29804,0.30055,122377.4
1774137600,0.29996,0.30495,0.29439,0.30229,266216.6
1774152000,0.30247,0.30477,0.30001,0.30034,114800.2
1774166400,0.30014,0.30137,0.29428,0.29474,166160.5
1774180800,0.29504,0.29854,0.29493,0.29595,72438.9
1774195200,0.29552,0.29647,0.28738,0.28926,131761.9
1774209600,0.28913,0.29173,0.28351,0.28488,144189.8
1774224000,0.2846,0.28962,0.28424,0.28439,292353.8
1774238400,0.28434,0.28669,0.28253,0.28531,101278.0
1774252800,0.28563,0.30163,0.28394,0.29869,146908.9
1774267200,0.29893,0.30132,0.29354,0.29354,95912.4
1774281600,0.29365,0.30274,0.2921,0.30171,84669.3
1774296000,0.30149,0.30375,0.29791,0.30212,74995.4
1774310400,0.30274,0.30533,0.29655,0.30047,89454.3
1774324800,0.29909,0.30251,0.29802,0.30246,46534.6
1774339200,0.30257,0.30259,0.29672,0.29977,92102.3
1774353600,0.29943,0.30003,0.2946,0.29688,74980.1
1774368000,0.29676,0.29773,0.29216,0.29642,185601.5
1774382400,0.29662,0.30188,0.29634,0.29903,63005.1
1774396800,0.29916,0.30308,0.29802,0.30145,258243.5
1774411200,0.30166,0.30345,0.29814,0.29938,52132.7
1774425600,0.30014,0.30135,0.29813,0.29967,52880.7
1774440000,0.30017,0.30163,0.29821,0.30026,45036.2
1774454400,0.30062,0.30202,0.29851,0.29971,131419.0
1774468800,0.29991,0.30176,0.29667,0.2995,99639.6
1774483200,0.29942,0.30201,0.29425,0.29521,96941.7
1774497600,0.29542,0.29642,0.29219,0.29294,41977.5
1774512000,0.29259,0.29678,0.28924,0.29055,102080.2
1774526400,0.29043,0.29242,0.28803,0.28895,241855.0
1774540800,0.28885,0.28904,0.28408,0.28545,83428.7
1774555200,0.28516,0.29005,0.28413,0.28515,89402.7
1774569600,0.28499,0.29066,0.28499,0.29021,176538.9
1774584000,0.28991,0.29557,0.28793,0.2929,264477.7
1774598400,0.29337,0.29486,0.28217,0.28355,116059.0
1774612800,0.28351,0.28351,0.27703,0.28024,101289.4
1774627200,0.28022,0.28062,0.27347,0.27781,100912.8
1774641600,0.27743,0.27909,0.27454,0.2762,120162.3
1774656000,0.27619,0.27752,0.27307,0.276,111841.6
1774670400,0.27602,0.28073,0.27592,0.28029,50599.9
1774684800,0.28076,0.28186,0.2784,0.27972,123401.2
1774699200,0.27979,0.28675,0.27947,0.28122,72330.7
1774713600,0.28173,0.28262,0.28015,0.28126,108691.6
1774728000,0.28121,0.28298,0.27568,0.27592,63842.0
1774742400,0.27587,0.27887,0.27552,0.27692,110729.5
1774756800,0.27689,0.27789,0.27598,0.27622,64677.6
1774771200,0.276,0.27754,0.27357,0.27626,85549.6
1774785600,0.27626,0.28039,0.27331,0.27875,170705.9
1774800000,0.27863,0.27864,0.27477,0.27624,268143.3
1774814400,0.27612,0.27795,0.26729,0.27344,137463.0
1774828800,0.27379,0.2805,0.27349,0.27912,144441.6
1774843200,0.27926,0.28079,0.27631,0.27987,62908.3
1774857600,0.27981,0.284,0.27865,0.28278,292404.4
1774872000,0.28278,0.28392,0.27776,0.28067,106639.5
1774886400,0.2806,0.28242,0.27437,0.27583,128434.2
1774900800,0.27603,0.27853,0.27325,0.27523,66749.8
1774915200,0.27531,0.28102,0.27513,0.27655,66231.3
1774929600,0.27655,0.2797,0.27628,0.2784,139898.1
1774944000,0.27862,0.28015,0.27511,0.27801,112255.5
1774958400,0.27799,0.28375,0.27721,0.28028,45682.7
1774972800,0.28017,0.28916,0.28017,0.2868,75158.8
1774987200,0.28685,0.28819,0.28479,0.28732,46467.3
1775001600,0.28757,0.29464,0.28632,0.29227,86218.5
1775016000,0.29287,0.2948,0.28841,0.29042,111193.3
1775030400,0.29157,0.29245,0.28462,0.28551,75344.4
1775044800,0.28575,0.28853,0.28447,0.28844,76615.3
1775059200,0.2883,0.29058,0.28409,0.2855,61220.7
1775073600,0.28558,0.28605,0.28051,0.28051,46855.3
1775088000,0.28089,0.28317,0.27132,0.27282,281709.1
1775102400,0.27263,0.28049,0.27242,0.27945,70517.2
1775116800,0.27927,0.27956,0.27479,0.27638,128544.6
1775131200,0.27626,0.27722,0.27306,0.27532,220787.1
1775145600,0.27557,0.27996,0.27397,0.27566,218192.9
1775160000,0.27557,0.27847,0.27535,0.27825,52452.4
1775174400,0.27843,0.27971,0.27493,0.27527,96574.9
1775188800,0.27514,0.27919,0.27421,0.27563,71669.8
1775203200,0.27635,0.28441,0.27635,0.2817,117869.3
1775217600,0.2816,0.28381,0.27696,0.277,46854.7
1775232000,0.27681,0.28043,0.27661,0.27824,61510.4
1775246400,0.27839,0.27993,0.27735,0.27852,54541.4
1775260800,0.2785,0.27898,0.27545,0.27682,69752.6
1775275200,0.27643,0.27765,0.27512,0.27625,115640.2
1775289600,0.27631,0.27785,0.27561,0.27734,72069.8
1775304000,0.27755,0.27795,0.27363,0.27733,204712.3
1775318400,0.27727,0.28106,0.2758,0.27987,51144.6
1775332800,0.27993,0.28065,0.27795,0.27941,44718.4
1775347200,0.27957,0.27975,0.27706,0.27958,75217.6
1775361600,0.27938,0.2795,0.27212,0.27548,73791.4
1775376000,0.27475,0.2806,0.27475,0.27988,96046.1
1775390400,0.28068,0.2821,0.27301,0.27821,168286.3
1775404800,0.27878,0.28011,0.27672,0.27812,93983.2
1775419200,0.27872,0.2962,0.27814,0.28538,435679.2
1775433600,0.28568,0.28969,0.28374,0.28783,267078.7
1775448000,0.28776,0.29092,0.28643,0.28797,140247.9
1775462400,0.28797,0.29098,0.28628,0.2881,80052.9
1775476800,0.28813,0.31474,0.28813,0.29207,681521.3
1775491200,0.29276,0.29891,0.29276,0.29393,266833.0
1775505600,0.29391,0.29413,0.28612,0.29102,165755.2
1775520000,0.29045,0.29571,0.28861,0.29375,119460.0
1775534400,0.29384,0.29697,0.2875,0.28984,69461.2
1775548800,0.28943,0.29015,0.28477,0.28561,102170.8
1775563200,0.28583,0.28888,0.28245,0.28512,122823.9
1775577600,0.28504,0.28993,0.28405,0.28885,93961.0
1775592000,0.28894,0.30269,0.28821,0.30205,128015.8
1775606400,0.3017,0.30226,0.2981,0.29902,115614.6
1775620800,0.29888,0.30222,0.2988,0.30105,64388.4
1775635200,0.30054,0.30073,0.2983,0.29936,58820.2
1775649600,0.29981,0.30119,0.29302,0.29639,59702.8
1775664000,0.29652,0.29674,0.28973,0.29083,63192.4
1775678400,0.29171,0.29324,0.28721,0.28786,72880.7
1775692800,0.28767,0.29023,0.28666,0.28816,189220.8
1775707200,0.28753,0.28956,0.28634,0.2888,56679.7
1775721600,0.28816,0.29232,0.2877,0.29062,74245.3
1775736000,0.29057,0.29252,0.28728,0.29214,191277.5
1775750400,0.29222,0.29893,0.29195,0.29601,166900.2
1775764800,0.29617,0.30011,0.29297,0.2932,75692.2
1775779200,0.29363,0.29509,0.2911,0.29203,163129.0
1775793600,0.29206,0.29404,0.28903,0.28933,85709.9
1775808000,0.28945,0.29212,0.28799,0.29198,135008.8
1775822400,0.29213,0.29922,0.29173,0.29243,107953.1
1775836800,0.2928,0.29729,0.29248,0.29707,69138.5
1775851200,0.29678,0.29704,0.29305,0.29414,120314.6
1775865600,0.29416,0.29569,0.29097,0.29112,100617.3
1775880000,0.29098,0.29279,0.28938,0.28965,78030.6
1775894400,0.28982,0.29113,0.28858,0.28897,85275.1
1775908800,0.28908,0.28912,0.28638,0.2877,83142.6
1775923200,0.28785,0.29582,0.28769,0.29514,106017.7
1775937600,0.29548,0.29551,0.28948,0.29054,87798.4
1775952000,0.2907,0.29186,0.2817,0.28379,119901.5
1775966400,0.28332,0.2845,0.28275,0.2843,154876.3
1775980800,0.28428,0.28844,0.2828,0.2843,90388.8
1775995200,0.28355,0.28442,0.28059,0.28066,105288.1
1776009600,0.2808,0.2858,0.2802,0.2833,52848.6
1776024000,0.28323,0.28484,0.27919,0.27983,83417.2
1776038400,0.28,0.28358,0.27971,0.28177,124605.1
1776052800,0.28157,0.28351,0.27976,0.28,114415.9
1776067200,0.27984,0.28585,0.27917,0.28312,111790.2
1776081600,0.28289,0.28575,0.28181,0.28438,89560.6
1776096000,0.28433,0.28799,0.28178,0.28759,127053.8
1776110400,0.28792,0.29585,0.28456,0.29351,93360.7
1776124800,0.29427,0.29569,0.28976,0.29529,116074.5
1776139200,0.29516,0.29555,0.29104,0.29204,110575.9
1776153600,0.29185,0.29348,0.29042,0.29128,71558.0
1776168000,0.29125,0.29264,0.28767,0.28954,121773.3
1776182400,0.29002,0.29024,0.2816,0.2836,194539.2
1776196800,0.28404,0.28763,0.28247,0.28741,128243.0
1776211200,0.28724,0.29291,0.28674,0.28889,119313.8
1776225600,0.28909,0.29356,0.28812,0.29085,97840.7
1776240000,0.29087,0.29398,0.28913,0.29271,104593.5
1776254400,0.29264,0.29456,0.28982,0.29255,102716.1
1776268800,0.29279,0.2966,0.29214,0.29497,139637.4
1776283200,0.29479,0.29499,0.2919,0.29366,55794.6
1776297600,0.29395,0.3001,0.2919,0.29864,150253.3
1776312000,0.29869,0.29971,0.29554,0.29796,68734.4
1776326400,0.29794,0.30023,0.29609,0.30011,119581.4
1776340800,0.2997,0.30452,0.29513,0.30385,132834.1
1776355200,0.30414,0.30893,0.29928,0.30863,142958.0
1776369600,0.30841,0.3091,0.30452,0.30847,63777.5
1776384000,0.30832,0.30865,0.29868,0.29945,117850.0
1776398400,0.29941,0.30688,0.29597,0.30602,135608.9
1776412800,0.30673,0.30987,0.30549,0.30829,122868.1
1776427200,0.30776,0.31488,0.30736,0.311,99128.9
1776441600,0.31106,0.31392,0.307,0.3094,77181.8
1776456000,0.30938,0.31152,0.30649,0.30744,92807.5
1776470400,0.3071,0.3085,0.30459,0.30459,170028.6
1776484800,0.30473,0.31289,0.30439,0.31049,55686.4
1776499200,0.31043,0.31152,0.29989,0.30242,133784.3
1776513600,0.3034,0.30634,0.29931,0.30352,187069.6
1776528000,0.30326,0.30478,0.29744,0.29898,92207.0
1776542400,0.29824,0.30073,0.29649,0.29654,104973.7
1776556800,0.29628,0.29743,0.29245,0.29265,104226.1
1776571200,0.29271,0.29479,0.29136,0.2935,101239.2
1776585600,0.29324,0.29367,0.28788,0.29246,373789.8
1776600000,0.29259,0.29552,0.29076,0.29333,95036.1
1776614400,0.29353,0.2936,0.28738,0.29084,130639.9
1776628800,0.29041,0.29126,0.28264,0.28484,166760.3
1776643200,0.28558,0.28883,0.28469,0.28818,137326.5
1776657600,0.28833,0.29113,0.28412,0.28858,246243.2
1776672000,0.28868,0.28949,0.28715,0.28829,54637.9
1776686400,0.28848,0.301,0.28808,0.29687,174832.2
1776700800,0.2962,0.30178,0.2939,0.29557,171950.2
1776715200,0.2961,0.29679,0.29145,0.29269,49516.2
1776729600,0.29264,0.29319,0.2884,0.29094,71102.5
1776744000,0.29051,0.29505,0.28912,0.29362,89019.2
1776758400,0.29333,0.29488,0.29173,0.29299,93003.2
1776772800,0.2926,0.29365,0.28926,0.29128,120440.6
1776787200,0.29169,0.29225,0.28636,0.28776,112002.1
1776801600,0.28744,0.29201,0.28681,0.29193,63005.5
1776816000,0.29201,0.29749,0.29026,0.29556,163096.6
1776830400,0.29601,0.30171,0.29543,0.29962,90273.4
1776844800,0.30012,0.3018,0.29816,0.29899,107399.1
1776859200,0.29945,0.30094,0.29767,0.2996,72152.2
1776873600,0.29957,0.30213,0.2981,0.29909,69920.5
1776888000,0.29912,0.30031,0.29613,0.2962,50178.9
1776902400,0.297,0.29744,0.29218,0.29341,112897.5
1776916800,0.29374,0.29621,0.2931,0.29363,46819.5
1776931200,0.29413,0.29504,0.29113,0.29333,87688.4
1776945600,0.29324,0.29932,0.29311,0.29889,60676.6
1776960000,0.29899,0.29923,0.29273,0.29506,101004.7
1776974400,0.29476,0.30068,0.29476,0.30039,41811.8
1776988800,0.30075,0.30227,0.29864,0.30006,124925.8
1777003200,0.30013,0.30178,0.29898,0.30018,43268.7
1777017600,0.30018,0.30412,0.29928,0.304,78799.0
1777032000,0.30376,0.30515,0.30077,0.30501,72800.9
1777046400,0.30578,0.30618,0.30226,0.30596,62466.2
1777060800,0.30621,0.3065,0.30272,0.30413,34539.6
1777075200,0.30423,0.3089,0.30319,0.30799,115877.8
1777089600,0.30874,0.31078,0.30615,0.30967,38961.6
1777104000,0.30948,0.31053,0.30669,0.30725,43745.4
1777118400,0.30685,0.30699,0.30326,0.30439,61921.2
1777132800,0.30424,0.30503,0.29876,0.29958,71774.7
1777147200,0.29989,0.30181,0.29904,0.30158,28040.9
1777161600,0.30157,0.30157,0.29814,0.29975,56840.6
1777176000,0.29967,0.30426,0.29939,0.30351,54871.4
1777190400,0.30349,0.31364,0.3013,0.3128,263788.0
1777204800,0.31297,0.31501,0.31007,0.31447,142476.6
1777219200,0.31492,0.32083,0.31362,0.31866,355261.2
1777233600,0.31934,0.32651,0.31763,0.32242,191383.5
1777248000,0.32286,0.34301,0.3221,0.34185,280551.9
1777262400,0.34236,0.34776,0.31035,0.31115,515534.5
1777276800,0.31115,0.31486,0.3092,0.31236,358422.2
1777291200,0.31257,0.32602,0.31135,0.31531,141991.8
1777305600,0.31509,0.31805,0.30894,0.30964,85905.7
1777320000,0.31034,0.3156,0.30901,0.31438,36830.0
1777334400,0.31444,0.31724,0.31146,0.31307,89253.3
1777348800,0.31314,0.31693,0.31149,0.31184,47107.0
1777363200,0.31191,0.31329,0.30784,0.30824,156833.1
1777377600,0.30897,0.31035,0.30621,0.30795,76020.2
1777392000,0.30813,0.31551,0.30765,0.3155,71196.7
1777406400,0.31612,0.31745,0.31293,0.31531,39071.7
1777420800,0.31522,0.32192,0.3144,0.32111,65710.8
1777435200,0.32142,0.32413,0.316,0.3169,49592.5
1777449600,0.31684,0.32052,0.3162,0.31722,75102.4
1777464000,0.31696,0.31745,0.30914,0.31016,77703.0
1777478400,0.30984,0.31313,0.30295,0.30558,108509.3
1777492800,0.30559,0.31054,0.30529,0.30896,42087.3
1777507200,0.3094,0.31224,0.30725,0.30989,63752.6
1777521600,0.30997,0.31267,0.30769,0.31091,55937.8
1777536000,0.31095,0.31224,0.30908,0.31091,67376.0
1777550400,0.31093,0.31287,0.30658,0.30864,45212.6
1777564800,0.30898,0.30898,0.30427,0.30438,125285.8
1777579200,0.3039,0.30397,0.2969,0.30115,41983.0
1777593600,0.30135,0.30806,0.30035,0.30633,84113.0
1777608000,0.30637,0.31575,0.3036,0.31021,80457.5
1777622400,0.31003,0.31244,0.3091,0.31053,59949.0
1777636800,0.31017,0.31336,0.30921,0.31144,114297.7
1777651200,0.31229,0.31299,0.31032,0.31034,91591.0
1777665600,0.31054,0.31253,0.30723,0.3081,39968.0
1777680000,0.30874,0.31126,0.3076,0.30989,59884.8
1777694400,0.30992,0.31096,0.30768,0.30971,24699.9
1777708800,0.3092,0.31229,0.30904,0.31078,45676.9
1777723200,0.31084,0.32836,0.31066,0.32836,233180.3
1777737600,0.32903,0.34073,0.32851,0.33371,172908.1
1777752000,0.3341,0.33606,0.32864,0.32997,49308.5
1777766400,0.33029,0.33042,0.32024,0.32096,152360.1
1777780800,0.32075,0.3213,0.31759,0.31795,91398.1
1777795200,0.31812,0.3202,0.31514,0.31623,235122.6
1777809600,0.31636,0.31732,0.31431,0.31483,41433.5
1777824000,0.31508,0.3245,0.31478,0.32373,266891.8
1777838400,0.32364,0.327,0.31566,0.31679,168728.0
1777852800,0.31654,0.33191,0.31596,0.32822,302396.9
1777867200,0.32786,0.33029,0.32368,0.32424,68044.1
1777881600,0.32415,0.32529,0.31515,0.31686,114948.8
1777896000,0.31698,0.32017,0.31484,0.31723,63380.0
1777910400,0.31729,0.32114,0.31527,0.31856,92972.5
1777924800,0.31881,0.31941,0.31504,0.31517,27776.0
1777939200,0.31553,0.32106,0.31527,0.31991,68346.1
1777953600,0.32021,0.3232,0.31924,0.32267,35274.0
1777968000,0.32335,0.32442,0.31987,0.32017,61820.3
1777982400,0.32036,0.32383,0.31982,0.32141,54767.7
1777996800,0.32153,0.32417,0.31806,0.32369,64021.6
1778011200,0.32432,0.33646,0.32288,0.32466,107652.2
1778025600,0.32424,0.32847,0.32136,0.32782,77605.4
1778040000,0.32782,0.32996,0.32408,0.3279,54460.6
1778054400,0.32802,0.33553,0.32802,0.33189,88331.2
1778068800,0.33226,0.33226,0.32217,0.32975,53456.4
1778083200,0.32969,0.33219,0.32595,0.32795,60235.4
1778097600,0.32796,0.33216,0.32659,0.33048,48709.0
1778112000,0.33015,0.33184,0.32282,0.32579,120458.4
1778126400,0.32571,0.33725,0.32509,0.33502,78760.9
1778140800,0.33503,0.33633,0.32819,0.32903,63432.5
1778155200,0.32898,0.33395,0.32031,0.32369,85207.1
1778169600,0.32381,0.331,0.32211,0.32988,97193.0
1778184000,0.33029,0.34599,0.32728,0.34564,103413.6
1778198400,0.34579,0.34579,0.33394,0.33468,146911.1
1778212800,0.33522,0.34259,0.33507,0.33916,48952.4
1778227200,0.33916,0.34229,0.33688,0.34121,129232.5
1778241600,0.34148,0.34895,0.3394,0.34322,115548.5
1778256000,0.34321,0.36837,0.34194,0.36354,265168.9
1778270400,0.36375,0.36883,0.36262,0.36682,106332.4
1778284800,0.36653,0.37544,0.36541,0.36765,168976.8
1778299200,0.36949,0.37137,0.35857,0.35957,110550.1
1778313600,0.35927,0.36606,0.3554,0.35989,1060885.3999999999
1778328000,0.36025,0.36724,0.35719,0.35829,61220.6
1778342400,0.35813,0.36424,0.35557,0.35836,39646.9
1778356800,0.35843,0.35866,0.35586,0.35626,26990.1
1778371200,0.35594,0.35838,0.35166,0.35631,54675.7
1778385600,0.35645,0.36122,0.35622,0.36021,34643.6
1778400000,0.36021,0.36414,0.35854,0.35874,200915.3
1778414400,0.35882,0.36399,0.3578,0.36385,60873.0
1778428800,0.36419,0.36843,0.36327,0.36695,148315.6
1778443200,0.36708,0.36829,0.3535,0.36307,68294.2
1778457600,0.3634,0.36434,0.35148,0.35347,80314.5
1778472000,0.35344,0.35741,0.35213,0.35538,48136.7
1778486400,0.35536,0.35655,0.35323,0.35543,35228.0
1778500800,0.35536,0.35546,0.34752,0.35222,65932.6
1778515200,0.35217,0.35779,0.35104,0.35715,95663.5
1778529600,0.35793,0.35822,0.35481,0.35563,36420.3
1778544000,0.35501,0.35551,0.34813,0.35095,73912.3
1778558400,0.35064,0.35418,0.34911,0.35256,32920.3
1778572800,0.35189,0.35232,0.34775,0.35029,65363.1
1778587200,0.34999,0.3522,0.3434,0.34361,95325.8
1778601600,0.34322,0.34878,0.34191,0.34696,125203.1
1778616000,0.34733,0.34853,0.3446,0.3462,33086.4
1778630400,0.34598,0.35469,0.34508,0.3545,55530.5
1778644800,0.35462,0.35541,0.34966,0.35228,40312.1
1778659200,0.35212,0.35726,0.34871,0.34886,45848.9
1778673600,0.34894,0.34999,0.32575,0.32673,77383.2
1778688000,0.32731,0.33221,0.32485,0.32912,50123.0
1778702400,0.3299,0.33213,0.32644,0.32912,25557.3
1778716800,0.33009,0.33223,0.32234,0.3227,64748.6
1778731200,0.32291,0.32827,0.32263,0.32692,44997.2
1778745600,0.32686,0.33034,0.32585,0.32725,77050.6
1778760000,0.32702,0.33723,0.32702,0.33684,32307.6
1778774400,0.33722,0.33829,0.33288,0.33319,77493.2
1778788800,0.33407,0.33407,0.32939,0.32984,34479.6
1778803200,0.33023,0.33332,0.32895,0.33079,178801.7
1778817600,0.33099,0.33121,0.32371,0.32821,35042.7
1778832000,0.32817,0.32854,0.3253,0.32677,38963.2
1778846400,0.32676,0.32683,0.31093,0.31285,72430.5
1778860800,0.3133,0.31924,0.31312,0.31664,59284.4
1778875200,0.31658,0.32113,0.3152,0.31969,35771.8
1778889600,0.31992,0.3216,0.31847,0.31881,50373.1
1778904000,0.31899,0.31899,0.30822,0.31034,47550.1
1778918400,0.31106,0.31193,0.30523,0.30817,62120.8
1778932800,0.30784,0.31227,0.30758,0.31124,31783.8
1778947200,0.31148,0.31331,0.31007,0.31144,49544.5
1778961600,0.31203,0.31236,0.31065,0.31207,24009.8
1778976000,0.31205,0.31939,0.30836,0.31774,47039.9
1778990400,0.31747,0.31827,0.31613,0.31683,26076.4
1779004800,0.31694,0.31992,0.31561,0.31605,82505.3
1779019200,0.31622,0.3164,0.31273,0.31317,25766.1
1779033600,0.31347,0.31526,0.3111,0.31467,45402.8
1779048000,0.31472,0.31661,0.29851,0.30669,84977.3
1779062400,0.30669,0.30823,0.30303,0.30529,131497.9
1779076800,0.30519,0.30626,0.30105,0.30232,45414.8
1779091200,0.30304,0.30532,0.29934,0.30323,161422.7
1779105600,0.30324,0.30617,0.29882,0.30205,146600.1
1779120000,0.30207,0.30777,0.29993,0.30657,82693.7
1779134400,0.30688,0.31228,0.3061,0.31017,41496.8
1779148800,0.31078,0.31174,0.30739,0.30948,98001.3
1779163200,0.30993,0.3109,0.30751,0.31001,31895.8
1779177600,0.31033,0.31033,0.30577,0.30597,31422.0
1779192000,0.30597,0.30902,0.3038,0.30512,34458.2
1779206400,0.30542,0.30896,0.30479,0.30509,60460.7
1779220800,0.30515,0.30606,0.30232,0.30391,29531.4
1779235200,0.3039,0.30523,0.30231,0.3044,58147.0
1779249600,0.30434,0.30989,0.30379,0.30767,29580.2
1779264000,0.3075,0.31735,0.30661,0.31332,152371.1
1779278400,0.31372,0.31973,0.31213,0.3173,90957.5
1779292800,0.31741,0.31899,0.31501,0.31619,42368.6
1779307200,0.3161,0.31707,0.31284,0.31407,36173.4
1779321600,0.31426,0.31699,0.31324,0.31466,35134.4
1779336000,0.31509,0.3157,0.3118,0.31395,21557.6
1779350400,0.31429,0.31542,0.309,0.30922,45248.7
1779364800,0.3097,0.31247,0.30834,0.31174,39449.6
1779379200,0.31196,0.31854,0.31121,0.3173,67843.7
1779393600,0.31757,0.31819,0.3154,0.3173,36388.4
1779408000,0.31731,0.3195,0.31474,0.3189,143067.9
1779422400,0.31934,0.31972,0.31582,0.31884,31119.5
1779436800,0.31938,0.32147,0.31724,0.31913,61762.2
1779451200,0.31915,0.32408,0.31491,0.31643,140499.9
1779465600,0.31639,0.31703,0.30241,0.30525,69399.0
1779480000,0.30562,0.30811,0.3013,0.30234,37557.5
1779494400,0.30278,0.30578,0.30166,0.30449,71735.4
1779508800,0.30447,0.30447,0.2918,0.2943,72234.7
1779523200,0.2939,0.29731,0.29221,0.29524,66907.3
1779537600,0.29508,0.30314,0.29499,0.30292,33753.7
1779552000,0.30333,0.30564,0.30093,0.30468,47171.1
1779566400,0.30487,0.31473,0.30418,0.30872,38460.9
1779580800,0.30919,0.30935,0.30593,0.30652,79051.0
1779595200,0.30695,0.30731,0.30446,0.30625,21119.1
1779609600,0.30643,0.30735,0.30488,0.30507,42983.8
1779624000,0.30506,0.30523,0.29848,0.3008,39690.2
1779638400,0.30032,0.30151,0.29794,0.29855,56382.1
1779652800,0.29893,0.29995,0.29374,0.29883,33525.5
1779667200,0.29994,0.30263,0.2998,0.30197,79748.5
1779681600,0.30199,0.30755,0.30168,0.30722,29520.3
1779696000,0.30726,0.31003,0.30673,0.3086,47558.9
1779710400,0.30863,0.3259,0.30821,0.3193,81082.1
1779724800,0.31966,0.32637,0.31887,0.32477,118346.5
1779739200,0.32436,0.32623,0.31685,0.31885,92982.4
1779753600,0.31882,0.31938,0.31281,0.31655,175289.0
1779768000,0.31664,0.3182,0.31231,0.31412,53699.5
1779782400,0.31473,0.31936,0.31194,0.31887,207025.4
1779796800,0.31873,0.32,0.3143,0.31619,70354.8
1779811200,0.31604,0.32,0.31213,0.31594,139320.2
1779825600,0.31598,0.31669,0.31277,0.31457,31903.3
1779840000,0.31522,0.31841,0.31459,0.31592,112729.2
1779854400,0.31614,0.3219,0.31457,0.31591,74319.4
1779868800,0.31551,0.31634,0.31291,0.3131,121444.7
1779883200,0.31299,0.31663,0.31005,0.3159,64159.4
1779897600,0.31611,0.31804,0.31218,0.31581,82782.7
1779912000,0.31599,0.3163,0.30476,0.30778,48942.2
1779926400,0.30784,0.30921,0.29999,0.30052,159866.8
1779940800,0.30029,0.30132,0.29617,0.29791,62044.9
1779955200,0.29805,0.29915,0.29385,0.29448,104695.9
1779969600,0.2942,0.29788,0.29181,0.29691,82458.0
1779984000,0.29703,0.32057,0.2953,0.30958,277098.6
1779998400,0.30881,0.31263,0.30621,0.30778,36328.1
1780012800,0.30783,0.31068,0.30438,0.3066,80135.7
1780027200,0.30652,0.30805,0.30306,0.3049,60645.3
1780041600,0.30499,0.3073,0.30142,0.30233,67341.6
1780056000,0.3022,0.3126,0.29788,0.30932,90742.5
1780070400,0.30953,0.31006,0.29986,0.30077,166043.5
1780084800,0.30094,0.30217,0.29754,0.29881,541428.9
1780099200,0.29898,0.30183,0.29734,0.29757,282037.2
1780113600,0.29787,0.29969,0.29492,0.29823,132007.9
1780128000,0.29839,0.30033,0.297,0.2976,192870.4
1780142400,0.29802,0.29931,0.29494,0.29561,97762.9
1780156800,0.29574,0.30075,0.29567,0.29825,136156.5
1780171200,0.29835,0.29935,0.29498,0.29599,46517.9
1780185600,0.29608,0.30101,0.29608,0.29894,140251.4
1780200000,0.29909,0.3002,0.29723,0.29817,101645.2
1780214400,0.29819,0.30036,0.29744,0.29811,122009.9
1780228800,0.29767,0.2996,0.29337,0.29364,62126.8
1780243200,0.29372,0.29516,0.2919,0.29387,133350.0
1780257600,0.29429,0.29624,0.29219,0.2945,56441.6
1780272000,0.29509,0.29664,0.2899,0.29518,171325.4
1780286400,0.29537,0.29604,0.28644,0.28654,63089.6
1780300800,0.28695,0.28871,0.28542,0.28574,178070.5
1780315200,0.28604,0.28681,0.28114,0.28501,112715.2
1780329600,0.28541,0.29202,0.28417,0.29069,116438.7
1780344000,0.29104,0.29104,0.28589,0.28898,53011.4
1780358400,0.28912,0.28923,0.28255,0.28769,109494.1
1780372800,0.28802,0.28832,0.28148,0.28417,47013.0
1780387200,0.28408,0.28494,0.28139,0.28391,132292.5
1780401600,0.28401,0.28475,0.27158,0.27394,114153.3
1780416000,0.27384,0.27893,0.27067,0.27394,223868.9
1780430400,0.2741,0.27793,0.26396,0.2692,108719.7
1780444800,0.26931,0.27218,0.26546,0.26628,169428.3
1780459200,0.26666,0.27767,0.26666,0.27609,97504.5
1780473600,0.27651,0.2793,0.27473,0.27681,150972.2
1780488000,0.27706,0.28009,0.27565,0.27595,91287.4
1780502400,0.27615,0.27615,0.27096,0.27174,154350.2
1780516800,0.27169,0.2769,0.26737,0.2711,64361.6
1780531200,0.27132,0.27392,0.24603,0.26434,686022.5
1780545600,0.26428,0.2654,0.25744,0.25809,142399.3
1780560000,0.25803,0.25951,0.25101,0.2546,322036.3
1780574400,0.25516,0.26411,0.2529,0.26272,530642.9
1780588800,0.2628,0.26345,0.25834,0.26067,331823.9
1780603200,0.26093,0.26093,0.2524,0.2576,275766.8
1780617600,0.25759,0.25891,0.24875,0.25058,229502.3
1780632000,0.25125,0.25481,0.23347,0.24398,248258.5
1780646400,0.24464,0.24683,0.23867,0.24282,281701.4
1780660800,0.24287,0.24529,0.23339,0.23408,265544.9
1780675200,0.23418,0.24046,0.22403,0.23177,313846.6
1780689600,0.23177,0.23968,0.22904,0.23438,209324.4
1780704000,0.23453,0.23808,0.22922,0.22992,297385.1
1780718400,0.22989,0.23196,0.21823,0.23163,212013.8
1780732800,0.23181,0.23501,0.22651,0.23029,303916.8
1780747200,0.23064,0.23657,0.22911,0.23404,155378.9
1780761600,0.23384,0.23635,0.23235,0.23246,321222.6
1780776000,0.23202,0.2347,0.23096,0.23432,76121.6
1780790400,0.23444,0.24177,0.23444,0.23935,207816.2
1780804800,0.23951,0.24228,0.23741,0.24174,117183.6
1780819200,0.24172,0.24689,0.24055,0.24246,194605.4
1780833600,0.24244,0.24329,0.23774,0.24059,96366.2
1780848000,0.24085,0.24288,0.23666,0.23719,179054.7
1780862400,0.23738,0.2495,0.23674,0.24518,123585.3
1780876800,0.24539,0.24882,0.24377,0.24533,193803.6
1780891200,0.24581,0.24652,0.24135,0.24625,97029.2
1780905600,0.24624,0.25038,0.24524,0.24849,605097.4
1780920000,0.24877,0.25228,0.24676,0.24904,121549.5
1780934400,0.24923,0.25152,0.24892,0.24923,119340.1
1780948800,0.24919,0.25128,0.24472,0.24572,73415.2
1780963200,0.24619,0.24634,0.23921,0.24103,240498.8
1780977600,0.24078,0.24617,0.24006,0.24364,124198.8
1780992000,0.24381,0.24422,0.24065,0.24218,195838.0
1781006400,0.24226,0.24406,0.23571,0.23757,136389.9
1781020800,0.23751,0.24419,0.2351,0.24398,255962.1
1781035200,0.24397,0.24608,0.24125,0.24246,58965.2
1781049600,0.24254,0.24571,0.24155,0.24367,237645.5
1781064000,0.24393,0.24885,0.24384,0.24494,117225.7
1781078400,0.2452,0.2452,0.2382,0.23926,232002.6
1781092800,0.2391,0.24745,0.23838,0.24466,239596.4
1781107200,0.24481,0.24602,0.23807,0.23944,322673.4
1781121600,0.23905,0.2402,0.23463,0.23874,132336.3
1781136000,0.23882,0.24521,0.23882,0.24397,275117.0
1781150400,0.24386,0.24689,0.24319,0.24473,124141.3
1781164800,0.24489,0.24729,0.24237,0.24486,242474.5
1781179200,0.24503,0.24527,0.2414,0.24403,192031.4
1781193600,0.24437,0.24926,0.2408,0.24531,311749.4
1781208000,0.24555,0.24621,0.24378,0.24514,62368.9
1781222400,0.24517,0.24697,0.24417,0.24516,121272.3
1781236800,0.24526,0.24638,0.24169,0.24323,81848.1
1781251200,0.24337,0.2461,0.24333,0.24532,144581.1
1781265600,0.2452,0.24589,0.24073,0.24101,645428.8
1781280000,0.24121,0.24395,0.2381,0.23853,294729.0
1781294400,0.23838,0.24059,0.2378,0.23843,210133.4
1781308800,0.23844,0.24154,0.23741,0.23862,152938.7
1781323200,0.23882,0.24395,0.23685,0.24327,77155.8
1781337600,0.24335,0.24534,0.24294,0.24421,158507.6
1781352000,0.24428,0.24508,0.24186,0.24279,90892.3
1781366400,0.24269,0.24303,0.2399,0.2414,279859.9
1781380800,0.24143,0.24343,0.23995,0.24039,82441.0
1781395200,0.24043,0.24142,0.23993,0.24072,186448.9
1781409600,0.2409,0.24111,0.23821,0.23915,55530.1
1781424000,0.23923,0.24098,0.23844,0.23888,59699.1
1781438400,0.23907,0.23934,0.2361,0.23713,44216.5
1781452800,0.23742,0.23824,0.23492,0.23633,118139.9
1781467200,0.23626,0.2474,0.23617,0.2473,378191.4
1781481600,0.24706,0.24789,0.24466,0.24728,260047.5
1781496000,0.24725,0.24916,0.24523,0.24714,269257.3
1781510400,0.24712,0.25345,0.24642,0.25256,307961.2
1781524800,0.25249,0.25766,0.25142,0.25734,92312.0
1781539200,0.25712,0.26469,0.25598,0.25852,251703.3
1781553600,0.25935,0.26227,0.25193,0.25376,100106.5
1781568000,0.25376,0.25564,0.24832,0.25122,133861.9
1781582400,0.25141,0.25373,0.24911,0.25363,53136.9
1781596800,0.25366,0.259,0.25361,0.25669,206817.5
1781611200,0.257,0.26,0.25064,0.25498,82299.8
1781625600,0.25528,0.26323,0.25526,0.25966,260038.1
1781640000,0.26028,0.26429,0.25841,0.25873,44900.7
1781654400,0.25917,0.2633,0.25821,0.25867,220435.1
1781668800,0.259,0.25951,0.25425,0.25483,96273.0
1781683200,0.25495,0.25514,0.25134,0.25228,126264.7
1781697600,0.25207,0.25806,0.25175,0.25803,82826.3
1781712000,0.25844,0.26299,0.25128,0.25212,267147.6
1781726400,0.25243,0.25537,0.24962,0.25269,90185.9
1781740800,0.2531,0.25528,0.25122,0.25122,117845.5
1781755200,0.2511,0.25152,0.24637,0.24995,103659.1
1781769600,0.24992,0.25131,0.24586,0.24629,104811.8
1781784000,0.24637,0.249,0.23923,0.23924,100031.4
1781798400,0.2389,0.24528,0.2389,0.24526,266791.9
1781812800,0.24496,0.24624,0.24268,0.24537,58608.3
1781827200,0.24536,0.24726,0.24116,0.24295,86000.2
1781841600,0.24291,0.24398,0.23994,0.24144,59674.7
1781856000,0.24141,0.24365,0.24042,0.24042,213880.9
1781870400,0.24068,0.24464,0.23917,0.24281,62400.9
1781884800,0.24291,0.24401,0.23975,0.24015,179461.6
1781899200,0.24021,0.24219,0.23915,0.24187,85238.3
1781913600,0.24177,0.24413,0.23998,0.24051,153260.0
1781928000,0.24041,0.2439,0.24005,0.24067,74822.2
1781942400,0.24097,0.24336,0.24054,0.24054,162978.5
1781956800,0.24039,0.24354,0.23763,0.24237,130371.1
1781971200,0.24234,0.24235,0.23903,0.24027,120646.1
1781985600,0.2404,0.24405,0.23929,0.24294,91853.2
1782000000,0.24315,0.24661,0.24227,0.24301,254940.3
1782014400,0.24314,0.24324,0.24078,0.24096,63791.1
1782028800,0.24119,0.24245,0.23909,0.23929,164587.3
1782043200,0.23935,0.24149,0.23905,0.24076,94660.1
1782057600,0.24068,0.24109,0.23826,0.24021,158432.2
1782072000,0.23981,0.24014,0.23466,0.23504,82880.4
1782086400,0.23523,0.24202,0.23523,0.23873,677609.6
1782100800,0.23875,0.24265,0.23874,0.24121,94748.0
1782115200,0.24138,0.24512,0.2407,0.24512,138425.9
1782129600,0.2452,0.2471,0.24343,0.24446,149041.2
1782144000,0.24443,0.24734,0.24317,0.24652,221699.1
1782158400,0.24639,0.25453,0.24216,0.24499,678044.3
1782172800,0.24574,0.24808,0.24306,0.24386,349055.6
1782187200,0.24389,0.2441,0.23288,0.23594,270062.3
1782201600,0.23529,0.23648,0.22833,0.23623,292381.3
1782216000,0.23611,0.23694,0.22631,0.22831,221329.0
1782230400,0.22889,0.23055,0.22049,0.22798,558932.7
1782244800,0.22791,0.23025,0.22791,0.22908,99968.4
1782259200,0.22879,0.2296,0.2252,0.22529,209003.4
1782273600,0.22547,0.22706,0.22407,0.22506,88469.7
1782288000,0.2253,0.2271,0.22339,0.22668,184838.0
1782302400,0.22695,0.23353,0.22217,0.22227,402187.4
1782316800,0.2227,0.22393,0.21174,0.21575,321617.6
1782331200,0.21591,0.22137,0.2149,0.21904,164645.2
1782345600,0.2192,0.22013,0.21364,0.21392,240019.9
1782360000,0.214,0.21813,0.2129,0.21658,143529.0
1782374400,0.21706,0.21755,0.20531,0.20631,584653.6
1782388800,0.20657,0.20983,0.19458,0.20212,434504.1
1782403200,0.20204,0.20421,0.19795,0.19858,385530.7
1782417600,0.19871,0.20358,0.19835,0.20071,276772.4
1782432000,0.20063,0.20243,0.19323,0.19848,365692.3
1782446400,0.19868,0.20199,0.19783,0.20073,459971.3
1782460800,0.201,0.2013,0.19358,0.19391,270072.4
1782475200,0.19398,0.19819,0.19121,0.19694,583069.7
1782489600,0.19705,0.20054,0.19668,0.20032,376431.9
1782504000,0.1992,0.20137,0.19892,0.20058,137578.6
1782518400,0.20055,0.2056,0.19982,0.20501,242104.8
1782532800,0.20501,0.20636,0.20367,0.20596,46848.6
1782547200,0.20613,0.22646,0.20613,0.21414,1068284.7
1782561600,0.21317,0.23019,0.20882,0.22437,625869.3
1782576000,0.22457,0.2325,0.21969,0.22594,606106.6
1782590400,0.2258,0.24532,0.22546,0.24166,1083030.0
1782604800,0.24215,0.25,0.22846,0.23469,1601649.6000000001
1782619200,0.23467,0.23955,0.2209,0.22375,445977.8
1782633600,0.22373,0.22826,0.21737,0.22826,465325.7
1782648000,0.22841,0.23775,0.22841,0.23042,722125.3
1782662400,0.23041,0.2305,0.22086,0.22219,307172.7
1782676800,0.22198,0.22391,0.21709,0.22023,1235726.3999999999
1782691200,0.22005,0.22251,0.21695,0.22056,291005.5
1782705600,0.22101,0.22446,0.21754,0.22243,183599.1
1782720000,0.22261,0.22315,0.21661,0.21664,294386.7
1782734400,0.21691,0.22,0.21251,0.21439,156261.4
1782748800,0.21425,0.21586,0.21197,0.21422,229544.1
1782763200,0.2143,0.21467,0.2121,0.21266,132719.6
1782777600,0.21302,0.2164,0.20777,0.20797,238477.9
1782792000,0.20819,0.20985,0.20724,0.20935,102382.5
1782806400,0.20933,0.21151,0.20891,0.2091,136158.5
1782820800,0.20916,0.21008,0.20412,0.20697,150190.8
1782835200,0.20698,0.21053,0.20555,0.21053,175993.5
1782849600,0.21025,0.21922,0.21003,0.21209,248663.0
1782864000,0.21241,0.2131,0.20363,0.21008,264297.5
1782878400,0.20933,0.21206,0.20593,0.20771,125504.5
1782892800,0.20761,0.20761,0.20438,0.20544,120029.3
1782907200,0.20525,0.21486,0.20501,0.21403,170473.0
1782921600,0.21412,0.21554,0.20909,0.20976,202680.7
1782936000,0.21019,0.21872,0.20918,0.21293,83291.9
1782950400,0.2132,0.21735,0.21134,0.21652,157112.9
1782964800,0.21636,0.2164,0.21124,0.21346,45936.3
1782979200,0.21345,0.21709,0.21304,0.21553,136710.6
1782993600,0.21536,0.22772,0.21531,0.22255,176875.4
1783008000,0.22261,0.22621,0.22221,0.2239,142027.3
1783022400,0.22405,0.23275,0.22292,0.22947,115141.0
1783036800,0.22912,0.23867,0.22872,0.23708,317477.1
1783051200,0.23709,0.24357,0.23116,0.2322,237377.8
1783065600,0.23263,0.23537,0.23203,0.23428,110580.0
1783080000,0.23448,0.23655,0.23298,0.2331,61250.8
1783094400,0.23329,0.23588,0.23241,0.23424,94202.7
1783108800,0.23522,0.2528,0.2343,0.25097,177774.2
1783123200,0.25101,0.25397,0.23643,0.23695,217734.4
1783137600,0.23704,0.23713,0.23026,0.23196,108131.3
1783152000,0.2321,0.23398,0.23082,0.23225,156786.1
1783166400,0.23222,0.23716,0.23146,0.23485,186510.1
1783180800,0.23486,0.23622,0.23288,0.23332,139606.9
1783195200,0.23323,0.23431,0.2297,0.23097,66263.6
1783209600,0.23095,0.23324,0.22584,0.22635,199902.4
1783224000,0.22634,0.22849,0.22547,0.22768,54371.5
1783238400,0.22731,0.22741,0.22291,0.22598,85716.2
1783252800,0.22603,0.22821,0.225,0.22672,56892.6
1783267200,0.22672,0.22788,0.22505,0.22557,70723.2
1783281600,0.22534,0.23949,0.22507,0.23044,419496.5
1783296000,0.23063,0.23253,0.22831,0.22901,171100.9
1783310400,0.22912,0.22959,0.22398,0.22464,54864.1
1783324800,0.22427,0.22505,0.20224,0.21884,1385886.3999999999
1783339200,0.21795,0.22539,0.21482,0.22435,370698.1
1783353600,0.22433,0.22762,0.22416,0.22434,215023.6
1783368000,0.22411,0.22724,0.22202,0.22256,105195.8
1783382400,0.22255,0.22457,0.22063,0.22077,144518.5
1783396800,0.22087,0.22348,0.2194,0.22238,117976.0
1783411200,0.22248,0.22878,0.22234,0.22515,195984.6
1783425600,0.22537,0.23034,0.21992,0.22874,202276.2
1783440000,0.22871,0.2295,0.22167,0.22295,160090.7
1783454400,0.22316,0.22368,0.21952,0.21988,81133.9
1783468800,0.22026,0.2214,0.2139,0.2152,218447.5
1783483200,0.21508,0.21791,0.21483,0.21719,73753.9
1783497600,0.21716,0.21831,0.21285,0.21628,187470.4
1783512000,0.21625,0.21654,0.21235,0.21308,90847.0
1783526400,0.21319,0.21651,0.21314,0.21548,120733.6
1783540800,0.21533,0.21668,0.21389,0.21628,58208.6
1783555200,0.21656,0.21873,0.21543,0.21777,278142.6
1783569600,0.21781,0.22446,0.21779,0.22117,101427.9
1783584000,0.22159,0.22898,0.22129,0.22391,321039.1
1783598400,0.2241,0.22537,0.22145,0.22185,74854.9
1783612800,0.22188,0.22329,0.2189,0.21912,151251.2
1783627200,0.21926,0.21942,0.21612,0.21654,67035.6
1783641600,0.21655,0.22147,0.21504,0.22075,204032.5
1783656000,0.22079,0.22338,0.2189,0.22268,78521.6
1783670400,0.22271,0.22595,0.22257,0.22541,213512.6
1783684800,0.22585,0.23396,0.22411,0.23195,191896.1
1783699200,0.23216,0.2344,0.22689,0.22795,197322.6
1783713600,0.2282,0.23064,0.22699,0.22974,78430.5
1783728000,0.22944,0.23291,0.22713,0.2294,430437.2
1783742400,0.22938,0.23594,0.2283,0.23507,169858.8
1783756800,0.23511,0.23605,0.23195,0.23264,248501.5
1783771200,0.23337,0.2357,0.23069,0.23189,134021.5
1783785600,0.23192,0.23217,0.22778,0.23001,172650.1
1783800000,0.23004,0.23199,0.22687,0.22781,171069.7
1783814400,0.2272,0.24767,0.22535,0.24632,610050.4
1783828800,0.24643,0.24943,0.23857,0.2422,361373.0
1783843200,0.24217,0.2423,0.23435,0.23738,210682.9
1783857600,0.23749,0.241,0.23452,0.2402,131625.2
1783872000,0.24019,0.24397,0.23563,0.2402,218038.6
1783886400,0.24007,0.24615,0.23679,0.24531,230470.3
1783900800,0.24516,0.24972,0.22978,0.23039,787791.5
1783915200,0.23012,0.23325,0.22701,0.23102,207944.1
1783929600,0.23114,0.23165,0.22889,0.22959,172061.3
1783944000,0.22944,0.23412,0.22791,0.23053,361359.0
1783958400,0.23014,0.23053,0.2253,0.22653,248767.4
1783972800,0.22641,0.22648,0.22264,0.22426,73078.9
1783987200,0.22513,0.23322,0.22485,0.2296,336881.1
1784001600,0.22951,0.24031,0.22922,0.2326,278921.8
1784016000,0.23303,0.23444,0.22938,0.22969,331469.9
1784030400,0.22963,0.23834,0.22963,0.23398,532594.9
1784044800,0.23377,0.23729,0.23095,0.23618,327549.6
1784059200,0.2362,0.24006,0.23516,0.23684,218697.6
1784073600,0.23714,0.23882,0.23403,0.23619,305107.0
1784088000,0.23614,0.23936,0.23282,0.23379,129240.6
1784102400,0.23375,0.23716,0.2303,0.23194,312788.7
1784116800,0.23189,0.23602,0.22736,0.23033,378639.9
1784131200,0.23043,0.23218,0.22729,0.22923,266555.8
1784145600,0.22931,0.2329,0.22873,0.22931,111182.0
1784160000,0.22931,0.23252,0.22729,0.22786,308743.1
1784174400,0.22772,0.22902,0.22614,0.22702,107426.3
1784188800,0.22711,0.23075,0.22516,0.22743,429761.0
1784203200,0.22742,0.22867,0.22539,0.22664,287332.3
1784217600,0.22661,0.228,0.22397,0.22538,335328.6
1784232000,0.22531,0.22921,0.22372,0.22448,130731.4
1784246400,0.22476,0.22924,0.22402,0.22603,369496.8
1784260800,0.2261,0.22639,0.2209,0.22129,132844.5
1784275200,0.22124,0.22312,0.2204,0.22205,136875.0
1784289600,0.22205,0.22501,0.22039,0.22316,106404.3
1784304000,0.2231,0.2247,0.22258,0.22313,252885.2
1784318400,0.22313,0.22363,0.22148,0.22253,120803.8
1784332800,0.22266,0.22912,0.22229,0.22488,255616.5
1784347200,0.22488,0.22651,0.22217,0.22334,266114.2
1784361600,0.22336,0.22411,0.22083,0.22142,184466.7
1784376000,0.22154,0.2226,0.21875,0.22003,239852.5
1784390400,0.21973,0.22548,0.21966,0.2231,268851.9
1784404800,0.22328,0.22553,0.22253,0.22391,121384.8
1784419200,0.22382,0.22524,0.22215,0.22215,205967.9
1784433600,0.22215,0.22254,0.22064,0.22104,75762.0
1784448000,0.22132,0.22268,0.22111,0.22194,61514.7
1784462400,0.22202,0.22228,0.21956,0.21965,58091.3
1784476800,0.21973,0.22142,0.21832,0.21919,302428.4
1784491200,0.21917,0.23319,0.21767,0.2318,351316.6
1784505600,0.23175,0.23808,0.2312,0.23618,451377.9
1784520000,0.23657,0.23703,0.22479,0.22906,194970.8
1784534400,0.22892,0.22952,0.22366,0.22617,262422.0
1784548800,0.22613,0.22924,0.22246,0.22869,278275.8
1784563200,0.22885,0.23432,0.2283,0.23297,359456.9
1784577600,0.23318,0.23643,0.22945,0.23279,122946.2
1784592000,0.23228,0.24163,0.23048,0.23422,452115.1
1784606400,0.23441,0.24565,0.23417,0.23642,226971.8
1784620800,0.23657,0.24216,0.23635,0.24029,353987.9
1784635200,0.24038,0.24129,0.23301,0.23363,234309.3
1784649600,0.23359,0.23412,0.22842,0.22898,172244.6
1784664000,0.22892,0.23425,0.2283,0.23112,130323.5
1784678400,0.23095,0.23229,0.22791,0.22791,268406.7
1784692800,0.22798,0.22943,0.22278,0.22466,151126.5
1784707200,0.22471,0.2285,0.22277,0.22617,169822.7
1784721600,0.22608,0.23957,0.22573,0.23191,449989.1
1784736000,0.23245,0.23848,0.2244,0.22455,567177.3
1784750400,0.2246,0.22906,0.22226,0.22481,186766.9
1784764800,0.2251,0.2251,0.218,0.21851,306362.6
1784779200,0.21889,0.22926,0.21829,0.22444,345102.1
1784793600,0.22427,0.23244,0.22414,0.22635,368130.1
1784808000,0.22641,0.22801,0.22193,0.22413,137698.9
1784822400,0.22413,0.22421,0.21897,0.21971,269384.6
1784836800,0.21944,0.22128,0.21793,0.21988,129920.0
1784851200,0.21986,0.22336,0.21829,0.22217,235443.3
1784865600,0.22224,0.22604,0.22138,0.22309,89315.7
1784880000,0.22306,0.22334,0.21663,0.21711,207226.6
1784894400,0.2172,0.2183,0.21316,0.21626,210077.2
1784908800,0.21616,0.22057,0.21611,0.21695,186448.1
1784923200,0.21717,0.21847,0.21446,0.21799,111848.4
1784937600,0.21817,0.2196,0.216,0.2181,140002.3
1784952000,0.21809,0.21967,0.21558,0.21558,72457.1
1784966400,0.21554,0.21669,0.21518,0.21617,65765.8
1784980800,0.21619,0.21735,0.21358,0.21633,331769.5
1784995200,0.21616,0.21645,0.21327,0.21549,219971.8
1785009600,0.21556,0.21588,0.2133,0.2133,71549.9
1785024000,0.2134,0.21746,0.21325,0.21649,203808.2
1785038400,0.21657,0.21907,0.21572,0.21848,83685.0
1785052800,0.21841,0.22121,0.21707,0.21829,148736.5
1785067200,0.21836,0.22337,0.21762,0.22308,90665.9
1785081600,0.22303,0.22549,0.2198,0.22127,208861.5
1785096000,0.22141,0.22301,0.22089,0.22253,75455.1
1785110400,0.22243,0.22243,0.2197,0.22028,115513.8
1785124800,0.22036,0.22631,0.21846,0.21918,292963.3
1785139200,0.21922,0.22127,0.21713,0.21732,191533.3
1785153600,0.21752,0.21867,0.21312,0.21532,370719.2
1785168000,0.21513,0.21826,0.21354,0.21783,204123.7
1785182400,0.21789,0.22048,0.21077,0.2113,145769.5
1785196800,0.21121,0.21172,0.2074,0.20948,294828.2
1785211200,0.20952,0.21072,0.20834,0.21002,105148.5
1785225600,0.21,0.21695,0.20987,0.21341,403267.7
1785240000,0.21325,0.22281,0.20961,0.2211,350438.8
1785254400,0.22128,0.22215,0.21457,0.21487,229268.7
1785268800,0.215,0.21651,0.21199,0.21368,109745.3
1785283200,0.21385,0.2171,0.2079,0.2079,460710.3
1785297600,0.20797,0.21191,0.20601,0.20903,255873.1
1785312000,0.20907,0.21213,0.20784,0.209,257425.3
1785326400,0.209,0.21193,0.20716,0.20911,242870.8
1785340800,0.20916,0.21392,0.20792,0.20792,487272.5
1785355200,0.20816,0.21247,0.2052,0.21106,265213.4
1785369600,0.21137,0.21473,0.20899,0.21297,354959.7
1785384000,0.21321,0.21446,0.2116,0.21275,77612.3
1785398400,0.21266,0.21401,0.20882,0.20991,321785.2
1785412800,0.2099,0.21116,0.2074,0.20809,103123.2
1785427200,0.20802,0.20904,0.20633,0.20802,238472.8
1785441600,0.20826,0.21039,0.20694,0.20728,118725.4
1785456000,0.20755,0.21137,0.20732,0.2089,418557.1
1785470400,0.20897,0.21423,0.20825,0.21315,214783.5
1785484800,0.21324,0.21546,0.20897,0.21271,359716.0
1785499200,0.21264,0.2185,0.2106,0.21341,346314.4
1785513600,0.21332,0.21506,0.21251,0.2134,201214.4
1785528000,0.21332,0.21446,0.21222,0.21238,40484.8
1785542400,0.2124,0.21532,0.21191,0.21438,190811.4
1785556800,0.21449,0.21737,0.21364,0.21478,104040.5
1785571200,0.21476,0.21821,0.21462,0.21737,198782.7
1785585600,0.21759,0.22035,0.21631,0.21744,181631.5
1785600000,0.21731,0.21895,0.21154,0.21184,226272.1
1785614400,0.21189,0.21385,0.21107,0.21133,114178.1
1785628800,0.21144,0.2159,0.21111,0.21424,184686.3
1785643200,0.21422,0.2152,0.21281,0.21295,98290.5
1785657600,0.213,0.21363,0.21113,0.21238,160077.8
1785672000,0.21234,0.21353,0.20957,0.20981,79327.2
1785686400,0.20985,0.21249,0.20944,0.21105,247158.7
1785700800,0.21116,0.213,0.20928,0.21048,153681.2
1785715200,0.21036,0.21159,0.2088,0.21007,238676.9
1785729600,0.21007,0.21592,0.21007,0.21298,146340.3
1785744000,0.21305,0.21337,0.20929,0.21066,290791.5
1785758400,0.21018,0.22139,0.20933,0.21758,465659.1
1785772800,0.21751,0.21864,0.21587,0.21618,412152.8
1785787200,0.21616,0.21682,0.21347,0.21442,98462.0
1785801600,0.21428,0.21557,0.21322,0.21522,177242.3
1785816000,0.21499,0.21834,0.21468,0.21551,74414.6
1785830400,0.2155,0.21742,0.2131,0.21334,169196.4
1785844800,0.21323,0.21416,0.21064,0.21212,172543.7
1785859200,0.21209,0.21336,0.21149,0.21285,231305.3
1785873600,0.21278,0.21339,0.21099,0.21101,83095.2
1785888000,0.21094,0.21287,0.21029,0.21111,226573.6
1785902400,0.21109,0.21294,0.21005,0.21047,65362.6
1785916800,0.21068,0.21232,0.21067,0.21175,117723.0
1785931200,0.21176,0.21528,0.21163,0.21267,77949.2
1785945600,0.21268,0.21719,0.21251,0.21561,218701.7
1785960000,0.21568,0.21625,0.21259,0.21318,95979.4
1785974400,0.21319,0.2164,0.21319,0.2141,214255.8
1785988800,0.21415,0.2175,0.21404,0.21645,87158.0
1786003200,0.21629,0.21683,0.2125,0.21452,176915.0
1786017600,0.21433,0.21512,0.21326,0.21389,86234.1
1786032000,0.2139,0.21498,0.21139,0.21279,128539.7
1786046400,0.21286,0.21506,0.21286,0.21328,47061.1
1786060800,0.21328,0.21455,0.21222,0.21225,111461.1
1786075200,0.21208,0.21953,0.21172,0.21744,273047.4
1786089600,0.21734,0.21748,0.21088,0.21216,269303.9
1786104000,0.21219,0.21399,0.21205,0.21276,180985.3
1786118400,0.21281,0.21301,0.2093,0.21055,221930.3
1786132800,0.21049,0.21052,0.20921,0.20987,75503.7
1786147200,0.20987,0.21112,0.20983,0.21106,214134.6
1786161600,0.2111,0.21112,0.20891,0.21052,127661.8
1786176000,0.2103,0.21119,0.2097,0.2097,125760.8
1786190400,0.20971,0.21107,0.20971,0.21039,119347.9
1786204800,0.21035,0.21094,0.20926,0.20936,147192.6
1786219200,0.20937,0.21077,0.20888,0.20969,106903.2
1786233600,0.20975,0.21158,0.20922,0.21091,148130.5
1786248000,0.21101,0.21718,0.21101,0.21507,159545.1
1786262400,0.21506,0.21543,0.21155,0.21188,157745.8
1786276800,0.21192,0.21281,0.21055,0.21232,102278.8
1786291200,0.21254,0.21499,0.21146,0.21419,109922.3
1786305600,0.21413,0.2143,0.20817,0.20904,102236.4
1786320000,0.20898,0.21193,0.20897,0.20982,211352.4
1786334400,0.20988,0.21214,0.20954,0.21117,76440.7
1786348800,0.21121,0.21241,0.21022,0.21071,149915.9
1786363200,0.21074,0.21196,0.20915,0.21196,304196.9
1786377600,0.21197,0.21319,0.21004,0.21069,404599.9
1786392000,0.21066,0.21151,0.2091,0.21095,141965.2
1786406400,0.21096,0.21351,0.21051,0.21259,224994.1
1786420800,0.21233,0.2136,0.20787,0.20787,108679.8
1786435200,0.20787,0.20904,0.20552,0.20632,288896.4
1786449600,0.20645,0.20776,0.20109,0.20252,159772.1
1786464000,0.20244,0.2036,0.20117,0.20259,135002.2
1786478400,0.20295,0.20407,0.20236,0.20319,132648.2
1786492800,0.20318,0.20411,0.20253,0.2027,133629.6
1786507200,0.20269,0.20288,0.19787,0.19918,223183.8
1786521600,0.19933,0.20087,0.19888,0.20014,244084.8
1786536000,0.20015,0.20315,0.19938,0.20036,342578.4
1786550400,0.20043,0.20125,0.19883,0.19894,252405.7
1786564800,0.19894,0.20036,0.19372,0.19668,320865.3
1786579200,0.19636,0.19818,0.19618,0.19728,212325.4
1786593600,0.19733,0.19752,0.19556,0.19588,79742.3
1786608000,0.19608,0.19738,0.19538,0.19559,162445.0
1786622400,0.1955,0.19848,0.19528,0.19606,273380.0
1786636800,0.19587,0.1972,0.19364,0.1968,274982.6
1786651200,0.1968,0.19826,0.19649,0.19778,104336.6
1786665600,0.19784,0.19841,0.19585,0.19585,222129.5
1786680000,0.19589,0.19659,0.19412,0.19447,109582.8
1786694400,0.19444,0.19578,0.19401,0.19451,231170.0
1786708800,0.19449,0.19685,0.19333,0.19653,304929.6
1786723200,0.19657,0.19796,0.19641,0.19751,130894.8
1786737600,0.19748,0.19805,0.1964,0.19786,54858.4
1786752000,0.1979,0.19973,0.19775,0.19801,198216.3
1786766400,0.19813,0.19964,0.19813,0.19904,86247.1
1786780800,0.19909,0.20017,0.1986,0.19896,97535.9
1786795200,0.19893,0.19986,0.1981,0.19986,82041.8
1786809600,0.19985,0.2002,0.19921,0.19971,76159.0
1786824000,0.19968,0.19998,0.1974,0.19785,88469.5
1786838400,0.19779,0.19873,0.19748,0.19793,59384.8
1786852800,0.19795,0.19843,0.19716,0.19794,42210.8
1786867200,0.19789,0.19846,0.19761,0.19784,45716.5
1786881600,0.19786,0.19874,0.19786,0.1987,52297.9
1786896000,0.19864,0.19927,0.19819,0.19858,70496.6
1786910400,0.19855,0.19898,0.19414,0.19615,120415.9
1786924800,0.19618,0.19888,0.19539,0.19783,103147.0
1786939200,0.19796,0.19914,0.19796,0.19837,46671.4
1786953600,0.19845,0.19845,0.19651,0.19731,450664.9
1786968000,0.19715,0.19852,0.19641,0.19852,96946.4
1786982400,0.19867,0.19867,0.19638,0.19645,132794.5
1786996800,0.19641,0.19683,0.19494,0.19591,108436.3
1787011200,0.19595,0.196,0.19148,0.19196,130280.4
1787025600,0.19198,0.19389,0.19176,0.19327,47572.7
1787040000,0.19317,0.19388,0.19283,0.19353,97323.4
1787054400,0.19352,0.19422,0.1916,0.19359,240758.6
1787068800,0.19373,0.19403,0.19205,0.19205,54372.2
1787083200,0.19205,0.19235,0.191,0.19129,64669.1
1787097600,0.1914,0.19193,0.19038,0.19136,104931.3
1787112000,0.19154,0.19155,0.18866,0.1895,160970.3
1787126400,0.18946,0.19124,0.18945,0.19053,70969.1
1787140800,0.1905,0.20305,0.19046,0.1991,311598.2
1787155200,0.19914,0.20045,0.19677,0.19891,212986.4
1787169600,0.19855,0.20578,0.19828,0.20303,145055.9
1787184000,0.20314,0.20633,0.20248,0.20263,158078.6
1787198400,0.20266,0.20403,0.20232,0.20368,89130.6
1787212800,0.20384,0.20763,0.20374,0.20591,234409.1
1787227200,0.20598,0.21218,0.20353,0.21159,268417.9
1787241600,0.21143,0.2152,0.20865,0.21005,90792.8
1787256000,0.21017,0.21464,0.2093,0.21426,96168.2
1787270400,0.21389,0.2163,0.21196,0.21514,156279.0
1787284800,0.21546,0.22099,0.21374,0.21926,694066.9
1787299200,0.2194,0.23352,0.21936,0.23075,2555052.1000000001
1787313600,0.23079,0.23907,0.22957,0.23471,353970.3
1787328000,0.235,0.23615,0.22989,0.23078,214632.8
1787342400,0.23021,0.23917,0.23021,0.23604,233363.2
1787356800,0.23594,0.25061,0.23456,0.24936,181372.8
1787371200,0.24906,0.25265,0.2218,0.23389,325868.9
1787385600,0.23377,0.23561,0.22319,0.2281,150145.4
1787400000,0.22807,0.23067,0.22513,0.22571,138901.1
1787414400,0.22572,0.23043,0.22495,0.23031,47958.7
1787428800,0.23012,0.23014,0.21995,0.22474,65549.9
1787443200,0.22437,0.22714,0.21788,0.21858,71627.7
1787457600,0.21844,0.22248,0.2149,0.22208,74162.1
1787472000,0.22201,0.2297,0.22146,0.22962,52876.7
1787486400,0.22968,0.24069,0.22706,0.23282,646411.1
1787500800,0.23295,0.23661,0.23063,0.23119,127068.4
1787515200,0.23104,0.2346,0.23004,0.23204,112355.7
1787529600,0.23189,0.23198,0.22269,0.22461,91185.1
1787544000,0.22464,0.2273,0.22419,0.22671,58111.7
1787558400,0.22631,0.23226,0.22415,0.23067,76157.7
1787572800,0.2306,0.23453,0.22769,0.23104,129374.0
1787587200,0.2312,0.23248,0.2269,0.22856,66039.0
1787601600,0.22861,0.23336,0.22785,0.2306,87435.9
1787616000,0.23033,0.23598,0.23003,0.23256,76809.1
1787630400,0.23263,0.23629,0.22865,0.23057,68482.3
1787644800,0.23083,0.23416,0.23059,0.23373,35228.1
1787659200,0.23383,0.23427,0.22771,0.23075,57633.1
1787673600,0.23064,0.2328,0.22996,0.23084,31905.2
1787688000,0.23093,0.23146,0.22384,0.22844,64539.4
1787702400,0.22831,0.2328,0.22794,0.23177,52459.8
1787716800,0.23174,0.23247,0.22946,0.23015,33915.0
1787731200,0.23004,0.23123,0.22796,0.22865,37474.2
1787745600,0.22873,0.22984,0.22038,0.2227,88312.3
1787760000,0.2231,0.22436,0.22066,0.22283,60419.3
1787774400,0.2227,0.2293,0.2208,0.22873,62670.5
1787788800,0.22861,0.22861,0.22526,0.22645,185447.8
1787803200,0.22646,0.22743,0.22427,0.22575,148683.5
1787817600,0.22571,0.23103,0.22488,0.22564,159040.5
1787832000,0.22577,0.22887,0.22444,0.22835,46131.9
1787846400,0.22821,0.23085,0.22686,0.22686,50294.1
1787860800,0.22688,0.22815,0.22618,0.22673,30360.4
1787875200,0.22673,0.23095,0.22177,0.22302,65624.2
1787889600,0.22333,0.22436,0.21196,0.21851,385255.9
1787904000,0.21851,0.22263,0.21602,0.22068,139461.7
1787918400,0.22013,0.22191,0.21428,0.21428,302924.5
1787932800,0.21402,0.21444,0.20933,0.21195,122783.5
1787947200,0.2121,0.21334,0.211,0.2127,85385.7
1787961600,0.2127,0.21322,0.21053,0.21067,61829.4
1787976000,0.21069,0.21193,0.20963,0.20987,58696.9
1787990400,0.20982,0.21061,0.20909,0.20909,42064.4
1788004800,0.20908,0.21163,0.20896,0.21018,39577.1
1788019200,0.21039,0.21057,0.20734,0.20848,61680.8
1788033600,0.20851,0.20985,0.2085,0.20936,108809.2
1788048000,0.20933,0.21002,0.20736,0.20909,82729.1
1788062400,0.20912,0.21142,0.20772,0.20989,35448.1
1788076800,0.20984,0.21115,0.20892,0.21084,34747.5
1788091200,0.21081,0.21183,0.20838,0.20861,34298.2
1788105600,0.2086,0.21134,0.20859,0.20898,43385.3
1788120000,0.20904,0.20909,0.19991,0.2036,188612.3
1788134400,0.20291,0.21549,0.20286,0.20826,1724919.2
1788148800,0.20837,0.20837,0.20476,0.20707,133532.7
1788163200,0.20692,0.20856,0.2066,0.20767,178587.9
1788177600,0.20773,0.20773,0.20247,0.20537,141381.9
1788192000,0.20526,0.20689,0.20417,0.20603,57788.1
1788206400,0.206,0.20945,0.20569,0.20718,78358.9
1788220800,0.20696,0.20993,0.20694,0.20902,96913.1
1788235200,0.20907,0.21629,0.20896,0.21415,132329.4
1788249600,0.21426,0.21426,0.20774,0.21231,124516.4
1788264000,0.21214,0.21428,0.20702,0.21428,144416.4
1788278400,0.21407,0.21432,0.20789,0.2121,142026.7
1788292800,0.21184,0.21184,0.20854,0.20969,55711.1
1788307200,0.20961,0.21178,0.20697,0.21069,79821.1
1788321600,0.21056,0.2196,0.20966,0.21313,274934.0
1788336000,0.21315,0.21349,0.20686,0.20867,99440.3
1788350400,0.20849,0.21021,0.20711,0.20842,41392.5
1788364800,0.20853,0.20964,0.20796,0.20894,41242.2
1788379200,0.20904,0.20998,0.20511,0.2079,195397.3
1788393600,0.20787,0.21086,0.20698,0.209,41719.2
1788408000,0.20905,0.21215,0.20757,0.21076,96363.0
1788422400,0.21077,0.21231,0.20958,0.21202,92304.8
1788436800,0.21181,0.21702,0.20984,0.21701,194283.0
1788451200,0.21664,0.21678,0.21393,0.21514,91949.9
1788465600,0.21491,0.21643,0.21271,0.21424,50666.9
1788480000,0.21415,0.21514,0.2119,0.21213,60162.8
1788494400,0.21211,0.21312,0.21011,0.2109,50258.1
1788508800,0.21098,0.21361,0.21082,0.21264,34111.4
1788523200,0.21257,0.21286,0.20668,0.20942,176012.0
1788537600,0.20938,0.21146,0.20914,0.21109,41240.9
1788552000,0.21118,0.21231,0.21015,0.21225,51049.9
1788566400,0.21231,0.21429,0.2117,0.21309,55139.5
1788580800,0.21308,0.21485,0.21227,0.2135,41140.8
1788595200,0.21348,0.21371,0.21188,0.21225,34591.7
1788609600,0.21227,0.21481,0.21219,0.21355,46879.1
1788624000,0.2135,0.21644,0.21348,0.21573,68312.3
1788638400,0.21583,0.21912,0.21548,0.21747,48374.3
1788652800,0.21754,0.22096,0.21376,0.21803,1614065.8
1788667200,0.21756,0.22582,0.21657,0.22394,237946.9
1788681600,0.22387,0.22984,0.22109,0.22782,338041.6
1788696000,0.22751,0.23038,0.223,0.22837,159839.1
1788710400,0.22852,0.22963,0.22458,0.2247,74043.2
1788724800,0.2247,0.22902,0.22449,0.22881,102606.2
1788739200,0.22881,0.23032,0.22605,0.2263,78505.9
1788753600,0.22649,0.22725,0.22208,0.22308,34125.0
1788768000,0.22317,0.22527,0.22317,0.22499,95372.1
1788782400,0.2254,0.22701,0.22118,0.22123,104692.1
1788796800,0.22143,0.22458,0.22139,0.2244,27221.5
1788811200,0.22441,0.22445,0.21961,0.22191,55522.4
1788825600,0.22168,0.22527,0.22147,0.22275,38268.1
1788840000,0.22261,0.22389,0.22024,0.22127,101714.1
1788854400,0.22085,0.22489,0.21993,0.22156,29084.9
1788868800,0.22149,0.22149,0.21591,0.22034,51564.4
1788883200,0.22037,0.22148,0.21751,0.21763,42238.1
1788897600,0.21816,0.21928,0.21678,0.21766,82041.9
1788912000,0.21769,0.21977,0.21769,0.21816,56888.5
1788926400,0.21841,0.2213,0.21838,0.22039,38825.6
1788940800,0.22048,0.22219,0.21768,0.21958,42174.6
1788955200,0.21948,0.22016,0.21428,0.2165,92927.4
1788969600,0.21649,0.21996,0.2144,0.21448,64802.8
1788984000,0.21432,0.21639,0.20922,0.21364,124655.6
1788998400,0.21341,0.21438,0.21105,0.21331,48141.8
1789012800,0.21348,0.21601,0.211,0.21181,41930.4
1789027200,0.21155,0.21286,0.21015,0.21119,49070.8
1789041600,0.21135,0.21148,0.20683,0.20905,89927.1
1789056000,0.2095,0.20961,0.20546,0.20678,46268.9
1789070400,0.20706,0.20817,0.20239,0.2034,48078.6
1789084800,0.20393,0.20602,0.2037,0.20598,35076.7
1789099200,0.20603,0.20805,0.20597,0.20672,35451.6
1789113600,0.2067,0.20844,0.20231,0.20408,60945.7
1789128000,0.20411,0.21258,0.20139,0.20883,111285.3
1789142400,0.20841,0.21046,0.20432,0.20625,41885.2
1789156800,0.20641,0.20759,0.20402,0.20641,34946.2
1789171200,0.20639,0.20946,0.20588,0.20842,30538.6
1789185600,0.20835,0.20954,0.20799,0.20904,31936.4
1789200000,0.20915,0.21072,0.20886,0.21062,36200.0
1789214400,0.21059,0.21318,0.20997,0.21225,43178.3
1789228800,0.21224,0.21559,0.21173,0.2144,55802.5
1789243200,0.21453,0.21519,0.21217,0.21302,47324.8
1789257600,0.21302,0.22137,0.21301,0.21993,95151.3
1789272000,0.21994,0.22167,0.21847,0.21852,54930.0
1789286400,0.21857,0.21926,0.21502,0.21555,137929.8
1789300800,0.21553,0.21878,0.2147,0.21683,40472.5
1789315200,0.21682,0.21866,0.21601,0.2165,119061.0
1789329600,0.21647,0.21755,0.20915,0.21202,55381.0
1789344000,0.21222,0.21823,0.21116,0.21637,49003.7
1789358400,0.21645,0.21645,0.21478,0.21507,152736.2
1789372800,0.21507,0.21564,0.21123,0.21132,38644.3
1789387200,0.21117,0.21171,0.20777,0.21005,48059.8
1789401600,0.21026,0.21312,0.20936,0.21175,66295.8
1789416000,0.21179,0.21464,0.20965,0.20973,36046.7
1789430400,0.2098,0.21146,0.2098,0.21017,72454.6
1789444800,0.21013,0.21083,0.20639,0.20651,73747.9
1789459200,0.20647,0.20734,0.20502,0.20617,96020.3
1789473600,0.20609,0.2078,0.20234,0.20472,84884.8
1789488000,0.20453,0.20664,0.19407,0.20085,179620.4
1789502400,0.2007,0.20071,0.19587,0.19864,96117.3
1789516800,0.19845,0.19927,0.19523,0.19796,45114.7
1789531200,0.19792,0.19931,0.19707,0.19716,63635.2
1789545600,0.19708,0.19926,0.19575,0.19853,84126.7
1789560000,0.19843,0.19885,0.19535,0.19606,45621.6
1789574400,0.19601,0.20156,0.19493,0.2005,124733.3
1789588800,0.2005,0.20729,0.19988,0.20693,89099.9
1789603200,0.20672,0.20673,0.20403,0.20506,55490.1
1789617600,0.20507,0.2085,0.2043,0.20818,51627.0
1789632000,0.20821,0.20855,0.20667,0.20809,66061.3
1789646400,0.20793,0.20942,0.20538,0.20826,51219.6
1789660800,0.2083,0.20916,0.20616,0.20827,121483.4
1789675200,0.20809,0.21341,0.20792,0.21299,47361.1
1789689600,0.21307,0.22167,0.21158,0.2199,124726.8
1789704000,0.22027,0.22053,0.2167,0.22027,59721.7
1789718400,0.22034,0.22164,0.21866,0.22019,63433.9
1789732800,0.22002,0.22673,0.21988,0.2238,199392.2
1789747200,0.22382,0.22566,0.22322,0.2235,70236.8
1789761600,0.2235,0.22644,0.22331,0.2243,49116.1
1789776000,0.22436,0.22795,0.22314,0.22701,61610.8
1789790400,0.22702,0.22768,0.22132,0.22195,77903.5
1789804800,0.22201,0.23054,0.22201,0.22969,136790.3
1789819200,0.22979,0.2306,0.22747,0.22828,106435.7
1789833600,0.22885,0.23033,0.22727,0.22834,58183.3
1789848000,0.22847,0.23207,0.22479,0.23121,193470.1
1789862400,0.23138,0.23322,0.20136,0.22456,1288311.7
1789876800,0.22454,0.22689,0.22347,0.2235,63385.7
1789891200,0.22357,0.22482,0.21837,0.22025,149058.6
1789905600,0.22032,0.22487,0.21931,0.22487,95279.4
1789920000,0.22478,0.22848,0.22398,0.2259,53241.0
1789934400,0.22606,0.22761,0.22419,0.22647,46710.6
1789948800,0.22656,0.23058,0.22417,0.22938,54364.6
1789963200,0.22962,0.23088,0.2276,0.2299,74611.3
1789977600,0.22987,0.23834,0.22972,0.2374,166426.4
1789992000,0.23753,0.24008,0.2356,0.23725,89835.2
1790006400,0.23717,0.23864,0.2328,0.2364,92780.1
1790020800,0.23639,0.24344,0.23578,0.24023,161512.3
1790035200,0.24034,0.24202,0.23479,0.23769,69896.6
1790049600,0.23776,0.23915,0.23445,0.23587,92853.1
1790064000,0.23616,0.23797,0.23073,0.23262,63118.3
1790078400,0.23275,0.23875,0.2315,0.23761,243105.2
1790092800,0.23768,0.24276,0.23673,0.24031,88473.7
1790107200,0.24044,0.24759,0.24009,0.24676,133259.6
1790121600,0.24648,0.25672,0.24495,0.25667,290323.9
1790136000,0.25607,0.25795,0.25225,0.25442,96668.5
1790150400,0.25445,0.26772,0.25319,0.261,247009.7
1790164800,0.26151,0.26255,0.23821,0.23821,391839.3
1790179200,0.23843,0.24322,0.2335,0.23529,278949.7
1790193600,0.23558,0.23618,0.22916,0.23126,164971.3
1790208000,0.23173,0.23626,0.22971,0.23251,47428.6
1790222400,0.23275,0.23817,0.23163,0.23474,55035.2
1790236800,0.2349,0.23559,0.22741,0.23417,115859.1
1790251200,0.2343,0.25297,0.23311,0.24882,136234.2
1790265600,0.24887,0.25328,0.24755,0.25062,80619.9
1790280000,0.25086,0.25858,0.2505,0.25348,98101.4
1790294400,0.25354,0.26509,0.25326,0.2601,223423.6
1790308800,0.25969,0.26229,0.25573,0.26167,192663.4
1790323200,0.26136,0.26224,0.25547,0.25863,123339.4
1790337600,0.25899,0.26036,0.25134,0.25506,263615.4
1790352000,0.25536,0.2619,0.2553,0.26172,100763.3
1790366400,0.26178,0.26278,0.25701,0.26108,73215.2
1790380800,0.26104,0.262,0.25743,0.25749,37385.4
1790395200,0.2574,0.26225,0.25723,0.2601,31461.0
1790409600,0.26009,0.26216,0.25749,0.26075,40201.3
1790424000,0.26058,0.27225,0.25922,0.27113,77171.2
1790438400,0.27149,0.27195,0.26249,0.2628,156532.8
1790452800,0.26219,0.26335,0.25438,0.26249,52064.6
1790467200,0.26209,0.26252,0.25616,0.25826,60612.6
1790481600,0.25815,0.26323,0.25675,0.2626,43533.8
1790496000,0.26301,0.26642,0.26081,0.26642,82112.3
1790510400,0.26648,0.27086,0.25875,0.25994,122948.5
1790524800,0.26004,0.27292,0.25956,0.27281,123364.6
1790539200,0.27317,0.2773,0.26419,0.26921,178692.5
1790553600,0.26941,0.27075,0.24967,0.25198,140415.2
1790568000,0.25178,0.25557,0.24366,0.24468,178362.5
1790582400,0.24418,0.2469,0.24271,0.24406,74880.8
1790596800,0.24391,0.24982,0.23708,0.24048,152226.7
1790611200,0.24019,0.24677,0.23841,0.24017,247058.9
1790625600,0.24056,0.24759,0.23916,0.24655,52412.1
1790640000,0.24661,0.24806,0.23752,0.24107,129658.4
1790654400,0.2414,0.24881,0.23941,0.24847,86054.0
1790668800,0.24866,0.25955,0.24683,0.25955,245020.5
1790683200,0.25973,0.26225,0.25263,0.25313,408552.0
1790697600,0.25434,0.25812,0.24923,0.25635,108639.8
1790712000,0.25655,0.25956,0.25193,0.25422,72670.8
1790726400,0.25428,0.25892,0.2524,0.25274,50145.7
1790740800,0.25258,0.2572,0.25082,0.25486,55967.9
1790755200,0.25496,0.26033,0.25296,0.25648,55607.6
1790769600,0.25666,0.26123,0.25136,0.25507,257871.0
1790784000,0.25505,0.26003,0.25093,0.25176,54319.3
1790798400,0.25195,0.25506,0.24766,0.25338,190399.2
1790812800,0.25322,0.25751,0.25252,0.25751,102569.1
1790827200,0.25741,0.25931,0.25326,0.25542,71230.5
1790841600,0.25561,0.25746,0.25133,0.25348,54915.4
1790856000,0.25343,0.25343,0.24631,0.24947,119192.0
1790870400,0.24974,0.25485,0.24764,0.25267,55105.5
1790884800,0.25311,0.2544,0.25078,0.25359,33419.9
1790899200,0.25343,0.25343,0.24822,0.24964,44114.8
1790913600,0.24955,0.25366,0.24863,0.25265,57685.7
1790928000,0.25273,0.25542,0.25132,0.25542,56512.2
1790942400,0.25488,0.26112,0.25259,0.25448,224135.6
1790956800,0.25461,0.25587,0.23918,0.24413,112615.2
1790971200,0.24443,0.2503,0.24198,0.25003,48788.0
1790985600,0.2499,0.2544,0.24902,0.25367,70458.0
1791000000,0.25376,0.25688,0.24823,0.24843,58261.0
1791014400,0.24848,0.25719,0.24796,0.25517,75545.8
1791028800,0.25534,0.25748,0.2531,0.25402,81971.2
1791043200,0.25408,0.25646,0.2519,0.25315,47976.7
1791057600,0.25332,0.25573,0.25305,0.25507,81490.7
1791072000,0.25512,0.25533,0.25223,0.25293,54704.7
1791086400,0.2529,0.26174,0.25287,0.25896,64942.9
1791100800,0.2587,0.25997,0.25616,0.25625,47506.0
