t,o,h,l,c,v
1719115200,6.5043,6.5227,6.4698,6.4921,43975.9
1719129600,6.4954,6.5464,6.4109,6.4431,32759.5
1719144000,6.4416,6.4545,6.2251,6.2373,34233.6
1719158400,6.2243,6.2416,6.0864,6.1634,67380.5
1719172800,6.1584,6.1648,6.0475,6.086,63495.5
1719187200,6.0866,6.1598,6.0152,6.0889,170419.1
1719201600,6.103,6.1081,5.8952,6.0862,129039.4
1719216000,6.0876,6.2926,5.7355,6.258,261931.0
1719230400,6.2628,6.4819,6.2587,6.3282,217876.9
1719244800,6.3351,6.4832,6.2982,6.3498,305396.0
1719259200,6.394,6.7464,6.2847,6.7156,179909.1
1719273600,6.7202,6.9444,6.6771,6.8692,134568.3
1719288000,6.8782,6.9646,6.767,6.7692,107216.9
1719302400,6.7787,6.9189,6.7279,6.9125,51737.1
1719316800,6.9296,7.0911,6.8996,7.0411,87999.6
1719331200,7.0355,7.0586,6.8946,6.9422,164355.1
1719345600,6.9483,6.9549,6.7856,6.7929,26747.6
1719360000,6.7966,6.8643,6.7058,6.71,41118.0
1719374400,6.7057,6.7243,6.6216,6.7236,56964.5
1719388800,6.7283,6.7666,6.5611,6.5776,77410.8
1719403200,6.5837,6.6709,6.4655,6.4848,76112.8
1719417600,6.4864,6.5028,6.3184,6.4339,82863.5
1719432000,6.4411,6.4998,6.4135,6.4199,53519.1
1719446400,6.4211,6.4273,6.3579,6.3888,48454.5
1719460800,6.3836,6.4728,6.3085,6.3105,111700.8
1719475200,6.3038,6.3935,6.2955,6.3048,81736.6
1719489600,6.3091,6.5333,6.2241,6.2623,298055.5
1719504000,6.2635,6.3211,6.2417,6.2777,85400.5
1719518400,6.2828,6.4058,6.2696,6.3156,37606.0
1719532800,6.3145,6.4944,6.2494,6.3364,41556.6
1719547200,6.3356,6.3595,6.2413,6.3351,31057.2
1719561600,6.3319,6.4649,6.2757,6.374,40887.4
1719576000,6.3673,6.377,6.1762,6.3257,165978.6
1719590400,6.3223,6.3353,6.0977,6.1234,48907.2
1719604800,6.1416,6.163,6.0311,6.0708,53746.8
1719619200,6.0677,6.3028,6.0524,6.2492,73714.8
1719633600,6.2442,6.2717,6.1489,6.2153,16716.9
1719648000,6.2172,6.2436,6.177,6.1795,14010.7
1719662400,6.1861,6.2424,6.1183,6.2246,21552.7
1719676800,6.2267,6.2267,6.0725,6.1155,17379.9
1719691200,6.1111,6.1276,6.0067,6.0428,30385.6
1719705600,6.0395,6.1147,6.0143,6.0936,21778.9
1719720000,6.0956,6.2254,5.9834,6.1548,89637.3
1719734400,6.1554,6.1821,6.103,6.1087,19005.9
1719748800,6.1093,6.2114,6.0797,6.1911,48409.5
1719763200,6.1876,6.2029,6.1318,6.1665,25158.8
1719777600,6.1684,6.2872,6.1077,6.2031,122595.2
1719792000,6.2033,6.3149,6.1788,6.242,38838.7
1719806400,6.2434,6.2729,6.1764,6.2354,75359.6
1719820800,6.2315,6.2388,5.7625,5.826,333110.6
1719835200,5.8213,5.8556,5.6372,5.6939,340176.8
1719849600,5.6939,5.9847,5.6878,5.9588,221127.1
1719864000,5.9657,5.9698,5.7674,5.8038,114692.6
1719878400,5.8022,5.8144,5.7339,5.7697,101298.4
1719892800,5.7808,5.924,5.7552,5.8213,113361.8
1719907200,5.8254,5.8706,5.798,5.8447,38066.2
1719921600,5.8453,5.9775,5.7862,5.824,132206.2
1719936000,5.8217,5.9216,5.7323,5.9148,96381.4
1719950400,5.9194,5.9194,5.8179,5.8216,23643.4
1719964800,5.8213,5.9001,5.6195,5.7262,121930.5
1719979200,5.7123,5.8028,5.6936,5.7913,17202.5
1719993600,5.789,5.9463,5.6295,5.7183,122758.9
1720008000,5.7185,5.7185,5.4481,5.5164,128224.8
1720022400,5.5168,5.5729,5.3353,5.3759,88703.4
1720036800,5.3812,5.3944,5.2752,5.3067,86770.8
1720051200,5.3026,5.3284,5.0053,5.1911,464412.2
1720065600,5.19,5.1997,4.9874,5.0177,179861.0
1720080000,5.0253,5.1379,4.9317,5.0356,163260.3
1720094400,5.0392,5.0489,4.7372,4.9415,267318.8
1720108800,4.9287,5.0332,4.8741,4.962,140551.1
1720123200,4.9623,5.0859,4.843,4.8956,272642.1
1720137600,4.9031,4.9175,4.1504,4.3119,1113797.0
1720152000,4.3108,4.6006,4.2177,4.4856,431439.2
1720166400,4.4817,4.9348,4.3514,4.8802,427474.1
1720180800,4.871,5.0465,4.8223,4.9669,218705.8
1720195200,4.966,4.987,4.7906,4.8648,113791.2
1720209600,4.8704,4.9047,4.8029,4.8145,39918.2
1720224000,4.8125,4.9907,4.7623,4.8771,134124.4
1720238400,4.8779,4.9865,4.8191,4.9789,33184.4
1720252800,4.974,5.2745,4.9521,5.2745,72624.6
1720267200,5.274,5.593,5.2379,5.5153,405500.0
1720281600,5.5181,5.5633,5.3664,5.5078,95402.0
1720296000,5.5098,5.627,5.5098,5.5859,47592.0
1720310400,5.5833,5.5833,5.4312,5.5044,81458.2
1720324800,5.5042,5.5105,5.2921,5.3559,44279.6
1720339200,5.358,5.406,5.2968,5.3268,43923.0
1720353600,5.3269,5.3514,5.1172,5.1916,128682.5
1720368000,5.1926,5.3423,5.1785,5.2578,78921.3
1720382400,5.2593,5.2768,5.0592,5.0817,89352.6
1720396800,5.0908,5.1548,4.8956,5.0901,220799.9
1720411200,5.0849,5.4527,5.0412,5.4522,271988.5
1720425600,5.4522,6.2702,5.4205,6.0479,486418.7
1720440000,6.046,6.0702,5.6343,5.7623,404812.1
1720454400,5.7463,6.1568,5.7089,6.071,405553.8
1720468800,6.0712,6.0982,5.8874,6.0419,239551.2
1720483200,6.049,6.3709,5.971,6.081,543178.6
1720497600,6.0807,6.2,6.0419,6.1369,214439.8
1720512000,6.1383,6.5154,6.0872,6.4697,808437.0
1720526400,6.459,6.9357,6.4543,6.661,925632.2
1720540800,6.6487,7.2184,6.5766,7.144,633433.9
1720555200,7.1314,7.3465,7.0444,7.2483,581063.2
1720569600,7.2428,7.3675,7.0652,7.3065,493226.8
1720584000,7.3074,7.4222,6.9013,6.9358,762795.0
1720598400,6.9343,6.9619,6.596,6.6377,357933.4
1720612800,6.6396,6.7198,6.569,6.6479,692868.9
1720627200,6.6686,6.8983,6.6569,6.8731,675335.4
1720641600,6.8648,6.8757,6.768,6.8261,222937.0
1720656000,6.8597,7.2226,6.7454,6.8223,786020.9
1720670400,6.8175,7.0812,6.8128,7.0675,438005.1
1720684800,7.0653,7.083,6.7577,6.7925,202653.5
1720699200,6.7946,6.9017,6.6234,6.6457,714467.7
1720713600,6.634,6.7398,6.581,6.6015,341714.0
1720728000,6.6029,6.6059,6.2884,6.4328,762433.2
1720742400,6.4322,6.4611,6.2638,6.3216,312574.1
1720756800,6.3313,6.6075,6.2441,6.5857,528353.7
1720771200,6.5819,6.6437,6.4584,6.6215,261522.6
1720785600,6.6187,6.7092,6.3682,6.4049,755334.1
1720800000,6.4092,6.4406,6.2563,6.2563,304536.7
1720814400,6.2678,6.3752,6.2331,6.3624,101980.1
1720828800,6.3631,6.4773,6.3085,6.3731,142636.2
1720843200,6.3761,6.4416,6.3086,6.4127,210970.8
1720857600,6.4067,6.4435,6.3449,6.4126,307547.3
1720872000,6.4142,6.4366,6.0234,6.1261,744807.7
1720886400,6.1278,6.2327,6.0804,6.1455,314075.4
1720900800,6.1423,6.2216,6.0384,6.0873,248426.5
1720915200,6.0868,6.2252,6.0868,6.1879,140531.8
1720929600,6.1859,6.2929,6.1537,6.2081,203479.7
1720944000,6.2083,6.3861,6.2083,6.38,277254.9
1720958400,6.3798,6.3816,6.1117,6.1991,268450.8
1720972800,6.1903,6.3,6.0675,6.1041,196079.6
1720987200,6.0996,6.4013,6.0938,6.316,189345.6
1721001600,6.3127,6.6018,6.2742,6.3716,685414.9
1721016000,6.3713,6.5986,6.2546,6.5384,375850.9
1721030400,6.5357,6.54,6.2667,6.3266,465786.3
1721044800,6.3264,6.6117,6.3058,6.5755,447841.3
1721059200,6.5755,6.8465,6.437,6.5499,579097.2
1721073600,6.544,6.9828,6.5054,6.847,444545.2
1721088000,6.8512,6.8737,6.6218,6.7343,606413.8
1721102400,6.7286,6.7717,6.354,6.3613,378842.8
1721116800,6.3632,6.5098,6.2978,6.5051,152835.3
1721131200,6.5079,6.6537,6.3785,6.6358,335820.0
1721145600,6.6299,6.8471,6.5166,6.6974,551850.1
1721160000,6.6992,6.7876,6.5728,6.6129,386775.5
1721174400,6.6132,6.6969,6.4646,6.5046,274638.1
1721188800,6.5154,6.735,6.4424,6.6597,321489.3
1721203200,6.6632,6.6708,6.376,6.3986,331478.8
1721217600,6.3969,6.5473,6.34,6.4157,146243.4
1721232000,6.4049,6.489,6.288,6.4409,171037.7
1721246400,6.4423,6.4653,6.2686,6.2834,163045.5
1721260800,6.2781,6.4347,6.2754,6.404,183562.8
1721275200,6.4009,6.4233,6.2531,6.3313,128566.1
1721289600,6.3292,6.4468,6.2816,6.4366,53713.5
1721304000,6.4335,6.5139,6.2857,6.3331,272833.9
1721318400,6.3326,6.3332,5.9838,6.0171,231992.2
1721332800,6.0164,6.2234,6.0097,6.1868,75466.6
1721347200,6.1897,6.2284,6.0417,6.2042,90066.0
1721361600,6.2,6.2744,6.1067,6.1426,93730.7
1721376000,6.1416,6.2282,6.0672,6.1194,96627.9
1721390400,6.1227,6.2991,6.0695,6.29,152029.2
1721404800,6.2953,6.4637,6.2953,6.4337,133580.8
1721419200,6.4333,6.4424,6.3971,6.4171,54993.1
1721433600,6.4169,6.4702,6.3176,6.4424,47789.2
1721448000,6.4436,6.7963,6.4436,6.7051,214175.9
1721462400,6.6994,6.8039,6.5638,6.6208,339377.3
1721476800,6.6209,6.7632,6.4347,6.5691,275583.7
1721491200,6.5736,6.6049,6.4805,6.5094,220883.1
1721505600,6.5119,6.5879,6.4707,6.5359,36324.5
1721520000,6.5344,6.6625,6.4821,6.6477,126316.9
1721534400,6.6612,6.784,6.48,6.4946,389045.8
1721548800,6.4939,6.627,6.4794,6.5257,78401.9
1721563200,6.5258,6.641,6.3701,6.6028,158549.2
1721577600,6.6063,6.6903,6.3011,6.5627,417982.6
1721592000,6.5627,7.3819,6.535,7.2877,355454.1
1721606400,7.3009,7.6424,7.2815,7.3605,326417.3
1721620800,7.3638,7.3859,7.0786,7.2451,185718.6
1721635200,7.2469,7.4085,7.2096,7.3122,166616.6
1721649600,7.3076,7.6031,7.2362,7.2827,440572.6
1721664000,7.2819,7.5722,7.2547,7.525,216100.9
1721678400,7.4933,7.6583,7.1659,7.234,542644.4
1721692800,7.2157,7.3195,7.105,7.1245,229742.5
1721707200,7.1239,7.2005,6.9137,6.9983,251095.8
1721721600,6.9999,7.1391,6.9469,6.9878,289537.9
1721736000,6.996,7.0799,6.8166,6.836,240578.0
1721750400,6.8317,6.834,6.3998,6.4746,510266.8
1721764800,6.4712,6.5313,6.3448,6.4006,166040.1
1721779200,6.398,6.4553,6.3386,6.444,72130.2
1721793600,6.4398,6.4424,6.3443,6.4068,39946.5
1721808000,6.4092,6.4697,6.3863,6.404,72036.1
1721822400,6.405,6.4947,6.2378,6.307,151727.7
1721836800,6.2975,6.3971,6.2219,6.2948,136687.7
1721851200,6.2961,6.3464,5.9474,5.9811,222709.5
1721865600,5.979,5.979,5.7077,5.7686,403377.8
1721880000,5.7754,5.8347,5.7312,5.7576,45619.9
1721894400,5.7574,5.7968,5.6425,5.6773,71920.5
1721908800,5.6785,5.8015,5.577,5.6995,248916.1
1721923200,5.7,5.7477,5.4593,5.5063,85804.6
1721937600,5.5071,5.7158,5.4034,5.7066,202938.8
1721952000,5.7076,5.8319,5.689,5.7951,100634.6
1721966400,5.8012,5.9082,5.7805,5.8526,132375.2
1721980800,5.8525,5.91,5.8389,5.8959,69778.8
1721995200,5.8853,5.9306,5.7932,5.8616,143175.3
1722009600,5.8641,6.0445,5.8509,6.0116,119328.4
1722024000,6.0091,6.0113,5.9078,5.9888,59432.2
1722038400,5.9811,6.0214,5.917,5.944,41282.1
1722052800,5.9453,6.0583,5.9235,6.0152,34577.0
1722067200,6.0134,6.0465,5.9244,5.9764,25876.6
1722081600,5.975,6.0951,5.7665,5.8294,193464.1
1722096000,5.8312,5.8987,5.7013,5.8053,218708.0
1722110400,5.8053,6.0415,5.6689,5.8756,292322.2
1722124800,5.8706,5.8777,5.7608,5.7608,48039.1
1722139200,5.7606,5.7729,5.6037,5.7029,82223.8
1722153600,5.7009,5.7514,5.6521,5.7186,38001.5
1722168000,5.7226,5.7454,5.6402,5.6626,59032.3
1722182400,5.6652,5.739,5.6552,5.6941,36707.6
1722196800,5.6958,5.6991,5.5695,5.6808,94568.8
1722211200,5.6777,5.9039,5.6716,5.8212,139677.8
1722225600,5.8193,5.8193,5.7381,5.754,94255.6
1722240000,5.7535,5.7894,5.7037,5.7217,45785.7
1722254400,5.7185,5.7534,5.4829,5.5279,258403.3
1722268800,5.5232,5.754,5.445,5.6747,217014.4
1722283200,5.671,5.7048,5.5347,5.5678,88156.2
1722297600,5.5745,5.6669,5.5051,5.6506,78152.1
1722312000,5.6514,5.7418,5.645,5.6571,58080.3
1722326400,5.6607,5.7077,5.6378,5.6765,32271.9
1722340800,5.6729,5.692,5.5717,5.6375,176180.9
1722355200,5.6377,5.6527,5.3136,5.3511,183416.4
1722369600,5.3518,5.4229,5.2575,5.4206,93765.7
1722384000,5.4315,5.52,5.3839,5.4086,100895.0
1722398400,5.4194,5.5168,5.3576,5.4578,49467.0
1722412800,5.4565,5.4863,5.3725,5.4015,49275.2
1722427200,5.4038,5.5246,5.4038,5.4064,101668.5
1722441600,5.4092,5.5008,5.3234,5.3695,144194.1
1722456000,5.37,5.3934,5.2467,5.2653,126198.6
1722470400,5.2609,5.4523,5.2609,5.3879,147320.2
1722484800,5.3869,5.4451,5.2443,5.3949,145161.1
1722499200,5.3943,5.3943,5.2916,5.3593,77356.0
1722513600,5.3552,5.4115,5.1527,5.2469,280195.3
1722528000,5.249,5.326,5.033,5.3242,307897.7
1722542400,5.3087,5.6624,5.2963,5.5777,167060.8
1722556800,5.5796,5.63,5.3446,5.4475,129976.8
1722571200,5.4546,5.4741,5.2299,5.3175,186578.9
1722585600,5.3198,5.3722,5.2356,5.3094,131658.2
1722600000,5.3088,5.4904,5.0532,5.1188,749279.8
1722614400,5.1168,5.4144,5.0197,5.3913,342007.5
1722628800,5.3929,5.5304,5.29,5.325,574262.1
1722643200,5.3124,5.3571,5.0553,5.3202,430289.1
1722657600,5.3202,5.4149,5.2834,5.2834,45599.7
1722672000,5.2835,5.4041,5.2579,5.3409,52725.8
1722686400,5.3456,5.5417,5.3274,5.3954,345865.5
1722700800,5.3958,5.4336,4.9505,4.9563,688817.5
1722715200,4.9564,5.0504,4.9022,4.9644,187083.0
1722729600,4.9626,5.0381,4.9208,5.0074,71637.2
1722744000,5.0134,5.2935,5.013,5.1919,169379.0
1722758400,5.1864,5.2048,5.0788,5.1358,143674.7
1722772800,5.1408,5.1633,4.7954,4.8056,426617.9
1722787200,4.8032,4.9154,4.5762,4.8573,1159673.1000000001
1722801600,4.8565,4.9246,4.7019,4.714,237273.2
1722816000,4.7136,4.8144,4.1416,4.3874,1841880.2
1722830400,4.3866,4.4912,3.931,4.4621,1566565.7
1722844800,4.4633,4.6071,4.2294,4.3807,675380.2
1722859200,4.3818,5.2695,4.1674,5.0981,1405542.3
1722873600,5.0865,5.2888,4.866,4.9263,889610.0
1722888000,4.9362,4.9844,4.697,4.7283,386958.5
1722902400,4.7332,5.1257,4.7045,4.8956,858321.9
1722916800,4.9034,5.0346,4.8663,4.9653,331400.5
1722931200,4.9627,4.9854,4.8286,4.879,168433.9
1722945600,4.8748,5.0735,4.7872,4.9755,494285.9
1722960000,4.9742,5.0663,4.9295,5.0418,282672.4
1722974400,5.0319,5.1349,4.9575,4.9757,506371.7
1722988800,4.9706,5.0916,4.895,4.9862,271617.3
1723003200,4.9824,5.0872,4.887,4.92,233222.0
1723017600,4.918,5.0206,4.8862,4.8957,65378.5
1723032000,4.8989,4.9613,4.6394,4.7365,485335.3
1723046400,4.7374,4.7518,4.5061,4.5629,254587.9
1723060800,4.56,4.5929,4.4545,4.5095,212723.9
1723075200,4.5188,4.8717,4.4621,4.6328,400501.5
1723089600,4.6339,4.6864,4.5681,4.5682,211776.1
1723104000,4.567,4.6639,4.5543,4.6385,90070.2
1723118400,4.6389,4.7291,4.5518,4.7139,370613.8
1723132800,4.7176,4.8007,4.7046,4.7435,363749.2
1723147200,4.7517,5.6979,4.7429,5.6615,1174521.1000000001
1723161600,5.64,5.7268,5.549,5.7054,744734.8
1723176000,5.6989,5.7098,5.5276,5.5697,128161.6
1723190400,5.575,5.6591,5.5201,5.632,79037.3
1723204800,5.6341,5.7736,5.5245,5.5997,1034209.2
1723219200,5.5993,5.7878,5.538,5.5762,916497.0
1723233600,5.5636,5.6224,5.4103,5.6006,535054.2
1723248000,5.5982,5.7876,5.5522,5.6293,388945.7
1723262400,5.6408,5.7967,5.5193,5.7857,309301.7
1723276800,5.7756,5.8799,5.63,5.819,375753.0
1723291200,5.8277,6.2411,5.8033,5.8968,423388.3
1723305600,5.8919,5.9114,5.65,5.7479,274049.7
1723320000,5.7424,5.9238,5.7146,5.8812,63846.7
1723334400,5.8727,5.8727,5.6593,5.6751,355424.5
1723348800,5.6772,5.7411,5.663,5.6922,77681.9
1723363200,5.6943,5.7159,5.5639,5.5956,331375.1
1723377600,5.594,5.615,5.3993,5.4278,188009.2
1723392000,5.4206,5.4276,5.2678,5.2691,275333.6
1723406400,5.2679,5.2717,5.1011,5.1192,394146.1
1723420800,5.119,5.2129,5.1087,5.149,183227.7
1723435200,5.1451,5.3349,5.0746,5.3102,524623.5
1723449600,5.3222,5.7729,5.3222,5.7058,311419.1
1723464000,5.7145,6.0421,5.5744,5.8761,1041253.5
1723478400,5.874,5.9864,5.7352,5.8221,693082.3
1723492800,5.8335,5.9292,5.7304,5.86,365921.3
1723507200,5.8627,5.8627,5.5458,5.5579,340602.6
1723521600,5.5563,5.7007,5.5334,5.6079,125235.7
1723536000,5.612,5.6236,5.5395,5.5795,298346.7
1723550400,5.5784,5.9256,5.541,5.8943,565353.3
1723564800,5.8918,6.4152,5.8356,6.3132,1116587.8
1723579200,6.3116,6.3474,6.1257,6.1879,510809.0
1723593600,6.193,6.2219,6.0314,6.04,191765.2
1723608000,6.04,6.2039,6.0181,6.2039,512220.8
1723622400,6.2029,6.2029,6.0306,6.063,380388.2
1723636800,6.0621,6.2033,5.8586,5.9588,1331578.3999999999
1723651200,5.95,5.9525,5.7535,5.8311,487094.1
1723665600,5.825,5.8285,5.6822,5.6842,250673.6
1723680000,5.6809,5.766,5.6542,5.7175,141825.0
1723694400,5.7189,5.7225,5.5709,5.6011,156934.5
1723708800,5.6005,5.6489,5.5473,5.6146,274054.0
1723723200,5.6125,5.9023,5.5556,5.5556,683534.0
1723737600,5.5559,5.6111,5.309,5.4898,1077441.5
1723752000,5.4885,5.5421,5.3248,5.38,914867.8
1723766400,5.3806,5.5684,5.3569,5.3569,226937.3
1723780800,5.352,5.4374,5.352,5.3882,81385.6
1723795200,5.3832,5.3894,5.2129,5.2317,409329.1
1723809600,5.2317,5.33,5.0191,5.0391,711170.5
1723824000,5.0381,5.2515,4.9727,5.1264,808257.8
1723838400,5.1249,5.2248,5.1228,5.1476,164964.7
1723852800,5.1483,5.1841,5.0821,5.1131,219620.9
1723867200,5.113,5.142,5.062,5.1027,116432.9
1723881600,5.1026,5.1334,5.0321,5.0765,176237.7
1723896000,5.0713,5.125,4.9973,5.0251,423536.1
1723910400,5.0304,5.1693,5.0162,5.07,191200.7
1723924800,5.0676,5.1799,5.0645,5.12,172516.2
1723939200,5.1139,5.1595,5.0556,5.0563,166837.4
1723953600,5.0448,5.1056,5.0261,5.0648,73581.2
1723968000,5.0643,5.1621,5.0433,5.1246,208829.1
1723982400,5.1181,5.2412,5.1033,5.2132,202589.5
1723996800,5.217,5.2575,5.1106,5.1244,196699.0
1724011200,5.126,5.2056,4.9871,4.9871,149080.9
1724025600,5.0045,5.0269,4.7929,4.9304,591149.9
1724040000,4.9242,4.9764,4.871,4.8754,99516.3
1724054400,4.8693,4.9691,4.8169,4.8502,374307.9
1724068800,4.8453,4.9473,4.8062,4.8525,223929.2
1724083200,4.8523,4.9751,4.7651,4.9221,334779.6
1724097600,4.9145,5.0212,4.902,5.0113,142795.2
1724112000,5.0091,5.1388,4.9804,5.016,385075.0
1724126400,5.0193,5.1909,5.0053,5.1429,136174.4
1724140800,5.1472,5.158,5.0821,5.1205,151819.6
1724155200,5.1185,5.1739,4.91,5.0098,333544.6
1724169600,4.9991,5.059,4.9621,5.0151,164890.8
1724184000,5.0199,5.0662,4.9588,4.9911,84912.2
1724198400,4.9932,5.0704,4.9466,5.0377,87275.6
1724212800,5.0366,5.1673,5.0279,5.1216,126760.8
1724227200,5.124,5.134,4.9972,5.0386,154521.5
1724241600,5.0334,5.0832,4.8917,4.9753,406431.9
1724256000,4.9766,5.1851,4.9335,5.1686,329643.4
1724270400,5.1724,5.2162,5.128,5.1479,175815.3
1724284800,5.1553,5.2385,5.114,5.2301,129845.3
1724299200,5.2193,5.2398,5.1606,5.2328,142806.0
1724313600,5.229,5.2963,5.1755,5.2417,238251.7
1724328000,5.2385,5.2663,5.1353,5.1547,326896.4
1724342400,5.1616,5.2315,5.1435,5.1554,269205.6
1724356800,5.163,5.2789,5.163,5.2703,196994.7
1724371200,5.2737,5.3861,5.2659,5.3802,345644.2
1724385600,5.3745,5.6434,5.3678,5.4898,392409.2
1724400000,5.4903,5.6132,5.4636,5.4661,87331.9
1724414400,5.464,5.7,5.4337,5.6192,531435.7
1724428800,5.6188,5.8659,5.6031,5.8126,520401.3
1724443200,5.8228,5.9449,5.7822,5.9303,210418.1
1724457600,5.9332,5.9909,5.8518,5.9442,122210.0
1724472000,5.9542,6.0909,5.9471,6.0526,204152.1
1724486400,6.052,6.0594,5.9347,5.9347,346084.5
1724500800,5.9356,6.1872,5.9356,6.0292,205707.3
1724515200,6.0304,6.1956,6.0244,6.1292,314801.8
1724529600,6.1278,6.1397,5.9347,6.0495,160484.9
1724544000,6.0486,6.0486,5.7509,5.8227,153866.1
1724558400,5.825,5.8585,5.6533,5.6866,156179.9
1724572800,5.6911,5.7635,5.6573,5.6867,89274.4
1724587200,5.6952,5.8314,5.6762,5.8118,110763.8
1724601600,5.7982,5.8491,5.6988,5.7184,208960.2
1724616000,5.723,5.834,5.6846,5.7048,112897.3
1724630400,5.7012,5.7839,5.6393,5.7219,121348.1
1724644800,5.721,5.749,5.5592,5.6027,206481.7
1724659200,5.6002,5.729,5.569,5.6416,183955.1
1724673600,5.6407,5.6471,5.4604,5.5236,336106.9
1724688000,5.514,5.7016,5.4911,5.5425,308441.9
1724702400,5.5321,5.5634,5.411,5.4112,173074.8
1724716800,5.4111,5.5758,5.4111,5.476,83691.1
1724731200,5.4754,5.5483,5.4231,5.4379,83084.2
1724745600,5.4384,5.4556,5.1924,5.2159,350250.6
1724760000,5.2145,5.2172,5.1269,5.208,336309.7
1724774400,5.2109,5.3809,5.1982,5.2652,180944.9
1724788800,5.2642,5.2644,4.9001,5.0086,562144.7
1724803200,5.0061,5.071,4.9246,5.071,199932.4
1724817600,5.0684,5.0684,4.8937,4.909,97068.7
1724832000,4.9128,5.1351,4.8607,5.0687,239996.8
1724846400,5.0637,5.1008,4.802,4.8403,300319.4
1724860800,4.8365,4.9582,4.6145,4.8325,423977.5
1724875200,4.8385,4.9192,4.7106,4.7691,417088.2
1724889600,4.7712,4.8805,4.7368,4.7451,238064.5
1724904000,4.752,4.8295,4.7202,4.8061,55517.5
1724918400,4.8039,4.9114,4.7621,4.8543,109846.7
1724932800,4.848,4.9517,4.8233,4.8737,212547.3
1724947200,4.8681,4.915,4.5701,4.6218,493262.8
1724961600,4.6155,4.6722,4.5487,4.6052,254805.6
1724976000,4.5981,4.7002,4.5566,4.562,150596.8
1724990400,4.5723,4.6295,4.5136,4.5675,153743.1
1725004800,4.5681,4.5976,4.4825,4.5133,219696.1
1725019200,4.5102,4.5893,4.224,4.2506,767858.4
1725033600,4.2453,4.5355,4.2398,4.418,431167.6
1725048000,4.4182,4.5194,4.4181,4.5107,142203.2
1725062400,4.5111,4.5986,4.5064,4.5678,239557.6
1725076800,4.568,4.617,4.5619,4.5974,77982.1
1725091200,4.5942,4.6158,4.5218,4.546,72689.1
1725105600,4.5467,4.5709,4.4598,4.4683,60830.1
1725120000,4.475,4.4774,4.3663,4.4446,161886.4
1725134400,4.4464,4.495,4.4271,4.4845,54436.6
1725148800,4.4831,4.511,4.4031,4.5005,87908.3
1725163200,4.5006,4.5201,4.4237,4.4844,95530.6
1725177600,4.4855,4.4905,4.4285,4.4614,45604.2
1725192000,4.4683,4.483,4.2816,4.4483,514332.9
1725206400,4.4477,4.4753,4.2839,4.4057,212915.2
1725220800,4.4093,4.452,4.1696,4.2292,285267.4
1725235200,4.2244,4.324,4.2207,4.3149,110454.7
1725249600,4.3175,4.3543,4.2039,4.2178,131707.5
1725264000,4.2174,4.5419,4.2174,4.4752,248933.5
1725278400,4.4746,4.5167,4.3734,4.4178,146125.7
1725292800,4.4209,4.4723,4.3888,4.398,128116.0
1725307200,4.3951,4.5367,4.3786,4.4713,95091.3
1725321600,4.4704,4.5535,4.4369,4.451,135521.8
1725336000,4.4511,4.4719,4.4128,4.457,83974.6
1725350400,4.4542,4.4555,4.3673,4.3956,54283.6
1725364800,4.3959,4.4227,4.1905,4.1988,337827.9
1725379200,4.192,4.2474,4.18,4.1983,320430.5
1725393600,4.1987,4.219,4.0309,4.049,909973.7
1725408000,4.0418,4.1209,3.8704,4.1061,579328.9
1725422400,4.1061,4.2678,4.0997,4.1861,489934.1
1725436800,4.1861,4.2426,4.1125,4.1667,292693.5
1725451200,4.1723,4.2805,4.1348,4.2697,644912.2
1725465600,4.2703,4.3698,4.162,4.182,185149.4
1725480000,4.1813,4.2176,4.1407,4.1534,90294.8
1725494400,4.1547,4.2041,4.0328,4.0385,187179.9
1725508800,4.037,4.1218,4.035,4.0933,177609.0
1725523200,4.0962,4.1409,4.0905,4.1295,192279.0
1725537600,4.1337,4.1421,4.0082,4.0279,439728.9
1725552000,4.0303,4.0833,3.9849,3.9972,138726.0
1725566400,3.9994,4.0588,3.9971,4.0408,98512.6
1725580800,4.0465,4.1134,4.0265,4.0829,107480.4
1725595200,4.0867,4.0934,3.9686,4.0157,143116.5
1725609600,4.0149,4.0665,3.9813,4.0616,129014.4
1725624000,4.0625,4.1968,3.95,4.0239,850163.9
1725638400,4.0215,4.0215,3.844,3.8699,674664.0
1725652800,3.8682,3.9265,3.7233,3.9054,290085.4
1725667200,3.9051,3.9612,3.8619,3.8635,221273.8
1725681600,3.8677,3.9504,3.8644,3.9469,240093.3
1725696000,3.9424,4.0108,3.9424,3.9601,283067.7
1725710400,3.9644,4.0272,3.9579,3.9835,79905.5
1725724800,3.9813,3.9951,3.9045,3.983,211381.4
1725739200,3.9806,3.9865,3.9014,3.9446,254459.4
1725753600,3.945,4.0407,3.9427,4.0196,299224.5
1725768000,4.0223,4.0507,3.964,3.9957,272357.1
1725782400,3.9965,4.0833,3.9865,4.0106,134865.9
1725796800,4.0109,4.0172,3.9128,3.9134,297649.8
1725811200,3.9137,3.985,3.9027,3.9628,409010.8
1725825600,3.9665,4.1014,3.9604,4.0598,507507.5
1725840000,4.0617,4.2165,4.059,4.1385,928470.2
1725854400,4.1411,4.1534,4.0733,4.1272,644110.2
1725868800,4.124,4.1947,4.1214,4.1496,154340.7
1725883200,4.1518,4.1659,4.0604,4.1247,314964.0
1725897600,4.1227,4.3072,4.1227,4.3039,438326.1
1725912000,4.304,4.3709,4.2434,4.2586,189372.5
1725926400,4.2537,4.2537,4.1567,4.1569,196818.1
1725940800,4.1568,4.2039,4.1408,4.1828,64396.2
1725955200,4.1832,4.2187,4.144,4.2187,144244.1
1725969600,4.2143,4.2316,4.1048,4.1463,182564.4
1725984000,4.1462,4.2854,4.1462,4.2428,324722.2
1725998400,4.239,4.2725,4.2197,4.2343,161681.2
1726012800,4.2311,4.2445,4.1047,4.1206,217534.7
1726027200,4.1192,4.1203,3.972,4.0008,209726.4
1726041600,4.0008,4.0008,3.9347,3.9779,154440.1
1726056000,3.9764,4.0646,3.878,3.9667,363696.7
1726070400,3.9656,4.1331,3.9649,4.1078,424679.9
1726084800,4.1089,4.1349,4.0886,4.1079,169470.1
1726099200,4.1098,4.3069,4.1098,4.2293,528351.2
1726113600,4.2293,4.3339,4.2197,4.2745,477825.3
1726128000,4.2817,4.3072,4.2292,4.2442,174542.1
1726142400,4.2432,4.2635,4.0943,4.105,436583.6
1726156800,4.1062,4.235,4.1047,4.2328,285358.2
1726171200,4.2305,4.2482,4.1903,4.2373,211364.1
1726185600,4.2403,4.2659,4.1294,4.1294,129160.6
1726200000,4.1297,4.1589,4.1059,4.1378,92210.0
1726214400,4.1392,4.1464,4.085,4.085,87489.5
1726228800,4.0899,4.2764,4.0695,4.2587,235013.6
1726243200,4.2607,4.331,4.2044,4.2625,352352.1
1726257600,4.2621,4.5842,4.2591,4.4843,403492.6
1726272000,4.498,4.5023,4.3954,4.4284,155547.2
1726286400,4.4276,4.4403,4.3105,4.3345,153633.1
1726300800,4.3355,4.5715,4.3149,4.5278,388958.8
1726315200,4.5278,4.5708,4.4789,4.4817,559739.2
1726329600,4.4831,4.562,4.4506,4.5268,264088.9
1726344000,4.5264,4.6766,4.5053,4.6434,253772.6
1726358400,4.642,4.9469,4.5997,4.9266,1104029.3999999999
1726372800,4.9234,4.9277,4.7477,4.7863,444036.8
1726387200,4.79,4.9214,4.767,4.8064,390216.8
1726401600,4.805,5.097,4.7914,5.0265,1001410.9
1726416000,5.032,5.0555,4.9117,4.9847,853238.8
1726430400,4.9846,4.9992,4.7558,4.7812,695827.2
1726444800,4.788,4.8031,4.5909,4.6296,650308.8
1726459200,4.6295,4.7336,4.5838,4.6929,384804.0
1726473600,4.6925,4.7735,4.6184,4.6401,166880.1
1726488000,4.6394,4.6545,4.4687,4.4921,981461.4
1726502400,4.4928,4.5876,4.4853,4.5465,362390.7
1726516800,4.5454,4.5682,4.4858,4.5253,128003.0
1726531200,4.5258,4.844,4.5157,4.8156,628718.0
1726545600,4.8198,5.0586,4.7853,4.9264,964581.8
1726560000,4.9297,5.1609,4.8733,5.0684,929815.9
1726574400,5.0686,5.2638,5.0255,5.1701,1810262.0
1726588800,5.1615,5.2708,5.11,5.1222,1043726.6
1726603200,5.13,5.2596,5.1132,5.2173,610500.7
1726617600,5.2182,5.33,5.1218,5.31,602044.0
1726632000,5.31,5.4399,5.2733,5.3469,919950.4
1726646400,5.3469,5.3522,5.1442,5.1805,1057959.1000000001
1726660800,5.1805,5.2657,5.0009,5.0378,986432.8
1726675200,5.0384,5.4557,5.0124,5.2044,1450375.6000000001
1726689600,5.2073,5.4038,5.1565,5.3886,739889.6
1726704000,5.3906,6.1672,5.324,5.9473,2671661.7999999998
1726718400,5.9417,6.468,5.8605,6.4609,1523040.5
1726732800,6.4614,6.4614,6.1778,6.19,1093224.7
1726747200,6.191,6.3098,6.0937,6.1969,1112049.8999999999
1726761600,6.1993,6.2198,5.9978,6.0013,565081.6
1726776000,6.0021,6.0751,5.9089,5.9415,385043.0
1726790400,5.9369,6.1179,5.8749,6.031,844875.4
1726804800,6.0336,6.2411,5.9637,6.0083,918950.1
1726819200,6.0033,6.049,5.8,5.8386,683169.8
1726833600,5.8346,6.0778,5.8346,5.9097,1110894.7
1726848000,5.9214,5.9464,5.7549,5.8537,378185.0
1726862400,5.8531,6.1156,5.8195,5.9976,692079.7
1726876800,5.9944,6.1216,5.8358,5.8472,323970.5
1726891200,5.856,5.9001,5.7782,5.8408,295984.5
1726905600,5.8363,5.8586,5.7522,5.794,356741.4
1726920000,5.8032,6.0898,5.7621,6.0601,245845.1
1726934400,6.0588,6.0593,5.9182,5.9851,197140.0
1726948800,5.9808,6.0639,5.9765,6.0084,198120.4
1726963200,6.0108,6.032,5.5059,5.5744,1085764.6000000001
1726977600,5.574,5.6928,5.5538,5.6164,729531.1
1726992000,5.6117,5.6757,5.4573,5.4878,494035.6
1727006400,5.4866,5.5126,5.315,5.3378,621196.4
1727020800,5.3367,5.453,5.2849,5.3827,442572.2
1727035200,5.3855,5.4539,5.1913,5.359,891155.8
1727049600,5.3521,5.5445,5.2446,5.4618,952811.4
1727064000,5.4618,5.6084,5.3647,5.3807,994261.9
1727078400,5.3824,5.6543,5.3457,5.4643,600225.4
1727092800,5.4641,5.8382,5.4576,5.7586,645834.9
1727107200,5.7578,6.1714,5.6535,6.1424,1458827.3
1727121600,6.1409,6.7071,6.0639,6.6288,2130640.7000000002
1727136000,6.6348,6.8857,6.3416,6.3983,2558604.2000000002
1727150400,6.42,6.4534,6.1587,6.1874,1148747.0
1727164800,6.1804,6.2728,6.0491,6.2106,1128309.5
1727179200,6.2127,6.2748,6.0348,6.1559,1185951.8
1727193600,6.1628,6.4503,6.1174,6.4267,1011661.7
1727208000,6.4281,6.6547,6.311,6.4044,1150111.1000000001
1727222400,6.4071,6.85,6.403,6.6058,1436969.6000000001
1727236800,6.6048,6.6975,6.2565,6.3469,974259.1
1727251200,6.341,6.478,6.27,6.439,476814.0
1727265600,6.4219,6.4897,6.2578,6.2643,579112.2
1727280000,6.2692,6.314,6.18,6.224,506545.7
1727294400,6.2251,6.3094,6.1072,6.1524,540039.9
1727308800,6.1551,6.283,6.0754,6.283,561038.8
1727323200,6.2831,6.3486,6.2415,6.3429,503054.0
1727337600,6.3431,6.4305,6.2766,6.3567,463004.4
1727352000,6.3564,6.3638,6.113,6.2237,960978.1
1727366400,6.2311,6.4914,6.2059,6.21,836485.2
1727380800,6.2195,6.3829,6.1208,6.2633,634171.3
1727395200,6.264,6.44,6.1639,6.3634,914347.9
1727409600,6.3741,6.5527,6.331,6.4149,416183.0
1727424000,6.4202,6.5824,6.3074,6.3319,501230.6
1727438400,6.3363,6.5325,6.291,6.439,598647.6
1727452800,6.4439,6.4952,6.2534,6.3657,511652.5
1727467200,6.3682,6.5945,6.3457,6.3801,511437.1
1727481600,6.397,6.4398,6.2946,6.3121,446476.4
1727496000,6.3203,6.3413,6.1638,6.2093,470209.0
1727510400,6.2087,6.2968,6.0537,6.2676,317042.9
1727524800,6.2672,6.31,6.1621,6.1905,606515.0
1727539200,6.1912,6.1912,6.0896,6.1286,356609.2
1727553600,6.1273,6.1273,5.747,5.99,1437437.3
1727568000,5.9903,6.1199,5.9398,6.1175,346679.4
1727582400,6.1084,6.1286,5.8227,5.833,362804.5
1727596800,5.8339,5.9125,5.7644,5.903,367886.2
1727611200,5.9031,6.0213,5.7712,6.0211,465895.2
1727625600,6.0183,6.2124,6.0071,6.138,566869.9
1727640000,6.1226,6.1882,5.9529,6.0045,330178.9
1727654400,6.0046,6.088,5.7992,5.9101,797919.6
1727668800,5.9105,6.08,5.8463,6.0264,442462.5
1727683200,6.0282,6.0396,5.7819,5.9277,372950.4
1727697600,5.9277,5.9686,5.66,5.6657,816774.6
1727712000,5.667,5.79,5.6494,5.7361,598873.3
1727726400,5.7361,5.8279,5.463,5.528,599865.0
1727740800,5.528,5.6859,5.5099,5.6275,301797.1
1727755200,5.6311,5.74,5.6076,5.6812,243461.8
1727769600,5.6798,5.738,5.6491,5.6804,163134.6
1727784000,5.6737,5.7058,5.0795,5.2845,1922537.6000000001
1727798400,5.2823,5.3415,4.9361,5.1248,1663769.2
1727812800,5.1314,5.1709,5.0343,5.0851,543377.5
1727827200,5.0804,5.1726,5.0561,5.15,210697.4
1727841600,5.1515,5.3331,5.0981,5.2861,164400.9
1727856000,5.2833,5.4726,5.1706,5.2213,346371.9
1727870400,5.2223,5.2972,4.916,5.1087,618011.3
1727884800,5.109,5.2207,4.7433,4.8594,796862.3
1727899200,4.8632,4.9454,4.7953,4.8328,155588.0
1727913600,4.8323,4.9266,4.7788,4.8922,244884.7
1727928000,4.892,4.9225,4.6965,4.7057,282566.9
1727942400,4.7061,4.8622,4.5518,4.7931,644316.8
1727956800,4.7984,4.8512,4.5056,4.6407,702840.0
1727971200,4.643,4.7825,4.5628,4.7628,429699.0
1727985600,4.7569,4.8096,4.7026,4.7474,206383.9
1728000000,4.7494,4.9567,4.7422,4.8476,309347.5
1728014400,4.8479,5.0716,4.8452,5.0334,339277.9
1728028800,5.0309,5.2391,5.0116,5.1948,697535.3
1728043200,5.1939,5.2991,5.0725,5.2423,705481.3
1728057600,5.2418,5.3544,5.172,5.2789,1191858.1000000001
1728072000,5.2771,5.31,5.1951,5.2256,407607.8
1728086400,5.2265,5.2369,5.063,5.0638,197214.4
1728100800,5.063,5.1427,5.063,5.068,268728.8
1728115200,5.0703,5.1483,5.0703,5.0989,132951.7
1728129600,5.0986,5.1839,5.0659,5.0941,173998.7
1728144000,5.091,5.1004,4.9837,5.0031,212234.6
1728158400,5.0017,5.1399,4.9569,5.135,143547.4
1728172800,5.135,5.1812,5.0763,5.1005,103778.2
1728187200,5.1037,5.1337,5.0531,5.0832,77377.9
1728201600,5.0835,5.2182,5.0754,5.2014,124990.3
1728216000,5.2055,5.451,5.1726,5.401,472264.2
1728230400,5.401,5.4748,5.2621,5.2649,227623.7
1728244800,5.2644,5.3192,5.1888,5.3034,158278.3
1728259200,5.3084,5.6171,5.2864,5.6058,404540.1
1728273600,5.5991,5.6636,5.5508,5.5657,214037.8
1728288000,5.5678,5.7289,5.3566,5.4831,718076.8
1728302400,5.483,5.6675,5.4073,5.5055,618689.5
1728316800,5.5057,5.7353,5.4526,5.5245,556079.3
1728331200,5.5355,5.5716,5.3159,5.3159,705383.5
1728345600,5.3176,5.4287,5.306,5.3499,468137.2
1728360000,5.3507,5.4145,5.2071,5.2548,390739.9
1728374400,5.2488,5.349,5.2155,5.3348,503301.5
1728388800,5.3305,5.3476,5.0688,5.1588,961539.9
1728403200,5.1573,5.239,5.086,5.1602,368180.5
1728417600,5.1607,5.1941,5.0396,5.1276,374946.5
1728432000,5.1246,5.1865,4.9644,5.0088,415464.7
1728446400,5.0059,5.0572,4.9655,4.9889,149082.1
1728460800,4.9882,5.0288,4.9631,4.9979,481146.0
1728475200,4.9982,5.0754,4.9163,5.0514,809066.0
1728489600,5.0467,5.0665,4.833,4.8857,914011.4
1728504000,4.8798,4.8994,4.7937,4.8138,366569.1
1728518400,4.8129,4.9278,4.7785,4.8892,126959.9
1728532800,4.8902,4.9187,4.8319,4.8319,112056.8
1728547200,4.831,4.9053,4.7521,4.9053,275911.5
1728561600,4.8999,4.9041,4.7469,4.784,502603.6
1728576000,4.7882,5.0112,4.681,4.9943,762083.3
1728590400,4.989,5.0469,4.932,5.015,270256.3
1728604800,5.0133,5.0311,4.9528,4.9563,119411.5
1728619200,4.9539,5.1256,4.9322,5.0957,246676.3
1728633600,5.0961,5.2986,5.0788,5.2739,375437.8
1728648000,5.2703,5.6211,5.2694,5.4873,770378.0
1728662400,5.4853,5.5263,5.4328,5.5011,292763.5
1728676800,5.5002,5.5433,5.368,5.3696,292664.0
1728691200,5.3731,5.4917,5.3272,5.346,240786.5
1728705600,5.3466,5.4862,5.3038,5.4673,186678.7
1728720000,5.4659,5.613,5.438,5.5274,131203.9
1728734400,5.527,5.638,5.4363,5.4649,218782.0
1728748800,5.461,5.5382,5.343,5.3814,263157.0
1728763200,5.3821,5.6044,5.3804,5.5019,124603.6
1728777600,5.5047,5.8183,5.4323,5.512,596737.9
1728792000,5.5175,6.1776,5.5139,5.9674,1463626.7
1728806400,5.9601,5.9964,5.755,5.7625,402290.8
1728820800,5.7648,5.9944,5.7473,5.8102,710586.3
1728835200,5.8091,6.1215,5.7737,6.027,999903.3
1728849600,6.0281,6.3658,5.9726,6.2303,1252049.8
1728864000,6.2352,6.2471,6.0123,6.2314,1244765.7
1728878400,6.2212,6.2806,5.9601,6.139,920484.0
1728892800,6.1378,6.2159,6.0465,6.1806,952881.6
1728907200,6.1846,6.499,6.1565,6.3587,1350826.3
1728921600,6.3602,6.3867,6.2475,6.2701,692978.0
1728936000,6.2701,6.3233,6.2106,6.2734,477226.8
1728950400,6.2773,6.2812,6.0953,6.1203,380706.3
1728964800,6.1251,6.3251,6.0948,6.2606,316242.9
1728979200,6.2585,6.4219,6.0265,6.048,499696.7
1728993600,6.0755,6.3392,5.8528,6.0101,880321.2
1729008000,6.0095,6.1492,5.9501,6.0092,625052.5
1729022400,6.0088,6.0684,5.879,6.0573,405757.3
1729036800,6.0564,6.0753,5.882,5.9118,389419.1
1729051200,5.9035,5.9486,5.795,5.8276,323108.6
1729065600,5.8292,5.9758,5.8277,5.8847,256103.3
1729080000,5.8832,5.99,5.7537,5.7653,548437.5
1729094400,5.7718,5.9505,5.6753,5.8798,516803.4
1729108800,5.8862,5.9581,5.8463,5.8675,321214.9
1729123200,5.8734,5.943,5.8502,5.8692,201246.9
1729137600,5.8702,5.9071,5.7121,5.7655,240995.7
1729152000,5.7651,5.7963,5.5651,5.5687,419118.8
1729166400,5.576,6.0522,5.5653,6.0189,757502.8
1729180800,6.0183,6.1716,5.8964,5.979,663073.7
1729195200,5.9775,6.0157,5.9094,5.9576,413074.0
1729209600,5.9523,6.3204,5.8713,6.2393,549554.6
1729224000,6.2405,6.2763,6.0299,6.0676,469016.0
1729238400,6.0641,6.1625,5.8828,5.9483,374483.7
1729252800,5.9512,6.0085,5.874,5.9877,295412.7
1729267200,5.9918,6.1198,5.9363,6.0403,466145.9
1729281600,6.0417,6.0599,5.9214,5.9987,325726.0
1729296000,5.9983,6.1199,5.9714,6.066,364376.6
1729310400,6.0667,6.1575,5.9908,6.1297,225241.5
1729324800,6.1364,6.16,5.8972,5.9019,323822.1
1729339200,5.9003,5.9595,5.8807,5.9568,399327.0
1729353600,5.9596,5.9596,5.8288,5.8399,213719.0
1729368000,5.8393,5.9068,5.8311,5.8524,173879.1
1729382400,5.8529,5.8995,5.756,5.8023,130173.4
1729396800,5.8035,5.9214,5.7796,5.8851,140389.4
1729411200,5.8868,5.965,5.8277,5.9564,149195.4
1729425600,5.9554,6.093,5.8587,6.0604,306648.8
1729440000,6.0603,6.098,5.9946,6.0109,157861.7
1729454400,6.0114,6.0997,5.9757,6.0988,278028.7
1729468800,6.1014,6.1723,5.8742,5.8993,367665.0
1729483200,5.899,6.0539,5.873,5.8954,328197.3
1729497600,5.8949,5.9437,5.724,5.787,253464.9
1729512000,5.7871,5.8449,5.6538,5.7228,358369.6
1729526400,5.7172,5.7619,5.6247,5.7227,353200.2
1729540800,5.7238,5.7496,5.616,5.6184,216655.2
1729555200,5.6249,5.765,5.59,5.7368,257230.3
1729569600,5.7381,5.7855,5.707,5.7161,135797.1
1729584000,5.7197,5.8213,5.6604,5.7831,198348.9
1729598400,5.7853,5.821,5.6782,5.7327,627395.5
1729612800,5.7325,5.7963,5.662,5.7849,245733.3
1729627200,5.777,5.8125,5.7186,5.7834,301644.3
1729641600,5.7963,5.8776,5.7462,5.8403,196864.4
1729656000,5.8397,6.0174,5.8372,5.9583,403525.5
1729670400,5.9622,6.0034,5.7316,5.7373,381472.1
1729684800,5.7413,5.9605,5.7353,5.8576,736446.2
1729699200,5.8599,5.9965,5.6712,5.8958,924572.0
1729713600,5.9061,5.9825,5.833,5.9687,290060.2
1729728000,5.9737,6.0897,5.7925,5.9184,323655.4
1729742400,5.914,6.2122,5.9116,6.0626,615214.0
1729756800,6.0575,6.1604,5.9662,6.0,298906.7
1729771200,6.0009,6.2805,5.9699,5.9979,885295.8
1729785600,5.997,6.1153,5.997,6.0556,266089.0
1729800000,6.0636,6.1349,6.0093,6.128,348217.5
1729814400,6.1378,6.2353,6.0289,6.2135,251004.4
1729828800,6.2189,6.2192,5.8283,5.8775,465378.9
1729843200,5.8773,5.9695,5.8497,5.8973,230602.3
1729857600,5.8995,5.9549,5.6135,5.6526,464206.6
1729872000,5.6536,5.6991,5.5279,5.6078,1199397.2
1729886400,5.6033,5.658,5.0455,5.2944,2284781.7999999998
1729900800,5.2901,5.3958,5.2202,5.2822,549883.5
1729915200,5.2823,5.3425,5.2237,5.2869,356625.9
1729929600,5.29,5.4203,5.2769,5.3945,116107.3
1729944000,5.3923,5.4129,5.1706,5.2093,531047.3
1729958400,5.2096,5.3307,5.1731,5.3218,332003.9
1729972800,5.325,5.416,5.325,5.393,98883.8
1729987200,5.3917,5.4617,5.3458,5.3832,89335.9
1730001600,5.3853,5.4095,5.3353,5.3448,31705.7
1730016000,5.3455,5.3789,5.1989,5.201,382158.4
1730030400,5.2097,5.296,5.2071,5.2835,495991.3
1730044800,5.287,5.3256,5.1224,5.1525,456216.7
1730059200,5.1542,5.2884,5.0985,5.1295,708576.2
1730073600,5.1273,5.1969,5.0092,5.0777,740138.6
1730088000,5.0788,5.1802,5.0066,5.1362,312123.5
1730102400,5.1361,5.239,5.1069,5.1127,440273.8
1730116800,5.1119,5.1263,4.8159,4.8527,809116.9
1730131200,4.8506,4.9786,4.7655,4.9437,980402.6
1730145600,4.9437,5.1491,4.9161,5.0815,472522.2
1730160000,5.0794,5.2459,5.0415,5.0856,636531.5
1730174400,5.085,5.1106,5.0112,5.0704,452138.9
1730188800,5.0725,5.1392,5.0331,5.0461,178917.5
1730203200,5.0447,5.0676,4.9198,4.9607,509964.5
1730217600,4.9608,5.4211,4.9608,5.1864,1548906.3
1730232000,5.1899,5.3072,5.1116,5.2693,389985.9
1730246400,5.2709,5.2709,5.0971,5.1484,485652.4
1730260800,5.1493,5.1516,5.0094,5.0201,609338.9
1730275200,5.0226,5.0756,4.9201,4.9223,369934.1
1730289600,4.9243,5.0646,4.6151,4.6295,2334851.2999999998
1730304000,4.6203,4.848,4.6122,4.7651,711590.0
1730318400,4.7574,4.8285,4.7215,4.7632,361957.2
1730332800,4.7601,4.7759,4.5882,4.6621,568450.9
1730347200,4.656,4.7195,4.6355,4.7031,313866.3
1730361600,4.703,4.7039,4.5691,4.6258,470621.7
1730376000,4.623,4.8334,4.5562,4.8004,1206696.3
1730390400,4.7981,4.8631,4.646,4.8174,1108661.0
1730404800,4.8217,4.9762,4.8211,4.8726,821005.3
1730419200,4.8687,4.9276,4.779,4.833,716850.0
1730433600,4.8368,4.8998,4.6776,4.6911,545170.8
1730448000,4.6903,4.8275,4.6809,4.785,303970.2
1730462400,4.7878,4.8738,4.6086,4.6107,644226.7
1730476800,4.6111,4.6918,4.4968,4.5527,618195.2
1730491200,4.5523,4.5555,4.4134,4.5546,665181.9
1730505600,4.5563,4.6267,4.5563,4.6237,243649.7
1730520000,4.6234,4.65,4.59,4.6273,230232.4
1730534400,4.6302,4.636,4.5576,4.6048,130052.4
1730548800,4.605,4.6681,4.5466,4.639,442242.2
1730563200,4.646,4.709,4.6099,4.6614,233709.6
1730577600,4.6601,4.7279,4.6505,4.6822,191920.6
1730592000,4.6864,4.7499,4.504,4.6047,762363.3
1730606400,4.605,4.7739,4.5929,4.6919,117475.8
1730620800,4.6946,4.7022,4.5221,4.5235,230519.1
1730635200,4.5219,4.5916,4.2915,4.3799,607299.5
1730649600,4.3687,4.5278,4.3586,4.4944,561477.2
1730664000,4.4899,4.5751,4.4476,4.559,202437.9
1730678400,4.5568,4.6291,4.4815,4.511,170931.1
1730692800,4.519,4.5557,4.4434,4.5069,318984.9
1730707200,4.5191,4.6038,4.4586,4.525,349580.1
1730721600,4.531,4.5954,4.418,4.4304,144570.0
1730736000,4.4306,4.4512,4.2991,4.3566,449471.4
1730750400,4.3516,4.3525,4.1636,4.221,637824.8
1730764800,4.2236,4.3027,4.2236,4.2633,280627.8
1730779200,4.2645,4.3198,4.2261,4.2701,76271.1
1730793600,4.2641,4.3558,4.246,4.3318,75121.2
1730808000,4.3329,4.5042,4.3026,4.42,482930.3
1730822400,4.4359,4.4861,4.2201,4.2368,346328.5
1730836800,4.2241,4.2749,4.1829,4.2352,110964.4
1730851200,4.2328,4.75,4.2217,4.6615,1005956.6
1730865600,4.6641,4.7433,4.576,4.6138,560695.5
1730880000,4.6287,4.7865,4.4545,4.7856,395174.5
1730894400,4.7775,4.8253,4.6798,4.8076,497455.1
1730908800,4.804,5.1357,4.7975,5.0841,435514.0
1730923200,5.0814,5.2275,5.0242,5.1243,545694.3
1730937600,5.1244,5.3026,5.0856,5.214,687607.6
1730952000,5.2186,5.2694,5.0366,5.0815,487749.0
1730966400,5.0817,5.1486,5.0543,5.059,178859.9
1730980800,5.059,5.2598,5.0286,5.2577,418062.8
1730995200,5.2603,5.3329,5.1468,5.2032,338003.3
1731009600,5.2047,5.2259,5.0784,5.1303,438337.7
1731024000,5.1309,5.238,5.0417,5.1096,531893.9
1731038400,5.1072,5.2235,5.0817,5.1801,175626.3
1731052800,5.1811,5.2613,5.1016,5.168,96608.2
1731067200,5.1749,5.4553,5.1709,5.2458,437346.8
1731081600,5.237,5.3359,5.0217,5.3001,673536.9
1731096000,5.2966,5.417,5.2239,5.4125,258590.1
1731110400,5.4151,5.4702,5.1972,5.2877,332293.2
1731124800,5.281,5.4243,5.281,5.3694,285845.2
1731139200,5.372,5.5486,5.3597,5.4951,229433.3
1731153600,5.4919,5.5431,5.2809,5.3406,425416.5
1731168000,5.3401,5.3528,5.2075,5.2744,291110.8
1731182400,5.2708,5.5814,5.2607,5.5374,309078.3
1731196800,5.5384,5.5384,5.2676,5.4073,348142.7
1731211200,5.4065,5.5776,5.3868,5.5173,607669.8
1731225600,5.5203,5.67,5.4994,5.6312,243694.6
1731240000,5.6238,5.7638,5.4641,5.638,464423.1
1731254400,5.6414,5.7539,5.5082,5.5755,759754.8
1731268800,5.5744,5.635,5.2335,5.5882,901710.8
1731283200,5.5931,5.9091,5.5599,5.7885,1012769.0
1731297600,5.7971,5.8055,5.4643,5.5746,979992.5
1731312000,5.5783,5.7512,5.4818,5.7344,409643.0
1731326400,5.73,5.7333,5.4802,5.5496,725209.0
1731340800,5.5496,5.7773,5.5365,5.6887,1083732.2
1731355200,5.6867,5.8494,5.5747,5.8131,836976.5
1731369600,5.8081,5.86,5.5934,5.7238,875947.2
1731384000,5.729,5.7812,5.5246,5.6929,590291.3
1731398400,5.6927,5.7904,4.9836,5.2003,1678773.2
1731412800,5.1997,5.2509,5.0259,5.1474,783086.6
1731427200,5.1468,5.3338,5.0244,5.2955,390120.1
1731441600,5.2961,5.7171,5.2207,5.4838,847860.2
1731456000,5.4808,5.5866,5.1297,5.139,717786.0
1731470400,5.1388,5.2353,4.9398,5.0977,1333266.2
1731484800,5.085,5.1909,5.0465,5.1124,319442.0
1731499200,5.1141,5.3184,5.0199,5.2874,889457.4
1731513600,5.2642,5.2883,4.9101,4.9305,799162.7
1731528000,4.9267,5.0402,4.8056,5.0374,431517.2
1731542400,5.0387,5.1302,4.9689,5.0948,279355.5
1731556800,5.0961,5.3888,5.0648,5.2175,366438.6
1731571200,5.215,5.2556,4.884,4.9704,348304.5
1731585600,4.9612,5.0051,4.7233,4.7852,497757.5
1731600000,4.7831,4.9547,4.7678,4.8379,307825.4
1731614400,4.8353,4.8808,4.6576,4.7335,334296.8
1731628800,4.7372,4.8243,4.6387,4.7253,401072.1
1731643200,4.715,4.7692,4.5689,4.7107,393032.9
1731657600,4.7113,4.9021,4.649,4.8908,483863.2
1731672000,4.8907,4.9163,4.681,4.764,985858.3
1731686400,4.7619,4.9069,4.7298,4.8585,267911.0
1731700800,4.8559,4.9985,4.851,4.9411,274275.7
1731715200,4.9409,5.0131,4.8851,5.0117,671580.0
1731729600,5.0113,5.0957,4.9668,5.0159,246167.3
1731744000,5.0099,5.4063,5.0031,5.2084,499155.2
1731758400,5.2094,5.2481,5.0172,5.0815,293469.4
1731772800,5.077,5.2933,5.0403,5.2168,326351.0
1731787200,5.2138,5.2733,5.1506,5.2314,147147.5
1731801600,5.2386,5.2386,4.8895,5.1188,553995.4
1731816000,5.1249,5.3861,5.102,5.3518,499029.4
1731830400,5.3383,5.3906,5.203,5.2238,194038.2
1731844800,5.242,5.3884,5.2167,5.2714,194110.6
1731859200,5.2681,5.3411,5.0724,5.1383,492692.6
1731873600,5.1398,5.1587,4.925,5.0298,521559.3
1731888000,5.0276,5.1851,4.9797,5.1851,339664.1
1731902400,5.1832,5.2508,5.06,5.2417,189642.5
1731916800,5.2451,5.2776,5.0613,5.0904,100886.0
1731931200,5.0898,5.3914,5.0175,5.3565,290605.7
1731945600,5.3566,5.5462,5.1699,5.2836,1027771.1
1731960000,5.2793,5.7616,5.2596,5.5654,736749.4
1731974400,5.5654,5.5696,5.4347,5.4374,181411.3
1731988800,5.4394,5.4676,5.3333,5.3411,89582.6
1732003200,5.3381,5.4735,5.292,5.401,308366.3
1732017600,5.4039,5.4667,5.176,5.2349,326583.5
1732032000,5.2441,5.2844,5.1847,5.2219,169438.3
1732046400,5.222,5.2491,5.0196,5.1632,523741.1
1732060800,5.1664,5.1664,4.9559,5.0439,400073.9
1732075200,5.0332,5.1351,4.999,5.0805,76310.3
1732089600,5.0794,5.1741,5.0395,5.093,136401.3
1732104000,5.0932,5.1967,5.0062,5.1194,285100.1
1732118400,5.1209,5.1484,4.8417,4.9021,344552.3
1732132800,4.8968,5.0853,4.857,4.9397,236555.2
1732147200,4.9331,5.0673,4.8149,4.9291,734959.2
1732161600,4.9307,5.144,4.9243,5.0322,407825.0
1732176000,5.0274,5.0657,4.8824,5.002,395668.7
1732190400,5.0002,5.5068,4.9965,5.3012,699114.9
1732204800,5.2935,5.4115,5.2661,5.318,518165.5
1732219200,5.3081,5.5014,5.2444,5.4235,582519.3
1732233600,5.4235,5.5299,5.365,5.4495,402397.8
1732248000,5.45,5.7911,5.4144,5.4188,417056.5
1732262400,5.4228,5.5754,5.3775,5.5493,290542.2
1732276800,5.5455,5.6019,5.4001,5.5942,412305.5
1732291200,5.5967,5.6583,5.3678,5.4123,488827.1
1732305600,5.4031,5.7394,5.3767,5.7182,272257.1
1732320000,5.7165,6.2255,5.6647,5.8668,1016593.3
1732334400,5.8637,6.423,5.7548,6.2989,836276.0
1732348800,6.3009,6.381,6.0244,6.2394,792396.5
1732363200,6.2326,6.7768,6.1626,6.6126,1648348.8
1732377600,6.6126,7.3817,6.4835,7.1321,3303705.5
1732392000,7.1262,7.6401,6.9542,7.1333,2389546.1000000001
1732406400,7.1358,7.8618,7.0528,7.6486,1365038.3
1732420800,7.6604,7.7809,7.2071,7.3393,882709.4
1732435200,7.3342,7.4041,7.1248,7.1957,495924.1
1732449600,7.1953,8.5164,7.0922,7.6306,5219426.0999999996
1732464000,7.6324,8.1422,7.5604,7.8699,1416339.1000000001
1732478400,7.8699,8.0753,7.6803,7.961,1039172.5
1732492800,7.9709,7.9749,7.4076,7.5804,1016997.6
1732507200,7.5722,7.809,7.5651,7.7295,672151.9
1732521600,7.7319,8.2978,7.6991,7.8151,1516099.1000000001
1732536000,7.8103,8.1582,7.4677,8.0481,2416772.0
1732550400,8.0412,8.5143,7.7649,8.3185,2946062.6000000001
1732564800,8.3119,8.501,7.7408,7.765,1561909.8
1732579200,7.7641,7.8568,7.4635,7.5179,1198816.8
1732593600,7.5155,7.7368,7.4511,7.5022,447233.6
1732608000,7.4996,7.7339,7.25,7.6916,1053343.6000000001
1732622400,7.6914,8.43,7.6097,7.9282,1337607.2
1732636800,7.9246,8.6,7.7214,7.7773,1417554.6000000001
1732651200,7.7706,8.3654,7.7116,8.2246,843611.3
1732665600,8.2224,8.4453,7.8012,8.3708,851799.2
1732680000,8.3437,8.6468,8.0342,8.3829,1012253.5
1732694400,8.3807,8.3807,7.9278,8.0178,669586.1
1732708800,8.0151,8.3693,7.9596,8.0475,520199.6
1732723200,8.0414,8.4006,8.0406,8.1116,400451.4
1732737600,8.1113,8.2745,8.0369,8.0792,449988.1
1732752000,8.0792,8.449,7.978,8.4165,456097.1
1732766400,8.4228,8.86,8.3579,8.5238,837423.3
1732780800,8.5326,8.9432,8.3409,8.3901,412432.3
1732795200,8.3902,8.4552,8.0953,8.1181,599816.4
1732809600,8.1248,8.3,8.0318,8.2153,257686.0
1732824000,8.2171,8.421,8.1486,8.2374,182572.0
1732838400,8.2376,8.2593,8.095,8.1005,141957.6
1732852800,8.1022,8.2543,8.0542,8.0896,237670.4
1732867200,8.0958,8.2097,8.0113,8.1058,274751.8
1732881600,8.1048,8.2469,8.0342,8.0623,217891.6
1732896000,8.059,8.1115,7.854,8.0752,898106.9
1732910400,8.0781,8.195,8.0153,8.0486,272400.9
1732924800,8.0497,8.2895,7.9898,8.2437,372788.1
1732939200,8.2642,8.4343,8.202,8.3929,411017.0
1732953600,8.4027,8.4636,8.1,8.2843,284451.2
1732968000,8.3033,8.4075,8.142,8.3382,251729.6
1732982400,8.3394,8.4975,8.2507,8.4638,390744.3
1732996800,8.4656,8.6,8.3731,8.3747,304140.3
1733011200,8.3779,8.4566,8.0398,8.1183,324999.4
1733025600,8.1219,8.1875,8.0455,8.1389,154106.0
1733040000,8.1346,8.1749,8.0819,8.1384,248483.5
1733054400,8.1403,8.2312,8.0973,8.1549,492562.5
1733068800,8.1531,8.1808,7.9799,8.0406,352248.2
1733083200,8.0321,8.1073,7.9167,8.0212,520011.8
1733097600,8.02,8.0583,7.6556,7.7293,660595.1
1733112000,7.716,7.7997,7.52,7.6785,652068.3
1733126400,7.6685,7.6835,7.2483,7.3483,1039322.2
1733140800,7.3434,7.649,7.3249,7.5577,711626.3
1733155200,7.5564,7.5898,7.19,7.2872,685664.3
1733169600,7.2852,7.6935,7.2852,7.6916,337143.1
1733184000,7.6882,7.7732,7.5578,7.7027,262898.8
1733198400,7.696,8.1059,7.6636,7.822,1034819.1
1733212800,7.8192,8.1153,7.7773,7.9101,334811.2
1733227200,7.906,8.0665,7.2705,7.8848,1954064.0
1733241600,7.8967,8.0439,7.5885,7.895,1012050.7
1733256000,7.908,8.1855,7.908,8.1326,622479.1
1733270400,8.1116,8.2736,7.9329,8.1566,365062.9
1733284800,8.1616,8.4893,8.1616,8.4475,657958.6
1733299200,8.4489,8.7997,8.3881,8.7562,479711.9
1733313600,8.7534,8.8345,8.3978,8.6371,771379.1
1733328000,8.639,8.9496,8.1393,8.7088,1272847.3
1733342400,8.7165,8.8697,8.2144,8.3338,753768.8
1733356800,8.3402,8.4174,7.8541,8.1463,1502166.5
1733371200,8.1364,8.6544,8.1172,8.6034,385089.1
1733385600,8.6011,8.668,8.4611,8.525,511825.4
1733400000,8.5223,8.7047,8.2833,8.376,634917.0
1733414400,8.376,8.7453,8.3172,8.4742,793829.0
1733428800,8.4808,8.634,8.0225,8.2589,854480.3
1733443200,8.2607,8.7935,8.203,8.6741,472360.4
1733457600,8.6786,8.8561,8.6001,8.8271,462999.8
1733472000,8.8231,8.9783,8.4227,8.477,647705.7
1733486400,8.4661,8.9063,8.25,8.7974,804878.3
1733500800,8.7993,9.2875,8.7663,9.0311,1160210.7
1733515200,9.029,9.0427,8.8259,8.8478,824477.4
1733529600,8.8477,8.9847,8.6527,8.6561,320251.5
1733544000,8.656,8.7378,8.5452,8.581,206891.5
1733558400,8.5811,8.6769,8.5092,8.6101,443269.4
1733572800,8.611,8.7429,8.5871,8.6478,400481.3
1733587200,8.6423,8.6426,8.4001,8.5119,635698.2
1733601600,8.5092,8.5783,8.4433,8.4791,439669.0
1733616000,8.4805,8.5726,8.4386,8.462,130574.2
1733630400,8.462,8.4752,8.1623,8.3568,1273731.8
1733644800,8.3561,8.3561,8.1348,8.3089,379405.7
1733659200,8.3072,8.4347,8.2568,8.3643,293429.4
1733673600,8.3643,8.3893,8.2356,8.3158,189715.9
1733688000,8.3218,8.425,8.295,8.3841,123215.0
1733702400,8.3839,8.3842,7.8936,7.9728,1028234.8
1733716800,7.9709,8.0783,7.8151,7.9405,503047.7
1733731200,7.939,7.9421,7.5879,7.6065,1018325.3
1733745600,7.6175,7.8271,7.4984,7.5464,348398.5
1733760000,7.5391,7.6221,7.4259,7.4296,268829.0
1733774400,7.4291,7.4406,5.4915,6.672,4987281.2000000002
1733788800,6.6665,6.8379,6.2414,6.5224,1308851.3999999999
1733803200,6.5162,6.9098,6.3623,6.8834,906234.4
1733817600,6.8617,7.0033,6.7397,6.8371,432667.3
1733832000,6.8447,6.8546,6.3198,6.3318,1432925.3
1733846400,6.3368,6.7443,6.2573,6.5526,1905357.2
1733860800,6.5546,6.7546,6.5249,6.6386,254761.8
1733875200,6.6359,6.7349,6.402,6.6733,222645.1
1733889600,6.6863,6.7312,6.5564,6.571,158124.2
1733904000,6.5748,6.8164,6.5692,6.7557,133017.4
1733918400,6.7556,7.2443,6.7503,7.2187,644607.8
1733932800,7.2424,7.3769,7.1627,7.2638,618801.7
1733947200,7.2697,7.3025,7.1409,7.217,279318.6
1733961600,7.2206,7.6393,7.2063,7.5622,326548.2
1733976000,7.5616,7.6643,7.4277,7.4321,342390.5
1733990400,7.4332,7.6401,7.3356,7.3568,309416.7
1734004800,7.3612,7.6432,7.3612,7.4906,501458.3
1734019200,7.4903,7.6109,7.21,7.2306,545941.3
1734033600,7.2207,7.3661,7.1264,7.2195,337513.5
1734048000,7.2186,7.3526,7.0843,7.3511,204026.5
1734062400,7.3478,7.3667,7.0441,7.1256,280364.3
1734076800,7.1364,7.3551,7.1124,7.2574,123630.8
1734091200,7.2569,7.3128,7.0582,7.0699,249806.3
1734105600,7.0675,7.2197,7.0373,7.0841,365205.4
1734120000,7.0984,7.1941,6.8726,7.1214,284105.2
1734134400,7.101,7.2286,7.0411,7.0706,108477.1
1734148800,7.0717,7.0843,6.9799,7.0012,255270.7
1734163200,7.0025,7.066,6.909,6.9173,131099.0
1734177600,6.9173,6.9337,6.67,6.7771,518341.7
1734192000,6.7718,6.7955,6.6005,6.712,346173.5
1734206400,6.7055,6.8654,6.6185,6.851,298262.1
1734220800,6.8394,6.9636,6.7693,6.8323,168101.3
1734235200,6.8345,6.9206,6.6394,6.6894,86710.8
1734249600,6.6894,6.8355,6.6894,6.7905,169683.5
1734264000,6.7906,7.0064,6.753,6.9235,242212.5
1734278400,6.948,6.9682,6.7995,6.8714,202312.5
1734292800,6.8687,6.944,6.5455,6.8974,429771.2
1734307200,6.8988,7.0834,6.7587,6.7987,226288.8
1734321600,6.79,6.8476,6.6613,6.7524,157388.8
1734336000,6.7638,6.7796,6.4189,6.4293,699987.0
1734350400,6.4281,6.6106,6.4278,6.5831,586715.2
1734364800,6.5733,6.8399,6.5349,6.7146,461633.5
1734379200,6.7103,6.7959,6.5637,6.5878,204823.9
1734393600,6.5805,6.6336,6.4528,6.629,181550.4
1734408000,6.6262,6.6262,6.4673,6.486,114685.2
1734422400,6.4888,6.6661,6.472,6.6289,165688.3
1734436800,6.6197,6.6935,6.3625,6.4233,827645.5
1734451200,6.414,6.6101,6.3457,6.4777,416387.1
1734465600,6.4765,6.5203,6.1625,6.2677,523478.1
1734480000,6.2702,6.3273,6.1859,6.2261,256003.6
1734494400,6.221,6.2789,6.1091,6.2268,275681.0
1734508800,6.2354,6.3529,6.1723,6.309,96236.0
1734523200,6.3084,6.3115,6.105,6.1978,384973.0
1734537600,6.1917,6.397,6.0804,6.0804,458694.5
1734552000,6.08,6.1418,5.5829,5.7517,1728762.6000000001
1734566400,5.7471,5.8242,5.3816,5.7749,719081.7
1734580800,5.7684,5.799,5.6703,5.7286,238992.2
1734595200,5.7295,5.7587,5.6241,5.6798,206054.9
1734609600,5.6837,5.7008,5.3608,5.4841,523641.7
1734624000,5.4602,5.5663,4.9554,5.0862,2088592.3999999999
1734638400,5.0943,5.2304,4.923,5.1057,500485.5
1734652800,5.1033,5.3575,5.0231,5.275,301195.7
1734667200,5.2742,5.3043,4.9908,5.0685,223317.6
1734681600,5.08,5.0841,4.3465,4.3754,1827365.8
1734696000,4.3666,4.9418,4.3415,4.8966,1192053.0
1734710400,4.8951,5.2155,4.8643,5.1575,544105.2
1734724800,5.1608,5.2764,5.0246,5.2414,324512.9
1734739200,5.2406,5.3148,5.1829,5.2372,456085.2
1734753600,5.2386,5.6707,5.2376,5.5652,471106.4
1734768000,5.5634,5.5849,5.3143,5.3714,659779.7
1734782400,5.3711,5.3722,4.9758,5.061,734486.6
1734796800,5.0624,5.0724,4.8316,4.9106,404205.5
1734811200,4.9159,4.9846,4.8481,4.9365,279355.2
1734825600,4.9317,5.0388,4.8644,4.9613,287532.3
1734840000,4.9594,5.0199,4.8098,5.0026,138334.6
1734854400,5.0006,5.1925,4.9981,5.1145,235169.3
1734868800,5.1128,5.1699,4.92,4.9585,270200.0
1734883200,4.9631,5.0379,4.8088,4.83,256703.1
1734897600,4.8318,4.9914,4.7794,4.9194,188375.0
1734912000,4.9196,5.1132,4.7986,5.1049,202293.4
1734926400,5.09,5.1223,4.8781,4.9497,248700.4
1734940800,4.9497,5.0846,4.9491,4.995,231314.5
1734955200,5.0054,5.0513,4.9073,4.9241,146048.5
1734969600,4.9276,5.1143,4.9153,5.0774,1125379.8
1734984000,5.0816,5.45,5.0816,5.3312,427506.8
1734998400,5.3316,5.3401,5.1275,5.2456,183083.5
1735012800,5.2433,5.3774,5.2189,5.2614,206206.3
1735027200,5.2589,5.3155,5.1721,5.2608,48290.1
1735041600,5.2599,5.5094,5.192,5.4674,101869.2
1735056000,5.4661,5.5036,5.3064,5.3115,335242.4
1735070400,5.3076,5.4013,5.2355,5.3768,146503.9
1735084800,5.3803,5.41,5.3088,5.3529,52636.9
1735099200,5.3548,5.3915,5.2056,5.211,71137.3
1735113600,5.2144,5.3276,5.121,5.1223,107850.2
1735128000,5.1271,5.1959,5.1029,5.1323,114481.5
1735142400,5.1407,5.1411,5.0442,5.1277,302970.8
1735156800,5.1271,5.1461,5.043,5.1206,201757.6
1735171200,5.1233,5.1695,4.9905,5.0054,146907.5
1735185600,4.9997,5.0135,4.96,4.9838,60422.6
1735200000,4.9828,4.9897,4.8423,4.9073,122954.0
1735214400,4.9029,4.9463,4.861,4.8801,58050.0
1735228800,4.8801,4.9169,4.8032,4.8822,71076.3
1735243200,4.8802,4.9442,4.8169,4.9035,117055.3
1735257600,4.9104,4.9719,4.8641,4.9035,81993.0
1735272000,4.9081,4.9519,4.8119,4.8532,131301.8
1735286400,4.8823,5.0794,4.8803,4.9762,184594.9
1735300800,4.9806,4.9806,4.744,4.7818,176665.0
1735315200,4.7857,4.8806,4.7128,4.8257,131122.1
1735329600,4.829,4.829,4.6964,4.7412,72211.9
1735344000,4.7485,4.7731,4.6848,4.7293,52345.5
1735358400,4.7309,4.7594,4.656,4.657,30647.2
1735372800,4.6566,4.737,4.6566,4.7292,18873.8
1735387200,4.7306,4.8543,4.6934,4.7773,92056.1
1735401600,4.78,4.8769,4.7636,4.8551,220445.7
1735416000,4.8616,4.9949,4.8276,4.9256,167227.4
1735430400,4.9249,4.9405,4.8834,4.9374,28764.4
1735444800,4.948,4.9722,4.8614,4.9701,148594.1
1735459200,4.9688,4.9688,4.8865,4.8887,57159.5
1735473600,4.887,4.9374,4.8111,4.8494,45576.6
1735488000,4.8414,4.8457,4.7423,4.7763,265017.1
1735502400,4.7722,4.7906,4.6934,4.754,70512.7
1735516800,4.7539,4.9507,4.7288,4.8771,170302.2
1735531200,4.8808,4.9238,4.7953,4.8617,124802.7
1735545600,4.864,4.9019,4.7896,4.8591,78826.3
1735560000,4.8559,4.9448,4.6531,4.6848,432661.2
1735574400,4.6845,4.9074,4.6451,4.8961,106488.2
1735588800,4.9106,4.9338,4.7087,4.7673,122457.5
1735603200,4.7671,4.7671,4.6217,4.6506,52514.9
1735617600,4.6506,4.7362,4.6282,4.6972,45493.1
1735632000,4.699,4.8534,4.699,4.7629,89667.3
1735646400,4.7635,4.8672,4.7262,4.8093,80759.9
1735660800,4.809,4.8243,4.6383,4.6673,151707.2
1735675200,4.6661,4.6906,4.5954,4.6226,223675.9
1735689600,4.6205,4.708,4.6142,4.6569,23746.4
1735704000,4.656,4.6757,4.6288,4.6648,68683.7
1735718400,4.6761,4.6986,4.5555,4.6709,363352.0
1735732800,4.6786,4.7388,4.6451,4.7388,204991.7
1735747200,4.7317,4.8516,4.683,4.8289,76602.7
1735761600,4.8287,4.8874,4.8247,4.8652,156717.7
1735776000,4.8815,4.9601,4.8609,4.9414,128846.6
1735790400,4.9464,5.0794,4.9464,5.0595,86754.5
1735804800,5.0609,5.1885,5.0464,5.1235,152225.6
1735819200,5.1221,5.1561,5.0367,5.054,263141.8
1735833600,5.0659,5.1121,5.0177,5.0718,87038.8
1735848000,5.0819,5.0987,4.9893,5.0661,417559.4
1735862400,5.0728,5.1099,5.0034,5.0867,65166.3
1735876800,5.0726,5.0804,4.957,4.966,91182.7
1735891200,4.9722,5.1858,4.9635,5.1821,192025.0
1735905600,5.1769,5.4029,5.155,5.3997,373347.0
1735920000,5.4021,5.4874,5.4008,5.4395,434605.2
1735934400,5.4401,5.509,5.3654,5.509,167043.2
1735948800,5.5016,5.6186,5.4171,5.4558,382526.7
1735963200,5.4541,5.5183,5.4,5.5183,77645.8
1735977600,5.5183,5.5183,5.4235,5.483,118463.2
1735992000,5.485,5.7065,5.4802,5.5136,224692.7
1736006400,5.5237,5.548,5.4478,5.5233,106223.6
1736020800,5.5222,5.6243,5.5222,5.5679,79630.1
1736035200,5.568,5.5817,5.4801,5.5295,55124.7
1736049600,5.5414,5.5637,5.4861,5.5057,91513.4
1736064000,5.521,5.521,5.4106,5.4484,50387.6
1736078400,5.4492,5.4888,5.376,5.4683,75653.3
1736092800,5.4686,5.5463,5.4092,5.5206,248393.2
1736107200,5.528,5.6211,5.4968,5.5571,300203.3
1736121600,5.5579,5.6309,5.4451,5.6273,116792.9
1736136000,5.6332,5.6809,5.5237,5.5482,160350.9
1736150400,5.5485,5.5676,5.3753,5.4862,265891.5
1736164800,5.4862,5.6031,5.3561,5.5795,383424.2
1736179200,5.5841,5.6753,5.4592,5.5399,221684.5
1736193600,5.5357,5.586,5.4671,5.5296,246229.9
1736208000,5.5269,5.5417,5.4301,5.4855,155537.0
1736222400,5.4844,5.5753,5.4577,5.5018,253028.5
1736236800,5.4998,5.599,5.4379,5.4917,45093.6
1736251200,5.4849,5.5214,5.0786,5.1484,880164.4
1736265600,5.1463,5.2496,4.9507,4.9819,312727.9
1736280000,4.9827,5.0304,4.8738,4.8738,189355.3
1736294400,4.8778,4.9375,4.6933,4.7378,452796.2
1736308800,4.7453,4.7578,4.5628,4.6403,390814.2
1736323200,4.642,4.705,4.5959,4.6187,215906.9
1736337600,4.6191,4.6557,4.5431,4.6028,788927.0
1736352000,4.6054,4.6104,4.334,4.4837,579009.1
1736366400,4.4858,4.5294,4.4361,4.5121,384970.8
1736380800,4.5126,4.6184,4.5018,4.528,234884.7
1736395200,4.5366,4.6103,4.4457,4.4747,250842.3
1736409600,4.4743,4.6188,4.462,4.5783,156662.9
1736424000,4.5772,4.7085,4.3759,4.6645,439130.6
1736438400,4.6683,4.7303,4.4929,4.5142,381670.0
1736452800,4.5108,4.6043,4.4365,4.5339,344247.0
1736467200,4.5388,4.5833,4.4999,4.5395,138734.1
1736481600,4.5405,4.6949,4.5033,4.6436,223016.9
1736496000,4.6383,4.6793,4.5865,4.6293,102141.4
1736510400,4.6301,4.6449,4.4355,4.5562,359907.0
1736524800,4.5545,4.6926,4.4905,4.683,154253.3
1736539200,4.6832,4.8924,4.6218,4.8374,1678759.8
1736553600,4.8386,4.9045,4.7347,4.7635,635323.7
1736568000,4.77,4.8005,4.6044,4.622,1923549.5
1736582400,4.622,4.752,4.5991,4.7441,183825.5
1736596800,4.7435,4.7509,4.6254,4.6427,123203.8
1736611200,4.6433,4.6781,4.6256,4.6536,178976.8
1736625600,4.6535,4.9499,4.6504,4.9292,444303.7
1736640000,4.9301,4.9429,4.8106,4.8693,404956.8
1736654400,4.8729,4.9429,4.8106,4.8396,236115.4
1736668800,4.8406,4.8803,4.764,4.8751,485659.7
1736683200,4.8773,5.1746,4.8474,5.1206,370510.1
1736697600,5.124,5.1497,4.9589,4.9628,489946.3
1736712000,4.9762,5.0121,4.8055,4.9329,544494.4
1736726400,4.9284,5.1141,4.749,4.7744,400073.7
1736740800,4.7706,4.8998,4.6453,4.6989,265652.3
1736755200,4.7062,4.7341,4.3752,4.3752,762732.5
1736769600,4.3828,4.6043,4.3159,4.5262,437780.8
1736784000,4.5244,4.5482,4.3347,4.4146,248254.3
1736798400,4.4141,4.6225,4.3862,4.6108,221950.4
1736812800,4.6096,4.6576,4.5688,4.6144,91219.2
1736827200,4.625,4.7028,4.6227,4.6295,123135.0
1736841600,4.6242,4.7776,4.6113,4.6435,116331.0
1736856000,4.6524,4.7227,4.5827,4.6717,195430.0
1736870400,4.67,4.7457,4.6329,4.7111,161703.0
1736884800,4.7099,4.8233,4.6779,4.7634,81532.3
1736899200,4.7712,4.79,4.7082,4.7849,135790.9
1736913600,4.8061,4.8245,4.7361,4.7974,184788.4
1736928000,4.7971,4.8568,4.6341,4.6687,150801.5
1736942400,4.6679,5.2718,4.6343,5.1285,1014040.0
1736956800,5.1332,5.2337,5.0515,5.1593,382106.3
1736971200,5.1606,5.2527,5.134,5.2452,223653.7
1736985600,5.2478,5.2696,5.0825,5.1544,183863.9
1737000000,5.1512,5.1584,5.0618,5.0949,53366.8
1737014400,5.0956,5.1105,4.9434,5.0141,187892.5
1737028800,5.0145,5.1054,4.8858,5.0368,267004.6
1737043200,5.0392,5.1426,4.9995,5.0919,138798.6
1737057600,5.0936,5.1148,4.9595,5.0117,113291.5
1737072000,5.012,5.371,5.012,5.3351,642572.4
1737086400,5.3372,5.4943,5.2899,5.3616,379921.8
1737100800,5.364,5.4158,5.3133,5.3716,303572.1
1737115200,5.3711,5.4204,5.3125,5.34,345850.3
1737129600,5.3458,5.4163,5.3018,5.313,294773.8
1737144000,5.3104,5.4799,5.3062,5.3739,367429.8
1737158400,5.3813,5.4831,5.1834,5.2079,516764.4
1737172800,5.2028,5.2288,4.9544,4.9741,506309.9
1737187200,4.9682,5.0313,4.892,4.9905,350788.2
1737201600,4.9805,5.0085,4.8666,4.9195,263356.7
1737216000,4.9153,4.9461,4.7769,4.8471,348802.5
1737230400,4.8543,4.878,4.7629,4.8554,121571.6
1737244800,4.8465,5.0057,4.8304,4.8925,90877.8
1737259200,4.8862,4.8864,4.678,4.7166,252573.1
1737273600,4.7156,4.7156,4.4702,4.5125,561672.8
1737288000,4.5115,4.9803,4.4949,4.8547,980134.3
1737302400,4.8502,5.2927,4.8339,5.1572,673675.9
1737316800,5.1603,5.1931,4.5539,4.6633,2383084.8999999999
1737331200,4.6567,4.6613,4.3706,4.4759,916450.8
1737345600,4.4756,5.2211,4.4042,4.9779,851566.2
1737360000,4.9896,5.0066,4.8225,4.9731,257650.1
1737374400,4.9714,4.9714,4.6727,4.736,706877.9
1737388800,4.7453,4.8222,4.4237,4.7066,1046827.2
1737403200,4.7068,4.7488,4.5613,4.6052,256432.5
1737417600,4.6005,4.6298,4.4749,4.5043,225994.5
1737432000,4.503,4.5947,4.4066,4.5547,384641.3
1737446400,4.5578,4.7471,4.5242,4.7434,117156.1
1737460800,4.7458,4.7905,4.6247,4.6726,262117.1
1737475200,4.6603,5.0043,4.66,4.9412,307709.5
1737489600,4.9306,4.9924,4.8673,4.8948,250413.8
1737504000,4.8929,4.9626,4.858,4.9507,211836.1
1737518400,4.9562,4.9936,4.8808,4.8911,179686.3
1737532800,4.8885,4.952,4.8327,4.9065,109327.5
1737547200,4.91,4.9422,4.7354,4.78,241952.3
1737561600,4.7754,4.8804,4.742,4.7968,199013.2
1737576000,4.797,4.8565,4.6635,4.6837,169575.0
1737590400,4.6837,4.6837,4.5389,4.5674,137590.0
1737604800,4.5679,4.6425,4.5189,4.6397,56603.8
1737619200,4.6318,4.6519,4.5546,4.6185,81132.4
1737633600,4.6114,4.7448,4.5341,4.6348,585511.6
1737648000,4.6507,4.7567,4.4685,4.499,612264.7
1737662400,4.5018,4.6729,4.4574,4.6401,504141.7
1737676800,4.6401,4.68,4.5035,4.5668,44166.5
1737691200,4.5642,4.842,4.5354,4.7388,74569.2
1737705600,4.7397,4.8044,4.7217,4.7612,163984.3
1737720000,4.762,4.8298,4.6591,4.7042,225122.3
1737734400,4.7045,4.7498,4.6369,4.6433,147679.3
1737748800,4.6524,4.6641,4.5138,4.5431,202142.8
1737763200,4.5433,4.621,4.4536,4.6092,94927.9
1737777600,4.5971,4.5977,4.4907,4.4988,138579.1
1737792000,4.5006,4.5258,4.4469,4.5104,290384.8
1737806400,4.5105,4.6321,4.4705,4.6255,186715.7
1737820800,4.6262,4.6638,4.5873,4.5926,72726.0
1737835200,4.6049,4.6181,4.5346,4.5421,151959.3
1737849600,4.5421,4.6143,4.5184,4.5779,45951.3
1737864000,4.5796,4.6341,4.5459,4.566,34034.2
1737878400,4.5665,4.5906,4.5111,4.5635,48008.6
1737892800,4.5544,4.6083,4.531,4.5916,124044.9
1737907200,4.593,4.64,4.5637,4.6246,209753.4
1737921600,4.6275,4.6284,4.3444,4.3444,536410.4
1737936000,4.3428,4.3428,4.06,4.1204,951337.4
1737950400,4.1234,4.1234,3.8392,3.9559,1685743.0
1737964800,3.9566,4.0056,3.88,3.9283,508920.8
1737979200,3.9283,4.0713,3.8938,3.9704,946276.2
1737993600,3.9749,3.9887,3.8218,3.9171,464739.7
1738008000,3.9188,4.1223,3.9188,4.051,483147.5
1738022400,4.0512,4.1005,3.9734,4.0645,296899.5
1738036800,4.0669,4.1191,4.0166,4.0278,235400.4
1738051200,4.031,4.0913,4.0045,4.0652,72587.3
1738065600,4.0643,4.074,3.9865,4.0223,278354.1
1738080000,4.0266,4.0267,3.9058,3.9474,290890.6
1738094400,3.9515,4.0222,3.7559,3.8078,2254033.2999999998
1738108800,3.8049,3.9469,3.7947,3.9423,320129.1
1738123200,3.9496,4.0323,3.9308,3.9904,225327.1
1738137600,3.992,4.0118,3.9112,3.9411,79881.0
1738152000,3.9423,3.9614,3.8361,3.8729,326021.5
1738166400,3.8674,4.0283,3.8036,3.9784,673066.4
1738180800,3.9808,4.0929,3.9105,3.9198,750389.1
1738195200,3.9238,4.0892,3.8623,4.0595,189890.0
1738209600,4.0634,4.0925,4.0272,4.0694,348004.3
1738224000,4.0742,4.1899,4.0429,4.183,429351.7
1738238400,4.1807,4.316,4.146,4.2662,263324.1
1738252800,4.2695,4.3568,4.2421,4.2785,662752.8
1738267200,4.2799,4.2968,4.2261,4.2505,156499.3
1738281600,4.2471,4.309,4.1571,4.1874,643497.1
1738296000,4.192,4.3233,4.1369,4.2816,592186.2
1738310400,4.2742,4.4414,4.2218,4.4346,324294.5
1738324800,4.433,4.5343,4.3921,4.5205,417069.0
1738339200,4.5221,4.5434,4.2974,4.3561,653529.5
1738353600,4.343,4.3537,4.2509,4.3423,677144.4
1738368000,4.3364,4.4391,4.2974,4.3676,356943.2
1738382400,4.3885,4.4578,4.3069,4.3145,168556.0
1738396800,4.3138,4.3328,4.1848,4.2699,246083.4
1738411200,4.2704,4.3075,4.1653,4.1936,124970.3
1738425600,4.1946,4.2255,4.001,4.0193,261961.0
1738440000,4.0192,4.0251,3.8758,3.9258,316597.2
1738454400,3.9255,4.0222,3.806,3.8334,371845.5
1738468800,3.8276,3.9724,3.8192,3.8975,126267.8
1738483200,3.8922,3.9602,3.7766,3.8186,314280.0
1738497600,3.8164,3.9093,3.7767,3.8378,535767.1
1738512000,3.8377,3.8377,3.2858,3.4317,1288391.3
1738526400,3.4252,3.5,3.0091,3.2999,1827047.8999999999
1738540800,3.2984,3.3063,2.3589,2.7482,7125170.0999999996
1738555200,2.7551,2.9987,2.6281,2.9877,2247762.3999999999
1738569600,2.9903,3.05,2.8628,2.9973,1215557.8
1738584000,2.996,3.2171,2.8697,3.1894,1816015.1000000001
1738598400,3.1827,3.4072,3.1444,3.3534,698940.8
1738612800,3.3485,3.5137,3.253,3.4992,803902.9
1738627200,3.499,3.5102,3.2509,3.3009,2134409.7999999998
1738641600,3.3054,3.3369,3.0413,3.1077,814772.5
1738656000,3.1063,3.2412,3.0879,3.1774,488583.7
1738670400,3.1802,3.3437,3.1802,3.2568,597210.0
1738684800,3.2619,3.4021,3.2374,3.2393,387215.3
1738699200,3.2384,3.2726,3.1228,3.2482,688660.2
1738713600,3.2498,3.3114,3.2272,3.2649,242102.5
1738728000,3.2637,3.2794,3.1857,3.2267,456857.7
1738742400,3.2267,3.2502,3.1764,3.2235,275902.9
1738756800,3.2242,3.261,3.1572,3.192,1062695.5
1738771200,3.1926,3.2095,3.0041,3.0763,1428646.0
1738785600,3.0717,3.0973,2.975,3.0215,226916.0
1738800000,3.025,3.0599,2.9714,3.0332,173285.1
1738814400,3.0297,3.1343,3.0118,3.084,251208.4
1738828800,3.0942,3.0984,2.9679,3.006,170217.5
1738843200,3.0068,3.0125,2.8195,2.8429,524438.9
1738857600,2.8433,2.9906,2.8387,2.8941,848573.0
1738872000,2.892,2.9726,2.8763,2.9163,228462.1
1738886400,2.9146,2.9963,2.9118,2.9333,73708.7
1738900800,2.9411,2.9664,2.8608,2.9147,68894.0
1738915200,2.914,3.0077,2.9013,3.0038,175021.2
1738929600,2.9987,3.1073,2.9638,2.987,668249.3
1738944000,2.9843,2.9968,2.8873,2.8884,258705.2
1738958400,2.8893,2.8893,2.7216,2.8183,895749.9
1738972800,2.8133,2.8515,2.7945,2.8289,274182.2
1738987200,2.8293,2.8486,2.7741,2.827,181629.5
1739001600,2.8266,2.8346,2.7856,2.8094,83320.7
1739016000,2.8043,2.8917,2.79,2.8615,307843.6
1739030400,2.8614,3.0078,2.8313,2.9799,359684.9
1739044800,2.9794,3.0449,2.9715,3.032,309271.4
1739059200,3.0298,3.1252,3.0176,3.1132,415165.7
1739073600,3.1119,3.1317,3.0653,3.1181,459749.4
1739088000,3.1198,3.1799,3.0959,3.1212,159496.9
1739102400,3.1205,3.1317,3.0308,3.0652,246416.6
1739116800,3.0599,3.1034,3.0055,3.0146,261356.8
1739131200,3.0152,3.145,2.9143,3.1117,1073379.6000000001
1739145600,3.1117,3.168,3.0077,3.1094,511495.2
1739160000,3.11,3.2032,3.0943,3.1486,134720.3
1739174400,3.1472,3.2184,3.1329,3.2149,183268.7
1739188800,3.2143,3.3156,3.1705,3.2502,302903.9
1739203200,3.2504,3.2659,3.1892,3.2257,400160.3
1739217600,3.2252,3.2683,3.1967,3.2276,674581.5
1739232000,3.2284,3.3702,3.2253,3.3668,254935.4
1739246400,3.3638,3.5644,3.3401,3.5094,366961.7
1739260800,3.5103,3.5467,3.4188,3.4435,394638.3
1739275200,3.4512,3.4512,3.2852,3.3506,509647.8
1739289600,3.3518,3.3709,3.1858,3.2075,606290.5
1739304000,3.2049,3.2803,3.201,3.2237,236597.7
1739318400,3.2231,3.2493,3.1439,3.1791,171413.5
1739332800,3.17,3.1961,3.1031,3.1446,175870.0
1739347200,3.1449,3.18,3.1032,3.1374,168404.9
1739361600,3.1357,3.1779,2.9694,3.0772,798831.7
1739376000,3.0768,3.2182,3.0485,3.2057,500665.6
1739390400,3.2075,3.3084,3.1729,3.2197,328293.4
1739404800,3.2223,3.2561,3.1796,3.2161,92937.3
1739419200,3.2182,3.2182,3.0979,3.1026,197955.4
1739433600,3.1022,3.121,3.036,3.0709,699382.6
1739448000,3.0721,3.0903,2.991,3.0374,1070736.3
1739462400,3.0364,3.0368,2.9428,2.9771,308320.6
1739476800,2.9795,3.0675,2.9795,3.0399,251878.6
1739491200,3.0421,3.1095,3.0291,3.104,88933.3
1739505600,3.1076,3.1257,3.0688,3.1134,103524.2
1739520000,3.1141,3.1899,3.1063,3.1462,154995.9
1739534400,3.1463,3.2447,3.1083,3.2182,243939.8
1739548800,3.223,3.2987,3.1897,3.2695,231459.6
1739563200,3.2699,3.27,3.1581,3.1778,226792.7
1739577600,3.1796,3.2156,3.1368,3.202,169814.7
1739592000,3.2028,3.2206,3.1283,3.1357,229205.2
1739606400,3.1369,3.1594,3.0998,3.117,73038.3
1739620800,3.1184,3.1489,3.0539,3.0746,219226.6
1739635200,3.076,3.1004,3.0459,3.0482,122091.6
1739649600,3.0474,3.0701,3.0171,3.0651,126299.4
1739664000,3.0659,3.076,3.0068,3.0331,66327.7
1739678400,3.0306,3.0725,3.0233,3.0324,153686.6
1739692800,3.0333,3.0973,3.0184,3.0951,54787.9
1739707200,3.094,3.1057,3.0113,3.0525,55879.5
1739721600,3.0495,3.0667,2.9781,3.0127,420307.1
1739736000,3.0102,3.0561,2.9747,3.0311,202590.1
1739750400,3.0298,3.1368,3.0284,3.0908,307439.6
1739764800,3.09,3.1103,2.9975,3.0771,147886.6
1739779200,3.0735,3.2151,3.0639,3.1914,324821.4
1739793600,3.193,3.2288,3.0936,3.0991,609754.6
1739808000,3.0986,3.119,2.9967,3.049,316617.9
1739822400,3.0478,3.1798,3.0467,3.1281,449229.8
1739836800,3.1282,3.2052,3.0934,3.1508,550773.2
1739851200,3.1457,3.1822,3.0124,3.0542,763609.0
1739865600,3.0541,3.0756,2.9856,3.0202,636693.2
1739880000,3.0125,3.1894,3.0116,3.0337,663585.7
1739894400,3.0358,3.0725,2.9282,2.9783,560098.7
1739908800,2.9799,3.0515,2.9458,2.9944,494952.7
1739923200,2.9929,3.0458,2.9648,3.0,360571.2
1739937600,3.0015,3.0732,2.9329,3.0531,190350.7
1739952000,3.053,3.0866,3.0096,3.0746,244457.1
1739966400,3.0776,3.1327,3.03,3.0583,202030.3
1739980800,3.0595,3.1947,3.0444,3.166,289626.9
1739995200,3.167,3.2072,3.1246,3.14,1122299.1000000001
1740009600,3.1397,3.2879,3.1259,3.2659,2038068.8
1740024000,3.2639,3.316,3.1909,3.2414,653402.7
1740038400,3.2391,3.6383,3.239,3.6,3050857.7999999998
1740052800,3.5992,3.6262,3.4573,3.4573,1598431.2
1740067200,3.4614,3.5768,3.4613,3.5064,1867884.5
1740081600,3.5106,3.7738,3.4956,3.657,2831219.8999999999
1740096000,3.659,3.7751,3.6369,3.7202,1509673.8
1740110400,3.7216,3.7921,3.6189,3.6463,491952.7
1740124800,3.6548,3.7488,3.6094,3.6226,786594.7
1740139200,3.6308,3.7818,3.5325,3.5832,1516308.2
1740153600,3.5864,3.7231,3.4638,3.4809,1146201.2
1740168000,3.4883,3.6259,3.4845,3.5891,560082.6
1740182400,3.5779,3.6485,3.5077,3.5433,123751.4
1740196800,3.5331,3.6751,3.5264,3.6533,122092.6
1740211200,3.6529,3.8484,3.6357,3.839,769499.8
1740225600,3.8396,3.9894,3.7397,3.7838,1154197.3
1740240000,3.7834,3.8378,3.7705,3.815,417010.0
1740254400,3.8151,3.8464,3.7447,3.7569,617630.1
1740268800,3.7559,3.8041,3.7135,3.7289,238438.2
1740283200,3.7289,3.7783,3.6993,3.7609,457791.5
1740297600,3.7629,3.7636,3.6747,3.7339,164107.9
1740312000,3.7332,3.7793,3.6736,3.6775,275175.7
1740326400,3.6803,3.7581,3.6803,3.7176,227510.4
1740340800,3.7168,3.7407,3.6817,3.7057,409447.8
1740355200,3.7057,3.7524,3.5866,3.5866,480041.1
1740369600,3.5875,3.6175,3.5397,3.5561,484670.8
1740384000,3.5567,3.572,3.4646,3.5181,91005.7
1740398400,3.5162,3.5507,3.3947,3.4268,713681.9
1740412800,3.4238,3.4473,3.3301,3.3618,357252.2
1740427200,3.3621,3.4175,3.2021,3.2404,695139.3
1740441600,3.2367,3.2842,3.1585,3.1601,702338.3
1740456000,3.1604,3.189,3.0144,3.1184,640445.0
1740470400,3.1078,3.2235,3.0604,3.2106,479252.3
1740484800,3.2106,3.4775,3.1563,3.4032,889641.1
1740499200,3.4049,3.6923,3.3481,3.6735,2442046.7000000002
1740513600,3.6779,3.8003,3.6073,3.6405,769577.5
1740528000,3.64,3.7839,3.5399,3.7277,1040248.1
1740542400,3.7386,3.911,3.6754,3.8861,1448198.1000000001
1740556800,3.8857,3.911,3.7556,3.7628,1004478.0
1740571200,3.7627,3.9408,3.6721,3.8598,1928957.8
1740585600,3.8607,3.9893,3.7096,3.853,3199556.3999999999
1740600000,3.8573,4.0887,3.812,3.8257,2131742.5
1740614400,3.826,3.9849,3.8253,3.9515,1201166.3999999999
1740628800,3.9533,3.9561,3.7697,3.8414,710897.2
1740643200,3.841,3.8644,3.7648,3.7896,554434.8
1740657600,3.7869,3.8283,3.6949,3.7974,1685997.3999999999
1740672000,3.8,3.8102,3.6258,3.6596,1678062.2
1740686400,3.6631,3.6863,3.5858,3.6332,1195087.7
1740700800,3.64,3.64,3.4272,3.4327,925813.5
1740715200,3.4347,3.4832,3.3999,3.4247,433716.1
1740729600,3.4238,3.5099,3.3879,3.3949,344312.9
1740744000,3.3978,3.6674,3.391,3.6628,1035965.2
1740758400,3.6675,4.0733,3.6491,4.0732,710538.8
1740772800,4.0704,4.1482,3.9814,4.0825,616740.1
1740787200,4.0849,4.3089,4.042,4.1825,770969.4
1740801600,4.172,4.2642,4.1527,4.2173,398700.4
1740816000,4.2195,4.257,4.0965,4.1114,215509.0
1740830400,4.1111,4.187,4.057,4.1113,338211.8
1740844800,4.1053,4.1362,4.0647,4.1169,267859.1
1740859200,4.1173,4.1878,4.0896,4.1636,141601.2
1740873600,4.162,4.2278,4.1299,4.1944,128472.7
1740888000,4.196,4.2154,4.1143,4.1434,135499.2
1740902400,4.1346,4.2276,4.1255,4.2133,137831.6
1740916800,4.2089,4.2707,4.0705,4.1121,540243.2
1740931200,4.1084,4.4898,4.0955,4.3059,1369278.8
1740945600,4.3052,4.3052,4.129,4.1483,431711.1
1740960000,4.152,4.1549,3.8996,3.9378,500572.6
1740974400,3.9386,4.0074,3.8186,3.8312,255656.2
1740988800,3.8367,3.8367,3.7275,3.8066,169786.7
1741003200,3.8059,3.885,3.7032,3.7218,703524.5
1741017600,3.7261,3.7456,3.4077,3.4285,658732.9
1741032000,3.4269,3.4899,3.3164,3.4158,397962.0
1741046400,3.4157,3.4495,3.2349,3.2739,484108.0
1741060800,3.2747,3.4702,3.2738,3.4378,350340.3
1741075200,3.4374,3.584,3.3827,3.3893,641016.1
1741089600,3.3886,3.5421,3.3322,3.3828,594738.3
1741104000,3.383,3.5543,3.1875,3.5016,1090750.5
1741118400,3.5026,3.5591,3.4141,3.4164,384300.8
1741132800,3.4183,3.4402,3.3456,3.3506,150035.1
1741147200,3.3512,3.3942,3.3298,3.3763,171609.7
1741161600,3.3768,3.5002,3.3593,3.3641,309685.5
1741176000,3.3685,3.4098,3.2571,3.2811,562788.4
1741190400,3.2813,3.3863,3.2276,3.3698,646260.4
1741204800,3.37,3.4228,3.3595,3.3755,487275.9
1741219200,3.3769,3.4357,3.3238,3.4357,122315.0
1741233600,3.4277,3.4896,3.3745,3.3916,1238125.0
1741248000,3.3981,3.4065,3.3374,3.3559,216468.3
1741262400,3.3586,3.3706,3.2981,3.3232,252121.6
1741276800,3.3245,3.3436,3.2134,3.2354,940530.9
1741291200,3.2344,3.2858,3.131,3.1697,395239.6
1741305600,3.1713,3.2258,3.0605,3.1787,414623.0
1741320000,3.1807,3.2341,3.1807,3.228,133706.9
1741334400,3.2273,3.2842,3.1988,3.2275,125536.7
1741348800,3.2311,3.2763,3.1875,3.2307,444439.4
1741363200,3.2295,3.3034,3.1585,3.2429,267080.5
1741377600,3.2437,3.2462,3.1245,3.152,1185273.8999999999
1741392000,3.1514,3.1892,3.0656,3.1892,1445678.8
1741406400,3.1887,3.2839,3.1654,3.263,144330.3
1741420800,3.2549,3.3077,3.2436,3.2751,231643.2
1741435200,3.2755,3.3514,3.2438,3.291,379392.6
1741449600,3.2937,3.3355,3.2613,3.2781,152100.0
1741464000,3.2827,3.3055,3.2748,3.2894,283484.1
1741478400,3.29,3.2995,3.2409,3.2691,116929.2
1741492800,3.27,3.3221,3.2677,3.3033,131235.0
1741507200,3.3039,3.3418,3.2695,3.2944,340874.6
1741521600,3.2954,3.3038,3.1476,3.1602,846404.2
1741536000,3.1485,3.1906,3.0,3.1168,1276564.8
1741550400,3.1128,3.15,3.0069,3.0255,244961.4
1741564800,3.0289,3.1493,3.0114,3.0673,219975.2
1741579200,3.0682,3.1214,3.0061,3.0428,175075.8
1741593600,3.0446,3.1369,2.9594,3.1001,368517.6
1741608000,3.1014,3.2065,3.0017,3.1022,1746996.3999999999
1741622400,3.0985,3.1059,2.7375,2.8282,3420836.8999999999
1741636800,2.8343,2.8894,2.7931,2.7931,159256.5
1741651200,2.7981,2.8395,2.6333,2.7904,767774.6
1741665600,2.7948,2.8751,2.794,2.8583,111455.7
1741680000,2.8552,2.9883,2.8533,2.9581,198594.4
1741694400,2.9593,3.0208,2.8453,2.96,1504628.1000000001
1741708800,2.9567,3.194,2.9435,3.1831,1713914.3
1741723200,3.1863,3.204,3.1461,3.1999,1255770.8999999999
1741737600,3.2023,3.3152,3.1872,3.2015,1085203.2
1741752000,3.2035,3.3071,3.1607,3.2885,567426.4
1741766400,3.2881,3.4429,3.2878,3.4268,645209.2
1741780800,3.4232,3.5488,3.3031,3.3691,1018702.1
1741795200,3.3697,3.7,3.3674,3.6773,2766847.0
1741809600,3.6777,3.7869,3.6229,3.6761,1850574.5
1741824000,3.6735,3.7199,3.6147,3.6444,1314348.2
1741838400,3.6445,3.6689,3.5666,3.5673,634965.9
1741852800,3.5689,3.634,3.5395,3.5633,713869.0
1741867200,3.5608,3.611,3.5193,3.5673,687879.6
1741881600,3.5673,3.5729,3.4241,3.5243,1817294.1000000001
1741896000,3.5266,3.7088,3.5125,3.6257,1893271.8
1741910400,3.6285,3.6751,3.5844,3.6216,311340.5
1741924800,3.6219,3.6322,3.5667,3.5821,202546.4
1741939200,3.5823,3.6799,3.5777,3.5842,261504.2
1741953600,3.5866,3.7147,3.5745,3.6184,742279.0
1741968000,3.6168,3.668,3.5472,3.5745,993658.1
1741982400,3.5744,3.5973,3.4668,3.5249,1583681.8
1741996800,3.5255,3.5392,3.4951,3.528,125457.3
1742011200,3.5287,3.5744,3.5064,3.5724,534408.8
1742025600,3.5693,3.7551,3.5693,3.7114,512978.3
1742040000,3.7141,3.7491,3.6262,3.6396,721361.0
1742054400,3.6435,3.6965,3.6316,3.6407,629463.5
1742068800,3.6415,3.6912,3.6163,3.6182,97065.0
1742083200,3.6204,3.6522,3.5933,3.6374,162090.9
1742097600,3.6372,3.6826,3.6178,3.6178,66296.4
1742112000,3.6208,3.6219,3.4883,3.4901,804471.4
1742126400,3.4935,3.5359,3.4156,3.4485,298138.8
1742140800,3.4485,3.5425,3.3911,3.4062,971946.3
1742155200,3.4036,3.4342,3.3721,3.385,299203.2
1742169600,3.3836,3.4597,3.3814,3.4294,395927.3
1742184000,3.4312,3.4399,3.3645,3.429,362059.5
1742198400,3.4279,3.4443,3.3718,3.3944,133084.1
1742212800,3.3939,3.4288,3.3383,3.3766,653207.9
1742227200,3.3771,3.4995,3.3441,3.4709,527823.6
1742241600,3.4694,3.4744,3.3667,3.3851,294289.3
1742256000,3.3856,3.4499,3.3469,3.3705,145142.3
1742270400,3.3676,3.4327,3.3281,3.3532,592042.7
1742284800,3.3539,3.4033,3.2354,3.2482,1204504.2
1742299200,3.2483,3.2562,3.1306,3.1432,878110.0
1742313600,3.1432,3.1905,3.1196,3.1885,899515.4
1742328000,3.1914,3.238,3.162,3.2304,673638.1
1742342400,3.2311,3.31,3.1933,3.2963,952352.8
1742356800,3.2979,3.3222,3.2543,3.2905,619400.9
1742371200,3.2947,3.3441,3.2575,3.3277,433842.3
1742385600,3.328,3.3603,3.2605,3.2812,1825567.2
1742400000,3.2814,3.3692,3.2242,3.3224,1924975.1000000001
1742414400,3.3268,3.445,3.325,3.4189,1043922.3
1742428800,3.4184,3.4547,3.2799,3.3494,2032031.5
1742443200,3.3442,3.3491,3.2991,3.3109,166112.3
1742457600,3.3107,3.3475,3.2536,3.2559,109496.9
1742472000,3.257,3.3646,3.2491,3.3298,350349.0
1742486400,3.3272,3.3748,3.2629,3.3642,944851.8
1742500800,3.3614,3.3783,3.3452,3.3485,316685.3
1742515200,3.3483,3.3887,3.3366,3.3691,122083.3
1742529600,3.3718,3.4215,3.3403,3.4091,339737.8
1742544000,3.4095,3.4507,3.2747,3.2854,459733.0
1742558400,3.2808,3.3393,3.2502,3.3142,640486.4
1742572800,3.3148,3.4488,3.2841,3.3924,1759480.3999999999
1742587200,3.3903,3.4224,3.29,3.2925,1069187.8999999999
1742601600,3.2926,3.3308,3.2607,3.3264,179748.2
1742616000,3.3262,3.4244,3.3235,3.4192,113227.3
1742630400,3.4205,3.4433,3.382,3.3872,293686.7
1742644800,3.3863,3.4289,3.3697,3.424,50709.5
1742659200,3.423,3.4938,3.4038,3.4269,405022.1
1742673600,3.4254,3.4314,3.376,3.3795,55407.5
1742688000,3.3777,3.4062,3.3199,3.4053,784201.7
1742702400,3.4052,3.408,3.35,3.4052,255993.9
1742716800,3.4064,3.4701,3.3967,3.4617,60984.0
1742731200,3.4637,3.4904,3.4374,3.4704,59436.5
1742745600,3.4699,3.529,3.4444,3.5055,330183.1
1742760000,3.5178,3.593,3.4886,3.5398,1034107.7
1742774400,3.5422,3.6306,3.5122,3.5791,661733.3
1742788800,3.5851,3.6793,3.5666,3.6162,185008.8
1742803200,3.6175,3.6585,3.5879,3.5943,287059.0
1742817600,3.5926,3.7179,3.5795,3.6846,1244778.7
1742832000,3.6786,3.7095,3.621,3.6672,315655.8
1742846400,3.6671,3.6832,3.6154,3.6425,82265.9
1742860800,3.6422,3.688,3.6141,3.6434,80543.8
1742875200,3.6438,3.7017,3.6244,3.6786,54439.8
1742889600,3.6817,3.7514,3.6323,3.6789,199226.1
1742904000,3.673,3.6969,3.6105,3.6226,207597.7
1742918400,3.62,3.688,3.6179,3.685,89163.8
1742932800,3.6872,3.7039,3.644,3.6869,382824.6
1742947200,3.6874,3.7238,3.6226,3.6327,235794.9
1742961600,3.6286,3.7055,3.6028,3.7038,72600.3
1742976000,3.706,3.713,3.6517,3.6739,103627.5
1742990400,3.6747,3.6796,3.4892,3.5343,866770.9
1743004800,3.5379,3.5449,3.465,3.5215,106249.1
1743019200,3.519,3.6284,3.519,3.5802,124025.6
1743033600,3.5801,3.7461,3.5751,3.7176,356378.4
1743048000,3.7249,3.7538,3.6715,3.6969,522548.8
1743062400,3.6971,3.7997,3.6548,3.6834,1014632.3
1743076800,3.6859,3.8103,3.6251,3.7705,661839.1
1743091200,3.7705,3.8008,3.6739,3.6744,487493.1
1743105600,3.6757,3.7317,3.672,3.7061,191043.2
1743120000,3.7061,3.8117,3.6409,3.7492,290193.4
1743134400,3.7489,3.759,3.5923,3.629,360929.6
1743148800,3.6269,3.6909,3.5689,3.6128,244454.3
1743163200,3.617,3.638,3.5071,3.5146,518088.1
1743177600,3.5159,3.5268,3.3744,3.3848,626254.5
1743192000,3.3856,3.4457,3.3856,3.4272,153007.3
1743206400,3.4264,3.4724,3.3633,3.429,262981.8
1743220800,3.4287,3.4318,3.2937,3.3088,174632.0
1743235200,3.3085,3.3273,3.2275,3.2459,94329.1
1743249600,3.2439,3.2882,3.1966,3.1976,152459.4
1743264000,3.1973,3.2056,3.1266,3.1856,182000.0
1743278400,3.185,3.2327,3.1464,3.2141,177283.2
1743292800,3.2121,3.2603,3.1789,3.227,165663.7
1743307200,3.2258,3.3379,3.2258,3.3193,40660.9
1743321600,3.3223,3.3748,3.288,3.3019,102666.4
1743336000,3.3089,3.3469,3.264,3.306,124948.1
1743350400,3.3098,3.3227,3.2419,3.2799,207082.5
1743364800,3.2784,3.2954,3.1913,3.2414,389155.6
1743379200,3.2461,3.2708,3.1639,3.2066,117659.2
1743393600,3.2082,3.3256,3.1677,3.1841,210880.1
1743408000,3.1877,3.2116,3.1063,3.1584,138959.3
1743422400,3.164,3.205,3.0793,3.154,476885.7
1743436800,3.1538,3.1668,3.078,3.0954,205814.1
1743451200,3.098,3.1198,3.0203,3.0647,253733.9
1743465600,3.062,3.1319,3.0449,3.094,136164.5
1743480000,3.0953,3.1551,3.089,3.1259,126056.2
1743494400,3.1255,3.2042,3.0958,3.1036,155153.4
1743508800,3.1036,3.2073,3.0738,3.1807,422318.7
1743523200,3.1816,3.1953,3.1303,3.1329,273732.2
1743537600,3.1364,3.192,3.1002,3.1428,264237.2
1743552000,3.1438,3.1466,3.0815,3.1018,232766.5
1743566400,3.1022,3.1124,3.0317,3.0701,126938.5
1743580800,3.0667,3.1148,3.0489,3.0501,307646.6
1743595200,3.0543,3.1845,3.0335,3.1485,389992.9
1743609600,3.1567,3.1985,3.1118,3.1595,439493.1
1743624000,3.1591,3.2332,2.8831,2.9123,1154465.5
1743638400,2.9135,2.9765,2.8983,2.9313,245595.3
1743652800,2.9335,2.9424,2.8469,2.8761,125689.7
1743667200,2.8729,2.8955,2.7203,2.7407,506939.4
1743681600,2.7403,2.7539,2.6576,2.6999,539740.7
1743696000,2.6976,2.747,2.653,2.7255,426906.6
1743710400,2.7278,2.8479,2.7034,2.834,272912.0
1743724800,2.8365,2.8588,2.8121,2.8316,192677.7
1743739200,2.8379,2.8417,2.792,2.8282,186252.0
1743753600,2.8265,2.8517,2.6273,2.6594,251092.1
1743768000,2.6544,2.7968,2.6275,2.7378,463471.8
1743782400,2.7365,2.8022,2.707,2.744,415788.6
1743796800,2.7474,2.7687,2.714,2.7291,127978.5
1743811200,2.7292,2.771,2.7056,2.7159,79748.0
1743825600,2.7196,2.7748,2.7154,2.7717,46809.0
1743840000,2.7718,2.7897,2.7415,2.75,123066.2
1743854400,2.75,2.7512,2.653,2.6595,112787.9
1743868800,2.6598,2.6827,2.636,2.6529,108033.5
1743883200,2.6526,2.7033,2.6487,2.6979,127104.2
1743897600,2.6978,2.7039,2.64,2.6503,66725.1
1743912000,2.6508,2.6508,2.5826,2.5919,179577.2
1743926400,2.5927,2.6304,2.5775,2.6077,65766.3
1743940800,2.6097,2.61,2.4758,2.5252,286343.5
1743955200,2.5259,2.5306,2.3475,2.3918,692663.0
1743969600,2.3915,2.4004,2.2978,2.3466,493602.3
1743984000,2.3468,2.4386,2.2917,2.3326,532953.2
1743998400,2.3402,2.3906,2.1475,2.2001,1114321.7
1744012800,2.2027,2.3701,2.1935,2.3358,553188.2
1744027200,2.3369,2.5679,2.3369,2.4736,2412211.3999999999
1744041600,2.4736,2.5257,2.4153,2.459,432330.4
1744056000,2.4649,2.532,2.4613,2.4768,287159.2
1744070400,2.4822,2.5673,2.464,2.5193,231498.7
1744084800,2.5238,2.5322,2.4506,2.4609,272654.4
1744099200,2.4622,2.5426,2.4418,2.5366,343907.7
1744113600,2.5356,2.547,2.4356,2.4538,419866.3
1744128000,2.4539,2.4539,2.3498,2.3573,228567.4
1744142400,2.355,2.3822,2.3147,2.3285,127977.5
1744156800,2.3345,2.3518,2.238,2.2609,496272.0
1744171200,2.2611,2.3706,2.258,2.3659,137272.8
1744185600,2.366,2.3724,2.2454,2.2648,251927.5
1744200000,2.2619,2.3393,2.2414,2.3172,292053.6
1744214400,2.3171,2.5746,2.3123,2.5436,1220873.2
1744228800,2.5499,2.5927,2.5361,2.5532,829193.5
1744243200,2.5559,2.5585,2.4861,2.5129,432782.4
1744257600,2.5108,2.5781,2.4845,2.5369,108256.3
1744272000,2.54,2.5462,2.497,2.5231,491229.7
1744286400,2.5227,2.5876,2.4395,2.4522,861890.3
1744300800,2.4534,2.4912,2.4332,2.4554,258703.7
1744315200,2.4546,2.4708,2.4272,2.448,61297.7
1744329600,2.4463,2.5075,2.4388,2.4552,328678.1
1744344000,2.454,2.5087,2.4474,2.4872,221600.5
1744358400,2.4906,2.5259,2.4638,2.4771,115051.7
1744372800,2.4784,2.5141,2.4591,2.5065,287291.5
1744387200,2.5095,2.5594,2.4941,2.5331,200381.6
1744401600,2.5305,2.6081,2.5072,2.5268,2132990.5
1744416000,2.527,2.5433,2.4899,2.5077,266080.7
1744430400,2.5065,2.58,2.4952,2.5701,179657.1
1744444800,2.5703,2.5983,2.5539,2.5584,67519.3
1744459200,2.5588,2.6745,2.5476,2.6597,350211.4
1744473600,2.6645,2.6858,2.6116,2.6143,150276.8
1744488000,2.6143,2.6736,2.6001,2.6397,180184.7
1744502400,2.6498,2.6553,2.5766,2.5871,103492.0
1744516800,2.5861,2.5861,2.5073,2.5596,240954.2
1744531200,2.5583,2.591,2.5404,2.555,122374.4
1744545600,2.5561,2.5663,2.4732,2.4971,182984.0
1744560000,2.4969,2.5835,2.4201,2.4543,186251.9
1744574400,2.4534,2.4831,2.3799,2.4167,122760.8
1744588800,2.4218,2.5533,2.4154,2.4917,92736.5
1744603200,2.4917,2.5189,2.4254,2.4622,55174.4
1744617600,2.4655,2.5405,2.4612,2.5277,251471.3
1744632000,2.5319,2.588,2.4399,2.4567,886963.8
1744646400,2.4566,2.5159,2.4308,2.4949,338727.8
1744660800,2.4989,2.5204,2.4662,2.4785,56182.8
1744675200,2.4806,2.5278,2.4476,2.5183,413503.2
1744689600,2.5152,2.5467,2.4887,2.5392,347383.1
1744704000,2.5381,2.5487,2.4696,2.4998,255466.4
1744718400,2.4971,2.5522,2.4396,2.4745,424594.5
1744732800,2.4736,2.4802,2.4296,2.4457,283686.6
1744747200,2.4469,2.4792,2.4245,2.4379,117223.5
1744761600,2.4364,2.4617,2.3961,2.4298,176528.6
1744776000,2.4288,2.4298,2.2576,2.2858,338319.2
1744790400,2.2877,2.3238,2.2666,2.2974,318057.5
1744804800,2.2994,2.3312,2.255,2.2961,507097.4
1744819200,2.2961,2.3252,2.2253,2.3151,513097.8
1744833600,2.3142,2.3408,2.2606,2.2793,573860.5
1744848000,2.2798,2.3028,2.2492,2.2577,226071.2
1744862400,2.2554,2.3345,2.2502,2.3171,198357.9
1744876800,2.3185,2.3287,2.273,2.3096,198425.8
1744891200,2.3074,2.3582,2.2636,2.3173,243184.4
1744905600,2.3201,2.3729,2.2931,2.3142,829650.4
1744920000,2.3195,2.3613,2.3194,2.3489,89456.9
1744934400,2.3497,2.3767,2.3261,2.3693,149906.7
1744948800,2.3705,2.3968,2.3458,2.3968,133853.5
1744963200,2.4007,2.4245,2.3712,2.3897,365759.7
1744977600,2.3898,2.3968,2.3548,2.371,130194.0
1744992000,2.3696,2.3959,2.3651,2.3843,35937.4
1745006400,2.3835,2.3984,2.3613,2.3821,70320.3
1745020800,2.3805,2.4257,2.3727,2.4162,80832.6
1745035200,2.4183,2.4291,2.3963,2.422,76074.1
1745049600,2.425,2.4259,2.3469,2.3858,188604.8
1745064000,2.3866,2.4208,2.3689,2.4105,40226.0
1745078400,2.4109,2.4725,2.3994,2.4403,131175.6
1745092800,2.4414,2.4981,2.4337,2.4799,174620.0
1745107200,2.4801,2.5226,2.4723,2.5198,105064.9
1745121600,2.519,2.5433,2.4732,2.4799,176838.3
1745136000,2.4579,2.4611,2.4352,2.4506,39725.2
1745150400,2.4508,2.4808,2.4331,2.4373,331430.4
1745164800,2.4377,2.4804,2.4377,2.4793,89147.5
1745179200,2.4792,2.5325,2.4721,2.5325,246986.2
1745193600,2.5315,2.5913,2.5205,2.5384,430399.6
1745208000,2.5393,2.604,2.5274,2.604,202325.0
1745222400,2.6052,2.6297,2.5917,2.608,103609.9
1745236800,2.6085,2.6276,2.5839,2.6052,404229.9
1745251200,2.6063,2.6104,2.5186,2.5669,283396.5
1745265600,2.5646,2.5814,2.5429,2.5608,77243.4
1745280000,2.5607,2.6161,2.5318,2.5846,227896.4
1745294400,2.5851,2.5868,2.474,2.5461,269634.5
1745308800,2.5451,2.5546,2.4994,2.5259,109195.9
1745323200,2.5258,2.678,2.5241,2.6486,283495.7
1745337600,2.6491,2.7075,2.6311,2.668,322415.0
1745352000,2.6689,2.789,2.6524,2.7662,792046.8
1745366400,2.7672,2.8393,2.7584,2.8293,678603.6
1745380800,2.8281,2.8482,2.7977,2.8198,559915.5
1745395200,2.8195,2.8423,2.7829,2.8125,134980.6
1745409600,2.8118,2.884,2.7676,2.7989,1542872.1000000001
1745424000,2.7995,2.8516,2.7446,2.7835,373654.6
1745438400,2.7831,2.8107,2.7535,2.7642,156129.4
1745452800,2.7598,2.8513,2.72,2.7246,466133.4
1745467200,2.7278,2.8096,2.721,2.7438,110838.9
1745481600,2.7509,2.7961,2.7207,2.7889,105469.5
1745496000,2.7899,2.9198,2.7749,2.8911,984547.6
1745510400,2.8927,2.9074,2.8015,2.8554,311831.3
1745524800,2.8556,2.8731,2.8291,2.8691,204499.8
1745539200,2.8708,2.9108,2.7332,2.7934,175369.4
1745553600,2.7927,2.9135,2.7844,2.8993,299341.7
1745568000,2.8984,2.9268,2.8612,2.9228,620005.0
1745582400,2.9236,2.9304,2.818,2.8433,444822.4
1745596800,2.8447,2.8823,2.8157,2.8403,349088.6
1745611200,2.8441,2.8933,2.8351,2.8651,112832.6
1745625600,2.8714,2.9698,2.8687,2.9362,169308.6
1745640000,2.9353,2.9709,2.8932,2.9471,64601.8
1745654400,2.9452,2.9782,2.8345,2.85,165340.4
1745668800,2.8477,2.8966,2.8035,2.8912,175092.1
1745683200,2.8912,2.899,2.854,2.8823,73047.3
1745697600,2.8874,2.9494,2.8727,2.949,364743.5
1745712000,2.9478,2.9601,2.8324,2.8997,332473.4
1745726400,2.8988,2.9103,2.8242,2.8668,91033.6
1745740800,2.8661,2.8806,2.8278,2.8569,252973.4
1745755200,2.851,2.863,2.7596,2.827,935211.7
1745769600,2.8277,2.8787,2.7986,2.8692,259281.7
1745784000,2.8694,2.9019,2.8449,2.8642,300698.9
1745798400,2.8619,2.9481,2.7663,2.8932,307157.4
1745812800,2.8923,2.9805,2.8702,2.9436,797048.2
1745827200,2.9454,3.0331,2.887,2.9662,1518972.3
1745841600,2.9662,2.9678,2.7733,2.7971,969015.1
1745856000,2.7961,2.9113,2.7874,2.8946,428254.6
1745870400,2.896,2.9527,2.8779,2.9293,150623.8
1745884800,2.9297,2.9671,2.9052,2.9385,395394.6
1745899200,2.9396,2.9665,2.8892,2.9586,541751.8
1745913600,2.9576,2.9705,2.8581,2.8646,461126.7
1745928000,2.8644,2.877,2.8158,2.8203,292407.0
1745942400,2.8211,2.8445,2.786,2.7878,298731.5
1745956800,2.7897,2.801,2.6803,2.7357,847443.9
1745971200,2.735,2.7631,2.7041,2.751,112426.9
1745985600,2.753,2.7835,2.7257,2.743,101115.3
1746000000,2.744,2.7799,2.7321,2.7675,62627.1
1746014400,2.7703,2.7757,2.6105,2.6803,442552.2
1746028800,2.6815,2.7326,2.6502,2.6906,151805.2
1746043200,2.6913,2.7254,2.6612,2.6873,358395.0
1746057600,2.6876,2.7507,2.6762,2.6769,195199.1
1746072000,2.6777,2.7563,2.671,2.7522,151331.8
1746086400,2.7498,2.7787,2.7406,2.7654,412457.8
1746100800,2.7659,2.777,2.7041,2.7237,506073.9
1746115200,2.7265,2.7552,2.6723,2.6834,140585.5
1746129600,2.6838,2.7134,2.608,2.6303,290174.1
1746144000,2.6307,2.6757,2.6236,2.6501,195862.4
1746158400,2.6504,2.6563,2.564,2.5911,160615.8
1746172800,2.5908,2.626,2.5906,2.5975,113883.9
1746187200,2.5967,2.6555,2.574,2.6223,80209.2
1746201600,2.6213,2.6588,2.5333,2.5398,253912.8
1746216000,2.5344,2.5736,2.5333,2.5522,155574.9
1746230400,2.5523,2.5566,2.5133,2.5298,125554.0
1746244800,2.5286,2.5426,2.5169,2.5206,29850.8
1746259200,2.5194,2.5313,2.4457,2.4489,217126.5
1746273600,2.4519,2.4947,2.4519,2.4842,483663.8
1746288000,2.4844,2.4883,2.3827,2.4607,312254.4
1746302400,2.4609,2.4791,2.4391,2.4483,129585.6
1746316800,2.4484,2.4669,2.4184,2.4295,43739.2
1746331200,2.4296,2.4623,2.4222,2.43,378448.8
1746345600,2.4283,2.429,2.3948,2.4124,95981.5
1746360000,2.4139,2.4265,2.3845,2.4022,86310.8
1746374400,2.4016,2.4111,2.3553,2.3759,272546.4
1746388800,2.3752,2.4084,2.3626,2.3891,192961.6
1746403200,2.3892,2.4195,2.3573,2.4015,194318.0
1746417600,2.4002,2.4377,2.3951,2.4376,81733.2
1746432000,2.4372,2.4544,2.3699,2.3817,120775.5
1746446400,2.3816,2.3994,2.3535,2.3682,170106.6
1746460800,2.3688,2.4135,2.3663,2.3707,272150.4
1746475200,2.3714,2.3942,2.3187,2.3576,225330.8
1746489600,2.3581,2.3804,2.3245,2.3752,197624.0
1746504000,2.3733,2.3964,2.3632,2.3865,191077.5
1746518400,2.3859,2.3875,2.3015,2.3226,289108.1
1746532800,2.3206,2.3673,2.311,2.3313,224319.7
1746547200,2.3292,2.3914,2.3162,2.3677,124955.7
1746561600,2.3699,2.3793,2.2687,2.3584,769300.6
1746576000,2.3587,2.3994,2.3384,2.3618,459230.1
1746590400,2.3626,2.3836,2.3352,2.3799,296610.6
1746604800,2.3791,2.421,2.3678,2.421,225359.3
1746619200,2.4203,2.4224,2.3701,2.3731,318029.0
1746633600,2.3716,2.4264,2.3426,2.3939,610885.2
1746648000,2.3935,2.4619,2.3872,2.4384,518867.6
1746662400,2.4377,2.5023,2.4229,2.4985,451125.6
1746676800,2.5023,2.8973,2.5008,2.7058,2633060.7000000002
1746691200,2.707,2.7355,2.6024,2.6297,3036025.7000000002
1746705600,2.6293,2.6809,2.563,2.6513,1388398.8999999999
1746720000,2.6502,2.77,2.6454,2.7035,1366066.8
1746734400,2.706,2.8055,2.6894,2.7447,1524891.1000000001
1746748800,2.7434,2.7856,2.703,2.709,994910.8
1746763200,2.7086,2.8771,2.6624,2.8539,1029329.8
1746777600,2.853,2.9528,2.7974,2.9433,2444620.7000000002
1746792000,2.9415,2.9969,2.8316,2.8748,3104290.1000000001
1746806400,2.8747,2.9603,2.8322,2.9263,851771.0
1746820800,2.9264,3.0933,2.9181,3.0593,781544.5
1746835200,3.0592,3.1623,2.9905,3.0339,440215.1
1746849600,3.0334,3.2589,3.0104,3.2211,839854.3
1746864000,3.2148,3.2845,3.0716,3.0961,757653.3
1746878400,3.0955,3.2175,3.0954,3.1324,330285.0
1746892800,3.1338,3.2043,3.1185,3.1827,357993.5
1746907200,3.1821,3.3691,3.154,3.3496,711652.3
1746921600,3.3495,3.3927,3.1958,3.3339,1094034.3
1746936000,3.3283,3.3631,3.1108,3.1461,459376.0
1746950400,3.146,3.2229,3.1113,3.1922,299968.9
1746964800,3.1916,3.2493,3.1419,3.1729,223672.3
1746979200,3.1621,3.2352,3.1075,3.2063,155000.4
1746993600,3.2066,3.2344,3.1669,3.2149,774719.6
1747008000,3.2124,3.2776,3.1549,3.2324,407457.7
1747022400,3.2349,3.3833,3.1867,3.2728,378134.7
1747036800,3.2733,3.3312,3.1794,3.1867,401071.8
1747051200,3.184,3.2678,3.0704,3.1153,527742.2
1747065600,3.1139,3.2192,3.0086,3.1373,1186501.7
1747080000,3.1373,3.2029,3.1148,3.1717,254188.5
1747094400,3.1689,3.1697,2.96,2.9733,367739.0
1747108800,2.9724,3.1887,2.964,3.159,426546.0
1747123200,3.1623,3.2374,3.144,3.1713,799863.1
1747137600,3.1722,3.2465,3.1185,3.2237,1017602.1
1747152000,3.2234,3.3765,3.2152,3.3109,869290.8
1747166400,3.3109,3.347,3.2713,3.3177,1088134.1000000001
1747180800,3.3191,3.4071,3.2783,3.3146,578920.7
1747195200,3.3144,3.3441,3.226,3.2355,402905.1
1747209600,3.2349,3.2469,3.1518,3.2031,416175.3
1747224000,3.2002,3.2019,3.0324,3.0792,1713830.2
1747238400,3.0812,3.0996,3.0229,3.0803,484939.3
1747252800,3.0818,3.1045,3.028,3.0544,229747.4
1747267200,3.0545,3.0826,2.9669,2.9749,295665.9
1747281600,2.9741,2.9995,2.7925,2.8033,923700.1
1747296000,2.8032,2.8883,2.775,2.8197,732374.7
1747310400,2.8196,2.8745,2.7413,2.8606,739390.8
1747324800,2.8602,2.9402,2.7818,2.8146,380212.5
1747339200,2.8156,2.8276,2.6904,2.7526,372802.5
1747353600,2.7542,2.817,2.7438,2.8027,227778.7
1747368000,2.8036,2.8188,2.7566,2.7838,193159.5
1747382400,2.7871,2.7915,2.7184,2.7478,175775.9
1747396800,2.7487,2.7715,2.7059,2.7363,171792.1
1747411200,2.7455,2.7562,2.6868,2.7376,228106.3
1747425600,2.7344,2.746,2.6374,2.6738,379910.4
1747440000,2.6748,2.6926,2.5733,2.6573,391167.2
1747454400,2.6583,2.6797,2.6231,2.642,282052.0
1747468800,2.6457,2.6572,2.6003,2.6234,108516.4
1747483200,2.6224,2.6467,2.5727,2.6156,82647.6
1747497600,2.6115,2.6158,2.5514,2.5632,182795.1
1747512000,2.5617,2.6021,2.5377,2.5763,156483.1
1747526400,2.5771,2.5976,2.5576,2.5774,114513.2
1747540800,2.5764,2.6605,2.5761,2.6605,173682.1
1747555200,2.6602,2.7019,2.6434,2.6569,167957.6
1747569600,2.6514,2.773,2.6355,2.7602,391351.2
1747584000,2.7622,2.772,2.5639,2.5709,469670.5
1747598400,2.5686,2.7174,2.5031,2.7043,552783.9
1747612800,2.7056,2.7251,2.5546,2.5647,150823.5
1747627200,2.5638,2.5878,2.5137,2.5591,155320.1
1747641600,2.559,2.5722,2.5292,2.5652,182476.8
1747656000,2.5635,2.6243,2.5222,2.6145,387051.8
1747670400,2.6134,2.6746,2.5917,2.6319,119128.7
1747684800,2.6384,2.6495,2.6037,2.6349,319338.9
1747699200,2.6358,2.6956,2.6084,2.6579,180806.8
1747713600,2.6583,2.6999,2.6378,2.6465,127287.7
1747728000,2.6512,2.6577,2.5821,2.6035,204517.9
1747742400,2.6024,2.6189,2.5668,2.6161,73442.8
1747756800,2.6167,2.6482,2.5586,2.6382,181689.2
1747771200,2.6366,2.6918,2.6217,2.6778,116952.2
1747785600,2.6804,2.6993,2.6322,2.6764,268855.7
1747800000,2.6775,2.7178,2.6459,2.6545,140923.4
1747814400,2.6557,2.6632,2.5824,2.6195,191048.8
1747828800,2.6192,2.6698,2.5948,2.6654,175857.1
1747843200,2.6713,2.7503,2.5573,2.6164,1019409.9
1747857600,2.6158,2.702,2.5843,2.6462,145765.0
1747872000,2.6456,2.7395,2.6401,2.723,465528.8
1747886400,2.7246,2.7518,2.6883,2.7518,635101.4
1747900800,2.753,2.8228,2.7451,2.7748,677197.5
1747915200,2.7697,2.863,2.729,2.8223,843403.8
1747929600,2.8223,2.8828,2.7926,2.8261,663093.7
1747944000,2.8292,2.8593,2.7906,2.8399,654632.2
1747958400,2.8398,2.9743,2.8257,2.9322,1145141.3
1747972800,2.9322,2.9449,2.8383,2.9243,436525.9
1747987200,2.9306,3.0741,2.8477,2.8714,2191881.0
1748001600,2.8731,2.8788,2.7552,2.7835,1984582.1000000001
1748016000,2.7838,2.8166,2.703,2.7159,837550.4
1748030400,2.7166,2.7177,2.4643,2.4836,1490135.5
1748044800,2.4841,2.5558,2.4636,2.5432,189018.2
1748059200,2.5432,2.5747,2.5312,2.5385,245460.6
1748073600,2.5413,2.5967,2.517,2.5839,235378.5
1748088000,2.5841,2.6054,2.5557,2.5771,169684.8
1748102400,2.5758,2.5961,2.5531,2.5618,62487.5
1748116800,2.5618,2.5639,2.5052,2.5363,166984.3
1748131200,2.5362,2.5627,2.4718,2.5616,123497.6
1748145600,2.5614,2.5763,2.5197,2.5236,355688.4
1748160000,2.5243,2.5243,2.474,2.5082,143257.5
1748174400,2.5107,2.5248,2.4333,2.4829,215007.1
1748188800,2.4842,2.5016,2.4473,2.4897,314735.2
1748203200,2.4886,2.5652,2.4704,2.5577,239293.9
1748217600,2.5588,2.6019,2.5507,2.5757,351603.6
1748232000,2.5761,2.6752,2.5761,2.6573,351441.6
1748246400,2.6583,2.6947,2.631,2.6378,384728.7
1748260800,2.643,2.6781,2.6044,2.6491,224381.1
1748275200,2.65,2.6673,2.5736,2.5902,268761.5
1748289600,2.5886,2.6287,2.5799,2.5956,48823.2
1748304000,2.5955,2.6189,2.5142,2.5845,467955.9
1748318400,2.5859,2.6451,2.5698,2.6304,272435.8
1748332800,2.6375,2.667,2.6355,2.658,132697.8
1748347200,2.6604,2.7176,2.6201,2.6677,1132226.7
1748361600,2.6667,2.6983,2.645,2.6559,156604.4
1748376000,2.6572,2.6724,2.6254,2.6483,240864.1
1748390400,2.6479,2.6856,2.6297,2.6558,118182.4
1748404800,2.6553,2.6713,2.6005,2.6203,732353.6
1748419200,2.6231,2.6612,2.5724,2.6598,261794.7
1748433600,2.6623,2.701,2.5643,2.5935,457300.2
1748448000,2.5928,2.6325,2.5101,2.537,707114.4
1748462400,2.5349,2.6203,2.5218,2.6194,686779.8
1748476800,2.6191,2.7051,2.5977,2.6554,1130302.5
1748491200,2.6556,2.6615,2.5809,2.5954,179416.8
1748505600,2.592,2.6247,2.5756,2.6091,222488.3
1748520000,2.6043,2.6065,2.5183,2.5506,673778.9
1748534400,2.5526,2.5731,2.488,2.516,547010.4
1748548800,2.5156,2.5522,2.495,2.5041,235992.0
1748563200,2.5038,2.5195,2.2834,2.3936,1938627.5
1748577600,2.3934,2.4132,2.3313,2.3575,810213.4
1748592000,2.3528,2.3851,2.3318,2.3806,576215.2
1748606400,2.3799,2.3843,2.3279,2.34,426103.7
1748620800,2.3424,2.3525,2.2265,2.3023,939828.4
1748635200,2.3029,2.305,2.1252,2.1535,686453.9
1748649600,2.1516,2.157,2.0498,2.0984,868611.5
1748664000,2.0999,2.1548,2.0809,2.1457,120392.4
1748678400,2.1444,2.1607,2.1237,2.127,150890.5
1748692800,2.1257,2.1976,2.1231,2.1652,371894.1
1748707200,2.1672,2.2301,2.16,2.2169,151880.4
1748721600,2.2178,2.2272,2.1941,2.2007,160866.4
1748736000,2.2009,2.2152,2.162,2.1882,86401.3
1748750400,2.188,2.2194,2.1838,2.1938,51726.6
1748764800,2.1941,2.1975,2.145,2.1721,300393.0
1748779200,2.1724,2.2082,2.1532,2.1978,247190.2
1748793600,2.2009,2.2251,2.1597,2.1929,272469.0
1748808000,2.1929,2.2369,2.1844,2.2183,118543.1
1748822400,2.2188,2.2274,2.1671,2.1751,213235.0
1748836800,2.1743,2.1939,2.1436,2.173,138660.9
1748851200,2.1743,2.1924,2.13,2.1512,188777.8
1748865600,2.1511,2.1999,2.1444,2.1867,523736.7
1748880000,2.1869,2.2091,2.1619,2.175,323088.0
1748894400,2.1758,2.2777,2.1758,2.2501,286612.4
1748908800,2.2494,2.3019,2.2456,2.2556,348312.3
1748923200,2.2556,2.284,2.238,2.2423,172766.7
1748937600,2.2416,2.2744,2.2225,2.2573,128437.9
1748952000,2.2574,2.3011,2.2512,2.2833,245651.0
1748966400,2.2857,2.3,2.2654,2.2959,261569.9
1748980800,2.2969,2.2999,2.2238,2.2465,516629.1
1748995200,2.249,2.2831,2.2329,2.2688,209095.6
1749009600,2.2698,2.274,2.2342,2.243,99095.8
1749024000,2.2423,2.2617,2.2102,2.2116,41803.1
1749038400,2.2108,2.2419,2.1923,2.2365,523166.2
1749052800,2.2343,2.2343,2.1659,2.1692,1044025.0
1749067200,2.1667,2.1768,2.122,2.1491,299906.3
1749081600,2.1493,2.1843,2.1454,2.1691,329244.7
1749096000,2.1694,2.1749,2.1356,2.1542,102523.3
1749110400,2.1542,2.1724,2.132,2.1513,360638.4
1749124800,2.1528,2.1961,2.1074,2.1572,653667.3
1749139200,2.1577,2.1601,1.9922,2.0192,1157122.3
1749153600,2.02,2.0251,1.9347,1.9677,1032910.8
1749168000,1.9679,2.0077,1.9671,2.0056,170203.1
1749182400,2.0054,2.0372,2.0016,2.0242,240663.2
1749196800,2.0252,2.049,2.0197,2.0328,252287.4
1749211200,2.035,2.072,2.0312,2.0468,334851.9
1749225600,2.0475,2.0518,1.8925,1.9165,1053499.5
1749240000,1.9152,1.9553,1.9119,1.9482,290392.1
1749254400,1.9481,2.0264,1.9445,2.0181,325247.5
1749268800,2.0178,2.0385,2.0084,2.0287,460544.7
1749283200,2.0286,2.0335,2.0025,2.0155,430447.8
1749297600,2.0159,2.0585,2.0159,2.0414,393001.0
1749312000,2.0413,2.0496,2.0158,2.0455,232279.0
1749326400,2.0474,2.0773,2.0472,2.0565,202999.3
1749340800,2.0565,2.0581,2.034,2.0362,172967.8
1749355200,2.0361,2.043,2.0124,2.0171,187283.6
1749369600,2.0166,2.0317,1.9925,2.0291,203078.0
1749384000,2.0293,2.0359,1.9983,2.031,350039.5
1749398400,2.0312,2.0551,2.0234,2.0342,158555.4
1749412800,2.0363,2.0538,2.0033,2.0084,477680.0
1749427200,2.0082,2.0228,1.9902,2.0058,179588.3
1749441600,2.0062,2.0134,1.9494,1.9774,312341.6
1749456000,1.9782,2.0483,1.9641,2.034,239598.5
1749470400,2.0353,2.0536,1.9967,2.0224,308518.5
1749484800,2.0247,2.0584,2.0241,2.0308,357853.7
1749499200,2.0308,2.129,2.0276,2.1286,1324585.5
1749513600,2.1294,2.1541,2.1059,2.1136,192022.3
1749528000,2.1152,2.1289,2.071,2.1262,492877.1
1749542400,2.1261,2.177,2.108,2.1757,278473.5
1749556800,2.1756,2.2201,2.1288,2.1742,1220242.8
1749571200,2.1774,2.2039,2.1552,2.1788,508043.8
1749585600,2.178,2.2109,2.1542,2.2064,854275.7
1749600000,2.2071,2.216,2.1591,2.2062,312475.8
1749614400,2.2073,2.2232,2.1845,2.2133,176423.0
1749628800,2.2133,2.2273,2.1318,2.1456,601660.5
1749643200,2.1438,2.275,2.1399,2.2617,577998.6
1749657600,2.2594,2.2655,2.1648,2.1711,454902.3
1749672000,2.171,2.2058,2.0838,2.1074,795828.5
1749686400,2.1071,2.1104,2.0625,2.0684,366295.6
1749700800,2.0691,2.0726,2.0415,2.0528,296607.6
1749715200,2.0512,2.1333,2.0384,2.0445,579499.5
1749729600,2.0445,2.1,2.0227,2.0327,634699.3
1749744000,2.0305,2.08,1.97,1.979,526683.1
1749758400,1.9756,1.9884,1.9207,1.9258,685599.3
1749772800,1.9255,1.9267,1.7238,1.7913,2521491.2000000002
1749787200,1.7913,1.8081,1.7742,1.7984,561903.0
1749801600,1.799,1.8215,1.7371,1.7672,723478.5
1749816000,1.7667,1.7871,1.739,1.7723,755417.3
1749830400,1.772,1.8039,1.7322,1.7524,821702.8
1749844800,1.7539,1.8115,1.7483,1.8039,439270.9
1749859200,1.8039,1.8174,1.7929,1.8137,441350.9
1749873600,1.8147,1.8481,1.8065,1.8149,669861.2
1749888000,1.815,1.8292,1.7987,1.8269,126652.0
1749902400,1.827,1.8453,1.7955,1.8058,249481.6
1749916800,1.8046,1.8111,1.7586,1.7694,445106.6
1749931200,1.7688,1.8016,1.7457,1.7933,205073.3
1749945600,1.7939,1.813,1.7913,1.7935,76715.1
1749960000,1.7929,1.8135,1.773,1.779,277315.9
1749974400,1.7795,1.7816,1.7572,1.7743,251287.9
1749988800,1.7742,1.8014,1.7618,1.7811,263849.8
1750003200,1.7815,1.7842,1.7331,1.736,536341.4
1750017600,1.7362,1.7595,1.6864,1.7568,909598.7
1750032000,1.7575,1.7821,1.7272,1.7557,352640.9
1750046400,1.756,1.8118,1.7552,1.8024,363739.2
1750060800,1.8044,1.8219,1.7825,1.802,248702.5
1750075200,1.8026,1.8325,1.7862,1.8022,445640.3
1750089600,1.8047,1.8303,1.7962,1.8109,417867.3
1750104000,1.8108,1.8326,1.7134,1.7194,553715.4
1750118400,1.7196,1.7401,1.6632,1.7238,919860.9
1750132800,1.7231,1.7286,1.6909,1.703,466606.3
1750147200,1.7036,1.704,1.6734,1.6966,213295.0
1750161600,1.6966,1.7196,1.6205,1.6416,782126.4
1750176000,1.6398,1.6828,1.5936,1.6631,1167565.1000000001
1750190400,1.663,1.6792,1.6407,1.656,418466.7
1750204800,1.6572,1.6839,1.6559,1.6809,215765.1
1750219200,1.6806,1.6973,1.6776,1.6916,190338.1
1750233600,1.6929,1.6984,1.6375,1.6602,324208.6
1750248000,1.6615,1.6899,1.6092,1.6547,435569.5
1750262400,1.6554,1.6908,1.6415,1.6509,591886.7
1750276800,1.6564,1.7118,1.6466,1.6848,513177.7
1750291200,1.6858,1.7065,1.6735,1.6901,136049.8
1750305600,1.6915,1.7033,1.6631,1.6643,192898.5
1750320000,1.6665,1.6716,1.6467,1.6512,110827.4
1750334400,1.6523,1.6589,1.617,1.6333,378644.7
1750348800,1.631,1.6534,1.6073,1.625,339334.2
1750363200,1.6254,1.6471,1.6212,1.6396,410377.9
1750377600,1.6397,1.6479,1.6154,1.6221,166876.9
1750392000,1.6219,1.6701,1.6018,1.6627,268536.3
1750406400,1.6647,1.6768,1.6511,1.6647,162640.3
1750420800,1.6642,1.6763,1.6062,1.6131,445768.6
1750435200,1.6136,1.6141,1.5232,1.5902,933040.4
1750449600,1.5918,1.6034,1.562,1.5745,253210.2
1750464000,1.5753,1.6076,1.5753,1.6018,303704.5
1750478400,1.6016,1.6167,1.5948,1.5993,182280.5
1750492800,1.5994,1.6026,1.5857,1.5908,194511.9
1750507200,1.5908,1.596,1.5395,1.5561,288897.7
1750521600,1.555,1.565,1.5022,1.5029,513801.3
1750536000,1.5029,1.5263,1.4263,1.4646,1004811.9
1750550400,1.4658,1.4945,1.4004,1.4074,590590.0
1750564800,1.4085,1.4497,1.4071,1.429,296255.1
1750579200,1.4301,1.4324,1.3973,1.4135,729870.8
1750593600,1.4158,1.4249,1.3432,1.3808,1656168.2
1750608000,1.3813,1.3874,1.3463,1.3514,889757.9
1750622400,1.3516,1.4058,1.311,1.4011,1048994.0
1750636800,1.4015,1.412,1.3851,1.3965,342878.8
1750651200,1.3965,1.4262,1.3957,1.4187,433217.3
1750665600,1.4194,1.4253,1.4008,1.4172,490574.1
1750680000,1.4174,1.4711,1.3901,1.4259,2625607.8999999999
1750694400,1.4261,1.4878,1.3792,1.4862,1615792.0
1750708800,1.4856,1.5917,1.4841,1.5875,1196491.2
1750723200,1.5873,1.5998,1.5678,1.5718,625001.2
1750737600,1.5709,1.6352,1.5552,1.5981,1152409.8999999999
1750752000,1.6003,1.611,1.5713,1.5844,360739.0
1750766400,1.5857,1.6045,1.5711,1.5904,544217.1
1750780800,1.5904,1.6585,1.5904,1.6115,710651.6
1750795200,1.6109,1.6827,1.6013,1.6827,553769.6
1750809600,1.6835,1.6835,1.6468,1.6566,340778.3
1750824000,1.6569,1.6727,1.6181,1.6249,850594.1
1750838400,1.6262,1.6426,1.6006,1.6411,501799.3
1750852800,1.6391,1.6828,1.6161,1.6192,905943.4
1750867200,1.6209,1.6322,1.5962,1.6128,352264.5
1750881600,1.6131,1.6253,1.5687,1.5774,593706.2
1750896000,1.5779,1.6333,1.5669,1.5814,487608.0
1750910400,1.581,1.5994,1.5475,1.5816,1309998.7
1750924800,1.5817,1.5869,1.5371,1.5374,470719.5
1750939200,1.537,1.5432,1.4748,1.4904,767559.0
1750953600,1.4905,1.4905,1.441,1.4536,697179.6
1750968000,1.4539,1.4719,1.4218,1.4255,856890.9
1750982400,1.4265,1.4464,1.4089,1.4397,744389.9
1750996800,1.4383,1.468,1.4254,1.429,361723.0
1751011200,1.431,1.4552,1.423,1.4309,582677.8
1751025600,1.4309,1.4685,1.4208,1.4631,626157.7
1751040000,1.4637,1.4768,1.387,1.4005,906602.6
1751054400,1.3996,1.4441,1.3975,1.4407,501018.6
1751068800,1.4407,1.454,1.4374,1.4422,239741.6
1751083200,1.4427,1.45,1.431,1.4429,498794.3
1751097600,1.444,1.4529,1.4294,1.4447,156366.8
1751112000,1.4452,1.4622,1.4407,1.46,217018.5
1751126400,1.4631,1.4831,1.4533,1.4755,270941.8
1751140800,1.4757,1.4919,1.461,1.4794,232927.3
1751155200,1.4798,1.4827,1.4451,1.4458,139270.9
1751169600,1.4461,1.4571,1.4418,1.4535,219850.2
1751184000,1.4538,1.4651,1.4419,1.4513,196275.4
1751198400,1.4506,1.4628,1.4267,1.4446,503982.0
1751212800,1.4454,1.4789,1.4334,1.4756,396229.6
1751227200,1.4775,1.5521,1.4491,1.5327,1125715.7
1751241600,1.5332,1.5547,1.4728,1.4769,1273286.5
1751256000,1.4778,1.4785,1.4362,1.4616,419391.4
1751270400,1.4615,1.4628,1.4063,1.4094,550682.6
1751284800,1.4093,1.4155,1.3731,1.3892,793145.5
1751299200,1.3883,1.4345,1.385,1.4226,608497.2
1751313600,1.423,1.4338,1.3788,1.388,390128.1
1751328000,1.3855,1.3946,1.3567,1.3624,497388.4
1751342400,1.3625,1.367,1.3373,1.3657,683253.5
1751356800,1.3648,1.3676,1.3473,1.3514,430727.3
1751371200,1.3507,1.3778,1.3387,1.3702,815730.4
1751385600,1.37,1.3835,1.3503,1.3554,744630.6
1751400000,1.3564,1.3606,1.3351,1.3505,413440.4
1751414400,1.3505,1.3852,1.3494,1.3694,513547.9
1751428800,1.3693,1.4202,1.3644,1.4067,916048.5
1751443200,1.4066,1.4527,1.4058,1.428,1674169.7
1751457600,1.4278,1.4711,1.4268,1.4585,2001224.8999999999
1751472000,1.4582,1.5151,1.4561,1.5149,2183891.7999999998
1751486400,1.5137,1.6084,1.5127,1.574,2888192.5
1751500800,1.5747,1.6326,1.5628,1.5947,650937.0
1751515200,1.5972,1.6601,1.591,1.6544,1057679.3
1751529600,1.6545,1.6653,1.6036,1.6072,921806.9
1751544000,1.6069,1.6452,1.5608,1.5692,2649024.0
1751558400,1.5692,1.6246,1.5682,1.6166,1762601.6000000001
1751572800,1.6162,1.6486,1.6144,1.6465,622914.9
1751587200,1.6467,1.6689,1.6207,1.6381,487865.2
1751601600,1.6377,1.6406,1.5694,1.5732,685661.3
1751616000,1.5729,1.5859,1.5591,1.5631,1338112.0
1751630400,1.5631,1.5707,1.5155,1.5176,1008030.1
1751644800,1.5199,1.5206,1.4918,1.5038,1046684.7
1751659200,1.5031,1.538,1.501,1.5094,494468.1
1751673600,1.5099,1.5222,1.4988,1.5052,390708.2
1751688000,1.5057,1.5167,1.4725,1.5083,425788.6
1751702400,1.5093,1.5102,1.4866,1.4866,226673.3
1751716800,1.4864,1.488,1.4713,1.474,186811.3
1751731200,1.475,1.4799,1.4501,1.4723,363985.2
1751745600,1.4723,1.4914,1.4697,1.4887,307832.8
1751760000,1.4891,1.4943,1.4754,1.4784,151123.1
1751774400,1.4779,1.4842,1.4721,1.4783,158639.9
1751788800,1.4778,1.488,1.4651,1.4777,277248.6
1751803200,1.4762,1.5291,1.4728,1.5124,817063.1
1751817600,1.5135,1.5291,1.5118,1.517,251646.0
1751832000,1.5196,1.6625,1.5195,1.6179,1161171.1000000001
1751846400,1.6194,1.6523,1.5949,1.6408,873870.7
1751860800,1.6408,1.6794,1.6331,1.6757,1690450.8
1751875200,1.6759,1.68,1.6157,1.6251,1448613.3
1751889600,1.6252,1.6397,1.5766,1.5823,2465124.7999999998
1751904000,1.5824,1.5979,1.5564,1.5848,1304864.3
1751918400,1.5826,1.5826,1.552,1.573,967945.2
1751932800,1.5728,1.5853,1.5457,1.5579,448733.5
1751947200,1.5573,1.5668,1.5489,1.558,193484.5
1751961600,1.5597,1.6331,1.54,1.6183,1090712.2
1751976000,1.618,1.6581,1.5772,1.5875,1736079.6000000001
1751990400,1.5884,1.6288,1.5641,1.6114,1386573.8999999999
1752004800,1.6114,1.6239,1.5958,1.5964,460872.8
1752019200,1.5976,1.6065,1.5655,1.5702,834102.0
1752033600,1.5703,1.7055,1.5698,1.6536,1609114.2
1752048000,1.6537,1.66,1.6071,1.6147,1801088.3
1752062400,1.6147,1.6389,1.5863,1.6117,1582952.8
1752076800,1.6106,1.6736,1.603,1.6646,1734330.0
1752091200,1.6665,1.7384,1.6482,1.6911,1400160.1000000001
1752105600,1.697,1.701,1.6673,1.6823,737971.8
1752120000,1.6813,1.7217,1.6711,1.7154,359773.1
1752134400,1.7153,1.7366,1.7015,1.7105,350578.9
1752148800,1.709,1.758,1.6912,1.7038,1013532.3
1752163200,1.7042,1.7697,1.697,1.73,1081984.3
1752177600,1.7294,1.8666,1.7294,1.8444,1597256.0
1752192000,1.8438,1.8993,1.8155,1.8904,1265176.3
1752206400,1.8891,1.9596,1.8627,1.8762,1173120.8
1752220800,1.8765,1.9362,1.8759,1.901,549837.3
1752235200,1.9012,1.9736,1.8991,1.9131,1123946.6000000001
1752249600,1.9164,2.0225,1.9116,2.0225,785637.2
1752264000,2.0223,2.0634,1.9153,1.9346,1184956.7
1752278400,1.9348,1.9484,1.8847,1.9286,298279.2
1752292800,1.9318,1.9385,1.8635,1.9052,786429.8
1752307200,1.9051,1.9162,1.8855,1.8978,181577.4
1752321600,1.8987,1.9145,1.8057,1.8172,1156685.3999999999
1752336000,1.8181,1.8877,1.8105,1.8835,311674.7
1752350400,1.8837,1.884,1.8394,1.8573,203991.2
1752364800,1.8583,1.878,1.847,1.862,181221.1
1752379200,1.863,1.9116,1.8573,1.8973,132822.2
1752393600,1.8977,1.9017,1.8548,1.9017,87601.0
1752408000,1.9007,1.9272,1.8808,1.8903,512156.8
1752422400,1.8906,1.9197,1.8666,1.8958,868161.2
1752436800,1.8959,1.9197,1.8482,1.8892,677305.2
1752451200,1.8893,1.9887,1.877,1.9742,1084328.5
1752465600,1.9739,2.022,1.9544,1.9851,787498.3
1752480000,1.9831,1.9855,1.9425,1.9667,349216.4
1752494400,1.9679,1.9842,1.8904,1.9113,549045.8
1752508800,1.9078,1.9388,1.8679,1.8759,604611.4
1752523200,1.8754,1.8811,1.8436,1.8621,285762.6
1752537600,1.8609,1.8817,1.7901,1.8152,521967.9
1752552000,1.8123,1.8488,1.7987,1.8252,210620.9
1752566400,1.8241,1.8463,1.8046,1.8398,242287.7
1752580800,1.8385,1.8986,1.8094,1.8835,829198.5
1752595200,1.8836,1.9909,1.8828,1.9012,1388066.1000000001
1752609600,1.9042,1.9864,1.8965,1.98,492765.0
1752624000,1.9799,1.9968,1.926,1.943,276686.1
1752638400,1.9435,1.992,1.9234,1.978,135686.1
1752652800,1.9773,1.9858,1.947,1.9548,201141.8
1752667200,1.9551,1.9985,1.9324,1.9494,1147286.2
1752681600,1.9497,2.0437,1.9432,2.0343,1452127.6000000001
1752696000,2.0325,2.0892,1.9907,1.999,1063445.8
1752710400,1.9987,2.0345,1.8936,1.9139,1253146.0
1752724800,1.913,1.9888,1.9065,1.98,492704.3
1752739200,1.983,2.0101,1.9365,1.9564,612347.9
1752753600,1.9552,1.9888,1.9047,1.9657,1109254.0
1752768000,1.9621,1.9652,1.8999,1.9065,831020.6
1752782400,1.9053,1.9755,1.8661,1.9419,1808279.6000000001
1752796800,1.942,2.025,1.9263,2.0205,719379.8
1752811200,2.0206,2.1142,2.0119,2.0384,1016594.2
1752825600,2.0392,2.0644,2.0059,2.0304,527101.9
1752840000,2.032,2.1001,1.9535,1.9682,1465246.1000000001
1752854400,1.97,1.9989,1.9253,1.9482,1034740.4
1752868800,1.9502,1.9932,1.8953,1.9598,694656.2
1752883200,1.9612,2.015,1.8867,2.0076,201414.3
1752897600,2.01,2.0297,1.9573,1.9573,147872.4
1752912000,1.9584,1.9584,1.9206,1.9223,188790.2
1752926400,1.9238,1.9345,1.8889,1.9114,193740.4
1752940800,1.9113,1.9941,1.9013,1.9935,374334.1
1752955200,1.9945,2.0189,1.962,1.9929,427914.0
1752969600,1.9943,2.0183,1.971,1.9973,95351.7
1752984000,1.9988,2.0549,1.9875,2.0343,168461.5
1752998400,2.0343,2.2065,2.0343,2.1943,814383.9
1753012800,2.1932,2.267,2.185,2.2522,1338841.3999999999
1753027200,2.251,2.2611,2.1556,2.1855,1256174.8
1753041600,2.1856,2.1957,2.0971,2.1644,1082927.6000000001
1753056000,2.1646,2.1994,2.1088,2.1872,441895.8
1753070400,2.1876,2.2042,2.1568,2.186,322790.8
1753084800,2.188,2.2404,2.1784,2.2249,2145742.7000000002
1753099200,2.2249,2.2886,2.1987,2.2458,1026671.7
1753113600,2.2457,2.2569,2.1687,2.1829,924906.6
1753128000,2.1839,2.2554,2.174,2.2447,240821.8
1753142400,2.2445,2.2521,2.1312,2.1555,1190755.3999999999
1753156800,2.1557,2.1672,2.0859,2.1225,1323303.7
1753171200,2.1229,2.1618,2.0668,2.1492,1025265.4
1753185600,2.148,2.1808,2.0888,2.1435,1275288.1000000001
1753200000,2.1477,2.183,2.1181,2.1359,1005194.9
1753214400,2.1341,2.2128,2.1277,2.208,767282.0
1753228800,2.2076,2.2121,2.1542,2.1745,389290.9
1753243200,2.1752,2.2039,2.1233,2.131,224561.3
1753257600,2.1309,2.1504,2.0778,2.095,1230901.0
1753272000,2.094,2.1035,1.9714,2.0352,1353901.8
1753286400,2.0348,2.0348,1.9312,1.9608,746319.7
1753300800,1.9621,1.9724,1.8629,1.9288,906975.6
1753315200,1.9284,1.9529,1.9111,1.9226,185949.9
1753329600,1.9225,1.9337,1.7438,1.8137,2704969.3999999999
1753344000,1.8148,1.8518,1.7955,1.8441,567226.6
1753358400,1.8453,1.8928,1.7892,1.8751,2252182.8999999999
1753372800,1.8757,1.9085,1.8158,1.8789,1123188.5
1753387200,1.8778,1.9028,1.8046,1.8216,1114134.5
1753401600,1.8262,1.859,1.7809,1.815,820643.9
1753416000,1.8128,1.8506,1.7853,1.833,416903.6
1753430400,1.8315,1.9086,1.83,1.8839,486281.7
1753444800,1.8837,1.9237,1.8139,1.8401,1192317.0
1753459200,1.8397,1.8687,1.817,1.8481,560698.0
1753473600,1.8476,1.969,1.8464,1.9483,3199167.8999999999
1753488000,1.9487,1.9639,1.9376,1.9509,231653.3
1753502400,1.9515,1.977,1.9276,1.9337,665191.0
1753516800,1.934,1.9577,1.9276,1.9363,420037.2
1753531200,1.9379,1.9516,1.9262,1.9447,544460.3
1753545600,1.9449,1.9708,1.9289,1.9675,928882.0
1753560000,1.9675,1.969,1.9228,1.9261,976715.1
1753574400,1.9272,1.9577,1.9218,1.9445,372361.9
1753588800,1.9454,1.9786,1.9401,1.9527,196959.0
1753603200,1.9563,2.0302,1.9371,1.9954,633069.1
1753617600,1.9958,2.0138,1.9678,2.0001,636470.0
1753632000,1.9996,2.038,1.9933,2.0163,483632.0
1753646400,2.0186,2.0732,2.0041,2.0692,391126.5
1753660800,2.0692,2.0957,2.0276,2.0709,470892.9
1753675200,2.0707,2.1181,2.055,2.072,282870.9
1753689600,2.0705,2.0952,2.0484,2.0539,673609.3
1753704000,2.0551,2.0553,1.9484,1.9619,1527450.3
1753718400,1.9624,1.9793,1.9055,1.928,1123350.5
1753732800,1.9296,1.9296,1.8753,1.8967,820206.8
1753747200,1.8958,1.9125,1.8604,1.907,351066.3
1753761600,1.9033,2.0256,1.8877,1.9977,431128.1
1753776000,1.9977,2.0291,1.9373,1.9891,402377.2
1753790400,1.9879,2.0409,1.9067,1.9107,1421073.0
1753804800,1.9098,1.9134,1.8274,1.8304,507648.4
1753819200,1.8306,1.883,1.8053,1.8645,504671.8
1753833600,1.8593,1.8714,1.809,1.855,243441.4
1753848000,1.8533,1.8653,1.8097,1.818,239887.0
1753862400,1.8169,1.8307,1.7252,1.737,728290.9
1753876800,1.7374,1.8009,1.7248,1.7801,631192.2
1753891200,1.7809,1.8103,1.687,1.7602,1387017.5
1753905600,1.76,1.7923,1.7322,1.7857,990862.0
1753920000,1.7853,1.8191,1.7746,1.8123,638537.4
1753934400,1.8133,1.842,1.8073,1.8339,361898.4
1753948800,1.8344,1.8651,1.8257,1.8357,300942.6
1753963200,1.8336,1.8354,1.7323,1.7634,1324684.3999999999
1753977600,1.7626,1.8205,1.7354,1.7429,1032989.5
1753992000,1.7428,1.7457,1.6675,1.6809,991228.6
1754006400,1.6806,1.7065,1.6289,1.6949,1262175.8
1754020800,1.6949,1.7046,1.656,1.6605,267275.0
1754035200,1.6644,1.6651,1.62,1.6502,665787.3
1754049600,1.6484,1.6758,1.6002,1.6586,1142392.3
1754064000,1.6594,1.6717,1.6019,1.6561,953090.8
1754078400,1.6565,1.6617,1.5593,1.6188,1120763.3999999999
1754092800,1.6182,1.6484,1.6144,1.6423,149022.1
1754107200,1.6427,1.6485,1.5901,1.6416,383143.2
1754121600,1.6405,1.6492,1.5917,1.6076,174538.4
1754136000,1.6065,1.6169,1.5722,1.5791,485038.2
1754150400,1.5783,1.6,1.5428,1.5783,791832.9
1754164800,1.5771,1.6083,1.5751,1.5965,130895.2
1754179200,1.5956,1.6209,1.5704,1.6137,227286.4
1754193600,1.6139,1.6326,1.609,1.6258,112763.3
1754208000,1.6268,1.6482,1.6117,1.6369,183064.5
1754222400,1.6387,1.6487,1.6273,1.6369,381565.7
1754236800,1.6362,1.6544,1.6303,1.6394,157218.9
1754251200,1.6401,1.6534,1.6303,1.6404,416536.5
1754265600,1.6392,1.6811,1.6389,1.6409,1490600.8
1754280000,1.6413,1.6556,1.6128,1.6504,354564.3
1754294400,1.6517,1.6546,1.6274,1.6343,164126.1
1754308800,1.6345,1.6846,1.6315,1.6615,557908.6
1754323200,1.6616,1.7066,1.6616,1.6696,377280.7
1754337600,1.6696,1.7213,1.6661,1.7143,414013.3
1754352000,1.7145,1.7251,1.6804,1.6817,410027.0
1754366400,1.6815,1.6988,1.6385,1.6425,176341.6
1754380800,1.6449,1.7249,1.6391,1.7201,306055.4
1754395200,1.7203,1.7284,1.6189,1.6253,733810.9
1754409600,1.6246,1.6451,1.6061,1.6139,329222.0
1754424000,1.6147,1.6361,1.5833,1.6348,255251.2
1754438400,1.6356,1.6356,1.5867,1.5886,207028.4
1754452800,1.5885,1.6546,1.5784,1.6466,337183.7
1754467200,1.6479,1.6491,1.6165,1.6191,189811.4
1754481600,1.6201,1.6774,1.6045,1.6761,437230.5
1754496000,1.6747,1.6865,1.6483,1.6691,340898.1
1754510400,1.6703,1.6722,1.6548,1.6581,118328.4
1754524800,1.6582,1.673,1.6379,1.6379,82026.7
1754539200,1.6379,1.6679,1.6374,1.6599,69505.5
1754553600,1.6611,1.7341,1.6539,1.7312,1159743.3
1754568000,1.7308,1.7419,1.702,1.7202,536196.7
1754582400,1.7208,1.7324,1.6752,1.7308,332136.3
1754596800,1.7323,1.7371,1.7128,1.7276,248684.0
1754611200,1.7283,1.7477,1.7068,1.7334,479996.4
1754625600,1.7343,1.7599,1.7139,1.7576,581760.6
1754640000,1.7572,1.7688,1.7322,1.7439,342606.0
1754654400,1.7431,1.7674,1.703,1.717,1016365.1
1754668800,1.7195,1.7942,1.7182,1.7733,343224.8
1754683200,1.779,1.7854,1.7656,1.7694,361521.8
1754697600,1.7695,1.7748,1.7533,1.7554,131940.5
1754712000,1.7564,1.8311,1.7514,1.8218,654646.3
1754726400,1.822,1.8513,1.8201,1.8268,402093.1
1754740800,1.8284,1.8558,1.8061,1.8257,451381.8
1754755200,1.8256,1.8505,1.8183,1.8444,511492.9
1754769600,1.8447,1.8661,1.816,1.8197,527039.4
1754784000,1.82,1.8478,1.8072,1.8377,332620.3
1754798400,1.8365,1.8567,1.7578,1.7595,789818.7
1754812800,1.761,1.7823,1.7364,1.7571,1235905.7
1754827200,1.7544,1.8176,1.7518,1.7997,209078.7
1754841600,1.7989,1.8351,1.7943,1.8278,255280.8
1754856000,1.8248,1.8365,1.7897,1.8328,293317.3
1754870400,1.833,1.8977,1.8133,1.8838,549086.2
1754884800,1.8842,1.9173,1.8466,1.847,311594.1
1754899200,1.8478,1.8597,1.7607,1.7695,419247.5
1754913600,1.7689,1.8142,1.7482,1.785,664097.0
1754928000,1.786,1.8161,1.7316,1.7522,266901.1
1754942400,1.75,1.7536,1.6971,1.7138,470677.0
1754956800,1.7129,1.7368,1.7105,1.7156,88502.3
1754971200,1.715,1.7351,1.6869,1.732,161064.7
1754985600,1.7347,1.7405,1.6971,1.7229,190516.4
1755000000,1.7215,1.8223,1.7141,1.8223,1125931.3
1755014400,1.8223,1.8661,1.8157,1.859,825971.7
1755028800,1.859,1.8855,1.8544,1.8729,304106.5
1755043200,1.873,1.8997,1.8509,1.8902,364409.7
1755057600,1.8899,1.9033,1.8582,1.89,319510.4
1755072000,1.889,1.9784,1.8887,1.9511,385626.0
1755086400,1.9545,1.9868,1.919,1.9605,1849165.6000000001
1755100800,1.963,2.0123,1.9494,2.0123,931379.6
1755115200,2.006,2.0286,1.9774,2.004,811340.6
1755129600,2.0055,2.0332,1.9654,2.0295,407470.5
1755144000,2.0294,2.0388,1.945,1.9549,1136216.3
1755158400,1.9553,1.9555,1.9028,1.9105,913478.8
1755172800,1.9111,1.9197,1.7647,1.8087,2536221.2000000002
1755187200,1.8089,1.8089,1.7524,1.7768,1026921.0
1755201600,1.7754,1.7763,1.725,1.7474,676807.7
1755216000,1.7472,1.7958,1.7472,1.7928,165515.8
1755230400,1.7915,1.8916,1.7854,1.815,785885.3
1755244800,1.8155,1.8268,1.7765,1.7816,232077.3
1755259200,1.7793,1.8216,1.6749,1.7033,1154477.5
1755273600,1.7032,1.7463,1.6795,1.7392,751579.0
1755288000,1.7398,1.8035,1.7331,1.7753,275829.1
1755302400,1.7747,1.8004,1.7723,1.7772,182038.2
1755316800,1.7783,1.8043,1.7738,1.801,146248.4
1755331200,1.8026,1.8061,1.7606,1.7727,197681.1
1755345600,1.7729,1.8421,1.7676,1.8298,159729.8
1755360000,1.8311,1.8422,1.8088,1.8192,184015.0
1755374400,1.8185,1.8368,1.8015,1.8228,232938.1
1755388800,1.8232,1.841,1.8069,1.8349,61560.6
1755403200,1.8349,1.8667,1.8273,1.8508,270278.7
1755417600,1.8509,1.8725,1.849,1.8654,205601.9
1755432000,1.866,1.8848,1.8407,1.8832,247862.9
1755446400,1.8856,1.8991,1.8205,1.83,379197.6
1755460800,1.8313,1.8563,1.8273,1.8302,213590.4
1755475200,1.8301,1.8352,1.7311,1.7577,1040115.1
1755489600,1.757,1.773,1.72,1.7353,514461.6
1755504000,1.7341,1.7602,1.7197,1.7487,374263.7
1755518400,1.7487,1.7736,1.7314,1.756,525231.0
1755532800,1.7554,1.7747,1.7354,1.7538,262031.8
1755547200,1.7528,1.779,1.7372,1.74,395566.6
1755561600,1.7405,1.7639,1.6981,1.7051,933873.6
1755576000,1.7047,1.7323,1.6906,1.7168,168523.8
1755590400,1.7189,1.7445,1.7014,1.743,633707.3
1755604800,1.7407,1.7469,1.6808,1.6889,522177.4
1755619200,1.689,1.6904,1.6387,1.6547,588611.7
1755633600,1.6549,1.6735,1.6437,1.6454,208431.7
1755648000,1.6469,1.6828,1.6393,1.6711,209567.2
1755662400,1.6714,1.7006,1.6714,1.6855,191824.4
1755676800,1.6863,1.7079,1.6599,1.6797,429643.6
1755691200,1.6814,1.7221,1.6409,1.7013,812058.2
1755705600,1.7016,1.7385,1.6932,1.7385,355888.6
1755720000,1.7382,1.7384,1.7208,1.7256,241113.4
1755734400,1.726,1.7393,1.7037,1.7139,330988.2
1755748800,1.7147,1.7233,1.6959,1.7123,127021.9
1755763200,1.7119,1.7143,1.6793,1.6898,329681.0
1755777600,1.6884,1.7026,1.6585,1.6591,413543.2
1755792000,1.6608,1.6774,1.6481,1.6572,384412.2
1755806400,1.6592,1.6826,1.6529,1.6659,118505.6
1755820800,1.666,1.6886,1.6508,1.6562,110453.0
1755835200,1.6563,1.6767,1.6538,1.6728,107766.3
1755849600,1.6724,1.6807,1.6308,1.6315,277097.9
1755864000,1.6319,1.7743,1.5991,1.7555,1842925.6000000001
1755878400,1.7552,1.861,1.7544,1.8547,854184.1
1755892800,1.8571,1.8907,1.8501,1.8806,269774.5
1755907200,1.8819,1.8878,1.7939,1.8164,202899.6
1755921600,1.8205,1.9068,1.8205,1.8782,491155.6
1755936000,1.8796,1.8842,1.8551,1.8603,314600.2
1755950400,1.8619,1.8753,1.8408,1.8479,166878.3
1755964800,1.848,1.8743,1.8388,1.8737,131794.3
1755979200,1.8731,1.8737,1.8498,1.8658,85555.7
1755993600,1.867,1.8723,1.8199,1.829,207219.5
1756008000,1.829,1.8326,1.7887,1.7957,451360.4
1756022400,1.7944,1.8069,1.7643,1.778,176855.9
1756036800,1.7777,1.8112,1.7743,1.7881,229589.7
1756051200,1.7873,1.878,1.7388,1.8058,1115467.5
1756065600,1.8064,1.8158,1.7596,1.7917,455610.2
1756080000,1.7931,1.8294,1.7509,1.807,374090.6
1756094400,1.8076,1.811,1.7148,1.7221,391883.1
1756108800,1.7225,1.7356,1.6901,1.7072,234992.7
1756123200,1.7062,1.735,1.6863,1.7118,290292.8
1756137600,1.708,1.7253,1.6399,1.6423,584345.2
1756152000,1.6425,1.6489,1.5873,1.6116,864199.5
1756166400,1.6113,1.645,1.5968,1.6248,258123.3
1756180800,1.625,1.6377,1.6081,1.625,171694.6
1756195200,1.6251,1.6462,1.6157,1.6255,145316.1
1756209600,1.6255,1.6677,1.6137,1.6441,544179.1
1756224000,1.6438,1.6981,1.6424,1.694,331661.2
1756238400,1.6936,1.704,1.6756,1.6793,257862.4
1756252800,1.6796,1.715,1.6686,1.6976,296376.4
1756267200,1.6974,1.7132,1.6778,1.6854,311173.7
1756281600,1.6862,1.7014,1.6746,1.6991,78897.8
1756296000,1.6991,1.7204,1.6785,1.7168,291464.4
1756310400,1.7169,1.7175,1.68,1.6921,181588.6
1756324800,1.6919,1.719,1.6692,1.6819,548134.3
1756339200,1.6819,1.7113,1.6651,1.7005,82744.5
1756353600,1.7026,1.7241,1.6971,1.7204,145733.4
1756368000,1.7192,1.7347,1.6978,1.7108,294807.1
1756382400,1.7125,1.7524,1.7074,1.7166,616807.2
1756396800,1.7192,1.7307,1.6872,1.6918,363407.2
1756411200,1.6914,1.7506,1.6892,1.7469,190858.0
1756425600,1.747,1.7532,1.7113,1.7268,180204.5
1756440000,1.7263,1.7344,1.6604,1.6634,397087.1
1756454400,1.6636,1.6675,1.6278,1.6461,795077.7
1756468800,1.6454,1.6956,1.6116,1.6222,928550.0
1756483200,1.6232,1.6274,1.5898,1.6125,568215.0
1756497600,1.6116,1.6265,1.5914,1.615,167323.4
1756512000,1.6152,1.6421,1.5825,1.6337,200787.2
1756526400,1.6336,1.6693,1.6303,1.6685,82311.6
1756540800,1.6693,1.6841,1.6414,1.653,247019.3
1756555200,1.6534,1.6536,1.6195,1.6505,138192.4
1756569600,1.6504,1.6504,1.6243,1.6331,90328.9
1756584000,1.6328,1.6398,1.6226,1.638,97699.3
1756598400,1.6383,1.6628,1.6372,1.6604,90384.1
1756612800,1.6614,1.6616,1.6304,1.6341,94868.0
1756627200,1.6349,1.6538,1.6264,1.6438,75947.5
1756641600,1.6436,1.648,1.6227,1.6394,93593.4
1756656000,1.6389,1.64,1.6232,1.6249,127564.4
1756670400,1.6245,1.6372,1.5943,1.5953,111818.3
1756684800,1.5957,1.6012,1.5574,1.5726,254785.3
1756699200,1.571,1.6214,1.5532,1.6214,213827.5
1756713600,1.6253,1.6522,1.5865,1.587,189687.1
1756728000,1.5866,1.6001,1.5666,1.571,119475.0
1756742400,1.5709,1.5861,1.5583,1.5856,109112.4
1756756800,1.5857,1.5874,1.5023,1.5521,604506.3
1756771200,1.5517,1.5866,1.5402,1.5825,189707.4
1756785600,1.5831,1.5989,1.5745,1.5776,184372.3
1756800000,1.5796,1.5934,1.5767,1.5857,187226.1
1756814400,1.5899,1.6097,1.5478,1.5584,458807.5
1756828800,1.5596,1.594,1.5596,1.5802,91897.6
1756843200,1.5801,1.6133,1.5769,1.6062,156845.5
1756857600,1.6066,1.6164,1.5908,1.6093,90661.1
1756872000,1.6098,1.612,1.5908,1.6051,220720.5
1756886400,1.6048,1.6177,1.5931,1.6112,125252.4
1756900800,1.6126,1.6447,1.6059,1.6441,280863.7
1756915200,1.6443,1.6485,1.6272,1.6421,69973.0
1756929600,1.6428,1.6486,1.6303,1.6323,100326.6
1756944000,1.6322,1.6376,1.6007,1.6022,84028.9
1756958400,1.6019,1.6053,1.5742,1.5836,237222.5
1756972800,1.5834,1.597,1.5801,1.5874,176599.1
1756987200,1.5863,1.5952,1.5532,1.5572,280152.8
1757001600,1.5572,1.5618,1.541,1.5463,205644.7
1757016000,1.5461,1.5818,1.5452,1.556,399970.3
1757030400,1.5559,1.5863,1.5544,1.5861,403792.2
1757044800,1.5861,1.621,1.5802,1.6193,173395.7
1757059200,1.6193,1.6209,1.601,1.6169,303207.4
1757073600,1.6159,1.6464,1.5848,1.6076,898168.7
1757088000,1.6088,1.6424,1.6049,1.6349,1541281.7
1757102400,1.6358,1.6413,1.6171,1.6172,281801.3
1757116800,1.6174,1.6224,1.607,1.608,278789.7
1757131200,1.6073,1.6073,1.5907,1.5955,175644.6
1757145600,1.5953,1.5984,1.5839,1.594,116375.7
1757160000,1.5931,1.615,1.586,1.5998,168656.6
1757174400,1.6001,1.6233,1.5893,1.5928,473062.6
1757188800,1.5921,1.6149,1.5912,1.6032,167137.2
1757203200,1.6027,1.6261,1.5997,1.6237,108956.2
1757217600,1.6237,1.6404,1.6183,1.6238,132291.2
1757232000,1.6265,1.641,1.6218,1.6406,102862.4
1757246400,1.6409,1.6771,1.6362,1.6444,1864193.0
1757260800,1.6443,1.6487,1.6261,1.6391,144848.5
1757275200,1.6389,1.659,1.6345,1.6464,113499.0
1757289600,1.6462,1.6818,1.6358,1.6748,546876.4
1757304000,1.674,1.6782,1.6581,1.6697,284012.2
1757318400,1.6712,1.7109,1.6704,1.6848,392048.6
1757332800,1.6849,1.7341,1.6787,1.7335,317418.1
1757347200,1.7335,1.7434,1.7132,1.7184,287295.4
1757361600,1.7192,1.7442,1.7105,1.7273,459925.3
1757376000,1.7274,1.7518,1.6899,1.7181,588560.0
1757390400,1.7178,1.7818,1.7088,1.7641,1311611.5
1757404800,1.764,1.9413,1.764,1.9096,1500284.5
1757419200,1.91,1.9369,1.7806,1.7964,2706256.7000000002
1757433600,1.7976,1.842,1.776,1.8263,2094988.3999999999
1757448000,1.826,1.826,1.7846,1.8106,1219513.8
1757462400,1.8094,1.8113,1.7641,1.7963,1939152.5
1757476800,1.7946,1.8002,1.7738,1.7856,296257.4
1757491200,1.7869,1.7907,1.7622,1.7843,390430.1
1757505600,1.7841,1.8266,1.7795,1.7962,801390.4
1757520000,1.7946,1.7982,1.7281,1.7395,866504.0
1757534400,1.739,1.765,1.7382,1.7617,217430.7
1757548800,1.7613,1.7808,1.7575,1.7783,464910.3
1757563200,1.7781,1.7879,1.753,1.786,233338.7
1757577600,1.786,1.7895,1.7724,1.7734,120927.6
1757592000,1.7737,1.7897,1.7349,1.7512,638362.1
1757606400,1.751,1.7788,1.751,1.7735,324664.6
1757620800,1.7728,1.8069,1.7671,1.8028,164428.8
1757635200,1.8031,1.8329,1.7961,1.805,394879.7
1757649600,1.805,1.8395,1.7985,1.8179,386876.5
1757664000,1.8194,1.8194,1.7781,1.7822,281481.0
1757678400,1.782,1.8073,1.77,1.8009,991475.4
1757692800,1.8016,1.8519,1.7996,1.8506,1788425.3
1757707200,1.8506,1.8584,1.8317,1.8542,652424.7
1757721600,1.8541,1.8643,1.8388,1.8581,706857.8
1757736000,1.8581,1.8793,1.8455,1.854,272033.5
1757750400,1.854,1.893,1.8535,1.8928,239738.7
1757764800,1.8928,1.9028,1.8413,1.8651,919640.0
1757779200,1.8668,1.8765,1.8327,1.8529,489141.6
1757793600,1.8542,1.8773,1.8526,1.8655,161899.8
1757808000,1.8642,1.8661,1.8214,1.8242,201846.1
1757822400,1.8239,1.8461,1.8056,1.8228,291415.7
1757836800,1.8227,1.834,1.7841,1.7861,565311.4
1757851200,1.7876,1.797,1.7445,1.7604,622037.3
1757865600,1.7605,1.7929,1.7574,1.7706,415740.3
1757880000,1.7701,1.7886,1.758,1.7636,187832.0
1757894400,1.7626,1.7808,1.746,1.7777,267371.5
1757908800,1.7777,1.7972,1.73,1.7382,320406.9
1757923200,1.7377,1.7377,1.6888,1.7053,698516.8
1757937600,1.705,1.7133,1.6638,1.6765,229043.2
1757952000,1.6767,1.6911,1.6564,1.6846,645165.2
1757966400,1.6858,1.7022,1.6844,1.6968,135087.6
1757980800,1.6968,1.6968,1.6744,1.6755,353069.2
1757995200,1.6754,1.7032,1.6602,1.7004,192203.8
1758009600,1.7011,1.72,1.7005,1.7069,236297.1
1758024000,1.7063,1.712,1.6685,1.7117,393039.7
1758038400,1.7119,1.7275,1.6943,1.7108,200815.5
1758052800,1.7109,1.7305,1.7032,1.7048,548102.5
1758067200,1.7049,1.7279,1.6956,1.7063,205754.8
1758081600,1.7062,1.7241,1.6897,1.7219,121264.7
1758096000,1.7219,1.732,1.6862,1.6966,430056.6
1758110400,1.6975,1.7108,1.6841,1.6913,271531.8
1758124800,1.6884,1.7454,1.674,1.7434,898294.1
1758139200,1.7455,1.8037,1.7185,1.788,1324787.0
1758153600,1.789,1.8127,1.7799,1.805,421399.3
1758168000,1.805,1.8284,1.7795,1.7983,1572837.3999999999
1758182400,1.7981,1.8268,1.7938,1.8044,1934951.0
1758196800,1.8049,1.8256,1.7957,1.8203,485961.9
1758211200,1.819,1.8322,1.8058,1.8151,722648.4
1758225600,1.8156,1.8253,1.7988,1.8126,221478.5
1758240000,1.8127,1.8506,1.7988,1.8024,457376.1
1758254400,1.7998,1.8249,1.7824,1.8051,493221.6
1758268800,1.805,1.8141,1.7422,1.751,668477.8
1758283200,1.7513,1.7673,1.7145,1.7294,496087.1
1758297600,1.7297,1.7398,1.7051,1.7129,647285.1
1758312000,1.7141,1.7298,1.6874,1.6986,416589.4
1758326400,1.6985,1.712,1.6904,1.7045,118931.7
1758340800,1.7034,1.7346,1.699,1.7339,232901.1
1758355200,1.7342,1.7342,1.6976,1.7089,259111.2
1758369600,1.7078,1.749,1.6998,1.7311,161382.0
1758384000,1.7305,1.7371,1.714,1.7194,128315.3
1758398400,1.7192,1.7391,1.718,1.7245,304609.5
1758412800,1.7245,1.7309,1.7069,1.7172,489327.4
1758427200,1.7172,1.7349,1.7086,1.7251,490803.7
1758441600,1.7257,1.7327,1.6861,1.703,466070.7
1758456000,1.7023,1.7157,1.6979,1.6998,656638.4
1758470400,1.7009,1.7078,1.6807,1.7025,228557.3
1758484800,1.7016,1.7016,1.6785,1.6801,92281.7
1758499200,1.6801,1.6893,1.596,1.6125,609090.0
1758513600,1.6124,1.6181,1.4266,1.5104,4217738.2999999998
1758528000,1.5104,1.519,1.4944,1.5017,432457.7
1758542400,1.5014,1.5149,1.4833,1.4868,483669.0
1758556800,1.4874,1.4928,1.4638,1.469,549263.5
1758571200,1.4685,1.5051,1.467,1.5009,524537.3
1758585600,1.501,1.5026,1.4554,1.4834,234381.7
1758600000,1.4845,1.5099,1.4661,1.4983,271475.4
1758614400,1.4987,1.5069,1.4826,1.4847,145618.5
1758628800,1.4835,1.4965,1.468,1.486,165631.8
1758643200,1.4872,1.5014,1.4563,1.4609,172052.4
1758657600,1.4603,1.4853,1.4587,1.4629,249145.4
1758672000,1.4635,1.4818,1.4332,1.4405,853046.2
1758686400,1.4404,1.4743,1.4083,1.4694,590813.3
1758700800,1.4704,1.4904,1.4654,1.4812,572855.8
1758715200,1.4832,1.4947,1.4693,1.4723,574049.4
1758729600,1.4734,1.483,1.458,1.4682,576114.7
1758744000,1.4675,1.4708,1.4421,1.4487,245030.2
1758758400,1.4478,1.452,1.4165,1.4314,277791.3
1758772800,1.4299,1.4368,1.4012,1.4112,429173.0
1758787200,1.4124,1.4273,1.3982,1.4036,171103.3
1758801600,1.4039,1.4283,1.3728,1.4072,458758.7
1758816000,1.4083,1.4124,1.3338,1.3832,884410.3
1758830400,1.3842,1.3911,1.355,1.3661,645381.3
1758844800,1.3665,1.3957,1.3661,1.39,401183.0
1758859200,1.3906,1.4002,1.3771,1.3874,185191.0
1758873600,1.3876,1.3988,1.3621,1.376,217763.6
1758888000,1.3754,1.4035,1.3603,1.3942,478302.0
1758902400,1.3939,1.4314,1.3939,1.4124,573259.0
1758916800,1.4114,1.4256,1.4091,1.4189,94585.9
1758931200,1.4186,1.4186,1.4028,1.4057,182596.5
1758945600,1.4052,1.4143,1.3983,1.4011,127567.7
1758960000,1.401,1.4046,1.3873,1.3977,180866.1
1758974400,1.398,1.4184,1.3931,1.4184,155723.6
1758988800,1.4178,1.4204,1.3932,1.4033,223898.9
1759003200,1.405,1.4257,1.4039,1.41,281917.7
1759017600,1.41,1.4101,1.3865,1.3954,212723.2
1759032000,1.3955,1.3994,1.3763,1.3878,1371527.8
1759046400,1.3876,1.3908,1.3735,1.3807,291440.4
1759060800,1.3809,1.4047,1.3703,1.4041,157392.3
1759075200,1.4041,1.414,1.3993,1.4095,204786.9
1759089600,1.4096,1.4401,1.4081,1.4363,232363.8
1759104000,1.436,1.4363,1.4158,1.4214,185290.0
1759118400,1.4226,1.4228,1.3972,1.4078,302129.1
1759132800,1.4091,1.4188,1.387,1.3945,155316.1
1759147200,1.3934,1.4314,1.3764,1.4071,226893.3
1759161600,1.4089,1.4221,1.3899,1.4191,203804.0
1759176000,1.4202,1.4344,1.4094,1.4094,261364.9
1759190400,1.4091,1.4126,1.3845,1.3889,210453.0
1759204800,1.3893,1.398,1.3773,1.3825,153516.0
1759219200,1.3825,1.3826,1.3672,1.3793,192722.9
1759233600,1.3774,1.3794,1.3376,1.3468,398351.7
1759248000,1.3465,1.3858,1.3378,1.3836,239999.7
1759262400,1.3835,1.3958,1.3689,1.3809,323402.0
1759276800,1.3812,1.3884,1.3572,1.3578,142438.5
1759291200,1.3571,1.3774,1.3553,1.3643,145177.9
1759305600,1.364,1.4369,1.3627,1.4304,427901.8
1759320000,1.4306,1.4433,1.4188,1.4374,273687.3
1759334400,1.4372,1.4598,1.4268,1.455,130756.9
1759348800,1.4567,1.4571,1.4379,1.4528,158845.9
1759363200,1.4544,1.4769,1.4396,1.4697,139956.8
1759377600,1.47,1.4981,1.4689,1.4831,317904.6
1759392000,1.4835,1.4914,1.4756,1.4827,223720.0
1759406400,1.4816,1.4891,1.4429,1.476,227960.3
1759420800,1.476,1.5166,1.4731,1.511,259275.9
1759435200,1.5111,1.5166,1.4969,1.5015,139103.2
1759449600,1.5015,1.5025,1.4666,1.4727,151482.4
1759464000,1.4728,1.489,1.4663,1.4734,48436.8
1759478400,1.4731,1.4769,1.4599,1.4653,78186.7
1759492800,1.4655,1.5167,1.4611,1.5149,157690.5
1759507200,1.5168,1.5367,1.4831,1.5197,481510.6
1759521600,1.5204,1.5281,1.5021,1.5041,148306.7
1759536000,1.5051,1.5083,1.4626,1.4684,170145.6
1759550400,1.4674,1.4801,1.4643,1.4724,144497.7
1759564800,1.4724,1.4733,1.4471,1.454,260202.5
1759579200,1.4543,1.4853,1.4393,1.4468,239892.9
1759593600,1.4469,1.466,1.438,1.466,135444.4
1759608000,1.4661,1.5571,1.4656,1.5507,677063.0
1759622400,1.5507,1.57,1.5025,1.5203,1531603.8999999999
1759636800,1.5206,1.5644,1.5133,1.5627,185945.9
1759651200,1.5634,1.5679,1.5187,1.5275,222660.0
1759665600,1.5272,1.5272,1.4939,1.5091,278939.4
1759680000,1.5085,1.5135,1.466,1.4669,496525.2
1759694400,1.4658,1.4832,1.4626,1.4744,70645.1
1759708800,1.4752,1.504,1.4541,1.4878,292552.8
1759723200,1.4862,1.4928,1.4544,1.4715,229884.6
1759737600,1.4713,1.4956,1.4707,1.4899,117641.5
1759752000,1.4907,1.545,1.4907,1.5382,638668.3
1759766400,1.5388,1.5567,1.5241,1.5549,366545.2
1759780800,1.5563,1.5663,1.5421,1.5433,301176.5
1759795200,1.5429,1.5527,1.5252,1.5339,143980.8
1759809600,1.5339,1.5552,1.5092,1.514,217596.4
1759824000,1.514,1.5294,1.4952,1.5285,209824.0
1759838400,1.5278,1.5376,1.4415,1.4537,1437121.7
1759852800,1.4529,1.4748,1.4413,1.4569,302608.1
1759867200,1.4574,1.4775,1.4442,1.4494,138949.9
1759881600,1.4494,1.4751,1.426,1.4351,272762.6
1759896000,1.4349,1.4474,1.423,1.443,215340.8
1759910400,1.4429,1.4638,1.4389,1.4517,415858.3
1759924800,1.4516,1.4851,1.4477,1.4688,525887.8
1759939200,1.4688,1.5164,1.465,1.5008,218331.7
1759953600,1.4997,1.5046,1.4816,1.4892,439269.9
1759968000,1.4899,1.4961,1.4474,1.4716,166140.4
1759982400,1.4688,1.4889,1.4506,1.4535,41910.9
1759996800,1.4522,1.455,1.4199,1.4381,175093.2
1760011200,1.4371,1.4564,1.4075,1.4231,740494.9
1760025600,1.4219,1.4433,1.4085,1.4351,362899.4
1760040000,1.4352,1.4499,1.4254,1.437,122825.5
1760054400,1.4372,1.4625,1.4228,1.4495,95188.7
1760068800,1.4494,1.4625,1.4283,1.4283,86420.5
1760083200,1.4282,1.4682,1.4281,1.4662,81281.0
1760097600,1.4656,1.4782,1.3723,1.382,955422.0
1760112000,1.3822,1.3958,1.3134,1.3333,928321.7
1760126400,1.3343,1.3402,0.23161,0.92418,9405318.4000000004
1760140800,0.92534,0.98581,0.89505,0.94778,1303889.3999999999
1760155200,0.94811,0.98008,0.94254,0.96859,779423.6
1760169600,0.97088,1.0204,0.96646,0.99758,1808522.8
1760184000,0.99705,1.0062,0.96181,0.99237,668125.4
1760198400,0.99206,0.99498,0.9329,0.94094,854479.1
1760212800,0.94195,0.94392,0.8953,0.9236,1800095.6000000001
1760227200,0.92372,0.93753,0.9039,0.9262,932562.8
1760241600,0.9262,0.96158,0.92487,0.96007,518562.4
1760256000,0.9606,0.9633,0.93575,0.95681,859628.0
1760270400,0.9576,1.0477,0.94028,1.0453,1495061.8
1760284800,1.046,1.0853,1.0427,1.0842,932499.1
1760299200,1.0836,1.092,1.0465,1.0602,1455543.8999999999
1760313600,1.0601,1.0655,1.0365,1.0461,608254.7
1760328000,1.0465,1.0724,1.0407,1.0613,515447.2
1760342400,1.0613,1.1059,1.0606,1.0847,1068575.7
1760356800,1.0848,1.1189,1.076,1.1039,1522891.1000000001
1760371200,1.1039,1.1615,1.0945,1.1615,564210.0
1760385600,1.1612,1.212,1.158,1.1817,852281.8
1760400000,1.1813,1.1879,1.1542,1.1587,383113.7
1760414400,1.1591,1.1705,1.0858,1.0917,1002387.9
1760428800,1.0902,1.1219,1.0666,1.0894,513796.8
1760443200,1.0892,1.1386,1.071,1.1374,1235277.5
1760457600,1.1397,1.205,1.1156,1.1509,1327362.1000000001
1760472000,1.1505,1.1657,1.1379,1.1599,291078.3
1760486400,1.1606,1.1622,1.1387,1.146,361742.2
1760500800,1.1473,1.1556,1.1233,1.1401,331629.9
1760515200,1.1388,1.1625,1.1135,1.1226,511786.7
1760529600,1.122,1.1254,1.0837,1.0975,882236.5
1760544000,1.0979,1.1005,1.0745,1.0767,553209.1
1760558400,1.0784,1.0844,1.055,1.0676,757160.1
1760572800,1.0678,1.0845,1.0625,1.0757,295283.3
1760587200,1.0753,1.0882,1.0688,1.0718,198499.7
1760601600,1.0743,1.0862,1.0331,1.0841,924910.6
1760616000,1.0842,1.0932,1.0348,1.0391,1031817.5
1760630400,1.039,1.0637,1.0136,1.0244,1656098.0
1760644800,1.0261,1.0354,1.0068,1.0294,1416502.3
1760659200,1.0293,1.0442,1.026,1.0397,180488.3
1760673600,1.0403,1.0489,0.96365,0.96746,1276011.6000000001
1760688000,0.96746,1.0098,0.94935,1.005,1726527.5
1760702400,1.0056,1.0144,0.98175,1.0144,1390725.8
1760716800,1.0137,1.0281,1.0,1.0055,548133.0
1760731200,1.0053,1.0239,1.0037,1.0054,571471.8
1760745600,1.0058,1.018,1.0033,1.0107,116812.1
1760760000,1.0106,1.0222,0.9946,1.0018,496934.5
1760774400,1.0024,1.0112,0.99893,1.0112,417983.8
1760788800,1.0105,1.0134,0.9915,1.0014,668544.3
1760803200,1.0014,1.0095,0.98954,1.0064,434581.7
1760817600,1.0061,1.0125,1.0008,1.0052,458802.0
1760832000,1.0051,1.0091,0.99361,1.0065,501963.5
1760846400,1.0074,1.0074,0.99,0.99433,177845.5
1760860800,0.99442,1.0345,0.97812,1.0259,1405745.8
1760875200,1.0272,1.0529,1.0206,1.0474,964299.6
1760889600,1.0495,1.0596,1.0363,1.0414,362787.2
1760904000,1.0421,1.0448,1.0162,1.0181,1248303.7
1760918400,1.018,1.0479,0.99889,1.0437,465237.5
1760932800,1.0447,1.0632,1.0405,1.0531,298000.1
1760947200,1.0524,1.0595,1.0456,1.0521,802392.8
1760961600,1.0519,1.0608,1.0396,1.0396,1167744.1000000001
1760976000,1.0394,1.0394,1.0177,1.0323,588906.5
1760990400,1.0316,1.0371,1.0202,1.0224,631948.2
1761004800,1.022,1.0246,1.0016,1.0029,594552.0
1761019200,1.0023,1.0039,0.98742,1.0003,434862.8
1761033600,0.9992,1.0117,0.98788,1.005,137824.1
1761048000,1.0046,1.0851,1.0013,1.081,1391678.8999999999
1761062400,1.081,1.0943,1.0658,1.068,799940.6
1761076800,1.0685,1.0701,0.99641,1.0002,942763.0
1761091200,1.0011,1.006,0.98577,1.0039,625225.6
1761105600,1.0034,1.0152,0.9876,1.0003,248019.6
1761120000,0.99988,1.0013,0.97516,0.9933,643267.2
1761134400,0.99314,1.015,0.98752,0.99667,1272779.3
1761148800,0.99645,0.99946,0.95634,0.96946,1431484.3999999999
1761163200,0.9696,0.97328,0.92747,0.9614,1123391.2
1761177600,0.9614,0.9739,0.9584,0.9724,617559.1
1761192000,0.9729,0.99539,0.97029,0.99143,351071.8
1761206400,0.99168,0.99481,0.97927,0.98111,339280.9
1761220800,0.98063,1.0073,0.97278,1.0016,608417.0
1761235200,1.0017,1.0119,0.99526,1.0059,511751.4
1761249600,1.0059,1.0071,0.98987,1.0034,260923.5
1761264000,1.0036,1.0091,0.99282,0.99819,186941.2
1761278400,0.99896,1.027,0.99722,1.0195,393706.1
1761292800,1.0201,1.0258,1.0025,1.0121,209011.7
1761307200,1.0131,1.0373,1.0029,1.0098,917490.7
1761321600,1.01,1.03,1.0027,1.0267,247024.5
1761336000,1.026,1.0345,1.0237,1.0329,92311.9
1761350400,1.0326,1.0327,1.0163,1.0169,62683.3
1761364800,1.0167,1.0237,1.0091,1.0111,140598.6
1761379200,1.0111,1.0198,1.0103,1.0172,96897.1
1761393600,1.0179,1.031,1.0174,1.0283,383750.3
1761408000,1.0308,1.0475,1.0267,1.0471,191840.0
1761422400,1.0468,1.054,1.0343,1.0353,308558.8
1761436800,1.0353,1.0374,1.0162,1.0179,358361.4
1761451200,1.0175,1.0279,1.0172,1.0258,80685.8
1761465600,1.0256,1.0633,1.0256,1.0628,425350.3
1761480000,1.0641,1.0713,1.0565,1.0637,307414.6
1761494400,1.0644,1.066,1.051,1.0578,140882.3
1761508800,1.0575,1.0814,1.0468,1.0713,394078.6
1761523200,1.0713,1.0812,1.0658,1.075,78569.3
1761537600,1.0749,1.0899,1.0631,1.0686,163927.7
1761552000,1.0687,1.0697,1.0436,1.0524,339838.8
1761566400,1.0528,1.0547,1.0302,1.0512,396661.2
1761580800,1.0514,1.0767,1.0513,1.0523,708431.5
1761595200,1.052,1.052,1.0271,1.0353,189718.0
1761609600,1.0352,1.0419,1.0233,1.029,170304.7
1761624000,1.0285,1.0652,1.0229,1.0454,225102.6
1761638400,1.0456,1.0522,1.0328,1.034,110883.8
1761652800,1.0339,1.0646,1.0254,1.0358,418077.3
1761667200,1.0354,1.0442,1.0097,1.0145,250703.8
1761681600,1.0142,1.0142,0.98642,1.0072,717751.0
1761696000,1.0066,1.0144,0.9931,0.99707,198023.8
1761710400,0.99717,1.0027,0.99411,0.99963,103920.8
1761724800,0.99857,1.024,0.99142,1.0188,342738.3
1761739200,1.019,1.0245,0.99153,0.99942,564407.3
1761753600,0.99832,1.0354,0.9798,1.0299,2093572.2
1761768000,1.0309,1.0512,1.0032,1.0097,365829.0
1761782400,1.0095,1.0168,0.99787,1.0025,383399.8
1761796800,1.0016,1.0055,0.96192,0.99918,1459366.8999999999
1761811200,0.99824,0.99824,0.96627,0.96663,323307.7
1761825600,0.96618,0.96998,0.91255,0.91574,1209316.0
1761840000,0.91483,0.92193,0.87857,0.88385,1186907.7
1761854400,0.88419,0.91164,0.88025,0.91154,448812.4
1761868800,0.91154,0.92778,0.91044,0.92114,187517.2
1761883200,0.92126,0.92892,0.9089,0.91135,369224.3
1761897600,0.9118,0.92385,0.90512,0.92384,218463.1
1761912000,0.92321,0.93707,0.90861,0.92202,531646.2
1761926400,0.9216,0.92255,0.88726,0.918,1401204.1000000001
1761940800,0.91743,0.91904,0.89407,0.89957,649055.3
1761955200,0.89947,0.91355,0.89222,0.91076,276071.4
1761969600,0.91046,0.92709,0.90231,0.92402,371428.8
1761984000,0.92418,0.93836,0.92208,0.9277,805844.2
1761998400,0.92887,0.94148,0.91669,0.94148,374903.7
1762012800,0.94096,0.96621,0.93869,0.96621,273029.6
1762027200,0.96582,0.9785,0.95275,0.97062,841739.6
1762041600,0.97062,0.97273,0.95316,0.95577,480980.5
1762056000,0.95572,1.0087,0.95506,1.0087,893837.6
1762070400,1.0076,1.0149,0.97415,0.98822,761367.1
1762084800,0.98823,0.9892,0.93445,0.94089,1022564.8
1762099200,0.93847,0.95608,0.92541,0.93836,872192.0
1762113600,0.93859,0.96612,0.93621,0.96303,299056.9
1762128000,0.96338,0.96717,0.88563,0.88744,836736.6
1762142400,0.88771,0.8966,0.86327,0.88518,852512.4
1762156800,0.88551,0.89565,0.86453,0.8742,540592.6
1762171200,0.87541,0.89205,0.78096,0.8167,1869494.3999999999
1762185600,0.81738,0.85027,0.80867,0.81419,932442.4
1762200000,0.81456,0.8168,0.79633,0.80901,702024.8
1762214400,0.80902,0.82747,0.8018,0.82157,440976.3
1762228800,0.822,0.82968,0.77545,0.78046,1392666.3999999999
1762243200,0.7805,0.82155,0.77787,0.81033,757978.2
1762257600,0.80974,0.81758,0.78467,0.7947,1022918.0
1762272000,0.79522,0.80101,0.75466,0.76523,2950970.3999999999
1762286400,0.76545,0.79388,0.72611,0.78213,3828036.7999999998
1762300800,0.78225,0.80094,0.74068,0.79452,901850.4
1762315200,0.79469,0.79901,0.77783,0.79306,343188.2
1762329600,0.79297,0.80202,0.77677,0.79873,469099.4
1762344000,0.79904,0.82047,0.79581,0.81791,588650.7
1762358400,0.81847,0.82611,0.80662,0.81919,405131.3
1762372800,0.81825,0.82757,0.81055,0.81973,414118.4
1762387200,0.81915,0.82023,0.79708,0.8111,529678.8
1762401600,0.81126,0.81566,0.79575,0.79779,583743.4
1762416000,0.79766,0.80699,0.79338,0.80168,172205.7
1762430400,0.80181,0.82359,0.78871,0.79271,841915.2
1762444800,0.7939,0.80982,0.78253,0.80629,917351.2
1762459200,0.80842,0.8135,0.79444,0.80679,218324.3
1762473600,0.80713,0.82963,0.80493,0.82533,1227310.3
1762488000,0.82486,0.85774,0.81993,0.85749,535116.7
1762502400,0.85691,0.86021,0.81912,0.83133,508510.8
1762516800,0.8299,0.89549,0.80819,0.89549,1873487.8
1762531200,0.89335,0.97188,0.89283,0.96348,2846016.1000000001
1762545600,0.96505,1.1809,0.96031,1.0598,4977616.2999999998
1762560000,1.0594,1.0753,1.0037,1.0044,6008033.0
1762574400,1.0062,1.0379,0.97533,1.0179,1883245.5
1762588800,1.0189,1.0864,0.99391,1.0225,2500934.5
1762603200,1.0223,1.0431,0.97001,0.97408,2114082.1000000001
1762617600,0.97376,1.0221,0.96389,1.0076,1483052.0
1762632000,1.0071,1.0637,0.9974,1.0415,2063628.3999999999
1762646400,1.0411,1.0455,0.98929,0.9946,1290388.2
1762660800,0.99491,1.0164,0.97999,1.0091,591480.3
1762675200,1.0091,1.0121,0.96838,0.99492,830616.6
1762689600,0.995,1.0577,0.99223,1.0359,1747019.2
1762704000,1.0338,1.0428,1.0073,1.0408,2022032.3999999999
1762718400,1.0409,1.0452,1.0125,1.0201,1882231.5
1762732800,1.0203,1.0838,1.0088,1.0588,2559276.8999999999
1762747200,1.0579,1.0627,1.02,1.0213,1653896.0
1762761600,1.0207,1.0438,1.002,1.0187,733287.5
1762776000,1.0192,1.0214,0.9873,1.0029,1083298.3999999999
1762790400,1.0037,1.0367,0.99166,1.0221,856034.7
1762804800,1.0225,1.046,0.99904,1.0419,737248.5
1762819200,1.0419,1.0631,1.0114,1.0211,1784692.8999999999
1762833600,1.0206,1.0229,0.97344,0.97425,1015207.9
1762848000,0.97433,1.0027,0.96612,0.98155,1732118.1000000001
1762862400,0.98208,1.0094,0.97267,0.98934,1367468.3
1762876800,0.9868,1.0046,0.97197,0.97474,508876.4
1762891200,0.97523,0.9817,0.94508,0.9504,1647522.3
1762905600,0.95186,0.9689,0.94424,0.95495,509648.2
1762920000,0.95507,0.96306,0.946,0.94752,635537.5
1762934400,0.94738,0.97899,0.94738,0.96809,150497.2
1762948800,0.96711,0.99122,0.93924,0.94303,1217649.5
1762963200,0.94288,0.94633,0.90414,0.9242,1381439.1000000001
1762977600,0.92315,0.93344,0.91531,0.91809,195515.7
1762992000,0.91844,0.93648,0.90117,0.926,508028.4
1763006400,0.92555,0.95124,0.91903,0.93616,345085.9
1763020800,0.93708,0.95949,0.93176,0.9471,292707.2
1763035200,0.94638,0.96185,0.9129,0.91813,871230.5
1763049600,0.91946,0.92384,0.87386,0.88473,1132299.5
1763064000,0.88495,0.89754,0.86613,0.89199,1532324.7
1763078400,0.89149,0.90368,0.87569,0.87996,615395.0
1763092800,0.88064,0.9036,0.84084,0.89502,1139129.8
1763107200,0.89645,0.8965,0.87635,0.88165,501733.5
1763121600,0.88138,0.91794,0.86756,0.90707,2146055.3999999999
1763136000,0.90734,0.91375,0.88227,0.8965,378485.4
1763150400,0.89614,0.89614,0.83621,0.8511,426239.4
1763164800,0.85186,0.88044,0.85043,0.87616,233438.9
1763179200,0.87678,0.89584,0.87323,0.87767,78973.1
1763193600,0.87792,0.87792,0.85756,0.87005,184013.9
1763208000,0.86805,0.889,0.86805,0.86875,157952.4
1763222400,0.86875,0.8783,0.86058,0.86918,311539.0
1763236800,0.8691,0.87027,0.85246,0.858,310648.9
1763251200,0.85783,0.8723,0.83481,0.87009,506242.8
1763265600,0.87077,0.87109,0.85462,0.86409,131400.7
1763280000,0.86464,0.87035,0.84382,0.84527,438463.1
1763294400,0.84594,0.85221,0.82311,0.82311,582129.4
1763308800,0.82455,0.83399,0.7994,0.81142,447123.1
1763323200,0.81202,0.83015,0.80092,0.82356,295731.2
1763337600,0.82384,0.83814,0.81478,0.83125,126335.0
1763352000,0.83187,0.84018,0.82794,0.838,117087.1
1763366400,0.83906,0.84493,0.83424,0.84048,113961.7
1763380800,0.84015,0.8424,0.80004,0.81104,640177.7
1763395200,0.81129,0.82791,0.78252,0.78741,2309480.5
1763409600,0.78757,0.79163,0.77086,0.78728,720380.1
1763424000,0.78719,0.8085,0.7669,0.804,567240.5
1763438400,0.80401,0.82189,0.79395,0.8049,1025285.3
1763452800,0.80583,0.81971,0.79649,0.80285,4162508.3999999999
1763467200,0.80294,0.82316,0.7952,0.81359,761727.8
1763481600,0.81303,0.83809,0.8055,0.80837,4082229.2000000002
1763496000,0.80836,0.8103,0.78784,0.79054,535805.4
1763510400,0.79055,0.79603,0.77429,0.77567,268503.1
1763524800,0.77487,0.77684,0.7517,0.76947,706692.9
1763539200,0.76913,0.78993,0.76695,0.78037,2764421.0
1763553600,0.78048,0.7871,0.74285,0.74478,1139908.0
1763568000,0.74455,0.75297,0.72324,0.7307,989043.2
1763582400,0.73195,0.77625,0.73069,0.77353,3659074.2999999998
1763596800,0.77355,0.77397,0.74825,0.75137,2352312.7000000002
1763611200,0.7519,0.76712,0.74357,0.76518,4068351.3999999999
1763625600,0.76371,0.76749,0.75391,0.75743,473957.8
1763640000,0.75746,0.80762,0.75561,0.76301,4685002.2999999998
1763654400,0.76369,0.76531,0.69815,0.71094,1817552.7
1763668800,0.71067,0.75354,0.70463,0.71541,826191.0
1763683200,0.71579,0.73252,0.709,0.71943,626309.3
1763697600,0.71773,0.7211,0.61467,0.66759,4397328.0999999996
1763712000,0.66767,0.68498,0.65236,0.65564,2053803.8
1763726400,0.65515,0.68066,0.64318,0.66566,1221091.2
1763740800,0.6665,0.6882,0.65592,0.6651,1040886.6
1763755200,0.66491,0.66548,0.63511,0.65392,539294.4
1763769600,0.65503,0.66399,0.63984,0.64005,449821.1
1763784000,0.64005,0.64197,0.61686,0.6305,369986.2
1763798400,0.63087,0.6352,0.61443,0.63284,285442.5
1763812800,0.63212,0.6329,0.6089,0.61961,199154.7
1763827200,0.61977,0.6253,0.61679,0.61839,445682.6
1763841600,0.61815,0.63402,0.61173,0.62098,385061.4
1763856000,0.6212,0.62707,0.61264,0.61755,207863.0
1763870400,0.61854,0.6271,0.61427,0.61967,295197.5
1763884800,0.61992,0.62664,0.6098,0.61948,313718.1
1763899200,0.61897,0.62455,0.60206,0.61564,553376.5
1763913600,0.61609,0.62204,0.60629,0.6157,632528.5
1763928000,0.61615,0.62446,0.6075,0.60911,271074.6
1763942400,0.60925,0.62679,0.59664,0.62103,584700.5
1763956800,0.62095,0.63258,0.60878,0.62358,356529.0
1763971200,0.6238,0.62595,0.60372,0.61692,1057638.3
1763985600,0.61676,0.6381,0.61025,0.63154,764209.1
1764000000,0.63176,0.65861,0.62953,0.64723,922071.0
1764014400,0.64655,0.6539,0.64088,0.64483,892310.5
1764028800,0.64485,0.64548,0.63221,0.63904,310602.0
1764043200,0.63902,0.64463,0.61533,0.62062,732991.3
1764057600,0.622,0.62271,0.61302,0.61909,792641.3
1764072000,0.61912,0.6299,0.60638,0.61578,984683.8
1764086400,0.61522,0.63062,0.60903,0.61989,290641.6
1764100800,0.61942,0.63831,0.61653,0.63226,637807.4
1764115200,0.63296,0.63414,0.61754,0.61807,247436.6
1764129600,0.61832,0.62605,0.61613,0.62605,759630.9
1764144000,0.62601,0.62631,0.60641,0.60841,1112557.3999999999
1764158400,0.60844,0.6135,0.59669,0.59925,1032015.9
1764172800,0.60034,0.63215,0.59852,0.62624,2306383.6000000001
1764187200,0.62611,0.63421,0.62238,0.6314,293684.3
1764201600,0.63181,0.63775,0.62405,0.62661,773711.9
1764216000,0.62717,0.63959,0.6265,0.6382,407777.6
1764230400,0.63793,0.6572,0.63324,0.63851,1109037.2
1764244800,0.63951,0.64301,0.62833,0.64218,677037.5
1764259200,0.64156,0.66367,0.64059,0.66124,1395685.3999999999
1764273600,0.66114,0.67654,0.6458,0.64929,774197.6
1764288000,0.64919,0.65531,0.61875,0.62368,1604825.6000000001
1764302400,0.62321,0.62574,0.61376,0.61463,700449.5
1764316800,0.61428,0.63647,0.608,0.61143,1610753.3
1764331200,0.61066,0.63414,0.60812,0.62164,597142.8
1764345600,0.62294,0.62333,0.59208,0.61727,1041342.1
1764360000,0.6167,0.63238,0.61224,0.6259,496960.1
1764374400,0.62571,0.63653,0.62476,0.63554,396712.2
1764388800,0.63613,0.65845,0.63512,0.65058,593295.0
1764403200,0.65053,0.65053,0.63229,0.63519,497096.9
1764417600,0.63641,0.64604,0.60763,0.61512,1053931.7
1764432000,0.61544,0.62043,0.60556,0.61728,309540.8
1764446400,0.617,0.62094,0.61175,0.61816,203665.6
1764460800,0.61811,0.62174,0.6117,0.62019,206877.5
1764475200,0.6206,0.66258,0.61955,0.6482,898950.8
1764489600,0.6508,0.67515,0.64471,0.66145,1014078.3
1764504000,0.66273,0.69785,0.65064,0.65572,2538586.8999999999
1764518400,0.65568,0.66024,0.64574,0.64916,1175858.7
1764532800,0.649,0.65249,0.6355,0.63567,307456.0
1764547200,0.63633,0.63858,0.5703,0.5723,2891663.3999999999
1764561600,0.5718,0.57261,0.5628,0.56531,913527.9
1764576000,0.56539,0.58127,0.55726,0.56089,671524.6
1764590400,0.56089,0.56968,0.55232,0.56221,1001341.2
1764604800,0.56244,0.56261,0.547,0.55925,535328.5
1764619200,0.5596,0.5691,0.55897,0.56351,516763.4
1764633600,0.56363,0.56845,0.55077,0.55682,907513.6
1764648000,0.55719,0.56404,0.55525,0.55681,340713.8
1764662400,0.55681,0.56085,0.54831,0.55908,374900.9
1764676800,0.56002,0.64896,0.55823,0.6428,4240671.4000000004
1764691200,0.64345,0.64978,0.61778,0.61806,1650877.8999999999
1764705600,0.61905,0.6278,0.6094,0.62255,340640.4
1764720000,0.62255,0.63578,0.61318,0.62035,553120.4
1764734400,0.61998,0.6252,0.61609,0.61655,457292.3
1764748800,0.61674,0.6263,0.61674,0.62327,192795.7
1764763200,0.62314,0.6413,0.604,0.64004,836037.7
1764777600,0.6403,0.64947,0.62811,0.64842,405414.9
1764792000,0.64824,0.6638,0.64011,0.64939,550442.1
1764806400,0.65008,0.65269,0.6405,0.64129,341174.0
1764820800,0.64105,0.64924,0.63851,0.64351,183721.9
1764835200,0.64243,0.64968,0.63439,0.6389,150473.0
1764849600,0.63915,0.64864,0.63336,0.64329,211434.0
1764864000,0.64382,0.64482,0.62014,0.63158,375297.5
1764878400,0.63167,0.63421,0.6205,0.62151,194535.4
1764892800,0.62187,0.62953,0.61995,0.62123,171268.0
1764907200,0.62084,0.62784,0.61534,0.62528,76252.7
1764921600,0.62465,0.62537,0.61,0.61418,212648.4
1764936000,0.61371,0.62043,0.60129,0.60802,330396.8
1764950400,0.60829,0.60862,0.5639,0.5741,1617872.1000000001
1764964800,0.57341,0.57726,0.5685,0.57392,157574.5
1764979200,0.57396,0.57777,0.56559,0.57072,240138.7
1764993600,0.57079,0.5722,0.56503,0.56786,112187.2
1765008000,0.5684,0.57725,0.5656,0.56891,376016.9
1765022400,0.56881,0.57953,0.5688,0.57457,286674.4
1765036800,0.57459,0.58918,0.57423,0.57555,338723.7
1765051200,0.57668,0.58466,0.57476,0.57997,292554.9
1765065600,0.58008,0.58671,0.57997,0.58333,342174.1
1765080000,0.5836,0.59106,0.57891,0.58106,1504657.8
1765094400,0.58144,0.58182,0.56815,0.56943,149789.6
1765108800,0.56933,0.57356,0.54283,0.56773,1170666.6000000001
1765123200,0.56759,0.58837,0.55606,0.58462,301976.0
1765137600,0.5855,0.58589,0.5512,0.558,564199.1
1765152000,0.5577,0.5796,0.55519,0.57571,293388.3
1765166400,0.57576,0.59489,0.57576,0.58926,277045.3
1765180800,0.58919,0.5994,0.58514,0.58763,179487.2
1765195200,0.58769,0.60125,0.58364,0.58791,470521.2
1765209600,0.58803,0.5977,0.57721,0.58176,533681.4
1765224000,0.58192,0.59724,0.58192,0.59288,203385.9
1765238400,0.59294,0.59405,0.57699,0.58687,155052.4
1765252800,0.58693,0.58708,0.5738,0.58101,133748.0
1765267200,0.58059,0.58275,0.5742,0.58269,164719.8
1765281600,0.58275,0.6256,0.58134,0.62025,795685.8
1765296000,0.6196,0.65778,0.6196,0.63912,2944050.7999999998
1765310400,0.63833,0.64105,0.62157,0.6368,1004860.3
1765324800,0.63681,0.63734,0.61632,0.62067,2345692.2999999998
1765339200,0.62003,0.62293,0.60874,0.61439,322155.1
1765353600,0.61363,0.62032,0.60372,0.60609,235589.9
1765368000,0.60601,0.61357,0.6037,0.60661,502572.6
1765382400,0.60693,0.63604,0.60532,0.63312,1501766.5
1765396800,0.63328,0.64811,0.60278,0.60451,659063.0
1765411200,0.60453,0.6056,0.57419,0.57763,1611222.1000000001
1765425600,0.57702,0.58813,0.57419,0.5797,608452.8
1765440000,0.58005,0.58123,0.5736,0.57536,154168.4
1765454400,0.5749,0.58201,0.5707,0.57294,341091.8
1765468800,0.573,0.5831,0.56681,0.5751,1025116.7
1765483200,0.57494,0.60239,0.57356,0.58924,516228.6
1765497600,0.5893,0.59562,0.58068,0.58985,521149.8
1765512000,0.58968,0.59974,0.5876,0.59231,672903.7
1765526400,0.5923,0.6024,0.58879,0.59744,639298.2
1765540800,0.59699,0.6033,0.56341,0.56696,362633.7
1765555200,0.56631,0.57172,0.5549,0.5629,1016458.9
1765569600,0.56416,0.57611,0.56289,0.57324,582174.2
1765584000,0.57428,0.58362,0.57166,0.58275,147766.6
1765598400,0.58309,0.59024,0.57967,0.58554,227977.1
1765612800,0.58575,0.58704,0.58115,0.58297,389866.4
1765627200,0.58296,0.5854,0.5773,0.58169,210858.4
1765641600,0.58169,0.58491,0.57834,0.58232,290841.5
1765656000,0.5825,0.58496,0.57689,0.57973,195781.5
1765670400,0.57928,0.58228,0.57557,0.57775,175080.1
1765684800,0.57748,0.57866,0.56788,0.57185,169000.5
1765699200,0.57206,0.5741,0.5593,0.56574,186411.4
1765713600,0.56549,0.56892,0.55047,0.5528,493553.8
1765728000,0.55207,0.55914,0.54469,0.54991,572643.7
1765742400,0.55018,0.55472,0.53068,0.54062,651792.6
1765756800,0.54071,0.55775,0.53892,0.55193,537590.2
1765771200,0.5521,0.55827,0.54957,0.55112,184399.3
1765785600,0.55131,0.55437,0.54772,0.5493,268190.2
1765800000,0.54941,0.55355,0.51324,0.51807,4807721.7999999998
1765814400,0.51792,0.51842,0.49956,0.50678,3041816.3999999999
1765828800,0.50635,0.5097,0.50112,0.5025,569404.2
1765843200,0.50293,0.50844,0.49586,0.50553,371287.7
1765857600,0.5058,0.50691,0.48844,0.49317,430572.7
1765872000,0.49314,0.51522,0.49314,0.51318,446834.9
1765886400,0.5129,0.51599,0.49812,0.51288,927395.4
1765900800,0.51318,0.5183,0.50828,0.51597,551654.9
1765915200,0.51589,0.51726,0.5101,0.5119,221589.3
1765929600,0.51192,0.51359,0.5053,0.50826,351116.7
1765944000,0.50825,0.51208,0.50402,0.50832,174192.0
1765958400,0.50806,0.51168,0.50263,0.51129,410099.6
1765972800,0.51137,0.52507,0.49968,0.50234,994945.6
1765987200,0.50232,0.50565,0.47993,0.48753,941065.1
1766001600,0.48772,0.49062,0.47778,0.4813,265503.9
1766016000,0.4813,0.48209,0.47338,0.47431,445854.6
1766030400,0.47445,0.47781,0.46791,0.47176,419017.0
1766044800,0.47237,0.47772,0.46846,0.47048,497782.9
1766059200,0.47086,0.49091,0.46975,0.48277,671529.2
1766073600,0.48292,0.48299,0.43978,0.44129,1572801.3999999999
1766088000,0.44147,0.454,0.44122,0.4468,517914.2
1766102400,0.44708,0.46129,0.44124,0.4581,384977.7
1766116800,0.45861,0.47011,0.45418,0.46553,396590.3
1766131200,0.46538,0.46903,0.46109,0.46408,291987.0
1766145600,0.46448,0.48467,0.4584,0.47829,735571.2
1766160000,0.4786,0.49201,0.4715,0.486,6207923.5999999996
1766174400,0.48632,0.48876,0.47633,0.47774,303084.4
1766188800,0.47774,0.4815,0.47256,0.47437,326063.8
1766203200,0.47422,0.47749,0.46898,0.47742,468880.7
1766217600,0.47708,0.47987,0.4694,0.47342,272434.8
1766232000,0.47334,0.47611,0.46788,0.47485,337229.7
1766246400,0.47481,0.48094,0.47078,0.47852,438010.3
1766260800,0.47854,0.47932,0.4754,0.47661,167877.4
1766275200,0.47656,0.47807,0.4658,0.47076,148073.3
1766289600,0.47077,0.4742,0.46876,0.4736,59410.3
1766304000,0.47312,0.47689,0.46807,0.46839,249257.9
1766318400,0.46839,0.4698,0.44564,0.45327,701194.0
1766332800,0.45262,0.4613,0.45094,0.45753,849156.5
1766347200,0.45764,0.4647,0.45165,0.46013,476733.5
1766361600,0.46047,0.4745,0.45431,0.46417,649752.5
1766376000,0.46459,0.46922,0.46347,0.46869,146746.5
1766390400,0.46857,0.4744,0.45926,0.46403,315772.7
1766404800,0.46391,0.4684,0.4577,0.46297,816096.6
1766419200,0.46299,0.4658,0.44415,0.44541,3368913.6000000001
1766433600,0.44504,0.45128,0.44266,0.44883,623281.3
1766448000,0.44896,0.45492,0.44598,0.44841,285639.0
1766462400,0.44784,0.44949,0.44253,0.44318,466866.6
1766476800,0.44337,0.45175,0.4431,0.44984,562727.1
1766491200,0.4492,0.4492,0.43365,0.44282,943084.9
1766505600,0.44272,0.45395,0.44198,0.45266,791477.1
1766520000,0.4528,0.4596,0.44423,0.44873,1043720.7
1766534400,0.44883,0.45061,0.43484,0.44009,183621.9
1766548800,0.43953,0.44396,0.43174,0.4329,241337.8
1766563200,0.43274,0.43609,0.43191,0.43411,182322.8
1766577600,0.43394,0.44465,0.42914,0.4434,422216.6
1766592000,0.44417,0.4477,0.43773,0.44584,237801.2
1766606400,0.4464,0.45167,0.44524,0.44891,161401.4
1766620800,0.44864,0.45668,0.4462,0.45636,78497.6
1766635200,0.45704,0.45884,0.45299,0.45475,116360.7
1766649600,0.45489,0.46082,0.44764,0.45257,210313.8
1766664000,0.4524,0.4604,0.44864,0.45515,246318.0
1766678400,0.45565,0.46014,0.4517,0.45911,448239.1
1766692800,0.45941,0.46126,0.43529,0.43814,362085.6
1766707200,0.43801,0.47052,0.43601,0.4633,5067255.0
1766721600,0.46347,0.465,0.45421,0.45541,649452.0
1766736000,0.45551,0.46232,0.45515,0.46086,133456.3
1766750400,0.46107,0.46497,0.44666,0.44969,339661.7
1766764800,0.44957,0.4598,0.44536,0.45811,750425.1
1766779200,0.45833,0.46126,0.45433,0.45492,1375689.5
1766793600,0.45529,0.46753,0.45377,0.46534,1085824.7
1766808000,0.46542,0.46542,0.4584,0.46272,387458.7
1766822400,0.4629,0.46683,0.45624,0.46572,353982.2
1766836800,0.4658,0.47095,0.46191,0.46943,378328.3
1766851200,0.46966,0.47276,0.46763,0.47011,184317.4
1766865600,0.47031,0.48615,0.46891,0.48451,229849.8
1766880000,0.48454,0.48591,0.47564,0.47829,634158.4
1766894400,0.4777,0.4828,0.4768,0.48028,198236.2
1766908800,0.48054,0.48191,0.47653,0.47818,151099.1
1766923200,0.47844,0.48014,0.47349,0.47516,204601.1
1766937600,0.47531,0.47848,0.46556,0.46676,825508.3
1766952000,0.46615,0.47186,0.46492,0.46978,252449.4
1766966400,0.47036,0.48247,0.46905,0.48187,198619.6
1766980800,0.48162,0.48347,0.46976,0.47603,592819.5
1766995200,0.47545,0.4767,0.4629,0.46754,491161.6
1767009600,0.4672,0.4675,0.45553,0.4622,481362.1
1767024000,0.46178,0.46227,0.45391,0.45498,188165.3
1767038400,0.4548,0.45678,0.45171,0.45477,131722.5
1767052800,0.45469,0.45754,0.45155,0.45451,93099.1
1767067200,0.45443,0.46129,0.4517,0.45966,81676.7
1767081600,0.45984,0.4704,0.45984,0.47029,465511.4
1767096000,0.47022,0.47336,0.457,0.466,543906.8
1767110400,0.46638,0.46916,0.45538,0.46051,454285.0
1767124800,0.46055,0.46055,0.45499,0.45895,301040.3
1767139200,0.45868,0.46646,0.45633,0.46219,433734.5
1767153600,0.4626,0.46474,0.46089,0.46147,168353.0
1767168000,0.46145,0.466,0.45755,0.466,203132.9
1767182400,0.46619,0.47979,0.46428,0.47414,4292790.4000000004
1767196800,0.47414,0.47673,0.4463,0.45249,1489429.5
1767211200,0.45227,0.46128,0.44911,0.45559,314044.0
1767225600,0.45581,0.46355,0.45108,0.45201,188764.1
1767240000,0.45215,0.46095,0.44991,0.46042,180486.6
1767254400,0.4598,0.47122,0.45965,0.46971,138545.2
1767268800,0.47049,0.48965,0.46732,0.4871,866801.3
1767283200,0.488,0.5021,0.48471,0.50205,1397119.0
1767297600,0.50243,0.50406,0.49557,0.49848,674802.8
1767312000,0.49847,0.50455,0.49338,0.50211,420858.8
1767326400,0.5027,0.50457,0.49683,0.49758,204490.0
1767340800,0.4979,0.50528,0.4951,0.49906,359233.0
1767355200,0.4984,0.5093,0.49469,0.502,1334544.7
1767369600,0.50249,0.51515,0.5006,0.51487,1033273.6
1767384000,0.51516,0.53011,0.51036,0.52999,799128.7
1767398400,0.52992,0.53626,0.52356,0.53492,239829.3
1767412800,0.53471,0.53565,0.51143,0.5124,890040.7
1767427200,0.51243,0.52061,0.5088,0.52046,597806.3
1767441600,0.51994,0.52819,0.51864,0.52382,231735.5
1767456000,0.52411,0.5336,0.5238,0.52549,156882.5
1767470400,0.5263,0.5312,0.52171,0.53102,137789.9
1767484800,0.53052,0.54166,0.52736,0.53978,575435.3
1767499200,0.53939,0.55741,0.53635,0.54612,347219.5
1767513600,0.54636,0.55996,0.54118,0.55957,208691.8
1767528000,0.55952,0.5752,0.55245,0.57363,814092.1
1767542400,0.57346,0.59388,0.5652,0.57073,871170.9
1767556800,0.57055,0.57897,0.56708,0.57473,181912.5
1767571200,0.57372,0.57904,0.55546,0.56922,618099.8
1767585600,0.5692,0.57092,0.55768,0.56805,182287.9
1767600000,0.5682,0.56924,0.5586,0.56262,291944.9
1767614400,0.56267,0.58496,0.55914,0.5818,363528.6
1767628800,0.58093,0.593,0.56821,0.58634,277720.2
1767643200,0.5864,0.59855,0.58634,0.58892,240589.6
1767657600,0.5885,0.59426,0.5782,0.58817,556931.6
1767672000,0.5875,0.5911,0.57569,0.57738,164435.2
1767686400,0.57745,0.59747,0.57673,0.59444,175555.7
1767700800,0.59421,0.61257,0.5848,0.58896,321562.6
1767715200,0.58882,0.59019,0.56485,0.57099,457347.0
1767729600,0.57104,0.60234,0.57104,0.5908,307043.9
1767744000,0.5907,0.5909,0.57244,0.578,130110.8
1767758400,0.57806,0.59831,0.57684,0.59777,275565.0
1767772800,0.59799,0.60216,0.57932,0.58729,1479708.2
1767787200,0.58696,0.58941,0.56164,0.56662,423069.1
1767801600,0.56572,0.57463,0.56337,0.5693,350645.3
1767816000,0.56914,0.57073,0.55714,0.56489,482831.9
1767830400,0.56465,0.56842,0.55546,0.55705,239397.5
1767844800,0.557,0.5654,0.54686,0.56001,241183.8
1767859200,0.56052,0.56275,0.53785,0.54362,286600.5
1767873600,0.5437,0.56173,0.53242,0.56173,532528.7
1767888000,0.56232,0.56314,0.54464,0.54476,221159.0
1767902400,0.54463,0.556,0.53916,0.54725,234076.2
1767916800,0.54783,0.5568,0.54448,0.5568,268853.3
1767931200,0.5573,0.56258,0.55071,0.55947,75638.6
1767945600,0.55924,0.56056,0.54506,0.55071,346035.2
1767960000,0.55085,0.57807,0.54261,0.57272,1559103.5
1767974400,0.57356,0.57876,0.54515,0.54784,780735.8
1767988800,0.54782,0.56107,0.54659,0.55332,138425.8
1768003200,0.55332,0.55349,0.54118,0.54421,80753.6
1768017600,0.54424,0.54979,0.5389,0.54651,101424.6
1768032000,0.54682,0.55649,0.54497,0.55624,69873.9
1768046400,0.55609,0.56247,0.5506,0.55095,167054.6
1768060800,0.55079,0.55902,0.54483,0.55873,105019.0
1768075200,0.55944,0.56227,0.5434,0.5471,122084.1
1768089600,0.54729,0.55269,0.54556,0.55217,205382.9
1768104000,0.55148,0.5541,0.54807,0.5531,85684.5
1768118400,0.55272,0.56052,0.55071,0.55752,94569.5
1768132800,0.5586,0.5617,0.54923,0.55194,99779.9
1768147200,0.55205,0.56323,0.55135,0.55471,131805.3
1768161600,0.5538,0.5538,0.53508,0.5468,271232.1
1768176000,0.54696,0.57768,0.5372,0.5598,462835.3
1768190400,0.5599,0.56822,0.54438,0.54454,186910.9
1768204800,0.54425,0.54782,0.5336,0.54509,254415.6
1768219200,0.54451,0.54719,0.52528,0.54331,822708.8
1768233600,0.54364,0.55344,0.53366,0.54107,534365.7
1768248000,0.54122,0.5461,0.52788,0.52956,332242.5
1768262400,0.52935,0.53714,0.5284,0.53617,647112.5
1768276800,0.53708,0.5588,0.53708,0.55527,307482.4
1768291200,0.5553,0.56327,0.54892,0.56054,552524.0
1768305600,0.5611,0.59107,0.55767,0.59079,1085492.0
1768320000,0.59125,0.61794,0.59033,0.59708,2457866.6000000001
1768334400,0.5975,0.62753,0.58647,0.6077,4795641.5
1768348800,0.60794,0.6133,0.60325,0.60629,247887.5
1768363200,0.60617,0.61141,0.60185,0.60606,213429.9
1768377600,0.60611,0.61492,0.60386,0.60714,118709.0
1768392000,0.60676,0.6116,0.5958,0.60866,634759.0
1768406400,0.6098,0.61343,0.5821,0.59567,549826.8
1768420800,0.5941,0.60039,0.5868,0.59082,423217.8
1768435200,0.59111,0.59227,0.57474,0.57583,271314.9
1768449600,0.57573,0.58959,0.57485,0.58709,80530.1
1768464000,0.5866,0.5877,0.57562,0.57781,668365.2
1768478400,0.57779,0.58629,0.55774,0.56645,937684.8
1768492800,0.56668,0.57067,0.54909,0.5556,506949.6
1768507200,0.55509,0.56131,0.5493,0.56061,203560.6
1768521600,0.56063,0.56285,0.55399,0.55786,119437.3
1768536000,0.55762,0.56096,0.55071,0.55686,166104.4
1768550400,0.55713,0.56243,0.5564,0.55994,50068.2
1768564800,0.55976,0.56105,0.54001,0.54334,171827.8
1768579200,0.54281,0.55591,0.54222,0.55588,220265.3
1768593600,0.55554,0.57556,0.55209,0.57211,268713.6
1768608000,0.57235,0.59285,0.57186,0.58121,582395.4
1768622400,0.58099,0.59712,0.57715,0.5944,309541.2
1768636800,0.59406,0.59971,0.57786,0.57835,246491.1
1768651200,0.57785,0.59354,0.57754,0.58881,986719.4
1768665600,0.58854,0.58916,0.57943,0.58336,152957.1
1768680000,0.58397,0.58512,0.5734,0.57732,157378.6
1768694400,0.57705,0.5817,0.5677,0.56824,1384312.6000000001
1768708800,0.56824,0.56913,0.56177,0.56685,160661.5
1768723200,0.56686,0.56775,0.56353,0.5655,113943.4
1768737600,0.56541,0.56693,0.55705,0.5635,196014.6
1768752000,0.5624,0.57438,0.56194,0.56614,170670.7
1768766400,0.56616,0.57251,0.52959,0.52992,575023.6
1768780800,0.53024,0.53024,0.47311,0.5019,2066807.7
1768795200,0.50165,0.50165,0.48818,0.49437,377344.2
1768809600,0.49391,0.49686,0.48641,0.48735,142462.8
1768824000,0.4876,0.4925,0.48461,0.48702,265067.9
1768838400,0.48683,0.51331,0.48621,0.50372,570340.5
1768852800,0.50375,0.50561,0.48808,0.49652,925500.1
1768867200,0.49647,0.49716,0.48806,0.49109,318636.4
1768881600,0.49101,0.4951,0.483,0.48467,377324.5
1768896000,0.48439,0.48723,0.4758,0.4758,430555.5
1768910400,0.4755,0.48412,0.46832,0.47138,454406.1
1768924800,0.4717,0.47524,0.46209,0.4682,430964.0
1768939200,0.4676,0.4754,0.45896,0.46162,627156.9
1768953600,0.46143,0.47801,0.46136,0.47543,125731.8
1768968000,0.47533,0.47813,0.47293,0.47637,66832.2
1768982400,0.47631,0.47738,0.46628,0.46778,108998.6
1768996800,0.4677,0.48257,0.46094,0.47891,514495.4
1769011200,0.47916,0.4864,0.45265,0.4864,650789.1
1769025600,0.4869,0.4901,0.46888,0.47126,358413.2
1769040000,0.4719,0.48103,0.47178,0.47544,97872.9
1769054400,0.47537,0.47913,0.46923,0.4713,91097.4
1769068800,0.47184,0.47685,0.46841,0.46871,604592.7
1769083200,0.4685,0.47064,0.45412,0.45933,176810.6
1769097600,0.4603,0.46625,0.45832,0.46145,278367.0
1769112000,0.4611,0.46224,0.45298,0.45709,99765.2
1769126400,0.45707,0.46751,0.45647,0.4672,146964.4
1769140800,0.46781,0.47265,0.4616,0.4631,116061.8
1769155200,0.46319,0.46428,0.45544,0.46023,159734.6
1769169600,0.46021,0.4612,0.44507,0.4607,273775.6
1769184000,0.4608,0.47499,0.45514,0.45712,448648.2
1769198400,0.4563,0.45743,0.44839,0.45326,599198.0
1769212800,0.45343,0.46089,0.45014,0.45821,72022.5
1769227200,0.45827,0.45996,0.45359,0.45692,186097.8
1769241600,0.457,0.46395,0.4563,0.46395,334038.2
1769256000,0.46394,0.46552,0.4543,0.4551,316432.6
1769270400,0.4546,0.45633,0.45186,0.4543,220632.2
1769284800,0.4543,0.45919,0.4543,0.45859,308004.9
1769299200,0.45859,0.46035,0.45058,0.45174,312670.6
1769313600,0.45085,0.45404,0.4474,0.45048,512878.1
1769328000,0.45027,0.45841,0.44768,0.4546,337562.6
1769342400,0.45373,0.45419,0.44367,0.44752,236054.3
1769356800,0.44708,0.44708,0.41523,0.4176,792301.3
1769371200,0.4181,0.42813,0.41694,0.42767,263729.0
1769385600,0.428,0.44372,0.4262,0.438,208938.8
1769400000,0.43884,0.44765,0.43884,0.44452,105682.4
1769414400,0.44516,0.4486,0.44022,0.44231,133704.9
1769428800,0.4432,0.45391,0.4408,0.44424,240372.1
1769443200,0.4446,0.4511,0.4417,0.444,254003.0
1769457600,0.44417,0.45,0.44027,0.44408,188810.4
1769472000,0.44401,0.4483,0.44078,0.44176,713290.0
1769486400,0.44162,0.44427,0.43852,0.44159,142529.0
1769500800,0.44211,0.44235,0.43875,0.44141,221018.9
1769515200,0.44105,0.44456,0.43646,0.44427,267077.9
1769529600,0.4446,0.45426,0.43771,0.44909,594052.4
1769544000,0.44901,0.45792,0.44887,0.4538,253953.2
1769558400,0.45349,0.4553,0.44861,0.45161,338938.0
1769572800,0.45147,0.45534,0.44807,0.45324,171105.2
1769587200,0.45385,0.46452,0.45042,0.46293,150997.8
1769601600,0.46316,0.46316,0.44887,0.45017,303298.6
1769616000,0.45038,0.45662,0.4474,0.45507,422714.8
1769630400,0.45382,0.47134,0.44942,0.46199,660350.8
1769644800,0.4618,0.46323,0.44152,0.44317,291993.2
1769659200,0.4431,0.44322,0.43804,0.43804,103978.3
1769673600,0.4383,0.44183,0.43405,0.43444,144336.0
1769688000,0.43413,0.43788,0.40503,0.41213,1144243.1000000001
1769702400,0.41145,0.42326,0.40162,0.40945,674312.3
1769716800,0.409,0.41481,0.40816,0.41032,282019.2
1769731200,0.41063,0.41538,0.3965,0.4015,824563.5
1769745600,0.40203,0.40988,0.396,0.407,194565.1
1769760000,0.4067,0.41534,0.4022,0.41441,1456203.3999999999
1769774400,0.41432,0.41484,0.40424,0.4114,1417231.3999999999
1769788800,0.41099,0.41719,0.39785,0.41405,1624168.3
1769803200,0.4139,0.4139,0.40385,0.4063,284099.1
1769817600,0.4068,0.40687,0.4014,0.40224,257635.0
1769832000,0.402,0.40332,0.3946,0.4001,122818.3
1769846400,0.40023,0.40068,0.3859,0.38774,325372.5
1769860800,0.38764,0.38797,0.36181,0.3709,903514.0
1769875200,0.3711,0.37805,0.33157,0.35639,2828103.3999999999
1769889600,0.35643,0.3727,0.35277,0.3718,397167.3
1769904000,0.37173,0.37996,0.37026,0.37996,193561.2
1769918400,0.3802,0.382,0.3778,0.37977,306978.2
1769932800,0.38001,0.3813,0.37062,0.37385,4469103.2999999998
1769947200,0.37399,0.37576,0.35728,0.36196,659357.9
1769961600,0.36195,0.3691,0.3576,0.3595,651862.2
1769976000,0.35885,0.36423,0.34841,0.35798,852032.7
1769990400,0.35834,0.37036,0.34973,0.36448,1112692.8
1770004800,0.365,0.37157,0.35145,0.35921,3444271.3999999999
1770019200,0.35919,0.36551,0.35806,0.36332,421865.1
1770033600,0.36354,0.381,0.36354,0.3777,865154.0
1770048000,0.37779,0.37985,0.37445,0.37473,513678.5
1770062400,0.3742,0.37842,0.37204,0.37648,422637.3
1770076800,0.37666,0.37729,0.36559,0.37461,1067336.0
1770091200,0.37477,0.3781,0.37011,0.37533,415858.8
1770105600,0.37546,0.37742,0.36772,0.37105,313160.0
1770120000,0.37151,0.3773,0.36533,0.3768,519313.5
1770134400,0.37673,0.37673,0.35173,0.37036,1426373.3999999999
1770148800,0.36977,0.38578,0.36425,0.36766,1013390.6
1770163200,0.36755,0.3764,0.36573,0.37471,307136.6
1770177600,0.37406,0.37735,0.3709,0.37649,99908.9
1770192000,0.37631,0.37705,0.36935,0.37402,214640.7
1770206400,0.37389,0.37442,0.35742,0.36266,1057589.6000000001
1770220800,0.3621,0.37204,0.35426,0.37101,2294181.5
1770235200,0.37134,0.37177,0.3582,0.36595,427149.9
1770249600,0.36596,0.37081,0.36061,0.36098,666925.3
1770264000,0.36129,0.3656,0.35454,0.35454,480301.3
1770278400,0.35609,0.36252,0.34218,0.34737,439725.7
1770292800,0.3476,0.35179,0.32046,0.32856,3559533.2000000002
1770307200,0.32864,0.3346,0.31541,0.31841,4298159.0
1770321600,0.31874,0.32163,0.30257,0.30865,4994550.9000000004
1770336000,0.30891,0.31911,0.26545,0.31213,6915858.0
1770350400,0.31191,0.3234,0.31,0.31364,565094.1
1770364800,0.31398,0.32646,0.30929,0.32566,492499.0
1770379200,0.3254,0.33697,0.32243,0.33442,1095359.3
1770393600,0.33427,0.35287,0.33305,0.34141,1086741.3
1770408000,0.34116,0.34586,0.33706,0.34301,421445.2
1770422400,0.34317,0.34401,0.33555,0.34225,364989.8
1770436800,0.34214,0.3458,0.3242,0.32889,5034537.0
1770451200,0.3285,0.33192,0.32672,0.33051,411462.8
1770465600,0.32984,0.34689,0.32984,0.34024,4693127.9000000004
1770480000,0.34062,0.35254,0.34008,0.34358,1624483.3
1770494400,0.34422,0.3461,0.34213,0.34277,205945.5
1770508800,0.34281,0.34309,0.33655,0.33684,240445.9
1770523200,0.33663,0.33932,0.33472,0.33657,198772.2
1770537600,0.33634,0.34168,0.33451,0.34078,237502.2
1770552000,0.34059,0.34083,0.33372,0.33463,181921.5
1770566400,0.33454,0.33565,0.327,0.33456,268749.7
1770580800,0.33465,0.33803,0.32747,0.33066,151177.5
1770595200,0.33123,0.3361,0.3285,0.33498,405552.5
1770609600,0.33509,0.33624,0.32821,0.32913,135877.7
1770624000,0.329,0.32978,0.31721,0.32068,287143.3
1770638400,0.32071,0.32861,0.3189,0.32658,308939.9
1770652800,0.32695,0.33529,0.32404,0.33215,311224.6
1770667200,0.33207,0.33263,0.32719,0.32964,91633.1
1770681600,0.32981,0.33193,0.32123,0.32381,168687.2
1770696000,0.32374,0.32599,0.3169,0.31925,200717.5
1770710400,0.31987,0.32206,0.31769,0.31785,197191.7
1770724800,0.31843,0.32107,0.3155,0.31863,1924010.8999999999
1770739200,0.31884,0.32113,0.313,0.31544,421383.5
1770753600,0.31535,0.31704,0.31302,0.31646,240504.7
1770768000,0.3164,0.31822,0.31123,0.31469,285846.9
1770782400,0.31505,0.31508,0.30349,0.30421,496026.8
1770796800,0.30395,0.30464,0.29988,0.30264,263578.2
1770811200,0.30265,0.31846,0.29665,0.29976,1141381.1000000001
1770825600,0.30009,0.31098,0.29992,0.30683,571600.3
1770840000,0.30651,0.31358,0.30441,0.3067,345570.1
1770854400,0.30703,0.31741,0.30699,0.3172,474697.8
1770868800,0.31749,0.32557,0.3167,0.32527,211899.0
1770883200,0.32588,0.32997,0.32162,0.32706,1278389.6000000001
1770897600,0.32668,0.32745,0.31828,0.31858,315793.3
1770912000,0.31796,0.32203,0.31083,0.31748,524138.0
1770926400,0.31742,0.32244,0.31355,0.32187,182383.1
1770940800,0.32175,0.32397,0.31683,0.3178,308454.8
1770955200,0.31797,0.32081,0.31285,0.31856,2288725.6000000001
1770969600,0.31846,0.32302,0.31832,0.3211,200541.0
1770984000,0.32099,0.33491,0.31912,0.32857,802065.1
1770998400,0.32927,0.33695,0.32836,0.3335,338287.5
1771012800,0.33363,0.33806,0.33343,0.33623,216545.6
1771027200,0.3362,0.35899,0.3362,0.3422,2384053.5
1771041600,0.34242,0.34296,0.33872,0.34025,278720.4
1771056000,0.34055,0.34623,0.34055,0.34529,200798.2
1771070400,0.34519,0.352,0.34364,0.35161,285808.6
1771084800,0.35267,0.36361,0.35057,0.36263,507004.2
1771099200,0.36299,0.36695,0.35704,0.35981,248504.6
1771113600,0.35977,0.35999,0.35119,0.3575,295038.7
1771128000,0.35766,0.36172,0.35586,0.36055,101186.4
1771142400,0.36005,0.36021,0.3503,0.35187,94535.2
1771156800,0.35185,0.35207,0.33644,0.34143,369582.0
1771171200,0.34175,0.3435,0.33373,0.33606,556641.0
1771185600,0.33579,0.34013,0.33481,0.33944,85798.8
1771200000,0.33937,0.34271,0.33789,0.34053,173428.0
1771214400,0.34025,0.34375,0.33752,0.33988,57850.6
1771228800,0.3407,0.34283,0.33549,0.33908,112866.5
1771243200,0.33879,0.34683,0.33276,0.33495,296135.5
1771257600,0.33456,0.34072,0.33414,0.33953,200979.2
1771272000,0.33953,0.34692,0.33888,0.34549,176658.0
1771286400,0.3458,0.34683,0.34164,0.34444,154836.8
1771300800,0.34424,0.34634,0.34086,0.34306,76355.0
1771315200,0.34301,0.3441,0.33672,0.34009,961817.1
1771329600,0.33992,0.34388,0.33519,0.34027,304390.2
1771344000,0.34041,0.3512,0.33589,0.34329,1575686.0
1771358400,0.34298,0.34404,0.3399,0.34044,113933.0
1771372800,0.34067,0.34384,0.33926,0.34311,316354.6
1771387200,0.34327,0.34601,0.34183,0.34487,171509.2
1771401600,0.34563,0.34731,0.33852,0.34089,91491.5
1771416000,0.34111,0.34541,0.33495,0.34123,208370.5
1771430400,0.34144,0.3415,0.32588,0.32773,1649001.6000000001
1771444800,0.32762,0.32946,0.32352,0.32604,1082775.0
1771459200,0.32605,0.32988,0.32393,0.329,93269.2
1771473600,0.32912,0.33029,0.32509,0.32585,159485.4
1771488000,0.32586,0.32586,0.32025,0.32275,242080.0
1771502400,0.32285,0.32402,0.31409,0.31478,311145.0
1771516800,0.31441,0.31896,0.31104,0.31696,441327.3
1771531200,0.31697,0.31971,0.31519,0.31971,91792.8
1771545600,0.31948,0.32252,0.31777,0.32009,155504.1
1771560000,0.31992,0.32338,0.31723,0.32199,83190.4
1771574400,0.32185,0.32631,0.3208,0.32176,320230.1
1771588800,0.32176,0.33364,0.31387,0.33364,1493648.1000000001
1771603200,0.33354,0.33863,0.32334,0.33158,1761672.3
1771617600,0.33181,0.33319,0.32984,0.33128,309470.1
1771632000,0.33147,0.33416,0.32915,0.33252,84211.7
1771646400,0.33281,0.33865,0.3323,0.33743,134489.3
1771660800,0.33808,0.34874,0.33678,0.34433,204332.0
1771675200,0.34523,0.34589,0.33684,0.33829,178289.6
1771689600,0.3388,0.33893,0.33405,0.33442,164578.0
1771704000,0.33421,0.33475,0.33146,0.33309,81797.6
1771718400,0.33281,0.33281,0.32259,0.32462,176364.2
1771732800,0.32425,0.32588,0.32264,0.3239,98166.8
1771747200,0.32394,0.32479,0.32047,0.32065,161225.2
1771761600,0.32057,0.3207,0.31221,0.31494,321002.2
1771776000,0.31465,0.31504,0.31041,0.31129,103664.8
1771790400,0.31121,0.31326,0.30857,0.31184,244917.5
1771804800,0.312,0.31253,0.2931,0.29476,455954.3
1771819200,0.29449,0.3006,0.29097,0.29993,246386.4
1771833600,0.29981,0.30725,0.29916,0.30581,364682.4
1771848000,0.30595,0.3133,0.29993,0.3007,335431.1
1771862400,0.30048,0.30157,0.29391,0.29634,486327.6
1771876800,0.29582,0.30173,0.29538,0.29941,149279.2
1771891200,0.29961,0.30242,0.2942,0.29524,241815.5
1771905600,0.29516,0.29551,0.29173,0.29326,161992.6
1771920000,0.29313,0.29538,0.29212,0.2944,128283.4
1771934400,0.29488,0.30144,0.29131,0.29954,257106.0
1771948800,0.29957,0.30331,0.29935,0.30137,221144.5
1771963200,0.30143,0.30205,0.29627,0.29958,239356.2
1771977600,0.29965,0.31782,0.29895,0.30696,634956.2
1771992000,0.30718,0.30959,0.3031,0.30959,341644.0
1772006400,0.30959,0.3201,0.30857,0.31989,463721.9
1772020800,0.32034,0.35916,0.31822,0.35505,1345399.3
1772035200,0.35559,0.38074,0.35559,0.3677,2231442.7000000002
1772049600,0.368,0.36914,0.34805,0.35111,1257787.3999999999
1772064000,0.35149,0.35275,0.34276,0.34702,1535216.7
1772078400,0.34704,0.34844,0.33945,0.34136,433834.9
1772092800,0.34158,0.3455,0.33683,0.3377,1367162.3
1772107200,0.33756,0.34508,0.3356,0.34276,790822.2
1772121600,0.34229,0.3437,0.32658,0.33844,721043.4
1772136000,0.33707,0.33953,0.334,0.33761,113347.8
1772150400,0.33736,0.33881,0.33479,0.33793,314107.8
1772164800,0.33818,0.34301,0.33684,0.33987,438910.4
1772179200,0.33994,0.34482,0.32962,0.33086,345636.2
1772193600,0.33064,0.33224,0.32563,0.32778,224304.9
1772208000,0.3269,0.3273,0.31703,0.31804,2517399.1000000001
1772222400,0.31819,0.32006,0.31314,0.3193,232369.8
1772236800,0.31974,0.32299,0.31835,0.31855,58323.7
1772251200,0.31828,0.31933,0.2994,0.30557,857495.5
1772265600,0.3052,0.3052,0.29863,0.29887,498823.0
1772280000,0.29928,0.30919,0.298,0.30481,278963.0
1772294400,0.3045,0.31967,0.30174,0.31722,2523893.5
1772308800,0.3172,0.32919,0.31639,0.32626,339802.7
1772323200,0.32634,0.34049,0.321,0.33052,356754.0
1772337600,0.33162,0.33313,0.32732,0.33182,275091.0
1772352000,0.33212,0.33255,0.32031,0.32204,1776442.3999999999
1772366400,0.32226,0.32696,0.3166,0.32093,876517.3
1772380800,0.32096,0.32421,0.31214,0.31252,171572.8
1772395200,0.3127,0.32146,0.30767,0.31858,2623570.3999999999
1772409600,0.31907,0.3285,0.31894,0.32785,118362.8
1772424000,0.32801,0.32963,0.3159,0.31861,318493.9
1772438400,0.31868,0.32546,0.31545,0.32452,314347.4
1772452800,0.32464,0.34155,0.31954,0.33849,783781.7
1772467200,0.3385,0.34484,0.33196,0.33424,448388.2
1772481600,0.33427,0.33677,0.32339,0.32501,850611.1
1772496000,0.3253,0.3253,0.31879,0.3237,1641719.8999999999
1772510400,0.32375,0.32493,0.3203,0.32261,744074.5
1772524800,0.32249,0.32338,0.31382,0.31611,248463.2
1772539200,0.31594,0.32423,0.3159,0.32269,429696.9
1772553600,0.32335,0.33501,0.32252,0.3316,475416.0
1772568000,0.33162,0.33344,0.32677,0.3298,93922.2
1772582400,0.33025,0.33422,0.32793,0.33209,237422.8
1772596800,0.33197,0.33547,0.32773,0.33453,1369813.8
1772611200,0.33555,0.35414,0.3322,0.33682,681772.3
1772625600,0.3364,0.34428,0.33155,0.34417,429299.9
1772640000,0.3445,0.34546,0.33638,0.34367,236013.7
1772654400,0.34352,0.34381,0.33572,0.33949,232238.3
1772668800,0.33929,0.33991,0.33411,0.33662,228292.2
1772683200,0.33679,0.3403,0.33593,0.33758,170987.7
1772697600,0.33757,0.34375,0.33698,0.33937,172850.3
1772712000,0.33935,0.34466,0.33522,0.33564,229052.6
1772726400,0.3361,0.34008,0.32936,0.33669,281467.2
1772740800,0.33675,0.3455,0.33675,0.34005,631280.5
1772755200,0.34054,0.34597,0.33773,0.34597,463523.7
1772769600,0.34556,0.34723,0.34079,0.34671,142590.8
1772784000,0.34674,0.34674,0.33852,0.33992,161422.4
1772798400,0.3402,0.34164,0.32578,0.32779,411530.5
1772812800,0.32752,0.33022,0.32146,0.32815,367569.2
1772827200,0.32829,0.33168,0.32627,0.32913,60877.0
1772841600,0.32925,0.33075,0.32597,0.32745,80624.1
1772856000,0.32723,0.33075,0.32281,0.32498,105851.0
1772870400,0.3251,0.32909,0.32442,0.32582,90956.6
1772884800,0.32577,0.32652,0.31855,0.32046,351506.5
1772899200,0.32031,0.32441,0.31846,0.31977,217886.1
1772913600,0.31997,0.32199,0.31657,0.31869,75491.8
1772928000,0.319,0.31949,0.31167,0.31444,141611.2
1772942400,0.31429,0.31825,0.3117,0.3168,95303.2
1772956800,0.31684,0.322,0.31401,0.31972,212229.2
1772971200,0.31942,0.3227,0.31294,0.31418,199695.3
1772985600,0.31421,0.32113,0.31177,0.31893,167439.4
1773000000,0.31925,0.31974,0.30726,0.31136,499081.5
1773014400,0.3117,0.32174,0.31139,0.31745,299712.5
1773028800,0.31781,0.32695,0.317,0.3213,511522.1
1773043200,0.32122,0.32395,0.31668,0.31976,470264.7
1773057600,0.31987,0.32659,0.31971,0.32341,248365.3
1773072000,0.32332,0.33288,0.3228,0.32712,296482.6
1773086400,0.32742,0.32843,0.32196,0.32262,212580.9
1773100800,0.32266,0.33201,0.32227,0.32775,385771.7
1773115200,0.32819,0.33262,0.32686,0.3309,207283.6
1773129600,0.33187,0.34052,0.33122,0.33281,417344.6
1773144000,0.33264,0.34075,0.32784,0.3375,364264.1
1773158400,0.33821,0.33985,0.32717,0.32871,475792.8
1773172800,0.3292,0.33074,0.32444,0.32696,342518.7
1773187200,0.32735,0.32832,0.32485,0.32646,74797.2
1773201600,0.32599,0.32793,0.32189,0.32581,131578.3
1773216000,0.3258,0.33108,0.32578,0.32995,107761.8
1773230400,0.32989,0.34253,0.32989,0.33415,752313.5
1773244800,0.33465,0.3382,0.33237,0.33637,185051.7
1773259200,0.33582,0.34326,0.33445,0.34014,332844.9
1773273600,0.34032,0.3426,0.32829,0.33019,290427.5
1773288000,0.33036,0.33139,0.32494,0.32979,397990.1
1773302400,0.32989,0.33539,0.32928,0.33098,336375.3
1773316800,0.33096,0.33349,0.32545,0.33096,240719.8
1773331200,0.33075,0.3387,0.32881,0.33747,235729.8
1773345600,0.33782,0.34398,0.3354,0.34164,409421.7
1773360000,0.34194,0.35289,0.33966,0.3524,327429.1
1773374400,0.35259,0.35293,0.34641,0.3471,183448.8
1773388800,0.34709,0.34975,0.345,0.34798,144183.1
1773403200,0.34784,0.36386,0.34663,0.35947,4290191.5
1773417600,0.35926,0.36447,0.34874,0.3503,5335443.9000000004
1773432000,0.35074,0.35771,0.34369,0.34796,419541.5
1773446400,0.34789,0.35252,0.34474,0.35212,176668.9
1773460800,0.35222,0.35347,0.34124,0.34215,162052.5
1773475200,0.34199,0.34551,0.34126,0.34497,89218.0
1773489600,0.34504,0.34903,0.34399,0.34627,190379.6
1773504000,0.34624,0.34928,0.34498,0.34526,169091.1
1773518400,0.34533,0.34838,0.34324,0.34816,149549.1
1773532800,0.34857,0.35976,0.34549,0.35623,259582.6
1773547200,0.35701,0.35884,0.34974,0.35151,153973.4
1773561600,0.35206,0.35519,0.35131,0.35328,113157.5
1773576000,0.35369,0.35778,0.34631,0.34749,267706.7
1773590400,0.34743,0.35356,0.34743,0.35296,270183.6
1773604800,0.35262,0.35635,0.3509,0.35458,270174.3
1773619200,0.3546,0.36352,0.35132,0.35934,210672.8
1773633600,0.35995,0.36957,0.35956,0.36745,146085.7
1773648000,0.3673,0.37386,0.36604,0.36801,613362.2
1773662400,0.36747,0.37048,0.36248,0.36443,315210.4
1773676800,0.36477,0.38043,0.36425,0.37782,380971.5
1773691200,0.37758,0.38702,0.37663,0.38377,454232.9
1773705600,0.38377,0.38535,0.37191,0.37447,493081.8
1773720000,0.37506,0.37598,0.36867,0.37442,335566.7
1773734400,0.37433,0.37558,0.37094,0.3713,176843.2
1773748800,0.37107,0.37137,0.36637,0.37038,705163.3
1773763200,0.37033,0.37281,0.36778,0.36799,405294.1
1773777600,0.3679,0.37477,0.36782,0.371,332109.6
1773792000,0.37153,0.3763,0.36849,0.3731,113142.9
1773806400,0.37357,0.37569,0.36696,0.36874,144614.5
1773820800,0.36874,0.37214,0.35847,0.3603,587438.5
1773835200,0.36019,0.36019,0.34278,0.34602,1702396.0
1773849600,0.34541,0.34979,0.34092,0.34552,769496.1
1773864000,0.34561,0.34975,0.34312,0.34876,123365.7
1773878400,0.34874,0.34956,0.3445,0.34623,198537.4
1773892800,0.34589,0.34648,0.33804,0.33939,546064.8
1773907200,0.33903,0.34232,0.33715,0.33843,194786.1
1773921600,0.33833,0.33901,0.33164,0.33518,453408.0
1773936000,0.33428,0.33676,0.33054,0.33536,279687.6
1773950400,0.33537,0.33656,0.33072,0.33383,214591.2
1773964800,0.3339,0.33784,0.33318,0.3366,120263.5
1773979200,0.33671,0.34192,0.3357,0.33734,173957.1
1773993600,0.33718,0.33946,0.33519,0.33637,177067.3
1774008000,0.33639,0.33728,0.32957,0.33377,257496.7
1774022400,0.33408,0.33516,0.3287,0.33194,692555.7
1774036800,0.33222,0.3367,0.32985,0.33372,122795.3
1774051200,0.33384,0.33496,0.33213,0.33313,53739.4
1774065600,0.33323,0.33597,0.33248,0.33286,389654.2
1774080000,0.33315,0.33491,0.33086,0.33105,80753.6
1774094400,0.33137,0.33574,0.33055,0.33574,93957.6
1774108800,0.33574,0.33654,0.33127,0.33186,86469.6
1774123200,0.33184,0.3348,0.31776,0.32055,223859.8
1774137600,0.32059,0.32483,0.31517,0.32162,211575.7
1774152000,0.32146,0.32361,0.31909,0.31909,55297.1
1774166400,0.31931,0.32026,0.31511,0.31557,356964.1
1774180800,0.31568,0.31889,0.31534,0.31597,132429.2
1774195200,0.31609,0.3168,0.3103,0.31168,211234.0
1774209600,0.31199,0.3143,0.30756,0.3118,166990.3
1774224000,0.31182,0.31879,0.31182,0.31718,277247.8
1774238400,0.31719,0.32019,0.31025,0.31199,212368.4
1774252800,0.31208,0.32872,0.31037,0.32222,799332.2
1774267200,0.32255,0.32853,0.32048,0.32272,625326.0
1774281600,0.32304,0.3292,0.32095,0.32532,1338712.1000000001
1774296000,0.32535,0.33058,0.32457,0.32831,237680.5
1774310400,0.32851,0.32989,0.32492,0.32939,176835.3
1774324800,0.3296,0.33199,0.32463,0.3316,1232478.2
1774339200,0.33192,0.33299,0.32572,0.32699,222694.2
1774353600,0.32672,0.32769,0.32226,0.32398,212475.2
1774368000,0.32375,0.325,0.3203,0.32347,164762.0
1774382400,0.32368,0.33675,0.32368,0.33194,2679326.1000000001
1774396800,0.33208,0.33366,0.3306,0.33297,182554.0
1774411200,0.33291,0.33425,0.32848,0.33231,1183319.5
1774425600,0.33235,0.33519,0.33168,0.33484,309319.0
1774440000,0.33501,0.33825,0.33057,0.33111,1256501.8999999999
1774454400,0.33114,0.33379,0.33017,0.33141,228287.8
1774468800,0.33167,0.33254,0.3286,0.33102,181163.5
1774483200,0.33116,0.33139,0.32566,0.3263,206889.4
1774497600,0.32631,0.32641,0.32087,0.32189,1160792.6000000001
1774512000,0.32184,0.32235,0.31671,0.31733,261083.8
1774526400,0.31732,0.32202,0.31631,0.31631,241907.6
1774540800,0.31664,0.31729,0.31266,0.3129,172111.1
1774555200,0.31293,0.31846,0.3119,0.3149,226656.2
1774569600,0.31492,0.31744,0.31492,0.3154,95940.7
1774584000,0.31537,0.31686,0.31333,0.31653,92816.0
1774598400,0.31676,0.31731,0.30214,0.30445,319593.2
1774612800,0.30485,0.30623,0.30121,0.30231,388505.5
1774627200,0.30246,0.30418,0.29834,0.30051,265688.8
1774641600,0.30053,0.30171,0.29852,0.30025,113240.7
1774656000,0.30043,0.30461,0.29416,0.29487,537756.5
1774670400,0.29525,0.29889,0.29469,0.29889,200462.6
1774684800,0.29889,0.29979,0.29739,0.29897,130475.5
1774699200,0.29912,0.30302,0.2965,0.29905,334775.5
1774713600,0.29954,0.30253,0.29917,0.30113,156255.5
1774728000,0.3015,0.30295,0.29314,0.29363,154795.3
1774742400,0.29393,0.29623,0.29237,0.29469,163085.9
1774756800,0.29477,0.29544,0.29264,0.29265,65501.6
1774771200,0.2926,0.29485,0.29089,0.29424,182793.7
1774785600,0.29385,0.29389,0.2893,0.29174,444259.7
1774800000,0.29175,0.29296,0.28824,0.28964,164156.2
1774814400,0.28989,0.29442,0.28264,0.29024,415224.8
1774828800,0.2906,0.2992,0.28992,0.29757,420906.3
1774843200,0.29793,0.30356,0.29792,0.30295,260310.7
1774857600,0.30298,0.30493,0.29953,0.30174,339978.7
1774872000,0.30209,0.30409,0.29843,0.30004,1127294.0
1774886400,0.30013,0.30049,0.29227,0.29418,243595.5
1774900800,0.29433,0.29684,0.29219,0.29342,165446.2
1774915200,0.29378,0.30095,0.29373,0.29617,303710.1
1774929600,0.29628,0.29762,0.29453,0.29631,424971.6
1774944000,0.2964,0.2964,0.28943,0.29089,449564.9
1774958400,0.29159,0.29742,0.2907,0.29142,265906.2
1774972800,0.29142,0.29922,0.29138,0.29632,296715.0
1774987200,0.29623,0.29778,0.29356,0.29576,96148.0
1775001600,0.29554,0.29645,0.2926,0.29497,182104.0
1775016000,0.29498,0.30224,0.29388,0.30155,256108.6
1775030400,0.30223,0.30343,0.29846,0.30121,183818.0
1775044800,0.30091,0.30527,0.29949,0.30251,306891.4
1775059200,0.30238,0.30491,0.29833,0.29944,65332.0
1775073600,0.29933,0.30007,0.29632,0.29693,82847.2
1775088000,0.29703,0.29952,0.28554,0.28667,516725.3
1775102400,0.28659,0.28929,0.28474,0.28856,208917.5
1775116800,0.2885,0.28858,0.28363,0.28523,322441.9
1775131200,0.28501,0.28848,0.28147,0.28527,349595.7
1775145600,0.28542,0.2887,0.28347,0.28483,274919.6
1775160000,0.28487,0.28656,0.28327,0.28475,142496.3
1775174400,0.28536,0.28765,0.28233,0.28713,209785.8
1775188800,0.28732,0.29278,0.28667,0.29157,313776.0
1775203200,0.2921,0.29795,0.29202,0.29737,225437.1
1775217600,0.29769,0.29954,0.2919,0.29235,301813.0
1775232000,0.29219,0.29411,0.28955,0.29072,128041.1
1775246400,0.2907,0.2926,0.2887,0.28997,217443.5
1775260800,0.29009,0.29011,0.28732,0.28855,91562.0
1775275200,0.28797,0.28961,0.28681,0.28883,226182.4
1775289600,0.28908,0.29264,0.28791,0.29133,211312.9
1775304000,0.29117,0.29258,0.28765,0.28975,219485.6
1775318400,0.28977,0.2937,0.28921,0.29134,139815.4
1775332800,0.29095,0.29121,0.28815,0.28919,121605.5
1775347200,0.28934,0.28943,0.28599,0.28701,216684.8
1775361600,0.28688,0.28722,0.28136,0.28165,334702.0
1775376000,0.28149,0.2848,0.28139,0.28332,59415.1
1775390400,0.283,0.2863,0.28055,0.28356,94296.4
1775404800,0.28377,0.28446,0.28046,0.28164,116968.8
1775419200,0.28192,0.28755,0.27905,0.28755,247073.1
1775433600,0.28758,0.2942,0.28726,0.29255,705297.3
1775448000,0.29358,0.29444,0.29026,0.29227,124055.2
1775462400,0.29277,0.2991,0.29256,0.29773,262535.6
1775476800,0.29784,0.29921,0.29249,0.29628,360860.6
1775491200,0.2961,0.29662,0.29261,0.29385,293242.2
1775505600,0.29368,0.29484,0.28403,0.28591,221643.1
1775520000,0.28582,0.28739,0.28452,0.28684,263228.5
1775534400,0.28673,0.28841,0.28492,0.28734,93977.1
1775548800,0.28741,0.28962,0.2833,0.28431,397559.0
1775563200,0.28409,0.28496,0.2805,0.28152,511842.1
1775577600,0.28138,0.29047,0.28129,0.29028,196085.4
1775592000,0.2907,0.31136,0.2906,0.30873,741345.7
1775606400,0.30875,0.30983,0.30493,0.30731,359175.9
1775620800,0.30786,0.31439,0.30698,0.31341,1489267.3
1775635200,0.31344,0.31456,0.30599,0.3075,181313.5
1775649600,0.30774,0.30912,0.30015,0.30302,613368.6
1775664000,0.30303,0.30666,0.29942,0.30091,400304.2
1775678400,0.30168,0.3044,0.29728,0.29834,215748.2
1775692800,0.29803,0.29813,0.29194,0.2929,329120.4
1775707200,0.2927,0.29675,0.29191,0.2956,1263107.8999999999
1775721600,0.29544,0.29682,0.29364,0.29516,265043.0
1775736000,0.2951,0.30388,0.29482,0.30275,771917.3
1775750400,0.30305,0.30557,0.301,0.30403,264986.7
1775764800,0.30402,0.31192,0.30291,0.30349,419034.4
1775779200,0.30454,0.30454,0.29975,0.29982,159431.4
1775793600,0.29988,0.30528,0.29988,0.30074,253297.8
1775808000,0.30082,0.30374,0.29956,0.3003,166015.3
1775822400,0.30017,0.30801,0.30015,0.30486,291023.0
1775836800,0.30537,0.30962,0.30246,0.3094,321711.0
1775851200,0.31008,0.31027,0.30704,0.30831,260211.5
1775865600,0.30844,0.31015,0.3044,0.30695,215513.2
1775880000,0.30716,0.30817,0.30357,0.30621,163689.5
1775894400,0.30628,0.30858,0.30525,0.30605,163333.9
1775908800,0.30597,0.30624,0.30142,0.30564,210305.1
1775923200,0.30525,0.31439,0.30525,0.31433,639551.7
1775937600,0.31444,0.31474,0.30622,0.30704,479688.8
1775952000,0.30714,0.3073,0.29435,0.29612,411547.4
1775966400,0.2959,0.29632,0.29311,0.29429,166287.2
1775980800,0.29437,0.29532,0.29219,0.29438,99775.3
1775995200,0.29433,0.29735,0.29181,0.29288,165518.5
1776009600,0.29293,0.29879,0.2928,0.29562,85407.8
1776024000,0.29603,0.29777,0.29052,0.291,388300.9
1776038400,0.29076,0.29562,0.29076,0.2933,131888.6
1776052800,0.29323,0.29589,0.29097,0.29174,244701.3
1776067200,0.29161,0.29472,0.29063,0.2943,125857.5
1776081600,0.29422,0.29897,0.29182,0.29593,217573.3
1776096000,0.29602,0.30236,0.29383,0.30203,208565.4
1776110400,0.30181,0.31556,0.29829,0.31526,400052.5
1776124800,0.31567,0.31694,0.31109,0.31182,101394.1
1776139200,0.3118,0.3129,0.30734,0.30822,82247.8
1776153600,0.30836,0.31021,0.30784,0.30899,160189.6
1776168000,0.30879,0.31371,0.30744,0.30782,471774.5
1776182400,0.308,0.31011,0.3021,0.30537,281199.3
1776196800,0.3054,0.30633,0.30374,0.30603,168012.7
1776211200,0.30604,0.31172,0.30604,0.30962,497778.0
1776225600,0.30985,0.31396,0.30806,0.30845,103753.1
1776240000,0.30857,0.3204,0.3083,0.31953,151408.2
1776254400,0.31974,0.32336,0.31657,0.31855,386792.2
1776268800,0.31878,0.33046,0.31878,0.33038,342387.0
1776283200,0.33036,0.33433,0.32691,0.33045,331496.1
1776297600,0.33089,0.34484,0.32825,0.34425,750979.7
1776312000,0.3443,0.35482,0.34215,0.35123,970695.3
1776326400,0.35151,0.35653,0.34612,0.35588,356268.6
1776340800,0.35622,0.40074,0.35622,0.3971,2987931.1000000001
1776355200,0.39627,0.40619,0.37617,0.39776,2316248.1000000001
1776369600,0.39683,0.4138,0.38328,0.41058,1885645.7
1776384000,0.41058,0.42084,0.39556,0.39973,3033987.7000000002
1776398400,0.39945,0.40711,0.38975,0.40671,687159.4
1776412800,0.40791,0.41628,0.38904,0.39699,1193728.2
1776427200,0.39721,0.41878,0.39593,0.40658,1570472.0
1776441600,0.40651,0.41968,0.40361,0.41399,927720.6
1776456000,0.41402,0.43624,0.41402,0.42987,1639237.6000000001
1776470400,0.4292,0.44647,0.42077,0.42305,2619143.3999999999
1776484800,0.4235,0.43564,0.41885,0.42504,746610.1
1776499200,0.42579,0.42768,0.4004,0.403,783769.9
1776513600,0.40281,0.40338,0.39438,0.39934,680842.2
1776528000,0.39962,0.40249,0.39501,0.39664,225109.0
1776542400,0.39657,0.39657,0.39126,0.39203,1182743.0
1776556800,0.39203,0.39343,0.38239,0.39091,1212315.6000000001
1776571200,0.39017,0.40213,0.38985,0.39753,610758.0
1776585600,0.39744,0.40244,0.39295,0.40226,323038.5
1776600000,0.4018,0.40818,0.38568,0.38996,584260.5
1776614400,0.39018,0.39039,0.3758,0.38167,581959.7
1776628800,0.38134,0.38319,0.36859,0.36914,523056.9
1776643200,0.36944,0.3842,0.36786,0.38214,435909.0
1776657600,0.38193,0.39093,0.37623,0.38506,362290.9
1776672000,0.38514,0.39147,0.38289,0.38633,310289.3
1776686400,0.38619,0.38991,0.37883,0.38297,634232.2
1776700800,0.38304,0.38721,0.37949,0.38399,1746708.8
1776715200,0.38385,0.3865,0.37646,0.37853,208298.3
1776729600,0.37873,0.37955,0.37397,0.37699,174650.1
1776744000,0.37647,0.38101,0.37575,0.3758,110786.8
1776758400,0.37527,0.38013,0.37433,0.37732,339944.2
1776772800,0.37732,0.37918,0.3728,0.37699,584731.7
1776787200,0.377,0.3783,0.3669,0.36811,357440.7
1776801600,0.3681,0.37768,0.3681,0.37675,400798.4
1776816000,0.37698,0.38087,0.37231,0.38075,417793.8
1776830400,0.3811,0.38698,0.3784,0.38166,338125.1
1776844800,0.38186,0.3906,0.38155,0.38647,237654.7
1776859200,0.38678,0.38678,0.38163,0.38262,561942.6
1776873600,0.38251,0.3852,0.37353,0.37792,504614.7
1776888000,0.37762,0.37844,0.36502,0.36552,253433.6
1776902400,0.36585,0.36816,0.35301,0.3553,470749.2
1776916800,0.35581,0.35739,0.35273,0.35488,113554.8
1776931200,0.35624,0.35758,0.35282,0.35548,112105.0
1776945600,0.35564,0.36598,0.35434,0.36464,202374.2
1776960000,0.36483,0.36663,0.35354,0.35701,228738.2
1776974400,0.35669,0.36344,0.35663,0.36249,106663.3
1776988800,0.36287,0.36456,0.35545,0.35784,506529.9
1777003200,0.35805,0.36038,0.35585,0.35979,222809.2
1777017600,0.35957,0.36202,0.35715,0.36173,213123.0
1777032000,0.36186,0.3636,0.35686,0.36263,155778.9
1777046400,0.36299,0.36375,0.35926,0.36233,107818.5
1777060800,0.3623,0.36404,0.3566,0.35904,228262.7
1777075200,0.35903,0.36221,0.35733,0.35971,144291.6
1777089600,0.36017,0.36128,0.35581,0.3572,98153.2
1777104000,0.35646,0.35932,0.35325,0.35439,74774.8
1777118400,0.35466,0.35569,0.3478,0.34917,130633.7
1777132800,0.34907,0.35042,0.34643,0.34693,100313.9
1777147200,0.34703,0.35009,0.34653,0.34982,67393.5
1777161600,0.3498,0.35052,0.34676,0.34974,99381.9
1777176000,0.34974,0.35955,0.34945,0.35699,212076.0
1777190400,0.35723,0.36157,0.35538,0.36029,127410.3
1777204800,0.36014,0.36134,0.35513,0.35971,506866.6
1777219200,0.3595,0.36055,0.35547,0.35858,88742.4
1777233600,0.35883,0.35999,0.35419,0.35608,100369.6
1777248000,0.35611,0.36353,0.35461,0.36119,253127.2
1777262400,0.36115,0.36164,0.34623,0.34729,281358.6
1777276800,0.34729,0.34967,0.34581,0.34837,573525.7
1777291200,0.34859,0.35304,0.34105,0.34343,301766.5
1777305600,0.34385,0.34768,0.34278,0.34609,202042.0
1777320000,0.3466,0.35329,0.34649,0.35313,134524.1
1777334400,0.35333,0.35981,0.35139,0.35981,291916.9
1777348800,0.35979,0.36706,0.35349,0.35477,926795.3
1777363200,0.35465,0.35663,0.35135,0.35273,105574.8
1777377600,0.3525,0.37004,0.3521,0.36877,531477.6
1777392000,0.36897,0.37632,0.35987,0.36733,853181.8
1777406400,0.36766,0.36837,0.36139,0.36403,237316.0
1777420800,0.36408,0.38018,0.36299,0.37902,315776.2
1777435200,0.38003,0.38155,0.36692,0.36945,600548.3
1777449600,0.36906,0.37447,0.36673,0.36673,164109.0
1777464000,0.36748,0.3675,0.3508,0.35175,819291.0
1777478400,0.35187,0.35415,0.33969,0.34482,481462.4
1777492800,0.34501,0.34852,0.34416,0.347,274086.8
1777507200,0.34756,0.35561,0.34605,0.35506,238221.8
1777521600,0.35491,0.36332,0.35098,0.36166,188051.6
1777536000,0.36236,0.3649,0.35762,0.35914,282215.4
1777550400,0.35919,0.36141,0.35338,0.35562,389859.9
1777564800,0.35576,0.35675,0.35159,0.35316,91365.3
1777579200,0.35279,0.35362,0.34771,0.34975,156783.5
1777593600,0.35002,0.35865,0.34831,0.35649,124489.8
1777608000,0.35652,0.35947,0.35333,0.35502,139509.9
1777622400,0.35511,0.35676,0.35279,0.3549,57872.7
1777636800,0.35493,0.36101,0.35466,0.35775,239221.8
1777651200,0.35827,0.3596,0.35551,0.35595,67648.3
1777665600,0.35631,0.35635,0.34839,0.3499,134611.3
1777680000,0.35025,0.35281,0.34711,0.34902,92735.6
1777694400,0.34897,0.34898,0.34366,0.34712,143088.2
1777708800,0.34681,0.34972,0.34555,0.34745,139157.5
1777723200,0.34763,0.35838,0.347,0.35768,81027.7
1777737600,0.35725,0.36181,0.35602,0.36118,308804.0
1777752000,0.36206,0.36241,0.35595,0.35689,91748.7
1777766400,0.35737,0.35756,0.34848,0.35041,90601.7
1777780800,0.35046,0.3514,0.34793,0.35,36184.3
1777795200,0.34991,0.35165,0.34716,0.34909,71629.9
1777809600,0.3497,0.35111,0.34605,0.3487,296441.3
1777824000,0.34923,0.35229,0.34815,0.35164,67974.8
1777838400,0.35172,0.35326,0.34665,0.34695,95215.6
1777852800,0.34699,0.35872,0.34209,0.35838,421242.1
1777867200,0.35871,0.36114,0.35248,0.35362,122739.0
1777881600,0.35346,0.35727,0.34225,0.34628,531224.9
1777896000,0.34617,0.35388,0.34351,0.34921,386764.0
1777910400,0.34862,0.35627,0.34605,0.35283,548913.8
1777924800,0.3527,0.36395,0.35072,0.358,238023.6
1777939200,0.3586,0.37981,0.35515,0.36718,493765.3
1777953600,0.36791,0.37032,0.36099,0.36909,233578.5
1777968000,0.36903,0.37381,0.36755,0.37248,409330.6
1777982400,0.37246,0.37273,0.35749,0.35786,312267.7
1777996800,0.35778,0.36212,0.35707,0.36008,91904.6
1778011200,0.36078,0.3705,0.35749,0.36057,697835.0
1778025600,0.36036,0.37952,0.35762,0.37642,448785.3
1778040000,0.37601,0.37719,0.36816,0.37295,500165.9
1778054400,0.37335,0.3842,0.37324,0.37976,405843.8
1778068800,0.3802,0.3848,0.36625,0.37792,957723.3
1778083200,0.37749,0.38055,0.37329,0.37608,221257.5
1778097600,0.37648,0.38894,0.37564,0.38827,1341060.8999999999
1778112000,0.38777,0.3888,0.37201,0.37294,545211.8
1778126400,0.3729,0.39014,0.37083,0.38756,349689.6
1778140800,0.38743,0.38853,0.37883,0.38539,178749.8
1778155200,0.38528,0.39353,0.37364,0.37722,810238.1
1778169600,0.37751,0.38886,0.37643,0.38648,323445.1
1778184000,0.38663,0.39046,0.38057,0.38732,205852.1
1778198400,0.38733,0.39966,0.38479,0.39528,846424.9
1778212800,0.39472,0.40551,0.39381,0.40551,725361.5
1778227200,0.40531,0.41649,0.39616,0.41596,926080.6
1778241600,0.41508,0.43533,0.40512,0.43032,1608129.1000000001
1778256000,0.43094,0.45482,0.42834,0.44127,1954292.8999999999
1778270400,0.44191,0.45418,0.43778,0.44644,1055394.8
1778284800,0.44667,0.45228,0.44219,0.44659,1096415.3999999999
1778299200,0.44712,0.45782,0.43439,0.43969,1334890.1000000001
1778313600,0.4396,0.44594,0.43284,0.44436,333544.7
1778328000,0.44298,0.44478,0.4278,0.4319,550412.1
1778342400,0.4317,0.44196,0.42956,0.43966,221983.3
1778356800,0.44104,0.44472,0.43793,0.44062,256429.5
1778371200,0.4397,0.44005,0.42983,0.43039,894903.7
1778385600,0.43014,0.43315,0.42419,0.42929,563054.0
1778400000,0.42894,0.44019,0.42894,0.43679,158572.3
1778414400,0.43683,0.44259,0.43397,0.43975,152787.8
1778428800,0.44025,0.46962,0.44025,0.46282,1854152.6000000001
1778443200,0.46223,0.46584,0.4386,0.45318,937973.0
1778457600,0.45389,0.4566,0.42836,0.43364,611805.4
1778472000,0.43369,0.44496,0.43142,0.44496,347733.1
1778486400,0.44507,0.46871,0.44254,0.45273,544946.7
1778500800,0.4529,0.45312,0.43673,0.44988,451984.8
1778515200,0.4485,0.4571,0.44712,0.45513,953792.5
1778529600,0.45524,0.45887,0.4485,0.45176,185359.3
1778544000,0.45129,0.45385,0.43996,0.44856,191288.7
1778558400,0.44866,0.46129,0.44823,0.45251,551448.0
1778572800,0.45254,0.45591,0.44567,0.44846,740441.1
1778587200,0.44856,0.4514,0.4257,0.43552,526682.3
1778601600,0.43416,0.46363,0.43167,0.45905,1763303.2
1778616000,0.45958,0.46839,0.45574,0.46022,2155100.5
1778630400,0.46079,0.49956,0.45685,0.49683,987399.7
1778644800,0.49782,0.50581,0.48177,0.49254,1139180.8999999999
1778659200,0.49324,0.52103,0.48639,0.48981,1038633.0
1778673600,0.49074,0.49266,0.4605,0.46229,1617022.1000000001
1778688000,0.46178,0.48351,0.46178,0.46571,1263999.7
1778702400,0.46611,0.47067,0.45054,0.45285,463030.8
1778716800,0.4522,0.46155,0.44448,0.44504,409384.8
1778731200,0.44562,0.46817,0.44494,0.45,529415.9
1778745600,0.44963,0.45716,0.44553,0.45296,345194.0
1778760000,0.45163,0.4793,0.45156,0.4752,1776679.1000000001
1778774400,0.47554,0.47975,0.46604,0.4683,582729.1
1778788800,0.46824,0.46956,0.46296,0.46438,223273.6
1778803200,0.46414,0.46962,0.45391,0.4557,293394.8
1778817600,0.45547,0.45547,0.44019,0.4475,214172.7
1778832000,0.44683,0.44864,0.44132,0.44781,139098.7
1778846400,0.44805,0.44821,0.41801,0.42206,1351112.8
1778860800,0.42283,0.43282,0.42132,0.42619,250385.9
1778875200,0.42617,0.4262,0.41977,0.42016,239319.6
1778889600,0.42028,0.42418,0.4186,0.42306,323537.2
1778904000,0.42362,0.42482,0.39983,0.40648,505169.8
1778918400,0.40698,0.40859,0.3965,0.40026,588676.1
1778932800,0.39928,0.40367,0.3969,0.40196,161980.4
1778947200,0.40215,0.40399,0.39868,0.39949,91498.3
1778961600,0.39941,0.40039,0.39484,0.39588,66137.0
1778976000,0.39567,0.39657,0.39079,0.39573,163196.9
1778990400,0.39573,0.40242,0.39548,0.4008,173258.5
1779004800,0.401,0.40181,0.39611,0.39687,187666.3
1779019200,0.3973,0.39776,0.3867,0.38981,145938.3
1779033600,0.39015,0.39095,0.3827,0.38939,423859.4
1779048000,0.3899,0.39254,0.36549,0.38071,642759.0
1779062400,0.38014,0.38838,0.37625,0.38479,1225556.2
1779076800,0.38547,0.38774,0.37673,0.37774,165803.1
1779091200,0.37797,0.38776,0.37514,0.38553,260000.2
1779105600,0.38553,0.3918,0.37868,0.38232,480452.3
1779120000,0.38222,0.38862,0.37793,0.38773,233535.9
1779134400,0.38763,0.40195,0.38701,0.39858,2089747.5
1779148800,0.39875,0.40552,0.39445,0.39733,340707.3
1779163200,0.3971,0.40362,0.39591,0.39716,161656.4
1779177600,0.39678,0.39724,0.38888,0.38955,496113.9
1779192000,0.38923,0.4001,0.38831,0.38992,597276.1
1779206400,0.39071,0.39527,0.38799,0.39047,212892.3
1779220800,0.3906,0.39135,0.3842,0.38538,171534.9
1779235200,0.38547,0.38793,0.38231,0.38655,258467.7
1779249600,0.38657,0.39894,0.38657,0.39815,193603.8
1779264000,0.39804,0.40213,0.39657,0.39684,469813.2
1779278400,0.39679,0.41022,0.39323,0.40723,461297.9
1779292800,0.40748,0.42126,0.40091,0.41317,457964.3
1779307200,0.41303,0.42258,0.40462,0.41001,373126.4
1779321600,0.40966,0.41432,0.40736,0.41432,140156.2
1779336000,0.41442,0.41573,0.40529,0.40866,246173.3
1779350400,0.40885,0.41132,0.39501,0.39947,440488.5
1779364800,0.3993,0.41036,0.39763,0.40843,197262.1
1779379200,0.4086,0.43065,0.40715,0.43011,586294.5
1779393600,0.42953,0.4314,0.42265,0.42522,156690.5
1779408000,0.42525,0.44506,0.42185,0.44464,391773.9
1779422400,0.44469,0.44916,0.43014,0.44005,515606.6
1779436800,0.4403,0.4531,0.43687,0.44649,615622.1
1779451200,0.44713,0.46003,0.44089,0.44709,687369.7
1779465600,0.44643,0.45075,0.41699,0.42438,751820.7
1779480000,0.4238,0.42951,0.41118,0.4162,575164.4
1779494400,0.41587,0.42226,0.40926,0.41989,348746.6
1779508800,0.42016,0.42151,0.3601,0.4001,1847723.2
1779523200,0.39943,0.40367,0.39566,0.40024,1917360.7
1779537600,0.39935,0.42032,0.39768,0.42032,302568.1
1779552000,0.42055,0.4482,0.41799,0.44417,570046.5
1779566400,0.44455,0.45265,0.43287,0.43471,462822.4
1779580800,0.43527,0.43533,0.4212,0.42437,1726711.2
1779595200,0.42436,0.43074,0.4199,0.4262,371962.4
1779609600,0.42668,0.42933,0.42251,0.42377,287953.2
1779624000,0.42345,0.42432,0.40638,0.41617,952829.9
1779638400,0.41619,0.4177,0.41229,0.41433,160743.3
1779652800,0.41446,0.41501,0.40342,0.41461,916345.6
1779667200,0.41507,0.42295,0.415,0.41878,289641.9
1779681600,0.41921,0.44199,0.41921,0.43314,593422.7
1779696000,0.43333,0.43653,0.42955,0.43022,461999.1
1779710400,0.43064,0.4539,0.42881,0.45105,1250019.5
1779724800,0.4512,0.49301,0.44931,0.47648,2905819.3999999999
1779739200,0.47639,0.48617,0.46667,0.47292,1667792.8
1779753600,0.47336,0.47346,0.45827,0.46525,1424633.7
1779768000,0.46558,0.48078,0.462,0.47737,1661499.5
1779782400,0.47697,0.48982,0.46944,0.47819,1375475.0
1779796800,0.47816,0.48821,0.47091,0.4809,2037109.0
1779811200,0.47968,0.48385,0.4642,0.4698,1588355.3999999999
1779825600,0.46987,0.47801,0.46726,0.46768,499585.0
1779840000,0.46837,0.47196,0.45662,0.45911,361530.7
1779854400,0.45874,0.47211,0.44791,0.47211,675340.8
1779868800,0.4718,0.47521,0.44565,0.4471,367502.9
1779883200,0.44738,0.46954,0.4443,0.46534,1078558.1000000001
1779897600,0.46587,0.46806,0.44617,0.46025,684427.5
1779912000,0.45996,0.4617,0.43435,0.4375,806691.6
1779926400,0.43713,0.44122,0.41812,0.41892,411568.0
1779940800,0.41803,0.42302,0.40979,0.4225,607520.1
1779955200,0.42265,0.42282,0.41102,0.41355,399562.3
1779969600,0.41389,0.41744,0.40509,0.41049,512431.7
1779984000,0.4107,0.42396,0.40903,0.41805,208497.0
1779998400,0.41835,0.42184,0.41007,0.413,320555.1
1780012800,0.41263,0.42555,0.41169,0.41216,260936.3
1780027200,0.41269,0.42369,0.40865,0.41574,166798.0
1780041600,0.41526,0.42474,0.40733,0.40963,300046.0
1780056000,0.40972,0.43098,0.40047,0.4219,581495.9
1780070400,0.42176,0.43735,0.41085,0.41343,819537.9
1780084800,0.41346,0.41726,0.4071,0.41077,125159.8
1780099200,0.41089,0.42548,0.40869,0.42079,200460.5
1780113600,0.42108,0.42224,0.40997,0.41557,349783.0
1780128000,0.41504,0.41664,0.41196,0.41637,129408.1
1780142400,0.41674,0.41823,0.40888,0.41068,243337.4
1780156800,0.41039,0.41846,0.4095,0.4143,120808.2
1780171200,0.41459,0.41856,0.4067,0.40991,283247.1
1780185600,0.41013,0.41139,0.40469,0.40698,322421.4
1780200000,0.40685,0.4076,0.39737,0.3989,470858.0
1780214400,0.39933,0.40195,0.39617,0.39892,263515.9
1780228800,0.39896,0.402,0.39199,0.39351,404375.5
1780243200,0.39385,0.3941,0.38841,0.39205,219848.9
1780257600,0.39201,0.40387,0.39201,0.4006,515573.0
1780272000,0.40076,0.40398,0.39159,0.39919,734963.6
1780286400,0.39953,0.40166,0.38213,0.383,913482.0
1780300800,0.38306,0.39029,0.38227,0.38649,358577.3
1780315200,0.38687,0.38933,0.37921,0.38675,323778.2
1780329600,0.38703,0.39955,0.38515,0.39922,210446.4
1780344000,0.39965,0.40114,0.3906,0.3999,116805.4
1780358400,0.40052,0.40155,0.38551,0.4011,228229.1
1780372800,0.40176,0.40253,0.38291,0.387,674398.4
1780387200,0.38727,0.39504,0.38337,0.39284,158733.8
1780401600,0.39238,0.39989,0.36475,0.37325,830340.9
1780416000,0.37304,0.38406,0.36183,0.37144,866850.0
1780430400,0.37114,0.37537,0.35129,0.35943,529949.3
1780444800,0.3596,0.36448,0.35154,0.35255,420115.7
1780459200,0.35275,0.37511,0.35275,0.3713,460351.9
1780473600,0.3713,0.3876,0.36969,0.38145,608121.8
1780488000,0.38166,0.38574,0.37483,0.37631,613251.7
1780502400,0.3764,0.3771,0.36582,0.36876,334530.3
1780516800,0.3686,0.37959,0.36066,0.36866,341304.2
1780531200,0.36813,0.37165,0.32704,0.35779,1451156.6000000001
1780545600,0.35767,0.3597,0.3407,0.3407,310799.2
1780560000,0.3406,0.3433,0.32731,0.33407,602152.8
1780574400,0.33447,0.35215,0.33138,0.35056,629163.6
1780588800,0.34955,0.3503,0.33936,0.34566,267161.2
1780603200,0.34548,0.34548,0.32963,0.33712,261220.8
1780617600,0.33677,0.34112,0.32478,0.327,484924.8
1780632000,0.32735,0.33456,0.30173,0.31962,1200796.0
1780646400,0.31956,0.32123,0.30991,0.31149,398110.7
1780660800,0.31134,0.31395,0.2957,0.2988,975021.4
1780675200,0.29808,0.30835,0.28443,0.2967,1322692.5
1780689600,0.29741,0.30738,0.29308,0.30118,472721.9
1780704000,0.30116,0.30705,0.29449,0.29574,1793765.6000000001
1780718400,0.29548,0.2991,0.27788,0.29726,869035.9
1780732800,0.29731,0.30227,0.29014,0.29678,394448.9
1780747200,0.29677,0.30205,0.29391,0.29753,666837.6
1780761600,0.29696,0.29884,0.29342,0.29449,445650.7
1780776000,0.29427,0.30282,0.29392,0.30168,190978.8
1780790400,0.30159,0.31152,0.30127,0.30587,261386.4
1780804800,0.30597,0.31336,0.30415,0.31281,193485.2
1780819200,0.31257,0.32742,0.3103,0.31741,490392.4
1780833600,0.31794,0.31997,0.31056,0.31639,597405.4
1780848000,0.31646,0.31808,0.30315,0.30449,443489.6
1780862400,0.30409,0.33365,0.30358,0.31758,892825.0
1780876800,0.31801,0.32266,0.31214,0.31937,394878.3
1780891200,0.31997,0.32011,0.31257,0.31628,275611.0
1780905600,0.3164,0.32518,0.31384,0.32284,624494.6
1780920000,0.32239,0.32648,0.31909,0.32284,682002.0
1780934400,0.32314,0.32776,0.32,0.32186,555723.3
1780948800,0.32178,0.32738,0.31564,0.31772,440103.7
1780963200,0.31776,0.31795,0.30715,0.31079,474923.8
1780977600,0.31028,0.32169,0.30957,0.32069,495528.6
1780992000,0.32084,0.32121,0.3155,0.31925,311272.8
1781006400,0.31941,0.3287,0.31254,0.31349,1191645.7
1781020800,0.31305,0.3215,0.30869,0.32092,999673.6
1781035200,0.32096,0.32793,0.31997,0.32529,332066.5
1781049600,0.32532,0.32932,0.31954,0.31997,203375.0
1781064000,0.32028,0.32073,0.31438,0.32007,230704.8
1781078400,0.31982,0.32079,0.31029,0.31284,334542.5
1781092800,0.3129,0.3275,0.31147,0.31995,570215.2
1781107200,0.32051,0.32184,0.30745,0.30788,749971.7
1781121600,0.30783,0.30932,0.30065,0.30798,1026753.9
1781136000,0.30785,0.32409,0.3078,0.32409,174371.6
1781150400,0.32348,0.32954,0.32185,0.32574,385775.5
1781164800,0.32576,0.33216,0.32014,0.32296,154579.3
1781179200,0.3223,0.32657,0.31713,0.32278,359626.9
1781193600,0.32339,0.32852,0.31639,0.32502,394366.7
1781208000,0.32488,0.32695,0.3211,0.32261,121549.6
1781222400,0.32263,0.32562,0.32054,0.32481,157739.2
1781236800,0.3252,0.32555,0.31668,0.31935,227098.6
1781251200,0.31929,0.32987,0.31923,0.32637,217174.5
1781265600,0.32606,0.34029,0.32466,0.3255,745338.8
1781280000,0.32599,0.33159,0.32443,0.32764,413104.6
1781294400,0.32716,0.32887,0.32028,0.32325,385301.9
1781308800,0.32311,0.32814,0.32233,0.32633,106019.7
1781323200,0.32613,0.3373,0.32398,0.3349,313132.1
1781337600,0.33513,0.33813,0.33216,0.33727,253820.2
1781352000,0.33742,0.35792,0.3373,0.34931,664224.9
1781366400,0.34959,0.35251,0.34411,0.34591,393399.2
1781380800,0.34598,0.35035,0.34408,0.34605,124170.2
1781395200,0.3461,0.34702,0.34188,0.34317,72610.1
1781409600,0.34317,0.34338,0.33664,0.33857,163493.1
1781424000,0.33865,0.34058,0.33605,0.33722,156683.0
1781438400,0.33716,0.33757,0.32962,0.33396,258737.8
1781452800,0.33388,0.34128,0.33277,0.33754,280342.2
1781467200,0.33771,0.35276,0.3364,0.35058,451015.6
1781481600,0.35049,0.36008,0.34759,0.35684,410343.4
1781496000,0.35691,0.36847,0.35623,0.36112,332712.1
1781510400,0.36138,0.3642,0.35761,0.36252,180174.0
1781524800,0.36283,0.38516,0.36159,0.37645,1583915.6000000001
1781539200,0.37729,0.37773,0.36406,0.36855,304701.8
1781553600,0.3688,0.37546,0.36429,0.3695,266990.9
1781568000,0.36998,0.38074,0.36549,0.37514,1053062.6000000001
1781582400,0.37517,0.38492,0.36816,0.37548,762769.2
1781596800,0.37507,0.38417,0.37413,0.37946,276375.6
1781611200,0.37958,0.38528,0.36937,0.3745,1177800.6000000001
1781625600,0.37463,0.38684,0.37279,0.38139,268141.1
1781640000,0.3814,0.405,0.38131,0.40483,507258.8
1781654400,0.40479,0.41708,0.39791,0.40748,915117.5
1781668800,0.40764,0.42805,0.40065,0.40356,1510234.2
1781683200,0.4034,0.4038,0.39403,0.39748,624160.9
1781697600,0.39721,0.40857,0.38946,0.40789,657555.2
1781712000,0.40788,0.413,0.39046,0.39154,1398912.8
1781726400,0.39197,0.39724,0.38725,0.39185,387345.7
1781740800,0.39177,0.39936,0.38838,0.39136,490896.7
1781755200,0.39151,0.39187,0.38178,0.39003,249110.2
1781769600,0.38985,0.39415,0.38597,0.38627,208429.2
1781784000,0.3863,0.39217,0.37,0.37039,769175.4
1781798400,0.36993,0.38355,0.36992,0.38217,415813.5
1781812800,0.38252,0.39642,0.38252,0.3931,351947.8
1781827200,0.39318,0.39971,0.38268,0.38739,639984.5
1781841600,0.38768,0.39083,0.37617,0.37944,821195.1
1781856000,0.37997,0.38249,0.37584,0.37613,232052.8
1781870400,0.37599,0.39622,0.37419,0.38831,401960.4
1781884800,0.38919,0.39279,0.3767,0.37846,237835.8
1781899200,0.37839,0.385,0.37756,0.37982,192484.3
1781913600,0.3797,0.38247,0.37427,0.38072,227865.4
1781928000,0.38131,0.38741,0.37888,0.38024,159420.6
1781942400,0.38035,0.38308,0.37527,0.37607,198220.7
1781956800,0.37593,0.37744,0.36639,0.37666,660840.4
1781971200,0.37677,0.37677,0.36918,0.37049,123703.8
1781985600,0.37099,0.37447,0.36933,0.37185,63339.1
1782000000,0.37169,0.37439,0.36816,0.36826,190851.2
1782014400,0.36821,0.37048,0.36383,0.36919,320378.4
1782028800,0.36931,0.37974,0.36647,0.3742,599572.1
1782043200,0.37408,0.37807,0.3715,0.37582,249230.8
1782057600,0.37601,0.37601,0.36761,0.37084,227425.7
1782072000,0.371,0.37117,0.36065,0.36372,405215.8
1782086400,0.36352,0.37851,0.36352,0.37198,247699.6
1782100800,0.372,0.38483,0.37054,0.38202,840955.4
1782115200,0.38245,0.39702,0.3808,0.39612,843972.8
1782129600,0.39665,0.41045,0.39373,0.39907,980257.2
1782144000,0.39959,0.40969,0.3891,0.39231,1225525.7
1782158400,0.39285,0.39481,0.38169,0.38425,1115601.3999999999
1782172800,0.38398,0.40351,0.38097,0.40308,665551.6
1782187200,0.40352,0.40389,0.37881,0.38064,877659.3
1782201600,0.38091,0.38292,0.36561,0.37431,573959.8
1782216000,0.37458,0.39053,0.36987,0.38426,718757.8
1782230400,0.38455,0.3899,0.37668,0.38538,521057.7
1782244800,0.38629,0.38789,0.37617,0.37653,289433.0
1782259200,0.37649,0.3895,0.37604,0.37849,406440.5
1782273600,0.37868,0.37868,0.3671,0.36916,681879.3
1782288000,0.36955,0.37532,0.36283,0.37274,505804.0
1782302400,0.37279,0.37326,0.35749,0.35794,640472.2
1782316800,0.35763,0.36314,0.34224,0.34968,556842.8
1782331200,0.34976,0.3752,0.3487,0.37279,758609.7
1782345600,0.37338,0.3745,0.36623,0.36859,354961.8
1782360000,0.36856,0.38453,0.36395,0.37648,647912.8
1782374400,0.37619,0.37748,0.36891,0.36931,258251.2
1782388800,0.3695,0.37218,0.33807,0.35489,706751.9
1782403200,0.35457,0.36051,0.34975,0.35395,352476.5
1782417600,0.35455,0.36313,0.3525,0.35583,466417.8
1782432000,0.35635,0.35979,0.3423,0.35407,668476.4
1782446400,0.35414,0.3664,0.34768,0.36566,1248341.3
1782460800,0.36569,0.36652,0.3499,0.3525,272865.7
1782475200,0.35274,0.37464,0.35186,0.36785,804074.4
1782489600,0.36787,0.39073,0.36491,0.38058,1076451.2
1782504000,0.37957,0.38517,0.37514,0.38153,155484.2
1782518400,0.38122,0.38218,0.37229,0.37253,276014.2
1782532800,0.37256,0.37973,0.37108,0.37761,747012.5
1782547200,0.37873,0.38443,0.37167,0.37342,284827.7
1782561600,0.37328,0.38301,0.37062,0.38167,358209.7
1782576000,0.38283,0.38319,0.36676,0.36837,372191.1
1782590400,0.36825,0.3755,0.36792,0.37249,265305.4
1782604800,0.37312,0.37814,0.37044,0.37335,249024.2
1782619200,0.37357,0.37677,0.3675,0.37321,123803.8
1782633600,0.37332,0.38219,0.37109,0.38025,265306.7
1782648000,0.38025,0.38025,0.37183,0.37393,200652.6
1782662400,0.37386,0.37386,0.36416,0.36766,350625.3
1782676800,0.36762,0.37617,0.3655,0.37522,365105.3
1782691200,0.37485,0.38974,0.37083,0.38354,763441.8
1782705600,0.38407,0.38683,0.37446,0.38277,219895.2
1782720000,0.38195,0.39567,0.3787,0.38909,362129.8
1782734400,0.389,0.40303,0.3877,0.39955,487193.0
1782748800,0.39964,0.40182,0.39272,0.39422,368873.6
1782763200,0.39468,0.39707,0.38691,0.38966,337544.8
1782777600,0.38905,0.3967,0.38602,0.39316,178340.0
1782792000,0.39307,0.39517,0.38668,0.39192,403117.8
1782806400,0.39224,0.39226,0.36441,0.36527,499656.2
1782820800,0.36521,0.36711,0.35764,0.36398,425562.8
1782835200,0.364,0.36654,0.3575,0.35894,586002.1
1782849600,0.3581,0.35944,0.35329,0.35544,169203.3
1782864000,0.35562,0.36684,0.34682,0.36684,505369.7
1782878400,0.36662,0.3735,0.36182,0.36489,470968.6
1782892800,0.36473,0.37767,0.36371,0.36962,546402.3
1782907200,0.36995,0.37489,0.36143,0.37228,232107.5
1782921600,0.37255,0.37255,0.35767,0.3586,421376.7
1782936000,0.3593,0.36767,0.35633,0.35633,455496.2
1782950400,0.35677,0.36487,0.35428,0.36487,229413.6
1782964800,0.36447,0.36781,0.35881,0.36348,197691.9
1782979200,0.3634,0.3716,0.36318,0.37075,302526.1
1782993600,0.37054,0.38215,0.36936,0.37165,304657.8
1783008000,0.37112,0.37509,0.36625,0.36789,138543.5
1783022400,0.36781,0.3693,0.36392,0.36492,106842.7
1783036800,0.36486,0.37102,0.36327,0.37013,148993.1
1783051200,0.37009,0.3812,0.36557,0.37796,352925.0
1783065600,0.378,0.39856,0.37729,0.3967,1585912.0
1783080000,0.3972,0.40973,0.39712,0.40306,561326.3
1783094400,0.40348,0.40604,0.39318,0.39544,721865.2
1783108800,0.39503,0.40399,0.39492,0.4026,245660.5
1783123200,0.40098,0.4081,0.39455,0.40694,438967.6
1783137600,0.40589,0.40691,0.39384,0.39452,397393.8
1783152000,0.39483,0.39483,0.38513,0.39196,835618.7
1783166400,0.39151,0.40003,0.38991,0.39796,972943.5
1783180800,0.39807,0.41376,0.39716,0.3996,2375795.0
1783195200,0.39953,0.40551,0.39071,0.39345,212301.3
1783209600,0.39347,0.39578,0.38793,0.39052,257061.4
1783224000,0.39059,0.39519,0.38619,0.39291,231678.1
1783238400,0.39285,0.39881,0.38306,0.38697,333267.9
1783252800,0.38646,0.39223,0.38489,0.3868,296634.9
1783267200,0.38695,0.40014,0.38546,0.39915,144252.3
1783281600,0.39938,0.40347,0.39355,0.39776,330167.7
1783296000,0.3974,0.40053,0.39318,0.3956,383015.2
1783310400,0.39621,0.39689,0.38321,0.38785,522231.3
1783324800,0.38758,0.38792,0.37794,0.37881,821290.3
1783339200,0.37847,0.38684,0.37083,0.38608,603286.0
1783353600,0.38626,0.38875,0.38128,0.38462,462071.5
1783368000,0.38479,0.39243,0.38247,0.38269,517715.9
1783382400,0.383,0.38588,0.37541,0.37621,385907.7
1783396800,0.37585,0.38736,0.37422,0.38199,439696.8
1783411200,0.38192,0.38965,0.37932,0.38938,234169.5
1783425600,0.38941,0.39433,0.37883,0.39173,492254.9
1783440000,0.39195,0.39751,0.38315,0.38493,493952.8
1783454400,0.38467,0.38638,0.37279,0.37706,306159.6
1783468800,0.37753,0.38932,0.37481,0.38696,984166.1
1783483200,0.38595,0.39524,0.38334,0.3896,494413.1
1783497600,0.38971,0.39163,0.37912,0.38953,503248.0
1783512000,0.38916,0.4006,0.38401,0.38426,761860.9
1783526400,0.38453,0.39067,0.38236,0.3886,189692.0
1783540800,0.38774,0.40091,0.38199,0.39926,621187.4
1783555200,0.40075,0.40421,0.38834,0.3954,661032.7
1783569600,0.39526,0.40136,0.39223,0.39542,531129.0
1783584000,0.39545,0.40947,0.395,0.40497,963136.9
1783598400,0.40557,0.41986,0.4006,0.41815,2017145.0
1783612800,0.41813,0.42454,0.40838,0.41167,2262777.0
1783627200,0.41216,0.41357,0.40419,0.41057,562698.7
1783641600,0.41047,0.42419,0.40627,0.41963,649033.6
1783656000,0.41972,0.42128,0.41188,0.41301,471862.3
1783670400,0.41314,0.41959,0.4104,0.41472,318491.0
1783684800,0.41486,0.41486,0.39897,0.4037,725591.2
1783699200,0.40399,0.40582,0.39303,0.39763,405467.3
1783713600,0.39765,0.40178,0.39669,0.39846,147229.7
1783728000,0.39856,0.40848,0.39603,0.40811,457617.1
1783742400,0.40812,0.40818,0.4006,0.40143,153513.0
1783756800,0.40182,0.40987,0.39985,0.40867,341037.2
1783771200,0.40857,0.42,0.40788,0.41516,441852.5
1783785600,0.41523,0.41904,0.41011,0.41305,277763.6
1783800000,0.41331,0.41814,0.40284,0.40385,937457.9
1783814400,0.40375,0.40573,0.39518,0.40549,1022891.2
1783828800,0.40518,0.4151,0.40293,0.41266,425032.0
1783843200,0.41264,0.41571,0.40399,0.40948,345962.9
1783857600,0.40877,0.41078,0.40113,0.40584,215501.5
1783872000,0.4058,0.40669,0.40016,0.40473,304907.1
1783886400,0.40473,0.40725,0.39602,0.39834,387343.7
1783900800,0.3987,0.40643,0.38644,0.38956,698106.0
1783915200,0.38936,0.40767,0.38828,0.40487,516572.8
1783929600,0.4068,0.41559,0.40259,0.41432,261473.2
1783944000,0.41476,0.41543,0.40479,0.40552,649560.1
1783958400,0.40529,0.41085,0.40003,0.40303,503978.0
1783972800,0.40387,0.40415,0.39371,0.39572,256618.3
1783987200,0.39623,0.40547,0.39432,0.40296,10299296.1999999993
1784001600,0.40251,0.415,0.40001,0.40895,573763.0
1784016000,0.40927,0.40927,0.39981,0.40065,379812.4
1784030400,0.40097,0.40572,0.39768,0.40063,658802.4
1784044800,0.40094,0.40477,0.39787,0.4012,434460.5
1784059200,0.40156,0.41039,0.40039,0.40714,322141.3
1784073600,0.40749,0.41508,0.40731,0.41186,342709.3
1784088000,0.41152,0.41297,0.40053,0.40468,340291.1
1784102400,0.40466,0.42091,0.40304,0.42048,465536.2
1784116800,0.42049,0.42351,0.41086,0.41364,986404.0
1784131200,0.41396,0.41906,0.40587,0.41343,468823.7
1784145600,0.41324,0.42,0.41296,0.41582,472707.6
1784160000,0.41635,0.4227,0.41124,0.41211,496204.8
1784174400,0.4125,0.41525,0.40384,0.40539,320505.0
1784188800,0.40487,0.40523,0.39902,0.40151,482565.9
1784203200,0.40142,0.40622,0.39974,0.40219,335405.2
1784217600,0.4022,0.40986,0.40094,0.40497,358093.7
1784232000,0.40468,0.41386,0.39578,0.39713,547313.7
1784246400,0.39726,0.40088,0.37969,0.38023,628042.7
1784260800,0.38036,0.38063,0.3726,0.37626,407921.7
1784275200,0.37613,0.38459,0.37593,0.38333,288084.7
1784289600,0.38313,0.38351,0.37465,0.38149,412686.7
1784304000,0.38109,0.3885,0.37988,0.38138,132815.2
1784318400,0.38146,0.38266,0.37545,0.37803,340831.8
1784332800,0.37822,0.379,0.36678,0.36889,435162.7
1784347200,0.36869,0.3687,0.36201,0.36384,766661.8
1784361600,0.364,0.36712,0.35804,0.36022,479661.5
1784376000,0.36018,0.36187,0.356,0.35634,158906.0
1784390400,0.35639,0.35809,0.3527,0.35501,206918.6
1784404800,0.35516,0.3627,0.35444,0.36176,144185.0
1784419200,0.36272,0.36387,0.3584,0.35891,246826.9
1784433600,0.35865,0.36245,0.35684,0.35989,189766.7
1784448000,0.35989,0.3647,0.35491,0.35547,234573.5
1784462400,0.35536,0.35941,0.35299,0.35771,215140.1
1784476800,0.35791,0.36229,0.35053,0.36,402138.6
1784491200,0.36013,0.36125,0.3547,0.361,187758.9
1784505600,0.361,0.36623,0.35817,0.36068,144962.8
1784520000,0.36102,0.36452,0.3535,0.36372,225146.9
1784534400,0.36419,0.36511,0.35777,0.36406,146029.6
1784548800,0.3639,0.36693,0.35891,0.36639,306273.4
1784563200,0.36662,0.36705,0.35835,0.35878,147279.3
1784577600,0.35892,0.36276,0.35489,0.35735,158821.0
1784592000,0.35729,0.36162,0.35713,0.36147,218552.9
1784606400,0.3619,0.36636,0.36003,0.36251,189775.1
1784620800,0.36205,0.36944,0.36076,0.36729,99570.7
1784635200,0.36765,0.37083,0.36199,0.3665,127172.0
1784649600,0.36652,0.36848,0.36078,0.36395,166202.6
1784664000,0.36436,0.36904,0.36383,0.36639,77679.2
1784678400,0.3661,0.36847,0.36154,0.36231,140500.7
1784692800,0.36206,0.36439,0.35808,0.36065,160412.2
1784707200,0.36054,0.36544,0.35954,0.36183,92507.5
1784721600,0.36184,0.36457,0.3597,0.36134,154774.5
1784736000,0.36155,0.36609,0.36007,0.36173,149671.1
1784750400,0.36158,0.36417,0.36017,0.36165,85051.9
1784764800,0.36174,0.366,0.35682,0.35787,336563.9
1784779200,0.35776,0.3623,0.35731,0.35932,121373.4
1784793600,0.35932,0.36124,0.35283,0.35677,207788.5
1784808000,0.35663,0.35757,0.34811,0.35112,444554.6
1784822400,0.35114,0.35116,0.34591,0.34997,173267.3
1784836800,0.34982,0.35371,0.34682,0.34838,150061.4
1784851200,0.34851,0.35082,0.34458,0.35014,422030.2
1784865600,0.3501,0.35177,0.34741,0.34801,70781.0
1784880000,0.34804,0.35021,0.34648,0.34724,85284.8
1784894400,0.34753,0.34994,0.33845,0.34443,228835.7
1784908800,0.3442,0.34571,0.34094,0.34142,78823.5
1784923200,0.34145,0.3429,0.33641,0.33946,372443.7
1784937600,0.3391,0.34362,0.33894,0.3433,322975.6
1784952000,0.34339,0.3436,0.33686,0.33724,181239.2
1784966400,0.33714,0.33769,0.33485,0.33615,123965.6
1784980800,0.33616,0.34,0.33551,0.33917,84666.0
1784995200,0.33938,0.34148,0.33695,0.33864,124692.9
1785009600,0.33872,0.34194,0.33868,0.33907,52785.9
1785024000,0.33904,0.34222,0.33749,0.34143,103327.0
1785038400,0.34173,0.34337,0.33929,0.34218,75588.4
1785052800,0.34184,0.34374,0.33974,0.34103,104314.8
1785067200,0.34119,0.34645,0.34057,0.34625,147898.3
1785081600,0.34646,0.34737,0.34239,0.34373,117061.5
1785096000,0.34418,0.35243,0.34309,0.35017,172520.6
1785110400,0.35049,0.35203,0.34755,0.35037,217503.0
1785124800,0.35028,0.35182,0.34875,0.34905,111528.4
1785139200,0.34909,0.35179,0.34754,0.34796,66572.2
1785153600,0.34785,0.3506,0.33611,0.33651,177029.4
1785168000,0.33627,0.34016,0.3355,0.3399,105429.2
1785182400,0.33991,0.34061,0.32165,0.32546,309204.8
1785196800,0.32547,0.33136,0.32398,0.33068,91926.7
1785211200,0.33053,0.33348,0.3282,0.33111,147249.4
1785225600,0.33109,0.33255,0.32661,0.32816,240372.3
1785240000,0.32767,0.3344,0.32398,0.33171,178908.2
1785254400,0.33143,0.33303,0.32846,0.33084,64600.1
1785268800,0.33138,0.33203,0.32543,0.32858,106445.5
1785283200,0.32857,0.33021,0.31639,0.3169,190022.6
1785297600,0.31681,0.32098,0.31471,0.31972,273612.7
1785312000,0.32002,0.32018,0.31514,0.31728,92117.0
1785326400,0.31734,0.31802,0.31339,0.31472,120250.8
1785340800,0.31504,0.32144,0.3124,0.31257,200110.4
1785355200,0.31224,0.32185,0.3098,0.32161,343317.7
1785369600,0.32202,0.32512,0.32013,0.32084,134385.4
1785384000,0.32087,0.32092,0.31802,0.3189,70557.1
1785398400,0.31849,0.32152,0.31787,0.31906,224251.0
1785412800,0.31926,0.32251,0.31872,0.32095,208862.5
1785427200,0.32109,0.33219,0.32109,0.33065,225173.2
1785441600,0.3309,0.33348,0.32682,0.32743,108355.8
1785456000,0.32761,0.32918,0.32156,0.32356,231537.8
1785470400,0.32332,0.32343,0.31834,0.32106,159066.8
1785484800,0.3208,0.32169,0.31697,0.31839,70450.2
1785499200,0.3182,0.32207,0.31564,0.31973,218584.3
1785513600,0.31991,0.32174,0.31761,0.31859,178257.2
1785528000,0.31852,0.32013,0.31729,0.32013,50963.4
1785542400,0.32033,0.32559,0.32022,0.32409,197970.2
1785556800,0.32415,0.328,0.32298,0.32635,227735.4
1785571200,0.32646,0.33237,0.32599,0.33072,170237.1
1785585600,0.33039,0.33141,0.3274,0.32787,194396.3
1785600000,0.32783,0.33025,0.31717,0.31918,267454.8
1785614400,0.31867,0.32236,0.31853,0.32025,71106.4
1785628800,0.32037,0.33057,0.32037,0.32959,108256.5
1785643200,0.32984,0.33223,0.32895,0.33032,120303.8
1785657600,0.33042,0.33068,0.32604,0.32664,147285.8
1785672000,0.32706,0.32914,0.32592,0.32679,60469.3
1785686400,0.32651,0.33168,0.32573,0.33058,60986.6
1785700800,0.33065,0.33249,0.32872,0.32913,90542.4
1785715200,0.32914,0.32979,0.32353,0.32489,188708.9
1785729600,0.3247,0.3287,0.3247,0.32702,61271.5
1785744000,0.32703,0.33238,0.32654,0.33126,197752.1
1785758400,0.3314,0.33722,0.33062,0.33604,286071.7
1785772800,0.33613,0.3427,0.33606,0.33821,373038.9
1785787200,0.33845,0.34327,0.3362,0.33978,141699.0
1785801600,0.33945,0.34022,0.33558,0.3392,110364.1
1785816000,0.33905,0.34111,0.33402,0.33654,112505.2
1785830400,0.33645,0.33792,0.33439,0.33751,173548.2
1785844800,0.33742,0.33771,0.33324,0.335,123180.7
1785859200,0.33495,0.33788,0.33413,0.33753,49146.2
1785873600,0.33724,0.34024,0.33591,0.33693,68197.1
1785888000,0.33694,0.34267,0.3342,0.34097,122301.3
1785902400,0.34104,0.34195,0.33912,0.34104,79863.3
1785916800,0.34136,0.3436,0.33713,0.33763,112561.7
1785931200,0.3374,0.33896,0.33229,0.33393,228609.5
1785945600,0.33402,0.3382,0.33396,0.33485,153944.1
1785960000,0.33477,0.33653,0.3336,0.33523,132262.7
1785974400,0.3355,0.33607,0.33041,0.3326,133957.7
1785988800,0.33278,0.33814,0.33245,0.33564,63217.8
1786003200,0.33556,0.33569,0.32388,0.32651,814654.4
1786017600,0.32664,0.33197,0.32585,0.32944,217462.5
1786032000,0.32955,0.33121,0.32748,0.329,66687.1
1786046400,0.32951,0.34162,0.32916,0.33643,358199.6
1786060800,0.33662,0.33782,0.33158,0.33166,113108.0
1786075200,0.33145,0.33417,0.33081,0.33102,133355.1
1786089600,0.33081,0.33176,0.32792,0.32976,81813.1
1786104000,0.32977,0.33076,0.32502,0.32801,226983.9
1786118400,0.32792,0.32829,0.32336,0.32686,71445.7
1786132800,0.32689,0.33028,0.32482,0.32591,98091.6
1786147200,0.32598,0.32874,0.32457,0.3282,227346.6
1786161600,0.32807,0.33063,0.32716,0.3291,81432.0
1786176000,0.32892,0.33148,0.328,0.32804,57019.5
1786190400,0.32791,0.32981,0.32758,0.32901,74380.4
1786204800,0.32897,0.33083,0.32731,0.32738,52809.2
1786219200,0.32723,0.33,0.32589,0.32773,79913.5
1786233600,0.32771,0.32935,0.32579,0.32619,39987.8
1786248000,0.32622,0.32885,0.32561,0.32779,52555.8
1786262400,0.32783,0.32865,0.32548,0.32563,79469.9
1786276800,0.32569,0.33036,0.32569,0.32992,69922.5
1786291200,0.33038,0.33081,0.32696,0.32856,50949.9
1786305600,0.32892,0.32999,0.31937,0.32054,224827.6
1786320000,0.32032,0.32426,0.31934,0.32097,130591.0
1786334400,0.32133,0.33176,0.31916,0.33078,331270.5
1786348800,0.33063,0.33214,0.32682,0.33104,101826.6
1786363200,0.33105,0.33122,0.32373,0.32556,338498.5
1786377600,0.32489,0.32763,0.32346,0.32488,77331.4
1786392000,0.32537,0.32578,0.31994,0.3228,130624.1
1786406400,0.32278,0.32388,0.31972,0.31972,192548.3
1786420800,0.31973,0.31994,0.31481,0.31757,222972.5
1786435200,0.31757,0.31943,0.31597,0.31645,211114.2
1786449600,0.31662,0.317,0.30418,0.30708,680733.4
1786464000,0.30677,0.31098,0.30622,0.31091,133065.1
1786478400,0.31068,0.31362,0.31068,0.31359,262340.9
1786492800,0.31334,0.31437,0.31091,0.31122,660725.2
1786507200,0.31105,0.31145,0.30441,0.30624,207580.6
1786521600,0.30606,0.30957,0.30466,0.30957,123313.5
1786536000,0.30963,0.31115,0.30581,0.30781,258341.5
1786550400,0.30764,0.30828,0.30372,0.30485,126801.3
1786564800,0.30489,0.30659,0.29726,0.30369,309696.3
1786579200,0.30344,0.30772,0.30342,0.30717,101631.1
1786593600,0.30721,0.31178,0.30579,0.30924,126599.9
1786608000,0.3093,0.3132,0.30761,0.30791,75750.6
1786622400,0.30788,0.31306,0.30735,0.30982,345131.4
1786636800,0.31014,0.31285,0.3073,0.31094,100825.2
1786651200,0.31097,0.31115,0.30882,0.31062,72509.2
1786665600,0.31051,0.31372,0.30886,0.30904,185744.9
1786680000,0.30909,0.31034,0.30556,0.306,487676.5
1786694400,0.3059,0.30754,0.30193,0.30233,130739.9
1786708800,0.30255,0.30399,0.30027,0.30345,172093.0
1786723200,0.30341,0.30478,0.30172,0.30312,97218.1
1786737600,0.30315,0.30799,0.30143,0.3076,101704.8
1786752000,0.3079,0.31282,0.30676,0.31069,551294.7
1786766400,0.31095,0.31113,0.30671,0.30703,166740.7
1786780800,0.30674,0.30915,0.30552,0.30607,79974.9
1786795200,0.30609,0.30612,0.30276,0.30515,190177.5
1786809600,0.30519,0.30519,0.30284,0.30374,36487.7
1786824000,0.30354,0.30537,0.30063,0.30094,137507.0
1786838400,0.30102,0.30191,0.29834,0.29936,149971.7
1786852800,0.29936,0.30226,0.29881,0.30205,58800.4
1786867200,0.30172,0.30375,0.30014,0.30272,163932.7
1786881600,0.30268,0.3107,0.30167,0.31032,134409.7
1786896000,0.31088,0.31132,0.30591,0.30682,120200.6
1786910400,0.30674,0.30703,0.29515,0.30065,740699.9
1786924800,0.3007,0.30272,0.29925,0.30122,210653.1
1786939200,0.3012,0.30472,0.3012,0.30166,64130.5
1786953600,0.30173,0.3022,0.29923,0.30068,129740.1
1786968000,0.30086,0.30145,0.29838,0.30117,61287.1
1786982400,0.30127,0.30258,0.3,0.30247,57825.2
1786996800,0.30261,0.30478,0.30195,0.30277,63990.1
1787011200,0.30289,0.30363,0.29266,0.29428,297597.9
1787025600,0.29416,0.30147,0.29353,0.29939,346853.1
1787040000,0.29921,0.30125,0.29823,0.30028,192108.7
1787054400,0.30015,0.30346,0.29977,0.30237,128489.0
1787068800,0.30259,0.3032,0.29899,0.29899,92191.8
1787083200,0.29903,0.30011,0.29789,0.29874,53576.2
1787097600,0.29875,0.30131,0.29748,0.3008,117521.8
1787112000,0.30079,0.30087,0.29677,0.30087,95849.6
1787126400,0.30082,0.30638,0.30074,0.30604,272606.0
1787140800,0.30619,0.31699,0.30396,0.31178,540839.0
1787155200,0.31189,0.32309,0.31091,0.32123,390876.4
1787169600,0.32146,0.33718,0.32032,0.32371,920125.8
1787184000,0.32356,0.32598,0.32041,0.32049,210457.6
1787198400,0.32068,0.32398,0.31999,0.32359,153139.6
1787212800,0.32378,0.33486,0.32369,0.33271,369756.1
1787227200,0.33256,0.33973,0.32838,0.33945,376111.5
1787241600,0.33938,0.34448,0.33369,0.33535,600348.6
1787256000,0.33543,0.34572,0.33543,0.34405,101299.9
1787270400,0.34406,0.34553,0.34015,0.34283,137085.2
1787284800,0.34302,0.35705,0.34207,0.35684,740361.2
1787299200,0.35681,0.37542,0.35189,0.37184,828293.5
1787313600,0.37221,0.39378,0.36968,0.38745,744232.5
1787328000,0.38901,0.39607,0.37545,0.38229,658829.7
1787342400,0.38257,0.3998,0.38191,0.39478,1279883.2
1787356800,0.39484,0.42022,0.39099,0.41719,806546.6
1787371200,0.41747,0.42304,0.32873,0.39085,3321307.8999999999
1787385600,0.39077,0.39587,0.37144,0.38459,461238.1
1787400000,0.38346,0.3883,0.37474,0.37512,930644.8
1787414400,0.37503,0.38558,0.37395,0.37998,1653288.1000000001
1787428800,0.38006,0.38165,0.36757,0.3767,3346597.7000000002
1787443200,0.37729,0.38382,0.36148,0.36308,335245.8
1787457600,0.36225,0.36634,0.35658,0.36479,787843.9
1787472000,0.36427,0.37982,0.36388,0.37826,501381.6
1787486400,0.37827,0.39099,0.37316,0.38558,441008.0
1787500800,0.38706,0.38737,0.37934,0.37956,193948.2
1787515200,0.37983,0.38703,0.37779,0.38043,98535.6
1787529600,0.38022,0.3803,0.36859,0.36965,163572.6
1787544000,0.37088,0.37721,0.37015,0.37209,153185.9
1787558400,0.37219,0.37743,0.36731,0.37595,296603.4
1787572800,0.37579,0.38044,0.3656,0.37298,994368.7
1787587200,0.37452,0.37982,0.36554,0.36769,444141.1
1787601600,0.3681,0.37423,0.36606,0.37232,195132.7
1787616000,0.37155,0.38333,0.36974,0.37857,170663.3
1787630400,0.37907,0.38534,0.36864,0.37208,893354.7
1787644800,0.37163,0.37587,0.3678,0.36841,123690.8
1787659200,0.36814,0.36814,0.35891,0.36597,701732.8
1787673600,0.36652,0.37112,0.36164,0.36219,200876.2
1787688000,0.36238,0.36238,0.33792,0.3504,3062304.2999999998
1787702400,0.35025,0.35662,0.3481,0.35313,191513.0
1787716800,0.35264,0.35589,0.35063,0.35232,75540.8
1787731200,0.35232,0.35457,0.3463,0.35083,174170.8
1787745600,0.35098,0.35468,0.3429,0.34575,323163.5
1787760000,0.34605,0.35189,0.34358,0.34656,188742.4
1787774400,0.34649,0.35961,0.34325,0.3592,308015.7
1787788800,0.35901,0.35946,0.35116,0.35206,220764.4
1787803200,0.35231,0.35353,0.3484,0.35313,194602.8
1787817600,0.35314,0.36001,0.34933,0.35303,252975.4
1787832000,0.35307,0.36138,0.35204,0.36001,418936.4
1787846400,0.35992,0.36409,0.35635,0.35814,152476.5
1787860800,0.35819,0.35977,0.35515,0.35669,153530.8
1787875200,0.35652,0.36585,0.34791,0.34976,374905.3
1787889600,0.34947,0.35747,0.3467,0.35293,100358.9
1787904000,0.35314,0.35499,0.34641,0.35089,106797.0
1787918400,0.35153,0.35616,0.34488,0.34488,300552.0
1787932800,0.34499,0.34533,0.33424,0.34014,457249.8
1787947200,0.34013,0.34175,0.33725,0.34123,26504.2
1787961600,0.34109,0.3429,0.33928,0.3394,252474.3
1787976000,0.3394,0.34385,0.33933,0.33984,398672.3
1787990400,0.33964,0.33989,0.33513,0.33628,76141.8
1788004800,0.33644,0.34279,0.3364,0.33936,303255.4
1788019200,0.33941,0.34135,0.33652,0.3385,59518.3
1788033600,0.33867,0.33977,0.3373,0.33788,23793.2
1788048000,0.33807,0.33899,0.33409,0.33509,148592.6
1788062400,0.33523,0.33696,0.33134,0.33483,286377.8
1788076800,0.33471,0.34071,0.33446,0.33974,36493.0
1788091200,0.33981,0.34498,0.33831,0.33915,86409.8
1788105600,0.33949,0.345,0.33916,0.34047,70856.0
1788120000,0.34089,0.34234,0.319,0.32494,332554.8
1788134400,0.32418,0.32905,0.32219,0.32754,204566.5
1788148800,0.32739,0.32857,0.32464,0.32767,202276.7
1788163200,0.32723,0.32937,0.32575,0.32641,163871.3
1788177600,0.32622,0.3287,0.32324,0.32433,110321.5
1788192000,0.32461,0.33246,0.32359,0.33076,122265.3
1788206400,0.33076,0.33889,0.33009,0.33627,233624.5
1788220800,0.33647,0.34277,0.33529,0.3398,109165.8
1788235200,0.33969,0.34229,0.33848,0.34079,174103.9
1788249600,0.34091,0.35239,0.33303,0.34943,295439.6
1788264000,0.34971,0.35928,0.3427,0.34776,574306.5
1788278400,0.34769,0.35096,0.3385,0.35027,468557.8
1788292800,0.35097,0.35475,0.34691,0.3546,218882.4
1788307200,0.35483,0.35752,0.34423,0.35735,164408.3
1788321600,0.35658,0.36186,0.3547,0.36074,136134.6
1788336000,0.36089,0.36198,0.34951,0.35482,311978.3
1788350400,0.35516,0.35605,0.34546,0.34909,156138.4
1788364800,0.34836,0.35686,0.34777,0.35374,144663.7
1788379200,0.35362,0.35867,0.35113,0.35563,75973.3
1788393600,0.3552,0.35863,0.34955,0.35698,181837.6
1788408000,0.35795,0.36449,0.35573,0.36026,73622.7
1788422400,0.36099,0.37349,0.36099,0.36488,153530.2
1788436800,0.36439,0.36998,0.35953,0.36911,284751.2
1788451200,0.3691,0.37493,0.36462,0.37035,192037.2
1788465600,0.37095,0.37294,0.36357,0.3664,131559.9
1788480000,0.3663,0.3675,0.36073,0.36244,105614.3
1788494400,0.3623,0.36474,0.35558,0.35753,255556.8
1788508800,0.35781,0.36427,0.35673,0.36126,552979.5
1788523200,0.36175,0.36175,0.34397,0.3491,722735.4
1788537600,0.34905,0.35428,0.34819,0.35247,98243.2
1788552000,0.3525,0.3529,0.34737,0.35031,54392.0
1788566400,0.34989,0.35776,0.34945,0.35721,228431.5
1788580800,0.3572,0.36945,0.3572,0.36477,375938.0
1788595200,0.36466,0.36567,0.36094,0.36211,66288.5
1788609600,0.36225,0.36822,0.36162,0.36338,51698.8
1788624000,0.36326,0.37482,0.36236,0.37355,173195.3
1788638400,0.37366,0.38674,0.37139,0.37904,599652.6
1788652800,0.37911,0.387,0.37715,0.38269,359310.2
1788667200,0.38283,0.38944,0.37775,0.38929,203162.5
1788681600,0.38909,0.40497,0.38163,0.40142,4314461.7000000002
1788696000,0.4023,0.40285,0.38426,0.3963,887876.4
1788710400,0.39637,0.40929,0.39191,0.40922,822382.0
1788724800,0.40855,0.44701,0.40645,0.44293,1484963.2
1788739200,0.44273,0.48071,0.42383,0.42604,2594635.5
1788753600,0.42637,0.43733,0.42335,0.42579,548061.0
1788768000,0.42626,0.43846,0.42431,0.42556,404001.1
1788782400,0.42641,0.44129,0.4175,0.42167,2429911.5
1788796800,0.42186,0.43927,0.42167,0.42902,523002.3
1788811200,0.42845,0.43288,0.42125,0.42768,288321.5
1788825600,0.4274,0.4343,0.42475,0.43095,168627.0
1788840000,0.43063,0.43198,0.41891,0.42181,311496.6
1788854400,0.42177,0.43009,0.41564,0.41944,433136.0
1788868800,0.41911,0.42183,0.40854,0.41826,649254.1
1788883200,0.41856,0.42109,0.4067,0.40838,378568.0
1788897600,0.40938,0.41331,0.40788,0.40999,85374.2
1788912000,0.4096,0.41333,0.40326,0.40642,311292.9
1788926400,0.40641,0.41333,0.40631,0.40963,114247.6
1788940800,0.40944,0.4124,0.39714,0.40143,370525.1
1788955200,0.40151,0.40233,0.38775,0.39013,291178.5
1788969600,0.39024,0.39685,0.38776,0.3882,529570.7
1788984000,0.38835,0.39174,0.37494,0.38082,387938.6
1788998400,0.38097,0.38211,0.3723,0.38071,206875.9
1789012800,0.38089,0.38537,0.37784,0.37869,115355.4
1789027200,0.37851,0.38286,0.37668,0.37962,78091.7
1789041600,0.38053,0.38207,0.36679,0.3749,542275.8
1789056000,0.37497,0.37982,0.36654,0.37511,593355.4
1789070400,0.37533,0.37869,0.36826,0.36838,84139.5
1789084800,0.36835,0.37447,0.36767,0.37241,830421.3
1789099200,0.37225,0.37406,0.36791,0.36806,208395.4
1789113600,0.36808,0.37067,0.3584,0.36199,282776.0
1789128000,0.36189,0.38261,0.35258,0.36656,1434788.6000000001
1789142400,0.36706,0.37144,0.35597,0.35942,355163.2
1789156800,0.36018,0.36146,0.35065,0.35356,1000681.1
1789171200,0.35359,0.35867,0.35345,0.35802,86384.3
1789185600,0.35792,0.3607,0.35555,0.36026,224361.9
1789200000,0.36015,0.36229,0.35757,0.36056,194391.3
1789214400,0.36053,0.36072,0.35682,0.35812,94264.7
1789228800,0.35808,0.35863,0.35192,0.35328,95826.8
1789243200,0.35316,0.35429,0.34832,0.35002,175918.8
1789257600,0.35006,0.35134,0.34518,0.34757,189566.8
1789272000,0.3479,0.35222,0.34774,0.34805,210176.3
1789286400,0.348,0.35294,0.34336,0.35294,190797.7
1789300800,0.35249,0.35988,0.34974,0.35386,422532.1
1789315200,0.3538,0.36169,0.35364,0.36031,254672.4
1789329600,0.36028,0.36114,0.348,0.35095,196649.9
1789344000,0.35136,0.36013,0.34859,0.35885,374197.6
1789358400,0.35888,0.35985,0.35547,0.35764,261325.1
1789372800,0.35786,0.36067,0.35524,0.35605,355453.7
1789387200,0.35619,0.35923,0.35189,0.35707,281496.2
1789401600,0.35714,0.36587,0.35681,0.36188,357594.7
1789416000,0.36238,0.36793,0.35531,0.35616,535387.9
1789430400,0.35629,0.35799,0.34891,0.35073,749618.6
1789444800,0.35048,0.35132,0.34541,0.34601,379834.8
1789459200,0.34594,0.34787,0.33878,0.34193,239946.8
1789473600,0.34188,0.34564,0.3289,0.33605,1152072.2
1789488000,0.3356,0.33963,0.32032,0.33103,666362.8
1789502400,0.33101,0.33163,0.32368,0.32569,72775.4
1789516800,0.32532,0.32711,0.32098,0.3256,114886.6
1789531200,0.32544,0.32932,0.32385,0.32401,200679.7
1789545600,0.32386,0.33163,0.32215,0.33031,100541.1
1789560000,0.32971,0.33043,0.32271,0.3229,435617.4
1789574400,0.32288,0.33325,0.32282,0.33258,291367.4
1789588800,0.3327,0.34252,0.33151,0.34143,298623.2
1789603200,0.3411,0.34765,0.34042,0.34742,229688.8
1789617600,0.34759,0.35148,0.34458,0.34931,174697.3
1789632000,0.34933,0.35338,0.34484,0.34825,419409.0
1789646400,0.34828,0.35102,0.34223,0.34866,567692.3
1789660800,0.3488,0.357,0.34868,0.35178,2182475.0
1789675200,0.35165,0.35443,0.34643,0.35316,101447.7
1789689600,0.35296,0.38268,0.35259,0.37968,485422.8
1789704000,0.38063,0.39713,0.38024,0.39713,1928791.0
1789718400,0.39711,0.40495,0.38819,0.39446,809399.0
1789732800,0.39379,0.40494,0.39329,0.40235,374922.0
1789747200,0.40185,0.40742,0.39862,0.40632,327278.9
1789761600,0.40658,0.40997,0.40274,0.40717,606094.9
1789776000,0.40709,0.41333,0.40345,0.41256,958503.4
1789790400,0.41127,0.41272,0.40169,0.40275,616424.0
1789804800,0.40304,0.41348,0.40304,0.41227,223236.8
1789819200,0.41242,0.42317,0.41133,0.41454,6349599.0999999996
1789833600,0.4148,0.42203,0.41211,0.41988,810872.1
1789848000,0.41998,0.42899,0.41054,0.42147,510985.3
1789862400,0.42158,0.42918,0.41333,0.42739,401015.6
1789876800,0.42709,0.42882,0.41803,0.41856,265435.8
1789891200,0.41857,0.42403,0.41017,0.4132,358663.6
1789905600,0.41278,0.41568,0.4072,0.41565,195155.9
1789920000,0.41531,0.42722,0.41403,0.41948,244656.5
1789934400,0.41953,0.42548,0.4145,0.4191,155137.5
1789948800,0.41903,0.4336,0.41612,0.43317,636983.1
1789963200,0.43278,0.43278,0.42372,0.42625,411205.3
1789977600,0.42591,0.4399,0.4254,0.43415,487108.1
1789992000,0.43365,0.44718,0.43246,0.43876,1287073.3999999999
1790006400,0.43855,0.44141,0.42644,0.4321,417117.8
1790020800,0.43293,0.4395,0.42941,0.4392,354928.7
1790035200,0.43869,0.44638,0.433,0.44356,464141.7
1790049600,0.44294,0.44631,0.43009,0.44591,360458.3
1790064000,0.44594,0.45336,0.43009,0.44137,865633.7
1790078400,0.44123,0.45708,0.43699,0.4504,750909.1
1790092800,0.45035,0.49728,0.44405,0.49702,2886034.3999999999
1790107200,0.49711,0.5227,0.47756,0.5211,3243434.6000000001
1790121600,0.52043,0.52383,0.49603,0.51509,1747019.3
1790136000,0.51559,0.52147,0.50396,0.51894,831385.8
1790150400,0.51914,0.53865,0.5123,0.51428,1988154.0
1790164800,0.51435,0.51769,0.46435,0.46551,3941251.7000000002
1790179200,0.46579,0.47458,0.45692,0.459,849471.7
1790193600,0.45921,0.46639,0.45594,0.4605,193402.6
1790208000,0.46099,0.47425,0.45725,0.46521,244562.9
1790222400,0.46469,0.48315,0.46081,0.47599,1046572.3
1790236800,0.47537,0.47547,0.45117,0.46058,730403.0
1790251200,0.46054,0.49342,0.45627,0.48594,937079.5
1790265600,0.48578,0.50166,0.47928,0.49355,698590.6
1790280000,0.4926,0.4999,0.4852,0.48873,202284.1
1790294400,0.48868,0.49301,0.48041,0.48369,297667.0
1790308800,0.48376,0.49094,0.48152,0.48844,191666.0
1790323200,0.48843,0.50653,0.4867,0.50047,1875831.0
1790337600,0.50236,0.50537,0.48573,0.49016,1403321.6000000001
1790352000,0.49075,0.49596,0.47932,0.4902,539027.5
1790366400,0.48974,0.50144,0.4852,0.49575,332558.7
1790380800,0.4953,0.4999,0.48545,0.48781,104506.7
1790395200,0.48778,0.4922,0.48428,0.48939,78497.3
1790409600,0.4896,0.50138,0.48479,0.50039,258491.7
1790424000,0.5004,0.51623,0.49677,0.5106,349928.6
1790438400,0.51055,0.51413,0.49798,0.49841,226659.2
1790452800,0.4987,0.49876,0.48295,0.49365,245821.2
1790467200,0.49293,0.49472,0.48874,0.49075,64089.2
1790481600,0.49072,0.50576,0.4843,0.50493,233948.5
1790496000,0.50531,0.50531,0.49452,0.49613,281885.4
1790510400,0.49604,0.5037,0.48843,0.49322,355805.5
1790524800,0.49336,0.50903,0.49167,0.50511,263928.0
1790539200,0.50535,0.51387,0.49153,0.51082,437948.3
1790553600,0.51028,0.51224,0.47033,0.47515,572766.9
1790568000,0.47565,0.48136,0.46147,0.46167,323485.5
1790582400,0.46144,0.46692,0.45827,0.46411,265017.8
1790596800,0.4641,0.47247,0.44043,0.44782,795928.2
1790611200,0.44721,0.45928,0.44275,0.44792,590193.9
1790625600,0.44848,0.45243,0.43643,0.44874,279192.4
1790640000,0.44893,0.45022,0.4245,0.43057,604645.5
1790654400,0.43014,0.44653,0.42735,0.44572,332546.0
1790668800,0.44568,0.46639,0.44234,0.46585,824116.4
1790683200,0.46589,0.46935,0.44684,0.4482,504705.4
1790697600,0.44867,0.45056,0.43576,0.44296,307265.0
1790712000,0.44256,0.4519,0.43846,0.44107,152931.6
1790726400,0.44105,0.44931,0.4377,0.44251,136431.7
1790740800,0.44275,0.44637,0.43469,0.43997,147123.8
1790755200,0.43999,0.45292,0.43812,0.44727,430003.2
1790769600,0.44732,0.46081,0.43567,0.44327,1334168.7
1790784000,0.44366,0.45182,0.43527,0.43967,348415.1
1790798400,0.43976,0.44405,0.43401,0.44258,714285.4
1790812800,0.44256,0.45801,0.43719,0.45801,344462.6
1790827200,0.45801,0.45801,0.44206,0.44421,314885.3
1790841600,0.44401,0.447,0.43087,0.43754,284000.6
1790856000,0.43753,0.43884,0.42437,0.42941,272655.6
1790870400,0.42965,0.43341,0.42136,0.43207,1301724.2
1790884800,0.43227,0.43538,0.42574,0.42885,972079.7
1790899200,0.42881,0.43959,0.42819,0.43547,183414.0
1790913600,0.43544,0.47326,0.435,0.4696,1143851.6000000001
1790928000,0.46966,0.475,0.46,0.47301,499638.9
1790942400,0.47281,0.49219,0.45466,0.45931,2501606.3999999999
1790956800,0.45951,0.46639,0.42736,0.44041,920576.3
1790971200,0.43961,0.44823,0.43331,0.44737,531563.9
1790985600,0.44744,0.45522,0.44691,0.45071,370405.3
1791000000,0.4506,0.45094,0.44305,0.4446,305055.4
1791014400,0.44481,0.46552,0.44246,0.46276,306325.4
1791028800,0.46272,0.48188,0.45552,0.48054,1171414.2
1791043200,0.48025,0.48127,0.46717,0.47031,634991.0
1791057600,0.47058,0.47406,0.46688,0.47368,352336.1
1791072000,0.47347,0.47579,0.46647,0.46912,256475.4
1791086400,0.46909,0.48904,0.46879,0.47804,655503.8
1791100800,0.478,0.47982,0.47111,0.47242,212580.4
