t,o,h,l,c,v
1719100800,2.5817,2.6249,2.5777,2.6216,3182.4
1719115200,2.6208,2.6217,2.6016,2.6168,4220.8
1719129600,2.6158,2.6207,2.5646,2.5729,5303.9
1719144000,2.5696,2.5766,2.5196,2.5278,4360.5
1719158400,2.5315,2.5355,2.5015,2.5178,11528.2
1719172800,2.5149,2.5248,2.4605,2.4837,9104.1
1719187200,2.4907,2.5158,2.4681,2.4826,5380.2
1719201600,2.4814,2.4856,2.3779,2.4234,23091.6
1719216000,2.4256,2.4661,2.3362,2.4225,17833.4
1719230400,2.4214,2.479,2.4164,2.4274,5253.1
1719244800,2.4343,2.4686,2.4176,2.4268,27231.1
1719259200,2.4387,2.5234,2.4083,2.5146,14753.6
1719273600,2.5126,2.5737,2.5108,2.5644,5375.2
1719288000,2.567,2.5999,2.5506,2.5541,8983.2
1719302400,2.5549,2.6081,2.549,2.6028,4586.7
1719316800,2.6002,2.6633,2.5948,2.6449,4399.7
1719331200,2.6449,2.646,2.6058,2.6114,5004.8
1719345600,2.61,2.6143,2.586,2.5884,5019.9
1719360000,2.5896,2.6341,2.5728,2.6023,6379.0
1719374400,2.6014,2.6022,2.566,2.5837,88271.2
1719388800,2.5839,2.7643,2.5579,2.6305,64801.6
1719403200,2.6366,2.7429,2.6073,2.6249,64173.1
1719417600,2.6251,2.6624,2.5929,2.658,32759.7
1719432000,2.657,2.6708,2.6215,2.636,31244.6
1719446400,2.6243,2.6243,2.5813,2.6011,7986.1
1719460800,2.6028,2.6036,2.5603,2.5923,9694.0
1719475200,2.5893,2.6317,2.5673,2.5673,19087.2
1719489600,2.5671,2.6384,2.5563,2.6024,8118.2
1719504000,2.6033,2.6277,2.5924,2.6222,3008.5
1719518400,2.6232,2.6232,2.6034,2.6048,3971.7
1719532800,2.6061,2.6538,2.6023,2.6187,14237.8
1719547200,2.6186,2.6198,2.5846,2.605,3151.0
1719561600,2.601,2.6522,2.6003,2.6395,3527.3
1719576000,2.641,2.6637,2.6064,2.6294,16292.5
1719590400,2.6271,2.6271,2.5636,2.5715,4955.0
1719604800,2.5752,2.5837,2.4938,2.4947,13131.2
1719619200,2.4961,2.5071,2.4642,2.47,5729.5
1719633600,2.4736,2.4736,2.4022,2.4549,12983.2
1719648000,2.4499,2.4567,2.4156,2.4197,3775.4
1719662400,2.4206,2.4429,2.3896,2.4087,8815.9
1719676800,2.4081,2.4081,2.3334,2.3507,4927.1
1719691200,2.3482,2.3828,2.3345,2.3547,4924.8
1719705600,2.3547,2.3892,2.349,2.3589,3438.9
1719720000,2.3589,2.397,2.3318,2.3818,19569.1
1719734400,2.3813,2.4174,2.3636,2.3729,10578.0
1719748800,2.3741,2.3961,2.3489,2.367,4254.9
1719763200,2.3658,2.393,2.3516,2.3806,8727.7
1719777600,2.3798,2.4408,2.3626,2.4297,4941.7
1719792000,2.4337,2.4741,2.4098,2.4493,14180.5
1719806400,2.449,2.461,2.4319,2.4404,11683.4
1719820800,2.442,2.4521,2.399,2.4054,4925.0
1719835200,2.4069,2.4131,2.3566,2.4003,12225.0
1719849600,2.4036,2.44,2.3989,2.4022,8614.4
1719864000,2.4019,2.4117,2.3508,2.3528,4475.7
1719878400,2.3547,2.3782,2.3438,2.3656,3069.0
1719892800,2.3628,2.3849,2.3407,2.3432,3967.5
1719907200,2.3428,2.3577,2.3113,2.3344,27434.0
1719921600,2.3311,2.372,2.3072,2.3255,23569.2
1719936000,2.3202,2.3227,2.2571,2.2879,20946.2
1719950400,2.2896,2.3083,2.2806,2.2981,6836.4
1719964800,2.2956,2.3109,2.2274,2.2598,7925.4
1719979200,2.2579,2.2987,2.2475,2.2914,3290.4
1719993600,2.29,2.2997,2.2234,2.2474,6560.2
1720008000,2.2485,2.2886,2.2256,2.2544,10606.7
1720022400,2.2535,2.2763,2.2154,2.2327,6742.9
1720036800,2.2371,2.257,2.2171,2.2397,27343.3
1720051200,2.2388,2.2529,2.106,2.1657,49832.1
1720065600,2.1689,2.195,2.1458,2.1666,5036.2
1720080000,2.166,2.1798,2.1226,2.1265,17965.6
1720094400,2.1256,2.1281,2.0515,2.1165,10503.3
1720108800,2.1122,2.114,2.0679,2.068,17017.4
1720123200,2.0692,2.0958,1.9605,1.9764,13058.6
1720137600,1.9763,1.9763,1.7127,1.7405,136089.6
1720152000,1.7433,1.8051,1.6879,1.7557,35730.1
1720166400,1.7515,1.8268,1.6986,1.8208,13501.3
1720180800,1.8186,1.8669,1.8012,1.8575,18676.0
1720195200,1.8529,1.8714,1.83,1.8515,14842.9
1720209600,1.8505,1.8539,1.8233,1.8314,7037.7
1720224000,1.83,1.8936,1.8229,1.8417,26187.4
1720238400,1.8425,1.905,1.8382,1.8996,7041.5
1720252800,1.8993,1.9171,1.8668,1.904,7552.0
1720267200,1.901,1.9472,1.8919,1.9422,7781.3
1720281600,1.9402,2.0703,1.9375,2.0639,5665.0
1720296000,2.0638,2.0803,2.0551,2.0579,4398.4
1720310400,2.0566,2.0575,2.0099,2.0269,11365.9
1720324800,2.0284,2.0294,1.9816,2.001,7884.2
1720339200,2.0015,2.0222,1.9943,2.0182,5411.9
1720353600,2.0194,2.0333,1.9354,1.9629,10879.2
1720368000,1.9635,2.0103,1.9595,1.9832,9144.1
1720382400,1.9835,1.9885,1.9071,1.9195,11397.7
1720396800,1.9205,1.9433,1.8416,1.9255,30620.6
1720411200,1.9235,1.9702,1.9178,1.9451,8167.6
1720425600,1.9408,2.0691,1.9408,2.0506,7096.1
1720440000,2.0491,2.054,1.9439,1.9831,23250.7
1720454400,1.981,1.9975,1.9571,1.9859,8337.1
1720468800,1.9865,2.0043,1.9685,1.9927,12034.0
1720483200,1.9923,2.0341,1.9782,2.006,31848.8
1720497600,2.0085,2.0382,1.9971,2.0302,4741.7
1720512000,2.0296,2.0611,2.0161,2.0332,8758.7
1720526400,2.0327,2.07,2.0213,2.0507,9131.0
1720540800,2.0511,2.0651,2.033,2.0464,35417.2
1720555200,2.0458,2.0604,2.0354,2.0442,12222.4
1720569600,2.0444,2.0499,2.0202,2.0487,5932.4
1720584000,2.0471,2.1063,2.0471,2.0692,21295.6
1720598400,2.0691,2.0691,2.0465,2.0488,3710.2
1720612800,2.0498,2.0798,2.0259,2.0751,5944.3
1720627200,2.0743,2.1083,2.0519,2.0617,16854.0
1720641600,2.0635,2.0652,2.0402,2.0559,3910.5
1720656000,2.0559,2.0827,2.0198,2.0378,15230.5
1720670400,2.0379,2.0602,2.0331,2.0486,6170.0
1720684800,2.0491,2.0787,2.04,2.0744,3899.4
1720699200,2.0735,2.1146,2.0418,2.0493,22275.4
1720713600,2.0513,2.0726,2.0222,2.0253,20486.0
1720728000,2.0239,2.0239,1.9869,1.9955,4441.8
1720742400,1.9981,2.0209,1.973,2.0008,8961.0
1720756800,1.9981,2.0178,1.9851,2.0004,13137.2
1720771200,2.0028,2.0066,1.9581,1.965,9419.6
1720785600,1.9655,2.0224,1.9601,2.0101,7158.3
1720800000,2.0094,2.0445,2.002,2.0212,10567.6
1720814400,2.0231,2.0299,2.0011,2.0212,17374.3
1720828800,2.0243,2.0544,2.0243,2.0325,6465.1
1720843200,2.0337,2.0624,2.0275,2.0613,4207.4
1720857600,2.0623,2.0765,2.047,2.0499,3718.8
1720872000,2.0501,2.0695,2.0392,2.0668,7067.0
1720886400,2.0678,2.0962,2.0626,2.0898,12443.0
1720900800,2.0873,2.1152,2.0669,2.092,11921.4
1720915200,2.0934,2.1279,2.0831,2.109,9409.9
1720929600,2.1064,2.1231,2.0668,2.0668,7933.9
1720944000,2.068,2.0751,2.0438,2.052,3786.4
1720958400,2.0507,2.058,2.029,2.0557,3739.4
1720972800,2.0538,2.0591,2.0317,2.038,3377.7
1720987200,2.0379,2.1018,2.037,2.0892,7265.3
1721001600,2.0887,2.143,2.0842,2.14,5297.2
1721016000,2.1402,2.167,2.1344,2.1587,6519.8
1721030400,2.159,2.1673,2.1249,2.1337,4746.2
1721044800,2.1334,2.138,2.1071,2.1176,12807.1
1721059200,2.119,2.1799,2.113,2.1709,5197.2
1721073600,2.1691,2.2109,2.1577,2.2076,7562.6
1721088000,2.2119,2.2258,2.1981,2.2089,5793.2
1721102400,2.2073,2.2179,2.1256,2.1285,7858.1
1721116800,2.1312,2.1779,2.1111,2.1676,16312.2
1721131200,2.1713,2.2639,2.157,2.2599,15322.2
1721145600,2.2625,2.2758,2.2447,2.2516,20629.4
1721160000,2.2496,2.2557,2.2212,2.2358,3992.5
1721174400,2.2369,2.304,2.2369,2.2791,7002.7
1721188800,2.2793,2.3814,2.278,2.3235,10917.1
1721203200,2.323,2.341,2.286,2.2916,5813.0
1721217600,2.2909,2.4553,2.2855,2.3645,22601.5
1721232000,2.3618,2.3962,2.273,2.371,10312.3
1721246400,2.3697,2.3991,2.3197,2.3224,8486.8
1721260800,2.3215,2.3711,2.3182,2.3436,7573.0
1721275200,2.3443,2.3443,2.2826,2.2826,16423.5
1721289600,2.2857,2.304,2.2404,2.2577,25973.1
1721304000,2.2617,2.2949,2.2036,2.2064,4683.9
1721318400,2.2051,2.2337,2.1825,2.2037,9348.0
1721332800,2.202,2.2309,2.1889,2.2267,6030.2
1721347200,2.2272,2.23,2.1533,2.2105,8231.0
1721361600,2.2142,2.2285,2.1787,2.1799,3056.5
1721376000,2.1804,2.1822,2.1389,2.1755,5274.2
1721390400,2.1763,2.267,2.1629,2.2587,7122.7
1721404800,2.2641,2.3607,2.2617,2.3426,20420.1
1721419200,2.3426,2.5622,2.3378,2.4446,54620.3
1721433600,2.4325,2.5462,2.4091,2.4725,25815.5
1721448000,2.4756,2.4919,2.4405,2.4564,17989.2
1721462400,2.4498,2.4589,2.3827,2.3827,5312.4
1721476800,2.3833,2.4112,2.371,2.3833,13351.7
1721491200,2.3838,2.4042,2.3637,2.3792,17569.8
1721505600,2.3784,2.3992,2.375,2.3842,8543.9
1721520000,2.3842,2.4321,2.3653,2.414,6233.3
1721534400,2.4157,2.4882,2.3951,2.4048,22015.9
1721548800,2.398,2.4343,2.3518,2.4168,24977.6
1721563200,2.4139,2.4235,2.3573,2.3824,18743.0
1721577600,2.3824,2.5338,2.3029,2.5286,13696.6
1721592000,2.5239,2.5245,2.4634,2.4842,26807.4
1721606400,2.4814,2.5116,2.4446,2.4707,12961.4
1721620800,2.4667,2.4939,2.3977,2.4217,9048.9
1721635200,2.4256,2.5037,2.3904,2.4956,24646.0
1721649600,2.4857,2.5006,2.3954,2.4135,8795.9
1721664000,2.4141,2.4338,2.4016,2.4317,4391.2
1721678400,2.4329,2.4356,2.3489,2.3658,7546.9
1721692800,2.367,2.4238,2.3608,2.3978,3816.6
1721707200,2.3978,2.399,2.3245,2.3559,15026.0
1721721600,2.3556,2.4354,2.3542,2.4044,7792.6
1721736000,2.4052,2.4279,2.35,2.3724,27787.6
1721750400,2.3732,2.3809,2.3064,2.3242,14477.0
1721764800,2.3248,2.3319,2.2649,2.287,4287.3
1721779200,2.2873,2.3078,2.2446,2.2873,13548.4
1721793600,2.2855,2.3275,2.2351,2.3118,12995.7
1721808000,2.316,2.3485,2.3147,2.3298,4529.9
1721822400,2.3284,2.3394,2.2823,2.2857,6028.4
1721836800,2.2844,2.3155,2.2424,2.2448,6099.1
1721851200,2.2445,2.2575,2.1664,2.1886,7845.5
1721865600,2.191,2.2076,2.1191,2.1475,11238.8
1721880000,2.1468,2.1704,2.1339,2.1611,6360.3
1721894400,2.1601,2.1654,2.1321,2.1471,4840.7
1721908800,2.1468,2.1734,2.1064,2.1542,3965.1
1721923200,2.1534,2.1803,2.0985,2.1231,3264.9
1721937600,2.1244,2.2224,2.0885,2.2181,7146.0
1721952000,2.2209,2.4287,2.2204,2.4044,12158.4
1721966400,2.4065,2.6109,2.4054,2.5722,92837.5
1721980800,2.5692,2.6199,2.5034,2.5725,54503.4
1721995200,2.5686,2.7175,2.5097,2.639,87802.0
1722009600,2.6422,2.6896,2.5889,2.6472,29491.7
1722024000,2.64,2.6675,2.598,2.6499,15012.9
1722038400,2.6446,2.675,2.5924,2.6387,9532.1
1722052800,2.6367,2.6914,2.6163,2.6299,13458.5
1722067200,2.6317,2.6632,2.6051,2.6318,4229.6
1722081600,2.6278,2.6278,2.5267,2.5497,13791.3
1722096000,2.5503,2.5521,2.4689,2.5092,9174.7
1722110400,2.5065,2.8243,2.4875,2.5832,31325.8
1722124800,2.5819,2.6388,2.5398,2.5831,11477.1
1722139200,2.5849,2.5849,2.4647,2.5163,7873.6
1722153600,2.5244,2.573,2.4819,2.4939,9302.7
1722168000,2.4924,2.5345,2.4503,2.4618,5158.2
1722182400,2.4585,2.475,2.4514,2.4549,13222.2
1722196800,2.4548,2.4652,2.4082,2.4291,6741.7
1722211200,2.4296,2.6051,2.4296,2.5836,8185.1
1722225600,2.5901,2.593,2.5043,2.5164,5041.3
1722240000,2.5154,2.5344,2.5053,2.5235,2755.5
1722254400,2.5217,2.5488,2.464,2.4762,5463.6
1722268800,2.4736,2.5508,2.4399,2.5049,7222.6
1722283200,2.5035,2.5082,2.4591,2.4702,8904.6
1722297600,2.4676,2.5114,2.4371,2.4746,3344.7
1722312000,2.4767,2.4838,2.448,2.4543,21013.5
1722326400,2.4562,2.5181,2.4353,2.5098,7137.4
1722340800,2.5042,2.5122,2.4686,2.5077,6707.2
1722355200,2.5109,2.5694,2.4213,2.4385,11142.5
1722369600,2.445,2.4754,2.4088,2.467,4285.3
1722384000,2.467,2.5241,2.4363,2.4947,5576.4
1722398400,2.4922,2.6955,2.4696,2.6747,24575.2
1722412800,2.6764,2.7004,2.5871,2.6043,19942.4
1722427200,2.6042,2.6181,2.4696,2.4712,7158.2
1722441600,2.4709,2.5755,2.4641,2.5202,8585.8
1722456000,2.5174,2.5356,2.4628,2.5016,6692.4
1722470400,2.493,2.5023,2.4067,2.421,5879.9
1722484800,2.4249,2.5337,2.3939,2.5044,8216.8
1722499200,2.502,2.5614,2.4908,2.5284,11585.3
1722513600,2.5311,2.5845,2.466,2.4665,37362.5
1722528000,2.4575,2.4582,2.2429,2.3324,24313.0
1722542400,2.331,2.4318,2.3017,2.4198,10034.0
1722556800,2.4324,2.5481,2.4324,2.4591,19393.0
1722571200,2.4622,2.4622,2.3239,2.3668,13722.8
1722585600,2.3592,2.4247,2.3277,2.3624,11117.0
1722600000,2.3653,2.4449,2.246,2.3097,27494.5
1722614400,2.3001,2.3169,2.1909,2.2076,12219.7
1722628800,2.2072,2.2483,2.1617,2.1888,81521.4
1722643200,2.1887,2.2259,2.1321,2.1717,21391.6
1722657600,2.1765,2.2102,2.1414,2.166,5938.9
1722672000,2.1651,2.1687,2.1339,2.1576,9469.0
1722686400,2.158,2.1862,2.0826,2.084,6871.3
1722700800,2.088,2.0923,1.9604,1.9613,11286.4
1722715200,1.963,1.9791,1.9392,1.9632,6585.3
1722729600,1.9633,2.1033,1.9551,2.0741,21251.0
1722744000,2.0742,2.0843,2.0245,2.0254,15522.5
1722758400,2.0263,2.0565,2.0155,2.0302,3758.4
1722772800,2.0326,2.0749,1.9333,1.9383,18942.1
1722787200,1.9386,1.9806,1.8492,1.9687,26665.2
1722801600,1.9649,1.9885,1.8959,1.8965,5433.1
1722816000,1.8995,1.9146,1.5852,1.6502,105179.1
1722830400,1.6467,1.6687,1.4981,1.6497,96375.0
1722844800,1.6453,1.6548,1.5054,1.5417,27675.5
1722859200,1.5595,1.7303,1.5127,1.7229,42449.7
1722873600,1.7187,1.7555,1.6382,1.6722,14553.7
1722888000,1.6746,1.7027,1.6642,1.6674,5219.1
1722902400,1.6672,1.7974,1.6672,1.7583,11996.0
1722916800,1.7587,1.8402,1.7476,1.8402,14927.3
1722931200,1.8364,1.8436,1.77,1.7762,12937.8
1722945600,1.7742,1.8901,1.7675,1.8901,8861.7
1722960000,1.8921,2.0892,1.888,2.0345,42384.0
1722974400,2.0435,2.0599,1.9833,1.9989,15007.7
1722988800,1.989,1.9984,1.9356,1.9827,27294.0
1723003200,1.9813,1.9955,1.9386,1.9597,24974.6
1723017600,1.9658,1.985,1.9175,1.9185,14418.0
1723032000,1.9241,1.9444,1.8495,1.8785,18061.8
1723046400,1.8797,1.8862,1.8317,1.8522,15693.9
1723060800,1.8542,1.8886,1.8393,1.8733,23710.1
1723075200,1.871,1.9595,1.8254,1.9282,7757.2
1723089600,1.9309,1.9554,1.9207,1.9384,6813.3
1723104000,1.9398,1.9636,1.9382,1.9583,6152.6
1723118400,1.9536,2.0104,1.94,2.0074,12115.3
1723132800,2.0098,2.0316,1.9892,1.9956,5627.4
1723147200,1.9956,2.0967,1.9914,2.0901,7940.7
1723161600,2.0915,2.0915,2.0494,2.0577,25072.1
1723176000,2.0569,2.1171,2.019,2.1157,32520.3
1723190400,2.1125,2.1893,2.0886,2.1034,19982.4
1723204800,2.1069,2.1295,2.0595,2.0595,30985.2
1723219200,2.0601,2.083,2.0454,2.0744,10078.0
1723233600,2.0747,2.1101,2.058,2.1053,7850.7
1723248000,2.106,2.1469,2.0737,2.0826,7398.0
1723262400,2.0848,2.0896,2.0594,2.0874,5980.4
1723276800,2.0898,2.0971,2.0671,2.0934,9622.6
1723291200,2.0927,2.0941,2.0705,2.0752,5452.6
1723305600,2.0662,2.0947,2.0523,2.0833,8607.3
1723320000,2.0811,2.1286,2.0801,2.1121,5593.8
1723334400,2.1132,2.1393,2.1117,2.1265,4676.4
1723348800,2.1269,2.1391,2.1135,2.1183,4398.6
1723363200,2.1166,2.1255,2.0745,2.0878,8865.7
1723377600,2.0883,2.0927,2.0172,2.023,11893.8
1723392000,2.0202,2.0486,1.9848,1.9873,4569.2
1723406400,1.9882,1.9882,1.9383,1.9453,24216.0
1723420800,1.9483,1.9965,1.9483,1.9764,5634.5
1723435200,1.9751,2.0199,1.9514,2.0128,7309.1
1723449600,2.015,2.0682,1.9863,2.0682,20134.0
1723464000,2.0672,2.0776,1.9764,2.0553,24907.5
1723478400,2.0511,2.0577,1.9891,2.0289,9996.7
1723492800,2.0321,2.064,2.0125,2.0594,8407.6
1723507200,2.0577,2.0725,2.0106,2.0145,5699.2
1723521600,2.0144,2.0307,2.0019,2.0143,4388.6
1723536000,2.0157,2.0195,1.9835,2.0005,7433.2
1723550400,2.0026,2.0567,2.0018,2.0364,3419.6
1723564800,2.041,2.1061,2.041,2.0825,7898.5
1723579200,2.0852,2.1065,2.0724,2.0881,4884.3
1723593600,2.0877,2.0889,2.0519,2.074,5966.8
1723608000,2.0725,2.0767,2.0586,2.0606,4650.1
1723622400,2.0584,2.0815,2.0504,2.0713,81895.9
1723636800,2.0701,2.0874,1.9869,2.0372,18949.5
1723651200,2.0371,2.0471,2.018,2.0251,7889.1
1723665600,2.0258,2.039,2.0013,2.0234,8088.9
1723680000,2.0238,2.0424,2.0044,2.0304,6416.2
1723694400,2.0309,2.0417,2.0003,2.0141,3921.9
1723708800,2.0154,2.1022,2.0076,2.0421,41396.3
1723723200,2.043,2.088,2.0367,2.0619,29716.7
1723737600,2.0635,2.0686,1.975,1.9922,12588.0
1723752000,1.9934,2.0948,1.9788,2.0251,73551.7
1723766400,2.0174,2.031,1.9701,1.9896,10107.7
1723780800,1.9883,2.0485,1.9859,2.0461,16434.3
1723795200,2.0446,2.0904,2.0195,2.0256,47675.6
1723809600,2.0253,2.056,1.9814,2.0004,31176.2
1723824000,2.0005,2.1258,1.997,2.0663,31691.0
1723838400,2.0633,2.0696,2.039,2.0431,7669.5
1723852800,2.0408,2.0408,2.0069,2.0282,14149.3
1723867200,2.0298,2.0402,2.013,2.0191,7532.7
1723881600,2.021,2.0314,1.9874,2.0071,14199.2
1723896000,2.0049,2.0351,2.0021,2.02,6789.8
1723910400,2.0201,2.052,2.0198,2.0273,4128.5
1723924800,2.0321,2.0639,2.027,2.0639,3785.6
1723939200,2.0652,2.1703,2.0652,2.1583,17994.5
1723953600,2.1607,2.1767,2.1028,2.1201,11723.0
1723968000,2.1212,2.2161,2.1178,2.1343,43405.5
1723982400,2.1358,2.1659,2.1256,2.1358,9114.0
1723996800,2.1356,2.1416,2.1106,2.1233,6902.4
1724011200,2.1269,2.1339,2.0794,2.0827,12889.3
1724025600,2.0844,2.1067,2.063,2.1063,7209.9
1724040000,2.1043,2.1077,2.0568,2.0813,10704.8
1724054400,2.0838,2.1227,2.0674,2.0896,5408.0
1724068800,2.087,2.1309,2.0708,2.1177,5168.2
1724083200,2.1169,2.1803,2.1035,2.1298,19242.9
1724097600,2.1289,2.1444,2.1154,2.1415,3921.4
1724112000,2.1437,2.1843,2.1236,2.1593,20840.2
1724126400,2.1617,2.1943,2.1598,2.1641,5513.2
1724140800,2.1667,2.1716,2.0995,2.1045,5778.0
1724155200,2.1045,2.1145,2.0234,2.0315,7240.4
1724169600,2.0311,2.0716,2.0267,2.0685,4676.9
1724184000,2.0684,2.0805,2.0549,2.0585,4689.0
1724198400,2.0588,2.0753,2.0436,2.0706,3417.7
1724212800,2.0689,2.0895,2.0639,2.0881,3824.3
1724227200,2.0875,2.0898,2.03,2.0542,5913.7
1724241600,2.0528,2.0811,2.0315,2.0765,4962.5
1724256000,2.076,2.1435,2.07,2.1407,8325.4
1724270400,2.1407,2.1755,2.1333,2.1518,7802.9
1724284800,2.1548,2.1686,2.1187,2.1478,7042.4
1724299200,2.1485,2.1596,2.1325,2.1435,4245.7
1724313600,2.1452,2.1979,2.1439,2.1978,9794.0
1724328000,2.196,2.1994,2.1567,2.1646,19510.0
1724342400,2.1667,2.1922,2.1562,2.1603,5568.7
1724356800,2.1599,2.1811,2.1599,2.1708,6728.7
1724371200,2.1713,2.1992,2.1713,2.1784,8295.2
1724385600,2.1785,2.2095,2.1775,2.2021,4404.4
1724400000,2.2015,2.2454,2.2015,2.2235,5309.4
1724414400,2.2242,2.2643,2.2013,2.2423,8622.5
1724428800,2.2449,2.3064,2.2381,2.2986,4719.4
1724443200,2.2984,2.3301,2.298,2.3132,3339.3
1724457600,2.3149,2.3202,2.2798,2.2851,4810.6
1724472000,2.2855,2.3004,2.2704,2.2964,6008.0
1724486400,2.2947,2.3884,2.2894,2.3422,10832.9
1724500800,2.3429,2.3915,2.3352,2.34,13809.1
1724515200,2.3459,2.4016,2.3449,2.3832,5969.4
1724529600,2.3845,2.3955,2.3111,2.3597,4566.2
1724544000,2.3599,2.3602,2.262,2.3196,4227.1
1724558400,2.3201,2.3315,2.2556,2.2689,6325.7
1724572800,2.2676,2.3315,2.2545,2.3141,4953.0
1724587200,2.3144,2.3695,2.3053,2.3695,5186.9
1724601600,2.3946,2.4367,2.318,2.345,15554.3
1724616000,2.3481,2.3697,2.3223,2.3276,6150.5
1724630400,2.3271,2.3477,2.2756,2.3128,4955.0
1724644800,2.3127,2.332,2.2742,2.295,6937.0
1724659200,2.2958,2.3397,2.2931,2.3131,6994.0
1724673600,2.3123,2.3127,2.2483,2.2732,9444.3
1724688000,2.2719,2.2794,2.1976,2.2231,7352.2
1724702400,2.2228,2.2372,2.2,2.2144,6605.8
1724716800,2.2154,2.2552,2.2146,2.2387,4943.9
1724731200,2.2405,2.3426,2.2346,2.3075,9917.6
1724745600,2.3068,2.3171,2.2133,2.2405,6222.9
1724760000,2.2374,2.2744,2.2173,2.2446,16762.3
1724774400,2.2345,2.4029,2.2297,2.3482,31670.0
1724788800,2.347,2.3512,2.1452,2.2174,19510.4
1724803200,2.2174,2.2667,2.1309,2.2667,12360.8
1724817600,2.27,2.3789,2.2563,2.2801,97869.0
1724832000,2.2801,2.5085,2.2536,2.4248,27469.7
1724846400,2.4252,2.4288,2.3039,2.3242,21118.5
1724860800,2.322,2.322,2.2182,2.2553,11534.8
1724875200,2.2553,2.2748,2.194,2.2068,12178.0
1724889600,2.2083,2.2644,2.181,2.217,60619.2
1724904000,2.2178,2.322,2.2103,2.2773,48229.6
1724918400,2.2772,2.3159,2.241,2.3047,12669.4
1724932800,2.3019,2.3899,2.284,2.3222,108668.4
1724947200,2.319,2.3385,2.1772,2.1812,12134.2
1724961600,2.1819,2.191,2.1405,2.1567,14480.4
1724976000,2.1531,2.2421,2.1367,2.1477,10614.9
1724990400,2.146,2.2299,2.146,2.214,13295.3
1725004800,2.2155,2.2186,2.1566,2.1576,15493.3
1725019200,2.1561,2.1881,2.067,2.0794,15127.3
1725033600,2.0764,2.3289,2.0576,2.2785,26096.3
1725048000,2.2801,2.4162,2.245,2.3569,21969.1
1725062400,2.3557,2.3861,2.3362,2.3388,14611.7
1725076800,2.3445,2.3736,2.3365,2.3664,6451.3
1725091200,2.3625,2.3678,2.2954,2.3054,20539.1
1725105600,2.3031,2.341,2.2787,2.309,15261.1
1725120000,2.3104,2.3104,2.2357,2.2519,6456.9
1725134400,2.252,2.294,2.2427,2.2656,8886.3
1725148800,2.2655,2.2674,2.2152,2.245,8347.0
1725163200,2.245,2.25,2.1999,2.2285,7160.6
1725177600,2.2294,2.2404,2.1751,2.2254,5113.7
1725192000,2.2241,2.2241,2.1523,2.1885,11967.2
1725206400,2.1914,2.2231,2.1522,2.2052,6626.6
1725220800,2.2029,2.2152,2.1072,2.1254,7827.7
1725235200,2.1244,2.1444,2.0936,2.1,22993.1
1725249600,2.102,2.1062,2.0587,2.066,8343.4
1725264000,2.0693,2.1386,2.0613,2.1099,22736.5
1725278400,2.1105,2.1298,2.0671,2.1104,11071.2
1725292800,2.1129,2.1386,2.0901,2.1318,6920.6
1725307200,2.1325,2.3617,2.1282,2.3288,16542.6
1725321600,2.3224,2.3272,2.2673,2.2969,5678.7
1725336000,2.2995,2.3391,2.2832,2.3306,15137.5
1725350400,2.3343,2.3531,2.3121,2.3439,13857.3
1725364800,2.3441,2.3864,2.2468,2.2602,17646.5
1725379200,2.2578,2.2821,2.228,2.2652,28345.6
1725393600,2.2657,2.2902,2.2303,2.2343,6521.6
1725408000,2.2344,2.2715,2.1404,2.2475,27764.6
1725422400,2.2483,2.2744,2.2105,2.2275,6182.2
1725436800,2.2285,2.2302,2.1475,2.1568,4527.9
1725451200,2.1533,2.2753,2.1329,2.2385,12571.5
1725465600,2.2368,2.2773,2.2019,2.2132,6416.7
1725480000,2.2145,2.2952,2.1944,2.2566,7126.7
1725494400,2.2475,2.2492,2.152,2.1538,11858.1
1725508800,2.1558,2.2022,2.1365,2.1963,8861.8
1725523200,2.1958,2.207,2.152,2.1599,7184.7
1725537600,2.1596,2.1795,2.1137,2.1383,13876.5
1725552000,2.1396,2.1463,2.096,2.107,9079.5
1725566400,2.1061,2.1252,2.1021,2.1133,4228.0
1725580800,2.1118,2.136,2.097,2.1174,20396.8
1725595200,2.1169,2.1227,2.0661,2.0824,9451.6
1725609600,2.0848,2.1275,2.0841,2.1166,8407.5
1725624000,2.1178,2.1876,2.1004,2.1414,17989.3
1725638400,2.1416,2.1456,2.0651,2.0872,15666.3
1725652800,2.0825,2.0992,2.0063,2.0969,18751.9
1725667200,2.0955,2.1026,2.061,2.0718,101294.7
1725681600,2.0724,2.1322,2.0695,2.126,63432.5
1725696000,2.1251,2.1279,2.0975,2.1014,7247.8
1725710400,2.1025,2.1263,2.0861,2.1084,52384.3
1725724800,2.1095,2.1109,2.0683,2.0922,3670.7
1725739200,2.0915,2.0944,2.0513,2.0729,3734.0
1725753600,2.0746,2.1301,2.0646,2.1301,9154.7
1725768000,2.1284,2.1523,2.1174,2.1518,7298.8
1725782400,2.1522,2.1652,2.131,2.1325,4506.5
1725796800,2.1358,2.1402,2.0861,2.0861,5337.2
1725811200,2.0881,2.1235,2.0778,2.108,6085.5
1725825600,2.1098,2.177,2.1073,2.1351,5807.9
1725840000,2.1397,2.1592,2.1273,2.1423,8382.4
1725854400,2.1424,2.1682,2.1263,2.1669,6569.2
1725868800,2.1675,2.1863,2.1595,2.1699,4523.7
1725883200,2.1744,2.1982,2.1511,2.1709,5247.5
1725897600,2.173,2.2275,2.1724,2.2245,20491.9
1725912000,2.2259,2.2397,2.2038,2.2295,17424.3
1725926400,2.231,2.2315,2.1951,2.1951,4726.5
1725940800,2.1956,2.2448,2.1947,2.2386,6929.0
1725955200,2.2388,2.252,2.2207,2.2455,10305.0
1725969600,2.2438,2.2486,2.2096,2.2096,13359.0
1725984000,2.211,2.2666,2.2088,2.2606,7605.3
1725998400,2.2557,2.2608,2.2291,2.2427,4951.8
1726012800,2.2416,2.2425,2.1865,2.1933,12376.8
1726027200,2.1925,2.1925,2.1473,2.1909,5196.7
1726041600,2.191,2.1926,2.1589,2.1767,4107.5
1726056000,2.1782,2.2142,2.1389,2.1838,14289.0
1726070400,2.186,2.2115,2.1813,2.196,9041.1
1726084800,2.1953,2.2061,2.1891,2.1984,5232.3
1726099200,2.1995,2.2624,2.1995,2.2515,3871.4
1726113600,2.2494,2.2673,2.2421,2.2454,7229.2
1726128000,2.2433,2.2682,2.2433,2.2512,5504.2
1726142400,2.2527,2.2704,2.2212,2.2255,8067.7
1726156800,2.2292,2.3057,2.2292,2.2926,4436.1
1726171200,2.2908,2.2943,2.2743,2.2832,8826.5
1726185600,2.2834,2.2865,2.2443,2.2443,5224.3
1726200000,2.2439,2.2575,2.2323,2.245,3574.2
1726214400,2.2435,2.2623,2.2358,2.2364,5303.0
1726228800,2.2387,2.2944,2.2226,2.2896,13537.3
1726243200,2.2965,2.3024,2.2785,2.2884,7832.3
1726257600,2.2919,2.3246,2.2916,2.3014,3726.7
1726272000,2.3042,2.3104,2.2941,2.3077,4653.1
1726286400,2.3066,2.3066,2.2624,2.2697,3796.2
1726300800,2.2704,2.2717,2.2334,2.2396,8094.4
1726315200,2.2396,2.2776,2.2358,2.2743,3632.0
1726329600,2.275,2.3179,2.2286,2.2526,15852.9
1726344000,2.2512,2.2632,2.2473,2.2556,3331.5
1726358400,2.2547,2.2795,2.2495,2.2737,6019.3
1726372800,2.271,2.2852,2.2552,2.2842,16126.0
1726387200,2.2843,2.2854,2.2539,2.2629,4989.6
1726401600,2.2629,2.2882,2.2587,2.2882,8115.4
1726416000,2.2869,2.2926,2.243,2.2505,7148.3
1726430400,2.2493,2.255,2.1624,2.1804,6768.7
1726444800,2.1797,2.1844,2.1286,2.1618,3263.3
1726459200,2.1627,2.185,2.1543,2.179,4664.6
1726473600,2.1807,2.1936,2.1401,2.1436,10107.1
1726488000,2.1424,2.1485,2.1147,2.129,4640.2
1726502400,2.1306,2.1373,2.108,2.1279,6179.5
1726516800,2.1267,2.1442,2.1138,2.1335,3847.8
1726531200,2.1335,2.1551,2.1102,2.1479,8224.2
1726545600,2.1479,2.1821,2.1467,2.1656,7113.3
1726560000,2.1683,2.1767,2.1583,2.1659,6149.5
1726574400,2.1682,2.2171,2.1437,2.2132,8847.9
1726588800,2.2136,2.2242,2.1744,2.1906,9371.7
1726603200,2.1913,2.2002,2.1736,2.1986,3485.1
1726617600,2.1958,2.204,2.078,2.1326,19738.4
1726632000,2.1315,2.1421,2.1038,2.1255,6642.2
1726646400,2.1273,2.1358,2.0984,2.1128,7820.7
1726660800,2.1146,2.1175,2.0246,2.0358,11371.5
1726675200,2.03,2.153,2.0264,2.116,22027.8
1726689600,2.1166,2.1942,2.1046,2.1918,3876.5
1726704000,2.2013,2.2658,2.2013,2.2337,9901.1
1726718400,2.2353,2.2444,2.2184,2.2339,3690.0
1726732800,2.2373,2.2382,2.1909,2.2232,8129.1
1726747200,2.2221,2.2725,2.2169,2.2638,4724.9
1726761600,2.2643,2.2917,2.2271,2.2301,6409.6
1726776000,2.2335,2.247,2.2154,2.2405,4604.4
1726790400,2.2495,2.2982,2.2145,2.2971,7771.0
1726804800,2.2985,2.3261,2.2911,2.3102,3551.7
1726819200,2.3115,2.3138,2.2592,2.2683,3102.9
1726833600,2.2737,2.2856,2.2316,2.2683,15035.9
1726848000,2.2696,2.3017,2.2486,2.2873,5355.3
1726862400,2.2912,2.3036,2.2637,2.2699,3387.2
1726876800,2.272,2.2842,2.2397,2.2558,3338.5
1726891200,2.2559,2.303,2.2376,2.2966,4698.8
1726905600,2.2994,2.383,2.2861,2.3242,15556.0
1726920000,2.3249,2.5376,2.3149,2.4088,37136.2
1726934400,2.4097,2.4223,2.385,2.387,3858.7
1726948800,2.3914,2.4347,2.3862,2.4261,4474.8
1726963200,2.4246,2.4246,2.361,2.3763,10749.0
1726977600,2.3749,2.4134,2.355,2.4093,3674.2
1726992000,2.4174,2.4745,2.3689,2.3812,34454.5
1727006400,2.3803,2.415,2.3467,2.3555,10370.7
1727020800,2.3555,2.3835,2.3318,2.3568,8413.3
1727035200,2.3581,2.3736,2.2894,2.3536,5221.5
1727049600,2.357,2.4149,2.3061,2.391,9624.1
1727064000,2.3938,2.4154,2.3757,2.3916,5599.2
1727078400,2.3915,2.4317,2.3783,2.3973,6094.2
1727092800,2.3982,2.4243,2.3641,2.4119,7187.1
1727107200,2.4116,2.4273,2.3872,2.3896,6947.5
1727121600,2.389,2.5137,2.3764,2.3908,108882.6
1727136000,2.3937,2.4002,2.353,2.374,43377.8
1727150400,2.3755,2.4162,2.3634,2.4142,3787.5
1727164800,2.4139,2.4297,2.3933,2.4159,32075.2
1727179200,2.4185,2.4264,2.3442,2.3637,11975.4
1727193600,2.3658,2.408,2.3614,2.405,10307.7
1727208000,2.4034,2.4149,2.3903,2.3965,6357.4
1727222400,2.3986,2.4362,2.383,2.4352,10513.3
1727236800,2.4356,2.4393,2.3745,2.3922,7925.7
1727251200,2.3895,2.4309,2.3895,2.4252,4582.9
1727265600,2.4252,2.4332,2.3879,2.3909,3603.3
1727280000,2.3905,2.4113,2.3652,2.3743,4667.0
1727294400,2.3741,2.3842,2.307,2.3178,5612.1
1727308800,2.3199,2.3505,2.288,2.3459,3740.0
1727323200,2.3476,2.3994,2.338,2.396,4266.7
1727337600,2.3957,2.4108,2.3733,2.3984,5837.1
1727352000,2.3974,2.4251,2.3785,2.4183,22457.3
1727366400,2.4177,2.4885,2.398,2.452,8495.1
1727380800,2.4494,2.4654,2.4164,2.4586,7603.6
1727395200,2.4502,2.4631,2.422,2.4588,5852.7
1727409600,2.4601,2.4909,2.4562,2.48,17937.5
1727424000,2.4799,2.5653,2.4657,2.5287,14011.7
1727438400,2.5256,2.5779,2.5206,2.5495,12802.6
1727452800,2.5471,2.6884,2.5471,2.5882,32810.1
1727467200,2.5894,2.6631,2.5824,2.6288,10201.6
1727481600,2.629,2.6974,2.6097,2.653,5954.6
1727496000,2.6506,2.6834,2.6058,2.6089,8545.0
1727510400,2.6113,2.6129,2.5357,2.6129,6384.4
1727524800,2.6105,2.613,2.5611,2.5898,4260.2
1727539200,2.5902,2.6574,2.584,2.5938,7968.1
1727553600,2.597,2.6837,2.5711,2.6617,7735.1
1727568000,2.6536,2.6852,2.6286,2.648,5691.0
1727582400,2.6484,2.6498,2.5678,2.5732,6595.6
1727596800,2.579,2.7226,2.5601,2.6878,36245.6
1727611200,2.6878,2.8212,2.6755,2.7598,74110.8
1727625600,2.7431,2.7715,2.7005,2.7694,8894.9
1727640000,2.7804,2.7804,2.7012,2.7175,7155.9
1727654400,2.7186,2.7357,2.6335,2.6794,30780.0
1727668800,2.6746,2.7267,2.6495,2.7082,4748.3
1727683200,2.7129,2.794,2.6811,2.7206,20258.7
1727697600,2.7132,2.7723,2.6939,2.7197,14744.5
1727712000,2.7215,2.7341,2.6736,2.6817,11126.8
1727726400,2.6767,2.7033,2.6019,2.6269,7913.4
1727740800,2.6269,2.7306,2.608,2.7262,6113.3
1727755200,2.7287,2.982,2.6959,2.9651,33619.3
1727769600,2.9561,3.1378,2.9054,3.0145,233033.4
1727784000,3.0121,3.1183,2.7685,2.8585,121765.6
1727798400,2.8536,2.9969,2.7134,2.7134,132891.2
1727812800,2.7157,2.8343,2.6617,2.7431,34159.3
1727827200,2.7379,2.9728,2.7369,2.8688,51520.7
1727841600,2.8512,2.9905,2.7957,2.962,77182.3
1727856000,2.9646,3.0296,2.785,2.8145,37779.2
1727870400,2.8148,3.061,2.7681,3.0279,47790.7
1727884800,3.0193,3.0851,2.7972,2.8795,42707.9
1727899200,2.8823,2.966,2.8433,2.8971,16334.8
1727913600,2.892,2.9249,2.8266,2.8678,15205.4
1727928000,2.8698,2.9012,2.7514,2.7514,18299.1
1727942400,2.7514,2.9677,2.7104,2.8186,40523.7
1727956800,2.8196,2.939,2.7923,2.8698,12568.7
1727971200,2.863,2.93,2.8067,2.93,14801.8
1727985600,2.9204,2.9271,2.8455,2.8733,11895.0
1728000000,2.8759,2.9805,2.8085,2.9688,14228.3
1728014400,2.9707,3.0679,2.9217,2.9315,37202.1
1728028800,2.9451,2.9995,2.8719,2.9388,15300.8
1728043200,2.9384,3.0767,2.9348,3.0359,26439.7
1728057600,3.0401,3.0794,2.9975,3.0411,7483.3
1728072000,3.0397,3.0445,2.9628,2.9921,8155.0
1728086400,2.9904,3.0091,2.8798,2.8798,7333.2
1728100800,2.8799,2.9786,2.8754,2.9547,7240.6
1728115200,2.9529,2.9851,2.9218,2.9461,7139.3
1728129600,2.95,2.9965,2.9183,2.978,6021.7
1728144000,2.9738,3.0555,2.9034,2.9087,11582.6
1728158400,2.9074,2.9358,2.8727,2.9291,2830.2
1728172800,2.9328,2.9601,2.8908,2.8908,4820.8
1728187200,2.8931,2.9098,2.868,2.8698,3942.8
1728201600,2.8718,2.8873,2.8513,2.8792,3552.3
1728216000,2.8825,2.935,2.8805,2.903,9011.9
1728230400,2.9046,2.9346,2.8724,2.899,4960.0
1728244800,2.8984,2.9487,2.8956,2.9252,23076.5
1728259200,2.9252,2.9661,2.9089,2.9241,7676.3
1728273600,2.9236,2.9808,2.913,2.9337,6705.2
1728288000,2.9316,2.9489,2.8858,2.9243,6374.3
1728302400,2.9237,2.9319,2.8739,2.8897,4907.5
1728316800,2.8925,2.9281,2.8445,2.8878,6473.0
1728331200,2.8908,2.9102,2.779,2.787,6265.1
1728345600,2.7902,2.8345,2.7888,2.8026,4449.1
1728360000,2.8041,2.831,2.73,2.7592,5935.0
1728374400,2.7566,2.7568,2.7214,2.7446,3376.0
1728388800,2.748,2.7488,2.6717,2.6936,25445.4
1728403200,2.6935,2.7292,2.6722,2.69,9771.8
1728417600,2.6901,2.7086,2.6554,2.676,8057.2
1728432000,2.6834,2.7076,2.6545,2.6837,2741.1
1728446400,2.6826,2.7017,2.6569,2.6669,3880.0
1728460800,2.6635,2.6646,2.6243,2.6282,6577.0
1728475200,2.6296,2.6296,2.5472,2.5894,7557.0
1728489600,2.5884,2.5901,2.5164,2.5382,8168.3
1728504000,2.5369,2.5369,2.4828,2.5308,3924.3
1728518400,2.5303,2.5561,2.5083,2.5492,4399.7
1728532800,2.5469,2.5683,2.5335,2.534,3943.3
1728547200,2.5373,2.5792,2.5079,2.5762,4919.1
1728561600,2.5748,2.5758,2.5222,2.5462,4007.0
1728576000,2.5462,2.5577,2.4621,2.4927,6993.6
1728590400,2.4936,2.5264,2.4823,2.5253,7788.7
1728604800,2.523,2.6055,2.5162,2.596,6921.7
1728619200,2.5964,2.6126,2.567,2.5733,11026.3
1728633600,2.572,2.6107,2.5717,2.5822,4953.1
1728648000,2.585,2.6353,2.5801,2.6317,5641.2
1728662400,2.6326,2.6374,2.6111,2.6288,6165.5
1728676800,2.6319,2.6877,2.6273,2.6706,5066.2
1728691200,2.6745,2.7867,2.6659,2.6806,10657.4
1728705600,2.6832,2.7652,2.6809,2.7416,3591.1
1728720000,2.7464,2.7539,2.7146,2.7227,4655.6
1728734400,2.7238,2.7396,2.6967,2.7173,4093.4
1728748800,2.7215,2.7471,2.7117,2.732,3221.0
1728763200,2.7351,2.8428,2.7309,2.7899,5964.3
1728777600,2.7901,2.8028,2.7495,2.7502,5154.5
1728792000,2.7562,2.7698,2.6982,2.7088,5354.7
1728806400,2.7091,2.7173,2.641,2.641,4490.9
1728820800,2.6433,2.6872,2.6041,2.6232,4770.9
1728835200,2.6214,2.6829,2.6168,2.6597,3896.4
1728849600,2.6658,2.7297,2.6464,2.7223,5791.2
1728864000,2.7248,2.8039,2.6893,2.8039,4205.8
1728878400,2.804,2.8091,2.6915,2.7415,5084.4
1728892800,2.7356,2.7395,2.7074,2.7201,3230.3
1728907200,2.7182,2.7612,2.7059,2.7445,3463.1
1728921600,2.7446,2.7907,2.7108,2.7495,4292.5
1728936000,2.7479,2.7784,2.7341,2.753,2997.0
1728950400,2.7534,2.7633,2.6801,2.6834,4745.5
1728964800,2.6842,2.7164,2.6704,2.6881,3172.3
1728979200,2.6876,2.7295,2.6145,2.6181,5741.8
1728993600,2.6236,2.7133,2.5574,2.6155,36043.6
1729008000,2.618,2.6648,2.6117,2.624,4765.9
1729022400,2.6257,2.6513,2.576,2.6473,7355.1
1729036800,2.6515,2.6515,2.5926,2.6062,4111.3
1729051200,2.6059,2.6186,2.5633,2.591,3525.5
1729065600,2.59,2.6184,2.5796,2.6043,6082.2
1729080000,2.5996,2.6067,2.5535,2.5836,5879.5
1729094400,2.5835,2.5878,2.5483,2.5502,6492.3
1729108800,2.5513,2.5977,2.5513,2.5766,5943.9
1729123200,2.5771,2.6062,2.5642,2.5872,4339.2
1729137600,2.587,2.587,2.5219,2.5374,5378.1
1729152000,2.5353,2.5456,2.4872,2.4872,8973.6
1729166400,2.4896,2.5484,2.4809,2.5413,5118.5
1729180800,2.5437,2.7911,2.5429,2.7045,128108.5
1729195200,2.7068,3.0324,2.7032,2.9433,148819.1
1729209600,2.9454,3.0166,2.8746,2.9835,43810.0
1729224000,2.9941,3.0503,2.9234,2.966,85280.7
1729238400,2.9712,2.9875,2.8314,2.8571,60155.8
1729252800,2.8521,2.9008,2.8102,2.8519,44272.3
1729267200,2.8509,2.8775,2.828,2.8349,12424.9
1729281600,2.835,2.8515,2.8163,2.8478,5445.5
1729296000,2.8464,2.8825,2.8133,2.8177,19192.3
1729310400,2.8162,2.8316,2.7916,2.7916,6840.0
1729324800,2.7906,2.8055,2.7708,2.7978,18142.3
1729339200,2.7983,2.8293,2.7851,2.7933,5665.5
1729353600,2.7912,2.7928,2.7518,2.7551,4956.3
1729368000,2.7521,2.7762,2.731,2.7694,14466.7
1729382400,2.77,2.8012,2.7399,2.7543,4220.3
1729396800,2.7529,2.8647,2.7273,2.7688,14944.1
1729411200,2.7778,2.8432,2.7771,2.8001,7134.9
1729425600,2.8018,2.8742,2.773,2.8512,11501.7
1729440000,2.8761,2.8881,2.8128,2.8128,12629.8
1729454400,2.8125,2.8353,2.797,2.8339,3113.5
1729468800,2.8346,2.8424,2.7588,2.7741,5829.4
1729483200,2.779,2.8,2.768,2.7789,2930.7
1729497600,2.782,2.8096,2.7308,2.7738,5542.7
1729512000,2.7725,2.7857,2.6948,2.7162,6398.6
1729526400,2.7073,2.7455,2.6767,2.7067,5397.4
1729540800,2.7029,2.7199,2.6948,2.6988,2995.0
1729555200,2.7011,2.7447,2.668,2.734,4107.1
1729569600,2.731,2.735,2.7087,2.712,6711.3
1729584000,2.7106,2.7115,2.6567,2.6798,7621.9
1729598400,2.6775,2.6951,2.627,2.6781,6072.4
1729612800,2.676,2.6926,2.6411,2.6677,7689.9
1729627200,2.6677,2.6922,2.6641,2.6682,5779.5
1729641600,2.671,2.6753,2.6362,2.6531,3202.1
1729656000,2.6519,2.6762,2.6372,2.6562,4605.6
1729670400,2.6528,2.8069,2.6469,2.7156,46546.8
1729684800,2.715,2.8501,2.7096,2.7276,83560.9
1729699200,2.7325,2.7915,2.6909,2.7832,33289.7
1729713600,2.7792,2.782,2.6944,2.7293,7078.4
1729728000,2.7229,2.7933,2.7229,2.7263,11782.7
1729742400,2.7259,2.7576,2.6991,2.7014,6124.4
1729756800,2.6976,2.7116,2.6553,2.6936,8589.5
1729771200,2.6953,2.7969,2.6902,2.7827,9405.9
1729785600,2.7887,2.8252,2.7693,2.7813,37633.5
1729800000,2.7827,2.7957,2.7425,2.7626,3573.5
1729814400,2.7651,2.8712,2.7641,2.8378,5700.9
1729828800,2.8413,2.8451,2.7602,2.7688,12373.0
1729843200,2.775,2.8585,2.7614,2.8536,6877.6
1729857600,2.8543,2.8573,2.8066,2.8197,7351.6
1729872000,2.8229,2.8489,2.7489,2.793,6645.4
1729886400,2.7866,2.7975,2.5203,2.6206,24336.5
1729900800,2.6179,2.7288,2.6078,2.6926,10142.0
1729915200,2.6886,2.6931,2.6406,2.6406,8173.0
1729929600,2.6416,2.6505,2.5951,2.5995,4321.3
1729944000,2.6016,2.6016,2.5234,2.5272,9292.6
1729958400,2.5235,2.5678,2.5144,2.5532,5005.1
1729972800,2.5506,2.5794,2.5462,2.5661,3987.6
1729987200,2.5658,2.5851,2.514,2.516,8166.3
1730001600,2.5195,2.5334,2.503,2.5222,4254.0
1730016000,2.5207,2.5516,2.5081,2.5182,4237.5
1730030400,2.5171,2.5446,2.5166,2.5351,2719.9
1730044800,2.5353,2.6214,2.5232,2.536,16947.2
1730059200,2.5371,2.5895,2.5312,2.5421,4240.9
1730073600,2.5421,2.5547,2.4158,2.4158,25129.7
1730088000,2.4189,2.4812,2.4125,2.4692,5455.5
1730102400,2.4711,2.4833,2.4496,2.4556,5289.5
1730116800,2.4548,2.4818,2.4083,2.4197,9554.7
1730131200,2.4187,2.4753,2.379,2.453,7525.4
1730145600,2.4558,2.5222,2.4558,2.4898,8915.0
1730160000,2.4931,2.5663,2.4841,2.5633,9591.7
1730174400,2.5594,2.5647,2.5275,2.5514,7708.5
1730188800,2.5548,2.5717,2.5303,2.5464,6410.2
1730203200,2.5475,2.5553,2.5301,2.537,12138.7
1730217600,2.5383,2.5894,2.5134,2.5303,6361.1
1730232000,2.5273,2.5736,2.5044,2.5736,3812.6
1730246400,2.5755,2.6113,2.5645,2.6012,5654.6
1730260800,2.6014,2.6063,2.5756,2.5758,4319.2
1730275200,2.5773,2.5885,2.5471,2.552,23253.7
1730289600,2.5512,2.6799,2.5512,2.625,23994.2
1730304000,2.6217,2.6278,2.5826,2.587,8897.1
1730318400,2.5853,2.6157,2.5768,2.597,7840.4
1730332800,2.5952,2.626,2.5776,2.6125,3646.1
1730347200,2.6127,2.623,2.5787,2.5907,5618.9
1730361600,2.5894,2.6001,2.5538,2.5691,5385.4
1730376000,2.5693,2.5827,2.5357,2.5526,12808.0
1730390400,2.5492,2.5573,2.488,2.488,4165.3
1730404800,2.4918,2.5402,2.4771,2.5143,5779.8
1730419200,2.5145,2.5284,2.4311,2.4321,5491.8
1730433600,2.4335,2.4525,2.4016,2.4116,3274.6
1730448000,2.4119,2.4512,2.4058,2.4425,5206.6
1730462400,2.4395,2.5202,2.4141,2.4372,15079.9
1730476800,2.4371,2.477,2.4132,2.4216,7521.7
1730491200,2.4218,2.4294,2.3581,2.3712,3966.9
1730505600,2.3678,2.3965,2.355,2.3603,4103.0
1730520000,2.3614,2.3665,2.3429,2.3501,7921.9
1730534400,2.3509,2.3627,2.3309,2.3523,4277.8
1730548800,2.3517,2.3539,2.2482,2.2619,6684.7
1730563200,2.2611,2.2831,2.2361,2.2681,4248.6
1730577600,2.27,2.2885,2.2489,2.2611,9009.3
1730592000,2.2643,2.2704,2.1491,2.1886,37404.7
1730606400,2.1888,2.2177,2.1814,2.1955,6030.7
1730620800,2.1948,2.1988,2.15,2.154,15619.7
1730635200,2.1537,2.1697,2.0287,2.0615,18697.1
1730649600,2.0576,2.0879,2.0192,2.0688,22346.7
1730664000,2.0693,2.1196,2.0599,2.1061,13653.4
1730678400,2.1065,2.142,2.0723,2.107,3663.7
1730692800,2.11,2.1222,2.072,2.0821,8855.9
1730707200,2.0851,2.1241,2.0621,2.105,9023.0
1730721600,2.1063,2.1208,2.059,2.067,5987.0
1730736000,2.0663,2.0702,2.0243,2.0495,9721.5
1730750400,2.0479,2.0595,1.9831,2.0483,6688.5
1730764800,2.0492,2.0936,2.0492,2.0809,20233.7
1730779200,2.0803,2.0993,2.0744,2.0858,6508.5
1730793600,2.0856,2.1048,2.0758,2.092,6484.6
1730808000,2.0921,2.1676,2.0849,2.131,6246.2
1730822400,2.1372,2.1751,2.1074,2.1074,4825.8
1730836800,2.116,2.1457,2.1024,2.1274,5880.6
1730851200,2.1281,2.2748,2.1243,2.2581,18581.1
1730865600,2.2683,2.3581,2.2453,2.302,11421.2
1730880000,2.3055,2.3616,2.2375,2.3471,7265.7
1730894400,2.3491,2.3576,2.2937,2.3098,11746.3
1730908800,2.3046,2.3422,2.298,2.3402,8962.2
1730923200,2.3392,2.387,2.3342,2.3549,6432.1
1730937600,2.3603,2.4379,2.3513,2.4014,4508.1
1730952000,2.4021,2.4052,2.2928,2.3525,18638.1
1730966400,2.3485,2.3764,2.3342,2.347,4963.2
1730980800,2.3469,2.3783,2.3071,2.3783,6845.3
1730995200,2.3801,2.4125,2.3643,2.3916,4430.3
1731009600,2.3888,2.4066,2.3522,2.3723,3739.1
1731024000,2.3731,2.4006,2.3081,2.3165,4618.1
1731038400,2.3143,2.3432,2.3123,2.3261,3515.6
1731052800,2.3265,2.3484,2.3024,2.328,6114.4
1731067200,2.3321,2.3878,2.3262,2.3604,14833.7
1731081600,2.3585,2.3658,2.2829,2.3484,9086.6
1731096000,2.3431,2.3586,2.3244,2.3474,4263.5
1731110400,2.3451,2.3659,2.3093,2.3129,4853.9
1731124800,2.3161,2.392,2.3151,2.3753,6275.1
1731139200,2.3737,2.396,2.3579,2.3803,6952.1
1731153600,2.3825,2.3847,2.3201,2.3568,6665.6
1731168000,2.3572,2.4679,2.3157,2.4209,24021.2
1731182400,2.4301,2.4635,2.4104,2.4421,16432.5
1731196800,2.4449,2.4689,2.4082,2.4648,14630.1
1731211200,2.4712,2.5139,2.4585,2.505,12408.7
1731225600,2.5046,2.7561,2.5046,2.7195,34111.7
1731240000,2.7128,2.9665,2.6394,2.8026,56052.2
1731254400,2.8044,2.8689,2.7426,2.7656,24703.7
1731268800,2.7634,2.808,2.629,2.7967,19788.2
1731283200,2.7951,2.8399,2.7631,2.8134,110031.5
1731297600,2.8071,2.8162,2.6668,2.7142,8585.0
1731312000,2.7201,2.8156,2.7173,2.7705,3893.4
1731326400,2.7722,2.8,2.7054,2.7699,28320.7
1731340800,2.7697,2.8249,2.7596,2.7832,15632.4
1731355200,2.7765,2.8596,2.7527,2.8548,7498.7
1731369600,2.8573,2.8573,2.7397,2.8304,14992.3
1731384000,2.8324,2.8351,2.7261,2.806,6940.8
1731398400,2.8027,2.8699,2.546,2.6412,59210.9
1731412800,2.6382,2.663,2.5153,2.5602,23772.1
1731427200,2.5617,2.6346,2.5105,2.6161,16141.4
1731441600,2.6149,2.6593,2.5733,2.5991,8513.3
1731456000,2.6015,2.6263,2.4275,2.4296,23819.9
1731470400,2.425,2.4611,2.3358,2.4039,123804.5
1731484800,2.4001,2.4383,2.3754,2.427,12956.3
1731499200,2.4236,2.5623,2.3984,2.5302,18815.1
1731513600,2.5286,2.5344,2.3932,2.3992,30875.1
1731528000,2.3983,2.4328,2.3236,2.4304,45306.0
1731542400,2.4322,2.5021,2.4027,2.5002,9766.5
1731556800,2.4948,2.5711,2.4827,2.5192,6913.7
1731571200,2.5188,2.5343,2.4158,2.4659,20024.2
1731585600,2.4628,2.5403,2.3772,2.4012,40187.0
1731600000,2.4014,2.4642,2.3813,2.4576,9139.0
1731614400,2.4517,2.4745,2.3497,2.3676,16659.3
1731628800,2.3656,2.3702,2.2924,2.3227,17872.6
1731643200,2.3202,2.3324,2.2473,2.3107,10544.1
1731657600,2.3091,2.3811,2.2863,2.3739,7949.2
1731672000,2.373,2.3847,2.2802,2.2948,7264.1
1731686400,2.2913,2.3905,2.2843,2.3849,12828.7
1731700800,2.39,2.4676,2.39,2.4667,4346.0
1731715200,2.467,2.4934,2.4609,2.4852,3400.9
1731729600,2.4844,2.4847,2.4442,2.4628,2835.6
1731744000,2.4637,2.5285,2.4485,2.5285,13654.5
1731758400,2.5282,2.5401,2.4529,2.4749,10845.4
1731772800,2.4769,2.601,2.469,2.5601,4626.4
1731787200,2.5591,2.586,2.5296,2.5815,5558.3
1731801600,2.5736,2.6076,2.4431,2.5057,24682.7
1731816000,2.505,2.5749,2.4834,2.5489,5258.8
1731830400,2.5482,2.5646,2.4731,2.4753,7899.4
1731844800,2.4792,2.521,2.4519,2.4604,6912.6
1731859200,2.4618,2.4618,2.3679,2.3861,6423.8
1731873600,2.3869,2.4038,2.3483,2.3919,5624.7
1731888000,2.3917,2.4749,2.3633,2.4746,3930.4
1731902400,2.4766,2.53,2.459,2.524,4528.1
1731916800,2.523,2.523,2.4281,2.4381,4670.4
1731931200,2.4383,2.5164,2.4086,2.5095,7616.7
1731945600,2.5095,2.6209,2.4899,2.5906,23881.2
1731960000,2.589,2.7073,2.5599,2.6094,20600.9
1731974400,2.6081,2.644,2.5808,2.6135,9433.9
1731988800,2.6126,2.6378,2.5711,2.5814,5706.6
1732003200,2.5769,2.634,2.5402,2.5874,8483.2
1732017600,2.5831,2.6021,2.5266,2.5818,9943.4
1732032000,2.5822,2.6104,2.5667,2.5755,12470.8
1732046400,2.5726,2.5808,2.48,2.5471,3452.1
1732060800,2.5464,2.5464,2.4314,2.4726,4206.9
1732075200,2.473,2.5117,2.454,2.4948,4840.3
1732089600,2.4955,2.5997,2.4919,2.5237,5151.6
1732104000,2.5221,2.5469,2.4638,2.5023,3403.8
1732118400,2.5046,2.5125,2.3784,2.4079,8811.7
1732132800,2.399,2.4582,2.3929,2.4086,3824.4
1732147200,2.4096,2.4482,2.3457,2.3817,6992.0
1732161600,2.3853,2.5371,2.3843,2.5292,4473.9
1732176000,2.5247,2.5355,2.4406,2.4893,6402.8
1732190400,2.4846,2.6077,2.4834,2.5452,11729.7
1732204800,2.5483,2.6102,2.5456,2.5808,4762.8
1732219200,2.5807,2.6049,2.5687,2.592,3860.6
1732233600,2.5902,2.6183,2.55,2.6127,6096.9
1732248000,2.6149,2.6454,2.5904,2.5931,4133.7
1732262400,2.597,2.6228,2.5734,2.6106,2865.0
1732276800,2.6132,2.6251,2.5211,2.6098,4154.3
1732291200,2.6126,2.6126,2.536,2.5555,3705.5
1732305600,2.5561,2.687,2.5526,2.6599,8445.2
1732320000,2.6626,2.7437,2.6511,2.7091,8921.7
1732334400,2.7089,2.7806,2.6829,2.7784,6894.0
1732348800,2.7766,2.7932,2.7294,2.7537,4721.4
1732363200,2.7549,2.8705,2.7461,2.8459,6002.0
1732377600,2.8472,2.8746,2.7003,2.8105,30436.1
1732392000,2.8086,2.8691,2.7507,2.831,12489.5
1732406400,2.8282,2.9839,2.8127,2.9825,13677.1
1732420800,2.9823,3.0785,2.9293,3.021,16252.5
1732435200,3.022,3.0543,2.836,2.8455,21287.4
1732449600,2.845,2.8796,2.726,2.741,21207.3
1732464000,2.7373,2.889,2.7241,2.8523,9311.6
1732478400,2.8482,3.016,2.8424,2.9953,3689.4
1732492800,2.9968,3.0058,2.8877,2.975,13698.8
1732507200,2.9719,3.0091,2.9293,2.9748,12054.3
1732521600,2.9732,3.0614,2.9564,2.9766,14150.0
1732536000,2.9763,2.981,2.8038,2.9468,21203.2
1732550400,2.9477,2.9693,2.8402,2.9149,11471.4
1732564800,2.9106,2.9613,2.8174,2.8746,6463.6
1732579200,2.8761,2.9777,2.8527,2.959,6611.4
1732593600,2.958,3.0428,2.9245,2.9485,8016.0
1732608000,2.9395,2.941,2.6841,2.749,20426.9
1732622400,2.7431,2.7682,2.6694,2.6945,9533.3
1732636800,2.6928,2.7894,2.6805,2.7313,7182.7
1732651200,2.7294,2.975,2.7285,2.9682,6404.9
1732665600,2.9621,2.9902,2.8815,2.8815,12306.6
1732680000,2.8781,2.9585,2.8761,2.9509,4134.6
1732694400,2.948,2.9789,2.9081,2.9205,3863.8
1732708800,2.9217,2.9891,2.8687,2.9753,7816.9
1732723200,2.977,3.08,2.9584,3.051,54331.1
1732737600,3.0481,3.1636,3.0247,3.1591,11791.8
1732752000,3.1473,3.1956,3.0418,3.057,15096.8
1732766400,3.0565,3.1214,3.0458,3.0917,9205.0
1732780800,3.0982,3.1116,3.0258,3.0596,6259.4
1732795200,3.0542,3.0715,2.9994,3.0182,5497.1
1732809600,3.0206,3.1488,3.0206,3.1003,7751.3
1732824000,3.0975,3.124,3.0594,3.1009,3217.9
1732838400,3.1009,3.1201,3.037,3.084,4430.3
1732852800,3.083,3.0839,3.0144,3.0144,28829.4
1732867200,3.0142,3.1219,3.0142,3.1195,3957.3
1732881600,3.1187,3.1643,3.1091,3.1408,8656.7
1732896000,3.1446,3.1784,3.1093,3.1615,4288.8
1732910400,3.1573,3.3085,3.1573,3.236,10765.1
1732924800,3.2347,3.2767,3.1599,3.2759,6927.8
1732939200,3.2743,3.2901,3.2323,3.2683,5422.1
1732953600,3.2698,3.297,3.2067,3.2417,4914.8
1732968000,3.2367,3.337,3.2361,3.3324,5071.7
1732982400,3.3261,3.3261,3.2547,3.2654,9342.4
1732996800,3.2571,3.3102,3.2248,3.2391,6739.8
1733011200,3.2298,3.2507,3.1283,3.1823,8147.9
1733025600,3.1832,3.2406,3.1774,3.2316,4222.5
1733040000,3.2299,3.3195,3.2212,3.3178,6467.9
1733054400,3.3162,3.4265,3.314,3.3761,17218.7
1733068800,3.3741,3.3789,3.2763,3.284,5745.3
1733083200,3.2825,3.3345,3.2086,3.2949,7385.4
1733097600,3.2963,3.3656,3.2305,3.258,15481.6
1733112000,3.2431,3.3746,3.1888,3.3126,17745.3
1733126400,3.31,3.316,3.1097,3.1665,25330.9
1733140800,3.1672,3.3786,3.1555,3.3727,10445.2
1733155200,3.3631,3.4086,3.2056,3.4029,12150.0
1733169600,3.4001,3.6126,3.4001,3.5613,105738.8
1733184000,3.565,3.6472,3.542,3.6198,31440.2
1733198400,3.6151,3.6914,3.5324,3.5548,10822.1
1733212800,3.5532,3.7144,3.5495,3.6987,28643.3
1733227200,3.6941,3.7822,3.3958,3.5344,76883.7
1733241600,3.5377,3.7001,3.5269,3.6697,15371.8
1733256000,3.6731,3.7855,3.6599,3.7527,9141.2
1733270400,3.7499,3.7763,3.6471,3.7394,4252.5
1733284800,3.7396,3.8071,3.7047,3.7967,3704.7
1733299200,3.7966,3.9015,3.7637,3.8539,15273.4
1733313600,3.8497,4.09,3.7802,4.0576,19842.4
1733328000,4.0651,4.1097,3.8557,4.1071,10249.2
1733342400,4.0959,4.1527,3.9094,3.9801,40225.8
1733356800,3.9783,3.9785,3.7602,3.8565,29324.5
1733371200,3.8635,4.0301,3.8543,3.9993,9815.3
1733385600,3.9945,4.0252,3.9285,4.0176,3119.3
1733400000,4.0149,4.0343,3.8997,3.9296,9657.4
1733414400,3.9277,4.0569,3.8586,3.8724,16346.6
1733428800,3.8666,3.9764,3.7634,3.8879,13978.1
1733443200,3.8894,4.065,3.8581,4.0158,5224.3
1733457600,4.0104,4.0648,3.957,3.9953,46379.1
1733472000,3.9954,4.0245,3.8475,3.9251,15794.1
1733486400,3.9397,3.9955,3.8203,3.9597,13454.8
1733500800,3.9672,4.0308,3.9542,3.9892,5976.5
1733515200,3.9788,3.9788,3.8652,3.9018,4762.5
1733529600,3.8986,3.9237,3.8457,3.8795,4741.5
1733544000,3.8704,3.9093,3.8186,3.8464,4995.1
1733558400,3.8377,3.8583,3.7684,3.8239,4311.0
1733572800,3.8205,3.8939,3.8178,3.8667,6527.4
1733587200,3.8667,3.8694,3.7704,3.7956,3834.3
1733601600,3.7966,3.874,3.7936,3.8455,2219.9
1733616000,3.8383,3.9022,3.8164,3.8657,15751.7
1733630400,3.8632,3.9382,3.7475,3.9207,5597.2
1733644800,3.9239,3.9991,3.8166,3.9412,12304.0
1733659200,3.9337,4.1852,3.8774,4.1775,31059.3
1733673600,4.1634,4.4494,3.9454,4.0865,69494.7
1733688000,4.0939,4.127,4.0178,4.0498,57877.5
1733702400,4.0432,4.069,3.947,3.9991,23900.0
1733716800,3.9943,4.0183,3.8741,3.9384,6740.4
1733731200,3.9279,4.0298,3.7812,3.8467,31084.6
1733745600,3.8364,4.0395,3.7884,3.8678,12363.7
1733760000,3.8614,3.9144,3.7904,3.7938,8815.0
1733774400,3.7987,3.8017,2.8987,3.3718,131901.2
1733788800,3.3566,3.4427,3.1517,3.2809,25751.0
1733803200,3.2763,3.4157,3.207,3.3869,5024.6
1733817600,3.3894,3.4667,3.3544,3.4104,4993.9
1733832000,3.4093,3.4177,3.0423,3.0423,33568.2
1733846400,3.043,3.1475,2.9605,3.1436,28032.9
1733860800,3.1429,3.296,3.1241,3.2333,3576.4
1733875200,3.2327,3.3458,3.1121,3.3105,17029.6
1733889600,3.3181,3.338,3.2691,3.2834,4220.1
1733904000,3.2891,3.3932,3.2891,3.3556,3780.4
1733918400,3.3635,3.5766,3.3635,3.5306,8870.3
1733932800,3.5277,3.5967,3.4983,3.5405,5970.7
1733947200,3.5397,3.6024,3.5231,3.5781,2853.9
1733961600,3.5733,3.7623,3.5422,3.7219,3242.3
1733976000,3.7416,3.9494,3.7399,3.8815,26539.9
1733990400,3.8808,3.9997,3.7881,3.8057,24122.8
1734004800,3.8251,3.9455,3.8238,3.87,32992.4
1734019200,3.8675,3.9051,3.7364,3.7536,8271.5
1734033600,3.7568,3.8531,3.7568,3.8115,15388.6
1734048000,3.8153,3.8593,3.7032,3.8283,17366.3
1734062400,3.833,3.8339,3.6228,3.6305,18882.8
1734076800,3.6368,3.7005,3.5969,3.6587,15963.9
1734091200,3.66,3.715,3.612,3.617,14283.2
1734105600,3.6166,3.6959,3.6132,3.6463,10049.3
1734120000,3.6458,3.7254,3.6429,3.7254,4417.0
1734134400,3.7219,3.9027,3.7066,3.7601,13098.3
1734148800,3.7562,3.7663,3.7091,3.7112,7888.8
1734163200,3.7123,3.7352,3.6449,3.6499,8072.7
1734177600,3.6491,3.6578,3.5312,3.5783,11821.9
1734192000,3.5715,3.5933,3.4827,3.5168,5351.8
1734206400,3.5153,3.5512,3.4688,3.5346,4083.9
1734220800,3.5242,3.5782,3.4799,3.4799,6250.7
1734235200,3.4797,3.5236,3.4041,3.4299,4356.0
1734249600,3.4332,3.5088,3.4314,3.487,4790.3
1734264000,3.4846,3.6454,3.4694,3.6043,5362.7
1734278400,3.6051,3.619,3.5446,3.5499,2974.8
1734292800,3.5518,3.6253,3.4296,3.6045,5425.8
1734307200,3.6048,3.6978,3.5579,3.5653,4057.8
1734321600,3.5654,3.5926,3.5239,3.5576,4464.7
1734336000,3.5592,3.5592,3.4048,3.4196,8309.3
1734350400,3.4233,3.5125,3.4123,3.5125,5480.2
1734364800,3.5088,3.6566,3.5022,3.5894,6927.7
1734379200,3.5883,3.6331,3.5008,3.5109,4953.3
1734393600,3.5107,3.5129,3.4405,3.4749,3761.8
1734408000,3.4761,3.4763,3.4101,3.4348,2966.5
1734422400,3.4436,3.5192,3.4178,3.5065,3716.8
1734436800,3.5091,3.5302,3.325,3.353,12851.7
1734451200,3.3451,3.4506,3.3226,3.3786,3917.0
1734465600,3.379,3.3959,3.2579,3.289,4766.7
1734480000,3.3003,3.3094,3.2474,3.2696,3396.2
1734494400,3.2671,3.2804,3.2151,3.2474,5907.3
1734508800,3.2465,3.2794,3.22,3.2509,2594.7
1734523200,3.2542,3.2567,3.1526,3.1838,10437.0
1734537600,3.1827,3.2741,3.1528,3.1528,35579.5
1734552000,3.15,3.1663,2.9176,2.9479,61367.7
1734566400,2.9433,2.9863,2.7705,2.9765,26187.1
1734580800,2.9754,2.9955,2.9245,2.926,2814.3
1734595200,2.92,2.9951,2.9118,2.984,4042.1
1734609600,2.9832,2.9911,2.8033,2.8614,10430.3
1734624000,2.8457,2.9082,2.6147,2.6623,48089.1
1734638400,2.6659,2.7577,2.5851,2.7062,11492.3
1734652800,2.7127,2.85,2.6724,2.7918,19335.2
1734667200,2.7953,2.8127,2.6601,2.7206,7161.5
1734681600,2.7194,2.7218,2.3596,2.3783,156247.0
1734696000,2.3708,2.6164,2.3489,2.6055,29901.7
1734710400,2.5942,2.7245,2.5904,2.7026,4186.4
1734724800,2.6993,2.7356,2.62,2.7095,11127.0
1734739200,2.708,2.7676,2.7063,2.7257,5461.7
1734753600,2.7325,2.8996,2.7228,2.8711,5766.3
1734768000,2.8713,2.8765,2.7158,2.7483,89137.9
1734782400,2.7483,2.7483,2.5646,2.627,16249.5
1734796800,2.6253,2.6253,2.4941,2.5258,10439.6
1734811200,2.5366,2.5585,2.5,2.5359,3834.7
1734825600,2.5435,2.6156,2.5276,2.5709,12314.9
1734840000,2.5792,2.5832,2.5029,2.5609,12069.7
1734854400,2.5605,2.654,2.5605,2.6316,3716.4
1734868800,2.6289,2.6827,2.5685,2.5802,9984.4
1734883200,2.5817,2.6474,2.5358,2.5358,2864.2
1734897600,2.5464,2.6231,2.5094,2.5833,8349.7
1734912000,2.5854,2.6831,2.5082,2.6803,4242.0
1734926400,2.6816,2.6938,2.5813,2.6177,15335.7
1734940800,2.6185,2.6797,2.6083,2.6465,121106.2
1734955200,2.6489,2.6916,2.5863,2.5978,5331.8
1734969600,2.5963,2.6884,2.5924,2.6661,3965.5
1734984000,2.6637,2.802,2.6637,2.7616,4496.2
1734998400,2.7621,2.7723,2.6925,2.75,3640.3
1735012800,2.7454,2.8044,2.7227,2.7788,2604.4
1735027200,2.7839,2.8433,2.7746,2.8369,6470.8
1735041600,2.8331,2.9148,2.7957,2.8949,4271.9
1735056000,2.8998,2.9101,2.8294,2.8308,3068.2
1735070400,2.8311,2.874,2.8093,2.865,3667.9
1735084800,2.8623,2.8881,2.8484,2.8829,2527.8
1735099200,2.879,2.9067,2.857,2.8586,2551.1
1735113600,2.868,2.9141,2.8443,2.8556,2901.8
1735128000,2.8511,2.8655,2.8175,2.8381,3469.5
1735142400,2.8499,2.8913,2.8074,2.876,3183.0
1735156800,2.8737,2.8737,2.8016,2.8577,3972.0
1735171200,2.8605,2.8846,2.7775,2.7815,3392.0
1735185600,2.7793,2.7793,2.7323,2.7373,3599.0
1735200000,2.7421,2.7421,2.6621,2.7052,4025.5
1735214400,2.7001,2.7018,2.6373,2.6444,5046.5
1735228800,2.641,2.6694,2.6129,2.6495,3607.7
1735243200,2.6483,2.6653,2.6091,2.6514,4083.8
1735257600,2.6539,2.7483,2.6369,2.7247,7194.7
1735272000,2.7273,2.7507,2.6661,2.6876,4835.3
1735286400,2.7056,2.8427,2.6952,2.8073,10425.7
1735300800,2.8092,2.8146,2.6803,2.6956,6667.8
1735315200,2.7016,2.7564,2.677,2.7454,4816.1
1735329600,2.7481,2.7481,2.6719,2.6901,3197.9
1735344000,2.691,2.7363,2.6873,2.7094,3747.6
1735358400,2.7103,2.7323,2.6731,2.6765,3388.9
1735372800,2.6768,2.7449,2.6768,2.7443,3215.3
1735387200,2.7454,2.8376,2.722,2.7971,5349.1
1735401600,2.8062,2.892,2.789,2.8518,4182.8
1735416000,2.8545,2.8617,2.817,2.8185,66969.3
1735430400,2.8236,2.8387,2.779,2.811,3058.0
1735444800,2.8178,2.8257,2.7799,2.8069,3056.3
1735459200,2.8109,2.8143,2.7699,2.7714,2731.6
1735473600,2.7721,2.7908,2.7352,2.7508,2708.9
1735488000,2.748,2.7509,2.7017,2.7269,4123.8
1735502400,2.7227,2.7282,2.6757,2.6978,2957.5
1735516800,2.6941,2.8221,2.6858,2.7789,2575.2
1735531200,2.7862,2.807,2.737,2.7671,2913.6
1735545600,2.773,2.7827,2.6845,2.7206,5814.2
1735560000,2.7216,2.7649,2.6239,2.6409,5981.5
1735574400,2.6389,2.7752,2.6315,2.7734,4504.6
1735588800,2.7801,2.8007,2.6887,2.7209,5709.4
1735603200,2.7082,2.7082,2.6417,2.644,6587.9
1735617600,2.6428,2.6689,2.6299,2.6631,2899.7
1735632000,2.6649,2.7412,2.6641,2.7088,4391.6
1735646400,2.7127,2.781,2.7048,2.7457,5074.7
1735660800,2.7462,2.7537,2.6716,2.6961,3144.6
1735675200,2.6992,2.7073,2.6485,2.6526,2702.7
1735689600,2.6503,2.6834,2.6327,2.634,2672.9
1735704000,2.6323,2.6341,2.6095,2.6205,10777.9
1735718400,2.6206,2.626,2.5554,2.5918,12406.4
1735732800,2.5915,2.6382,2.5846,2.6315,2925.1
1735747200,2.6446,2.6961,2.5907,2.6889,2992.7
1735761600,2.688,2.7091,2.6664,2.6933,8459.7
1735776000,2.693,2.7434,2.6902,2.7238,2687.6
1735790400,2.7248,2.7783,2.7248,2.7683,7215.1
1735804800,2.7712,2.8109,2.7557,2.8025,5728.5
1735819200,2.8086,2.8318,2.7732,2.7823,12046.1
1735833600,2.7905,2.826,2.7278,2.7339,15828.6
1735848000,2.7357,2.7444,2.692,2.7343,4346.5
1735862400,2.7383,2.7633,2.707,2.7396,5738.6
1735876800,2.7354,2.7386,2.7012,2.7039,3529.2
1735891200,2.705,2.817,2.7023,2.8094,3227.3
1735905600,2.8029,2.8853,2.7884,2.8853,15297.3
1735920000,2.888,2.9444,2.8807,2.9444,9150.6
1735934400,2.9431,3.0705,2.932,3.0473,17318.2
1735948800,3.05,3.2596,3.05,3.2379,32526.3
1735963200,3.2493,3.272,3.1659,3.2257,21280.2
1735977600,3.2223,3.2502,3.1605,3.1883,129489.9
1735992000,3.1874,3.2071,3.1049,3.112,3648.8
1736006400,3.1165,3.2137,3.1149,3.1703,8914.5
1736020800,3.1735,3.189,3.136,3.1492,8419.9
1736035200,3.1514,3.1519,3.1084,3.1401,2758.4
1736049600,3.1474,3.2161,3.1474,3.205,2405.8
1736064000,3.2003,3.2305,3.152,3.1801,5298.3
1736078400,3.1846,3.21,3.1341,3.1754,3185.6
1736092800,3.1718,3.1754,3.1191,3.1453,4738.8
1736107200,3.1488,3.1705,3.1359,3.1404,4306.9
1736121600,3.143,3.1787,3.0937,3.1457,6949.1
1736136000,3.1534,3.1587,3.1009,3.117,3806.8
1736150400,3.1207,3.1315,3.0574,3.1098,4552.1
1736164800,3.1099,3.1744,3.0646,3.1632,8964.9
1736179200,3.1683,3.1989,3.112,3.1395,6684.0
1736193600,3.1396,3.1442,3.0935,3.1268,3855.3
1736208000,3.1117,3.1354,3.0814,3.1016,3220.6
1736222400,3.1039,3.1208,3.0755,3.0939,4484.3
1736236800,3.0929,3.1206,3.032,3.042,12170.3
1736251200,3.0421,3.0742,2.9161,2.9351,34123.5
1736265600,2.9288,2.9447,2.8227,2.8298,14085.7
1736280000,2.8305,2.8385,2.7574,2.7588,9503.6
1736294400,2.7577,2.7833,2.6855,2.6924,10779.1
1736308800,2.693,2.6984,2.5913,2.6226,10312.4
1736323200,2.6222,2.6571,2.5981,2.6163,6377.3
1736337600,2.612,2.6719,2.6036,2.6306,5999.1
1736352000,2.6382,2.6382,2.4733,2.5513,24797.9
1736366400,2.5465,2.5961,2.5341,2.5823,10102.5
1736380800,2.5777,2.6231,2.5693,2.5897,8395.8
1736395200,2.5945,2.6065,2.5297,2.5357,5281.5
1736409600,2.5381,2.605,2.533,2.5919,13659.4
1736424000,2.5863,2.6248,2.5006,2.6054,11478.1
1736438400,2.6032,2.6199,2.4787,2.4942,8551.4
1736452800,2.4976,2.5298,2.4532,2.5196,15246.4
1736467200,2.5259,2.5586,2.5137,2.5542,6869.9
1736481600,2.557,2.6201,2.5444,2.602,5234.0
1736496000,2.6028,2.6297,2.5775,2.6014,4423.4
1736510400,2.6039,2.6088,2.4965,2.5445,7082.7
1736524800,2.5408,2.6068,2.5066,2.5875,9780.6
1736539200,2.5889,2.5912,2.5558,2.5674,4613.2
1736553600,2.5691,2.5891,2.541,2.5435,5365.6
1736568000,2.5445,2.5681,2.5358,2.5411,4706.2
1736582400,2.5458,2.566,2.5286,2.5605,3552.5
1736596800,2.5624,2.5655,2.5205,2.5286,4846.8
1736611200,2.5332,2.5398,2.4675,2.4722,3875.8
1736625600,2.4703,2.5707,2.4584,2.5231,6370.6
1736640000,2.5238,2.535,2.5066,2.5194,6149.9
1736654400,2.5269,2.5269,2.4877,2.5058,3997.6
1736668800,2.507,2.5081,2.4679,2.4946,3625.6
1736683200,2.4927,2.517,2.4808,2.5098,6320.8
1736697600,2.5138,2.5149,2.4869,2.4978,3614.7
1736712000,2.5003,2.5103,2.4312,2.4578,3569.1
1736726400,2.4549,2.5196,2.3905,2.4034,4503.2
1736740800,2.3995,2.4522,2.3573,2.389,9926.2
1736755200,2.3896,2.3915,2.2326,2.2326,11208.0
1736769600,2.2417,2.3471,2.2187,2.3209,23821.5
1736784000,2.3082,2.3296,2.2328,2.2786,8580.4
1736798400,2.2803,2.382,2.2593,2.3739,12980.1
1736812800,2.3738,2.402,2.3615,2.3791,8587.0
1736827200,2.3852,2.411,2.3785,2.3837,5778.0
1736841600,2.3881,2.4563,2.3867,2.4134,8499.0
1736856000,2.4212,2.4417,2.3847,2.4113,7728.4
1736870400,2.407,2.4527,2.387,2.4472,9030.1
1736884800,2.4417,2.4817,2.4347,2.4698,6434.8
1736899200,2.4791,2.492,2.448,2.4713,4718.9
1736913600,2.4802,2.4836,2.4475,2.468,3159.0
1736928000,2.4719,2.4786,2.3929,2.4107,3591.1
1736942400,2.412,2.5531,2.398,2.5426,24097.5
1736956800,2.5512,2.583,2.5173,2.581,3447.0
1736971200,2.5835,2.604,2.5651,2.6016,4897.4
1736985600,2.6038,2.6072,2.5402,2.5616,3921.4
1737000000,2.5662,2.575,2.5481,2.5738,8707.1
1737014400,2.5746,2.5746,2.5152,2.5649,6391.3
1737028800,2.5655,2.5979,2.504,2.5677,19842.8
1737043200,2.5704,2.6153,2.5704,2.6143,4744.5
1737057600,2.6145,2.6154,2.5101,2.5309,10203.2
1737072000,2.5338,2.6223,2.5338,2.6174,3983.1
1737086400,2.6166,2.6565,2.6075,2.6401,4572.6
1737100800,2.6408,2.6927,2.6134,2.6832,6111.2
1737115200,2.6758,2.7216,2.6615,2.7031,14117.9
1737129600,2.7121,2.7446,2.7022,2.7244,2695.4
1737144000,2.7275,2.9504,2.727,2.84,26365.7
1737158400,2.8424,2.949,2.8076,2.8156,20140.2
1737172800,2.8156,2.8335,2.6846,2.695,18723.8
1737187200,2.6832,2.7451,2.6589,2.7345,9024.6
1737201600,2.7301,2.7618,2.6892,2.7096,8584.7
1737216000,2.7046,2.7168,2.6395,2.6761,23770.8
1737230400,2.6769,2.702,2.641,2.6949,5814.5
1737244800,2.6919,2.7929,2.682,2.75,4223.0
1737259200,2.7451,2.7562,2.6878,2.6936,9814.0
1737273600,2.6902,2.6924,2.5127,2.5257,37216.5
1737288000,2.5237,2.8,2.5216,2.7558,16266.4
1737302400,2.7519,2.7788,2.7058,2.7775,9162.4
1737316800,2.7814,2.7998,2.5138,2.5521,74829.7
1737331200,2.5536,2.6334,2.507,2.6014,65791.2
1737345600,2.5998,2.7818,2.5712,2.7262,44281.1
1737360000,2.7277,2.7761,2.6787,2.7278,13318.1
1737374400,2.7287,2.7316,2.5814,2.5848,38389.8
1737388800,2.5845,2.6431,2.4812,2.5688,60160.7
1737403200,2.5663,2.5828,2.4898,2.4964,18816.1
1737417600,2.4979,2.5029,2.4054,2.4294,34011.8
1737432000,2.4297,2.4314,2.3762,2.3987,20204.9
1737446400,2.4,2.4781,2.3777,2.4715,15184.6
1737460800,2.4702,2.4998,2.4338,2.4645,22148.8
1737475200,2.4656,2.5915,2.4589,2.5658,4881.4
1737489600,2.5645,2.5695,2.512,2.5408,7667.3
1737504000,2.5387,2.5507,2.4985,2.5298,5698.1
1737518400,2.5283,2.5503,2.5034,2.5079,3443.0
1737532800,2.5068,2.5331,2.4818,2.5278,4584.6
1737547200,2.528,2.5312,2.4687,2.4904,13622.2
1737561600,2.4861,2.5254,2.4717,2.4906,11538.7
1737576000,2.4918,2.5132,2.4615,2.4776,10392.7
1737590400,2.4785,2.4957,2.4493,2.4755,9291.1
1737604800,2.4745,2.4784,2.4371,2.4702,9124.5
1737619200,2.4692,2.4692,2.413,2.4242,8713.4
1737633600,2.4235,2.4876,2.3927,2.4543,33050.2
1737648000,2.4591,2.5053,2.3952,2.4012,16189.9
1737662400,2.4039,2.4713,2.3833,2.4506,23262.5
1737676800,2.4514,2.4632,2.3489,2.3949,13859.3
1737691200,2.3935,2.486,2.3837,2.4593,11203.1
1737705600,2.4593,2.491,2.4522,2.4721,6501.9
1737720000,2.4783,2.4874,2.4272,2.443,9809.3
1737734400,2.4442,2.446,2.3782,2.3826,10663.2
1737748800,2.3845,2.3903,2.3032,2.3158,8839.1
1737763200,2.3167,2.3325,2.2724,2.3304,8178.1
1737777600,2.3292,2.3307,2.3023,2.3057,9679.1
1737792000,2.3086,2.3357,2.2916,2.3337,8817.1
1737806400,2.3322,2.335,2.3053,2.3265,6500.8
1737820800,2.3245,2.3362,2.3088,2.3316,5705.6
1737835200,2.3289,2.3452,2.3162,2.3201,4617.4
1737849600,2.3187,2.372,2.3134,2.3641,4022.8
1737864000,2.3622,2.3784,2.3459,2.378,4776.1
1737878400,2.3767,2.3849,2.339,2.3753,6235.2
1737892800,2.3749,2.395,2.3665,2.374,6904.4
1737907200,2.374,2.3922,2.3631,2.3828,8563.0
1737921600,2.3832,2.3832,2.27,2.2714,40900.3
1737936000,2.2681,2.2707,2.1593,2.1859,38222.3
1737950400,2.1847,2.1852,2.0457,2.0952,36309.2
1737964800,2.0957,2.1193,2.0559,2.0932,11470.2
1737979200,2.0914,2.1939,2.0815,2.1798,22590.9
1737993600,2.1795,2.1922,2.1247,2.144,14648.2
1738008000,2.1479,2.2499,2.1479,2.2329,18160.8
1738022400,2.2272,2.2471,2.1957,2.2315,13582.6
1738036800,2.2322,2.253,2.219,2.2233,11509.1
1738051200,2.2257,2.2284,2.1778,2.179,15865.0
1738065600,2.1805,2.1841,2.1307,2.1355,14336.4
1738080000,2.1375,2.1375,2.0898,2.1066,6804.1
1738094400,2.1091,2.1123,2.0155,2.0314,6499.7
1738108800,2.0286,2.1284,2.0229,2.1203,5875.8
1738123200,2.125,2.174,2.1168,2.1702,9693.7
1738137600,2.1761,2.1802,2.1253,2.1376,6767.0
1738152000,2.1438,2.147,2.0804,2.1009,13245.1
1738166400,2.0991,2.1704,2.0692,2.157,21227.8
1738180800,2.156,2.2052,2.1323,2.1461,17349.9
1738195200,2.1439,2.197,2.1144,2.1896,10841.5
1738209600,2.1959,2.1992,2.1564,2.1689,6440.9
1738224000,2.1689,2.2062,2.1541,2.2007,7159.1
1738238400,2.2006,2.267,2.1884,2.2527,8149.0
1738252800,2.255,2.2659,2.2273,2.2456,6380.2
1738267200,2.2489,2.249,2.2175,2.2211,8747.5
1738281600,2.222,2.2338,2.1808,2.1936,9447.0
1738296000,2.1951,2.2339,2.1755,2.2107,10849.1
1738310400,2.2103,2.2738,2.2032,2.2724,7191.6
1738324800,2.2686,2.3109,2.2526,2.3069,4600.1
1738339200,2.3065,2.3131,2.215,2.2456,4352.4
1738353600,2.2399,2.2548,2.2141,2.2548,5608.4
1738368000,2.2471,2.2998,2.2368,2.2808,5200.6
1738382400,2.2796,2.3238,2.279,2.2906,5314.2
1738396800,2.2882,2.2952,2.2355,2.2604,10927.4
1738411200,2.2634,2.2825,2.2074,2.2307,8137.6
1738425600,2.2328,2.241,2.1461,2.1483,7485.4
1738440000,2.1465,2.17,2.0882,2.1034,9534.8
1738454400,2.1008,2.1471,2.0264,2.0285,7967.7
1738468800,2.0294,2.0679,2.0253,2.0384,16285.9
1738483200,2.0405,2.0668,1.9949,2.0158,11234.5
1738497600,2.0131,2.0412,1.9939,2.0214,17756.3
1738512000,2.0231,2.0231,1.7802,1.8555,37323.1
1738526400,1.8591,1.8841,1.6947,1.8145,32702.0
1738540800,1.8032,1.8032,1.39,1.508,113073.2
1738555200,1.5098,1.648,1.4554,1.6447,25492.4
1738569600,1.6394,1.6639,1.5843,1.6291,15498.6
1738584000,1.6308,1.7318,1.5483,1.7206,89731.7
1738598400,1.7129,1.7698,1.6823,1.7698,21193.4
1738612800,1.7683,1.8239,1.7289,1.8097,13538.8
1738627200,1.8167,1.83,1.7357,1.7504,10730.1
1738641600,1.7517,1.7727,1.5998,1.6019,22554.7
1738656000,1.6052,1.6846,1.5919,1.6554,15972.3
1738670400,1.6592,1.7117,1.6541,1.6679,24675.5
1738684800,1.6697,1.7037,1.6329,1.6329,14723.3
1738699200,1.6319,1.642,1.5556,1.6256,20978.8
1738713600,1.6179,1.6433,1.6015,1.6288,10559.5
1738728000,1.6299,1.6744,1.6211,1.6565,11555.6
1738742400,1.6561,1.6878,1.6418,1.6795,5221.3
1738756800,1.6794,1.6935,1.6544,1.6714,6731.6
1738771200,1.6785,1.6785,1.6066,1.6567,10144.1
1738785600,1.6517,1.6653,1.6095,1.6334,11381.4
1738800000,1.6346,1.6616,1.6215,1.6508,16900.7
1738814400,1.6513,1.6725,1.6429,1.6499,7824.0
1738828800,1.654,1.6634,1.6163,1.6297,13302.0
1738843200,1.6261,1.629,1.5203,1.5261,23630.2
1738857600,1.526,1.5808,1.515,1.5371,24695.3
1738872000,1.5361,1.5606,1.5186,1.5322,17808.9
1738886400,1.5337,1.5939,1.5337,1.5624,7158.6
1738900800,1.5636,1.5758,1.5385,1.5564,11419.5
1738915200,1.5567,1.5885,1.5506,1.5786,15742.1
1738929600,1.5773,1.6517,1.571,1.6346,23052.9
1738944000,1.6363,1.6363,1.5868,1.6029,11737.5
1738958400,1.5939,1.5939,1.5113,1.5764,16523.4
1738972800,1.5757,1.5899,1.5546,1.5625,16370.8
1738987200,1.5664,1.5907,1.5581,1.5827,6518.0
1739001600,1.5807,1.7402,1.5576,1.6767,133344.4
1739016000,1.6757,1.7194,1.5836,1.5919,54755.0
1739030400,1.5909,1.6701,1.5799,1.6581,18681.7
1739044800,1.6663,1.6701,1.634,1.6461,9976.4
1739059200,1.6476,1.914,1.6346,1.8198,159978.9
1739073600,1.8288,1.8826,1.7627,1.7948,59357.1
1739088000,1.7951,1.8337,1.7758,1.7758,20860.6
1739102400,1.7785,1.808,1.7315,1.7655,17738.6
1739116800,1.7695,1.8286,1.6123,1.637,31863.0
1739131200,1.6239,1.669,1.5728,1.666,29608.9
1739145600,1.6698,1.6971,1.6007,1.6586,25511.0
1739160000,1.6578,1.6934,1.6507,1.6644,12462.4
1739174400,1.666,1.6919,1.6573,1.6733,8496.2
1739188800,1.681,1.7242,1.6577,1.6874,10336.4
1739203200,1.6863,1.7278,1.6846,1.7038,43910.0
1739217600,1.7038,1.7185,1.6909,1.7154,97376.6
1739232000,1.7162,1.7488,1.7162,1.7455,19189.4
1739246400,1.746,1.8048,1.743,1.7928,13243.3
1739260800,1.7939,1.8097,1.7765,1.8018,53115.8
1739275200,1.8028,1.8028,1.7137,1.7458,70812.2
1739289600,1.7355,1.75,1.6668,1.6698,10502.1
1739304000,1.6688,1.7061,1.6668,1.6948,10273.7
1739318400,1.6909,1.7146,1.6731,1.685,10257.6
1739332800,1.6822,1.7035,1.6716,1.6895,10656.3
1739347200,1.6926,1.707,1.6732,1.6923,9387.5
1739361600,1.6936,1.7436,1.6505,1.7336,26497.4
1739376000,1.735,1.8046,1.7104,1.7885,14765.2
1739390400,1.785,1.8462,1.7761,1.8171,14200.9
1739404800,1.8189,1.8396,1.8096,1.8214,9256.5
1739419200,1.8251,1.8278,1.7397,1.742,18516.3
1739433600,1.7379,1.7627,1.7114,1.7197,19370.7
1739448000,1.7223,1.7891,1.6918,1.7192,53919.3
1739462400,1.7188,1.7801,1.7042,1.7642,8068.0
1739476800,1.7627,1.7727,1.7321,1.7459,8522.7
1739491200,1.7484,1.7732,1.7401,1.7702,4981.2
1739505600,1.7677,1.7745,1.732,1.7366,10053.4
1739520000,1.7384,1.7704,1.7243,1.7299,9936.1
1739534400,1.7303,1.7642,1.7198,1.7528,9542.7
1739548800,1.7543,1.7929,1.7402,1.7753,22457.9
1739563200,1.7747,1.7747,1.7247,1.7484,17380.5
1739577600,1.748,1.7657,1.7353,1.7531,9126.5
1739592000,1.7543,1.7639,1.7377,1.7494,8291.2
1739606400,1.7496,1.7621,1.7165,1.7212,8616.1
1739620800,1.7225,1.7367,1.6823,1.6886,12094.7
1739635200,1.6896,1.7001,1.6675,1.6744,7423.0
1739649600,1.6748,1.6794,1.6573,1.6671,6481.3
1739664000,1.6677,1.6856,1.6468,1.6598,8714.5
1739678400,1.6604,1.677,1.6548,1.6645,8700.6
1739692800,1.6617,1.7191,1.6617,1.712,24215.9
1739707200,1.7113,1.7132,1.6709,1.6863,8679.0
1739721600,1.6825,1.7004,1.6552,1.661,19841.3
1739736000,1.6613,1.6769,1.646,1.6615,5932.5
1739750400,1.6643,1.698,1.6614,1.6898,8731.7
1739764800,1.688,1.695,1.6544,1.6729,11995.6
1739779200,1.6721,1.704,1.6639,1.6967,7279.9
1739793600,1.6984,1.7749,1.6845,1.6855,50319.0
1739808000,1.6853,1.6965,1.621,1.6274,15004.6
1739822400,1.6276,1.6798,1.6276,1.6603,10121.5
1739836800,1.658,1.6659,1.6396,1.6446,14264.9
1739851200,1.6436,1.6481,1.5622,1.5772,13880.5
1739865600,1.5719,1.6125,1.5665,1.5992,10378.3
1739880000,1.5979,1.6195,1.5463,1.5487,9716.3
1739894400,1.549,1.5619,1.5198,1.5474,14722.1
1739908800,1.5475,1.5678,1.5375,1.563,13993.8
1739923200,1.5627,1.5676,1.5379,1.5473,12527.1
1739937600,1.5498,1.5846,1.5314,1.5776,10468.3
1739952000,1.5745,1.5897,1.5681,1.5807,5995.8
1739966400,1.581,1.5865,1.549,1.5757,11526.4
1739980800,1.5763,1.6674,1.5763,1.6198,41529.8
1739995200,1.6174,1.6799,1.6174,1.6749,12979.4
1740009600,1.6697,1.7557,1.6669,1.6868,60170.0
1740024000,1.688,1.688,1.6119,1.621,8494.0
1740038400,1.6192,1.6248,1.5911,1.6149,7292.5
1740052800,1.6182,1.6259,1.5837,1.5837,13827.5
1740067200,1.5832,1.6378,1.5796,1.6323,19136.3
1740081600,1.6313,1.6607,1.6305,1.6496,9285.2
1740096000,1.6498,1.6758,1.6401,1.6697,8347.3
1740110400,1.6713,1.736,1.6713,1.7156,10385.0
1740124800,1.7142,1.7412,1.6957,1.6957,8211.4
1740139200,1.6966,1.7192,1.6261,1.6429,18836.5
1740153600,1.6434,1.6727,1.5485,1.5523,19077.8
1740168000,1.555,1.5741,1.5272,1.5364,15208.5
1740182400,1.5362,1.5753,1.5259,1.5623,10279.3
1740196800,1.5621,1.5917,1.5612,1.5799,6237.3
1740211200,1.5809,1.6161,1.5809,1.6117,11396.6
1740225600,1.6155,1.6518,1.6123,1.6507,8891.7
1740240000,1.652,1.6701,1.6413,1.6488,10745.9
1740254400,1.651,1.8524,1.6422,1.7395,74622.6
1740268800,1.7358,1.7511,1.7057,1.7078,6975.2
1740283200,1.7061,1.7243,1.6915,1.7194,15348.6
1740297600,1.7197,1.7208,1.6605,1.6627,7315.7
1740312000,1.6633,1.7048,1.6403,1.6403,14298.3
1740326400,1.6394,1.681,1.6394,1.6614,10713.3
1740340800,1.6624,1.6729,1.6409,1.6544,9420.9
1740355200,1.6544,1.6579,1.5662,1.568,11625.6
1740369600,1.5663,1.5818,1.55,1.5679,8686.1
1740384000,1.5642,1.5797,1.5438,1.5774,8982.1
1740398400,1.5782,1.6031,1.5426,1.5641,12610.7
1740412800,1.5601,1.6134,1.5601,1.5841,16795.1
1740427200,1.5824,1.6498,1.4639,1.5066,39778.8
1740441600,1.5139,1.5139,1.4353,1.4673,30979.4
1740456000,1.4684,1.4865,1.3714,1.4203,32847.0
1740470400,1.42,1.4718,1.4085,1.4667,14368.2
1740484800,1.4667,1.48,1.4156,1.4496,21509.4
1740499200,1.4472,1.5027,1.441,1.5027,19017.6
1740513600,1.5005,1.53,1.4928,1.5134,7349.4
1740528000,1.5133,1.5247,1.4905,1.5148,8351.2
1740542400,1.5168,1.5357,1.5028,1.5131,20695.3
1740556800,1.5103,1.5161,1.4832,1.4832,10671.8
1740571200,1.4841,1.5153,1.4396,1.4932,11044.1
1740585600,1.4953,1.4962,1.4031,1.4321,16892.1
1740600000,1.4334,1.5231,1.425,1.5011,34232.4
1740614400,1.5051,1.5332,1.4834,1.5269,12608.8
1740628800,1.5239,1.543,1.5099,1.5238,4952.4
1740643200,1.5241,1.5392,1.5103,1.5181,10034.2
1740657600,1.5154,1.5202,1.4726,1.4911,14250.7
1740672000,1.4901,1.5092,1.463,1.4711,12306.5
1740686400,1.4694,1.4871,1.4325,1.4799,11519.0
1740700800,1.4799,1.4836,1.3883,1.3888,13273.9
1740715200,1.3907,1.442,1.3753,1.422,26638.9
1740729600,1.4167,1.4552,1.3901,1.4286,11508.6
1740744000,1.4288,1.5171,1.4261,1.5098,21790.2
1740758400,1.5122,1.5351,1.5034,1.5168,10731.3
1740772800,1.516,1.516,1.5002,1.5035,16514.7
1740787200,1.5014,1.5121,1.48,1.4989,9667.0
1740801600,1.4989,1.5151,1.4771,1.4839,10106.0
1740816000,1.4854,1.5073,1.4591,1.4628,17924.5
1740830400,1.4633,1.4742,1.4459,1.458,17160.1
1740844800,1.4565,1.465,1.4414,1.4563,9304.5
1740859200,1.4555,1.483,1.4479,1.4788,6818.6
1740873600,1.48,1.4814,1.455,1.4647,7808.9
1740888000,1.4669,1.4801,1.4503,1.4537,9944.0
1740902400,1.4528,1.4739,1.4516,1.4579,14178.4
1740916800,1.4559,1.5005,1.4292,1.49,23842.0
1740931200,1.4913,1.5996,1.4913,1.5893,28473.2
1740945600,1.5884,1.5913,1.5715,1.5851,9451.6
1740960000,1.5875,1.5882,1.4991,1.5113,22180.0
1740974400,1.5104,1.5333,1.4713,1.4939,9856.4
1740988800,1.4915,1.4962,1.4471,1.4613,12410.6
1741003200,1.4614,1.4802,1.4246,1.4363,11816.1
1741017600,1.4345,1.4542,1.3533,1.3533,18113.3
1741032000,1.3541,1.3625,1.3,1.3362,9287.7
1741046400,1.3358,1.3553,1.2574,1.306,18831.2
1741060800,1.3047,1.3351,1.2948,1.296,11981.4
1741075200,1.2958,1.3143,1.2871,1.2939,10827.8
1741089600,1.2961,1.3373,1.2662,1.297,32330.4
1741104000,1.296,1.3412,1.2267,1.3337,32927.7
1741118400,1.3351,1.3521,1.3072,1.3282,14407.5
1741132800,1.331,1.3433,1.2963,1.2963,15195.0
1741147200,1.2969,1.3289,1.2956,1.3259,14106.0
1741161600,1.3277,1.3748,1.3246,1.3421,14678.5
1741176000,1.3428,1.3558,1.313,1.326,18873.8
1741190400,1.327,1.363,1.3103,1.3479,17816.6
1741204800,1.3525,1.3612,1.3382,1.3472,10443.3
1741219200,1.3477,1.3621,1.3252,1.3621,8828.2
1741233600,1.3623,1.383,1.3573,1.3647,7810.4
1741248000,1.3643,1.3801,1.3632,1.3791,6418.9
1741262400,1.3791,1.3821,1.3412,1.3779,7640.3
1741276800,1.3804,1.3823,1.3243,1.332,11875.8
1741291200,1.331,1.3541,1.3273,1.342,9433.4
1741305600,1.3437,1.359,1.2839,1.3416,24068.7
1741320000,1.339,1.3589,1.336,1.3584,9218.8
1741334400,1.3584,1.3689,1.3377,1.3627,9469.3
1741348800,1.3672,1.3818,1.3399,1.3617,10794.9
1741363200,1.362,1.372,1.3282,1.3489,15438.8
1741377600,1.3507,1.3549,1.3049,1.3116,18218.5
1741392000,1.3078,1.3191,1.2902,1.3076,8935.5
1741406400,1.3092,1.3198,1.2837,1.2858,11214.4
1741420800,1.2862,1.2918,1.2599,1.2668,12915.2
1741435200,1.2682,1.2837,1.2641,1.2657,9201.3
1741449600,1.2642,1.2839,1.254,1.2808,13808.8
1741464000,1.2802,1.2811,1.249,1.2555,8781.4
1741478400,1.258,1.2678,1.243,1.2476,10886.9
1741492800,1.2489,1.2489,1.2196,1.2315,9268.8
1741507200,1.2323,1.235,1.197,1.2076,14864.1
1741521600,1.208,1.221,1.1821,1.1877,6130.9
1741536000,1.1883,1.1991,1.1068,1.1335,35607.5
1741550400,1.133,1.1517,1.1169,1.1238,13439.6
1741564800,1.1259,1.1593,1.1081,1.1412,19135.5
1741579200,1.1401,1.1667,1.1382,1.1665,6532.3
1741593600,1.1664,1.2127,1.1478,1.1937,14508.8
1741608000,1.1926,1.2012,1.1214,1.1357,18461.8
1741622400,1.1391,1.1407,1.0513,1.0987,26870.9
1741636800,1.1021,1.3116,1.0951,1.1734,706821.7
1741651200,1.1734,1.2312,1.1355,1.1726,238763.0
1741665600,1.176,1.1826,1.146,1.1512,67500.7
1741680000,1.1474,1.1899,1.1394,1.1721,37429.6
1741694400,1.1706,1.2097,1.1573,1.2027,52521.2
1741708800,1.1978,1.247,1.1806,1.2176,51927.3
1741723200,1.2168,1.2168,1.1916,1.1996,18501.0
1741737600,1.1991,1.2064,1.1439,1.1439,23951.2
1741752000,1.1457,1.1621,1.1333,1.1561,12492.0
1741766400,1.1564,1.1832,1.1535,1.174,15380.8
1741780800,1.1755,1.2129,1.1352,1.1472,35332.1
1741795200,1.151,1.1763,1.151,1.1649,18750.7
1741809600,1.1654,1.1829,1.1618,1.1824,8756.7
1741824000,1.1841,1.1885,1.1643,1.1703,9926.9
1741838400,1.1705,1.1753,1.1392,1.1479,15231.6
1741852800,1.1488,1.1821,1.1405,1.17,8139.5
1741867200,1.1729,1.1835,1.1382,1.148,14198.8
1741881600,1.1513,1.1516,1.118,1.1258,16812.2
1741896000,1.1273,1.142,1.1072,1.1339,10406.5
1741910400,1.1346,1.146,1.1271,1.136,7320.1
1741924800,1.1367,1.1541,1.1347,1.1489,7172.5
1741939200,1.1493,1.17,1.1477,1.166,16869.8
1741953600,1.164,1.2,1.1591,1.1887,18337.7
1741968000,1.1908,1.195,1.1749,1.1787,9270.0
1741982400,1.1793,1.1839,1.166,1.171,12052.3
1741996800,1.1712,1.1839,1.1647,1.1839,7407.4
1742011200,1.1832,1.1948,1.1729,1.1775,10024.7
1742025600,1.1771,1.1791,1.1646,1.174,9475.8
1742040000,1.1735,1.1879,1.1712,1.1857,6528.7
1742054400,1.1868,1.196,1.1823,1.1857,10395.8
1742068800,1.1871,1.206,1.1871,1.2029,8728.0
1742083200,1.2012,1.205,1.1852,1.1967,10323.9
1742097600,1.1972,1.2079,1.1922,1.2036,11090.0
1742112000,1.2042,1.2049,1.1607,1.1607,7357.0
1742126400,1.1593,1.171,1.1457,1.1604,11154.0
1742140800,1.1605,1.1806,1.1388,1.1419,14484.6
1742155200,1.1425,1.159,1.1413,1.1478,10199.1
1742169600,1.1483,1.1779,1.1479,1.1767,9930.9
1742184000,1.1788,1.19,1.167,1.189,9791.5
1742198400,1.1883,1.2111,1.1773,1.1945,6578.0
1742212800,1.1948,1.2162,1.1801,1.1978,18469.3
1742227200,1.199,1.2697,1.199,1.2271,28598.2
1742241600,1.2273,1.423,1.2263,1.2929,330946.8
1742256000,1.2926,1.4201,1.278,1.3038,381074.0
1742270400,1.3022,1.3316,1.2564,1.283,133388.4
1742284800,1.2841,1.3919,1.269,1.294,359624.8
1742299200,1.2928,1.3382,1.2541,1.2604,163766.3
1742313600,1.2602,1.3368,1.2546,1.2816,391284.3
1742328000,1.2827,1.2918,1.2637,1.2877,83548.2
1742342400,1.2852,1.3475,1.2834,1.3472,71648.2
1742356800,1.3513,1.3546,1.2885,1.2915,67153.5
1742371200,1.2956,1.3154,1.2844,1.313,54331.5
1742385600,1.3146,1.3156,1.281,1.2896,64633.3
1742400000,1.2915,1.3,1.2652,1.28,76262.1
1742414400,1.2793,1.2962,1.2735,1.2929,10468.1
1742428800,1.2937,1.2998,1.2739,1.2762,52741.1
1742443200,1.2759,1.2974,1.2741,1.29,12804.0
1742457600,1.2914,1.3087,1.2729,1.273,21914.9
1742472000,1.2734,1.3033,1.2727,1.2929,8562.7
1742486400,1.2953,1.3089,1.2689,1.2917,26841.0
1742500800,1.2916,1.2962,1.2755,1.2822,14854.1
1742515200,1.2834,1.3105,1.2833,1.2871,9480.4
1742529600,1.2874,1.327,1.2869,1.3038,18061.2
1742544000,1.3019,1.3109,1.2391,1.246,30518.2
1742558400,1.2447,1.2632,1.2426,1.248,7483.3
1742572800,1.247,1.267,1.2233,1.2647,25183.2
1742587200,1.2634,1.2644,1.2422,1.2457,7002.1
1742601600,1.2454,1.2678,1.2324,1.2645,9629.0
1742616000,1.2653,1.29,1.2651,1.2797,9957.1
1742630400,1.2797,1.3194,1.2766,1.3094,25540.5
1742644800,1.312,1.6595,1.3097,1.5533,386529.0
1742659200,1.5572,1.6513,1.5051,1.5051,314486.8
1742673600,1.5,1.5127,1.4461,1.4682,53267.4
1742688000,1.4694,1.4832,1.4246,1.4478,62139.2
1742702400,1.447,1.4511,1.4054,1.4085,42331.3
1742716800,1.4075,1.4241,1.3925,1.4152,43226.4
1742731200,1.4144,1.4162,1.3668,1.3717,12963.1
1742745600,1.3718,1.4462,1.351,1.4185,43494.0
1742760000,1.4184,1.462,1.4081,1.4142,18188.9
1742774400,1.413,1.4369,1.4004,1.428,22410.9
1742788800,1.4276,1.4276,1.3822,1.3835,14985.4
1742803200,1.3836,1.3979,1.3806,1.3819,54100.5
1742817600,1.3834,1.394,1.3717,1.3901,64745.8
1742832000,1.3902,1.4149,1.3834,1.4042,8070.6
1742846400,1.4052,1.4226,1.3989,1.408,13514.4
1742860800,1.4081,1.4231,1.3737,1.378,18087.2
1742875200,1.3757,1.4018,1.3701,1.388,10443.3
1742889600,1.3871,1.4007,1.3781,1.3946,12647.6
1742904000,1.3948,1.4171,1.3888,1.3975,13873.0
1742918400,1.4008,1.4228,1.3961,1.4117,10978.8
1742932800,1.4097,1.4239,1.4019,1.4167,11663.8
1742947200,1.4161,1.4277,1.3914,1.3975,7754.9
1742961600,1.3969,1.4166,1.3959,1.4166,15291.6
1742976000,1.415,1.4427,1.4148,1.4318,10381.9
1742990400,1.4312,1.4321,1.3779,1.3921,11551.4
1743004800,1.3947,1.403,1.3517,1.3664,14062.8
1743019200,1.3663,1.398,1.3651,1.3936,8262.9
1743033600,1.392,1.4286,1.3859,1.4214,5414.6
1743048000,1.423,1.4307,1.4138,1.418,6576.9
1743062400,1.417,1.42,1.3703,1.3746,10281.2
1743076800,1.3733,1.3947,1.3571,1.3894,12656.1
1743091200,1.3886,1.3992,1.3738,1.3822,9267.3
1743105600,1.3839,1.3877,1.3645,1.3663,10423.5
1743120000,1.3671,1.3737,1.3403,1.3483,10477.6
1743134400,1.3466,1.3576,1.2673,1.2738,43911.7
1743148800,1.2718,1.2922,1.2571,1.2819,28832.9
1743163200,1.2826,1.2878,1.2623,1.2654,17703.5
1743177600,1.2653,1.2673,1.242,1.2451,9808.0
1743192000,1.2458,1.2544,1.2255,1.2503,13062.6
1743206400,1.2508,1.2585,1.2054,1.2263,14484.4
1743220800,1.2258,1.2406,1.2091,1.216,14974.2
1743235200,1.2174,1.2326,1.1841,1.1912,17535.5
1743249600,1.1907,1.2106,1.1907,1.1938,8150.7
1743264000,1.1942,1.1972,1.1527,1.182,18651.8
1743278400,1.1847,1.1913,1.1698,1.1893,9430.6
1743292800,1.1888,1.2093,1.1748,1.204,10126.8
1743307200,1.2067,1.2203,1.2043,1.2136,9952.2
1743321600,1.2135,1.2264,1.2002,1.2087,8902.2
1743336000,1.2096,1.2167,1.1867,1.1994,34753.6
1743350400,1.1995,1.21,1.181,1.2028,13003.7
1743364800,1.2033,1.2081,1.1769,1.188,7391.7
1743379200,1.1885,1.195,1.1648,1.1701,14582.6
1743393600,1.171,1.1893,1.1536,1.1632,11899.4
1743408000,1.1637,1.1754,1.1371,1.1679,13638.1
1743422400,1.1705,1.2013,1.161,1.1925,11699.2
1743436800,1.1942,1.1967,1.1721,1.1728,12066.7
1743451200,1.1739,1.1817,1.1613,1.165,12111.5
1743465600,1.1644,1.2012,1.1644,1.1918,13688.3
1743480000,1.1936,1.2084,1.1913,1.2039,12231.2
1743494400,1.2056,1.2252,1.19,1.1958,9969.9
1743508800,1.1939,1.2203,1.172,1.2171,17552.1
1743523200,1.2188,1.2207,1.1756,1.1779,12196.5
1743537600,1.1774,1.1823,1.1619,1.1731,8544.0
1743552000,1.1724,1.1754,1.1153,1.1422,9807.7
1743566400,1.1428,1.1488,1.1201,1.1331,10884.0
1743580800,1.1338,1.1554,1.1298,1.1445,16199.5
1743595200,1.1446,1.1878,1.1347,1.1762,14716.8
1743609600,1.1802,1.1888,1.1527,1.1725,11316.3
1743624000,1.1701,1.1979,1.0796,1.0958,36294.8
1743638400,1.0952,1.1348,1.091,1.1244,16476.0
1743652800,1.124,1.1346,1.0928,1.1071,21570.5
1743667200,1.1078,1.1136,1.0592,1.0706,14790.3
1743681600,1.0757,1.0799,1.0489,1.07,23271.8
1743696000,1.0715,1.1005,1.0676,1.0951,11070.5
1743710400,1.0967,1.1166,1.0958,1.1043,11675.9
1743724800,1.1037,1.1084,1.0871,1.0951,13049.8
1743739200,1.0947,1.1142,1.0905,1.1142,9248.2
1743753600,1.1144,1.1222,1.0573,1.0671,10707.2
1743768000,1.0654,1.0967,1.055,1.083,20687.3
1743782400,1.0841,1.1013,1.0719,1.0914,10848.2
1743796800,1.0917,1.1045,1.0867,1.0967,25340.6
1743811200,1.0983,1.1121,1.0969,1.1087,9130.8
1743825600,1.1084,1.1173,1.0913,1.1017,13296.1
1743840000,1.1029,1.1061,1.0928,1.0928,6316.5
1743854400,1.0932,1.0958,1.0644,1.0671,32113.1
1743868800,1.0675,1.0767,1.0627,1.0668,10675.6
1743883200,1.0678,1.0822,1.0661,1.0812,7567.8
1743897600,1.0804,1.0843,1.065,1.0682,9235.6
1743912000,1.0678,1.0836,1.0626,1.0711,9283.9
1743926400,1.0717,1.0814,1.0684,1.0747,12467.3
1743940800,1.0742,1.0783,1.0313,1.0546,22458.7
1743955200,1.0539,1.0539,0.98068,0.9932,9759.7
1743969600,0.99589,0.99926,0.95519,0.97553,13965.0
1743984000,0.9775,1.0056,0.95791,0.96652,6352.1
1743998400,0.97242,0.99299,0.89351,0.92447,19959.2
1744012800,0.91751,0.96572,0.91574,0.95218,28251.0
1744027200,0.95387,1.0351,0.95187,1.0034,8716.9
1744041600,1.0008,1.0206,0.98357,1.0001,10820.5
1744056000,1.0032,1.0212,1.0012,1.0052,8913.6
1744070400,1.0071,1.038,0.99515,1.0166,7182.9
1744084800,1.0166,1.0205,0.99258,0.99525,10351.6
1744099200,0.99658,1.0196,0.99039,1.0175,14082.8
1744113600,1.0198,1.0226,0.98829,0.99507,12592.7
1744128000,0.99492,0.99516,0.95092,0.96169,12119.9
1744142400,0.96352,0.971,0.95242,0.96061,6852.1
1744156800,0.96097,0.96902,0.92062,0.95938,15976.7
1744171200,0.96826,0.99385,0.96161,0.9916,5064.4
1744185600,0.99295,0.99533,0.96137,0.96631,8230.8
1744200000,0.96629,0.99418,0.95898,0.98207,12263.3
1744214400,0.98323,1.0517,0.98227,1.0387,16572.9
1744228800,1.0402,1.0645,1.0393,1.0605,4979.7
1744243200,1.0597,1.0597,1.0348,1.0413,10844.5
1744257600,1.0419,1.0482,1.0308,1.039,7992.5
1744272000,1.0409,1.0409,1.0225,1.028,6150.9
1744286400,1.0279,1.0458,0.98904,0.99008,19038.7
1744300800,0.9885,1.012,0.98751,1.0044,7613.9
1744315200,1.0039,1.0158,1.0039,1.0151,4799.1
1744329600,1.0151,1.0407,1.0108,1.0401,4387.5
1744344000,1.0389,1.0447,1.0375,1.0391,2205.2
1744358400,1.0339,1.0486,1.0333,1.0413,5892.9
1744372800,1.0404,1.0623,1.0382,1.0623,8656.3
1744387200,1.0607,1.0815,1.06,1.076,3716.8
1744401600,1.0751,1.0827,1.0706,1.0717,4972.8
1744416000,1.0716,1.0738,1.0496,1.0551,10871.3
1744430400,1.0541,1.0623,1.0499,1.054,3261.2
1744444800,1.0535,1.0703,1.0523,1.0644,5190.7
1744459200,1.061,1.0994,1.061,1.0947,3836.3
1744473600,1.0961,1.1539,1.0909,1.113,51216.5
1744488000,1.1189,1.1262,1.1078,1.1096,7273.6
1744502400,1.1085,1.1094,1.0855,1.0885,8998.3
1744516800,1.0907,1.1361,1.0773,1.1076,54618.4
1744531200,1.1072,1.1166,1.083,1.0909,5344.3
1744545600,1.0905,1.0938,1.057,1.0605,11276.5
1744560000,1.0696,1.1024,1.0329,1.047,9957.1
1744574400,1.0456,1.0628,1.0311,1.0479,13433.0
1744588800,1.0506,1.079,1.0465,1.0527,9268.0
1744603200,1.0548,1.0756,1.0537,1.0615,10796.8
1744617600,1.0656,1.0935,1.0611,1.0919,5925.7
1744632000,1.0936,1.098,1.0531,1.0551,7474.3
1744646400,1.0601,1.0876,1.0531,1.0793,6160.4
1744660800,1.0783,1.0855,1.058,1.058,8491.5
1744675200,1.0572,1.0691,1.0501,1.0615,13545.4
1744689600,1.0617,1.0703,1.0514,1.07,3810.2
1744704000,1.0699,1.077,1.0583,1.066,10252.6
1744718400,1.0658,1.0762,1.048,1.0641,9267.5
1744732800,1.0664,1.0664,1.0421,1.0534,7636.6
1744747200,1.0551,1.06,1.0413,1.048,4499.0
1744761600,1.049,1.0668,1.0435,1.0571,5351.9
1744776000,1.0586,1.0631,1.0443,1.0472,7891.5
1744790400,1.0466,1.0556,1.0323,1.0382,8304.0
1744804800,1.0394,1.0437,1.0169,1.033,8467.5
1744819200,1.0334,1.0406,0.99,1.0367,22401.2
1744833600,1.0371,1.0414,1.0129,1.0136,7089.7
1744848000,1.0137,1.0207,1.0011,1.005,18610.5
1744862400,1.0051,1.0255,1.0012,1.0211,10055.6
1744876800,1.0213,1.0243,1.0101,1.0218,9676.8
1744891200,1.0224,1.0308,1.0103,1.0276,9075.0
1744905600,1.0287,1.0466,1.024,1.0319,5594.4
1744920000,1.0334,1.0416,1.0283,1.0337,6473.7
1744934400,1.0359,1.042,1.0268,1.0399,11236.4
1744948800,1.0418,1.0525,1.0373,1.0511,3277.3
1744963200,1.0561,1.0671,1.0523,1.0595,6410.6
1744977600,1.0586,1.0643,1.0502,1.0543,7488.6
1744992000,1.0556,1.0782,1.0539,1.069,24785.2
1745006400,1.0699,1.0736,1.0596,1.0662,10522.5
1745020800,1.0697,1.1123,1.0697,1.094,14366.7
1745035200,1.0924,1.094,1.0843,1.0864,6483.1
1745049600,1.0881,1.0895,1.0758,1.0802,6700.3
1745064000,1.0813,1.105,1.0788,1.0988,7660.0
1745078400,1.0989,1.1101,1.0933,1.1039,3791.2
1745092800,1.1054,1.1127,1.0994,1.1095,3677.3
1745107200,1.1095,1.1188,1.099,1.1175,6501.2
1745121600,1.1162,1.1268,1.1003,1.1023,6135.6
1745136000,1.0826,1.0862,1.0752,1.082,3413.6
1745150400,1.0817,1.0942,1.0808,1.0863,8625.0
1745164800,1.0952,1.1046,1.0929,1.1,5838.0
1745179200,1.1018,1.1113,1.0996,1.1091,5503.3
1745193600,1.1084,1.1272,1.1074,1.1127,14440.6
1745208000,1.1127,1.1334,1.1085,1.1305,5745.5
1745222400,1.1352,1.148,1.1236,1.1304,6043.1
1745236800,1.1293,1.1386,1.1207,1.1383,7019.1
1745251200,1.137,1.1397,1.1089,1.135,15198.1
1745265600,1.1305,1.1331,1.1143,1.119,6448.6
1745280000,1.1195,1.1328,1.1065,1.125,10266.3
1745294400,1.1216,1.1286,1.097,1.1236,5942.9
1745308800,1.1246,1.1301,1.1119,1.1278,3839.9
1745323200,1.1306,1.1587,1.127,1.1508,5391.3
1745337600,1.1529,1.1645,1.151,1.1545,6650.9
1745352000,1.1561,1.1917,1.155,1.1852,5256.9
1745366400,1.1869,1.1995,1.1812,1.1988,9440.0
1745380800,1.2,1.2094,1.1923,1.2042,4923.6
1745395200,1.2039,1.2192,1.1939,1.2057,5001.8
1745409600,1.2042,1.2208,1.1435,1.1554,7275.8
1745424000,1.1576,1.192,1.1497,1.1639,10877.3
1745438400,1.1646,1.2003,1.1619,1.1881,13825.3
1745452800,1.1896,1.1966,1.1544,1.1567,6350.1
1745467200,1.1586,1.1761,1.1553,1.1576,8331.5
1745481600,1.1598,1.1668,1.1445,1.1655,5611.9
1745496000,1.1672,1.1985,1.1633,1.183,4253.0
1745510400,1.184,1.1922,1.1607,1.1749,6217.3
1745524800,1.1727,1.1946,1.1708,1.1924,6459.4
1745539200,1.1932,1.2078,1.1678,1.18,5911.0
1745553600,1.1774,1.2178,1.1774,1.2175,36303.6
1745568000,1.2203,1.2203,1.196,1.2149,10538.4
1745582400,1.2119,1.2189,1.1956,1.1989,12462.0
1745596800,1.2005,1.2099,1.1912,1.2011,5463.2
1745611200,1.2043,1.2226,1.1898,1.2072,4230.0
1745625600,1.2074,1.2585,1.2051,1.2443,4734.1
1745640000,1.2441,1.2479,1.2267,1.2334,5747.4
1745654400,1.2343,1.239,1.1983,1.1994,8400.6
1745668800,1.2013,1.224,1.19,1.224,15411.5
1745683200,1.2204,1.2482,1.2093,1.2224,6387.6
1745697600,1.2275,1.2363,1.2185,1.2318,4737.4
1745712000,1.2338,1.2365,1.1844,1.2053,5995.9
1745726400,1.2037,1.209,1.1836,1.1953,3462.6
1745740800,1.1967,1.2054,1.1931,1.1945,6061.6
1745755200,1.1951,1.1969,1.1767,1.1813,7826.0
1745769600,1.1828,1.1943,1.1742,1.1915,5610.0
1745784000,1.1919,1.2,1.1791,1.1823,6563.8
1745798400,1.1829,1.1875,1.1415,1.1733,20005.2
1745812800,1.1722,1.2085,1.1707,1.2081,7381.9
1745827200,1.2097,1.2181,1.1949,1.2074,4436.6
1745841600,1.2074,1.2101,1.1542,1.1612,8191.5
1745856000,1.1652,1.2057,1.16,1.201,3896.3
1745870400,1.204,1.2048,1.1872,1.203,7304.0
1745884800,1.204,1.2154,1.203,1.2077,4403.5
1745899200,1.2076,1.2224,1.1977,1.2209,28550.8
1745913600,1.2211,1.226,1.1931,1.1985,83303.8
1745928000,1.1975,1.2124,1.0711,1.1972,103086.9
1745942400,1.1967,1.205,1.1889,1.1953,4821.4
1745956800,1.1947,1.199,1.1627,1.1762,11492.2
1745971200,1.1767,1.1828,1.1672,1.181,3387.0
1745985600,1.1824,1.1922,1.1755,1.1779,5657.2
1746000000,1.1798,1.2116,1.179,1.2101,4896.5
1746014400,1.2115,1.2122,1.1423,1.1658,6163.6
1746028800,1.163,1.1835,1.1607,1.1826,5236.4
1746043200,1.1796,1.1897,1.1759,1.1853,9290.5
1746057600,1.1862,1.2015,1.1851,1.1851,2780.5
1746072000,1.1856,1.2001,1.1849,1.1992,4918.5
1746086400,1.1996,1.2189,1.1963,1.2092,4044.2
1746100800,1.2127,1.2172,1.1951,1.1998,10595.8
1746115200,1.2007,1.2102,1.1905,1.2072,4056.7
1746129600,1.2051,1.2131,1.1934,1.1997,5123.9
1746144000,1.1999,1.2095,1.1936,1.2044,4737.7
1746158400,1.2042,1.2042,1.186,1.1876,8476.3
1746172800,1.1877,1.2042,1.1863,1.1948,6005.7
1746187200,1.1975,1.2112,1.1868,1.2063,3196.4
1746201600,1.2075,1.2137,1.186,1.186,3312.4
1746216000,1.1866,1.1969,1.186,1.1909,5277.1
1746230400,1.191,1.1944,1.1744,1.1841,5468.2
1746244800,1.1832,1.1867,1.1675,1.1704,4029.1
1746259200,1.1698,1.1734,1.1345,1.1449,15176.1
1746273600,1.1449,1.1837,1.1449,1.1632,22329.2
1746288000,1.1669,1.1742,1.1193,1.1448,15599.6
1746302400,1.1422,1.1462,1.1312,1.1315,7954.0
1746316800,1.1283,1.1463,1.1197,1.1281,9346.6
1746331200,1.1261,1.1382,1.1199,1.1249,7414.9
1746345600,1.126,1.1268,1.106,1.1196,15367.1
1746360000,1.121,1.1231,1.106,1.1064,2969.7
1746374400,1.1079,1.1145,1.0977,1.1107,10516.4
1746388800,1.1123,1.1226,1.1062,1.1151,6911.0
1746403200,1.1144,1.1265,1.099,1.1174,7879.6
1746417600,1.1188,1.1312,1.1188,1.1296,6094.8
1746432000,1.1317,1.1352,1.1036,1.1051,9583.5
1746446400,1.1039,1.1139,1.0967,1.1039,6191.8
1746460800,1.1051,1.1926,1.1051,1.1239,37078.5
1746475200,1.1256,1.143,1.0957,1.1322,12032.9
1746489600,1.1343,1.1449,1.1133,1.1326,14821.0
1746504000,1.134,1.1348,1.1122,1.1142,4667.1
1746518400,1.1132,1.1163,1.0804,1.0865,3959.9
1746532800,1.0867,1.1068,1.0788,1.0951,6235.1
1746547200,1.0933,1.1167,1.087,1.1058,5494.6
1746561600,1.1057,1.1188,1.0679,1.1162,6334.2
1746576000,1.1188,1.1436,1.1091,1.1153,32374.0
1746590400,1.1183,1.123,1.109,1.1203,9829.2
1746604800,1.1211,1.1342,1.1155,1.1221,9713.9
1746619200,1.122,1.1804,1.104,1.105,46166.0
1746633600,1.1059,1.114,1.0955,1.1058,15736.2
1746648000,1.1034,1.1265,1.1019,1.1212,6071.3
1746662400,1.1197,1.1517,1.1197,1.1505,25156.7
1746676800,1.1513,1.1686,1.1474,1.1658,6909.2
1746691200,1.1667,1.1913,1.1667,1.1891,7894.0
1746705600,1.19,1.2156,1.1782,1.2086,10576.4
1746720000,1.2137,1.2249,1.2044,1.2228,7417.4
1746734400,1.2233,1.2768,1.2233,1.2744,8382.3
1746748800,1.2795,1.3057,1.2692,1.2926,13182.5
1746763200,1.293,1.3224,1.2901,1.3082,10826.1
1746777600,1.3078,1.3413,1.2889,1.3142,14114.5
1746792000,1.3165,1.3303,1.288,1.3154,10336.0
1746806400,1.3034,1.3214,1.2967,1.2996,23258.4
1746820800,1.297,1.3182,1.2955,1.3126,7097.9
1746835200,1.3105,1.3465,1.3105,1.3178,14564.7
1746849600,1.318,1.3402,1.3041,1.3344,9528.5
1746864000,1.334,1.3473,1.2993,1.3154,5119.7
1746878400,1.3179,1.3403,1.3047,1.3082,8181.1
1746892800,1.3077,1.347,1.3038,1.3307,8758.3
1746907200,1.326,1.3777,1.3194,1.3723,7593.0
1746921600,1.371,1.3899,1.326,1.3817,12854.0
1746936000,1.3779,1.389,1.3125,1.3219,6886.6
1746950400,1.3211,1.3494,1.302,1.3461,15340.9
1746964800,1.3468,1.3529,1.3168,1.3272,14624.6
1746979200,1.3285,1.3561,1.3166,1.3455,5847.0
1746993600,1.3445,1.3626,1.3354,1.3526,3081.0
1747008000,1.3545,1.3757,1.3339,1.3736,10079.6
1747022400,1.3734,1.4117,1.3558,1.383,5876.3
1747036800,1.3873,1.4072,1.3699,1.3713,4181.5
1747051200,1.3721,1.4003,1.3314,1.3384,18102.7
1747065600,1.3396,1.3677,1.2717,1.3211,14703.5
1747080000,1.3224,1.3546,1.322,1.3441,3664.6
1747094400,1.347,1.347,1.2527,1.255,13732.3
1747108800,1.2521,1.3009,1.2521,1.2947,5328.8
1747123200,1.3011,1.3187,1.2925,1.3102,5753.2
1747137600,1.3099,1.3387,1.3051,1.3387,7150.1
1747152000,1.3364,1.4046,1.3353,1.4,5642.4
1747166400,1.3989,1.4074,1.3884,1.3895,5074.3
1747180800,1.3922,1.3991,1.3611,1.3685,26626.8
1747195200,1.3653,1.4065,1.3514,1.3995,8374.5
1747209600,1.4008,1.4076,1.3621,1.3814,13438.2
1747224000,1.3785,1.3831,1.3344,1.3487,9408.8
1747238400,1.3485,1.3621,1.334,1.3561,7493.2
1747252800,1.3563,1.3633,1.3418,1.3479,3876.1
1747267200,1.3467,1.381,1.3078,1.3091,14409.1
1747281600,1.3043,1.3134,1.2625,1.2625,11905.7
1747296000,1.2625,1.2934,1.2625,1.2855,6284.8
1747310400,1.2861,1.2964,1.2419,1.2855,7362.2
1747324800,1.2855,1.3063,1.2507,1.2636,4726.5
1747339200,1.2694,1.2694,1.2238,1.2539,7675.0
1747353600,1.2557,1.275,1.247,1.2705,7280.3
1747368000,1.2716,1.2967,1.2651,1.292,6627.2
1747382400,1.2946,1.3024,1.2638,1.2876,4805.0
1747396800,1.2889,1.2912,1.2569,1.2735,5977.8
1747411200,1.2743,1.2766,1.2432,1.2541,8727.3
1747425600,1.2519,1.2547,1.2102,1.2253,16696.1
1747440000,1.2247,1.2255,1.1762,1.1977,9157.1
1747454400,1.1949,1.2123,1.1832,1.1882,3201.6
1747468800,1.1875,1.1942,1.1744,1.1905,6908.5
1747483200,1.1868,1.1943,1.1654,1.1844,4773.8
1747497600,1.184,1.1937,1.1672,1.1745,3970.8
1747512000,1.1716,1.1924,1.1699,1.1813,11934.9
1747526400,1.1816,1.1933,1.1773,1.1841,3804.7
1747540800,1.1845,1.2161,1.183,1.2113,7033.8
1747555200,1.2129,1.2251,1.2004,1.2019,8179.9
1747569600,1.1963,1.2465,1.1933,1.2408,7492.4
1747584000,1.2407,1.2454,1.1697,1.1708,9937.2
1747598400,1.1618,1.2264,1.144,1.2264,6524.3
1747612800,1.2331,1.2355,1.1722,1.1753,7604.3
1747627200,1.1732,1.1754,1.1431,1.1644,8757.8
1747641600,1.1628,1.1677,1.1468,1.1553,5824.9
1747656000,1.1531,1.182,1.136,1.1781,4990.9
1747670400,1.1683,1.1982,1.1672,1.1862,5993.7
1747684800,1.1869,1.1956,1.1806,1.1945,4310.2
1747699200,1.1945,1.2202,1.186,1.2002,3879.2
1747713600,1.2024,1.2074,1.1799,1.1824,5240.8
1747728000,1.1815,1.1834,1.1605,1.1725,8219.4
1747742400,1.1751,1.1884,1.1602,1.1848,4064.3
1747756800,1.1865,1.1921,1.161,1.1892,4739.9
1747771200,1.188,1.2104,1.1835,1.2062,2597.3
1747785600,1.2068,1.2119,1.1868,1.2055,3560.9
1747800000,1.2076,1.2225,1.1938,1.1966,4087.0
1747814400,1.1967,1.2075,1.1858,1.2034,3602.5
1747828800,1.2024,1.2206,1.1969,1.2188,3424.3
1747843200,1.2203,1.2509,1.1937,1.2251,7213.3
1747857600,1.2278,1.253,1.216,1.2385,6157.2
1747872000,1.2345,1.2663,1.2337,1.2643,3800.0
1747886400,1.2657,1.2847,1.2634,1.279,10841.5
1747900800,1.2812,1.2917,1.2752,1.2838,4075.6
1747915200,1.2845,1.3176,1.2814,1.3102,3611.6
1747929600,1.3112,1.3188,1.3047,1.3071,15271.6
1747944000,1.3131,1.34,1.3077,1.34,3298.3
1747958400,1.3414,1.3684,1.3378,1.3638,4361.3
1747972800,1.3638,1.3647,1.3117,1.3199,28730.9
1747987200,1.3191,1.3469,1.2757,1.2807,43879.7
1748001600,1.2824,1.2996,1.2559,1.2703,8415.3
1748016000,1.2729,1.2812,1.256,1.264,8791.1
1748030400,1.2574,1.2574,1.203,1.2094,1269.0
1748044800,1.2053,1.2223,1.2053,1.2202,1323.6
1748059200,1.2214,1.2271,1.211,1.2133,1466.9
1748073600,1.2133,1.2273,1.2073,1.2244,872.3
1748088000,1.2237,1.2354,1.2237,1.2315,8347.8
1748102400,1.2263,1.2406,1.2263,1.2334,208.8
1748116800,1.2356,1.2403,1.2177,1.2203,426.1
1748131200,1.2216,1.2231,1.1951,1.2078,3167.8
1748145600,1.2013,1.2013,1.175,1.1881,5648.6
1748160000,1.1785,1.1785,1.1558,1.1558,2434.7
1748174400,1.1613,1.1647,1.1441,1.159,12686.4
1748188800,1.1563,1.1563,1.1484,1.1533,311.6
1748203200,1.1673,1.1939,1.1622,1.1903,1672.1
1748217600,1.1962,1.2058,1.1962,1.1964,1108.1
1748232000,1.1969,1.2103,1.1969,1.2103,414.7
1748246400,1.2135,1.2135,1.2026,1.2026,176.2
1748260800,1.1932,1.1932,1.1792,1.191,875.9
1748275200,1.1891,1.1891,1.1733,1.178,82.1
1748289600,1.1751,1.1894,1.1751,1.1894,897.5
1748304000,1.1925,1.1988,1.1632,1.1958,1599.2
1748318400,1.1925,1.2139,1.1854,1.2087,86991.3
1748332800,1.2092,1.2217,1.2092,1.2185,5161.7
1748347200,1.2175,1.2407,1.2074,1.2266,8405.0
1748361600,1.2322,1.3422,1.231,1.2573,103505.8
1748376000,1.2568,1.2609,1.2315,1.2377,4950.7
1748390400,1.2361,1.2532,1.227,1.2496,4955.5
1748404800,1.2499,1.2531,1.2261,1.2352,4211.4
1748419200,1.2384,1.2561,1.222,1.2538,3189.1
1748433600,1.2551,1.2723,1.2105,1.2141,10272.7
1748448000,1.2112,1.2384,1.1951,1.1951,5119.9
1748462400,1.1878,1.2313,1.187,1.2273,3671.4
1748476800,1.2284,1.2658,1.2231,1.2516,4128.1
1748491200,1.2522,1.2522,1.2234,1.2394,3511.3
1748505600,1.2389,1.2606,1.2369,1.2506,7110.4
1748520000,1.2459,1.2487,1.2066,1.2159,3671.5
1748534400,1.2153,1.2227,1.1936,1.1978,5465.2
1748548800,1.1992,1.2176,1.1904,1.197,14766.3
1748563200,1.1966,1.2022,1.1274,1.1738,28564.8
1748577600,1.1733,1.1757,1.1406,1.1503,3736.7
1748592000,1.1458,1.1635,1.1366,1.1594,4026.3
1748606400,1.159,1.1774,1.1395,1.1557,8466.0
1748620800,1.1541,1.1587,1.107,1.1303,20036.2
1748635200,1.1293,1.133,1.0545,1.0625,12171.9
1748649600,1.0617,1.063,1.0203,1.0471,20202.9
1748664000,1.0442,1.0722,1.0437,1.0638,4131.1
1748678400,1.0639,1.0658,1.0487,1.0576,2264.0
1748692800,1.0572,1.0902,1.0558,1.0857,5872.1
1748707200,1.0877,1.1114,1.0877,1.1088,2826.4
1748721600,1.1072,1.119,1.0883,1.0896,6317.5
1748736000,1.0886,1.0936,1.0695,1.0755,7025.0
1748750400,1.0761,1.0896,1.0732,1.0822,3538.1
1748764800,1.0846,1.0861,1.0629,1.0813,4419.0
1748779200,1.0823,1.1029,1.0732,1.1002,4207.8
1748793600,1.0993,1.1212,1.0917,1.1212,4010.2
1748808000,1.1197,1.137,1.1197,1.1328,5339.4
1748822400,1.1277,1.1343,1.1043,1.1077,5146.3
1748836800,1.1077,1.1196,1.1023,1.1166,3173.5
1748851200,1.1189,1.1211,1.0966,1.1033,3364.5
1748865600,1.1058,1.1281,1.1058,1.1264,4707.3
1748880000,1.1252,1.131,1.1077,1.1091,2657.1
1748894400,1.1125,1.1459,1.1124,1.1416,3096.7
1748908800,1.1405,1.157,1.137,1.1445,3453.2
1748923200,1.1446,1.1562,1.1373,1.1488,5748.1
1748937600,1.1504,1.1569,1.1364,1.1495,3678.9
1748952000,1.1519,1.1721,1.1519,1.1646,3737.3
1748966400,1.164,1.174,1.1538,1.1737,3590.2
1748980800,1.177,1.2288,1.1731,1.2196,22147.3
1748995200,1.2207,1.2742,1.2128,1.2193,79012.5
1749009600,1.2087,1.211,1.173,1.18,4700.8
1749024000,1.1768,1.1944,1.1519,1.1571,9464.0
1749038400,1.1497,1.1767,1.1453,1.1748,3385.7
1749052800,1.1737,1.175,1.1516,1.1528,3861.9
1749067200,1.1483,1.1546,1.1341,1.1383,5109.7
1749081600,1.1392,1.1509,1.1287,1.1436,11058.1
1749096000,1.14,1.1432,1.1151,1.1316,6525.0
1749110400,1.1313,1.1435,1.128,1.1344,3468.5
1749124800,1.1315,1.1512,1.1165,1.1361,6012.5
1749139200,1.1348,1.1348,1.082,1.0944,43582.5
1749153600,1.0937,1.0971,1.0514,1.0664,14619.9
1749168000,1.0679,1.0815,1.0613,1.0808,11425.6
1749182400,1.0791,1.0878,1.0762,1.0807,2838.3
1749196800,1.0816,1.0987,1.0808,1.0933,5107.4
1749211200,1.0954,1.4582,1.0944,1.3384,1059052.1000000001
1749225600,1.3383,1.355,1.1652,1.2012,440316.3
1749240000,1.1973,1.2328,1.1834,1.1995,358709.0
1749254400,1.1985,1.2699,1.1872,1.2025,185779.5
1749268800,1.2034,1.228,1.1986,1.2263,22676.1
1749283200,1.2263,1.2325,1.1774,1.1919,105347.7
1749297600,1.1936,1.2184,1.1835,1.1902,140020.5
1749312000,1.1922,1.1942,1.1718,1.1859,48527.5
1749326400,1.187,1.209,1.1831,1.207,43666.9
1749340800,1.2015,1.227,1.197,1.2224,13046.5
1749355200,1.219,1.265,1.2132,1.2467,40305.9
1749369600,1.2498,1.3097,1.2379,1.2959,257429.5
1749384000,1.2953,1.3284,1.2745,1.3109,167910.5
1749398400,1.3122,1.3661,1.2909,1.3628,42535.2
1749412800,1.3657,1.3957,1.2981,1.3692,495042.7
1749427200,1.3663,1.3933,1.3288,1.3562,151358.5
1749441600,1.3559,1.3757,1.3233,1.3676,128395.7
1749456000,1.3628,1.8264,1.3426,1.6279,1166971.2
1749470400,1.6253,1.6791,1.5347,1.6223,751258.9
1749484800,1.6209,1.6659,1.5896,1.6146,365213.5
1749499200,1.6144,1.7217,1.5944,1.6366,411523.5
1749513600,1.6396,1.6716,1.5719,1.5835,190726.0
1749528000,1.5833,1.5961,1.54,1.5674,100135.4
1749542400,1.5679,1.5681,1.5101,1.5475,209608.9
1749556800,1.5453,1.5583,1.503,1.5308,197680.6
1749571200,1.5298,1.5751,1.513,1.5299,92231.5
1749585600,1.5293,1.5334,1.483,1.5017,65365.2
1749600000,1.5025,1.5633,1.4987,1.5518,42270.1
1749614400,1.5512,1.5512,1.506,1.525,52313.9
1749628800,1.5263,1.5263,1.4454,1.4572,33376.7
1749643200,1.4616,1.4912,1.4485,1.4781,192506.8
1749657600,1.4771,1.5012,1.441,1.4439,45835.9
1749672000,1.4443,1.4496,1.4171,1.4281,20634.2
1749686400,1.4335,1.438,1.4009,1.4087,33377.4
1749700800,1.4097,1.4249,1.3949,1.3992,42345.2
1749715200,1.3984,1.4095,1.39,1.3971,54360.3
1749729600,1.3971,1.4214,1.3801,1.3856,78510.2
1749744000,1.3909,1.4121,1.3489,1.356,11871.9
1749758400,1.355,1.3622,1.3074,1.3208,43505.7
1749772800,1.3217,1.3219,1.2376,1.2653,53054.6
1749787200,1.2683,1.2695,1.2456,1.2632,7185.2
1749801600,1.2641,1.2776,1.2492,1.2622,9499.0
1749816000,1.2622,1.2778,1.246,1.2643,15497.2
1749830400,1.2642,1.2814,1.2425,1.2504,9427.4
1749844800,1.2495,1.2717,1.2482,1.2717,8290.7
1749859200,1.2705,1.3081,1.2676,1.2825,35777.6
1749873600,1.282,1.2903,1.2659,1.2724,5367.8
1749888000,1.2716,1.2716,1.2461,1.2532,4480.5
1749902400,1.2536,1.273,1.2487,1.2602,16553.6
1749916800,1.2559,1.2559,1.2162,1.2276,9225.8
1749931200,1.2254,1.2398,1.2111,1.2337,5223.5
1749945600,1.2338,1.2418,1.2248,1.2278,5408.8
1749960000,1.2279,1.2415,1.219,1.219,6340.1
1749974400,1.2198,1.2212,1.1882,1.1945,14353.4
1749988800,1.1926,1.197,1.17,1.1875,35092.1
1750003200,1.1883,1.1992,1.1749,1.1975,21316.4
1750017600,1.1962,1.1987,1.1651,1.1903,22599.0
1750032000,1.1893,1.204,1.1744,1.1894,13224.8
1750046400,1.1906,1.2231,1.1898,1.2231,10307.0
1750060800,1.2231,1.2232,1.1957,1.1977,11777.1
1750075200,1.2005,1.2184,1.19,1.2063,11442.1
1750089600,1.2065,1.2152,1.1996,1.2107,23035.0
1750104000,1.212,1.2249,1.1737,1.1737,20182.8
1750118400,1.1776,1.195,1.1383,1.1812,15189.6
1750132800,1.1802,1.1854,1.1701,1.1744,7240.5
1750147200,1.1753,1.1765,1.1447,1.1483,7115.3
1750161600,1.1481,1.1624,1.1391,1.1496,12016.0
1750176000,1.1513,1.1777,1.1333,1.1697,24115.3
1750190400,1.1713,1.1816,1.1594,1.1729,30706.6
1750204800,1.1728,1.1868,1.157,1.1631,13263.4
1750219200,1.1632,1.1656,1.1546,1.1607,5214.8
1750233600,1.1598,1.1641,1.1143,1.1272,14838.1
1750248000,1.1278,1.1419,1.1029,1.1284,15747.1
1750262400,1.1294,1.1338,1.1125,1.1174,3888.3
1750276800,1.1206,1.1449,1.1202,1.1435,5231.9
1750291200,1.1462,1.1537,1.1301,1.1322,11898.6
1750305600,1.1339,1.1449,1.1303,1.1322,8601.4
1750320000,1.1343,1.1412,1.1261,1.1291,4398.9
1750334400,1.1309,1.1409,1.125,1.1258,6496.0
1750348800,1.128,1.1405,1.1139,1.1345,3860.3
1750363200,1.1347,1.1416,1.1262,1.1327,4497.1
1750377600,1.1324,1.1348,1.1154,1.1184,5492.4
1750392000,1.1181,1.1393,1.1066,1.137,4995.7
1750406400,1.1387,1.1488,1.1312,1.1445,5560.0
1750420800,1.1458,1.1599,1.1203,1.123,8342.8
1750435200,1.1231,1.1237,1.0779,1.1085,6078.7
1750449600,1.1088,1.1209,1.0954,1.106,7160.9
1750464000,1.1082,1.1412,1.106,1.135,6962.5
1750478400,1.1332,1.1437,1.1192,1.1235,12717.8
1750492800,1.1227,1.1277,1.1187,1.1229,5960.4
1750507200,1.123,1.125,1.0862,1.1007,3916.6
1750521600,1.1008,1.1125,1.0804,1.0831,11601.9
1750536000,1.0832,1.0993,1.0547,1.0888,11359.9
1750550400,1.0941,1.1044,1.0379,1.0473,8112.4
1750564800,1.0479,1.0716,1.0445,1.0562,24323.5
1750579200,1.059,1.0634,1.0309,1.0366,6157.8
1750593600,1.041,1.0562,1.0,1.0184,7050.9
1750608000,1.0204,1.0382,1.0169,1.0257,8350.7
1750622400,1.0258,1.0536,1.0073,1.0518,9659.6
1750636800,1.0555,1.0642,1.0471,1.0617,5131.3
1750651200,1.0619,1.0756,1.059,1.069,6622.1
1750665600,1.0678,1.0787,1.0595,1.0775,4441.3
1750680000,1.0739,1.1035,1.0717,1.0846,15874.9
1750694400,1.0843,1.1148,1.0615,1.114,4594.3
1750708800,1.1104,1.1594,1.1092,1.1513,7469.8
1750723200,1.154,1.1568,1.1361,1.1369,5351.9
1750737600,1.1395,1.1557,1.1347,1.1439,4477.5
1750752000,1.1391,1.1556,1.1358,1.137,8017.7
1750766400,1.1386,1.2292,1.1346,1.1664,272883.5
1750780800,1.1674,1.1914,1.15,1.1552,27127.5
1750795200,1.1569,1.177,1.1516,1.177,4563.3
1750809600,1.177,1.1999,1.1664,1.1945,23013.6
1750824000,1.1942,1.2016,1.1805,1.2016,11945.8
1750838400,1.2026,1.2026,1.1595,1.1693,15509.1
1750852800,1.1695,1.1784,1.1515,1.1546,13288.5
1750867200,1.1535,1.1703,1.1483,1.1533,38205.5
1750881600,1.155,1.1616,1.1372,1.1419,6223.9
1750896000,1.1399,1.1411,1.1129,1.12,9827.7
1750910400,1.1234,1.1488,1.1101,1.1465,16686.4
1750924800,1.1425,1.1443,1.1258,1.1274,4350.7
1750939200,1.1226,1.1245,1.094,1.1107,6543.5
1750953600,1.1116,1.1116,1.0867,1.0918,4533.4
1750968000,1.0928,1.1141,1.0846,1.0866,5912.0
1750982400,1.0888,1.1081,1.0787,1.1064,8333.6
1750996800,1.1063,1.1095,1.0862,1.0884,8336.5
1751011200,1.0896,1.1005,1.083,1.0884,8142.4
1751025600,1.0883,1.1064,1.0778,1.1054,5094.0
1751040000,1.1055,1.1195,1.0827,1.0875,14035.2
1751054400,1.0876,1.1053,1.0876,1.1017,6830.1
1751068800,1.1045,1.1075,1.0965,1.098,6253.8
1751083200,1.0986,1.0994,1.0866,1.0945,8575.9
1751097600,1.0946,1.0981,1.0895,1.0945,6267.1
1751112000,1.0945,1.1028,1.0893,1.1027,6689.3
1751126400,1.1037,1.109,1.0953,1.1009,9104.8
1751140800,1.1027,1.1182,1.0993,1.1161,7562.1
1751155200,1.1166,1.122,1.1066,1.1066,4932.9
1751169600,1.1066,1.1137,1.1052,1.1137,5517.6
1751184000,1.1152,1.1264,1.1115,1.1189,5467.6
1751198400,1.1182,1.1229,1.113,1.1189,8023.4
1751212800,1.1198,1.1417,1.117,1.1243,7752.5
1751227200,1.1244,1.1657,1.1193,1.1606,7691.8
1751241600,1.1624,1.1661,1.1374,1.1384,7046.8
1751256000,1.1389,1.14,1.1242,1.1347,6076.3
1751270400,1.1358,1.1385,1.112,1.112,7462.5
1751284800,1.1126,1.1165,1.0956,1.1076,6133.5
1751299200,1.1067,1.1299,1.1028,1.1299,3787.8
1751313600,1.1288,1.1293,1.1148,1.1178,5945.6
1751328000,1.1175,1.1194,1.0922,1.0948,9308.3
1751342400,1.0935,1.0946,1.0755,1.0924,18985.3
1751356800,1.0915,1.0925,1.0763,1.0771,10039.4
1751371200,1.0782,1.0865,1.0631,1.0713,12628.8
1751385600,1.0723,1.0738,1.0555,1.0615,8562.0
1751400000,1.0616,1.0719,1.0567,1.0624,6610.1
1751414400,1.0622,1.0676,1.0499,1.0607,8997.9
1751428800,1.0609,1.0812,1.0605,1.0794,11250.0
1751443200,1.0786,1.0904,1.0774,1.0829,7360.5
1751457600,1.0843,1.1018,1.0777,1.1013,4176.8
1751472000,1.1017,1.1325,1.1017,1.1278,8793.0
1751486400,1.1305,1.1384,1.1209,1.1215,8543.4
1751500800,1.1226,1.1324,1.1195,1.1233,4324.4
1751515200,1.1244,1.1558,1.1232,1.1544,10038.2
1751529600,1.1544,1.1544,1.1313,1.1316,7432.7
1751544000,1.1339,1.1431,1.1082,1.1099,7835.1
1751558400,1.1107,1.1205,1.1098,1.12,8672.7
1751572800,1.12,1.1267,1.1163,1.1196,6435.7
1751587200,1.1208,1.1251,1.1074,1.1122,10010.7
1751601600,1.1113,1.1133,1.0805,1.0819,8369.4
1751616000,1.0807,1.0893,1.0752,1.0814,9045.8
1751630400,1.0812,1.0845,1.0576,1.0591,10055.5
1751644800,1.0604,1.0612,1.0457,1.0515,5440.4
1751659200,1.0516,1.0674,1.0516,1.0615,8291.2
1751673600,1.0616,1.0768,1.0611,1.0734,12587.9
1751688000,1.0743,1.0788,1.0651,1.0744,13040.9
1751702400,1.0754,1.0766,1.0649,1.0676,4974.3
1751716800,1.068,1.0691,1.0585,1.0618,81948.1
1751731200,1.0618,1.0687,1.049,1.0586,8140.9
1751745600,1.0591,1.0702,1.0574,1.0667,15231.8
1751760000,1.0671,1.0675,1.0578,1.0591,44734.3
1751774400,1.0594,1.0661,1.0546,1.0631,10523.2
1751788800,1.0638,1.0659,1.0537,1.0647,7240.6
1751803200,1.0662,1.0825,1.0629,1.0778,9453.6
1751817600,1.0795,1.0843,1.0737,1.0777,8032.6
1751832000,1.0794,1.0942,1.0772,1.0789,9236.0
1751846400,1.0806,1.0927,1.0756,1.0848,5422.3
1751860800,1.0856,1.0893,1.0765,1.0865,5613.2
1751875200,1.0855,1.0887,1.0668,1.0707,8620.1
1751889600,1.0713,1.0783,1.0643,1.0684,6898.3
1751904000,1.0673,1.0689,1.0568,1.062,30071.9
1751918400,1.0616,1.0638,1.049,1.0638,24450.6
1751932800,1.0626,1.067,1.0455,1.0495,53664.1
1751947200,1.0489,1.0582,1.0465,1.0567,5865.4
1751961600,1.0585,1.0683,1.0524,1.0646,21681.7
1751976000,1.0666,1.0691,1.0537,1.0566,9609.2
1751990400,1.0581,1.0839,1.0552,1.0786,10291.9
1752004800,1.0801,1.0829,1.0666,1.0728,16219.1
1752019200,1.0756,1.0756,1.0616,1.0662,39894.2
1752033600,1.0661,1.0776,1.0636,1.0747,9851.1
1752048000,1.0754,1.0916,1.0731,1.0916,16785.1
1752062400,1.0915,1.1006,1.0817,1.0857,27679.3
1752076800,1.0855,1.1048,1.0816,1.1031,7796.9
1752091200,1.1061,1.1166,1.0996,1.1105,6859.7
1752105600,1.1096,1.1105,1.0989,1.1061,27451.7
1752120000,1.1053,1.1154,1.101,1.1081,10208.4
1752134400,1.109,1.1156,1.1049,1.1088,11609.3
1752148800,1.1105,1.1134,1.0998,1.1022,7297.2
1752163200,1.1025,1.1383,1.101,1.1268,16262.6
1752177600,1.1278,1.1824,1.1278,1.1748,36896.1
1752192000,1.1784,1.2014,1.1655,1.1971,26340.5
1752206400,1.1937,1.2176,1.1753,1.1922,14011.9
1752220800,1.1936,1.2073,1.1864,1.1877,5786.1
1752235200,1.1875,1.2133,1.1756,1.1756,14334.5
1752249600,1.1821,1.2195,1.1766,1.2153,6545.3
1752264000,1.2135,1.2138,1.1546,1.1687,19972.3
1752278400,1.1709,1.1795,1.1499,1.1748,39227.3
1752292800,1.1742,1.1754,1.1455,1.1679,3715.4
1752307200,1.1681,1.1737,1.1556,1.165,7302.2
1752321600,1.1647,1.1676,1.1132,1.1206,12385.9
1752336000,1.1195,1.1513,1.1146,1.1495,5155.0
1752350400,1.1502,1.1522,1.1326,1.1505,6154.0
1752364800,1.1515,1.1575,1.146,1.1544,3746.7
1752379200,1.1543,1.1638,1.1498,1.1594,29275.7
1752393600,1.1594,1.1712,1.1467,1.1686,9106.5
1752408000,1.1708,1.194,1.1697,1.186,20602.2
1752422400,1.1848,1.1999,1.1779,1.1957,5918.9
1752436800,1.1936,1.2,1.17,1.1827,5716.9
1752451200,1.1839,1.2159,1.1804,1.2093,32059.5
1752465600,1.2101,1.2287,1.1975,1.218,144842.4
1752480000,1.217,1.2204,1.1994,1.2124,66999.9
1752494400,1.2135,1.2153,1.1789,1.1803,6541.9
1752508800,1.1834,1.1973,1.1728,1.1728,7611.6
1752523200,1.1722,1.1802,1.1632,1.1744,4533.5
1752537600,1.1718,1.1811,1.1323,1.1402,5963.1
1752552000,1.1374,1.1611,1.1334,1.1513,5788.1
1752566400,1.1495,1.1592,1.1412,1.1513,3922.8
1752580800,1.1519,1.2991,1.1422,1.2401,643499.2
1752595200,1.2429,1.2548,1.2013,1.2072,82457.2
1752609600,1.2081,1.2392,1.2004,1.2345,88250.1
1752624000,1.2324,1.2427,1.2215,1.2235,32294.0
1752638400,1.2223,1.2317,1.2141,1.2265,64704.9
1752652800,1.2252,1.2294,1.218,1.2244,11873.3
1752667200,1.2242,1.2335,1.2113,1.2276,8591.6
1752681600,1.2266,1.2527,1.2243,1.2428,15743.8
1752696000,1.2445,1.2557,1.233,1.2382,11633.6
1752710400,1.2417,1.2538,1.2103,1.2177,9941.3
1752724800,1.217,1.2481,1.2143,1.2353,7600.0
1752739200,1.2331,1.2484,1.2262,1.2415,7122.2
1752753600,1.2433,1.2473,1.2175,1.2294,87417.2
1752768000,1.2287,1.2295,1.1996,1.2047,11950.4
1752782400,1.2026,1.2399,1.192,1.2256,19342.2
1752796800,1.2289,1.2686,1.2265,1.2675,16653.6
1752811200,1.2701,1.3071,1.2627,1.2759,7067.6
1752825600,1.2776,1.2931,1.2662,1.2751,26110.8
1752840000,1.2751,1.2944,1.2368,1.2484,17010.3
1752854400,1.2509,1.2641,1.2331,1.2409,135005.9
1752868800,1.2428,1.2433,1.2093,1.2304,13979.9
1752883200,1.2325,1.2542,1.2039,1.2537,28718.6
1752897600,1.2544,1.2626,1.2439,1.2439,20153.4
1752912000,1.2434,1.2593,1.2334,1.2432,6766.4
1752926400,1.2426,1.2457,1.1695,1.2188,368195.7
1752940800,1.218,1.2531,1.2136,1.2489,42761.2
1752955200,1.2502,1.2569,1.2356,1.2517,10153.7
1752969600,1.2546,1.2613,1.2443,1.2547,6854.8
1752984000,1.2555,1.2736,1.2499,1.2624,7691.8
1752998400,1.2649,1.2916,1.2647,1.2851,9631.7
1753012800,1.2823,1.3125,1.2811,1.3117,6057.4
1753027200,1.3145,1.3626,1.3119,1.3285,30221.1
1753041600,1.3255,1.3293,1.2832,1.3199,10661.6
1753056000,1.3169,1.3769,1.2987,1.3722,7079.0
1753070400,1.3719,1.393,1.3537,1.3835,13348.9
1753084800,1.3829,1.384,1.3564,1.3677,26213.6
1753099200,1.3666,1.71,1.3532,1.6945,544588.2
1753113600,1.6911,2.0331,1.6421,1.9251,1133014.5
1753128000,1.921,1.987,1.7575,1.7628,480486.2
1753142400,1.7621,1.7886,1.6087,1.6433,447498.0
1753156800,1.6459,1.6463,1.5375,1.5393,185898.6
1753171200,1.5363,1.5761,1.4967,1.5543,136600.0
1753185600,1.5466,1.5705,1.5025,1.5239,85471.6
1753200000,1.5228,1.548,1.5034,1.542,67478.4
1753214400,1.5375,1.6424,1.5375,1.6155,502042.5
1753228800,1.6104,1.6245,1.5389,1.5415,32702.3
1753243200,1.5414,1.557,1.52,1.5216,28476.4
1753257600,1.5224,1.5367,1.4938,1.4965,16145.6
1753272000,1.4977,1.499,1.43,1.4491,189297.4
1753286400,1.4493,1.4566,1.4127,1.4259,44517.1
1753300800,1.43,1.4343,1.3846,1.4148,24111.1
1753315200,1.4121,1.4378,1.4048,1.4171,38461.5
1753329600,1.4159,1.424,1.3354,1.3665,27163.4
1753344000,1.3705,1.4017,1.3663,1.3971,10173.5
1753358400,1.3971,1.4232,1.3698,1.4048,12335.1
1753372800,1.4061,1.4071,1.367,1.3846,8539.3
1753387200,1.3836,1.3973,1.3685,1.3704,11243.5
1753401600,1.3726,1.3768,1.3294,1.3534,20900.2
1753416000,1.3533,1.3654,1.3384,1.359,24377.2
1753430400,1.3591,1.3951,1.3527,1.3937,31712.6
1753444800,1.3937,1.3969,1.3379,1.3566,14827.6
1753459200,1.3576,1.3722,1.3518,1.3628,5301.1
1753473600,1.3642,1.3985,1.3627,1.3892,23511.1
1753488000,1.3895,1.4078,1.3836,1.4011,4142.6
1753502400,1.3992,1.4757,1.3908,1.4401,14827.5
1753516800,1.439,1.4513,1.412,1.4166,11630.0
1753531200,1.4184,1.4184,1.3896,1.3986,38230.8
1753545600,1.4021,1.4084,1.3884,1.4057,13750.1
1753560000,1.4069,1.4069,1.3834,1.3847,8154.3
1753574400,1.3861,1.3992,1.3843,1.3904,12177.8
1753588800,1.3925,1.4082,1.3913,1.3932,3807.5
1753603200,1.3921,1.4018,1.3779,1.3901,6184.7
1753617600,1.3918,1.396,1.3748,1.3881,5019.0
1753632000,1.3892,1.4042,1.386,1.3893,10429.8
1753646400,1.3884,1.4098,1.3832,1.4061,5480.7
1753660800,1.4045,1.4218,1.3852,1.4187,19600.3
1753675200,1.42,1.431,1.4098,1.415,4836.7
1753689600,1.4162,1.4222,1.3967,1.4016,5345.6
1753704000,1.4008,1.4036,1.3469,1.354,26115.7
1753718400,1.3513,1.3535,1.3202,1.3279,103179.9
1753732800,1.329,1.3297,1.3041,1.3147,36000.2
1753747200,1.3129,1.3254,1.2852,1.3122,44934.5
1753761600,1.3112,1.3538,1.3015,1.3511,20153.5
1753776000,1.3495,1.3511,1.319,1.3266,3998.7
1753790400,1.3257,1.3431,1.2896,1.3,264135.0
1753804800,1.3,1.3057,1.2809,1.2889,15465.8
1753819200,1.2882,1.3068,1.275,1.3039,19049.5
1753833600,1.3059,1.3089,1.2827,1.2978,26225.1
1753848000,1.2991,1.3041,1.2855,1.2872,6351.3
1753862400,1.2882,1.2967,1.242,1.2485,6508.4
1753876800,1.2489,1.278,1.2359,1.2705,16051.3
1753891200,1.2715,1.283,1.2164,1.2641,161717.3
1753905600,1.2703,1.2847,1.2602,1.2819,19544.8
1753920000,1.2833,1.3026,1.2802,1.2977,7393.9
1753934400,1.2974,1.3141,1.2954,1.3054,30987.2
1753948800,1.3059,1.3133,1.2953,1.3028,6647.9
1753963200,1.298,1.2989,1.2617,1.2775,64433.9
1753977600,1.2791,1.3002,1.2648,1.2686,8598.4
1753992000,1.2684,1.2698,1.2351,1.2438,70501.6
1754006400,1.2418,1.2511,1.2123,1.245,16703.0
1754020800,1.2446,1.2446,1.2169,1.2295,14849.2
1754035200,1.2303,1.2382,1.2114,1.2357,9440.1
1754049600,1.2347,1.2444,1.205,1.2349,21232.3
1754064000,1.2357,1.2434,1.2156,1.2358,28758.6
1754078400,1.2348,1.235,1.1627,1.2008,76868.6
1754092800,1.2027,1.2113,1.199,1.2081,5628.2
1754107200,1.2098,1.2165,1.179,1.204,4591.2
1754121600,1.2051,1.2051,1.1757,1.1902,11089.8
1754136000,1.1895,1.1942,1.171,1.1727,3958.5
1754150400,1.17,1.1823,1.148,1.1628,38275.3
1754164800,1.1657,1.1768,1.1607,1.1722,8280.1
1754179200,1.172,1.1883,1.1617,1.1858,4601.5
1754193600,1.186,1.1942,1.1839,1.1909,4099.9
1754208000,1.1909,1.2038,1.1887,1.1992,4450.2
1754222400,1.1983,1.2025,1.1925,1.1976,3943.4
1754236800,1.1968,1.2045,1.1949,1.199,5539.2
1754251200,1.2002,1.2089,1.1963,1.2048,6001.2
1754265600,1.2067,1.2205,1.2038,1.2092,5277.9
1754280000,1.2116,1.2152,1.2008,1.2099,10573.3
1754294400,1.2101,1.2128,1.2002,1.2041,3731.2
1754308800,1.2034,1.2282,1.2028,1.2178,13421.0
1754323200,1.219,1.237,1.2176,1.2218,6631.9
1754337600,1.222,1.2457,1.2207,1.2426,10478.5
1754352000,1.2441,1.2449,1.2219,1.2236,5072.5
1754366400,1.2242,1.2337,1.2061,1.2094,4579.3
1754380800,1.2105,1.2374,1.2076,1.2364,4880.2
1754395200,1.2348,1.2361,1.1837,1.1912,5452.6
1754409600,1.193,1.2006,1.1855,1.1889,5372.0
1754424000,1.1917,1.1995,1.1721,1.1974,6817.4
1754438400,1.1978,1.1978,1.1693,1.172,55237.9
1754452800,1.1697,1.2006,1.1627,1.198,6961.7
1754467200,1.1993,1.2016,1.1877,1.1955,6253.0
1754481600,1.1966,1.2216,1.1887,1.2199,4903.9
1754496000,1.2179,1.2243,1.206,1.222,11473.5
1754510400,1.2226,1.2254,1.2159,1.2224,7136.0
1754524800,1.2227,1.2317,1.2194,1.2216,10342.4
1754539200,1.2216,1.2978,1.2208,1.2978,26824.6
1754553600,1.2966,1.3396,1.2638,1.2876,49633.8
1754568000,1.2867,1.2871,1.2559,1.2565,5482.1
1754582400,1.2578,1.2598,1.2423,1.2598,23028.8
1754596800,1.2601,1.2738,1.2583,1.2737,11472.1
1754611200,1.2729,1.2827,1.2681,1.2706,14073.1
1754625600,1.2661,1.2767,1.262,1.2752,3635.3
1754640000,1.2777,1.284,1.2703,1.2765,4655.0
1754654400,1.28,1.2904,1.2643,1.2732,16033.1
1754668800,1.2737,1.307,1.2699,1.3012,8994.9
1754683200,1.3017,1.3019,1.2882,1.2912,11985.1
1754697600,1.2897,1.2964,1.2871,1.2921,6040.7
1754712000,1.2921,1.3284,1.2904,1.3197,7623.8
1754726400,1.3204,1.3304,1.3114,1.3237,3362.2
1754740800,1.3236,1.3369,1.3183,1.3289,9589.2
1754755200,1.3327,1.3425,1.3315,1.337,5928.6
1754769600,1.3382,1.3485,1.3295,1.3394,7618.6
1754784000,1.3386,1.3574,1.3287,1.3463,10217.0
1754798400,1.3434,1.3613,1.3081,1.31,11174.3
1754812800,1.3093,1.3339,1.296,1.3095,18267.5
1754827200,1.3109,1.3353,1.3049,1.3291,4184.5
1754841600,1.3282,1.3427,1.3251,1.34,5685.6
1754856000,1.34,1.3409,1.3178,1.3283,5548.6
1754870400,1.3256,1.357,1.3155,1.3501,9241.0
1754884800,1.352,1.3563,1.327,1.3274,5573.0
1754899200,1.3271,1.3399,1.2824,1.2849,6311.4
1754913600,1.282,1.3035,1.2631,1.2928,13895.5
1754928000,1.2955,1.3115,1.2759,1.2821,6054.3
1754942400,1.2832,1.2834,1.2521,1.2719,235648.5
1754956800,1.27,1.2899,1.2656,1.2787,17498.4
1754971200,1.2759,1.2927,1.2625,1.2922,12311.9
1754985600,1.2913,1.3519,1.2664,1.3399,51515.8
1755000000,1.334,1.5545,1.2833,1.4982,251419.3
1755014400,1.4975,1.4975,1.36,1.3632,316651.4
1755028800,1.3644,1.3692,1.3191,1.3265,38286.9
1755043200,1.3259,1.3412,1.3101,1.3268,26101.4
1755057600,1.3242,1.3389,1.3215,1.3272,22038.7
1755072000,1.3253,1.3714,1.3253,1.3622,15588.7
1755086400,1.3548,1.3803,1.3381,1.3745,26429.3
1755100800,1.3727,1.3729,1.3369,1.352,19850.3
1755115200,1.3502,1.3675,1.3335,1.3588,17466.6
1755129600,1.359,1.3841,1.3508,1.3737,52354.5
1755144000,1.3748,1.3787,1.3419,1.3478,18256.9
1755158400,1.3474,1.3474,1.307,1.3194,83278.5
1755172800,1.3194,1.3254,1.2337,1.2519,138355.3
1755187200,1.2513,1.2525,1.2307,1.2433,27347.7
1755201600,1.2404,1.2577,1.2272,1.2496,16629.0
1755216000,1.2486,1.2795,1.2416,1.2761,21376.3
1755230400,1.2743,1.2841,1.2666,1.2777,23657.8
1755244800,1.2773,1.2796,1.2612,1.2647,13205.4
1755259200,1.2631,1.2786,1.225,1.2354,25160.4
1755273600,1.2353,1.2572,1.22,1.2367,19648.3
1755288000,1.2346,1.2653,1.2346,1.2602,8070.1
1755302400,1.2611,1.2761,1.2601,1.2696,23823.2
1755316800,1.2696,1.2798,1.2643,1.279,5991.8
1755331200,1.276,1.3172,1.2719,1.311,17019.6
1755345600,1.3048,1.3765,1.287,1.298,106879.7
1755360000,1.2979,1.3105,1.2936,1.3079,18281.1
1755374400,1.3078,1.3205,1.3073,1.3135,14691.6
1755388800,1.3141,1.3229,1.303,1.3229,14546.8
1755403200,1.3236,1.3311,1.3209,1.3249,5451.3
1755417600,1.3243,1.3366,1.3189,1.3231,6578.6
1755432000,1.3231,1.3301,1.316,1.3292,6492.9
1755446400,1.3306,1.3335,1.3006,1.3073,8941.7
1755460800,1.3072,1.3156,1.2993,1.3012,5415.2
1755475200,1.3016,1.3018,1.246,1.2605,16690.9
1755489600,1.2597,1.2743,1.2479,1.2668,29966.5
1755504000,1.2679,1.2801,1.2611,1.2638,7522.3
1755518400,1.2626,1.283,1.2591,1.273,8237.1
1755532800,1.273,1.2744,1.2397,1.2526,16891.7
1755547200,1.2524,1.2772,1.25,1.2602,16526.4
1755561600,1.2591,1.276,1.2377,1.2387,11764.5
1755576000,1.2387,1.3015,1.2336,1.2874,77805.2
1755590400,1.2866,1.499,1.2565,1.336,180041.9
1755604800,1.3364,1.3997,1.3093,1.3326,152534.4
1755619200,1.3325,1.3989,1.3164,1.3543,315246.7
1755633600,1.3539,1.5026,1.335,1.4359,308008.2
1755648000,1.436,1.5746,1.3633,1.5698,544946.8
1755662400,1.5697,1.6043,1.4307,1.4602,591178.4
1755676800,1.4576,1.4962,1.376,1.376,218697.4
1755691200,1.3774,1.455,1.3717,1.4227,428097.8
1755705600,1.4242,1.4361,1.4092,1.4354,76519.8
1755720000,1.4353,1.4594,1.4269,1.436,63019.3
1755734400,1.4361,1.4504,1.3922,1.4175,75914.2
1755748800,1.4194,1.4535,1.4038,1.4038,45356.1
1755763200,1.4033,1.4238,1.377,1.3807,36350.9
1755777600,1.3808,1.5334,1.3786,1.4531,276422.7
1755792000,1.4559,1.4866,1.4372,1.464,40873.9
1755806400,1.4653,1.4859,1.4396,1.4849,65345.2
1755820800,1.485,1.5562,1.4622,1.5386,202636.1
1755835200,1.5372,1.5988,1.4928,1.5067,194591.8
1755849600,1.5051,1.5273,1.4706,1.5052,73070.5
1755864000,1.5076,1.5494,1.4581,1.5345,312838.8
1755878400,1.5381,1.5984,1.5381,1.5646,74234.0
1755892800,1.5669,1.6032,1.5455,1.5638,26306.8
1755907200,1.5655,1.5818,1.5254,1.5373,25174.3
1755921600,1.5381,1.5625,1.5272,1.5302,20627.6
1755936000,1.5344,1.6856,1.5159,1.6384,67095.1
1755950400,1.6396,1.8892,1.6367,1.7224,157273.8
1755964800,1.7195,1.7255,1.6701,1.6722,86668.0
1755979200,1.6704,1.6756,1.6117,1.623,50820.0
1755993600,1.6219,1.6392,1.5971,1.6011,35133.7
1756008000,1.601,1.6058,1.5299,1.5722,100807.8
1756022400,1.5732,1.5883,1.5259,1.5289,52734.6
1756036800,1.5286,1.5674,1.5214,1.5265,21589.7
1756051200,1.5267,1.5625,1.4961,1.5286,106851.9
1756065600,1.5284,1.5331,1.48,1.4868,24004.3
1756080000,1.4923,1.4973,1.4642,1.4748,6597.2
1756094400,1.4759,1.4759,1.4258,1.4279,15039.0
1756108800,1.427,1.4279,1.4039,1.4187,21435.6
1756123200,1.4207,1.4359,1.4079,1.4167,22019.0
1756137600,1.4158,1.4324,1.3911,1.3914,17218.6
1756152000,1.3929,1.3998,1.351,1.3685,29794.5
1756166400,1.3717,1.3784,1.3585,1.363,4146.1
1756180800,1.3631,1.3819,1.3541,1.3629,8306.6
1756195200,1.3625,1.378,1.3553,1.3651,18667.5
1756209600,1.3621,1.4712,1.3544,1.4349,146217.7
1756224000,1.4347,1.4347,1.403,1.4211,19755.5
1756238400,1.4229,1.4329,1.4124,1.418,34342.1
1756252800,1.4169,1.4719,1.4066,1.452,42786.3
1756267200,1.4475,1.4509,1.4158,1.42,8702.5
1756281600,1.4223,1.4234,1.3947,1.3959,6641.0
1756296000,1.3951,1.4028,1.3848,1.3909,84525.0
1756310400,1.391,1.4254,1.3802,1.3975,27309.1
1756324800,1.3955,1.5465,1.388,1.5293,121788.8
1756339200,1.5256,1.6437,1.5045,1.5279,395240.1
1756353600,1.5298,1.6142,1.5201,1.5595,80599.7
1756368000,1.5588,1.6024,1.5372,1.5585,109645.9
1756382400,1.5563,1.5898,1.4938,1.498,80732.0
1756396800,1.4961,1.5003,1.4646,1.4646,20696.5
1756411200,1.4653,1.483,1.4626,1.4793,56267.3
1756425600,1.479,1.5193,1.4635,1.4682,83739.6
1756440000,1.4664,1.4716,1.4278,1.4285,67298.3
1756454400,1.4309,1.4456,1.4216,1.4323,68100.3
1756468800,1.4333,1.5058,1.4333,1.4379,169484.1
1756483200,1.4412,1.4445,1.4161,1.4231,52313.5
1756497600,1.426,1.4402,1.4113,1.428,17315.4
1756512000,1.4279,1.441,1.4113,1.4319,16140.7
1756526400,1.4363,1.4694,1.436,1.4566,17508.2
1756540800,1.4568,1.4573,1.44,1.4467,16636.9
1756555200,1.4455,1.4455,1.4182,1.4349,11424.0
1756569600,1.434,1.4375,1.4186,1.4188,20095.2
1756584000,1.4185,1.4604,1.4117,1.4604,18437.5
1756598400,1.4609,1.4614,1.4382,1.4415,47881.2
1756612800,1.4437,1.4449,1.4292,1.432,16797.6
1756627200,1.4305,1.4464,1.4191,1.4231,11024.4
1756641600,1.4233,1.4731,1.4175,1.4328,35983.9
1756656000,1.4327,1.4607,1.4224,1.4266,24997.0
1756670400,1.4266,1.4392,1.398,1.3981,38649.3
1756684800,1.3996,1.3996,1.3721,1.38,89068.2
1756699200,1.38,1.3896,1.3559,1.3896,87239.3
1756713600,1.393,1.4154,1.3734,1.377,25520.2
1756728000,1.377,1.3834,1.35,1.3505,22678.7
1756742400,1.35,1.362,1.3424,1.3589,23103.7
1756756800,1.3563,1.3588,1.3105,1.345,92601.7
1756771200,1.3448,1.3799,1.3388,1.3759,16351.8
1756785600,1.3752,1.3811,1.3661,1.3682,11113.3
1756800000,1.368,1.3764,1.3609,1.3631,11043.9
1756814400,1.3644,1.3747,1.3389,1.342,157697.0
1756828800,1.342,1.3581,1.3348,1.3381,23421.0
1756843200,1.3366,1.3738,1.3366,1.3613,20710.6
1756857600,1.3609,1.3658,1.3431,1.363,13988.9
1756872000,1.3646,1.3655,1.3495,1.3612,8827.8
1756886400,1.3602,1.3691,1.3541,1.362,11189.0
1756900800,1.3634,1.3904,1.3552,1.3842,26553.8
1756915200,1.3879,1.4137,1.3741,1.3951,148248.0
1756929600,1.3946,1.3973,1.3885,1.3918,7133.0
1756944000,1.3917,1.4049,1.372,1.3761,8217.2
1756958400,1.3739,1.3763,1.3399,1.3512,10106.5
1756972800,1.3494,1.3574,1.3397,1.3397,30625.2
1756987200,1.3405,1.3468,1.3167,1.3183,41798.5
1757001600,1.3204,1.3337,1.3152,1.3183,29446.7
1757016000,1.3193,1.3413,1.3182,1.3265,11243.1
1757030400,1.3275,1.3524,1.3266,1.3515,16003.4
1757044800,1.3524,1.3724,1.3475,1.3722,16496.9
1757059200,1.371,1.371,1.3485,1.3505,7170.4
1757073600,1.3508,1.3702,1.3173,1.3294,30690.8
1757088000,1.3304,1.3408,1.3256,1.3363,6449.1
1757102400,1.3384,1.3443,1.3262,1.3267,6780.2
1757116800,1.3272,1.335,1.3258,1.3301,9826.4
1757131200,1.3305,1.3317,1.3173,1.3193,10739.8
1757145600,1.3204,1.3233,1.3054,1.3092,8418.6
1757160000,1.3084,1.3206,1.3034,1.3048,26362.4
1757174400,1.3032,1.3579,1.3032,1.3141,33813.5
1757188800,1.3142,1.3382,1.3142,1.3361,7452.0
1757203200,1.3378,1.3571,1.3366,1.3561,12709.6
1757217600,1.3573,1.3692,1.3525,1.358,10333.0
1757232000,1.3592,1.3598,1.3416,1.3543,9341.1
1757246400,1.3555,1.3621,1.3524,1.3552,8973.3
1757260800,1.3563,1.359,1.3342,1.3394,13207.0
1757275200,1.3393,1.3494,1.333,1.3455,5873.7
1757289600,1.3466,1.3646,1.3392,1.3569,7607.4
1757304000,1.3588,1.3599,1.3452,1.3516,7433.5
1757318400,1.3517,1.367,1.3497,1.3559,8830.4
1757332800,1.3569,1.3781,1.3504,1.3742,18438.8
1757347200,1.3742,1.3792,1.3543,1.3558,52997.7
1757361600,1.3599,1.3699,1.3503,1.3654,8971.1
1757376000,1.3651,1.3813,1.3525,1.3718,9898.2
1757390400,1.3721,1.4126,1.3688,1.4068,27093.1
1757404800,1.409,1.4441,1.4083,1.4124,26156.0
1757419200,1.4121,1.4169,1.3713,1.3791,24455.7
1757433600,1.3811,1.3852,1.3631,1.3756,11680.4
1757448000,1.3763,1.393,1.3753,1.3909,7219.3
1757462400,1.3934,1.4351,1.3858,1.417,16669.8
1757476800,1.4159,1.4159,1.3941,1.3972,5480.6
1757491200,1.3973,1.4015,1.3846,1.3894,9310.5
1757505600,1.3906,1.4145,1.3893,1.4023,12927.9
1757520000,1.4032,1.4081,1.3832,1.387,9383.1
1757534400,1.3892,1.4082,1.3892,1.4044,7250.8
1757548800,1.4042,1.4118,1.3994,1.4101,4871.3
1757563200,1.4118,1.4193,1.3987,1.4145,5213.0
1757577600,1.4154,1.4167,1.3955,1.3965,6853.3
1757592000,1.3974,1.4092,1.3792,1.3918,32472.1
1757606400,1.3934,1.46,1.3932,1.4211,22612.3
1757620800,1.4192,1.4289,1.4091,1.4256,11270.2
1757635200,1.4274,1.4415,1.4255,1.4349,31739.6
1757649600,1.4362,1.4617,1.4332,1.44,11770.0
1757664000,1.4398,1.4398,1.4172,1.4182,8702.7
1757678400,1.4174,1.4288,1.2489,1.3626,372748.2
1757692800,1.3631,1.4374,1.3611,1.4234,66616.9
1757707200,1.4218,1.4246,1.4069,1.4126,62042.2
1757721600,1.4135,1.4238,1.4041,1.4104,12058.3
1757736000,1.4105,1.4125,1.3962,1.4038,9227.9
1757750400,1.4063,1.4435,1.4063,1.4386,9280.3
1757764800,1.4371,1.4519,1.4161,1.4379,14064.8
1757779200,1.4402,1.4515,1.4168,1.4342,12903.0
1757793600,1.4345,1.4504,1.4339,1.4371,7455.7
1757808000,1.4388,1.4391,1.4076,1.4085,7541.7
1757822400,1.4087,1.4196,1.3966,1.4061,5910.8
1757836800,1.4035,1.4078,1.3722,1.3735,11028.2
1757851200,1.3791,1.3852,1.3517,1.3533,28074.7
1757865600,1.3509,1.3734,1.3509,1.3672,10867.5
1757880000,1.3697,1.3837,1.3594,1.364,8095.6
1757894400,1.3659,1.3769,1.35,1.3755,17269.1
1757908800,1.3729,1.3822,1.344,1.3453,5668.5
1757923200,1.3416,1.3418,1.3224,1.3356,16245.5
1757937600,1.3339,1.3369,1.3072,1.3148,11962.0
1757952000,1.3113,1.3231,1.3013,1.3149,12715.4
1757966400,1.317,1.3382,1.31,1.3266,34541.8
1757980800,1.3266,1.3297,1.3058,1.3058,15426.6
1757995200,1.3074,1.324,1.2996,1.3197,8175.0
1758009600,1.323,1.33,1.306,1.312,11111.7
1758024000,1.3112,1.3353,1.3015,1.3328,17522.4
1758038400,1.3323,1.3355,1.3236,1.3345,11491.3
1758052800,1.3346,1.3406,1.3317,1.3345,7839.3
1758067200,1.3352,1.3399,1.3242,1.3249,10807.0
1758081600,1.3262,1.3357,1.3165,1.3299,12309.0
1758096000,1.3293,1.3293,1.3057,1.3155,10181.9
1758110400,1.3137,1.3164,1.3005,1.3038,5373.2
1758124800,1.3027,1.3466,1.2961,1.3425,22923.3
1758139200,1.3466,1.3657,1.3243,1.3597,6679.3
1758153600,1.3597,1.3722,1.3528,1.3672,8183.1
1758168000,1.3697,1.3753,1.3504,1.3563,6831.1
1758182400,1.3566,1.3695,1.3487,1.3524,6647.1
1758196800,1.3553,1.3725,1.3493,1.3665,5467.5
1758211200,1.3708,1.3773,1.3616,1.3704,8183.4
1758225600,1.3695,1.3754,1.3595,1.3675,8419.5
1758240000,1.3677,1.3797,1.3376,1.3395,6243.0
1758254400,1.3405,1.3692,1.3279,1.3425,9533.9
1758268800,1.343,1.3508,1.3062,1.3156,11467.2
1758283200,1.3147,1.3262,1.3046,1.3097,10014.6
1758297600,1.3098,1.3177,1.3028,1.3065,23471.5
1758312000,1.3045,1.3172,1.2909,1.2973,5821.8
1758326400,1.2953,1.298,1.2815,1.2937,6116.4
1758340800,1.2924,1.3099,1.2904,1.3099,6277.8
1758355200,1.3124,1.3124,1.2912,1.3028,5850.1
1758369600,1.3035,1.3259,1.2999,1.3168,6693.8
1758384000,1.3172,1.3223,1.3064,1.31,17856.8
1758398400,1.3094,1.3185,1.3028,1.3058,6494.9
1758412800,1.3072,1.3086,1.2946,1.3045,7393.8
1758427200,1.3046,1.3268,1.2999,1.3175,6428.9
1758441600,1.3186,1.3186,1.2856,1.2975,5338.9
1758456000,1.2974,1.306,1.2907,1.2917,10753.1
1758470400,1.2944,1.2976,1.2804,1.2917,6284.0
1758484800,1.2934,1.2934,1.2793,1.2793,18413.5
1758499200,1.2793,1.2843,1.2259,1.237,29259.6
1758513600,1.2367,1.2445,1.1259,1.1808,42682.8
1758528000,1.1801,1.1938,1.1714,1.1817,13451.0
1758542400,1.183,1.2086,1.1812,1.1904,207228.4
1758556800,1.1902,1.1957,1.1742,1.1779,18842.9
1758571200,1.1789,1.2011,1.1774,1.2,6540.5
1758585600,1.2,1.2027,1.1695,1.1925,167833.4
1758600000,1.1939,1.2055,1.181,1.1991,8771.9
1758614400,1.1995,1.2086,1.1983,1.2046,12481.0
1758628800,1.2047,1.212,1.1931,1.2027,7619.0
1758643200,1.2041,1.2158,1.188,1.19,10425.3
1758657600,1.1905,1.2093,1.1891,1.1943,7575.8
1758672000,1.1954,1.2121,1.1863,1.1901,7888.5
1758686400,1.188,1.2208,1.181,1.2202,7790.9
1758700800,1.2196,1.2346,1.2187,1.234,5765.2
1758715200,1.2356,1.2817,1.2356,1.2394,294044.5
1758729600,1.2401,1.2523,1.215,1.2382,153389.0
1758744000,1.2381,1.2406,1.2274,1.2333,11431.8
1758758400,1.2334,1.2346,1.2049,1.2116,23640.3
1758772800,1.2114,1.2131,1.1796,1.1887,29285.3
1758787200,1.1893,1.1994,1.1745,1.1786,9132.3
1758801600,1.1803,1.1973,1.1571,1.1815,29023.0
1758816000,1.1815,1.1846,1.1181,1.148,19529.3
1758830400,1.148,1.1583,1.1343,1.1415,13909.9
1758844800,1.1429,1.1671,1.1429,1.1646,32271.8
1758859200,1.1651,1.1771,1.1581,1.1771,10555.9
1758873600,1.1803,1.1808,1.1531,1.1634,13509.9
1758888000,1.1633,1.1886,1.1545,1.1773,15100.3
1758902400,1.1782,1.2005,1.1782,1.1923,8276.2
1758916800,1.1921,1.1974,1.1851,1.1944,5926.2
1758931200,1.1953,1.1953,1.1846,1.1867,16068.4
1758945600,1.188,1.1906,1.1787,1.1816,6739.9
1758960000,1.1819,1.1895,1.174,1.1867,7509.9
1758974400,1.1871,1.1978,1.1848,1.1955,13887.6
1758988800,1.1977,1.1977,1.1828,1.1885,9965.3
1759003200,1.1895,1.1966,1.1837,1.1864,6455.5
1759017600,1.1857,1.1873,1.1697,1.1763,6014.4
1759032000,1.1765,1.2117,1.1718,1.1883,22549.5
1759046400,1.185,1.1918,1.1717,1.1753,8380.6
1759060800,1.1744,1.1863,1.1647,1.1821,11072.1
1759075200,1.1823,1.1911,1.1815,1.191,14091.5
1759089600,1.192,1.2171,1.1901,1.211,7920.9
1759104000,1.2141,1.2141,1.2005,1.2039,25142.3
1759118400,1.2032,1.2054,1.19,1.1951,10351.5
1759132800,1.1968,1.2009,1.1844,1.1898,6940.7
1759147200,1.1901,1.2079,1.1762,1.1925,9198.4
1759161600,1.1935,1.2003,1.1812,1.1984,21432.7
1759176000,1.1981,1.2076,1.1917,1.1938,9722.4
1759190400,1.1926,1.1951,1.1786,1.1838,7308.8
1759204800,1.1859,1.1924,1.1808,1.1876,12778.1
1759219200,1.1877,1.1927,1.1748,1.1814,6779.4
1759233600,1.1804,1.1825,1.1576,1.1644,6917.0
1759248000,1.1641,1.1873,1.1587,1.1863,9150.2
1759262400,1.1919,1.1972,1.1792,1.1905,11809.7
1759276800,1.1911,1.1937,1.1816,1.1821,14982.7
1759291200,1.1818,1.2038,1.1818,1.1894,8714.0
1759305600,1.1878,1.2263,1.1865,1.2187,12061.8
1759320000,1.2208,1.2256,1.2137,1.2216,7284.4
1759334400,1.2227,1.2347,1.2178,1.2317,7853.3
1759348800,1.2318,1.2387,1.2277,1.2387,5561.1
1759363200,1.2387,1.257,1.2361,1.2528,9935.6
1759377600,1.2532,1.264,1.2486,1.2517,12526.4
1759392000,1.2537,1.2568,1.2487,1.2524,9299.8
1759406400,1.2512,1.2567,1.2334,1.2507,6067.8
1759420800,1.2507,1.2693,1.2479,1.2651,14935.9
1759435200,1.2655,1.2662,1.2549,1.2607,16969.1
1759449600,1.2617,1.2636,1.2467,1.2515,8358.3
1759464000,1.2509,1.2606,1.2417,1.246,7248.5
1759478400,1.247,1.2514,1.2395,1.2433,5853.7
1759492800,1.243,1.2621,1.2378,1.2621,7269.2
1759507200,1.2639,1.278,1.2402,1.2599,16472.8
1759521600,1.2598,1.2668,1.2544,1.2575,10754.4
1759536000,1.2575,1.2585,1.2447,1.2476,8182.4
1759550400,1.2476,1.2525,1.2417,1.2454,5666.4
1759564800,1.2446,1.2462,1.2254,1.2303,6997.8
1759579200,1.2304,1.2362,1.2121,1.2133,24125.7
1759593600,1.2145,1.222,1.2135,1.2192,8822.5
1759608000,1.2186,1.2306,1.2186,1.225,6849.1
1759622400,1.225,1.2433,1.2166,1.2315,7845.8
1759636800,1.2315,1.2504,1.2304,1.2497,7834.9
1759651200,1.2501,1.2533,1.2237,1.2325,19450.0
1759665600,1.2317,1.2344,1.2218,1.2285,5939.0
1759680000,1.2286,1.2322,1.2038,1.2046,11226.9
1759694400,1.2047,1.2206,1.2026,1.2155,11171.5
1759708800,1.2152,1.2261,1.2074,1.2206,16157.6
1759723200,1.2218,1.2355,1.213,1.2246,5598.6
1759737600,1.2275,1.2385,1.2269,1.2336,8310.4
1759752000,1.2341,1.2618,1.2341,1.2605,7716.4
1759766400,1.2593,1.2683,1.2518,1.2607,14575.9
1759780800,1.2619,1.2638,1.2511,1.2546,43484.2
1759795200,1.2544,1.2617,1.2511,1.2545,67602.2
1759809600,1.2542,1.2978,1.2512,1.2811,17685.8
1759824000,1.2817,1.3512,1.2593,1.2913,335252.1
1759838400,1.2899,1.2994,1.2299,1.237,65057.5
1759852800,1.2356,1.2466,1.2197,1.2224,37928.5
1759867200,1.2231,1.2432,1.2202,1.2245,12138.5
1759881600,1.2245,1.2587,1.2222,1.2237,20686.8
1759896000,1.222,1.2339,1.2129,1.226,11211.0
1759910400,1.2258,1.2372,1.2231,1.2251,10112.6
1759924800,1.2254,1.2613,1.2212,1.2393,159768.5
1759939200,1.2383,1.3093,1.211,1.2549,419013.9
1759953600,1.2539,1.2575,1.2457,1.255,27051.2
1759968000,1.2516,1.258,1.2257,1.2453,70487.9
1759982400,1.2438,1.2562,1.2407,1.2445,15688.7
1759996800,1.2432,1.2442,1.2175,1.236,18506.3
1760011200,1.2348,1.2457,1.2053,1.2109,9309.0
1760025600,1.209,1.2227,1.2027,1.2162,7666.5
1760040000,1.2178,1.226,1.2069,1.2161,6769.4
1760054400,1.2174,1.2525,1.2132,1.2353,13346.8
1760068800,1.2404,1.2452,1.2284,1.2284,7824.6
1760083200,1.2284,1.2534,1.227,1.2515,15363.5
1760097600,1.2507,1.2569,1.1712,1.1851,33549.8
1760112000,1.1823,1.1949,1.1442,1.1569,30225.8
1760126400,1.1577,1.1718,0.40953,0.82688,749106.7
1760140800,0.82646,0.86593,0.80111,0.85846,164689.0
1760155200,0.85857,0.89743,0.85432,0.8879,84479.8
1760169600,0.88676,0.91844,0.88358,0.91565,9237.8
1760184000,0.91591,0.9593,0.91099,0.95056,139557.3
1760198400,0.95463,0.95463,0.91623,0.92037,198752.0
1760212800,0.92464,0.93802,0.8816,0.92309,138662.9
1760227200,0.9182,0.92043,0.90037,0.91307,16962.8
1760241600,0.91307,0.94328,0.91307,0.94328,11056.1
1760256000,0.94316,0.95433,0.9326,0.95432,15245.7
1760270400,0.95465,1.0004,0.94235,0.99811,42974.2
1760284800,1.0023,1.0463,0.99984,1.0463,42761.2
1760299200,1.0509,1.0509,1.0013,1.007,215304.6
1760313600,1.0032,1.0112,0.98663,0.98911,37405.8
1760328000,0.98874,1.0341,0.98767,1.0231,76120.7
1760342400,1.0224,1.0479,1.0017,1.0274,21866.8
1760356800,1.0249,1.1487,1.0203,1.1378,132519.6
1760371200,1.1432,1.5323,1.1078,1.3049,668487.8
1760385600,1.3058,1.3427,1.2626,1.2708,64353.1
1760400000,1.2728,1.2728,1.1909,1.2154,118937.5
1760414400,1.2267,1.2452,1.0939,1.113,122824.4
1760428800,1.1105,1.1566,1.0894,1.138,44058.3
1760443200,1.1367,1.2596,1.1137,1.192,433176.5
1760457600,1.195,1.2553,1.1522,1.168,296460.3
1760472000,1.1698,1.1754,1.1538,1.1606,26618.4
1760486400,1.1625,1.1625,1.127,1.1328,65286.9
1760500800,1.1318,1.1568,1.1291,1.1493,11230.2
1760515200,1.1479,1.1698,1.121,1.1238,17094.1
1760529600,1.1244,1.1293,1.0828,1.0937,13812.2
1760544000,1.0968,1.098,1.0595,1.0607,60368.7
1760558400,1.0626,1.0662,1.042,1.0537,23720.2
1760572800,1.0555,1.075,1.0501,1.0581,49499.9
1760587200,1.0551,1.0709,1.0467,1.0553,27518.6
1760601600,1.057,1.0745,1.0192,1.0724,42265.6
1760616000,1.073,1.0826,1.0419,1.0438,71995.3
1760630400,1.0476,1.1143,1.027,1.0766,106819.9
1760644800,1.0804,1.0804,1.0124,1.0194,102527.1
1760659200,1.0241,1.0523,1.0236,1.0514,50447.3
1760673600,1.0519,1.0553,0.95626,0.95626,28552.8
1760688000,0.95947,1.0112,0.94969,1.0051,64393.0
1760702400,1.0054,1.012,0.98261,1.0031,49201.0
1760716800,1.0137,1.0219,1.0022,1.0089,17034.7
1760731200,1.0087,1.0471,1.0087,1.0187,28551.7
1760745600,1.0198,1.0386,1.0177,1.0324,11586.5
1760760000,1.0319,1.0677,1.0213,1.0472,90527.4
1760774400,1.0476,1.1226,1.0389,1.0631,157707.9
1760788800,1.061,1.1241,1.0354,1.0616,122073.9
1760803200,1.063,1.1472,1.0582,1.1241,128085.8
1760817600,1.123,1.1573,1.1129,1.1209,140824.0
1760832000,1.1202,1.1503,1.0857,1.1448,98409.2
1760846400,1.1578,1.1996,1.1313,1.1767,249372.1
1760860800,1.168,1.1795,1.069,1.1241,200061.7
1760875200,1.1248,1.1584,1.1178,1.1322,103989.5
1760889600,1.1345,1.1384,1.1189,1.1296,72965.1
1760904000,1.133,1.1403,1.1237,1.1268,15594.5
1760918400,1.1277,1.1517,1.1121,1.1451,19117.3
1760932800,1.1515,1.248,1.1444,1.2433,50195.3
1760947200,1.241,1.3218,1.1901,1.2142,155434.2
1760961600,1.2158,1.2471,1.1967,1.1967,50937.9
1760976000,1.1954,1.208,1.1767,1.2068,25350.0
1760990400,1.2025,1.2047,1.1888,1.1911,10686.0
1761004800,1.1897,1.1943,1.1578,1.1619,19111.8
1761019200,1.1627,1.1702,1.1414,1.1651,37547.5
1761033600,1.1627,1.1858,1.1495,1.1798,63771.7
1761048000,1.1778,1.2205,1.1678,1.2098,58588.7
1761062400,1.2101,1.215,1.1801,1.1801,24575.1
1761076800,1.1806,1.1848,1.129,1.135,37936.9
1761091200,1.1348,1.1433,1.1251,1.1388,20555.4
1761105600,1.1388,1.155,1.1359,1.1497,64796.9
1761120000,1.1502,1.1502,1.1292,1.1382,10072.4
1761134400,1.139,1.1453,1.1132,1.122,62743.1
1761148800,1.1208,1.1434,1.1045,1.1162,95085.2
1761163200,1.1167,1.1294,1.0913,1.1256,56096.9
1761177600,1.1248,1.1649,1.1212,1.1514,69184.1
1761192000,1.1533,1.1618,1.1409,1.1494,17742.2
1761206400,1.1504,1.1611,1.1356,1.1416,18071.0
1761220800,1.1414,1.2007,1.1385,1.1642,60498.7
1761235200,1.1665,1.1795,1.1623,1.1643,19368.3
1761249600,1.1611,1.1665,1.1484,1.1554,22612.8
1761264000,1.158,1.1696,1.1539,1.1594,24053.2
1761278400,1.1624,1.19,1.16,1.1808,20639.2
1761292800,1.1764,1.1838,1.1689,1.1785,33241.7
1761307200,1.1791,1.2098,1.1716,1.1748,64507.3
1761321600,1.1764,1.1887,1.1598,1.1851,14114.7
1761336000,1.1864,1.1956,1.1837,1.1886,57264.7
1761350400,1.189,1.2056,1.1778,1.1779,15701.1
1761364800,1.1788,1.1883,1.1653,1.1723,19705.5
1761379200,1.1725,1.1784,1.1574,1.1641,10669.1
1761393600,1.1646,1.1714,1.1594,1.1672,19811.9
1761408000,1.1702,1.1747,1.1627,1.1702,7257.6
1761422400,1.1706,1.1866,1.1692,1.1761,8705.8
1761436800,1.1768,1.1932,1.1706,1.1735,231418.5
1761451200,1.1735,1.1795,1.1676,1.1795,22336.0
1761465600,1.1794,1.1874,1.1676,1.1849,76593.4
1761480000,1.1862,1.1953,1.1811,1.1921,38624.5
1761494400,1.1936,1.2038,1.1832,1.1852,78573.2
1761508800,1.1873,1.2168,1.1745,1.1921,41017.2
1761523200,1.1887,1.1955,1.1752,1.1812,36865.4
1761537600,1.1809,1.1872,1.164,1.1703,16720.6
1761552000,1.1712,1.1724,1.1503,1.1618,141504.0
1761566400,1.1616,1.1648,1.1387,1.1552,42559.7
1761580800,1.1569,1.172,1.1569,1.1624,28102.2
1761595200,1.1612,1.1695,1.1382,1.1446,56981.6
1761609600,1.1452,1.1507,1.1266,1.1316,11370.4
1761624000,1.1305,1.1516,1.1229,1.1395,11268.7
1761638400,1.1394,1.1486,1.1365,1.1394,12103.8
1761652800,1.1405,1.1535,1.1183,1.139,62681.3
1761667200,1.1398,1.1941,1.1206,1.1288,318381.8
1761681600,1.1218,1.1405,1.1048,1.1219,85438.8
1761696000,1.1214,1.1295,1.1147,1.1206,18911.8
1761710400,1.1216,1.1306,1.1207,1.1236,12134.5
1761724800,1.1229,1.1289,1.1149,1.1239,17774.3
1761739200,1.1242,1.1299,1.0984,1.1045,28923.6
1761753600,1.1055,1.1447,1.0894,1.124,123197.5
1761768000,1.1299,1.1378,1.0948,1.1116,225549.7
1761782400,1.1122,1.1291,1.1076,1.115,13344.1
1761796800,1.1139,1.1147,1.0742,1.1103,68190.1
1761811200,1.1094,1.1109,1.084,1.0856,32100.4
1761825600,1.0841,1.0873,1.0512,1.0512,27057.0
1761840000,1.0524,1.0589,1.0309,1.0404,19990.5
1761854400,1.0384,1.0723,1.0373,1.0703,40067.9
1761868800,1.0703,1.0803,1.0658,1.068,10363.9
1761883200,1.0703,1.0755,1.0625,1.0657,18277.5
1761897600,1.0659,1.0716,1.06,1.0704,20987.4
1761912000,1.072,1.0815,1.0637,1.0693,15943.4
1761926400,1.0691,1.0734,1.0415,1.0693,14860.5
1761940800,1.0702,1.0709,1.0563,1.0664,9441.3
1761955200,1.0667,1.0703,1.0564,1.0693,14392.2
1761969600,1.0717,1.0814,1.0615,1.0812,25335.1
1761984000,1.0809,1.0949,1.0762,1.0939,75569.5
1761998400,1.0957,1.0972,1.08,1.0949,17524.0
1762012800,1.0925,1.1001,1.0923,1.0972,36284.4
1762027200,1.0973,1.1152,1.0945,1.115,41381.9
1762041600,1.1151,1.1184,1.1024,1.1049,88232.3
1762056000,1.1056,1.1368,1.1056,1.1267,28342.3
1762070400,1.1307,1.131,1.1066,1.1185,37327.3
1762084800,1.1167,1.1183,1.0814,1.0824,17356.2
1762099200,1.0819,1.0916,1.0726,1.0792,12305.1
1762113600,1.0804,1.1007,1.0769,1.0987,13777.6
1762128000,1.0985,1.0985,1.0404,1.0405,13539.9
1762142400,1.0403,1.0511,1.0282,1.0387,18158.9
1762156800,1.039,1.0485,1.0234,1.0353,33249.6
1762171200,1.0343,1.0404,0.95,0.97697,61014.0
1762185600,0.97668,1.0032,0.97335,0.97502,27028.9
1762200000,0.97437,0.98806,0.96441,0.98694,28184.5
1762214400,0.98694,1.016,0.98113,1.0109,18677.4
1762228800,1.0111,1.021,0.9698,0.97414,27996.7
1762243200,0.97479,0.99691,0.96834,0.98017,19080.0
1762257600,0.98041,1.0039,0.96299,0.97395,27980.7
1762272000,0.97753,0.98244,0.91895,0.94096,57861.2
1762286400,0.93935,0.96094,0.90459,0.94914,56813.8
1762300800,0.94669,0.94833,0.87981,0.94176,21604.4
1762315200,0.94458,0.94609,0.92494,0.93585,10390.0
1762329600,0.93485,0.93485,0.90948,0.92796,11221.8
1762344000,0.92892,0.93377,0.91447,0.9329,17883.9
1762358400,0.93515,0.94511,0.92317,0.94308,18126.2
1762372800,0.94206,0.96111,0.94149,0.94387,10725.1
1762387200,0.94506,0.94803,0.92607,0.94202,18005.4
1762401600,0.94043,0.95246,0.92664,0.93235,31511.2
1762416000,0.92938,0.94186,0.92089,0.9288,12525.8
1762430400,0.92966,0.9365,0.90022,0.90377,16021.8
1762444800,0.90469,0.93175,0.88759,0.92991,51014.2
1762459200,0.92758,0.93509,0.91486,0.92894,14689.9
1762473600,0.92838,0.96803,0.92838,0.95381,22684.5
1762488000,0.95285,0.97926,0.93918,0.97926,51173.2
1762502400,0.97718,1.008,0.94909,0.99711,46617.9
1762516800,0.99013,1.0309,0.96293,1.0172,103295.2
1762531200,1.0163,1.0775,1.0129,1.068,133948.2
1762545600,1.0656,1.101,1.0597,1.0848,97860.2
1762560000,1.0871,1.123,1.0576,1.0729,32075.4
1762574400,1.0729,1.0899,1.0388,1.0539,24760.4
1762588800,1.0539,1.0728,1.0366,1.0668,63737.6
1762603200,1.0626,1.0649,1.0293,1.0333,43501.7
1762617600,1.0364,1.0465,1.0295,1.0455,18778.3
1762632000,1.0444,1.0567,1.0416,1.0542,17084.9
1762646400,1.0541,1.0751,1.0054,1.0075,37698.1
1762660800,1.0077,1.0304,1.0077,1.0284,17111.3
1762675200,1.0282,1.2532,1.0109,1.0279,265445.1
1762689600,1.0254,1.0383,1.0132,1.0245,45624.0
1762704000,1.0254,1.0398,1.0148,1.0398,33678.0
1762718400,1.0381,1.0425,1.0224,1.027,18290.4
1762732800,1.0275,1.046,1.0217,1.0359,33080.3
1762747200,1.0371,1.0631,1.0296,1.0486,45593.4
1762761600,1.0499,1.0709,1.0409,1.0534,29936.2
1762776000,1.0548,1.0673,1.0217,1.0494,67664.3
1762790400,1.0518,1.0549,1.0308,1.0396,12256.5
1762804800,1.0398,1.0568,1.0271,1.0478,20184.6
1762819200,1.049,1.0615,1.0334,1.0459,19404.7
1762833600,1.0467,1.0477,1.0015,1.0036,34809.1
1762848000,1.0038,1.031,0.99885,1.0224,37122.5
1762862400,1.0226,1.0266,1.0017,1.0105,21469.9
1762876800,1.0114,1.0217,0.99056,0.99168,30794.0
1762891200,0.99269,0.99533,0.97568,0.97872,25545.4
1762905600,0.98063,0.99395,0.97016,0.99291,10451.4
1762920000,0.99116,1.0079,0.99116,0.99672,13361.7
1762934400,0.99754,1.0171,0.99586,1.0124,9836.5
1762948800,1.0107,1.016,0.97885,0.97986,20331.8
1762963200,0.98139,0.98139,0.94878,0.95608,24828.9
1762977600,0.95474,0.97384,0.95474,0.96848,13069.4
1762992000,0.96689,0.98752,0.9645,0.97858,13468.6
1763006400,0.97747,0.99486,0.97244,0.98467,11754.9
1763020800,0.98574,0.9887,0.97255,0.97836,14839.3
1763035200,0.97845,0.99489,0.96666,0.97165,21395.8
1763049600,0.97444,0.97872,0.93364,0.94065,48184.4
1763064000,0.93907,0.95782,0.92586,0.94885,18696.5
1763078400,0.94673,0.95585,0.93451,0.93861,12045.2
1763092800,0.93749,0.94876,0.89978,0.94079,16167.5
1763107200,0.93976,0.94453,0.92362,0.9297,16032.3
1763121600,0.93051,0.94918,0.91558,0.94442,24730.6
1763136000,0.94353,0.95233,0.93116,0.94471,13614.3
1763150400,0.94571,0.94652,0.90938,0.9165,32915.6
1763164800,0.9165,0.95241,0.91442,0.94753,15285.6
1763179200,0.95017,0.95359,0.93748,0.94464,13739.2
1763193600,0.94565,0.94765,0.92856,0.93367,22098.1
1763208000,0.93265,0.94848,0.93265,0.93758,9240.3
1763222400,0.93658,0.98175,0.93178,0.95732,36083.2
1763236800,0.9604,0.96151,0.94126,0.95247,35394.6
1763251200,0.95104,0.95249,0.92831,0.9486,28497.9
1763265600,0.94913,0.95348,0.93753,0.95153,14976.7
1763280000,0.95288,0.95288,0.92533,0.93043,23502.6
1763294400,0.93029,0.93555,0.9115,0.91251,37402.0
1763308800,0.9122,0.92568,0.89849,0.90441,33104.3
1763323200,0.90429,0.92274,0.89056,0.91671,35611.8
1763337600,0.91463,0.93732,0.90669,0.93446,20378.9
1763352000,0.93677,0.93677,0.92277,0.93186,11908.6
1763366400,0.93318,0.94495,0.92988,0.94195,19741.4
1763380800,0.94027,0.95059,0.90372,0.91488,22251.6
1763395200,0.91307,0.9333,0.88966,0.89458,29411.4
1763409600,0.89555,0.9116,0.88559,0.90473,21492.8
1763424000,0.90381,0.92037,0.88429,0.91447,23489.8
1763438400,0.91492,0.92336,0.90047,0.91396,14219.0
1763452800,0.91355,0.9194,0.90452,0.90846,15498.6
1763467200,0.90956,0.92962,0.8996,0.92487,11889.9
1763481600,0.92531,0.94037,0.92353,0.92559,12495.8
1763496000,0.92713,0.9316,0.91528,0.91938,11603.3
1763510400,0.92031,0.92125,0.90495,0.90637,8069.7
1763524800,0.90697,0.91343,0.8867,0.91188,16637.7
1763539200,0.91355,0.92233,0.90471,0.90661,14438.4
1763553600,0.90649,0.92302,0.89048,0.89054,25645.0
1763568000,0.89062,0.89725,0.86047,0.87134,37084.7
1763582400,0.8715,0.90161,0.87044,0.89657,59985.9
1763596800,0.89587,0.90571,0.89561,0.90278,9679.7
1763611200,0.90297,0.91284,0.90272,0.91179,14196.8
1763625600,0.91176,0.91276,0.89969,0.90544,13448.6
1763640000,0.90633,0.92656,0.90607,0.90784,50925.0
1763654400,0.90804,0.90981,0.85661,0.87533,70896.5
1763668800,0.87327,0.89346,0.86473,0.87337,30396.0
1763683200,0.87491,0.89049,0.86335,0.87641,16014.9
1763697600,0.87544,0.87742,0.78306,0.82569,30593.3
1763712000,0.8256,0.83359,0.79533,0.79761,48997.5
1763726400,0.79876,0.83163,0.78345,0.81763,47479.6
1763740800,0.81864,0.85374,0.81113,0.83837,39367.0
1763755200,0.84023,0.85807,0.81296,0.83805,62430.1
1763769600,0.8379,0.84102,0.82829,0.82946,43686.8
1763784000,0.82939,0.83424,0.81111,0.83231,29847.4
1763798400,0.83035,0.83129,0.81336,0.82645,18716.1
1763812800,0.82517,0.83544,0.81242,0.82342,20118.0
1763827200,0.82423,0.83345,0.82242,0.82873,85728.8
1763841600,0.82686,0.83484,0.80276,0.81951,540924.9
1763856000,0.82143,0.82865,0.81459,0.82235,75521.9
1763870400,0.8215,0.83407,0.81893,0.8306,28981.7
1763884800,0.8306,0.8364,0.82323,0.82948,31392.4
1763899200,0.82845,0.83641,0.8172,0.82399,34365.2
1763913600,0.82317,0.82837,0.81486,0.82482,20696.0
1763928000,0.82481,0.82796,0.81087,0.81297,26600.7
1763942400,0.81298,0.83042,0.80372,0.82159,25843.6
1763956800,0.82172,0.83138,0.81076,0.82055,21427.0
1763971200,0.82062,0.82247,0.80571,0.81365,19635.1
1763985600,0.81316,0.83164,0.81048,0.82845,16728.6
1764000000,0.82764,0.8557,0.82764,0.84432,17769.0
1764014400,0.84468,0.85243,0.8403,0.8403,8554.9
1764028800,0.84218,0.84565,0.83332,0.83741,13769.6
1764043200,0.83844,0.83973,0.82138,0.8244,16262.0
1764057600,0.82249,0.8276,0.81601,0.82552,23337.9
1764072000,0.82556,0.83365,0.81449,0.82842,27782.6
1764086400,0.82865,0.87068,0.81637,0.82911,65564.2
1764100800,0.83161,0.84606,0.82541,0.83923,17602.7
1764115200,0.83939,0.84297,0.82978,0.82987,8748.8
1764129600,0.83121,0.83717,0.82668,0.83079,11777.7
1764144000,0.83302,0.83302,0.81793,0.81935,14294.7
1764158400,0.81961,0.82912,0.8112,0.817,19541.1
1764172800,0.81972,0.84596,0.81972,0.84519,37278.2
1764187200,0.84515,0.84656,0.8392,0.842,13127.7
1764201600,0.84193,0.84811,0.8376,0.84,11186.4
1764216000,0.84124,0.84516,0.83582,0.84157,13690.9
1764230400,0.84136,0.84752,0.83693,0.84227,23116.8
1764244800,0.84129,0.85263,0.83355,0.85224,36695.6
1764259200,0.85213,0.85557,0.84917,0.8518,21812.7
1764273600,0.85196,0.85893,0.84529,0.84939,47571.8
1764288000,0.84972,0.85221,0.83288,0.83479,110633.1
1764302400,0.83566,0.83887,0.83011,0.83463,22459.4
1764316800,0.83431,0.85213,0.83431,0.84811,67013.3
1764331200,0.84815,0.85923,0.84092,0.85065,51376.3
1764345600,0.85124,0.85263,0.82788,0.83916,59855.5
1764360000,0.839,0.83931,0.83054,0.83516,71731.7
1764374400,0.83534,0.84441,0.83301,0.83938,37589.6
1764388800,0.83991,0.84573,0.831,0.83306,46106.4
1764403200,0.83301,0.87218,0.83261,0.86051,129566.7
1764417600,0.86249,0.89302,0.85005,0.85294,293974.2
1764432000,0.85269,0.85269,0.83408,0.83901,23893.2
1764446400,0.83848,0.83901,0.8244,0.83303,18399.7
1764460800,0.83349,0.83349,0.8137,0.82116,23393.1
1764475200,0.82177,0.82401,0.81484,0.82067,28090.3
1764489600,0.82145,0.82763,0.81685,0.81728,25226.6
1764504000,0.81815,0.83108,0.81578,0.82126,35173.2
1764518400,0.82186,0.82668,0.80987,0.81108,35343.8
1764532800,0.81175,0.81891,0.80735,0.80875,159659.9
1764547200,0.8105,0.82378,0.76235,0.76608,290590.8
1764561600,0.76572,0.77169,0.7594,0.77068,57323.5
1764576000,0.77187,0.78305,0.77069,0.77401,21380.1
1764590400,0.77414,0.79501,0.76502,0.7774,147998.6
1764604800,0.77703,0.78858,0.76439,0.76927,145090.0
1764619200,0.76951,0.78492,0.76951,0.77377,28422.4
1764633600,0.7742,0.78459,0.77026,0.77737,32600.8
1764648000,0.77776,0.78837,0.7755,0.77658,24462.3
1764662400,0.77726,0.78541,0.76807,0.78018,37342.5
1764676800,0.78024,0.81731,0.77656,0.8171,106821.3
1764691200,0.81756,0.82042,0.80866,0.81011,79417.4
1764705600,0.81023,0.81291,0.80064,0.80373,341160.7
1764720000,0.80461,0.82274,0.8042,0.81845,31966.6
1764734400,0.81834,0.83278,0.81682,0.82989,117550.1
1764748800,0.83029,0.83539,0.8196,0.82263,52331.3
1764763200,0.82224,0.83165,0.80923,0.81859,60813.5
1764777600,0.82104,0.82811,0.81432,0.82569,30334.1
1764792000,0.8259,0.83617,0.82438,0.82816,18917.4
1764806400,0.83148,0.83761,0.82752,0.83042,31574.6
1764820800,0.83092,0.83942,0.83018,0.83942,32056.3
1764835200,0.83923,0.84026,0.83077,0.83332,549348.8
1764849600,0.8337,0.83647,0.82198,0.83335,301036.0
1764864000,0.83411,0.83695,0.806,0.822,67324.3
1764878400,0.82178,0.82291,0.81475,0.81964,71971.0
1764892800,0.81964,0.83685,0.81852,0.82793,32126.2
1764907200,0.8295,0.8567,0.8223,0.85612,53346.3
1764921600,0.85656,0.85656,0.82114,0.82825,58597.1
1764936000,0.82654,0.83182,0.80461,0.80804,90997.1
1764950400,0.80855,0.80855,0.78028,0.78623,47233.5
1764964800,0.78715,0.79712,0.78195,0.79374,30925.9
1764979200,0.79419,0.80341,0.79046,0.80341,22623.5
1764993600,0.80426,0.81179,0.79832,0.80593,26712.7
1765008000,0.80578,0.80779,0.79342,0.8009,36045.5
1765022400,0.80092,0.80681,0.7956,0.80156,18564.8
1765036800,0.80386,0.81596,0.80386,0.80882,15714.4
1765051200,0.80971,0.83438,0.80805,0.81855,76035.2
1765065600,0.81896,0.82572,0.81631,0.81926,67760.4
1765080000,0.81887,0.81973,0.80612,0.80977,24045.0
1765094400,0.80982,0.8117,0.80202,0.80461,22742.9
1765108800,0.80461,0.80852,0.78415,0.80448,41230.3
1765123200,0.80512,0.81886,0.79462,0.81254,46917.0
1765137600,0.81311,0.81546,0.7804,0.7891,35066.2
1765152000,0.78939,0.80751,0.78452,0.80419,25146.1
1765166400,0.80591,0.81725,0.80591,0.8143,20098.9
1765180800,0.8142,0.82334,0.81172,0.8189,27536.0
1765195200,0.81835,0.82199,0.80849,0.81017,72528.5
1765209600,0.80984,0.81997,0.79782,0.80153,35940.2
1765224000,0.80154,0.81288,0.80154,0.80743,22136.1
1765238400,0.80721,0.81186,0.8014,0.81137,23796.1
1765252800,0.81102,0.81102,0.80191,0.8085,17281.7
1765267200,0.8091,0.81089,0.80279,0.8099,16129.1
1765281600,0.81106,0.82868,0.80905,0.82868,12500.6
1765296000,0.83418,0.84678,0.83141,0.83837,35880.4
1765310400,0.83806,0.83824,0.82274,0.82909,37011.1
1765324800,0.82909,0.83061,0.82269,0.82434,15165.8
1765339200,0.82434,0.82939,0.82187,0.82376,17840.5
1765353600,0.82386,0.82829,0.81264,0.81587,17199.2
1765368000,0.81702,0.82658,0.81528,0.82385,19247.3
1765382400,0.82394,0.83528,0.81727,0.83402,30933.5
1765396800,0.83337,0.84488,0.81024,0.81115,40448.4
1765411200,0.81045,0.81358,0.77977,0.78187,13543.5
1765425600,0.7812,0.79331,0.7812,0.78996,8209.1
1765440000,0.78967,0.80379,0.78685,0.79836,6994.1
1765454400,0.79791,0.80351,0.79163,0.79568,13357.8
1765468800,0.79621,0.81191,0.7904,0.80127,21056.7
1765483200,0.80232,0.82233,0.80188,0.80936,24941.1
1765497600,0.81008,0.81567,0.80321,0.80863,47846.7
1765512000,0.80955,0.81384,0.80484,0.80923,10643.9
1765526400,0.80953,0.81316,0.80593,0.80717,12909.1
1765540800,0.80744,0.80901,0.76994,0.76994,22007.7
1765555200,0.77065,0.77745,0.76503,0.76932,28914.5
1765569600,0.7694,0.78108,0.76821,0.77868,8466.2
1765584000,0.77906,0.78715,0.77876,0.78527,42139.4
1765598400,0.78567,0.78898,0.78151,0.78674,11000.9
1765612800,0.78726,0.79297,0.78663,0.78791,9694.5
1765627200,0.78807,0.79645,0.78571,0.79247,18431.4
1765641600,0.79308,0.79993,0.7913,0.79572,15663.8
1765656000,0.79582,0.79582,0.78731,0.79165,9208.6
1765670400,0.78964,0.79297,0.78408,0.78408,14122.6
1765684800,0.78408,0.78704,0.7787,0.77956,11684.4
1765699200,0.78133,0.78262,0.76805,0.77161,8391.1
1765713600,0.77182,0.77393,0.76135,0.76148,13977.0
1765728000,0.76149,0.76651,0.75116,0.75156,10657.6
1765742400,0.75211,0.75413,0.73692,0.74165,22970.5
1765756800,0.7443,0.75526,0.73813,0.74269,68778.9
1765771200,0.74299,0.74996,0.74031,0.74661,23252.2
1765785600,0.7462,0.75652,0.7462,0.75144,34570.3
1765800000,0.75207,0.75244,0.70992,0.71185,26472.6
1765814400,0.71291,0.73135,0.70347,0.72296,39887.0
1765828800,0.72339,0.73069,0.71945,0.72902,23924.4
1765843200,0.72922,0.73115,0.72465,0.72857,21971.2
1765857600,0.73062,0.76428,0.72063,0.73315,50083.1
1765872000,0.72967,0.74303,0.72179,0.73405,43491.4
1765886400,0.73436,0.74208,0.7226,0.7401,44363.7
1765900800,0.74112,0.74592,0.73403,0.74,18446.5
1765915200,0.74121,0.74172,0.73194,0.73353,15126.0
1765929600,0.73407,0.743,0.72833,0.73169,88831.2
1765944000,0.73182,0.73543,0.72717,0.73159,16487.6
1765958400,0.73192,0.73229,0.72501,0.73166,19657.4
1765972800,0.7317,0.73791,0.71617,0.71753,45287.3
1765987200,0.71818,0.72147,0.68737,0.69672,34679.8
1766001600,0.69699,0.7044,0.69412,0.69937,17809.4
1766016000,0.69971,0.7018,0.69017,0.69198,27824.2
1766030400,0.6924,0.69559,0.67796,0.68121,27056.2
1766044800,0.68141,0.6904,0.68092,0.68881,22025.9
1766059200,0.69082,0.71462,0.68917,0.70855,42778.3
1766073600,0.70895,0.71058,0.65131,0.65303,41434.2
1766088000,0.6517,0.67961,0.6517,0.66895,44280.6
1766102400,0.66922,0.68748,0.66334,0.68187,78414.2
1766116800,0.68256,0.69439,0.67976,0.6891,37172.7
1766131200,0.68925,0.6961,0.68833,0.69532,14172.6
1766145600,0.69616,0.71861,0.69442,0.71299,38621.9
1766160000,0.71306,0.72445,0.7063,0.72059,44132.2
1766174400,0.72077,0.72377,0.71055,0.71759,21853.8
1766188800,0.7174,0.7174,0.71139,0.71556,24609.9
1766203200,0.71586,0.72035,0.70796,0.71979,21661.9
1766217600,0.72038,0.72347,0.71369,0.72316,10308.4
1766232000,0.72312,0.72312,0.71466,0.71758,13437.7
1766246400,0.71751,0.7199,0.71381,0.71598,13402.8
1766260800,0.71598,0.72176,0.71538,0.71922,13869.5
1766275200,0.72157,0.73711,0.71496,0.72149,85352.5
1766289600,0.72212,0.72341,0.7157,0.71731,14121.5
1766304000,0.71751,0.71936,0.71114,0.7121,18347.9
1766318400,0.71171,0.71376,0.68709,0.69477,21263.9
1766332800,0.6944,0.70306,0.69359,0.69952,10670.1
1766347200,0.69905,0.70332,0.69333,0.69951,8596.7
1766361600,0.69912,0.71251,0.69306,0.70415,17691.5
1766376000,0.70445,0.71056,0.70056,0.70886,16855.6
1766390400,0.70945,0.71513,0.70618,0.71042,17626.5
1766404800,0.71042,0.71649,0.70748,0.71445,17734.0
1766419200,0.71572,0.71773,0.70402,0.70521,6618.2
1766433600,0.70538,0.71539,0.7032,0.71362,17743.5
1766448000,0.71566,0.71878,0.71048,0.71529,16984.7
1766462400,0.71584,0.71642,0.70009,0.70181,23276.4
1766476800,0.70216,0.7063,0.6998,0.704,8528.0
1766491200,0.70437,0.70449,0.68903,0.69432,17342.9
1766505600,0.69285,0.71285,0.69285,0.70755,19557.1
1766520000,0.70825,0.717,0.70371,0.71439,19432.5
1766534400,0.71416,0.71416,0.69393,0.70141,25636.3
1766548800,0.70271,0.70673,0.69163,0.69506,19730.3
1766563200,0.69429,0.69665,0.69094,0.69422,16142.5
1766577600,0.69419,0.69996,0.68967,0.69907,11251.9
1766592000,0.69926,0.70464,0.69774,0.70464,13505.7
1766606400,0.70606,0.71185,0.70457,0.70967,11761.7
1766620800,0.71018,0.71803,0.70966,0.71743,22657.5
1766635200,0.71814,0.73585,0.71785,0.73387,28679.3
1766649600,0.73477,0.73477,0.71816,0.71955,17274.4
1766664000,0.71932,0.72207,0.71396,0.72039,12992.2
1766678400,0.72128,0.72654,0.71627,0.72598,13467.1
1766692800,0.72605,0.72642,0.70175,0.70309,30860.4
1766707200,0.70329,0.72225,0.70258,0.71557,44346.6
1766721600,0.71523,0.71795,0.70747,0.70756,24852.0
1766736000,0.70786,0.71093,0.70435,0.70576,18227.8
1766750400,0.70617,0.71516,0.6988,0.70535,16227.7
1766764800,0.70654,0.71294,0.70236,0.71245,9231.8
1766779200,0.71299,0.71516,0.70984,0.71236,34048.2
1766793600,0.71262,0.7199,0.71257,0.71933,43044.0
1766808000,0.72078,0.72143,0.71664,0.72046,14191.9
1766822400,0.72087,0.72417,0.71313,0.72339,12633.1
1766836800,0.72569,0.72747,0.72234,0.72722,20819.2
1766851200,0.72902,0.7291,0.72486,0.72727,12013.3
1766865600,0.72809,0.73467,0.72274,0.73467,16505.7
1766880000,0.73496,0.73595,0.72871,0.73342,11736.4
1766894400,0.73299,0.73585,0.73162,0.73288,8579.2
1766908800,0.73309,0.73437,0.72726,0.72884,8021.3
1766923200,0.7285,0.73127,0.72393,0.72898,10143.8
1766937600,0.7307,0.73248,0.71123,0.71271,17361.4
1766952000,0.71305,0.72564,0.71104,0.72336,12417.7
1766966400,0.7247,0.73455,0.72358,0.73365,30123.7
1766980800,0.73363,0.73392,0.7222,0.72695,23140.9
1766995200,0.72768,0.72984,0.71537,0.72492,15972.3
1767009600,0.72487,0.72487,0.70335,0.71123,21304.9
1767024000,0.71137,0.71326,0.70372,0.705,14653.1
1767038400,0.705,0.70711,0.69657,0.69657,13513.4
1767052800,0.69741,0.70074,0.69179,0.69577,29113.9
1767067200,0.69671,0.69786,0.69122,0.69571,10223.2
1767081600,0.69585,0.70033,0.69514,0.69794,12523.9
1767096000,0.69985,0.70231,0.69305,0.70179,21934.7
1767110400,0.70191,0.70296,0.69478,0.69949,9499.8
1767124800,0.70003,0.70081,0.69561,0.7008,7562.6
1767139200,0.69996,0.71002,0.69687,0.70728,10687.9
1767153600,0.70781,0.72005,0.70427,0.71031,61096.8
1767168000,0.71135,0.71655,0.70696,0.70908,18716.8
1767182400,0.7088,0.70938,0.70182,0.70247,16092.9
1767196800,0.70421,0.70421,0.67815,0.69041,21280.7
1767211200,0.69015,0.71838,0.68351,0.69964,29596.1
1767225600,0.69969,0.70178,0.6951,0.69538,7300.2
1767240000,0.69542,0.70402,0.69332,0.70047,15144.5
1767254400,0.70066,0.71649,0.69919,0.70919,26010.1
1767268800,0.71014,0.72004,0.70381,0.71903,15092.1
1767283200,0.72016,0.72805,0.71544,0.72767,25765.8
1767297600,0.72826,0.72957,0.7232,0.72944,9993.1
1767312000,0.73073,0.74193,0.72634,0.738,19731.6
1767326400,0.73971,0.73971,0.72287,0.7245,19528.5
1767340800,0.72558,0.73475,0.72324,0.72604,17675.1
1767355200,0.72552,0.73809,0.72154,0.72762,26451.1
1767369600,0.72782,0.74097,0.72566,0.73636,18465.6
1767384000,0.73718,0.74672,0.73517,0.74486,36854.3
1767398400,0.74488,0.75112,0.74138,0.74882,93193.3
1767412800,0.7503,0.7516,0.72402,0.73158,117056.2
1767427200,0.7311,0.73696,0.72798,0.73314,23639.1
1767441600,0.73325,0.73741,0.72951,0.73121,16018.7
1767456000,0.73324,0.74062,0.73108,0.73936,31285.1
1767470400,0.73979,0.75249,0.7367,0.75038,25645.5
1767484800,0.75038,0.75715,0.74691,0.75632,39699.3
1767499200,0.75589,0.75944,0.74717,0.74955,30465.0
1767513600,0.74972,0.75451,0.74408,0.75261,19580.2
1767528000,0.75325,0.76026,0.75091,0.75984,9060.8
1767542400,0.75879,0.7733,0.75436,0.75937,19531.0
1767556800,0.758,0.76494,0.75633,0.75872,15020.9
1767571200,0.76071,0.77344,0.75721,0.7598,35496.9
1767585600,0.76148,0.76294,0.74639,0.75703,20243.3
1767600000,0.75733,0.75908,0.74704,0.75121,14616.2
1767614400,0.75194,0.7661,0.7485,0.76558,13829.9
1767628800,0.76585,0.77599,0.75773,0.77314,28219.4
1767643200,0.77284,0.78637,0.77284,0.78325,53089.5
1767657600,0.78175,0.78781,0.77205,0.78702,23491.2
1767672000,0.78687,0.78908,0.77089,0.77198,20115.7
1767686400,0.77199,0.79039,0.7712,0.79019,12695.8
1767700800,0.79121,0.85258,0.78982,0.81367,109146.7
1767715200,0.81836,0.826,0.76809,0.78439,118956.8
1767729600,0.78405,0.82041,0.78405,0.81109,33811.9
1767744000,0.81177,0.81195,0.79165,0.80069,14879.9
1767758400,0.8008,0.80451,0.78974,0.80176,16978.2
1767772800,0.8038,0.80547,0.78604,0.79071,32527.2
1767787200,0.79092,0.79239,0.75992,0.76262,21391.5
1767801600,0.76321,0.77557,0.76235,0.77058,12406.1
1767816000,0.77045,0.77209,0.75954,0.76802,11490.0
1767830400,0.768,0.78403,0.76532,0.76626,21108.9
1767844800,0.76592,0.77624,0.75351,0.76629,9167.9
1767859200,0.76767,0.76875,0.74703,0.7544,9540.4
1767873600,0.75611,0.77043,0.74345,0.76848,36145.1
1767888000,0.7724,0.77528,0.76229,0.76693,21910.6
1767902400,0.76481,0.77576,0.76129,0.77025,8249.7
1767916800,0.77167,0.78009,0.76388,0.77755,38065.3
1767931200,0.77898,0.79736,0.77378,0.78552,29205.6
1767945600,0.78808,0.83406,0.77419,0.80741,113390.4
1767960000,0.80662,0.80886,0.78156,0.79162,119495.1
1767974400,0.79527,0.79596,0.7732,0.77579,28280.3
1767988800,0.77505,0.78494,0.77454,0.78025,24814.4
1768003200,0.77945,0.78089,0.76947,0.77546,16235.8
1768017600,0.77459,0.77781,0.76732,0.77567,12697.8
1768032000,0.77495,0.77957,0.77228,0.77896,10427.8
1768046400,0.77894,0.78114,0.772,0.77413,7201.7
1768060800,0.77424,0.77545,0.76882,0.77268,11051.2
1768075200,0.77356,0.77362,0.75744,0.7624,9514.3
1768089600,0.76407,0.76446,0.75821,0.76279,5623.4
1768104000,0.76207,0.76299,0.75676,0.76199,6578.1
1768118400,0.762,0.78,0.75968,0.77131,27815.4
1768132800,0.77187,0.77589,0.75562,0.76041,16086.2
1768147200,0.76041,0.76803,0.75739,0.76032,21770.8
1768161600,0.75928,0.75928,0.73469,0.74627,33856.5
1768176000,0.74656,0.76342,0.73578,0.75093,16501.9
1768190400,0.75117,0.76328,0.74844,0.74982,19358.7
1768204800,0.75026,0.75321,0.74406,0.74755,9075.5
1768219200,0.74715,0.7558,0.73944,0.75521,12327.5
1768233600,0.7551,0.7611,0.74506,0.7573,5853.0
1768248000,0.75872,0.75939,0.747,0.75295,6295.3
1768262400,0.75386,0.7588,0.75127,0.75528,9178.0
1768276800,0.75619,0.76911,0.75619,0.75774,8709.2
1768291200,0.75776,0.76078,0.74651,0.75698,26073.4
1768305600,0.75671,0.77117,0.75441,0.76795,53314.3
1768320000,0.76839,0.78028,0.7673,0.77998,40632.0
1768334400,0.77959,0.79569,0.77277,0.78554,22435.5
1768348800,0.7858,0.7949,0.78498,0.79098,27391.7
1768363200,0.79055,0.7977,0.78345,0.7966,15422.9
1768377600,0.79747,0.80408,0.79188,0.79785,11434.3
1768392000,0.79955,0.80848,0.79544,0.80213,17466.2
1768406400,0.80387,0.80734,0.77869,0.79009,11337.8
1768420800,0.79165,0.79496,0.77912,0.78555,28217.3
1768435200,0.7867,0.78829,0.76093,0.76162,13237.8
1768449600,0.76126,0.77736,0.7611,0.77466,12798.6
1768464000,0.77464,0.77705,0.76828,0.76986,10009.7
1768478400,0.7704,0.77781,0.75691,0.76668,18653.1
1768492800,0.76803,0.77041,0.74119,0.74812,20708.6
1768507200,0.74797,0.75564,0.74036,0.7552,6158.8
1768521600,0.75396,0.76,0.74964,0.75679,12770.6
1768536000,0.75673,0.76719,0.74901,0.76342,14214.5
1768550400,0.76337,0.76868,0.7576,0.76162,9172.4
1768564800,0.76317,0.76719,0.748,0.75221,12992.9
1768579200,0.75217,0.76507,0.75217,0.76306,6525.5
1768593600,0.76297,0.78694,0.75955,0.78531,26850.1
1768608000,0.78568,0.79363,0.78367,0.79354,11565.9
1768622400,0.79262,0.79292,0.7851,0.79056,15375.1
1768636800,0.7907,0.80801,0.7907,0.79369,34715.0
1768651200,0.79453,0.80125,0.79191,0.79905,20600.4
1768665600,0.79905,0.79905,0.78873,0.79071,8819.5
1768680000,0.7917,0.79409,0.77997,0.78414,9433.6
1768694400,0.7842,0.78911,0.77439,0.77795,12112.7
1768708800,0.77739,0.78322,0.77606,0.77755,8110.6
1768723200,0.77712,0.79169,0.77607,0.78845,12340.4
1768737600,0.78925,0.79045,0.77886,0.78894,22537.7
1768752000,0.78819,0.79686,0.78448,0.79126,7833.8
1768766400,0.79035,0.79535,0.75508,0.75508,19839.0
1768780800,0.75498,0.75528,0.69565,0.72663,42997.4
1768795200,0.72352,0.72657,0.71344,0.72566,9934.1
1768809600,0.7252,0.73423,0.72462,0.72513,12206.6
1768824000,0.72581,0.74889,0.72322,0.73887,21657.9
1768838400,0.73887,0.74897,0.73838,0.74584,8016.6
1768852800,0.74652,0.74652,0.73561,0.74108,4394.0
1768867200,0.7414,0.74147,0.73181,0.73545,8580.9
1768881600,0.73446,0.7367,0.721,0.72148,12249.4
1768896000,0.72128,0.72219,0.71432,0.71522,11600.5
1768910400,0.71642,0.72198,0.70721,0.71059,7545.7
1768924800,0.71144,0.71298,0.69617,0.69886,12621.8
1768939200,0.6983,0.70389,0.69021,0.69506,16968.4
1768953600,0.69507,0.71709,0.69507,0.71517,14154.7
1768968000,0.7147,0.71721,0.71229,0.7129,15283.5
1768982400,0.71344,0.71534,0.70306,0.70424,5430.2
1768996800,0.70281,0.72069,0.69628,0.71994,14371.0
1769011200,0.72063,0.72485,0.69056,0.72485,25752.8
1769025600,0.72354,0.72961,0.71098,0.71274,47265.7
1769040000,0.71366,0.72065,0.71366,0.71548,24181.2
1769054400,0.71641,0.71901,0.70913,0.70998,10348.2
1769068800,0.71015,0.71366,0.70253,0.70349,4427.4
1769083200,0.70319,0.70494,0.6918,0.69842,4646.1
1769097600,0.70031,0.70608,0.69834,0.70117,11582.5
1769112000,0.70096,0.70399,0.69865,0.70033,2071.0
1769126400,0.70218,0.71239,0.70081,0.70999,17713.4
1769140800,0.70976,0.71595,0.70916,0.71101,4817.1
1769155200,0.71176,0.71456,0.70676,0.71448,5729.9
1769169600,0.71458,0.71683,0.70343,0.71046,4515.9
1769184000,0.71342,0.7204,0.70384,0.70425,4064.5
1769198400,0.70329,0.70371,0.69489,0.69944,5679.8
1769212800,0.70185,0.70621,0.6978,0.70489,8292.0
1769227200,0.70427,0.7105,0.70162,0.7105,7245.8
1769241600,0.70942,0.71381,0.70855,0.71256,3273.9
1769256000,0.71277,0.71312,0.70405,0.70415,5714.7
1769270400,0.69879,0.69992,0.6948,0.69702,3982.9
1769284800,0.69907,0.70406,0.69849,0.70222,19345.9
1769299200,0.70219,0.70798,0.69939,0.7006,15749.4
1769313600,0.69977,0.70284,0.69556,0.69793,4884.0
1769328000,0.6969,0.69822,0.68802,0.68802,11006.1
1769342400,0.68917,0.68917,0.67471,0.67918,6591.0
1769356800,0.67911,0.67911,0.64228,0.64466,30730.3
1769371200,0.64466,0.65801,0.64466,0.657,46453.1
1769385600,0.65677,0.66932,0.65503,0.66172,17658.4
1769400000,0.66287,0.67258,0.66204,0.67141,8376.9
1769414400,0.67269,0.67731,0.66768,0.67229,6956.7
1769428800,0.67321,0.6885,0.67276,0.68136,8137.6
1769443200,0.68282,0.68673,0.68142,0.68188,11401.0
1769457600,0.68384,0.69208,0.67864,0.68603,7659.1
1769472000,0.68497,0.69204,0.68479,0.68784,9259.3
1769486400,0.68645,0.68967,0.68171,0.68175,3915.9
1769500800,0.68309,0.6832,0.67958,0.68088,5531.5
1769515200,0.68095,0.68117,0.67239,0.68,9497.9
1769529600,0.68183,0.69049,0.67339,0.68394,14465.1
1769544000,0.68406,0.69238,0.68406,0.68825,6233.0
1769558400,0.6875,0.68855,0.68313,0.68537,4568.4
1769572800,0.68535,0.68915,0.68148,0.68541,5013.2
1769587200,0.68444,0.69,0.68127,0.68889,3900.4
1769601600,0.69047,0.69048,0.67392,0.67781,11440.1
1769616000,0.6776,0.6786,0.67294,0.6761,6203.7
1769630400,0.67681,0.6841,0.67222,0.68032,10928.3
1769644800,0.67873,0.67873,0.66326,0.6655,27160.1
1769659200,0.66485,0.66747,0.65969,0.66477,6205.3
1769673600,0.66512,0.66632,0.65584,0.65648,14981.1
1769688000,0.65715,0.65909,0.62,0.62966,53528.0
1769702400,0.62884,0.63969,0.61555,0.62597,20469.1
1769716800,0.62488,0.63343,0.62262,0.62862,8025.6
1769731200,0.63099,0.63126,0.60838,0.61816,22534.5
1769745600,0.61745,0.62471,0.61035,0.61659,8311.7
1769760000,0.61631,0.62397,0.60774,0.62167,58088.8
1769774400,0.62114,0.63088,0.61414,0.62718,14075.4
1769788800,0.62687,0.64204,0.61917,0.63925,22857.3
1769803200,0.63565,0.63565,0.62786,0.63339,15104.3
1769817600,0.63353,0.63353,0.62791,0.62971,7467.2
1769832000,0.62995,0.63153,0.61665,0.61974,2831.5
1769846400,0.62107,0.62107,0.60289,0.60481,20086.3
1769860800,0.6061,0.63181,0.58945,0.59414,57677.1
1769875200,0.59532,0.60307,0.5358,0.56371,54402.5
1769889600,0.56376,0.57611,0.55605,0.57351,35764.4
1769904000,0.57379,0.58104,0.57044,0.58024,17252.5
1769918400,0.58049,0.58604,0.57921,0.58125,18653.7
1769932800,0.58007,0.58434,0.5693,0.57219,19043.9
1769947200,0.56998,0.57661,0.5521,0.55434,12197.0
1769961600,0.55394,0.56705,0.55141,0.55878,20494.4
1769976000,0.55887,0.56335,0.54518,0.55715,34872.6
1769990400,0.55323,0.57088,0.54061,0.56104,50626.7
1770004800,0.5592,0.56644,0.54021,0.55436,37297.2
1770019200,0.55347,0.56087,0.55222,0.55852,21478.9
1770033600,0.55894,0.57857,0.55893,0.57626,15648.2
1770048000,0.57608,0.57824,0.56931,0.56931,5823.4
1770062400,0.5688,0.57447,0.56669,0.57308,5880.0
1770076800,0.57257,0.57257,0.562,0.57201,6675.3
1770091200,0.57252,0.58192,0.57039,0.58155,13415.9
1770105600,0.58104,0.58144,0.56801,0.57301,26326.7
1770120000,0.57209,0.58721,0.56998,0.58667,13151.6
1770134400,0.58811,0.58811,0.54639,0.56841,83582.6
1770148800,0.56828,0.58756,0.5609,0.56192,32347.9
1770163200,0.56159,0.57456,0.56159,0.57308,7215.7
1770177600,0.57307,0.57487,0.56734,0.57279,11812.4
1770192000,0.57113,0.57461,0.56343,0.56799,19988.0
1770206400,0.56783,0.56783,0.5438,0.54735,25792.0
1770220800,0.54983,0.56708,0.5416,0.56606,42057.9
1770235200,0.56452,0.5674,0.55073,0.55986,32015.4
1770249600,0.56029,0.56834,0.54911,0.54993,30489.0
1770264000,0.55029,0.55445,0.54432,0.54495,25537.7
1770278400,0.54495,0.55418,0.52971,0.53501,10844.5
1770292800,0.53822,0.54584,0.50427,0.51721,47256.1
1770307200,0.51238,0.52109,0.49257,0.49257,51045.3
1770321600,0.493,0.49605,0.46832,0.46993,77735.5
1770336000,0.47287,0.48729,0.42854,0.47804,55753.1
1770350400,0.47712,0.49846,0.47703,0.48783,7743.2
1770364800,0.48682,0.50316,0.48274,0.50179,12798.0
1770379200,0.5015,0.5224,0.50053,0.51955,27503.3
1770393600,0.51941,0.54507,0.51922,0.53307,67362.7
1770408000,0.5326,0.53751,0.52759,0.53295,25431.4
1770422400,0.53402,0.54108,0.52992,0.53799,60569.9
1770436800,0.53741,0.54194,0.51171,0.51687,21876.5
1770451200,0.51581,0.52055,0.5156,0.51761,17071.2
1770465600,0.51945,0.53354,0.51852,0.52244,11299.7
1770480000,0.52322,0.53234,0.52077,0.52841,32575.9
1770494400,0.52846,0.53184,0.52378,0.52591,7146.3
1770508800,0.52641,0.52689,0.51851,0.51851,7810.1
1770523200,0.5186,0.52099,0.51371,0.51473,45674.2
1770537600,0.51535,0.52186,0.51295,0.51996,16318.6
1770552000,0.52108,0.52146,0.51097,0.51254,9348.0
1770566400,0.51298,0.51298,0.50248,0.51132,22646.9
1770580800,0.51158,0.51575,0.50365,0.50637,20910.8
1770595200,0.50601,0.51687,0.50499,0.51571,21700.3
1770609600,0.516,0.516,0.50775,0.50775,18959.2
1770624000,0.50846,0.50903,0.49037,0.49789,17303.4
1770638400,0.49842,0.50868,0.49781,0.50648,27926.5
1770652800,0.50755,0.51719,0.50304,0.51547,20256.1
1770667200,0.51525,0.51525,0.5043,0.50487,40456.6
1770681600,0.50525,0.50844,0.4957,0.49969,9672.7
1770696000,0.50157,0.50455,0.4907,0.49342,10467.0
1770710400,0.49343,0.49677,0.49265,0.49415,7926.4
1770724800,0.49491,0.50211,0.49174,0.50074,17440.0
1770739200,0.50098,0.50466,0.49045,0.49453,18292.0
1770753600,0.49362,0.49546,0.49118,0.49291,8091.8
1770768000,0.49291,0.49334,0.48404,0.48719,30596.6
1770782400,0.48808,0.48808,0.47478,0.47567,11292.6
1770796800,0.47499,0.47539,0.47028,0.47258,9630.9
1770811200,0.47308,0.48932,0.47141,0.47521,26922.3
1770825600,0.47682,0.49006,0.47552,0.48527,35552.3
1770840000,0.48527,0.49323,0.4822,0.48605,12795.4
1770854400,0.48715,0.49449,0.48715,0.49244,17783.1
1770868800,0.493,0.49846,0.49116,0.49798,9116.7
1770883200,0.49834,0.50436,0.4935,0.50104,11146.4
1770897600,0.5004,0.5004,0.49068,0.49124,21787.4
1770912000,0.49053,0.49535,0.48248,0.49182,23440.8
1770926400,0.49225,0.49328,0.487,0.49328,11060.0
1770940800,0.49359,0.49499,0.48489,0.48637,15226.9
1770955200,0.48644,0.48673,0.48009,0.48336,5739.0
1770969600,0.48483,0.49143,0.48466,0.48808,4409.1
1770984000,0.48844,0.49844,0.48369,0.49556,23075.0
1770998400,0.49543,0.50521,0.49543,0.50343,38580.7
1771012800,0.5025,0.50968,0.5025,0.50633,4118.1
1771027200,0.50703,0.51444,0.50703,0.51281,19390.9
1771041600,0.51281,0.513,0.50531,0.50685,7519.6
1771056000,0.50878,0.51825,0.50834,0.51802,8977.2
1771070400,0.51786,0.52043,0.5125,0.51927,7839.4
1771084800,0.52011,0.53659,0.5189,0.53618,3473.2
1771099200,0.53532,0.53768,0.52659,0.52724,10230.1
1771113600,0.5271,0.52789,0.51355,0.51881,28195.4
1771128000,0.52105,0.526,0.51928,0.52396,4361.9
1771142400,0.52458,0.52513,0.51426,0.51594,9867.5
1771156800,0.51636,0.51636,0.49718,0.50146,17095.5
1771171200,0.50146,0.50245,0.49316,0.49579,16725.4
1771185600,0.49327,0.50126,0.49327,0.50062,11714.8
1771200000,0.50093,0.50347,0.49743,0.50057,24909.2
1771214400,0.5023,0.50466,0.49734,0.50086,4125.1
1771228800,0.50227,0.50863,0.50097,0.50737,12259.6
1771243200,0.50837,0.61721,0.50686,0.57877,1722028.8
1771257600,0.58075,0.58075,0.54421,0.54686,1116832.1000000001
1771272000,0.547,0.56385,0.54157,0.54504,276488.4
1771286400,0.54429,0.56483,0.54105,0.55838,364745.5
1771300800,0.55804,0.57768,0.54599,0.56761,266948.0
1771315200,0.56459,0.56459,0.53053,0.53217,90623.2
1771329600,0.5318,0.54304,0.52741,0.54304,111273.4
1771344000,0.5457,0.55903,0.53408,0.5395,45990.4
1771358400,0.53744,0.53744,0.52741,0.52969,24270.0
1771372800,0.52967,0.53252,0.5163,0.52334,15552.8
1771387200,0.52292,0.52451,0.50888,0.51056,78955.5
1771401600,0.5118,0.51809,0.50857,0.51428,30339.3
1771416000,0.51477,0.52772,0.50791,0.51248,42651.4
1771430400,0.51269,0.51285,0.49027,0.49213,30872.5
1771444800,0.4914,0.49455,0.482,0.4826,123819.3
1771459200,0.48312,0.48362,0.4757,0.47812,66279.4
1771473600,0.47796,0.49222,0.47685,0.48747,16951.8
1771488000,0.48794,0.48794,0.47373,0.47481,27594.7
1771502400,0.47486,0.4754,0.46676,0.46838,28603.0
1771516800,0.46848,0.47359,0.46145,0.46551,39925.4
1771531200,0.46632,0.46998,0.4637,0.46464,15174.2
1771545600,0.46517,0.47771,0.46472,0.47067,23313.5
1771560000,0.47,0.47299,0.46545,0.46736,58244.7
1771574400,0.46812,0.47135,0.4619,0.4619,15930.9
1771588800,0.46246,0.46646,0.45408,0.4662,38857.0
1771603200,0.46594,0.47342,0.46136,0.46713,17955.4
1771617600,0.46864,0.47186,0.46526,0.46857,55728.4
1771632000,0.46916,0.48637,0.46499,0.47678,44530.6
1771646400,0.47568,0.48672,0.47395,0.47513,89345.8
1771660800,0.47457,0.47846,0.47271,0.47432,45174.4
1771675200,0.47537,0.48224,0.47289,0.47419,28318.5
1771689600,0.47298,0.47298,0.46859,0.47148,10178.6
1771704000,0.47113,0.47167,0.4663,0.46672,12496.9
1771718400,0.46581,0.46812,0.45433,0.45734,32694.1
1771732800,0.45835,0.46357,0.45797,0.46247,8682.3
1771747200,0.4617,0.46558,0.45797,0.45807,14204.5
1771761600,0.45815,0.45815,0.44655,0.45091,58707.9
1771776000,0.45104,0.45328,0.44608,0.44778,27697.6
1771790400,0.44778,0.44788,0.43945,0.43977,16361.7
1771804800,0.4412,0.4412,0.41562,0.42676,51156.4
1771819200,0.42615,0.4432,0.42484,0.44282,24560.0
1771833600,0.44109,0.44639,0.44109,0.44444,39838.0
1771848000,0.44405,0.44879,0.44042,0.44103,44925.9
1771862400,0.44107,0.44205,0.42974,0.43414,26402.7
1771876800,0.43272,0.51262,0.43161,0.48102,1279555.5
1771891200,0.47812,0.49357,0.4574,0.45801,555437.6
1771905600,0.45826,0.46974,0.45046,0.45804,453283.7
1771920000,0.4604,0.46931,0.44651,0.45529,150784.1
1771934400,0.45597,0.4602,0.447,0.45426,60965.8
1771948800,0.45357,0.45469,0.44455,0.44795,59431.1
1771963200,0.44858,0.44884,0.44126,0.44622,63737.2
1771977600,0.44639,0.46146,0.446,0.4517,59643.6
1771992000,0.45179,0.45908,0.45063,0.45527,70152.1
1772006400,0.45527,0.48352,0.45488,0.46235,279371.0
1772020800,0.46158,0.47532,0.45997,0.47266,80238.1
1772035200,0.47427,0.48106,0.4712,0.47687,53099.6
1772049600,0.4762,0.47752,0.45906,0.46133,62526.3
1772064000,0.46143,0.4642,0.45638,0.46023,39286.5
1772078400,0.46082,0.46143,0.45361,0.45643,43571.0
1772092800,0.45643,0.46087,0.45478,0.45735,18273.2
1772107200,0.45747,0.45963,0.44796,0.45129,17210.5
1772121600,0.45158,0.45779,0.44301,0.45749,15723.9
1772136000,0.45802,0.45846,0.45065,0.45065,54744.8
1772150400,0.45066,0.45581,0.44841,0.45521,57176.7
1772164800,0.455,0.45982,0.4518,0.4534,31841.6
1772179200,0.45406,0.45602,0.44555,0.44758,29509.8
1772193600,0.4469,0.45014,0.44571,0.44652,15688.6
1772208000,0.44566,0.44895,0.44253,0.44264,19717.3
1772222400,0.44406,0.44435,0.43003,0.43751,19136.9
1772236800,0.43718,0.44093,0.43259,0.43259,15434.2
1772251200,0.43119,0.43233,0.41191,0.41626,38232.0
1772265600,0.41455,0.41542,0.40578,0.41036,29451.4
1772280000,0.41113,0.42233,0.41062,0.41892,26666.7
1772294400,0.41815,0.42745,0.41229,0.42417,60171.1
1772308800,0.42389,0.43449,0.42375,0.43293,14937.9
1772323200,0.43376,0.43818,0.42489,0.43214,22699.2
1772337600,0.43299,0.43435,0.42914,0.43127,56036.3
1772352000,0.43193,0.43236,0.42105,0.42289,11415.2
1772366400,0.4233,0.42708,0.4182,0.4182,12427.2
1772380800,0.418,0.41871,0.41052,0.41238,34614.1
1772395200,0.41258,0.41624,0.4074,0.41407,17469.3
1772409600,0.41338,0.42594,0.41338,0.42129,30981.3
1772424000,0.42149,0.4236,0.4159,0.42065,18800.6
1772438400,0.42019,0.47543,0.41873,0.43561,277360.7
1772452800,0.4357,0.44118,0.42454,0.4393,106290.5
1772467200,0.43902,0.44098,0.43548,0.4388,16969.9
1772481600,0.43979,0.44148,0.42835,0.4295,49169.6
1772496000,0.43031,0.43529,0.4276,0.43369,36866.7
1772510400,0.43377,0.43649,0.42867,0.43028,37644.3
1772524800,0.43069,0.43154,0.42197,0.42488,42852.4
1772539200,0.42473,0.4341,0.42473,0.4341,30252.6
1772553600,0.43384,0.43858,0.4313,0.43604,114137.4
1772568000,0.43598,0.43779,0.43165,0.43165,28378.4
1772582400,0.43124,0.43213,0.42321,0.42763,72732.4
1772596800,0.42801,0.4329,0.42345,0.43169,53666.2
1772611200,0.4326,0.44348,0.43065,0.441,71400.2
1772625600,0.44066,0.44246,0.43643,0.44106,53382.0
1772640000,0.44239,0.44352,0.43759,0.44068,24627.4
1772654400,0.44055,0.44074,0.43501,0.43631,20487.0
1772668800,0.43619,0.43619,0.43199,0.43438,28731.8
1772683200,0.43429,0.43573,0.42485,0.42601,16065.0
1772697600,0.42621,0.42967,0.42283,0.42858,13787.5
1772712000,0.42899,0.43212,0.42586,0.42602,17813.1
1772726400,0.42568,0.43021,0.42056,0.42747,27305.2
1772740800,0.42778,0.43023,0.42373,0.42622,28960.6
1772755200,0.42679,0.43391,0.42585,0.43162,29339.1
1772769600,0.43235,0.43235,0.42801,0.43048,20053.6
1772784000,0.43066,0.4309,0.42312,0.42312,27237.6
1772798400,0.42502,0.4267,0.41374,0.41496,30392.2
1772812800,0.41503,0.41846,0.4122,0.41475,34226.3
1772827200,0.41519,0.41737,0.41239,0.41456,30805.5
1772841600,0.41499,0.41883,0.41425,0.41467,23248.1
1772856000,0.41334,0.41726,0.41128,0.4144,29293.6
1772870400,0.41456,0.42011,0.41456,0.41605,14070.0
1772884800,0.4159,0.41776,0.41211,0.41308,17333.1
1772899200,0.41318,0.41565,0.4086,0.4086,11727.9
1772913600,0.40976,0.41078,0.4041,0.40555,5929.5
1772928000,0.40622,0.40655,0.40247,0.40333,12952.7
1772942400,0.40261,0.40475,0.39955,0.40441,46270.0
1772956800,0.40408,0.40962,0.40404,0.40721,26527.2
1772971200,0.408,0.41221,0.40517,0.40664,49738.4
1772985600,0.40677,0.4109,0.4051,0.40964,40434.8
1773000000,0.41001,0.45811,0.40886,0.42456,644581.6
1773014400,0.42409,0.43811,0.41915,0.43507,149642.1
1773028800,0.43534,0.43736,0.42588,0.43057,54038.3
1773043200,0.43063,0.43063,0.42074,0.42106,36278.3
1773057600,0.42105,0.42554,0.41592,0.41991,28769.4
1773072000,0.4201,0.42093,0.41575,0.41729,26445.8
1773086400,0.41699,0.41704,0.41202,0.41369,30146.1
1773100800,0.41412,0.41805,0.40994,0.41421,122488.5
1773115200,0.41465,0.42532,0.41465,0.42287,21376.2
1773129600,0.42369,0.42822,0.42175,0.42707,30664.8
1773144000,0.42625,0.42804,0.41878,0.42373,45619.3
1773158400,0.42517,0.42632,0.41812,0.41931,11108.1
1773172800,0.41884,0.41989,0.4102,0.41166,36647.5
1773187200,0.41208,0.41346,0.40744,0.40748,31921.8
1773201600,0.40733,0.41218,0.40253,0.41044,28472.9
1773216000,0.41054,0.41287,0.4065,0.40693,28236.4
1773230400,0.40745,0.41738,0.40652,0.40939,65060.2
1773244800,0.41013,0.41777,0.40643,0.41518,28898.9
1773259200,0.41456,0.41749,0.41094,0.41124,37424.3
1773273600,0.4117,0.43664,0.4117,0.42769,165297.1
1773288000,0.42769,0.42961,0.41861,0.42328,76421.1
1773302400,0.42398,0.44695,0.42098,0.42359,42996.7
1773316800,0.42544,0.44034,0.42544,0.43442,90038.5
1773331200,0.4361,0.44466,0.42328,0.42674,13091.5
1773345600,0.42526,0.43031,0.42374,0.42503,9985.7
1773360000,0.42538,0.43108,0.42449,0.43037,6742.8
1773374400,0.43004,0.4311,0.42718,0.42962,6228.4
1773388800,0.42877,0.43552,0.42864,0.42875,27534.2
1773403200,0.42912,0.43717,0.42803,0.43319,30088.6
1773417600,0.43345,0.43819,0.43001,0.435,26076.6
1773432000,0.43424,0.4362,0.42446,0.42788,16062.3
1773446400,0.42808,0.43381,0.42626,0.43202,10359.9
1773460800,0.43424,0.43725,0.42525,0.42873,25421.3
1773475200,0.4284,0.44443,0.428,0.43198,84955.4
1773489600,0.43324,0.44357,0.4317,0.43573,26255.0
1773504000,0.43597,0.44681,0.43572,0.44125,34615.8
1773518400,0.44186,0.44258,0.43292,0.44035,35475.5
1773532800,0.44035,0.44035,0.42881,0.43261,25066.3
1773547200,0.43261,0.43857,0.43207,0.43368,18916.4
1773561600,0.43421,0.43975,0.43316,0.43769,14652.0
1773576000,0.43919,0.44182,0.43378,0.43829,26589.9
1773590400,0.43861,0.44389,0.43852,0.44166,32796.8
1773604800,0.44185,0.44924,0.44185,0.44757,24269.9
1773619200,0.44891,0.45676,0.44414,0.45109,41694.4
1773633600,0.45153,0.45506,0.45116,0.45317,45172.1
1773648000,0.45429,0.45646,0.45154,0.45503,18439.0
1773662400,0.45401,0.45547,0.44846,0.45137,49414.7
1773676800,0.45186,0.47008,0.45133,0.45931,54495.6
1773691200,0.45936,0.45966,0.45605,0.45875,19899.1
1773705600,0.45702,0.46259,0.45295,0.45412,27147.1
1773720000,0.45497,0.45518,0.4493,0.45147,26697.6
1773734400,0.45154,0.45554,0.44933,0.45356,14621.0
1773748800,0.45351,0.45445,0.44389,0.45048,56087.6
1773763200,0.45005,0.45374,0.44908,0.45374,12360.5
1773777600,0.45334,0.45937,0.44982,0.44982,24556.3
1773792000,0.44986,0.45626,0.44628,0.4529,17701.2
1773806400,0.45331,0.45661,0.44942,0.45331,18605.4
1773820800,0.45371,0.45643,0.44794,0.44802,9194.5
1773835200,0.44427,0.44427,0.42743,0.43059,35887.1
1773849600,0.42953,0.43566,0.4268,0.43449,26962.8
1773864000,0.43534,0.43633,0.43243,0.43406,9036.0
1773878400,0.434,0.43664,0.43026,0.43406,8017.9
1773892800,0.43461,0.43461,0.42845,0.42994,8681.1
1773907200,0.43097,0.44201,0.42891,0.44083,22793.1
1773921600,0.43943,0.43943,0.4259,0.42975,29310.2
1773936000,0.4301,0.43034,0.42602,0.42814,3779.3
1773950400,0.42824,0.43063,0.42734,0.42868,2871.5
1773964800,0.42837,0.43869,0.42793,0.43707,18619.7
1773979200,0.43651,0.43784,0.43051,0.43433,13937.7
1773993600,0.43507,0.43911,0.43418,0.43723,4726.7
1774008000,0.43821,0.43821,0.42897,0.43311,9144.0
1774022400,0.43512,0.43674,0.42596,0.42708,15507.7
1774036800,0.4283,0.44355,0.4272,0.42995,31219.4
1774051200,0.43091,0.4341,0.42972,0.43299,22086.8
1774065600,0.43328,0.43836,0.43258,0.43431,6444.9
1774080000,0.43407,0.43464,0.42939,0.431,3997.1
1774094400,0.43025,0.43733,0.42865,0.43635,4941.3
1774108800,0.4374,0.4374,0.43189,0.43281,19913.7
1774123200,0.43216,0.43435,0.41823,0.42153,29883.5
1774137600,0.42248,0.42657,0.41673,0.42275,29393.0
1774152000,0.42295,0.42666,0.42255,0.42283,15305.8
1774166400,0.42253,0.42253,0.4152,0.41608,18421.1
1774180800,0.41602,0.41942,0.41444,0.41494,13835.8
1774195200,0.41525,0.41622,0.41003,0.41145,18728.5
1774209600,0.41209,0.41312,0.40571,0.41137,15031.1
1774224000,0.41145,0.41531,0.409,0.41312,13120.6
1774238400,0.4129,0.41627,0.40626,0.40702,12343.7
1774252800,0.4071,0.42694,0.4049,0.42549,75772.8
1774267200,0.42399,0.43049,0.42211,0.42239,33474.8
1774281600,0.42311,0.4304,0.42082,0.42513,34086.9
1774296000,0.425,0.43202,0.42274,0.42374,17267.5
1774310400,0.42419,0.42655,0.4196,0.42442,8410.5
1774324800,0.4243,0.42802,0.42025,0.42802,5706.6
1774339200,0.4253,0.42668,0.42135,0.4214,10535.0
1774353600,0.42115,0.42486,0.41976,0.42287,30296.8
1774368000,0.42275,0.42275,0.41621,0.41934,36561.9
1774382400,0.42003,0.4261,0.41977,0.42543,15089.4
1774396800,0.42594,0.42805,0.42509,0.42753,19008.6
1774411200,0.42857,0.43045,0.42615,0.42653,6846.7
1774425600,0.427,0.43093,0.4267,0.42747,8258.2
1774440000,0.42803,0.42919,0.42363,0.42433,13557.8
1774454400,0.42507,0.42731,0.42254,0.42553,15025.0
1774468800,0.42624,0.42631,0.42277,0.42404,15063.4
1774483200,0.42503,0.42706,0.41799,0.41885,44644.9
1774497600,0.41906,0.41918,0.41133,0.41195,12052.3
1774512000,0.41271,0.41448,0.40533,0.40558,12371.5
1774526400,0.40593,0.4118,0.40549,0.40842,11829.7
1774540800,0.4081,0.4081,0.39738,0.39936,58106.3
1774555200,0.39925,0.41082,0.39862,0.40665,31676.3
1774569600,0.40775,0.42145,0.4076,0.41714,39514.5
1774584000,0.41679,0.4265,0.41604,0.42294,63415.0
1774598400,0.42453,0.4357,0.41173,0.41173,84546.9
1774612800,0.41383,0.41435,0.40156,0.40298,67683.8
1774627200,0.40199,0.40249,0.39292,0.39421,69503.8
1774641600,0.39422,0.39596,0.3917,0.39212,31230.2
1774656000,0.39254,0.39483,0.3893,0.39188,23784.0
1774670400,0.39208,0.39706,0.39122,0.3962,23277.8
1774684800,0.39637,0.39637,0.3924,0.39391,35672.3
1774699200,0.39383,0.39899,0.39012,0.39054,29648.9
1774713600,0.39096,0.41101,0.3909,0.40748,96673.9
1774728000,0.40707,0.40953,0.39692,0.39785,72571.2
1774742400,0.39782,0.40261,0.39157,0.40122,37387.0
1774756800,0.40127,0.40168,0.39799,0.39857,14645.3
1774771200,0.39831,0.40013,0.389,0.3919,15680.4
1774785600,0.39293,0.39411,0.38868,0.39277,32708.0
1774800000,0.39293,0.39792,0.39056,0.39122,23374.6
1774814400,0.39087,0.39362,0.38148,0.38726,44717.3
1774828800,0.3878,0.39711,0.38772,0.39578,47002.8
1774843200,0.39594,0.40142,0.3959,0.39936,16380.8
1774857600,0.40005,0.4023,0.39607,0.39939,22190.2
1774872000,0.40019,0.40116,0.39686,0.39868,19005.2
1774886400,0.39886,0.40131,0.39047,0.39194,53265.1
1774900800,0.39306,0.39777,0.39156,0.39565,9399.7
1774915200,0.39611,0.40364,0.39533,0.39949,15895.7
1774929600,0.40016,0.41252,0.39906,0.41127,42507.0
1774944000,0.41079,0.41273,0.39882,0.40189,71625.3
1774958400,0.40208,0.40445,0.39799,0.39857,35071.4
1774972800,0.39857,0.40925,0.39757,0.40839,30647.8
1774987200,0.40899,0.41,0.40656,0.40908,16526.7
1775001600,0.40954,0.4097,0.40296,0.40675,15456.5
1775016000,0.40739,0.41581,0.40702,0.41241,19513.6
1775030400,0.41253,0.41394,0.40895,0.41171,30033.6
1775044800,0.41207,0.41359,0.41056,0.41283,13555.3
1775059200,0.41316,0.41794,0.41219,0.4131,11842.3
1775073600,0.41326,0.4153,0.40905,0.40919,16514.9
1775088000,0.41025,0.41275,0.39478,0.39534,21536.3
1775102400,0.39529,0.40037,0.39282,0.39791,14584.9
1775116800,0.39833,0.39833,0.38663,0.38705,17959.6
1775131200,0.38724,0.39195,0.38553,0.3915,51696.0
1775145600,0.39105,0.39172,0.38652,0.38856,26477.1
1775160000,0.38855,0.38949,0.38421,0.38689,25859.9
1775174400,0.38729,0.3891,0.38507,0.38876,24005.8
1775188800,0.38912,0.3946,0.38855,0.39116,14218.8
1775203200,0.39194,0.3957,0.39058,0.39439,18303.5
1775217600,0.3948,0.39689,0.38895,0.39285,35482.7
1775232000,0.39288,0.39894,0.38983,0.39612,18960.6
1775246400,0.39567,0.40631,0.3954,0.40407,64437.8
1775260800,0.40417,0.40521,0.39831,0.39877,42108.2
1775275200,0.3985,0.40547,0.39715,0.40456,35876.0
1775289600,0.40341,0.41249,0.40099,0.40378,42002.9
1775304000,0.40396,0.40447,0.39688,0.39994,17975.1
1775318400,0.40115,0.40308,0.39839,0.40161,9687.0
1775332800,0.40132,0.40406,0.39987,0.40346,5551.2
1775347200,0.40366,0.40366,0.39841,0.39998,8373.6
1775361600,0.39935,0.39991,0.39212,0.39271,19522.7
1775376000,0.39267,0.39637,0.39139,0.39139,14891.7
1775390400,0.39188,0.39228,0.38834,0.38876,16161.3
1775404800,0.38906,0.3913,0.38698,0.38991,19891.7
1775419200,0.39095,0.39605,0.3891,0.39592,52683.6
1775433600,0.39602,0.41056,0.39576,0.40467,60380.6
1775448000,0.4048,0.40942,0.40081,0.40607,36046.9
1775462400,0.40654,0.41602,0.40209,0.41094,28531.0
1775476800,0.41151,0.41297,0.40777,0.4098,19732.3
1775491200,0.40972,0.41174,0.40794,0.41076,62244.2
1775505600,0.41076,0.41153,0.40247,0.4038,7108.6
1775520000,0.40428,0.40428,0.39346,0.39555,55173.9
1775534400,0.39534,0.40179,0.39455,0.39713,47719.2
1775548800,0.39709,0.39916,0.38253,0.3841,393837.9
1775563200,0.38378,0.38864,0.38153,0.38162,105297.7
1775577600,0.38183,0.39326,0.37839,0.3895,175876.1
1775592000,0.3901,0.41703,0.3901,0.417,325147.9
1775606400,0.41643,0.42021,0.41152,0.41872,67599.8
1775620800,0.4186,0.42322,0.41588,0.42251,17187.2
1775635200,0.42215,0.42239,0.41587,0.41814,18356.8
1775649600,0.41837,0.42409,0.41031,0.42345,22808.0
1775664000,0.42654,0.42876,0.41257,0.4174,20983.0
1775678400,0.4199,0.4199,0.40808,0.4098,8043.0
1775692800,0.4082,0.40876,0.4007,0.4061,34217.7
1775707200,0.40635,0.40819,0.40455,0.40508,11537.3
1775721600,0.409,0.41687,0.40857,0.40911,41260.1
1775736000,0.40918,0.41427,0.40836,0.41287,24721.2
1775750400,0.41343,0.41535,0.41116,0.41455,27260.5
1775764800,0.41523,0.41764,0.41246,0.41446,12874.1
1775779200,0.41428,0.41698,0.41207,0.41249,14160.6
1775793600,0.41302,0.41681,0.40988,0.40988,9945.3
1775808000,0.41081,0.41728,0.40701,0.41654,126448.8
1775822400,0.41634,0.42297,0.41524,0.41909,17764.5
1775836800,0.4192,0.434,0.41621,0.42251,25016.8
1775851200,0.42297,0.42757,0.42062,0.4257,26440.9
1775865600,0.42519,0.432,0.422,0.422,27538.9
1775880000,0.42229,0.42404,0.41814,0.4186,9205.3
1775894400,0.41935,0.41968,0.41655,0.41764,4285.7
1775908800,0.41755,0.41836,0.41383,0.41513,7631.4
1775923200,0.41546,0.42355,0.41473,0.4233,12685.6
1775937600,0.42288,0.42412,0.41555,0.41774,8787.3
1775952000,0.41791,0.4188,0.40705,0.40901,9909.7
1775966400,0.40934,0.41097,0.40662,0.40674,4493.0
1775980800,0.40662,0.40893,0.406,0.40755,4919.7
1775995200,0.4079,0.4079,0.40099,0.40246,23831.2
1776009600,0.40301,0.40959,0.40119,0.40694,9114.1
1776024000,0.40731,0.40731,0.3996,0.39983,7581.2
1776038400,0.39992,0.40657,0.39992,0.40649,5093.0
1776052800,0.40599,0.41025,0.403,0.4074,19180.1
1776067200,0.40703,0.41283,0.407,0.407,4608.1
1776081600,0.4065,0.40998,0.4055,0.4074,18802.8
1776096000,0.40828,0.41323,0.40256,0.40752,25067.0
1776110400,0.40748,0.42049,0.40685,0.42049,9058.5
1776124800,0.42082,0.42115,0.41382,0.4173,7208.4
1776139200,0.4173,0.41796,0.41298,0.41298,14006.9
1776153600,0.41331,0.4222,0.41293,0.41737,18603.3
1776168000,0.41706,0.42323,0.41445,0.41998,18212.5
1776182400,0.41969,0.42016,0.40945,0.41132,6697.4
1776196800,0.41321,0.41543,0.41198,0.4147,4518.5
1776211200,0.41564,0.42344,0.41547,0.42084,19957.2
1776225600,0.42073,0.42212,0.41549,0.42034,81300.1
1776240000,0.4203,0.435,0.41984,0.42287,31770.5
1776254400,0.42302,0.42708,0.42128,0.42525,15549.1
1776268800,0.4247,0.42763,0.42414,0.42763,36179.0
1776283200,0.42758,0.42861,0.42324,0.42508,24096.5
1776297600,0.42626,0.4355,0.42518,0.43288,10946.8
1776312000,0.43345,0.44081,0.4327,0.44053,10270.2
1776326400,0.44085,0.44085,0.43364,0.44025,28027.9
1776340800,0.44091,0.461,0.44091,0.44933,53027.9
1776355200,0.45089,0.45872,0.44366,0.45872,24641.6
1776369600,0.45864,0.45864,0.44884,0.45711,35016.6
1776384000,0.45615,0.46352,0.4542,0.46093,21634.0
1776398400,0.46047,0.46485,0.44712,0.46485,19693.8
1776412800,0.46399,0.47859,0.45886,0.47859,80218.0
1776427200,0.47954,0.48484,0.46747,0.4752,117011.1
1776441600,0.47546,0.47751,0.46591,0.4702,44306.5
1776456000,0.46996,0.47247,0.46764,0.47002,14963.6
1776470400,0.47157,0.486,0.46897,0.47947,24827.5
1776484800,0.47835,0.48881,0.47803,0.48597,29281.6
1776499200,0.48659,0.48957,0.46034,0.471,77502.1
1776513600,0.47196,0.55782,0.46885,0.48386,373797.2
1776528000,0.48316,0.4902,0.45378,0.45508,94384.0
1776542400,0.45433,0.46125,0.45188,0.4549,34751.6
1776556800,0.45489,0.45563,0.43837,0.44273,84783.4
1776571200,0.44264,0.44777,0.43937,0.44487,59390.7
1776585600,0.44595,0.4482,0.43949,0.44706,24852.5
1776600000,0.44718,0.4564,0.44658,0.45113,33827.9
1776614400,0.45132,0.45132,0.43949,0.44562,49985.6
1776628800,0.44521,0.44521,0.43334,0.4341,45010.9
1776643200,0.43455,0.44514,0.43455,0.44232,19492.1
1776657600,0.44308,0.44693,0.43988,0.4431,21740.9
1776672000,0.44234,0.45552,0.44159,0.45293,16867.3
1776686400,0.45351,0.46154,0.44829,0.45231,34475.4
1776700800,0.45296,0.46007,0.45198,0.46007,27861.0
1776715200,0.45967,0.46383,0.45849,0.46031,8053.2
1776729600,0.46171,0.4729,0.45975,0.47269,17982.5
1776744000,0.47286,0.53742,0.47047,0.497,449894.6
1776758400,0.50036,0.50988,0.48036,0.48046,182992.3
1776772800,0.47991,0.48803,0.47282,0.47926,64749.7
1776787200,0.47839,0.48025,0.46233,0.46312,109258.6
1776801600,0.46377,0.47107,0.46373,0.46974,60062.0
1776816000,0.46986,0.48106,0.46804,0.47844,36747.4
1776830400,0.47896,0.49223,0.47896,0.48811,47428.1
1776844800,0.48891,0.49398,0.48316,0.48845,34485.3
1776859200,0.48784,0.4941,0.48394,0.48932,27412.7
1776873600,0.48924,0.49377,0.48725,0.49133,44298.4
1776888000,0.48992,0.48992,0.47677,0.47677,24540.2
1776902400,0.47742,0.47987,0.46762,0.4683,29819.2
1776916800,0.46855,0.47207,0.46661,0.47082,29334.8
1776931200,0.47163,0.4727,0.46776,0.4719,49045.2
1776945600,0.47259,0.47895,0.47226,0.47867,75274.2
1776960000,0.47867,0.48035,0.46937,0.47346,51363.1
1776974400,0.47281,0.47629,0.47235,0.47434,22579.0
1776988800,0.4746,0.48103,0.47395,0.47954,20910.9
1777003200,0.47989,0.49103,0.47653,0.49031,33933.0
1777017600,0.48949,0.4904,0.47748,0.48136,26622.7
1777032000,0.48238,0.48593,0.47941,0.48593,17715.1
1777046400,0.48573,0.49695,0.48347,0.48849,39684.1
1777060800,0.48831,0.49191,0.47935,0.47935,35675.8
1777075200,0.48002,0.51422,0.48002,0.5111,83724.5
1777089600,0.51153,0.51192,0.49286,0.4966,47634.4
1777104000,0.49647,0.49647,0.48326,0.48932,49030.1
1777118400,0.48801,0.48872,0.48086,0.48118,13067.8
1777132800,0.48028,0.48192,0.47346,0.4742,31592.2
1777147200,0.47329,0.47563,0.47112,0.47464,9359.8
1777161600,0.47386,0.47418,0.46476,0.46735,30633.5
1777176000,0.46727,0.47817,0.46685,0.47688,17957.6
1777190400,0.47701,0.47976,0.47083,0.47976,25638.9
1777204800,0.47989,0.50135,0.47226,0.48831,53712.6
1777219200,0.48921,0.49165,0.48546,0.48618,20554.7
1777233600,0.48603,0.48829,0.48121,0.48229,30696.1
1777248000,0.48295,0.48472,0.47846,0.47861,43227.6
1777262400,0.47882,0.47934,0.45772,0.45989,24197.3
1777276800,0.45939,0.46422,0.45902,0.46153,12820.3
1777291200,0.46186,0.46186,0.44813,0.45036,25963.5
1777305600,0.4486,0.45546,0.4486,0.45198,19824.5
1777320000,0.45418,0.45678,0.45208,0.45678,17987.3
1777334400,0.45584,0.45644,0.44859,0.45098,17952.3
1777348800,0.4513,0.45728,0.45076,0.45684,18401.3
1777363200,0.45487,0.45825,0.45165,0.4521,10016.5
1777377600,0.45186,0.45625,0.44899,0.45285,16895.6
1777392000,0.4531,0.45671,0.45159,0.4563,7461.1
1777406400,0.45711,0.45727,0.45159,0.45265,4410.7
1777420800,0.45355,0.47729,0.45228,0.47281,22503.7
1777435200,0.4745,0.4762,0.46921,0.46921,22728.8
1777449600,0.46983,0.46995,0.46222,0.46223,14909.5
1777464000,0.46271,0.46371,0.45383,0.45523,13570.4
1777478400,0.45506,0.45604,0.43784,0.44583,29078.2
1777492800,0.44659,0.45309,0.44659,0.45143,10369.3
1777507200,0.45076,0.45743,0.44829,0.4491,19008.2
1777521600,0.44928,0.45191,0.44583,0.45142,13427.2
1777536000,0.45171,0.45539,0.44974,0.45081,15974.6
1777550400,0.45181,0.45405,0.44946,0.45144,13030.2
1777564800,0.45139,0.45252,0.4497,0.45133,15391.3
1777579200,0.45111,0.45256,0.44772,0.4492,20107.3
1777593600,0.4499,0.45556,0.44988,0.45508,4337.6
1777608000,0.45392,0.45477,0.44959,0.45137,6057.1
1777622400,0.45228,0.45683,0.45103,0.45169,8540.1
1777636800,0.45184,0.46075,0.45171,0.45635,8111.4
1777651200,0.4573,0.46059,0.45457,0.4576,12846.6
1777665600,0.45818,0.45881,0.45359,0.45409,3895.8
1777680000,0.45394,0.45706,0.45136,0.45166,9752.2
1777694400,0.45231,0.45413,0.45098,0.45372,5180.7
1777708800,0.45253,0.45496,0.4525,0.45326,2825.9
1777723200,0.45394,0.46072,0.45364,0.46012,7301.6
1777737600,0.46149,0.46359,0.45989,0.46254,7860.0
1777752000,0.46331,0.46698,0.46329,0.46575,6260.6
1777766400,0.46493,0.46493,0.45626,0.45662,21397.8
1777780800,0.45651,0.46142,0.45651,0.46141,7172.7
1777795200,0.46111,0.46531,0.46066,0.46288,13963.7
1777809600,0.46257,0.46407,0.46064,0.46146,5053.9
1777824000,0.46158,0.46354,0.46015,0.46172,9225.6
1777838400,0.46099,0.46255,0.45771,0.45974,5269.9
1777852800,0.45691,0.46899,0.4543,0.46899,15412.2
1777867200,0.46921,0.47157,0.46639,0.46665,12393.2
1777881600,0.46575,0.46907,0.45856,0.45996,19981.4
1777896000,0.45957,0.46449,0.45729,0.46252,21903.6
1777910400,0.46319,0.46727,0.46248,0.46448,8836.1
1777924800,0.46421,0.46549,0.46156,0.46291,9388.8
1777939200,0.46311,0.47113,0.46289,0.47066,6081.0
1777953600,0.47006,0.47382,0.46742,0.47177,22412.9
1777968000,0.47149,0.47202,0.46716,0.47016,13532.4
1777982400,0.47029,0.48761,0.46929,0.46929,51018.8
1777996800,0.47072,0.47082,0.4679,0.47073,8166.5
1778011200,0.47041,0.47473,0.46998,0.47166,8903.4
1778025600,0.47135,0.4814,0.47075,0.4814,8187.8
1778040000,0.48104,0.48217,0.474,0.47847,13253.9
1778054400,0.47868,0.48568,0.47868,0.4802,18090.6
1778068800,0.48091,0.48281,0.47092,0.47722,10688.5
1778083200,0.4783,0.47991,0.47376,0.4758,6626.5
1778097600,0.47668,0.48029,0.4748,0.47891,6772.5
1778112000,0.47904,0.47933,0.47128,0.47516,19721.9
1778126400,0.47556,0.48463,0.47556,0.48405,4142.8
1778140800,0.48392,0.48392,0.47916,0.48165,6441.1
1778155200,0.48283,0.48559,0.47671,0.47922,9992.3
1778169600,0.47811,0.51441,0.47732,0.49748,26393.2
1778184000,0.49676,0.50539,0.48997,0.50431,14197.4
1778198400,0.50539,0.50546,0.49786,0.50286,20646.3
1778212800,0.50257,0.50474,0.49443,0.49555,9270.3
1778227200,0.49553,0.49777,0.49156,0.49273,12564.5
1778241600,0.49236,0.49683,0.48874,0.49672,11824.8
1778256000,0.49633,0.50218,0.49358,0.49974,11832.1
1778270400,0.50018,0.50675,0.49861,0.50359,7544.4
1778284800,0.50285,0.51311,0.50285,0.51016,134134.9
1778299200,0.51078,0.51233,0.50681,0.50711,13976.8
1778313600,0.50826,0.51296,0.50342,0.50866,12737.9
1778328000,0.50878,0.51327,0.50127,0.50423,15357.5
1778342400,0.50409,0.51047,0.50285,0.50819,11768.4
1778356800,0.50913,0.50913,0.50351,0.50481,9551.8
1778371200,0.50514,0.50657,0.50002,0.5038,11191.5
1778385600,0.50361,0.50878,0.50306,0.50685,9435.0
1778400000,0.50694,0.51125,0.50679,0.50927,12644.5
1778414400,0.50875,0.51611,0.50685,0.51611,4836.6
1778428800,0.5157,0.52407,0.51517,0.52232,18079.8
1778443200,0.52063,0.52187,0.50685,0.5156,7826.5
1778457600,0.51651,0.51651,0.50071,0.50464,15298.9
1778472000,0.50416,0.51036,0.50364,0.50867,5254.9
1778486400,0.50896,0.5188,0.50871,0.51563,17875.0
1778500800,0.51414,0.52863,0.51414,0.52812,5430.7
1778515200,0.5285,0.57812,0.52302,0.55225,65174.8
1778529600,0.55307,0.55572,0.54095,0.54893,49519.6
1778544000,0.54715,0.54777,0.53542,0.53643,67538.8
1778558400,0.53454,0.53972,0.53168,0.53972,29166.9
1778572800,0.53695,0.53748,0.52474,0.52474,17846.1
1778587200,0.52541,0.52642,0.50604,0.50724,18356.4
1778601600,0.50659,0.51781,0.50659,0.51625,16163.3
1778616000,0.516,0.51762,0.51067,0.51067,16164.2
1778630400,0.51139,0.5215,0.51018,0.52072,20719.5
1778644800,0.52011,0.5211,0.51168,0.5135,11733.2
1778659200,0.51322,0.52042,0.51064,0.51064,13702.7
1778673600,0.50978,0.51064,0.48435,0.48435,21655.4
1778688000,0.48379,0.49328,0.48379,0.48928,15052.2
1778702400,0.4893,0.49261,0.48153,0.4861,3695.2
1778716800,0.48772,0.48976,0.47697,0.4774,12320.7
1778731200,0.47766,0.4848,0.47727,0.48236,7809.7
1778745600,0.4832,0.48858,0.48216,0.48798,6429.0
1778760000,0.48897,0.50152,0.48829,0.50152,4927.2
1778774400,0.50193,0.50296,0.49732,0.49808,11001.1
1778788800,0.49833,0.49986,0.49627,0.49914,3110.7
1778803200,0.49741,0.50216,0.49741,0.50149,8379.0
1778817600,0.50051,0.50051,0.48527,0.49157,10050.5
1778832000,0.49056,0.49731,0.48866,0.49196,18011.4
1778846400,0.49093,0.49093,0.47015,0.4732,28858.5
1778860800,0.47326,0.47879,0.47189,0.47465,3009.3
1778875200,0.47448,0.47636,0.47312,0.47586,2439.1
1778889600,0.47662,0.47751,0.47333,0.47391,2315.3
1778904000,0.47422,0.47474,0.4572,0.46112,5306.1
1778918400,0.46122,0.46354,0.45391,0.45886,8539.7
1778932800,0.45879,0.46485,0.45839,0.46437,6027.7
1778947200,0.46506,0.46821,0.46413,0.46466,3423.4
1778961600,0.4643,0.4654,0.46342,0.46455,30868.6
1778976000,0.46544,0.4667,0.4595,0.46575,7878.2
1778990400,0.4657,0.47036,0.4657,0.46812,4631.8
1779004800,0.46845,0.46983,0.46378,0.46378,3356.0
1779019200,0.4647,0.46658,0.46058,0.46239,4291.8
1779033600,0.46247,0.46477,0.45897,0.4632,4326.1
1779048000,0.46349,0.46437,0.44187,0.45238,7137.5
1779062400,0.45205,0.45603,0.44835,0.454,40040.4
1779076800,0.45337,0.45406,0.44662,0.44717,25002.6
1779091200,0.44753,0.4496,0.44403,0.44755,11753.3
1779105600,0.44884,0.45233,0.44139,0.44315,32355.6
1779120000,0.44419,0.4514,0.44083,0.45044,12639.2
1779134400,0.45106,0.45605,0.44935,0.45395,13621.0
1779148800,0.45419,0.45604,0.44947,0.4518,5416.1
1779163200,0.45124,0.45446,0.45121,0.45389,4636.8
1779177600,0.45401,0.45621,0.44877,0.44935,10661.0
1779192000,0.44912,0.4564,0.44861,0.45259,11948.5
1779206400,0.45355,0.46728,0.45185,0.45211,28764.0
1779220800,0.45189,0.45586,0.45007,0.45229,6442.8
1779235200,0.45217,0.45698,0.44901,0.45571,15408.2
1779249600,0.45706,0.46011,0.45578,0.45889,12337.2
1779264000,0.45924,0.46981,0.45912,0.45979,11842.6
1779278400,0.46103,0.4696,0.45962,0.46707,19376.2
1779292800,0.468,0.47412,0.46751,0.47003,6476.9
1779307200,0.46997,0.47327,0.46502,0.46721,9982.4
1779321600,0.46647,0.47596,0.46608,0.47596,8822.9
1779336000,0.47629,0.47721,0.46986,0.47274,12993.1
1779350400,0.47468,0.47557,0.47003,0.47174,6644.8
1779364800,0.47296,0.48055,0.47283,0.47423,17026.7
1779379200,0.47489,0.48227,0.47305,0.48046,19268.2
1779393600,0.48127,0.48127,0.47532,0.4775,12870.4
1779408000,0.47816,0.47976,0.4742,0.47856,6981.7
1779422400,0.47909,0.48019,0.47314,0.47718,9116.0
1779436800,0.4766,0.4805,0.419,0.46824,909212.7
1779451200,0.46848,0.47991,0.46727,0.47151,93647.0
1779465600,0.4721,0.47351,0.45709,0.46091,28331.6
1779480000,0.46067,0.4653,0.45236,0.45504,27010.2
1779494400,0.45535,0.4609,0.45368,0.45865,44075.6
1779508800,0.45778,0.45778,0.44337,0.44631,16097.7
1779523200,0.44594,0.4467,0.44108,0.4414,18866.8
1779537600,0.4409,0.4557,0.44029,0.45433,17182.3
1779552000,0.45468,0.4624,0.45349,0.45981,15457.8
1779566400,0.45936,0.47164,0.45878,0.4672,15878.7
1779580800,0.4679,0.46909,0.46211,0.46322,23136.0
1779595200,0.46367,0.46704,0.46179,0.46366,7481.0
1779609600,0.46243,0.46733,0.46155,0.46233,18819.7
1779624000,0.46245,0.46245,0.45304,0.45678,12618.7
1779638400,0.45678,0.45934,0.4545,0.45479,4989.8
1779652800,0.45458,0.45636,0.44753,0.45571,10802.3
1779667200,0.45617,0.45818,0.45596,0.45735,5474.3
1779681600,0.45648,0.46283,0.45599,0.46145,7722.1
1779696000,0.46135,0.46342,0.45879,0.45879,17636.0
1779710400,0.45834,0.46266,0.45821,0.46175,16455.3
1779724800,0.46193,0.46519,0.45727,0.45841,91438.0
1779739200,0.45827,0.4597,0.45366,0.45524,48053.5
1779753600,0.45495,0.45495,0.44486,0.44728,16526.1
1779768000,0.44728,0.45249,0.44676,0.44906,12828.5
1779782400,0.44936,0.45742,0.44898,0.45609,48171.5
1779796800,0.45617,0.46163,0.45035,0.45104,27666.0
1779811200,0.45148,0.45248,0.4423,0.44577,16760.1
1779825600,0.44636,0.45055,0.44124,0.44579,89314.7
1779840000,0.44611,0.4484,0.44071,0.44071,21197.5
1779854400,0.44104,0.44702,0.43845,0.44638,12081.6
1779868800,0.44713,0.44845,0.44123,0.44262,23457.6
1779883200,0.44278,0.45574,0.44096,0.45475,27246.9
1779897600,0.4548,0.456,0.44422,0.44858,13976.5
1779912000,0.44807,0.4496,0.43587,0.44032,9854.0
1779926400,0.44176,0.44239,0.42546,0.42721,10316.0
1779940800,0.42715,0.42715,0.42071,0.4245,25553.5
1779955200,0.42455,0.42519,0.41938,0.42009,18828.3
1779969600,0.42068,0.42316,0.41571,0.42133,31433.5
1779984000,0.42188,0.43838,0.42007,0.4316,22974.1
1779998400,0.43231,0.43622,0.43026,0.43241,16573.2
1780012800,0.43369,0.44067,0.43328,0.43808,31494.6
1780027200,0.43817,0.43817,0.4314,0.43308,34219.9
1780041600,0.43397,0.43452,0.42581,0.42725,16393.7
1780056000,0.42727,0.4366,0.41947,0.43439,41602.1
1780070400,0.43401,0.43604,0.42488,0.428,20438.2
1780084800,0.42823,0.43006,0.42476,0.42827,10138.9
1780099200,0.42823,0.43899,0.42778,0.43635,11650.4
1780113600,0.43641,0.43849,0.43155,0.43651,14012.6
1780128000,0.43673,0.44204,0.43624,0.43877,12886.2
1780142400,0.43827,0.44287,0.43617,0.43661,13791.1
1780156800,0.43689,0.44057,0.43501,0.44006,12521.7
1780171200,0.43982,0.44107,0.43587,0.43694,13762.4
1780185600,0.43828,0.4476,0.43815,0.4431,22853.6
1780200000,0.44243,0.44665,0.44065,0.44278,29152.0
1780214400,0.44433,0.44439,0.43803,0.4403,15198.4
1780228800,0.43969,0.44147,0.43268,0.43318,13604.7
1780243200,0.43295,0.43409,0.429,0.43158,23083.6
1780257600,0.43211,0.44375,0.43211,0.44127,14661.7
1780272000,0.44196,0.44662,0.43715,0.44525,19732.4
1780286400,0.44652,0.44652,0.43382,0.43498,16150.3
1780300800,0.43546,0.44003,0.43467,0.43777,5873.2
1780315200,0.43813,0.44563,0.43374,0.43838,123171.6
1780329600,0.43916,0.45207,0.43766,0.4462,106645.7
1780344000,0.44659,0.44691,0.43942,0.4431,68949.4
1780358400,0.44369,0.44369,0.43131,0.4412,30957.8
1780372800,0.44175,0.44205,0.42964,0.43373,16717.4
1780387200,0.43279,0.43703,0.42866,0.43429,22475.7
1780401600,0.43279,0.43385,0.40948,0.41201,45428.6
1780416000,0.41179,0.4205,0.40467,0.41084,35371.1
1780430400,0.41086,0.41633,0.39788,0.40413,34816.0
1780444800,0.40559,0.41314,0.40149,0.40208,15693.1
1780459200,0.40279,0.42368,0.40279,0.42228,23592.5
1780473600,0.42229,0.43184,0.41636,0.43014,23425.6
1780488000,0.43142,0.43142,0.41792,0.41793,71625.2
1780502400,0.41703,0.42197,0.4098,0.41631,57294.6
1780516800,0.41569,0.42373,0.41003,0.41695,16206.9
1780531200,0.41577,0.41835,0.37925,0.40581,76120.4
1780545600,0.40656,0.40791,0.39434,0.39434,45807.3
1780560000,0.39426,0.39601,0.38419,0.3874,41090.3
1780574400,0.38879,0.40664,0.387,0.40609,30942.1
1780588800,0.40516,0.40516,0.39912,0.40141,18174.6
1780603200,0.40196,0.40196,0.3908,0.39819,21847.1
1780617600,0.39818,0.40087,0.38459,0.38511,45413.4
1780632000,0.38538,0.39029,0.36364,0.3773,62857.2
1780646400,0.37835,0.38146,0.37147,0.37529,25330.9
1780660800,0.3747,0.38267,0.36304,0.36528,155661.1
1780675200,0.36552,0.37401,0.35252,0.36232,108118.4
1780689600,0.36232,0.37672,0.36049,0.37024,16081.6
1780704000,0.37064,0.37496,0.36227,0.36325,30264.7
1780718400,0.36499,0.37173,0.34815,0.36962,33620.1
1780732800,0.37042,0.37531,0.3647,0.36916,12654.6
1780747200,0.37067,0.37318,0.36794,0.3689,26947.8
1780761600,0.36845,0.37,0.36246,0.36427,26171.9
1780776000,0.36293,0.36812,0.36263,0.36812,28936.6
1780790400,0.36904,0.3825,0.3688,0.37786,32756.4
1780804800,0.37836,0.38044,0.37451,0.38044,30770.2
1780819200,0.3816,0.39038,0.37974,0.38249,29765.9
1780833600,0.38338,0.38338,0.37492,0.37982,26469.1
1780848000,0.37981,0.38396,0.37253,0.37324,8684.0
1780862400,0.37716,0.39172,0.37444,0.3836,14209.3
1780876800,0.38521,0.38702,0.38082,0.38185,21984.2
1780891200,0.38365,0.38377,0.37688,0.38254,9819.4
1780905600,0.38268,0.39164,0.37983,0.38966,24182.7
1780920000,0.38957,0.39221,0.38655,0.39047,47190.3
1780934400,0.39009,0.39578,0.39009,0.39184,23327.3
1780948800,0.39201,0.3949,0.38591,0.38609,20861.6
1780963200,0.38769,0.38769,0.37784,0.37959,20099.4
1780977600,0.37959,0.38647,0.37882,0.38361,23381.3
1780992000,0.38356,0.38427,0.3788,0.38223,32121.8
1781006400,0.38301,0.38592,0.37561,0.37626,24671.4
1781020800,0.37731,0.38342,0.37327,0.38331,32724.2
1781035200,0.38376,0.38569,0.38038,0.38141,13398.6
1781049600,0.38374,0.38447,0.38029,0.38396,13419.8
1781064000,0.38471,0.38566,0.37943,0.38537,12993.4
1781078400,0.38539,0.38664,0.37706,0.37968,42172.5
1781092800,0.37904,0.39301,0.37854,0.39064,33732.6
1781107200,0.39105,0.39105,0.38305,0.38571,32683.0
1781121600,0.38424,0.3845,0.37559,0.38191,38795.4
1781136000,0.38441,0.39314,0.38346,0.39314,28776.6
1781150400,0.39219,0.39344,0.38783,0.3881,11147.5
1781164800,0.38944,0.39192,0.38757,0.38973,8980.2
1781179200,0.38981,0.39159,0.38571,0.39112,41516.1
1781193600,0.3918,0.4001,0.38812,0.39737,38726.4
1781208000,0.39715,0.39772,0.39365,0.39533,4720.5
1781222400,0.39568,0.39911,0.39459,0.39544,14661.4
1781236800,0.39612,0.4047,0.39535,0.39607,40707.0
1781251200,0.39587,0.4016,0.39488,0.3974,11367.2
1781265600,0.39765,0.40433,0.39707,0.39979,32509.3
1781280000,0.39954,0.40204,0.39545,0.39736,17001.1
1781294400,0.39804,0.39886,0.39417,0.39687,5918.8
1781308800,0.39778,0.40117,0.39664,0.39686,17976.4
1781323200,0.39767,0.40364,0.39586,0.40293,18499.6
1781337600,0.4038,0.40399,0.40004,0.40257,12950.1
1781352000,0.40258,0.40458,0.3998,0.40368,11744.5
1781366400,0.40355,0.40355,0.39912,0.40071,15100.8
1781380800,0.40145,0.4028,0.39922,0.40078,15751.4
1781395200,0.40076,0.40185,0.39943,0.4005,17185.3
1781409600,0.40113,0.40252,0.39794,0.39965,11964.9
1781424000,0.40055,0.40267,0.3997,0.40031,6433.9
1781438400,0.40089,0.40178,0.39402,0.39635,114323.5
1781452800,0.39617,0.39759,0.39298,0.39455,31556.4
1781467200,0.3947,0.41153,0.39428,0.40994,37894.0
1781481600,0.40986,0.41098,0.4066,0.40945,18934.0
1781496000,0.40902,0.40959,0.40664,0.40697,13068.0
1781510400,0.40698,0.41444,0.40649,0.41274,23974.7
1781524800,0.41314,0.41954,0.41284,0.41584,98105.7
1781539200,0.41795,0.41933,0.4088,0.40899,61068.2
1781553600,0.40908,0.42485,0.4058,0.42351,32043.2
1781568000,0.42382,0.46022,0.42326,0.43273,138652.6
1781582400,0.42893,0.44089,0.42519,0.44059,37600.4
1781596800,0.43975,0.4509,0.43277,0.44668,134487.0
1781611200,0.44618,0.44679,0.43358,0.44123,98527.7
1781625600,0.44208,0.46683,0.4419,0.45839,209206.1
1781640000,0.45789,0.45841,0.44265,0.45355,100980.5
1781654400,0.45439,0.45615,0.44956,0.44967,35853.8
1781668800,0.45039,0.45344,0.43701,0.43833,47186.5
1781683200,0.4381,0.43935,0.42856,0.43219,44724.4
1781697600,0.4319,0.4421,0.43149,0.44186,17507.6
1781712000,0.4472,0.44915,0.42399,0.42593,39867.3
1781726400,0.42703,0.42903,0.42028,0.42098,7762.6
1781740800,0.42086,0.42395,0.41512,0.4163,23531.2
1781755200,0.41587,0.41803,0.41165,0.41593,30732.4
1781769600,0.41611,0.4177,0.4091,0.4091,11330.7
1781784000,0.40856,0.41329,0.39542,0.39542,31398.7
1781798400,0.39684,0.40541,0.39684,0.40541,30464.2
1781812800,0.40691,0.4094,0.4053,0.4094,15135.3
1781827200,0.41002,0.41246,0.40303,0.40541,16473.8
1781841600,0.40557,0.40728,0.40095,0.40112,25321.2
1781856000,0.40196,0.40914,0.4016,0.40487,17969.9
1781870400,0.40485,0.40891,0.40281,0.40644,17107.6
1781884800,0.40707,0.40819,0.40409,0.40449,13673.7
1781899200,0.40567,0.41376,0.40435,0.41376,6931.4
1781913600,0.41426,0.41562,0.40859,0.41135,45249.9
1781928000,0.41219,0.41528,0.41106,0.41228,27574.1
1781942400,0.41221,0.41527,0.4109,0.41451,19554.9
1781956800,0.41412,0.41833,0.40868,0.41746,26561.3
1781971200,0.4175,0.4191,0.41351,0.4156,20202.2
1781985600,0.4166,0.42149,0.4149,0.42081,14868.9
1782000000,0.42125,0.42462,0.42097,0.42262,23027.3
1782014400,0.4226,0.42465,0.42126,0.42401,12290.3
1782028800,0.42444,0.42447,0.41772,0.41805,9682.8
1782043200,0.4178,0.41985,0.41559,0.4177,9611.2
1782057600,0.4179,0.41927,0.4169,0.41788,5645.4
1782072000,0.41764,0.41854,0.40902,0.40996,21855.6
1782086400,0.40983,0.42044,0.40983,0.41608,80596.8
1782100800,0.41604,0.41772,0.41364,0.41493,11604.3
1782115200,0.41575,0.41777,0.41355,0.41771,11269.3
1782129600,0.41803,0.42012,0.41702,0.41795,8590.0
1782144000,0.4157,0.4157,0.40781,0.40836,7434.5
1782158400,0.40902,0.41031,0.40219,0.40626,12873.8
1782172800,0.40626,0.40997,0.40626,0.40941,6122.1
1782187200,0.41006,0.41006,0.3956,0.40067,13689.2
1782201600,0.39875,0.3992,0.38917,0.39766,20596.8
1782216000,0.39677,0.39955,0.396,0.39772,6339.0
1782230400,0.39835,0.4007,0.39532,0.39541,20251.4
1782244800,0.39605,0.39678,0.39328,0.39475,15652.8
1782259200,0.39532,0.39702,0.39163,0.3925,7323.6
1782273600,0.39235,0.39342,0.39077,0.39274,2864.3
1782288000,0.39308,0.39735,0.39176,0.39735,5076.3
1782302400,0.39744,0.39794,0.38509,0.38509,10709.9
1782316800,0.38462,0.38788,0.37481,0.38244,24186.7
1782331200,0.38263,0.39264,0.38262,0.39075,14017.3
1782345600,0.39192,0.39192,0.38886,0.39013,14245.0
1782360000,0.39032,0.39638,0.38852,0.39308,52291.9
1782374400,0.39407,0.39407,0.38733,0.38843,5418.1
1782388800,0.38894,0.39056,0.36645,0.37934,34621.4
1782403200,0.37948,0.38243,0.3758,0.37623,22183.7
1782417600,0.37514,0.37933,0.37514,0.37699,15106.2
1782432000,0.37802,0.38021,0.36681,0.37905,54297.6
1782446400,0.379,0.38491,0.3764,0.38471,20921.0
1782460800,0.38443,0.38443,0.37716,0.37716,8005.9
1782475200,0.3774,0.38882,0.3744,0.38765,32235.9
1782489600,0.38677,0.39233,0.38415,0.38916,34986.6
1782504000,0.3878,0.39112,0.38418,0.38422,10244.7
1782518400,0.38468,0.38678,0.38255,0.38467,19267.0
1782532800,0.38504,0.38636,0.38333,0.38517,7099.5
1782547200,0.38533,0.3886,0.38372,0.38428,18894.1
1782561600,0.38563,0.38826,0.38433,0.38826,3333.0
1782576000,0.38715,0.38836,0.37855,0.381,12451.1
1782590400,0.38239,0.38458,0.3804,0.38153,10233.5
1782604800,0.38261,0.3872,0.38239,0.38513,16737.3
1782619200,0.38632,0.3864,0.38235,0.38592,6325.9
1782633600,0.38605,0.38673,0.38301,0.38404,9862.4
1782648000,0.38471,0.38535,0.38173,0.38459,1425.4
1782662400,0.38503,0.38527,0.37941,0.37981,9061.8
1782676800,0.38015,0.38279,0.37627,0.38151,5212.3
1782691200,0.38163,0.38746,0.37979,0.38531,11935.0
1782705600,0.38518,0.3854,0.38056,0.3854,775.3
1782720000,0.38465,0.38685,0.38266,0.38452,12361.8
1782734400,0.38269,0.39188,0.38152,0.38668,14517.8
1782748800,0.38668,0.39258,0.38547,0.38935,3719.5
1782763200,0.38821,0.38939,0.38506,0.38534,11006.3
1782777600,0.38615,0.38681,0.38303,0.38353,4179.8
1782792000,0.38289,0.38341,0.38058,0.38113,4680.6
1782806400,0.38127,0.38335,0.37846,0.37884,12759.6
1782820800,0.37782,0.38065,0.37386,0.37882,15916.7
1782835200,0.37825,0.38004,0.37632,0.37702,9376.3
1782849600,0.37666,0.37785,0.37434,0.37524,9441.3
1782864000,0.3764,0.38073,0.36907,0.38014,14009.4
1782878400,0.37988,0.38061,0.37439,0.37491,1618.3
1782892800,0.37542,0.3776,0.37377,0.3776,4194.1
1782907200,0.37705,0.38759,0.37582,0.38672,9068.2
1782921600,0.38645,0.38747,0.38325,0.38325,3846.3
1782936000,0.38348,0.39438,0.38294,0.38746,8237.0
1782950400,0.388,0.39239,0.38581,0.39239,17813.1
1782964800,0.39249,0.39249,0.38797,0.38946,11561.3
1782979200,0.39108,0.39351,0.38966,0.39131,5499.1
1782993600,0.39154,0.39526,0.39053,0.39131,17469.2
1783008000,0.39074,0.39136,0.38786,0.38861,9344.1
1783022400,0.38828,0.39028,0.38763,0.39028,6101.1
1783036800,0.38957,0.39134,0.38858,0.38918,8951.4
1783051200,0.38927,0.39096,0.38821,0.38957,10930.6
1783065600,0.39003,0.39683,0.38904,0.39587,19764.9
1783080000,0.3961,0.39632,0.39224,0.39458,8997.4
1783094400,0.39494,0.39615,0.3933,0.39601,5428.1
1783108800,0.39622,0.39879,0.39585,0.39747,5583.3
1783123200,0.39678,0.39811,0.39142,0.39409,20038.7
1783137600,0.39433,0.39506,0.3931,0.39506,18457.5
1783152000,0.39483,0.39947,0.39315,0.39709,27484.6
1783166400,0.39717,0.40154,0.39653,0.40052,29420.1
1783180800,0.39987,0.40177,0.39857,0.39909,25917.0
1783195200,0.39929,0.39983,0.39637,0.39807,26426.1
1783209600,0.39816,0.39851,0.3928,0.3933,34137.0
1783224000,0.39329,0.39552,0.39069,0.39395,23360.6
1783238400,0.39375,0.39411,0.38883,0.39125,26387.1
1783252800,0.39132,0.39375,0.39068,0.39154,22285.1
1783267200,0.39146,0.39298,0.39,0.39098,32753.4
1783281600,0.39138,0.39546,0.38947,0.39352,35775.8
1783296000,0.39322,0.39377,0.38915,0.39003,34266.7
1783310400,0.38969,0.38987,0.38511,0.387,39519.3
1783324800,0.38696,0.38907,0.38498,0.38646,24933.6
1783339200,0.38495,0.39063,0.37914,0.39022,51694.5
1783353600,0.39024,0.39242,0.38941,0.39039,44099.0
1783368000,0.39038,0.39524,0.38888,0.38922,26028.0
1783382400,0.38966,0.39115,0.38352,0.38355,27289.2
1783396800,0.3835,0.38439,0.38183,0.38275,22165.6
1783411200,0.38249,0.38344,0.38151,0.38339,24156.1
1783425600,0.38331,0.38699,0.3799,0.38621,32177.6
1783440000,0.38691,0.38812,0.38048,0.382,32686.7
1783454400,0.38218,0.38239,0.37686,0.37846,32198.5
1783468800,0.37888,0.3802,0.37102,0.37228,50347.4
1783483200,0.37221,0.37419,0.37141,0.37263,34023.7
1783497600,0.37279,0.37332,0.36779,0.37116,61891.7
1783512000,0.37108,0.37217,0.36578,0.36615,47072.7
1783526400,0.36617,0.37067,0.36617,0.36983,33053.0
1783540800,0.36977,0.37158,0.36724,0.37158,21385.4
1783555200,0.37163,0.37172,0.36763,0.36969,46810.4
1783569600,0.37002,0.37241,0.36904,0.3716,23093.7
1783584000,0.3717,0.37298,0.37077,0.37202,40835.9
1783598400,0.37219,0.37575,0.37096,0.37304,31238.9
1783612800,0.37304,0.37741,0.3717,0.37383,23308.0
1783627200,0.37389,0.38171,0.37291,0.37329,122570.7
1783641600,0.37301,0.37822,0.37135,0.37507,45923.3
1783656000,0.37499,0.37668,0.37312,0.37552,30283.6
1783670400,0.3752,0.37725,0.37336,0.37532,47647.4
1783684800,0.37502,0.3772,0.37158,0.3772,51919.4
1783699200,0.37731,0.37747,0.37471,0.37553,44395.6
1783713600,0.37551,0.37826,0.3747,0.37826,22810.6
1783728000,0.37834,0.3793,0.37735,0.37823,38277.5
1783742400,0.37821,0.37969,0.37697,0.37912,20890.5
1783756800,0.37895,0.38056,0.37779,0.37983,29870.7
1783771200,0.38018,0.39982,0.38008,0.39027,153026.5
1783785600,0.3901,0.42637,0.38892,0.39628,255914.7
1783800000,0.39642,0.39697,0.38533,0.38533,86502.9
1783814400,0.38536,0.38625,0.38157,0.38489,71721.1
1783828800,0.38524,0.38525,0.38069,0.38075,59973.8
1783843200,0.38075,0.38208,0.37812,0.37986,53313.2
1783857600,0.37973,0.38076,0.37494,0.37682,46909.4
1783872000,0.37662,0.37673,0.37273,0.37387,42486.9
1783886400,0.3735,0.37369,0.36892,0.36953,48015.6
1783900800,0.36993,0.37413,0.36349,0.36481,76076.9
1783915200,0.36439,0.37021,0.36424,0.36957,54235.3
1783929600,0.36941,0.37016,0.36733,0.36773,37953.1
1783944000,0.36735,0.36787,0.36363,0.36442,59570.2
1783958400,0.36407,0.36449,0.35572,0.35994,106869.2
1783972800,0.35992,0.36034,0.35546,0.36034,26693.9
1783987200,0.36013,0.36114,0.35651,0.35787,29084.5
1784001600,0.35805,0.36128,0.35804,0.36009,33542.3
1784016000,0.35995,0.36178,0.35923,0.36157,39934.9
1784030400,0.36154,0.36978,0.3604,0.36878,102153.8
1784044800,0.369,0.37039,0.36608,0.368,43789.3
1784059200,0.368,0.37025,0.36672,0.36823,31647.7
1784073600,0.36833,0.36954,0.36488,0.36756,51500.8
1784088000,0.36742,0.36849,0.3654,0.36676,42152.5
1784102400,0.3666,0.37027,0.3666,0.36929,49766.0
1784116800,0.36957,0.37397,0.36915,0.37006,41061.2
1784131200,0.37028,0.37028,0.36673,0.36712,52494.1
1784145600,0.36707,0.37046,0.36698,0.37004,30138.5
1784160000,0.37005,0.37286,0.36998,0.37122,27877.6
1784174400,0.37136,0.37237,0.36797,0.36929,25878.2
1784188800,0.36938,0.36979,0.36673,0.36878,53604.9
1784203200,0.36854,0.37059,0.36679,0.36842,56968.0
1784217600,0.36835,0.36906,0.36596,0.36679,63396.6
1784232000,0.36685,0.36828,0.3654,0.36578,27574.8
1784246400,0.36602,0.36821,0.36404,0.36572,34536.9
1784260800,0.36501,0.36555,0.36244,0.36246,33353.6
1784275200,0.36246,0.36441,0.35953,0.36243,79055.1
1784289600,0.36271,0.36293,0.35734,0.36252,72767.5
1784304000,0.36305,0.36582,0.36241,0.36281,45227.3
1784318400,0.36282,0.36359,0.36171,0.36359,24751.7
1784332800,0.36374,0.36403,0.36244,0.36274,36680.0
1784347200,0.36284,0.36334,0.36193,0.36277,22139.0
1784361600,0.36277,0.36369,0.36177,0.36264,35552.9
1784376000,0.36207,0.36707,0.36135,0.36338,50913.5
1784390400,0.36363,0.36719,0.36363,0.36612,50785.8
1784404800,0.3662,0.37075,0.36615,0.36808,62514.1
1784419200,0.3681,0.36931,0.36655,0.36696,26933.3
1784433600,0.36721,0.36905,0.36693,0.36819,24533.5
1784448000,0.36845,0.36928,0.36692,0.36726,26577.1
1784462400,0.36733,0.36778,0.36616,0.36637,30268.9
1784476800,0.36629,0.36648,0.36247,0.36396,38722.3
1784491200,0.36388,0.36454,0.36168,0.36268,43139.5
1784505600,0.3631,0.36682,0.36202,0.36273,24473.7
1784520000,0.3629,0.36458,0.35936,0.36414,51354.7
1784534400,0.36406,0.36621,0.36202,0.36578,35978.8
1784548800,0.36611,0.36917,0.36331,0.36877,57863.0
1784563200,0.36904,0.3721,0.36798,0.37009,35192.1
1784577600,0.37038,0.37105,0.36664,0.36826,30045.9
1784592000,0.36813,0.37176,0.36776,0.37155,39240.8
1784606400,0.37153,0.3726,0.37038,0.37128,42561.1
1784620800,0.37117,0.37128,0.36817,0.36898,31423.9
1784635200,0.36904,0.37028,0.36758,0.36982,35197.8
1784649600,0.36999,0.37062,0.36773,0.37017,34411.9
1784664000,0.3703,0.37123,0.369,0.37038,20345.6
1784678400,0.37018,0.37104,0.36808,0.36808,25017.5
1784692800,0.36796,0.36936,0.36721,0.36807,23173.2
1784707200,0.36826,0.3737,0.36815,0.3721,45023.2
1784721600,0.37228,0.37388,0.36882,0.37188,45956.8
1784736000,0.37197,0.37303,0.3685,0.36945,25003.7
1784750400,0.3694,0.37056,0.36771,0.36907,25054.7
1784764800,0.36871,0.36982,0.36651,0.36725,44865.4
1784779200,0.36737,0.36901,0.36142,0.36423,68081.0
1784793600,0.36427,0.36685,0.36408,0.36476,26761.4
1784808000,0.36485,0.36524,0.36211,0.36431,78634.4
1784822400,0.36474,0.36571,0.36174,0.36227,35286.5
1784836800,0.36218,0.36389,0.36059,0.3606,29593.4
1784851200,0.36061,0.36219,0.35916,0.36185,34866.3
1784865600,0.36189,0.36305,0.3607,0.36135,47181.1
1784880000,0.3614,0.36401,0.36022,0.36127,38413.1
1784894400,0.36114,0.36187,0.3557,0.35708,54191.0
1784908800,0.35718,0.35829,0.35504,0.35542,42012.3
1784923200,0.35552,0.35599,0.35301,0.3539,33794.4
1784937600,0.35416,0.35567,0.35341,0.35555,28156.4
1784952000,0.35553,0.3561,0.35401,0.35407,28681.4
1784966400,0.3541,0.35682,0.3541,0.35514,38904.5
1784980800,0.35536,0.36064,0.35536,0.36024,44352.7
1784995200,0.36007,0.36044,0.3581,0.35857,22055.1
1785009600,0.35886,0.35971,0.35797,0.35849,67405.2
1785024000,0.35849,0.3597,0.35791,0.35937,48693.9
1785038400,0.35939,0.3618,0.35939,0.36162,24259.2
1785052800,0.36159,0.3682,0.36015,0.36424,56912.9
1785067200,0.36475,0.36546,0.35983,0.36143,51530.7
1785081600,0.36142,0.36255,0.35852,0.35882,37608.4
1785096000,0.35895,0.36251,0.35776,0.36182,34320.6
1785110400,0.36206,0.36239,0.35855,0.36031,33539.1
1785124800,0.36042,0.36132,0.35875,0.35896,33103.3
1785139200,0.35889,0.36007,0.35704,0.35797,26248.5
1785153600,0.35803,0.35909,0.35048,0.35073,45367.3
1785168000,0.3508,0.3761,0.35019,0.37498,184608.5
1785182400,0.37527,0.3786,0.35672,0.35755,205663.6
1785196800,0.35765,0.36423,0.35372,0.36032,107412.2
1785211200,0.36056,0.41283,0.36056,0.37493,368776.1
1785225600,0.37495,0.37495,0.35505,0.36256,149638.2
1785240000,0.36258,0.36903,0.35928,0.36805,132520.6
1785254400,0.36897,0.36975,0.36026,0.36321,78056.7
1785268800,0.36321,0.36517,0.35686,0.35774,41626.8
1785283200,0.35774,0.36147,0.34965,0.34965,63755.5
1785297600,0.34972,0.35097,0.34361,0.34984,191066.0
1785312000,0.35004,0.35264,0.34579,0.3461,134079.1
1785326400,0.34614,0.34614,0.33057,0.33072,109351.7
1785340800,0.33072,0.33425,0.32511,0.32606,112745.2
1785355200,0.32559,0.32788,0.32006,0.32633,78356.2
1785369600,0.32647,0.33423,0.32437,0.33321,77605.7
1785384000,0.33337,0.33956,0.33027,0.33845,126579.7
1785398400,0.33885,0.33929,0.33313,0.33658,51862.7
1785412800,0.33665,0.33908,0.33352,0.33352,51708.5
1785427200,0.33393,0.33546,0.33184,0.33546,28430.1
1785441600,0.3352,0.33607,0.33369,0.33423,23413.3
1785456000,0.3342,0.33724,0.33159,0.33568,45556.7
1785470400,0.33571,0.34153,0.33366,0.33666,56775.1
1785484800,0.33754,0.33831,0.33409,0.3374,54796.4
1785499200,0.33739,0.34221,0.33644,0.33971,87347.0
1785513600,0.34008,0.34523,0.33911,0.34076,37036.8
1785528000,0.34084,0.34503,0.34,0.34105,32834.7
1785542400,0.34144,0.34281,0.34004,0.34165,59442.6
1785556800,0.34162,0.35259,0.34133,0.34652,49599.9
1785571200,0.34627,0.349,0.34215,0.34231,67594.8
1785585600,0.34237,0.34343,0.33909,0.33954,55662.5
1785600000,0.33948,0.34161,0.33381,0.33631,44298.7
1785614400,0.33636,0.33798,0.33628,0.33704,22776.6
1785628800,0.33706,0.34025,0.33695,0.33871,27953.1
1785643200,0.33871,0.34479,0.33829,0.33978,31797.6
1785657600,0.33982,0.34069,0.33806,0.3382,22406.0
1785672000,0.33852,0.33958,0.33668,0.33791,26407.9
1785686400,0.33791,0.33859,0.33686,0.3385,17997.8
1785700800,0.33859,0.33878,0.33662,0.33713,17302.9
1785715200,0.33717,0.34004,0.33621,0.33754,36490.8
1785729600,0.33752,0.33942,0.33602,0.33628,23693.9
1785744000,0.33632,0.33714,0.33482,0.33603,43769.2
1785758400,0.33618,0.34149,0.33602,0.34068,39360.9
1785772800,0.34083,0.34196,0.34038,0.34041,28361.3
1785787200,0.34041,0.34165,0.33934,0.33934,26468.4
1785801600,0.33958,0.34157,0.33824,0.33932,83548.2
1785816000,0.33937,0.34087,0.33846,0.3405,40881.8
1785830400,0.34049,0.34066,0.3395,0.34007,69921.6
1785844800,0.34013,0.34054,0.33746,0.3386,58220.5
1785859200,0.33862,0.33892,0.33668,0.33789,61223.6
1785873600,0.33791,0.3388,0.33639,0.33686,48793.3
1785888000,0.33686,0.33876,0.3358,0.33826,52083.9
1785902400,0.33818,0.34159,0.33809,0.34042,67484.5
1785916800,0.3405,0.34074,0.33794,0.33805,33867.1
1785931200,0.33812,0.33862,0.33601,0.3365,98840.1
1785945600,0.33635,0.33743,0.3357,0.33582,35041.8
1785960000,0.33583,0.33659,0.33441,0.33522,54923.6
1785974400,0.33523,0.33631,0.33383,0.33472,55580.8
1785988800,0.33445,0.34083,0.33441,0.33953,66676.1
1786003200,0.33956,0.34015,0.335,0.33623,50061.6
1786017600,0.33627,0.34168,0.33431,0.34073,116001.3
1786032000,0.34046,0.34223,0.33765,0.33826,47427.5
1786046400,0.3381,0.33968,0.3381,0.33937,34659.3
1786060800,0.33928,0.34094,0.33832,0.33834,37160.0
1786075200,0.33836,0.34339,0.33819,0.34092,27072.1
1786089600,0.34092,0.34141,0.33734,0.33751,24267.5
1786104000,0.33747,0.33789,0.33462,0.33619,45549.5
1786118400,0.33624,0.3372,0.33485,0.33601,65300.5
1786132800,0.33595,0.33647,0.335,0.33584,25301.1
1786147200,0.33584,0.33766,0.33488,0.33691,54332.6
1786161600,0.33712,0.33806,0.33688,0.33776,30276.7
1786176000,0.33785,0.33839,0.33741,0.33797,22365.8
1786190400,0.33805,0.34146,0.33802,0.34124,37046.5
1786204800,0.34127,0.34337,0.34084,0.34136,21961.8
1786219200,0.34139,0.34293,0.34132,0.34212,32415.6
1786233600,0.34211,0.34228,0.33991,0.34076,26690.1
1786248000,0.34083,0.34353,0.33976,0.34027,37698.3
1786262400,0.3403,0.34308,0.33974,0.3422,48054.4
1786276800,0.34204,0.34375,0.34176,0.34234,20705.9
1786291200,0.34233,0.34433,0.34209,0.34275,32287.1
1786305600,0.34252,0.34332,0.33692,0.33701,36516.3
1786320000,0.33655,0.34006,0.33635,0.33892,61040.3
1786334400,0.33897,0.34084,0.3377,0.33811,46914.7
1786348800,0.33811,0.34008,0.33701,0.34008,19826.8
1786363200,0.34003,0.34004,0.33602,0.33743,36793.4
1786377600,0.33726,0.33842,0.3369,0.33754,45544.7
1786392000,0.33748,0.36044,0.33575,0.34582,234525.4
1786406400,0.3456,0.34642,0.33858,0.33858,136524.1
1786420800,0.33862,0.35509,0.33617,0.34512,98204.5
1786435200,0.34494,0.34603,0.33564,0.33658,63695.3
1786449600,0.33646,0.33938,0.3264,0.3277,90180.4
1786464000,0.32747,0.33143,0.32678,0.33018,88197.7
1786478400,0.32999,0.33277,0.32939,0.33053,36140.6
1786492800,0.33055,0.33299,0.32972,0.3325,28106.4
1786507200,0.33245,0.33245,0.33015,0.3311,26458.1
1786521600,0.33099,0.33136,0.32775,0.33006,31440.2
1786536000,0.33008,0.33589,0.32827,0.32844,58723.6
1786550400,0.32835,0.32894,0.32423,0.32472,48274.3
1786564800,0.32473,0.32646,0.31849,0.32157,107922.7
1786579200,0.32151,0.32336,0.32132,0.32274,25862.0
1786593600,0.3227,0.32383,0.32183,0.32291,33026.1
1786608000,0.32305,0.32548,0.32265,0.32375,24176.4
1786622400,0.32368,0.32755,0.32367,0.32367,35184.2
1786636800,0.32357,0.32477,0.32131,0.32348,29205.9
1786651200,0.32375,0.32445,0.32279,0.32417,40151.2
1786665600,0.32399,0.32413,0.32164,0.32186,66591.5
1786680000,0.32196,0.32412,0.32036,0.32044,28253.8
1786694400,0.32055,0.32328,0.31941,0.3223,50264.6
1786708800,0.32239,0.32397,0.32193,0.32361,39775.1
1786723200,0.32374,0.32894,0.32352,0.32366,51909.9
1786737600,0.32361,0.32557,0.32306,0.32557,28509.3
1786752000,0.32553,0.32591,0.32407,0.32407,28060.0
1786766400,0.32419,0.32595,0.32419,0.32428,23126.6
1786780800,0.32426,0.33046,0.32426,0.32616,118130.5
1786795200,0.32624,0.32739,0.32555,0.32716,74937.6
1786809600,0.3271,0.32724,0.32462,0.32523,38883.1
1786824000,0.32514,0.32611,0.32372,0.32452,46423.4
1786838400,0.32453,0.32537,0.3231,0.32375,35860.3
1786852800,0.32368,0.3243,0.32217,0.32333,27270.2
1786867200,0.32338,0.32404,0.32208,0.32229,30409.3
1786881600,0.32235,0.32355,0.32189,0.32302,28153.0
1786896000,0.32326,0.32326,0.32184,0.32256,21947.6
1786910400,0.32275,0.32291,0.31676,0.31865,36628.1
1786924800,0.3186,0.32204,0.31825,0.32137,64510.5
1786939200,0.32131,0.3218,0.31915,0.31952,29498.8
1786953600,0.31965,0.3199,0.31633,0.31776,63692.5
1786968000,0.31755,0.31878,0.316,0.31871,29357.8
1786982400,0.31899,0.32027,0.31741,0.31801,26751.8
1786996800,0.31842,0.321,0.31842,0.31951,28106.7
1787011200,0.3195,0.32032,0.31613,0.31676,38722.3
1787025600,0.31685,0.31913,0.31679,0.3179,36309.6
1787040000,0.31796,0.3194,0.31765,0.31847,30984.8
1787054400,0.31842,0.31992,0.31765,0.31957,40834.4
1787068800,0.3196,0.32032,0.31815,0.31815,26846.1
1787083200,0.31821,0.31882,0.31698,0.31837,32497.2
1787097600,0.3183,0.31983,0.31796,0.31957,23615.4
1787112000,0.31964,0.32344,0.31964,0.32108,38909.7
1787126400,0.32097,0.32265,0.32024,0.32102,33607.0
1787140800,0.32097,0.33611,0.32069,0.33091,56190.8
1787155200,0.3309,0.33325,0.32808,0.3307,48923.0
1787169600,0.33073,0.33886,0.33025,0.3339,72939.3
1787184000,0.33379,0.33689,0.333,0.33405,31504.7
1787198400,0.33374,0.3359,0.33359,0.33509,50754.6
1787212800,0.33488,0.3405,0.33479,0.33957,33906.0
1787227200,0.33959,0.35491,0.33747,0.34155,98021.1
1787241600,0.34159,0.34504,0.34016,0.34133,49196.1
1787256000,0.3412,0.34936,0.34083,0.34747,33962.8
1787270400,0.34757,0.3499,0.34526,0.34731,53574.1
1787284800,0.34732,0.35501,0.34732,0.35501,41975.4
1787299200,0.35555,0.36525,0.3543,0.36352,75612.0
1787313600,0.36367,0.37225,0.36339,0.36862,60997.2
1787328000,0.36867,0.37004,0.36322,0.36695,45333.3
1787342400,0.3662,0.38368,0.36611,0.3824,109120.5
1787356800,0.38232,0.40047,0.38058,0.39769,137933.6
1787371200,0.39749,0.40547,0.36774,0.39055,65611.6
1787385600,0.3905,0.39251,0.37326,0.37881,102252.0
1787400000,0.37791,0.38286,0.37228,0.37252,52842.1
1787414400,0.37235,0.37706,0.37168,0.37448,30324.3
1787428800,0.37449,0.37504,0.36675,0.36872,36390.8
1787443200,0.36844,0.37274,0.3586,0.3594,25747.9
1787457600,0.35832,0.3631,0.35293,0.36214,28903.4
1787472000,0.36185,0.37609,0.36078,0.37607,46300.9
1787486400,0.37541,0.38025,0.36973,0.37919,33644.6
1787500800,0.37921,0.38445,0.37651,0.38195,25253.6
1787515200,0.3815,0.38635,0.37837,0.37982,20011.9
1787529600,0.38005,0.38007,0.37002,0.37045,40856.2
1787544000,0.37052,0.37319,0.36793,0.36993,21627.9
1787558400,0.36926,0.37522,0.36689,0.37512,20425.1
1787572800,0.37484,0.37903,0.36942,0.37388,23207.6
1787587200,0.37418,0.3776,0.36883,0.37348,21726.4
1787601600,0.37375,0.3751,0.36923,0.37125,17961.6
1787616000,0.37149,0.37956,0.3708,0.37486,31186.5
1787630400,0.3751,0.37817,0.36996,0.37191,20554.6
1787644800,0.37191,0.37478,0.36842,0.36922,26312.3
1787659200,0.36902,0.3706,0.36445,0.36841,20374.3
1787673600,0.36829,0.37212,0.36752,0.36799,18134.5
1787688000,0.36779,0.36779,0.36012,0.36565,21643.0
1787702400,0.36476,0.37273,0.36476,0.37221,18622.6
1787716800,0.37172,0.37265,0.36837,0.37074,26517.4
1787731200,0.37063,0.37368,0.36683,0.36981,34866.9
1787745600,0.37004,0.38096,0.36577,0.37002,73038.5
1787760000,0.3702,0.37337,0.36747,0.3679,58225.4
1787774400,0.36775,0.37396,0.36575,0.37334,30593.0
1787788800,0.37328,0.37365,0.36961,0.37089,94138.8
1787803200,0.37107,0.37255,0.36793,0.37237,63775.9
1787817600,0.37249,0.3771,0.36885,0.37183,87612.1
1787832000,0.37194,0.37566,0.37059,0.37494,28057.7
1787846400,0.3748,0.37824,0.37364,0.37398,20978.4
1787860800,0.37379,0.37555,0.37278,0.37476,24192.8
1787875200,0.37466,0.37895,0.36919,0.37097,20558.6
1787889600,0.37082,0.37805,0.36887,0.37386,378196.5
1787904000,0.37409,0.37486,0.35942,0.36762,348414.8
1787918400,0.3677,0.37298,0.36484,0.37089,99575.0
1787932800,0.37089,0.37104,0.35783,0.36167,80546.8
1787947200,0.36149,0.36465,0.36149,0.36452,24068.2
1787961600,0.36445,0.36796,0.36357,0.3636,22309.1
1787976000,0.36363,0.36753,0.36363,0.36431,25821.4
1787990400,0.36405,0.36496,0.36306,0.36334,20274.2
1788004800,0.36331,0.37653,0.36312,0.36865,34869.7
1788019200,0.36877,0.36903,0.3661,0.36772,25757.0
1788033600,0.36763,0.36827,0.36616,0.36805,28271.4
1788048000,0.36801,0.37191,0.36689,0.36978,21809.1
1788062400,0.36981,0.3725,0.36747,0.37243,30185.7
1788076800,0.3723,0.37748,0.37111,0.37421,18483.2
1788091200,0.3741,0.38249,0.37169,0.37975,88383.3
1788105600,0.38001,0.38561,0.37583,0.37698,57126.7
1788120000,0.37678,0.37712,0.35494,0.36149,47768.3
1788134400,0.36034,0.36897,0.36034,0.36727,23778.6
1788148800,0.36721,0.3799,0.36161,0.36853,946655.3
1788163200,0.36857,0.37123,0.35698,0.36531,575871.9
1788177600,0.36502,0.36736,0.36181,0.36591,111300.8
1788192000,0.36544,0.36689,0.36297,0.3651,30912.3
1788206400,0.36514,0.36832,0.36512,0.36566,69928.3
1788220800,0.36539,0.36972,0.3653,0.36827,18803.6
1788235200,0.36822,0.36986,0.36695,0.36732,20566.7
1788249600,0.36722,0.36736,0.36172,0.36636,23673.4
1788264000,0.36608,0.36874,0.36327,0.36613,39588.3
1788278400,0.36583,0.36588,0.35804,0.36252,34917.4
1788292800,0.36203,0.3625,0.35694,0.35928,36289.2
1788307200,0.35925,0.3626,0.35648,0.36108,17153.4
1788321600,0.3613,0.36532,0.3595,0.36248,43596.9
1788336000,0.36251,0.3642,0.35536,0.35954,30814.0
1788350400,0.35947,0.36133,0.35693,0.35917,21260.4
1788364800,0.35899,0.36061,0.35775,0.35901,18495.2
1788379200,0.35895,0.35959,0.35667,0.35872,22786.8
1788393600,0.35854,0.36212,0.35713,0.36164,30959.4
1788408000,0.36149,0.36999,0.36007,0.3637,122141.1
1788422400,0.36405,0.36896,0.3618,0.36291,176024.0
1788436800,0.36298,0.3769,0.36139,0.37167,1044378.9
1788451200,0.37124,0.37224,0.36855,0.3718,578570.6
1788465600,0.37109,0.37295,0.36907,0.3718,23190.9
1788480000,0.37162,0.37984,0.37133,0.37723,61794.7
1788494400,0.37708,0.38167,0.36958,0.37067,24977.0
1788508800,0.37059,0.37558,0.3698,0.37516,27943.9
1788523200,0.37496,0.37593,0.36616,0.37365,37475.3
1788537600,0.37298,0.37487,0.37204,0.37339,20536.8
1788552000,0.37361,0.3774,0.37252,0.37717,15890.2
1788566400,0.37706,0.38161,0.3763,0.38149,36519.0
1788580800,0.38163,0.39118,0.37993,0.39056,49263.4
1788595200,0.3911,0.39391,0.38971,0.39249,23534.1
1788609600,0.39202,0.39267,0.38722,0.39032,28951.5
1788624000,0.39009,0.39163,0.38807,0.39034,26105.7
1788638400,0.39039,0.40888,0.38938,0.39188,118063.7
1788652800,0.3919,0.40029,0.39086,0.39973,27709.0
1788667200,0.40001,0.40203,0.39296,0.39451,39397.2
1788681600,0.39429,0.40175,0.39389,0.40049,21953.5
1788696000,0.40065,0.40065,0.39276,0.39586,26533.6
1788710400,0.39563,0.39661,0.39291,0.39412,18510.0
1788724800,0.39377,0.39766,0.39279,0.3969,17054.1
1788739200,0.39711,0.39803,0.39211,0.39513,25279.1
1788753600,0.39477,0.39851,0.39074,0.39249,31805.0
1788768000,0.39251,0.39596,0.39249,0.39595,21709.7
1788782400,0.39698,0.39744,0.38609,0.38753,26445.9
1788796800,0.38773,0.3931,0.38773,0.39171,31419.1
1788811200,0.39171,0.39208,0.38691,0.38892,17640.3
1788825600,0.38884,0.39269,0.38672,0.38997,18963.7
1788840000,0.38991,0.39118,0.38755,0.39013,17397.1
1788854400,0.38966,0.39864,0.37802,0.38533,3727277.6000000001
1788868800,0.38551,0.38937,0.37977,0.38913,76806.4
1788883200,0.3892,0.39556,0.3779,0.38733,892716.9
1788897600,0.38745,0.38927,0.3857,0.38862,89987.8
1788912000,0.38839,0.39024,0.38592,0.38607,48397.4
1788926400,0.38594,0.3917,0.38588,0.39117,40353.7
1788940800,0.39083,0.39306,0.38622,0.38885,36023.2
1788955200,0.38853,0.39332,0.37931,0.38188,569938.1
1788969600,0.38166,0.3861,0.37449,0.37465,71013.4
1788984000,0.37564,0.38925,0.35988,0.37707,4073196.7000000002
1788998400,0.37748,0.37822,0.36872,0.37678,120863.5
1789012800,0.37686,0.38029,0.37446,0.37546,99323.5
1789027200,0.37563,0.38601,0.36167,0.36177,1547971.7
1789041600,0.36251,0.36321,0.35858,0.36015,84140.2
1789056000,0.36012,0.36121,0.35595,0.35877,27329.9
1789070400,0.35872,0.36006,0.35337,0.35337,18659.0
1789084800,0.35399,0.35825,0.35107,0.35576,79391.9
1789099200,0.35576,0.35876,0.35545,0.35637,53771.1
1789113600,0.35605,0.35825,0.35089,0.35358,27047.1
1789128000,0.35399,0.37771,0.3505,0.36988,138371.9
1789142400,0.37174,0.37384,0.36565,0.36936,47290.9
1789156800,0.36974,0.37348,0.3657,0.36903,24559.5
1789171200,0.36884,0.37974,0.36884,0.37846,26368.6
1789185600,0.37822,0.38291,0.37822,0.37861,35949.7
1789200000,0.3789,0.38061,0.37635,0.37935,27803.7
1789214400,0.37956,0.38151,0.37774,0.37873,64580.2
1789228800,0.37901,0.38776,0.37901,0.38569,71714.5
1789243200,0.38605,0.38799,0.37954,0.38558,67971.6
1789257600,0.38563,0.38868,0.38355,0.38639,40260.3
1789272000,0.38597,0.38834,0.37966,0.37997,36654.2
1789286400,0.37982,0.38081,0.37468,0.37624,37676.9
1789300800,0.37573,0.37923,0.37476,0.37538,23486.9
1789315200,0.37527,0.37642,0.37266,0.37517,26330.1
1789329600,0.37515,0.37644,0.36387,0.36593,32845.2
1789344000,0.36621,0.37278,0.36562,0.37108,31097.2
1789358400,0.37103,0.37505,0.36939,0.37265,41881.5
1789372800,0.37265,0.3733,0.36756,0.36807,40797.8
1789387200,0.36804,0.36919,0.36464,0.36692,20619.1
1789401600,0.36697,0.37143,0.36684,0.36807,16682.5
1789416000,0.36818,0.37195,0.36635,0.36692,18021.3
1789430400,0.36684,0.3699,0.36596,0.36794,16182.6
1789444800,0.36857,0.37021,0.35943,0.36033,30218.9
1789459200,0.35986,0.36162,0.3582,0.35987,22577.9
1789473600,0.36011,0.36249,0.35164,0.35648,26157.2
1789488000,0.35655,0.35925,0.34444,0.3526,66480.5
1789502400,0.35324,0.35351,0.34615,0.35099,31752.2
1789516800,0.35109,0.35423,0.34786,0.35086,32879.8
1789531200,0.35114,0.35323,0.34967,0.35075,26270.9
1789545600,0.35065,0.3517,0.34881,0.35095,24933.9
1789560000,0.35108,0.35117,0.34552,0.34625,25057.7
1789574400,0.34637,0.35269,0.34416,0.34968,30841.3
1789588800,0.34957,0.35675,0.34935,0.35646,23325.7
1789603200,0.35658,0.36089,0.35644,0.35795,35166.9
1789617600,0.3578,0.36262,0.35698,0.36072,22217.4
1789632000,0.36063,0.36514,0.35991,0.36487,57984.8
1789646400,0.36432,0.36779,0.36246,0.36779,22081.6
1789660800,0.36796,0.3715,0.36717,0.36902,20364.9
1789675200,0.36896,0.37119,0.36715,0.3711,28950.7
1789689600,0.37133,0.37771,0.37043,0.37721,41146.4
1789704000,0.37744,0.37926,0.37628,0.37864,16750.6
1789718400,0.37854,0.38399,0.37729,0.37973,27082.5
1789732800,0.37956,0.38579,0.37908,0.38531,14721.6
1789747200,0.38536,0.3878,0.38463,0.38678,22057.0
1789761600,0.38635,0.38858,0.38552,0.38645,29179.2
1789776000,0.38634,0.38804,0.38261,0.38503,35544.5
1789790400,0.3851,0.38708,0.38121,0.38606,30242.1
1789804800,0.38613,0.38927,0.38606,0.38895,21987.5
1789819200,0.38934,0.39242,0.38733,0.39054,24203.4
1789833600,0.39105,0.39534,0.3899,0.39105,28342.3
1789848000,0.39124,0.39138,0.38656,0.39019,22666.8
1789862400,0.39017,0.39189,0.37741,0.38229,39049.0
1789876800,0.38259,0.38396,0.37911,0.37911,17402.8
1789891200,0.37925,0.38076,0.37287,0.37491,23950.4
1789905600,0.3751,0.38959,0.37302,0.38818,110414.4
1789920000,0.38856,0.39086,0.38546,0.38637,92860.5
1789934400,0.38646,0.38899,0.38429,0.38768,31014.7
1789948800,0.38757,0.39544,0.38681,0.39444,33304.5
1789963200,0.39464,0.3969,0.39083,0.3924,27419.4
1789977600,0.39279,0.40169,0.39268,0.40046,33669.9
1789992000,0.40021,0.40343,0.39612,0.40017,44369.5
1790006400,0.39998,0.40326,0.39669,0.40144,17376.0
1790020800,0.40156,0.40484,0.39985,0.40484,23685.7
1790035200,0.40495,0.40677,0.39989,0.4065,22429.2
1790049600,0.4059,0.4067,0.40084,0.40594,15265.1
1790064000,0.40597,0.41069,0.39651,0.40066,53888.1
1790078400,0.40071,0.40926,0.39983,0.40803,29244.8
1790092800,0.40783,0.41609,0.40708,0.41373,20117.5
1790107200,0.41364,0.4203,0.41255,0.4179,16755.7
1790121600,0.4175,0.42076,0.41316,0.41998,20095.6
1790136000,0.4199,0.4246,0.41743,0.42256,62377.2
1790150400,0.42395,0.42837,0.41677,0.41915,37498.1
1790164800,0.41912,0.41947,0.39872,0.39906,34761.9
1790179200,0.39842,0.40186,0.39179,0.39228,22364.0
1790193600,0.39181,0.39205,0.38719,0.38867,37594.4
1790208000,0.38903,0.39518,0.38712,0.39223,18001.5
1790222400,0.3924,0.4056,0.39158,0.40003,582189.9
1790236800,0.40008,0.40008,0.38747,0.39378,30779.3
1790251200,0.39403,0.41352,0.39152,0.40999,140496.2
1790265600,0.40973,0.41258,0.40783,0.41073,46246.1
1790280000,0.41084,0.41193,0.40729,0.40815,36195.0
1790294400,0.40777,0.40917,0.40366,0.40504,18334.8
1790308800,0.40485,0.40822,0.40388,0.40652,21891.3
1790323200,0.40658,0.41042,0.40574,0.40743,59610.0
1790337600,0.40755,0.40757,0.39711,0.40356,24100.8
1790352000,0.4033,0.40996,0.4033,0.40986,21855.6
1790366400,0.40906,0.41457,0.40906,0.41417,25314.6
1790380800,0.41428,0.41658,0.41057,0.41077,18937.1
1790395200,0.41073,0.41953,0.4089,0.41848,41334.9
1790409600,0.41826,0.42904,0.41588,0.42434,19276.5
1790424000,0.42456,0.44106,0.42368,0.43514,92375.6
1790438400,0.43591,0.43624,0.4248,0.42483,43689.8
1790452800,0.42492,0.43022,0.419,0.42783,73729.4
1790467200,0.42738,0.43161,0.42352,0.42608,15333.6
1790481600,0.42437,0.43018,0.42257,0.43018,13989.5
1790496000,0.43049,0.43091,0.42687,0.42799,19399.9
1790510400,0.42835,0.42996,0.422,0.42685,17083.1
1790524800,0.42614,0.43287,0.42569,0.43112,15615.3
1790539200,0.43153,0.43614,0.42601,0.43275,24162.5
1790553600,0.43265,0.43479,0.41369,0.41629,31948.0
1790568000,0.41476,0.42065,0.40258,0.40391,36512.6
1790582400,0.40462,0.40836,0.40148,0.40813,50089.1
1790596800,0.40782,0.41544,0.40057,0.40551,35111.1
1790611200,0.40522,0.41063,0.40197,0.40268,23159.0
1790625600,0.40278,0.40901,0.40201,0.40896,18402.9
1790640000,0.40865,0.40941,0.39642,0.4012,17124.4
1790654400,0.40037,0.40961,0.39872,0.4091,23714.2
1790668800,0.40909,0.41727,0.4079,0.41727,24279.9
1790683200,0.41729,0.41822,0.41026,0.41073,28164.3
1790697600,0.41125,0.41162,0.40404,0.40796,14726.9
1790712000,0.40772,0.41112,0.40623,0.40767,16845.5
1790726400,0.40777,0.41428,0.40744,0.41165,24341.9
1790740800,0.41164,0.4171,0.40919,0.41424,22276.8
1790755200,0.41428,0.42629,0.41177,0.42239,46658.8
1790769600,0.42209,0.42358,0.41257,0.41672,50117.7
1790784000,0.41672,0.41817,0.40738,0.40871,19569.6
1790798400,0.40845,0.41269,0.40658,0.41253,16629.6
1790812800,0.41232,0.41695,0.41012,0.41668,21147.0
1790827200,0.41662,0.4167,0.40855,0.4102,18340.3
1790841600,0.41022,0.41023,0.40165,0.40631,32512.9
1790856000,0.40659,0.40659,0.39948,0.40416,54503.2
1790870400,0.40506,0.41093,0.4042,0.40833,30175.1
1790884800,0.40843,0.40889,0.4066,0.40842,18411.5
1790899200,0.40816,0.41198,0.40698,0.41074,19931.0
1790913600,0.41074,0.41511,0.40944,0.41459,34611.9
1790928000,0.41407,0.41647,0.41165,0.41357,26159.9
1790942400,0.41337,0.42496,0.40967,0.41326,110238.6
1790956800,0.41345,0.4145,0.38982,0.39767,104257.9
1790971200,0.39847,0.40364,0.39419,0.40327,19786.3
1790985600,0.403,0.40477,0.39862,0.40113,22866.7
1791000000,0.40073,0.40155,0.39585,0.39589,21658.6
1791014400,0.396,0.40313,0.39523,0.40177,19393.2
1791028800,0.40164,0.4022,0.39929,0.40155,23989.1
1791043200,0.40154,0.40191,0.40046,0.40128,16586.0
1791057600,0.40137,0.40335,0.40084,0.40325,17490.7
1791072000,0.40291,0.40392,0.4007,0.40328,16324.0
1791086400,0.40301,0.40723,0.40301,0.40622,13248.0
1791100800,0.40612,0.40706,0.40427,0.40444,8452.3
