t,o,h,l,c,v
1719100800,1.7424,1.8012,1.7339,1.7917,282390.0
1719115200,1.7923,1.8062,1.7486,1.7924,333552.0
1719129600,1.7923,1.7957,1.7288,1.7437,387208.0
1719144000,1.7438,1.7505,1.6446,1.6594,1228311.0
1719158400,1.659,1.659,1.5923,1.648,1175677.0
1719172800,1.6495,1.6495,1.576,1.5854,646660.0
1719187200,1.5928,1.6397,1.5764,1.6027,726846.0
1719201600,1.6076,1.6141,1.5195,1.558,3714825.0
1719216000,1.5616,1.6541,1.4719,1.6,5239472.0
1719230400,1.5979,1.7124,1.5979,1.6569,3787918.0
1719244800,1.6566,1.7193,1.606,1.6596,2656299.0
1719259200,1.6613,1.8601,1.6363,1.8286,1824911.0
1719273600,1.8258,1.952,1.8106,1.9046,3334852.0
1719288000,1.9047,1.9232,1.8592,1.8606,2943683.0
1719302400,1.8619,1.9414,1.8194,1.9205,966096.0
1719316800,1.9183,2.0364,1.9029,2.0261,1807392.0
1719331200,2.0248,2.0864,1.9665,2.0686,3488609.0
1719345600,2.0699,2.0873,2.0236,2.0412,455570.0
1719360000,2.0412,2.1619,2.0163,2.0707,834400.0
1719374400,2.0716,2.0757,1.995,2.0426,726951.0
1719388800,2.0424,2.048,1.9714,1.9927,674230.0
1719403200,1.9973,2.0653,1.9934,2.0152,1735623.0
1719417600,2.0167,2.0254,1.9111,1.9851,1202123.0
1719432000,1.9849,2.0413,1.9716,2.0063,388276.0
1719446400,2.009,2.0528,1.9886,2.0306,341011.0
1719460800,2.031,2.05,1.983,2.0442,971005.0
1719475200,2.0512,2.0797,1.9892,1.9904,440541.0
1719489600,1.988,2.2617,1.968,2.1261,4328205.0
1719504000,2.1285,2.1409,2.0647,2.0855,872444.0
1719518400,2.0872,2.1315,2.0749,2.118,749296.0
1719532800,2.1142,2.1512,2.0666,2.1114,465727.0
1719547200,2.1068,2.1121,2.0356,2.0506,670576.0
1719561600,2.0498,2.0633,2.0271,2.0319,332591.0
1719576000,2.0316,2.077,1.9779,2.0422,1632287.0
1719590400,2.043,2.0435,1.917,1.9236,2360607.0
1719604800,1.9248,1.9889,1.8971,1.9858,587912.0
1719619200,1.9835,2.095,1.9835,2.0788,643946.0
1719633600,2.0806,2.0992,2.055,2.0855,318682.0
1719648000,2.0916,2.1338,2.0817,2.1175,133470.0
1719662400,2.1188,2.1692,2.108,2.1681,1065057.0
1719676800,2.1683,2.178,2.1227,2.133,609466.0
1719691200,2.1298,2.1437,2.0798,2.0918,623867.0
1719705600,2.0918,2.1085,2.0035,2.0134,474918.0
1719720000,2.0113,2.05,1.92,2.0445,2020919.0
1719734400,2.0466,2.0906,1.9925,2.0364,585395.0
1719748800,2.0379,2.0568,1.9874,2.0471,397971.0
1719763200,2.0488,2.1311,2.0193,2.1114,363119.0
1719777600,2.1116,2.2191,2.07,2.1993,915960.0
1719792000,2.2017,2.3006,2.177,2.2906,1189951.0
1719806400,2.2827,2.3486,2.2742,2.304,771505.0
1719820800,2.3056,2.3062,2.1673,2.1873,1344539.0
1719835200,2.1851,2.297,2.1851,2.297,1118440.0
1719849600,2.2959,2.3564,2.2685,2.3113,898995.0
1719864000,2.3094,2.3437,2.2531,2.2725,512638.0
1719878400,2.2722,2.3708,2.2535,2.3205,425282.0
1719892800,2.3198,2.3342,2.2396,2.2487,674975.0
1719907200,2.2507,2.2695,2.2274,2.2456,250068.0
1719921600,2.2458,2.2633,2.1752,2.1948,1259292.0
1719936000,2.2016,2.2308,2.1592,2.2017,933311.0
1719950400,2.2031,2.2459,2.1741,2.2091,1020063.0
1719964800,2.2082,2.2083,2.0467,2.0803,1310643.0
1719979200,2.0803,2.084,2.0249,2.0323,510761.0
1719993600,2.0305,2.0713,1.9592,1.9936,1753532.0
1720008000,1.9909,1.9909,1.9112,1.919,3039747.0
1720022400,1.9192,1.9581,1.8315,1.8427,613255.0
1720036800,1.8419,1.8698,1.7932,1.8092,2337203.0
1720051200,1.8096,1.8608,1.711,1.8402,3842463.0
1720065600,1.8416,1.8582,1.7726,1.7842,1339550.0
1720080000,1.7845,1.83,1.7516,1.7838,2699296.0
1720094400,1.7834,1.8365,1.7517,1.831,917043.0
1720108800,1.83,1.8954,1.7923,1.8471,742318.0
1720123200,1.8471,1.8884,1.7053,1.7266,755348.0
1720137600,1.7282,1.7371,1.4903,1.5239,5924350.0
1720152000,1.5236,1.6561,1.499,1.6184,3806424.0
1720166400,1.6172,1.7381,1.546,1.7279,1485615.0
1720180800,1.7236,1.9343,1.6907,1.9285,1954073.0
1720195200,1.9311,1.986,1.8934,1.9349,4166115.0
1720209600,1.9369,1.9625,1.9162,1.9203,718188.0
1720224000,1.921,2.0079,1.8789,1.9309,1057227.0
1720238400,1.9294,2.0101,1.884,1.9854,853851.0
1720252800,1.9835,2.0499,1.9465,1.9574,1070433.0
1720267200,1.9574,2.0379,1.9234,2.0217,1682883.0
1720281600,2.0243,2.063,1.9881,1.999,1347317.0
1720296000,2.0004,2.0361,1.9974,2.0061,351816.0
1720310400,2.0091,2.0155,1.823,1.8654,1437482.0
1720324800,1.8661,1.8772,1.8149,1.8451,557771.0
1720339200,1.8476,1.887,1.8379,1.8588,273221.0
1720353600,1.8543,1.8824,1.744,1.7926,962553.0
1720368000,1.7928,1.8327,1.768,1.7824,605953.0
1720382400,1.7816,1.7918,1.6484,1.6666,1019231.0
1720396800,1.6674,1.6828,1.5577,1.6233,2100551.0
1720411200,1.6219,1.6937,1.614,1.6734,2982273.0
1720425600,1.6708,1.8172,1.6637,1.7213,2162404.0
1720440000,1.7234,1.7695,1.6203,1.6583,3720039.0
1720454400,1.659,1.7048,1.6293,1.699,723562.0
1720468800,1.6976,1.7247,1.6579,1.6579,355281.0
1720483200,1.6567,1.7214,1.6135,1.7161,913673.0
1720497600,1.718,1.7506,1.6972,1.7118,862212.0
1720512000,1.7106,1.7465,1.6717,1.6901,778895.0
1720526400,1.6892,1.747,1.6568,1.6994,1575495.0
1720540800,1.6965,1.7261,1.6731,1.712,1622808.0
1720555200,1.7109,1.7281,1.6727,1.7032,558031.0
1720569600,1.7047,1.7231,1.6509,1.722,1015689.0
1720584000,1.7219,1.7823,1.7033,1.7206,1185897.0
1720598400,1.721,1.7219,1.6637,1.6831,410926.0
1720612800,1.6824,1.6956,1.6479,1.6753,1171180.0
1720627200,1.6739,1.6993,1.6323,1.6407,559759.0
1720641600,1.638,1.6576,1.6048,1.6492,381286.0
1720656000,1.6461,1.6939,1.6119,1.6339,782603.0
1720670400,1.6339,1.685,1.6279,1.6804,227963.0
1720684800,1.6814,1.6947,1.6597,1.6825,567104.0
1720699200,1.6836,1.7325,1.5828,1.5993,1941330.0
1720713600,1.5995,1.5995,1.5303,1.5423,1148417.0
1720728000,1.5403,1.5459,1.4963,1.5426,1363548.0
1720742400,1.5408,1.6093,1.5291,1.6,1055839.0
1720756800,1.6016,1.6042,1.5526,1.5699,626925.0
1720771200,1.5692,1.5747,1.5366,1.5622,549155.0
1720785600,1.562,1.5989,1.525,1.5783,1002479.0
1720800000,1.579,1.6239,1.5601,1.5716,2084106.0
1720814400,1.5713,1.5726,1.5459,1.5661,547224.0
1720828800,1.5662,1.6164,1.5657,1.602,206002.0
1720843200,1.6012,1.6311,1.5822,1.5951,597853.0
1720857600,1.5942,1.6167,1.5726,1.591,330162.0
1720872000,1.5934,1.6099,1.583,1.6091,536858.0
1720886400,1.6105,1.6145,1.5782,1.5841,503438.0
1720900800,1.5833,1.6416,1.5655,1.6043,557628.0
1720915200,1.6036,1.6776,1.6024,1.644,572582.0
1720929600,1.643,1.7046,1.6385,1.6937,902190.0
1720944000,1.692,1.7632,1.692,1.7276,450964.0
1720958400,1.7279,1.7284,1.6634,1.7003,150791.0
1720972800,1.6999,1.7017,1.6694,1.6725,482486.0
1720987200,1.6717,1.758,1.6663,1.7333,507676.0
1721001600,1.7321,1.7965,1.7272,1.7691,628060.0
1721016000,1.769,1.8474,1.7553,1.8374,812096.0
1721030400,1.8379,1.8492,1.7734,1.7767,306554.0
1721044800,1.7764,1.8452,1.7764,1.8366,968310.0
1721059200,1.8351,1.9921,1.8162,1.9831,1811295.0
1721073600,1.9812,2.1766,1.9748,2.1605,1832018.0
1721088000,2.1616,2.2436,2.1396,2.2429,2272033.0
1721102400,2.2382,2.2607,2.1148,2.1235,1342578.0
1721116800,2.1238,2.2343,2.065,2.192,1078335.0
1721131200,2.193,2.3,2.1624,2.2917,1847058.0
1721145600,2.2917,2.3047,2.1448,2.1804,2186206.0
1721160000,2.1809,2.2201,2.138,2.205,1341417.0
1721174400,2.2038,2.3019,2.1957,2.2442,1049719.0
1721188800,2.2452,2.2781,2.2044,2.2044,459406.0
1721203200,2.2028,2.2222,2.1362,2.173,1042084.0
1721217600,2.1728,2.2076,2.1455,2.1552,1165565.0
1721232000,2.1524,2.189,2.0852,2.1772,1005193.0
1721246400,2.179,2.2116,2.1563,2.1708,1224376.0
1721260800,2.1715,2.2822,2.1715,2.2501,780616.0
1721275200,2.247,2.3088,2.1943,2.2484,602043.0
1721289600,2.2498,2.4671,2.2388,2.4627,1975808.0
1721304000,2.4627,2.4998,2.3142,2.3336,1929365.0
1721318400,2.3312,2.3696,2.2794,2.3324,1703735.0
1721332800,2.333,2.473,2.3248,2.4401,711200.0
1721347200,2.4411,2.4411,2.3135,2.43,1049498.0
1721361600,2.4299,2.5393,2.3859,2.4046,1880328.0
1721376000,2.4036,2.4491,2.3579,2.4068,982318.0
1721390400,2.4081,2.5222,2.3908,2.5149,1877962.0
1721404800,2.5135,2.587,2.4753,2.5697,1026341.0
1721419200,2.5655,2.5806,2.5188,2.5484,264530.0
1721433600,2.5482,2.5629,2.4999,2.5066,562496.0
1721448000,2.5065,2.5488,2.4928,2.5031,378130.0
1721462400,2.503,2.517,2.4613,2.5024,718952.0
1721476800,2.5043,2.5986,2.4834,2.5985,777003.0
1721491200,2.5988,2.6808,2.5988,2.6148,1140558.0
1721505600,2.6144,2.6521,2.5877,2.6402,173088.0
1721520000,2.641,2.6718,2.5822,2.5849,154772.0
1721534400,2.5804,2.5952,2.5233,2.5394,617973.0
1721548800,2.5395,2.5627,2.5144,2.5403,392647.0
1721563200,2.5383,2.5863,2.5193,2.5601,1958676.0
1721577600,2.5597,2.615,2.4049,2.5899,3016141.0
1721592000,2.5878,2.8456,2.5873,2.8245,1985991.0
1721606400,2.8234,2.8498,2.7822,2.8168,866633.0
1721620800,2.8139,2.8233,2.7051,2.7172,867698.0
1721635200,2.7161,2.8452,2.7086,2.8354,445717.0
1721649600,2.8358,2.877,2.7368,2.7922,1072000.0
1721664000,2.7866,2.8975,2.7702,2.8747,1137165.0
1721678400,2.8739,2.8761,2.6765,2.7391,1594111.0
1721692800,2.7403,2.764,2.6723,2.6813,381197.0
1721707200,2.6819,2.6892,2.5873,2.6339,961370.0
1721721600,2.6389,2.6586,2.5112,2.5495,638159.0
1721736000,2.549,2.6851,2.5067,2.6473,1189014.0
1721750400,2.6456,2.7458,2.5087,2.5308,1393117.0
1721764800,2.5363,2.6205,2.5241,2.5544,828969.0
1721779200,2.556,2.6666,2.556,2.6384,649841.0
1721793600,2.64,2.6428,2.5747,2.614,288969.0
1721808000,2.614,2.6578,2.5546,2.5983,320350.0
1721822400,2.5986,2.6836,2.5387,2.571,994958.0
1721836800,2.5739,2.6775,2.5456,2.5683,1271378.0
1721851200,2.5692,2.62,2.4545,2.4982,1386972.0
1721865600,2.4978,2.5618,2.4308,2.4831,1558998.0
1721880000,2.48,2.5528,2.4587,2.5262,1081328.0
1721894400,2.528,2.583,2.4673,2.4764,727056.0
1721908800,2.4783,2.5577,2.368,2.5385,2268750.0
1721923200,2.537,2.551,2.3653,2.3786,1683910.0
1721937600,2.38,2.528,2.3201,2.5147,2102694.0
1721952000,2.5157,2.6282,2.5066,2.5712,849260.0
1721966400,2.5661,2.601,2.551,2.5694,329830.0
1721980800,2.5662,2.656,2.5655,2.6421,239446.0
1721995200,2.6459,2.647,2.5571,2.6167,451665.0
1722009600,2.6135,2.6489,2.5872,2.6293,412504.0
1722024000,2.6292,2.6761,2.5956,2.669,623849.0
1722038400,2.6672,2.6672,2.5776,2.5838,131883.0
1722052800,2.5832,2.6273,2.5704,2.6077,130154.0
1722067200,2.6084,2.693,2.6059,2.6416,217866.0
1722081600,2.645,2.7036,2.5431,2.5665,694708.0
1722096000,2.5636,2.5729,2.422,2.4667,811705.0
1722110400,2.4612,2.5829,2.4115,2.4853,982539.0
1722124800,2.4871,2.5083,2.4473,2.4741,894341.0
1722139200,2.473,2.478,2.4291,2.4753,157411.0
1722153600,2.4735,2.4979,2.448,2.453,50935.0
1722168000,2.4524,2.4536,2.4128,2.4262,490302.0
1722182400,2.4256,2.4618,2.4188,2.4298,315647.0
1722196800,2.4297,2.4372,2.3857,2.4119,397343.0
1722211200,2.4118,2.5518,2.4087,2.5129,614174.0
1722225600,2.5132,2.5711,2.5007,2.5476,1239285.0
1722240000,2.5489,2.5696,2.505,2.5178,546931.0
1722254400,2.518,2.554,2.3928,2.4115,1895230.0
1722268800,2.4088,2.4338,2.3597,2.4225,1608372.0
1722283200,2.4208,2.4278,2.2822,2.2841,1501158.0
1722297600,2.2857,2.3518,2.275,2.346,981056.0
1722312000,2.3448,2.3893,2.3401,2.3816,359362.0
1722326400,2.3787,2.39,2.3384,2.3401,243310.0
1722340800,2.3384,2.3646,2.3038,2.3532,667022.0
1722355200,2.3535,2.3562,2.2606,2.2874,449416.0
1722369600,2.2859,2.3142,2.2516,2.2885,547864.0
1722384000,2.2896,2.34,2.266,2.3142,394970.0
1722398400,2.3147,2.3363,2.2606,2.3118,768434.0
1722412800,2.3119,2.3177,2.2665,2.2909,491022.0
1722427200,2.29,2.3538,2.2837,2.2852,367695.0
1722441600,2.2861,2.3345,2.1957,2.2059,1334672.0
1722456000,2.1988,2.2134,2.1465,2.1779,720897.0
1722470400,2.1774,2.1935,2.0831,2.0876,701487.0
1722484800,2.091,2.107,1.9816,2.0071,764208.0
1722499200,2.0085,2.0238,1.9452,1.9822,618839.0
1722513600,1.9873,2.0419,1.9011,1.9255,2677736.0
1722528000,1.9259,1.9346,1.8222,1.8797,2110538.0
1722542400,1.88,2.0026,1.8618,1.961,827103.0
1722556800,1.959,1.983,1.8843,1.9322,881731.0
1722571200,1.9315,1.9408,1.8342,1.8703,934029.0
1722585600,1.8687,1.9212,1.8547,1.8944,1380226.0
1722600000,1.8915,1.9585,1.7596,1.8329,3079534.0
1722614400,1.8309,1.8713,1.7775,1.7865,1376564.0
1722628800,1.7896,1.8313,1.6452,1.6626,2314386.0
1722643200,1.6637,1.6928,1.6,1.692,950302.0
1722657600,1.6871,1.7176,1.6715,1.6883,291893.0
1722672000,1.6878,1.7156,1.6784,1.7073,371762.0
1722686400,1.7078,1.7362,1.6438,1.6514,645632.0
1722700800,1.6484,1.6705,1.5505,1.5511,2242940.0
1722715200,1.5508,1.6181,1.537,1.5965,1734381.0
1722729600,1.5956,1.6326,1.5723,1.6018,828801.0
1722744000,1.6011,1.6077,1.5325,1.5353,463509.0
1722758400,1.5363,1.61,1.5233,1.5946,574560.0
1722772800,1.5935,1.6252,1.4989,1.5042,2348180.0
1722787200,1.5063,1.5316,1.3507,1.5036,5464860.0
1722801600,1.5011,1.5301,1.4335,1.4385,1827768.0
1722816000,1.4379,1.471,1.2071,1.2733,7860189.0
1722830400,1.2733,1.3012,1.065,1.2342,8279462.0
1722844800,1.2331,1.2356,1.0774,1.1229,4807641.0
1722859200,1.1266,1.3573,1.1199,1.3184,8416773.0
1722873600,1.3166,1.386,1.2669,1.2897,2464407.0
1722888000,1.294,1.3198,1.2598,1.2598,1010711.0
1722902400,1.2577,1.407,1.2574,1.3736,2430103.0
1722916800,1.372,1.458,1.3576,1.4302,2818012.0
1722931200,1.4289,1.4289,1.3528,1.3812,824815.0
1722945600,1.3795,1.4578,1.3494,1.4277,2228553.0
1722960000,1.4327,1.46,1.4014,1.419,1175359.0
1722974400,1.4188,1.4748,1.4076,1.4163,901474.0
1722988800,1.4159,1.5836,1.3709,1.5836,2676370.0
1723003200,1.5808,1.7274,1.5644,1.6996,3267133.0
1723017600,1.7001,1.7792,1.6949,1.7282,5177194.0
1723032000,1.7275,1.7739,1.6146,1.6457,7631096.0
1723046400,1.6453,1.6494,1.5458,1.5682,3084921.0
1723060800,1.567,1.6347,1.5592,1.6067,2869373.0
1723075200,1.6035,1.7681,1.5491,1.6864,3224671.0
1723089600,1.6863,1.7157,1.6559,1.6743,1249969.0
1723104000,1.6749,1.7175,1.6633,1.6992,452398.0
1723118400,1.7013,1.7853,1.6582,1.7171,5217419.0
1723132800,1.7167,1.751,1.6656,1.6738,2684845.0
1723147200,1.6745,1.9449,1.672,1.9139,3813720.0
1723161600,1.9137,1.9588,1.8241,1.8432,2206738.0
1723176000,1.844,1.8653,1.7839,1.8503,919342.0
1723190400,1.8532,1.8836,1.8264,1.8488,459573.0
1723204800,1.8467,1.8779,1.7698,1.77,1858481.0
1723219200,1.77,1.8225,1.7628,1.8026,1220043.0
1723233600,1.8026,1.8314,1.7667,1.8197,1731783.0
1723248000,1.8192,1.8596,1.768,1.7808,520752.0
1723262400,1.7813,1.8193,1.7647,1.8193,317946.0
1723276800,1.8168,1.8328,1.797,1.8256,962180.0
1723291200,1.8246,1.8269,1.7726,1.7909,1403491.0
1723305600,1.7889,1.801,1.7738,1.7936,270772.0
1723320000,1.795,1.8498,1.7913,1.8157,523929.0
1723334400,1.8154,1.8937,1.7959,1.8495,830706.0
1723348800,1.8518,1.8596,1.8216,1.8437,226280.0
1723363200,1.8448,1.8744,1.7955,1.8046,984253.0
1723377600,1.8022,1.8051,1.7052,1.7095,1346196.0
1723392000,1.7108,1.7367,1.672,1.672,1002066.0
1723406400,1.6723,1.6814,1.624,1.6276,1728337.0
1723420800,1.6273,1.6784,1.6247,1.656,803065.0
1723435200,1.6587,1.7402,1.6264,1.7238,1713240.0
1723449600,1.7219,1.8223,1.7028,1.8137,1552214.0
1723464000,1.8136,1.8138,1.687,1.7482,3712675.0
1723478400,1.7478,1.7624,1.6782,1.7,1045133.0
1723492800,1.7019,1.7534,1.6716,1.7267,1501133.0
1723507200,1.7269,1.7494,1.6506,1.6584,1558880.0
1723521600,1.6577,1.6944,1.6438,1.6696,1616491.0
1723536000,1.6674,1.6749,1.6423,1.659,1221820.0
1723550400,1.6605,1.693,1.6499,1.6593,1796649.0
1723564800,1.6594,1.7469,1.6591,1.693,1038491.0
1723579200,1.6911,1.7213,1.6868,1.7016,900133.0
1723593600,1.7,1.7156,1.6705,1.6851,1298949.0
1723608000,1.6853,1.6931,1.6611,1.6837,104061.0
1723622400,1.6839,1.7087,1.6653,1.6899,617371.0
1723636800,1.6918,1.7486,1.5729,1.61,1956353.0
1723651200,1.6096,1.6198,1.5616,1.5715,476917.0
1723665600,1.5696,1.5924,1.5601,1.5736,245629.0
1723680000,1.5727,1.5966,1.5617,1.5712,141893.0
1723694400,1.5738,1.5749,1.5149,1.5365,781983.0
1723708800,1.5348,1.5655,1.5254,1.5533,438463.0
1723723200,1.555,1.6019,1.5492,1.5679,640617.0
1723737600,1.5653,1.5787,1.4313,1.4682,1920378.0
1723752000,1.469,1.4902,1.4261,1.4761,1411857.0
1723766400,1.4751,1.5042,1.45,1.4667,731171.0
1723780800,1.4667,1.4989,1.4633,1.4877,217310.0
1723795200,1.4902,1.4945,1.4367,1.4405,221638.0
1723809600,1.4424,1.4516,1.342,1.3675,2410220.0
1723824000,1.3654,1.4165,1.35,1.4041,1424869.0
1723838400,1.4042,1.4297,1.3879,1.3913,1452678.0
1723852800,1.3901,1.4265,1.3791,1.4017,468136.0
1723867200,1.4029,1.4139,1.3874,1.3935,560648.0
1723881600,1.3925,1.4058,1.3607,1.3702,459676.0
1723896000,1.3702,1.4591,1.3658,1.4145,597498.0
1723910400,1.4133,1.4392,1.3934,1.4027,742524.0
1723924800,1.4032,1.449,1.3999,1.4195,734452.0
1723939200,1.4194,1.4444,1.3985,1.3989,284596.0
1723953600,1.3992,1.422,1.3845,1.3899,239553.0
1723968000,1.3906,1.4429,1.3881,1.4346,544848.0
1723982400,1.4342,1.4489,1.4211,1.442,726489.0
1723996800,1.4389,1.4775,1.421,1.4589,912431.0
1724011200,1.4595,1.4672,1.3873,1.3914,686487.0
1724025600,1.3906,1.3907,1.3462,1.3837,626402.0
1724040000,1.3833,1.3834,1.3574,1.3668,555691.0
1724054400,1.3675,1.3839,1.3266,1.3522,348864.0
1724068800,1.3516,1.3954,1.3488,1.3833,1329868.0
1724083200,1.3807,1.432,1.3684,1.4249,1264419.0
1724097600,1.4203,1.4437,1.4121,1.4368,966663.0
1724112000,1.4351,1.4801,1.4155,1.4524,1363042.0
1724126400,1.4552,1.619,1.4521,1.6127,1713048.0
1724140800,1.6101,1.618,1.5616,1.5742,1025222.0
1724155200,1.5688,1.5965,1.5097,1.5287,2455448.0
1724169600,1.527,1.5549,1.5141,1.5457,1422254.0
1724184000,1.5472,1.5681,1.5267,1.5533,825534.0
1724198400,1.5546,1.5755,1.52,1.5329,954293.0
1724212800,1.5364,1.5724,1.5287,1.5644,573804.0
1724227200,1.5614,1.5677,1.5222,1.5233,432476.0
1724241600,1.5235,1.5314,1.4701,1.4852,1486168.0
1724256000,1.4848,1.5981,1.48,1.5981,3111180.0
1724270400,1.5976,1.6087,1.5519,1.5607,1588720.0
1724284800,1.5623,1.5689,1.5274,1.5522,454381.0
1724299200,1.553,1.605,1.5519,1.5922,612838.0
1724313600,1.5913,1.657,1.5829,1.6412,1159855.0
1724328000,1.6404,1.656,1.6022,1.6102,1040556.0
1724342400,1.6098,1.6451,1.606,1.606,639838.0
1724356800,1.606,1.6333,1.606,1.6187,419454.0
1724371200,1.62,1.6473,1.605,1.6061,494910.0
1724385600,1.6069,1.6476,1.6033,1.6313,663312.0
1724400000,1.6296,1.6479,1.5914,1.5937,654915.0
1724414400,1.5946,1.7169,1.5946,1.6334,1949578.0
1724428800,1.6335,1.7684,1.6266,1.7548,1235329.0
1724443200,1.755,1.888,1.755,1.8417,2097305.0
1724457600,1.8465,1.8509,1.7879,1.8335,563180.0
1724472000,1.8332,1.9145,1.8294,1.8924,517170.0
1724486400,1.89,1.951,1.8691,1.9055,408796.0
1724500800,1.9053,1.9632,1.888,1.9441,1565645.0
1724515200,1.944,2.0354,1.9405,1.9758,1897797.0
1724529600,1.9762,1.9938,1.914,1.969,1025071.0
1724544000,1.9688,1.9709,1.8864,1.9303,624250.0
1724558400,1.9298,1.9488,1.8444,1.8705,1321978.0
1724572800,1.87,1.9192,1.855,1.8837,837817.0
1724587200,1.8837,1.9411,1.8837,1.9004,668211.0
1724601600,1.9007,1.915,1.8901,1.912,303183.0
1724616000,1.9145,1.9455,1.898,1.9058,569004.0
1724630400,1.9044,1.9324,1.8317,1.867,661237.0
1724644800,1.8696,1.8893,1.8261,1.8583,1082298.0
1724659200,1.8577,1.9468,1.8571,1.9124,419466.0
1724673600,1.916,1.9301,1.8372,1.8443,895786.0
1724688000,1.8436,1.861,1.78,1.7878,843688.0
1724702400,1.7891,1.806,1.765,1.7695,523609.0
1724716800,1.7693,1.8142,1.7689,1.8053,1098489.0
1724731200,1.8047,1.8238,1.7596,1.7738,740104.0
1724745600,1.7738,1.7813,1.7041,1.7141,713130.0
1724760000,1.715,1.7353,1.656,1.7032,1184712.0
1724774400,1.7019,1.7296,1.6856,1.6887,735828.0
1724788800,1.6853,1.6881,1.5496,1.5719,2563008.0
1724803200,1.5716,1.5921,1.52,1.5917,1326160.0
1724817600,1.5904,1.5972,1.5501,1.5533,1165413.0
1724832000,1.5533,1.6568,1.5378,1.6077,903063.0
1724846400,1.6053,1.6292,1.5429,1.5585,1230453.0
1724860800,1.5578,1.6126,1.4802,1.5738,1882143.0
1724875200,1.574,1.6169,1.5485,1.5818,667009.0
1724889600,1.5829,1.6037,1.5645,1.573,369686.0
1724904000,1.5736,1.6111,1.5652,1.6015,364973.0
1724918400,1.6007,1.6401,1.5797,1.6148,711997.0
1724932800,1.6152,1.6887,1.599,1.6556,1149870.0
1724947200,1.6546,1.6822,1.5301,1.5508,1121224.0
1724961600,1.5505,1.5677,1.5225,1.5392,312375.0
1724976000,1.5376,1.5635,1.5274,1.5322,259428.0
1724990400,1.537,1.5519,1.511,1.5374,224795.0
1725004800,1.5376,1.5536,1.5267,1.5333,340791.0
1725019200,1.5332,1.5746,1.44,1.4484,1543682.0
1725033600,1.4482,1.5466,1.4385,1.5172,849478.0
1725048000,1.5201,1.5631,1.5167,1.5433,355115.0
1725062400,1.5441,1.5764,1.5427,1.5476,222226.0
1725076800,1.5485,1.5551,1.5261,1.5293,101167.0
1725091200,1.5305,1.5378,1.501,1.536,298590.0
1725105600,1.5363,1.553,1.5182,1.5292,85846.0
1725120000,1.5291,1.5291,1.5007,1.5092,158576.0
1725134400,1.5077,1.5298,1.5017,1.5171,227471.0
1725148800,1.5158,1.525,1.4773,1.5032,148012.0
1725163200,1.503,1.5076,1.4699,1.4943,269375.0
1725177600,1.4937,1.4952,1.4586,1.4777,244580.0
1725192000,1.4775,1.4895,1.4196,1.4806,595797.0
1725206400,1.4788,1.4975,1.4378,1.4827,717818.0
1725220800,1.483,1.497,1.381,1.3962,1271392.0
1725235200,1.3941,1.4311,1.3867,1.4222,556213.0
1725249600,1.4224,1.4324,1.3832,1.3944,332160.0
1725264000,1.3947,1.4772,1.3912,1.4584,900728.0
1725278400,1.458,1.499,1.4401,1.475,645036.0
1725292800,1.4757,1.5369,1.4638,1.4985,1046711.0
1725307200,1.4983,1.5574,1.4922,1.5401,658839.0
1725321600,1.5398,1.6361,1.5269,1.5887,1138644.0
1725336000,1.5913,1.5999,1.5682,1.5942,489900.0
1725350400,1.5937,1.6027,1.571,1.5921,286941.0
1725364800,1.5889,1.6116,1.495,1.5004,1660651.0
1725379200,1.4998,1.5501,1.4867,1.5163,1432182.0
1725393600,1.516,1.5278,1.4872,1.4911,604540.0
1725408000,1.4911,1.5151,1.419,1.5089,1426993.0
1725422400,1.5097,1.5443,1.4844,1.5255,842261.0
1725436800,1.5284,1.5319,1.4612,1.4809,472084.0
1725451200,1.485,1.6088,1.485,1.5969,1543890.0
1725465600,1.5947,1.634,1.5783,1.5997,806689.0
1725480000,1.6009,1.646,1.5859,1.6393,541677.0
1725494400,1.6351,1.6372,1.5562,1.5616,635677.0
1725508800,1.5567,1.6062,1.5535,1.5988,914674.0
1725523200,1.5971,1.6066,1.5757,1.5817,658149.0
1725537600,1.5816,1.6317,1.5303,1.5495,1803569.0
1725552000,1.5485,1.5606,1.5053,1.5085,859188.0
1725566400,1.5066,1.5367,1.5028,1.5306,380216.0
1725580800,1.5327,1.564,1.519,1.5448,687147.0
1725595200,1.5469,1.5509,1.4912,1.5143,523949.0
1725609600,1.5137,1.5385,1.5064,1.5301,403778.0
1725624000,1.5313,1.6051,1.4969,1.5285,3010176.0
1725638400,1.5288,1.5295,1.4528,1.4665,2019642.0
1725652800,1.4666,1.5008,1.3998,1.4906,1221897.0
1725667200,1.4874,1.5282,1.4779,1.4857,350762.0
1725681600,1.4878,1.5163,1.4838,1.5038,658051.0
1725696000,1.5028,1.5152,1.494,1.4989,147472.0
1725710400,1.5006,1.5338,1.4998,1.5266,364472.0
1725724800,1.5282,1.5287,1.4681,1.5005,950235.0
1725739200,1.5006,1.5017,1.4631,1.4778,139062.0
1725753600,1.4767,1.4979,1.4698,1.4959,390621.0
1725768000,1.4969,1.5228,1.4928,1.5172,312950.0
1725782400,1.5168,1.5457,1.5076,1.518,297113.0
1725796800,1.5183,1.5233,1.488,1.4895,750791.0
1725811200,1.4887,1.5146,1.4811,1.5042,398728.0
1725825600,1.5055,1.5908,1.5002,1.5686,1116579.0
1725840000,1.5748,1.588,1.5279,1.5336,877711.0
1725854400,1.532,1.5424,1.517,1.5397,472086.0
1725868800,1.5389,1.5686,1.5304,1.5402,370387.0
1725883200,1.5402,1.5615,1.5112,1.5576,2218533.0
1725897600,1.5576,1.6861,1.5571,1.6829,1742283.0
1725912000,1.6827,1.76,1.6483,1.6701,1426199.0
1725926400,1.6704,1.6865,1.6495,1.6515,313608.0
1725940800,1.6505,1.7181,1.643,1.7034,689400.0
1725955200,1.701,1.7167,1.6676,1.6823,577756.0
1725969600,1.6813,1.6833,1.6455,1.6472,858406.0
1725984000,1.6474,1.6792,1.624,1.6673,984451.0
1725998400,1.6669,1.6676,1.644,1.6473,401134.0
1726012800,1.648,1.649,1.5902,1.6051,720511.0
1726027200,1.6041,1.6041,1.5565,1.5704,719852.0
1726041600,1.5688,1.569,1.5314,1.5598,399849.0
1726056000,1.5598,1.5917,1.4967,1.5349,1427012.0
1726070400,1.5345,1.582,1.5323,1.5473,1040179.0
1726084800,1.5459,1.5576,1.536,1.5414,186211.0
1726099200,1.5435,1.5963,1.5402,1.5589,1066016.0
1726113600,1.5576,1.5739,1.5394,1.5539,781286.0
1726128000,1.5538,1.5582,1.5338,1.5406,248474.0
1726142400,1.5407,1.5673,1.5157,1.5175,964312.0
1726156800,1.5158,1.5582,1.5155,1.5581,947667.0
1726171200,1.5578,1.566,1.541,1.5605,935189.0
1726185600,1.5604,1.5762,1.5404,1.5421,560444.0
1726200000,1.5409,1.552,1.5285,1.5365,463833.0
1726214400,1.5363,1.5509,1.5257,1.5286,394621.0
1726228800,1.5271,1.6124,1.5067,1.5925,1319524.0
1726243200,1.5921,1.6259,1.5683,1.6075,1072655.0
1726257600,1.6093,1.6646,1.6093,1.636,809348.0
1726272000,1.6372,1.6454,1.6204,1.6314,317958.0
1726286400,1.6312,1.6464,1.6059,1.6095,751922.0
1726300800,1.6087,1.615,1.5727,1.5808,494135.0
1726315200,1.578,1.5959,1.5767,1.5816,268748.0
1726329600,1.5816,1.5895,1.5509,1.5592,434261.0
1726344000,1.5582,1.5747,1.5565,1.5672,182492.0
1726358400,1.5676,1.5981,1.5657,1.5813,224674.0
1726372800,1.5807,1.596,1.5753,1.596,123182.0
1726387200,1.5968,1.597,1.5589,1.567,287668.0
1726401600,1.5647,1.5887,1.5575,1.577,183034.0
1726416000,1.5771,1.5771,1.5257,1.5387,733106.0
1726430400,1.5378,1.5419,1.4834,1.5006,1204792.0
1726444800,1.5003,1.5039,1.4721,1.5017,583777.0
1726459200,1.5017,1.519,1.4957,1.5128,621602.0
1726473600,1.5122,1.5184,1.4854,1.4932,328618.0
1726488000,1.4922,1.5021,1.4529,1.4848,416276.0
1726502400,1.4861,1.5185,1.4707,1.4946,1340459.0
1726516800,1.4957,1.515,1.474,1.5086,1221394.0
1726531200,1.5082,1.5281,1.4911,1.5171,720201.0
1726545600,1.5168,1.5313,1.5043,1.5171,520663.0
1726560000,1.5198,1.537,1.5047,1.5253,269288.0
1726574400,1.5245,1.5812,1.5065,1.5572,1050291.0
1726588800,1.5619,1.566,1.507,1.523,751910.0
1726603200,1.5247,1.5409,1.5185,1.5371,403550.0
1726617600,1.5374,1.561,1.5116,1.5497,959605.0
1726632000,1.5516,1.5565,1.5309,1.5375,138023.0
1726646400,1.5365,1.5365,1.4828,1.497,771963.0
1726660800,1.4965,1.5101,1.4606,1.4637,449662.0
1726675200,1.4618,1.5552,1.4472,1.4882,2632556.0
1726689600,1.4884,1.622,1.475,1.6199,1014515.0
1726704000,1.6189,1.6934,1.5951,1.6796,3330099.0
1726718400,1.6807,1.7299,1.6528,1.7183,1958567.0
1726732800,1.7188,1.7375,1.6851,1.7338,300343.0
1726747200,1.734,1.76,1.7184,1.7234,1391866.0
1726761600,1.7252,1.8204,1.7252,1.7609,1653485.0
1726776000,1.7618,1.7798,1.726,1.7746,1257455.0
1726790400,1.7764,1.8,1.7291,1.7939,619572.0
1726804800,1.7893,1.9061,1.7846,1.8696,2601415.0
1726819200,1.8702,1.8702,1.7895,1.8006,830982.0
1726833600,1.7973,1.8193,1.7582,1.797,1238963.0
1726848000,1.7924,1.802,1.743,1.7693,623003.0
1726862400,1.7696,1.7938,1.7665,1.7802,205613.0
1726876800,1.7792,1.7856,1.7189,1.719,438971.0
1726891200,1.7188,1.727,1.6685,1.7261,536025.0
1726905600,1.7248,1.7291,1.6985,1.7091,167488.0
1726920000,1.711,1.7723,1.7059,1.7446,1014812.0
1726934400,1.744,1.7663,1.7358,1.7495,340269.0
1726948800,1.7461,1.7867,1.7352,1.7778,366570.0
1726963200,1.7771,1.7817,1.723,1.7324,466561.0
1726977600,1.7323,1.738,1.7091,1.7233,319629.0
1726992000,1.721,1.7339,1.6781,1.695,292004.0
1727006400,1.6948,1.7019,1.65,1.6625,192467.0
1727020800,1.6622,1.6925,1.6461,1.6835,275152.0
1727035200,1.6834,1.7203,1.6245,1.6933,751996.0
1727049600,1.6935,1.7911,1.6777,1.7718,1832606.0
1727064000,1.7738,1.7832,1.6978,1.7036,620446.0
1727078400,1.701,1.7289,1.6851,1.6984,358658.0
1727092800,1.6973,1.7486,1.6793,1.7465,964176.0
1727107200,1.7492,1.7671,1.7187,1.7459,1190767.0
1727121600,1.747,1.7638,1.7243,1.7449,2048078.0
1727136000,1.7457,1.7961,1.7031,1.78,2150561.0
1727150400,1.7812,1.837,1.7329,1.8343,1272955.0
1727164800,1.8331,1.9265,1.8282,1.922,3230537.0
1727179200,1.9221,1.9662,1.8793,1.9204,3627441.0
1727193600,1.9216,2.0429,1.9216,2.0033,2724568.0
1727208000,2.0029,2.0301,1.9776,1.9926,2927620.0
1727222400,1.9927,2.0815,1.9664,2.0603,4295850.0
1727236800,2.0581,2.0584,1.9684,1.9709,2106024.0
1727251200,1.9692,2.0029,1.9668,1.9993,819421.0
1727265600,1.9982,2.0911,1.9715,2.0166,3295101.0
1727280000,2.0187,2.141,2.0084,2.0988,4362235.0
1727294400,2.0981,2.1319,2.0088,2.0202,2600869.0
1727308800,2.0206,2.123,1.9855,2.1046,2965912.0
1727323200,2.103,2.1923,2.079,2.1769,1715885.0
1727337600,2.1769,2.2586,2.1687,2.2345,2231560.0
1727352000,2.2361,2.2822,2.1929,2.273,4293192.0
1727366400,2.2737,2.2966,2.1935,2.1969,2284717.0
1727380800,2.1995,2.2186,2.1657,2.2122,1372396.0
1727395200,2.2122,2.2786,2.189,2.2456,2252506.0
1727409600,2.2453,2.3633,2.2453,2.3229,2867413.0
1727424000,2.324,2.4299,2.3183,2.3419,2739104.0
1727438400,2.3406,2.4096,2.301,2.3421,3822399.0
1727452800,2.3367,2.3446,2.2585,2.2627,1801962.0
1727467200,2.266,2.3055,2.2608,2.2686,839187.0
1727481600,2.2712,2.3816,2.2694,2.3414,2335989.0
1727496000,2.3388,2.3388,2.2275,2.2332,1200832.0
1727510400,2.2331,2.3235,2.2177,2.3086,570005.0
1727524800,2.3094,2.3429,2.2712,2.3159,1420102.0
1727539200,2.314,2.3536,2.2949,2.3241,1016988.0
1727553600,2.3235,2.3782,2.2717,2.3723,1281768.0
1727568000,2.3711,2.4128,2.295,2.3901,1110919.0
1727582400,2.3902,2.3902,2.2856,2.288,916708.0
1727596800,2.2893,2.3051,2.2509,2.2878,1928791.0
1727611200,2.2885,2.3093,2.2578,2.2823,925369.0
1727625600,2.2824,2.4544,2.2608,2.4544,1179045.0
1727640000,2.457,2.5829,2.4371,2.455,4129272.0
1727654400,2.4548,2.496,2.3788,2.4691,2441600.0
1727668800,2.4689,2.4882,2.4057,2.4167,2076783.0
1727683200,2.4144,2.415,2.3336,2.3874,1702829.0
1727697600,2.3848,2.4822,2.3697,2.3884,2005913.0
1727712000,2.3885,2.5244,2.3882,2.4878,2214980.0
1727726400,2.49,2.64,2.4319,2.4656,2354057.0
1727740800,2.4608,2.5422,2.4325,2.5417,1810110.0
1727755200,2.5376,2.6007,2.519,2.5791,746332.0
1727769600,2.5787,2.5988,2.5305,2.56,1349446.0
1727784000,2.5603,2.5951,2.2636,2.402,5419267.0
1727798400,2.3999,2.4496,2.1575,2.2709,8357903.0
1727812800,2.2722,2.338,2.2151,2.3002,3702238.0
1727827200,2.3,2.3996,2.2554,2.3512,823564.0
1727841600,2.3509,2.4949,2.33,2.4536,1348184.0
1727856000,2.4538,2.4933,2.2802,2.2802,1963826.0
1727870400,2.2795,2.3271,2.1888,2.2772,2615452.0
1727884800,2.2744,2.3332,2.0975,2.1783,2982641.0
1727899200,2.178,2.2732,2.1465,2.2045,1109960.0
1727913600,2.2063,2.2951,2.193,2.2469,1699377.0
1727928000,2.2451,2.2451,2.1057,2.1104,1125230.0
1727942400,2.1119,2.1533,2.006,2.0829,2211018.0
1727956800,2.0863,2.1636,1.9814,2.0544,3667127.0
1727971200,2.0572,2.0817,1.9704,2.0792,2019222.0
1727985600,2.0795,2.0906,2.0037,2.0383,721179.0
1728000000,2.0384,2.122,2.0047,2.03,1121454.0
1728014400,2.0337,2.1806,2.0274,2.1491,1264713.0
1728028800,2.1485,2.1963,2.1276,2.1894,652819.0
1728043200,2.1889,2.2919,2.1356,2.2655,3294578.0
1728057600,2.2658,2.3403,2.2447,2.3194,1672053.0
1728072000,2.319,2.3625,2.2816,2.2903,734012.0
1728086400,2.2929,2.3541,2.2826,2.2834,734595.0
1728100800,2.2857,2.3886,2.2708,2.331,1318087.0
1728115200,2.3329,2.3735,2.3131,2.3343,434764.0
1728129600,2.3346,2.3596,2.2635,2.2945,1053284.0
1728144000,2.2933,2.2938,2.2324,2.2406,518547.0
1728158400,2.2397,2.2548,2.1908,2.2535,637609.0
1728172800,2.2536,2.2926,2.2341,2.2465,200012.0
1728187200,2.244,2.2585,2.2174,2.2303,162640.0
1728201600,2.2287,2.2841,2.2191,2.2763,217258.0
1728216000,2.2764,2.4448,2.2666,2.4127,1485456.0
1728230400,2.4168,2.4886,2.4049,2.4292,1909221.0
1728244800,2.4313,2.5857,2.4186,2.5671,1684865.0
1728259200,2.5627,2.7034,2.5425,2.6716,1737463.0
1728273600,2.6677,2.7315,2.6104,2.6668,1092621.0
1728288000,2.6663,2.7171,2.5869,2.6372,982237.0
1728302400,2.6374,2.8081,2.574,2.7107,3559067.0
1728316800,2.7076,2.7844,2.65,2.6903,2693642.0
1728331200,2.6979,2.7004,2.5271,2.5287,2717611.0
1728345600,2.5274,2.6027,2.5156,2.5823,1359170.0
1728360000,2.5861,2.5975,2.4516,2.4588,866994.0
1728374400,2.4539,2.521,2.4322,2.5093,876050.0
1728388800,2.5089,2.555,2.423,2.4775,2635596.0
1728403200,2.4718,2.5184,2.4254,2.4689,1542211.0
1728417600,2.4696,2.4991,2.4231,2.459,1037392.0
1728432000,2.4645,2.5632,2.4461,2.4699,1593068.0
1728446400,2.4688,2.5325,2.4384,2.5137,935107.0
1728460800,2.5133,2.5404,2.4796,2.5238,751636.0
1728475200,2.5239,2.526,2.3283,2.4391,3851562.0
1728489600,2.4347,2.4409,2.3327,2.3544,2584027.0
1728504000,2.3495,2.3591,2.3013,2.3227,1603557.0
1728518400,2.3226,2.3608,2.2914,2.3479,814807.0
1728532800,2.3464,2.388,2.33,2.352,604768.0
1728547200,2.3539,2.4317,2.2224,2.4259,1345079.0
1728561600,2.4311,2.4584,2.2574,2.3154,3749593.0
1728576000,2.3154,2.404,2.2348,2.3842,4456197.0
1728590400,2.382,2.4595,2.3754,2.4363,932535.0
1728604800,2.4352,2.5346,2.4186,2.4903,1192510.0
1728619200,2.4905,2.5777,2.469,2.5229,1058462.0
1728633600,2.5222,2.5378,2.4786,2.5255,791071.0
1728648000,2.526,2.7142,2.5203,2.6745,1947644.0
1728662400,2.6748,2.7893,2.6645,2.7479,1363852.0
1728676800,2.7506,2.8192,2.7358,2.7586,1375169.0
1728691200,2.7574,2.8243,2.7006,2.7046,1419666.0
1728705600,2.7042,2.7377,2.67,2.7029,632628.0
1728720000,2.7073,2.7754,2.6939,2.7307,369109.0
1728734400,2.7294,2.8022,2.6963,2.729,1687564.0
1728748800,2.7289,2.7718,2.6943,2.7296,943157.0
1728763200,2.7244,2.7585,2.6656,2.6704,618231.0
1728777600,2.6708,2.7998,2.666,2.7343,1348474.0
1728792000,2.731,2.8307,2.731,2.8197,685601.0
1728806400,2.8177,2.8657,2.6955,2.7015,1583121.0
1728820800,2.7,2.7536,2.66,2.6776,1383961.0
1728835200,2.6759,2.736,2.596,2.611,2882234.0
1728849600,2.6109,2.7394,2.5985,2.6626,3039722.0
1728864000,2.6634,2.8278,2.5913,2.8143,2201757.0
1728878400,2.821,2.8564,2.7678,2.8171,2528186.0
1728892800,2.8152,2.8976,2.7764,2.8529,2647466.0
1728907200,2.8541,2.9751,2.8171,2.9563,4077274.0
1728921600,2.9543,2.9637,2.7916,2.8259,2000789.0
1728936000,2.8267,2.8621,2.7825,2.829,1026531.0
1728950400,2.83,2.8613,2.7469,2.7497,1015731.0
1728964800,2.7498,2.7791,2.7135,2.7267,996429.0
1728979200,2.7268,2.7456,2.5967,2.6175,1011574.0
1728993600,2.6184,2.8318,2.5727,2.6713,6439403.0
1729008000,2.6704,2.743,2.6369,2.651,1822460.0
1729022400,2.649,2.6542,2.5378,2.645,1707092.0
1729036800,2.6404,2.7072,2.5985,2.605,984104.0
1729051200,2.6034,2.623,2.5,2.5242,1420471.0
1729065600,2.5244,2.6678,2.5233,2.5969,2310338.0
1729080000,2.5943,2.6329,2.5218,2.5347,1640949.0
1729094400,2.5364,2.6118,2.5138,2.5975,967272.0
1729108800,2.6014,2.7284,2.6014,2.6316,2436422.0
1729123200,2.6376,2.6654,2.5999,2.6359,979435.0
1729137600,2.6387,2.66,2.5158,2.552,1638843.0
1729152000,2.5497,2.587,2.5064,2.5157,979092.0
1729166400,2.5178,2.6131,2.5155,2.589,1344687.0
1729180800,2.5881,2.5928,2.4444,2.4939,2138019.0
1729195200,2.4923,2.5801,2.4922,2.5438,754258.0
1729209600,2.5435,2.7096,2.5344,2.6736,2503972.0
1729224000,2.6779,2.7294,2.6086,2.6269,3357909.0
1729238400,2.6237,2.6731,2.6101,2.6347,330067.0
1729252800,2.6343,2.6921,2.6056,2.6538,1059858.0
1729267200,2.6524,2.6963,2.6223,2.6473,1489405.0
1729281600,2.6454,2.6634,2.6052,2.6594,897712.0
1729296000,2.659,2.7516,2.6465,2.6862,1344500.0
1729310400,2.6914,2.711,2.65,2.658,1117738.0
1729324800,2.6633,2.6785,2.6217,2.6252,384077.0
1729339200,2.6246,2.6574,2.623,2.6295,769687.0
1729353600,2.629,2.6308,2.5774,2.5849,592786.0
1729368000,2.5837,2.6515,2.5837,2.6431,674318.0
1729382400,2.6458,2.6857,2.5723,2.6035,243122.0
1729396800,2.601,2.6412,2.583,2.6188,176763.0
1729411200,2.6193,2.669,2.6059,2.6425,83249.0
1729425600,2.6426,2.6764,2.5887,2.665,771471.0
1729440000,2.6615,2.7143,2.646,2.6701,280708.0
1729454400,2.6685,2.7492,2.6595,2.7196,948023.0
1729468800,2.72,2.7848,2.668,2.6839,1042669.0
1729483200,2.6836,2.724,2.648,2.6536,402219.0
1729497600,2.6546,2.6767,2.5845,2.5925,739239.0
1729512000,2.591,2.6083,2.503,2.5325,1384132.0
1729526400,2.53,2.5501,2.4871,2.5378,1601955.0
1729540800,2.538,2.5517,2.5,2.502,693447.0
1729555200,2.5015,2.5445,2.4744,2.5252,268573.0
1729569600,2.5221,2.56,2.5127,2.5298,513123.0
1729584000,2.5282,2.5382,2.4421,2.4766,1302151.0
1729598400,2.4765,2.4926,2.3737,2.4315,2662158.0
1729612800,2.4297,2.4367,2.3841,2.429,741751.0
1729627200,2.4286,2.4551,2.4194,2.4265,821226.0
1729641600,2.4267,2.4423,2.386,2.4102,381504.0
1729656000,2.4097,2.4414,2.3882,2.3992,249996.0
1729670400,2.3992,2.4397,2.357,2.4124,1029249.0
1729684800,2.4155,2.4673,2.3803,2.4098,1517154.0
1729699200,2.4107,2.4872,2.3327,2.4756,2183687.0
1729713600,2.477,2.5592,2.4629,2.5134,1684909.0
1729728000,2.5118,2.605,2.4998,2.5703,1609687.0
1729742400,2.5684,2.5778,2.5072,2.5129,1232573.0
1729756800,2.5127,2.5344,2.4653,2.5124,420959.0
1729771200,2.5114,2.597,2.4971,2.5056,992591.0
1729785600,2.5062,2.5456,2.5062,2.5353,591897.0
1729800000,2.539,2.609,2.5151,2.5575,1389444.0
1729814400,2.5549,2.5704,2.464,2.5267,1143763.0
1729828800,2.5289,2.5375,2.4681,2.4732,1095032.0
1729843200,2.4754,2.5957,2.4229,2.5778,1376723.0
1729857600,2.5762,2.6,2.413,2.4381,1211574.0
1729872000,2.4375,2.5175,2.3981,2.4506,2987053.0
1729886400,2.4515,2.5053,2.2,2.3174,3657915.0
1729900800,2.3138,2.3326,2.2473,2.3119,862846.0
1729915200,2.3122,2.3498,2.2951,2.3284,680171.0
1729929600,2.3272,2.4056,2.3272,2.3848,226668.0
1729944000,2.3843,2.3964,2.32,2.3295,1082547.0
1729958400,2.3299,2.3947,2.3104,2.3789,582311.0
1729972800,2.3797,2.392,2.357,2.3619,285386.0
1729987200,2.3618,2.4061,2.3296,2.3816,905901.0
1730001600,2.3847,2.4001,2.3732,2.3859,431537.0
1730016000,2.3852,2.4141,2.3732,2.3766,548435.0
1730030400,2.3775,2.45,2.3775,2.4317,746691.0
1730044800,2.4337,2.4498,2.4,2.4178,696944.0
1730059200,2.4196,2.521,2.4136,2.4901,1119702.0
1730073600,2.4938,2.4983,2.3885,2.3927,464940.0
1730088000,2.3869,2.4319,2.3444,2.4083,508938.0
1730102400,2.4089,2.4547,2.4037,2.4228,374522.0
1730116800,2.4245,2.435,2.2859,2.2924,1050529.0
1730131200,2.2912,2.3475,2.2468,2.3216,2500274.0
1730145600,2.3252,2.5446,2.3216,2.4677,1834898.0
1730160000,2.4726,2.6223,2.445,2.5719,2203864.0
1730174400,2.5719,2.6338,2.571,2.6199,1434550.0
1730188800,2.6214,2.6763,2.6126,2.6387,500288.0
1730203200,2.6367,2.652,2.6015,2.6339,848327.0
1730217600,2.6352,2.695,2.6034,2.6066,1544854.0
1730232000,2.6029,2.6247,2.55,2.6187,979126.0
1730246400,2.6147,2.6758,2.5621,2.6498,1070846.0
1730260800,2.6502,2.6648,2.5889,2.5909,1102564.0
1730275200,2.5931,2.6212,2.537,2.5392,830186.0
1730289600,2.537,2.6208,2.524,2.5499,1508122.0
1730304000,2.5458,2.5818,2.5368,2.5547,1015991.0
1730318400,2.5534,2.61,2.5417,2.58,748105.0
1730332800,2.5833,2.5984,2.544,2.5553,656756.0
1730347200,2.5544,2.5985,2.5447,2.5909,243168.0
1730361600,2.5955,2.5958,2.5362,2.5786,824580.0
1730376000,2.5752,2.5917,2.4612,2.4967,1727528.0
1730390400,2.4966,2.4966,2.3641,2.3695,1323192.0
1730404800,2.369,2.3994,2.353,2.3826,797043.0
1730419200,2.383,2.3949,2.3229,2.3401,418528.0
1730433600,2.34,2.3496,2.2672,2.2811,952610.0
1730448000,2.2799,2.34,2.2788,2.3296,316342.0
1730462400,2.329,2.4346,2.2564,2.2815,2433751.0
1730476800,2.2795,2.3251,2.2324,2.2627,2245307.0
1730491200,2.2603,2.2824,2.1796,2.1978,1521742.0
1730505600,2.1974,2.246,2.196,2.2196,550441.0
1730520000,2.2193,2.2332,2.1991,2.2123,317968.0
1730534400,2.2128,2.2219,2.1835,2.1928,996868.0
1730548800,2.1913,2.2066,2.1163,2.1272,1097648.0
1730563200,2.1278,2.175,2.1276,2.1655,285655.0
1730577600,2.1647,2.1969,2.1562,2.1765,382223.0
1730592000,2.1782,2.1831,2.033,2.0589,775513.0
1730606400,2.0583,2.122,2.0583,2.0893,202460.0
1730620800,2.0887,2.1087,2.0535,2.0673,805153.0
1730635200,2.07,2.0793,1.9625,2.0057,1578150.0
1730649600,2.0043,2.0442,1.9653,2.0356,1761653.0
1730664000,2.0356,2.0978,2.0345,2.0785,768081.0
1730678400,2.0785,2.136,2.0311,2.075,719086.0
1730692800,2.08,2.1021,2.0316,2.059,697873.0
1730707200,2.0636,2.0928,2.0231,2.0705,815953.0
1730721600,2.0703,2.0895,1.9987,2.0113,495721.0
1730736000,2.0088,2.0369,1.974,1.9901,1528938.0
1730750400,1.9903,1.9949,1.8797,1.9221,1692672.0
1730764800,1.9228,1.9904,1.9228,1.9792,633914.0
1730779200,1.9828,2.0564,1.9794,2.0449,796557.0
1730793600,2.0444,2.0818,2.0301,2.0746,358956.0
1730808000,2.0755,2.1771,2.0597,2.1363,862852.0
1730822400,2.1387,2.1778,2.0661,2.0798,727929.0
1730836800,2.0698,2.1159,2.0601,2.1029,449737.0
1730851200,2.103,2.4394,2.1021,2.4132,4298688.0
1730865600,2.4105,2.5166,2.3572,2.3689,2795110.0
1730880000,2.3694,2.3934,2.2627,2.3912,787010.0
1730894400,2.3888,2.4068,2.3091,2.3118,920019.0
1730908800,2.3084,2.3814,2.2971,2.3751,1037516.0
1730923200,2.3745,2.4739,2.3384,2.4085,359062.0
1730937600,2.411,2.4805,2.3889,2.4034,615681.0
1730952000,2.4035,2.4152,2.3111,2.3347,1101090.0
1730966400,2.3293,2.3565,2.3111,2.3122,569127.0
1730980800,2.311,2.3744,2.2812,2.3733,1150387.0
1730995200,2.3742,2.4082,2.3247,2.3765,2253440.0
1731009600,2.3797,2.416,2.33,2.3868,866274.0
1731024000,2.3917,2.5139,2.3083,2.3385,1596007.0
1731038400,2.3343,2.361,2.2969,2.3342,802225.0
1731052800,2.3344,2.3853,2.3038,2.355,908472.0
1731067200,2.354,2.3946,2.2902,2.3161,1218034.0
1731081600,2.3165,2.337,2.1986,2.3117,1720643.0
1731096000,2.3077,2.3516,2.2672,2.3203,375055.0
1731110400,2.3193,2.377,2.2671,2.2697,360647.0
1731124800,2.2724,2.3796,2.2724,2.3569,773865.0
1731139200,2.3685,2.5013,2.3685,2.4987,1255337.0
1731153600,2.4942,2.5444,2.3769,2.4272,1282186.0
1731168000,2.4302,2.4571,2.3682,2.4241,628758.0
1731182400,2.4209,2.518,2.4158,2.4838,1433689.0
1731196800,2.4879,2.5415,2.4461,2.5026,1301854.0
1731211200,2.5025,2.5956,2.463,2.4955,1581675.0
1731225600,2.495,2.5856,2.4932,2.5798,2512250.0
1731240000,2.5732,2.7805,2.5055,2.7033,2995893.0
1731254400,2.7062,2.8914,2.6519,2.712,5415004.0
1731268800,2.7013,2.765,2.5424,2.7514,3714336.0
1731283200,2.7485,3.23,2.7377,3.1179,5892380.0
1731297600,3.1176,3.1476,2.9219,3.0223,3483666.0
1731312000,3.0223,3.1105,2.9859,3.094,1216313.0
1731326400,3.0964,3.1305,2.95,3.0411,2483942.0
1731340800,3.0411,3.1677,3.0199,3.1073,3745291.0
1731355200,3.1057,3.2292,3.0084,3.1305,3072767.0
1731369600,3.1314,3.1339,2.9676,3.0982,2994839.0
1731384000,3.1018,3.3065,3.077,3.2181,3738755.0
1731398400,3.2161,3.284,2.835,2.9656,6909034.0
1731412800,2.9625,3.0094,2.8235,2.8989,3816098.0
1731427200,2.8996,3.1326,2.8266,3.0831,3839999.0
1731441600,3.0844,3.3861,3.0614,3.2541,3729805.0
1731456000,3.2536,3.3003,2.9738,2.9821,4063544.0
1731470400,2.9821,3.058,2.875,2.9961,8133288.0
1731484800,2.9935,3.0801,2.9339,3.0486,1602790.0
1731499200,3.0394,3.8327,2.9843,3.8327,9343200.0
1731513600,3.8312,4.8353,3.6111,4.2262,13722695.0
1731528000,4.2212,4.3062,3.8772,4.1696,6292316.0
1731542400,4.1702,4.3154,3.9341,4.0591,4176378.0
1731556800,4.0527,4.3363,4.0122,4.0516,2418246.0
1731571200,4.0584,4.3617,3.9279,4.019,3268420.0
1731585600,4.0169,4.1367,3.78,3.9458,6021045.0
1731600000,3.9409,4.1,3.8906,4.0198,3716240.0
1731614400,4.0085,4.124,3.5412,3.5916,6358208.0
1731628800,3.5932,3.6971,3.4343,3.5414,4303413.0
1731643200,3.5398,3.604,3.3696,3.5571,2479098.0
1731657600,3.5579,3.7653,3.5263,3.6926,933584.0
1731672000,3.6924,3.7627,3.4785,3.5259,1355175.0
1731686400,3.5212,3.8174,3.5054,3.782,1702613.0
1731700800,3.7793,3.9646,3.7569,3.9024,2192905.0
1731715200,3.9021,3.9499,3.8189,3.9091,1009432.0
1731729600,3.9085,3.9761,3.7292,3.7537,837692.0
1731744000,3.7532,3.7968,3.7073,3.7805,1304859.0
1731758400,3.7761,3.8063,3.5924,3.6184,1496042.0
1731772800,3.6087,3.675,3.5849,3.6409,1216998.0
1731787200,3.6405,3.6823,3.5609,3.6099,2576993.0
1731801600,3.6081,3.684,3.3766,3.4463,3401249.0
1731816000,3.4459,3.9424,3.4428,3.8672,3429330.0
1731830400,3.8617,3.9501,3.7432,3.7479,1174615.0
1731844800,3.7572,3.9283,3.7316,3.8561,1623449.0
1731859200,3.8561,3.9143,3.6933,3.7227,1609146.0
1731873600,3.7203,3.7876,3.5577,3.6168,4049526.0
1731888000,3.6196,3.6707,3.5616,3.6668,1519786.0
1731902400,3.661,3.6876,3.5776,3.6376,1348172.0
1731916800,3.6355,3.7247,3.542,3.5606,2367063.0
1731931200,3.558,3.6216,3.4456,3.5749,1796893.0
1731945600,3.5724,3.573,3.3702,3.3928,1196047.0
1731960000,3.3945,3.5077,3.3784,3.4568,1400738.0
1731974400,3.456,3.5329,3.3,3.3345,1169932.0
1731988800,3.3345,3.438,3.3344,3.4319,618994.0
1732003200,3.4306,3.4713,3.3826,3.4048,826135.0
1732017600,3.4017,3.5408,3.3528,3.4964,2661313.0
1732032000,3.4982,3.568,3.4382,3.4515,1540141.0
1732046400,3.4523,3.4856,3.1948,3.2932,3177564.0
1732060800,3.2929,3.3173,3.2013,3.2888,939470.0
1732075200,3.2861,3.3654,3.2303,3.3527,839599.0
1732089600,3.3523,3.3711,3.234,3.2779,973796.0
1732104000,3.276,3.3508,3.1699,3.2321,2426887.0
1732118400,3.2307,3.2638,3.0341,3.0639,2416001.0
1732132800,3.0638,3.1532,3.0336,3.0491,1597891.0
1732147200,3.0505,3.1877,2.9768,3.0767,1550936.0
1732161600,3.0817,3.2535,3.0625,3.202,2358731.0
1732176000,3.2009,3.2107,3.0374,3.1093,1437383.0
1732190400,3.1063,3.3896,3.0978,3.227,3571240.0
1732204800,3.228,3.3437,3.2138,3.2645,1627840.0
1732219200,3.265,3.2953,3.2067,3.2663,1217602.0
1732233600,3.2687,3.377,3.1343,3.3711,1559569.0
1732248000,3.3728,3.4437,3.2473,3.2641,2181790.0
1732262400,3.264,3.3591,3.2432,3.3553,857371.0
1732276800,3.3571,3.3749,3.1086,3.1497,1581028.0
1732291200,3.1475,3.1573,3.0465,3.0841,745969.0
1732305600,3.083,3.2623,3.0737,3.2141,632340.0
1732320000,3.2138,3.2508,3.1389,3.236,800281.0
1732334400,3.2339,3.4245,3.2338,3.3798,2447974.0
1732348800,3.3783,3.4832,3.3455,3.393,896835.0
1732363200,3.3948,3.5792,3.3884,3.4442,757108.0
1732377600,3.4466,3.4992,3.2538,3.2665,1685422.0
1732392000,3.2591,3.3561,3.1545,3.2755,956479.0
1732406400,3.2724,3.475,3.2526,3.3823,957077.0
1732420800,3.3834,3.3926,3.2678,3.3023,316786.0
1732435200,3.3004,3.3041,3.1212,3.1382,686593.0
1732449600,3.1354,3.1709,3.0071,3.0704,1043927.0
1732464000,3.0697,3.1401,3.0527,3.0975,533583.0
1732478400,3.0965,3.2132,3.0866,3.1725,1426658.0
1732492800,3.1734,3.1996,3.0702,3.1893,242159.0
1732507200,3.1877,3.2545,3.1639,3.2438,248616.0
1732521600,3.241,3.303,3.2138,3.2368,402662.0
1732536000,3.2364,3.6565,3.175,3.3396,8208635.0
1732550400,3.3383,3.361,3.1396,3.2162,1583762.0
1732564800,3.2168,3.2639,3.0734,3.1799,1058321.0
1732579200,3.1832,3.3821,3.1682,3.3562,811753.0
1732593600,3.3529,3.3725,3.2242,3.2472,516333.0
1732608000,3.2455,3.2457,2.9203,3.0242,2048249.0
1732622400,3.0153,3.0668,2.9602,2.967,617360.0
1732636800,2.9672,3.0685,2.9065,2.9592,734258.0
1732651200,2.9564,3.0373,2.9488,3.0173,459817.0
1732665600,3.0134,3.0746,2.9605,3.0293,1137434.0
1732680000,3.0247,3.0983,3.0049,3.0816,173825.0
1732694400,3.0765,3.1087,3.0422,3.0581,511155.0
1732708800,3.0592,3.1715,2.9973,3.137,756174.0
1732723200,3.1396,3.1581,3.0895,3.1204,531868.0
1732737600,3.1206,3.1788,3.1,3.1172,323383.0
1732752000,3.1182,3.22,3.0961,3.1405,813575.0
1732766400,3.1404,3.1635,3.0737,3.093,165959.0
1732780800,3.0944,3.1313,3.0437,3.091,190668.0
1732795200,3.0864,3.0908,2.9834,2.9949,271100.0
1732809600,2.9949,3.0754,2.9949,3.0676,77665.0
1732824000,3.0665,3.1029,3.041,3.08,146809.0
1732838400,3.0825,3.2403,3.0608,3.2161,284759.0
1732852800,3.2141,3.2201,3.116,3.116,545577.0
1732867200,3.1266,3.2152,3.1266,3.205,250583.0
1732881600,3.2056,3.3109,3.1886,3.2771,1008017.0
1732896000,3.2748,3.3321,3.2518,3.3169,632372.0
1732910400,3.3133,3.334,3.2792,3.288,668293.0
1732924800,3.2916,3.2987,3.2263,3.2556,221301.0
1732939200,3.2554,3.3115,3.2292,3.2911,290609.0
1732953600,3.2895,3.3032,3.1633,3.2019,466254.0
1732968000,3.2002,3.2463,3.1672,3.216,586692.0
1732982400,3.2133,3.2349,3.1785,3.2149,681028.0
1732996800,3.213,3.265,3.1801,3.1801,623695.0
1733011200,3.1815,3.2715,3.0547,3.0971,953256.0
1733025600,3.0936,3.1448,3.0743,3.1342,416545.0
1733040000,3.1358,3.2118,3.1259,3.181,620634.0
1733054400,3.1825,3.3337,3.1694,3.3282,743073.0
1733068800,3.3275,3.4109,3.2529,3.3215,2893468.0
1733083200,3.3178,3.455,3.2753,3.4456,1592877.0
1733097600,3.4454,3.4797,3.2141,3.2336,1730200.0
1733112000,3.2302,3.2586,3.1217,3.144,1314488.0
1733126400,3.1438,3.145,3.0033,3.0485,1013089.0
1733140800,3.0471,3.1517,2.9968,3.1449,3864741.0
1733155200,3.1424,3.1718,3.0071,3.0556,1835828.0
1733169600,3.0523,3.1294,3.0267,3.1248,835568.0
1733184000,3.124,3.1831,3.0965,3.1512,869385.0
1733198400,3.1473,3.2966,3.1402,3.2152,1074559.0
1733212800,3.2148,3.2617,3.1308,3.1839,542116.0
1733227200,3.183,3.21,2.9239,3.1029,3162812.0
1733241600,3.1093,3.1686,3.0527,3.1333,942310.0
1733256000,3.1334,3.3736,3.1334,3.2846,3181524.0
1733270400,3.2847,3.3538,3.2736,3.3019,683067.0
1733284800,3.3013,3.3749,3.2879,3.3576,1193288.0
1733299200,3.3578,3.4369,3.3246,3.4092,794586.0
1733313600,3.4107,3.4315,3.2349,3.296,1413624.0
1733328000,3.2971,3.3098,3.1163,3.2456,2459295.0
1733342400,3.2454,3.3082,3.1127,3.1959,1628941.0
1733356800,3.1988,3.3508,3.04,3.2475,2224582.0
1733371200,3.2501,3.3715,3.238,3.2947,1161800.0
1733385600,3.2944,3.3404,3.27,3.3136,652023.0
1733400000,3.313,3.3808,3.2504,3.2828,1749825.0
1733414400,3.281,3.349,3.2259,3.2359,541451.0
1733428800,3.2321,3.4484,3.1422,3.3514,2250342.0
1733443200,3.354,3.5618,3.2782,3.5147,2435655.0
1733457600,3.5151,3.5279,3.4149,3.521,1577413.0
1733472000,3.5219,3.6079,3.34,3.3692,1977962.0
1733486400,3.3618,3.4796,3.2834,3.4299,1152951.0
1733500800,3.4291,3.5881,3.4113,3.4888,2759424.0
1733515200,3.4911,3.5564,3.4664,3.4891,1088990.0
1733529600,3.4897,3.5434,3.4367,3.4633,569201.0
1733544000,3.4633,3.4807,3.4087,3.48,217642.0
1733558400,3.478,3.7329,3.4777,3.6715,1309143.0
1733572800,3.6699,3.8306,3.6046,3.7901,1120809.0
1733587200,3.7916,3.9726,3.7199,3.9627,2980716.0
1733601600,3.964,4.02,3.8833,3.888,2940480.0
1733616000,3.888,3.9266,3.8382,3.8895,719861.0
1733630400,3.8894,3.9361,3.7401,3.765,1056450.0
1733644800,3.765,3.7756,3.6638,3.7574,1039108.0
1733659200,3.7557,3.763,3.6619,3.7107,844631.0
1733673600,3.7084,3.7525,3.6439,3.703,705150.0
1733688000,3.7037,3.7475,3.6874,3.7231,398357.0
1733702400,3.7221,3.7247,3.6038,3.6505,1397300.0
1733716800,3.6487,3.7177,3.5566,3.5941,1406808.0
1733731200,3.586,3.588,3.3336,3.3454,2166285.0
1733745600,3.3445,3.5411,3.315,3.4465,1070532.0
1733760000,3.4482,3.543,3.4037,3.4037,1337649.0
1733774400,3.4065,3.4139,2.5516,3.0497,12334150.0
1733788800,3.0499,3.1415,2.802,2.9472,2565843.0
1733803200,2.9471,3.0158,2.8652,2.9958,893484.0
1733817600,2.9953,3.0052,2.8906,2.9128,587575.0
1733832000,2.913,2.9293,2.7,2.7012,1754660.0
1733846400,2.7012,2.842,2.645,2.7914,4164116.0
1733860800,2.7929,2.8918,2.7842,2.8467,818620.0
1733875200,2.8456,2.8946,2.7577,2.8744,1091569.0
1733889600,2.8823,2.9087,2.8366,2.8609,1114125.0
1733904000,2.8661,2.9868,2.8538,2.9672,678408.0
1733918400,2.9654,3.0772,2.9336,3.048,1437483.0
1733932800,3.0551,3.1345,3.0319,3.0759,1001630.0
1733947200,3.0754,3.095,3.0341,3.0487,807038.0
1733961600,3.0484,3.1965,3.0179,3.1383,1252564.0
1733976000,3.144,3.191,3.0953,3.1093,1700029.0
1733990400,3.1105,3.1587,3.0424,3.0697,588507.0
1734004800,3.0735,3.1334,3.0413,3.0814,739138.0
1734019200,3.0816,3.1345,2.9668,2.9842,1066220.0
1734033600,2.9815,3.0267,2.9339,2.9487,512020.0
1734048000,2.9468,2.9767,2.8941,2.9424,343024.0
1734062400,2.9429,2.9484,2.8682,2.9135,366240.0
1734076800,2.9169,2.9567,2.9072,2.9143,195271.0
1734091200,2.9149,3.004,2.8672,2.8693,850489.0
1734105600,2.8682,2.9503,2.85,2.9285,753721.0
1734120000,2.9254,2.965,2.8973,2.9601,417657.0
1734134400,2.9597,2.9798,2.8963,2.9035,516024.0
1734148800,2.9013,2.9584,2.8768,2.9049,291897.0
1734163200,2.9105,2.9628,2.8849,2.937,369864.0
1734177600,2.9353,2.9353,2.804,2.866,593032.0
1734192000,2.8621,2.8628,2.7732,2.8153,852482.0
1734206400,2.8104,2.8619,2.76,2.847,793236.0
1734220800,2.8467,2.8634,2.7994,2.8006,230203.0
1734235200,2.7967,2.8508,2.7017,2.7238,434908.0
1734249600,2.723,2.8454,2.7154,2.8356,450120.0
1734264000,2.8356,2.8932,2.8251,2.8711,723422.0
1734278400,2.8766,2.8866,2.8431,2.8508,297873.0
1734292800,2.851,2.8861,2.7116,2.856,2050777.0
1734307200,2.8624,2.9266,2.8098,2.8182,1408383.0
1734321600,2.8194,2.8371,2.7539,2.7677,448376.0
1734336000,2.767,2.7759,2.65,2.6612,774030.0
1734350400,2.6592,2.7203,2.63,2.6904,926752.0
1734364800,2.688,2.8265,2.6861,2.7686,2402639.0
1734379200,2.7686,2.8046,2.7447,2.7474,706689.0
1734393600,2.7462,2.7789,2.6748,2.7774,904012.0
1734408000,2.7832,2.7859,2.7288,2.7632,533709.0
1734422400,2.7672,2.8348,2.7672,2.8029,1194553.0
1734436800,2.8024,2.8379,2.6815,2.699,1567855.0
1734451200,2.6941,2.8768,2.6725,2.8067,3502665.0
1734465600,2.807,2.8228,2.68,2.707,2521825.0
1734480000,2.7192,2.7853,2.6761,2.6925,847580.0
1734494400,2.6925,2.6925,2.5055,2.5424,1546792.0
1734508800,2.542,2.5765,2.5281,2.5644,595766.0
1734523200,2.5637,2.5679,2.4853,2.5213,858843.0
1734537600,2.5205,2.5872,2.4625,2.4625,4217972.0
1734552000,2.4609,2.4851,2.2261,2.3085,5213267.0
1734566400,2.3093,2.3274,2.1511,2.2933,3656724.0
1734580800,2.2932,2.3004,2.2487,2.2651,1142908.0
1734595200,2.265,2.312,2.2273,2.2971,1146569.0
1734609600,2.2964,2.3133,2.1533,2.2149,1937983.0
1734624000,2.2033,2.2717,2.0386,2.0842,4552324.0
1734638400,2.0876,2.1485,2.0264,2.066,1514976.0
1734652800,2.0706,2.1585,1.9975,2.1057,851538.0
1734667200,2.1105,2.1179,1.978,2.0303,862282.0
1734681600,2.0311,2.0311,1.7274,1.7313,6360866.0
1734696000,1.73,1.957,1.7277,1.9383,2547358.0
1734710400,1.9384,2.0676,1.9307,2.0315,1281708.0
1734724800,2.0323,2.1437,2.0064,2.1065,896829.0
1734739200,2.1039,2.1867,2.0976,2.1496,543002.0
1734753600,2.1532,2.2539,2.1432,2.2276,497287.0
1734768000,2.2278,2.236,2.129,2.1517,778277.0
1734782400,2.1512,2.1517,1.9536,2.0166,1972472.0
1734796800,2.0164,2.0164,1.8815,1.9112,1035665.0
1734811200,1.9154,1.9465,1.8586,1.8865,614380.0
1734825600,1.8892,1.898,1.8451,1.8789,919550.0
1734840000,1.8793,1.9029,1.8154,1.8862,604798.0
1734854400,1.888,1.9952,1.888,1.9675,994457.0
1734868800,1.9686,2.0416,1.892,1.9496,1258710.0
1734883200,1.945,1.995,1.8941,1.8977,966062.0
1734897600,1.8978,1.9629,1.8663,1.9196,665352.0
1734912000,1.9193,1.9826,1.8587,1.9744,795881.0
1734926400,1.9768,1.9849,1.8735,1.908,681237.0
1734940800,1.9082,1.9604,1.8963,1.9025,707028.0
1734955200,1.9084,1.9141,1.8479,1.8544,574087.0
1734969600,1.8564,1.974,1.854,1.9419,870758.0
1734984000,1.9406,2.0524,1.9406,2.0312,1173356.0
1734998400,2.0268,2.0367,1.9491,2.0136,527852.0
1735012800,2.0134,2.0306,1.9761,1.9907,164325.0
1735027200,1.99,2.0075,1.9688,2.0061,353708.0
1735041600,2.0054,2.1002,1.9796,2.078,463865.0
1735056000,2.0775,2.0923,2.0087,2.0109,572506.0
1735070400,2.0083,2.0642,1.9847,2.0526,579414.0
1735084800,2.0482,2.0836,2.0424,2.0564,504974.0
1735099200,2.0573,2.0695,2.0035,2.0096,139953.0
1735113600,2.0147,2.063,1.9712,1.9769,754911.0
1735128000,1.977,2.0263,1.9647,1.99,392893.0
1735142400,1.9944,1.9994,1.965,1.9888,72566.0
1735156800,1.9946,2.0048,1.9432,1.9818,386459.0
1735171200,1.9824,2.0071,1.9283,1.9331,373006.0
1735185600,1.9328,1.9331,1.9049,1.9131,372306.0
1735200000,1.915,1.9186,1.8457,1.8575,883156.0
1735214400,1.8561,1.871,1.8333,1.8463,1250521.0
1735228800,1.8461,1.8806,1.8289,1.8443,1013139.0
1735243200,1.8443,1.87,1.8188,1.8413,261140.0
1735257600,1.8465,1.8705,1.8284,1.856,376614.0
1735272000,1.8558,1.8682,1.7986,1.8228,411016.0
1735286400,1.822,1.9362,1.822,1.9257,605010.0
1735300800,1.9309,1.9314,1.8252,1.8405,466527.0
1735315200,1.847,1.8776,1.8084,1.8545,251505.0
1735329600,1.8551,1.8553,1.8112,1.8257,380242.0
1735344000,1.828,1.8356,1.8016,1.8197,227255.0
1735358400,1.8203,1.8475,1.8065,1.8261,589881.0
1735372800,1.8273,1.8722,1.8273,1.8612,114769.0
1735387200,1.8618,1.9499,1.8548,1.9042,691678.0
1735401600,1.9038,1.9738,1.897,1.913,1283048.0
1735416000,1.9128,1.9483,1.9,1.9277,927775.0
1735430400,1.9263,1.9519,1.9085,1.9142,672515.0
1735444800,1.9238,1.9344,1.8894,1.9281,221101.0
1735459200,1.9295,1.9352,1.89,1.8916,321138.0
1735473600,1.8917,1.9045,1.8565,1.8695,679230.0
1735488000,1.867,1.8696,1.8401,1.8582,805875.0
1735502400,1.858,1.858,1.8172,1.835,592769.0
1735516800,1.8308,1.8968,1.8247,1.8719,382817.0
1735531200,1.8764,1.9213,1.85,1.9061,513192.0
1735545600,1.9049,1.9322,1.8722,1.9066,372816.0
1735560000,1.9056,1.9352,1.803,1.8241,506559.0
1735574400,1.8235,1.9163,1.7836,1.9045,1192833.0
1735588800,1.9093,1.9215,1.8115,1.8267,649980.0
1735603200,1.8262,1.8272,1.7575,1.7645,673892.0
1735617600,1.7635,1.8025,1.7354,1.7789,1433566.0
1735632000,1.7794,1.8551,1.7794,1.8448,499808.0
1735646400,1.8463,1.9539,1.8294,1.9204,2157346.0
1735660800,1.921,1.9464,1.8591,1.8794,556457.0
1735675200,1.8779,1.9084,1.8534,1.8639,343563.0
1735689600,1.8633,1.9208,1.8553,1.8601,243321.0
1735704000,1.8597,1.8604,1.8227,1.8326,256218.0
1735718400,1.8327,1.8372,1.7625,1.7903,652088.0
1735732800,1.7943,1.8169,1.776,1.814,425898.0
1735747200,1.8134,1.8398,1.782,1.8333,267930.0
1735761600,1.8341,1.8825,1.8341,1.8598,927957.0
1735776000,1.8616,1.9304,1.8548,1.9192,520114.0
1735790400,1.9208,1.9902,1.9102,1.967,1242510.0
1735804800,1.9657,2.0568,1.9497,2.0408,824166.0
1735819200,2.0403,2.0518,1.9863,2.0158,989347.0
1735833600,2.0156,2.0401,1.9932,2.002,1190952.0
1735848000,2.0045,2.0296,1.9742,2.0246,627375.0
1735862400,2.0278,2.0342,1.9815,1.9965,563396.0
1735876800,1.9954,2.0004,1.9493,1.9496,404729.0
1735891200,1.95,2.0552,1.9496,2.0483,595555.0
1735905600,2.0438,2.1257,2.0289,2.121,1959879.0
1735920000,2.1214,2.2132,2.1017,2.1589,2323116.0
1735934400,2.1592,2.174,2.1231,2.1683,1239592.0
1735948800,2.1683,2.1835,2.134,2.1632,625019.0
1735963200,2.1624,2.1745,2.1363,2.161,331520.0
1735977600,2.1591,2.163,2.1241,2.1394,303962.0
1735992000,2.1386,2.1662,2.0924,2.1187,550116.0
1736006400,2.1176,2.1411,2.1108,2.1361,536039.0
1736020800,2.1397,2.1826,2.1358,2.1796,621556.0
1736035200,2.1807,2.201,2.1498,2.1892,693950.0
1736049600,2.1963,2.1983,2.1587,2.1618,314723.0
1736064000,2.1617,2.1636,2.1022,2.1167,718405.0
1736078400,2.1172,2.1302,2.0768,2.1141,666195.0
1736092800,2.1131,2.1237,2.0794,2.0978,173856.0
1736107200,2.1,2.1202,2.09,2.104,301266.0
1736121600,2.1045,2.1365,2.0588,2.107,612530.0
1736136000,2.108,2.1247,2.0667,2.0775,204207.0
1736150400,2.0761,2.0808,2.0245,2.0707,829441.0
1736164800,2.0755,2.1483,2.0339,2.1337,1169864.0
1736179200,2.1349,2.1599,2.0922,2.1182,2418360.0
1736193600,2.1185,2.1233,2.0725,2.0857,453763.0
1736208000,2.0857,2.1002,2.0595,2.0701,891026.0
1736222400,2.0652,2.0797,2.0516,2.0731,618164.0
1736236800,2.0731,2.0995,2.0272,2.0416,471883.0
1736251200,2.0416,2.0481,1.8836,1.9182,3307418.0
1736265600,1.915,1.92,1.8627,1.8696,1181401.0
1736280000,1.8698,1.8848,1.8431,1.8533,736479.0
1736294400,1.8515,1.8875,1.836,1.8565,3859413.0
1736308800,1.8565,1.8867,1.8133,1.8454,1926807.0
1736323200,1.8438,1.8826,1.8348,1.8512,1351349.0
1736337600,1.8517,1.8605,1.8187,1.8368,1555221.0
1736352000,1.8372,1.8377,1.6591,1.6932,4685960.0
1736366400,1.6935,1.7366,1.6659,1.7094,1126679.0
1736380800,1.7045,1.7338,1.6722,1.6812,708611.0
1736395200,1.6827,1.6945,1.568,1.5859,1542364.0
1736409600,1.5855,1.6402,1.578,1.6092,947377.0
1736424000,1.6111,1.629,1.5076,1.615,3292671.0
1736438400,1.615,1.6319,1.5151,1.5202,2170855.0
1736452800,1.5208,1.5457,1.4935,1.5408,1182760.0
1736467200,1.5408,1.5822,1.5408,1.5733,720595.0
1736481600,1.5814,1.6319,1.5762,1.6139,1844225.0
1736496000,1.6126,1.6311,1.5836,1.5889,713849.0
1736510400,1.5901,1.6073,1.5174,1.5529,2005814.0
1736524800,1.5534,1.6107,1.5248,1.5811,1319537.0
1736539200,1.5799,1.5848,1.5511,1.5565,885178.0
1736553600,1.5568,1.5663,1.5281,1.5377,341056.0
1736568000,1.5382,1.5629,1.5277,1.5543,346633.0
1736582400,1.5548,1.5885,1.551,1.581,508802.0
1736596800,1.5818,1.5895,1.5513,1.5536,507619.0
1736611200,1.5545,1.5655,1.5445,1.5615,510829.0
1736625600,1.5614,1.6403,1.5567,1.5776,1150247.0
1736640000,1.5779,1.5844,1.5514,1.5566,828047.0
1736654400,1.5575,1.5619,1.5332,1.5542,528056.0
1736668800,1.5538,1.5593,1.5249,1.5579,462467.0
1736683200,1.5573,1.5903,1.541,1.587,595803.0
1736697600,1.5885,1.5923,1.5566,1.5635,212221.0
1736712000,1.5678,1.5713,1.5311,1.5436,598759.0
1736726400,1.5436,1.5932,1.4621,1.4796,1027302.0
1736740800,1.4772,1.5158,1.4419,1.4739,744421.0
1736755200,1.477,1.4833,1.4163,1.448,1044695.0
1736769600,1.4493,1.4793,1.3952,1.4448,3124092.0
1736784000,1.4448,1.4526,1.3568,1.4138,2092055.0
1736798400,1.414,1.4997,1.397,1.4917,2317099.0
1736812800,1.493,1.5093,1.474,1.4839,830551.0
1736827200,1.4846,1.5145,1.4846,1.4984,348444.0
1736841600,1.5022,1.5481,1.4979,1.5072,456516.0
1736856000,1.5096,1.5373,1.4998,1.5115,740571.0
1736870400,1.5114,1.5506,1.4902,1.5375,758591.0
1736884800,1.5378,1.5758,1.5231,1.5507,574232.0
1736899200,1.5525,1.5592,1.5236,1.5428,352755.0
1736913600,1.5461,1.556,1.5242,1.5378,463824.0
1736928000,1.537,1.5521,1.5028,1.5278,792816.0
1736942400,1.529,1.6859,1.5181,1.6737,2283588.0
1736956800,1.6743,1.77,1.6743,1.76,2751627.0
1736971200,1.76,1.7826,1.7303,1.7731,1801544.0
1736985600,1.7752,1.7833,1.7068,1.7153,1080267.0
1737000000,1.7165,1.7735,1.7083,1.7689,692377.0
1737014400,1.7687,1.7799,1.7115,1.7784,754473.0
1737028800,1.7792,1.8515,1.7236,1.7693,3748109.0
1737043200,1.7688,1.849,1.7688,1.8255,2348572.0
1737057600,1.8264,1.8361,1.7479,1.7629,4779037.0
1737072000,1.7632,1.8352,1.7508,1.7957,1358155.0
1737086400,1.7977,1.8276,1.7945,1.8105,456484.0
1737100800,1.8154,1.8945,1.8154,1.8509,1136280.0
1737115200,1.8512,1.8729,1.8241,1.8432,1335510.0
1737129600,1.8422,1.877,1.828,1.8432,1381134.0
1737144000,1.8425,1.9202,1.8367,1.8753,1468882.0
1737158400,1.8751,1.9905,1.8703,1.8837,4045780.0
1737172800,1.8835,1.9402,1.8364,1.8506,4359210.0
1737187200,1.8501,1.8785,1.7981,1.8368,2075857.0
1737201600,1.8362,1.8621,1.7748,1.8301,1717589.0
1737216000,1.8318,1.8689,1.7643,1.788,2962783.0
1737230400,1.788,1.7925,1.7414,1.7719,1807133.0
1737244800,1.7722,1.8225,1.7539,1.7725,1235378.0
1737259200,1.7723,1.8006,1.7343,1.7343,1250744.0
1737273600,1.7363,1.7367,1.557,1.5722,4106439.0
1737288000,1.5714,1.6519,1.5659,1.6323,3083511.0
1737302400,1.6285,1.7483,1.6259,1.731,1967941.0
1737316800,1.7316,1.7749,1.5035,1.5381,10030019.0
1737331200,1.5362,1.5383,1.4012,1.443,6187177.0
1737345600,1.4397,1.6025,1.4201,1.5581,3375545.0
1737360000,1.5607,1.6049,1.5218,1.5556,1773657.0
1737374400,1.5572,1.5574,1.4582,1.466,2518675.0
1737388800,1.4668,1.4983,1.3632,1.4216,6519036.0
1737403200,1.4204,1.4433,1.3732,1.3911,3928359.0
1737417600,1.3942,1.4042,1.3282,1.3497,1901246.0
1737432000,1.3507,1.3833,1.3138,1.3571,987492.0
1737446400,1.3588,1.4395,1.3441,1.4261,1688570.0
1737460800,1.4275,1.4517,1.3946,1.4356,1882342.0
1737475200,1.4358,1.5268,1.4227,1.4876,3610173.0
1737489600,1.4885,1.5071,1.4405,1.4563,756845.0
1737504000,1.4547,1.4621,1.4255,1.4506,577295.0
1737518400,1.4511,1.4599,1.4243,1.443,456784.0
1737532800,1.4456,1.462,1.425,1.4507,610169.0
1737547200,1.45,1.4547,1.4059,1.4245,2629577.0
1737561600,1.4219,1.4461,1.3952,1.4392,1553825.0
1737576000,1.4409,1.4906,1.4089,1.418,2547298.0
1737590400,1.4184,1.4331,1.3794,1.3898,1277597.0
1737604800,1.3899,1.4326,1.3775,1.428,1031117.0
1737619200,1.4278,1.4326,1.392,1.4087,738539.0
1737633600,1.4089,1.4444,1.3738,1.4135,2674016.0
1737648000,1.4176,1.4634,1.3541,1.3561,2490525.0
1737662400,1.356,1.4302,1.3456,1.4185,3093157.0
1737676800,1.4207,1.4411,1.3553,1.3806,781735.0
1737691200,1.38,1.4479,1.3735,1.439,527689.0
1737705600,1.4387,1.4671,1.427,1.4595,954222.0
1737720000,1.4606,1.4757,1.425,1.4379,1466955.0
1737734400,1.4376,1.4461,1.4084,1.4112,1184205.0
1737748800,1.4121,1.4166,1.2615,1.2845,2848039.0
1737763200,1.2853,1.301,1.2254,1.2947,4436820.0
1737777600,1.2909,1.3323,1.2705,1.2778,6601893.0
1737792000,1.2781,1.2965,1.2571,1.2911,1962275.0
1737806400,1.2878,1.3189,1.2716,1.3161,2351444.0
1737820800,1.3163,1.3257,1.2932,1.3059,1263161.0
1737835200,1.3075,1.3114,1.277,1.2789,1252283.0
1737849600,1.2801,1.2994,1.2732,1.2959,1077382.0
1737864000,1.2957,1.3054,1.2759,1.2817,786574.0
1737878400,1.2823,1.2866,1.2529,1.2855,683373.0
1737892800,1.2849,1.3,1.2707,1.2882,2625452.0
1737907200,1.2867,1.3068,1.2776,1.2945,1655359.0
1737921600,1.2949,1.2976,1.2056,1.2109,3681162.0
1737936000,1.2104,1.2104,1.1411,1.1621,4117764.0
1737950400,1.1628,1.1651,1.0811,1.1217,2740111.0
1737964800,1.1189,1.1205,1.0795,1.1017,1953467.0
1737979200,1.1034,1.1526,1.096,1.1316,1913194.0
1737993600,1.1321,1.1376,1.0966,1.1085,1220972.0
1738008000,1.1085,1.1873,1.1085,1.1828,1729042.0
1738022400,1.1831,1.2042,1.1682,1.1805,960566.0
1738036800,1.1802,1.1961,1.1546,1.1554,993216.0
1738051200,1.1568,1.1599,1.1349,1.1376,1387761.0
1738065600,1.1379,1.1518,1.1165,1.1215,1006972.0
1738080000,1.1214,1.1228,1.0251,1.0367,5557652.0
1738094400,1.0372,1.0861,0.9753,1.0571,45982631.0
1738108800,1.0571,1.38,1.0538,1.2751,74493178.0
1738123200,1.2751,1.3687,1.237,1.3242,26205342.0
1738137600,1.3238,1.376,1.2971,1.337,11152185.0
1738152000,1.3363,1.3444,1.1675,1.2004,47795476.0
1738166400,1.2,1.2998,1.1624,1.2337,44966946.0
1738180800,1.2351,1.2872,1.1777,1.1839,21288243.0
1738195200,1.1835,1.2298,1.173,1.2277,7521496.0
1738209600,1.2265,1.233,1.1827,1.1948,3884727.0
1738224000,1.1951,1.2197,1.1879,1.2054,3208903.0
1738238400,1.2054,1.2621,1.183,1.2045,10295808.0
1738252800,1.205,1.25,1.1949,1.2017,4262196.0
1738267200,1.2029,1.203,1.1519,1.1534,4051995.0
1738281600,1.1534,1.1918,1.1319,1.1866,7613912.0
1738296000,1.1865,1.1992,1.1605,1.163,5664974.0
1738310400,1.1631,1.215,1.1564,1.2111,4054207.0
1738324800,1.2093,1.2837,1.2021,1.274,5871198.0
1738339200,1.2739,1.3181,1.1003,1.1823,72972930.0
1738353600,1.1814,1.1868,1.1136,1.1352,35379952.0
1738368000,1.1344,1.1764,1.1124,1.119,8180139.0
1738382400,1.1195,1.1464,1.1047,1.1125,4813294.0
1738396800,1.1125,1.1221,1.0847,1.0998,3443359.0
1738411200,1.0998,1.1171,1.0749,1.0887,5426505.0
1738425600,1.0895,1.1,1.0152,1.0299,8262698.0
1738440000,1.0313,1.0416,0.9932,1.0119,13372756.0
1738454400,1.0078,1.0265,0.9788,0.98066,9975270.0
1738468800,0.98097,1.0283,0.97934,1.0119,5441823.0
1738483200,1.0123,1.0191,0.97204,0.98162,3782728.0
1738497600,0.9804,1.0668,0.96637,1.038,12630914.0
1738512000,1.038,1.0526,0.92614,0.98547,28974514.0
1738526400,0.9841,1.0184,0.8725,0.95037,36336087.0
1738540800,0.9501,0.95011,0.63387,0.7314,63008822.0
1738555200,0.7312,0.76393,0.68264,0.76215,12374953.0
1738569600,0.7614,0.77445,0.72394,0.74272,6174759.0
1738584000,0.7434,0.82,0.69445,0.8037,22083670.0
1738598400,0.80361,0.87506,0.79867,0.86717,15062603.0
1738612800,0.86652,0.89789,0.8378,0.85991,25383967.0
1738627200,0.85985,0.89024,0.8391,0.84484,20595522.0
1738641600,0.8453,0.85278,0.74499,0.7488,15696982.0
1738656000,0.74831,0.7735,0.74693,0.762,4022199.0
1738670400,0.76259,0.8192,0.76259,0.79904,6752832.0
1738684800,0.7991,0.84664,0.79403,0.79506,8074769.0
1738699200,0.79506,0.80755,0.75609,0.80249,12867648.0
1738713600,0.80276,0.83894,0.7931,0.8312,7478317.0
1738728000,0.83149,0.85428,0.824,0.834,4767487.0
1738742400,0.8345,0.84992,0.8179,0.84033,4379427.0
1738756800,0.841,0.8436,0.80843,0.82193,2712680.0
1738771200,0.82297,0.82802,0.7819,0.80483,9658972.0
1738785600,0.80557,0.81014,0.77035,0.79344,2660517.0
1738800000,0.79863,0.81801,0.78576,0.80036,1987604.0
1738814400,0.80075,0.81717,0.79633,0.8041,960415.0
1738828800,0.80509,0.81949,0.78642,0.79299,1561364.0
1738843200,0.79305,0.79419,0.73439,0.73907,3175061.0
1738857600,0.73864,0.74435,0.71197,0.71648,5231033.0
1738872000,0.71682,0.73439,0.70075,0.712,2530854.0
1738886400,0.71116,0.74385,0.70904,0.724,1905744.0
1738900800,0.72396,0.735,0.70675,0.7327,1144378.0
1738915200,0.72979,0.75768,0.72646,0.75232,1045596.0
1738929600,0.75218,0.78191,0.73983,0.74344,5695013.0
1738944000,0.74433,0.75152,0.71575,0.71741,1787460.0
1738958400,0.71635,0.71635,0.64646,0.67719,4828176.0
1738972800,0.6775,0.68443,0.6638,0.6693,1852305.0
1738987200,0.66837,0.6874,0.66029,0.6837,3576397.0
1739001600,0.68339,0.69133,0.67279,0.68877,1282196.0
1739016000,0.68765,0.73684,0.68209,0.7057,6108884.0
1739030400,0.70727,0.73409,0.69747,0.72555,4421912.0
1739044800,0.72446,0.7259,0.70814,0.71865,2758332.0
1739059200,0.71793,0.73577,0.69503,0.73198,2880247.0
1739073600,0.72955,0.732,0.69915,0.70536,1957924.0
1739088000,0.70707,0.71191,0.69009,0.69009,861812.0
1739102400,0.69175,0.70496,0.67425,0.69574,2227739.0
1739116800,0.69578,0.69976,0.67196,0.6738,2482381.0
1739131200,0.6738,0.67802,0.61102,0.64284,7590279.0
1739145600,0.64566,0.66978,0.61706,0.6538,4661150.0
1739160000,0.65364,0.67319,0.64032,0.64887,5386690.0
1739174400,0.64874,0.66738,0.64366,0.66374,4613517.0
1739188800,0.66405,0.68744,0.65236,0.67212,7584709.0
1739203200,0.67263,0.68411,0.6636,0.67345,6068036.0
1739217600,0.67309,0.68866,0.6506,0.65729,8005927.0
1739232000,0.65868,0.69128,0.656,0.66135,6463195.0
1739246400,0.66135,0.69642,0.66019,0.6883,3103471.0
1739260800,0.68821,0.69767,0.66002,0.66737,3366750.0
1739275200,0.66663,0.66695,0.62467,0.64286,5404894.0
1739289600,0.64161,0.65135,0.61367,0.61733,10861052.0
1739304000,0.61731,0.63203,0.61226,0.62849,3800399.0
1739318400,0.6264,0.63255,0.58527,0.60101,4922733.0
1739332800,0.60234,0.60838,0.57731,0.58739,3985266.0
1739347200,0.5873,0.59883,0.57698,0.59451,1705726.0
1739361600,0.59486,0.60827,0.55011,0.57381,10021717.0
1739376000,0.57434,0.603,0.55491,0.59655,9550392.0
1739390400,0.59776,0.62282,0.58838,0.60488,4978391.0
1739404800,0.60482,0.62656,0.59827,0.62038,2981124.0
1739419200,0.62317,0.62317,0.59203,0.59413,2684892.0
1739433600,0.59474,0.60278,0.58194,0.59068,1324490.0
1739448000,0.59094,0.5934,0.57369,0.58149,2221343.0
1739462400,0.5814,0.61375,0.57126,0.60291,2323073.0
1739476800,0.60234,0.60785,0.57961,0.58903,6421103.0
1739491200,0.59021,0.6123,0.58466,0.6099,2055059.0
1739505600,0.61015,0.6498,0.60789,0.64071,8544248.0
1739520000,0.64055,0.7263,0.64055,0.71122,7378960.0
1739534400,0.71112,0.74481,0.69329,0.74271,6410617.0
1739548800,0.74369,0.79731,0.7253,0.77585,7720107.0
1739563200,0.77561,0.77707,0.71009,0.72897,15844253.0
1739577600,0.72905,0.72905,0.70055,0.70934,15059925.0
1739592000,0.70982,0.71333,0.6878,0.69626,5241216.0
1739606400,0.69633,0.7166,0.68274,0.69231,4319896.0
1739620800,0.69272,0.70287,0.67852,0.6849,2131958.0
1739635200,0.68538,0.6963,0.67628,0.68574,5557265.0
1739649600,0.6866,0.69128,0.675,0.68831,4034420.0
1739664000,0.6869,0.6986,0.6766,0.69818,3736048.0
1739678400,0.69806,0.70485,0.66875,0.67183,6415839.0
1739692800,0.67159,0.6891,0.66573,0.68849,4097985.0
1739707200,0.68882,0.69111,0.65684,0.66891,2117408.0
1739721600,0.669,0.67328,0.64755,0.65954,1437031.0
1739736000,0.65872,0.66572,0.64566,0.65796,1983215.0
1739750400,0.65754,0.67365,0.65602,0.67183,1543173.0
1739764800,0.6713,0.67354,0.63685,0.65688,4194810.0
1739779200,0.65599,0.70124,0.6537,0.68595,8043623.0
1739793600,0.68745,0.7001,0.655,0.6589,2809940.0
1739808000,0.65821,0.66128,0.61706,0.62287,10690414.0
1739822400,0.62354,0.6484,0.62055,0.6301,5039357.0
1739836800,0.63105,0.63766,0.62129,0.62744,6628035.0
1739851200,0.6263,0.62897,0.60332,0.61373,1366461.0
1739865600,0.6132,0.63133,0.6027,0.6288,5509112.0
1739880000,0.62867,0.63123,0.58244,0.58454,5389395.0
1739894400,0.58559,0.60184,0.57574,0.59712,6178502.0
1739908800,0.59624,0.62117,0.59583,0.61498,11530109.0
1739923200,0.61557,0.62206,0.6123,0.61734,3408056.0
1739937600,0.61737,0.63899,0.60668,0.63407,6146292.0
1739952000,0.63423,0.6394,0.6239,0.63122,2134440.0
1739966400,0.63125,0.63431,0.61326,0.62056,6426069.0
1739980800,0.62075,0.63017,0.61084,0.6155,1163815.0
1739995200,0.6143,0.62176,0.59641,0.6083,7700684.0
1740009600,0.6083,0.62682,0.60572,0.6201,2992123.0
1740024000,0.62002,0.62933,0.60904,0.6153,1102429.0
1740038400,0.61437,0.62751,0.61038,0.6255,1117726.0
1740052800,0.62685,0.62867,0.59986,0.60364,2255240.0
1740067200,0.60381,0.63451,0.6009,0.6328,2875880.0
1740081600,0.63352,0.64764,0.62778,0.646,2144797.0
1740096000,0.64634,0.65507,0.63565,0.63997,1584497.0
1740110400,0.64047,0.66013,0.63971,0.65035,2032347.0
1740124800,0.65143,0.6885,0.6505,0.67666,3082081.0
1740139200,0.67694,0.72844,0.66433,0.67791,6178348.0
1740153600,0.67839,0.69555,0.63126,0.63725,10696751.0
1740168000,0.63765,0.65724,0.63127,0.64359,3784345.0
1740182400,0.64335,0.65273,0.63248,0.63911,2627700.0
1740196800,0.63917,0.64603,0.63471,0.63964,608819.0
1740211200,0.64091,0.68246,0.63908,0.68012,5952057.0
1740225600,0.68049,0.71208,0.67069,0.7022,1256024.0
1740240000,0.7021,0.714,0.6914,0.70268,13123205.0
1740254400,0.70148,0.71777,0.6953,0.7033,8017597.0
1740268800,0.7035,0.7035,0.6817,0.6826,2420148.0
1740283200,0.68303,0.68795,0.67255,0.68471,1427947.0
1740297600,0.68415,0.6851,0.66468,0.6675,752478.0
1740312000,0.6671,0.67464,0.65825,0.65919,5208736.0
1740326400,0.659,0.66983,0.65712,0.66051,7560139.0
1740340800,0.66067,0.66615,0.6512,0.65831,7269046.0
1740355200,0.6588,0.66755,0.63254,0.63598,1720118.0
1740369600,0.63501,0.6394,0.62034,0.6241,11263963.0
1740384000,0.62528,0.62528,0.60247,0.61384,2865873.0
1740398400,0.61401,0.63105,0.59409,0.60622,5491176.0
1740412800,0.60637,0.6128,0.5866,0.5909,1751039.0
1740427200,0.59152,0.60378,0.53674,0.55536,7327517.0
1740441600,0.55541,0.56148,0.53178,0.54291,6581620.0
1740456000,0.5428,0.54899,0.50765,0.52539,6234712.0
1740470400,0.5251,0.53604,0.50183,0.533,8022337.0
1740484800,0.53343,0.54031,0.50929,0.53182,3046198.0
1740499200,0.53164,0.55115,0.52767,0.54688,7864795.0
1740513600,0.5472,0.56592,0.54336,0.54917,9117561.0
1740528000,0.54969,0.58584,0.5489,0.57198,1277837.0
1740542400,0.57145,0.57416,0.55524,0.56025,2216351.0
1740556800,0.56031,0.56422,0.54515,0.54676,2033708.0
1740571200,0.54677,0.57456,0.5365,0.5705,2511480.0
1740585600,0.57192,0.57399,0.53771,0.54488,3944658.0
1740600000,0.54577,0.59282,0.54373,0.57877,5756567.0
1740614400,0.5808,0.59468,0.56896,0.59179,2607103.0
1740628800,0.59098,0.61957,0.58106,0.60975,1807081.0
1740643200,0.60988,0.61134,0.59123,0.59368,1421599.0
1740657600,0.5949,0.5997,0.57921,0.59271,2446247.0
1740672000,0.59532,0.5959,0.57336,0.5772,676567.0
1740686400,0.57711,0.58923,0.56394,0.58562,1112760.0
1740700800,0.58592,0.58967,0.55181,0.5565,3947871.0
1740715200,0.5565,0.58092,0.54723,0.56297,3034835.0
1740729600,0.55948,0.58124,0.55234,0.5657,1517537.0
1740744000,0.5659,0.6172,0.55618,0.61282,4300296.0
1740758400,0.61244,0.63105,0.61014,0.6205,2238095.0
1740772800,0.62075,0.6462,0.61745,0.6285,1437612.0
1740787200,0.62932,0.66309,0.61827,0.65689,2042618.0
1740801600,0.6569,0.66355,0.64255,0.64556,947566.0
1740816000,0.64579,0.64652,0.61299,0.6142,732146.0
1740830400,0.6153,0.62491,0.596,0.6019,939210.0
1740844800,0.6016,0.6065,0.58934,0.5983,1149128.0
1740859200,0.59756,0.61921,0.59536,0.61004,703757.0
1740873600,0.61128,0.62876,0.60655,0.62712,1686032.0
1740888000,0.62682,0.6357,0.61617,0.63162,1066693.0
1740902400,0.63092,0.67742,0.62651,0.6716,1517872.0
1740916800,0.67193,0.71691,0.64722,0.69039,6881117.0
1740931200,0.69232,0.78337,0.68591,0.7631,14669530.0
1740945600,0.76221,0.76919,0.7479,0.76162,2370080.0
1740960000,0.76207,0.7721,0.73795,0.76732,2279423.0
1740974400,0.76846,0.7888,0.73534,0.76293,9202145.0
1740988800,0.76289,0.78599,0.75422,0.76836,5356325.0
1741003200,0.76853,0.78474,0.7215,0.72442,12556244.0
1741017600,0.72438,0.72782,0.65396,0.65696,10964195.0
1741032000,0.65694,0.66446,0.63193,0.6436,10583639.0
1741046400,0.64359,0.64946,0.58231,0.60389,23543690.0
1741060800,0.60466,0.62465,0.59833,0.60351,2506117.0
1741075200,0.60314,0.60531,0.58455,0.59115,10911711.0
1741089600,0.59073,0.60999,0.56571,0.5814,5187636.0
1741104000,0.58262,0.58756,0.53708,0.57852,11876058.0
1741118400,0.5785,0.59749,0.55914,0.57399,9680890.0
1741132800,0.57394,0.57833,0.55945,0.56176,2286042.0
1741147200,0.5615,0.57936,0.56142,0.57356,3168745.0
1741161600,0.5728,0.61568,0.57245,0.5817,2179455.0
1741176000,0.5816,0.59636,0.55894,0.5659,4960515.0
1741190400,0.56566,0.58755,0.55135,0.58301,5875843.0
1741204800,0.58304,0.58961,0.57979,0.58202,5897286.0
1741219200,0.58256,0.58896,0.56903,0.5815,4099395.0
1741233600,0.5818,0.59436,0.57539,0.58452,4706943.0
1741248000,0.58311,0.60013,0.58311,0.59933,1010565.0
1741262400,0.59931,0.60083,0.57503,0.58957,4791156.0
1741276800,0.59016,0.59404,0.55658,0.5665,5930658.0
1741291200,0.56542,0.57823,0.5617,0.57084,2090377.0
1741305600,0.57073,0.58132,0.5249,0.5574,8195644.0
1741320000,0.55701,0.56005,0.54149,0.54828,737209.0
1741334400,0.54897,0.56538,0.54352,0.5564,1010108.0
1741348800,0.55654,0.56795,0.54401,0.55231,1563197.0
1741363200,0.55195,0.57557,0.53381,0.56222,1875806.0
1741377600,0.5624,0.56367,0.52873,0.53329,4596698.0
1741392000,0.5337,0.53943,0.51477,0.5206,3716076.0
1741406400,0.52084,0.52658,0.51387,0.5166,1111628.0
1741420800,0.51656,0.54599,0.51633,0.52034,5010186.0
1741435200,0.52129,0.5273,0.51201,0.52341,1503556.0
1741449600,0.523,0.53763,0.51128,0.5368,744068.0
1741464000,0.53865,0.54213,0.52665,0.53375,458706.0
1741478400,0.5334,0.53888,0.51161,0.521,827587.0
1741492800,0.51994,0.5289,0.50901,0.51392,833611.0
1741507200,0.51361,0.5161,0.477,0.48505,2403441.0
1741521600,0.48507,0.48624,0.46508,0.46698,2500521.0
1741536000,0.46708,0.47346,0.42916,0.44833,4650038.0
1741550400,0.4483,0.454,0.43747,0.44121,1400632.0
1741564800,0.44198,0.46439,0.44017,0.45243,2085739.0
1741579200,0.4528,0.46823,0.45221,0.46649,881403.0
1741593600,0.4652,0.48775,0.46132,0.48243,2160648.0
1741608000,0.4827,0.49358,0.4547,0.46341,4029375.0
1741622400,0.46359,0.46494,0.42425,0.4449,3855850.0
1741636800,0.44717,0.45053,0.42508,0.42735,7419601.0
1741651200,0.42855,0.43826,0.39513,0.43236,5472896.0
1741665600,0.43211,0.45028,0.4309,0.4444,3167471.0
1741680000,0.44362,0.45419,0.44159,0.44874,764535.0
1741694400,0.45,0.46065,0.42892,0.45301,4495577.0
1741708800,0.45289,0.47253,0.4422,0.46369,1667470.0
1741723200,0.46403,0.46403,0.44633,0.448,642703.0
1741737600,0.44824,0.46027,0.43423,0.43497,2288488.0
1741752000,0.43483,0.44704,0.42811,0.44443,693103.0
1741766400,0.44411,0.4592,0.44141,0.4499,1055146.0
1741780800,0.45033,0.47577,0.4349,0.44536,3417782.0
1741795200,0.44501,0.45949,0.44386,0.45563,10851904.0
1741809600,0.45552,0.48017,0.45207,0.47956,1982601.0
1741824000,0.4802,0.49868,0.472,0.49182,3158830.0
1741838400,0.491,0.491,0.46755,0.477,2808656.0
1741852800,0.47676,0.49708,0.47424,0.47798,3894963.0
1741867200,0.47817,0.4859,0.46143,0.47247,6468894.0
1741881600,0.47191,0.4723,0.45447,0.45929,7070396.0
1741896000,0.45918,0.4747,0.4538,0.47005,1842897.0
1741910400,0.46994,0.4862,0.46845,0.48394,1027504.0
1741924800,0.4831,0.49472,0.47952,0.48929,2840439.0
1741939200,0.49018,0.49809,0.48712,0.49345,811666.0
1741953600,0.49357,0.5262,0.48845,0.52316,4917238.0
1741968000,0.52319,0.52817,0.50701,0.50884,4232509.0
1741982400,0.5082,0.51541,0.50097,0.50765,2317007.0
1741996800,0.50823,0.5119,0.50173,0.51032,496033.0
1742011200,0.51119,0.51551,0.50089,0.50251,1859691.0
1742025600,0.50256,0.50666,0.4923,0.49932,1400106.0
1742040000,0.4994,0.5053,0.49386,0.50303,1093152.0
1742054400,0.50407,0.50626,0.49249,0.49679,1329999.0
1742068800,0.49728,0.5056,0.49728,0.5014,849318.0
1742083200,0.50111,0.50151,0.4935,0.50044,743263.0
1742097600,0.49999,0.50051,0.48852,0.49188,947780.0
1742112000,0.49205,0.49741,0.475,0.48189,2601846.0
1742126400,0.4817,0.48272,0.46719,0.47292,1680167.0
1742140800,0.4731,0.48604,0.4644,0.46489,1305039.0
1742155200,0.46531,0.47079,0.45944,0.46501,1546687.0
1742169600,0.46507,0.48112,0.46444,0.4807,1646898.0
1742184000,0.48213,0.48928,0.47281,0.48594,1105672.0
1742198400,0.48622,0.49077,0.47959,0.48541,696026.0
1742212800,0.48529,0.49265,0.4723,0.48117,952547.0
1742227200,0.4829,0.51605,0.47884,0.5075,2564261.0
1742241600,0.50797,0.50877,0.49634,0.50053,861674.0
1742256000,0.50003,0.50024,0.47564,0.47728,1114729.0
1742270400,0.47708,0.482,0.4701,0.4755,897871.0
1742284800,0.47525,0.4802,0.46085,0.46246,826071.0
1742299200,0.4622,0.4638,0.45333,0.45391,656010.0
1742313600,0.45343,0.4632,0.45044,0.4621,436776.0
1742328000,0.46447,0.48088,0.4612,0.4798,460517.0
1742342400,0.48057,0.48859,0.47816,0.48503,1974286.0
1742356800,0.4852,0.48638,0.47757,0.47768,1420161.0
1742371200,0.47782,0.49652,0.47782,0.4944,1522760.0
1742385600,0.494,0.50425,0.49084,0.49931,3608016.0
1742400000,0.5005,0.5086,0.48281,0.49944,1693895.0
1742414400,0.50018,0.52172,0.49876,0.51729,2136098.0
1742428800,0.51767,0.52346,0.49684,0.4977,5343453.0
1742443200,0.49817,0.4997,0.49244,0.49438,1416453.0
1742457600,0.49434,0.50118,0.48266,0.48757,1741833.0
1742472000,0.48699,0.49709,0.48451,0.48647,1096422.0
1742486400,0.48628,0.49442,0.48082,0.48984,997497.0
1742500800,0.48954,0.5067,0.48835,0.50632,678529.0
1742515200,0.50602,0.53457,0.50553,0.52142,13126973.0
1742529600,0.52202,0.52442,0.50079,0.50266,2593479.0
1742544000,0.50343,0.50504,0.48404,0.48893,1300235.0
1742558400,0.48892,0.49459,0.48213,0.48418,1268871.0
1742572800,0.48407,0.49756,0.48161,0.489,1510411.0
1742587200,0.48893,0.50471,0.48698,0.4877,9371476.0
1742601600,0.48819,0.49503,0.48517,0.49483,860198.0
1742616000,0.49453,0.51814,0.49217,0.51447,2648656.0
1742630400,0.51525,0.5242,0.51469,0.52186,976870.0
1742644800,0.52193,0.52589,0.5056,0.52108,1697950.0
1742659200,0.52058,0.5277,0.51626,0.51825,915597.0
1742673600,0.51815,0.5193,0.5068,0.50738,2859174.0
1742688000,0.50738,0.51925,0.5046,0.51925,1680306.0
1742702400,0.5199,0.52,0.50574,0.5118,1953591.0
1742716800,0.51251,0.53605,0.50896,0.53347,4258301.0
1742731200,0.53423,0.53566,0.50773,0.50948,1683635.0
1742745600,0.50984,0.51144,0.4975,0.50084,5964473.0
1742760000,0.50084,0.51703,0.50071,0.51703,2718673.0
1742774400,0.51598,0.54434,0.50493,0.54265,3397268.0
1742788800,0.54393,0.55759,0.54288,0.54821,1782252.0
1742803200,0.54742,0.55966,0.54539,0.55689,3132138.0
1742817600,0.5575,0.57901,0.55195,0.5629,4913612.0
1742832000,0.56244,0.56768,0.5509,0.55634,4068559.0
1742846400,0.55568,0.55839,0.54777,0.55749,3046023.0
1742860800,0.55749,0.57049,0.54207,0.544,2648904.0
1742875200,0.54362,0.5511,0.5381,0.54819,1466893.0
1742889600,0.54826,0.55456,0.53884,0.53958,834059.0
1742904000,0.53947,0.55101,0.53407,0.54393,3617213.0
1742918400,0.54377,0.55318,0.54092,0.55009,1364126.0
1742932800,0.55021,0.55397,0.54427,0.54901,753529.0
1742947200,0.549,0.55322,0.53839,0.5403,602845.0
1742961600,0.53976,0.57625,0.53976,0.57381,1874517.0
1742976000,0.57388,0.59031,0.55555,0.58352,4436804.0
1742990400,0.58396,0.58396,0.53843,0.53858,6605164.0
1743004800,0.53856,0.54498,0.52465,0.53409,2118906.0
1743019200,0.53396,0.53979,0.52232,0.52796,4814303.0
1743033600,0.52771,0.55824,0.52512,0.55737,1791927.0
1743048000,0.55766,0.56028,0.54079,0.54391,993377.0
1743062400,0.54471,0.54842,0.51626,0.51764,952497.0
1743076800,0.51709,0.5324,0.50951,0.52094,1902514.0
1743091200,0.52058,0.52631,0.51624,0.51992,1680718.0
1743105600,0.51946,0.52614,0.51517,0.5204,1093953.0
1743120000,0.52033,0.52672,0.51219,0.51766,737159.0
1743134400,0.5176,0.51849,0.48726,0.48768,1710497.0
1743148800,0.48811,0.49132,0.4756,0.4792,1299445.0
1743163200,0.4791,0.48082,0.4625,0.46442,998329.0
1743177600,0.46581,0.46737,0.45579,0.45855,1590186.0
1743192000,0.45762,0.46259,0.4528,0.46055,1472138.0
1743206400,0.46052,0.4669,0.44886,0.45922,1364707.0
1743220800,0.45933,0.45933,0.44269,0.44426,1529199.0
1743235200,0.44438,0.44916,0.43037,0.43517,1081305.0
1743249600,0.4353,0.44171,0.43027,0.43134,1582795.0
1743264000,0.43174,0.43295,0.4214,0.4282,624832.0
1743278400,0.42789,0.43257,0.4212,0.4319,518986.0
1743292800,0.43185,0.4391,0.4274,0.43532,1839896.0
1743307200,0.43516,0.44138,0.43388,0.43698,1205637.0
1743321600,0.4372,0.44319,0.43392,0.4363,881956.0
1743336000,0.43683,0.43887,0.42956,0.43378,1057854.0
1743350400,0.43405,0.44483,0.42812,0.4382,957345.0
1743364800,0.43842,0.44206,0.4299,0.4366,853040.0
1743379200,0.4367,0.44208,0.42479,0.43107,1047221.0
1743393600,0.432,0.43855,0.423,0.42618,630028.0
1743408000,0.42651,0.43127,0.41743,0.42657,881486.0
1743422400,0.4268,0.43777,0.41986,0.43341,1103953.0
1743436800,0.43333,0.43602,0.4182,0.42031,1362786.0
1743451200,0.41943,0.4232,0.41414,0.41956,528486.0
1743465600,0.42025,0.43478,0.4189,0.42953,2507050.0
1743480000,0.43043,0.4382,0.4293,0.43176,511929.0
1743494400,0.4318,0.44552,0.42299,0.42542,2606735.0
1743508800,0.42572,0.43783,0.41484,0.43536,3118991.0
1743523200,0.43573,0.43699,0.41939,0.42179,1547349.0
1743537600,0.42166,0.42806,0.41712,0.42232,644132.0
1743552000,0.42238,0.4233,0.39883,0.41016,3156505.0
1743566400,0.41037,0.41888,0.4027,0.40713,889127.0
1743580800,0.40694,0.4203,0.40573,0.4136,702188.0
1743595200,0.41389,0.4235,0.40475,0.4191,2382421.0
1743609600,0.41958,0.42283,0.40732,0.41692,2998976.0
1743624000,0.41698,0.43055,0.36946,0.37377,5187093.0
1743638400,0.37306,0.39154,0.37265,0.38854,1005371.0
1743652800,0.38832,0.39224,0.37415,0.37982,1842408.0
1743667200,0.37922,0.38215,0.35937,0.36415,1836375.0
1743681600,0.36416,0.3673,0.35307,0.36681,3313903.0
1743696000,0.36647,0.37743,0.36476,0.37712,4258714.0
1743710400,0.37749,0.38497,0.37597,0.38324,4178681.0
1743724800,0.38359,0.38895,0.38075,0.38748,562534.0
1743739200,0.38762,0.38884,0.37905,0.3813,2067634.0
1743753600,0.38157,0.3844,0.36176,0.37,1000264.0
1743768000,0.36926,0.3882,0.3662,0.37858,6435813.0
1743782400,0.37836,0.38959,0.37515,0.3817,1226675.0
1743796800,0.38227,0.39149,0.3822,0.38805,802384.0
1743811200,0.38824,0.39298,0.38405,0.38641,752440.0
1743825600,0.3866,0.3914,0.38297,0.39109,455512.0
1743840000,0.39137,0.39332,0.38699,0.38739,707262.0
1743854400,0.38738,0.38841,0.37647,0.37858,3249496.0
1743868800,0.37865,0.383,0.37718,0.3794,1423270.0
1743883200,0.37991,0.38701,0.3793,0.38619,1045695.0
1743897600,0.38617,0.38617,0.37816,0.37937,488381.0
1743912000,0.37933,0.38273,0.37494,0.37524,331227.0
1743926400,0.37524,0.3797,0.37034,0.3721,695520.0
1743940800,0.3719,0.37354,0.3511,0.36263,3161767.0
1743955200,0.36287,0.36396,0.3363,0.34154,11087240.0
1743969600,0.34125,0.34259,0.32745,0.33465,9185175.0
1743984000,0.33433,0.34465,0.32283,0.32666,5269164.0
1743998400,0.32697,0.33724,0.30439,0.31413,9623370.0
1744012800,0.31443,0.33517,0.31216,0.32693,6619663.0
1744027200,0.32727,0.36013,0.32569,0.34634,10429464.0
1744041600,0.34615,0.35355,0.33993,0.34421,5122172.0
1744056000,0.34444,0.35124,0.34301,0.34301,1950735.0
1744070400,0.34323,0.35726,0.34073,0.3466,2040105.0
1744084800,0.34715,0.34831,0.33687,0.3407,749314.0
1744099200,0.34097,0.3448,0.33494,0.34314,751668.0
1744113600,0.3433,0.3463,0.33138,0.3335,1470414.0
1744128000,0.33361,0.33508,0.31977,0.32117,2407190.0
1744142400,0.32194,0.32666,0.3166,0.31896,7969716.0
1744156800,0.31941,0.32319,0.30431,0.31909,8552422.0
1744171200,0.31888,0.33707,0.31865,0.33689,5153609.0
1744185600,0.33679,0.33999,0.32769,0.33043,1677116.0
1744200000,0.33031,0.33799,0.32524,0.33455,2550644.0
1744214400,0.33423,0.3725,0.33368,0.36851,7299361.0
1744228800,0.36887,0.37958,0.36843,0.37112,5119823.0
1744243200,0.37137,0.37279,0.3604,0.36559,1436326.0
1744257600,0.36563,0.37628,0.36208,0.37346,4334957.0
1744272000,0.37354,0.37504,0.36127,0.36452,3075210.0
1744286400,0.36407,0.373,0.35366,0.35552,5306418.0
1744300800,0.3559,0.36088,0.35226,0.3572,1208663.0
1744315200,0.35729,0.36847,0.35729,0.36563,1221950.0
1744329600,0.36543,0.3784,0.36438,0.37458,1747218.0
1744344000,0.3744,0.39024,0.37115,0.37724,2582719.0
1744358400,0.37723,0.3904,0.37465,0.3841,2296622.0
1744372800,0.3846,0.39239,0.38089,0.39128,2460964.0
1744387200,0.39137,0.39989,0.38672,0.3974,2552188.0
1744401600,0.39737,0.41041,0.3929,0.39638,4229787.0
1744416000,0.3962,0.39799,0.38913,0.3936,2582718.0
1744430400,0.39327,0.42729,0.39019,0.42653,5972252.0
1744444800,0.42712,0.43606,0.41818,0.42237,5162755.0
1744459200,0.42247,0.44721,0.41989,0.44721,6468431.0
1744473600,0.4467,0.4654,0.44224,0.46195,9579727.0
1744488000,0.46248,0.48077,0.45776,0.46703,10497037.0
1744502400,0.46741,0.47463,0.45313,0.45326,11054051.0
1744516800,0.45303,0.46066,0.44975,0.45744,1392740.0
1744531200,0.4575,0.47823,0.45424,0.46652,6157718.0
1744545600,0.46652,0.47486,0.45514,0.4572,3270460.0
1744560000,0.45701,0.47702,0.4527,0.459,9360667.0
1744574400,0.45875,0.46395,0.43657,0.44442,9093274.0
1744588800,0.44442,0.48202,0.44326,0.459,35063616.0
1744603200,0.45926,0.46057,0.44537,0.4486,5822737.0
1744617600,0.44881,0.45404,0.4423,0.44962,2618674.0
1744632000,0.44977,0.45447,0.42666,0.42731,9024969.0
1744646400,0.42801,0.4434,0.42,0.43679,10396048.0
1744660800,0.43683,0.43772,0.42634,0.43041,6177387.0
1744675200,0.43102,0.43665,0.42555,0.42871,1850807.0
1744689600,0.42852,0.43313,0.42171,0.4273,4124383.0
1744704000,0.42672,0.43462,0.40761,0.41218,4239840.0
1744718400,0.41205,0.4186,0.39835,0.40093,14773225.0
1744732800,0.40133,0.40253,0.39219,0.39444,2201415.0
1744747200,0.39446,0.39659,0.38674,0.38809,2697316.0
1744761600,0.3882,0.38942,0.3748,0.37932,4170522.0
1744776000,0.37933,0.37964,0.36827,0.36959,1497087.0
1744790400,0.36998,0.37587,0.36742,0.3722,3779611.0
1744804800,0.37203,0.38132,0.36749,0.3732,7364742.0
1744819200,0.37337,0.38194,0.36222,0.37992,11542107.0
1744833600,0.37981,0.38712,0.376,0.37827,5208916.0
1744848000,0.37855,0.3814,0.37207,0.37731,3105835.0
1744862400,0.37712,0.384,0.37499,0.37838,1294172.0
1744876800,0.37855,0.38132,0.37397,0.37538,1180930.0
1744891200,0.37526,0.38151,0.36863,0.37844,3103663.0
1744905600,0.37854,0.40194,0.37722,0.37812,5543521.0
1744920000,0.37797,0.38502,0.37171,0.37614,3797017.0
1744934400,0.3762,0.38631,0.3762,0.3806,2620089.0
1744948800,0.38032,0.39608,0.3773,0.39565,1398115.0
1744963200,0.3953,0.41131,0.39244,0.40208,4659194.0
1744977600,0.40188,0.40962,0.39664,0.39916,2310277.0
1744992000,0.39906,0.40191,0.39523,0.39561,1787066.0
1745006400,0.39561,0.40267,0.3939,0.40207,3823902.0
1745020800,0.40197,0.40494,0.39185,0.40209,2996240.0
1745035200,0.402,0.40841,0.39966,0.4022,2311748.0
1745049600,0.40236,0.40831,0.40091,0.40266,1464811.0
1745064000,0.40271,0.41101,0.40102,0.408,1661722.0
1745078400,0.40788,0.4158,0.40462,0.40839,6174900.0
1745092800,0.40897,0.41922,0.40736,0.4171,1345863.0
1745107200,0.41731,0.43211,0.41391,0.42998,1360653.0
1745121600,0.43034,0.44141,0.42719,0.43008,1468679.0
1745136000,0.42,0.42248,0.417,0.41873,561740.0
1745150400,0.41861,0.43247,0.4184,0.42022,3649799.0
1745164800,0.41964,0.43172,0.41791,0.43061,1355590.0
1745179200,0.43058,0.43952,0.42527,0.42831,3306163.0
1745193600,0.4282,0.45908,0.42728,0.43616,2966317.0
1745208000,0.43594,0.45019,0.43403,0.44001,1091038.0
1745222400,0.44004,0.44621,0.4337,0.4353,444179.0
1745236800,0.43572,0.44744,0.43327,0.44317,2257519.0
1745251200,0.44346,0.448,0.42799,0.43692,2705882.0
1745265600,0.4371,0.43925,0.42,0.42373,2088911.0
1745280000,0.42259,0.44235,0.41454,0.42831,4493492.0
1745294400,0.42837,0.43954,0.41839,0.43954,6154708.0
1745308800,0.43952,0.45017,0.43338,0.44821,3917599.0
1745323200,0.44769,0.48036,0.44606,0.47249,13441984.0
1745337600,0.47271,0.47942,0.46444,0.47313,8098369.0
1745352000,0.4733,0.51003,0.47209,0.50075,5947655.0
1745366400,0.50118,0.5582,0.50118,0.55565,7716663.0
1745380800,0.55525,0.56084,0.53907,0.54549,6228029.0
1745395200,0.54563,0.56846,0.53868,0.55953,11494669.0
1745409600,0.5605,0.58461,0.5384,0.55268,13494024.0
1745424000,0.55265,0.55988,0.53386,0.53834,6713889.0
1745438400,0.53865,0.54526,0.53244,0.53934,2791876.0
1745452800,0.53918,0.54146,0.51489,0.51489,2955064.0
1745467200,0.51481,0.53885,0.51286,0.52533,3766732.0
1745481600,0.52572,0.5288,0.50858,0.52337,3195735.0
1745496000,0.52394,0.55798,0.5224,0.54278,10174546.0
1745510400,0.54365,0.55676,0.53221,0.5451,4056387.0
1745524800,0.54531,0.55966,0.54023,0.555,4467153.0
1745539200,0.555,0.56566,0.5448,0.55052,2661669.0
1745553600,0.54999,0.5758,0.5443,0.57364,3410387.0
1745568000,0.5744,0.63042,0.57434,0.62724,6918463.0
1745582400,0.62792,0.6696,0.61702,0.64058,11070036.0
1745596800,0.64058,0.6531,0.61999,0.6235,8229457.0
1745611200,0.62348,0.6425,0.61667,0.63893,3260395.0
1745625600,0.63893,0.72019,0.63893,0.69485,7790623.0
1745640000,0.69435,0.70313,0.6569,0.68364,5823797.0
1745654400,0.68354,0.6918,0.63483,0.63955,6587226.0
1745668800,0.63962,0.65827,0.629,0.6568,4725745.0
1745683200,0.65603,0.65849,0.64619,0.64919,2045431.0
1745697600,0.6501,0.65736,0.64486,0.65177,867253.0
1745712000,0.6519,0.6546,0.62235,0.65072,2211873.0
1745726400,0.65,0.6504,0.63122,0.64274,718312.0
1745740800,0.64216,0.64461,0.62067,0.62383,1436340.0
1745755200,0.62324,0.6321,0.60834,0.62012,3637380.0
1745769600,0.621,0.6442,0.61349,0.62948,1029390.0
1745784000,0.6301,0.63515,0.61268,0.61549,740511.0
1745798400,0.61568,0.625,0.59617,0.61995,9033146.0
1745812800,0.62009,0.65553,0.61771,0.65022,11311429.0
1745827200,0.65053,0.66892,0.64363,0.65818,3723134.0
1745841600,0.65886,0.65989,0.60076,0.60473,6870961.0
1745856000,0.60458,0.62583,0.59641,0.62188,1831439.0
1745870400,0.62229,0.62958,0.61338,0.61841,1092900.0
1745884800,0.6186,0.62676,0.603,0.60943,3992127.0
1745899200,0.61004,0.61897,0.59241,0.61676,4226371.0
1745913600,0.61746,0.6194,0.58268,0.59436,8204172.0
1745928000,0.59445,0.60707,0.5777,0.60333,4290683.0
1745942400,0.6034,0.6182,0.60111,0.61459,3364643.0
1745956800,0.61529,0.61858,0.5898,0.603,6331319.0
1745971200,0.60402,0.62057,0.60016,0.61117,4807558.0
1745985600,0.61137,0.61786,0.59268,0.5949,2625133.0
1746000000,0.59519,0.61423,0.59422,0.6103,3000255.0
1746014400,0.61084,0.61084,0.56095,0.59073,9089292.0
1746028800,0.59123,0.60756,0.58404,0.60461,1919344.0
1746043200,0.60434,0.63777,0.60391,0.6326,3039833.0
1746057600,0.6327,0.65929,0.6278,0.63454,2570730.0
1746072000,0.63492,0.64204,0.62785,0.63055,1431261.0
1746086400,0.62991,0.66182,0.6189,0.6447,5672476.0
1746100800,0.64549,0.65448,0.62526,0.63438,4292626.0
1746115200,0.63394,0.64128,0.61634,0.61764,2569024.0
1746129600,0.61801,0.6289,0.60702,0.61568,4799336.0
1746144000,0.61597,0.64509,0.61342,0.62559,3970356.0
1746158400,0.6255,0.62751,0.59926,0.6004,4988208.0
1746172800,0.60021,0.61473,0.59842,0.60673,2656474.0
1746187200,0.60668,0.62211,0.60185,0.61489,2731290.0
1746201600,0.61504,0.6556,0.61504,0.6342,9728012.0
1746216000,0.63489,0.65662,0.63484,0.64548,5622805.0
1746230400,0.64536,0.6486,0.62636,0.62844,2889038.0
1746244800,0.6284,0.6315,0.6035,0.60699,4580348.0
1746259200,0.60741,0.60827,0.5804,0.583,6214803.0
1746273600,0.583,0.59654,0.583,0.59,1361217.0
1746288000,0.59011,0.59028,0.56807,0.57794,2496009.0
1746302400,0.57813,0.58002,0.567,0.56809,1019521.0
1746316800,0.56915,0.57473,0.55968,0.56094,1179550.0
1746331200,0.56114,0.5704,0.55713,0.56053,1020164.0
1746345600,0.56094,0.56414,0.55083,0.55732,903836.0
1746360000,0.55714,0.56449,0.54764,0.5531,614731.0
1746374400,0.5531,0.55737,0.53619,0.54042,1228566.0
1746388800,0.54133,0.5524,0.5389,0.5486,766171.0
1746403200,0.5478,0.55935,0.5365,0.55243,1768796.0
1746417600,0.55212,0.56767,0.5496,0.5583,1927742.0
1746432000,0.55836,0.56357,0.53406,0.5408,2075568.0
1746446400,0.54048,0.54671,0.53218,0.53567,1786390.0
1746460800,0.53566,0.55824,0.53354,0.54378,1034231.0
1746475200,0.54436,0.5574,0.53353,0.54788,1190387.0
1746489600,0.54844,0.55868,0.53707,0.55649,584434.0
1746504000,0.55744,0.56953,0.55563,0.56007,557196.0
1746518400,0.56019,0.56024,0.52221,0.52684,1476459.0
1746532800,0.52751,0.54615,0.52328,0.53451,2104573.0
1746547200,0.53439,0.55261,0.52742,0.5405,1106550.0
1746561600,0.5406,0.56573,0.52303,0.5618,3189409.0
1746576000,0.56213,0.59022,0.561,0.57991,5610056.0
1746590400,0.58061,0.58254,0.55953,0.57666,3960056.0
1746604800,0.57672,0.58187,0.56342,0.57177,804761.0
1746619200,0.57276,0.5729,0.54714,0.54944,2601288.0
1746633600,0.54936,0.55772,0.53319,0.5463,3400767.0
1746648000,0.54592,0.58571,0.54505,0.57551,752584.0
1746662400,0.5756,0.60871,0.57477,0.60095,1977947.0
1746676800,0.60156,0.62538,0.59876,0.62119,4982081.0
1746691200,0.62119,0.6474,0.62054,0.63663,5510696.0
1746705600,0.63691,0.66338,0.63241,0.64833,2745800.0
1746720000,0.64905,0.68126,0.6487,0.67635,3854035.0
1746734400,0.67694,0.7115,0.67027,0.69253,5570920.0
1746748800,0.69209,0.71422,0.66438,0.6656,5041133.0
1746763200,0.66598,0.72935,0.65444,0.70536,11717291.0
1746777600,0.70536,0.77122,0.70448,0.73585,11209148.0
1746792000,0.73501,0.75625,0.71331,0.72693,6731502.0
1746806400,0.72757,0.73776,0.70376,0.73092,5092835.0
1746820800,0.73087,0.75535,0.72719,0.74948,2303023.0
1746835200,0.74981,0.8534,0.74979,0.84765,20826336.0
1746849600,0.84777,0.89165,0.81606,0.88287,17517743.0
1746864000,0.88301,0.91975,0.8399,0.84495,15078044.0
1746878400,0.84539,0.88477,0.84539,0.85425,8508027.0
1746892800,0.85515,0.95499,0.84657,0.93647,12226845.0
1746907200,0.93727,0.98,0.92448,0.94803,12631819.0
1746921600,0.94705,0.9515,0.8902,0.90349,11299422.0
1746936000,0.90349,0.9295,0.86248,0.86902,11362841.0
1746950400,0.86927,0.9138,0.8654,0.90633,5623508.0
1746964800,0.90701,0.92259,0.88282,0.89708,6701263.0
1746979200,0.89799,0.9172,0.87889,0.89416,6196229.0
1746993600,0.89408,0.93703,0.8859,0.91147,5405298.0
1747008000,0.9116,1.1123,0.91037,1.1103,37850177.0
1747022400,1.1097,1.2842,1.0762,1.2126,32689271.0
1747036800,1.2136,1.321,1.1705,1.1858,27031593.0
1747051200,1.1857,1.2247,1.1057,1.1205,42094646.0
1747065600,1.1212,1.1946,1.0665,1.1165,38196033.0
1747080000,1.1209,1.165,1.1045,1.1491,13323204.0
1747094400,1.1492,1.1511,1.071,1.0724,11682026.0
1747108800,1.0732,1.1422,1.0558,1.1402,9729177.0
1747123200,1.1394,1.1988,1.1235,1.1542,8529589.0
1747137600,1.1542,1.2068,1.0772,1.1326,29584682.0
1747152000,1.1321,1.2003,1.1256,1.1734,19235214.0
1747166400,1.1726,1.2344,1.1414,1.1759,8129729.0
1747180800,1.1769,1.1769,1.1021,1.1325,10832811.0
1747195200,1.1324,1.192,1.1129,1.1207,13742611.0
1747209600,1.1195,1.1496,1.0846,1.1067,15456359.0
1747224000,1.1062,1.1118,1.0602,1.0845,9878975.0
1747238400,1.0845,1.1231,1.0324,1.1167,21848779.0
1747252800,1.1179,1.155,1.1116,1.1327,10603316.0
1747267200,1.1327,1.1498,1.1032,1.1185,10650657.0
1747281600,1.1175,1.1427,1.0396,1.0396,15833810.0
1747296000,1.0396,1.0952,1.0204,1.0451,9446187.0
1747310400,1.0417,1.0723,0.97242,1.0444,14749411.0
1747324800,1.0438,1.0876,1.0031,1.0163,13574834.0
1747339200,1.0175,1.0266,0.9438,0.98504,20085364.0
1747353600,0.98569,1.0249,0.96927,1.011,20369797.0
1747368000,1.0112,1.038,0.99509,1.0213,12736036.0
1747382400,1.0213,1.0617,0.99801,1.0542,18695736.0
1747396800,1.0542,1.148,1.0494,1.116,35570107.0
1747411200,1.1155,1.1365,1.0263,1.0345,13192632.0
1747425600,1.0336,1.0413,0.98882,1.0035,11598396.0
1747440000,1.0036,1.0111,0.95301,0.96947,10117290.0
1747454400,0.9704,0.98884,0.94106,0.95158,6624263.0
1747468800,0.95154,0.98581,0.9375,0.96532,4602653.0
1747483200,0.96474,0.9706,0.94094,0.94274,9124596.0
1747497600,0.94336,0.95635,0.9204,0.9333,5030396.0
1747512000,0.93345,0.961,0.92146,0.9309,5889237.0
1747526400,0.93106,0.95621,0.92566,0.94121,3047355.0
1747540800,0.94089,0.99553,0.94006,0.9899,11200005.0
1747555200,0.99119,1.0666,0.98763,1.0136,7855393.0
1747569600,1.0114,1.0995,1.0059,1.0889,5950902.0
1747584000,1.09,1.0981,0.96211,0.96469,18489296.0
1747598400,0.96427,1.0849,0.9431,1.071,20090720.0
1747612800,1.0712,1.0805,0.96515,0.97446,23600577.0
1747627200,0.97449,0.98197,0.9323,0.9734,13428867.0
1747641600,0.97334,0.97334,0.934,0.94187,3906382.0
1747656000,0.94126,0.98997,0.9282,0.97499,9997412.0
1747670400,0.97529,1.0273,0.9606,0.9817,11024030.0
1747684800,0.98108,1.0004,0.9629,0.99201,4631146.0
1747699200,0.99219,1.0202,0.96378,0.97761,10820126.0
1747713600,0.97843,0.99937,0.95154,0.95399,8202082.0
1747728000,0.95223,0.96131,0.9306,0.94546,7675932.0
1747742400,0.94542,0.9632,0.931,0.95712,6133364.0
1747756800,0.95683,0.99696,0.94379,0.98429,14800274.0
1747771200,0.98465,0.99853,0.96132,0.97495,11596079.0
1747785600,0.97481,1.0115,0.96552,0.99115,8652355.0
1747800000,0.99047,1.0276,0.96787,0.97878,13294724.0
1747814400,0.97866,1.0085,0.9585,1.0082,7325610.0
1747828800,1.0083,1.0944,1.0041,1.0818,16883287.0
1747843200,1.0817,1.19,1.0796,1.1523,37576843.0
1747857600,1.1522,1.1634,1.108,1.1161,17073986.0
1747872000,1.1163,1.1637,1.1029,1.154,11770861.0
1747886400,1.154,1.1795,1.1059,1.1607,10803121.0
1747900800,1.1608,1.1857,1.1259,1.1461,8590007.0
1747915200,1.1459,1.2021,1.1274,1.1617,11859316.0
1747929600,1.1619,1.1876,1.1376,1.143,3798072.0
1747944000,1.1442,1.2033,1.1311,1.2031,12267239.0
1747958400,1.203,1.3966,1.1895,1.3608,29717318.0
1747972800,1.3604,1.3703,1.211,1.2194,18583435.0
1747987200,1.2201,1.294,1.1618,1.1696,29014619.0
1748001600,1.1706,1.2389,1.1141,1.1675,21892918.0
1748016000,1.1675,1.2116,1.1548,1.1745,7850876.0
1748030400,1.1742,1.1801,1.0978,1.1154,10944079.0
1748044800,1.1133,1.1645,1.1061,1.1549,13410050.0
1748059200,1.1549,1.172,1.1042,1.115,3263104.0
1748073600,1.1158,1.1438,1.0848,1.1292,9568814.0
1748088000,1.1288,1.1326,1.0848,1.1102,9012405.0
1748102400,1.1088,1.1204,1.0823,1.11,5291523.0
1748116800,1.1109,1.1283,1.089,1.1188,11296524.0
1748131200,1.1173,1.1371,1.0714,1.1021,8681817.0
1748145600,1.1017,1.1134,1.0583,1.0757,12712152.0
1748160000,1.0766,1.0771,1.0543,1.0652,5963901.0
1748174400,1.0641,1.0803,1.01,1.033,11913399.0
1748188800,1.033,1.0613,1.0161,1.0548,2976619.0
1748203200,1.056,1.108,1.0398,1.1041,6627596.0
1748217600,1.1045,1.1962,1.1045,1.1355,11564740.0
1748232000,1.1358,1.1719,1.1271,1.17,4518948.0
1748246400,1.1705,1.1754,1.118,1.1256,2339802.0
1748260800,1.1261,1.1499,1.1009,1.1374,4505001.0
1748275200,1.1374,1.1559,1.1034,1.1124,7014545.0
1748289600,1.1096,1.1398,1.1056,1.1251,4156320.0
1748304000,1.1254,1.1442,1.0768,1.1192,6554598.0
1748318400,1.1182,1.1275,1.096,1.1219,4372839.0
1748332800,1.1231,1.1455,1.1172,1.1317,2524241.0
1748347200,1.1326,1.1599,1.1068,1.1382,5482963.0
1748361600,1.1381,1.1641,1.1279,1.1369,5935576.0
1748376000,1.1371,1.1448,1.0944,1.1083,4133657.0
1748390400,1.1084,1.1333,1.0893,1.1013,2769211.0
1748404800,1.1008,1.1081,1.0831,1.0878,2273404.0
1748419200,1.088,1.108,1.0731,1.106,1515283.0
1748433600,1.1062,1.1316,1.0604,1.068,8879997.0
1748448000,1.068,1.1204,1.0668,1.0931,4770317.0
1748462400,1.0928,1.1356,1.0892,1.1234,5318019.0
1748476800,1.123,1.1847,1.11,1.1383,9068780.0
1748491200,1.1389,1.1451,1.0949,1.1088,1582457.0
1748505600,1.1094,1.1223,1.0988,1.1074,3221530.0
1748520000,1.1073,1.1074,1.0641,1.0768,4921441.0
1748534400,1.0785,1.0872,1.0538,1.0595,2175997.0
1748548800,1.0609,1.0826,1.0461,1.0557,2684876.0
1748563200,1.0551,1.0632,0.98206,1.0269,6587010.0
1748577600,1.0267,1.0309,0.9951,1.0064,1626367.0
1748592000,1.0059,1.0314,0.9934,1.0218,1331319.0
1748606400,1.0222,1.0283,0.98071,0.99015,3040820.0
1748620800,0.99056,0.99472,0.9163,0.95701,17751260.0
1748635200,0.95729,0.9587,0.885,0.88706,4577609.0
1748649600,0.88725,0.89014,0.8204,0.83305,8234898.0
1748664000,0.83411,0.8517,0.81002,0.82639,3485348.0
1748678400,0.82686,0.83,0.7856,0.79231,3247296.0
1748692800,0.79237,0.85456,0.78889,0.83526,7282961.0
1748707200,0.83599,0.87271,0.83302,0.86684,5213346.0
1748721600,0.86613,0.86821,0.84522,0.85053,3157744.0
1748736000,0.8513,0.8585,0.83302,0.83917,2086674.0
1748750400,0.83907,0.8529,0.83021,0.84157,1770656.0
1748764800,0.84171,0.84171,0.81282,0.8294,4963108.0
1748779200,0.82949,0.85213,0.81407,0.8443,3233452.0
1748793600,0.8457,0.86964,0.83955,0.8677,4264161.0
1748808000,0.86749,0.8879,0.85374,0.8727,3723958.0
1748822400,0.87397,0.89096,0.85437,0.8613,3178047.0
1748836800,0.86064,0.87289,0.8494,0.86472,1083762.0
1748851200,0.86439,0.87415,0.84244,0.85035,3058561.0
1748865600,0.84994,0.86653,0.83878,0.85912,3221873.0
1748880000,0.85931,0.88726,0.84841,0.8656,3123856.0
1748894400,0.8673,0.96717,0.86677,0.9478,9979652.0
1748908800,0.94859,1.0036,0.94045,0.96798,10563866.0
1748923200,0.96858,0.98202,0.9543,0.97575,2337886.0
1748937600,0.97606,0.9938,0.96098,0.98657,3187356.0
1748952000,0.98674,1.0481,0.9778,1.0413,12621422.0
1748966400,1.0414,1.0441,1.0006,1.0302,8530836.0
1748980800,1.0303,1.0312,0.96348,0.97144,16062674.0
1748995200,0.9716,0.99482,0.9617,0.97306,3915969.0
1749009600,0.97425,0.98851,0.96553,0.9734,2720944.0
1749024000,0.974,0.9877,0.95653,0.95741,2504875.0
1749038400,0.95834,0.96716,0.94293,0.96357,4008031.0
1749052800,0.9633,0.9633,0.916,0.9175,4122523.0
1749067200,0.9175,0.9175,0.87807,0.88025,8061518.0
1749081600,0.8798,0.89867,0.8778,0.88311,6239053.0
1749096000,0.88293,0.88927,0.87149,0.88037,1652853.0
1749110400,0.8811,0.88612,0.86281,0.87207,3182238.0
1749124800,0.87111,0.89965,0.8429,0.85747,12643517.0
1749139200,0.85703,0.85789,0.80582,0.82376,10376316.0
1749153600,0.82366,0.83704,0.79588,0.82538,9090780.0
1749168000,0.8263,0.83365,0.81235,0.83092,5486740.0
1749182400,0.83102,0.86009,0.827,0.84384,3192741.0
1749196800,0.84362,0.85578,0.84,0.84218,1638695.0
1749211200,0.84176,0.88207,0.84059,0.86169,5478745.0
1749225600,0.8617,0.86919,0.8182,0.8199,4035193.0
1749240000,0.82021,0.83349,0.81116,0.81355,2004813.0
1749254400,0.81371,0.8704,0.81152,0.86734,1960686.0
1749268800,0.8686,0.92451,0.86282,0.90145,4315920.0
1749283200,0.902,0.90396,0.86917,0.88156,4779394.0
1749297600,0.88165,0.8874,0.8678,0.87166,3820872.0
1749312000,0.87166,0.87539,0.85112,0.86402,2070729.0
1749326400,0.86421,0.87841,0.86034,0.87107,1278039.0
1749340800,0.87179,0.8907,0.86591,0.8708,2742724.0
1749355200,0.87089,0.87672,0.851,0.8517,1087860.0
1749369600,0.85297,0.863,0.84108,0.86123,2759070.0
1749384000,0.86123,0.87685,0.8481,0.87069,2314730.0
1749398400,0.8708,0.91007,0.86783,0.8988,3376210.0
1749412800,0.8988,0.93193,0.88805,0.88966,5602786.0
1749427200,0.889,0.90411,0.88085,0.88856,1866997.0
1749441600,0.8887,0.8941,0.86982,0.88991,1409658.0
1749456000,0.89004,0.92881,0.87937,0.9177,4034097.0
1749470400,0.91867,0.9343,0.89026,0.9096,8988364.0
1749484800,0.9096,0.94784,0.9096,0.93201,4610079.0
1749499200,0.93177,1.0328,0.93139,1.0292,16846868.0
1749513600,1.0289,1.0669,1.0049,1.0199,7421048.0
1749528000,1.0201,1.0443,1.0102,1.0363,3455958.0
1749542400,1.0368,1.08,1.0136,1.0665,5537302.0
1749556800,1.0665,1.0788,0.98913,1.0039,12733712.0
1749571200,1.0042,1.0377,0.99025,1.0142,6760352.0
1749585600,1.0142,1.0345,0.9988,1.0287,6591461.0
1749600000,1.0286,1.0304,0.9982,1.0144,5202135.0
1749614400,1.0137,1.0201,1.0035,1.0157,1657821.0
1749628800,1.0159,1.0225,0.98583,0.99944,7069867.0
1749643200,0.99967,1.0446,0.98935,1.0387,12113732.0
1749657600,1.0382,1.0484,0.98199,0.9869,10926796.0
1749672000,0.98641,0.9924,0.93351,0.95581,6459256.0
1749686400,0.9565,0.95768,0.9359,0.9387,3582219.0
1749700800,0.9386,0.96247,0.93062,0.94555,2711721.0
1749715200,0.9452,0.94679,0.92302,0.92548,2111814.0
1749729600,0.92553,0.95158,0.91062,0.9188,4514951.0
1749744000,0.91845,0.95237,0.89226,0.90162,4968076.0
1749758400,0.90111,0.90627,0.87422,0.8856,3541271.0
1749772800,0.88499,0.88639,0.79168,0.8246,16334387.0
1749787200,0.8244,0.83348,0.80762,0.81772,5091469.0
1749801600,0.81765,0.83523,0.7959,0.8117,7270214.0
1749816000,0.81174,0.8407,0.79777,0.83098,7972774.0
1749830400,0.83119,0.85391,0.82057,0.8327,5396841.0
1749844800,0.83288,0.85875,0.83128,0.85246,3151653.0
1749859200,0.85227,0.86491,0.84204,0.85404,3387330.0
1749873600,0.85384,0.86294,0.84367,0.85553,2413442.0
1749888000,0.85539,0.85658,0.83954,0.84388,1039630.0
1749902400,0.8432,0.85998,0.83217,0.84167,2814521.0
1749916800,0.841,0.84654,0.82189,0.83145,2458446.0
1749931200,0.83162,0.84437,0.81861,0.83265,1092935.0
1749945600,0.83302,0.84668,0.83093,0.844,1029009.0
1749960000,0.84405,0.85527,0.83063,0.83454,1478276.0
1749974400,0.83471,0.85282,0.82708,0.8499,1204918.0
1749988800,0.84991,0.86727,0.84164,0.85582,4286937.0
1750003200,0.8564,0.85721,0.8379,0.84252,2244188.0
1750017600,0.84296,0.86055,0.82481,0.85074,1128354.0
1750032000,0.85122,0.8825,0.83715,0.87462,6856713.0
1750046400,0.8755,0.903,0.8739,0.89969,5503460.0
1750060800,0.90043,0.90134,0.87922,0.88988,2140532.0
1750075200,0.88929,0.90664,0.8773,0.88234,2172386.0
1750089600,0.88232,0.90123,0.87914,0.89078,1781644.0
1750104000,0.89131,0.90211,0.83197,0.83376,3234522.0
1750118400,0.83408,0.8642,0.81322,0.85546,2197681.0
1750132800,0.8563,0.85924,0.82718,0.83277,1536292.0
1750147200,0.83208,0.83333,0.80562,0.81089,1871940.0
1750161600,0.81102,0.82061,0.76129,0.76914,7746254.0
1750176000,0.76962,0.80472,0.74909,0.79382,7000238.0
1750190400,0.79346,0.79555,0.76648,0.76957,4797137.0
1750204800,0.77038,0.7879,0.76931,0.7787,747038.0
1750219200,0.77989,0.79299,0.77826,0.78499,1074995.0
1750233600,0.78527,0.79073,0.75604,0.77437,1669913.0
1750248000,0.77404,0.78469,0.73463,0.77591,3303345.0
1750262400,0.77586,0.79152,0.76749,0.7709,4486494.0
1750276800,0.77115,0.80472,0.7682,0.79093,1978853.0
1750291200,0.79111,0.80571,0.7833,0.80032,694543.0
1750305600,0.80032,0.81179,0.78964,0.79266,7033313.0
1750320000,0.79216,0.79861,0.78459,0.78934,531819.0
1750334400,0.7893,0.79111,0.7746,0.77817,4055807.0
1750348800,0.77819,0.79951,0.7732,0.78513,963907.0
1750363200,0.7858,0.79982,0.78101,0.79337,789422.0
1750377600,0.79266,0.79523,0.78452,0.78921,552118.0
1750392000,0.78869,0.80907,0.7754,0.80678,744736.0
1750406400,0.80755,0.81939,0.79625,0.80599,2691335.0
1750420800,0.80556,0.81764,0.77518,0.7799,3635387.0
1750435200,0.78008,0.78075,0.73485,0.7608,4564983.0
1750449600,0.76142,0.78096,0.75485,0.76067,5201624.0
1750464000,0.76052,0.78033,0.75769,0.77527,1120934.0
1750478400,0.77509,0.77661,0.76679,0.77288,471063.0
1750492800,0.77341,0.77587,0.76144,0.76202,3237145.0
1750507200,0.76198,0.76469,0.71401,0.72484,2802964.0
1750521600,0.7244,0.72842,0.6965,0.70131,2957274.0
1750536000,0.70139,0.71351,0.67378,0.69911,7753811.0
1750550400,0.699,0.71546,0.68592,0.69217,2326042.0
1750564800,0.69275,0.70939,0.69031,0.70493,580753.0
1750579200,0.70512,0.70578,0.68696,0.69287,660232.0
1750593600,0.69372,0.69842,0.64509,0.6667,10242914.0
1750608000,0.66662,0.67055,0.64925,0.65338,2012169.0
1750622400,0.65325,0.68798,0.63518,0.68782,5261005.0
1750636800,0.68756,0.69691,0.68265,0.69337,1112191.0
1750651200,0.6935,0.70625,0.69205,0.69996,1001321.0
1750665600,0.70049,0.702,0.68718,0.69606,835558.0
1750680000,0.69667,0.72361,0.68868,0.69788,3562537.0
1750694400,0.6982,0.7488,0.67422,0.74663,8163123.0
1750708800,0.74687,0.84502,0.7421,0.8303,12885681.0
1750723200,0.83028,0.84214,0.82589,0.83155,3573109.0
1750737600,0.83131,0.88244,0.82378,0.854,3107178.0
1750752000,0.8538,0.88274,0.84381,0.8587,4759269.0
1750766400,0.85944,0.8794,0.85436,0.86464,4097310.0
1750780800,0.86545,0.87843,0.82847,0.83714,7218825.0
1750795200,0.83551,0.86945,0.83221,0.86904,6374980.0
1750809600,0.86919,0.89781,0.86422,0.8715,15072525.0
1750824000,0.87192,0.87248,0.85831,0.86647,3886822.0
1750838400,0.86637,0.86897,0.84,0.85239,6101362.0
1750852800,0.85219,0.8651,0.80572,0.80766,17822356.0
1750867200,0.80767,0.81668,0.79248,0.8045,8333969.0
1750881600,0.80553,0.8191,0.78492,0.79426,3596922.0
1750896000,0.79418,0.82544,0.78911,0.79903,5510117.0
1750910400,0.79857,0.80799,0.792,0.80225,1139296.0
1750924800,0.80249,0.80648,0.76924,0.77231,2368475.0
1750939200,0.7719,0.77389,0.74924,0.76302,8185747.0
1750953600,0.76335,0.76407,0.75057,0.75476,3392496.0
1750968000,0.75421,0.77493,0.74925,0.7553,7161996.0
1750982400,0.75522,0.78266,0.74802,0.77728,5380007.0
1750996800,0.77736,0.8238,0.77336,0.77546,4107749.0
1751011200,0.77562,0.79083,0.75849,0.76252,5039038.0
1751025600,0.76206,0.77891,0.75882,0.77158,5363449.0
1751040000,0.77129,0.785,0.75408,0.76075,6314707.0
1751054400,0.75894,0.77548,0.75779,0.77246,1365109.0
1751068800,0.77266,0.78243,0.77028,0.77962,440217.0
1751083200,0.77936,0.79315,0.77535,0.79197,1192777.0
1751097600,0.79261,0.81318,0.78912,0.80231,2088509.0
1751112000,0.80219,0.80999,0.79365,0.80794,746181.0
1751126400,0.80826,0.83789,0.80792,0.82639,4704981.0
1751140800,0.82761,0.84728,0.81669,0.83,2122544.0
1751155200,0.83058,0.83446,0.8142,0.81522,2264351.0
1751169600,0.81583,0.81947,0.80737,0.81666,2084691.0
1751184000,0.81667,0.84064,0.81158,0.82495,2476887.0
1751198400,0.82495,0.86208,0.82,0.83079,5115549.0
1751212800,0.8313,0.84189,0.82533,0.83314,2661207.0
1751227200,0.8329,0.90566,0.82182,0.86992,7800202.0
1751241600,0.87041,0.88274,0.85373,0.86034,3546028.0
1751256000,0.86048,0.87829,0.85057,0.87219,2712576.0
1751270400,0.87222,0.87394,0.8425,0.84383,1610422.0
1751284800,0.84336,0.88238,0.82823,0.87086,7753756.0
1751299200,0.87038,0.88767,0.85887,0.88432,4902668.0
1751313600,0.88421,0.90378,0.85948,0.86657,2736010.0
1751328000,0.86661,0.86916,0.84779,0.85176,3446460.0
1751342400,0.85172,0.85439,0.82082,0.83276,7737212.0
1751356800,0.832,0.83201,0.80497,0.80753,5743746.0
1751371200,0.80695,0.81784,0.79616,0.80218,8843411.0
1751385600,0.80252,0.80723,0.7864,0.79109,2789006.0
1751400000,0.79133,0.79699,0.77835,0.78272,1772684.0
1751414400,0.78289,0.7967,0.77882,0.7871,1525773.0
1751428800,0.78693,0.81183,0.78408,0.79706,1533735.0
1751443200,0.79786,0.81596,0.79786,0.80667,2245263.0
1751457600,0.80679,0.85164,0.79271,0.84988,5505441.0
1751472000,0.84969,0.90255,0.84674,0.89707,8821416.0
1751486400,0.89676,0.93348,0.89038,0.90858,5840616.0
1751500800,0.90889,0.93359,0.90534,0.9172,5760476.0
1751515200,0.91726,0.956,0.90606,0.93098,10713507.0
1751529600,0.93069,0.95323,0.92202,0.92466,2800408.0
1751544000,0.92437,0.94589,0.87831,0.87965,17142677.0
1751558400,0.8795,0.91113,0.87944,0.91088,4740327.0
1751572800,0.91054,0.92884,0.90893,0.92295,9424378.0
1751587200,0.92245,0.94042,0.89833,0.90097,5788813.0
1751601600,0.90071,0.9088,0.86805,0.86893,5312653.0
1751616000,0.8682,0.88176,0.86016,0.86714,4301850.0
1751630400,0.86665,0.87345,0.8319,0.83565,6612579.0
1751644800,0.83551,0.84233,0.82111,0.82748,5711759.0
1751659200,0.82745,0.8531,0.82697,0.84492,3226858.0
1751673600,0.8452,0.85821,0.83419,0.8447,3214666.0
1751688000,0.84427,0.86491,0.83408,0.85605,3428436.0
1751702400,0.85594,0.85726,0.82621,0.83414,2652241.0
1751716800,0.83504,0.83854,0.82335,0.82743,1787555.0
1751731200,0.82765,0.8343,0.8055,0.82483,3023659.0
1751745600,0.82473,0.85077,0.8225,0.84658,2996466.0
1751760000,0.84658,0.85499,0.83629,0.84066,1663211.0
1751774400,0.84068,0.8599,0.83217,0.85528,1675239.0
1751788800,0.85528,0.87,0.84631,0.86912,2139611.0
1751803200,0.87019,0.90614,0.86019,0.887,6537075.0
1751817600,0.88715,0.89652,0.87755,0.88054,3308462.0
1751832000,0.87995,0.90492,0.87125,0.87748,7247800.0
1751846400,0.87724,0.90507,0.87273,0.88315,2453388.0
1751860800,0.88277,0.88578,0.85887,0.87289,4624315.0
1751875200,0.8727,0.87607,0.85391,0.856,1555469.0
1751889600,0.85575,0.86057,0.83722,0.84721,9918165.0
1751904000,0.8471,0.8616,0.83999,0.84282,9779473.0
1751918400,0.8427,0.85356,0.8242,0.84259,10687804.0
1751932800,0.8423,0.84624,0.82592,0.83791,2033850.0
1751947200,0.83749,0.85278,0.83245,0.84519,1268586.0
1751961600,0.84524,0.85059,0.83665,0.84114,8997797.0
1751976000,0.84165,0.85745,0.83284,0.83766,6679521.0
1751990400,0.83768,0.86971,0.83091,0.86233,4623280.0
1752004800,0.86213,0.86336,0.84254,0.84818,3414978.0
1752019200,0.84835,0.85149,0.83571,0.84034,1907766.0
1752033600,0.84041,0.85522,0.83733,0.85033,2310166.0
1752048000,0.85037,0.86439,0.84662,0.85941,1324567.0
1752062400,0.86005,0.87443,0.85212,0.85785,11907152.0
1752076800,0.85724,0.92865,0.85724,0.92323,7230268.0
1752091200,0.92304,0.96443,0.90675,0.96041,8749917.0
1752105600,0.96056,0.96766,0.94355,0.96054,2783092.0
1752120000,0.96061,0.96899,0.9485,0.96111,2613202.0
1752134400,0.96034,0.98527,0.9583,0.97583,4048281.0
1752148800,0.97407,0.98662,0.965,0.96863,2734997.0
1752163200,0.96895,1.0265,0.96669,0.99415,7836774.0
1752177600,0.99414,1.0691,0.993,1.0505,9330567.0
1752192000,1.0504,1.0667,1.0271,1.0539,5707491.0
1752206400,1.0536,1.0754,0.9995,1.0145,17703407.0
1752220800,1.0143,1.0507,1.0127,1.0264,6015401.0
1752235200,1.0256,1.0479,0.99277,1.001,5913740.0
1752249600,1.0017,1.0313,0.9986,1.0288,2816452.0
1752264000,1.0289,1.0289,0.92902,0.96065,12247851.0
1752278400,0.96046,0.98645,0.94287,0.98511,2883973.0
1752292800,0.9847,0.99003,0.9604,0.97611,1025781.0
1752307200,0.97609,0.9805,0.9587,0.96018,1623038.0
1752321600,0.9609,0.96549,0.90838,0.91635,9968571.0
1752336000,0.9159,0.9648,0.91096,0.96232,3634057.0
1752350400,0.96211,0.96369,0.94549,0.95616,4281058.0
1752364800,0.95643,0.9828,0.95112,0.96981,2731287.0
1752379200,0.9707,0.98364,0.96616,0.9679,1984525.0
1752393600,0.969,0.98759,0.95356,0.98759,1352987.0
1752408000,0.98622,1.0186,0.97675,0.99951,10157650.0
1752422400,1.0004,1.0375,0.98761,1.0142,7052556.0
1752436800,1.0142,1.0274,0.98337,0.996,5005955.0
1752451200,0.99606,1.06,0.99243,1.0458,4610378.0
1752465600,1.047,1.0995,1.0368,1.073,9990748.0
1752480000,1.0752,1.0761,1.0423,1.0474,2796863.0
1752494400,1.0459,1.0544,0.99862,1.0102,6031846.0
1752508800,1.0103,1.0425,1.0009,1.0097,3476374.0
1752523200,1.0093,1.0198,0.99079,1.0129,3807938.0
1752537600,1.0128,1.0205,0.96589,0.97479,6100593.0
1752552000,0.97437,1.0129,0.96255,0.98924,3618657.0
1752566400,0.98947,1.0095,0.9745,1.008,1196162.0
1752580800,1.0062,1.058,0.98196,1.0384,9690862.0
1752595200,1.039,1.0586,1.0033,1.0071,5452589.0
1752609600,1.0064,1.0773,1.0004,1.076,6306475.0
1752624000,1.076,1.1165,1.0427,1.048,6779315.0
1752638400,1.0494,1.0921,1.0368,1.0853,2521463.0
1752652800,1.0849,1.111,1.0761,1.1029,2732494.0
1752667200,1.1035,1.1355,1.0785,1.0957,10515785.0
1752681600,1.096,1.1396,1.0883,1.1012,13083794.0
1752696000,1.1001,1.1374,1.072,1.0835,10092633.0
1752710400,1.0836,1.1162,1.0416,1.0508,5352780.0
1752724800,1.0499,1.0912,1.0476,1.0819,4342243.0
1752739200,1.082,1.1208,1.073,1.0991,6988166.0
1752753600,1.0986,1.1148,1.0551,1.0838,13619130.0
1752768000,1.0835,1.0879,1.0385,1.0414,8236912.0
1752782400,1.0412,1.0901,1.018,1.0678,8760868.0
1752796800,1.0677,1.1064,1.0532,1.099,4505123.0
1752811200,1.0996,1.152,1.0906,1.1152,16370881.0
1752825600,1.1152,1.1391,1.059,1.071,10092284.0
1752840000,1.0715,1.1015,1.0204,1.0331,16340846.0
1752854400,1.0321,1.0479,1.0036,1.0146,5966191.0
1752868800,1.0145,1.0199,0.97374,1.0122,7844513.0
1752883200,1.0123,1.0363,0.98523,1.0328,2320384.0
1752897600,1.0329,1.0682,1.0292,1.0485,4192913.0
1752912000,1.0493,1.0636,1.0388,1.0488,2565941.0
1752926400,1.0492,1.0768,1.0439,1.0663,1918892.0
1752940800,1.066,1.0844,1.0492,1.0808,2505899.0
1752955200,1.0812,1.0893,1.0657,1.0766,3386207.0
1752969600,1.0774,1.1058,1.0677,1.0958,4109181.0
1752984000,1.0956,1.1075,1.0831,1.0978,2338356.0
1752998400,1.0974,1.1268,1.0955,1.1145,3702357.0
1753012800,1.1142,1.2803,1.1102,1.273,22341602.0
1753027200,1.2738,1.3025,1.215,1.2507,18720169.0
1753041600,1.2518,1.2521,1.1824,1.2143,9239428.0
1753056000,1.2143,1.2475,1.18,1.2416,6794718.0
1753070400,1.242,1.2591,1.2307,1.2401,8313764.0
1753084800,1.24,1.2677,1.219,1.2462,10413426.0
1753099200,1.2457,1.3271,1.2326,1.2806,15220506.0
1753113600,1.2811,1.2863,1.1964,1.2075,19375782.0
1753128000,1.207,1.2511,1.202,1.2406,4233653.0
1753142400,1.2408,1.3168,1.2054,1.2525,16480201.0
1753156800,1.2522,1.2554,1.2036,1.2142,12565648.0
1753171200,1.2143,1.2153,1.1709,1.2056,8590383.0
1753185600,1.2042,1.21,1.148,1.1906,10122076.0
1753200000,1.1913,1.2261,1.1684,1.1757,7457642.0
1753214400,1.1739,1.2803,1.1705,1.2754,12727960.0
1753228800,1.2754,1.3023,1.2323,1.2471,15302410.0
1753243200,1.2467,1.3127,1.2419,1.2693,14640430.0
1753257600,1.2692,1.309,1.2325,1.2393,16852842.0
1753272000,1.2402,1.2543,1.1563,1.2153,27227159.0
1753286400,1.2148,1.2152,1.1435,1.156,11078189.0
1753300800,1.1564,1.1794,1.0909,1.1652,19059733.0
1753315200,1.1656,1.1867,1.1469,1.159,4725339.0
1753329600,1.1593,1.1631,1.0104,1.0747,22129321.0
1753344000,1.0747,1.1015,1.0574,1.0938,10762848.0
1753358400,1.0938,1.1224,1.0347,1.0923,14054636.0
1753372800,1.0922,1.1008,1.0475,1.0716,8815103.0
1753387200,1.0707,1.0848,1.0242,1.0304,11570618.0
1753401600,1.0302,1.04,0.99126,1.0156,8840886.0
1753416000,1.0155,1.0444,0.99667,1.0351,6298641.0
1753430400,1.0349,1.0688,1.0331,1.0562,8392636.0
1753444800,1.0561,1.0664,1.0,1.0168,19162092.0
1753459200,1.0165,1.0426,1.0069,1.0318,7307741.0
1753473600,1.0316,1.0748,1.0304,1.0739,5883435.0
1753488000,1.0739,1.0806,1.0577,1.0733,1800853.0
1753502400,1.0723,1.0773,1.0621,1.0686,1178746.0
1753516800,1.0686,1.093,1.0682,1.0767,2409671.0
1753531200,1.0772,1.0914,1.067,1.0818,2295447.0
1753545600,1.0817,1.0875,1.0629,1.0844,2877846.0
1753560000,1.0838,1.0879,1.0577,1.0624,5253619.0
1753574400,1.0619,1.0832,1.0585,1.0733,662824.0
1753588800,1.0737,1.0973,1.0737,1.0803,2458718.0
1753603200,1.0804,1.1012,1.0671,1.0882,2098190.0
1753617600,1.088,1.0954,1.0701,1.0915,3213610.0
1753632000,1.0917,1.1298,1.09,1.1055,7550155.0
1753646400,1.1064,1.145,1.1032,1.1242,3797341.0
1753660800,1.1251,1.1523,1.1027,1.1489,5299761.0
1753675200,1.1472,1.1754,1.133,1.1445,3318408.0
1753689600,1.144,1.1523,1.1286,1.1401,1883483.0
1753704000,1.1402,1.1509,1.0721,1.0802,7676248.0
1753718400,1.0802,1.0882,1.0528,1.0623,5025984.0
1753732800,1.0621,1.0637,1.0202,1.028,3360057.0
1753747200,1.0284,1.0489,1.007,1.0318,4511337.0
1753761600,1.032,1.0813,1.0257,1.0771,5666274.0
1753776000,1.0772,1.0789,1.0229,1.0331,2171717.0
1753790400,1.0328,1.0487,0.9828,0.9973,10588533.0
1753804800,0.99687,1.0023,0.97471,0.98216,3027675.0
1753819200,0.98097,0.9912,0.96028,0.98457,3899132.0
1753833600,0.98469,0.99393,0.96249,0.9864,696752.0
1753848000,0.98621,0.99317,0.97201,0.97668,737728.0
1753862400,0.97728,0.98932,0.93044,0.93731,4490805.0
1753876800,0.93769,0.96862,0.92365,0.96282,7577970.0
1753891200,0.96381,0.99459,0.908,0.965,12277580.0
1753905600,0.96456,0.9777,0.94635,0.96689,4584155.0
1753920000,0.96654,0.99186,0.96014,0.98948,2516813.0
1753934400,0.99011,0.99861,0.98512,0.99555,2487449.0
1753948800,0.99585,1.0108,0.98651,0.99049,2840245.0
1753963200,0.99057,0.99127,0.94065,0.95573,6087170.0
1753977600,0.95587,0.98428,0.9419,0.9485,6017379.0
1753992000,0.94795,0.95175,0.91332,0.91756,3402983.0
1754006400,0.91798,0.921,0.8739,0.91372,10818261.0
1754020800,0.91377,0.91377,0.88689,0.8985,4025816.0
1754035200,0.90017,0.90304,0.8739,0.89979,3289909.0
1754049600,0.89945,0.91658,0.87351,0.91123,8153814.0
1754064000,0.91111,0.92177,0.884,0.90989,5204232.0
1754078400,0.91004,0.91214,0.84563,0.87646,8053559.0
1754092800,0.87667,0.88934,0.87528,0.88838,898384.0
1754107200,0.88915,0.89511,0.85525,0.8865,1848976.0
1754121600,0.88619,0.88775,0.85527,0.86629,1846835.0
1754136000,0.86581,0.871,0.84368,0.84636,1954301.0
1754150400,0.84684,0.857,0.81844,0.83693,3915493.0
1754164800,0.8369,0.85952,0.8369,0.85372,1347606.0
1754179200,0.85307,0.87427,0.84078,0.8718,1790927.0
1754193600,0.87163,0.87953,0.8685,0.87698,435385.0
1754208000,0.8782,0.89937,0.87704,0.8891,1019065.0
1754222400,0.88943,0.89348,0.88282,0.89177,1179774.0
1754236800,0.89203,0.89807,0.88623,0.8906,529787.0
1754251200,0.8913,0.90447,0.88843,0.8973,257227.0
1754265600,0.89739,0.9207,0.89701,0.91175,891726.0
1754280000,0.91154,0.9212,0.90772,0.9184,576364.0
1754294400,0.91845,0.9288,0.9059,0.90941,1384401.0
1754308800,0.90944,0.93366,0.90642,0.91545,3620586.0
1754323200,0.91491,0.93766,0.90532,0.90979,2586090.0
1754337600,0.90905,0.93214,0.90812,0.92558,1659502.0
1754352000,0.92524,0.92877,0.89848,0.89901,1029500.0
1754366400,0.89856,0.90187,0.87661,0.87859,848905.0
1754380800,0.87844,0.9181,0.87423,0.91362,745809.0
1754395200,0.9138,0.91484,0.86182,0.86763,3677235.0
1754409600,0.86718,0.87836,0.86246,0.86628,1075748.0
1754424000,0.86601,0.8747,0.85,0.87246,1221494.0
1754438400,0.87258,0.87258,0.85096,0.85371,773886.0
1754452800,0.85365,0.8862,0.84786,0.88303,1275841.0
1754467200,0.88321,0.88825,0.87126,0.87479,1114409.0
1754481600,0.87586,0.89907,0.86296,0.89695,1778006.0
1754496000,0.8966,0.91517,0.88481,0.90029,612619.0
1754510400,0.90238,0.9038,0.89285,0.90355,557339.0
1754524800,0.90353,0.91085,0.8931,0.89552,435762.0
1754539200,0.89552,0.9097,0.89359,0.90398,736144.0
1754553600,0.9044,0.93865,0.89808,0.93498,1036325.0
1754568000,0.9347,0.93875,0.91391,0.92475,4417815.0
1754582400,0.92459,0.9327,0.89632,0.93127,1911156.0
1754596800,0.93162,0.9558,0.92907,0.95342,4019766.0
1754611200,0.95355,0.96617,0.94464,0.95653,2663015.0
1754625600,0.95691,0.96362,0.93803,0.96001,676333.0
1754640000,0.96024,0.9686,0.94716,0.96757,907753.0
1754654400,0.96741,0.98465,0.9333,0.94133,4089818.0
1754668800,0.94184,0.98471,0.94008,0.97827,2679402.0
1754683200,0.97827,0.98349,0.96948,0.97503,853184.0
1754697600,0.97532,0.97754,0.96357,0.96597,440524.0
1754712000,0.96624,1.0127,0.96458,0.99875,3439727.0
1754726400,0.99889,1.0204,0.99548,1.004,1927407.0
1754740800,1.0051,1.0262,0.99042,1.005,1966594.0
1754755200,1.0046,1.0241,0.99512,1.0167,2223245.0
1754769600,1.0167,1.0342,1.0052,1.0095,2083165.0
1754784000,1.0091,1.0311,1.0035,1.0264,1057071.0
1754798400,1.027,1.0388,0.97641,0.97993,2075616.0
1754812800,0.97997,0.98608,0.96224,0.9712,1644048.0
1754827200,0.97027,0.99716,0.96173,0.98337,2098331.0
1754841600,0.98371,1.0255,0.98186,1.0201,5757237.0
1754856000,1.0204,1.0262,0.99183,1.0076,6276388.0
1754870400,1.0076,1.0384,0.9948,1.029,2048339.0
1754884800,1.0296,1.0351,0.97591,0.97885,1150366.0
1754899200,0.97795,0.99283,0.95,0.9533,1903464.0
1754913600,0.95323,0.96121,0.93225,0.95342,3912940.0
1754928000,0.95399,0.97134,0.92732,0.93616,3273266.0
1754942400,0.93638,0.93755,0.9029,0.9102,2295897.0
1754956800,0.91004,0.93025,0.90922,0.91538,1093154.0
1754971200,0.9149,0.92504,0.8974,0.91332,1255417.0
1754985600,0.91311,0.91633,0.88513,0.89959,1032800.0
1755000000,0.89994,0.9589,0.89541,0.95616,6887249.0
1755014400,0.95628,0.99252,0.94805,0.99145,3533793.0
1755028800,0.99142,1.003,0.98176,0.98985,1612014.0
1755043200,0.98986,1.0285,0.98764,1.021,3302924.0
1755057600,1.0193,1.0359,1.0022,1.0267,4183201.0
1755072000,1.0265,1.0483,1.0249,1.0443,6005201.0
1755086400,1.0448,1.0615,1.018,1.0362,10547369.0
1755100800,1.0358,1.0467,1.0177,1.0454,3100473.0
1755115200,1.045,1.0491,1.0219,1.0331,5822828.0
1755129600,1.0336,1.0706,1.0284,1.0635,3674358.0
1755144000,1.0636,1.0673,1.0172,1.0235,5259795.0
1755158400,1.0238,1.0244,0.99778,1.0085,3557620.0
1755172800,1.0084,1.0186,0.924,0.93531,14720838.0
1755187200,0.93496,0.93496,0.90158,0.91868,3030796.0
1755201600,0.91837,0.92387,0.89554,0.91871,1488396.0
1755216000,0.91787,0.94552,0.91545,0.9381,1161086.0
1755230400,0.93657,0.94168,0.928,0.93384,988376.0
1755244800,0.93379,0.93837,0.9152,0.91909,1517897.0
1755259200,0.91894,0.93093,0.85516,0.85724,6918948.0
1755273600,0.85732,0.88114,0.84683,0.8664,4734396.0
1755288000,0.86614,0.8884,0.86305,0.87478,1515951.0
1755302400,0.87362,0.88639,0.87346,0.87976,1093596.0
1755316800,0.87987,0.88575,0.87515,0.88144,804696.0
1755331200,0.88133,0.88458,0.86666,0.86666,558876.0
1755345600,0.86773,0.88469,0.86313,0.88093,940482.0
1755360000,0.88048,0.88419,0.8743,0.8794,367744.0
1755374400,0.87907,0.88862,0.87745,0.88474,405060.0
1755388800,0.88491,0.89014,0.87476,0.88674,548413.0
1755403200,0.88608,0.89877,0.8845,0.8919,654080.0
1755417600,0.89288,0.90638,0.88819,0.90573,876516.0
1755432000,0.90629,0.93873,0.9026,0.93873,1740428.0
1755446400,0.9397,0.96,0.90742,0.90964,2558362.0
1755460800,0.91094,0.93429,0.90799,0.91207,508785.0
1755475200,0.91249,0.91465,0.86107,0.8791,3951583.0
1755489600,0.87828,0.88887,0.86109,0.86482,3697574.0
1755504000,0.86443,0.87596,0.85,0.87391,1542090.0
1755518400,0.87466,0.88347,0.8591,0.87377,2217501.0
1755532800,0.87403,0.88407,0.86141,0.87765,1415995.0
1755547200,0.87734,0.88718,0.86551,0.86779,597560.0
1755561600,0.86779,0.88572,0.83835,0.84346,2112002.0
1755576000,0.84348,0.85748,0.83369,0.84671,1072288.0
1755590400,0.84751,0.87037,0.8403,0.86878,373996.0
1755604800,0.86851,0.87081,0.82681,0.83311,3437608.0
1755619200,0.83406,0.84006,0.81286,0.82443,2959739.0
1755633600,0.82443,0.83773,0.8205,0.82588,745004.0
1755648000,0.82577,0.8424,0.81973,0.83151,1862290.0
1755662400,0.83157,0.84143,0.826,0.8278,434688.0
1755676800,0.82825,0.84658,0.82318,0.83483,776935.0
1755691200,0.83539,0.86033,0.81007,0.85181,3623124.0
1755705600,0.85233,0.87378,0.8459,0.87371,1620904.0
1755720000,0.87366,0.87703,0.86599,0.87098,2140745.0
1755734400,0.87144,0.88364,0.85939,0.87064,2068791.0
1755748800,0.87019,0.87749,0.85932,0.86907,412888.0
1755763200,0.86809,0.86847,0.8494,0.85392,688627.0
1755777600,0.85259,0.86553,0.83475,0.83584,2165613.0
1755792000,0.83623,0.856,0.83231,0.84366,788921.0
1755806400,0.84446,0.85448,0.83883,0.84971,208723.0
1755820800,0.85008,0.86478,0.84065,0.8434,1303107.0
1755835200,0.84368,0.85331,0.83584,0.84441,1173550.0
1755849600,0.84449,0.85032,0.82233,0.82272,576315.0
1755864000,0.82272,0.90188,0.79241,0.88305,12714451.0
1755878400,0.88272,0.92423,0.88272,0.91903,2441977.0
1755892800,0.91948,0.93583,0.91779,0.93358,1297708.0
1755907200,0.93418,0.93657,0.88552,0.88865,1420976.0
1755921600,0.88861,0.92727,0.88861,0.91119,1402043.0
1755936000,0.91174,0.91773,0.88981,0.89161,648478.0
1755950400,0.89178,0.90279,0.88597,0.90279,493663.0
1755964800,0.90287,0.90618,0.89052,0.90432,642397.0
1755979200,0.90432,0.91166,0.89857,0.90575,220314.0
1755993600,0.90645,0.91834,0.90282,0.90869,548072.0
1756008000,0.90743,0.91142,0.88167,0.8829,633368.0
1756022400,0.88266,0.88688,0.86285,0.86835,607571.0
1756036800,0.86799,0.88861,0.86645,0.87395,343956.0
1756051200,0.87395,0.92176,0.86534,0.87893,9365327.0
1756065600,0.87894,0.88014,0.8471,0.86531,3565916.0
1756080000,0.86572,0.89519,0.84392,0.8828,2136199.0
1756094400,0.88306,0.8872,0.83216,0.83823,1904525.0
1756108800,0.83808,0.84536,0.81348,0.82808,1663191.0
1756123200,0.82736,0.82866,0.80752,0.80846,1391754.0
1756137600,0.80906,0.81655,0.783,0.78482,2376606.0
1756152000,0.78483,0.78919,0.75618,0.77647,6926528.0
1756166400,0.777,0.78767,0.76837,0.76989,1379927.0
1756180800,0.77049,0.78821,0.76717,0.78422,579744.0
1756195200,0.78429,0.78861,0.7732,0.77934,639602.0
1756209600,0.77966,0.80518,0.7741,0.79459,3421809.0
1756224000,0.7948,0.81485,0.79346,0.81183,624453.0
1756238400,0.8119,0.81791,0.80308,0.81191,1392468.0
1756252800,0.81185,0.831,0.80762,0.82696,967426.0
1756267200,0.82691,0.83965,0.80432,0.80618,842662.0
1756281600,0.80664,0.82146,0.8047,0.81829,337230.0
1756296000,0.8182,0.82955,0.80593,0.82893,1510474.0
1756310400,0.82892,0.83458,0.8131,0.81969,1198880.0
1756324800,0.81956,0.83631,0.80769,0.81762,3699353.0
1756339200,0.81757,0.82796,0.81113,0.82295,1496484.0
1756353600,0.8231,0.83643,0.82142,0.835,1037892.0
1756368000,0.8349,0.84205,0.82547,0.83584,789805.0
1756382400,0.8355,0.85244,0.83098,0.83838,1215504.0
1756396800,0.83852,0.84679,0.82254,0.82289,1126441.0
1756411200,0.82232,0.85399,0.82145,0.85234,453814.0
1756425600,0.85211,0.8557,0.83647,0.85132,1865876.0
1756440000,0.85125,0.8556,0.81137,0.81287,2524814.0
1756454400,0.81285,0.8164,0.79245,0.80534,1479811.0
1756468800,0.80472,0.83459,0.78692,0.79222,5006808.0
1756483200,0.79167,0.79267,0.7726,0.78547,2004807.0
1756497600,0.78515,0.79758,0.7749,0.79294,1741352.0
1756512000,0.79354,0.81585,0.77919,0.81312,927125.0
1756526400,0.81345,0.81608,0.80496,0.81057,441235.0
1756540800,0.81088,0.81169,0.80269,0.81031,628839.0
1756555200,0.81039,0.81584,0.79369,0.81159,1750317.0
1756569600,0.81218,0.81236,0.80073,0.8052,391654.0
1756584000,0.805,0.80903,0.79988,0.80621,496790.0
1756598400,0.80662,0.81639,0.8065,0.81229,381716.0
1756612800,0.81286,0.81291,0.80336,0.80933,656893.0
1756627200,0.80962,0.81564,0.80617,0.81405,781313.0
1756641600,0.81435,0.81443,0.7989,0.81025,1448705.0
1756656000,0.81038,0.81362,0.80258,0.80342,590472.0
1756670400,0.80358,0.80824,0.78281,0.78347,730501.0
1756684800,0.7831,0.78516,0.75937,0.76688,2120111.0
1756699200,0.76576,0.78954,0.75301,0.78954,1453915.0
1756713600,0.78996,0.80728,0.78142,0.78304,974898.0
1756728000,0.78329,0.78968,0.76876,0.77013,807098.0
1756742400,0.77193,0.77329,0.76053,0.7704,697121.0
1756756800,0.7704,0.77098,0.7297,0.76072,3197964.0
1756771200,0.76069,0.77633,0.75061,0.77281,1481162.0
1756785600,0.77303,0.78593,0.77099,0.77616,1684554.0
1756800000,0.7763,0.78772,0.7757,0.78331,1583785.0
1756814400,0.78394,0.81715,0.76339,0.788,4721623.0
1756828800,0.78872,0.81734,0.78872,0.79848,2851813.0
1756843200,0.79882,0.82164,0.79748,0.81894,2071615.0
1756857600,0.8194,0.82073,0.8062,0.8118,896675.0
1756872000,0.81181,0.8122,0.79513,0.79972,536276.0
1756886400,0.79962,0.80486,0.79344,0.80258,479569.0
1756900800,0.80183,0.8155,0.79544,0.81421,1982598.0
1756915200,0.81437,0.82368,0.80944,0.82368,1422840.0
1756929600,0.82392,0.82558,0.81482,0.81683,578500.0
1756944000,0.81669,0.82576,0.80611,0.80708,2509980.0
1756958400,0.807,0.81426,0.7967,0.80622,1026956.0
1756972800,0.8056,0.81431,0.79201,0.79526,1524951.0
1756987200,0.79507,0.80256,0.77861,0.78313,2377587.0
1757001600,0.78305,0.78753,0.77282,0.77515,1361289.0
1757016000,0.77508,0.79481,0.7746,0.78274,1270343.0
1757030400,0.78297,0.79919,0.78292,0.79919,529585.0
1757044800,0.79902,0.81489,0.79532,0.81277,787470.0
1757059200,0.81224,0.81621,0.80531,0.81262,4104283.0
1757073600,0.81318,0.82954,0.78962,0.80393,7641999.0
1757088000,0.80391,0.81636,0.80251,0.81539,1644461.0
1757102400,0.81594,0.82499,0.81507,0.81839,1654037.0
1757116800,0.81853,0.82402,0.81686,0.81977,643908.0
1757131200,0.81996,0.81996,0.80805,0.81145,604360.0
1757145600,0.81142,0.81273,0.79921,0.80424,308819.0
1757160000,0.80399,0.8102,0.80029,0.80314,947604.0
1757174400,0.80279,0.81453,0.80239,0.80613,1160028.0
1757188800,0.80614,0.81897,0.80559,0.81509,675683.0
1757203200,0.81505,0.82672,0.81505,0.82206,1077029.0
1757217600,0.82201,0.82847,0.81811,0.81982,712448.0
1757232000,0.82016,0.83833,0.8156,0.83683,757405.0
1757246400,0.83664,0.8372,0.82901,0.83175,437432.0
1757260800,0.8316,0.83364,0.81739,0.82204,877585.0
1757275200,0.82214,0.83968,0.8189,0.83245,673918.0
1757289600,0.83285,0.84701,0.8249,0.83547,841436.0
1757304000,0.83684,0.84311,0.83085,0.83447,2116040.0
1757318400,0.83491,0.85518,0.83491,0.84581,1165577.0
1757332800,0.84589,0.86843,0.84084,0.86713,2613410.0
1757347200,0.86724,0.87538,0.85667,0.858,1362437.0
1757361600,0.85835,0.87405,0.85358,0.87024,1174431.0
1757376000,0.87038,0.88734,0.85896,0.87824,810829.0
1757390400,0.87728,0.9056,0.87074,0.89599,1611796.0
1757404800,0.89624,0.90458,0.89189,0.8964,1256737.0
1757419200,0.89539,0.90453,0.85364,0.85918,10434606.0
1757433600,0.85874,0.87062,0.85426,0.86721,2515697.0
1757448000,0.867,0.87769,0.86183,0.87412,766039.0
1757462400,0.87406,0.89591,0.86658,0.89281,2205721.0
1757476800,0.89255,0.89733,0.87787,0.88368,1211891.0
1757491200,0.88431,0.8888,0.876,0.88051,1071177.0
1757505600,0.88047,0.9082,0.87934,0.893,3114725.0
1757520000,0.89382,0.89715,0.87695,0.88205,1421909.0
1757534400,0.88168,0.89611,0.88168,0.89533,454135.0
1757548800,0.89529,0.90081,0.89124,0.89961,581422.0
1757563200,0.8996,0.90071,0.89156,0.89647,296444.0
1757577600,0.89647,0.89647,0.88531,0.88568,746371.0
1757592000,0.88591,0.89957,0.87035,0.88075,2264606.0
1757606400,0.88086,0.89431,0.88086,0.89352,359416.0
1757620800,0.89315,0.91017,0.89041,0.90974,708301.0
1757635200,0.90996,0.93409,0.90761,0.92276,1214454.0
1757649600,0.92245,0.9309,0.91607,0.91907,1295789.0
1757664000,0.91921,0.92019,0.89679,0.89734,904549.0
1757678400,0.89752,0.91157,0.89092,0.90589,2067062.0
1757692800,0.9059,0.96019,0.90495,0.95362,3094852.0
1757707200,0.95332,0.9556,0.93701,0.95099,2186402.0
1757721600,0.95114,0.97254,0.94651,0.95954,1329859.0
1757736000,0.9596,0.96481,0.94859,0.95039,547862.0
1757750400,0.95045,0.987,0.94952,0.98336,2976275.0
1757764800,0.98334,0.9905,0.94931,0.96924,5922755.0
1757779200,0.96916,0.98153,0.95643,0.971,1741056.0
1757793600,0.971,0.98315,0.97008,0.97694,437917.0
1757808000,0.97694,0.98082,0.95339,0.95619,2050495.0
1757822400,0.95631,0.96875,0.94765,0.96247,575019.0
1757836800,0.96212,0.9673,0.93773,0.94032,1410719.0
1757851200,0.94019,0.94515,0.91256,0.91599,2181920.0
1757865600,0.91617,0.94619,0.91481,0.93148,1391493.0
1757880000,0.93124,0.94272,0.9246,0.92864,327080.0
1757894400,0.92891,0.93743,0.916,0.93524,465279.0
1757908800,0.93436,0.93986,0.89191,0.89477,1399333.0
1757923200,0.89463,0.89528,0.87082,0.88141,2587110.0
1757937600,0.88127,0.88836,0.86711,0.87331,2149945.0
1757952000,0.87336,0.87856,0.8597,0.87408,1388915.0
1757966400,0.87336,0.88158,0.87277,0.87912,1087001.0
1757980800,0.87897,0.88657,0.87591,0.87994,448148.0
1757995200,0.87993,0.8972,0.86775,0.89254,483480.0
1758009600,0.89289,0.90096,0.88954,0.89114,479505.0
1758024000,0.89161,0.90987,0.88297,0.90987,1597131.0
1758038400,0.91019,0.92948,0.90195,0.92817,7270642.0
1758052800,0.92838,0.96948,0.92313,0.96399,2187638.0
1758067200,0.96392,0.96989,0.93928,0.93986,5514079.0
1758081600,0.94008,0.94148,0.92007,0.9288,3417985.0
1758096000,0.9288,0.92909,0.90618,0.91713,2010327.0
1758110400,0.91685,0.92109,0.9078,0.91216,924042.0
1758124800,0.91137,0.95001,0.90292,0.94286,8727611.0
1758139200,0.94353,0.96826,0.92209,0.96333,3195542.0
1758153600,0.96315,0.97437,0.95157,0.96624,1233653.0
1758168000,0.96624,0.96702,0.93853,0.94246,1265923.0
1758182400,0.94153,0.95536,0.94086,0.94769,543512.0
1758196800,0.94775,0.96231,0.94184,0.95961,1420316.0
1758211200,0.95986,0.96684,0.94469,0.94924,2223978.0
1758225600,0.94923,0.957,0.94362,0.95582,880331.0
1758240000,0.95579,0.99476,0.94443,0.94517,1721060.0
1758254400,0.94475,0.95053,0.93269,0.94536,1388190.0
1758268800,0.945,0.95178,0.91957,0.92153,976226.0
1758283200,0.92106,0.92566,0.89285,0.90139,2524736.0
1758297600,0.90155,0.90667,0.88883,0.89352,949713.0
1758312000,0.89319,0.90579,0.88907,0.89854,602825.0
1758326400,0.898,0.90201,0.88605,0.89041,534709.0
1758340800,0.88999,0.90509,0.88816,0.89989,237700.0
1758355200,0.89966,0.89967,0.88264,0.88936,275108.0
1758369600,0.88938,0.9127,0.88784,0.9068,633714.0
1758384000,0.90687,0.91012,0.89164,0.89548,801338.0
1758398400,0.89532,0.90417,0.89472,0.89887,660030.0
1758412800,0.89885,0.90475,0.89571,0.90324,324157.0
1758427200,0.90451,0.9077,0.89858,0.9033,267555.0
1758441600,0.9033,0.90488,0.88379,0.89531,727442.0
1758456000,0.89517,0.91519,0.89279,0.89472,996835.0
1758470400,0.89458,0.89695,0.88056,0.88972,916454.0
1758484800,0.88955,0.88993,0.87407,0.87511,550381.0
1758499200,0.87512,0.88125,0.83556,0.83994,2417640.0
1758513600,0.83917,0.84461,0.77471,0.79659,4960246.0
1758528000,0.7965,0.80103,0.78563,0.79108,1157473.0
1758542400,0.79049,0.80511,0.78242,0.78504,1260632.0
1758556800,0.78505,0.79312,0.77794,0.78033,1007202.0
1758571200,0.78001,0.79563,0.7793,0.7953,614252.0
1758585600,0.79518,0.80013,0.77,0.7887,1936842.0
1758600000,0.78891,0.80673,0.78105,0.79815,1687102.0
1758614400,0.79852,0.80471,0.79171,0.79684,618862.0
1758628800,0.79658,0.80535,0.7885,0.79359,320509.0
1758643200,0.79523,0.80287,0.77955,0.78179,820188.0
1758657600,0.78198,0.79318,0.77775,0.78253,696748.0
1758672000,0.78283,0.79372,0.76278,0.77235,1001224.0
1758686400,0.77208,0.79968,0.75932,0.79952,985446.0
1758700800,0.79951,0.8052,0.7943,0.80255,403375.0
1758715200,0.80262,0.81071,0.79376,0.79587,783467.0
1758729600,0.79649,0.80123,0.7913,0.79521,385943.0
1758744000,0.79532,0.79637,0.78365,0.78774,461635.0
1758758400,0.78785,0.79076,0.76664,0.77439,1317889.0
1758772800,0.77445,0.77802,0.75635,0.76527,1849924.0
1758787200,0.76586,0.77117,0.75282,0.75516,580701.0
1758801600,0.75588,0.77,0.74232,0.7587,3909495.0
1758816000,0.75977,0.76051,0.7202,0.73961,4267065.0
1758830400,0.73921,0.74067,0.7213,0.72875,903619.0
1758844800,0.72956,0.74309,0.72816,0.74095,215641.0
1758859200,0.74141,0.74257,0.73015,0.73523,287210.0
1758873600,0.73567,0.73781,0.72,0.73007,331904.0
1758888000,0.7289,0.74422,0.72028,0.73926,1492583.0
1758902400,0.7385,0.75875,0.7385,0.74926,710243.0
1758916800,0.74863,0.75554,0.74659,0.75393,309189.0
1758931200,0.75357,0.75397,0.7473,0.75031,1469094.0
1758945600,0.74993,0.75195,0.74416,0.74468,188403.0
1758960000,0.7448,0.74527,0.73695,0.74206,226781.0
1758974400,0.74218,0.74784,0.73583,0.74783,264215.0
1758988800,0.7479,0.74815,0.73356,0.73604,226385.0
1759003200,0.73652,0.74449,0.73487,0.73579,232740.0
1759017600,0.73617,0.73759,0.72501,0.72953,288419.0
1759032000,0.72913,0.73261,0.72336,0.72639,129762.0
1759046400,0.72613,0.72731,0.71468,0.71859,763965.0
1759060800,0.71853,0.72723,0.70887,0.72637,413369.0
1759075200,0.72749,0.73421,0.72306,0.73169,373725.0
1759089600,0.73212,0.74976,0.73104,0.74559,776335.0
1759104000,0.74555,0.74556,0.73527,0.73879,581100.0
1759118400,0.7389,0.73907,0.72159,0.72596,392445.0
1759132800,0.72627,0.72765,0.70281,0.70415,712002.0
1759147200,0.70373,0.7352,0.69602,0.71772,1335325.0
1759161600,0.71795,0.72488,0.70788,0.72484,511114.0
1759176000,0.72495,0.7376,0.72366,0.7281,1091258.0
1759190400,0.72808,0.72974,0.71416,0.71856,520212.0
1759204800,0.7186,0.72818,0.71654,0.71694,227878.0
1759219200,0.7168,0.71746,0.70515,0.71062,757602.0
1759233600,0.70999,0.71051,0.68925,0.69926,1455268.0
1759248000,0.69908,0.71978,0.69478,0.71854,984919.0
1759262400,0.71896,0.729,0.71757,0.729,2016754.0
1759276800,0.72868,0.73094,0.72105,0.72105,420928.0
1759291200,0.72116,0.7275,0.71204,0.71577,1532382.0
1759305600,0.71523,0.75437,0.71467,0.74605,3204973.0
1759320000,0.74644,0.75604,0.74036,0.75552,1601721.0
1759334400,0.75567,0.76726,0.74704,0.76399,1362514.0
1759348800,0.76372,0.76627,0.75707,0.76494,282984.0
1759363200,0.76542,0.7877,0.76438,0.78356,668556.0
1759377600,0.78356,0.79081,0.77879,0.78042,677209.0
1759392000,0.78117,0.78251,0.77392,0.77636,904135.0
1759406400,0.77631,0.78129,0.75608,0.77668,2142635.0
1759420800,0.7769,0.79665,0.77352,0.7948,1917414.0
1759435200,0.79503,0.79857,0.78531,0.78856,1120289.0
1759449600,0.78856,0.78856,0.77011,0.77154,783773.0
1759464000,0.77102,0.77899,0.76383,0.77115,862608.0
1759478400,0.77109,0.77824,0.76596,0.76814,421545.0
1759492800,0.76793,0.78672,0.75689,0.78639,7301630.0
1759507200,0.7865,0.80077,0.75981,0.78618,2935567.0
1759521600,0.78639,0.7976,0.78058,0.7863,546982.0
1759536000,0.78697,0.79413,0.76861,0.77626,640933.0
1759550400,0.77626,0.80136,0.7742,0.79029,2899065.0
1759564800,0.79109,0.79327,0.76328,0.76723,1536056.0
1759579200,0.76705,0.7709,0.74432,0.74674,700920.0
1759593600,0.74642,0.75585,0.7405,0.75307,2333696.0
1759608000,0.75336,0.75939,0.75183,0.75458,1738940.0
1759622400,0.7548,0.77855,0.74545,0.77189,1569890.0
1759636800,0.77226,0.79986,0.7689,0.79931,1311820.0
1759651200,0.79934,0.80869,0.77821,0.78524,1327340.0
1759665600,0.78422,0.79459,0.77652,0.79199,485259.0
1759680000,0.79156,0.79273,0.76381,0.76381,837612.0
1759694400,0.76343,0.76944,0.76143,0.76226,445813.0
1759708800,0.76247,0.7703,0.7521,0.76305,1035008.0
1759723200,0.76278,0.77464,0.75487,0.76075,506546.0
1759737600,0.76129,0.78072,0.76128,0.77556,811358.0
1759752000,0.77561,0.80571,0.77505,0.80381,2052319.0
1759766400,0.80415,0.81451,0.79627,0.80567,1033113.0
1759780800,0.80517,0.80916,0.79856,0.80299,527043.0
1759795200,0.80279,0.80875,0.79897,0.80342,420208.0
1759809600,0.80334,0.80931,0.78082,0.78433,1953478.0
1759824000,0.78433,0.79387,0.7652,0.79387,1639284.0
1759838400,0.79295,0.79588,0.74425,0.74965,4203214.0
1759852800,0.74865,0.76346,0.73832,0.74028,5067321.0
1759867200,0.74044,0.75071,0.73299,0.73652,5035227.0
1759881600,0.73633,0.74547,0.7234,0.72705,1538736.0
1759896000,0.72684,0.73242,0.72192,0.72872,416740.0
1759910400,0.72956,0.74091,0.72758,0.72793,502725.0
1759924800,0.72765,0.74236,0.72011,0.72599,1408810.0
1759939200,0.72581,0.75143,0.72443,0.74403,1353889.0
1759953600,0.74448,0.74914,0.73899,0.74511,2315255.0
1759968000,0.74519,0.74791,0.7181,0.72847,3083068.0
1759982400,0.72791,0.73887,0.7201,0.72065,404330.0
1759996800,0.72064,0.72136,0.7033,0.70735,1392391.0
1760011200,0.70719,0.71661,0.68949,0.69664,1678378.0
1760025600,0.69611,0.70529,0.68737,0.7038,799017.0
1760040000,0.70424,0.71095,0.70248,0.70624,241196.0
1760054400,0.70682,0.72935,0.70614,0.72346,611110.0
1760068800,0.72207,0.7311,0.71298,0.71305,612975.0
1760083200,0.71337,0.72796,0.71157,0.72687,532973.0
1760097600,0.72689,0.74309,0.68,0.68151,6555946.0
1760112000,0.6814,0.6889,0.65119,0.66133,5486658.0
1760126400,0.66045,0.66792,0.13394,0.46316,38890942.0
1760140800,0.4641,0.50531,0.45354,0.49073,11766797.0
1760155200,0.49008,0.50065,0.47586,0.49152,2859484.0
1760169600,0.49225,0.52275,0.4893,0.50772,2456042.0
1760184000,0.50736,0.51642,0.49044,0.50828,2708012.0
1760198400,0.50906,0.51385,0.47426,0.47994,3296220.0
1760212800,0.4799,0.48193,0.45835,0.4795,3366170.0
1760227200,0.47964,0.48392,0.46204,0.47346,2492990.0
1760241600,0.47348,0.48854,0.47237,0.48466,822029.0
1760256000,0.48496,0.48718,0.47088,0.47693,1132232.0
1760270400,0.47645,0.53983,0.47539,0.53638,6496595.0
1760284800,0.53737,0.57939,0.53708,0.56643,5104377.0
1760299200,0.56614,0.57396,0.54777,0.5519,2408102.0
1760313600,0.55188,0.55566,0.53628,0.54782,1710058.0
1760328000,0.54805,0.57168,0.54519,0.55943,1764073.0
1760342400,0.55867,0.56858,0.54358,0.56184,2606049.0
1760356800,0.56199,0.58261,0.55502,0.57574,6184871.0
1760371200,0.57589,0.59793,0.57139,0.59452,1994008.0
1760385600,0.59521,0.61866,0.59295,0.60473,1072495.0
1760400000,0.60502,0.61164,0.58606,0.58704,2257786.0
1760414400,0.58714,0.58999,0.53914,0.54637,5911418.0
1760428800,0.54649,0.55509,0.53231,0.54478,2444977.0
1760443200,0.54493,0.57657,0.5277,0.57358,3438926.0
1760457600,0.57309,0.58757,0.56609,0.57501,4957412.0
1760472000,0.57519,0.58635,0.56925,0.58181,753838.0
1760486400,0.58217,0.58529,0.57153,0.57409,827315.0
1760500800,0.57428,0.59402,0.572,0.58846,2229644.0
1760515200,0.58765,0.59674,0.56793,0.57126,1868559.0
1760529600,0.57025,0.57152,0.54074,0.54687,4409641.0
1760544000,0.54645,0.55274,0.54259,0.54469,1604885.0
1760558400,0.54476,0.54893,0.53609,0.54134,1621522.0
1760572800,0.54189,0.551,0.54093,0.54403,1174113.0
1760587200,0.54479,0.55587,0.54227,0.54838,1345913.0
1760601600,0.54878,0.56088,0.52499,0.55617,5774258.0
1760616000,0.55612,0.56072,0.52023,0.5234,4319891.0
1760630400,0.52335,0.53903,0.5137,0.52037,5567710.0
1760644800,0.52044,0.52519,0.51055,0.52358,1221862.0
1760659200,0.52343,0.53751,0.52233,0.52914,1230873.0
1760673600,0.52915,0.52997,0.48496,0.48644,4896892.0
1760688000,0.48662,0.50627,0.47221,0.4998,9120277.0
1760702400,0.49963,0.5073,0.49239,0.50609,3104411.0
1760716800,0.50597,0.51619,0.49768,0.5029,1463086.0
1760731200,0.50287,0.51463,0.50105,0.50649,817348.0
1760745600,0.50621,0.52211,0.50609,0.51907,688723.0
1760760000,0.51894,0.52361,0.51071,0.51204,907620.0
1760774400,0.51219,0.52134,0.51211,0.5193,946953.0
1760788800,0.51946,0.52215,0.5084,0.51296,594083.0
1760803200,0.51274,0.52067,0.50743,0.51798,619706.0
1760817600,0.51811,0.5218,0.51515,0.51582,383123.0
1760832000,0.51572,0.52109,0.51042,0.51913,707237.0
1760846400,0.51971,0.51986,0.50994,0.51477,591587.0
1760860800,0.5147,0.53164,0.50696,0.52504,2307754.0
1760875200,0.52426,0.535,0.51808,0.53212,1825890.0
1760889600,0.53201,0.5418,0.53037,0.53649,763070.0
1760904000,0.53634,0.5391,0.52979,0.53137,410041.0
1760918400,0.53108,0.54923,0.51839,0.54802,1439955.0
1760932800,0.54838,0.55631,0.54203,0.55268,1189625.0
1760947200,0.55266,0.56055,0.54683,0.55073,923445.0
1760961600,0.55047,0.5596,0.54984,0.54984,2009272.0
1760976000,0.54831,0.54907,0.53704,0.54618,1590824.0
1760990400,0.54606,0.55104,0.54102,0.54113,623724.0
1761004800,0.54093,0.5431,0.52654,0.52744,1078729.0
1761019200,0.52628,0.52766,0.51682,0.52192,888623.0
1761033600,0.52183,0.52644,0.51538,0.52164,1226947.0
1761048000,0.52172,0.57688,0.52082,0.56717,3725636.0
1761062400,0.56771,0.58377,0.5632,0.56689,2147458.0
1761076800,0.56604,0.56674,0.52387,0.5259,2274780.0
1761091200,0.52661,0.53208,0.5163,0.51931,2259419.0
1761105600,0.51949,0.52442,0.5084,0.51319,1101589.0
1761120000,0.51204,0.51274,0.50101,0.50937,1420606.0
1761134400,0.50952,0.51679,0.49996,0.50812,2563103.0
1761148800,0.50841,0.5098,0.4893,0.4949,1790442.0
1761163200,0.49457,0.49661,0.47359,0.49077,7079981.0
1761177600,0.49076,0.50402,0.48838,0.50309,2830748.0
1761192000,0.50321,0.5135,0.50206,0.50951,1393693.0
1761206400,0.5095,0.51423,0.50317,0.50432,850201.0
1761220800,0.50405,0.51931,0.49833,0.51704,1945125.0
1761235200,0.51688,0.53094,0.51321,0.52627,2401485.0
1761249600,0.52614,0.52825,0.51792,0.52521,2007279.0
1761264000,0.52521,0.53209,0.52312,0.52463,1290391.0
1761278400,0.5247,0.53745,0.52286,0.53425,1017772.0
1761292800,0.53478,0.54165,0.52763,0.53633,510407.0
1761307200,0.53605,0.55127,0.52768,0.52968,3538257.0
1761321600,0.52955,0.54174,0.52663,0.53856,2339194.0
1761336000,0.53814,0.54842,0.53806,0.54521,1400779.0
1761350400,0.54517,0.54564,0.53453,0.53497,1047092.0
1761364800,0.53478,0.53884,0.53134,0.53233,289411.0
1761379200,0.53228,0.53632,0.53002,0.53366,258314.0
1761393600,0.53398,0.54313,0.53362,0.54204,804197.0
1761408000,0.54216,0.5503,0.54092,0.5503,1019226.0
1761422400,0.55048,0.55374,0.54616,0.54689,695768.0
1761436800,0.5473,0.54739,0.53124,0.53345,961135.0
1761451200,0.53313,0.54453,0.53313,0.54422,604787.0
1761465600,0.5444,0.56367,0.5444,0.56086,2985716.0
1761480000,0.56118,0.56399,0.5564,0.55974,2954865.0
1761494400,0.55961,0.55961,0.55337,0.5556,746104.0
1761508800,0.55553,0.57377,0.55167,0.56815,1645449.0
1761523200,0.56822,0.57442,0.56446,0.56624,1550179.0
1761537600,0.56638,0.57783,0.56247,0.56753,361577.0
1761552000,0.5672,0.56731,0.55199,0.55687,1152380.0
1761566400,0.55733,0.55799,0.54651,0.55176,1051269.0
1761580800,0.55156,0.56811,0.55156,0.55642,1210637.0
1761595200,0.55607,0.55864,0.54823,0.55222,1340922.0
1761609600,0.55204,0.55654,0.54502,0.54811,1000003.0
1761624000,0.54803,0.55662,0.54133,0.54726,713871.0
1761638400,0.54724,0.55543,0.54625,0.5487,713412.0
1761652800,0.54886,0.56327,0.54039,0.55238,2021921.0
1761667200,0.55167,0.5597,0.53795,0.54031,1481029.0
1761681600,0.53996,0.54038,0.52233,0.53243,2002699.0
1761696000,0.53187,0.53478,0.52599,0.52605,2106631.0
1761710400,0.52602,0.53083,0.52473,0.53005,815883.0
1761724800,0.52959,0.54183,0.52384,0.54087,2352417.0
1761739200,0.5408,0.55227,0.529,0.5312,1456879.0
1761753600,0.53129,0.5622,0.521,0.55888,8505135.0
1761768000,0.55914,0.57279,0.53522,0.53763,2410823.0
1761782400,0.53752,0.54849,0.53377,0.54135,1432484.0
1761796800,0.5407,0.5407,0.51566,0.53328,1968623.0
1761811200,0.53295,0.53363,0.51438,0.51442,683117.0
1761825600,0.51442,0.51595,0.48785,0.48911,2915603.0
1761840000,0.48901,0.49367,0.47223,0.47278,1948482.0
1761854400,0.47418,0.49261,0.47193,0.49247,1204169.0
1761868800,0.49258,0.50371,0.48974,0.49459,1928830.0
1761883200,0.49465,0.50439,0.49465,0.50019,808276.0
1761897600,0.50092,0.50777,0.49586,0.50754,574629.0
1761912000,0.50737,0.51897,0.49996,0.5146,1170291.0
1761926400,0.5149,0.51996,0.49555,0.51743,1790048.0
1761940800,0.51743,0.51966,0.5111,0.51444,730896.0
1761955200,0.51495,0.52037,0.50746,0.51993,352494.0
1761969600,0.51976,0.52293,0.51158,0.5216,471659.0
1761984000,0.52174,0.53513,0.52174,0.53241,551585.0
1761998400,0.5323,0.53657,0.526,0.53418,1690310.0
1762012800,0.53412,0.5392,0.53257,0.53609,1024311.0
1762027200,0.53714,0.54052,0.53117,0.53534,530315.0
1762041600,0.53499,0.53517,0.52921,0.53022,857648.0
1762056000,0.53005,0.54524,0.52956,0.54379,949166.0
1762070400,0.54489,0.54489,0.5323,0.5437,1011427.0
1762084800,0.5431,0.54339,0.52585,0.5277,736564.0
1762099200,0.52756,0.52955,0.52036,0.52368,834224.0
1762113600,0.52378,0.54644,0.52128,0.54377,1281578.0
1762128000,0.544,0.5442,0.49757,0.49788,2008574.0
1762142400,0.49748,0.5059,0.48401,0.49639,1691518.0
1762156800,0.49565,0.50386,0.48505,0.48874,1074789.0
1762171200,0.48896,0.49416,0.43198,0.44843,12149983.0
1762185600,0.44937,0.46952,0.44594,0.44793,5217734.0
1762200000,0.44802,0.44904,0.43507,0.43952,3065201.0
1762214400,0.44052,0.45235,0.43683,0.44256,2266128.0
1762228800,0.44213,0.44503,0.41272,0.41464,4648139.0
1762243200,0.41458,0.4272,0.41191,0.42213,3160002.0
1762257600,0.42108,0.42279,0.40054,0.40708,5321716.0
1762272000,0.40725,0.41155,0.38893,0.39624,14407675.0
1762286400,0.39624,0.40484,0.36778,0.40211,17303096.0
1762300800,0.40234,0.41941,0.38316,0.41808,5834829.0
1762315200,0.41804,0.42334,0.41743,0.41978,4289286.0
1762329600,0.41948,0.42136,0.41067,0.41765,1398744.0
1762344000,0.41793,0.42875,0.41497,0.42707,3049962.0
1762358400,0.4272,0.43402,0.42157,0.42901,3186563.0
1762372800,0.42893,0.44001,0.4255,0.43663,2445967.0
1762387200,0.43654,0.43738,0.42814,0.43156,1615144.0
1762401600,0.43162,0.43286,0.42221,0.42498,1196692.0
1762416000,0.42442,0.42894,0.4225,0.42642,734034.0
1762430400,0.42671,0.43272,0.41475,0.41882,5992202.0
1762444800,0.4189,0.4311,0.41194,0.42737,7713559.0
1762459200,0.42811,0.42995,0.42013,0.42499,8213280.0
1762473600,0.42511,0.44151,0.42461,0.43701,3527363.0
1762488000,0.43771,0.44902,0.43177,0.44803,2980924.0
1762502400,0.44821,0.44913,0.4288,0.4351,3565461.0
1762516800,0.43588,0.4559,0.4228,0.45258,10378266.0
1762531200,0.45267,0.49465,0.45078,0.4936,5923110.0
1762545600,0.49354,0.49752,0.47876,0.48015,3101643.0
1762560000,0.4805,0.49408,0.47704,0.47767,3912601.0
1762574400,0.47788,0.4862,0.46556,0.47077,2938733.0
1762588800,0.47054,0.48113,0.46677,0.47898,1261246.0
1762603200,0.47871,0.48519,0.45983,0.46458,1790849.0
1762617600,0.465,0.47323,0.46022,0.46638,1334234.0
1762632000,0.46614,0.47629,0.46381,0.475,885009.0
1762646400,0.47516,0.47542,0.45175,0.45331,2239615.0
1762660800,0.45377,0.46835,0.45377,0.46782,1038001.0
1762675200,0.46805,0.47385,0.45566,0.47136,1339111.0
1762689600,0.47208,0.48383,0.46929,0.48198,2861180.0
1762704000,0.48198,0.48841,0.47519,0.48813,1028135.0
1762718400,0.4882,0.48874,0.47852,0.4802,2108258.0
1762732800,0.48045,0.494,0.47724,0.49042,2100653.0
1762747200,0.49103,0.49447,0.48554,0.48792,464391.0
1762761600,0.48791,0.49925,0.48232,0.49089,1580097.0
1762776000,0.49106,0.49641,0.48164,0.4892,2462381.0
1762790400,0.49007,0.49718,0.48215,0.49129,1271976.0
1762804800,0.4917,0.50841,0.48681,0.49789,5368697.0
1762819200,0.4982,0.50748,0.48695,0.50036,2836346.0
1762833600,0.50047,0.50169,0.47587,0.47587,2037100.0
1762848000,0.4761,0.48493,0.47438,0.48231,904289.0
1762862400,0.48199,0.48596,0.47574,0.478,3466273.0
1762876800,0.47747,0.4808,0.46951,0.46978,1177046.0
1762891200,0.47072,0.47093,0.45844,0.45965,2827997.0
1762905600,0.45972,0.46662,0.45556,0.46569,2759738.0
1762920000,0.46596,0.47555,0.46473,0.47005,646898.0
1762934400,0.47059,0.48529,0.47059,0.4813,1601396.0
1762948800,0.48168,0.49066,0.47301,0.47472,4802335.0
1762963200,0.47483,0.47646,0.44357,0.45067,6354284.0
1762977600,0.45001,0.45904,0.44491,0.44659,2552559.0
1762992000,0.44691,0.46544,0.44442,0.46079,2460296.0
1763006400,0.46038,0.47276,0.45538,0.46719,1948848.0
1763020800,0.46702,0.46906,0.45891,0.46363,1422642.0
1763035200,0.4637,0.47654,0.45876,0.46512,6661067.0
1763049600,0.46468,0.46673,0.42512,0.4273,6495051.0
1763064000,0.42738,0.44494,0.42109,0.44043,5999776.0
1763078400,0.44015,0.44828,0.43255,0.43397,2947867.0
1763092800,0.43392,0.44472,0.41236,0.44025,5896342.0
1763107200,0.44058,0.44058,0.4209,0.4246,3081097.0
1763121600,0.42483,0.43232,0.41157,0.42642,8474733.0
1763136000,0.42643,0.43522,0.42194,0.43153,1805092.0
1763150400,0.4316,0.43192,0.39701,0.40304,2400734.0
1763164800,0.40335,0.4247,0.40301,0.42348,1197970.0
1763179200,0.42375,0.43085,0.42101,0.42206,751270.0
1763193600,0.42159,0.42159,0.41175,0.41724,740343.0
1763208000,0.41698,0.43604,0.41688,0.42843,1235736.0
1763222400,0.42826,0.43191,0.4238,0.42769,752656.0
1763236800,0.42766,0.42795,0.42077,0.42402,666178.0
1763251200,0.424,0.43066,0.41421,0.43015,1291488.0
1763265600,0.431,0.43302,0.42617,0.4291,1108919.0
1763280000,0.42919,0.43162,0.41756,0.41839,901895.0
1763294400,0.41836,0.42167,0.40712,0.408,1519932.0
1763308800,0.40814,0.41219,0.3987,0.40186,4316985.0
1763323200,0.40214,0.41385,0.3954,0.40984,2290612.0
1763337600,0.41009,0.41906,0.40461,0.41647,2036319.0
1763352000,0.41641,0.41851,0.40934,0.41514,1996850.0
1763366400,0.41522,0.4184,0.41308,0.41498,804787.0
1763380800,0.41473,0.41873,0.39613,0.40092,4269377.0
1763395200,0.40086,0.40999,0.38473,0.38725,4600930.0
1763409600,0.38734,0.39027,0.38163,0.38846,2396578.0
1763424000,0.3883,0.40411,0.38101,0.4026,2500086.0
1763438400,0.40233,0.41414,0.39667,0.40173,3081680.0
1763452800,0.40201,0.40782,0.39968,0.40248,3358391.0
1763467200,0.40245,0.41378,0.40014,0.41082,5118626.0
1763481600,0.41086,0.42084,0.41037,0.41919,1969285.0
1763496000,0.41947,0.42032,0.40936,0.41677,767098.0
1763510400,0.41647,0.4216,0.40791,0.41209,1476846.0
1763524800,0.4126,0.41699,0.4062,0.41079,2783438.0
1763539200,0.41074,0.4156,0.40776,0.40937,1010704.0
1763553600,0.40944,0.41106,0.39433,0.39498,2726751.0
1763568000,0.39517,0.39828,0.37329,0.37951,3545695.0
1763582400,0.37963,0.39948,0.37846,0.39776,4542609.0
1763596800,0.39776,0.40634,0.39528,0.40423,947065.0
1763611200,0.40441,0.41356,0.40245,0.41295,1892879.0
1763625600,0.41319,0.41416,0.40496,0.40978,2222177.0
1763640000,0.40972,0.42477,0.40915,0.41193,3086674.0
1763654400,0.41189,0.41306,0.37368,0.3856,6382873.0
1763668800,0.38506,0.39588,0.3777,0.37851,1557464.0
1763683200,0.37865,0.38827,0.3708,0.37808,1747483.0
1763697600,0.37731,0.38113,0.32795,0.35317,4270308.0
1763712000,0.35288,0.35919,0.33309,0.33461,3251915.0
1763726400,0.33466,0.34595,0.3252,0.33074,5908900.0
1763740800,0.3313,0.34466,0.32253,0.32764,5203903.0
1763755200,0.32767,0.33044,0.31038,0.32899,3455208.0
1763769600,0.32913,0.33206,0.32123,0.32162,1655790.0
1763784000,0.32149,0.32194,0.30836,0.31995,3665735.0
1763798400,0.32009,0.32914,0.3123,0.32618,3026599.0
1763812800,0.32608,0.32875,0.3175,0.32373,2208127.0
1763827200,0.32374,0.33021,0.3229,0.32821,897053.0
1763841600,0.328,0.33734,0.32496,0.33234,2208358.0
1763856000,0.33216,0.33632,0.32881,0.33508,683802.0
1763870400,0.33583,0.34485,0.3336,0.3368,1175958.0
1763884800,0.33681,0.33952,0.33171,0.33536,823733.0
1763899200,0.33505,0.34054,0.33235,0.33924,1135524.0
1763913600,0.33959,0.34418,0.33584,0.34089,1684795.0
1763928000,0.34114,0.34223,0.33428,0.3349,707027.0
1763942400,0.3348,0.35144,0.33048,0.35002,2153823.0
1763956800,0.35056,0.35449,0.34139,0.34561,1516752.0
1763971200,0.34527,0.34775,0.33657,0.34041,1985543.0
1763985600,0.34026,0.35069,0.33685,0.34715,2626422.0
1764000000,0.34726,0.36948,0.3469,0.36642,2132032.0
1764014400,0.36684,0.37907,0.36684,0.37648,1146814.0
1764028800,0.3763,0.37678,0.36249,0.36615,858920.0
1764043200,0.36583,0.36646,0.35807,0.35931,1429283.0
1764057600,0.36017,0.36266,0.35662,0.3578,853344.0
1764072000,0.35761,0.36106,0.34343,0.35308,5025044.0
1764086400,0.3533,0.36125,0.34852,0.35498,1116082.0
1764100800,0.35523,0.37155,0.35499,0.36658,2292040.0
1764115200,0.36676,0.37115,0.36056,0.36061,776144.0
1764129600,0.36124,0.36726,0.36,0.367,423243.0
1764144000,0.36669,0.36758,0.35634,0.35724,590273.0
1764158400,0.35725,0.36246,0.35178,0.35734,759729.0
1764172800,0.35741,0.3921,0.35738,0.38997,2432510.0
1764187200,0.39012,0.39274,0.38185,0.38657,2204251.0
1764201600,0.38655,0.3872,0.37918,0.37956,1128086.0
1764216000,0.37954,0.38775,0.37915,0.38259,862388.0
1764230400,0.38244,0.38311,0.3758,0.37696,371257.0
1764244800,0.37678,0.38559,0.37533,0.38526,1035941.0
1764259200,0.38524,0.39257,0.38392,0.3912,472850.0
1764273600,0.39126,0.39443,0.38256,0.38324,405171.0
1764288000,0.38343,0.38695,0.37786,0.38284,379342.0
1764302400,0.38303,0.38501,0.37911,0.37997,389063.0
1764316800,0.38013,0.39371,0.38003,0.3863,796508.0
1764331200,0.38615,0.40606,0.38492,0.3941,1143347.0
1764345600,0.39425,0.39425,0.37756,0.38392,948081.0
1764360000,0.38404,0.38449,0.37875,0.38053,497093.0
1764374400,0.38119,0.38374,0.37733,0.37733,299067.0
1764388800,0.37735,0.38041,0.37404,0.37536,193709.0
1764403200,0.37495,0.37864,0.37237,0.37831,438836.0
1764417600,0.37827,0.37858,0.37192,0.37537,643404.0
1764432000,0.37516,0.37609,0.36837,0.37225,416408.0
1764446400,0.37235,0.38203,0.371,0.37904,445533.0
1764460800,0.37853,0.38089,0.37343,0.3761,265538.0
1764475200,0.37594,0.3786,0.37172,0.37746,873859.0
1764489600,0.37745,0.38133,0.37603,0.37772,359535.0
1764504000,0.37761,0.38716,0.37135,0.37235,837973.0
1764518400,0.37232,0.37942,0.37225,0.37705,405440.0
1764532800,0.37692,0.38035,0.36577,0.36597,389573.0
1764547200,0.36661,0.36762,0.33683,0.33774,4771761.0
1764561600,0.33731,0.34083,0.33582,0.3395,1299894.0
1764576000,0.33925,0.34158,0.33389,0.33448,1301894.0
1764590400,0.33477,0.34071,0.32841,0.33531,2855624.0
1764604800,0.33513,0.34,0.33031,0.33609,1936818.0
1764619200,0.33607,0.34707,0.33607,0.34594,2283777.0
1764633600,0.34571,0.34854,0.33985,0.34415,1019415.0
1764648000,0.34418,0.34548,0.34078,0.34411,498174.0
1764662400,0.34405,0.34747,0.34104,0.34545,598786.0
1764676800,0.34575,0.39739,0.34565,0.39332,2662430.0
1764691200,0.39398,0.42377,0.39238,0.39969,5393394.0
1764705600,0.39987,0.4104,0.394,0.40379,2934840.0
1764720000,0.4043,0.40702,0.40103,0.40139,1203478.0
1764734400,0.40144,0.40751,0.39786,0.39806,981154.0
1764748800,0.39876,0.40636,0.39195,0.40009,5524841.0
1764763200,0.40055,0.40175,0.38536,0.39115,2356048.0
1764777600,0.39172,0.39809,0.388,0.39234,1559296.0
1764792000,0.3923,0.40162,0.39163,0.39886,1112628.0
1764806400,0.39874,0.4125,0.39774,0.40397,1442818.0
1764820800,0.40403,0.4062,0.4003,0.40387,1343212.0
1764835200,0.40383,0.40459,0.39907,0.4013,497959.0
1764849600,0.40128,0.40952,0.39572,0.40826,4555844.0
1764864000,0.40811,0.46582,0.39113,0.39947,9727579.0
1764878400,0.399,0.40059,0.38074,0.38228,2304179.0
1764892800,0.38224,0.3864,0.37835,0.38029,1650240.0
1764907200,0.3803,0.39231,0.3782,0.39145,1084842.0
1764921600,0.39156,0.39261,0.38117,0.38234,658159.0
1764936000,0.38193,0.38623,0.37375,0.37726,1713371.0
1764950400,0.37751,0.37751,0.35898,0.36593,2136051.0
1764964800,0.36589,0.37112,0.36311,0.371,2328841.0
1764979200,0.3707,0.37775,0.36784,0.3708,1872584.0
1764993600,0.37106,0.3742,0.36934,0.37231,1015242.0
1765008000,0.37223,0.37728,0.36922,0.37683,532657.0
1765022400,0.37709,0.38254,0.37216,0.37386,654312.0
1765036800,0.37386,0.37621,0.37056,0.37426,5154339.0
1765051200,0.37427,0.38239,0.37239,0.37965,877258.0
1765065600,0.37979,0.38584,0.37869,0.37947,1023718.0
1765080000,0.37956,0.38135,0.3766,0.37717,383247.0
1765094400,0.3772,0.37722,0.3713,0.37343,466866.0
1765108800,0.37314,0.37662,0.35734,0.37275,1534823.0
1765123200,0.37259,0.38518,0.36797,0.38125,644168.0
1765137600,0.38162,0.3825,0.36109,0.368,1015056.0
1765152000,0.36802,0.38018,0.36618,0.37771,505473.0
1765166400,0.37853,0.38819,0.37792,0.38412,1042332.0
1765180800,0.38503,0.39215,0.38309,0.39097,623235.0
1765195200,0.39117,0.39752,0.38747,0.39079,1062783.0
1765209600,0.39083,0.39872,0.38161,0.38428,909597.0
1765224000,0.38465,0.39366,0.38465,0.38873,459515.0
1765238400,0.38862,0.39081,0.3806,0.3854,398240.0
1765252800,0.38454,0.38466,0.37801,0.38328,485658.0
1765267200,0.38327,0.38622,0.38153,0.38613,437689.0
1765281600,0.38514,0.40849,0.38478,0.40656,1425285.0
1765296000,0.40688,0.45377,0.40688,0.44402,5144262.0
1765310400,0.44336,0.44336,0.42349,0.4373,2174658.0
1765324800,0.43759,0.44115,0.42561,0.43059,1256988.0
1765339200,0.43004,0.4306,0.41924,0.42349,780762.0
1765353600,0.42349,0.42386,0.40206,0.4057,1171430.0
1765368000,0.40567,0.40754,0.40208,0.4033,536117.0
1765382400,0.40311,0.4195,0.40278,0.41064,2674869.0
1765396800,0.41069,0.42329,0.38703,0.39079,2237166.0
1765411200,0.3908,0.3908,0.37011,0.37011,1282041.0
1765425600,0.3701,0.38659,0.36865,0.38478,1594493.0
1765440000,0.38454,0.38474,0.37714,0.38301,1866938.0
1765454400,0.38302,0.39274,0.37924,0.38983,1145458.0
1765468800,0.38984,0.40154,0.38678,0.39691,1223224.0
1765483200,0.3961,0.41373,0.39558,0.40233,1860493.0
1765497600,0.40239,0.40377,0.39391,0.3972,1151261.0
1765512000,0.3969,0.3996,0.38972,0.39497,846122.0
1765526400,0.39512,0.39883,0.39283,0.39751,403815.0
1765540800,0.39734,0.40243,0.374,0.37557,1590825.0
1765555200,0.37497,0.38487,0.36741,0.38099,2992428.0
1765569600,0.38077,0.3904,0.38031,0.38945,768728.0
1765584000,0.38998,0.39531,0.38847,0.39203,1037127.0
1765598400,0.39207,0.3989,0.39125,0.39794,1206717.0
1765612800,0.39817,0.40213,0.39489,0.39506,2133202.0
1765627200,0.39487,0.40101,0.39481,0.39739,407268.0
1765641600,0.39724,0.39981,0.39568,0.39801,483412.0
1765656000,0.39815,0.39977,0.39531,0.39631,615666.0
1765670400,0.39577,0.39808,0.394,0.39504,672766.0
1765684800,0.3949,0.39625,0.3877,0.3939,732165.0
1765699200,0.39385,0.39924,0.39044,0.39543,751484.0
1765713600,0.39493,0.39496,0.38616,0.38754,662024.0
1765728000,0.38724,0.3913,0.37953,0.38254,798424.0
1765742400,0.38234,0.38662,0.37392,0.3784,818716.0
1765756800,0.37846,0.39315,0.37836,0.38929,838214.0
1765771200,0.3899,0.39521,0.38871,0.39144,621967.0
1765785600,0.39148,0.39751,0.3907,0.39506,500225.0
1765800000,0.39524,0.40607,0.36983,0.37468,2913294.0
1765814400,0.37462,0.37649,0.36165,0.36669,1964270.0
1765828800,0.36661,0.37419,0.36094,0.37292,892906.0
1765843200,0.37271,0.3752,0.3647,0.3697,1331910.0
1765857600,0.36978,0.37019,0.36071,0.36185,620027.0
1765872000,0.36179,0.3776,0.36167,0.37642,438784.0
1765886400,0.37655,0.37763,0.3651,0.3755,2161307.0
1765900800,0.3756,0.3798,0.37059,0.37738,1003594.0
1765915200,0.37731,0.3805,0.37592,0.37998,923888.0
1765929600,0.37998,0.38233,0.37502,0.37595,722477.0
1765944000,0.37593,0.37741,0.36941,0.37436,550865.0
1765958400,0.37416,0.37424,0.36902,0.37193,1230338.0
1765972800,0.37182,0.40279,0.36947,0.37927,3430371.0
1765987200,0.37931,0.38409,0.34998,0.35864,3170163.0
1766001600,0.35868,0.36039,0.3509,0.35402,1306440.0
1766016000,0.35444,0.35591,0.34979,0.35151,1041913.0
1766030400,0.35202,0.35404,0.34432,0.3483,592231.0
1766044800,0.3486,0.35318,0.3457,0.35096,861016.0
1766059200,0.35106,0.37187,0.34937,0.36571,2340084.0
1766073600,0.36584,0.36584,0.32444,0.3254,4689737.0
1766088000,0.32535,0.33683,0.32527,0.32957,1832645.0
1766102400,0.32964,0.34825,0.32759,0.34382,1761428.0
1766116800,0.34408,0.34943,0.3396,0.34472,1647380.0
1766131200,0.34472,0.34568,0.34072,0.34424,1199839.0
1766145600,0.34419,0.36366,0.34293,0.35231,2007240.0
1766160000,0.3524,0.36167,0.34462,0.35755,2179629.0
1766174400,0.35754,0.36079,0.35514,0.35637,599454.0
1766188800,0.3563,0.35772,0.35301,0.35411,273764.0
1766203200,0.35402,0.35423,0.34922,0.35163,694282.0
1766217600,0.35155,0.35462,0.34702,0.34979,694516.0
1766232000,0.34971,0.35096,0.34594,0.34782,1253015.0
1766246400,0.34834,0.35001,0.34683,0.34801,839505.0
1766260800,0.34773,0.34831,0.34493,0.34577,649905.0
1766275200,0.3455,0.34631,0.34099,0.34513,964433.0
1766289600,0.34533,0.34988,0.34479,0.34708,821309.0
1766304000,0.34714,0.35005,0.34596,0.34626,785306.0
1766318400,0.3463,0.34801,0.33108,0.33629,1296016.0
1766332800,0.33605,0.33964,0.33334,0.33648,803354.0
1766347200,0.33617,0.34318,0.33421,0.33999,651849.0
1766361600,0.34027,0.35101,0.3356,0.34179,1405190.0
1766376000,0.34198,0.34286,0.33782,0.33882,1098739.0
1766390400,0.33861,0.34272,0.33427,0.33895,707141.0
1766404800,0.33895,0.34248,0.33572,0.34026,706871.0
1766419200,0.34044,0.34069,0.32681,0.32784,1395232.0
1766433600,0.32725,0.33525,0.3268,0.33525,1232090.0
1766448000,0.33536,0.34034,0.32977,0.33201,872390.0
1766462400,0.33176,0.33233,0.3187,0.32122,2289565.0
1766476800,0.32114,0.32654,0.32081,0.32553,1082325.0
1766491200,0.32531,0.32534,0.31464,0.31805,1900903.0
1766505600,0.31808,0.32652,0.31742,0.32527,1533896.0
1766520000,0.32552,0.32948,0.32074,0.3216,1175054.0
1766534400,0.32164,0.32315,0.31219,0.31755,1171763.0
1766548800,0.3171,0.32007,0.31166,0.31905,864373.0
1766563200,0.31863,0.32024,0.31545,0.3167,1532300.0
1766577600,0.31649,0.32317,0.31334,0.32243,1457315.0
1766592000,0.32254,0.32338,0.31886,0.32203,1013518.0
1766606400,0.32223,0.32582,0.32148,0.32348,904922.0
1766620800,0.32365,0.32491,0.32148,0.32454,622009.0
1766635200,0.32449,0.32752,0.3242,0.3256,856837.0
1766649600,0.32572,0.32689,0.31533,0.31655,728525.0
1766664000,0.31632,0.32193,0.31437,0.31967,1774982.0
1766678400,0.31979,0.32118,0.31529,0.31795,1159734.0
1766692800,0.31812,0.32074,0.29946,0.30669,2578252.0
1766707200,0.30689,0.32169,0.30452,0.31723,1557111.0
1766721600,0.31719,0.319,0.31434,0.31482,897589.0
1766736000,0.31495,0.32005,0.31495,0.31928,510436.0
1766750400,0.31947,0.32223,0.30894,0.31237,1084063.0
1766764800,0.31255,0.31525,0.30898,0.31397,941292.0
1766779200,0.31438,0.31611,0.3125,0.31439,720853.0
1766793600,0.31467,0.31819,0.31363,0.31747,285248.0
1766808000,0.31769,0.3177,0.31384,0.31494,427216.0
1766822400,0.31495,0.31633,0.31059,0.31578,411854.0
1766836800,0.31585,0.31626,0.31285,0.31396,390875.0
1766851200,0.31394,0.31578,0.31319,0.31344,644131.0
1766865600,0.3138,0.32131,0.31328,0.31989,846315.0
1766880000,0.32013,0.32078,0.31561,0.31753,630260.0
1766894400,0.31713,0.31927,0.31613,0.3172,438373.0
1766908800,0.31742,0.3179,0.31469,0.31666,370117.0
1766923200,0.31684,0.31978,0.3151,0.31614,354526.0
1766937600,0.31625,0.31678,0.30859,0.30939,1105784.0
1766952000,0.30914,0.31333,0.30743,0.3127,1413976.0
1766966400,0.31321,0.32308,0.31215,0.32169,1374900.0
1766980800,0.32204,0.32205,0.31415,0.3161,692870.0
1766995200,0.31623,0.31745,0.30725,0.30803,1113155.0
1767009600,0.30795,0.30795,0.29039,0.29331,2444287.0
1767024000,0.29307,0.29413,0.28745,0.2909,1761307.0
1767038400,0.29067,0.29139,0.28744,0.28932,802832.0
1767052800,0.28933,0.29016,0.28437,0.28904,900608.0
1767067200,0.2894,0.29093,0.28649,0.28787,974015.0
1767081600,0.28781,0.29151,0.28777,0.28842,1488078.0
1767096000,0.28839,0.2888,0.27212,0.28225,2376017.0
1767110400,0.28232,0.28521,0.27721,0.28122,1210541.0
1767124800,0.28113,0.28115,0.27452,0.27652,1797844.0
1767139200,0.27651,0.27839,0.27275,0.27493,1277089.0
1767153600,0.27495,0.27678,0.27442,0.27629,683906.0
1767168000,0.27619,0.27701,0.2732,0.27425,609516.0
1767182400,0.27442,0.27658,0.271,0.27291,859090.0
1767196800,0.27321,0.27372,0.26238,0.26825,2442832.0
1767211200,0.26822,0.27185,0.26696,0.26971,917447.0
1767225600,0.27003,0.2718,0.26837,0.26928,466347.0
1767240000,0.26921,0.27229,0.26842,0.27113,220503.0
1767254400,0.27116,0.27382,0.2708,0.27335,232969.0
1767268800,0.27336,0.2822,0.2713,0.27988,519530.0
1767283200,0.28008,0.28921,0.27734,0.28921,2778110.0
1767297600,0.28922,0.30357,0.28812,0.30137,2660638.0
1767312000,0.30161,0.30259,0.29081,0.29916,1268632.0
1767326400,0.29923,0.30386,0.29224,0.29258,1506510.0
1767340800,0.29282,0.30372,0.29117,0.29594,1139498.0
1767355200,0.29523,0.31231,0.29523,0.31195,4869933.0
1767369600,0.31205,0.33847,0.30845,0.32012,7217977.0
1767384000,0.31996,0.3298,0.31751,0.32563,1994167.0
1767398400,0.3257,0.33206,0.32189,0.33099,1125737.0
1767412800,0.33102,0.33173,0.31534,0.31658,2259718.0
1767427200,0.31706,0.32606,0.31542,0.31924,1306461.0
1767441600,0.31898,0.32575,0.31768,0.32482,1459955.0
1767456000,0.3249,0.34746,0.3249,0.33409,3701738.0
1767470400,0.33411,0.34624,0.33031,0.33869,1630975.0
1767484800,0.3387,0.36333,0.33818,0.35528,2828262.0
1767499200,0.35537,0.35958,0.34719,0.35545,1948577.0
1767513600,0.35558,0.37182,0.3503,0.37116,2935444.0
1767528000,0.37097,0.4282,0.36581,0.39865,14201334.0
1767542400,0.39904,0.40866,0.39354,0.40377,5981254.0
1767556800,0.40398,0.41171,0.4016,0.40647,4144983.0
1767571200,0.40607,0.40934,0.39444,0.39646,5865372.0
1767585600,0.39671,0.4061,0.38735,0.40045,8925033.0
1767600000,0.40016,0.40016,0.38328,0.38742,6366785.0
1767614400,0.38718,0.40135,0.38603,0.39975,3022361.0
1767628800,0.39914,0.41585,0.39607,0.40422,9650708.0
1767643200,0.40426,0.41587,0.40367,0.40896,5568632.0
1767657600,0.40886,0.42969,0.40603,0.42547,3630588.0
1767672000,0.42555,0.42565,0.40136,0.40543,2512332.0
1767686400,0.4063,0.45086,0.40501,0.44493,3011095.0
1767700800,0.44493,0.50307,0.42038,0.43415,18566569.0
1767715200,0.43407,0.43942,0.41773,0.42308,9022759.0
1767729600,0.42283,0.43622,0.42007,0.4208,3609731.0
1767744000,0.42075,0.42103,0.40808,0.41006,1368902.0
1767758400,0.41014,0.418,0.40406,0.41783,1390072.0
1767772800,0.41783,0.42842,0.40689,0.40886,2697857.0
1767787200,0.40853,0.40853,0.39563,0.39661,4504990.0
1767801600,0.39633,0.39907,0.38848,0.39238,1108269.0
1767816000,0.39227,0.39426,0.38607,0.39,1018877.0
1767830400,0.38969,0.39423,0.38133,0.38492,882489.0
1767844800,0.385,0.39087,0.38243,0.3899,1299657.0
1767859200,0.38999,0.39144,0.3759,0.3833,2532794.0
1767873600,0.38378,0.39305,0.37408,0.39301,2836397.0
1767888000,0.39282,0.39416,0.38,0.38066,1032244.0
1767902400,0.38042,0.38716,0.37686,0.38023,813093.0
1767916800,0.38054,0.38481,0.37417,0.3846,887446.0
1767931200,0.38439,0.38635,0.38217,0.38526,251181.0
1767945600,0.38498,0.38967,0.38002,0.38617,1574052.0
1767960000,0.3862,0.39118,0.37781,0.38526,2771018.0
1767974400,0.38546,0.39814,0.38273,0.38304,2562206.0
1767988800,0.38298,0.39052,0.38214,0.38732,435431.0
1768003200,0.38736,0.38811,0.37927,0.38001,1162145.0
1768017600,0.37984,0.38149,0.37452,0.37715,1097359.0
1768032000,0.37724,0.38414,0.37685,0.38355,429888.0
1768046400,0.38387,0.38815,0.38095,0.38196,940198.0
1768060800,0.38163,0.38279,0.37796,0.38208,322122.0
1768075200,0.38191,0.38218,0.3756,0.37887,317281.0
1768089600,0.37908,0.38372,0.37694,0.38222,559889.0
1768104000,0.38219,0.38294,0.37738,0.38185,270420.0
1768118400,0.38144,0.38435,0.38011,0.38327,314593.0
1768132800,0.38364,0.3878,0.37678,0.37936,1600568.0
1768147200,0.37916,0.38596,0.37835,0.38027,1213589.0
1768161600,0.38011,0.38011,0.36913,0.37689,893646.0
1768176000,0.377,0.3931,0.37172,0.38472,1837885.0
1768190400,0.38464,0.38877,0.37187,0.37369,1554420.0
1768204800,0.37349,0.37622,0.36665,0.37239,1213909.0
1768219200,0.3723,0.38137,0.36484,0.37883,1629687.0
1768233600,0.37919,0.38274,0.37253,0.37527,751732.0
1768248000,0.37526,0.37826,0.3666,0.36903,513740.0
1768262400,0.36889,0.37452,0.36686,0.36869,964170.0
1768276800,0.36878,0.37678,0.36828,0.37267,620373.0
1768291200,0.37276,0.38336,0.3716,0.37897,1313424.0
1768305600,0.37913,0.39701,0.37853,0.3913,1898110.0
1768320000,0.39167,0.39855,0.38744,0.39733,1870917.0
1768334400,0.39746,0.43515,0.39353,0.41974,4111653.0
1768348800,0.42004,0.42575,0.41527,0.42342,1422050.0
1768363200,0.42321,0.42389,0.41073,0.41534,939075.0
1768377600,0.41497,0.4277,0.41432,0.41851,752204.0
1768392000,0.41887,0.42021,0.40967,0.41382,1710126.0
1768406400,0.41404,0.4293,0.40612,0.41707,3612738.0
1768420800,0.4161,0.42091,0.4084,0.41101,769700.0
1768435200,0.411,0.41108,0.38897,0.39048,1566010.0
1768449600,0.39017,0.39951,0.39,0.39732,707246.0
1768464000,0.39733,0.40037,0.3918,0.39281,521791.0
1768478400,0.39274,0.39899,0.37868,0.38518,871083.0
1768492800,0.3849,0.38976,0.37628,0.38123,948378.0
1768507200,0.38091,0.38835,0.37888,0.38574,929251.0
1768521600,0.38574,0.38653,0.38146,0.38336,449074.0
1768536000,0.38379,0.38525,0.3796,0.38347,350803.0
1768550400,0.38357,0.38779,0.38234,0.38488,208343.0
1768564800,0.38461,0.38517,0.36886,0.37231,742697.0
1768579200,0.3718,0.38211,0.37106,0.38094,605543.0
1768593600,0.38072,0.38916,0.37722,0.38832,1377099.0
1768608000,0.38845,0.38887,0.3826,0.38456,373392.0
1768622400,0.38428,0.3874,0.38365,0.38596,227387.0
1768636800,0.38532,0.38909,0.38414,0.38459,875001.0
1768651200,0.38438,0.38864,0.3823,0.38825,271318.0
1768665600,0.38845,0.38845,0.38246,0.38488,759603.0
1768680000,0.38488,0.38516,0.37823,0.37889,583691.0
1768694400,0.37871,0.38681,0.37504,0.37599,573102.0
1768708800,0.37573,0.37807,0.37343,0.37467,323028.0
1768723200,0.37476,0.37971,0.37404,0.37739,472943.0
1768737600,0.37754,0.37787,0.371,0.37327,439045.0
1768752000,0.37296,0.37924,0.37132,0.3721,657608.0
1768766400,0.3725,0.37623,0.35026,0.35158,1352452.0
1768780800,0.35136,0.35136,0.3101,0.33966,6246122.0
1768795200,0.33948,0.34359,0.33518,0.34359,1361375.0
1768809600,0.34304,0.34618,0.33794,0.34045,748757.0
1768824000,0.34014,0.34468,0.33815,0.34217,522160.0
1768838400,0.34169,0.35491,0.34153,0.35324,584621.0
1768852800,0.35329,0.35724,0.34875,0.35299,730024.0
1768867200,0.35295,0.35295,0.34807,0.34866,380915.0
1768881600,0.3482,0.35436,0.34164,0.3423,679868.0
1768896000,0.34165,0.34264,0.33636,0.33711,706559.0
1768910400,0.33721,0.34334,0.33265,0.33551,1203701.0
1768924800,0.33551,0.33734,0.32719,0.32971,1903628.0
1768939200,0.32929,0.33659,0.32533,0.32954,2463635.0
1768953600,0.32962,0.34571,0.32921,0.34107,1356080.0
1768968000,0.34118,0.34278,0.33853,0.34013,719320.0
1768982400,0.3401,0.34146,0.33211,0.33257,483695.0
1768996800,0.33288,0.34599,0.32692,0.34394,2321149.0
1769011200,0.34395,0.34667,0.32222,0.3441,2933172.0
1769025600,0.3442,0.35116,0.33701,0.33835,1308176.0
1769040000,0.33834,0.34411,0.33586,0.33794,565588.0
1769054400,0.33776,0.34155,0.33643,0.33859,448729.0
1769068800,0.33847,0.34325,0.33763,0.33839,456617.0
1769083200,0.33804,0.34038,0.32633,0.32953,583556.0
1769097600,0.32997,0.33696,0.32997,0.33472,753750.0
1769112000,0.33427,0.33519,0.33063,0.33326,1308179.0
1769126400,0.33329,0.34077,0.33319,0.3394,353217.0
1769140800,0.33951,0.34229,0.33786,0.33935,400862.0
1769155200,0.33922,0.33969,0.33405,0.33617,403398.0
1769169600,0.33613,0.33767,0.32696,0.33767,577719.0
1769184000,0.33753,0.34693,0.3322,0.33313,1417633.0
1769198400,0.33303,0.3352,0.32907,0.33493,651363.0
1769212800,0.33492,0.33779,0.33086,0.33658,228928.0
1769227200,0.33668,0.33879,0.33496,0.33598,215953.0
1769241600,0.33589,0.33999,0.33547,0.33822,222461.0
1769256000,0.3385,0.33946,0.3329,0.33349,687225.0
1769270400,0.33343,0.33542,0.3317,0.33309,325148.0
1769284800,0.33317,0.33587,0.33317,0.33409,324037.0
1769299200,0.33398,0.33532,0.32835,0.32977,441871.0
1769313600,0.32929,0.3312,0.32827,0.33032,419974.0
1769328000,0.33024,0.33467,0.32774,0.33201,443801.0
1769342400,0.33188,0.33193,0.32681,0.32919,616574.0
1769356800,0.32912,0.32912,0.30886,0.3112,2146590.0
1769371200,0.31142,0.31907,0.31142,0.31779,724699.0
1769385600,0.31792,0.3264,0.31682,0.32168,654507.0
1769400000,0.32184,0.32722,0.32158,0.3262,780828.0
1769414400,0.32626,0.32976,0.3237,0.32717,610001.0
1769428800,0.3274,0.33587,0.32547,0.32867,714360.0
1769443200,0.32935,0.33154,0.32595,0.32845,554380.0
1769457600,0.32865,0.33176,0.32663,0.32813,540152.0
1769472000,0.32813,0.33116,0.3263,0.32707,421343.0
1769486400,0.32699,0.32931,0.32528,0.3271,364584.0
1769500800,0.32734,0.32849,0.32458,0.32492,535423.0
1769515200,0.32478,0.32885,0.3221,0.32885,341728.0
1769529600,0.32869,0.33445,0.32299,0.32876,1014516.0
1769544000,0.32872,0.33341,0.32356,0.32365,1931922.0
1769558400,0.32378,0.32528,0.32054,0.32315,823150.0
1769572800,0.32265,0.3292,0.32077,0.3239,688723.0
1769587200,0.32401,0.32735,0.32237,0.32722,596970.0
1769601600,0.32714,0.32745,0.31702,0.31823,919775.0
1769616000,0.31833,0.3199,0.31347,0.31843,1455031.0
1769630400,0.31811,0.32491,0.31641,0.32026,926506.0
1769644800,0.3205,0.32129,0.30734,0.31019,1319140.0
1769659200,0.31011,0.31068,0.30775,0.30797,853538.0
1769673600,0.30797,0.30797,0.30185,0.30275,771316.0
1769688000,0.30304,0.30608,0.28695,0.29361,2467427.0
1769702400,0.29396,0.30095,0.28658,0.29039,1425668.0
1769716800,0.29047,0.29603,0.28944,0.29562,750013.0
1769731200,0.29581,0.29725,0.28102,0.29021,1814304.0
1769745600,0.29057,0.29436,0.28531,0.28994,728056.0
1769760000,0.29,0.29514,0.28652,0.29418,761642.0
1769774400,0.29436,0.29533,0.28825,0.29205,1354759.0
1769788800,0.29198,0.29516,0.2829,0.29095,1730916.0
1769803200,0.29077,0.29101,0.28393,0.28823,1171705.0
1769817600,0.28826,0.28835,0.28531,0.28562,524077.0
1769832000,0.28549,0.28644,0.27732,0.28,645539.0
1769846400,0.28032,0.28144,0.27604,0.27768,1313179.0
1769860800,0.27763,0.27808,0.25764,0.26205,1951767.0
1769875200,0.26219,0.26637,0.22635,0.24232,10317761.0
1769889600,0.24261,0.25476,0.24123,0.25435,2425574.0
1769904000,0.25412,0.25802,0.25142,0.25748,961369.0
1769918400,0.25751,0.25868,0.25326,0.25706,1153240.0
1769932800,0.25744,0.26307,0.25663,0.25914,625266.0
1769947200,0.25938,0.25938,0.24386,0.24809,1380374.0
1769961600,0.24805,0.25385,0.24355,0.24834,1720708.0
1769976000,0.24832,0.25108,0.23857,0.24487,2504373.0
1769990400,0.24531,0.255,0.23992,0.24992,3168379.0
1770004800,0.25009,0.25406,0.24033,0.24525,2116846.0
1770019200,0.24524,0.25172,0.24401,0.24998,1002814.0
1770033600,0.25046,0.26375,0.25023,0.26191,2229193.0
1770048000,0.26165,0.26351,0.25584,0.25653,1052737.0
1770062400,0.25554,0.25686,0.25404,0.2549,1073083.0
1770076800,0.25505,0.25594,0.24908,0.2537,1455628.0
1770091200,0.25375,0.25646,0.25094,0.25611,982252.0
1770105600,0.25621,0.25824,0.25132,0.25376,1505400.0
1770120000,0.25386,0.2606,0.25067,0.25954,4416041.0
1770134400,0.25958,0.25965,0.24174,0.25422,6717987.0
1770148800,0.2538,0.26548,0.24814,0.25015,4205310.0
1770163200,0.2503,0.2553,0.24824,0.25201,806372.0
1770177600,0.25193,0.25385,0.25009,0.25196,495361.0
1770192000,0.25201,0.25324,0.24905,0.25194,883809.0
1770206400,0.25202,0.25275,0.24259,0.24635,3539827.0
1770220800,0.24628,0.25291,0.24137,0.2525,3167595.0
1770235200,0.25265,0.2531,0.24319,0.24829,1564201.0
1770249600,0.24836,0.2517,0.24394,0.24415,1851535.0
1770264000,0.24447,0.24642,0.23842,0.23895,1914103.0
1770278400,0.23921,0.24435,0.22918,0.23248,1115209.0
1770292800,0.23263,0.23687,0.21425,0.22239,9817489.0
1770307200,0.22262,0.2261,0.2146,0.21619,9485894.0
1770321600,0.21649,0.21796,0.20487,0.20722,11121919.0
1770336000,0.20758,0.2148,0.18096,0.21127,14115349.0
1770350400,0.21135,0.21972,0.20983,0.21242,1712785.0
1770364800,0.21249,0.22209,0.21108,0.22135,935785.0
1770379200,0.22112,0.23285,0.21928,0.23058,2242419.0
1770393600,0.23057,0.24547,0.22997,0.23553,1939814.0
1770408000,0.23535,0.23711,0.23234,0.23464,1462666.0
1770422400,0.23469,0.2349,0.23014,0.23396,771489.0
1770436800,0.23369,0.23675,0.22252,0.22486,1579730.0
1770451200,0.22478,0.22682,0.22408,0.22644,768759.0
1770465600,0.22619,0.234,0.22618,0.22983,1149204.0
1770480000,0.23003,0.23887,0.22922,0.23364,9033435.0
1770494400,0.23368,0.23559,0.23169,0.2335,3853475.0
1770508800,0.23341,0.23367,0.23015,0.2305,867564.0
1770523200,0.23043,0.2311,0.22891,0.2303,801572.0
1770537600,0.23032,0.23395,0.22866,0.23296,678236.0
1770552000,0.2331,0.23422,0.22967,0.23046,1326460.0
1770566400,0.23062,0.2311,0.22374,0.23015,914568.0
1770580800,0.23025,0.23363,0.22496,0.22725,905954.0
1770595200,0.22747,0.23078,0.22527,0.23013,982283.0
1770609600,0.2303,0.2303,0.22434,0.22539,448168.0
1770624000,0.22523,0.22596,0.21777,0.21928,783225.0
1770638400,0.21926,0.22519,0.21849,0.22435,1025049.0
1770652800,0.22439,0.22905,0.22226,0.22653,1030023.0
1770667200,0.22645,0.22775,0.22398,0.22627,659758.0
1770681600,0.22628,0.228,0.22214,0.22437,511032.0
1770696000,0.22424,0.22649,0.22007,0.22127,473011.0
1770710400,0.22127,0.22287,0.21666,0.21683,678409.0
1770724800,0.2169,0.21798,0.21412,0.21632,2840742.0
1770739200,0.21629,0.2167,0.21179,0.21541,3362394.0
1770753600,0.21527,0.21708,0.2137,0.21656,789061.0
1770768000,0.21656,0.21936,0.21522,0.2176,1428937.0
1770782400,0.2174,0.21774,0.20926,0.20961,937113.0
1770796800,0.20955,0.21011,0.20678,0.20832,667830.0
1770811200,0.20838,0.21871,0.20314,0.20549,2363928.0
1770825600,0.20508,0.209,0.20348,0.20718,1570380.0
1770840000,0.20706,0.21137,0.20497,0.20729,1510875.0
1770854400,0.20753,0.21166,0.20746,0.21161,1460604.0
1770868800,0.21151,0.21316,0.20923,0.21234,746551.0
1770883200,0.21243,0.21658,0.20994,0.21398,1406583.0
1770897600,0.21396,0.21615,0.21134,0.21243,1324392.0
1770912000,0.21252,0.2144,0.20617,0.21201,1543259.0
1770926400,0.21212,0.21658,0.2099,0.2157,766255.0
1770940800,0.21551,0.21613,0.21299,0.21516,616275.0
1770955200,0.21536,0.21568,0.21224,0.21459,387312.0
1770969600,0.2145,0.21718,0.214,0.21467,532640.0
1770984000,0.21462,0.21877,0.21215,0.215,1233348.0
1770998400,0.21511,0.22097,0.21444,0.22043,1131768.0
1771012800,0.22045,0.22358,0.22009,0.22079,746488.0
1771027200,0.22072,0.22612,0.22072,0.22472,610478.0
1771041600,0.22466,0.2252,0.22229,0.22497,1041634.0
1771056000,0.2249,0.23341,0.2249,0.23244,736515.0
1771070400,0.23261,0.23865,0.22957,0.23854,663572.0
1771084800,0.23872,0.25385,0.23758,0.25267,2824420.0
1771099200,0.2533,0.26324,0.24923,0.25483,1372381.0
1771113600,0.25474,0.25597,0.24162,0.24623,990836.0
1771128000,0.24673,0.25116,0.2453,0.24819,1187141.0
1771142400,0.24824,0.24898,0.2393,0.24091,967729.0
1771156800,0.24092,0.24132,0.23025,0.2344,1097409.0
1771171200,0.23424,0.23525,0.22546,0.22751,880253.0
1771185600,0.22741,0.23176,0.22626,0.23055,818990.0
1771200000,0.23043,0.23283,0.23009,0.23142,511698.0
1771214400,0.23127,0.23666,0.23127,0.23244,776250.0
1771228800,0.23219,0.23564,0.22985,0.23339,715752.0
1771243200,0.23323,0.23828,0.22686,0.22835,2303272.0
1771257600,0.22815,0.23437,0.22815,0.23297,931186.0
1771272000,0.2328,0.23715,0.23225,0.236,469010.0
1771286400,0.23611,0.23624,0.23291,0.23346,450014.0
1771300800,0.23331,0.23403,0.23047,0.23309,448078.0
1771315200,0.23327,0.23416,0.23076,0.23269,500132.0
1771329600,0.23259,0.23702,0.22918,0.23261,993477.0
1771344000,0.23229,0.23895,0.23033,0.23221,1284559.0
1771358400,0.23212,0.23288,0.2298,0.22983,454095.0
1771372800,0.23004,0.23027,0.22758,0.23015,825353.0
1771387200,0.23007,0.23375,0.22878,0.23268,442700.0
1771401600,0.23284,0.23348,0.2287,0.23008,398331.0
1771416000,0.23007,0.23235,0.22582,0.22991,1181113.0
1771430400,0.23003,0.23005,0.22012,0.22119,826827.0
1771444800,0.22117,0.22256,0.21971,0.22154,1512333.0
1771459200,0.22139,0.22397,0.22074,0.22373,484687.0
1771473600,0.22366,0.2244,0.22101,0.22235,496894.0
1771488000,0.22224,0.22231,0.21831,0.21968,1523060.0
1771502400,0.21959,0.21999,0.2148,0.21587,865364.0
1771516800,0.21622,0.2172,0.21359,0.21588,1121422.0
1771531200,0.21592,0.21698,0.21511,0.21698,524260.0
1771545600,0.21688,0.21962,0.21626,0.21837,597845.0
1771560000,0.21849,0.21885,0.21501,0.2183,516571.0
1771574400,0.21844,0.22188,0.21742,0.21819,459684.0
1771588800,0.21835,0.22473,0.21256,0.2241,978381.0
1771603200,0.2247,0.22736,0.21924,0.22417,1157658.0
1771617600,0.22412,0.2264,0.2235,0.2256,779005.0
1771632000,0.22557,0.22642,0.22408,0.22479,265053.0
1771646400,0.22484,0.2271,0.2244,0.22507,312407.0
1771660800,0.22507,0.22903,0.22499,0.22672,352155.0
1771675200,0.22675,0.22873,0.225,0.22559,383603.0
1771689600,0.22553,0.22553,0.22335,0.22392,838615.0
1771704000,0.224,0.224,0.22115,0.22142,928166.0
1771718400,0.22123,0.22123,0.21586,0.21763,455992.0
1771732800,0.21746,0.21782,0.21576,0.21746,219959.0
1771747200,0.21748,0.21935,0.21482,0.2163,386580.0
1771761600,0.21623,0.21623,0.21035,0.21294,546771.0
1771776000,0.21292,0.21292,0.21013,0.21059,398785.0
1771790400,0.21055,0.21223,0.20916,0.21093,496411.0
1771804800,0.21106,0.21167,0.19808,0.2014,1604635.0
1771819200,0.20154,0.2071,0.20061,0.2057,426599.0
1771833600,0.20574,0.21054,0.20422,0.2102,570196.0
1771848000,0.21021,0.21386,0.20331,0.20369,920269.0
1771862400,0.20342,0.20452,0.1989,0.20046,753430.0
1771876800,0.20023,0.20186,0.19943,0.20023,617450.0
1771891200,0.20038,0.20197,0.19652,0.19839,858287.0
1771905600,0.1985,0.1993,0.19701,0.19825,646378.0
1771920000,0.19828,0.20001,0.19703,0.19757,509712.0
1771934400,0.19767,0.20038,0.1921,0.19955,853022.0
1771948800,0.19956,0.20224,0.19687,0.19718,1090978.0
1771963200,0.19723,0.19822,0.19302,0.1944,979005.0
1771977600,0.1944,0.20504,0.19427,0.19504,1447931.0
1771992000,0.19523,0.19613,0.19188,0.19598,1293507.0
1772006400,0.19598,0.20053,0.19509,0.20013,1088918.0
1772020800,0.20005,0.21427,0.19973,0.21306,1899052.0
1772035200,0.21306,0.22539,0.2124,0.22135,1300599.0
1772049600,0.22122,0.22968,0.211,0.21476,1714675.0
1772064000,0.21444,0.21858,0.21387,0.21552,773953.0
1772078400,0.2152,0.2172,0.2115,0.21248,1373658.0
1772092800,0.21266,0.2168,0.20931,0.20995,1060434.0
1772107200,0.21002,0.21492,0.20877,0.21087,1386692.0
1772121600,0.2107,0.21186,0.20314,0.21072,1626709.0
1772136000,0.21056,0.21143,0.20707,0.20885,289816.0
1772150400,0.20864,0.21135,0.20703,0.21062,510033.0
1772164800,0.21057,0.2156,0.21053,0.21372,1374268.0
1772179200,0.21369,0.21481,0.206,0.20688,774804.0
1772193600,0.20648,0.20773,0.20426,0.20706,836313.0
1772208000,0.20688,0.20955,0.20277,0.20385,1042478.0
1772222400,0.20395,0.2051,0.19971,0.2037,1127615.0
1772236800,0.20368,0.20429,0.20161,0.20205,442876.0
1772251200,0.20205,0.20257,0.18675,0.18992,3249953.0
1772265600,0.18999,0.18999,0.18329,0.18363,1887898.0
1772280000,0.18368,0.19159,0.18324,0.18424,1257039.0
1772294400,0.18429,0.19095,0.18113,0.18953,2838155.0
1772308800,0.18954,0.19718,0.18769,0.19475,1735945.0
1772323200,0.19475,0.20583,0.19101,0.19932,2130578.0
1772337600,0.19937,0.19969,0.19539,0.19833,850605.0
1772352000,0.19838,0.19875,0.19315,0.19521,968179.0
1772366400,0.19522,0.19895,0.19195,0.1965,995835.0
1772380800,0.1967,0.19811,0.18863,0.18893,1066691.0
1772395200,0.18902,0.19176,0.1849,0.19003,1590839.0
1772409600,0.19021,0.19673,0.19004,0.19435,1749743.0
1772424000,0.19436,0.19512,0.18762,0.18924,905812.0
1772438400,0.18925,0.19329,0.18787,0.19208,1170472.0
1772452800,0.19217,0.20962,0.1905,0.20623,1988645.0
1772467200,0.20627,0.21024,0.19942,0.20315,1945712.0
1772481600,0.20321,0.20458,0.19943,0.20115,1348354.0
1772496000,0.20121,0.20156,0.19673,0.20104,1110715.0
1772510400,0.201,0.20426,0.19775,0.20426,934802.0
1772524800,0.20389,0.20432,0.19461,0.1962,1463468.0
1772539200,0.19615,0.20079,0.194,0.19965,1164210.0
1772553600,0.1996,0.20689,0.19891,0.2032,2198358.0
1772568000,0.20325,0.2055,0.19894,0.20349,1813933.0
1772582400,0.20349,0.20518,0.201,0.20316,763629.0
1772596800,0.20324,0.20542,0.20105,0.20509,1198029.0
1772611200,0.20512,0.21345,0.20382,0.20614,1729545.0
1772625600,0.20599,0.21932,0.2044,0.21932,1784793.0
1772640000,0.21968,0.22255,0.21495,0.21965,6394286.0
1772654400,0.21966,0.22024,0.21182,0.21431,1065750.0
1772668800,0.21428,0.21534,0.21091,0.21225,857694.0
1772683200,0.21221,0.21549,0.2114,0.2136,870054.0
1772697600,0.21399,0.22234,0.21352,0.21739,942498.0
1772712000,0.21725,0.21885,0.2115,0.21193,1189341.0
1772726400,0.21198,0.21433,0.20693,0.21345,989742.0
1772740800,0.21347,0.21769,0.21294,0.21476,564020.0
1772755200,0.21476,0.21807,0.21368,0.21751,465517.0
1772769600,0.21741,0.2183,0.21375,0.21642,389400.0
1772784000,0.2164,0.2164,0.1966,0.19779,3048558.0
1772798400,0.19785,0.20066,0.18698,0.18745,2685859.0
1772812800,0.18754,0.1903,0.1858,0.18894,4113406.0
1772827200,0.18893,0.19008,0.18813,0.1886,647250.0
1772841600,0.18857,0.18898,0.1867,0.18707,611065.0
1772856000,0.18705,0.18862,0.18565,0.18617,591871.0
1772870400,0.18612,0.18637,0.18215,0.18237,677655.0
1772884800,0.18233,0.18233,0.17736,0.17898,2070375.0
1772899200,0.17898,0.18009,0.17608,0.1793,1672103.0
1772913600,0.17914,0.17943,0.175,0.17716,1385014.0
1772928000,0.17726,0.17737,0.17321,0.17475,1173450.0
1772942400,0.17478,0.17826,0.17328,0.17779,1064161.0
1772956800,0.17785,0.18122,0.17704,0.17978,1792889.0
1772971200,0.17977,0.18049,0.17592,0.17687,1413899.0
1772985600,0.17697,0.18022,0.17541,0.17904,1128999.0
1773000000,0.17908,0.18082,0.17502,0.17687,1274499.0
1773014400,0.177,0.18049,0.17601,0.17668,1375227.0
1773028800,0.17669,0.18135,0.17423,0.17713,1706077.0
1773043200,0.17711,0.17837,0.17405,0.17536,1279446.0
1773057600,0.17539,0.17948,0.17472,0.17514,1982783.0
1773072000,0.17515,0.18079,0.17356,0.17685,2095806.0
1773086400,0.17692,0.17803,0.16956,0.17036,2723945.0
1773100800,0.17036,0.17513,0.17035,0.17123,3493350.0
1773115200,0.17136,0.17284,0.16784,0.17004,2756353.0
1773129600,0.17006,0.17636,0.16925,0.1698,2735668.0
1773144000,0.16977,0.1724,0.16516,0.17065,3518324.0
1773158400,0.17066,0.17171,0.16443,0.16639,2884834.0
1773172800,0.16618,0.16733,0.16171,0.16354,3778810.0
1773187200,0.16355,0.16462,0.16169,0.16308,3179120.0
1773201600,0.16301,0.16498,0.16111,0.16314,2605169.0
1773216000,0.16321,0.16421,0.16234,0.16303,2524701.0
1773230400,0.16308,0.17222,0.16278,0.16638,4503089.0
1773244800,0.16643,0.1711,0.16584,0.16918,1507638.0
1773259200,0.16919,0.16919,0.16516,0.16598,1131821.0
1773273600,0.16609,0.1665,0.16273,0.16284,1275390.0
1773288000,0.16288,0.16469,0.16288,0.16405,950540.0
1773302400,0.16406,0.16754,0.16378,0.16597,1467113.0
1773316800,0.16602,0.16748,0.16284,0.16517,2638837.0
1773331200,0.16505,0.16978,0.16385,0.16933,2362966.0
1773345600,0.16936,0.17184,0.16759,0.16942,2821609.0
1773360000,0.16958,0.17331,0.16903,0.17197,3715648.0
1773374400,0.17202,0.17243,0.16832,0.16844,2202174.0
1773388800,0.16844,0.17474,0.16749,0.17404,3040270.0
1773403200,0.17427,0.18158,0.17242,0.17315,5003151.0
1773417600,0.17315,0.17396,0.16792,0.16856,1996374.0
1773432000,0.16855,0.1703,0.1653,0.16747,2587126.0
1773446400,0.16747,0.16921,0.16654,0.16849,901618.0
1773460800,0.16849,0.16887,0.16371,0.16384,1165823.0
1773475200,0.16385,0.16547,0.16373,0.16479,902018.0
1773489600,0.16465,0.16689,0.16353,0.16649,948332.0
1773504000,0.16613,0.16887,0.16429,0.16437,1143931.0
1773518400,0.16442,0.16689,0.16392,0.16638,1062884.0
1773532800,0.16638,0.17044,0.16562,0.16635,1705739.0
1773547200,0.16637,0.16717,0.16512,0.1662,892455.0
1773561600,0.16623,0.16705,0.16512,0.16673,756589.0
1773576000,0.16679,0.16735,0.16441,0.16586,1525338.0
1773590400,0.16598,0.16792,0.16531,0.16657,920832.0
1773604800,0.1664,0.17015,0.16603,0.16963,1522142.0
1773619200,0.16965,0.17474,0.16881,0.17304,1774071.0
1773633600,0.17304,0.18693,0.17304,0.18633,2555444.0
1773648000,0.18633,0.19303,0.18126,0.18252,8190074.0
1773662400,0.1826,0.19197,0.18174,0.1846,3858598.0
1773676800,0.18472,0.19264,0.18366,0.18986,3130713.0
1773691200,0.18978,0.19081,0.18669,0.18961,2215208.0
1773705600,0.18963,0.19216,0.18644,0.18813,2061339.0
1773720000,0.18804,0.18876,0.18281,0.18828,2342745.0
1773734400,0.18845,0.19014,0.1858,0.1858,1140679.0
1773748800,0.1855,0.18879,0.18369,0.18638,1543582.0
1773763200,0.18631,0.18876,0.18414,0.18615,1216247.0
1773777600,0.18614,0.19071,0.18538,0.18866,3409137.0
1773792000,0.18873,0.1936,0.18603,0.19009,2857990.0
1773806400,0.19024,0.19151,0.18701,0.1889,2070381.0
1773820800,0.18898,0.19027,0.18062,0.18156,1572931.0
1773835200,0.18161,0.18161,0.17408,0.17619,2532515.0
1773849600,0.17614,0.17939,0.17352,0.17651,2100550.0
1773864000,0.17657,0.18288,0.17526,0.18059,2371897.0
1773878400,0.1806,0.18152,0.17777,0.17959,1422693.0
1773892800,0.1794,0.1798,0.17467,0.17607,1111261.0
1773907200,0.17613,0.17749,0.1745,0.17456,976907.0
1773921600,0.17457,0.1757,0.17017,0.17156,2249798.0
1773936000,0.17131,0.17503,0.17066,0.17203,837421.0
1773950400,0.17189,0.17379,0.17133,0.17263,868371.0
1773964800,0.17263,0.17606,0.17187,0.17459,783181.0
1773979200,0.17459,0.17853,0.17423,0.17542,1104485.0
1773993600,0.17543,0.17924,0.17534,0.17781,1201168.0
1774008000,0.17776,0.18132,0.17595,0.18086,1464054.0
1774022400,0.18083,0.18145,0.1753,0.17715,1139576.0
1774036800,0.17726,0.1806,0.17561,0.17844,864672.0
1774051200,0.17855,0.18006,0.17789,0.17912,545946.0
1774065600,0.17896,0.1806,0.17836,0.17892,724566.0
1774080000,0.17905,0.18081,0.17898,0.17958,596762.0
1774094400,0.17952,0.1821,0.17853,0.1821,1052716.0
1774108800,0.1822,0.18258,0.17921,0.17965,917297.0
1774123200,0.17967,0.18278,0.17245,0.17416,1643238.0
1774137600,0.17376,0.1783,0.17032,0.17529,1838316.0
1774152000,0.17522,0.17636,0.17186,0.17186,998144.0
1774166400,0.17185,0.17395,0.17064,0.17265,1356392.0
1774180800,0.17267,0.17597,0.17215,0.17455,744869.0
1774195200,0.17464,0.17524,0.17033,0.17112,747004.0
1774209600,0.17124,0.17343,0.16715,0.17155,2179250.0
1774224000,0.17173,0.17637,0.1712,0.17532,1462624.0
1774238400,0.17538,0.1785,0.17323,0.17386,1092419.0
1774252800,0.17385,0.18227,0.17074,0.17621,3031788.0
1774267200,0.17638,0.18594,0.17542,0.1837,1385035.0
1774281600,0.18375,0.1937,0.18283,0.18849,2371074.0
1774296000,0.18879,0.19112,0.18376,0.18638,1767486.0
1774310400,0.18639,0.1874,0.18438,0.18669,1173346.0
1774324800,0.18685,0.19028,0.18597,0.18961,1527091.0
1774339200,0.18945,0.19123,0.18649,0.18691,1438061.0
1774353600,0.18701,0.19082,0.18538,0.18768,1058094.0
1774368000,0.18759,0.1912,0.18578,0.19028,898253.0
1774382400,0.19027,0.19611,0.19012,0.19213,1861915.0
1774396800,0.19212,0.1937,0.18968,0.19142,2152860.0
1774411200,0.19125,0.19918,0.19104,0.19707,1384192.0
1774425600,0.19705,0.19876,0.19547,0.19718,1460143.0
1774440000,0.19731,0.20162,0.19405,0.19491,2062189.0
1774454400,0.19469,0.19697,0.19238,0.19249,1541163.0
1774468800,0.19272,0.19273,0.18932,0.18976,771137.0
1774483200,0.18991,0.19085,0.18851,0.18993,698652.0
1774497600,0.18999,0.19031,0.18785,0.18854,603828.0
1774512000,0.18832,0.18957,0.1856,0.1859,1084620.0
1774526400,0.18588,0.18903,0.18498,0.18708,1077663.0
1774540800,0.18709,0.18805,0.18389,0.18435,676559.0
1774555200,0.18433,0.18952,0.18404,0.1869,1217368.0
1774569600,0.18692,0.18949,0.18594,0.18594,849229.0
1774584000,0.186,0.18604,0.18252,0.18471,1175826.0
1774598400,0.1847,0.1847,0.1753,0.17644,22881583.0
1774612800,0.1765,0.17695,0.17275,0.1728,1932554.0
1774627200,0.1728,0.17409,0.17033,0.17142,2977308.0
1774641600,0.17133,0.1795,0.16916,0.1704,4427563.0
1774656000,0.17044,0.1738,0.17039,0.17109,1021683.0
1774670400,0.17125,0.17448,0.16998,0.17429,982810.0
1774684800,0.17422,0.17659,0.17358,0.1756,1389817.0
1774699200,0.17551,0.1827,0.17503,0.17944,1993153.0
1774713600,0.1795,0.18019,0.1778,0.17906,1035117.0
1774728000,0.1791,0.1794,0.17496,0.17545,905803.0
1774742400,0.17551,0.17568,0.17358,0.1753,1376957.0
1774756800,0.17536,0.17575,0.17444,0.17491,621989.0
1774771200,0.17491,0.17573,0.17353,0.17423,834515.0
1774785600,0.17418,0.17431,0.17097,0.17261,976415.0
1774800000,0.17251,0.17324,0.17113,0.1715,478860.0
1774814400,0.17145,0.17408,0.16713,0.17127,2052294.0
1774828800,0.17126,0.17668,0.17126,0.17646,1439166.0
1774843200,0.17649,0.18027,0.17649,0.17974,1834105.0
1774857600,0.17969,0.18017,0.17659,0.17876,1783084.0
1774872000,0.17879,0.17995,0.1773,0.17854,1078704.0
1774886400,0.1787,0.17925,0.17541,0.17674,627822.0
1774900800,0.17677,0.17938,0.17568,0.17672,795916.0
1774915200,0.17684,0.18064,0.17596,0.17851,1101487.0
1774929600,0.17848,0.17886,0.17637,0.17744,692568.0
1774944000,0.1773,0.17871,0.17351,0.17628,2888516.0
1774958400,0.17648,0.1808,0.17575,0.17575,2439240.0
1774972800,0.17566,0.18086,0.17558,0.17981,1496692.0
1774987200,0.17962,0.18111,0.17695,0.17906,969968.0
1775001600,0.17897,0.18096,0.17736,0.18064,987936.0
1775016000,0.18085,0.18394,0.17976,0.18343,783217.0
1775030400,0.18355,0.18455,0.18169,0.18378,565677.0
1775044800,0.18356,0.18685,0.18285,0.1861,1597464.0
1775059200,0.18607,0.18761,0.18336,0.18489,1393896.0
1775073600,0.18502,0.18531,0.18072,0.18125,1041544.0
1775088000,0.18125,0.18293,0.17459,0.17557,2661579.0
1775102400,0.17542,0.17914,0.17474,0.1782,1034584.0
1775116800,0.17803,0.17852,0.17542,0.17564,1112206.0
1775131200,0.17535,0.18022,0.17415,0.17729,1683207.0
1775145600,0.17722,0.1787,0.17574,0.17749,1313773.0
1775160000,0.17776,0.18049,0.17705,0.17908,774665.0
1775174400,0.17926,0.18169,0.17763,0.18119,764330.0
1775188800,0.1813,0.18512,0.18113,0.183,1003252.0
1775203200,0.18305,0.18447,0.18171,0.1824,1004806.0
1775217600,0.18229,0.18457,0.17967,0.18078,1175532.0
1775232000,0.18089,0.18295,0.18051,0.18208,464031.0
1775246400,0.18207,0.18316,0.18102,0.18163,447854.0
1775260800,0.18146,0.18176,0.17795,0.17866,825713.0
1775275200,0.17851,0.18058,0.17836,0.18043,585359.0
1775289600,0.18049,0.18062,0.17803,0.17914,560177.0
1775304000,0.17917,0.18113,0.17708,0.1797,621378.0
1775318400,0.17968,0.1842,0.17916,0.18266,445606.0
1775332800,0.18237,0.18237,0.18062,0.18168,261719.0
1775347200,0.18168,0.18178,0.17942,0.18037,300929.0
1775361600,0.18034,0.18064,0.17641,0.17686,377298.0
1775376000,0.17681,0.178,0.17603,0.17667,337712.0
1775390400,0.17658,0.17849,0.17399,0.17619,612540.0
1775404800,0.17619,0.17646,0.17474,0.17546,245875.0
1775419200,0.17535,0.18229,0.1743,0.18229,773390.0
1775433600,0.18236,0.18652,0.18233,0.18469,1178298.0
1775448000,0.185,0.18687,0.18397,0.18516,919028.0
1775462400,0.18511,0.19046,0.18496,0.18968,1435298.0
1775476800,0.18974,0.19129,0.18617,0.18666,1408077.0
1775491200,0.18671,0.18748,0.18497,0.186,441311.0
1775505600,0.18595,0.1862,0.1776,0.1784,726241.0
1775520000,0.1783,0.17997,0.17749,0.1799,647471.0
1775534400,0.17973,0.18092,0.17845,0.17937,527723.0
1775548800,0.17937,0.1817,0.1776,0.17782,1009504.0
1775563200,0.17782,0.18015,0.1763,0.17914,1693574.0
1775577600,0.17912,0.18655,0.17903,0.18655,682980.0
1775592000,0.18658,0.20343,0.18524,0.19926,2470359.0
1775606400,0.19931,0.19978,0.19534,0.19831,1177701.0
1775620800,0.19858,0.20164,0.19826,0.2004,1864795.0
1775635200,0.20051,0.20148,0.19642,0.19785,924778.0
1775649600,0.1979,0.19805,0.1916,0.19367,2023971.0
1775664000,0.19377,0.19668,0.19212,0.19358,1356506.0
1775678400,0.19359,0.19772,0.19272,0.1941,825658.0
1775692800,0.1941,0.19449,0.19132,0.19142,933276.0
1775707200,0.19132,0.19242,0.1891,0.19077,719561.0
1775721600,0.19068,0.192,0.18897,0.19058,402948.0
1775736000,0.19058,0.19773,0.19044,0.19664,686473.0
1775750400,0.19674,0.2,0.19651,0.19918,1070212.0
1775764800,0.19931,0.20651,0.19811,0.1986,809288.0
1775779200,0.19861,0.20119,0.19751,0.1989,1156663.0
1775793600,0.19896,0.20202,0.19665,0.19674,501220.0
1775808000,0.19679,0.19699,0.19441,0.19519,685002.0
1775822400,0.1953,0.19977,0.19488,0.19814,1514003.0
1775836800,0.19832,0.20138,0.19656,0.20129,775572.0
1775851200,0.20127,0.20141,0.19775,0.19824,477830.0
1775865600,0.19821,0.19821,0.19462,0.19498,700552.0
1775880000,0.1951,0.19561,0.1925,0.1936,517223.0
1775894400,0.19366,0.19603,0.1935,0.19419,176610.0
1775908800,0.19415,0.19593,0.19184,0.1958,741537.0
1775923200,0.19565,0.20315,0.19532,0.20315,2114553.0
1775937600,0.20326,0.20466,0.19758,0.19867,977093.0
1775952000,0.19879,0.19879,0.18901,0.19044,1049102.0
1775966400,0.19024,0.19162,0.18962,0.19026,236480.0
1775980800,0.19,0.19054,0.18859,0.18947,364077.0
1775995200,0.18936,0.19108,0.18724,0.1877,566201.0
1776009600,0.18762,0.19172,0.18743,0.19023,761853.0
1776024000,0.19022,0.19215,0.18708,0.18719,465667.0
1776038400,0.18721,0.18998,0.18719,0.18875,845824.0
1776052800,0.18871,0.18953,0.18719,0.18719,503407.0
1776067200,0.18717,0.18857,0.18674,0.18769,519138.0
1776081600,0.1877,0.19058,0.18591,0.18651,889550.0
1776096000,0.18652,0.19178,0.18548,0.1915,824613.0
1776110400,0.1916,0.20202,0.18814,0.2015,1899315.0
1776124800,0.20177,0.20344,0.19752,0.19839,781455.0
1776139200,0.19853,0.20043,0.1938,0.1943,646483.0
1776153600,0.19429,0.1993,0.19398,0.19735,337287.0
1776168000,0.19736,0.20079,0.19327,0.19366,1947835.0
1776182400,0.19373,0.19637,0.19015,0.19248,861078.0
1776196800,0.19268,0.19345,0.19076,0.19328,263689.0
1776211200,0.19329,0.19593,0.19319,0.19409,514562.0
1776225600,0.19415,0.19539,0.19029,0.1905,503915.0
1776240000,0.19044,0.19538,0.19037,0.19458,468469.0
1776254400,0.19448,0.19938,0.19367,0.19606,1072509.0
1776268800,0.19583,0.2026,0.19577,0.20058,1252140.0
1776283200,0.2006,0.20236,0.19829,0.1995,606862.0
1776297600,0.19981,0.20835,0.19899,0.20785,2028882.0
1776312000,0.20789,0.21351,0.20661,0.21193,3021962.0
1776326400,0.21191,0.21336,0.20638,0.20898,1048118.0
1776340800,0.20888,0.22095,0.20755,0.21826,8719417.0
1776355200,0.21827,0.22663,0.20987,0.22505,4522095.0
1776369600,0.22498,0.22635,0.21578,0.21849,2940179.0
1776384000,0.21832,0.22144,0.21344,0.21556,2184710.0
1776398400,0.21584,0.21641,0.21064,0.21331,1131878.0
1776412800,0.21329,0.21639,0.21097,0.21446,1832252.0
1776427200,0.21445,0.22577,0.2135,0.22034,5678006.0
1776441600,0.22036,0.22377,0.21832,0.22019,1465749.0
1776456000,0.2201,0.22026,0.21369,0.21474,568643.0
1776470400,0.21456,0.21665,0.21311,0.21466,509338.0
1776484800,0.21466,0.21607,0.21321,0.21504,6298507.0
1776499200,0.21503,0.21565,0.20599,0.20722,1362629.0
1776513600,0.20709,0.20838,0.20523,0.20729,531463.0
1776528000,0.20722,0.20741,0.20154,0.20254,2224524.0
1776542400,0.20252,0.20447,0.2021,0.20248,422113.0
1776556800,0.20258,0.20258,0.19834,0.20076,1966720.0
1776571200,0.20069,0.20322,0.19901,0.20038,502298.0
1776585600,0.20028,0.20244,0.19902,0.20153,297084.0
1776600000,0.20153,0.20688,0.19967,0.20398,1477523.0
1776614400,0.20427,0.20491,0.19751,0.20037,1242807.0
1776628800,0.20027,0.20031,0.19301,0.19421,1074200.0
1776643200,0.19433,0.19909,0.19411,0.19847,645407.0
1776657600,0.19846,0.2009,0.19711,0.19911,536508.0
1776672000,0.19921,0.20055,0.1979,0.19902,633966.0
1776686400,0.1991,0.20017,0.19623,0.19884,770316.0
1776700800,0.19876,0.20274,0.19791,0.20145,946329.0
1776715200,0.2016,0.2034,0.19845,0.19915,1225987.0
1776729600,0.19914,0.20106,0.19766,0.1984,445115.0
1776744000,0.1984,0.20126,0.19809,0.1997,550287.0
1776758400,0.19958,0.20181,0.19946,0.20017,457814.0
1776772800,0.20024,0.20115,0.19782,0.19919,660467.0
1776787200,0.19943,0.20028,0.19112,0.19215,1252621.0
1776801600,0.19198,0.1972,0.19155,0.19663,1126601.0
1776816000,0.197,0.20204,0.1956,0.20098,1502593.0
1776830400,0.20111,0.20469,0.19977,0.20211,1360223.0
1776844800,0.20232,0.20292,0.19864,0.20132,1066091.0
1776859200,0.20128,0.20178,0.19827,0.19963,563439.0
1776873600,0.19955,0.20066,0.19516,0.19692,1099473.0
1776888000,0.19681,0.19685,0.18944,0.18967,1963856.0
1776902400,0.18968,0.18991,0.17953,0.18047,2038153.0
1776916800,0.1804,0.18355,0.17975,0.18017,1010807.0
1776931200,0.18037,0.18089,0.17761,0.18002,1546800.0
1776945600,0.18003,0.18232,0.17869,0.18204,1003473.0
1776960000,0.18214,0.18244,0.1755,0.17827,3753475.0
1776974400,0.1782,0.18089,0.17812,0.17897,541111.0
1776988800,0.17917,0.18112,0.17837,0.17942,717926.0
1777003200,0.17953,0.18113,0.17815,0.17994,753915.0
1777017600,0.18018,0.18196,0.17908,0.18134,733676.0
1777032000,0.18146,0.18243,0.17924,0.18156,1017901.0
1777046400,0.18156,0.18174,0.17904,0.1803,676341.0
1777060800,0.18039,0.18146,0.17776,0.17886,1199936.0
1777075200,0.17872,0.18,0.17815,0.17942,407437.0
1777089600,0.17939,0.18031,0.17783,0.17869,453972.0
1777104000,0.1784,0.1801,0.17779,0.17847,410297.0
1777118400,0.17839,0.17905,0.177,0.1776,417775.0
1777132800,0.17749,0.17816,0.17624,0.1766,491216.0
1777147200,0.17662,0.17846,0.17646,0.17811,780769.0
1777161600,0.17809,0.17859,0.17723,0.17858,365632.0
1777176000,0.17844,0.17986,0.17784,0.17952,438341.0
1777190400,0.17951,0.1809,0.17889,0.18007,179095.0
1777204800,0.18011,0.18028,0.1774,0.17869,404640.0
1777219200,0.17854,0.17925,0.17692,0.17842,714408.0
1777233600,0.17837,0.17919,0.17657,0.17807,349626.0
1777248000,0.17805,0.1834,0.17799,0.18204,953083.0
1777262400,0.18228,0.18234,0.17522,0.1762,1609778.0
1777276800,0.176,0.17769,0.17531,0.17693,489532.0
1777291200,0.1769,0.17822,0.17181,0.17463,2429153.0
1777305600,0.17474,0.177,0.17378,0.17463,587982.0
1777320000,0.17474,0.17786,0.17465,0.17756,523394.0
1777334400,0.17751,0.17835,0.1764,0.17835,728028.0
1777348800,0.17833,0.17981,0.17585,0.1772,646771.0
1777363200,0.17716,0.17743,0.17552,0.17623,580187.0
1777377600,0.17632,0.17874,0.17548,0.1786,1020925.0
1777392000,0.1787,0.17978,0.17696,0.17914,567089.0
1777406400,0.17915,0.17957,0.178,0.17885,1009151.0
1777420800,0.17886,0.1796,0.17771,0.17956,854275.0
1777435200,0.1796,0.18229,0.17947,0.18171,1314104.0
1777449600,0.18179,0.18738,0.18138,0.18427,1502360.0
1777464000,0.18422,0.18461,0.17481,0.17533,1597000.0
1777478400,0.17522,0.1772,0.17099,0.17569,1065655.0
1777492800,0.17584,0.17937,0.1757,0.17807,1008682.0
1777507200,0.1782,0.18568,0.17755,0.18491,16847005.0
1777521600,0.18491,0.18512,0.17999,0.18175,4927749.0
1777536000,0.18179,0.18718,0.17972,0.18081,4307853.0
1777550400,0.18088,0.18993,0.18044,0.18893,3455679.0
1777564800,0.18899,0.19062,0.18365,0.18563,2301081.0
1777579200,0.18547,0.18618,0.18244,0.18365,844191.0
1777593600,0.1836,0.19116,0.1833,0.18723,2232611.0
1777608000,0.18738,0.18832,0.18468,0.18522,988166.0
1777622400,0.18522,0.18747,0.18466,0.18747,1114807.0
1777636800,0.18736,0.1959,0.18694,0.19384,4652913.0
1777651200,0.19396,0.19749,0.19208,0.19286,1950794.0
1777665600,0.19283,0.19337,0.1879,0.18846,1262796.0
1777680000,0.18849,0.18889,0.18628,0.18736,2035430.0
1777694400,0.18729,0.18777,0.18624,0.18675,1095928.0
1777708800,0.1867,0.18861,0.18617,0.18759,644020.0
1777723200,0.18757,0.19404,0.18522,0.19306,22082067.0
1777737600,0.19284,0.1952,0.18799,0.18952,22383627.0
1777752000,0.18949,0.19142,0.18901,0.18935,716334.0
1777766400,0.18947,0.18953,0.18572,0.18674,1261325.0
1777780800,0.1866,0.18761,0.1859,0.18663,1180433.0
1777795200,0.18664,0.18719,0.18473,0.18558,601443.0
1777809600,0.18553,0.1885,0.18553,0.1867,993404.0
1777824000,0.18675,0.18925,0.18661,0.18856,723958.0
1777838400,0.18852,0.19028,0.18687,0.18773,637048.0
1777852800,0.18775,0.19404,0.18623,0.19352,1190458.0
1777867200,0.19374,0.19433,0.19007,0.19176,6005539.0
1777881600,0.19169,0.19568,0.18836,0.19169,1184156.0
1777896000,0.19145,0.19348,0.19024,0.19179,1160226.0
1777910400,0.19147,0.19362,0.19039,0.19148,978960.0
1777924800,0.19149,0.19239,0.19008,0.19053,780451.0
1777939200,0.19047,0.19312,0.19024,0.1923,633366.0
1777953600,0.19232,0.19534,0.19178,0.19429,929943.0
1777968000,0.19429,0.19676,0.19374,0.19604,1997867.0
1777982400,0.19613,0.19785,0.19432,0.19449,2347525.0
1777996800,0.19454,0.19707,0.19328,0.19669,2368322.0
1778011200,0.19674,0.20082,0.19658,0.20039,1652154.0
1778025600,0.20031,0.21908,0.19957,0.21586,2599908.0
1778040000,0.21594,0.25726,0.21525,0.22874,35462341.0
1778054400,0.2282,0.23202,0.22185,0.22476,17957982.0
1778068800,0.2247,0.22523,0.21709,0.21887,5462502.0
1778083200,0.219,0.224,0.21814,0.22357,3736007.0
1778097600,0.22347,0.22447,0.2187,0.22116,2814335.0
1778112000,0.22091,0.22094,0.21216,0.21254,6081959.0
1778126400,0.21254,0.21768,0.2108,0.21649,2749565.0
1778140800,0.21649,0.21687,0.21358,0.21551,2233975.0
1778155200,0.21541,0.22162,0.21489,0.21974,6391432.0
1778169600,0.21989,0.22092,0.21641,0.21743,1801040.0
1778184000,0.2175,0.21974,0.21435,0.21955,1139337.0
1778198400,0.21939,0.22174,0.21537,0.21734,1848820.0
1778212800,0.21732,0.2211,0.21564,0.2173,1134239.0
1778227200,0.21723,0.22053,0.21646,0.21825,1499611.0
1778241600,0.21817,0.22484,0.21666,0.22367,1514911.0
1778256000,0.22352,0.22854,0.22147,0.22536,3969134.0
1778270400,0.22537,0.22742,0.22436,0.22576,1443193.0
1778284800,0.22576,0.23608,0.22462,0.23212,3868505.0
1778299200,0.23201,0.23424,0.22566,0.22662,7599249.0
1778313600,0.22662,0.22809,0.22463,0.22771,1371053.0
1778328000,0.22759,0.22975,0.22168,0.22232,2279634.0
1778342400,0.22232,0.22603,0.22106,0.22563,882714.0
1778356800,0.22565,0.227,0.22415,0.22519,512933.0
1778371200,0.22488,0.22594,0.22163,0.22459,946004.0
1778385600,0.22451,0.22451,0.22169,0.22331,357668.0
1778400000,0.22327,0.22696,0.22305,0.22478,508193.0
1778414400,0.22481,0.22795,0.22374,0.22795,618550.0
1778428800,0.22781,0.24384,0.22759,0.23653,3215322.0
1778443200,0.23642,0.23718,0.22471,0.23163,7006864.0
1778457600,0.23174,0.23265,0.21953,0.2227,1919190.0
1778472000,0.22265,0.22751,0.22112,0.22539,665073.0
1778486400,0.22543,0.22928,0.22517,0.22809,749187.0
1778500800,0.22801,0.23153,0.22632,0.23074,781116.0
1778515200,0.23047,0.2355,0.22821,0.23415,869482.0
1778529600,0.23401,0.23507,0.22983,0.23075,837910.0
1778544000,0.23061,0.23122,0.22509,0.2253,3931430.0
1778558400,0.22546,0.22872,0.22507,0.22746,1461286.0
1778572800,0.22737,0.22823,0.22194,0.22263,908872.0
1778587200,0.22239,0.22335,0.21536,0.21762,2267307.0
1778601600,0.21767,0.22127,0.2155,0.22049,846296.0
1778616000,0.22045,0.22287,0.21918,0.22104,445445.0
1778630400,0.22099,0.22724,0.22026,0.22664,861760.0
1778644800,0.22682,0.2297,0.22555,0.22695,780678.0
1778659200,0.22713,0.23235,0.22658,0.22713,682710.0
1778673600,0.22717,0.22815,0.21297,0.21344,2276125.0
1778688000,0.21334,0.22015,0.21322,0.21657,996344.0
1778702400,0.21651,0.217,0.21432,0.21623,377075.0
1778716800,0.21626,0.21854,0.21251,0.21315,1732518.0
1778731200,0.21316,0.21815,0.2124,0.21535,630656.0
1778745600,0.2155,0.21661,0.21332,0.21332,576420.0
1778760000,0.2133,0.22383,0.2132,0.22346,1902892.0
1778774400,0.22352,0.22918,0.2224,0.22562,1195208.0
1778788800,0.22537,0.22601,0.21982,0.22035,923433.0
1778803200,0.22029,0.22195,0.21718,0.21882,823775.0
1778817600,0.21868,0.21868,0.21048,0.21317,1176874.0
1778832000,0.21307,0.21372,0.21063,0.21156,619145.0
1778846400,0.2115,0.21162,0.20088,0.20404,3805408.0
1778860800,0.2041,0.20753,0.20352,0.20611,525019.0
1778875200,0.20622,0.20632,0.20407,0.20474,358799.0
1778889600,0.2047,0.2061,0.20427,0.20518,280245.0
1778904000,0.20495,0.20514,0.19565,0.19849,2782070.0
1778918400,0.19849,0.19956,0.19418,0.19719,1103589.0
1778932800,0.19721,0.19901,0.19658,0.19837,490637.0
1778947200,0.19831,0.19956,0.1977,0.1981,527830.0
1778961600,0.19818,0.19885,0.19701,0.19724,210486.0
1778976000,0.19735,0.19772,0.19451,0.19648,450502.0
1778990400,0.19646,0.19857,0.19637,0.19811,401437.0
1779004800,0.19829,0.20068,0.19769,0.19916,504617.0
1779019200,0.19919,0.20026,0.19611,0.19741,1076918.0
1779033600,0.19751,0.19764,0.19477,0.19706,1737557.0
1779048000,0.19712,0.19783,0.18549,0.19225,2457013.0
1779062400,0.19238,0.19367,0.19011,0.19165,1623955.0
1779076800,0.19177,0.19317,0.18856,0.18941,884448.0
1779091200,0.18941,0.19141,0.18806,0.19051,602991.0
1779105600,0.19067,0.19246,0.18717,0.18876,962605.0
1779120000,0.18869,0.19228,0.18738,0.19151,769749.0
1779134400,0.19173,0.19415,0.19113,0.19323,403831.0
1779148800,0.1934,0.19472,0.19095,0.19188,563427.0
1779163200,0.19197,0.19355,0.19045,0.1933,400022.0
1779177600,0.19337,0.19337,0.1895,0.18996,369661.0
1779192000,0.18995,0.19262,0.18855,0.18919,486622.0
1779206400,0.18929,0.19133,0.1887,0.18982,561287.0
1779220800,0.18997,0.19132,0.18826,0.18907,479365.0
1779235200,0.18912,0.19055,0.18817,0.19013,396753.0
1779249600,0.19006,0.1934,0.18967,0.19261,300018.0
1779264000,0.19266,0.19372,0.19241,0.1932,690650.0
1779278400,0.19315,0.19636,0.1911,0.19558,1072962.0
1779292800,0.19565,0.19736,0.1945,0.19569,874572.0
1779307200,0.19567,0.19577,0.19312,0.19433,303333.0
1779321600,0.19433,0.19811,0.19427,0.19763,635177.0
1779336000,0.19762,0.19806,0.19552,0.1973,537904.0
1779350400,0.19722,0.19829,0.19331,0.19357,476372.0
1779364800,0.19364,0.1965,0.19325,0.19566,420257.0
1779379200,0.19561,0.20098,0.19437,0.20073,1004363.0
1779393600,0.20063,0.20181,0.19904,0.19988,227228.0
1779408000,0.20008,0.2011,0.19761,0.20053,429349.0
1779422400,0.20063,0.20222,0.19938,0.20057,511804.0
1779436800,0.20071,0.20216,0.19986,0.2018,544187.0
1779451200,0.20173,0.20422,0.19828,0.2003,1273946.0
1779465600,0.20015,0.20133,0.19164,0.19362,1381285.0
1779480000,0.19355,0.19547,0.1887,0.19016,736369.0
1779494400,0.18998,0.19186,0.18944,0.19113,441794.0
1779508800,0.19113,0.19118,0.17965,0.18185,2107036.0
1779523200,0.18155,0.18302,0.18066,0.18184,590236.0
1779537600,0.1816,0.18783,0.18085,0.18768,644797.0
1779552000,0.18774,0.1934,0.18687,0.19154,900075.0
1779566400,0.19163,0.19901,0.19131,0.19307,1068976.0
1779580800,0.19334,0.19421,0.1919,0.19248,356652.0
1779595200,0.19252,0.19303,0.19059,0.19165,725160.0
1779609600,0.19206,0.19282,0.1911,0.19141,473248.0
1779624000,0.19141,0.19151,0.18517,0.18825,546677.0
1779638400,0.18827,0.18906,0.18731,0.18759,358049.0
1779652800,0.18774,0.18797,0.18298,0.18735,699984.0
1779667200,0.18746,0.18851,0.18598,0.18655,547027.0
1779681600,0.18644,0.19051,0.18616,0.18937,407552.0
1779696000,0.18951,0.19277,0.1893,0.19122,1323255.0
1779710400,0.19129,0.19798,0.19071,0.19787,473739.0
1779724800,0.19796,0.1992,0.19444,0.19582,677694.0
1779739200,0.19571,0.19648,0.19256,0.1932,538213.0
1779753600,0.19327,0.19371,0.18853,0.19019,1002951.0
1779768000,0.1903,0.19611,0.18992,0.19431,666316.0
1779782400,0.19422,0.199,0.19341,0.19743,1046162.0
1779796800,0.19733,0.20001,0.19391,0.19601,4456848.0
1779811200,0.19601,0.19601,0.19104,0.19403,1169522.0
1779825600,0.19409,0.19501,0.19216,0.19389,991610.0
1779840000,0.19392,0.19626,0.19189,0.19228,700522.0
1779854400,0.19216,0.19546,0.18913,0.19443,1181246.0
1779868800,0.19454,0.19535,0.19216,0.19264,443882.0
1779883200,0.19253,0.19626,0.19099,0.19441,1195496.0
1779897600,0.1945,0.19536,0.18876,0.19222,943496.0
1779912000,0.1923,0.1931,0.18519,0.18656,1843966.0
1779926400,0.18643,0.18754,0.17816,0.17857,2144017.0
1779940800,0.17831,0.1795,0.1747,0.179,1599028.0
1779955200,0.17916,0.17916,0.17529,0.17597,727808.0
1779969600,0.17597,0.17751,0.17232,0.1758,6730868.0
1779984000,0.17578,0.18543,0.17508,0.18423,1414940.0
1779998400,0.18438,0.18721,0.18189,0.18407,1185619.0
1780012800,0.18412,0.18566,0.18339,0.18377,975799.0
1780027200,0.18382,0.18749,0.18219,0.18612,1184294.0
1780041600,0.18598,0.18984,0.18409,0.18491,748566.0
1780056000,0.18497,0.19086,0.1797,0.18966,2671715.0
1780070400,0.1896,0.192,0.18591,0.18839,2487592.0
1780084800,0.18841,0.1897,0.186,0.1875,647531.0
1780099200,0.18761,0.19503,0.18698,0.19233,991294.0
1780113600,0.19239,0.19305,0.18746,0.19147,929757.0
1780128000,0.19144,0.19202,0.18979,0.19143,827495.0
1780142400,0.19131,0.19335,0.1899,0.19115,2562778.0
1780156800,0.19126,0.1935,0.19086,0.1922,2063956.0
1780171200,0.19227,0.19296,0.18944,0.19017,385994.0
1780185600,0.19032,0.19228,0.18977,0.19177,572382.0
1780200000,0.19184,0.19307,0.18936,0.19023,491792.0
1780214400,0.19028,0.19129,0.18848,0.19026,771578.0
1780228800,0.1902,0.1912,0.18631,0.18743,1019516.0
1780243200,0.18745,0.18856,0.18511,0.18758,597278.0
1780257600,0.18743,0.19323,0.18743,0.19179,561289.0
1780272000,0.19196,0.19516,0.19004,0.19368,791726.0
1780286400,0.19379,0.19424,0.18531,0.18549,1286158.0
1780300800,0.1853,0.18732,0.18486,0.18565,905105.0
1780315200,0.18603,0.18668,0.18145,0.1831,1697758.0
1780329600,0.1833,0.19257,0.18201,0.19229,1685095.0
1780344000,0.19274,0.19366,0.18843,0.19173,771110.0
1780358400,0.19177,0.1921,0.1852,0.19169,952665.0
1780372800,0.19152,0.19237,0.18507,0.18715,809688.0
1780387200,0.18719,0.189,0.18549,0.18772,844248.0
1780401600,0.18785,0.18979,0.17539,0.17829,2632415.0
1780416000,0.17791,0.18416,0.17321,0.17739,1573570.0
1780430400,0.17727,0.18056,0.17041,0.17477,2169835.0
1780444800,0.17479,0.17861,0.1718,0.17255,2113260.0
1780459200,0.17277,0.18895,0.17277,0.18738,1758290.0
1780473600,0.18762,0.19173,0.18294,0.18827,1555136.0
1780488000,0.18841,0.19249,0.18666,0.18737,1313926.0
1780502400,0.1875,0.18972,0.18244,0.18523,1634562.0
1780516800,0.18527,0.19541,0.18222,0.18966,2597593.0
1780531200,0.1896,0.19164,0.16536,0.18175,7236012.0
1780545600,0.18192,0.18362,0.17127,0.17131,2615551.0
1780560000,0.17137,0.17238,0.16362,0.16706,4092192.0
1780574400,0.16723,0.1801,0.1647,0.1794,3632381.0
1780588800,0.17941,0.1796,0.1714,0.17565,2134380.0
1780603200,0.17551,0.17551,0.16394,0.16763,3362921.0
1780617600,0.16729,0.1678,0.15768,0.15822,2421740.0
1780632000,0.15826,0.16468,0.14944,0.16002,10028557.0
1780646400,0.15984,0.15984,0.15432,0.15584,1142445.0
1780660800,0.15579,0.15944,0.15004,0.15155,3532759.0
1780675200,0.15122,0.1557,0.14463,0.15083,4789044.0
1780689600,0.15083,0.15655,0.14854,0.15289,3377463.0
1780704000,0.15292,0.15491,0.14822,0.14873,1565245.0
1780718400,0.14861,0.15265,0.13952,0.15169,3682998.0
1780732800,0.1517,0.15371,0.14709,0.15056,1258498.0
1780747200,0.15066,0.15444,0.14951,0.15171,2294912.0
1780761600,0.15157,0.15259,0.14883,0.14939,1173244.0
1780776000,0.14925,0.15251,0.14876,0.15229,862046.0
1780790400,0.15231,0.15732,0.15164,0.15565,1452886.0
1780804800,0.15567,0.15815,0.15487,0.1575,709906.0
1780819200,0.15735,0.16164,0.1565,0.15954,1482610.0
1780833600,0.15952,0.16074,0.15492,0.15827,1483064.0
1780848000,0.15833,0.15991,0.15294,0.15382,1831918.0
1780862400,0.15378,0.16572,0.15353,0.1586,2054610.0
1780876800,0.15876,0.15984,0.15588,0.15823,1726230.0
1780891200,0.15849,0.15888,0.1548,0.15867,991139.0
1780905600,0.15863,0.16324,0.15675,0.16267,2080351.0
1780920000,0.16263,0.16483,0.16001,0.16243,1437206.0
1780934400,0.16252,0.16444,0.1607,0.16082,890103.0
1780948800,0.16103,0.16256,0.15775,0.15842,928441.0
1780963200,0.15846,0.15863,0.15363,0.15533,2174679.0
1780977600,0.15525,0.15978,0.15483,0.15852,1813771.0
1780992000,0.1585,0.1586,0.15551,0.15695,1103972.0
1781006400,0.15676,0.15871,0.15318,0.15331,966377.0
1781020800,0.15319,0.15678,0.15108,0.15621,962665.0
1781035200,0.15631,0.15723,0.15408,0.15469,619768.0
1781049600,0.15476,0.15541,0.15137,0.15229,391740.0
1781064000,0.15233,0.15334,0.15069,0.15274,344004.0
1781078400,0.15269,0.15269,0.14842,0.14953,886459.0
1781092800,0.14964,0.15559,0.14886,0.15337,1430609.0
1781107200,0.15341,0.15377,0.14772,0.14808,568956.0
1781121600,0.14791,0.14836,0.14447,0.14746,754506.0
1781136000,0.14743,0.15389,0.14736,0.15265,953457.0
1781150400,0.15254,0.15418,0.15179,0.15245,438409.0
1781164800,0.1526,0.15578,0.15254,0.15511,317363.0
1781179200,0.1551,0.15538,0.15204,0.15494,542074.0
1781193600,0.15504,0.16,0.15318,0.15749,1022557.0
1781208000,0.15759,0.15861,0.15663,0.15723,251261.0
1781222400,0.15719,0.15814,0.15598,0.15757,259821.0
1781236800,0.15766,0.15825,0.15441,0.15551,386691.0
1781251200,0.15557,0.15982,0.15554,0.15911,499680.0
1781265600,0.15891,0.16168,0.15622,0.15717,1185545.0
1781280000,0.1573,0.16026,0.15653,0.15775,453906.0
1781294400,0.15783,0.15827,0.15627,0.15738,401183.0
1781308800,0.15734,0.15955,0.15666,0.15824,360970.0
1781323200,0.15818,0.16108,0.15697,0.16025,381807.0
1781337600,0.16031,0.16342,0.16002,0.16325,414974.0
1781352000,0.16342,0.16342,0.16102,0.16259,129742.0
1781366400,0.16231,0.16231,0.15955,0.16071,701769.0
1781380800,0.16061,0.1623,0.1598,0.16033,165128.0
1781395200,0.16009,0.16043,0.1593,0.15995,130227.0
1781409600,0.15998,0.15999,0.15764,0.15848,209707.0
1781424000,0.15852,0.15978,0.1578,0.15855,112780.0
1781438400,0.15864,0.15869,0.15495,0.1562,184880.0
1781452800,0.15603,0.15707,0.15533,0.15639,269447.0
1781467200,0.15645,0.16478,0.15623,0.16469,896822.0
1781481600,0.16481,0.16665,0.16334,0.16608,381134.0
1781496000,0.16612,0.16831,0.16547,0.16637,1960709.0
1781510400,0.16646,0.17005,0.16572,0.16952,473655.0
1781524800,0.16961,0.17537,0.16835,0.17479,736428.0
1781539200,0.17488,0.17526,0.16812,0.16919,519144.0
1781553600,0.16919,0.17023,0.166,0.16769,282698.0
1781568000,0.16761,0.1687,0.16444,0.16803,492425.0
1781582400,0.16796,0.16961,0.16619,0.16949,244330.0
1781596800,0.16938,0.17236,0.16922,0.17036,126709.0
1781611200,0.1702,0.17176,0.16431,0.16766,490300.0
1781625600,0.16744,0.17071,0.16627,0.1681,656921.0
1781640000,0.168,0.17133,0.16753,0.1702,227108.0
1781654400,0.1702,0.17936,0.1702,0.17466,2594189.0
1781668800,0.1749,0.1756,0.16991,0.17068,805821.0
1781683200,0.17096,0.17116,0.16647,0.16688,902262.0
1781697600,0.16691,0.17388,0.16611,0.17223,4180371.0
1781712000,0.17247,0.17409,0.1652,0.16621,1735311.0
1781726400,0.16608,0.16789,0.16367,0.16708,744740.0
1781740800,0.16721,0.16935,0.16563,0.16564,661680.0
1781755200,0.16566,0.167,0.16257,0.1665,2937516.0
1781769600,0.1664,0.16896,0.16578,0.16644,405191.0
1781784000,0.16636,0.1688,0.15884,0.15946,903816.0
1781798400,0.15932,0.164,0.15842,0.16398,5141599.0
1781812800,0.16388,0.16658,0.16385,0.1661,739263.0
1781827200,0.1662,0.16694,0.16164,0.16357,630694.0
1781841600,0.16337,0.16397,0.15998,0.16069,370102.0
1781856000,0.16065,0.162,0.15951,0.15995,236685.0
1781870400,0.16014,0.16454,0.15914,0.16347,464773.0
1781884800,0.16345,0.16413,0.16019,0.1608,389388.0
1781899200,0.16087,0.16259,0.16036,0.1621,295845.0
1781913600,0.1621,0.16339,0.16011,0.16063,365790.0
1781928000,0.16076,0.16437,0.16048,0.1626,358088.0
1781942400,0.16267,0.16377,0.16184,0.1623,460055.0
1781956800,0.16233,0.1637,0.15705,0.16239,10093180.0
1781971200,0.16255,0.16255,0.15926,0.16032,338020.0
1781985600,0.16048,0.16347,0.16002,0.16224,240951.0
1782000000,0.16231,0.1633,0.16168,0.16267,158575.0
1782014400,0.16272,0.16298,0.16112,0.16206,137527.0
1782028800,0.1621,0.1642,0.16077,0.16199,499760.0
1782043200,0.16224,0.16802,0.16156,0.16787,1183143.0
1782057600,0.16801,0.16867,0.16455,0.16535,1070131.0
1782072000,0.1653,0.16561,0.15997,0.1602,1115177.0
1782086400,0.16022,0.16697,0.16022,0.16243,1268189.0
1782100800,0.16241,0.16549,0.16195,0.16481,473194.0
1782115200,0.16478,0.16933,0.16433,0.16842,871296.0
1782129600,0.16848,0.1729,0.1674,0.16826,5276975.0
1782144000,0.16836,0.16971,0.16398,0.16459,906487.0
1782158400,0.16441,0.16552,0.16164,0.16286,447205.0
1782172800,0.16257,0.16573,0.16168,0.16552,748294.0
1782187200,0.1655,0.16559,0.15815,0.15879,1385161.0
1782201600,0.15888,0.15915,0.15369,0.15725,1096497.0
1782216000,0.15733,0.15907,0.15442,0.15533,1464839.0
1782230400,0.15535,0.15648,0.15431,0.15601,253532.0
1782244800,0.15598,0.15876,0.15598,0.15725,892963.0
1782259200,0.1571,0.15842,0.15503,0.15519,729674.0
1782273600,0.1551,0.15643,0.15312,0.15482,388333.0
1782288000,0.15486,0.15659,0.15252,0.155,751667.0
1782302400,0.15482,0.15516,0.14714,0.14744,1644144.0
1782316800,0.14761,0.14871,0.1409,0.14423,1954892.0
1782331200,0.14434,0.15049,0.14408,0.14922,1205995.0
1782345600,0.14927,0.14996,0.14866,0.14898,225061.0
1782360000,0.149,0.15419,0.14837,0.15235,455932.0
1782374400,0.15233,0.15237,0.14866,0.14883,224803.0
1782388800,0.14881,0.15068,0.1371,0.14279,2637417.0
1782403200,0.14275,0.14421,0.13926,0.13982,661732.0
1782417600,0.14011,0.14463,0.1399,0.14365,312126.0
1782432000,0.14381,0.14424,0.137,0.14305,1125612.0
1782446400,0.14306,0.14764,0.14215,0.1475,880081.0
1782460800,0.14744,0.14761,0.14243,0.14321,254760.0
1782475200,0.14321,0.14872,0.14229,0.14803,1415774.0
1782489600,0.14824,0.15715,0.14753,0.15364,5102418.0
1782504000,0.15372,0.15686,0.15143,0.15484,3597186.0
1782518400,0.15482,0.16566,0.15413,0.16283,1987092.0
1782532800,0.16288,0.16923,0.15999,0.16869,3894629.0
1782547200,0.16858,0.17365,0.16417,0.16935,3597955.0
1782561600,0.16935,0.17963,0.16905,0.17873,4774474.0
1782576000,0.17862,0.18414,0.16919,0.17021,4158805.0
1782590400,0.17011,0.17031,0.16548,0.16629,3037076.0
1782604800,0.16604,0.16739,0.16446,0.16698,689072.0
1782619200,0.16692,0.17274,0.16499,0.17037,2095696.0
1782633600,0.17017,0.17835,0.16991,0.17512,4554790.0
1782648000,0.17516,0.17793,0.17248,0.17409,4180892.0
1782662400,0.17402,0.17558,0.16792,0.16865,2523296.0
1782676800,0.16866,0.1742,0.16815,0.17274,3168149.0
1782691200,0.17279,0.18224,0.17082,0.17875,1236457.0
1782705600,0.17843,0.18407,0.1735,0.18142,2268063.0
1782720000,0.18144,0.1841,0.17873,0.18004,1586008.0
1782734400,0.18002,0.18624,0.17627,0.17744,6211051.0
1782748800,0.1771,0.18635,0.17684,0.18196,1421655.0
1782763200,0.18177,0.18198,0.17557,0.17597,443642.0
1782777600,0.17585,0.17602,0.17153,0.17467,583584.0
1782792000,0.1745,0.17646,0.1731,0.17433,550432.0
1782806400,0.17433,0.17454,0.1706,0.17094,750043.0
1782820800,0.17088,0.17101,0.16713,0.16957,1173176.0
1782835200,0.16922,0.17053,0.16689,0.16764,505732.0
1782849600,0.16761,0.16883,0.16569,0.16601,576356.0
1782864000,0.16574,0.16757,0.16003,0.16634,1958834.0
1782878400,0.16635,0.17063,0.16231,0.16425,2415434.0
1782892800,0.16402,0.16759,0.1636,0.16663,529535.0
1782907200,0.16651,0.17621,0.1648,0.17579,5730503.0
1782921600,0.17569,0.17589,0.16776,0.16802,1604011.0
1782936000,0.16843,0.17383,0.16749,0.16778,670109.0
1782950400,0.16783,0.17244,0.1663,0.17244,944489.0
1782964800,0.17245,0.17395,0.16898,0.17072,226659.0
1782979200,0.17078,0.18027,0.17043,0.17947,2450321.0
1782993600,0.17922,0.18107,0.171,0.17193,7703737.0
1783008000,0.17199,0.17422,0.17059,0.17193,3244435.0
1783022400,0.17202,0.17341,0.17088,0.17236,716540.0
1783036800,0.17259,0.17473,0.17116,0.17212,843684.0
1783051200,0.17211,0.17444,0.17132,0.17316,2219422.0
1783065600,0.17306,0.17851,0.17204,0.17817,3242516.0
1783080000,0.17812,0.18042,0.17423,0.17745,8566868.0
1783094400,0.17745,0.18058,0.17639,0.1776,1190699.0
1783108800,0.17748,0.18451,0.17741,0.18264,3603093.0
1783123200,0.18249,0.18374,0.1775,0.1819,2926457.0
1783137600,0.1819,0.183,0.17673,0.17769,1759315.0
1783152000,0.17769,0.17818,0.17381,0.17669,2157631.0
1783166400,0.17653,0.18207,0.17649,0.1807,1360595.0
1783180800,0.1807,0.1828,0.1792,0.17936,983065.0
1783195200,0.17937,0.17969,0.17487,0.17548,391587.0
1783209600,0.1756,0.17567,0.17218,0.17257,918947.0
1783224000,0.17248,0.17437,0.17172,0.17421,1341526.0
1783238400,0.17419,0.1743,0.17062,0.17252,859726.0
1783252800,0.17239,0.17636,0.17173,0.17495,418027.0
1783267200,0.175,0.17553,0.17321,0.17472,502068.0
1783281600,0.17477,0.17997,0.17412,0.1783,425347.0
1783296000,0.17794,0.1789,0.17605,0.17757,1518865.0
1783310400,0.17761,0.17833,0.17297,0.17541,786133.0
1783324800,0.17523,0.17576,0.17158,0.17184,1013637.0
1783339200,0.17164,0.17463,0.16737,0.17409,1477527.0
1783353600,0.17395,0.176,0.17081,0.17171,2291419.0
1783368000,0.17172,0.17614,0.17103,0.17139,399546.0
1783382400,0.17173,0.17184,0.16746,0.16754,414427.0
1783396800,0.16761,0.16886,0.16577,0.1678,615064.0
1783411200,0.1678,0.1689,0.1668,0.16846,257267.0
1783425600,0.16869,0.17058,0.16525,0.16985,936669.0
1783440000,0.16967,0.17068,0.16624,0.16793,515197.0
1783454400,0.16809,0.16842,0.16412,0.16527,446978.0
1783468800,0.16547,0.16643,0.15814,0.15942,1343879.0
1783483200,0.15936,0.16002,0.15737,0.159,1623795.0
1783497600,0.159,0.1593,0.15388,0.15719,1158436.0
1783512000,0.15725,0.15836,0.15496,0.15723,306396.0
1783526400,0.15709,0.15813,0.15589,0.15713,132302.0
1783540800,0.15693,0.15814,0.15546,0.1579,148479.0
1783555200,0.15794,0.15972,0.15603,0.15731,264597.0
1783569600,0.15731,0.16136,0.15709,0.15987,530925.0
1783584000,0.15979,0.16002,0.15752,0.15922,410577.0
1783598400,0.15916,0.16027,0.15791,0.15869,481445.0
1783612800,0.15867,0.16043,0.15766,0.15922,165838.0
1783627200,0.15922,0.15983,0.15776,0.158,130282.0
1783641600,0.15803,0.16056,0.15655,0.16021,703053.0
1783656000,0.16023,0.16066,0.15868,0.15889,268064.0
1783670400,0.15889,0.1606,0.15851,0.15997,147487.0
1783684800,0.15991,0.16029,0.15072,0.15232,1647744.0
1783699200,0.15241,0.15507,0.1515,0.15358,610043.0
1783713600,0.15356,0.15529,0.15297,0.1537,191779.0
1783728000,0.15372,0.15466,0.15267,0.15396,368405.0
1783742400,0.15389,0.15431,0.15216,0.15224,417692.0
1783756800,0.15229,0.15334,0.15158,0.15329,286360.0
1783771200,0.15317,0.15504,0.1525,0.15328,444884.0
1783785600,0.15324,0.15425,0.15225,0.15352,95407.0
1783800000,0.15352,0.15458,0.14985,0.14999,511504.0
1783814400,0.14988,0.15222,0.14826,0.15183,473717.0
1783828800,0.15187,0.15188,0.14931,0.15007,227598.0
1783843200,0.14994,0.15096,0.14965,0.15061,484843.0
1783857600,0.1504,0.15094,0.14943,0.15018,268811.0
1783872000,0.15019,0.1515,0.14942,0.15134,200284.0
1783886400,0.15144,0.15152,0.14772,0.14931,367729.0
1783900800,0.14938,0.15192,0.14684,0.14828,720911.0
1783915200,0.14817,0.15102,0.14804,0.14965,824714.0
1783929600,0.14977,0.15138,0.14946,0.15023,202115.0
1783944000,0.15034,0.15153,0.14921,0.14952,911252.0
1783958400,0.14956,0.15076,0.14825,0.15056,719714.0
1783972800,0.15037,0.15109,0.14742,0.15109,650412.0
1783987200,0.15109,0.15471,0.15044,0.15433,2293311.0
1784001600,0.15446,0.15577,0.1522,0.15237,1102798.0
1784016000,0.15247,0.15292,0.151,0.15117,1141659.0
1784030400,0.15123,0.15432,0.1509,0.1525,791974.0
1784044800,0.15246,0.1541,0.1523,0.15364,229303.0
1784059200,0.15351,0.15403,0.15234,0.1536,208103.0
1784073600,0.15359,0.15647,0.15354,0.15515,349805.0
1784088000,0.15518,0.15532,0.15283,0.15335,398862.0
1784102400,0.15327,0.15495,0.15248,0.15305,495655.0
1784116800,0.15298,0.15736,0.15257,0.15413,1017286.0
1784131200,0.15409,0.15467,0.15163,0.15264,683053.0
1784145600,0.15259,0.15401,0.15235,0.15266,221782.0
1784160000,0.15264,0.15411,0.1505,0.15253,263814.0
1784174400,0.1525,0.15278,0.14986,0.15052,255518.0
1784188800,0.15033,0.15262,0.14895,0.15148,1173685.0
1784203200,0.1514,0.1558,0.15068,0.15473,1742378.0
1784217600,0.15475,0.15476,0.15206,0.15363,834573.0
1784232000,0.15372,0.15457,0.15038,0.15111,443698.0
1784246400,0.15112,0.15295,0.14987,0.15181,459714.0
1784260800,0.15166,0.15335,0.151,0.1522,702579.0
1784275200,0.15219,0.15446,0.15134,0.15266,302791.0
1784289600,0.15225,0.15436,0.15061,0.15396,1140413.0
1784304000,0.15382,0.15637,0.15358,0.15487,234961.0
1784318400,0.15502,0.15585,0.15419,0.15516,102852.0
1784332800,0.15521,0.15751,0.15494,0.15628,1049359.0
1784347200,0.15635,0.1567,0.15294,0.15337,519507.0
1784361600,0.15357,0.15385,0.15235,0.15271,186924.0
1784376000,0.15262,0.15378,0.15147,0.15353,276738.0
1784390400,0.15363,0.15517,0.15315,0.15385,534296.0
1784404800,0.1539,0.15461,0.15361,0.15398,101891.0
1784419200,0.15405,0.15428,0.15239,0.1526,222597.0
1784433600,0.1526,0.15333,0.15239,0.15265,239965.0
1784448000,0.15272,0.154,0.1526,0.15295,205303.0
1784462400,0.15287,0.15407,0.15229,0.15322,448417.0
1784476800,0.15324,0.15324,0.15023,0.15231,372924.0
1784491200,0.15238,0.15449,0.15156,0.15447,149465.0
1784505600,0.15438,0.15549,0.15252,0.15258,669814.0
1784520000,0.15268,0.15275,0.14931,0.15139,298063.0
1784534400,0.15133,0.15156,0.14878,0.15089,1916160.0
1784548800,0.15077,0.15382,0.14956,0.15359,701163.0
1784563200,0.15371,0.15614,0.15335,0.15353,395439.0
1784577600,0.15362,0.15422,0.15219,0.15251,232513.0
1784592000,0.15228,0.15342,0.15043,0.15335,491872.0
1784606400,0.15342,0.15392,0.15176,0.1531,199065.0
1784620800,0.15316,0.15595,0.1528,0.15463,495260.0
1784635200,0.15494,0.15517,0.15307,0.15438,301966.0
1784649600,0.15447,0.15466,0.15183,0.15276,206190.0
1784664000,0.15279,0.15303,0.15097,0.15214,99803.0
1784678400,0.15198,0.15409,0.15198,0.15321,196672.0
1784692800,0.15343,0.15406,0.15092,0.15128,240211.0
1784707200,0.15111,0.15225,0.15111,0.15141,238327.0
1784721600,0.15137,0.1542,0.15013,0.15359,515502.0
1784736000,0.1537,0.15552,0.15264,0.15455,155264.0
1784750400,0.15456,0.15567,0.1518,0.15288,262593.0
1784764800,0.15272,0.15358,0.15117,0.15171,206064.0
1784779200,0.15161,0.15279,0.15129,0.15169,820723.0
1784793600,0.15147,0.15328,0.15123,0.15198,141135.0
1784808000,0.15175,0.15259,0.14763,0.14807,1710253.0
1784822400,0.14818,0.14886,0.14309,0.14426,1021266.0
1784836800,0.14429,0.14626,0.14327,0.14347,347614.0
1784851200,0.14351,0.14474,0.14167,0.14409,876919.0
1784865600,0.14417,0.14655,0.14407,0.14618,253650.0
1784880000,0.14625,0.14625,0.14307,0.14387,1814752.0
1784894400,0.14373,0.1442,0.14066,0.14302,1068596.0
1784908800,0.14302,0.14492,0.14213,0.1433,248328.0
1784923200,0.14335,0.14402,0.14159,0.14394,275943.0
1784937600,0.14403,0.1463,0.14382,0.14599,479531.0
1784952000,0.14596,0.1475,0.14465,0.14541,597543.0
1784966400,0.145,0.14794,0.1447,0.14781,222333.0
1784980800,0.14788,0.14977,0.14727,0.14922,539941.0
1784995200,0.1492,0.15699,0.149,0.15682,1737975.0
1785009600,0.15711,0.15912,0.15432,0.15476,2674737.0
1785024000,0.155,0.15838,0.15347,0.15763,714170.0
1785038400,0.15786,0.16138,0.1572,0.15945,450896.0
1785052800,0.15948,0.16073,0.15637,0.15684,699267.0
1785067200,0.15691,0.15744,0.15454,0.15465,512704.0
1785081600,0.15464,0.15592,0.15361,0.15421,320097.0
1785096000,0.15415,0.15442,0.15267,0.15346,436810.0
1785110400,0.15346,0.15563,0.15302,0.15563,706457.0
1785124800,0.15551,0.15662,0.15431,0.15459,427422.0
1785139200,0.15456,0.15468,0.15233,0.15414,426599.0
1785153600,0.15439,0.1552,0.14938,0.15111,971074.0
1785168000,0.15111,0.15169,0.14947,0.15037,337269.0
1785182400,0.15051,0.15079,0.14616,0.14756,1256404.0
1785196800,0.14756,0.14984,0.1475,0.14802,220410.0
1785211200,0.14801,0.14967,0.14728,0.14842,323431.0
1785225600,0.1482,0.14941,0.14777,0.14807,474123.0
1785240000,0.14783,0.15047,0.14598,0.14998,2731894.0
1785254400,0.14992,0.15013,0.14723,0.14866,169769.0
1785268800,0.14862,0.14928,0.14672,0.14784,419424.0
1785283200,0.14799,0.14862,0.14426,0.14435,1601979.0
1785297600,0.14428,0.14674,0.14338,0.14674,1285051.0
1785312000,0.14664,0.14678,0.14525,0.14621,94700.0
1785326400,0.14635,0.14663,0.14425,0.14436,424314.0
1785340800,0.14462,0.14701,0.14275,0.14285,387793.0
1785355200,0.14284,0.14435,0.14136,0.14412,1672592.0
1785369600,0.14423,0.14648,0.1437,0.14461,305365.0
1785384000,0.14449,0.14449,0.14292,0.14323,239363.0
1785398400,0.14311,0.1438,0.14247,0.14357,643933.0
1785412800,0.14362,0.14501,0.14202,0.1434,240974.0
1785427200,0.14337,0.14532,0.14286,0.14514,96606.0
1785441600,0.14519,0.14577,0.14379,0.1444,153919.0
1785456000,0.14451,0.14629,0.14207,0.14344,249549.0
1785470400,0.14316,0.14353,0.14154,0.14318,1106998.0
1785484800,0.14307,0.14352,0.14196,0.1425,70918.0
1785499200,0.1426,0.14399,0.13969,0.14373,1684796.0
1785513600,0.14378,0.1459,0.14292,0.14352,423534.0
1785528000,0.14344,0.14344,0.1424,0.14337,152410.0
1785542400,0.14336,0.14649,0.14336,0.1454,223696.0
1785556800,0.14564,0.1463,0.14367,0.14377,197421.0
1785571200,0.14377,0.14392,0.14101,0.14145,316950.0
1785585600,0.14163,0.14231,0.14059,0.14136,274977.0
1785600000,0.14123,0.14151,0.13656,0.13744,568878.0
1785614400,0.1374,0.13779,0.13529,0.13558,291474.0
1785628800,0.13543,0.13902,0.13521,0.13848,383804.0
1785643200,0.1385,0.14044,0.13816,0.14019,358772.0
1785657600,0.14027,0.1411,0.13935,0.13952,335589.0
1785672000,0.13953,0.14053,0.1393,0.13948,141032.0
1785686400,0.13946,0.14128,0.13854,0.14077,126640.0
1785700800,0.14092,0.14288,0.13909,0.13919,169451.0
1785715200,0.13928,0.13928,0.13697,0.13796,280376.0
1785729600,0.13787,0.1387,0.13676,0.13748,379550.0
1785744000,0.13748,0.13776,0.1365,0.13756,170682.0
1785758400,0.13763,0.13924,0.13687,0.13805,479250.0
1785772800,0.13809,0.14118,0.13732,0.14023,311058.0
1785787200,0.14018,0.1431,0.1395,0.14061,289733.0
1785801600,0.14043,0.1423,0.13936,0.14136,212616.0
1785816000,0.14134,0.14228,0.14043,0.14156,546119.0
1785830400,0.14143,0.14165,0.13973,0.14071,216321.0
1785844800,0.14068,0.14121,0.13856,0.14045,637013.0
1785859200,0.14045,0.14236,0.13857,0.14135,578140.0
1785873600,0.14144,0.1419,0.13984,0.13987,167957.0
1785888000,0.13982,0.14143,0.1393,0.14097,240849.0
1785902400,0.14097,0.14189,0.1406,0.14094,575628.0
1785916800,0.14106,0.14139,0.13979,0.13984,140808.0
1785931200,0.13982,0.14168,0.13962,0.13993,529759.0
1785945600,0.13992,0.1411,0.13982,0.14007,135517.0
1785960000,0.14006,0.14116,0.13988,0.14067,113719.0
1785974400,0.1407,0.14228,0.13994,0.14028,670041.0
1785988800,0.1402,0.14166,0.13998,0.14077,595481.0
1786003200,0.14049,0.14069,0.13768,0.13902,333661.0
1786017600,0.13901,0.14034,0.13829,0.13959,491632.0
1786032000,0.13964,0.14175,0.13923,0.13981,671314.0
1786046400,0.13971,0.14119,0.13935,0.14005,90055.0
1786060800,0.14001,0.14081,0.13922,0.1393,231990.0
1786075200,0.13922,0.13986,0.13843,0.13849,432568.0
1786089600,0.13844,0.13947,0.13824,0.13914,496151.0
1786104000,0.13915,0.14033,0.13686,0.13799,575984.0
1786118400,0.13807,0.13859,0.13646,0.13762,255830.0
1786132800,0.13766,0.13802,0.13654,0.13741,122746.0
1786147200,0.13739,0.14019,0.1373,0.14015,186485.0
1786161600,0.14022,0.14315,0.13998,0.1418,735741.0
1786176000,0.14212,0.14329,0.14165,0.14236,305883.0
1786190400,0.14246,0.14361,0.14155,0.14346,338787.0
1786204800,0.14349,0.14417,0.14189,0.14226,174159.0
1786219200,0.14226,0.14326,0.14176,0.14209,125082.0
1786233600,0.14217,0.1436,0.14126,0.14333,231966.0
1786248000,0.14347,0.14364,0.14207,0.14258,93077.0
1786262400,0.14261,0.14289,0.14153,0.14157,141752.0
1786276800,0.14155,0.14372,0.14125,0.14372,1886178.0
1786291200,0.14389,0.14689,0.14389,0.14682,325841.0
1786305600,0.14693,0.14749,0.14148,0.14207,390525.0
1786320000,0.14174,0.14448,0.14152,0.14238,347860.0
1786334400,0.14227,0.14407,0.1417,0.14372,494167.0
1786348800,0.14365,0.14428,0.14278,0.14428,439117.0
1786363200,0.14417,0.14444,0.14205,0.14313,504983.0
1786377600,0.14284,0.14457,0.14222,0.14364,302991.0
1786392000,0.1437,0.14376,0.14013,0.14046,263756.0
1786406400,0.14055,0.14255,0.14044,0.14153,152435.0
1786420800,0.14144,0.14219,0.14024,0.14031,189280.0
1786435200,0.14031,0.14223,0.14018,0.14196,231830.0
1786449600,0.14196,0.14202,0.13722,0.13835,637002.0
1786464000,0.13807,0.13992,0.13789,0.13992,319196.0
1786478400,0.14001,0.14172,0.13998,0.14036,228996.0
1786492800,0.14017,0.14104,0.14006,0.14042,186994.0
1786507200,0.14031,0.14046,0.13816,0.13893,250185.0
1786521600,0.13888,0.14012,0.13853,0.13988,260156.0
1786536000,0.14001,0.14095,0.13828,0.13929,414830.0
1786550400,0.13927,0.14049,0.13905,0.13986,199538.0
1786564800,0.13992,0.14074,0.13282,0.13589,2363274.0
1786579200,0.13576,0.13813,0.1349,0.13764,429152.0
1786593600,0.13766,0.13944,0.13766,0.13839,282031.0
1786608000,0.1384,0.13957,0.1378,0.1391,164815.0
1786622400,0.13907,0.13991,0.13792,0.13792,159593.0
1786636800,0.13791,0.13796,0.1361,0.13681,320161.0
1786651200,0.13681,0.13743,0.1362,0.13699,184065.0
1786665600,0.13689,0.13763,0.13652,0.13677,148767.0
1786680000,0.1367,0.13757,0.1349,0.13541,288219.0
1786694400,0.13534,0.13632,0.13423,0.13453,146206.0
1786708800,0.13456,0.13683,0.13418,0.13683,174271.0
1786723200,0.13681,0.13788,0.13587,0.13658,183715.0
1786737600,0.13655,0.13853,0.13598,0.13849,163565.0
1786752000,0.13852,0.13965,0.13804,0.13884,291012.0
1786766400,0.13892,0.13909,0.13822,0.13827,191345.0
1786780800,0.13834,0.13864,0.13731,0.13733,207640.0
1786795200,0.1373,0.13782,0.1367,0.13757,248895.0
1786809600,0.13765,0.13812,0.13699,0.13745,147315.0
1786824000,0.13745,0.13751,0.13563,0.1361,193460.0
1786838400,0.13595,0.13651,0.13548,0.13611,126593.0
1786852800,0.13607,0.13719,0.13592,0.1371,69085.0
1786867200,0.1371,0.13741,0.13664,0.13707,102676.0
1786881600,0.1371,0.13824,0.13686,0.13802,234000.0
1786896000,0.13813,0.13857,0.13722,0.13723,91829.0
1786910400,0.13732,0.13736,0.13455,0.13574,347570.0
1786924800,0.13566,0.13829,0.13526,0.13748,496071.0
1786939200,0.13767,0.13776,0.13658,0.13736,118851.0
1786953600,0.13736,0.13748,0.13637,0.1366,252947.0
1786968000,0.13664,0.1386,0.13632,0.13843,216175.0
1786982400,0.13847,0.13889,0.13735,0.13798,220129.0
1786996800,0.13793,0.13911,0.13671,0.13765,189242.0
1787011200,0.13762,0.13806,0.13465,0.13486,363073.0
1787025600,0.13484,0.1368,0.13427,0.13649,219617.0
1787040000,0.13634,0.13691,0.13605,0.13646,189287.0
1787054400,0.13644,0.13749,0.13563,0.13706,361126.0
1787068800,0.13719,0.13744,0.13629,0.13666,150870.0
1787083200,0.13669,0.13684,0.13553,0.13625,284956.0
1787097600,0.13627,0.13697,0.13579,0.13671,224034.0
1787112000,0.13677,0.13683,0.13559,0.13644,206117.0
1787126400,0.1364,0.13715,0.13603,0.13701,265955.0
1787140800,0.13698,0.14349,0.13672,0.13994,1372164.0
1787155200,0.13999,0.14196,0.13955,0.14196,1105822.0
1787169600,0.1419,0.14846,0.1418,0.14655,3017789.0
1787184000,0.14661,0.14864,0.14486,0.14562,1449169.0
1787198400,0.14565,0.15102,0.1456,0.15056,1367775.0
1787212800,0.15052,0.15908,0.14974,0.15908,2477724.0
1787227200,0.15909,0.1608,0.15401,0.15919,4300610.0
1787241600,0.15926,0.16659,0.15767,0.16151,8019216.0
1787256000,0.1614,0.16857,0.1614,0.16455,2730737.0
1787270400,0.1645,0.1671,0.16333,0.16615,3271676.0
1787284800,0.16614,0.17593,0.16589,0.17566,3864671.0
1787299200,0.17545,0.18993,0.1716,0.18515,4631828.0
1787313600,0.18514,0.18741,0.17961,0.18382,3485877.0
1787328000,0.18396,0.19061,0.181,0.18727,6745636.0
1787342400,0.18731,0.20425,0.18613,0.19953,3449485.0
1787356800,0.19957,0.22552,0.1992,0.21834,9021179.0
1787371200,0.218,0.23151,0.1875,0.20393,13352604.0
1787385600,0.20408,0.20635,0.19451,0.20028,1992346.0
1787400000,0.20009,0.20363,0.19719,0.19879,2759841.0
1787414400,0.19871,0.20836,0.19853,0.20182,1105877.0
1787428800,0.20174,0.20297,0.19195,0.19602,2105127.0
1787443200,0.19642,0.2011,0.18986,0.19118,2235507.0
1787457600,0.19111,0.19321,0.18641,0.1912,852601.0
1787472000,0.19143,0.19863,0.19137,0.19812,996817.0
1787486400,0.19808,0.20259,0.19441,0.20002,1496761.0
1787500800,0.20001,0.20137,0.19834,0.19942,456335.0
1787515200,0.19932,0.20581,0.19836,0.2028,600759.0
1787529600,0.20268,0.20419,0.19497,0.19521,1126722.0
1787544000,0.1952,0.2004,0.1952,0.19646,826396.0
1787558400,0.19637,0.20338,0.19458,0.20254,590696.0
1787572800,0.20214,0.20528,0.19632,0.20118,889948.0
1787587200,0.20118,0.20563,0.19782,0.19905,470144.0
1787601600,0.19911,0.20187,0.19808,0.20182,288124.0
1787616000,0.20149,0.23117,0.20125,0.22463,3425079.0
1787630400,0.2245,0.23245,0.21163,0.21259,3829896.0
1787644800,0.21245,0.2138,0.20824,0.20895,846816.0
1787659200,0.20895,0.20895,0.19947,0.20243,2082797.0
1787673600,0.20218,0.20312,0.19486,0.19611,1151547.0
1787688000,0.19613,0.198,0.1902,0.1955,681460.0
1787702400,0.19561,0.20555,0.19438,0.20269,1673920.0
1787716800,0.20217,0.20227,0.19841,0.20035,1831928.0
1787731200,0.20036,0.20297,0.19923,0.20085,410414.0
1787745600,0.20074,0.2053,0.19574,0.19761,959924.0
1787760000,0.19786,0.20303,0.19558,0.19847,575253.0
1787774400,0.19837,0.21406,0.19667,0.21282,1978787.0
1787788800,0.21251,0.21655,0.20904,0.2122,2107518.0
1787803200,0.21221,0.2138,0.2078,0.21266,2570629.0
1787817600,0.2127,0.21657,0.20777,0.21052,660292.0
1787832000,0.21037,0.22508,0.209,0.22341,1523891.0
1787846400,0.22379,0.23741,0.21961,0.22304,2001293.0
1787860800,0.22264,0.22264,0.21549,0.21754,1042449.0
1787875200,0.21744,0.22296,0.21417,0.21643,1081345.0
1787889600,0.21631,0.21817,0.21368,0.21422,1078622.0
1787904000,0.21438,0.2182,0.21186,0.21719,225653.0
1787918400,0.21689,0.21987,0.20779,0.20786,1506850.0
1787932800,0.20799,0.20914,0.20017,0.20234,1330228.0
1787947200,0.20249,0.20543,0.20112,0.2045,281850.0
1787961600,0.20465,0.20499,0.20101,0.20118,224437.0
1787976000,0.20114,0.20301,0.20005,0.20055,161853.0
1787990400,0.20021,0.20107,0.19841,0.20048,369889.0
1788004800,0.20049,0.20421,0.19846,0.20125,369153.0
1788019200,0.20137,0.20582,0.19894,0.20258,1003103.0
1788033600,0.2026,0.20323,0.2012,0.20189,94802.0
1788048000,0.2018,0.20216,0.19896,0.19917,291263.0
1788062400,0.19916,0.2006,0.1986,0.19884,1221620.0
1788076800,0.19875,0.2008,0.19734,0.2008,587858.0
1788091200,0.2009,0.20282,0.19893,0.19982,246639.0
1788105600,0.19991,0.20499,0.19987,0.20091,314244.0
1788120000,0.20117,0.20135,0.18608,0.18965,1031652.0
1788134400,0.18928,0.19382,0.18876,0.19282,239591.0
1788148800,0.19281,0.19373,0.19042,0.19271,754001.0
1788163200,0.19267,0.19825,0.19154,0.19825,3527492.0
1788177600,0.19769,0.19944,0.19394,0.19643,321882.0
1788192000,0.19647,0.19844,0.19548,0.19665,144205.0
1788206400,0.1965,0.20031,0.1965,0.19714,1236648.0
1788220800,0.19727,0.19997,0.1951,0.19822,694601.0
1788235200,0.19816,0.20138,0.19733,0.19754,1187439.0
1788249600,0.19754,0.20241,0.19391,0.20085,343574.0
1788264000,0.20093,0.20317,0.1971,0.20067,351723.0
1788278400,0.20051,0.20068,0.19337,0.19793,838097.0
1788292800,0.1981,0.19899,0.19308,0.19371,5495407.0
1788307200,0.19375,0.20042,0.19029,0.19778,6018689.0
1788321600,0.19767,0.19994,0.19638,0.19638,315089.0
1788336000,0.19645,0.19674,0.19146,0.19387,864182.0
1788350400,0.19405,0.19943,0.19324,0.1982,901216.0
1788364800,0.19832,0.19982,0.19521,0.19738,428002.0
1788379200,0.19755,0.19931,0.19537,0.19927,272494.0
1788393600,0.19921,0.20212,0.19724,0.20006,317142.0
1788408000,0.20013,0.20334,0.19889,0.2005,200689.0
1788422400,0.20031,0.20215,0.19946,0.20151,123290.0
1788436800,0.20122,0.21168,0.19977,0.21167,541852.0
1788451200,0.21193,0.21789,0.2113,0.21424,511528.0
1788465600,0.21445,0.21871,0.21279,0.21488,404758.0
1788480000,0.21451,0.21852,0.21314,0.21371,234222.0
1788494400,0.21339,0.21624,0.2091,0.21032,327751.0
1788508800,0.21033,0.21318,0.20815,0.21068,234371.0
1788523200,0.21074,0.21074,0.19604,0.20071,1280647.0
1788537600,0.20054,0.20235,0.19884,0.20183,130996.0
1788552000,0.20181,0.20454,0.19913,0.20355,196044.0
1788566400,0.20359,0.20469,0.20181,0.20217,226779.0
1788580800,0.20226,0.20918,0.20206,0.20836,211311.0
1788595200,0.20838,0.21422,0.20746,0.21302,364460.0
1788609600,0.21319,0.21883,0.21208,0.21294,325855.0
1788624000,0.21313,0.21794,0.21226,0.21429,206901.0
1788638400,0.21432,0.21606,0.21228,0.2136,373529.0
1788652800,0.21369,0.21624,0.21279,0.2143,390813.0
1788667200,0.21428,0.21563,0.2086,0.2109,354834.0
1788681600,0.21079,0.21761,0.20993,0.21657,2962515.0
1788696000,0.21651,0.21669,0.20921,0.21345,624793.0
1788710400,0.21323,0.21727,0.21261,0.21484,459776.0
1788724800,0.21489,0.21819,0.21388,0.21702,433240.0
1788739200,0.21662,0.2225,0.2137,0.21423,664864.0
1788753600,0.21413,0.21802,0.21036,0.21278,236462.0
1788768000,0.21276,0.22188,0.21276,0.22102,340112.0
1788782400,0.2208,0.22608,0.21222,0.21276,2927640.0
1788796800,0.21289,0.21729,0.21275,0.21686,907011.0
1788811200,0.21711,0.21825,0.21321,0.21648,390765.0
1788825600,0.21621,0.22176,0.21567,0.21839,688578.0
1788840000,0.21829,0.21997,0.21544,0.21819,286562.0
1788854400,0.21769,0.2231,0.21681,0.21821,383092.0
1788868800,0.21779,0.22187,0.2117,0.22099,790561.0
1788883200,0.22114,0.222,0.21442,0.21557,871254.0
1788897600,0.21577,0.21661,0.21217,0.21226,207164.0
1788912000,0.2124,0.21418,0.20957,0.21072,183937.0
1788926400,0.21043,0.21789,0.21043,0.21755,520868.0
1788940800,0.21769,0.21961,0.21222,0.21532,173944.0
1788955200,0.21529,0.21687,0.20809,0.20936,256693.0
1788969600,0.20921,0.21504,0.20837,0.20845,1147994.0
1788984000,0.20863,0.21042,0.2024,0.20478,1321928.0
1788998400,0.20457,0.20495,0.19934,0.2031,663785.0
1789012800,0.2032,0.20343,0.19787,0.19907,1161792.0
1789027200,0.19903,0.19993,0.19745,0.19862,456754.0
1789041600,0.19858,0.2,0.19301,0.19447,954684.0
1789056000,0.19438,0.19571,0.19088,0.19362,286117.0
1789070400,0.19341,0.19519,0.18917,0.19004,132642.0
1789084800,0.19021,0.19317,0.19021,0.19261,302430.0
1789099200,0.19275,0.19424,0.19234,0.19283,188840.0
1789113600,0.1928,0.19442,0.18768,0.19077,207523.0
1789128000,0.19076,0.20336,0.18858,0.19535,1280124.0
1789142400,0.19572,0.19749,0.18812,0.19111,385397.0
1789156800,0.19116,0.19213,0.18829,0.19176,252719.0
1789171200,0.19158,0.19616,0.19147,0.19613,353490.0
1789185600,0.19613,0.19621,0.19374,0.19463,97895.0
1789200000,0.19469,0.19504,0.19276,0.19304,149884.0
1789214400,0.193,0.19365,0.19159,0.19227,478526.0
1789228800,0.19239,0.19337,0.19087,0.19129,643589.0
1789243200,0.19124,0.19186,0.18965,0.19075,209436.0
1789257600,0.19058,0.1909,0.18867,0.18883,390792.0
1789272000,0.18881,0.19064,0.18806,0.18819,241376.0
1789286400,0.18826,0.18876,0.18529,0.18712,1815287.0
1789300800,0.18724,0.1909,0.18667,0.18795,761813.0
1789315200,0.18831,0.19195,0.18829,0.19071,886587.0
1789329600,0.1909,0.19277,0.18613,0.18716,526500.0
1789344000,0.18715,0.19327,0.18595,0.19193,1794481.0
1789358400,0.19197,0.19377,0.19092,0.19201,162638.0
1789372800,0.19201,0.19355,0.18988,0.19075,331356.0
1789387200,0.1908,0.19191,0.18654,0.18988,447717.0
1789401600,0.18995,0.19426,0.18858,0.1917,378345.0
1789416000,0.1918,0.19556,0.18729,0.18738,985311.0
1789430400,0.18748,0.18803,0.18186,0.18257,2534829.0
1789444800,0.18266,0.18359,0.18006,0.1803,1648591.0
1789459200,0.18036,0.18049,0.17847,0.17981,1355362.0
1789473600,0.17971,0.18164,0.17495,0.17863,1026950.0
1789488000,0.17852,0.18309,0.17299,0.17851,2245671.0
1789502400,0.17839,0.1794,0.17524,0.17797,459490.0
1789516800,0.17818,0.17988,0.17581,0.17935,233484.0
1789531200,0.17929,0.18034,0.17736,0.17777,170199.0
1789545600,0.17763,0.17914,0.17654,0.17874,196251.0
1789560000,0.1787,0.17958,0.1763,0.17633,334705.0
1789574400,0.17638,0.18074,0.17447,0.17933,524975.0
1789588800,0.1793,0.18397,0.17909,0.18318,806084.0
1789603200,0.18317,0.18377,0.18127,0.1837,435127.0
1789617600,0.18366,0.1868,0.18241,0.18536,483823.0
1789632000,0.18551,0.18634,0.18336,0.18411,239909.0
1789646400,0.18432,0.18865,0.18234,0.18634,644328.0
1789660800,0.18637,0.18808,0.185,0.18572,867607.0
1789675200,0.18573,0.18728,0.1844,0.18653,178662.0
1789689600,0.18653,0.19329,0.1855,0.19318,422751.0
1789704000,0.19329,0.19423,0.19045,0.19376,307354.0
1789718400,0.19387,0.19517,0.19107,0.19288,431416.0
1789732800,0.1926,0.21003,0.1926,0.20922,2164187.0
1789747200,0.20932,0.21036,0.20345,0.20845,2763893.0
1789761600,0.20835,0.21555,0.20776,0.21471,1462246.0
1789776000,0.21487,0.21658,0.21008,0.2124,964455.0
1789790400,0.21246,0.2128,0.20335,0.20407,581940.0
1789804800,0.20416,0.21263,0.20382,0.21248,1812703.0
1789819200,0.21275,0.21412,0.2095,0.21075,976545.0
1789833600,0.21073,0.21828,0.21026,0.21362,3700729.0
1789848000,0.21368,0.21393,0.20731,0.21143,370733.0
1789862400,0.21124,0.21165,0.19778,0.20185,1469905.0
1789876800,0.20167,0.20197,0.19832,0.19833,596677.0
1789891200,0.19832,0.19947,0.19543,0.19697,3174869.0
1789905600,0.1969,0.20114,0.19405,0.20099,3342499.0
1789920000,0.2011,0.20646,0.20023,0.20286,3165708.0
1789934400,0.20306,0.20458,0.19941,0.20244,423821.0
1789948800,0.2026,0.20872,0.2002,0.20418,1442364.0
1789963200,0.20439,0.20456,0.20079,0.20324,659484.0
1789977600,0.20342,0.21911,0.20341,0.21611,1609633.0
1789992000,0.216,0.25056,0.21598,0.24743,8176983.0
1790006400,0.24725,0.24863,0.23015,0.23945,3444918.0
1790020800,0.23951,0.24828,0.23569,0.24551,2427279.0
1790035200,0.24543,0.25492,0.24367,0.25385,4816179.0
1790049600,0.25426,0.25932,0.23761,0.2484,15348911.0
1790064000,0.24887,0.26329,0.24689,0.25528,8122855.0
1790078400,0.25527,0.28026,0.253,0.26482,14663919.0
1790092800,0.26469,0.26469,0.25417,0.25874,3499047.0
1790107200,0.25826,0.25879,0.24572,0.25496,12689347.0
1790121600,0.25501,0.2561,0.24822,0.25487,3544302.0
1790136000,0.25466,0.26049,0.2474,0.25154,1835693.0
1790150400,0.25161,0.25406,0.24255,0.24442,4866733.0
1790164800,0.24454,0.24675,0.22441,0.22631,8340591.0
1790179200,0.22628,0.23098,0.22182,0.22932,13220498.0
1790193600,0.22968,0.23749,0.22803,0.23378,8025502.0
1790208000,0.23384,0.25323,0.23201,0.23769,9590560.0
1790222400,0.23766,0.24867,0.23631,0.23954,2622769.0
1790236800,0.23943,0.23953,0.22958,0.23328,4172602.0
1790251200,0.23324,0.24248,0.23214,0.2379,2949723.0
1790265600,0.2379,0.24111,0.23391,0.23947,2326472.0
1790280000,0.23966,0.24083,0.23549,0.23712,849742.0
1790294400,0.2372,0.24136,0.23492,0.23616,1837567.0
1790308800,0.23633,0.23818,0.23451,0.23646,266580.0
1790323200,0.23642,0.24609,0.23559,0.24295,1456588.0
1790337600,0.24303,0.24804,0.23778,0.242,871142.0
1790352000,0.24197,0.24832,0.24028,0.24749,379045.0
1790366400,0.24735,0.25557,0.24306,0.25397,1295703.0
1790380800,0.25396,0.25727,0.24672,0.24811,800953.0
1790395200,0.24801,0.25044,0.24385,0.24739,822727.0
1790409600,0.24729,0.25118,0.24438,0.25003,1624806.0
1790424000,0.25003,0.25643,0.24636,0.25288,915574.0
1790438400,0.25279,0.25397,0.246,0.24609,1030160.0
1790452800,0.24614,0.24704,0.24034,0.24567,474436.0
1790467200,0.24538,0.24553,0.24199,0.24199,467713.0
1790481600,0.24193,0.25095,0.24032,0.25095,633665.0
1790496000,0.25112,0.25146,0.24678,0.24903,486231.0
1790510400,0.24907,0.25259,0.24434,0.24843,967233.0
1790524800,0.24836,0.25028,0.245,0.24659,748493.0
1790539200,0.24676,0.24887,0.24053,0.24476,1077100.0
1790553600,0.24475,0.24708,0.23637,0.23734,1273993.0
1790568000,0.23764,0.23945,0.23073,0.23089,2185100.0
1790582400,0.23084,0.23411,0.22701,0.23088,2359994.0
1790596800,0.23071,0.2371,0.22381,0.22826,1271173.0
1790611200,0.22823,0.23515,0.22664,0.22789,1733268.0
1790625600,0.22803,0.23487,0.22694,0.23478,321854.0
1790640000,0.23472,0.23633,0.22485,0.23086,1587674.0
1790654400,0.23086,0.23974,0.22901,0.23927,453956.0
1790668800,0.2394,0.24193,0.23811,0.24145,717219.0
1790683200,0.24114,0.24481,0.23574,0.23689,1356045.0
1790697600,0.23712,0.24133,0.23226,0.23844,436941.0
1790712000,0.23837,0.24414,0.23794,0.24041,734445.0
1790726400,0.24061,0.2484,0.23924,0.24019,894362.0
1790740800,0.24001,0.24802,0.23996,0.24723,2641107.0
1790755200,0.24739,0.25768,0.24572,0.25477,1739080.0
1790769600,0.25468,0.26,0.25069,0.25504,1276014.0
1790784000,0.25507,0.25797,0.24509,0.24652,1319147.0
1790798400,0.24665,0.25074,0.24443,0.24916,620473.0
1790812800,0.24918,0.2526,0.24782,0.25191,295432.0
1790827200,0.25193,0.25211,0.24571,0.24695,670838.0
1790841600,0.24693,0.24902,0.2435,0.24902,2001721.0
1790856000,0.24906,0.25268,0.24387,0.24782,790263.0
1790870400,0.24797,0.26008,0.24632,0.25198,3197369.0
1790884800,0.25206,0.25319,0.24564,0.24961,283465.0
1790899200,0.24935,0.25768,0.24916,0.25753,351429.0
1790913600,0.25759,0.26903,0.25642,0.25868,2857266.0
1790928000,0.2586,0.26127,0.25352,0.25352,779457.0
1790942400,0.25343,0.2588,0.25217,0.25393,924203.0
1790956800,0.25428,0.25696,0.23428,0.23879,3113428.0
1790971200,0.23892,0.24997,0.23732,0.24947,1492072.0
1790985600,0.24931,0.25031,0.24428,0.24545,1444243.0
1791000000,0.24537,0.24707,0.24399,0.24438,186656.0
1791014400,0.24429,0.25101,0.24312,0.24807,338397.0
1791028800,0.24804,0.25506,0.2459,0.25403,1710789.0
1791043200,0.25406,0.25781,0.25221,0.25401,439241.0
1791057600,0.254,0.25534,0.25093,0.25141,152412.0
1791072000,0.25138,0.25381,0.24853,0.24896,173713.0
1791086400,0.24888,0.25062,0.24765,0.24889,146664.0
1791100800,0.24901,0.24974,0.24742,0.24838,160994.0
