t,o,h,l,c,v
1719100800,0.83761,0.87868,0.83738,0.87588,20332.0
1719115200,0.87547,0.88466,0.85398,0.85758,17445.4
1719129600,0.8583,0.86669,0.84829,0.85319,20387.4
1719144000,0.85293,0.85527,0.8249,0.82761,27603.8
1719158400,0.82815,0.83355,0.8167,0.8313,12492.2
1719172800,0.83198,0.8374,0.80777,0.8141,32742.2
1719187200,0.81412,0.83192,0.79626,0.80426,37522.6
1719201600,0.80523,0.80661,0.77596,0.78,34279.4
1719216000,0.78157,0.80516,0.74737,0.79696,72935.3
1719230400,0.79674,0.83548,0.79627,0.81888,54411.0
1719244800,0.81934,0.86366,0.817,0.8296,254401.3
1719259200,0.83467,0.86908,0.81947,0.86813,43345.5
1719273600,0.86756,0.87687,0.85691,0.87232,50458.4
1719288000,0.87159,0.87407,0.84829,0.84968,75226.8
1719302400,0.84967,0.86947,0.84285,0.86006,35298.2
1719316800,0.86013,0.87522,0.85384,0.87068,28177.2
1719331200,0.86953,0.87215,0.8558,0.86056,19975.4
1719345600,0.86057,0.86168,0.84839,0.85538,18379.5
1719360000,0.85828,0.86445,0.84464,0.85034,48891.8
1719374400,0.85099,0.85275,0.83775,0.84437,198006.1
1719388800,0.84436,0.84436,0.82946,0.83204,74030.9
1719403200,0.83112,0.84951,0.82596,0.829,41609.0
1719417600,0.83026,0.83181,0.81374,0.83139,19857.8
1719432000,0.83159,0.84245,0.82479,0.82654,76777.2
1719446400,0.8255,0.83269,0.81534,0.82501,41173.9
1719460800,0.82553,0.82947,0.80717,0.81112,26003.2
1719475200,0.81119,0.83666,0.80905,0.82763,30868.1
1719489600,0.82879,0.85942,0.8281,0.84563,48535.2
1719504000,0.84558,0.85494,0.83252,0.83887,15467.5
1719518400,0.8406,0.84375,0.83527,0.83687,14113.8
1719532800,0.83647,0.85411,0.82798,0.84031,17312.4
1719547200,0.83979,0.84131,0.83092,0.83556,18390.8
1719561600,0.83698,0.84738,0.83081,0.83774,19518.0
1719576000,0.83793,0.84962,0.82106,0.83154,81778.1
1719590400,0.83353,0.83353,0.80468,0.81014,18597.1
1719604800,0.81117,0.81423,0.79606,0.80313,14546.0
1719619200,0.80216,0.81795,0.79983,0.80804,62759.0
1719633600,0.80879,0.81587,0.80171,0.81101,19954.5
1719648000,0.81062,0.82489,0.80688,0.81643,15798.5
1719662400,0.81628,0.81923,0.80801,0.81571,14775.5
1719676800,0.81566,0.81566,0.79726,0.80361,15170.0
1719691200,0.8034,0.8034,0.78378,0.78858,11641.8
1719705600,0.78796,0.79515,0.77336,0.77687,11874.0
1719720000,0.77704,0.80665,0.77173,0.80112,24809.0
1719734400,0.80231,0.82177,0.78952,0.79145,27647.2
1719748800,0.79237,0.8331,0.79217,0.82789,39243.9
1719763200,0.82956,0.82956,0.80992,0.82689,26785.0
1719777600,0.82754,0.8507,0.816,0.84125,86886.4
1719792000,0.84212,0.867,0.83642,0.8501,102800.3
1719806400,0.8506,0.86467,0.84503,0.85034,46429.9
1719820800,0.8502,0.85771,0.83913,0.8411,23127.4
1719835200,0.84339,0.85253,0.83444,0.84241,20762.0
1719849600,0.84182,0.85515,0.84136,0.85305,25640.3
1719864000,0.85265,0.85737,0.8382,0.84096,23162.7
1719878400,0.84053,0.85425,0.83431,0.85292,68856.0
1719892800,0.85261,0.85734,0.84247,0.84558,45561.0
1719907200,0.84541,0.85153,0.83777,0.84482,105572.0
1719921600,0.84436,0.86363,0.8426,0.84606,100686.5
1719936000,0.84549,0.88062,0.83867,0.87831,22726.3
1719950400,0.87712,0.88021,0.86289,0.87586,45232.0
1719964800,0.87631,0.87934,0.82714,0.83495,41356.6
1719979200,0.83502,0.85893,0.83013,0.84988,32188.1
1719993600,0.84956,0.85085,0.81759,0.8341,43740.5
1720008000,0.83351,0.83351,0.81166,0.81908,35039.6
1720022400,0.81861,0.82294,0.79086,0.79212,70155.6
1720036800,0.79247,0.80339,0.78403,0.79763,50125.5
1720051200,0.79646,0.80601,0.74133,0.76959,397813.4
1720065600,0.76869,0.76995,0.73588,0.7383,29750.0
1720080000,0.73704,0.74899,0.72981,0.74165,43114.2
1720094400,0.7433,0.74472,0.71579,0.73057,44160.0
1720108800,0.72952,0.72952,0.70543,0.70842,20983.2
1720123200,0.70826,0.71968,0.67479,0.68009,86869.0
1720137600,0.68124,0.68124,0.57901,0.59046,280261.2
1720152000,0.59126,0.61999,0.57734,0.60513,145302.1
1720166400,0.60234,0.62563,0.58459,0.62104,60485.8
1720180800,0.61936,0.63365,0.61082,0.6294,129032.5
1720195200,0.62867,0.63874,0.62473,0.63323,43958.9
1720209600,0.63278,0.63546,0.62607,0.63214,25760.4
1720224000,0.63133,0.66642,0.63073,0.64604,138357.2
1720238400,0.64653,0.6609,0.63686,0.65646,115177.4
1720252800,0.65661,0.67874,0.65425,0.66795,139922.9
1720267200,0.66983,0.67636,0.66156,0.67396,57419.0
1720281600,0.67234,0.69431,0.66709,0.68861,52227.0
1720296000,0.68908,0.70746,0.68888,0.69728,25475.6
1720310400,0.69819,0.71015,0.68619,0.69319,87445.7
1720324800,0.6947,0.69612,0.67067,0.6768,72874.0
1720339200,0.67814,0.71893,0.67814,0.71859,30849.6
1720353600,0.71822,0.72118,0.67167,0.68279,82806.9
1720368000,0.68341,0.70193,0.68253,0.69016,50938.5
1720382400,0.69002,0.69141,0.65658,0.65814,142703.7
1720396800,0.65897,0.67835,0.62778,0.67525,255384.3
1720411200,0.67396,0.6817,0.662,0.67181,51245.5
1720425600,0.67252,0.70966,0.67116,0.70087,95991.0
1720440000,0.70015,0.70345,0.66097,0.66989,70944.2
1720454400,0.67103,0.67752,0.66402,0.67344,59684.1
1720468800,0.6741,0.67654,0.66529,0.66589,22132.8
1720483200,0.66611,0.68526,0.65743,0.66957,94498.3
1720497600,0.66974,0.68469,0.66544,0.67643,27061.8
1720512000,0.67721,0.68596,0.66072,0.66938,22693.5
1720526400,0.66846,0.66991,0.64614,0.65934,36529.2
1720540800,0.65933,0.66459,0.64747,0.65264,28404.5
1720555200,0.65215,0.66248,0.65143,0.66129,46528.8
1720569600,0.66033,0.6772,0.65231,0.67571,37052.3
1720584000,0.67605,0.70783,0.67383,0.69337,55288.1
1720598400,0.69585,0.69717,0.68646,0.68984,17183.9
1720612800,0.69007,0.70592,0.67948,0.70274,46994.3
1720627200,0.70307,0.70542,0.68576,0.6866,17141.9
1720641600,0.68714,0.68714,0.67766,0.68304,14567.7
1720656000,0.68232,0.70272,0.67721,0.6831,13004.5
1720670400,0.6829,0.69095,0.67959,0.68952,11462.4
1720684800,0.68959,0.69617,0.68306,0.69485,21586.1
1720699200,0.69497,0.70948,0.66554,0.66861,170955.9
1720713600,0.66974,0.67316,0.64804,0.64843,33704.2
1720728000,0.64729,0.64791,0.63178,0.63606,57369.0
1720742400,0.63794,0.64933,0.63023,0.63787,45547.7
1720756800,0.6387,0.63885,0.62745,0.62985,19029.0
1720771200,0.6305,0.63299,0.61406,0.619,41740.0
1720785600,0.61893,0.64009,0.61715,0.63889,47250.8
1720800000,0.63988,0.64563,0.63214,0.63493,25506.8
1720814400,0.6359,0.63622,0.62658,0.6351,23485.5
1720828800,0.63558,0.64289,0.63053,0.63586,33997.6
1720843200,0.63615,0.65719,0.63404,0.64788,68512.3
1720857600,0.64848,0.64993,0.63711,0.64065,31727.0
1720872000,0.64028,0.65011,0.63479,0.6494,60357.1
1720886400,0.64984,0.65088,0.63144,0.63957,32074.0
1720900800,0.63987,0.65851,0.63089,0.64571,24244.5
1720915200,0.64652,0.66012,0.64474,0.64985,29167.9
1720929600,0.6496,0.65856,0.64823,0.64868,16482.8
1720944000,0.64934,0.65174,0.64298,0.64403,20351.0
1720958400,0.64431,0.64596,0.63449,0.64451,67975.0
1720972800,0.6443,0.64731,0.64181,0.64189,59182.6
1720987200,0.64226,0.6667,0.64152,0.66033,52645.2
1721001600,0.66168,0.68402,0.65833,0.68033,33807.0
1721016000,0.6798,0.68656,0.67432,0.68293,63780.4
1721030400,0.68261,0.68666,0.67223,0.67366,54629.8
1721044800,0.6732,0.68528,0.6732,0.67863,71721.7
1721059200,0.67942,0.69531,0.67567,0.68991,82050.2
1721073600,0.68998,0.72118,0.68998,0.71155,83848.8
1721088000,0.71155,0.73008,0.70481,0.72061,103005.5
1721102400,0.7204,0.72244,0.68168,0.68286,72423.0
1721116800,0.68359,0.6911,0.67019,0.68636,19052.5
1721131200,0.68623,0.74464,0.68219,0.7335,97517.0
1721145600,0.73761,0.74966,0.72512,0.73616,126173.9
1721160000,0.73651,0.73818,0.72152,0.72886,29649.8
1721174400,0.72934,0.75635,0.72934,0.74134,69726.5
1721188800,0.74232,0.75429,0.73478,0.7502,23296.0
1721203200,0.7505,0.76979,0.73539,0.7467,66575.5
1721217600,0.74462,0.75832,0.73741,0.74065,33696.1
1721232000,0.73882,0.74096,0.71351,0.73647,48971.4
1721246400,0.73646,0.74139,0.71552,0.71756,26232.1
1721260800,0.71767,0.73733,0.71767,0.73176,33247.2
1721275200,0.7323,0.7588,0.71815,0.73386,64430.7
1721289600,0.73235,0.76553,0.73141,0.75161,60691.5
1721304000,0.75221,0.75474,0.70862,0.70862,27268.5
1721318400,0.71122,0.72099,0.69975,0.70609,22505.2
1721332800,0.70587,0.72604,0.70116,0.72336,25200.7
1721347200,0.7302,0.7302,0.70705,0.728,45335.8
1721361600,0.72937,0.74081,0.71796,0.72165,28508.7
1721376000,0.72102,0.72452,0.70954,0.71536,26946.4
1721390400,0.71599,0.73852,0.71251,0.73604,45238.3
1721404800,0.73681,0.75091,0.73681,0.74613,31776.8
1721419200,0.74459,0.75776,0.74351,0.75264,27177.1
1721433600,0.75241,0.75725,0.73869,0.75296,53889.0
1721448000,0.75354,0.76916,0.75256,0.76507,42681.8
1721462400,0.76573,0.76882,0.75094,0.7518,24729.2
1721476800,0.75193,0.77489,0.73994,0.76862,39264.4
1721491200,0.76856,0.77642,0.75713,0.76925,32835.7
1721505600,0.76886,0.77432,0.76092,0.7741,27124.1
1721520000,0.77442,0.78226,0.75991,0.76747,42427.7
1721534400,0.76727,0.77177,0.74889,0.75432,20991.2
1721548800,0.75401,0.75896,0.74962,0.75315,15076.7
1721563200,0.75335,0.76067,0.74574,0.75623,35190.7
1721577600,0.75546,0.75917,0.71577,0.74475,38416.4
1721592000,0.74566,0.77987,0.74473,0.77749,36545.4
1721606400,0.77399,0.77561,0.75792,0.76266,26392.8
1721620800,0.76183,0.77264,0.73235,0.73659,39122.9
1721635200,0.73687,0.74997,0.73029,0.74819,31325.5
1721649600,0.74893,0.75583,0.73131,0.7366,33468.9
1721664000,0.73573,0.74315,0.73469,0.74066,87731.4
1721678400,0.74167,0.74167,0.71214,0.72005,88929.6
1721692800,0.71972,0.72472,0.70258,0.71365,73617.9
1721707200,0.71294,0.71594,0.68154,0.68806,78725.3
1721721600,0.68811,0.707,0.68811,0.69962,67171.9
1721736000,0.69948,0.7012,0.67982,0.6858,186898.5
1721750400,0.68535,0.68637,0.66212,0.6678,48032.1
1721764800,0.66817,0.67688,0.665,0.67235,22291.4
1721779200,0.67157,0.67465,0.6595,0.66955,47624.5
1721793600,0.6703,0.67282,0.65839,0.67083,36485.9
1721808000,0.67154,0.68299,0.67076,0.67678,42015.0
1721822400,0.677,0.68867,0.67102,0.67205,85838.8
1721836800,0.67194,0.67545,0.66155,0.66331,94013.6
1721851200,0.66406,0.66636,0.64325,0.65005,102784.0
1721865600,0.65053,0.65458,0.61656,0.62018,103296.2
1721880000,0.61988,0.63102,0.61733,0.62146,140162.6
1721894400,0.62196,0.62759,0.60853,0.61259,35007.9
1721908800,0.61182,0.61824,0.6013,0.61001,34723.4
1721923200,0.6097,0.6159,0.58974,0.60039,78483.9
1721937600,0.60109,0.61666,0.58846,0.61489,49230.1
1721952000,0.61505,0.62557,0.60856,0.62387,90167.5
1721966400,0.62367,0.63537,0.62331,0.62995,80693.6
1721980800,0.6306,0.63603,0.6264,0.62994,34706.9
1721995200,0.63058,0.63857,0.62699,0.63663,57387.5
1722009600,0.63726,0.643,0.6343,0.6402,15207.3
1722024000,0.6404,0.64564,0.63317,0.64382,33443.5
1722038400,0.6441,0.64881,0.63322,0.63946,49716.8
1722052800,0.64046,0.6611,0.64046,0.65712,69093.5
1722067200,0.65632,0.66014,0.64557,0.65029,39029.2
1722081600,0.65197,0.66022,0.63628,0.64164,82604.3
1722096000,0.64171,0.64566,0.63076,0.64138,56045.1
1722110400,0.64062,0.65916,0.62666,0.63912,119852.7
1722124800,0.63912,0.64193,0.63022,0.6316,47936.0
1722139200,0.6321,0.63228,0.6113,0.61761,139815.5
1722153600,0.61808,0.62299,0.61527,0.62067,82909.1
1722168000,0.62118,0.62221,0.60486,0.60636,62538.3
1722182400,0.60689,0.60967,0.60228,0.60297,88110.2
1722196800,0.60332,0.60492,0.59652,0.60356,102153.2
1722211200,0.60394,0.62399,0.60203,0.61535,156108.2
1722225600,0.61569,0.62141,0.61376,0.61633,73356.5
1722240000,0.6166,0.62488,0.61615,0.61824,160131.2
1722254400,0.61843,0.62089,0.59165,0.59704,41501.2
1722268800,0.597,0.60116,0.58852,0.59951,132679.0
1722283200,0.60004,0.60037,0.588,0.58876,128607.1
1722297600,0.58888,0.59963,0.5792,0.59643,108314.4
1722312000,0.59748,0.59926,0.58909,0.59329,170828.9
1722326400,0.59271,0.59418,0.5779,0.58209,185282.6
1722340800,0.58208,0.58415,0.57027,0.57782,79065.7
1722355200,0.57773,0.58442,0.55978,0.5641,103466.4
1722369600,0.56424,0.56593,0.55445,0.56426,96850.1
1722384000,0.56435,0.56968,0.55933,0.56184,77373.5
1722398400,0.56144,0.56735,0.54943,0.55982,60244.2
1722412800,0.55998,0.56299,0.555,0.55591,78220.0
1722427200,0.55657,0.57215,0.55512,0.55816,339080.7
1722441600,0.55835,0.56654,0.54512,0.54893,441066.6
1722456000,0.54738,0.54886,0.53569,0.53722,290721.5
1722470400,0.53685,0.53834,0.52432,0.52806,155665.8
1722484800,0.52859,0.53144,0.50692,0.50961,190276.7
1722499200,0.50964,0.53509,0.5063,0.52417,395359.7
1722513600,0.52456,0.53038,0.50084,0.50575,192323.0
1722528000,0.5039,0.5043,0.47747,0.48989,327569.0
1722542400,0.48961,0.51379,0.48437,0.50771,147735.5
1722556800,0.5084,0.51268,0.48945,0.50084,78556.4
1722571200,0.50108,0.50293,0.48176,0.49032,165167.0
1722585600,0.49022,0.51058,0.485,0.50443,121124.0
1722600000,0.50651,0.51177,0.47277,0.48773,175681.1
1722614400,0.48769,0.48938,0.47201,0.47767,76235.0
1722628800,0.47719,0.47966,0.46013,0.46526,106622.8
1722643200,0.46501,0.46868,0.4407,0.46507,249854.6
1722657600,0.46608,0.5,0.46581,0.49721,261819.7
1722672000,0.49655,0.49862,0.47103,0.47103,118088.4
1722686400,0.47211,0.47653,0.45841,0.45841,87188.4
1722700800,0.45824,0.46035,0.4347,0.43573,191196.6
1722715200,0.4353,0.44864,0.43303,0.44027,123800.3
1722729600,0.44022,0.4522,0.4372,0.44446,53699.4
1722744000,0.44489,0.46,0.44307,0.44844,78541.1
1722758400,0.44923,0.4687,0.44434,0.45591,85086.0
1722772800,0.45765,0.46455,0.4367,0.43792,77821.1
1722787200,0.43735,0.4538,0.42091,0.45071,255739.3
1722801600,0.45097,0.45687,0.43601,0.43601,132144.4
1722816000,0.43649,0.44039,0.37101,0.39126,605508.6
1722830400,0.38924,0.39883,0.348,0.37811,440389.7
1722844800,0.37739,0.37861,0.34198,0.35638,151661.1
1722859200,0.35537,0.38791,0.3418,0.38485,598108.0
1722873600,0.38444,0.39399,0.36961,0.37579,491411.1
1722888000,0.37598,0.38712,0.37528,0.37851,213958.4
1722902400,0.37889,0.42139,0.37871,0.41888,283425.9
1722916800,0.41861,0.45213,0.41627,0.43759,260565.1
1722931200,0.43845,0.43845,0.41136,0.41488,176382.3
1722945600,0.41573,0.43086,0.4089,0.42364,105170.0
1722960000,0.42347,0.42753,0.4162,0.41805,97447.0
1722974400,0.41754,0.4229,0.41177,0.41296,146325.1
1722988800,0.41152,0.42513,0.40711,0.42288,160507.6
1723003200,0.42259,0.42943,0.41832,0.42222,107329.3
1723017600,0.4223,0.42569,0.41249,0.41249,57141.6
1723032000,0.4136,0.41867,0.3967,0.40688,274647.0
1723046400,0.40876,0.41006,0.39698,0.39955,127454.1
1723060800,0.40083,0.40319,0.38995,0.39682,70077.5
1723075200,0.39712,0.42571,0.38744,0.416,138711.6
1723089600,0.41647,0.44878,0.4163,0.44785,268292.1
1723104000,0.44657,0.46678,0.4318,0.45296,395826.2
1723118400,0.45216,0.47285,0.44181,0.45734,500084.4
1723132800,0.45892,0.47089,0.455,0.45649,208230.6
1723147200,0.45798,0.52059,0.455,0.4883,1334606.8999999999
1723161600,0.48891,0.49995,0.48013,0.48494,217260.4
1723176000,0.4851,0.53555,0.47875,0.51613,425013.7
1723190400,0.5157,0.55149,0.50959,0.54027,924351.8
1723204800,0.5389,0.5389,0.4898,0.49,341747.1
1723219200,0.49118,0.50006,0.48235,0.48735,216670.1
1723233600,0.48852,0.51476,0.48706,0.51056,211407.4
1723248000,0.51061,0.54484,0.50809,0.52049,528734.4
1723262400,0.52106,0.58465,0.52106,0.54506,982691.9
1723276800,0.5456,0.62418,0.53429,0.62418,1236030.7
1723291200,0.62112,0.66211,0.60571,0.65575,1092172.7
1723305600,0.65509,0.69499,0.65246,0.6838,2849384.5
1723320000,0.68424,0.71092,0.67471,0.70558,1097615.3999999999
1723334400,0.70466,0.73359,0.69275,0.71247,3485357.6000000001
1723348800,0.71284,0.71689,0.69835,0.71224,1087350.3999999999
1723363200,0.71236,0.71622,0.66992,0.69646,2163094.6000000001
1723377600,0.69995,0.72536,0.67945,0.69574,1252305.0
1723392000,0.69704,0.7033,0.6631,0.67312,843260.1
1723406400,0.6732,0.675,0.64389,0.65227,696698.8
1723420800,0.65159,0.7399,0.63761,0.73428,1406100.5
1723435200,0.73204,0.73204,0.66441,0.68862,831346.1
1723449600,0.69209,0.71436,0.67115,0.67987,549866.2
1723464000,0.67992,0.70455,0.64822,0.67254,826121.7
1723478400,0.67085,0.68296,0.63292,0.63937,398935.1
1723492800,0.63919,0.65529,0.63605,0.65455,283700.7
1723507200,0.6552,0.66907,0.6168,0.6212,753192.6
1723521600,0.62012,0.65818,0.61488,0.64697,305336.3
1723536000,0.64566,0.67891,0.63876,0.67393,738468.4
1723550400,0.67681,0.70874,0.62961,0.63744,492780.2
1723564800,0.63718,0.65873,0.62,0.62611,369103.7
1723579200,0.62554,0.66166,0.62546,0.65871,192253.4
1723593600,0.65496,0.65894,0.633,0.63468,173139.4
1723608000,0.63419,0.64085,0.61694,0.63201,313619.9
1723622400,0.63369,0.63671,0.61963,0.62506,411711.0
1723636800,0.6246,0.63056,0.60692,0.62026,408689.4
1723651200,0.62023,0.6218,0.60791,0.61068,156403.3
1723665600,0.60992,0.62519,0.60207,0.62264,131645.5
1723680000,0.62073,0.62578,0.59894,0.61352,220804.9
1723694400,0.61506,0.62046,0.60174,0.60661,104802.2
1723708800,0.60601,0.61094,0.60027,0.60828,120295.5
1723723200,0.60773,0.61699,0.59697,0.59697,305292.5
1723737600,0.59667,0.60621,0.56149,0.5725,283661.9
1723752000,0.57285,0.5798,0.56966,0.56966,242253.1
1723766400,0.5688,0.57339,0.55478,0.55551,62622.5
1723780800,0.55575,0.56723,0.55197,0.56083,146712.7
1723795200,0.56034,0.56384,0.54548,0.54613,110540.7
1723809600,0.54595,0.55027,0.53005,0.54063,208766.5
1723824000,0.54092,0.56057,0.53437,0.55412,196139.7
1723838400,0.55437,0.55807,0.54515,0.55017,106571.2
1723852800,0.55005,0.57156,0.5446,0.56614,255122.7
1723867200,0.56646,0.57019,0.5468,0.55295,215810.2
1723881600,0.55206,0.55666,0.54104,0.54692,92592.2
1723896000,0.54759,0.5614,0.54652,0.55344,98028.3
1723910400,0.5533,0.56174,0.55196,0.55738,152605.6
1723924800,0.55827,0.55994,0.55172,0.55679,38791.7
1723939200,0.55707,0.55707,0.54401,0.54421,91597.7
1723953600,0.54479,0.54708,0.54081,0.54363,74438.8
1723968000,0.54349,0.54735,0.53729,0.54361,198594.7
1723982400,0.54253,0.55017,0.53966,0.54779,111906.5
1723996800,0.5476,0.55278,0.53228,0.54957,199677.2
1724011200,0.54955,0.5527,0.52395,0.5245,134528.3
1724025600,0.5233,0.5233,0.50349,0.51441,206762.6
1724040000,0.51394,0.52015,0.50605,0.51775,242455.5
1724054400,0.51833,0.53132,0.51389,0.52826,183581.1
1724068800,0.52872,0.53773,0.5215,0.52853,173915.7
1724083200,0.52719,0.54078,0.51985,0.5315,179828.7
1724097600,0.5314,0.5354,0.52909,0.53276,140695.7
1724112000,0.53301,0.53734,0.52494,0.52554,130616.4
1724126400,0.52601,0.53765,0.52565,0.5325,230226.5
1724140800,0.53294,0.53339,0.52458,0.52483,182247.6
1724155200,0.52526,0.52811,0.50713,0.51546,119423.1
1724169600,0.51462,0.52457,0.51039,0.51979,134557.9
1724184000,0.51996,0.52244,0.51553,0.51701,70620.1
1724198400,0.51701,0.5192,0.50011,0.50237,134697.9
1724212800,0.50365,0.51418,0.50208,0.51289,67510.7
1724227200,0.5128,0.51369,0.50027,0.50262,59172.3
1724241600,0.50295,0.51426,0.49619,0.50325,71918.1
1724256000,0.50314,0.51899,0.50137,0.51899,277332.3
1724270400,0.51931,0.52781,0.51632,0.52144,370601.2
1724284800,0.52162,0.54191,0.5155,0.53967,296671.8
1724299200,0.54056,0.54803,0.53281,0.53547,159044.2
1724313600,0.5353,0.56034,0.53513,0.5544,302103.2
1724328000,0.55491,0.555,0.53315,0.53652,114542.9
1724342400,0.53661,0.54026,0.53528,0.5355,49382.0
1724356800,0.53687,0.54068,0.53685,0.53859,239144.1
1724371200,0.53891,0.56313,0.53882,0.5547,347925.0
1724385600,0.5547,0.566,0.55433,0.55667,176625.7
1724400000,0.5568,0.56008,0.54877,0.54884,68007.2
1724414400,0.5499,0.56526,0.54684,0.56426,299295.4
1724428800,0.56376,0.58608,0.56176,0.57827,301890.1
1724443200,0.57868,0.62128,0.57868,0.61216,277977.8
1724457600,0.61423,0.63721,0.61267,0.61307,235699.1
1724472000,0.613,0.62944,0.613,0.62395,546654.2
1724486400,0.62272,0.62791,0.61092,0.61633,239685.2
1724500800,0.61709,0.62901,0.61614,0.62277,90255.8
1724515200,0.62277,0.63688,0.61748,0.63062,255414.0
1724529600,0.62973,0.63188,0.60659,0.61902,573179.5
1724544000,0.61916,0.61954,0.58552,0.59553,251802.8
1724558400,0.59553,0.60303,0.57778,0.58226,636121.8
1724572800,0.58258,0.5924,0.57906,0.58598,307673.2
1724587200,0.58532,0.59329,0.58401,0.58694,155191.3
1724601600,0.58624,0.5902,0.57985,0.58332,90717.5
1724616000,0.58369,0.59228,0.57812,0.58209,375168.2
1724630400,0.58243,0.58466,0.55974,0.56835,1097030.2
1724644800,0.56834,0.56955,0.55251,0.55716,525565.7
1724659200,0.55738,0.56112,0.55211,0.55589,67925.7
1724673600,0.55556,0.55556,0.53993,0.54482,329331.8
1724688000,0.54435,0.54669,0.52701,0.53334,225954.3
1724702400,0.5333,0.54,0.53013,0.53558,252169.4
1724716800,0.53476,0.54945,0.53476,0.54304,94100.2
1724731200,0.54282,0.54745,0.53908,0.5405,144487.1
1724745600,0.54101,0.54209,0.5234,0.52797,143060.5
1724760000,0.52726,0.53384,0.52146,0.52931,138498.8
1724774400,0.52785,0.53412,0.5252,0.52703,33214.8
1724788800,0.52717,0.52717,0.48366,0.49489,406766.0
1724803200,0.49393,0.4982,0.48793,0.49783,77837.9
1724817600,0.49767,0.49787,0.48408,0.48408,47242.7
1724832000,0.4853,0.5052,0.48248,0.5003,73283.6
1724846400,0.50064,0.50458,0.47682,0.48207,817781.2
1724860800,0.47994,0.49285,0.46161,0.48362,1106791.2
1724875200,0.48403,0.4922,0.4744,0.48153,318911.9
1724889600,0.4815,0.49677,0.4815,0.49511,182355.6
1724904000,0.49429,0.50588,0.49127,0.50267,159060.7
1724918400,0.50236,0.51598,0.501,0.50863,138885.3
1724932800,0.50769,0.51404,0.50574,0.51099,385496.7
1724947200,0.51129,0.51529,0.48384,0.49216,785521.1
1724961600,0.49117,0.49506,0.48646,0.49377,411830.7
1724976000,0.49347,0.49773,0.48406,0.4861,175705.2
1724990400,0.48657,0.49481,0.48214,0.48975,24322.5
1725004800,0.48965,0.49678,0.48928,0.4905,88210.2
1725019200,0.49092,0.49704,0.46227,0.46407,201614.3
1725033600,0.46481,0.49449,0.46405,0.48626,707149.2
1725048000,0.48723,0.49184,0.48421,0.49058,440434.4
1725062400,0.49079,0.49512,0.48892,0.49205,136940.2
1725076800,0.49252,0.49453,0.48838,0.48974,27206.4
1725091200,0.48953,0.49023,0.47968,0.48614,109782.2
1725105600,0.48613,0.48631,0.47312,0.47563,300332.2
1725120000,0.4755,0.47594,0.46634,0.47028,528605.8
1725134400,0.4704,0.47596,0.46914,0.47235,146656.0
1725148800,0.47256,0.47505,0.45629,0.46337,84451.9
1725163200,0.46349,0.47044,0.45723,0.46923,48477.9
1725177600,0.46963,0.47055,0.45721,0.46161,64964.0
1725192000,0.46157,0.46519,0.45052,0.46233,600221.2
1725206400,0.46303,0.46723,0.45023,0.4625,70803.1
1725220800,0.46206,0.46529,0.44018,0.44094,64956.4
1725235200,0.44102,0.45546,0.43978,0.44959,126967.2
1725249600,0.44955,0.4507,0.43597,0.43715,176019.4
1725264000,0.43751,0.46235,0.43751,0.45672,335314.3
1725278400,0.45664,0.46072,0.44928,0.45718,136743.8
1725292800,0.45695,0.46008,0.45331,0.45492,138634.2
1725307200,0.45513,0.47344,0.45395,0.46542,247675.7
1725321600,0.46524,0.47229,0.46155,0.46378,400363.6
1725336000,0.46446,0.46559,0.45942,0.46488,92170.7
1725350400,0.46465,0.46524,0.45462,0.45674,81166.3
1725364800,0.45704,0.46004,0.43148,0.43527,351843.6
1725379200,0.43451,0.43914,0.43032,0.43153,178682.1
1725393600,0.43189,0.43404,0.42362,0.42434,91294.3
1725408000,0.42456,0.42958,0.40212,0.4206,484721.5
1725422400,0.42049,0.43722,0.41639,0.43707,156871.2
1725436800,0.43647,0.447,0.43061,0.43372,345804.7
1725451200,0.43415,0.44598,0.42568,0.44578,151047.3
1725465600,0.44641,0.45941,0.44258,0.44687,103899.4
1725480000,0.44658,0.45202,0.44446,0.44546,45155.1
1725494400,0.44602,0.45278,0.43482,0.43486,95026.2
1725508800,0.43498,0.44264,0.4343,0.44074,33550.6
1725523200,0.44094,0.44303,0.43487,0.43917,31570.7
1725537600,0.43919,0.44468,0.42894,0.43253,648151.8
1725552000,0.43244,0.44538,0.42959,0.43301,197917.0
1725566400,0.43335,0.43923,0.43198,0.43405,37963.6
1725580800,0.43382,0.44244,0.4301,0.43797,79135.3
1725595200,0.43823,0.43986,0.42736,0.4306,52915.4
1725609600,0.43087,0.44001,0.43041,0.43638,56571.0
1725624000,0.437,0.45347,0.4315,0.43868,1464414.8
1725638400,0.43876,0.43876,0.4189,0.42256,147728.7
1725652800,0.42149,0.42383,0.40552,0.42165,250150.8
1725667200,0.42159,0.4348,0.42103,0.4268,462925.9
1725681600,0.42722,0.46097,0.42722,0.45823,549531.4
1725696000,0.45853,0.46293,0.45083,0.45374,248941.1
1725710400,0.4547,0.45729,0.45241,0.45348,73018.6
1725724800,0.45335,0.456,0.44152,0.45412,79756.3
1725739200,0.45433,0.45487,0.44556,0.4484,80376.1
1725753600,0.44891,0.45813,0.44438,0.45775,345364.8
1725768000,0.45775,0.46302,0.4565,0.46231,92444.5
1725782400,0.46173,0.4734,0.45803,0.45859,109189.7
1725796800,0.45801,0.45957,0.44605,0.44605,83294.6
1725811200,0.4463,0.45582,0.4456,0.44959,246262.2
1725825600,0.45029,0.46535,0.44981,0.45968,138641.5
1725840000,0.45966,0.46357,0.45085,0.45456,58387.2
1725854400,0.45416,0.45657,0.4491,0.45591,32926.1
1725868800,0.45584,0.4619,0.45548,0.4567,76543.5
1725883200,0.45711,0.46045,0.45201,0.45937,214675.9
1725897600,0.46011,0.4748,0.46011,0.47421,237498.3
1725912000,0.4745,0.48083,0.47033,0.47181,224539.4
1725926400,0.47193,0.47193,0.46107,0.46163,28181.5
1725940800,0.46183,0.46998,0.46066,0.46911,220000.9
1725955200,0.46898,0.4716,0.46553,0.47016,24072.7
1725969600,0.46985,0.47303,0.46115,0.46286,412494.6
1725984000,0.46372,0.48037,0.46339,0.47537,500930.8
1725998400,0.47463,0.47573,0.47156,0.4718,42231.0
1726012800,0.47151,0.47178,0.45411,0.45552,50267.0
1726027200,0.45587,0.45634,0.4479,0.45634,25238.6
1726041600,0.45592,0.45618,0.44888,0.45225,21750.7
1726056000,0.45178,0.46084,0.44309,0.45178,166103.2
1726070400,0.45314,0.46683,0.45314,0.4591,80038.9
1726084800,0.45873,0.46169,0.45737,0.45764,48541.4
1726099200,0.45754,0.47182,0.45637,0.47101,145291.4
1726113600,0.47078,0.48017,0.46822,0.47712,150189.6
1726128000,0.47651,0.48204,0.47228,0.47295,97161.8
1726142400,0.47303,0.47717,0.46497,0.46795,81995.3
1726156800,0.46824,0.47713,0.46824,0.47708,58718.8
1726171200,0.47692,0.48251,0.47243,0.48031,40860.3
1726185600,0.48031,0.49687,0.47867,0.49132,91638.9
1726200000,0.49167,0.49595,0.48561,0.49041,198908.0
1726214400,0.49032,0.49053,0.47652,0.47652,41564.1
1726228800,0.47836,0.491,0.47362,0.48889,60057.5
1726243200,0.48933,0.49271,0.48452,0.48898,37702.2
1726257600,0.48891,0.49453,0.48731,0.49163,61664.4
1726272000,0.49228,0.49776,0.48762,0.49288,74733.6
1726286400,0.49314,0.49343,0.48187,0.48564,46793.2
1726300800,0.4856,0.48674,0.47574,0.47757,21609.5
1726315200,0.47749,0.48266,0.4771,0.47989,16428.3
1726329600,0.48028,0.4827,0.47125,0.47329,37950.3
1726344000,0.47389,0.48002,0.47286,0.47894,28602.4
1726358400,0.4797,0.52923,0.47889,0.51505,401064.5
1726372800,0.51445,0.55418,0.50897,0.54252,359040.3
1726387200,0.54492,0.56142,0.52517,0.53896,761619.6
1726401600,0.54072,0.56311,0.53344,0.54978,461409.7
1726416000,0.54872,0.55824,0.53883,0.55,684361.3
1726430400,0.54991,0.55816,0.53248,0.54061,342009.9
1726444800,0.54029,0.57316,0.51657,0.53693,2191210.2999999998
1726459200,0.53682,0.54367,0.52433,0.52974,705861.3
1726473600,0.52872,0.53251,0.51682,0.52693,341166.9
1726488000,0.52783,0.52863,0.50602,0.50916,346582.5
1726502400,0.5081,0.51168,0.50315,0.50335,212264.0
1726516800,0.503,0.51806,0.49849,0.51261,231044.5
1726531200,0.51335,0.51335,0.48799,0.49979,156236.5
1726545600,0.50013,0.54303,0.49957,0.54192,638287.4
1726560000,0.54044,0.54208,0.51379,0.51379,130363.0
1726574400,0.5142,0.52809,0.50768,0.52662,227040.2
1726588800,0.52651,0.52856,0.50989,0.51446,61607.9
1726603200,0.51451,0.527,0.51439,0.52364,68585.3
1726617600,0.5192,0.57369,0.50936,0.5678,638389.6
1726632000,0.56578,0.611,0.51796,0.57218,920149.7
1726646400,0.57181,0.61181,0.55581,0.57224,1264649.8
1726660800,0.57214,0.60299,0.56455,0.56999,516039.2
1726675200,0.57078,0.64488,0.56596,0.63338,2554908.5
1726689600,0.63479,0.71196,0.63369,0.70806,1165006.8
1726704000,0.7119,0.74484,0.68815,0.73654,1019717.8
1726718400,0.73725,0.73725,0.69619,0.69706,510670.6
1726732800,0.69462,0.71592,0.67482,0.7028,320373.8
1726747200,0.70312,0.70471,0.67503,0.68633,531117.3
1726761600,0.68707,0.68943,0.67556,0.67791,213676.6
1726776000,0.68021,0.68872,0.67806,0.68206,134543.3
1726790400,0.68335,0.68335,0.64578,0.6548,435791.2
1726804800,0.65317,0.65777,0.63575,0.63854,496699.2
1726819200,0.63841,0.64517,0.61607,0.62312,178751.5
1726833600,0.62257,0.63298,0.61042,0.63298,769375.6
1726848000,0.63305,0.63608,0.6124,0.61894,197615.1
1726862400,0.62099,0.63038,0.61614,0.62156,397816.7
1726876800,0.62177,0.62177,0.58377,0.58415,440939.7
1726891200,0.58429,0.59581,0.57675,0.59114,207019.5
1726905600,0.59081,0.59424,0.58055,0.58763,169790.5
1726920000,0.58731,0.60607,0.58587,0.6,292353.9
1726934400,0.60033,0.61197,0.59835,0.60318,109571.0
1726948800,0.60263,0.60624,0.59753,0.60301,125815.4
1726963200,0.60143,0.67251,0.59563,0.65069,822278.6
1726977600,0.65057,0.66818,0.64222,0.65631,601242.1
1726992000,0.65645,0.68897,0.64244,0.64904,480694.9
1727006400,0.64767,0.65879,0.62121,0.62988,446660.8
1727020800,0.62989,0.64365,0.62275,0.62932,210217.3
1727035200,0.62975,0.63305,0.60158,0.62922,172839.3
1727049600,0.63023,0.67108,0.60937,0.65936,1236988.6000000001
1727064000,0.66025,0.74722,0.66025,0.70321,1365119.7
1727078400,0.70451,0.71949,0.67351,0.67872,466603.3
1727092800,0.67969,0.69074,0.65529,0.6566,640780.6
1727107200,0.65536,0.66545,0.6507,0.66357,465082.0
1727121600,0.66404,0.67326,0.65528,0.65751,115803.3
1727136000,0.65877,0.70302,0.65673,0.68785,1002205.2
1727150400,0.68714,0.69237,0.67272,0.68782,231255.4
1727164800,0.68832,0.69766,0.66952,0.67611,881240.3
1727179200,0.67636,0.68041,0.65712,0.66709,603843.9
1727193600,0.66711,0.68537,0.66679,0.68334,198666.8
1727208000,0.68327,0.6866,0.67249,0.68078,454630.2
1727222400,0.68282,0.68357,0.65897,0.67038,698072.5
1727236800,0.67033,0.67422,0.64612,0.65192,681377.9
1727251200,0.65251,0.66738,0.65015,0.65544,105790.0
1727265600,0.65534,0.66075,0.64411,0.64492,213773.7
1727280000,0.64505,0.65093,0.63605,0.63675,124186.4
1727294400,0.63763,0.64698,0.63294,0.64031,70631.0
1727308800,0.64094,0.64378,0.61662,0.63291,88378.3
1727323200,0.63257,0.64617,0.62908,0.64617,192050.1
1727337600,0.64603,0.67594,0.64443,0.67083,118463.0
1727352000,0.67135,0.74179,0.66027,0.70723,926167.6
1727366400,0.71299,0.72878,0.69355,0.70014,539740.3
1727380800,0.7007,0.71322,0.68222,0.70381,968034.4
1727395200,0.70391,0.7368,0.68661,0.69438,1519797.1000000001
1727409600,0.69438,0.71525,0.6932,0.70577,974172.2
1727424000,0.70549,0.71727,0.68083,0.69045,976492.2
1727438400,0.69093,0.75663,0.68768,0.71434,441339.6
1727452800,0.71282,0.7317,0.70216,0.7061,554681.2
1727467200,0.70588,0.72357,0.6997,0.71752,359967.4
1727481600,0.71548,0.7886,0.71223,0.77665,920938.0
1727496000,0.775,0.77565,0.73674,0.73759,802246.8
1727510400,0.73866,0.74798,0.72282,0.74558,188956.5
1727524800,0.74323,0.74892,0.73236,0.74362,167972.3
1727539200,0.74191,0.7483,0.73385,0.74091,192054.2
1727553600,0.74039,0.74748,0.72442,0.74433,767448.1
1727568000,0.74089,0.76152,0.73,0.74199,677297.3
1727582400,0.74099,0.74182,0.71071,0.71243,416602.5
1727596800,0.71296,0.72388,0.70504,0.72,786224.8
1727611200,0.71904,0.72225,0.70464,0.71522,59022.6
1727625600,0.71389,0.73109,0.70946,0.72394,131126.8
1727640000,0.72389,0.72776,0.70887,0.71658,403780.6
1727654400,0.7171,0.71786,0.68185,0.68947,162881.3
1727668800,0.68979,0.69559,0.6789,0.69141,554907.3
1727683200,0.69044,0.69044,0.67043,0.67978,89273.3
1727697600,0.6802,0.68262,0.6569,0.6569,196762.2
1727712000,0.65748,0.66573,0.65485,0.66549,50761.8
1727726400,0.66581,0.67037,0.64221,0.64643,275706.6
1727740800,0.64664,0.69099,0.64529,0.68627,569759.2
1727755200,0.68665,0.70779,0.67808,0.69805,132654.4
1727769600,0.69654,0.70411,0.68152,0.68152,187599.3
1727784000,0.68214,0.68435,0.61562,0.63632,435167.7
1727798400,0.63364,0.64079,0.58462,0.60775,294336.2
1727812800,0.60951,0.61092,0.59272,0.59498,225083.1
1727827200,0.59436,0.60657,0.58815,0.60008,234213.4
1727841600,0.60001,0.6246,0.59299,0.61951,86109.5
1727856000,0.61975,0.61994,0.5889,0.59596,71081.9
1727870400,0.59559,0.60043,0.57838,0.59852,182654.6
1727884800,0.59836,0.60709,0.55735,0.571,252358.5
1727899200,0.57033,0.5778,0.56479,0.57346,180472.4
1727913600,0.57356,0.58965,0.56991,0.58555,63231.4
1727928000,0.58477,0.58477,0.56428,0.56661,79660.5
1727942400,0.56532,0.56532,0.54313,0.55355,67695.1
1727956800,0.55359,0.55863,0.52982,0.54161,73036.6
1727971200,0.54133,0.54458,0.5256,0.54024,97371.1
1727985600,0.53937,0.54384,0.52801,0.54141,58943.2
1728000000,0.54257,0.55414,0.53519,0.54945,34152.8
1728014400,0.54957,0.56498,0.54957,0.56339,39394.0
1728028800,0.56323,0.58141,0.56263,0.57958,60540.4
1728043200,0.5788,0.58714,0.57108,0.58632,110748.9
1728057600,0.58684,0.59986,0.5828,0.59398,124352.3
1728072000,0.59303,0.59469,0.58363,0.58851,27822.4
1728086400,0.58837,0.61199,0.58837,0.59439,76663.2
1728100800,0.59419,0.60414,0.59191,0.5978,34114.6
1728115200,0.59751,0.60569,0.59694,0.59987,99057.0
1728129600,0.60035,0.60627,0.59317,0.59371,60456.2
1728144000,0.59377,0.59903,0.58124,0.58246,43055.0
1728158400,0.58257,0.60463,0.58067,0.5975,46287.4
1728172800,0.59678,0.59921,0.58517,0.58528,31767.2
1728187200,0.58542,0.59453,0.58175,0.59127,24410.1
1728201600,0.59165,0.59566,0.58441,0.58915,26151.8
1728216000,0.58941,0.61139,0.58885,0.60733,29671.5
1728230400,0.60753,0.61249,0.59571,0.59882,21696.6
1728244800,0.59872,0.61014,0.59285,0.60828,17306.2
1728259200,0.60865,0.63623,0.60266,0.62521,139220.1
1728273600,0.62614,0.63096,0.61726,0.61786,37095.3
1728288000,0.61726,0.62195,0.58691,0.59864,63988.0
1728302400,0.59775,0.62239,0.59308,0.60957,134564.9
1728316800,0.61017,0.63247,0.60789,0.61606,120717.8
1728331200,0.61719,0.62079,0.58916,0.5905,58861.9
1728345600,0.59085,0.60565,0.58713,0.60182,96818.4
1728360000,0.60219,0.6036,0.57254,0.57566,97473.1
1728374400,0.57405,0.58282,0.57154,0.58191,30335.7
1728388800,0.58189,0.58705,0.56341,0.57116,124567.8
1728403200,0.57034,0.57771,0.56305,0.57197,102851.9
1728417600,0.57191,0.58357,0.56687,0.57144,36672.9
1728432000,0.5722,0.58292,0.56623,0.57199,68529.3
1728446400,0.57089,0.58024,0.56543,0.56847,29140.7
1728460800,0.56824,0.57362,0.56358,0.56625,27018.3
1728475200,0.56614,0.56708,0.54669,0.56324,75570.7
1728489600,0.56352,0.56352,0.54305,0.546,63932.5
1728504000,0.5456,0.5456,0.53439,0.54274,50218.5
1728518400,0.54381,0.54762,0.53745,0.54384,62044.6
1728532800,0.54423,0.54905,0.53978,0.53978,46850.7
1728547200,0.54016,0.54421,0.5265,0.54414,44395.6
1728561600,0.54384,0.54455,0.52255,0.52966,72903.9
1728576000,0.52999,0.53413,0.51679,0.53061,70670.2
1728590400,0.53034,0.54164,0.52846,0.54095,33725.1
1728604800,0.54092,0.54616,0.53709,0.54317,85096.0
1728619200,0.54325,0.5678,0.542,0.56239,131191.2
1728633600,0.56225,0.58448,0.56101,0.57263,156060.9
1728648000,0.57353,0.5855,0.57043,0.58326,87839.9
1728662400,0.58357,0.58782,0.57592,0.5829,25057.1
1728676800,0.58318,0.58816,0.57891,0.58076,65599.5
1728691200,0.58111,0.5865,0.57333,0.57534,57639.2
1728705600,0.57615,0.58295,0.5753,0.58256,19971.1
1728720000,0.5825,0.59603,0.58012,0.58818,75074.9
1728734400,0.58801,0.59443,0.57849,0.58391,83768.2
1728748800,0.58453,0.59173,0.58052,0.58321,42282.4
1728763200,0.58284,0.58883,0.58178,0.58237,26923.3
1728777600,0.583,0.60935,0.58292,0.59448,216028.0
1728792000,0.59458,0.60982,0.59432,0.60173,64326.3
1728806400,0.60182,0.6072,0.58935,0.58935,35247.6
1728820800,0.58898,0.6011,0.57355,0.57786,67307.6
1728835200,0.57676,0.59171,0.57588,0.58198,44573.2
1728849600,0.58164,0.60743,0.57944,0.59557,46423.0
1728864000,0.59578,0.61229,0.58103,0.61142,60080.0
1728878400,0.61144,0.61263,0.59523,0.60696,61790.6
1728892800,0.60724,0.61332,0.59918,0.61332,84920.7
1728907200,0.61312,0.63354,0.60828,0.63074,80757.2
1728921600,0.63047,0.63531,0.62393,0.62619,51889.3
1728936000,0.62611,0.63446,0.62244,0.62712,23941.1
1728950400,0.629,0.64835,0.6177,0.61904,69958.6
1728964800,0.61906,0.62602,0.6063,0.61764,75248.0
1728979200,0.61721,0.62473,0.59223,0.59475,108589.9
1728993600,0.59681,0.63232,0.58427,0.59365,183135.8
1729008000,0.59675,0.6291,0.59663,0.62085,137741.5
1729022400,0.62203,0.65855,0.60263,0.65173,133426.8
1729036800,0.6517,0.6519,0.6206,0.6327,185914.3
1729051200,0.63263,0.63716,0.61388,0.61547,114022.5
1729065600,0.6152,0.63116,0.6117,0.62155,102811.2
1729080000,0.6203,0.62516,0.6086,0.61078,119318.5
1729094400,0.6115,0.61563,0.6,0.61064,122143.0
1729108800,0.61164,0.62269,0.61119,0.61224,31787.1
1729123200,0.61312,0.61658,0.60361,0.60807,47266.6
1729137600,0.60738,0.60951,0.59269,0.59754,89281.9
1729152000,0.59762,0.60148,0.58461,0.58598,54934.1
1729166400,0.5862,0.61437,0.58519,0.61223,63340.5
1729180800,0.61311,0.62065,0.59245,0.60073,89230.7
1729195200,0.60061,0.60765,0.59814,0.60082,30300.8
1729209600,0.60105,0.62679,0.60031,0.61404,62554.9
1729224000,0.61393,0.62424,0.61393,0.62285,35234.7
1729238400,0.6222,0.62641,0.61475,0.6161,27280.9
1729252800,0.61434,0.62317,0.6041,0.61967,37912.8
1729267200,0.61903,0.637,0.61654,0.63267,27850.1
1729281600,0.63282,0.63333,0.61726,0.62856,18907.4
1729296000,0.62857,0.67559,0.62797,0.67109,68765.1
1729310400,0.67285,0.70504,0.66555,0.69317,169275.7
1729324800,0.69308,0.7201,0.68796,0.7087,492019.1
1729339200,0.70728,0.71465,0.6785,0.71336,208382.4
1729353600,0.71243,0.71399,0.68879,0.69137,267738.4
1729368000,0.69116,0.695,0.67654,0.67968,142558.0
1729382400,0.67932,0.69991,0.65673,0.66192,387282.1
1729396800,0.66218,0.67343,0.65808,0.66434,76998.6
1729411200,0.665,0.677,0.66212,0.66641,69218.7
1729425600,0.66634,0.66897,0.65013,0.66147,150298.8
1729440000,0.66102,0.66664,0.65538,0.65538,96120.4
1729454400,0.65574,0.67251,0.65443,0.66936,87297.9
1729468800,0.6691,0.70291,0.66301,0.68429,128419.4
1729483200,0.6848,0.69171,0.65921,0.65921,96887.9
1729497600,0.66191,0.68265,0.64834,0.67668,134295.5
1729512000,0.67704,0.68224,0.66012,0.66882,103941.4
1729526400,0.66768,0.68559,0.6558,0.66837,182690.7
1729540800,0.6672,0.68371,0.66174,0.66196,89805.2
1729555200,0.66221,0.6832,0.65043,0.67906,213525.4
1729569600,0.67672,0.69619,0.67395,0.67878,90714.6
1729584000,0.67775,0.68143,0.6583,0.67576,113417.3
1729598400,0.67654,0.69006,0.66524,0.67796,61166.9
1729612800,0.67646,0.70078,0.67193,0.69643,62752.2
1729627200,0.69385,0.70744,0.68584,0.68811,74070.5
1729641600,0.6881,0.73754,0.68471,0.71966,204455.5
1729656000,0.71875,0.76328,0.71521,0.72484,373141.7
1729670400,0.7255,0.73419,0.69667,0.70409,375438.2
1729684800,0.70382,0.74241,0.70175,0.72153,312230.1
1729699200,0.72078,0.73481,0.71078,0.729,156066.6
1729713600,0.72903,0.73791,0.71586,0.71617,172393.5
1729728000,0.71614,0.72382,0.6883,0.69855,222345.0
1729742400,0.69774,0.70935,0.68912,0.69245,141526.4
1729756800,0.69388,0.69782,0.66987,0.69165,63463.2
1729771200,0.69031,0.70241,0.68435,0.68594,80252.5
1729785600,0.68664,0.69723,0.68108,0.68697,41720.0
1729800000,0.68719,0.69835,0.68366,0.69311,172069.3
1729814400,0.69261,0.72417,0.69261,0.70571,239168.8
1729828800,0.7054,0.70722,0.67748,0.67748,101488.3
1729843200,0.6789,0.69879,0.66957,0.69707,127332.2
1729857600,0.69574,0.70594,0.66164,0.66581,127056.2
1729872000,0.66519,0.66663,0.64881,0.65446,169215.7
1729886400,0.65331,0.66462,0.60463,0.63176,256493.9
1729900800,0.63392,0.64094,0.61389,0.62172,126642.6
1729915200,0.62129,0.637,0.61762,0.62508,80074.2
1729929600,0.62467,0.64216,0.62467,0.64144,34683.0
1729944000,0.6417,0.65278,0.61976,0.62741,127711.2
1729958400,0.62819,0.63455,0.62121,0.63078,51766.9
1729972800,0.62951,0.63746,0.62469,0.63053,24388.6
1729987200,0.63145,0.65421,0.62725,0.64767,86798.6
1730001600,0.64842,0.66399,0.63933,0.66306,59049.6
1730016000,0.66327,0.67763,0.65461,0.66353,194365.3
1730030400,0.66387,0.68749,0.66139,0.66566,144004.6
1730044800,0.66565,0.67479,0.65481,0.6553,44141.1
1730059200,0.65548,0.674,0.65519,0.66714,55745.7
1730073600,0.6663,0.67763,0.63369,0.63564,182744.5
1730088000,0.63405,0.66221,0.63195,0.65829,104488.2
1730102400,0.65819,0.66045,0.64398,0.64481,55289.7
1730116800,0.64536,0.64569,0.61291,0.6143,114914.5
1730131200,0.61408,0.61813,0.59658,0.60941,147631.7
1730145600,0.60889,0.64152,0.60889,0.63256,140316.8
1730160000,0.63279,0.64397,0.62532,0.63772,218921.5
1730174400,0.63813,0.64739,0.63132,0.63231,77543.2
1730188800,0.6326,0.64378,0.63222,0.63529,67785.0
1730203200,0.63534,0.64719,0.63135,0.64685,83353.1
1730217600,0.64739,0.68749,0.64679,0.66546,202290.0
1730232000,0.66642,0.67485,0.65583,0.66318,58087.9
1730246400,0.66318,0.66318,0.646,0.66035,78388.9
1730260800,0.66017,0.69421,0.65794,0.67779,115747.0
1730275200,0.67609,0.70835,0.67585,0.68911,361719.8
1730289600,0.68845,0.69842,0.67757,0.68599,216547.6
1730304000,0.68471,0.69559,0.67888,0.68842,45161.3
1730318400,0.68887,0.69197,0.67891,0.68259,49076.9
1730332800,0.68448,0.70015,0.67092,0.69706,173342.4
1730347200,0.69537,0.72025,0.69307,0.71696,95276.5
1730361600,0.71718,0.73259,0.70572,0.71161,181922.2
1730376000,0.70941,0.71281,0.68692,0.68951,263558.1
1730390400,0.68923,0.69692,0.65833,0.65864,294934.8
1730404800,0.65899,0.69212,0.65863,0.68864,232549.5
1730419200,0.68837,0.69428,0.64827,0.66229,177798.1
1730433600,0.66154,0.67014,0.64972,0.65133,95728.6
1730448000,0.65111,0.66638,0.64184,0.65406,171435.5
1730462400,0.65405,0.68428,0.64289,0.64317,312872.3
1730476800,0.64403,0.65583,0.63789,0.64722,205446.1
1730491200,0.64807,0.65447,0.633,0.64675,113965.5
1730505600,0.64711,0.66086,0.6387,0.63969,117494.9
1730520000,0.64029,0.64391,0.63019,0.63955,167890.2
1730534400,0.63974,0.64158,0.62897,0.63026,79999.9
1730548800,0.63008,0.63164,0.61014,0.61549,742461.3
1730563200,0.61572,0.62545,0.61563,0.62379,212687.4
1730577600,0.62392,0.63018,0.62025,0.62838,128228.6
1730592000,0.63001,0.63073,0.59501,0.60612,175619.0
1730606400,0.60611,0.61259,0.60308,0.60381,67461.0
1730620800,0.60317,0.60546,0.58804,0.58999,108332.7
1730635200,0.59031,0.59565,0.56764,0.57793,164555.0
1730649600,0.57777,0.58693,0.5715,0.58644,75966.7
1730664000,0.58724,0.60047,0.58414,0.59444,87859.0
1730678400,0.59441,0.60044,0.57823,0.58841,85248.6
1730692800,0.58935,0.59286,0.57151,0.57154,48803.7
1730707200,0.57284,0.58744,0.56667,0.57985,104653.3
1730721600,0.58037,0.58618,0.57018,0.57267,98222.4
1730736000,0.57129,0.57376,0.55979,0.56297,63326.9
1730750400,0.56207,0.56257,0.5376,0.55301,105175.0
1730764800,0.55282,0.56185,0.54595,0.55431,138335.2
1730779200,0.55509,0.57084,0.5535,0.56821,115014.1
1730793600,0.56869,0.57504,0.56452,0.57103,56148.9
1730808000,0.57171,0.58849,0.56446,0.57515,210937.0
1730822400,0.57661,0.58464,0.56085,0.5637,161179.5
1730836800,0.56186,0.57352,0.55823,0.56873,126995.2
1730851200,0.5691,0.61784,0.56754,0.60825,196886.3
1730865600,0.61047,0.61656,0.59884,0.6027,865048.2
1730880000,0.60341,0.61362,0.58568,0.61132,184834.6
1730894400,0.61116,0.62939,0.60843,0.62527,210692.5
1730908800,0.62377,0.64331,0.62377,0.63889,50112.3
1730923200,0.63949,0.67763,0.63859,0.67351,74633.9
1730937600,0.67361,0.72868,0.67361,0.71479,506627.1
1730952000,0.71693,0.71693,0.67482,0.69797,229019.1
1730966400,0.69718,0.70464,0.68502,0.69248,133520.4
1730980800,0.69171,0.70911,0.68007,0.7051,163526.6
1730995200,0.70563,0.70716,0.69111,0.70393,85974.4
1731009600,0.7036,0.71704,0.69499,0.71704,69240.1
1731024000,0.71815,0.72645,0.68938,0.7022,112392.6
1731038400,0.70234,0.70795,0.68327,0.69316,83033.3
1731052800,0.69339,0.69804,0.67672,0.69643,81973.1
1731067200,0.69543,0.70648,0.68941,0.69596,213717.0
1731081600,0.69474,0.70649,0.67138,0.70038,151190.6
1731096000,0.70015,0.7193,0.6855,0.71915,91776.0
1731110400,0.71812,0.74528,0.69797,0.71856,178300.6
1731124800,0.71831,0.81834,0.71831,0.76825,523252.1
1731139200,0.76963,0.79467,0.75676,0.7892,214346.7
1731153600,0.78776,0.79113,0.7618,0.77225,203984.7
1731168000,0.77244,0.78035,0.75724,0.7668,63559.1
1731182400,0.7656,0.78457,0.76469,0.77151,54761.3
1731196800,0.77484,0.77484,0.74447,0.75801,202760.9
1731211200,0.75787,0.77866,0.75338,0.77431,175933.7
1731225600,0.77414,0.80476,0.77294,0.78902,208267.8
1731240000,0.78668,0.82618,0.78118,0.81263,231025.0
1731254400,0.81262,0.82861,0.78668,0.79852,190087.4
1731268800,0.79888,0.80216,0.7541,0.79893,170183.9
1731283200,0.79788,0.83271,0.78111,0.82232,139053.6
1731297600,0.82066,0.82275,0.75387,0.7711,342556.5
1731312000,0.76996,0.79578,0.76755,0.7909,94254.4
1731326400,0.78949,0.80472,0.7757,0.78387,244115.7
1731340800,0.78431,0.82281,0.77824,0.80325,128370.2
1731355200,0.80411,0.84246,0.7909,0.84012,114665.8
1731369600,0.83978,0.87027,0.79724,0.81482,217663.2
1731384000,0.8148,0.82004,0.79228,0.80249,91811.6
1731398400,0.80433,0.8142,0.70648,0.74249,281217.1
1731412800,0.74197,0.754,0.71113,0.73135,206022.6
1731427200,0.73152,0.76136,0.718,0.75677,83238.8
1731441600,0.7572,0.77472,0.744,0.76186,48467.9
1731456000,0.76239,0.76558,0.69776,0.69847,97008.6
1731470400,0.69924,0.71325,0.67482,0.6977,517402.4
1731484800,0.69643,0.70285,0.68246,0.68941,48696.1
1731499200,0.68778,0.75094,0.67815,0.73181,157161.8
1731513600,0.72947,0.7548,0.70306,0.70563,244295.7
1731528000,0.7044,0.70648,0.67119,0.70648,132389.4
1731542400,0.70255,0.70658,0.67784,0.69838,85528.9
1731556800,0.69621,0.72337,0.69253,0.70572,78295.2
1731571200,0.70522,0.71181,0.67468,0.68749,114377.0
1731585600,0.68589,0.69015,0.65062,0.66224,110683.9
1731600000,0.65843,0.68653,0.65681,0.68009,81713.2
1731614400,0.67916,0.67964,0.64106,0.65165,168470.7
1731628800,0.65307,0.66638,0.64074,0.66248,108355.8
1731643200,0.66213,0.67933,0.64057,0.66933,82056.8
1731657600,0.66889,0.69552,0.65945,0.69331,80048.3
1731672000,0.69257,0.70702,0.67611,0.67818,175372.7
1731686400,0.67802,0.72826,0.67482,0.72826,103490.8
1731700800,0.72825,0.74881,0.72825,0.73844,111698.5
1731715200,0.73776,0.75528,0.73344,0.74324,72306.1
1731729600,0.74141,0.74785,0.72931,0.73383,37332.3
1731744000,0.73385,0.7541,0.72997,0.7541,82176.2
1731758400,0.75432,0.76275,0.70915,0.72193,169475.5
1731772800,0.72235,0.75533,0.7168,0.74891,45206.1
1731787200,0.74861,0.76558,0.74402,0.76068,62249.1
1731801600,0.7576,0.7576,0.69949,0.71997,83926.8
1731816000,0.72118,0.74447,0.72012,0.72616,108372.4
1731830400,0.72548,0.73352,0.71281,0.71492,86987.4
1731844800,0.71462,0.72934,0.7107,0.7179,67637.0
1731859200,0.71772,0.72126,0.69712,0.70665,63769.7
1731873600,0.70639,0.70807,0.68894,0.70379,75605.1
1731888000,0.70223,0.72711,0.69644,0.72694,174153.4
1731902400,0.72718,0.73655,0.7134,0.73049,102773.9
1731916800,0.73092,0.73349,0.70354,0.707,123594.3
1731931200,0.7069,0.73811,0.69777,0.73471,126374.2
1731945600,0.73496,0.74488,0.70143,0.71403,178334.5
1731960000,0.71361,0.73702,0.71044,0.7351,72348.2
1731974400,0.73148,0.73286,0.72166,0.72216,32553.1
1731988800,0.72243,0.72324,0.71128,0.71715,30098.2
1732003200,0.71563,0.72054,0.70666,0.71869,80936.3
1732017600,0.71803,0.72858,0.70138,0.71211,105353.3
1732032000,0.71211,0.72618,0.70891,0.71608,40010.5
1732046400,0.71563,0.71669,0.68749,0.70462,64017.7
1732060800,0.70462,0.70462,0.66222,0.67237,82324.3
1732075200,0.67261,0.6813,0.66777,0.67589,38664.8
1732089600,0.67564,0.68681,0.67209,0.6757,64678.5
1732104000,0.67495,0.68597,0.66462,0.67037,38073.6
1732118400,0.67075,0.67298,0.62752,0.63431,84562.3
1732132800,0.63398,0.64748,0.62957,0.63371,19999.1
1732147200,0.63274,0.64082,0.60709,0.62062,57450.5
1732161600,0.62028,0.65067,0.62024,0.64424,64395.1
1732176000,0.64413,0.64913,0.6294,0.64624,35263.6
1732190400,0.64597,0.69101,0.64424,0.66327,165924.8
1732204800,0.66356,0.67964,0.66299,0.67175,131924.7
1732219200,0.67222,0.67674,0.66542,0.67421,37670.1
1732233600,0.67408,0.68749,0.65634,0.66856,147191.4
1732248000,0.6687,0.67507,0.65635,0.6572,59269.0
1732262400,0.65761,0.66455,0.64807,0.65841,50527.2
1732276800,0.65877,0.66492,0.63357,0.65935,126061.2
1732291200,0.66027,0.66453,0.64862,0.65193,69601.3
1732305600,0.65162,0.68003,0.64994,0.68003,33312.1
1732320000,0.67991,0.69101,0.66431,0.68281,183286.2
1732334400,0.68397,0.69584,0.67342,0.69135,109902.4
1732348800,0.69145,0.69804,0.68397,0.69157,86847.5
1732363200,0.69138,0.72474,0.68955,0.71748,352839.4
1732377600,0.71879,0.72585,0.6824,0.71347,237714.3
1732392000,0.71309,0.72661,0.69359,0.7148,116635.7
1732406400,0.71347,0.74277,0.70859,0.74198,125301.5
1732420800,0.7431,0.74993,0.72618,0.74015,99708.3
1732435200,0.73988,0.74288,0.68397,0.68513,190532.5
1732449600,0.68538,0.69512,0.65481,0.66389,196336.5
1732464000,0.66444,0.69681,0.6611,0.69052,132110.6
1732478400,0.68946,0.72262,0.68946,0.71819,55702.5
1732492800,0.71912,0.74065,0.69863,0.72762,288093.3
1732507200,0.72668,0.73875,0.72242,0.73441,147777.2
1732521600,0.73491,0.8082,0.73387,0.75523,1093663.6000000001
1732536000,0.75627,0.78012,0.72562,0.76224,1138556.3999999999
1732550400,0.7602,0.77191,0.72818,0.748,456140.4
1732564800,0.7485,0.76136,0.71659,0.74623,209573.4
1732579200,0.75027,0.77731,0.73322,0.76556,82067.2
1732593600,0.76572,0.78012,0.74308,0.75053,182931.9
1732608000,0.74757,0.74779,0.69074,0.70599,518085.4
1732622400,0.70366,0.71199,0.68397,0.69259,121621.8
1732636800,0.69182,0.72266,0.69101,0.70131,230724.7
1732651200,0.70324,0.73961,0.70169,0.73339,181307.3
1732665600,0.73071,0.74429,0.70795,0.72821,198230.8
1732680000,0.72621,0.7508,0.72621,0.74904,92104.3
1732694400,0.74961,0.79364,0.74808,0.78643,299233.1
1732708800,0.78747,0.79708,0.76601,0.79322,203427.0
1732723200,0.79501,0.81546,0.7828,0.78876,356689.2
1732737600,0.78788,0.80009,0.77126,0.79743,442770.2
1732752000,0.79622,0.8311,0.77262,0.78184,380186.5
1732766400,0.78207,0.80154,0.77524,0.78565,238832.8
1732780800,0.78608,0.79927,0.77428,0.79046,695434.6
1732795200,0.79143,0.81572,0.77943,0.79834,241040.4
1732809600,0.79714,0.81704,0.79714,0.81433,672198.5
1732824000,0.81405,0.82955,0.79766,0.82933,201722.6
1732838400,0.82539,0.82539,0.78767,0.79346,139606.3
1732852800,0.79257,0.80005,0.77865,0.77922,390306.7
1732867200,0.77944,0.80249,0.77733,0.79927,110044.2
1732881600,0.79867,0.80944,0.79304,0.80135,169956.8
1732896000,0.80092,0.81112,0.7973,0.80852,76181.8
1732910400,0.8087,0.82734,0.79509,0.81825,319916.0
1732924800,0.81872,0.85463,0.79461,0.84274,534273.7
1732939200,0.84284,0.85985,0.82499,0.83239,365695.9
1732953600,0.83194,0.83766,0.80357,0.81331,221246.0
1732968000,0.81297,0.84654,0.80947,0.84451,404617.7
1732982400,0.8439,0.87392,0.84293,0.86592,93922.9
1732996800,0.86526,0.87969,0.84829,0.85622,41654.4
1733011200,0.8529,0.88502,0.83043,0.85099,182084.1
1733025600,0.8524,0.93114,0.8524,0.90652,251971.9
1733040000,0.90509,0.90513,0.87684,0.89139,208462.3
1733054400,0.89125,0.9177,0.88725,0.89793,166723.3
1733068800,0.89753,0.91682,0.89031,0.89776,91012.5
1733083200,0.89766,0.89766,0.87744,0.88346,161792.2
1733097600,0.88095,0.88785,0.84226,0.84713,289371.9
1733112000,0.84713,0.85514,0.82947,0.83562,129125.1
1733126400,0.83481,0.83831,0.77994,0.81146,906289.7
1733140800,0.81131,0.85527,0.80654,0.84807,356320.6
1733155200,0.84795,0.85203,0.80357,0.83126,426960.7
1733169600,0.83047,0.86008,0.82687,0.8575,227298.5
1733184000,0.85928,0.89125,0.82918,0.86941,502052.4
1733198400,0.86826,0.90058,0.85838,0.87864,318195.0
1733212800,0.8785,0.89641,0.86147,0.88146,106035.2
1733227200,0.881,0.89151,0.79753,0.84726,1406646.8999999999
1733241600,0.84891,0.8824,0.81686,0.86536,1025407.4
1733256000,0.86535,0.91435,0.86433,0.90483,249027.6
1733270400,0.90485,0.9734,0.90206,0.93801,577089.3
1733284800,0.93745,0.95646,0.9208,0.9423,561034.0
1733299200,0.94424,0.94779,0.93045,0.93442,109526.5
1733313600,0.93387,0.93641,0.91042,0.92672,229838.9
1733328000,0.92653,0.92657,0.87744,0.92495,126046.1
1733342400,0.92574,0.93282,0.87967,0.89795,205788.2
1733356800,0.89731,0.89751,0.84063,0.85571,454676.9
1733371200,0.85697,0.88157,0.85119,0.88067,49112.2
1733385600,0.88049,0.89005,0.86954,0.88713,66506.7
1733400000,0.88757,0.90284,0.88557,0.8943,66775.0
1733414400,0.89503,0.90414,0.87392,0.87494,90395.8
1733428800,0.87503,0.89087,0.825,0.867,294815.7
1733443200,0.86649,0.929,0.85387,0.92594,328629.2
1733457600,0.92732,0.9407,0.91299,0.91968,209503.6
1733472000,0.9199,0.927,0.8893,0.89904,157845.7
1733486400,0.89714,0.92162,0.86834,0.90632,83925.2
1733500800,0.90628,0.92927,0.90628,0.92289,121678.0
1733515200,0.92142,0.92668,0.9091,0.91965,68169.4
1733529600,0.9208,0.93037,0.9013,0.91119,101170.0
1733544000,0.90809,0.93126,0.904,0.91381,91981.7
1733558400,0.91375,0.92784,0.90274,0.9235,94483.5
1733572800,0.92412,0.94432,0.91547,0.93573,67818.6
1733587200,0.93584,0.95824,0.91899,0.92938,143153.4
1733601600,0.9291,0.94002,0.91244,0.93035,245194.1
1733616000,0.93007,0.94611,0.91198,0.91441,92487.2
1733630400,0.91447,0.9165,0.88871,0.90602,159504.9
1733644800,0.90711,0.90711,0.87895,0.89499,55840.3
1733659200,0.89528,0.91708,0.88899,0.91426,46936.0
1733673600,0.91509,0.92151,0.89729,0.91883,83046.5
1733688000,0.91775,0.925,0.91123,0.92035,93874.2
1733702400,0.9202,0.92031,0.85985,0.87074,189732.0
1733716800,0.8701,0.87796,0.84226,0.85316,155302.8
1733731200,0.85321,0.85321,0.80817,0.80944,244577.8
1733745600,0.80858,0.84232,0.80234,0.81648,291439.0
1733760000,0.81603,0.82467,0.80322,0.80336,114927.4
1733774400,0.80392,0.80553,0.60786,0.71421,685655.3
1733788800,0.71023,0.72745,0.65329,0.68278,142313.4
1733803200,0.68369,0.70397,0.6699,0.69777,74640.7
1733817600,0.69579,0.71133,0.68744,0.70267,122424.7
1733832000,0.70128,0.7025,0.6409,0.64168,233225.4
1733846400,0.64222,0.66184,0.62609,0.66028,142245.2
1733860800,0.65945,0.69078,0.65747,0.68431,148002.2
1733875200,0.6841,0.68601,0.64528,0.67028,132508.2
1733889600,0.67154,0.6764,0.66415,0.66415,86962.1
1733904000,0.66473,0.69452,0.66412,0.68882,86664.2
1733918400,0.68953,0.73217,0.68953,0.72854,88793.7
1733932800,0.73052,0.73984,0.72294,0.73936,32686.6
1733947200,0.7391,0.74525,0.73064,0.743,20855.8
1733961600,0.74291,0.77329,0.73537,0.76085,81281.0
1733976000,0.76186,0.78435,0.75936,0.77284,91901.3
1733990400,0.77435,0.7864,0.74784,0.75387,112740.8
1734004800,0.75657,0.77651,0.75375,0.75996,69789.6
1734019200,0.76487,0.76961,0.73136,0.73403,87927.8
1734033600,0.73616,0.76433,0.73556,0.74869,121041.2
1734048000,0.74769,0.75407,0.72644,0.74178,75976.6
1734062400,0.74149,0.74715,0.72971,0.74593,114508.8
1734076800,0.74336,0.76006,0.73747,0.7497,49713.7
1734091200,0.748,0.7554,0.73085,0.73157,45933.3
1734105600,0.73422,0.74853,0.73129,0.74365,40905.4
1734120000,0.7452,0.75598,0.73851,0.75514,40913.6
1734134400,0.75499,0.76367,0.74557,0.74668,36738.6
1734148800,0.74666,0.7558,0.74274,0.74604,86116.1
1734163200,0.74537,0.7581,0.73448,0.73805,32680.5
1734177600,0.73793,0.73873,0.69871,0.7101,174099.9
1734192000,0.70821,0.70977,0.6915,0.70145,57102.3
1734206400,0.70081,0.71362,0.68858,0.71118,25662.4
1734220800,0.71074,0.71278,0.69744,0.7,77120.2
1734235200,0.7,0.7115,0.68523,0.68988,33260.0
1734249600,0.69194,0.7073,0.68978,0.70527,30788.2
1734264000,0.70556,0.73248,0.70139,0.72696,46436.4
1734278400,0.72712,0.73029,0.71639,0.72337,14486.5
1734292800,0.72264,0.73809,0.69655,0.73303,55278.8
1734307200,0.73728,0.75233,0.72285,0.72582,145759.6
1734321600,0.7255,0.73942,0.72212,0.73747,33097.8
1734336000,0.73905,0.74015,0.69666,0.69937,191138.3
1734350400,0.69956,0.72267,0.69655,0.72142,80164.5
1734364800,0.72091,0.74226,0.71343,0.72646,72997.5
1734379200,0.72698,0.73745,0.71909,0.72068,90333.7
1734393600,0.72108,0.72647,0.6997,0.72647,36502.3
1734408000,0.72634,0.7293,0.71155,0.71425,108067.2
1734422400,0.71439,0.73535,0.7083,0.72667,143133.2
1734436800,0.72674,0.73809,0.70005,0.70503,78146.8
1734451200,0.70459,0.73449,0.69753,0.7111,51351.9
1734465600,0.71244,0.71662,0.67842,0.68252,139924.1
1734480000,0.68462,0.68808,0.66949,0.67261,104151.5
1734494400,0.6722,0.67318,0.65364,0.66662,60607.9
1734508800,0.66668,0.67827,0.66153,0.67386,177624.6
1734523200,0.67379,0.6739,0.65583,0.66121,97429.3
1734537600,0.66268,0.67412,0.64865,0.64865,90058.9
1734552000,0.6477,0.65045,0.6006,0.60786,367759.2
1734566400,0.60754,0.616,0.56653,0.61526,318660.8
1734580800,0.61369,0.62008,0.60948,0.61546,64097.6
1734595200,0.61496,0.63607,0.60531,0.63111,142162.5
1734609600,0.63184,0.63242,0.59169,0.60242,142398.3
1734624000,0.60039,0.60754,0.55277,0.56326,427073.0
1734638400,0.56437,0.58298,0.54678,0.56558,216256.8
1734652800,0.56861,0.6021,0.55805,0.59111,204545.0
1734667200,0.59168,0.5958,0.56413,0.57479,139314.9
1734681600,0.5749,0.57583,0.50544,0.50765,1231661.8
1734696000,0.50603,0.57009,0.505,0.56561,599195.2
1734710400,0.56347,0.59281,0.56104,0.58953,99912.8
1734724800,0.59023,0.60277,0.57682,0.59832,77743.8
1734739200,0.59745,0.628,0.59588,0.60847,229800.6
1734753600,0.60889,0.63792,0.60814,0.6352,160305.7
1734768000,0.63313,0.63313,0.60618,0.61332,370457.0
1734782400,0.61299,0.61323,0.57628,0.5882,242912.7
1734796800,0.58856,0.58856,0.56277,0.56919,99680.9
1734811200,0.57141,0.5793,0.56359,0.57412,146997.2
1734825600,0.57492,0.59611,0.56731,0.58161,299110.0
1734840000,0.58086,0.58086,0.55694,0.5671,81049.4
1734854400,0.56724,0.59234,0.56724,0.58364,92908.3
1734868800,0.58461,0.59555,0.56604,0.57161,108466.8
1734883200,0.5701,0.58467,0.55905,0.56079,78117.1
1734897600,0.56276,0.58067,0.5551,0.57292,174212.9
1734912000,0.57241,0.59169,0.55516,0.58949,160939.8
1734926400,0.58931,0.59279,0.5635,0.57207,218720.4
1734940800,0.57219,0.58661,0.57087,0.5757,283623.6
1734955200,0.57659,0.5838,0.56237,0.56337,95906.4
1734969600,0.5632,0.58435,0.56225,0.58023,100231.0
1734984000,0.58122,0.61099,0.5808,0.60036,107021.4
1734998400,0.6004,0.60231,0.5842,0.59661,67201.2
1735012800,0.59661,0.60667,0.59346,0.59847,50968.4
1735027200,0.59802,0.60395,0.59371,0.6027,113483.6
1735041600,0.60276,0.61759,0.59666,0.61407,128915.3
1735056000,0.61569,0.61711,0.60317,0.60337,73944.0
1735070400,0.60308,0.61127,0.5959,0.60994,38203.9
1735084800,0.61277,0.64536,0.61277,0.63374,313371.4
1735099200,0.63358,0.64674,0.62742,0.62934,104142.6
1735113600,0.63211,0.63676,0.6251,0.62542,42375.2
1735128000,0.62695,0.63121,0.61285,0.61296,92983.2
1735142400,0.61511,0.62272,0.60614,0.61642,44043.3
1735156800,0.61718,0.62063,0.60661,0.61632,18247.1
1735171200,0.61824,0.62027,0.59214,0.59412,63716.8
1735185600,0.59246,0.59246,0.58123,0.58391,67411.9
1735200000,0.58426,0.58426,0.56437,0.5744,40544.1
1735214400,0.57408,0.57487,0.56472,0.56767,58844.6
1735228800,0.5677,0.5741,0.56242,0.56829,39135.0
1735243200,0.5679,0.57345,0.56042,0.56886,45699.2
1735257600,0.56977,0.57659,0.56183,0.57287,46135.4
1735272000,0.5729,0.5807,0.56327,0.56802,80953.9
1735286400,0.56998,0.59752,0.56998,0.59333,215815.2
1735300800,0.59371,0.5968,0.56995,0.57368,201686.0
1735315200,0.57532,0.5862,0.56614,0.5814,157151.3
1735329600,0.58147,0.58221,0.56765,0.57306,19862.0
1735344000,0.57383,0.57421,0.56437,0.57133,47475.9
1735358400,0.57258,0.57554,0.56849,0.56918,17709.9
1735372800,0.57039,0.58234,0.57027,0.58234,24609.3
1735387200,0.58212,0.60326,0.57645,0.5946,123605.5
1735401600,0.59548,0.60343,0.59229,0.59536,32992.9
1735416000,0.59548,0.60256,0.59358,0.59795,17691.5
1735430400,0.59885,0.60083,0.59251,0.60065,26759.7
1735444800,0.60104,0.60252,0.59333,0.60145,30684.5
1735459200,0.60204,0.60204,0.5937,0.5937,30990.6
1735473600,0.59448,0.59955,0.58337,0.5881,38151.8
1735488000,0.58885,0.5892,0.57609,0.57894,42604.6
1735502400,0.57888,0.579,0.5675,0.57396,58209.3
1735516800,0.57406,0.59309,0.57223,0.58383,89362.2
1735531200,0.58377,0.59168,0.57719,0.58672,56807.6
1735545600,0.58658,0.59056,0.57483,0.58295,128456.3
1735560000,0.58182,0.58899,0.55657,0.55958,216096.6
1735574400,0.55811,0.58412,0.552,0.57983,290838.5
1735588800,0.58014,0.5843,0.55683,0.56471,68156.3
1735603200,0.56472,0.56472,0.54577,0.54645,31854.8
1735617600,0.54638,0.55003,0.54036,0.54822,47564.4
1735632000,0.54879,0.56494,0.54879,0.55872,36261.4
1735646400,0.5586,0.57066,0.55556,0.56406,57064.9
1735660800,0.56463,0.56634,0.54553,0.54955,44064.7
1735675200,0.55049,0.55237,0.54162,0.54522,51949.3
1735689600,0.5444,0.55251,0.54207,0.5444,43006.5
1735704000,0.54465,0.54467,0.54011,0.54248,65352.3
1735718400,0.54366,0.54514,0.53019,0.53662,89577.5
1735732800,0.53662,0.54737,0.53623,0.54725,57263.0
1735747200,0.54783,0.56523,0.54561,0.56209,89805.3
1735761600,0.56141,0.5652,0.55893,0.56141,158398.2
1735776000,0.56307,0.57057,0.56008,0.56858,29945.5
1735790400,0.56994,0.5769,0.56797,0.57616,56899.8
1735804800,0.57743,0.58589,0.57441,0.58464,65877.3
1735819200,0.58587,0.58899,0.57719,0.57974,43192.6
1735833600,0.5816,0.58548,0.57492,0.5759,73032.0
1735848000,0.5772,0.57896,0.56846,0.57615,34050.0
1735862400,0.57723,0.57954,0.56973,0.5764,39010.4
1735876800,0.57615,0.57644,0.56437,0.56572,23974.5
1735891200,0.56598,0.58111,0.56437,0.58071,42356.5
1735905600,0.57927,0.60177,0.57927,0.60177,443252.3
1735920000,0.60233,0.60658,0.60158,0.60357,93036.4
1735934400,0.60314,0.60451,0.5995,0.60379,63490.3
1735948800,0.6043,0.60684,0.589,0.60618,818314.7
1735963200,0.6063,0.60921,0.59862,0.60721,61757.1
1735977600,0.60713,0.60725,0.59334,0.59996,56543.0
1735992000,0.60005,0.61119,0.59027,0.59317,57045.3
1736006400,0.59313,0.60119,0.59042,0.59958,32819.4
1736020800,0.60149,0.60497,0.59817,0.5992,14951.3
1736035200,0.60002,0.60388,0.59293,0.59591,44879.4
1736049600,0.59723,0.60087,0.59411,0.59888,15549.2
1736064000,0.59863,0.59944,0.58961,0.59536,80113.5
1736078400,0.59586,0.60277,0.5874,0.59688,79337.7
1736092800,0.59625,0.60045,0.58989,0.59997,17764.6
1736107200,0.6008,0.60687,0.60029,0.60126,127610.5
1736121600,0.60109,0.60735,0.58929,0.6039,103554.9
1736136000,0.60552,0.61168,0.60166,0.60766,133736.0
1736150400,0.60795,0.61067,0.59818,0.61013,175101.0
1736164800,0.61003,0.62032,0.60091,0.62032,104793.5
1736179200,0.62065,0.62579,0.60956,0.61706,139021.1
1736193600,0.61699,0.61933,0.60975,0.61477,107799.1
1736208000,0.61369,0.63496,0.61074,0.62072,251278.7
1736222400,0.62145,0.62563,0.61652,0.61967,89154.1
1736236800,0.62118,0.62647,0.60285,0.60784,96134.3
1736251200,0.60891,0.63,0.57744,0.58787,418708.4
1736265600,0.586,0.59388,0.56597,0.56894,94488.8
1736280000,0.56769,0.57262,0.55832,0.56111,122774.3
1736294400,0.56121,0.56932,0.54593,0.55016,130078.5
1736308800,0.54997,0.55171,0.52718,0.53503,137883.8
1736323200,0.53506,0.54321,0.5292,0.53336,73183.3
1736337600,0.53186,0.54335,0.53073,0.53763,118909.4
1736352000,0.53774,0.54081,0.50883,0.52687,198845.8
1736366400,0.52708,0.54309,0.52359,0.53922,66709.3
1736380800,0.53801,0.54678,0.53415,0.5385,64473.6
1736395200,0.53913,0.54086,0.52305,0.52354,50572.4
1736409600,0.52418,0.53552,0.52143,0.53108,97257.2
1736424000,0.53116,0.53978,0.51151,0.53707,161041.8
1736438400,0.53659,0.54092,0.51836,0.5212,81552.8
1736452800,0.52048,0.53185,0.51247,0.52893,99000.3
1736467200,0.52899,0.5462,0.52216,0.54079,78741.1
1736481600,0.54011,0.54678,0.53053,0.54233,89293.8
1736496000,0.5426,0.54534,0.53905,0.54204,50044.4
1736510400,0.54212,0.54439,0.52216,0.53373,136505.9
1736524800,0.53359,0.54712,0.5252,0.54401,45936.3
1736539200,0.54376,0.54437,0.53754,0.54103,34641.7
1736553600,0.5415,0.54655,0.53501,0.53603,50165.2
1736568000,0.53611,0.53968,0.53367,0.53623,14417.2
1736582400,0.53729,0.53913,0.53097,0.53764,32403.5
1736596800,0.53779,0.53827,0.52966,0.53056,24326.9
1736611200,0.53085,0.53385,0.52841,0.53037,17149.3
1736625600,0.53082,0.54385,0.53037,0.53609,30398.6
1736640000,0.53637,0.5391,0.53412,0.53719,15933.5
1736654400,0.53793,0.53881,0.53075,0.53371,49117.2
1736668800,0.53437,0.53437,0.52227,0.52882,30604.1
1736683200,0.52837,0.53736,0.52676,0.53575,30812.4
1736697600,0.5358,0.53688,0.53075,0.53179,13922.3
1736712000,0.53273,0.53348,0.51891,0.52581,23460.2
1736726400,0.52614,0.53975,0.50639,0.5088,227492.4
1736740800,0.5088,0.51513,0.49574,0.50062,135339.0
1736755200,0.50107,0.50164,0.46956,0.46966,70501.9
1736769600,0.47094,0.49421,0.46373,0.48896,246243.2
1736784000,0.4888,0.49073,0.47215,0.48167,98255.8
1736798400,0.48158,0.50471,0.47932,0.50099,98569.6
1736812800,0.50114,0.50963,0.49957,0.50528,73816.3
1736827200,0.50562,0.51182,0.50416,0.50416,42874.1
1736841600,0.50519,0.51937,0.50519,0.5113,59771.8
1736856000,0.51313,0.51786,0.50696,0.51133,97500.5
1736870400,0.51143,0.51811,0.50697,0.51593,147283.9
1736884800,0.51658,0.52118,0.51302,0.51786,45940.4
1736899200,0.51957,0.522,0.51287,0.51679,46721.3
1736913600,0.51889,0.51954,0.51286,0.51666,16141.1
1736928000,0.51726,0.52114,0.5037,0.50759,46060.8
1736942400,0.5066,0.53818,0.5041,0.53451,204588.8
1736956800,0.53584,0.54167,0.52919,0.54118,353259.8
1736971200,0.54134,0.54698,0.53879,0.54682,66970.1
1736985600,0.54698,0.54745,0.53266,0.53476,29485.1
1737000000,0.53588,0.53791,0.53256,0.5366,26124.1
1737014400,0.5365,0.53755,0.52286,0.53336,39910.3
1737028800,0.53326,0.54322,0.51895,0.53103,104849.4
1737043200,0.53266,0.53928,0.53186,0.53811,33451.5
1737057600,0.53858,0.53964,0.52287,0.52561,17151.0
1737072000,0.52612,0.54337,0.52612,0.53863,35551.4
1737086400,0.53899,0.54756,0.53874,0.54355,29112.0
1737100800,0.54394,0.55273,0.54327,0.5508,40992.8
1737115200,0.55069,0.55337,0.54535,0.54789,45011.2
1737129600,0.54856,0.55252,0.54313,0.54682,26913.0
1737144000,0.54647,0.55763,0.54647,0.5551,41298.8
1737158400,0.55531,0.56309,0.5387,0.54098,42473.4
1737172800,0.53965,0.54231,0.51597,0.5177,53227.7
1737187200,0.51614,0.52838,0.5108,0.52515,86789.9
1737201600,0.5248,0.52889,0.51626,0.52289,41389.7
1737216000,0.52268,0.52471,0.51017,0.51635,122369.8
1737230400,0.51654,0.52294,0.50823,0.52144,64160.6
1737244800,0.5202,0.57387,0.5196,0.54095,282004.2
1737259200,0.54044,0.54393,0.52577,0.52927,82175.9
1737273600,0.52891,0.52891,0.49874,0.49969,179939.9
1737288000,0.49972,0.5692,0.49899,0.55249,389497.7
1737302400,0.55244,0.56186,0.54687,0.56099,70284.5
1737316800,0.56202,0.56321,0.49514,0.50397,246071.3
1737331200,0.50404,0.50442,0.47925,0.49493,245394.8
1737345600,0.4959,0.54061,0.49007,0.53054,293087.1
1737360000,0.53358,0.53987,0.51676,0.52279,103998.0
1737374400,0.52282,0.52316,0.49766,0.49988,201025.8
1737388800,0.50001,0.50634,0.4713,0.4897,312024.3
1737403200,0.48819,0.4937,0.47236,0.47753,231451.0
1737417600,0.47703,0.47853,0.45789,0.46304,167187.0
1737432000,0.46196,0.46347,0.45016,0.46039,122947.6
1737446400,0.46039,0.46896,0.45469,0.46823,150303.1
1737460800,0.46901,0.47464,0.46263,0.46905,50132.6
1737475200,0.46822,0.5051,0.46822,0.49406,107772.3
1737489600,0.4962,0.4962,0.48341,0.4867,47358.0
1737504000,0.48611,0.48998,0.47742,0.48247,33030.4
1737518400,0.48243,0.48741,0.47809,0.47989,18133.0
1737532800,0.47964,0.48532,0.47465,0.48392,28751.5
1737547200,0.48463,0.48603,0.47388,0.47963,43147.7
1737561600,0.47802,0.48733,0.4755,0.47965,65659.5
1737576000,0.4801,0.48433,0.47231,0.4747,51368.1
1737590400,0.47407,0.47519,0.46109,0.46371,24080.1
1737604800,0.464,0.46869,0.45743,0.46869,93507.7
1737619200,0.46866,0.46963,0.45927,0.46271,111495.3
1737633600,0.46134,0.47774,0.45545,0.47385,153035.0
1737648000,0.47445,0.48134,0.45707,0.45897,79884.3
1737662400,0.45784,0.47213,0.45359,0.46827,134493.2
1737676800,0.46837,0.47037,0.447,0.45337,88362.8
1737691200,0.45322,0.47342,0.4514,0.46796,140604.9
1737705600,0.46863,0.47677,0.46686,0.47487,69112.7
1737720000,0.47597,0.48018,0.46813,0.47173,39065.7
1737734400,0.47201,0.4729,0.46473,0.46547,54779.6
1737748800,0.46609,0.4678,0.45002,0.45321,39954.6
1737763200,0.4537,0.46385,0.44542,0.46288,78398.4
1737777600,0.46184,0.46279,0.44441,0.44665,78053.3
1737792000,0.4467,0.4527,0.44275,0.45173,118409.9
1737806400,0.45158,0.46853,0.44934,0.46604,190004.3
1737820800,0.4657,0.47871,0.46325,0.46745,144203.9
1737835200,0.46791,0.47039,0.4642,0.46535,48769.7
1737849600,0.46483,0.47882,0.46281,0.47628,50703.3
1737864000,0.47631,0.47868,0.47344,0.47502,50892.8
1737878400,0.47621,0.47697,0.46676,0.47435,40155.2
1737892800,0.47381,0.47865,0.47156,0.47732,46465.6
1737907200,0.47716,0.48088,0.4744,0.47822,99114.7
1737921600,0.47832,0.48001,0.4538,0.4538,223321.9
1737936000,0.4531,0.45535,0.43455,0.44106,177047.4
1737950400,0.44002,0.44002,0.40778,0.41768,214708.9
1737964800,0.41662,0.41923,0.4068,0.41245,69307.4
1737979200,0.41304,0.4342,0.40926,0.43004,192395.8
1737993600,0.43027,0.43067,0.41169,0.41547,161767.1
1738008000,0.41621,0.43959,0.41621,0.43312,432608.3
1738022400,0.43327,0.43911,0.42667,0.43637,250124.5
1738036800,0.43711,0.44225,0.43347,0.43435,154650.2
1738051200,0.43448,0.43485,0.42892,0.43205,93770.8
1738065600,0.43215,0.4365,0.42496,0.43132,176802.8
1738080000,0.43128,0.43131,0.41862,0.42014,226455.1
1738094400,0.42053,0.42192,0.4,0.40387,138414.4
1738108800,0.40327,0.41934,0.40044,0.41751,84705.1
1738123200,0.4166,0.43248,0.41501,0.43171,127785.2
1738137600,0.4317,0.43571,0.42422,0.42524,118521.7
1738152000,0.42556,0.42875,0.41423,0.4166,56879.3
1738166400,0.41577,0.42945,0.4076,0.42622,113409.9
1738180800,0.42253,0.43739,0.4192,0.41959,78876.9
1738195200,0.41982,0.43219,0.41489,0.4317,56663.1
1738209600,0.4322,0.43473,0.42722,0.43067,32561.1
1738224000,0.43151,0.43633,0.42726,0.43564,34171.5
1738238400,0.43556,0.44647,0.43281,0.4438,49616.1
1738252800,0.44485,0.44527,0.43708,0.44276,37132.7
1738267200,0.4429,0.44377,0.43719,0.43721,22677.4
1738281600,0.43747,0.44351,0.43449,0.43821,27747.1
1738296000,0.43766,0.45239,0.43465,0.44826,35541.0
1738310400,0.44775,0.45362,0.4408,0.45302,118473.3
1738324800,0.4533,0.46025,0.45035,0.45988,134306.4
1738339200,0.45958,0.46105,0.44101,0.44831,60413.6
1738353600,0.446,0.44714,0.43701,0.44155,61001.4
1738368000,0.44044,0.44771,0.43809,0.44071,26084.5
1738382400,0.44137,0.44609,0.43926,0.44171,45408.5
1738396800,0.44229,0.44384,0.42882,0.436,25839.9
1738411200,0.43591,0.43933,0.42441,0.42785,21015.9
1738425600,0.42671,0.43185,0.40968,0.41122,18442.5
1738440000,0.41142,0.41154,0.39356,0.39691,81497.3
1738454400,0.39655,0.4098,0.3892,0.3892,48847.4
1738468800,0.3889,0.40156,0.3889,0.39399,28131.2
1738483200,0.39353,0.4019,0.38524,0.38567,25749.9
1738497600,0.38616,0.39397,0.38237,0.38734,21457.5
1738512000,0.38779,0.38803,0.3414,0.35449,234868.9
1738526400,0.35427,0.36089,0.32433,0.34075,199064.6
1738540800,0.33984,0.33984,0.24729,0.28847,803523.4
1738555200,0.2888,0.30867,0.27773,0.30867,217353.4
1738569600,0.30656,0.30971,0.29777,0.30543,63492.8
1738584000,0.30693,0.32472,0.29154,0.32202,178840.2
1738598400,0.32094,0.33374,0.3176,0.3336,55640.7
1738612800,0.33382,0.34655,0.32717,0.34323,54221.9
1738627200,0.34416,0.3466,0.32854,0.33101,32677.4
1738641600,0.33337,0.33597,0.30757,0.30867,90455.1
1738656000,0.30778,0.32195,0.3059,0.31761,62251.3
1738670400,0.31832,0.328,0.31533,0.31991,259506.5
1738684800,0.32015,0.32949,0.31464,0.31464,109262.9
1738699200,0.31537,0.31821,0.30417,0.3137,123208.6
1738713600,0.31334,0.31623,0.30925,0.31344,36554.7
1738728000,0.31234,0.31808,0.30987,0.31483,98393.7
1738742400,0.3146,0.31806,0.30991,0.31765,76252.3
1738756800,0.31731,0.31932,0.3106,0.31362,96955.6
1738771200,0.31393,0.31557,0.30015,0.30671,54057.0
1738785600,0.30603,0.30801,0.29573,0.29975,41029.9
1738800000,0.3015,0.307,0.29779,0.30422,79372.5
1738814400,0.30395,0.30844,0.30166,0.30209,45913.0
1738828800,0.30241,0.30953,0.29834,0.30106,57626.4
1738843200,0.30127,0.30158,0.28075,0.28218,220279.3
1738857600,0.28417,0.2878,0.28017,0.28227,122387.0
1738872000,0.28155,0.28829,0.28121,0.2832,76816.5
1738886400,0.28326,0.29298,0.2827,0.29197,126606.1
1738900800,0.29197,0.29331,0.28279,0.28896,58210.3
1738915200,0.2884,0.30084,0.2884,0.2999,410309.0
1738929600,0.29993,0.3094,0.29824,0.30145,212348.1
1738944000,0.30186,0.30201,0.29318,0.295,62778.0
1738958400,0.29316,0.29369,0.2807,0.28888,86905.6
1738972800,0.28785,0.29392,0.2868,0.29035,52139.7
1738987200,0.28977,0.29289,0.2867,0.29141,55734.6
1739001600,0.29169,0.29207,0.28722,0.28899,124331.9
1739016000,0.28923,0.29775,0.28743,0.29459,81247.3
1739030400,0.2949,0.30677,0.29388,0.30481,39288.0
1739044800,0.30533,0.30933,0.30364,0.30882,54767.9
1739059200,0.30952,0.31709,0.30664,0.31499,61882.9
1739073600,0.31497,0.31656,0.31024,0.31556,32255.6
1739088000,0.3165,0.32,0.31332,0.31366,52872.0
1739102400,0.3138,0.3151,0.30422,0.30919,61678.8
1739116800,0.30908,0.31101,0.30247,0.30307,34318.9
1739131200,0.304,0.30716,0.29241,0.30584,77642.4
1739145600,0.30583,0.3103,0.29367,0.30346,288079.9
1739160000,0.30364,0.30902,0.30247,0.30455,72594.9
1739174400,0.30541,0.30934,0.30168,0.30337,50224.5
1739188800,0.30437,0.31341,0.3003,0.30717,184520.0
1739203200,0.30677,0.3136,0.30677,0.30916,422052.4
1739217600,0.30937,0.31189,0.30862,0.3109,665507.7
1739232000,0.3109,0.31727,0.3102,0.31579,110979.7
1739246400,0.31582,0.32619,0.3147,0.32318,218647.5
1739260800,0.32306,0.32601,0.31366,0.31692,93041.4
1739275200,0.31467,0.31648,0.306,0.3096,233914.8
1739289600,0.30988,0.31145,0.29974,0.30091,82362.7
1739304000,0.30062,0.3078,0.30023,0.30508,53234.6
1739318400,0.30428,0.3083,0.30146,0.30259,149687.5
1739332800,0.30212,0.30598,0.30003,0.30359,179426.9
1739347200,0.30349,0.30808,0.30321,0.30688,59070.0
1739361600,0.30694,0.3122,0.29438,0.30678,256184.3
1739376000,0.3068,0.32001,0.30333,0.31955,92028.0
1739390400,0.31901,0.326,0.31633,0.32201,69023.9
1739404800,0.32218,0.32456,0.31922,0.32151,33097.1
1739419200,0.32181,0.3219,0.30928,0.30953,81186.9
1739433600,0.31001,0.31671,0.30824,0.31215,108694.5
1739448000,0.31182,0.3218,0.30644,0.31585,238833.1
1739462400,0.31495,0.31801,0.31066,0.3161,86812.9
1739476800,0.31558,0.3193,0.31459,0.3179,34738.5
1739491200,0.31731,0.32143,0.31397,0.32103,38240.1
1739505600,0.32083,0.3215,0.31556,0.31755,85335.6
1739520000,0.31785,0.32796,0.31785,0.32122,149814.4
1739534400,0.32147,0.32813,0.31819,0.32609,118212.0
1739548800,0.32653,0.33476,0.32288,0.33138,121762.6
1739563200,0.33088,0.33143,0.32088,0.32625,37566.3
1739577600,0.32632,0.32902,0.323,0.32739,31308.9
1739592000,0.3275,0.329,0.32258,0.32404,45456.5
1739606400,0.32449,0.32702,0.32051,0.32199,37041.2
1739620800,0.32162,0.32408,0.31685,0.3185,34603.0
1739635200,0.31898,0.32122,0.31702,0.31748,26038.4
1739649600,0.31769,0.31893,0.31431,0.3173,48005.2
1739664000,0.31782,0.32085,0.31277,0.31639,27610.4
1739678400,0.31629,0.31991,0.31453,0.31753,59094.6
1739692800,0.31786,0.33157,0.31786,0.32941,64057.3
1739707200,0.32923,0.32972,0.3186,0.32233,46729.1
1739721600,0.32215,0.32433,0.31604,0.31885,67852.5
1739736000,0.31842,0.3212,0.31579,0.32039,27395.2
1739750400,0.32032,0.32585,0.31959,0.32275,83587.6
1739764800,0.3226,0.32339,0.31246,0.31736,104175.4
1739779200,0.31674,0.32703,0.31512,0.32493,91450.5
1739793600,0.32515,0.33124,0.31983,0.32017,45536.6
1739808000,0.3203,0.32139,0.30861,0.31206,56237.1
1739822400,0.31155,0.32068,0.31153,0.3155,50888.9
1739836800,0.31583,0.31823,0.3123,0.31377,30138.5
1739851200,0.31327,0.31441,0.29706,0.29828,61744.7
1739865600,0.29829,0.30022,0.29345,0.29645,59853.0
1739880000,0.29656,0.30428,0.29106,0.29245,73099.4
1739894400,0.29223,0.29496,0.286,0.29309,65572.2
1739908800,0.2929,0.30063,0.29037,0.30045,99084.8
1739923200,0.29972,0.30092,0.2947,0.29886,53158.8
1739937600,0.29921,0.30447,0.29477,0.30275,50800.6
1739952000,0.30297,0.30746,0.30224,0.30686,50492.2
1739966400,0.30746,0.30752,0.30064,0.30213,107410.9
1739980800,0.30212,0.30726,0.30194,0.30341,50916.1
1739995200,0.30396,0.30608,0.29916,0.30403,28062.3
1740009600,0.30476,0.30977,0.30273,0.30882,47512.9
1740024000,0.30901,0.31204,0.3049,0.30582,53674.2
1740038400,0.30564,0.31136,0.30478,0.31038,169475.5
1740052800,0.31074,0.31256,0.30555,0.30555,302911.9
1740067200,0.30643,0.31655,0.30614,0.31642,194271.6
1740081600,0.31636,0.31839,0.31482,0.31631,147195.5
1740096000,0.31675,0.31894,0.31183,0.3146,90625.4
1740110400,0.31509,0.33834,0.31509,0.33633,260512.6
1740124800,0.3365,0.34101,0.33097,0.33151,205191.0
1740139200,0.33247,0.33891,0.31752,0.32115,112166.5
1740153600,0.3211,0.32674,0.3047,0.30585,87103.1
1740168000,0.30523,0.31007,0.30274,0.30579,76123.5
1740182400,0.30367,0.30898,0.30324,0.30458,237399.3
1740196800,0.30487,0.31098,0.3043,0.30889,55601.1
1740211200,0.3089,0.31487,0.30854,0.31418,76604.1
1740225600,0.31438,0.3155,0.30988,0.315,63936.8
1740240000,0.31557,0.3195,0.31557,0.31589,197406.7
1740254400,0.31586,0.31599,0.31144,0.31432,176219.3
1740268800,0.31415,0.3536,0.31384,0.33418,1247465.6000000001
1740283200,0.33419,0.33539,0.32612,0.33159,384781.4
1740297600,0.33188,0.34966,0.33009,0.33327,423838.0
1740312000,0.33319,0.33375,0.32159,0.32257,125874.5
1740326400,0.32277,0.33133,0.32277,0.32791,99200.1
1740340800,0.32794,0.33222,0.32501,0.33059,313561.4
1740355200,0.3314,0.335,0.31236,0.31323,317567.5
1740369600,0.31259,0.31449,0.30836,0.31228,56484.6
1740384000,0.31226,0.31272,0.3039,0.30886,228661.6
1740398400,0.30854,0.30874,0.2977,0.30149,95563.0
1740412800,0.30099,0.30438,0.29399,0.29555,66230.5
1740427200,0.2958,0.30135,0.27642,0.28041,187982.4
1740441600,0.28036,0.28227,0.27047,0.27672,117865.0
1740456000,0.27523,0.27603,0.25929,0.26816,288052.9
1740470400,0.26734,0.2757,0.2636,0.2753,138872.3
1740484800,0.27512,0.27981,0.2698,0.27763,85453.5
1740499200,0.27778,0.28293,0.27546,0.28268,52353.9
1740513600,0.28319,0.29036,0.28169,0.28588,65591.3
1740528000,0.28577,0.28963,0.28265,0.2882,28336.3
1740542400,0.28831,0.29054,0.28518,0.28828,141028.8
1740556800,0.28779,0.29107,0.28549,0.28681,35084.4
1740571200,0.28692,0.29012,0.27719,0.28779,90427.7
1740585600,0.28735,0.28853,0.27344,0.2793,223547.2
1740600000,0.27926,0.29345,0.27747,0.28854,110456.1
1740614400,0.28904,0.31082,0.28521,0.30945,185197.9
1740628800,0.30872,0.3164,0.30592,0.30958,199164.1
1740643200,0.31048,0.31054,0.30246,0.30423,110280.6
1740657600,0.30437,0.3058,0.29476,0.29779,254657.3
1740672000,0.29686,0.29811,0.29111,0.29215,44124.5
1740686400,0.29217,0.2967,0.28744,0.29657,236191.8
1740700800,0.29588,0.31123,0.27789,0.27789,301763.1
1740715200,0.27851,0.28029,0.27302,0.27587,138546.7
1740729600,0.27533,0.28369,0.27087,0.27977,81527.2
1740744000,0.27958,0.2956,0.27639,0.29387,171959.8
1740758400,0.294,0.29912,0.29179,0.29684,58490.5
1740772800,0.29719,0.29987,0.29427,0.29784,42332.7
1740787200,0.29825,0.30563,0.29515,0.29842,94452.3
1740801600,0.29796,0.30192,0.29628,0.29701,63070.3
1740816000,0.29732,0.30133,0.29082,0.29134,39063.8
1740830400,0.29239,0.29239,0.28564,0.28754,45759.2
1740844800,0.28701,0.29131,0.2853,0.2901,35202.7
1740859200,0.2893,0.29405,0.28777,0.29285,101206.8
1740873600,0.2932,0.2932,0.28756,0.28843,30887.2
1740888000,0.28882,0.29259,0.28782,0.28925,51544.1
1740902400,0.28903,0.29399,0.28741,0.29174,29155.1
1740916800,0.29174,0.30183,0.28553,0.29639,138339.6
1740931200,0.29607,0.31153,0.29515,0.3109,318420.3
1740945600,0.31145,0.31407,0.30982,0.31173,33716.6
1740960000,0.31324,0.3147,0.30069,0.30314,61330.0
1740974400,0.30313,0.3079,0.29363,0.29781,41188.4
1740988800,0.29745,0.29819,0.29155,0.29404,38895.3
1741003200,0.29468,0.29877,0.28401,0.28791,48771.6
1741017600,0.28776,0.28856,0.2625,0.2625,51114.9
1741032000,0.26304,0.26449,0.25291,0.25676,133592.7
1741046400,0.25648,0.25827,0.23672,0.24408,170841.8
1741060800,0.2441,0.25003,0.24313,0.24456,36085.0
1741075200,0.24499,0.24499,0.23954,0.24139,52760.5
1741089600,0.24112,0.24484,0.23181,0.23803,178086.8
1741104000,0.23818,0.24346,0.2248,0.24256,309997.1
1741118400,0.24262,0.2464,0.23908,0.24271,71966.3
1741132800,0.24286,0.26078,0.24194,0.25029,443072.8
1741147200,0.24755,0.2556,0.24594,0.25443,65871.0
1741161600,0.2543,0.26051,0.25388,0.25698,146000.4
1741176000,0.25713,0.25953,0.25192,0.25401,68479.6
1741190400,0.25405,0.26146,0.24997,0.26034,51286.3
1741204800,0.26068,0.26238,0.25902,0.2594,28550.5
1741219200,0.25977,0.26182,0.25611,0.26128,33933.3
1741233600,0.26136,0.26381,0.25762,0.25797,36956.9
1741248000,0.25805,0.26132,0.25671,0.2605,35851.7
1741262400,0.26051,0.26051,0.25202,0.25637,46978.3
1741276800,0.25638,0.25758,0.24195,0.24481,50491.8
1741291200,0.24472,0.2494,0.24332,0.24629,93406.6
1741305600,0.24648,0.25015,0.231,0.24087,127600.0
1741320000,0.24096,0.24546,0.24096,0.24516,42774.9
1741334400,0.24505,0.24816,0.24188,0.24683,43617.6
1741348800,0.24667,0.25177,0.24376,0.24933,62298.9
1741363200,0.24874,0.25297,0.24281,0.24951,63369.1
1741377600,0.24959,0.25043,0.23866,0.23982,79545.7
1741392000,0.23911,0.24109,0.23539,0.23813,91006.7
1741406400,0.2385,0.24168,0.23664,0.23718,38050.7
1741420800,0.23723,0.23922,0.23406,0.23505,51779.1
1741435200,0.23539,0.23922,0.23427,0.23605,67297.5
1741449600,0.23594,0.23944,0.23198,0.23864,54702.8
1741464000,0.2388,0.23901,0.2333,0.23674,38928.7
1741478400,0.23669,0.23888,0.23342,0.23547,33592.1
1741492800,0.23539,0.2365,0.23239,0.23474,31990.9
1741507200,0.23484,0.23551,0.22804,0.22923,33332.4
1741521600,0.22948,0.23061,0.21876,0.21983,80798.2
1741536000,0.2199,0.22153,0.20536,0.21204,78747.1
1741550400,0.21188,0.21367,0.20537,0.20757,38263.1
1741564800,0.20843,0.2143,0.20526,0.21157,70915.6
1741579200,0.21143,0.21545,0.2114,0.21534,35074.2
1741593600,0.21521,0.22198,0.21142,0.22103,149236.4
1741608000,0.22055,0.22259,0.20808,0.21295,85353.9
1741622400,0.21285,0.21333,0.1952,0.20337,197985.9
1741636800,0.20367,0.20426,0.19928,0.19928,39642.1
1741651200,0.19962,0.20157,0.18278,0.19651,255113.6
1741665600,0.19712,0.20262,0.19638,0.19954,85662.9
1741680000,0.19927,0.20211,0.19796,0.20056,122284.7
1741694400,0.201,0.20308,0.19219,0.20128,154890.3
1741708800,0.20099,0.21182,0.2,0.21023,119387.6
1741723200,0.21023,0.21023,0.20453,0.20524,44372.5
1741737600,0.20546,0.21252,0.20546,0.209,157736.1
1741752000,0.20979,0.21833,0.20644,0.21817,171880.1
1741766400,0.2183,0.219,0.2143,0.21697,229164.2
1741780800,0.21694,0.2223,0.20746,0.21081,152756.7
1741795200,0.21042,0.21547,0.21042,0.21357,99815.1
1741809600,0.21345,0.2153,0.21208,0.21526,49442.4
1741824000,0.21549,0.21729,0.21047,0.2112,66135.6
1741838400,0.21121,0.21208,0.20742,0.2105,130132.6
1741852800,0.21062,0.21602,0.20776,0.21495,120129.8
1741867200,0.21501,0.21788,0.20819,0.20862,60953.7
1741881600,0.20929,0.20929,0.20254,0.20391,33916.6
1741896000,0.20401,0.20886,0.20098,0.20775,50441.7
1741910400,0.20742,0.20985,0.20704,0.2088,59389.2
1741924800,0.20884,0.21234,0.20832,0.2112,39647.9
1741939200,0.21127,0.21451,0.211,0.21128,95809.9
1741953600,0.21122,0.21525,0.20949,0.21276,156517.4
1741968000,0.21308,0.21341,0.20912,0.20969,45752.9
1741982400,0.20943,0.21168,0.20779,0.20997,74981.8
1741996800,0.21029,0.21329,0.20893,0.21305,72770.7
1742011200,0.21329,0.21933,0.21266,0.21702,129234.3
1742025600,0.217,0.22,0.21504,0.21971,31773.6
1742040000,0.21944,0.2208,0.21817,0.22007,51754.7
1742054400,0.22006,0.22119,0.21728,0.21785,167376.3
1742068800,0.21825,0.2204,0.21815,0.21851,57807.2
1742083200,0.21852,0.21865,0.2136,0.21714,51413.3
1742097600,0.21724,0.21838,0.21536,0.21624,56592.0
1742112000,0.21644,0.2176,0.20941,0.21004,64213.9
1742126400,0.20998,0.21162,0.20644,0.20882,40756.9
1742140800,0.20894,0.21408,0.20449,0.2049,128805.8
1742155200,0.20539,0.20696,0.20351,0.20516,104629.7
1742169600,0.20513,0.20986,0.20453,0.20912,60744.6
1742184000,0.20932,0.214,0.20863,0.2139,69775.7
1742198400,0.21403,0.21765,0.21206,0.21609,70374.8
1742212800,0.21607,0.22231,0.21288,0.21709,134730.9
1742227200,0.21751,0.22336,0.2169,0.22169,58297.1
1742241600,0.2218,0.22282,0.21933,0.22002,45820.1
1742256000,0.21989,0.22216,0.21306,0.21371,60078.5
1742270400,0.21367,0.21491,0.20968,0.21221,72629.1
1742284800,0.21208,0.21583,0.21115,0.2121,37785.5
1742299200,0.21175,0.21428,0.20611,0.20668,85879.3
1742313600,0.20643,0.20793,0.20534,0.20783,38686.9
1742328000,0.20769,0.21153,0.20615,0.2113,80105.5
1742342400,0.21133,0.21397,0.21093,0.21307,60947.6
1742356800,0.21365,0.21533,0.21203,0.21215,59380.9
1742371200,0.2121,0.21935,0.2121,0.21864,191430.4
1742385600,0.21885,0.21917,0.21394,0.21657,201345.6
1742400000,0.21689,0.22202,0.21323,0.21971,183437.4
1742414400,0.21993,0.2242,0.21899,0.22329,331104.7
1742428800,0.22345,0.22489,0.2171,0.21915,91025.2
1742443200,0.21914,0.2205,0.21872,0.21969,35524.0
1742457600,0.21954,0.22138,0.2136,0.21509,33983.1
1742472000,0.21455,0.21909,0.21424,0.2151,36699.9
1742486400,0.21534,0.21587,0.21176,0.21396,37331.8
1742500800,0.21361,0.21543,0.2122,0.21319,32365.6
1742515200,0.21337,0.21694,0.21264,0.21488,34643.8
1742529600,0.21516,0.21771,0.21258,0.21288,39446.6
1742544000,0.21298,0.21411,0.20864,0.20989,41542.4
1742558400,0.20995,0.21169,0.20832,0.2101,43130.0
1742572800,0.20999,0.21618,0.20914,0.21537,58172.0
1742587200,0.2156,0.21784,0.2143,0.21784,81550.0
1742601600,0.21873,0.26104,0.21776,0.25115,3273062.1000000001
1742616000,0.25121,0.297,0.25109,0.28725,4910012.0
1742630400,0.28768,0.29495,0.27079,0.28433,2389710.8999999999
1742644800,0.28446,0.3035,0.2744,0.29695,1718891.6000000001
1742659200,0.29623,0.32328,0.28776,0.29132,2425255.2000000002
1742673600,0.29103,0.36006,0.2825,0.356,7371914.0
1742688000,0.356,0.40221,0.34675,0.36484,13065974.8000000007
1742702400,0.36578,0.36638,0.32005,0.32944,4638611.7999999998
1742716800,0.32898,0.3425,0.29884,0.30516,2391713.2000000002
1742731200,0.30511,0.31095,0.29133,0.2925,1381956.3999999999
1742745600,0.29262,0.29262,0.27709,0.28332,1306379.8
1742760000,0.28425,0.29393,0.2822,0.28924,2613781.2999999998
1742774400,0.28909,0.3414,0.28659,0.32607,11784848.0
1742788800,0.32616,0.3463,0.32274,0.32474,4046153.0
1742803200,0.32457,0.33074,0.31098,0.31269,2858785.7999999998
1742817600,0.31249,0.3143,0.30515,0.30674,3639691.7999999998
1742832000,0.30652,0.31028,0.30267,0.30726,1029382.4
1742846400,0.30765,0.31968,0.30573,0.31808,979730.3
1742860800,0.3187,0.3187,0.3073,0.31108,838152.0
1742875200,0.30976,0.31237,0.29577,0.29952,2098105.6000000001
1742889600,0.29961,0.30469,0.29796,0.30157,494962.3
1742904000,0.30184,0.30427,0.29626,0.30085,156214.0
1742918400,0.30124,0.31002,0.29837,0.30919,405791.9
1742932800,0.30963,0.3226,0.30812,0.3225,492660.4
1742947200,0.32119,0.359,0.3093,0.35556,1332433.0
1742961600,0.35533,0.3577,0.32149,0.32451,659601.4
1742976000,0.32542,0.32883,0.32035,0.32457,342235.1
1742990400,0.3245,0.33688,0.32003,0.33459,528429.8
1743004800,0.33411,0.34417,0.32976,0.33918,1001951.3
1743019200,0.33967,0.37526,0.33563,0.36035,2115755.2999999998
1743033600,0.36009,0.36116,0.3426,0.3473,328284.9
1743048000,0.34725,0.38956,0.34725,0.37408,1187475.8
1743062400,0.37461,0.43301,0.37263,0.41084,2925175.0
1743076800,0.4097,0.40993,0.38926,0.39986,2060104.8
1743091200,0.39952,0.41675,0.3967,0.40612,1110613.5
1743105600,0.40622,0.40847,0.36752,0.37299,1409352.7
1743120000,0.37243,0.3846,0.35522,0.35884,1053154.8
1743134400,0.35772,0.36452,0.3482,0.35106,854726.9
1743148800,0.35078,0.35501,0.33501,0.3376,326928.7
1743163200,0.3376,0.341,0.33115,0.33267,363501.0
1743177600,0.33293,0.33293,0.31628,0.31822,792759.2
1743192000,0.31816,0.32602,0.31816,0.3222,532019.8
1743206400,0.324,0.32401,0.30758,0.31167,421078.8
1743220800,0.31156,0.31352,0.3006,0.30214,329154.1
1743235200,0.30298,0.30606,0.2974,0.2988,168036.2
1743249600,0.29933,0.30977,0.29708,0.29755,232986.0
1743264000,0.29782,0.2987,0.28722,0.28994,309656.6
1743278400,0.28987,0.28987,0.28135,0.28423,434135.8
1743292800,0.28408,0.30891,0.28397,0.29184,1309993.0
1743307200,0.29189,0.3006,0.29142,0.29914,261328.9
1743321600,0.29949,0.30383,0.29442,0.29651,273078.1
1743336000,0.29613,0.29631,0.28705,0.29361,206226.0
1743350400,0.29333,0.29758,0.28984,0.29347,181418.8
1743364800,0.29361,0.29444,0.28328,0.28622,106377.5
1743379200,0.28698,0.30166,0.27628,0.29726,478941.4
1743393600,0.29806,0.30294,0.29449,0.29961,284543.1
1743408000,0.29974,0.30509,0.2829,0.29206,434967.4
1743422400,0.29223,0.30233,0.28848,0.2955,387694.3
1743436800,0.29571,0.29875,0.29269,0.29378,274530.4
1743451200,0.29311,0.29393,0.28673,0.28754,221591.7
1743465600,0.28755,0.29577,0.28393,0.29293,324594.7
1743480000,0.29285,0.29543,0.2885,0.28976,135940.4
1743494400,0.28995,0.29542,0.2879,0.28915,236323.8
1743508800,0.28927,0.2963,0.28565,0.29532,208856.7
1743523200,0.29527,0.29706,0.27504,0.27676,155086.2
1743537600,0.27651,0.27691,0.26647,0.26883,164534.7
1743552000,0.26939,0.27329,0.2516,0.25559,390547.0
1743566400,0.25585,0.25788,0.24582,0.24821,129074.0
1743580800,0.24836,0.25962,0.24822,0.25463,350129.4
1743595200,0.25505,0.26475,0.2513,0.26444,448210.7
1743609600,0.2648,0.26902,0.25809,0.2633,115309.7
1743624000,0.26338,0.27276,0.25052,0.25343,420914.9
1743638400,0.2535,0.26352,0.25186,0.26217,133173.5
1743652800,0.26322,0.27418,0.26014,0.27021,1008619.9
1743667200,0.27025,0.2772,0.25991,0.25991,823403.2
1743681600,0.26027,0.26955,0.24924,0.25493,323971.3
1743696000,0.25514,0.26077,0.25298,0.25767,134103.7
1743710400,0.25779,0.26115,0.2551,0.25627,267589.8
1743724800,0.25721,0.25765,0.24847,0.25145,190397.5
1743739200,0.25163,0.25707,0.24849,0.25264,90952.3
1743753600,0.25404,0.25551,0.23729,0.23977,67394.9
1743768000,0.2402,0.25182,0.23885,0.2459,287623.6
1743782400,0.2446,0.25092,0.24422,0.24642,290338.0
1743796800,0.24683,0.25021,0.24483,0.24581,33685.1
1743811200,0.24571,0.24663,0.24081,0.24269,67969.4
1743825600,0.24303,0.25319,0.24221,0.25054,90012.2
1743840000,0.25076,0.25388,0.24787,0.24862,128590.4
1743854400,0.24904,0.2504,0.24301,0.24419,54153.3
1743868800,0.24445,0.24503,0.24163,0.24204,33226.3
1743883200,0.24212,0.24425,0.2401,0.24365,38241.8
1743897600,0.24356,0.24356,0.23834,0.2386,31178.7
1743912000,0.23847,0.23997,0.23401,0.23474,41072.0
1743926400,0.23462,0.23554,0.23082,0.23302,177378.8
1743940800,0.23305,0.23305,0.22321,0.2264,162054.1
1743955200,0.22693,0.22737,0.20936,0.21167,65741.3
1743969600,0.21273,0.21273,0.20453,0.20904,55028.4
1743984000,0.20927,0.21639,0.20371,0.20616,56907.6
1743998400,0.20649,0.2093,0.18942,0.19648,70137.8
1744012800,0.19634,0.20739,0.19634,0.20324,113188.8
1744027200,0.20402,0.2244,0.20326,0.21624,96453.4
1744041600,0.2162,0.21865,0.2118,0.21696,56525.6
1744056000,0.21725,0.2244,0.21725,0.2188,75246.8
1744070400,0.21884,0.22107,0.21336,0.2168,42689.9
1744084800,0.21699,0.21848,0.21094,0.21167,106659.5
1744099200,0.21158,0.21592,0.21,0.21592,17561.1
1744113600,0.21608,0.2169,0.20792,0.21031,30033.4
1744128000,0.21006,0.21032,0.20343,0.20441,55033.2
1744142400,0.20507,0.20556,0.19796,0.19978,31418.9
1744156800,0.19967,0.20072,0.19048,0.1963,46875.8
1744171200,0.1986,0.20624,0.1969,0.20503,19551.8
1744185600,0.20554,0.2068,0.1983,0.19899,33498.6
1744200000,0.19894,0.20573,0.19709,0.20465,143123.1
1744214400,0.20546,0.22527,0.20546,0.22279,203001.6
1744228800,0.22283,0.2252,0.22099,0.22246,34986.7
1744243200,0.22374,0.2355,0.22137,0.22862,314368.2
1744257600,0.22936,0.22941,0.2189,0.22252,304933.5
1744272000,0.22275,0.22342,0.21951,0.22139,108352.8
1744286400,0.22162,0.22853,0.21759,0.21838,138759.4
1744300800,0.21984,0.22083,0.21673,0.21966,135045.9
1744315200,0.21967,0.22344,0.21907,0.22284,36641.5
1744329600,0.22209,0.22815,0.22003,0.22815,50916.2
1744344000,0.22862,0.2391,0.22837,0.23121,115934.4
1744358400,0.23142,0.23281,0.2272,0.2272,106661.7
1744372800,0.22746,0.23633,0.22731,0.23633,105261.1
1744387200,0.2369,0.24172,0.23559,0.23769,31049.9
1744401600,0.23796,0.23911,0.23479,0.23611,24642.7
1744416000,0.23621,0.25171,0.23547,0.24096,1224515.0
1744430400,0.24194,0.2465,0.2392,0.24364,183166.6
1744444800,0.2439,0.24576,0.23471,0.23586,102092.7
1744459200,0.23617,0.24434,0.23594,0.24425,28396.5
1744473600,0.24445,0.24739,0.24355,0.24567,17779.2
1744488000,0.24595,0.24636,0.24152,0.24197,17561.4
1744502400,0.2413,0.24165,0.23343,0.23343,154011.9
1744516800,0.23363,0.2337,0.22809,0.23073,25775.3
1744531200,0.23082,0.23376,0.22969,0.23159,25774.7
1744545600,0.23146,0.23237,0.22443,0.22574,31874.6
1744560000,0.22678,0.23309,0.21804,0.2193,79470.8
1744574400,0.21865,0.22171,0.21353,0.21764,37045.6
1744588800,0.21754,0.2273,0.21678,0.2221,37056.4
1744603200,0.22258,0.24663,0.22238,0.24615,344934.3
1744617600,0.24614,0.2562,0.23559,0.23573,1119733.0
1744632000,0.23648,0.23881,0.22926,0.22987,56352.8
1744646400,0.23023,0.23103,0.22615,0.23011,67533.7
1744660800,0.22978,0.22984,0.22382,0.22517,28908.1
1744675200,0.2241,0.24357,0.22341,0.23897,425546.7
1744689600,0.23901,0.23985,0.22984,0.23841,373817.7
1744704000,0.23827,0.24819,0.23529,0.23728,255891.9
1744718400,0.2372,0.24076,0.23443,0.23608,299773.7
1744732800,0.23783,0.24043,0.22946,0.23048,61089.8
1744747200,0.23077,0.2369,0.22988,0.2369,89448.7
1744761600,0.2373,0.24136,0.23263,0.23457,173512.8
1744776000,0.23644,0.23666,0.22059,0.2216,92929.6
1744790400,0.22189,0.22963,0.22162,0.22451,53554.1
1744804800,0.22426,0.22551,0.21741,0.21892,50309.0
1744819200,0.21929,0.22723,0.21652,0.2257,138281.5
1744833600,0.22623,0.227,0.22102,0.22431,25898.8
1744848000,0.22377,0.22377,0.2148,0.21557,28312.0
1744862400,0.21538,0.22479,0.21518,0.22146,117844.9
1744876800,0.22153,0.22376,0.21773,0.22153,284484.2
1744891200,0.22134,0.2294,0.21845,0.22451,128734.2
1744905600,0.22454,0.23068,0.22087,0.22778,339028.0
1744920000,0.2283,0.23046,0.2236,0.22458,31410.9
1744934400,0.22467,0.22902,0.22159,0.22891,93999.7
1744948800,0.22888,0.23221,0.22262,0.2311,400722.0
1744963200,0.23193,0.23549,0.22976,0.23549,47446.3
1744977600,0.23645,0.23645,0.22565,0.22619,286571.2
1744992000,0.2268,0.23114,0.2258,0.22879,35698.2
1745006400,0.2286,0.23481,0.22806,0.23416,16905.4
1745020800,0.23469,0.23797,0.23269,0.23609,35427.2
1745035200,0.23641,0.23652,0.23279,0.23575,17739.8
1745049600,0.23539,0.23539,0.23357,0.23406,17509.2
1745064000,0.23414,0.2347,0.22671,0.22832,42927.2
1745078400,0.2295,0.23553,0.22696,0.23383,94286.5
1745092800,0.23354,0.23549,0.23278,0.23467,41656.0
1745107200,0.23503,0.23553,0.23217,0.23526,18991.9
1745121600,0.23546,0.24027,0.23233,0.23361,95148.4
1745136000,0.2251,0.22622,0.22331,0.22471,8526.4
1745150400,0.22543,0.2298,0.22543,0.22782,19407.2
1745164800,0.22773,0.23155,0.22531,0.22876,33191.6
1745179200,0.22903,0.23218,0.2274,0.23218,19444.4
1745193600,0.23225,0.23916,0.23113,0.23623,109738.6
1745208000,0.23617,0.2392,0.23598,0.23677,33699.2
1745222400,0.23647,0.24102,0.23647,0.23872,28100.3
1745236800,0.23859,0.24335,0.23758,0.24078,32759.9
1745251200,0.24203,0.24295,0.23508,0.23881,84471.4
1745265600,0.23897,0.24224,0.23791,0.24223,27917.1
1745280000,0.24267,0.24401,0.2345,0.23573,91651.6
1745294400,0.23603,0.23633,0.2274,0.23537,60447.2
1745308800,0.23582,0.23612,0.2322,0.23444,28454.4
1745323200,0.23457,0.2428,0.23287,0.23975,98958.7
1745337600,0.24059,0.24279,0.23844,0.24216,64889.7
1745352000,0.2415,0.2508,0.24081,0.24978,79649.7
1745366400,0.24968,0.2622,0.24669,0.25716,197506.0
1745380800,0.25706,0.26078,0.25449,0.25621,39060.2
1745395200,0.25538,0.26324,0.25538,0.26068,554837.7
1745409600,0.26027,0.26411,0.25328,0.25948,2514196.7999999998
1745424000,0.25913,0.26471,0.25523,0.2616,298602.6
1745438400,0.26175,0.27068,0.259,0.26911,56347.2
1745452800,0.26897,0.26897,0.25538,0.25538,91762.2
1745467200,0.2551,0.26117,0.25284,0.25357,42225.6
1745481600,0.255,0.25675,0.25149,0.25655,86370.9
1745496000,0.2568,0.26468,0.25539,0.26326,123097.0
1745510400,0.26418,0.26571,0.2598,0.26125,25828.0
1745524800,0.26244,0.26745,0.26157,0.26673,101011.6
1745539200,0.26609,0.28647,0.26215,0.26612,3516357.2000000002
1745553600,0.26605,0.27291,0.2638,0.27126,1015445.4
1745568000,0.27112,0.27169,0.26506,0.26902,755549.2
1745582400,0.2698,0.26991,0.26331,0.26462,125260.7
1745596800,0.26505,0.26658,0.2614,0.26193,207175.6
1745611200,0.26213,0.26711,0.26018,0.26652,86088.4
1745625600,0.26695,0.2739,0.26564,0.27073,43330.6
1745640000,0.27059,0.27147,0.2659,0.26936,11987.0
1745654400,0.26972,0.27045,0.26029,0.26077,15438.2
1745668800,0.26114,0.26454,0.2578,0.26454,51767.2
1745683200,0.26443,0.26464,0.26112,0.26324,37075.2
1745697600,0.26362,0.2688,0.26233,0.26817,18285.0
1745712000,0.2682,0.2682,0.25419,0.25814,168327.1
1745726400,0.2585,0.25895,0.2503,0.25363,45232.9
1745740800,0.25396,0.2578,0.25396,0.25473,24356.7
1745755200,0.25579,0.25579,0.24947,0.25203,31129.3
1745769600,0.25189,0.25497,0.24932,0.25393,18128.1
1745784000,0.25422,0.25515,0.25018,0.25063,37378.2
1745798400,0.2497,0.25165,0.24291,0.25088,59334.2
1745812800,0.25137,0.25996,0.25125,0.25952,21732.7
1745827200,0.25978,0.27537,0.25834,0.26436,3692386.7999999998
1745841600,0.26436,0.26464,0.24979,0.25124,1863168.8999999999
1745856000,0.25157,0.26064,0.24956,0.25812,278065.7
1745870400,0.25827,0.26123,0.25694,0.26048,30036.2
1745884800,0.26038,0.27004,0.26038,0.26926,130648.5
1745899200,0.2691,0.27461,0.26559,0.27219,90615.3
1745913600,0.27262,0.2788,0.26509,0.27714,322372.1
1745928000,0.27733,0.28826,0.2704,0.27067,310832.6
1745942400,0.27126,0.27126,0.2657,0.26626,155346.4
1745956800,0.26648,0.26757,0.25525,0.25955,122625.5
1745971200,0.25945,0.28672,0.25945,0.27405,832152.8
1745985600,0.27417,0.27756,0.26777,0.26978,135075.2
1746000000,0.2703,0.28219,0.26932,0.28112,265851.7
1746014400,0.28019,0.28113,0.26417,0.2729,113230.6
1746028800,0.27283,0.27877,0.27118,0.27522,55465.6
1746043200,0.27538,0.27882,0.27022,0.27227,103820.4
1746057600,0.2745,0.27883,0.267,0.26797,98948.5
1746072000,0.26804,0.27148,0.26748,0.26919,101595.0
1746086400,0.26912,0.2757,0.26874,0.27204,107444.9
1746100800,0.27228,0.27346,0.26675,0.26675,122800.1
1746115200,0.26697,0.2686,0.26559,0.26739,55182.6
1746129600,0.2673,0.27617,0.2669,0.2742,51760.7
1746144000,0.27424,0.28608,0.2739,0.27969,261378.8
1746158400,0.28023,0.28235,0.26903,0.27045,82154.5
1746172800,0.27051,0.27701,0.27017,0.27283,34752.3
1746187200,0.27304,0.28074,0.2708,0.28024,405657.5
1746201600,0.28046,0.2847,0.27931,0.2843,59363.9
1746216000,0.28324,0.28517,0.27933,0.2844,97440.2
1746230400,0.28492,0.28492,0.2739,0.27925,70476.8
1746244800,0.27946,0.27993,0.27256,0.27337,33999.7
1746259200,0.2734,0.2748,0.26518,0.2653,35704.0
1746273600,0.26542,0.26773,0.26215,0.26476,48615.0
1746288000,0.26475,0.26498,0.25635,0.26177,161360.6
1746302400,0.26203,0.26232,0.25865,0.25896,31828.3
1746316800,0.25872,0.25992,0.25204,0.2522,34844.2
1746331200,0.25164,0.25525,0.2507,0.2507,20156.1
1746345600,0.25087,0.25185,0.24782,0.25141,46680.7
1746360000,0.25142,0.25225,0.2472,0.25019,35399.3
1746374400,0.25077,0.25121,0.24595,0.24662,75847.9
1746388800,0.24657,0.25011,0.24572,0.24701,98538.6
1746403200,0.24679,0.2513,0.2444,0.25038,30708.2
1746417600,0.25033,0.2533,0.24971,0.25203,26381.0
1746432000,0.25203,0.25348,0.2467,0.24769,19505.2
1746446400,0.24739,0.24927,0.24345,0.24386,29922.0
1746460800,0.24426,0.24918,0.24408,0.24493,49844.5
1746475200,0.24542,0.24736,0.24018,0.24508,63484.1
1746489600,0.24525,0.25381,0.24525,0.25341,148728.3
1746504000,0.25359,0.25381,0.24789,0.24793,75821.8
1746518400,0.24782,0.24782,0.23163,0.23295,72020.9
1746532800,0.2328,0.2347,0.22709,0.23098,67756.6
1746547200,0.23097,0.23656,0.22968,0.23305,43764.5
1746561600,0.23336,0.23657,0.2257,0.23608,32188.8
1746576000,0.23646,0.24062,0.23505,0.23756,33147.5
1746590400,0.23756,0.2417,0.23693,0.24151,44669.0
1746604800,0.24046,0.24695,0.23994,0.24677,87244.9
1746619200,0.24723,0.24852,0.24375,0.2461,69693.8
1746633600,0.24596,0.24717,0.24005,0.24305,97519.1
1746648000,0.24284,0.2482,0.24091,0.24683,44199.1
1746662400,0.2467,0.26188,0.24617,0.26101,144038.4
1746676800,0.26126,0.26499,0.25747,0.258,99376.5
1746691200,0.258,0.26202,0.258,0.26021,33219.1
1746705600,0.25999,0.26504,0.25663,0.26324,180297.0
1746720000,0.26312,0.26721,0.26312,0.26461,170819.5
1746734400,0.26556,0.27355,0.26484,0.27103,70003.5
1746748800,0.27115,0.27992,0.27113,0.27269,117609.7
1746763200,0.27357,0.29047,0.27292,0.28692,265273.4
1746777600,0.28816,0.2918,0.2817,0.28662,99784.8
1746792000,0.28734,0.29854,0.28464,0.29175,81782.9
1746806400,0.29175,0.29438,0.28611,0.29287,66554.5
1746820800,0.29269,0.29854,0.29253,0.29852,66190.0
1746835200,0.29877,0.3049,0.2923,0.29834,109950.4
1746849600,0.29817,0.30448,0.29429,0.30364,23457.1
1746864000,0.30376,0.30528,0.2923,0.2933,80186.7
1746878400,0.29335,0.30136,0.29254,0.2951,63253.7
1746892800,0.29603,0.306,0.2951,0.30528,47814.4
1746907200,0.30475,0.31404,0.30278,0.31353,35706.8
1746921600,0.3126,0.3131,0.3009,0.30948,109014.7
1746936000,0.30937,0.31114,0.29483,0.29727,89071.1
1746950400,0.2986,0.30271,0.29688,0.30223,30952.1
1746964800,0.30179,0.30271,0.29354,0.29587,41545.1
1746979200,0.29584,0.30136,0.2923,0.30056,37545.7
1746993600,0.3004,0.30164,0.29753,0.29879,18491.3
1747008000,0.29898,0.30246,0.29274,0.30177,46266.4
1747022400,0.30159,0.3066,0.29625,0.30177,717181.9
1747036800,0.30106,0.3056,0.298,0.29839,96943.1
1747051200,0.29897,0.30595,0.2923,0.29449,205539.4
1747065600,0.29465,0.30391,0.2808,0.29143,116221.3
1747080000,0.29087,0.29961,0.28993,0.29845,44057.9
1747094400,0.29768,0.29768,0.27941,0.27955,97072.0
1747108800,0.27846,0.28689,0.27846,0.28418,51666.2
1747123200,0.28553,0.29175,0.28296,0.29073,60678.6
1747137600,0.29056,0.2951,0.28703,0.29292,115906.0
1747152000,0.29301,0.30456,0.29283,0.30375,75365.2
1747166400,0.30412,0.30626,0.30211,0.3045,63049.6
1747180800,0.30438,0.30833,0.29761,0.30069,495620.5
1747195200,0.30071,0.30344,0.29808,0.29888,153381.1
1747209600,0.29918,0.29953,0.28907,0.29751,312573.7
1747224000,0.29746,0.29773,0.28498,0.28754,153818.5
1747238400,0.28762,0.28794,0.2824,0.28532,116303.2
1747252800,0.28523,0.28738,0.28282,0.28503,199388.1
1747267200,0.28481,0.28769,0.2775,0.27751,42507.2
1747281600,0.27724,0.27845,0.26296,0.26377,78637.3
1747296000,0.26377,0.26763,0.25957,0.26457,103358.0
1747310400,0.26401,0.26957,0.25872,0.26916,202648.8
1747324800,0.26927,0.27443,0.2636,0.26587,124087.8
1747339200,0.2656,0.26756,0.2579,0.26379,138314.6
1747353600,0.26324,0.2689,0.26193,0.2688,46923.3
1747368000,0.26887,0.27013,0.26538,0.26874,91114.1
1747382400,0.26923,0.272,0.26415,0.26949,42115.1
1747396800,0.26944,0.2706,0.26459,0.26793,98371.9
1747411200,0.26797,0.26912,0.26241,0.26595,23586.2
1747425600,0.26551,0.26551,0.25749,0.25901,76000.1
1747440000,0.25911,0.25948,0.24705,0.25299,106179.4
1747454400,0.25284,0.2561,0.2488,0.24935,109011.6
1747468800,0.25044,0.25169,0.24721,0.24967,258326.9
1747483200,0.24968,0.25198,0.2461,0.24968,176533.0
1747497600,0.24964,0.25096,0.24566,0.24736,41995.9
1747512000,0.2472,0.25184,0.24651,0.24944,52079.5
1747526400,0.24933,0.25297,0.24888,0.25187,54667.3
1747540800,0.25175,0.25874,0.25175,0.25858,44758.8
1747555200,0.25822,0.26175,0.25752,0.25775,33870.5
1747569600,0.25752,0.2677,0.25675,0.26694,51320.7
1747584000,0.2672,0.2677,0.25059,0.25073,88926.8
1747598400,0.24926,0.26179,0.24432,0.26095,266381.4
1747612800,0.26088,0.26319,0.2499,0.2505,30334.2
1747627200,0.24997,0.25182,0.2434,0.24771,74886.9
1747641600,0.24731,0.24782,0.24444,0.24567,66328.8
1747656000,0.24586,0.25099,0.24183,0.25002,165137.7
1747670400,0.2499,0.2552,0.24776,0.25276,254543.4
1747684800,0.25297,0.25482,0.25045,0.25456,55324.1
1747699200,0.25455,0.26149,0.25323,0.25722,40163.1
1747713600,0.25625,0.25879,0.25361,0.25434,20546.2
1747728000,0.2546,0.2548,0.25021,0.25291,236483.5
1747742400,0.25271,0.25274,0.24964,0.25205,64491.6
1747756800,0.25237,0.2542,0.24637,0.25367,24151.8
1747771200,0.25293,0.25828,0.25293,0.2563,28219.5
1747785600,0.25662,0.25836,0.25312,0.25747,49542.8
1747800000,0.25746,0.26067,0.2546,0.25586,48928.1
1747814400,0.25606,0.25874,0.25314,0.25746,34477.8
1747828800,0.25725,0.26162,0.25596,0.26129,43507.6
1747843200,0.26211,0.2677,0.25346,0.26122,115197.9
1747857600,0.26074,0.26495,0.25823,0.26165,55573.9
1747872000,0.26126,0.26833,0.26126,0.2679,46489.8
1747886400,0.26758,0.2689,0.26597,0.26827,21438.6
1747900800,0.26794,0.27239,0.26794,0.27064,28896.2
1747915200,0.27004,0.27546,0.26898,0.27382,36875.2
1747929600,0.27441,0.2759,0.27183,0.27218,24001.3
1747944000,0.27388,0.27689,0.27079,0.27613,23989.9
1747958400,0.27613,0.28542,0.27542,0.2847,28691.7
1747972800,0.28488,0.28492,0.27392,0.27545,76040.5
1747987200,0.27555,0.2813,0.265,0.2659,90623.1
1748001600,0.26599,0.27109,0.25623,0.26804,178123.3
1748016000,0.26806,0.27061,0.26499,0.26543,20142.4
1748030400,0.26505,0.26505,0.25194,0.25295,129064.8
1748044800,0.25314,0.25817,0.25098,0.25701,65744.1
1748059200,0.257,0.25885,0.25629,0.25712,12668.3
1748073600,0.2569,0.26103,0.25522,0.26021,27405.3
1748088000,0.25991,0.2618,0.25907,0.26027,39006.5
1748102400,0.26026,0.26099,0.25703,0.25813,17251.0
1748116800,0.25799,0.25836,0.25473,0.25533,32623.0
1748131200,0.25542,0.25655,0.24722,0.25133,32492.1
1748145600,0.25087,0.25087,0.24718,0.24823,33098.6
1748160000,0.24819,0.24827,0.24433,0.24583,38548.2
1748174400,0.24585,0.24725,0.24016,0.24429,89614.3
1748188800,0.24384,0.24785,0.24166,0.24785,48508.0
1748203200,0.24715,0.25661,0.24589,0.25617,88907.3
1748217600,0.25585,0.25744,0.25382,0.25592,24780.6
1748232000,0.25607,0.25777,0.25425,0.25685,32522.4
1748246400,0.25704,0.25743,0.2542,0.25475,31316.8
1748260800,0.25498,0.25591,0.24983,0.25441,52115.7
1748275200,0.25433,0.2554,0.2484,0.24969,37327.8
1748289600,0.24943,0.25328,0.24943,0.25166,20571.2
1748304000,0.25183,0.25274,0.24422,0.24948,30098.6
1748318400,0.2497,0.25281,0.24696,0.25215,38196.5
1748332800,0.25311,0.25729,0.25311,0.25491,93657.9
1748347200,0.25487,0.25929,0.25241,0.25567,114695.9
1748361600,0.25602,0.26018,0.25542,0.25704,46356.3
1748376000,0.2572,0.25887,0.25472,0.25625,38449.9
1748390400,0.2561,0.25816,0.25414,0.25692,17555.7
1748404800,0.2566,0.25696,0.25255,0.25362,22966.6
1748419200,0.25369,0.25611,0.2511,0.25609,23111.3
1748433600,0.25626,0.2591,0.24803,0.24837,33477.6
1748448000,0.24889,0.253,0.24603,0.24613,40239.6
1748462400,0.24671,0.25239,0.24419,0.25237,90582.1
1748476800,0.25215,0.26341,0.25093,0.25574,475033.6
1748491200,0.25635,0.25635,0.2508,0.25254,159717.5
1748505600,0.2525,0.25434,0.25101,0.25294,72533.2
1748520000,0.25209,0.25209,0.2437,0.2459,114176.3
1748534400,0.24582,0.24698,0.2404,0.2417,68373.3
1748548800,0.24189,0.24562,0.24083,0.24133,50228.5
1748563200,0.24153,0.24255,0.22767,0.23525,581518.9
1748577600,0.23519,0.23659,0.22624,0.22977,549899.6
1748592000,0.22953,0.23156,0.22614,0.23083,54436.2
1748606400,0.23056,0.23095,0.22573,0.22711,474886.0
1748620800,0.2266,0.22788,0.21826,0.22484,176268.1
1748635200,0.225,0.22527,0.20759,0.21145,222197.9
1748649600,0.21126,0.21126,0.20268,0.20859,166347.5
1748664000,0.20858,0.21322,0.20694,0.21265,31733.7
1748678400,0.21254,0.21254,0.2064,0.20665,48462.6
1748692800,0.20652,0.21278,0.20616,0.20961,58465.7
1748707200,0.20987,0.21467,0.20951,0.21371,44629.2
1748721600,0.21398,0.21464,0.2126,0.21292,18280.1
1748736000,0.21305,0.21359,0.2087,0.21042,36147.2
1748750400,0.21057,0.21317,0.21003,0.21114,84637.8
1748764800,0.21091,0.21108,0.20525,0.20873,93203.0
1748779200,0.20862,0.2133,0.20614,0.21213,58806.9
1748793600,0.21219,0.21481,0.21063,0.21393,39796.8
1748808000,0.21388,0.21756,0.21289,0.21652,25070.1
1748822400,0.21682,0.21752,0.21156,0.21237,27032.5
1748836800,0.21239,0.21525,0.211,0.21395,22242.2
1748851200,0.2138,0.21499,0.20879,0.21066,38031.7
1748865600,0.21054,0.21394,0.21006,0.21331,15870.0
1748880000,0.21283,0.21588,0.211,0.21165,27207.7
1748894400,0.21257,0.22018,0.2124,0.2194,41655.0
1748908800,0.21947,0.22658,0.21898,0.22132,93501.5
1748923200,0.22161,0.22514,0.22069,0.224,28780.9
1748937600,0.22366,0.22524,0.22144,0.22402,24899.0
1748952000,0.22418,0.2272,0.22354,0.22499,28420.7
1748966400,0.22537,0.22945,0.2238,0.22866,15946.0
1748980800,0.22876,0.22876,0.22436,0.22521,15609.5
1748995200,0.22556,0.2295,0.22458,0.22676,36891.2
1749009600,0.22702,0.22702,0.22372,0.22442,33286.5
1749024000,0.22452,0.22619,0.22281,0.22296,24721.7
1749038400,0.22315,0.2253,0.21957,0.2253,48544.8
1749052800,0.22501,0.22852,0.21991,0.21991,74170.8
1749067200,0.21994,0.22115,0.21609,0.21942,48304.5
1749081600,0.21942,0.22813,0.21788,0.22757,136495.0
1749096000,0.22694,0.23051,0.2168,0.2168,236271.0
1749110400,0.21758,0.21856,0.2133,0.21565,158471.0
1749124800,0.21636,0.22073,0.21262,0.2182,237544.5
1749139200,0.21763,0.21783,0.2048,0.20629,189494.8
1749153600,0.20602,0.20602,0.19668,0.20051,202482.2
1749168000,0.20037,0.20428,0.19963,0.20395,63357.3
1749182400,0.20412,0.20678,0.20356,0.20558,76051.7
1749196800,0.20558,0.20832,0.20547,0.20674,85975.5
1749211200,0.20688,0.21299,0.2068,0.20901,121103.9
1749225600,0.20911,0.20932,0.19895,0.20174,84419.0
1749240000,0.20197,0.20454,0.20158,0.20281,97098.3
1749254400,0.20301,0.20876,0.20231,0.20772,137174.2
1749268800,0.20812,0.21074,0.20682,0.20954,23068.9
1749283200,0.2096,0.21036,0.2086,0.20971,54387.8
1749297600,0.20992,0.21184,0.2084,0.20908,35974.2
1749312000,0.20952,0.21008,0.2076,0.20885,23069.5
1749326400,0.20884,0.21233,0.20884,0.21094,30717.5
1749340800,0.21121,0.21194,0.20962,0.20962,22621.1
1749355200,0.20942,0.21009,0.2061,0.20631,25188.4
1749369600,0.2065,0.20955,0.20636,0.2093,78839.3
1749384000,0.20953,0.21146,0.20868,0.21034,75111.1
1749398400,0.2104,0.21304,0.21022,0.21198,46005.9
1749412800,0.21211,0.21331,0.20917,0.20988,70144.9
1749427200,0.20963,0.2106,0.208,0.20909,44423.2
1749441600,0.20902,0.20962,0.20642,0.20859,28349.5
1749456000,0.20888,0.21419,0.20783,0.21324,84236.2
1749470400,0.2134,0.21495,0.21149,0.21362,99794.4
1749484800,0.21352,0.21722,0.21352,0.21532,69435.1
1749499200,0.21582,0.22315,0.21574,0.22315,42068.5
1749513600,0.22338,0.22392,0.22022,0.2208,29460.4
1749528000,0.2213,0.22194,0.21814,0.21976,30491.1
1749542400,0.22034,0.22623,0.21859,0.22623,43125.1
1749556800,0.2269,0.22986,0.22192,0.22481,96114.0
1749571200,0.22481,0.22841,0.2232,0.2263,30449.6
1749585600,0.2266,0.23034,0.22551,0.23016,40129.1
1749600000,0.23001,0.23001,0.2245,0.22653,37172.7
1749614400,0.22661,0.22684,0.22458,0.226,125836.7
1749628800,0.22606,0.22705,0.2207,0.22085,43118.6
1749643200,0.22076,0.22776,0.22022,0.22754,90191.4
1749657600,0.2276,0.22765,0.22,0.22,129511.3
1749672000,0.22044,0.22177,0.21469,0.21666,60391.8
1749686400,0.21669,0.21719,0.21154,0.21219,180147.1
1749700800,0.21233,0.21253,0.2104,0.21057,21187.1
1749715200,0.21041,0.21077,0.20684,0.20711,128279.2
1749729600,0.20732,0.2122,0.20514,0.206,775666.6
1749744000,0.206,0.21078,0.20286,0.20355,84300.8
1749758400,0.20347,0.2045,0.2,0.20225,69279.2
1749772800,0.20217,0.20248,0.18606,0.1913,386966.1
1749787200,0.19095,0.1917,0.18792,0.19094,95270.2
1749801600,0.19065,0.19354,0.18888,0.19134,82070.4
1749816000,0.19139,0.19369,0.18803,0.19245,172557.9
1749830400,0.19237,0.19501,0.191,0.19238,52236.2
1749844800,0.19263,0.19686,0.19258,0.19686,55709.0
1749859200,0.1969,0.19713,0.19437,0.19613,38585.5
1749873600,0.197,0.1982,0.19587,0.1963,25634.1
1749888000,0.19658,0.19746,0.19539,0.1974,28110.0
1749902400,0.1973,0.19888,0.1945,0.19548,30477.6
1749916800,0.19591,0.19601,0.19135,0.19228,50407.8
1749931200,0.19256,0.19614,0.1909,0.19462,45181.1
1749945600,0.19454,0.1963,0.19454,0.1949,19867.9
1749960000,0.19471,0.19772,0.19418,0.19484,25527.9
1749974400,0.1949,0.19687,0.19408,0.19656,46371.3
1749988800,0.19675,0.199,0.19559,0.19657,66661.6
1750003200,0.19715,0.19747,0.19527,0.1957,23416.0
1750017600,0.19601,0.19743,0.19279,0.19739,58760.9
1750032000,0.19721,0.19915,0.19439,0.19735,53083.3
1750046400,0.1976,0.20121,0.19718,0.20076,31922.3
1750060800,0.2011,0.20307,0.20016,0.20209,59803.5
1750075200,0.20192,0.2037,0.20062,0.20183,23000.4
1750089600,0.20206,0.20427,0.20196,0.20273,29899.8
1750104000,0.20312,0.20393,0.19499,0.19533,54260.7
1750118400,0.19549,0.19867,0.19032,0.19686,126953.5
1750132800,0.19705,0.19725,0.19177,0.19275,143316.8
1750147200,0.19268,0.19295,0.18861,0.1896,99332.4
1750161600,0.18959,0.19148,0.18551,0.18639,100802.5
1750176000,0.18674,0.189,0.18255,0.18781,94090.2
1750190400,0.18767,0.18802,0.18353,0.18489,48389.8
1750204800,0.18504,0.18741,0.18452,0.18631,30803.1
1750219200,0.18661,0.18829,0.1863,0.187,40949.9
1750233600,0.18706,0.18756,0.17947,0.18167,134049.3
1750248000,0.18188,0.18292,0.17617,0.18194,82825.0
1750262400,0.18195,0.18213,0.17789,0.17891,56530.5
1750276800,0.17942,0.18451,0.17806,0.18432,47685.9
1750291200,0.18445,0.18629,0.18286,0.18427,61039.0
1750305600,0.18464,0.1857,0.18299,0.18321,32531.8
1750320000,0.1831,0.18439,0.1817,0.18182,30832.1
1750334400,0.18208,0.18281,0.16928,0.17587,542971.4
1750348800,0.17595,0.17863,0.17303,0.17802,116380.7
1750363200,0.17809,0.18126,0.177,0.17774,71986.2
1750377600,0.17768,0.17861,0.17513,0.17587,145321.3
1750392000,0.1759,0.17999,0.1732,0.17989,901498.0
1750406400,0.18001,0.18133,0.17807,0.17954,78619.5
1750420800,0.17955,0.18104,0.17441,0.17674,949673.5
1750435200,0.17654,0.17663,0.16981,0.17447,260845.5
1750449600,0.17458,0.17599,0.17187,0.17319,69974.6
1750464000,0.17343,0.17597,0.17252,0.17555,97930.4
1750478400,0.17536,0.17826,0.17515,0.17714,93000.1
1750492800,0.17712,0.17744,0.17566,0.17567,41380.4
1750507200,0.17566,0.17673,0.17057,0.17238,440259.6
1750521600,0.17241,0.17322,0.16747,0.16786,170165.7
1750536000,0.16769,0.16877,0.16107,0.16558,259041.9
1750550400,0.16625,0.16911,0.16342,0.16435,175938.9
1750564800,0.1643,0.16741,0.16409,0.16586,54129.9
1750579200,0.1661,0.1661,0.16248,0.16356,98578.7
1750593600,0.1638,0.16488,0.15615,0.1581,787553.7
1750608000,0.15819,0.1594,0.15489,0.15623,265352.0
1750622400,0.15632,0.16062,0.15115,0.15967,288167.1
1750636800,0.15986,0.16139,0.15904,0.16108,52801.5
1750651200,0.16098,0.16608,0.16083,0.16469,135007.6
1750665600,0.16481,0.16492,0.16308,0.16437,46865.3
1750680000,0.16456,0.16965,0.16394,0.16617,79897.5
1750694400,0.16623,0.17211,0.1617,0.17162,176011.7
1750708800,0.17181,0.17927,0.1716,0.17908,86738.5
1750723200,0.17884,0.18124,0.17862,0.17945,64193.8
1750737600,0.17964,0.18409,0.17872,0.18127,117023.3
1750752000,0.18146,0.18327,0.1798,0.18126,65722.2
1750766400,0.18123,0.18317,0.18026,0.18136,31811.9
1750780800,0.18176,0.18455,0.1774,0.17888,62408.1
1750795200,0.17883,0.18149,0.17853,0.18149,38305.5
1750809600,0.1815,0.18202,0.1782,0.17838,37312.7
1750824000,0.17849,0.17853,0.17548,0.17628,64090.8
1750838400,0.17627,0.17752,0.17419,0.17734,165219.8
1750852800,0.17732,0.17929,0.1739,0.17412,79057.4
1750867200,0.17425,0.17607,0.17269,0.1747,70852.5
1750881600,0.17479,0.1766,0.1734,0.17444,57292.9
1750896000,0.17437,0.18034,0.1742,0.17699,88525.8
1750910400,0.17711,0.17742,0.17459,0.17672,76905.3
1750924800,0.17688,0.17757,0.1734,0.17397,55504.6
1750939200,0.17396,0.17423,0.16866,0.1708,64330.3
1750953600,0.17078,0.17104,0.1685,0.17041,71077.0
1750968000,0.17041,0.17377,0.16962,0.17059,122901.5
1750982400,0.17087,0.17112,0.16718,0.1702,67491.6
1750996800,0.17031,0.17242,0.16849,0.16871,68704.2
1751011200,0.16896,0.17125,0.1685,0.16887,29018.3
1751025600,0.16904,0.17287,0.16852,0.17278,65555.2
1751040000,0.17279,0.17427,0.16809,0.16907,189303.4
1751054400,0.16887,0.1734,0.16881,0.17339,52537.0
1751068800,0.1734,0.17529,0.17218,0.17248,179095.2
1751083200,0.17249,0.17419,0.17128,0.17396,37766.8
1751097600,0.17414,0.17461,0.17227,0.17427,62451.8
1751112000,0.1744,0.17565,0.17299,0.17565,45617.5
1751126400,0.17582,0.17673,0.17407,0.17609,72882.2
1751140800,0.17624,0.17884,0.17549,0.17805,53508.2
1751155200,0.17821,0.17914,0.17549,0.17557,61586.9
1751169600,0.17538,0.17758,0.17503,0.17748,30840.3
1751184000,0.17788,0.17976,0.17726,0.17866,35567.8
1751198400,0.17831,0.17898,0.17489,0.17523,41635.2
1751212800,0.17539,0.1789,0.1747,0.17877,102659.2
1751227200,0.17907,0.18568,0.17696,0.1848,308063.5
1751241600,0.18468,0.1854,0.18074,0.18132,54270.3
1751256000,0.18109,0.18149,0.17871,0.18063,237586.8
1751270400,0.18079,0.18111,0.17738,0.17849,149463.4
1751284800,0.17851,0.1798,0.17511,0.1775,88821.7
1751299200,0.17734,0.1795,0.17603,0.17929,64431.1
1751313600,0.17873,0.1798,0.17544,0.17587,56620.7
1751328000,0.176,0.17712,0.17305,0.17338,258333.8
1751342400,0.17336,0.17337,0.16991,0.17207,228895.5
1751356800,0.17204,0.17293,0.17082,0.17111,31252.1
1751371200,0.17116,0.17273,0.16977,0.17123,90323.5
1751385600,0.1712,0.1712,0.16772,0.16833,104727.1
1751400000,0.16838,0.1705,0.16811,0.16873,33666.5
1751414400,0.16901,0.16973,0.16655,0.16869,71371.3
1751428800,0.16862,0.17302,0.16856,0.17067,130871.8
1751443200,0.17081,0.17373,0.17065,0.17233,50722.8
1751457600,0.17238,0.17612,0.17164,0.17612,49429.0
1751472000,0.17618,0.18456,0.17607,0.18456,119172.9
1751486400,0.1847,0.18595,0.18226,0.18307,94242.9
1751500800,0.18367,0.1863,0.18269,0.18546,64867.7
1751515200,0.18535,0.1865,0.1835,0.18618,50903.5
1751529600,0.18636,0.18657,0.18275,0.18326,58509.1
1751544000,0.18376,0.1863,0.1791,0.1791,88880.0
1751558400,0.17976,0.18305,0.17976,0.18265,157286.0
1751572800,0.18265,0.18365,0.18137,0.18207,39011.0
1751587200,0.182,0.18705,0.1816,0.18581,169164.7
1751601600,0.18552,0.18826,0.17878,0.17948,263735.2
1751616000,0.17951,0.1798,0.17654,0.17894,265569.2
1751630400,0.17894,0.17948,0.1735,0.174,91372.6
1751644800,0.17439,0.17439,0.17086,0.1717,104341.1
1751659200,0.17149,0.17475,0.17128,0.17446,52361.0
1751673600,0.17437,0.17969,0.1743,0.1761,167746.0
1751688000,0.17579,0.17648,0.17385,0.175,85540.4
1751702400,0.17533,0.17838,0.17451,0.17574,72913.9
1751716800,0.17567,0.17603,0.17441,0.17479,52346.0
1751731200,0.17477,0.17574,0.17222,0.1735,149098.4
1751745600,0.17359,0.17571,0.17335,0.17571,91923.3
1751760000,0.1758,0.17638,0.17344,0.1737,269949.2
1751774400,0.1738,0.17584,0.17339,0.174,70513.9
1751788800,0.17407,0.17477,0.1728,0.17477,196798.1
1751803200,0.17495,0.1787,0.17424,0.17765,107206.7
1751817600,0.17804,0.17858,0.17595,0.17709,226538.5
1751832000,0.17709,0.18041,0.17644,0.17714,120552.1
1751846400,0.17741,0.17857,0.17615,0.17708,181228.0
1751860800,0.17723,0.17758,0.17484,0.17732,133430.3
1751875200,0.17703,0.17747,0.17516,0.17682,76368.3
1751889600,0.17675,0.17824,0.17416,0.17513,62630.4
1751904000,0.17528,0.17675,0.17387,0.17572,73997.9
1751918400,0.17522,0.17609,0.1728,0.17609,139079.0
1751932800,0.17586,0.17619,0.17254,0.17283,147362.2
1751947200,0.17287,0.17342,0.17181,0.17319,52725.3
1751961600,0.17317,0.17671,0.17222,0.17601,69635.9
1751976000,0.17614,0.17703,0.17334,0.17373,50390.5
1751990400,0.17408,0.17867,0.17353,0.1779,72371.1
1752004800,0.17847,0.17928,0.17728,0.17768,60868.6
1752019200,0.17802,0.17935,0.17619,0.17851,100196.6
1752033600,0.17889,0.18384,0.17784,0.18303,306345.3
1752048000,0.1835,0.18502,0.18174,0.18345,121117.6
1752062400,0.18387,0.18475,0.18199,0.18246,152326.5
1752076800,0.18305,0.18597,0.18137,0.18597,73457.0
1752091200,0.18619,0.1875,0.18541,0.18665,64941.2
1752105600,0.18636,0.18777,0.18372,0.18727,28653.3
1752120000,0.18737,0.18917,0.18606,0.18753,77087.1
1752134400,0.18785,0.18883,0.18622,0.18728,48084.1
1752148800,0.18755,0.18957,0.18541,0.18644,82006.3
1752163200,0.18637,0.19284,0.18619,0.19132,88326.8
1752177600,0.19193,0.20759,0.19193,0.20455,714813.7
1752192000,0.20437,0.20854,0.19971,0.20837,362229.5
1752206400,0.20775,0.2134,0.20548,0.20664,251407.2
1752220800,0.20665,0.21251,0.20665,0.20982,138456.3
1752235200,0.20998,0.21445,0.20796,0.20881,210973.4
1752249600,0.20901,0.21463,0.20753,0.214,205196.5
1752264000,0.2142,0.2142,0.20034,0.20454,269859.1
1752278400,0.20419,0.2069,0.19933,0.20667,169069.3
1752292800,0.20671,0.21494,0.20023,0.21211,158188.5
1752307200,0.21204,0.21235,0.2076,0.20857,86484.2
1752321600,0.20844,0.21045,0.1985,0.20005,232728.8
1752336000,0.20024,0.20588,0.19921,0.2056,85115.3
1752350400,0.20566,0.20852,0.20168,0.20744,99920.1
1752364800,0.20707,0.22002,0.20647,0.21547,704324.0
1752379200,0.21488,0.21884,0.21284,0.21669,371152.2
1752393600,0.21693,0.22055,0.21341,0.21943,146773.8
1752408000,0.21984,0.22812,0.21816,0.22102,280879.6
1752422400,0.22115,0.22331,0.21687,0.2198,84055.2
1752436800,0.21992,0.22263,0.21535,0.22085,202060.6
1752451200,0.22046,0.22913,0.21786,0.22892,175640.1
1752465600,0.2292,0.23896,0.22404,0.2366,1076942.0
1752480000,0.23651,0.24299,0.22231,0.22423,1177893.7
1752494400,0.22423,0.22617,0.21563,0.21721,565373.3
1752508800,0.21692,0.22007,0.21495,0.21604,114331.9
1752523200,0.21544,0.2188,0.21314,0.21772,69536.0
1752537600,0.21679,0.2182,0.20678,0.20817,244148.6
1752552000,0.20793,0.21142,0.20659,0.20888,69554.6
1752566400,0.20896,0.21113,0.20731,0.21024,167379.5
1752580800,0.21115,0.2143,0.2076,0.21279,506123.9
1752595200,0.21315,0.22027,0.21315,0.21647,549716.2
1752609600,0.21669,0.22182,0.21564,0.22145,94236.3
1752624000,0.22091,0.22258,0.21747,0.21883,62169.1
1752638400,0.21876,0.22166,0.21777,0.22083,147797.3
1752652800,0.22063,0.22088,0.21743,0.21895,58563.2
1752667200,0.21877,0.22239,0.2167,0.21998,103407.7
1752681600,0.22014,0.22549,0.21968,0.22309,152571.5
1752696000,0.22307,0.22774,0.22143,0.22293,89054.4
1752710400,0.22347,0.2277,0.21585,0.21691,263262.3
1752724800,0.21693,0.22257,0.21654,0.22107,56864.0
1752739200,0.22114,0.22656,0.22032,0.22554,249419.6
1752753600,0.22581,0.22907,0.22138,0.22535,482846.6
1752768000,0.22542,0.22606,0.2189,0.22098,287931.0
1752782400,0.22139,0.22785,0.21781,0.22529,260577.6
1752796800,0.22534,0.23002,0.2243,0.22884,362968.3
1752811200,0.22954,0.23735,0.22854,0.23233,237043.3
1752825600,0.23215,0.23597,0.2304,0.23257,275977.9
1752840000,0.23303,0.23619,0.22313,0.22518,615550.2
1752854400,0.22559,0.22785,0.22076,0.22269,102588.2
1752868800,0.22238,0.22452,0.21711,0.22254,215628.1
1752883200,0.22234,0.22942,0.2176,0.22734,359148.3
1752897600,0.2271,0.22797,0.22312,0.22352,53270.4
1752912000,0.22381,0.22403,0.22069,0.22079,96549.7
1752926400,0.22077,0.22131,0.2167,0.21953,87464.1
1752940800,0.21934,0.22498,0.21842,0.22436,80208.9
1752955200,0.22391,0.22685,0.2228,0.22601,71650.8
1752969600,0.22684,0.2288,0.2243,0.22735,128768.3
1752984000,0.22677,0.23059,0.22575,0.22934,44482.7
1752998400,0.22949,0.23301,0.22945,0.23244,354658.8
1753012800,0.2321,0.2349,0.22789,0.2348,298535.9
1753027200,0.23489,0.23897,0.23409,0.23746,159274.2
1753041600,0.2373,0.23936,0.2301,0.23661,511929.2
1753056000,0.23794,0.24483,0.23139,0.24366,751905.4
1753070400,0.24339,0.2482,0.2423,0.24685,78203.4
1753084800,0.24682,0.2545,0.24646,0.25078,168692.1
1753099200,0.25088,0.25277,0.247,0.24752,336454.7
1753113600,0.24748,0.24904,0.24165,0.24297,270422.4
1753128000,0.24221,0.24957,0.24212,0.24824,85143.4
1753142400,0.24754,0.2477,0.2364,0.24146,357806.0
1753156800,0.24183,0.24709,0.23309,0.23823,562049.9
1753171200,0.23856,0.23916,0.23257,0.23836,119891.9
1753185600,0.2379,0.24101,0.2304,0.23834,299637.7
1753200000,0.2382,0.24368,0.23612,0.23657,112700.2
1753214400,0.23656,0.24519,0.23637,0.24492,62416.9
1753228800,0.24397,0.24397,0.2375,0.2392,61523.1
1753243200,0.239,0.24318,0.2379,0.23875,43160.1
1753257600,0.23861,0.24028,0.23202,0.23289,66879.0
1753272000,0.23231,0.23439,0.22055,0.22749,1008015.3
1753286400,0.22693,0.22733,0.21665,0.21962,331882.8
1753300800,0.22043,0.22102,0.21174,0.21959,520383.3
1753315200,0.21863,0.22372,0.21723,0.22023,66216.9
1753329600,0.21947,0.22124,0.20454,0.21027,481639.5
1753344000,0.20936,0.21644,0.2089,0.21575,178907.1
1753358400,0.21633,0.22102,0.21063,0.21803,363699.6
1753372800,0.21769,0.22127,0.21352,0.21844,103482.7
1753387200,0.21853,0.22095,0.21419,0.21422,143381.9
1753401600,0.21489,0.21614,0.20839,0.21048,312428.5
1753416000,0.21067,0.21333,0.20713,0.21089,365470.1
1753430400,0.21114,0.21835,0.21096,0.21691,394079.8
1753444800,0.217,0.21787,0.20719,0.21004,287064.1
1753459200,0.20992,0.21316,0.20885,0.21144,165814.4
1753473600,0.21159,0.21871,0.21159,0.21826,91310.7
1753488000,0.21829,0.22077,0.21717,0.21882,41936.9
1753502400,0.21867,0.22082,0.2174,0.22023,95748.9
1753516800,0.2202,0.22119,0.21846,0.21852,110553.1
1753531200,0.21841,0.2201,0.21651,0.21827,46622.8
1753545600,0.21869,0.22102,0.2169,0.22078,53822.9
1753560000,0.22039,0.22039,0.21698,0.21714,43227.3
1753574400,0.21747,0.22882,0.21726,0.22645,172875.0
1753588800,0.22645,0.22681,0.22306,0.22345,53892.6
1753603200,0.22403,0.22442,0.22038,0.22247,99265.1
1753617600,0.22228,0.2309,0.22224,0.22406,245588.2
1753632000,0.22443,0.23091,0.22443,0.22765,49732.2
1753646400,0.22759,0.23024,0.22726,0.22907,51764.8
1753660800,0.22919,0.23049,0.22618,0.22934,37726.6
1753675200,0.22934,0.23093,0.22738,0.22879,43289.3
1753689600,0.22896,0.22919,0.22629,0.22711,21315.5
1753704000,0.22707,0.22796,0.21626,0.21766,95018.0
1753718400,0.21684,0.21765,0.21116,0.21236,101880.7
1753732800,0.21276,0.21276,0.20864,0.20973,67412.6
1753747200,0.20922,0.2116,0.20464,0.20815,51575.1
1753761600,0.20812,0.2149,0.20722,0.2146,19945.2
1753776000,0.21417,0.21548,0.20766,0.20957,100271.8
1753790400,0.20967,0.2123,0.20367,0.20552,767574.9
1753804800,0.20555,0.20636,0.20268,0.20317,105332.3
1753819200,0.2031,0.2073,0.20052,0.2047,479693.6
1753833600,0.20435,0.20442,0.20078,0.20293,30950.0
1753848000,0.20275,0.20353,0.20015,0.20099,31467.5
1753862400,0.20105,0.20298,0.19444,0.19548,147845.9
1753876800,0.19535,0.20052,0.19439,0.19879,127057.7
1753891200,0.19886,0.20129,0.19164,0.19876,968219.2
1753905600,0.199,0.20117,0.19659,0.20089,101977.6
1753920000,0.20076,0.20356,0.20039,0.20319,46504.3
1753934400,0.20329,0.2049,0.2029,0.20411,41477.8
1753948800,0.20423,0.20551,0.2029,0.20301,47761.0
1753963200,0.203,0.203,0.19396,0.19719,320052.9
1753977600,0.19682,0.20161,0.1949,0.19548,302933.5
1753992000,0.19533,0.1956,0.18804,0.18822,292331.9
1754006400,0.18834,0.18928,0.182,0.18755,448373.5
1754020800,0.18722,0.18726,0.18253,0.18415,465124.7
1754035200,0.18361,0.18383,0.17961,0.18373,193874.9
1754049600,0.18361,0.18573,0.17883,0.18397,454015.3
1754064000,0.18412,0.18533,0.1799,0.18402,240772.1
1754078400,0.18427,0.18499,0.17539,0.1811,343212.2
1754092800,0.18134,0.1836,0.18109,0.18331,61218.8
1754107200,0.18362,0.18421,0.17852,0.18278,87563.3
1754121600,0.18301,0.18301,0.17754,0.18022,228879.5
1754136000,0.18008,0.1809,0.1765,0.17702,75199.8
1754150400,0.17712,0.17925,0.17318,0.17632,603483.2
1754164800,0.17614,0.17845,0.17597,0.17753,199369.5
1754179200,0.17748,0.18198,0.17528,0.18125,85096.6
1754193600,0.18139,0.18502,0.18068,0.1844,60996.9
1754208000,0.18378,0.18594,0.1833,0.18446,63329.8
1754222400,0.18435,0.18478,0.18287,0.18437,115716.0
1754236800,0.18424,0.18535,0.18338,0.18459,40967.2
1754251200,0.18466,0.18587,0.1843,0.18474,50317.6
1754265600,0.18471,0.18898,0.18471,0.18727,80316.9
1754280000,0.18733,0.18979,0.18672,0.18855,93105.5
1754294400,0.18866,0.1897,0.1857,0.18656,49416.4
1754308800,0.18654,0.19008,0.18575,0.18902,146491.5
1754323200,0.18903,0.19263,0.18903,0.18955,110327.4
1754337600,0.18967,0.19281,0.1895,0.19236,83677.4
1754352000,0.19229,0.19231,0.18768,0.18786,59662.9
1754366400,0.18785,0.18891,0.18389,0.18461,97409.5
1754380800,0.18441,0.18989,0.18412,0.18962,95327.0
1754395200,0.18985,0.18985,0.18196,0.18206,474774.4
1754409600,0.18227,0.18387,0.18077,0.18114,255723.8
1754424000,0.18134,0.18378,0.17925,0.18328,71383.3
1754438400,0.18323,0.18323,0.17866,0.1789,57312.9
1754452800,0.17882,0.18533,0.17804,0.18522,113741.4
1754467200,0.18533,0.18551,0.18229,0.18233,119180.8
1754481600,0.18239,0.18746,0.18085,0.18739,102245.8
1754496000,0.18715,0.18762,0.18531,0.18639,80897.9
1754510400,0.18688,0.18688,0.18524,0.1862,59228.5
1754524800,0.18635,0.18795,0.18425,0.18495,63393.2
1754539200,0.18487,0.18804,0.18487,0.18785,134334.4
1754553600,0.18805,0.19293,0.18685,0.19247,72358.9
1754568000,0.19258,0.19288,0.19067,0.19164,50806.9
1754582400,0.19166,0.19215,0.18731,0.19182,89985.3
1754596800,0.19185,0.19473,0.191,0.19473,85462.6
1754611200,0.1946,0.19674,0.19314,0.1949,36330.9
1754625600,0.19511,0.19675,0.19293,0.1964,42117.1
1754640000,0.19642,0.19748,0.19551,0.19634,35277.1
1754654400,0.19637,0.19829,0.19226,0.19405,134124.7
1754668800,0.19443,0.19998,0.19406,0.1997,132490.6
1754683200,0.20013,0.20036,0.19888,0.19946,36732.4
1754697600,0.19974,0.20099,0.19917,0.20048,118484.5
1754712000,0.20085,0.20598,0.20008,0.20589,206296.6
1754726400,0.2058,0.20811,0.20511,0.20614,150072.2
1754740800,0.20596,0.20851,0.20389,0.20628,155353.9
1754755200,0.20653,0.20861,0.20626,0.20858,103717.4
1754769600,0.20859,0.21009,0.20625,0.20688,56832.3
1754784000,0.20689,0.20803,0.20474,0.20742,52699.3
1754798400,0.20753,0.20888,0.19968,0.19968,114092.7
1754812800,0.1996,0.20184,0.19776,0.19948,117681.4
1754827200,0.19933,0.20336,0.1986,0.20238,27878.4
1754841600,0.20233,0.20882,0.20218,0.20757,120378.4
1754856000,0.20736,0.20757,0.20356,0.20599,58439.2
1754870400,0.2061,0.21245,0.20462,0.21065,66145.3
1754884800,0.21043,0.21259,0.20603,0.20667,51113.5
1754899200,0.20634,0.20895,0.19998,0.20061,81578.5
1754913600,0.20033,0.20383,0.199,0.20228,114243.8
1754928000,0.20251,0.20389,0.19795,0.19965,99910.1
1754942400,0.19959,0.19975,0.19469,0.19706,156845.6
1754956800,0.19679,0.1995,0.19656,0.19774,46703.4
1754971200,0.19775,0.19909,0.19501,0.19865,68339.4
1754985600,0.19856,0.19856,0.19379,0.19632,61152.6
1755000000,0.19657,0.20453,0.19508,0.20453,190832.2
1755014400,0.20442,0.20742,0.20399,0.20684,65802.3
1755028800,0.20676,0.2087,0.2062,0.20664,84698.0
1755043200,0.20675,0.20832,0.20394,0.20785,81129.0
1755057600,0.20782,0.20914,0.20534,0.20835,21083.0
1755072000,0.20831,0.21219,0.20831,0.21113,70056.6
1755086400,0.21127,0.21303,0.2076,0.21014,93138.6
1755100800,0.21025,0.21279,0.2094,0.21134,401355.4
1755115200,0.21111,0.21419,0.21054,0.21312,101060.4
1755129600,0.21275,0.21423,0.20924,0.214,118848.9
1755144000,0.21398,0.21412,0.20767,0.2084,427214.7
1755158400,0.20865,0.20865,0.203,0.20481,102263.6
1755172800,0.20478,0.20535,0.19224,0.19495,497232.6
1755187200,0.19495,0.19747,0.18989,0.19258,262556.7
1755201600,0.19235,0.19415,0.18941,0.19337,81783.1
1755216000,0.19346,0.19739,0.19217,0.19701,127772.1
1755230400,0.19678,0.19886,0.19611,0.19777,141311.7
1755244800,0.19803,0.19856,0.19544,0.19625,91234.1
1755259200,0.19628,0.19838,0.1878,0.18912,229578.7
1755273600,0.18923,0.19212,0.18737,0.18935,82531.3
1755288000,0.18924,0.19537,0.18924,0.19354,95499.3
1755302400,0.19357,0.19554,0.19357,0.1937,30532.7
1755316800,0.19392,0.19555,0.19319,0.19516,33062.3
1755331200,0.19522,0.19589,0.19263,0.19451,34103.7
1755345600,0.1944,0.19833,0.19415,0.19794,37689.2
1755360000,0.19826,0.19853,0.19735,0.19798,73759.1
1755374400,0.19767,0.19986,0.19749,0.19947,69866.7
1755388800,0.19941,0.20142,0.19816,0.20029,53074.7
1755403200,0.20067,0.20085,0.19945,0.20045,34353.0
1755417600,0.20042,0.20207,0.1999,0.20172,47886.7
1755432000,0.20197,0.20271,0.19946,0.20271,54141.3
1755446400,0.20313,0.20356,0.1967,0.19801,154181.1
1755460800,0.19803,0.19968,0.19722,0.19797,33649.2
1755475200,0.19819,0.1987,0.18845,0.19041,138011.6
1755489600,0.1902,0.19216,0.18726,0.18881,74575.4
1755504000,0.18869,0.19077,0.18649,0.19045,137567.0
1755518400,0.19044,0.19229,0.18918,0.19168,79487.0
1755532800,0.19177,0.19436,0.18999,0.19261,54250.8
1755547200,0.19258,0.19484,0.19151,0.19187,52369.5
1755561600,0.19203,0.19402,0.1876,0.18766,98692.4
1755576000,0.18752,0.19026,0.18636,0.18856,76678.2
1755590400,0.18878,0.19274,0.18777,0.19246,59088.4
1755604800,0.19283,0.19293,0.18656,0.18795,657901.0
1755619200,0.18774,0.18778,0.18338,0.18551,113047.5
1755633600,0.18535,0.18731,0.1833,0.18351,76648.6
1755648000,0.18394,0.1866,0.18261,0.18509,60601.7
1755662400,0.18521,0.18706,0.18517,0.18612,83485.8
1755676800,0.18618,0.1881,0.1848,0.18688,58386.5
1755691200,0.18784,0.19045,0.18266,0.18889,85680.5
1755705600,0.18918,0.19354,0.18918,0.19354,83917.9
1755720000,0.1935,0.19444,0.19241,0.19324,73106.4
1755734400,0.19312,0.19418,0.19171,0.19298,46272.6
1755748800,0.19305,0.19342,0.18978,0.19097,44711.5
1755763200,0.19096,0.19124,0.18805,0.18858,43281.1
1755777600,0.18885,0.18949,0.18488,0.18497,62761.6
1755792000,0.18506,0.18664,0.18409,0.18442,56278.0
1755806400,0.18463,0.18646,0.184,0.18443,61249.8
1755820800,0.18462,0.18713,0.18315,0.18467,163848.1
1755835200,0.1851,0.18624,0.18391,0.18582,574964.0
1755849600,0.18567,0.18665,0.182,0.18212,66729.2
1755864000,0.18212,0.19596,0.17844,0.19458,645242.6
1755878400,0.19456,0.20154,0.19456,0.20116,184063.8
1755892800,0.20173,0.20394,0.2014,0.20342,80454.4
1755907200,0.20337,0.20359,0.19706,0.19721,66654.6
1755921600,0.1975,0.20188,0.1975,0.19942,45045.6
1755936000,0.19971,0.2007,0.19843,0.19843,61626.5
1755950400,0.19859,0.19988,0.19776,0.19918,34298.1
1755964800,0.19922,0.2009,0.19867,0.2009,60175.4
1755979200,0.20084,0.20084,0.19863,0.19931,75025.8
1755993600,0.19953,0.20122,0.19735,0.19827,52498.4
1756008000,0.1983,0.19844,0.19429,0.19429,125845.4
1756022400,0.19413,0.19483,0.19118,0.19179,79145.0
1756036800,0.19172,0.19477,0.19143,0.19326,75385.4
1756051200,0.19338,0.20316,0.19281,0.19714,359380.0
1756065600,0.1965,0.19794,0.19253,0.19508,197292.3
1756080000,0.19516,0.20071,0.19133,0.1952,2033644.5
1756094400,0.19523,0.1957,0.18657,0.18698,322806.4
1756108800,0.18672,0.1885,0.18517,0.18702,77244.6
1756123200,0.1872,0.18942,0.18613,0.18707,87272.7
1756137600,0.18696,0.18822,0.17968,0.1801,426615.9
1756152000,0.17997,0.18046,0.17415,0.1764,317135.9
1756166400,0.1763,0.17985,0.17586,0.17802,408276.2
1756180800,0.17801,0.18194,0.17412,0.18073,4208693.4000000004
1756195200,0.18097,0.18229,0.17995,0.18118,87614.9
1756209600,0.18118,0.18959,0.18048,0.18743,326573.4
1756224000,0.18737,0.19121,0.18737,0.19121,117909.5
1756238400,0.19086,0.19122,0.18918,0.18986,139032.0
1756252800,0.18972,0.19143,0.18781,0.19106,49243.6
1756267200,0.19155,0.19246,0.18923,0.18975,115488.8
1756281600,0.18987,0.19103,0.1891,0.19016,47857.1
1756296000,0.19011,0.19223,0.1889,0.19162,37212.1
1756310400,0.19162,0.19302,0.19004,0.19049,40180.8
1756324800,0.19039,0.19269,0.18854,0.18983,195970.5
1756339200,0.18987,0.19324,0.18903,0.19307,33230.5
1756353600,0.19322,0.19506,0.19272,0.19405,32937.5
1756368000,0.19423,0.19523,0.19185,0.19338,46623.0
1756382400,0.19344,0.20338,0.1928,0.19996,265562.0
1756396800,0.20038,0.20199,0.19622,0.19622,134209.8
1756411200,0.19649,0.2059,0.19637,0.20582,177656.0
1756425600,0.20565,0.20844,0.20073,0.20844,178416.8
1756440000,0.20854,0.21697,0.19752,0.19775,2439509.2000000002
1756454400,0.19821,0.19868,0.19318,0.19809,222729.6
1756468800,0.19816,0.20307,0.19388,0.19388,321113.4
1756483200,0.19377,0.19417,0.18939,0.19152,321056.5
1756497600,0.1916,0.19252,0.18972,0.19151,55812.6
1756512000,0.19152,0.19395,0.18748,0.19336,129957.0
1756526400,0.19311,0.19539,0.19261,0.19511,137519.2
1756540800,0.19512,0.19512,0.19221,0.19255,47057.2
1756555200,0.19247,0.19332,0.18936,0.19292,59274.5
1756569600,0.1928,0.19348,0.18789,0.19095,158111.0
1756584000,0.19089,0.192,0.19008,0.19173,82486.3
1756598400,0.19184,0.19351,0.19128,0.1927,220792.3
1756612800,0.19281,0.19305,0.19054,0.19066,44197.7
1756627200,0.19084,0.19175,0.18806,0.18908,88926.0
1756641600,0.1894,0.1894,0.18623,0.188,274371.6
1756656000,0.188,0.18907,0.1871,0.1876,75863.5
1756670400,0.1876,0.18898,0.18458,0.18508,82922.0
1756684800,0.18501,0.18502,0.18031,0.18188,99241.5
1756699200,0.1817,0.18435,0.17858,0.18435,77572.6
1756713600,0.18477,0.18702,0.18239,0.18248,127801.3
1756728000,0.18247,0.18341,0.18017,0.1804,56749.4
1756742400,0.18013,0.18059,0.17896,0.18025,65305.2
1756756800,0.18052,0.18052,0.1751,0.1791,110012.5
1756771200,0.17893,0.183,0.17835,0.18288,66308.8
1756785600,0.18279,0.1835,0.18131,0.18148,51855.1
1756800000,0.18168,0.18262,0.18097,0.18119,47749.0
1756814400,0.18138,0.18302,0.17705,0.17825,184726.0
1756828800,0.17892,0.18104,0.17837,0.1795,182356.4
1756843200,0.17917,0.18242,0.17917,0.18211,85670.3
1756857600,0.18224,0.18254,0.17974,0.1816,73295.2
1756872000,0.18192,0.18192,0.17932,0.18027,55549.5
1756886400,0.18023,0.18249,0.17956,0.18184,38305.6
1756900800,0.18196,0.18461,0.18118,0.18419,104722.1
1756915200,0.18433,0.18502,0.18372,0.18476,175072.0
1756929600,0.18478,0.18484,0.18275,0.18299,45330.0
1756944000,0.18308,0.18358,0.17995,0.18014,110645.1
1756958400,0.18037,0.18046,0.17652,0.17781,73207.9
1756972800,0.17764,0.17853,0.17654,0.17657,132040.3
1756987200,0.17659,0.17761,0.17482,0.17531,231400.5
1757001600,0.17531,0.17689,0.1746,0.17473,88388.1
1757016000,0.17473,0.178,0.17473,0.17604,89228.5
1757030400,0.17602,0.17878,0.17602,0.17854,57343.0
1757044800,0.17859,0.18036,0.17748,0.17994,228296.1
1757059200,0.18016,0.18017,0.17808,0.17955,53270.5
1757073600,0.17953,0.18158,0.17521,0.17671,206540.3
1757088000,0.17676,0.17825,0.17629,0.17818,460980.5
1757102400,0.1783,0.17918,0.17754,0.17757,395183.6
1757116800,0.17769,0.17929,0.1775,0.17853,223971.9
1757131200,0.17844,0.17844,0.17655,0.17669,89474.6
1757145600,0.17706,0.17743,0.176,0.17699,74293.5
1757160000,0.17712,0.179,0.17669,0.17761,60913.4
1757174400,0.17754,0.17934,0.17674,0.17731,205869.2
1757188800,0.1775,0.18001,0.17743,0.17948,41012.2
1757203200,0.17955,0.18112,0.1789,0.18046,47475.8
1757217600,0.18064,0.18187,0.18005,0.18007,39741.7
1757232000,0.1803,0.18104,0.17972,0.18104,41856.3
1757246400,0.18104,0.18164,0.18018,0.18063,51851.6
1757260800,0.18049,0.18055,0.17758,0.17827,68294.1
1757275200,0.17845,0.18096,0.1781,0.18007,52298.9
1757289600,0.17989,0.18155,0.17872,0.18105,66735.8
1757304000,0.18109,0.18138,0.17947,0.17985,45828.9
1757318400,0.18008,0.18369,0.17989,0.18284,48118.7
1757332800,0.18306,0.18531,0.18268,0.18484,82096.7
1757347200,0.18503,0.18535,0.18326,0.18369,63029.2
1757361600,0.18376,0.18492,0.18256,0.18423,83766.4
1757376000,0.18442,0.18594,0.18361,0.1858,151009.4
1757390400,0.18602,0.18915,0.18511,0.18812,78042.8
1757404800,0.1883,0.18987,0.18778,0.18834,39065.7
1757419200,0.18833,0.18921,0.18321,0.18388,104193.1
1757433600,0.18434,0.18451,0.1829,0.18354,47917.1
1757448000,0.18363,0.18792,0.18326,0.18755,115593.3
1757462400,0.18748,0.1884,0.18455,0.18717,97667.5
1757476800,0.18704,0.18736,0.18535,0.18667,44588.1
1757491200,0.18667,0.18716,0.1857,0.18609,32130.4
1757505600,0.18636,0.1905,0.18617,0.19042,94000.8
1757520000,0.19063,0.19063,0.18655,0.18721,56588.9
1757534400,0.18734,0.18912,0.18696,0.18901,40492.9
1757548800,0.18902,0.19022,0.18843,0.19019,42475.8
1757563200,0.19024,0.19102,0.18825,0.1904,38388.4
1757577600,0.19056,0.19114,0.18743,0.18753,44161.1
1757592000,0.18782,0.18894,0.18478,0.18626,153513.5
1757606400,0.18626,0.18793,0.18615,0.18793,57712.2
1757620800,0.1877,0.18983,0.1875,0.18954,63121.4
1757635200,0.18974,0.19364,0.18942,0.19125,101317.3
1757649600,0.19125,0.19314,0.1911,0.19185,57309.3
1757664000,0.19181,0.19196,0.18914,0.18926,53481.6
1757678400,0.18914,0.19174,0.18846,0.19074,41448.6
1757692800,0.19086,0.19569,0.19074,0.1955,52678.3
1757707200,0.19505,0.19589,0.19358,0.19564,51785.2
1757721600,0.1958,0.19697,0.19524,0.196,112600.0
1757736000,0.19601,0.19615,0.1943,0.19439,42602.7
1757750400,0.19432,0.19738,0.19432,0.19708,46797.9
1757764800,0.1972,0.19898,0.19535,0.19607,60062.7
1757779200,0.19607,0.19668,0.1935,0.19555,106042.6
1757793600,0.19554,0.19736,0.19554,0.19736,43098.2
1757808000,0.19736,0.19748,0.19416,0.19447,33887.6
1757822400,0.19448,0.19622,0.193,0.19521,32715.8
1757836800,0.19489,0.19629,0.19185,0.19192,115823.9
1757851200,0.19213,0.19313,0.1895,0.18977,99874.0
1757865600,0.18987,0.19236,0.18987,0.19011,79763.8
1757880000,0.19012,0.19291,0.18961,0.19098,53792.3
1757894400,0.191,0.19339,0.18943,0.19317,55729.9
1757908800,0.1932,0.19527,0.18853,0.18853,67325.4
1757923200,0.18837,0.18837,0.18423,0.18593,73499.1
1757937600,0.18596,0.18684,0.18335,0.18415,39804.9
1757952000,0.18415,0.18443,0.18241,0.18373,62328.7
1757966400,0.18384,0.18523,0.18372,0.18504,45607.5
1757980800,0.18483,0.18514,0.18364,0.18384,39273.6
1757995200,0.18384,0.18953,0.18264,0.18898,64396.3
1758009600,0.18898,0.19016,0.1875,0.18792,42046.8
1758024000,0.18813,0.18922,0.18543,0.18801,54335.0
1758038400,0.18829,0.18951,0.18722,0.18822,61506.3
1758052800,0.18816,0.18921,0.18788,0.18856,60538.4
1758067200,0.18852,0.1892,0.18588,0.18598,56530.8
1758081600,0.18603,0.18787,0.18452,0.18737,64346.6
1758096000,0.18743,0.18743,0.1845,0.18502,50436.5
1758110400,0.18506,0.18868,0.18455,0.18516,72244.6
1758124800,0.18494,0.19246,0.18381,0.19214,152828.9
1758139200,0.19266,0.19413,0.1891,0.19321,107578.6
1758153600,0.1934,0.19712,0.19306,0.1961,85683.9
1758168000,0.19603,0.19914,0.19566,0.19811,69534.4
1758182400,0.19799,0.19891,0.19595,0.19597,55625.8
1758196800,0.19639,0.19787,0.19554,0.19743,61822.3
1758211200,0.1974,0.19945,0.19714,0.19812,122034.6
1758225600,0.19813,0.19951,0.19734,0.19797,75741.6
1758240000,0.19793,0.20291,0.19556,0.19616,86043.6
1758254400,0.19563,0.19677,0.1931,0.19363,103741.0
1758268800,0.19382,0.19498,0.18997,0.19076,58025.6
1758283200,0.19054,0.19274,0.18825,0.18986,74541.7
1758297600,0.18964,0.19116,0.18823,0.18831,37978.7
1758312000,0.18838,0.19012,0.18693,0.18853,34482.6
1758326400,0.18837,0.19059,0.18659,0.19018,107931.9
1758340800,0.19003,0.19382,0.18972,0.19273,56081.9
1758355200,0.19251,0.19284,0.18953,0.19117,49474.0
1758369600,0.19095,0.19353,0.18897,0.19342,69823.1
1758384000,0.19342,0.194,0.19055,0.19107,98613.3
1758398400,0.19094,0.19259,0.19086,0.192,86356.0
1758412800,0.19203,0.19251,0.19043,0.1923,44719.2
1758427200,0.19252,0.19384,0.19118,0.19317,42270.5
1758441600,0.19317,0.19339,0.18821,0.18918,86413.6
1758456000,0.18913,0.19211,0.18913,0.18963,121309.9
1758470400,0.18982,0.19041,0.18776,0.18966,74343.8
1758484800,0.18968,0.18986,0.18732,0.18732,42632.9
1758499200,0.18713,0.18791,0.18077,0.18173,207103.8
1758513600,0.18169,0.18272,0.16831,0.17421,1757640.3999999999
1758528000,0.1739,0.17603,0.17147,0.1721,306307.0
1758542400,0.17214,0.17407,0.17123,0.17153,126174.8
1758556800,0.17156,0.17198,0.16893,0.16893,81605.7
1758571200,0.16924,0.17318,0.16902,0.17318,57446.6
1758585600,0.17317,0.17498,0.16808,0.17135,142930.0
1758600000,0.17146,0.17409,0.16936,0.17354,68486.1
1758614400,0.17383,0.17531,0.17299,0.17374,47992.6
1758628800,0.17343,0.17439,0.17141,0.17329,56205.0
1758643200,0.17354,0.17501,0.17056,0.1711,99367.8
1758657600,0.1712,0.17361,0.1712,0.17164,45671.3
1758672000,0.17175,0.1744,0.17014,0.1704,80560.5
1758686400,0.17026,0.17651,0.1683,0.17556,230872.0
1758700800,0.1754,0.17805,0.17527,0.17758,61712.8
1758715200,0.17767,0.17937,0.17661,0.17696,39502.2
1758729600,0.17699,0.17764,0.17548,0.17619,44729.3
1758744000,0.17625,0.17635,0.1733,0.17369,48349.5
1758758400,0.17401,0.17412,0.16904,0.17012,98161.8
1758772800,0.17024,0.17073,0.16723,0.16765,78870.5
1758787200,0.16806,0.16974,0.1666,0.16707,71911.0
1758801600,0.16727,0.17014,0.16485,0.16704,119374.9
1758816000,0.16767,0.1685,0.16026,0.16729,140869.1
1758830400,0.16733,0.16733,0.16298,0.16368,66965.3
1758844800,0.16405,0.16616,0.16326,0.16551,49951.9
1758859200,0.16552,0.16623,0.16366,0.16581,52413.6
1758873600,0.16596,0.16732,0.16184,0.16334,102553.4
1758888000,0.16332,0.1659,0.16136,0.16441,94122.9
1758902400,0.16435,0.16889,0.16435,0.16779,63594.2
1758916800,0.1677,0.16859,0.16724,0.16809,62077.5
1758931200,0.168,0.16954,0.16775,0.16843,57327.6
1758945600,0.16824,0.16948,0.16772,0.16792,48754.6
1758960000,0.16788,0.16799,0.16504,0.16751,91963.9
1758974400,0.16775,0.1687,0.16642,0.1677,55255.4
1758988800,0.16763,0.16763,0.16495,0.16599,57242.2
1759003200,0.1662,0.16732,0.16582,0.16603,67137.1
1759017600,0.16602,0.16606,0.16341,0.1643,50476.5
1759032000,0.16412,0.16444,0.16282,0.16323,49199.6
1759046400,0.16324,0.16366,0.16114,0.16165,50996.4
1759060800,0.1618,0.164,0.16055,0.16351,64943.1
1759075200,0.16366,0.16551,0.16354,0.16539,47980.7
1759089600,0.16542,0.16793,0.16515,0.16757,59199.7
1759104000,0.16757,0.16764,0.16569,0.1661,49124.4
1759118400,0.16632,0.16632,0.165,0.16566,57029.7
1759132800,0.16576,0.16692,0.16323,0.16421,57769.6
1759147200,0.16414,0.16866,0.16147,0.16626,226414.3
1759161600,0.16669,0.1677,0.16202,0.16567,173402.7
1759176000,0.1658,0.16768,0.16406,0.16414,95828.7
1759190400,0.16414,0.16438,0.16126,0.1615,170603.9
1759204800,0.16151,0.16254,0.16102,0.16174,66546.2
1759219200,0.1619,0.16209,0.15964,0.16071,168768.1
1759233600,0.16068,0.16076,0.15701,0.15864,87524.2
1759248000,0.15858,0.16159,0.15766,0.16159,91237.9
1759262400,0.16181,0.1633,0.1612,0.16195,59676.5
1759276800,0.16202,0.1624,0.16004,0.16006,51764.6
1759291200,0.15986,0.16226,0.15986,0.16106,73340.8
1759305600,0.16096,0.16862,0.16096,0.16457,213632.7
1759320000,0.16473,0.16489,0.1633,0.16385,319107.6
1759334400,0.16369,0.16518,0.16083,0.16496,547899.1
1759348800,0.16504,0.16647,0.16433,0.16634,143901.4
1759363200,0.16655,0.1704,0.16654,0.17038,103172.5
1759377600,0.17021,0.17176,0.16959,0.17114,109511.3
1759392000,0.17107,0.1748,0.17051,0.17336,129625.5
1759406400,0.17341,0.17406,0.16906,0.17123,102836.2
1759420800,0.17118,0.17363,0.17118,0.17342,97484.3
1759435200,0.17335,0.17426,0.17314,0.1741,41592.6
1759449600,0.17427,0.17427,0.17071,0.17079,59049.3
1759464000,0.17076,0.17228,0.17014,0.17041,51094.9
1759478400,0.17064,0.171,0.16944,0.16953,62512.9
1759492800,0.16967,0.17369,0.16862,0.1736,136079.5
1759507200,0.1737,0.17687,0.17146,0.17425,450669.4
1759521600,0.17425,0.17443,0.17242,0.17324,40590.5
1759536000,0.17325,0.17374,0.17067,0.17093,49854.9
1759550400,0.17088,0.17155,0.16958,0.1699,58960.4
1759564800,0.16971,0.17008,0.16672,0.1678,93476.3
1759579200,0.16775,0.16903,0.16499,0.16529,80961.8
1759593600,0.16536,0.16681,0.16464,0.1664,51516.5
1759608000,0.16653,0.1671,0.16595,0.16684,42290.5
1759622400,0.16699,0.17622,0.16682,0.17405,161404.2
1759636800,0.17416,0.17592,0.17332,0.17533,154607.6
1759651200,0.17563,0.17596,0.17165,0.17312,61699.1
1759665600,0.17328,0.17462,0.17225,0.17341,138456.5
1759680000,0.17343,0.1736,0.16862,0.16862,68833.2
1759694400,0.16862,0.16961,0.16766,0.16858,56919.8
1759708800,0.16845,0.17001,0.16736,0.16968,252895.9
1759723200,0.16945,0.1728,0.16901,0.17121,116674.6
1759737600,0.17161,0.1734,0.17128,0.17237,59397.7
1759752000,0.17233,0.17588,0.17225,0.17538,89933.3
1759766400,0.17588,0.18336,0.17454,0.18302,483083.2
1759780800,0.1831,0.18927,0.18104,0.18792,603983.2
1759795200,0.18789,0.19023,0.18569,0.18654,229073.7
1759809600,0.18651,0.19429,0.18541,0.19194,497078.1
1759824000,0.19172,0.20135,0.1898,0.19532,5713663.2999999998
1759838400,0.19505,0.19707,0.18337,0.18391,3228546.2999999998
1759852800,0.18387,0.18529,0.1796,0.18046,356110.0
1759867200,0.1804,0.18377,0.17775,0.17775,361196.8
1759881600,0.17787,0.18381,0.17214,0.17335,652126.3
1759896000,0.17332,0.17485,0.17235,0.17475,161456.4
1759910400,0.17474,0.1782,0.17474,0.17588,89477.0
1759924800,0.17579,0.17857,0.17427,0.17653,131951.5
1759939200,0.17656,0.18273,0.17613,0.17953,87089.9
1759953600,0.17942,0.1795,0.17766,0.17879,653928.3
1759968000,0.1791,0.1791,0.17166,0.17396,176826.4
1759982400,0.17389,0.17453,0.17111,0.17199,66378.9
1759996800,0.17183,0.17211,0.16725,0.17056,407120.1
1760011200,0.17038,0.17175,0.16507,0.16766,706354.0
1760025600,0.16756,0.16963,0.16645,0.16857,198663.7
1760040000,0.16858,0.17166,0.16802,0.17094,116987.6
1760054400,0.17103,0.17241,0.16884,0.17144,53302.0
1760068800,0.17149,0.17479,0.16885,0.16911,139827.2
1760083200,0.169,0.17233,0.16892,0.17199,218701.5
1760097600,0.17198,0.17318,0.15975,0.16137,621066.6
1760112000,0.16126,0.16427,0.15547,0.15768,246510.8
1760126400,0.15767,0.15835,0.06042,0.11283,3989047.7000000002
1760140800,0.11282,0.11816,0.1109,0.11583,949375.5
1760155200,0.11555,0.11818,0.11537,0.11643,289973.2
1760169600,0.11673,0.1218,0.11621,0.11951,758075.8
1760184000,0.11947,0.11947,0.11559,0.1178,245243.5
1760198400,0.11775,0.11794,0.11304,0.11364,156124.6
1760212800,0.11364,0.11394,0.10886,0.11194,2045164.6000000001
1760227200,0.11191,0.11248,0.11005,0.11112,875269.1
1760241600,0.11129,0.11435,0.1112,0.11391,356907.7
1760256000,0.11411,0.11464,0.11209,0.11349,317427.9
1760270400,0.11362,0.11932,0.11281,0.11885,1254538.0
1760284800,0.11916,0.1222,0.11914,0.122,246662.0
1760299200,0.12243,0.12268,0.12024,0.1218,158014.1
1760313600,0.12154,0.12267,0.1197,0.12116,367817.3
1760328000,0.12129,0.12428,0.12109,0.12319,797338.0
1760342400,0.12303,0.12631,0.1219,0.12447,667361.3
1760356800,0.1241,0.12777,0.12322,0.12697,881555.1
1760371200,0.12735,0.13057,0.12615,0.13017,309802.3
1760385600,0.13025,0.1313,0.13001,0.1306,118580.1
1760400000,0.1306,0.1309,0.12581,0.12604,97794.0
1760414400,0.12632,0.12642,0.11841,0.11951,246279.9
1760428800,0.1197,0.12067,0.1172,0.11877,144492.0
1760443200,0.11891,0.12233,0.11575,0.12233,489051.3
1760457600,0.1223,0.12458,0.12063,0.12349,727223.4
1760472000,0.12346,0.12491,0.12302,0.12441,122304.3
1760486400,0.12448,0.12488,0.12269,0.1227,182817.5
1760500800,0.12284,0.12451,0.1222,0.12429,94969.5
1760515200,0.12419,0.12662,0.12275,0.12324,246019.1
1760529600,0.12325,0.12355,0.11882,0.11954,1240305.7
1760544000,0.11972,0.11979,0.11787,0.11816,467368.3
1760558400,0.11813,0.11889,0.11625,0.11757,303677.4
1760572800,0.11758,0.11998,0.11742,0.11917,313173.1
1760587200,0.11896,0.12083,0.11841,0.11995,312568.3
1760601600,0.11997,0.12224,0.11562,0.12064,767753.5
1760616000,0.12083,0.12155,0.11564,0.11605,550346.3
1760630400,0.11565,0.11864,0.11355,0.11413,547339.1
1760644800,0.11438,0.11478,0.11256,0.11344,130365.3
1760659200,0.11344,0.11579,0.11344,0.11535,224232.7
1760673600,0.1156,0.1158,0.1073,0.1075,1015804.7
1760688000,0.10737,0.1133,0.10613,0.11245,661973.3
1760702400,0.11289,0.11328,0.11031,0.1127,566453.6
1760716800,0.11295,0.11398,0.11135,0.11238,257862.1
1760731200,0.11242,0.11422,0.11221,0.1126,181234.7
1760745600,0.11272,0.11411,0.11249,0.11381,116419.3
1760760000,0.11376,0.11537,0.11303,0.11373,337595.7
1760774400,0.11378,0.11451,0.11364,0.11409,109350.8
1760788800,0.11408,0.11424,0.11234,0.11249,375622.5
1760803200,0.11245,0.11352,0.11112,0.11316,194235.7
1760817600,0.11306,0.11398,0.11292,0.11364,317415.4
1760832000,0.11382,0.11436,0.11234,0.11416,138631.0
1760846400,0.11424,0.1143,0.11237,0.11278,104920.1
1760860800,0.11284,0.1172,0.11173,0.11589,586991.2
1760875200,0.11593,0.11902,0.1152,0.11851,507697.9
1760889600,0.1184,0.1194,0.1178,0.11904,255120.6
1760904000,0.11905,0.11905,0.11769,0.11786,110608.1
1760918400,0.11792,0.1211,0.11614,0.121,196678.4
1760932800,0.12126,0.12375,0.12078,0.12345,230366.7
1760947200,0.12355,0.12357,0.12088,0.12108,261325.1
1760961600,0.1211,0.12307,0.121,0.12175,336650.4
1760976000,0.12153,0.12196,0.11886,0.11986,245871.4
1760990400,0.11955,0.12069,0.11946,0.11986,192979.2
1761004800,0.11994,0.12011,0.1172,0.1172,237155.5
1761019200,0.1172,0.11746,0.11548,0.11617,152624.1
1761033600,0.11608,0.11662,0.11497,0.11653,399318.2
1761048000,0.1165,0.1247,0.11598,0.12412,883310.8
1761062400,0.12426,0.12455,0.12076,0.12076,270761.4
1761076800,0.12061,0.1209,0.11534,0.11534,413089.4
1761091200,0.11546,0.11613,0.11443,0.11501,117767.2
1761105600,0.11506,0.11618,0.11384,0.11458,722588.5
1761120000,0.11455,0.11477,0.11234,0.11408,211294.6
1761134400,0.11416,0.11608,0.1139,0.11527,323014.8
1761148800,0.11542,0.11578,0.1136,0.11439,131603.2
1761163200,0.11451,0.11472,0.11052,0.11263,594648.8
1761177600,0.11259,0.11414,0.11253,0.1138,414061.7
1761192000,0.11372,0.11743,0.11372,0.11705,477489.7
1761206400,0.11703,0.11945,0.11661,0.11701,300123.6
1761220800,0.11671,0.11959,0.11611,0.1185,745353.5
1761235200,0.11859,0.11963,0.11794,0.1191,129180.0
1761249600,0.11906,0.11912,0.11754,0.11849,138120.2
1761264000,0.11861,0.11938,0.11821,0.11938,101082.2
1761278400,0.11949,0.12155,0.11927,0.12065,206927.6
1761292800,0.12063,0.12107,0.11952,0.12007,84315.1
1761307200,0.12018,0.12273,0.11867,0.11907,129330.3
1761321600,0.1189,0.12043,0.11792,0.12009,150776.0
1761336000,0.12012,0.12126,0.12002,0.12066,68744.7
1761350400,0.12078,0.1209,0.11937,0.11952,90893.8
1761364800,0.11952,0.12001,0.11859,0.1187,174958.6
1761379200,0.11875,0.11977,0.11869,0.11877,66231.6
1761393600,0.11901,0.12067,0.11901,0.12034,158108.6
1761408000,0.12034,0.12157,0.12022,0.12116,83153.1
1761422400,0.12133,0.12148,0.12015,0.12031,71903.3
1761436800,0.12031,0.12097,0.11963,0.11981,51395.8
1761451200,0.11963,0.12546,0.11963,0.12465,176965.1
1761465600,0.12456,0.1249,0.12249,0.12399,111412.5
1761480000,0.12404,0.12487,0.12374,0.12487,56902.1
1761494400,0.12475,0.12659,0.12395,0.12461,155980.1
1761508800,0.12461,0.12618,0.12409,0.12531,123455.0
1761523200,0.12539,0.12809,0.12483,0.12633,63270.9
1761537600,0.12621,0.12944,0.12562,0.12944,179339.0
1761552000,0.12935,0.12935,0.12315,0.12413,221677.3
1761566400,0.124,0.12432,0.12147,0.12313,145566.8
1761580800,0.12332,0.12694,0.12322,0.12471,90957.8
1761595200,0.12484,0.12484,0.12248,0.12429,191835.8
1761609600,0.12414,0.1245,0.12176,0.12224,95122.9
1761624000,0.12224,0.12636,0.12223,0.12352,134488.2
1761638400,0.12362,0.125,0.1233,0.12354,120708.3
1761652800,0.12362,0.12605,0.12211,0.12355,196907.8
1761667200,0.12372,0.12518,0.12072,0.12072,169149.7
1761681600,0.12099,0.12103,0.11806,0.11986,257835.9
1761696000,0.12007,0.12172,0.11963,0.11968,241910.7
1761710400,0.11976,0.12036,0.11934,0.11959,81550.3
1761724800,0.1197,0.12084,0.11867,0.12035,143798.5
1761739200,0.12025,0.1215,0.11838,0.11841,130986.7
1761753600,0.11855,0.1223,0.11701,0.12088,521923.8
1761768000,0.12076,0.12256,0.11817,0.11861,141994.5
1761782400,0.11864,0.12126,0.11806,0.1198,239966.4
1761796800,0.11946,0.11953,0.115,0.1189,345913.4
1761811200,0.11895,0.1191,0.11572,0.11585,293584.4
1761825600,0.11574,0.11584,0.10966,0.10971,323849.0
1761840000,0.10991,0.11071,0.10731,0.10748,267490.5
1761854400,0.10754,0.11295,0.10746,0.11291,177145.6
1761868800,0.11263,0.11368,0.11234,0.11265,593503.3
1761883200,0.1128,0.11408,0.11251,0.11251,97307.8
1761897600,0.11282,0.11371,0.11252,0.11327,248929.9
1761912000,0.11344,0.11416,0.11298,0.11307,149425.6
1761926400,0.11302,0.11397,0.11055,0.11368,357528.3
1761940800,0.11361,0.11408,0.11301,0.11376,186443.7
1761955200,0.11371,0.1156,0.11344,0.11429,180667.6
1761969600,0.11434,0.11533,0.1138,0.11518,317918.7
1761984000,0.11521,0.11746,0.11521,0.1168,456308.0
1761998400,0.11681,0.11735,0.11555,0.11644,176518.5
1762012800,0.1164,0.1172,0.1163,0.11688,251255.0
1762027200,0.11698,0.11756,0.11625,0.11682,233799.4
1762041600,0.11677,0.11762,0.11626,0.11686,133918.5
1762056000,0.11687,0.11984,0.11678,0.11967,195115.2
1762070400,0.11988,0.12023,0.11721,0.11922,121614.9
1762084800,0.11916,0.11926,0.11538,0.11574,115921.3
1762099200,0.11572,0.11644,0.11489,0.11559,264748.5
1762113600,0.11552,0.11902,0.1152,0.11902,195039.2
1762128000,0.11903,0.11906,0.11052,0.11052,316705.6
1762142400,0.11052,0.11106,0.10748,0.10876,470549.8
1762156800,0.10866,0.11034,0.10748,0.10836,174685.9
1762171200,0.10855,0.10978,0.10202,0.10278,1086302.2
1762185600,0.10284,0.10721,0.10202,0.10325,2108472.7999999998
1762200000,0.1033,0.10347,0.1008,0.10209,724095.9
1762214400,0.10226,0.10647,0.10141,0.10578,285998.5
1762228800,0.10598,0.10627,0.10019,0.10046,362560.5
1762243200,0.10042,0.10412,0.0996,0.10199,1398702.5
1762257600,0.1022,0.10505,0.09932,0.10218,899666.2
1762272000,0.10229,0.10323,0.09592,0.09777,794299.0
1762286400,0.09774,0.1008,0.09351,0.09941,1427745.2
1762300800,0.09932,0.10089,0.09218,0.1003,634176.9
1762315200,0.10061,0.10077,0.09755,0.09801,157904.7
1762329600,0.09796,0.09857,0.09617,0.09837,170097.2
1762344000,0.09848,0.10141,0.09834,0.10035,226930.7
1762358400,0.10043,0.10141,0.09919,0.10054,144206.2
1762372800,0.10053,0.10238,0.10028,0.10141,114397.3
1762387200,0.10144,0.10177,0.09959,0.10125,143424.3
1762401600,0.10137,0.10177,0.09906,0.0992,147992.2
1762416000,0.09903,0.1008,0.09883,0.09956,235363.7
1762430400,0.09967,0.10103,0.09748,0.09768,333434.1
1762444800,0.09789,0.09947,0.09681,0.09894,180314.9
1762459200,0.09904,0.09963,0.09777,0.09934,111706.9
1762473600,0.09948,0.10336,0.09931,0.10191,347019.6
1762488000,0.10194,0.10418,0.10081,0.10408,229239.1
1762502400,0.10415,0.10488,0.10157,0.10325,291872.7
1762516800,0.10318,0.10655,0.10019,0.10605,455717.4
1762531200,0.10604,0.11582,0.10597,0.11412,2334864.3999999999
1762545600,0.11406,0.11534,0.11227,0.11286,1041271.1
1762560000,0.11299,0.11445,0.11123,0.11123,1093477.0
1762574400,0.11123,0.11295,0.11094,0.11156,502264.6
1762588800,0.11147,0.11249,0.11011,0.11167,138771.3
1762603200,0.11165,0.11173,0.10757,0.10783,266922.2
1762617600,0.10791,0.10849,0.10723,0.10757,203161.2
1762632000,0.10771,0.1086,0.10733,0.10808,102823.4
1762646400,0.10812,0.10823,0.10468,0.10517,206906.7
1762660800,0.10536,0.10779,0.10528,0.10778,256869.2
1762675200,0.10784,0.10899,0.10549,0.10879,256428.2
1762689600,0.10898,0.1114,0.10713,0.11067,435942.8
1762704000,0.11072,0.11355,0.1094,0.11355,351769.5
1762718400,0.11414,0.11649,0.11052,0.11121,453499.9
1762732800,0.11112,0.11251,0.11052,0.11074,211966.2
1762747200,0.11074,0.11133,0.11017,0.11057,119985.9
1762761600,0.11058,0.11222,0.10991,0.11161,216934.6
1762776000,0.11162,0.11234,0.10935,0.11106,253349.6
1762790400,0.11122,0.11197,0.10978,0.11046,138340.5
1762804800,0.11063,0.11177,0.10945,0.11079,195107.3
1762819200,0.11102,0.11323,0.10878,0.11125,590458.1
1762833600,0.11114,0.11139,0.10755,0.10756,202722.7
1762848000,0.1077,0.11209,0.10769,0.11039,464984.1
1762862400,0.11013,0.1107,0.1081,0.10965,318135.9
1762876800,0.10964,0.11145,0.10716,0.10718,239239.8
1762891200,0.10712,0.1073,0.10505,0.10527,227946.5
1762905600,0.10531,0.10666,0.10448,0.10596,164006.4
1762920000,0.10602,0.10802,0.1059,0.107,125544.4
1762934400,0.1072,0.10908,0.10718,0.10798,147961.3
1762948800,0.10796,0.1091,0.10536,0.10572,286319.5
1762963200,0.10584,0.10599,0.10203,0.10276,252775.6
1762977600,0.10271,0.1044,0.10265,0.10353,158128.5
1762992000,0.10342,0.10707,0.10342,0.10607,206445.8
1763006400,0.10612,0.10708,0.10541,0.1059,284722.0
1763020800,0.1059,0.1066,0.10522,0.10549,110994.1
1763035200,0.1055,0.10748,0.10444,0.10536,253198.0
1763049600,0.1057,0.10605,0.09837,0.09857,506665.5
1763064000,0.09832,0.10077,0.09738,0.09982,809153.5
1763078400,0.09972,0.10029,0.09837,0.09874,126376.5
1763092800,0.09882,0.09918,0.09534,0.09847,523132.5
1763107200,0.09846,0.09853,0.09546,0.09576,166789.2
1763121600,0.096,0.09916,0.0944,0.09827,413645.9
1763136000,0.09845,0.09916,0.09655,0.09857,214206.0
1763150400,0.09848,0.09879,0.09412,0.09548,268713.7
1763164800,0.09557,0.09898,0.09557,0.09879,175404.7
1763179200,0.09898,0.09938,0.09807,0.09844,423759.5
1763193600,0.09842,0.09852,0.09655,0.09712,134109.5
1763208000,0.09703,0.09867,0.09703,0.09753,118004.5
1763222400,0.09737,0.09847,0.0967,0.09758,133892.8
1763236800,0.09758,0.09771,0.09657,0.0971,105851.5
1763251200,0.09717,0.10019,0.09606,0.09984,493214.3
1763265600,0.09977,0.1057,0.09952,0.1057,1030124.8
1763280000,0.10607,0.10722,0.10285,0.105,1160063.6000000001
1763294400,0.10434,0.10449,0.0994,0.0997,503417.1
1763308800,0.09976,0.10021,0.09621,0.09733,463492.5
1763323200,0.09743,0.09916,0.09578,0.09855,379636.4
1763337600,0.09865,0.1014,0.09731,0.10094,419025.2
1763352000,0.10097,0.10177,0.09929,0.10066,294222.2
1763366400,0.10064,0.1017,0.0997,0.1005,462225.4
1763380800,0.10061,0.10245,0.09732,0.09796,666223.2
1763395200,0.0981,0.09967,0.09385,0.09426,572257.6
1763409600,0.09435,0.09528,0.09331,0.09436,294486.1
1763424000,0.09449,0.0955,0.0925,0.09479,377909.5
1763438400,0.09492,0.09562,0.09254,0.0935,237746.5
1763452800,0.09354,0.09461,0.09251,0.0928,129728.2
1763467200,0.0928,0.09518,0.09141,0.09438,364249.9
1763481600,0.09453,0.09688,0.09453,0.09573,125607.2
1763496000,0.09567,0.09592,0.09418,0.09508,101415.7
1763510400,0.0951,0.09551,0.09385,0.09406,98684.3
1763524800,0.09398,0.0953,0.0917,0.09505,205328.6
1763539200,0.09522,0.09587,0.09411,0.09466,141328.1
1763553600,0.09478,0.09559,0.0917,0.0917,327181.3
1763568000,0.09172,0.09222,0.08787,0.08858,364896.3
1763582400,0.08872,0.09256,0.08842,0.09237,312938.0
1763596800,0.09251,0.09368,0.09238,0.09347,145651.3
1763611200,0.09347,0.09451,0.09342,0.09402,255711.3
1763625600,0.09412,0.09496,0.09359,0.09449,137176.7
1763640000,0.09463,0.09868,0.09451,0.09649,561147.7
1763654400,0.09652,0.09669,0.08775,0.08939,612869.1
1763668800,0.0891,0.09379,0.08822,0.09083,350873.8
1763683200,0.09093,0.09169,0.08838,0.09058,266446.1
1763697600,0.09053,0.09053,0.08056,0.08476,1246181.0
1763712000,0.08466,0.08573,0.08244,0.08267,1811503.6000000001
1763726400,0.08262,0.08607,0.08119,0.08409,652407.7
1763740800,0.08429,0.08828,0.08339,0.08703,774664.0
1763755200,0.08706,0.08755,0.08465,0.08745,530674.5
1763769600,0.08733,0.0874,0.0862,0.08645,248539.6
1763784000,0.08647,0.087,0.085,0.08621,329288.0
1763798400,0.08628,0.08657,0.08471,0.0858,313487.1
1763812800,0.08582,0.08767,0.0846,0.08665,288683.3
1763827200,0.08677,0.08767,0.08673,0.08738,295206.3
1763841600,0.08762,0.08877,0.08658,0.08791,555164.1
1763856000,0.08791,0.08878,0.08741,0.08792,218407.4
1763870400,0.08801,0.08891,0.08725,0.08801,244575.1
1763884800,0.08801,0.08861,0.08738,0.08788,157556.4
1763899200,0.08793,0.0889,0.0876,0.08806,388984.3
1763913600,0.08813,0.08844,0.08741,0.08798,138302.9
1763928000,0.08801,0.08837,0.08682,0.08703,546212.0
1763942400,0.0869,0.09068,0.08626,0.08968,423104.0
1763956800,0.08978,0.08983,0.08789,0.08857,370049.5
1763971200,0.08864,0.08889,0.08681,0.0878,606480.2
1763985600,0.08781,0.08891,0.0868,0.08857,1107500.3999999999
1764000000,0.0886,0.09182,0.0886,0.09131,1055920.5
1764014400,0.09155,0.09165,0.09041,0.09058,274249.1
1764028800,0.09058,0.0907,0.08858,0.08947,247199.9
1764043200,0.08947,0.08979,0.0887,0.08876,141472.9
1764057600,0.08889,0.09026,0.08847,0.08969,235184.2
1764072000,0.08972,0.09017,0.08765,0.08915,206182.2
1764086400,0.08915,0.09073,0.08846,0.08948,266317.2
1764100800,0.08952,0.09159,0.08931,0.0912,189996.8
1764115200,0.09107,0.09111,0.09018,0.09019,166917.9
1764129600,0.0903,0.09069,0.08987,0.09017,164830.1
1764144000,0.09018,0.09066,0.08838,0.08866,258017.3
1764158400,0.08867,0.08957,0.08813,0.08848,152053.9
1764172800,0.08889,0.092,0.08884,0.09169,450874.4
1764187200,0.09173,0.09222,0.09128,0.09158,171101.0
1764201600,0.09158,0.09203,0.09112,0.09176,850829.9
1764216000,0.09168,0.09245,0.09158,0.09188,220688.6
1764230400,0.09203,0.09286,0.09171,0.0924,119553.6
1764244800,0.09245,0.09327,0.09159,0.09305,124558.0
1764259200,0.09305,0.09465,0.09291,0.09429,148607.0
1764273600,0.09438,0.09473,0.09292,0.09373,117490.6
1764288000,0.0935,0.09629,0.09249,0.09249,1656296.6000000001
1764302400,0.0923,0.09345,0.09189,0.09253,209066.7
1764316800,0.09263,0.094,0.09246,0.09327,301617.3
1764331200,0.09316,0.09357,0.09238,0.09318,375510.0
1764345600,0.09321,0.09325,0.09059,0.09156,268212.6
1764360000,0.09156,0.09184,0.09097,0.0914,352633.6
1764374400,0.09126,0.0921,0.09107,0.09146,122948.5
1764388800,0.0914,0.09198,0.09076,0.091,181549.8
1764403200,0.09092,0.09105,0.08999,0.09096,310095.9
1764417600,0.09095,0.09137,0.09006,0.09037,122831.5
1764432000,0.09051,0.09051,0.08926,0.08937,113453.7
1764446400,0.08933,0.08951,0.08848,0.08857,170957.9
1764460800,0.08882,0.08924,0.0884,0.08881,631802.6
1764475200,0.08907,0.09002,0.08854,0.08939,204771.9
1764489600,0.08948,0.09085,0.08909,0.08938,484954.3
1764504000,0.08938,0.09092,0.08917,0.09008,455410.4
1764518400,0.09011,0.09073,0.08994,0.0901,161695.9
1764532800,0.0902,0.09051,0.08847,0.08868,165780.2
1764547200,0.08872,0.08878,0.08228,0.0823,1160810.3999999999
1764561600,0.08225,0.08244,0.08165,0.08219,314442.7
1764576000,0.08214,0.08302,0.08184,0.08229,158144.4
1764590400,0.08224,0.08258,0.08076,0.08182,696511.2
1764604800,0.08182,0.08284,0.0811,0.08148,1176516.8
1764619200,0.08155,0.08311,0.08155,0.0829,1577860.3
1764633600,0.08296,0.0835,0.08209,0.08239,324495.6
1764648000,0.08268,0.08321,0.08198,0.08321,288217.8
1764662400,0.08317,0.08421,0.08273,0.08379,478348.8
1764676800,0.08389,0.08987,0.08382,0.08986,717909.1
1764691200,0.08993,0.09012,0.08825,0.08825,490581.0
1764705600,0.08849,0.08849,0.08752,0.08752,458402.9
1764720000,0.08763,0.08828,0.08754,0.08766,227902.5
1764734400,0.0877,0.08946,0.08761,0.08874,190481.0
1764748800,0.08881,0.08908,0.08816,0.08826,142616.7
1764763200,0.08834,0.08886,0.08657,0.08776,383310.9
1764777600,0.08773,0.08945,0.0876,0.08935,191351.7
1764792000,0.08935,0.09087,0.08891,0.09008,158863.2
1764806400,0.09017,0.09036,0.0893,0.08965,233990.0
1764820800,0.08965,0.08967,0.08885,0.0891,152828.3
1764835200,0.08911,0.08995,0.08895,0.08918,382269.1
1764849600,0.08927,0.08947,0.0879,0.08904,256285.0
1764864000,0.08897,0.08936,0.08623,0.08774,358763.4
1764878400,0.08768,0.08817,0.08723,0.08757,216471.8
1764892800,0.08763,0.08856,0.0874,0.08788,177527.1
1764907200,0.08789,0.08863,0.08706,0.08847,331172.4
1764921600,0.08839,0.08851,0.08604,0.08639,273826.3
1764936000,0.08648,0.08721,0.0854,0.08575,724610.8
1764950400,0.08585,0.08585,0.08319,0.08412,1024001.7
1764964800,0.08418,0.08452,0.0837,0.08424,173533.5
1764979200,0.0843,0.08501,0.08388,0.0849,471286.9
1764993600,0.08501,0.08524,0.08444,0.08481,175974.3
1765008000,0.08481,0.08554,0.08451,0.0847,2350200.2000000002
1765022400,0.0848,0.0859,0.08477,0.0854,382773.2
1765036800,0.08549,0.08683,0.08546,0.08584,186278.1
1765051200,0.08584,0.08722,0.0857,0.08648,254149.3
1765065600,0.08659,0.08709,0.0861,0.08634,358299.3
1765080000,0.08638,0.08641,0.0857,0.08594,431251.4
1765094400,0.08599,0.08599,0.08459,0.08465,158106.9
1765108800,0.08471,0.08562,0.08264,0.08459,353769.0
1765123200,0.08452,0.08623,0.08399,0.08569,352136.4
1765137600,0.0857,0.08604,0.08293,0.08387,754583.6
1765152000,0.08382,0.08513,0.08372,0.08486,375265.2
1765166400,0.08488,0.08623,0.08488,0.08602,172243.9
1765180800,0.08596,0.08664,0.08568,0.08601,161253.3
1765195200,0.08598,0.08634,0.08484,0.0851,253639.5
1765209600,0.08504,0.08594,0.0839,0.08425,359947.9
1765224000,0.08427,0.08523,0.08414,0.08502,306212.3
1765238400,0.08504,0.08533,0.08362,0.08459,336458.2
1765252800,0.08452,0.08455,0.08332,0.0842,186180.2
1765267200,0.08413,0.08431,0.08348,0.08416,114312.2
1765281600,0.08414,0.08744,0.08408,0.0872,503069.4
1765296000,0.08744,0.09004,0.08744,0.0898,419283.6
1765310400,0.08976,0.0898,0.08777,0.08891,526524.2
1765324800,0.08891,0.08898,0.08753,0.08793,212513.9
1765339200,0.08794,0.08821,0.08737,0.08769,207832.4
1765353600,0.0877,0.08783,0.08658,0.08677,205907.7
1765368000,0.08683,0.08723,0.08593,0.08616,239171.9
1765382400,0.08612,0.08782,0.08576,0.0874,429019.1
1765396800,0.08741,0.0889,0.08546,0.08573,354524.7
1765411200,0.08563,0.08581,0.08106,0.0813,393717.1
1765425600,0.08121,0.0824,0.08094,0.08152,616278.2
1765440000,0.08139,0.08202,0.08094,0.082,128379.0
1765454400,0.08196,0.08224,0.08121,0.08132,179589.9
1765468800,0.08141,0.08251,0.08093,0.082,212585.9
1765483200,0.0819,0.08393,0.08177,0.08259,242641.1
1765497600,0.0825,0.08294,0.08192,0.0827,227150.9
1765512000,0.08273,0.08345,0.08258,0.08303,159393.7
1765526400,0.08309,0.08346,0.08266,0.08326,242958.5
1765540800,0.08332,0.08344,0.07979,0.08012,257106.0
1765555200,0.08012,0.08074,0.07918,0.08011,201102.0
1765569600,0.08011,0.08137,0.07998,0.08117,144377.8
1765584000,0.08137,0.08203,0.08137,0.08183,369485.6
1765598400,0.08188,0.08195,0.08146,0.08175,144894.5
1765612800,0.08187,0.08216,0.08155,0.08174,256043.1
1765627200,0.08185,0.08196,0.08145,0.08154,200678.2
1765641600,0.08164,0.08192,0.08164,0.0817,111885.6
1765656000,0.08168,0.08189,0.0814,0.08147,206492.3
1765670400,0.08145,0.0819,0.081,0.0813,254950.4
1765684800,0.08141,0.08141,0.08027,0.08049,273015.3
1765699200,0.08059,0.08071,0.07942,0.07989,170677.4
1765713600,0.07985,0.08012,0.07894,0.07912,109518.5
1765728000,0.07916,0.07953,0.07833,0.0785,108610.2
1765742400,0.07842,0.07891,0.07676,0.07769,296257.8
1765756800,0.07784,0.07991,0.07753,0.07849,282521.5
1765771200,0.07862,0.07929,0.07825,0.07838,265599.4
1765785600,0.07842,0.07881,0.07832,0.07852,215969.4
1765800000,0.07858,0.0787,0.0753,0.07597,1913824.1000000001
1765814400,0.07601,0.07607,0.07314,0.07452,624145.7
1765828800,0.07435,0.07526,0.07401,0.07523,226809.4
1765843200,0.0753,0.07541,0.07393,0.07458,202242.3
1765857600,0.07466,0.07466,0.07349,0.07421,370606.7
1765872000,0.07421,0.0759,0.07413,0.07587,149195.5
1765886400,0.0759,0.07604,0.07442,0.07585,648449.2
1765900800,0.07587,0.07593,0.07467,0.07524,160679.8
1765915200,0.07527,0.07546,0.07484,0.07515,432771.2
1765929600,0.07514,0.07598,0.07468,0.0752,424964.8
1765944000,0.0752,0.07542,0.07443,0.07507,429926.2
1765958400,0.07503,0.07503,0.0738,0.07404,568694.2
1765972800,0.07414,0.07637,0.07345,0.07367,421794.8
1765987200,0.07364,0.07401,0.07009,0.07086,447797.7
1766001600,0.0708,0.0716,0.07034,0.07083,331565.5
1766016000,0.07089,0.07103,0.0699,0.07028,231426.0
1766030400,0.07031,0.07054,0.06896,0.06932,461620.2
1766044800,0.06936,0.07022,0.06925,0.07015,418337.5
1766059200,0.07021,0.07265,0.07003,0.07183,472929.5
1766073600,0.07189,0.07191,0.06656,0.0667,645989.2
1766088000,0.0668,0.06844,0.06677,0.06799,484075.6
1766102400,0.06799,0.07016,0.06737,0.06973,726460.4
1766116800,0.06972,0.07159,0.0696,0.07101,357994.8
1766131200,0.0711,0.07172,0.07091,0.07122,142900.8
1766145600,0.07123,0.07342,0.07116,0.07217,275506.9
1766160000,0.0722,0.07317,0.07127,0.07297,271511.8
1766174400,0.07297,0.07323,0.07278,0.07295,126353.4
1766188800,0.073,0.07307,0.07247,0.07255,442022.3
1766203200,0.07259,0.07382,0.07243,0.07365,175722.0
1766217600,0.07362,0.07429,0.0731,0.07355,340119.6
1766232000,0.07357,0.07491,0.07317,0.07435,290796.0
1766246400,0.0744,0.07466,0.07376,0.07381,252201.3
1766260800,0.07376,0.07406,0.07358,0.07393,148736.5
1766275200,0.07389,0.07416,0.07245,0.07261,1175437.5
1766289600,0.07265,0.07348,0.07247,0.07329,181809.5
1766304000,0.0733,0.07359,0.07272,0.0728,174244.1
1766318400,0.07283,0.073,0.07031,0.07113,424269.8
1766332800,0.07107,0.07171,0.07085,0.07169,371821.4
1766347200,0.07166,0.07221,0.0707,0.07182,228356.5
1766361600,0.07183,0.07312,0.07105,0.07177,382276.1
1766376000,0.07195,0.07272,0.07179,0.07218,328711.0
1766390400,0.07219,0.07295,0.07212,0.07284,165737.2
1766404800,0.07284,0.0734,0.07186,0.07245,531858.6
1766419200,0.07261,0.07282,0.0709,0.07108,287828.4
1766433600,0.07102,0.0716,0.07032,0.07144,308635.0
1766448000,0.07144,0.0726,0.07076,0.07089,635540.1
1766462400,0.07086,0.0711,0.06979,0.06984,480807.7
1766476800,0.06981,0.06981,0.06721,0.06766,829667.1
1766491200,0.06756,0.06777,0.06638,0.06719,588617.1
1766505600,0.06712,0.0683,0.06699,0.068,396698.4
1766520000,0.06801,0.06862,0.06743,0.06779,176813.3
1766534400,0.0678,0.06836,0.06665,0.06743,868598.4
1766548800,0.06745,0.06781,0.06596,0.06597,434111.8
1766563200,0.06588,0.06665,0.06549,0.06615,272111.0
1766577600,0.06621,0.0678,0.06617,0.06767,268765.8
1766592000,0.06774,0.06835,0.06753,0.06801,430823.3
1766606400,0.06808,0.06878,0.06771,0.06812,227737.8
1766620800,0.06811,0.06871,0.06757,0.06867,360047.1
1766635200,0.06864,0.06965,0.06837,0.06958,252320.4
1766649600,0.06955,0.06995,0.0686,0.06881,348012.6
1766664000,0.06873,0.06951,0.06843,0.06932,246590.3
1766678400,0.06928,0.06979,0.06887,0.06945,247750.1
1766692800,0.06945,0.0697,0.06703,0.06729,465442.2
1766707200,0.06726,0.0695,0.0668,0.06895,520621.4
1766721600,0.06893,0.06896,0.06793,0.06793,183274.5
1766736000,0.06798,0.06891,0.06797,0.06869,194113.7
1766750400,0.06874,0.06938,0.06733,0.0678,389862.4
1766764800,0.0678,0.06849,0.06721,0.06836,133629.3
1766779200,0.06838,0.0687,0.06798,0.06848,221096.0
1766793600,0.06848,0.06912,0.06814,0.06893,155749.6
1766808000,0.06896,0.06903,0.06834,0.06865,157772.9
1766822400,0.06868,0.06935,0.06781,0.06931,220138.7
1766836800,0.06932,0.06983,0.0685,0.06888,405082.0
1766851200,0.06906,0.06945,0.06891,0.06925,202602.0
1766865600,0.06929,0.07165,0.06925,0.07149,389510.7
1766880000,0.07156,0.07194,0.07086,0.07184,718139.0
1766894400,0.07184,0.0721,0.07128,0.0716,444630.3
1766908800,0.07159,0.07256,0.07146,0.07158,297046.8
1766923200,0.07175,0.07179,0.07071,0.07084,230088.5
1766937600,0.07097,0.07203,0.07013,0.07021,566622.6
1766952000,0.07028,0.07038,0.06947,0.07,415880.5
1766966400,0.07,0.07151,0.0699,0.07145,393978.0
1766980800,0.07146,0.07242,0.07111,0.07219,215858.1
1766995200,0.07214,0.07223,0.06996,0.07036,306968.9
1767009600,0.07036,0.07041,0.06884,0.06945,480750.4
1767024000,0.06955,0.06961,0.06855,0.06874,221983.0
1767038400,0.06862,0.06891,0.06803,0.06815,168603.6
1767052800,0.06817,0.06886,0.06791,0.06838,433887.1
1767067200,0.06842,0.06983,0.06815,0.06885,328201.7
1767081600,0.06888,0.07123,0.06886,0.07113,201741.2
1767096000,0.07101,0.07471,0.07044,0.0731,1314341.1000000001
1767110400,0.07301,0.07307,0.07168,0.07288,461251.2
1767124800,0.07286,0.07307,0.07129,0.07282,722152.4
1767139200,0.07267,0.07321,0.07066,0.07298,804608.2
1767153600,0.0732,0.07378,0.07029,0.0707,559601.4
1767168000,0.07072,0.07089,0.06961,0.07019,389072.5
1767182400,0.0702,0.0702,0.06932,0.06952,278886.8
1767196800,0.06951,0.06959,0.06744,0.06846,222940.8
1767211200,0.06825,0.06835,0.06733,0.06735,285904.3
1767225600,0.06733,0.0677,0.06622,0.06655,274415.2
1767240000,0.06663,0.06713,0.06622,0.06685,90420.6
1767254400,0.06674,0.068,0.06674,0.06777,230552.2
1767268800,0.06779,0.06934,0.06697,0.06914,247933.2
1767283200,0.06925,0.07019,0.06893,0.07008,131338.5
1767297600,0.07005,0.07155,0.07004,0.0715,357849.4
1767312000,0.07163,0.07491,0.07128,0.07424,256550.5
1767326400,0.07419,0.0743,0.07298,0.07343,490762.6
1767340800,0.07347,0.07403,0.07246,0.07283,312801.4
1767355200,0.07276,0.07443,0.07249,0.07282,325151.3
1767369600,0.07296,0.07439,0.07277,0.07422,1133129.5
1767384000,0.07422,0.07564,0.07411,0.07487,1958529.7
1767398400,0.07501,0.07533,0.07417,0.07523,368278.3
1767412800,0.07521,0.0753,0.07228,0.07286,246890.9
1767427200,0.07283,0.0738,0.07271,0.07331,361676.4
1767441600,0.07329,0.07408,0.07322,0.07354,504798.0
1767456000,0.07352,0.07421,0.0735,0.07384,283848.4
1767470400,0.0739,0.07451,0.07347,0.0742,208859.9
1767484800,0.07429,0.07485,0.07406,0.07457,175901.2
1767499200,0.0746,0.07499,0.07374,0.07416,178039.9
1767513600,0.07412,0.07464,0.07365,0.0744,128608.1
1767528000,0.07441,0.0759,0.07408,0.07589,188997.2
1767542400,0.0759,0.07795,0.0759,0.07647,288771.9
1767556800,0.07646,0.0773,0.07638,0.07697,196038.0
1767571200,0.07698,0.07894,0.07679,0.07753,477827.1
1767585600,0.07748,0.07769,0.07578,0.07666,235941.4
1767600000,0.07665,0.07693,0.0753,0.07557,165449.6
1767614400,0.0756,0.07686,0.07522,0.07681,204073.9
1767628800,0.07691,0.07857,0.07616,0.07815,338738.4
1767643200,0.07819,0.08034,0.07802,0.07958,243714.3
1767657600,0.07957,0.08135,0.07894,0.08073,1029495.4
1767672000,0.08068,0.0831,0.08052,0.08064,516096.7
1767686400,0.08068,0.08368,0.07981,0.08264,478380.6
1767700800,0.08273,0.08333,0.0802,0.08069,381989.6
1767715200,0.08069,0.08095,0.07712,0.07816,510924.0
1767729600,0.07812,0.08107,0.07812,0.08082,298000.9
1767744000,0.08077,0.08077,0.07836,0.07917,310007.9
1767758400,0.07926,0.08006,0.07834,0.0799,125382.6
1767772800,0.08015,0.08047,0.07818,0.07885,206225.1
1767787200,0.07889,0.07898,0.07651,0.07685,312603.1
1767801600,0.07687,0.0779,0.07673,0.07736,223726.3
1767816000,0.0773,0.07752,0.07636,0.0774,122901.1
1767830400,0.07738,0.07768,0.07629,0.07629,177054.6
1767844800,0.07627,0.07798,0.0754,0.0769,149501.3
1767859200,0.07698,0.07724,0.075,0.07576,180741.2
1767873600,0.07578,0.07623,0.07408,0.07623,299473.5
1767888000,0.07625,0.07735,0.07559,0.07622,163829.3
1767902400,0.07598,0.07708,0.07535,0.0765,87591.7
1767916800,0.07659,0.07712,0.07563,0.07677,248483.3
1767931200,0.07675,0.07677,0.07615,0.07635,141063.7
1767945600,0.07631,0.07685,0.07476,0.07545,248085.5
1767960000,0.07537,0.07712,0.07491,0.07595,359292.1
1767974400,0.07616,0.07704,0.07493,0.07513,211346.7
1767988800,0.0751,0.07607,0.07501,0.07591,89493.4
1768003200,0.07596,0.07602,0.07504,0.07536,126592.4
1768017600,0.0754,0.07723,0.07459,0.07723,212960.3
1768032000,0.07734,0.08319,0.07734,0.0814,1073022.3999999999
1768046400,0.08111,0.08174,0.07879,0.0792,624512.6
1768060800,0.07925,0.07973,0.07865,0.07973,469382.7
1768075200,0.07981,0.07981,0.07763,0.07792,415423.4
1768089600,0.07798,0.08255,0.07785,0.08108,1223963.3999999999
1768104000,0.08104,0.08106,0.07929,0.07973,439039.8
1768118400,0.07978,0.07986,0.07814,0.07828,198697.4
1768132800,0.07833,0.07865,0.07714,0.07743,574139.3
1768147200,0.07749,0.07856,0.07736,0.07808,86638.2
1768161600,0.07793,0.07795,0.07585,0.07638,337220.8
1768176000,0.07628,0.07768,0.07445,0.07705,366609.2
1768190400,0.07734,0.07814,0.07635,0.07641,282092.8
1768204800,0.07636,0.0767,0.07535,0.07546,342083.8
1768219200,0.07548,0.0759,0.07413,0.07573,201964.4
1768233600,0.07583,0.07704,0.07583,0.07669,179056.1
1768248000,0.07669,0.07705,0.0754,0.076,132054.4
1768262400,0.07602,0.07856,0.0753,0.07817,307428.5
1768276800,0.07845,0.08065,0.07699,0.08005,314568.2
1768291200,0.08022,0.0827,0.08022,0.08214,480457.7
1768305600,0.08192,0.08291,0.08076,0.08137,204167.7
1768320000,0.08145,0.08203,0.08093,0.08129,151841.5
1768334400,0.08133,0.08313,0.08075,0.08241,156814.8
1768348800,0.0824,0.08261,0.08172,0.08238,138640.0
1768363200,0.08229,0.08245,0.08142,0.08146,118701.6
1768377600,0.08156,0.08212,0.08077,0.08085,183890.1
1768392000,0.08101,0.08246,0.08091,0.08218,169856.9
1768406400,0.08228,0.08319,0.08032,0.0814,400871.1
1768420800,0.08142,0.08184,0.08062,0.08082,170777.4
1768435200,0.08086,0.08328,0.07916,0.07943,401340.0
1768449600,0.07942,0.08119,0.07915,0.08103,140446.2
1768464000,0.08089,0.08562,0.08089,0.08281,373305.3
1768478400,0.08286,0.08831,0.08064,0.08198,753772.3
1768492800,0.08198,0.08221,0.07983,0.08033,256523.9
1768507200,0.08031,0.0812,0.07874,0.08102,483847.9
1768521600,0.08109,0.08109,0.0793,0.08009,170574.8
1768536000,0.08006,0.08088,0.07945,0.08026,247310.9
1768550400,0.08032,0.08106,0.08,0.08041,118633.9
1768564800,0.08038,0.08055,0.07784,0.07841,202399.9
1768579200,0.07825,0.08016,0.07821,0.07974,151039.9
1768593600,0.07972,0.08137,0.07952,0.08137,126978.6
1768608000,0.08134,0.08141,0.08015,0.08134,238705.2
1768622400,0.08123,0.08361,0.08059,0.08283,228700.8
1768636800,0.08294,0.08441,0.08247,0.08285,201364.5
1768651200,0.08285,0.08499,0.08283,0.08448,274955.4
1768665600,0.08452,0.08565,0.08368,0.08408,439347.6
1768680000,0.08413,0.08438,0.08275,0.08342,171668.7
1768694400,0.08349,0.0847,0.08167,0.08199,356308.3
1768708800,0.08193,0.08214,0.08106,0.08115,117326.4
1768723200,0.08121,0.0822,0.08108,0.08189,127855.2
1768737600,0.08192,0.08204,0.08045,0.08093,167160.1
1768752000,0.08096,0.08195,0.08089,0.08113,130294.4
1768766400,0.08117,0.08186,0.07764,0.07767,260215.9
1768780800,0.07763,0.07766,0.07034,0.07321,518535.8
1768795200,0.07313,0.07333,0.07227,0.07299,249033.6
1768809600,0.07301,0.07374,0.07259,0.07275,148167.2
1768824000,0.07283,0.07315,0.07258,0.07306,96439.0
1768838400,0.07303,0.07469,0.07301,0.07429,249371.1
1768852800,0.07445,0.07452,0.07346,0.07385,163159.5
1768867200,0.07385,0.07388,0.07295,0.0733,293820.4
1768881600,0.07319,0.07342,0.07102,0.07102,425913.3
1768896000,0.071,0.07131,0.06995,0.06995,282113.0
1768910400,0.07002,0.07135,0.06963,0.06991,244393.4
1768924800,0.07,0.07021,0.06784,0.06846,278275.0
1768939200,0.0685,0.06888,0.0674,0.06765,303263.4
1768953600,0.0677,0.06947,0.0677,0.06927,211216.0
1768968000,0.06919,0.07007,0.06917,0.06962,170293.6
1768982400,0.06973,0.06989,0.0688,0.06882,101999.9
1768996800,0.06903,0.07044,0.06801,0.07019,301936.6
1769011200,0.07027,0.07084,0.06739,0.07084,343973.4
1769025600,0.07087,0.07156,0.06988,0.07053,324232.9
1769040000,0.07072,0.07376,0.07059,0.07295,352891.2
1769054400,0.07274,0.07307,0.07143,0.07148,209253.4
1769068800,0.07158,0.07267,0.07097,0.07113,204832.4
1769083200,0.07113,0.07143,0.06922,0.06963,475225.4
1769097600,0.06957,0.07043,0.06957,0.07001,464912.9
1769112000,0.07004,0.07019,0.06941,0.06983,225352.3
1769126400,0.06976,0.0706,0.06973,0.07029,313305.0
1769140800,0.07032,0.07226,0.07024,0.07223,239402.7
1769155200,0.0721,0.07269,0.07137,0.07228,286564.5
1769169600,0.07244,0.07254,0.07072,0.07254,233230.3
1769184000,0.07243,0.0737,0.0714,0.07164,381532.8
1769198400,0.07161,0.07188,0.07099,0.0715,121961.1
1769212800,0.0715,0.07198,0.071,0.07158,197451.1
1769227200,0.07158,0.07183,0.07128,0.07144,109394.8
1769241600,0.07148,0.07226,0.07148,0.07213,128764.5
1769256000,0.07211,0.07239,0.07125,0.07133,120742.6
1769270400,0.07142,0.0718,0.07094,0.07176,213716.0
1769284800,0.07176,0.07208,0.07154,0.07205,249774.8
1769299200,0.07205,0.0757,0.07205,0.07456,609780.7
1769313600,0.07458,0.0765,0.07433,0.07594,456053.3
1769328000,0.07601,0.07821,0.07599,0.07765,554492.5
1769342400,0.07766,0.07799,0.07442,0.07447,1438488.3999999999
1769356800,0.07447,0.07447,0.07165,0.07192,709651.9
1769371200,0.07198,0.07404,0.07105,0.07397,621640.7
1769385600,0.07408,0.08023,0.07267,0.08023,1248432.6000000001
1769400000,0.08049,0.08184,0.07709,0.0779,851823.2
1769414400,0.07826,0.08473,0.07802,0.08396,696625.7
1769428800,0.08396,0.10041,0.08249,0.08551,9084774.6999999993
1769443200,0.08551,0.08604,0.08206,0.08253,1449361.6000000001
1769457600,0.08258,0.0829,0.08096,0.08163,856586.4
1769472000,0.08157,0.0817,0.07736,0.07756,1445396.8
1769486400,0.07751,0.0785,0.07692,0.07696,395001.4
1769500800,0.07701,0.07723,0.07536,0.07591,544683.9
1769515200,0.07594,0.07599,0.07217,0.07336,932842.1
1769529600,0.07328,0.07449,0.07179,0.07297,776474.0
1769544000,0.07299,0.07419,0.07268,0.07268,580974.7
1769558400,0.07272,0.07303,0.07116,0.07122,410669.1
1769572800,0.0713,0.07204,0.07085,0.07152,615934.9
1769587200,0.07155,0.07298,0.07106,0.07264,627995.0
1769601600,0.07259,0.0733,0.07125,0.07182,569648.8
1769616000,0.07182,0.07204,0.07074,0.07142,396520.9
1769630400,0.07151,0.07287,0.07112,0.07181,305273.9
1769644800,0.07188,0.07469,0.07188,0.07401,692048.5
1769659200,0.07394,0.07394,0.0708,0.07098,615803.9
1769673600,0.0706,0.07408,0.06997,0.07401,762854.9
1769688000,0.07407,0.07712,0.06939,0.07019,1038167.9
1769702400,0.07021,0.07023,0.06855,0.06855,418657.7
1769716800,0.06857,0.0691,0.06846,0.06895,901673.2
1769731200,0.06899,0.06909,0.06699,0.06736,704478.2
1769745600,0.06737,0.06785,0.06642,0.06698,395178.6
1769760000,0.06696,0.06799,0.06657,0.06779,261785.7
1769774400,0.06783,0.06871,0.06781,0.06842,358868.8
1769788800,0.06843,0.06919,0.06747,0.06908,388960.7
1769803200,0.06906,0.06932,0.06877,0.06912,323102.3
1769817600,0.06914,0.06932,0.06801,0.06806,196784.2
1769832000,0.06805,0.06812,0.06666,0.06693,197461.9
1769846400,0.06696,0.06697,0.0657,0.06585,243163.8
1769860800,0.06587,0.06601,0.06274,0.06283,261577.6
1769875200,0.06282,0.06298,0.05708,0.05942,898971.7
1769889600,0.05944,0.06111,0.05922,0.06104,482540.0
1769904000,0.06105,0.06295,0.06097,0.06258,507987.1
1769918400,0.06261,0.06382,0.06252,0.06348,590688.3
1769932800,0.06351,0.06497,0.06162,0.06175,479857.6
1769947200,0.06178,0.06208,0.05948,0.05993,364662.6
1769961600,0.05991,0.06086,0.05988,0.0603,446959.0
1769976000,0.06021,0.06049,0.05885,0.05919,454551.4
1769990400,0.05936,0.06033,0.05752,0.05902,583836.0
1770004800,0.05907,0.05996,0.05708,0.05954,1001905.8
1770019200,0.05983,0.06203,0.05944,0.06027,782624.8
1770033600,0.06027,0.06232,0.06027,0.06195,384575.7
1770048000,0.06195,0.06247,0.06091,0.06109,228548.9
1770062400,0.06097,0.06152,0.06064,0.06098,194822.7
1770076800,0.06108,0.06139,0.05985,0.06103,577768.4
1770091200,0.06105,0.06202,0.06072,0.06138,392234.7
1770105600,0.06128,0.06138,0.05993,0.0602,284931.0
1770120000,0.06025,0.06066,0.05876,0.06057,581410.1
1770134400,0.06065,0.06065,0.05678,0.05942,868976.5
1770148800,0.05941,0.06175,0.05878,0.0592,612333.8
1770163200,0.05924,0.0609,0.05911,0.06083,394568.2
1770177600,0.06079,0.06101,0.0601,0.06047,315362.4
1770192000,0.06054,0.06062,0.05933,0.05996,554287.8
1770206400,0.05987,0.05988,0.05744,0.05797,712501.3
1770220800,0.05797,0.05951,0.05692,0.0594,978334.5
1770235200,0.05945,0.05947,0.05735,0.05837,425293.9
1770249600,0.05829,0.05899,0.05723,0.05726,444863.8
1770264000,0.05739,0.0579,0.05673,0.05708,309620.5
1770278400,0.05711,0.05795,0.0551,0.05583,540227.1
1770292800,0.05579,0.05657,0.05242,0.05331,1029713.9
1770307200,0.05348,0.05428,0.05162,0.05212,1094099.7
1770321600,0.05197,0.05237,0.04936,0.04965,1049258.5
1770336000,0.04965,0.05082,0.04554,0.04945,1212551.8999999999
1770350400,0.04961,0.05147,0.04942,0.05001,537105.3
1770364800,0.04993,0.05152,0.04944,0.05147,404751.4
1770379200,0.05138,0.05352,0.05118,0.05338,582908.5
1770393600,0.05342,0.05564,0.05326,0.05487,588838.6
1770408000,0.05485,0.05547,0.05433,0.05503,431522.9
1770422400,0.05511,0.05525,0.05382,0.05494,512520.3
1770436800,0.05487,0.05544,0.0521,0.05266,629454.2
1770451200,0.05267,0.05302,0.05232,0.05257,332268.4
1770465600,0.05255,0.05419,0.05254,0.05376,306576.0
1770480000,0.05379,0.05515,0.05368,0.05463,787318.3
1770494400,0.0547,0.05507,0.05427,0.05452,252978.9
1770508800,0.05454,0.05455,0.05347,0.0535,1092447.3
1770523200,0.05355,0.05375,0.05307,0.05323,292721.2
1770537600,0.05333,0.05402,0.0531,0.05389,207867.2
1770552000,0.05402,0.05405,0.05294,0.05309,368294.9
1770566400,0.05318,0.05327,0.05196,0.05318,401205.6
1770580800,0.05324,0.05354,0.05207,0.05246,424780.8
1770595200,0.05253,0.05333,0.05201,0.05326,242913.7
1770609600,0.0532,0.05325,0.05246,0.05255,190796.4
1770624000,0.05257,0.05266,0.05057,0.0509,388027.2
1770638400,0.05093,0.05239,0.05093,0.05218,620781.8
1770652800,0.05211,0.05322,0.05179,0.05303,231881.6
1770667200,0.05303,0.05305,0.0522,0.05248,231841.2
1770681600,0.05254,0.05291,0.05158,0.052,329981.2
1770696000,0.05204,0.05245,0.05094,0.05139,246578.6
1770710400,0.05141,0.05176,0.05099,0.05099,147379.3
1770724800,0.0511,0.05126,0.0504,0.05097,449723.6
1770739200,0.05095,0.05129,0.05032,0.05075,138536.5
1770753600,0.05077,0.05094,0.05042,0.05074,198461.6
1770768000,0.05075,0.05229,0.05043,0.05082,601333.7
1770782400,0.05083,0.0511,0.04925,0.04948,346900.3
1770796800,0.04939,0.04946,0.0488,0.04914,394167.9
1770811200,0.04913,0.05108,0.04878,0.04949,651834.0
1770825600,0.04951,0.0508,0.04914,0.05016,473745.1
1770840000,0.05018,0.0521,0.04996,0.05159,493059.1
1770854400,0.05166,0.05266,0.05165,0.05198,567844.3
1770868800,0.05207,0.05285,0.05167,0.05285,245591.6
1770883200,0.05286,0.05482,0.05266,0.0544,481141.7
1770897600,0.05445,0.05447,0.05276,0.05283,392939.6
1770912000,0.05283,0.05302,0.05184,0.05249,917519.4
1770926400,0.05249,0.05318,0.05188,0.05287,488529.7
1770940800,0.053,0.05333,0.05229,0.05236,395029.4
1770955200,0.05238,0.05266,0.05178,0.05262,264757.9
1770969600,0.05265,0.05471,0.05252,0.05427,776252.5
1770984000,0.0542,0.05507,0.05346,0.05486,815820.1
1770998400,0.05496,0.05619,0.05493,0.05589,563248.5
1771012800,0.05586,0.0563,0.05565,0.05573,414178.4
1771027200,0.05577,0.05669,0.05572,0.05616,372489.4
1771041600,0.05617,0.05698,0.05592,0.05672,314939.0
1771056000,0.05667,0.05727,0.05665,0.05719,254412.0
1771070400,0.05721,0.05742,0.05667,0.05733,157428.0
1771084800,0.05737,0.05798,0.05718,0.05786,178859.0
1771099200,0.05794,0.05809,0.05734,0.05745,85926.9
1771113600,0.05752,0.0581,0.05665,0.05741,182982.1
1771128000,0.05747,0.05902,0.05747,0.05879,227743.3
1771142400,0.0589,0.0589,0.05696,0.05698,250393.5
1771156800,0.05702,0.05709,0.05507,0.05539,360483.5
1771171200,0.05547,0.05547,0.0541,0.05439,188076.7
1771185600,0.05416,0.05528,0.05416,0.05518,173451.3
1771200000,0.05514,0.05553,0.05467,0.05496,181101.9
1771214400,0.05513,0.0556,0.05455,0.05456,165135.6
1771228800,0.05456,0.05521,0.05423,0.05474,176050.4
1771243200,0.05487,0.05619,0.05374,0.05413,416187.4
1771257600,0.05422,0.05523,0.05415,0.05522,160974.1
1771272000,0.05514,0.05612,0.05492,0.05554,130676.9
1771286400,0.05555,0.05596,0.05508,0.05552,126682.3
1771300800,0.0555,0.05576,0.0549,0.05509,268995.0
1771315200,0.05504,0.05532,0.05433,0.05483,363623.3
1771329600,0.05484,0.05496,0.05356,0.05411,164475.2
1771344000,0.05413,0.05512,0.0537,0.05457,266404.9
1771358400,0.05454,0.0546,0.05415,0.0542,90833.5
1771372800,0.05431,0.05498,0.05364,0.05485,160302.3
1771387200,0.05494,0.05507,0.05429,0.05499,112994.8
1771401600,0.05497,0.05508,0.0538,0.05412,124379.5
1771416000,0.05413,0.05434,0.05294,0.0538,280787.0
1771430400,0.05384,0.05404,0.0517,0.05195,330587.9
1771444800,0.05195,0.05211,0.0514,0.05174,134051.4
1771459200,0.0518,0.05231,0.05132,0.05216,462399.0
1771473600,0.05222,0.05233,0.05151,0.05151,109737.3
1771488000,0.05157,0.05163,0.05045,0.05052,676374.5
1771502400,0.05056,0.05065,0.04916,0.04953,366176.4
1771516800,0.04954,0.0508,0.04915,0.05073,369075.7
1771531200,0.05067,0.05108,0.05035,0.05107,174460.6
1771545600,0.05102,0.05154,0.05091,0.05143,171746.4
1771560000,0.05141,0.0517,0.05103,0.05134,190961.8
1771574400,0.05142,0.05233,0.05131,0.05148,898952.4
1771588800,0.05148,0.05244,0.05044,0.05243,499633.8
1771603200,0.05253,0.05307,0.05199,0.05231,309143.9
1771617600,0.05241,0.05271,0.05227,0.05249,170290.7
1771632000,0.05247,0.05397,0.0522,0.05251,366979.4
1771646400,0.05253,0.05318,0.05249,0.05262,218954.6
1771660800,0.05265,0.05328,0.05258,0.05268,143052.1
1771675200,0.05269,0.0529,0.05223,0.05242,123419.7
1771689600,0.05242,0.05386,0.05181,0.05331,493449.3
1771704000,0.05332,0.05391,0.05324,0.05341,759501.5
1771718400,0.05353,0.05462,0.05122,0.05133,1690842.8
1771732800,0.05135,0.05144,0.05079,0.05094,979414.9
1771747200,0.05092,0.052,0.05043,0.0518,589413.4
1771761600,0.0518,0.05327,0.05138,0.05298,1042231.0
1771776000,0.05274,0.0545,0.05247,0.0542,1106080.0
1771790400,0.05416,0.05484,0.05277,0.05415,1027571.6
1771804800,0.05444,0.05625,0.05042,0.0509,1482238.5
1771819200,0.05092,0.05281,0.05042,0.05234,501302.3
1771833600,0.05234,0.05306,0.05175,0.05287,909161.2
1771848000,0.05294,0.05351,0.05168,0.05188,2217541.8999999999
1771862400,0.05172,0.0518,0.05043,0.05074,267657.3
1771876800,0.05057,0.05124,0.05027,0.0506,263959.6
1771891200,0.05078,0.05162,0.04956,0.04956,429992.9
1771905600,0.04978,0.04978,0.04831,0.04838,401766.8
1771920000,0.04845,0.04931,0.04794,0.04918,302272.4
1771934400,0.04912,0.0503,0.04845,0.04989,563384.6
1771948800,0.04985,0.05041,0.04974,0.04984,263648.4
1771963200,0.04987,0.05008,0.04953,0.04974,242931.9
1771977600,0.0497,0.05152,0.04956,0.05085,364093.1
1771992000,0.05086,0.05127,0.05036,0.05087,240981.9
1772006400,0.05091,0.05318,0.05085,0.05312,317937.4
1772020800,0.05332,0.05675,0.05285,0.05427,1933435.3
1772035200,0.0544,0.05548,0.05425,0.05536,477761.9
1772049600,0.05546,0.05573,0.05382,0.05427,605202.6
1772064000,0.05434,0.0563,0.05328,0.05348,871192.6
1772078400,0.05348,0.05366,0.05243,0.05294,223344.1
1772092800,0.05297,0.05377,0.05279,0.05279,287489.9
1772107200,0.05288,0.05364,0.0522,0.05267,348659.4
1772121600,0.05274,0.05274,0.05106,0.05259,466688.3
1772136000,0.0525,0.05269,0.05217,0.05257,192301.5
1772150400,0.05262,0.05264,0.05159,0.05232,805609.3
1772164800,0.05229,0.05318,0.05221,0.05249,408575.7
1772179200,0.05255,0.05313,0.05159,0.05182,360072.2
1772193600,0.05179,0.05203,0.05109,0.05162,865249.9
1772208000,0.0517,0.05202,0.05105,0.05114,248912.3
1772222400,0.05117,0.05149,0.05052,0.05149,149103.2
1772236800,0.05132,0.05212,0.05094,0.051,364569.6
1772251200,0.05106,0.05116,0.04779,0.04827,1217198.1000000001
1772265600,0.04826,0.04856,0.04754,0.04827,765298.5
1772280000,0.04828,0.05181,0.0482,0.0513,1200462.6000000001
1772294400,0.05142,0.05299,0.05068,0.05254,335712.4
1772308800,0.05257,0.05371,0.05256,0.05331,422558.5
1772323200,0.05343,0.0558,0.05254,0.05428,1270253.5
1772337600,0.05458,0.05463,0.05337,0.05357,452371.4
1772352000,0.05367,0.0538,0.0527,0.05317,397703.3
1772366400,0.0531,0.054,0.0526,0.05353,565247.5
1772380800,0.05359,0.05388,0.05226,0.05238,438000.8
1772395200,0.05239,0.05302,0.05143,0.05285,328665.1
1772409600,0.05289,0.05405,0.05287,0.05325,614134.9
1772424000,0.05333,0.05558,0.0529,0.05367,799757.4
1772438400,0.05371,0.0649,0.0535,0.06183,7587820.7000000002
1772452800,0.06154,0.06154,0.05698,0.05807,13573374.0
1772467200,0.05801,0.059,0.0569,0.05731,1351761.0
1772481600,0.05737,0.05787,0.05689,0.05748,1544712.7
1772496000,0.05756,0.05793,0.05505,0.05512,3486009.2999999998
1772510400,0.0552,0.05535,0.0541,0.05525,777022.5
1772524800,0.05524,0.05532,0.05335,0.05439,1321783.2
1772539200,0.05437,0.05512,0.05358,0.05454,697769.0
1772553600,0.0546,0.0554,0.05422,0.05444,652136.8
1772568000,0.05433,0.05451,0.0535,0.0535,714879.8
1772582400,0.05364,0.05424,0.05233,0.05258,659820.6
1772596800,0.05266,0.05266,0.05099,0.05188,956847.0
1772611200,0.05195,0.05327,0.05144,0.05187,2994030.1000000001
1772625600,0.05195,0.05396,0.05168,0.05395,2908475.5
1772640000,0.054,0.05422,0.05314,0.05356,492910.3
1772654400,0.0536,0.0536,0.05253,0.0529,466524.9
1772668800,0.05284,0.05372,0.05264,0.05281,284798.0
1772683200,0.05289,0.05314,0.05212,0.05233,199645.3
1772697600,0.05239,0.05299,0.05201,0.05254,166678.7
1772712000,0.05264,0.05282,0.05118,0.05148,398616.3
1772726400,0.05151,0.05224,0.05067,0.05175,353064.0
1772740800,0.05184,0.05249,0.05167,0.05186,197594.3
1772755200,0.05184,0.05582,0.05184,0.05389,1615213.5
1772769600,0.05395,0.05409,0.05295,0.05394,710465.8
1772784000,0.05393,0.05437,0.05236,0.0526,500516.1
1772798400,0.05265,0.05301,0.0507,0.0509,430450.8
1772812800,0.05081,0.05126,0.05026,0.05091,321918.4
1772827200,0.0511,0.05119,0.05064,0.05107,185643.7
1772841600,0.05126,0.05137,0.05059,0.05073,465668.6
1772856000,0.05077,0.05112,0.04989,0.05012,935516.7
1772870400,0.05014,0.05069,0.05014,0.05046,295562.5
1772884800,0.05045,0.05055,0.04963,0.04972,216767.1
1772899200,0.04983,0.05053,0.04974,0.0499,173972.8
1772913600,0.04991,0.05023,0.04935,0.04984,224988.7
1772928000,0.04991,0.05045,0.04917,0.04927,339973.7
1772942400,0.0492,0.05006,0.04906,0.04971,276038.6
1772956800,0.04973,0.05035,0.04942,0.05004,288455.4
1772971200,0.05001,0.05042,0.04943,0.0498,535132.9
1772985600,0.04985,0.05056,0.04943,0.05027,352869.2
1773000000,0.0503,0.05055,0.04915,0.04936,850421.8
1773014400,0.04951,0.05061,0.04937,0.05,1177727.7
1773028800,0.05,0.05072,0.04933,0.0499,278351.2
1773043200,0.04994,0.05041,0.04875,0.04889,630270.7
1773057600,0.04902,0.05001,0.04902,0.04954,707444.8
1773072000,0.04958,0.05049,0.04923,0.04978,305265.5
1773086400,0.0497,0.04982,0.04892,0.04904,190437.0
1773100800,0.04909,0.05126,0.04905,0.05069,347329.5
1773115200,0.05073,0.05101,0.05014,0.05057,187438.1
1773129600,0.05065,0.05114,0.05044,0.05062,173726.1
1773144000,0.05055,0.05126,0.05,0.05074,258631.2
1773158400,0.05091,0.051,0.04971,0.04993,537316.8
1773172800,0.04991,0.05026,0.04943,0.05005,262604.1
1773187200,0.05002,0.05051,0.04936,0.05005,341286.9
1773201600,0.04998,0.05145,0.04989,0.05032,672022.2
1773216000,0.05037,0.05052,0.04982,0.04982,232735.1
1773230400,0.04982,0.05084,0.04965,0.0504,249013.1
1773244800,0.05043,0.05072,0.05014,0.05023,627393.1
1773259200,0.05022,0.05068,0.05015,0.05027,219961.4
1773273600,0.05039,0.05039,0.04951,0.04982,245949.4
1773288000,0.04977,0.04995,0.04932,0.04971,293558.5
1773302400,0.0498,0.05016,0.04963,0.04983,209480.8
1773316800,0.04977,0.05035,0.04926,0.05005,326986.8
1773331200,0.05005,0.05034,0.04947,0.04983,237783.1
1773345600,0.04979,0.05024,0.04943,0.05019,172639.3
1773360000,0.05018,0.05092,0.05017,0.05072,492476.5
1773374400,0.05079,0.05102,0.05018,0.05018,839035.2
1773388800,0.05023,0.05108,0.05011,0.05075,379830.1
1773403200,0.05078,0.05173,0.05072,0.05091,490514.1
1773417600,0.05105,0.05141,0.05027,0.0506,220589.0
1773432000,0.05057,0.05099,0.05003,0.05055,272733.5
1773446400,0.05051,0.05126,0.05027,0.05109,196761.3
1773460800,0.05114,0.05185,0.05006,0.05022,225810.6
1773475200,0.05027,0.05053,0.04998,0.05028,90462.3
1773489600,0.05037,0.05058,0.04999,0.05006,166034.2
1773504000,0.0501,0.05045,0.05002,0.05002,147207.0
1773518400,0.04998,0.05023,0.04974,0.05016,224311.9
1773532800,0.05013,0.05043,0.04994,0.0501,127915.6
1773547200,0.05016,0.05041,0.04993,0.05021,100595.0
1773561600,0.05032,0.05045,0.05015,0.05038,111766.1
1773576000,0.05037,0.05073,0.05009,0.05027,222808.6
1773590400,0.0503,0.05045,0.05002,0.0503,178761.9
1773604800,0.05032,0.05108,0.05013,0.05058,296557.4
1773619200,0.05065,0.05136,0.05053,0.05112,260717.4
1773633600,0.05125,0.05215,0.05123,0.05197,178815.3
1773648000,0.05198,0.05263,0.05159,0.05255,266366.5
1773662400,0.05263,0.0528,0.05191,0.05196,546099.5
1773676800,0.05199,0.05269,0.05199,0.05234,562357.6
1773691200,0.05244,0.05299,0.05238,0.05275,645690.7
1773705600,0.05266,0.05619,0.05266,0.05415,1325205.0
1773720000,0.05427,0.05614,0.05355,0.05484,1071083.3
1773734400,0.05474,0.05809,0.05438,0.0551,4239959.5999999996
1773748800,0.05515,0.05659,0.05484,0.05584,2537333.6000000001
1773763200,0.05607,0.05666,0.05552,0.05566,456374.4
1773777600,0.05566,0.05566,0.05418,0.0542,428497.6
1773792000,0.05429,0.05599,0.05423,0.05522,688654.2
1773806400,0.0552,0.05625,0.05429,0.05496,1399753.1000000001
1773820800,0.05493,0.05527,0.05387,0.05431,475684.3
1773835200,0.05429,0.05429,0.05144,0.05199,923043.2
1773849600,0.05193,0.05217,0.05121,0.05136,476314.3
1773864000,0.0514,0.05229,0.0514,0.05161,455315.6
1773878400,0.05157,0.05178,0.05056,0.05083,384842.8
1773892800,0.05083,0.05103,0.05015,0.05053,229651.8
1773907200,0.05052,0.05098,0.05036,0.05036,304143.4
1773921600,0.0503,0.05037,0.04906,0.04938,582112.8
1773936000,0.0494,0.04987,0.04897,0.04952,368334.8
1773950400,0.04959,0.04982,0.04952,0.04968,260330.5
1773964800,0.04975,0.05767,0.04968,0.05683,3907281.8999999999
1773979200,0.05664,0.0594,0.05481,0.059,4491529.7000000002
1773993600,0.05886,0.0596,0.05675,0.05913,8639545.5999999996
1774008000,0.05918,0.06086,0.05729,0.05781,12819417.9000000004
1774022400,0.058,0.05801,0.0563,0.05729,4291387.2999999998
1774036800,0.05717,0.05752,0.05552,0.05678,3104242.7000000002
1774051200,0.05678,0.05813,0.05428,0.05652,5909814.0
1774065600,0.0564,0.05684,0.05475,0.05492,3312060.2999999998
1774080000,0.05498,0.05563,0.05377,0.0539,1696239.8
1774094400,0.054,0.05647,0.05359,0.05516,1315711.0
1774108800,0.0551,0.0559,0.0548,0.05558,1067353.8
1774123200,0.05559,0.0563,0.05414,0.05462,1296973.0
1774137600,0.05458,0.05465,0.05251,0.05373,2105602.1000000001
1774152000,0.05393,0.05705,0.05354,0.05434,1516905.6000000001
1774166400,0.05424,0.05424,0.05205,0.05208,929063.5
1774180800,0.05208,0.05324,0.05208,0.05321,759660.4
1774195200,0.05315,0.05394,0.05277,0.0529,839774.3
1774209600,0.05288,0.05328,0.05205,0.05205,565161.8
1774224000,0.052,0.0591,0.052,0.0587,3697834.7000000002
1774238400,0.05895,0.05895,0.05599,0.05625,1739614.3999999999
1774252800,0.05631,0.0572,0.0549,0.05657,2263578.1000000001
1774267200,0.05665,0.05665,0.05466,0.05472,1156604.2
1774281600,0.05482,0.05518,0.05457,0.0547,542485.9
1774296000,0.05455,0.0557,0.05447,0.0557,349142.8
1774310400,0.05561,0.05925,0.05347,0.05438,2433735.0
1774324800,0.05438,0.05456,0.05356,0.05447,652923.6
1774339200,0.05463,0.05463,0.05366,0.05378,675119.3
1774353600,0.05375,0.05409,0.0531,0.05358,522952.9
1774368000,0.05359,0.05363,0.05306,0.0532,306017.5
1774382400,0.0533,0.05414,0.0533,0.05405,278893.2
1774396800,0.05405,0.05405,0.05285,0.05327,1389866.8
1774411200,0.05323,0.05421,0.05317,0.05329,229703.7
1774425600,0.05343,0.05486,0.05333,0.05463,356958.5
1774440000,0.0549,0.0549,0.05362,0.05397,412300.2
1774454400,0.05397,0.05498,0.05387,0.05445,166431.2
1774468800,0.0546,0.05517,0.05408,0.05487,321627.6
1774483200,0.05491,0.05567,0.05328,0.05328,1297810.8
1774497600,0.05333,0.05333,0.05197,0.05222,350628.5
1774512000,0.05231,0.0531,0.05157,0.05193,773494.9
1774526400,0.052,0.05285,0.05196,0.05214,243647.2
1774540800,0.05214,0.05317,0.05194,0.05199,270806.4
1774555200,0.05201,0.05316,0.05182,0.05284,264894.4
1774569600,0.05289,0.05356,0.05179,0.05212,459048.3
1774584000,0.0521,0.05212,0.05151,0.0516,398012.7
1774598400,0.05171,0.05176,0.04978,0.05011,417597.5
1774612800,0.05005,0.0508,0.04958,0.05023,372188.3
1774627200,0.05029,0.05058,0.04974,0.05002,169889.8
1774641600,0.05001,0.05078,0.04992,0.05062,186375.6
1774656000,0.05071,0.05074,0.04908,0.04937,302667.9
1774670400,0.0494,0.0502,0.0494,0.0501,203335.3
1774684800,0.05014,0.05048,0.04982,0.05028,352359.1
1774699200,0.05026,0.05064,0.04986,0.05039,296052.7
1774713600,0.05042,0.0508,0.05002,0.05026,395197.2
1774728000,0.05027,0.05038,0.04951,0.04984,274430.7
1774742400,0.04973,0.05054,0.04929,0.04951,456392.7
1774756800,0.04955,0.0496,0.04908,0.04909,134922.9
1774771200,0.0491,0.04916,0.04795,0.04805,525537.5
1774785600,0.04807,0.04817,0.04728,0.04778,1236954.6000000001
1774800000,0.04784,0.04794,0.04748,0.04758,383500.2
1774814400,0.04759,0.0483,0.04623,0.04705,534478.7
1774828800,0.04698,0.0492,0.04698,0.04816,769866.0
1774843200,0.04824,0.0488,0.04784,0.04848,400049.5
1774857600,0.04855,0.04878,0.04813,0.04846,277840.5
1774872000,0.04849,0.04866,0.04793,0.04813,527967.8
1774886400,0.04811,0.04819,0.04699,0.04718,295659.3
1774900800,0.04731,0.04767,0.04707,0.04717,520574.8
1774915200,0.04719,0.04817,0.04714,0.04735,303793.0
1774929600,0.04741,0.04759,0.04703,0.04727,280704.1
1774944000,0.04735,0.04735,0.04612,0.04641,297178.7
1774958400,0.04641,0.04725,0.04635,0.04657,233808.2
1774972800,0.0467,0.04796,0.0467,0.04759,315518.4
1774987200,0.04762,0.04768,0.04726,0.04748,228316.9
1775001600,0.04753,0.04785,0.04697,0.04749,241638.5
1775016000,0.04758,0.04822,0.0474,0.04794,452994.2
1775030400,0.0481,0.04861,0.04786,0.04813,428459.3
1775044800,0.0481,0.0484,0.04768,0.04809,275900.3
1775059200,0.04819,0.04864,0.04781,0.04793,160695.4
1775073600,0.04791,0.04809,0.0477,0.04775,212318.7
1775088000,0.04776,0.04816,0.04605,0.04617,542686.1
1775102400,0.04613,0.04684,0.04585,0.04684,325429.2
1775116800,0.04689,0.04705,0.04597,0.0462,310809.4
1775131200,0.04626,0.04679,0.04566,0.04642,354458.1
1775145600,0.04639,0.04695,0.04619,0.04657,212816.1
1775160000,0.04655,0.04695,0.04646,0.04686,287047.1
1775174400,0.04686,0.04785,0.04619,0.04647,710993.5
1775188800,0.04643,0.04724,0.04643,0.04682,311525.1
1775203200,0.04694,0.04756,0.04689,0.04743,233181.9
1775217600,0.04746,0.04774,0.04696,0.04706,281121.9
1775232000,0.0471,0.04729,0.0469,0.04701,134592.1
1775246400,0.04704,0.04715,0.04679,0.04697,108871.2
1775260800,0.04699,0.04777,0.04699,0.04765,188094.1
1775275200,0.04779,0.04932,0.0476,0.04924,1605428.2
1775289600,0.04923,0.0505,0.0487,0.05015,957623.1
1775304000,0.05015,0.0516,0.04886,0.05028,2674310.7999999998
1775318400,0.05045,0.05084,0.04985,0.05037,854464.0
1775332800,0.05037,0.05044,0.04943,0.04943,588675.5
1775347200,0.0495,0.05609,0.0495,0.05415,12440425.4000000004
1775361600,0.05412,0.05465,0.05158,0.05188,2957988.7000000002
1775376000,0.05183,0.05228,0.05043,0.05102,2249529.7000000002
1775390400,0.05095,0.05096,0.04876,0.04988,1488819.6000000001
1775404800,0.04995,0.05033,0.04991,0.05033,477896.8
1775419200,0.05035,0.05068,0.04954,0.0505,848138.6
1775433600,0.05056,0.05249,0.04911,0.04951,2114961.7000000002
1775448000,0.04958,0.04997,0.04923,0.04968,429114.1
1775462400,0.04982,0.05013,0.04941,0.04974,273739.0
1775476800,0.04968,0.04997,0.04902,0.04976,783068.4
1775491200,0.04979,0.04996,0.04929,0.04941,292117.1
1775505600,0.04939,0.04939,0.04773,0.04844,416496.4
1775520000,0.04847,0.04915,0.04775,0.04893,387889.7
1775534400,0.04889,0.05034,0.04881,0.0498,581501.1
1775548800,0.04989,0.0507,0.04943,0.04944,369517.3
1775563200,0.04956,0.05066,0.04886,0.04912,1153343.5
1775577600,0.04912,0.04976,0.04912,0.04955,270064.5
1775592000,0.04954,0.05101,0.04954,0.05087,397635.0
1775606400,0.05092,0.05101,0.04994,0.05037,490127.4
1775620800,0.0504,0.0507,0.05028,0.05039,400567.8
1775635200,0.05041,0.05049,0.04995,0.05011,291130.4
1775649600,0.05017,0.05036,0.04972,0.05005,264571.4
1775664000,0.05006,0.05029,0.04973,0.04994,171023.7
1775678400,0.05005,0.05023,0.04915,0.04933,271918.1
1775692800,0.04935,0.0498,0.04851,0.04919,411842.2
1775707200,0.04915,0.04915,0.0488,0.0488,249346.6
1775721600,0.04884,0.0493,0.04884,0.04896,214865.8
1775736000,0.04901,0.04989,0.04874,0.04973,252027.4
1775750400,0.04989,0.05018,0.04964,0.04982,205611.1
1775764800,0.04994,0.0502,0.04944,0.0496,263149.5
1775779200,0.04966,0.04989,0.04917,0.04963,257285.2
1775793600,0.04963,0.05033,0.04959,0.05003,151979.0
1775808000,0.05013,0.05013,0.04962,0.04973,213458.4
1775822400,0.04975,0.05058,0.04962,0.05025,286356.1
1775836800,0.05026,0.05154,0.04996,0.05154,423857.2
1775851200,0.0513,0.05184,0.05044,0.05059,438094.3
1775865600,0.05065,0.05154,0.05024,0.05032,492636.9
1775880000,0.05036,0.05144,0.04991,0.05098,424342.7
1775894400,0.05097,0.05145,0.05073,0.05145,574072.5
1775908800,0.05146,0.0519,0.0508,0.0514,363483.3
1775923200,0.05145,0.05226,0.05116,0.05224,302858.0
1775937600,0.05222,0.05224,0.05137,0.05149,323590.1
1775952000,0.05153,0.05171,0.0499,0.0502,456262.3
1775966400,0.05017,0.05064,0.04989,0.05002,278063.6
1775980800,0.05007,0.05025,0.04973,0.04997,219759.5
1775995200,0.04992,0.05029,0.04943,0.0495,237822.1
1776009600,0.04948,0.05023,0.04942,0.0502,202671.9
1776024000,0.05024,0.05055,0.04924,0.0493,442782.8
1776038400,0.04937,0.04993,0.04937,0.04964,253562.5
1776052800,0.04965,0.04976,0.04908,0.04908,266614.0
1776067200,0.04908,0.04999,0.0488,0.0499,286206.7
1776081600,0.04988,0.05035,0.04981,0.05021,219099.9
1776096000,0.05034,0.05048,0.04992,0.05044,235687.3
1776110400,0.05036,0.05171,0.05004,0.05168,420052.6
1776124800,0.05166,0.05172,0.05094,0.05122,304585.7
1776139200,0.05119,0.05124,0.05045,0.05056,263437.5
1776153600,0.05059,0.05076,0.05035,0.05041,247194.5
1776168000,0.0504,0.05083,0.0501,0.05052,221882.2
1776182400,0.0505,0.05058,0.04923,0.04971,249191.7
1776196800,0.04968,0.04976,0.04942,0.04958,158715.2
1776211200,0.04954,0.05147,0.04952,0.05022,717933.5
1776225600,0.05023,0.05035,0.04988,0.04999,216673.3
1776240000,0.05,0.0508,0.04973,0.05053,290977.3
1776254400,0.05047,0.05089,0.05029,0.05036,289557.4
1776268800,0.05039,0.0511,0.05037,0.05093,174412.0
1776283200,0.05101,0.05148,0.05075,0.05132,416487.4
1776297600,0.05133,0.05162,0.05082,0.05154,157846.6
1776312000,0.05163,0.05297,0.0515,0.05247,313120.4
1776326400,0.05242,0.05275,0.05204,0.05228,468022.1
1776340800,0.05229,0.05309,0.05176,0.05308,400098.0
1776355200,0.05314,0.05379,0.05261,0.0537,346550.2
1776369600,0.05374,0.05379,0.05327,0.05366,283168.4
1776384000,0.05371,0.06591,0.05365,0.06155,10127906.4000000004
1776398400,0.06145,0.06694,0.05969,0.06453,13554767.0
1776412800,0.06473,0.06709,0.0609,0.06435,9201126.1999999993
1776427200,0.06468,0.0658,0.063,0.06351,4983557.9000000004
1776441600,0.06355,0.06355,0.06134,0.06143,907066.7
1776456000,0.06133,0.06191,0.05911,0.05944,1103496.7
1776470400,0.05965,0.05978,0.0566,0.0574,1407416.5
1776484800,0.05728,0.05833,0.0569,0.058,1298736.3999999999
1776499200,0.05788,0.05791,0.05508,0.05586,1208405.5
1776513600,0.05584,0.0563,0.05492,0.05586,1287269.6000000001
1776528000,0.0558,0.05594,0.05453,0.05476,1158512.3
1776542400,0.05484,0.05529,0.05446,0.05512,477050.2
1776556800,0.0552,0.05825,0.0552,0.05721,2623642.2000000002
1776571200,0.05721,0.05734,0.05538,0.05621,882032.6
1776585600,0.05621,0.05708,0.05564,0.05675,507475.5
1776600000,0.05681,0.05721,0.05594,0.05622,922126.1
1776614400,0.05617,0.05617,0.05492,0.05539,624729.2
1776628800,0.05538,0.05543,0.05279,0.05298,653715.8
1776643200,0.053,0.05482,0.0529,0.05445,1668236.3
1776657600,0.05446,0.05464,0.0527,0.0528,1024779.5
1776672000,0.05284,0.05333,0.05218,0.05239,1319138.8999999999
1776686400,0.05241,0.05331,0.05237,0.05284,372937.7
1776700800,0.05287,0.05396,0.05287,0.05379,459616.1
1776715200,0.0538,0.05437,0.05365,0.05397,581966.4
1776729600,0.0539,0.05472,0.05351,0.05441,619280.2
1776744000,0.05443,0.0545,0.05379,0.05409,255350.3
1776758400,0.05412,0.05428,0.05368,0.05398,301407.4
1776772800,0.05397,0.05403,0.05299,0.05363,423353.5
1776787200,0.0536,0.05393,0.05276,0.05293,339357.6
1776801600,0.05295,0.05401,0.05295,0.05397,349102.5
1776816000,0.05397,0.05436,0.05333,0.0539,1657807.3999999999
1776830400,0.05401,0.05492,0.05389,0.05471,370628.5
1776844800,0.05471,0.05529,0.05464,0.05479,527558.1
1776859200,0.05487,0.05491,0.05414,0.05448,173856.0
1776873600,0.05448,0.055,0.05425,0.05444,307054.0
1776888000,0.05444,0.0545,0.05365,0.0537,164845.1
1776902400,0.05373,0.05404,0.0519,0.05207,666598.0
1776916800,0.05212,0.0526,0.05209,0.05236,181381.1
1776931200,0.05236,0.05248,0.0519,0.05227,273215.4
1776945600,0.05231,0.05446,0.05218,0.05413,381101.5
1776960000,0.05417,0.0543,0.05292,0.05302,362626.0
1776974400,0.05306,0.05426,0.05306,0.05392,275150.7
1776988800,0.05396,0.05448,0.05349,0.05414,375939.8
1777003200,0.05413,0.05446,0.05343,0.05435,219111.3
1777017600,0.05442,0.05565,0.05407,0.05552,346698.1
1777032000,0.05559,0.05639,0.05542,0.05638,833117.4
1777046400,0.05643,0.05653,0.05559,0.0565,269072.5
1777060800,0.05648,0.05653,0.05541,0.05596,350828.6
1777075200,0.056,0.05767,0.05558,0.05759,559616.9
1777089600,0.05762,0.05806,0.05706,0.05734,1279962.0
1777104000,0.05729,0.05763,0.0562,0.05628,272696.7
1777118400,0.05631,0.05669,0.05525,0.05536,368882.4
1777132800,0.05547,0.05579,0.05497,0.05541,258269.8
1777147200,0.05541,0.05593,0.05517,0.05568,185611.8
1777161600,0.05579,0.05674,0.05455,0.05632,579157.5
1777176000,0.05638,0.05767,0.05638,0.05738,325742.3
1777190400,0.05741,0.0579,0.05696,0.0579,332982.5
1777204800,0.05779,0.05779,0.0563,0.05674,232435.1
1777219200,0.05671,0.05715,0.05661,0.05682,198262.2
1777233600,0.05683,0.0571,0.05653,0.05662,205012.8
1777248000,0.05663,0.05891,0.05564,0.05674,1697916.3999999999
1777262400,0.05676,0.05688,0.05384,0.05402,600567.5
1777276800,0.054,0.05452,0.05383,0.05408,207505.2
1777291200,0.05417,0.05465,0.05288,0.05318,406602.8
1777305600,0.05308,0.05675,0.05263,0.05367,2679429.6000000001
1777320000,0.05369,0.05462,0.05369,0.05452,336789.8
1777334400,0.05492,0.0563,0.05333,0.05389,1000807.6
1777348800,0.0539,0.05459,0.0538,0.05436,207644.0
1777363200,0.05431,0.05519,0.05424,0.05472,252192.6
1777377600,0.05466,0.05522,0.05431,0.05522,202264.7
1777392000,0.05525,0.05584,0.05509,0.05584,179568.1
1777406400,0.05584,0.05605,0.05548,0.05548,231362.3
1777420800,0.05548,0.05588,0.05486,0.05578,244889.7
1777435200,0.05572,0.05592,0.05531,0.05557,75211.5
1777449600,0.0556,0.05629,0.05548,0.05571,148811.7
1777464000,0.05567,0.05576,0.0543,0.05436,194646.8
1777478400,0.05448,0.05486,0.05344,0.05417,309228.5
1777492800,0.05421,0.05525,0.05409,0.05519,202851.5
1777507200,0.0552,0.05693,0.05479,0.05684,552976.8
1777521600,0.05688,0.05761,0.05611,0.05726,394718.9
1777536000,0.05729,0.05838,0.05708,0.05831,409064.1
1777550400,0.05838,0.05973,0.05771,0.0597,1147014.3999999999
1777564800,0.05955,0.05956,0.05838,0.0589,452280.3
1777579200,0.05893,0.05893,0.058,0.05832,239224.0
1777593600,0.05851,0.06029,0.05721,0.05762,1157150.8
1777608000,0.05762,0.05795,0.057,0.05719,224317.1
1777622400,0.05718,0.05759,0.05664,0.0575,292897.3
1777636800,0.05765,0.05792,0.05724,0.05776,206755.1
1777651200,0.0578,0.0579,0.05746,0.05759,128377.1
1777665600,0.05757,0.05762,0.05684,0.05716,125507.0
1777680000,0.0572,0.05765,0.05664,0.05685,164344.1
1777694400,0.05685,0.05703,0.05632,0.05686,156245.6
1777708800,0.05691,0.05692,0.05608,0.05635,134708.5
1777723200,0.05649,0.05745,0.05644,0.05745,140678.9
1777737600,0.05757,0.05807,0.05724,0.05754,170016.1
1777752000,0.05759,0.05799,0.05748,0.05786,135143.4
1777766400,0.05793,0.05861,0.05721,0.05723,335173.9
1777780800,0.05729,0.05882,0.05695,0.05837,683390.2
1777795200,0.05837,0.06135,0.05836,0.06063,801606.5
1777809600,0.06057,0.06119,0.0592,0.05965,620478.0
1777824000,0.05965,0.06048,0.05955,0.0602,278595.1
1777838400,0.06023,0.06124,0.05982,0.05982,327567.6
1777852800,0.05987,0.06295,0.05957,0.06015,1350183.3
1777867200,0.06019,0.06075,0.05886,0.05892,389513.1
1777881600,0.05894,0.05953,0.05813,0.05894,431782.5
1777896000,0.05891,0.06041,0.0587,0.05998,328586.9
1777910400,0.06004,0.06034,0.05908,0.0591,226597.7
1777924800,0.05913,0.05996,0.05896,0.0596,328826.7
1777939200,0.0596,0.0601,0.05877,0.05944,346855.4
1777953600,0.05946,0.06052,0.0593,0.05997,782242.9
1777968000,0.05989,0.05998,0.05939,0.0599,231176.2
1777982400,0.05988,0.06017,0.05907,0.05931,326353.9
1777996800,0.05934,0.05957,0.05889,0.05917,187221.1
1778011200,0.05926,0.0599,0.05923,0.05949,333211.3
1778025600,0.05953,0.06016,0.05902,0.06003,389878.7
1778040000,0.06005,0.06038,0.05955,0.05995,143136.3
1778054400,0.05994,0.0611,0.05991,0.06086,714684.0
1778068800,0.06084,0.06111,0.05969,0.06098,513498.3
1778083200,0.06109,0.06151,0.06046,0.06072,359814.1
1778097600,0.06067,0.06093,0.06041,0.06079,316125.3
1778112000,0.06079,0.06081,0.05956,0.05969,753649.9
1778126400,0.05972,0.06123,0.05972,0.06093,313267.1
1778140800,0.06096,0.06156,0.06071,0.06104,249485.0
1778155200,0.06109,0.0617,0.05978,0.06023,313003.3
1778169600,0.06026,0.06128,0.05998,0.06041,226360.4
1778184000,0.06043,0.06133,0.06043,0.06101,146118.1
1778198400,0.06092,0.06115,0.06028,0.06075,297819.6
1778212800,0.06069,0.0608,0.06004,0.06039,142872.2
1778227200,0.06046,0.06089,0.06005,0.06008,144835.0
1778241600,0.06015,0.06073,0.0597,0.06066,392641.2
1778256000,0.06069,0.06225,0.06064,0.06181,350762.8
1778270400,0.06177,0.06279,0.06161,0.06251,173144.8
1778284800,0.06249,0.06378,0.06224,0.06305,258050.8
1778299200,0.06308,0.06365,0.06231,0.06233,198710.2
1778313600,0.06229,0.06294,0.06168,0.06237,260716.8
1778328000,0.06231,0.06239,0.06071,0.06083,224807.6
1778342400,0.06087,0.0617,0.06077,0.06166,137853.6
1778356800,0.06164,0.06167,0.06132,0.06141,121895.3
1778371200,0.06141,0.06147,0.06043,0.06081,152891.0
1778385600,0.06079,0.0628,0.06062,0.06229,289630.2
1778400000,0.06221,0.06286,0.06179,0.0618,235785.3
1778414400,0.06179,0.06227,0.06159,0.06227,180554.4
1778428800,0.06224,0.06353,0.0622,0.06324,211062.1
1778443200,0.0632,0.06331,0.06148,0.06272,307521.4
1778457600,0.06268,0.06275,0.05929,0.05999,699931.5
1778472000,0.05997,0.06114,0.0597,0.0609,288154.4
1778486400,0.06093,0.06225,0.06073,0.06139,320965.1
1778500800,0.06142,0.06193,0.0605,0.0617,275848.3
1778515200,0.06157,0.06202,0.06122,0.06155,207251.8
1778529600,0.06165,0.0617,0.06106,0.06139,172329.0
1778544000,0.06158,0.06191,0.05997,0.06164,368904.6
1778558400,0.06157,0.06203,0.061,0.06138,207825.4
1778572800,0.06146,0.06146,0.05996,0.06036,411648.8
1778587200,0.0604,0.06041,0.05871,0.05883,309601.7
1778601600,0.05876,0.06029,0.05865,0.06027,1485094.5
1778616000,0.06026,0.06323,0.06013,0.06217,4260935.7999999998
1778630400,0.06217,0.06257,0.06154,0.06157,435108.3
1778644800,0.06157,0.06158,0.06094,0.06137,322829.5
1778659200,0.0613,0.06147,0.06041,0.06059,297491.8
1778673600,0.06057,0.06084,0.05675,0.05685,492697.1
1778688000,0.05686,0.05792,0.05681,0.05765,217192.1
1778702400,0.05769,0.05813,0.05686,0.05705,696332.0
1778716800,0.05704,0.05804,0.05622,0.05633,281305.8
1778731200,0.05635,0.05657,0.05575,0.05575,208176.2
1778745600,0.05585,0.05607,0.055,0.05518,287009.7
1778760000,0.05511,0.05702,0.05511,0.05697,536523.8
1778774400,0.05698,0.05737,0.05633,0.05668,123974.1
1778788800,0.05675,0.05679,0.056,0.05605,113875.9
1778803200,0.05607,0.05653,0.05556,0.05589,130708.9
1778817600,0.05587,0.05589,0.05435,0.055,201648.5
1778832000,0.05504,0.05504,0.0545,0.0548,168786.3
1778846400,0.05465,0.05465,0.05238,0.05264,482561.8
1778860800,0.05265,0.0532,0.05233,0.05284,110106.0
1778875200,0.05284,0.05295,0.05246,0.05295,91838.9
1778889600,0.05289,0.05325,0.05266,0.05272,102806.8
1778904000,0.05271,0.05275,0.05068,0.05115,442782.1
1778918400,0.05124,0.05131,0.04983,0.05074,314463.7
1778932800,0.05068,0.05178,0.05066,0.05164,175628.4
1778947200,0.05167,0.05192,0.05134,0.05139,88299.2
1778961600,0.05136,0.05138,0.05087,0.05087,133037.9
1778976000,0.05094,0.05176,0.05046,0.05165,243313.1
1778990400,0.05168,0.05197,0.05113,0.05133,221794.9
1779004800,0.05137,0.05228,0.05119,0.05172,396997.3
1779019200,0.05178,0.05199,0.05122,0.05153,402128.7
1779033600,0.05156,0.0521,0.05137,0.05164,184601.1
1779048000,0.05168,0.05169,0.0485,0.04978,347776.0
1779062400,0.04972,0.0503,0.04919,0.04993,314897.7
1779076800,0.05012,0.0504,0.04975,0.05002,293859.5
1779091200,0.05008,0.0508,0.0498,0.05047,203177.3
1779105600,0.0508,0.05086,0.04967,0.0499,292018.1
1779120000,0.04987,0.05034,0.04931,0.05028,181547.0
1779134400,0.05042,0.0509,0.05014,0.05072,176651.3
1779148800,0.05083,0.05111,0.05018,0.05027,92287.5
1779163200,0.05033,0.05076,0.05015,0.05062,85386.1
1779177600,0.0507,0.0507,0.04976,0.04979,155255.6
1779192000,0.04982,0.05023,0.0494,0.04948,63583.0
1779206400,0.04951,0.04994,0.04933,0.04941,149246.9
1779220800,0.04944,0.04969,0.0492,0.04935,96105.5
1779235200,0.0494,0.04986,0.0491,0.04954,96388.1
1779249600,0.04965,0.05008,0.04954,0.05001,88127.2
1779264000,0.04997,0.05024,0.04927,0.04935,114387.9
1779278400,0.04932,0.05057,0.04912,0.05038,306573.5
1779292800,0.0505,0.05075,0.0502,0.05061,131586.4
1779307200,0.05059,0.05059,0.04993,0.05019,116478.9
1779321600,0.05012,0.05148,0.05005,0.05104,240761.8
1779336000,0.05118,0.05118,0.05061,0.05114,202053.0
1779350400,0.05109,0.05125,0.05032,0.05054,115677.1
1779364800,0.05059,0.05141,0.0503,0.05125,206712.6
1779379200,0.05141,0.05203,0.05104,0.05173,96988.9
1779393600,0.05177,0.05217,0.05146,0.05171,164274.6
1779408000,0.05167,0.0522,0.05124,0.05217,323780.8
1779422400,0.05217,0.05285,0.05198,0.05266,160414.1
1779436800,0.05271,0.05337,0.05254,0.0531,109037.3
1779451200,0.05319,0.05325,0.05187,0.05229,190859.2
1779465600,0.05249,0.0525,0.0499,0.05044,217313.6
1779480000,0.05036,0.05096,0.04975,0.04998,185097.8
1779494400,0.04991,0.0511,0.04975,0.05097,166064.3
1779508800,0.05102,0.05102,0.04863,0.04904,184644.8
1779523200,0.0491,0.04926,0.04868,0.04882,74473.9
1779537600,0.04883,0.05087,0.0487,0.05087,152500.8
1779552000,0.05109,0.05216,0.05087,0.0516,398628.4
1779566400,0.0517,0.0531,0.05143,0.05189,218575.7
1779580800,0.05195,0.05204,0.05111,0.05113,330006.8
1779595200,0.05137,0.05161,0.05107,0.05119,44745.5
1779609600,0.05121,0.05121,0.0508,0.0508,109964.4
1779624000,0.05085,0.0509,0.04927,0.04995,188330.3
1779638400,0.05,0.05032,0.04971,0.04975,84750.1
1779652800,0.04977,0.04988,0.04868,0.04985,201214.2
1779667200,0.0499,0.04999,0.04936,0.04936,143250.8
1779681600,0.04942,0.05063,0.04933,0.05038,198068.1
1779696000,0.05045,0.05063,0.05015,0.05015,43456.6
1779710400,0.05015,0.05072,0.05001,0.05052,46543.0
1779724800,0.05048,0.0508,0.05031,0.05031,175883.2
1779739200,0.0501,0.05016,0.04964,0.04981,23173.4
1779753600,0.04984,0.04984,0.04866,0.04892,295232.1
1779768000,0.04892,0.04957,0.04891,0.0492,288221.2
1779782400,0.04924,0.0502,0.04923,0.05003,101290.6
1779796800,0.05001,0.05019,0.04919,0.04931,85118.0
1779811200,0.04933,0.04954,0.04862,0.04899,124515.0
1779825600,0.04899,0.04911,0.04871,0.04877,55565.4
1779840000,0.04881,0.04922,0.04835,0.04859,218401.7
1779854400,0.04866,0.04874,0.04801,0.04873,123475.9
1779868800,0.04879,0.049,0.04816,0.04816,123860.8
1779883200,0.04822,0.04953,0.04782,0.04927,358433.5
1779897600,0.04936,0.04951,0.04841,0.04887,167174.0
1779912000,0.04896,0.04909,0.04742,0.04774,154899.7
1779926400,0.04777,0.04787,0.0458,0.0458,312981.6
1779940800,0.04584,0.04642,0.0454,0.04624,312005.4
1779955200,0.04625,0.04644,0.04595,0.04631,264348.7
1779969600,0.04636,0.04746,0.04599,0.04737,376613.9
1779984000,0.04738,0.04926,0.04701,0.04877,788646.4
1779998400,0.0488,0.04938,0.04811,0.0485,496996.3
1780012800,0.04851,0.04915,0.04787,0.04816,372323.1
1780027200,0.04827,0.04848,0.04795,0.04819,117690.5
1780041600,0.04829,0.04836,0.04784,0.04806,156871.7
1780056000,0.04809,0.0491,0.0471,0.04881,337591.8
1780070400,0.04904,0.04916,0.048,0.04833,181094.8
1780084800,0.04848,0.04882,0.04813,0.04841,57501.8
1780099200,0.04846,0.0499,0.04831,0.04944,789111.7
1780113600,0.04951,0.04956,0.04861,0.04899,545219.6
1780128000,0.04899,0.04907,0.04865,0.0487,159178.4
1780142400,0.04873,0.04904,0.04855,0.04873,155596.9
1780156800,0.04873,0.04909,0.04873,0.04887,78405.7
1780171200,0.04888,0.0491,0.04839,0.04871,157055.9
1780185600,0.04901,0.05039,0.04895,0.04944,362541.0
1780200000,0.0494,0.0497,0.04912,0.04951,156135.5
1780214400,0.04945,0.05044,0.04928,0.04996,312681.0
1780228800,0.05,0.05034,0.04887,0.04903,236571.9
1780243200,0.04924,0.0494,0.04859,0.04899,97905.0
1780257600,0.04916,0.05045,0.04916,0.04999,174623.0
1780272000,0.05037,0.0508,0.04955,0.05025,235590.3
1780286400,0.05023,0.05065,0.04856,0.04856,549100.2
1780300800,0.04864,0.04942,0.04843,0.04887,321672.9
1780315200,0.04897,0.04933,0.0483,0.04872,185707.9
1780329600,0.04885,0.05034,0.04864,0.05023,215291.4
1780344000,0.05022,0.05031,0.04951,0.0499,89345.2
1780358400,0.04989,0.04993,0.04827,0.04943,219596.3
1780372800,0.04955,0.04955,0.04828,0.0488,165984.1
1780387200,0.04904,0.05037,0.04897,0.04998,227135.1
1780401600,0.05024,0.05095,0.0467,0.04715,609110.0
1780416000,0.04753,0.0485,0.0467,0.04751,409809.0
1780430400,0.04796,0.04838,0.04552,0.0464,281123.3
1780444800,0.04659,0.0476,0.04562,0.04562,273704.9
1780459200,0.0458,0.04839,0.0458,0.04787,460877.9
1780473600,0.04786,0.04833,0.04733,0.04796,107508.8
1780488000,0.0479,0.04811,0.04737,0.04737,84850.5
1780502400,0.04735,0.04742,0.04659,0.0468,190925.2
1780516800,0.04656,0.04775,0.0458,0.04634,218691.7
1780531200,0.04631,0.04664,0.0416,0.04411,707017.5
1780545600,0.04408,0.04418,0.04223,0.04223,147664.0
1780560000,0.0421,0.04225,0.04052,0.04103,647265.1
1780574400,0.04114,0.04301,0.04073,0.043,279289.5
1780588800,0.04303,0.04329,0.04216,0.04262,265009.7
1780603200,0.04232,0.04245,0.0409,0.04147,227527.0
1780617600,0.04145,0.0417,0.03928,0.03939,433604.6
1780632000,0.03936,0.04069,0.0375,0.0388,1179318.6000000001
1780646400,0.03872,0.0391,0.03768,0.03798,480804.3
1780660800,0.03795,0.03855,0.03672,0.03692,530544.6
1780675200,0.03682,0.03799,0.03542,0.03655,1619291.1000000001
1780689600,0.03662,0.03793,0.03591,0.03658,514249.2
1780704000,0.03696,0.03725,0.0357,0.03583,248989.9
1780718400,0.03579,0.0362,0.03357,0.0358,1023544.8
1780732800,0.03583,0.03648,0.03499,0.03583,172272.3
1780747200,0.03603,0.03638,0.03546,0.03599,354975.8
1780761600,0.0358,0.03609,0.03537,0.03567,203285.7
1780776000,0.03563,0.03601,0.03548,0.03593,195980.9
1780790400,0.03597,0.03691,0.03582,0.03621,162840.3
1780804800,0.03623,0.03645,0.03587,0.03635,238342.5
1780819200,0.03641,0.0371,0.03614,0.0363,325808.6
1780833600,0.03633,0.03652,0.03541,0.03601,273786.9
1780848000,0.03605,0.03605,0.03469,0.03474,165762.2
1780862400,0.03475,0.03712,0.03475,0.0362,400362.6
1780876800,0.03615,0.03665,0.03557,0.0359,287398.3
1780891200,0.03594,0.03594,0.03525,0.03584,133976.3
1780905600,0.03574,0.03701,0.03542,0.03667,203374.1
1780920000,0.03665,0.03692,0.03624,0.03653,424117.2
1780934400,0.03649,0.03695,0.03631,0.03641,178415.2
1780948800,0.0364,0.03696,0.03578,0.03587,254428.3
1780963200,0.03587,0.03587,0.0345,0.0349,387364.1
1780977600,0.03485,0.03556,0.0347,0.03517,192542.9
1780992000,0.03516,0.03523,0.03456,0.03519,144270.9
1781006400,0.0352,0.03554,0.0343,0.03446,316782.2
1781020800,0.03451,0.03524,0.03395,0.03524,328541.4
1781035200,0.0353,0.03553,0.0349,0.03504,157098.2
1781049600,0.03511,0.0352,0.03436,0.03467,205885.8
1781064000,0.03483,0.0352,0.0343,0.03498,653162.0
1781078400,0.03501,0.03577,0.03454,0.03537,706767.7
1781092800,0.03531,0.03735,0.03531,0.0367,1326849.3
1781107200,0.0368,0.03699,0.03622,0.03654,304692.3
1781121600,0.03657,0.03714,0.03543,0.03657,1436584.6000000001
1781136000,0.0366,0.03918,0.0366,0.03853,2343292.6000000001
1781150400,0.03851,0.03862,0.03713,0.03713,582392.0
1781164800,0.03732,0.038,0.03724,0.03765,284283.6
1781179200,0.03763,0.03803,0.03688,0.03758,321922.5
1781193600,0.03764,0.03809,0.0371,0.03776,361623.7
1781208000,0.03768,0.03783,0.03734,0.03763,185987.0
1781222400,0.03762,0.04076,0.03762,0.03948,1441722.1000000001
1781236800,0.03957,0.03957,0.03813,0.03824,432563.8
1781251200,0.03831,0.03906,0.03831,0.03865,194609.3
1781265600,0.03866,0.03877,0.03747,0.03797,983571.5
1781280000,0.038,0.03832,0.03764,0.03779,179215.7
1781294400,0.03779,0.03803,0.03763,0.03795,89018.2
1781308800,0.03792,0.0385,0.03735,0.03747,431447.4
1781323200,0.03744,0.03801,0.03725,0.0379,227089.9
1781337600,0.03795,0.0382,0.03779,0.03798,246264.9
1781352000,0.03802,0.0386,0.03787,0.03857,130407.8
1781366400,0.03865,0.03873,0.03819,0.03865,159859.0
1781380800,0.03867,0.03871,0.03819,0.03841,95454.5
1781395200,0.03837,0.03884,0.0382,0.03863,314797.0
1781409600,0.03865,0.03865,0.038,0.03821,150625.2
1781424000,0.03823,0.0389,0.03822,0.03834,160300.3
1781438400,0.03841,0.03879,0.0379,0.0382,152100.9
1781452800,0.03816,0.03851,0.03804,0.0381,79968.7
1781467200,0.0382,0.04011,0.03814,0.03992,355577.2
1781481600,0.03995,0.03999,0.03922,0.03934,590355.9
1781496000,0.03936,0.03972,0.03905,0.03915,524225.0
1781510400,0.03923,0.04,0.0389,0.03974,286639.2
1781524800,0.03982,0.04083,0.03968,0.04078,282365.5
1781539200,0.04074,0.04092,0.0393,0.0393,317362.4
1781553600,0.03927,0.03946,0.03877,0.0392,107314.1
1781568000,0.0392,0.03937,0.03876,0.0391,255972.6
1781582400,0.03916,0.03918,0.03874,0.03907,131164.9
1781596800,0.039,0.03955,0.039,0.03937,196268.9
1781611200,0.03939,0.03961,0.03827,0.03873,269779.8
1781625600,0.03871,0.03915,0.03842,0.03903,118772.4
1781640000,0.0393,0.03965,0.03901,0.03902,137293.1
1781654400,0.03905,0.03983,0.03882,0.03915,198816.8
1781668800,0.03917,0.03926,0.0389,0.039,101149.7
1781683200,0.03908,0.03908,0.03817,0.03823,154489.3
1781697600,0.03824,0.03921,0.03818,0.03917,178473.0
1781712000,0.03929,0.03958,0.03805,0.03819,342564.7
1781726400,0.0383,0.03863,0.03792,0.03829,189973.7
1781740800,0.03839,0.0389,0.03808,0.03808,350027.5
1781755200,0.03809,0.03809,0.0371,0.03753,695755.7
1781769600,0.03752,0.03772,0.03703,0.0371,288174.8
1781784000,0.03706,0.0374,0.03569,0.03569,380146.3
1781798400,0.03607,0.03661,0.03585,0.03658,210310.3
1781812800,0.03665,0.03698,0.03635,0.03668,194152.1
1781827200,0.03672,0.0371,0.0362,0.0366,276989.8
1781841600,0.03656,0.03696,0.03595,0.03612,215481.1
1781856000,0.0362,0.03693,0.0362,0.03672,187231.2
1781870400,0.03662,0.03698,0.03626,0.0365,159302.2
1781884800,0.03658,0.03682,0.03629,0.03632,82830.1
1781899200,0.0364,0.03659,0.03614,0.03659,107767.0
1781913600,0.03661,0.03699,0.03612,0.03612,122648.8
1781928000,0.03619,0.03677,0.03612,0.03664,118695.1
1781942400,0.03663,0.03701,0.03643,0.03691,106226.6
1781956800,0.03697,0.03727,0.03624,0.03714,116975.3
1781971200,0.03714,0.03725,0.03669,0.03686,80691.8
1781985600,0.0369,0.03691,0.0366,0.03675,105198.3
1782000000,0.03678,0.0372,0.03665,0.03672,248182.8
1782014400,0.03675,0.03693,0.03643,0.03673,78315.0
1782028800,0.03676,0.03714,0.03655,0.03685,70178.0
1782043200,0.03686,0.0375,0.03685,0.0375,116113.3
1782057600,0.03741,0.03771,0.03719,0.03757,137451.8
1782072000,0.03763,0.03763,0.03668,0.03706,250167.2
1782086400,0.03731,0.0394,0.03679,0.03706,3030559.2000000002
1782100800,0.03699,0.03735,0.03686,0.03719,543192.4
1782115200,0.03725,0.0384,0.03707,0.03839,711974.6
1782129600,0.0384,0.03844,0.03803,0.0382,505753.6
1782144000,0.03814,0.03814,0.03743,0.03751,667948.0
1782158400,0.03757,0.03762,0.03696,0.03741,188928.8
1782172800,0.03742,0.03927,0.03734,0.0391,3494381.8999999999
1782187200,0.03923,0.04036,0.03789,0.03925,2253274.7999999998
1782201600,0.03931,0.03957,0.03839,0.03857,1236450.7
1782216000,0.03862,0.04047,0.03848,0.03896,1208115.7
1782230400,0.03891,0.03966,0.03873,0.03885,180419.3
1782244800,0.03886,0.03889,0.03811,0.03831,365269.3
1782259200,0.03833,0.03833,0.03715,0.03736,492750.1
1782273600,0.03736,0.03737,0.03591,0.036,361539.1
1782288000,0.03601,0.03608,0.03533,0.03571,396722.7
1782302400,0.03567,0.0357,0.03379,0.03407,471472.2
1782316800,0.03408,0.03441,0.03273,0.03357,293675.0
1782331200,0.03359,0.03487,0.03358,0.03438,1512234.3
1782345600,0.03439,0.03482,0.03437,0.03468,533229.8
1782360000,0.03474,0.03573,0.0347,0.03483,347052.6
1782374400,0.0349,0.0349,0.03425,0.0343,681446.1
1782388800,0.03431,0.03438,0.03195,0.03255,1604995.3999999999
1782403200,0.03262,0.03284,0.03211,0.03215,238872.0
1782417600,0.03222,0.03402,0.03222,0.03402,285207.0
1782432000,0.03392,0.03392,0.03182,0.03281,943863.2
1782446400,0.03294,0.03383,0.03253,0.03363,393977.0
1782460800,0.03365,0.03445,0.03344,0.03405,811930.8
1782475200,0.03406,0.03512,0.0336,0.03474,484287.6
1782489600,0.03487,0.03545,0.03486,0.03523,267116.9
1782504000,0.03499,0.03627,0.03499,0.03602,395445.1
1782518400,0.03607,0.0368,0.03588,0.03604,532875.4
1782532800,0.03605,0.03621,0.03577,0.03586,198715.8
1782547200,0.03593,0.03601,0.03498,0.03519,725092.1
1782561600,0.03525,0.03598,0.03523,0.03596,426267.8
1782576000,0.03604,0.03634,0.03546,0.03565,226984.9
1782590400,0.0356,0.03571,0.03518,0.0352,121030.1
1782604800,0.03531,0.03559,0.03493,0.03526,474243.9
1782619200,0.03532,0.03579,0.03505,0.03505,258385.4
1782633600,0.0351,0.03592,0.03498,0.03573,197827.0
1782648000,0.03585,0.0362,0.03561,0.03573,105956.6
1782662400,0.03581,0.03582,0.03498,0.0351,344778.3
1782676800,0.03516,0.03525,0.03434,0.03488,177849.3
1782691200,0.0349,0.03682,0.03461,0.03624,396670.1
1782705600,0.03622,0.03622,0.0352,0.03567,292085.8
1782720000,0.03562,0.03605,0.0354,0.03548,191053.3
1782734400,0.03558,0.03651,0.03539,0.03593,241368.2
1782748800,0.03605,0.03683,0.03585,0.03598,133347.6
1782763200,0.03598,0.0363,0.0357,0.03584,74996.6
1782777600,0.0359,0.0359,0.0352,0.03557,133838.2
1782792000,0.03559,0.03574,0.0351,0.0355,206961.3
1782806400,0.03549,0.0359,0.0347,0.03475,983176.3
1782820800,0.03469,0.03517,0.03405,0.03487,483161.2
1782835200,0.03488,0.03494,0.03427,0.03434,196764.6
1782849600,0.03434,0.03445,0.0339,0.03408,133928.0
1782864000,0.03413,0.03466,0.0333,0.03457,355139.4
1782878400,0.03459,0.0347,0.03387,0.03392,110787.2
1782892800,0.03395,0.03466,0.03376,0.03436,913716.2
1782907200,0.03432,0.0358,0.03412,0.03545,475816.3
1782921600,0.03545,0.03596,0.03492,0.03493,119720.2
1782936000,0.03496,0.03581,0.0349,0.03514,122963.5
1782950400,0.03519,0.03585,0.03497,0.03585,399600.4
1782964800,0.03588,0.03612,0.03548,0.03563,202380.2
1782979200,0.03565,0.03624,0.03555,0.03599,185437.2
1782993600,0.03605,0.03679,0.036,0.03643,204755.1
1783008000,0.03651,0.03667,0.03636,0.0365,74026.2
1783022400,0.03655,0.03681,0.03636,0.03645,134546.1
1783036800,0.03648,0.03718,0.03614,0.03679,170870.2
1783051200,0.03684,0.03724,0.03668,0.03692,194913.3
1783065600,0.03696,0.03736,0.03681,0.0371,79224.6
1783080000,0.03722,0.03741,0.03681,0.03681,105859.3
1783094400,0.03686,0.03713,0.03667,0.0371,878412.7
1783108800,0.0371,0.03746,0.037,0.03701,175604.5
1783123200,0.03706,0.03731,0.03656,0.03672,707377.4
1783137600,0.03674,0.03697,0.03639,0.03697,345491.8
1783152000,0.03698,0.03823,0.03689,0.03794,586312.6
1783166400,0.03797,0.03868,0.03797,0.03847,757249.3
1783180800,0.03854,0.03902,0.03836,0.03853,603121.7
1783195200,0.03856,0.03862,0.03776,0.03794,200659.7
1783209600,0.03794,0.03802,0.0372,0.03733,259586.3
1783224000,0.03732,0.03848,0.03726,0.03769,5462376.4000000004
1783238400,0.0377,0.03778,0.03661,0.03665,1086641.0
1783252800,0.03666,0.03742,0.0365,0.03673,5641990.7000000002
1783267200,0.0368,0.03705,0.03624,0.03662,746941.6
1783281600,0.03664,0.03716,0.03644,0.03705,986957.0
1783296000,0.03709,0.03758,0.03659,0.03665,564957.3
1783310400,0.03665,0.03838,0.03622,0.03837,1616357.8
1783324800,0.03838,0.03849,0.03696,0.03719,2045682.5
1783339200,0.03704,0.03753,0.03634,0.03747,593954.4
1783353600,0.0375,0.03797,0.03696,0.03696,888985.8
1783368000,0.03699,0.03798,0.03696,0.03749,621932.6
1783382400,0.03756,0.03768,0.03672,0.03672,3166728.8999999999
1783396800,0.0367,0.03687,0.03646,0.03651,746106.8
1783411200,0.03646,0.03657,0.03601,0.03633,528106.2
1783425600,0.03637,0.03696,0.03452,0.03452,1377587.0
1783440000,0.03454,0.03514,0.03453,0.03487,1758627.7
1783454400,0.0349,0.03509,0.03451,0.03482,683782.1
1783468800,0.03486,0.0351,0.034,0.03409,868721.5
1783483200,0.03408,0.03412,0.03352,0.03398,906682.2
1783497600,0.03401,0.03422,0.0333,0.03384,424079.8
1783512000,0.0338,0.03402,0.03349,0.03349,443300.3
1783526400,0.03351,0.03375,0.03332,0.03367,452961.6
1783540800,0.03367,0.03382,0.03336,0.0337,316755.1
1783555200,0.03372,0.0342,0.03344,0.03394,426341.7
1783569600,0.03398,0.03459,0.03398,0.03427,401710.9
1783584000,0.03425,0.03517,0.03425,0.03465,492336.9
1783598400,0.03451,0.03518,0.03446,0.03507,381300.9
1783612800,0.03512,0.03523,0.03484,0.03503,560660.0
1783627200,0.03503,0.0351,0.03471,0.03481,211381.7
1783641600,0.03478,0.03574,0.03463,0.035,672444.3
1783656000,0.03501,0.03565,0.03468,0.03532,599591.9
1783670400,0.03528,0.03563,0.03498,0.03504,350893.2
1783684800,0.03506,0.03521,0.03454,0.03501,351848.1
1783699200,0.03502,0.03532,0.03488,0.03517,392243.5
1783713600,0.0352,0.03546,0.03515,0.03535,366356.9
1783728000,0.03534,0.03582,0.03529,0.0356,499749.2
1783742400,0.03561,0.03561,0.03525,0.03527,212816.0
1783756800,0.03526,0.03573,0.03524,0.03554,300016.6
1783771200,0.03557,0.0363,0.03557,0.03602,765367.8
1783785600,0.03603,0.03666,0.03595,0.03621,388501.0
1783800000,0.03621,0.03645,0.03531,0.03544,658919.3
1783814400,0.03534,0.03582,0.03512,0.03566,477491.8
1783828800,0.03569,0.03578,0.03496,0.03517,255737.6
1783843200,0.03514,0.03534,0.03503,0.03524,213445.3
1783857600,0.03524,0.03542,0.03506,0.03533,241830.6
1783872000,0.0353,0.03549,0.03499,0.03505,262999.8
1783886400,0.03514,0.03514,0.03437,0.03453,500120.0
1783900800,0.03454,0.0351,0.03374,0.03395,555989.9
1783915200,0.03397,0.0343,0.03388,0.03409,358922.9
1783929600,0.03407,0.0344,0.03407,0.0343,224504.8
1783944000,0.03434,0.0347,0.03395,0.03449,427087.1
1783958400,0.03454,0.03486,0.0338,0.03396,349924.2
1783972800,0.03399,0.03405,0.03345,0.03393,270201.6
1783987200,0.03394,0.03422,0.03367,0.03387,307625.3
1784001600,0.03391,0.0342,0.03389,0.03399,634462.0
1784016000,0.034,0.03416,0.03389,0.03396,207793.4
1784030400,0.03394,0.03465,0.03382,0.03447,541888.7
1784044800,0.03453,0.03453,0.03417,0.03436,292854.8
1784059200,0.03436,0.03452,0.03418,0.03426,240968.2
1784073600,0.03427,0.03462,0.03421,0.03446,416865.6
1784088000,0.03446,0.03446,0.0339,0.0339,310295.9
1784102400,0.03393,0.03428,0.0339,0.03408,334563.0
1784116800,0.03409,0.03485,0.03402,0.03464,508253.2
1784131200,0.03465,0.03475,0.03426,0.03427,432084.5
1784145600,0.03433,0.03466,0.03431,0.03442,381386.4
1784160000,0.03446,0.03448,0.03413,0.03418,300469.9
1784174400,0.0342,0.03463,0.03407,0.03414,1029282.5
1784188800,0.03417,0.03442,0.03376,0.03426,518490.0
1784203200,0.03425,0.0346,0.03394,0.03427,1048697.0
1784217600,0.03431,0.03435,0.03387,0.03392,309568.8
1784232000,0.03398,0.03406,0.0336,0.03362,252359.8
1784246400,0.03363,0.03383,0.03331,0.03359,809480.4
1784260800,0.03359,0.03359,0.03291,0.03299,408111.0
1784275200,0.03299,0.03379,0.03299,0.03374,1381366.3
1784289600,0.03374,0.03422,0.03353,0.03412,1584709.1000000001
1784304000,0.03416,0.03574,0.03403,0.03573,996335.0
1784318400,0.03575,0.03644,0.0351,0.0355,2579891.1000000001
1784332800,0.03545,0.03581,0.03454,0.03496,1500767.8999999999
1784347200,0.03493,0.03505,0.03431,0.03455,962934.9
1784361600,0.03455,0.03518,0.03402,0.03422,1160313.6000000001
1784376000,0.03417,0.03463,0.03391,0.03409,1351850.3
1784390400,0.03411,0.03426,0.03376,0.03389,592755.4
1784404800,0.03389,0.03428,0.03388,0.03425,239827.5
1784419200,0.03421,0.03428,0.034,0.03406,238311.1
1784433600,0.03405,0.03454,0.03381,0.03386,1309864.8
1784448000,0.03389,0.03436,0.03368,0.0337,983519.7
1784462400,0.03369,0.03479,0.03344,0.0342,1409776.2
1784476800,0.03426,0.03427,0.03352,0.03382,626856.6
1784491200,0.03376,0.03381,0.03355,0.03365,217697.6
1784505600,0.03363,0.03432,0.03353,0.03379,1196809.6000000001
1784520000,0.03382,0.03384,0.03326,0.03365,1117572.8999999999
1784534400,0.03365,0.03383,0.03336,0.03374,670508.4
1784548800,0.03373,0.03418,0.0335,0.03417,642708.1
1784563200,0.03418,0.03422,0.03382,0.03407,1156762.7
1784577600,0.03406,0.03425,0.03394,0.03422,519976.9
1784592000,0.03422,0.03463,0.03417,0.0346,378725.6
1784606400,0.03458,0.03473,0.03445,0.03456,585567.3
1784620800,0.03459,0.03468,0.03424,0.03428,740455.7
1784635200,0.0343,0.0343,0.03421,0.03425,1229763.8
1784649600,0.03429,0.0343,0.0339,0.03416,594990.2
1784664000,0.0342,0.0343,0.03411,0.03423,711828.5
1784678400,0.03421,0.03433,0.03391,0.03391,1528394.1000000001
1784692800,0.03393,0.034,0.03369,0.03386,519317.7
1784707200,0.03386,0.03443,0.03351,0.03392,1537302.3999999999
1784721600,0.0339,0.03438,0.03367,0.03434,352294.5
1784736000,0.03438,0.03462,0.03413,0.03426,407147.2
1784750400,0.03428,0.03437,0.03409,0.03421,267248.8
1784764800,0.03423,0.03429,0.03397,0.03399,400894.5
1784779200,0.03402,0.03432,0.03393,0.03397,1043836.5
1784793600,0.03398,0.03423,0.03398,0.03413,518390.0
1784808000,0.03412,0.0342,0.03365,0.03383,872722.8
1784822400,0.03384,0.03386,0.03344,0.03351,759471.1
1784836800,0.03352,0.03376,0.03348,0.0335,633672.3
1784851200,0.03348,0.03368,0.03319,0.03352,1105818.1000000001
1784865600,0.03355,0.03401,0.03352,0.03393,564861.2
1784880000,0.03392,0.03397,0.03338,0.03338,544841.9
1784894400,0.03341,0.03348,0.03254,0.03277,1465583.3
1784908800,0.03279,0.03285,0.03251,0.03254,358653.5
1784923200,0.03256,0.03273,0.03221,0.03236,390528.8
1784937600,0.03236,0.03255,0.03181,0.03188,665532.7
1784952000,0.03188,0.03196,0.03159,0.03172,627249.6
1784966400,0.03171,0.03216,0.03169,0.0319,559699.8
1784980800,0.03194,0.03235,0.03193,0.03228,314800.8
1784995200,0.0323,0.03234,0.0321,0.03225,235100.7
1785009600,0.03223,0.03239,0.03213,0.03226,208241.1
1785024000,0.03226,0.03247,0.03218,0.03233,468695.6
1785038400,0.03233,0.03254,0.03227,0.03244,507488.9
1785052800,0.03244,0.03261,0.03237,0.03241,288810.9
1785067200,0.03241,0.03262,0.03224,0.03261,330442.7
1785081600,0.0326,0.03272,0.03223,0.03229,326358.4
1785096000,0.03232,0.0327,0.03225,0.03258,263673.9
1785110400,0.03264,0.03271,0.03229,0.03236,336885.4
1785124800,0.0324,0.03262,0.03233,0.03239,264038.0
1785139200,0.03239,0.03241,0.03198,0.0322,453876.3
1785153600,0.0322,0.03237,0.03102,0.03111,751082.1
1785168000,0.03111,0.03164,0.03105,0.03147,565088.7
1785182400,0.03149,0.03166,0.03021,0.03051,903456.8
1785196800,0.03048,0.03055,0.02989,0.03002,950337.0
1785211200,0.03005,0.03005,0.02955,0.02966,698708.5
1785225600,0.02967,0.02994,0.02967,0.0299,728160.9
1785240000,0.02987,0.03026,0.02922,0.02999,1289923.0
1785254400,0.03002,0.03009,0.02947,0.02955,738712.6
1785268800,0.02958,0.02991,0.02953,0.02979,464415.8
1785283200,0.02984,0.0303,0.02889,0.0289,1088314.8
1785297600,0.02893,0.02893,0.02846,0.0288,2461684.7999999998
1785312000,0.02881,0.02885,0.02843,0.02844,562105.5
1785326400,0.02846,0.02858,0.02815,0.0282,902486.4
1785340800,0.02822,0.02891,0.02806,0.02809,1786545.5
1785355200,0.0281,0.02828,0.02757,0.02826,754100.8
1785369600,0.02826,0.02897,0.02805,0.02891,1248805.0
1785384000,0.02896,0.0293,0.02885,0.02905,1006031.2
1785398400,0.02905,0.02958,0.02897,0.02913,897335.6
1785412800,0.02913,0.02935,0.02893,0.02894,697468.0
1785427200,0.02897,0.0291,0.02867,0.02878,405703.6
1785441600,0.02881,0.02894,0.0286,0.02865,547200.5
1785456000,0.02865,0.02916,0.02848,0.02855,467999.1
1785470400,0.02854,0.02856,0.02803,0.02816,702878.2
1785484800,0.02818,0.02852,0.02792,0.02839,890397.3
1785499200,0.02842,0.02881,0.02809,0.02864,767339.7
1785513600,0.02867,0.02913,0.02863,0.0287,480165.5
1785528000,0.02869,0.02873,0.02837,0.02843,381956.2
1785542400,0.02846,0.02877,0.0284,0.02853,439992.1
1785556800,0.02853,0.02927,0.02851,0.02864,1217290.6000000001
1785571200,0.02865,0.02878,0.02827,0.02842,647620.0
1785585600,0.02843,0.02877,0.02837,0.02846,450942.3
1785600000,0.02847,0.02884,0.0279,0.02819,904427.1
1785614400,0.02818,0.02863,0.02816,0.0282,312556.6
1785628800,0.02822,0.02872,0.02821,0.02852,605653.0
1785643200,0.02853,0.02879,0.02845,0.02878,424984.7
1785657600,0.02879,0.02883,0.02845,0.02847,334065.8
1785672000,0.02851,0.02855,0.02824,0.02824,295957.6
1785686400,0.02827,0.02874,0.0282,0.02843,328803.9
1785700800,0.02847,0.02869,0.02833,0.0285,356237.6
1785715200,0.02849,0.02862,0.0278,0.02787,867486.1
1785729600,0.02788,0.02844,0.02777,0.02777,533373.2
1785744000,0.02781,0.02823,0.02769,0.02808,404061.1
1785758400,0.02811,0.02948,0.028,0.02931,2046222.1000000001
1785772800,0.02933,0.02952,0.0289,0.0289,1122469.2
1785787200,0.0289,0.02903,0.02873,0.02877,486540.1
1785801600,0.02879,0.02903,0.02858,0.02899,741272.2
1785816000,0.02898,0.0291,0.0286,0.02875,570893.0
1785830400,0.02875,0.02912,0.02875,0.02887,586085.5
1785844800,0.02887,0.02889,0.02847,0.02863,911480.8
1785859200,0.02862,0.02887,0.02861,0.02884,461827.0
1785873600,0.02886,0.0291,0.02865,0.02883,525088.6
1785888000,0.02885,0.02943,0.02851,0.02937,799793.1
1785902400,0.02935,0.02972,0.02901,0.02914,1545869.0
1785916800,0.02915,0.02926,0.02882,0.02894,964191.0
1785931200,0.02892,0.02946,0.02889,0.02921,1002014.1
1785945600,0.02917,0.02929,0.02888,0.02897,760429.3
1785960000,0.02895,0.02911,0.02879,0.02896,586787.3
1785974400,0.02896,0.0292,0.02865,0.0288,817153.2
1785988800,0.02879,0.03033,0.02874,0.02977,6023626.0
1786003200,0.02975,0.03021,0.02945,0.03007,2315121.0
1786017600,0.03008,0.0303,0.0296,0.02974,3328700.8999999999
1786032000,0.02975,0.03,0.02931,0.02938,1254914.3
1786046400,0.02939,0.02955,0.02922,0.02944,788317.4
1786060800,0.02945,0.0299,0.02915,0.02915,1560727.7
1786075200,0.02917,0.02941,0.02907,0.02925,869638.9
1786089600,0.02926,0.02954,0.02918,0.02924,807913.8
1786104000,0.02924,0.02951,0.02901,0.02931,1040696.5
1786118400,0.02932,0.02945,0.02916,0.02934,811955.8
1786132800,0.02932,0.02934,0.029,0.02901,569712.1
1786147200,0.02901,0.02963,0.029,0.02935,808117.9
1786161600,0.02934,0.02939,0.02911,0.02929,624651.0
1786176000,0.02929,0.02944,0.02919,0.02922,534132.2
1786190400,0.02923,0.02965,0.02923,0.02951,749390.8
1786204800,0.02951,0.02974,0.02929,0.02929,646383.2
1786219200,0.02927,0.02951,0.02924,0.02944,546812.0
1786233600,0.02943,0.02974,0.02911,0.02971,694635.9
1786248000,0.02968,0.02996,0.02961,0.02968,659902.9
1786262400,0.02968,0.0301,0.02968,0.02983,752911.3
1786276800,0.02988,0.03001,0.02969,0.02978,590391.9
1786291200,0.02979,0.03033,0.02975,0.03006,825271.2
1786305600,0.03006,0.03013,0.0293,0.0294,702511.7
1786320000,0.02938,0.02979,0.02935,0.02945,1641399.3
1786334400,0.02944,0.03037,0.02944,0.02978,4415979.5
1786348800,0.02977,0.02987,0.02952,0.02956,1164629.5
1786363200,0.02959,0.02975,0.02922,0.0295,1173640.8
1786377600,0.02951,0.02995,0.02937,0.02954,2051135.5
1786392000,0.02956,0.0297,0.02917,0.02924,776132.2
1786406400,0.02924,0.02959,0.02919,0.02926,734005.9
1786420800,0.02927,0.02933,0.02859,0.02866,967252.5
1786435200,0.02866,0.02873,0.02831,0.02864,1441912.0
1786449600,0.02866,0.02878,0.028,0.02821,1299107.7
1786464000,0.02823,0.02846,0.02812,0.02828,918275.3
1786478400,0.02829,0.02862,0.0282,0.02831,675399.6
1786492800,0.02831,0.02921,0.0281,0.02875,1267841.2
1786507200,0.02875,0.02896,0.02808,0.02817,1065463.6000000001
1786521600,0.02814,0.02827,0.02799,0.02818,865215.6
1786536000,0.02818,0.02853,0.02771,0.02773,958459.8
1786550400,0.02771,0.02799,0.02743,0.02748,865310.6
1786564800,0.02748,0.02779,0.02707,0.02735,774967.0
1786579200,0.02735,0.02759,0.02714,0.02749,572718.8
1786593600,0.02748,0.02771,0.02741,0.02755,545559.7
1786608000,0.02761,0.02774,0.02742,0.02747,601579.0
1786622400,0.02745,0.02766,0.02725,0.02726,722883.7
1786636800,0.02724,0.02726,0.02688,0.02719,981745.5
1786651200,0.0272,0.0276,0.02719,0.02747,601755.0
1786665600,0.02747,0.02756,0.02691,0.02695,522234.5
1786680000,0.02694,0.02717,0.0267,0.02676,672965.7
1786694400,0.02677,0.02693,0.0266,0.02674,594221.8
1786708800,0.02676,0.02686,0.02662,0.02681,490853.1
1786723200,0.02681,0.02734,0.0268,0.02694,730079.2
1786737600,0.02692,0.02731,0.02692,0.02731,440659.4
1786752000,0.0273,0.02733,0.02714,0.02716,428314.7
1786766400,0.02716,0.02741,0.02712,0.02715,457869.7
1786780800,0.02718,0.02831,0.02715,0.02808,896943.1
1786795200,0.02811,0.02828,0.02792,0.02804,885749.0
1786809600,0.02805,0.0281,0.02768,0.02781,460724.1
1786824000,0.0278,0.02789,0.0275,0.02757,434604.4
1786838400,0.02756,0.02774,0.02748,0.02753,478198.3
1786852800,0.0275,0.02798,0.02729,0.02784,670462.2
1786867200,0.02785,0.02804,0.0277,0.0278,743721.1
1786881600,0.0278,0.02826,0.02772,0.0282,490532.3
1786896000,0.02822,0.02847,0.02802,0.02833,558102.2
1786910400,0.02835,0.02851,0.02769,0.02805,510669.0
1786924800,0.02805,0.02851,0.02784,0.02816,532667.1
1786939200,0.02812,0.02852,0.02787,0.02788,3405225.3999999999
1786953600,0.02789,0.02842,0.02765,0.0279,5348199.5
1786968000,0.02787,0.02824,0.02777,0.02789,5027873.4000000004
1786982400,0.02789,0.02793,0.02761,0.02762,700903.4
1786996800,0.0276,0.02768,0.02741,0.02747,529433.7
1787011200,0.02748,0.02752,0.02683,0.02697,755808.1
1787025600,0.02696,0.02715,0.02678,0.02707,564191.3
1787040000,0.02712,0.02722,0.02696,0.02705,438860.8
1787054400,0.02705,0.02732,0.02697,0.02721,347024.3
1787068800,0.02722,0.02727,0.02704,0.02705,298613.5
1787083200,0.02703,0.02709,0.02681,0.02685,396890.2
1787097600,0.02685,0.02707,0.0267,0.02699,531814.7
1787112000,0.027,0.02701,0.02652,0.02694,979881.8
1787126400,0.02695,0.02799,0.02693,0.02771,1032127.8
1787140800,0.02775,0.02878,0.0274,0.02827,1047920.5
1787155200,0.02828,0.02864,0.02826,0.02857,518664.5
1787169600,0.02855,0.02943,0.0285,0.02903,923075.2
1787184000,0.02909,0.02939,0.02874,0.02882,421978.3
1787198400,0.02882,0.02913,0.02875,0.02903,779805.5
1787212800,0.02904,0.02959,0.02904,0.02936,792120.2
1787227200,0.02937,0.03011,0.0291,0.03007,764984.3
1787241600,0.03003,0.03056,0.02995,0.03011,1155184.1000000001
1787256000,0.0301,0.03102,0.0301,0.03075,786218.3
1787270400,0.03082,0.03166,0.03081,0.0315,826687.9
1787284800,0.03155,0.0321,0.03125,0.0321,1568282.3999999999
1787299200,0.03214,0.03306,0.03214,0.0327,1294479.8999999999
1787313600,0.03272,0.03323,0.03258,0.03319,832982.2
1787328000,0.0332,0.03351,0.0328,0.03297,635703.0
1787342400,0.0329,0.03385,0.03288,0.03341,725557.2
1787356800,0.03339,0.03472,0.03336,0.03463,732115.6
1787371200,0.03464,0.03523,0.03278,0.03395,2406010.8999999999
1787385600,0.03407,0.03419,0.03233,0.03291,1510519.6000000001
1787400000,0.0329,0.03371,0.03285,0.03289,940275.1
1787414400,0.03286,0.03331,0.03281,0.03302,371386.8
1787428800,0.03305,0.03305,0.03208,0.03247,559662.7
1787443200,0.0325,0.03293,0.0316,0.03165,854561.7
1787457600,0.03163,0.03185,0.03112,0.03178,906546.0
1787472000,0.03178,0.03277,0.03174,0.03277,787033.4
1787486400,0.03277,0.03387,0.0325,0.0337,889684.4
1787500800,0.03373,0.03427,0.0337,0.03412,425644.4
1787515200,0.03411,0.0344,0.03377,0.03387,399532.0
1787529600,0.03387,0.03399,0.03258,0.03266,353783.4
1787544000,0.03273,0.03318,0.03267,0.03294,348295.9
1787558400,0.03297,0.03359,0.03256,0.03359,3077814.7999999998
1787572800,0.03355,0.03378,0.03278,0.03305,854104.3
1787587200,0.03312,0.03348,0.03264,0.03304,583297.1
1787601600,0.03302,0.03325,0.03279,0.03292,307834.8
1787616000,0.0329,0.03389,0.0329,0.03352,482359.7
1787630400,0.03352,0.03415,0.03282,0.0329,4982162.5999999996
1787644800,0.0329,0.03314,0.03258,0.03285,2260632.5
1787659200,0.03284,0.03385,0.03252,0.03366,3880817.6000000001
1787673600,0.03359,0.03365,0.03286,0.03297,956193.4
1787688000,0.03297,0.03321,0.0321,0.03247,1571454.2
1787702400,0.03245,0.03278,0.0322,0.03246,576539.2
1787716800,0.03246,0.03265,0.0321,0.03246,1645064.6000000001
1787731200,0.03245,0.03282,0.03187,0.03221,999386.2
1787745600,0.0322,0.03248,0.03172,0.03192,893263.0
1787760000,0.03193,0.0323,0.03174,0.0321,475208.1
1787774400,0.03208,0.03278,0.03178,0.03271,535205.2
1787788800,0.03273,0.03292,0.0321,0.03254,4009718.0
1787803200,0.03254,0.03274,0.0323,0.03257,693523.2
1787817600,0.03259,0.0334,0.03258,0.03309,1039008.3
1787832000,0.03308,0.03358,0.03298,0.03357,539002.8
1787846400,0.03357,0.03375,0.03322,0.03338,465929.1
1787860800,0.03337,0.03355,0.03329,0.03342,300373.4
1787875200,0.03342,0.03394,0.03271,0.03302,1585800.3
1787889600,0.03305,0.03314,0.03282,0.03286,736638.5
1787904000,0.03285,0.03305,0.03244,0.03292,939107.2
1787918400,0.03292,0.03347,0.03254,0.03269,1454534.3999999999
1787932800,0.03262,0.03299,0.03198,0.03265,946307.8
1787947200,0.03264,0.03402,0.03264,0.03402,872855.4
1787961600,0.03402,0.03412,0.03343,0.0341,456627.8
1787976000,0.03411,0.03428,0.03388,0.03408,647993.6
1787990400,0.03407,0.0343,0.03363,0.03363,842518.8
1788004800,0.03368,0.03424,0.03368,0.034,1123061.1000000001
1788019200,0.034,0.03401,0.03346,0.03348,583277.5
1788033600,0.03349,0.03367,0.03345,0.03356,308330.9
1788048000,0.03354,0.03373,0.0334,0.0336,312404.6
1788062400,0.0336,0.03388,0.03339,0.03383,488049.2
1788076800,0.03383,0.03436,0.03372,0.03421,450108.6
1788091200,0.03422,0.03436,0.03368,0.03373,416757.1
1788105600,0.03372,0.03398,0.03361,0.03369,518510.3
1788120000,0.03371,0.03374,0.03195,0.03223,1231777.3999999999
1788134400,0.03213,0.03358,0.03211,0.03351,971974.3
1788148800,0.03353,0.03409,0.0334,0.03385,823340.5
1788163200,0.03386,0.03392,0.03332,0.03373,777265.0
1788177600,0.0337,0.03382,0.03332,0.0334,669803.8
1788192000,0.03339,0.03351,0.03304,0.03307,479759.1
1788206400,0.03305,0.03345,0.033,0.03344,554060.4
1788220800,0.03344,0.0342,0.03341,0.03366,1059646.8
1788235200,0.0337,0.03395,0.03316,0.03316,664962.3
1788249600,0.03318,0.03318,0.03272,0.03292,583634.1
1788264000,0.03292,0.03293,0.03241,0.03248,607344.5
1788278400,0.03248,0.03248,0.03179,0.03229,612806.5
1788292800,0.03225,0.03233,0.03192,0.03223,358813.7
1788307200,0.03226,0.03262,0.03186,0.03253,743266.6
1788321600,0.03252,0.03305,0.03243,0.03296,432345.8
1788336000,0.03294,0.03305,0.03198,0.03246,526561.8
1788350400,0.03247,0.03344,0.03247,0.03343,807485.8
1788364800,0.03346,0.03358,0.03324,0.03328,355012.3
1788379200,0.0333,0.03344,0.03303,0.03331,299650.1
1788393600,0.03331,0.03397,0.03314,0.0336,4025574.0
1788408000,0.03362,0.03438,0.0336,0.03425,983687.9
1788422400,0.03429,0.03481,0.03423,0.03433,941546.7
1788436800,0.03436,0.03479,0.03396,0.03471,944740.2
1788451200,0.03472,0.03472,0.03416,0.03438,1085194.1000000001
1788465600,0.03438,0.03457,0.03418,0.03438,413625.3
1788480000,0.03439,0.03516,0.03404,0.03411,792250.2
1788494400,0.03412,0.03426,0.03374,0.03394,376537.3
1788508800,0.03396,0.03412,0.03368,0.03395,1653658.3
1788523200,0.03396,0.03402,0.03311,0.03388,736306.4
1788537600,0.03389,0.03412,0.03379,0.03406,350450.5
1788552000,0.03406,0.03514,0.03393,0.03462,815848.4
1788566400,0.03461,0.03476,0.03429,0.03434,397328.8
1788580800,0.03432,0.03486,0.03419,0.03453,434665.4
1788595200,0.03453,0.03492,0.03439,0.03468,1068878.1000000001
1788609600,0.03469,0.03502,0.03447,0.03453,346061.5
1788624000,0.03453,0.0346,0.03438,0.03439,275032.9
1788638400,0.03442,0.03483,0.03441,0.03465,359106.1
1788652800,0.03471,0.03498,0.03457,0.03477,295540.7
1788667200,0.03478,0.03511,0.03448,0.0351,804623.1
1788681600,0.0351,0.03611,0.03501,0.03594,4325181.2999999998
1788696000,0.03597,0.03629,0.03562,0.03623,5642008.0999999996
1788710400,0.03623,0.03662,0.03572,0.03604,1182058.1000000001
1788724800,0.03606,0.03652,0.03597,0.03638,1059466.2
1788739200,0.03636,0.03638,0.03571,0.03572,740213.5
1788753600,0.0357,0.03625,0.03535,0.03552,857921.0
1788768000,0.03551,0.03582,0.03541,0.03572,415832.8
1788782400,0.03578,0.0361,0.03483,0.03497,1264716.0
1788796800,0.03504,0.03545,0.03504,0.03538,308450.9
1788811200,0.03537,0.03541,0.03487,0.03511,301852.5
1788825600,0.03508,0.03545,0.03484,0.035,385776.9
1788840000,0.035,0.03524,0.03478,0.03495,272613.9
1788854400,0.03493,0.03527,0.03471,0.0349,483032.6
1788868800,0.03488,0.03545,0.03424,0.03544,926478.8
1788883200,0.03545,0.03545,0.03465,0.03468,610869.4
1788897600,0.03472,0.03489,0.03455,0.03459,370053.8
1788912000,0.03463,0.03477,0.03431,0.03451,593246.9
1788926400,0.03452,0.03516,0.03447,0.03511,534359.6
1788940800,0.03509,0.03518,0.03459,0.03514,365077.7
1788955200,0.03512,0.03518,0.03392,0.03431,973998.2
1788969600,0.03429,0.03465,0.0338,0.0338,511999.3
1788984000,0.03381,0.03391,0.03278,0.03355,966700.0
1788998400,0.03351,0.03354,0.0329,0.0333,366152.2
1789012800,0.03334,0.03349,0.03315,0.03325,360017.3
1789027200,0.03323,0.03326,0.03255,0.03275,281525.8
1789041600,0.03281,0.03288,0.03232,0.03263,939697.7
1789056000,0.03266,0.03275,0.03225,0.03264,264632.7
1789070400,0.03265,0.03295,0.03225,0.03225,260647.5
1789084800,0.03231,0.03269,0.03229,0.03261,216368.1
1789099200,0.03261,0.03305,0.03261,0.0328,383938.7
1789113600,0.0328,0.03291,0.03229,0.03253,529060.6
1789128000,0.03251,0.03395,0.03239,0.03341,1235499.8
1789142400,0.03346,0.03399,0.03316,0.03366,560578.9
1789156800,0.03367,0.034,0.03344,0.03374,527377.9
1789171200,0.03374,0.03416,0.03373,0.03406,440511.4
1789185600,0.03401,0.03429,0.03391,0.03393,238203.6
1789200000,0.03395,0.03421,0.03393,0.03403,353468.8
1789214400,0.03403,0.03438,0.03397,0.03435,803583.9
1789228800,0.03435,0.03438,0.03408,0.03409,292869.8
1789243200,0.03408,0.03462,0.03404,0.03462,332464.9
1789257600,0.03465,0.03639,0.03461,0.03637,1659732.8
1789272000,0.03631,0.03697,0.03608,0.03668,2414797.2000000002
1789286400,0.03673,0.03758,0.03615,0.03746,2605981.0
1789300800,0.03745,0.03968,0.03657,0.03747,8284227.0
1789315200,0.0375,0.03785,0.03651,0.03662,1456481.8
1789329600,0.03662,0.03683,0.03533,0.03566,2555380.3999999999
1789344000,0.03564,0.03613,0.03518,0.03592,719782.7
1789358400,0.03592,0.03625,0.03575,0.03581,535392.5
1789372800,0.03582,0.03636,0.03545,0.03581,823805.7
1789387200,0.03577,0.03583,0.03524,0.03542,864432.1
1789401600,0.03542,0.03595,0.03541,0.03589,583417.0
1789416000,0.03588,0.03598,0.03509,0.03517,581150.8
1789430400,0.03517,0.03739,0.03517,0.03574,2237763.2999999998
1789444800,0.03574,0.03583,0.03518,0.03527,889436.9
1789459200,0.03525,0.03533,0.03468,0.03479,617508.2
1789473600,0.03479,0.03514,0.03423,0.03442,649091.6
1789488000,0.0344,0.03472,0.03337,0.03408,1372616.2
1789502400,0.03412,0.03412,0.03313,0.03344,1072413.8
1789516800,0.03341,0.03381,0.03299,0.03373,855346.3
1789531200,0.03374,0.03381,0.03311,0.03312,269495.8
1789545600,0.0331,0.0333,0.03257,0.03316,873037.8
1789560000,0.03319,0.03319,0.0324,0.03252,528045.9
1789574400,0.03254,0.03305,0.03218,0.03299,949487.6
1789588800,0.033,0.03358,0.03277,0.03356,647674.5
1789603200,0.03358,0.03363,0.03333,0.03358,739581.6
1789617600,0.03358,0.03385,0.03358,0.03381,606679.0
1789632000,0.03381,0.03392,0.03358,0.03373,508530.2
1789646400,0.03374,0.03422,0.0337,0.03389,690238.2
1789660800,0.03389,0.03433,0.03388,0.03391,283529.8
1789675200,0.03393,0.03416,0.0339,0.03415,235653.6
1789689600,0.03414,0.03534,0.03409,0.03523,1080749.7
1789704000,0.03526,0.03553,0.03494,0.03552,440694.1
1789718400,0.0355,0.03651,0.03541,0.03635,929851.9
1789732800,0.03637,0.0378,0.03608,0.03755,1242276.5
1789747200,0.03757,0.03784,0.03715,0.03728,380222.9
1789761600,0.03728,0.03769,0.03718,0.03763,355980.0
1789776000,0.0377,0.03801,0.03747,0.03776,443564.1
1789790400,0.03773,0.03822,0.03736,0.03791,514237.8
1789804800,0.03805,0.03996,0.03803,0.03987,3111014.3999999999
1789819200,0.03985,0.04017,0.03935,0.03961,872218.5
1789833600,0.03964,0.04015,0.03943,0.03988,400452.1
1789848000,0.03988,0.04012,0.03925,0.03996,764575.8
1789862400,0.03997,0.04033,0.03841,0.03893,1493805.8
1789876800,0.03894,0.03918,0.03823,0.03823,522550.1
1789891200,0.03824,0.03865,0.03759,0.03844,2346073.7999999998
1789905600,0.03847,0.03865,0.03738,0.0379,3515958.8999999999
1789920000,0.0379,0.03889,0.03784,0.03884,991877.8
1789934400,0.03886,0.03998,0.0388,0.03979,975490.8
1789948800,0.03977,0.06,0.03918,0.06,10739412.3000000007
1789963200,0.06001,0.0685,0.05807,0.06369,18584841.5
1789977600,0.06356,0.06996,0.06237,0.06585,7215823.0
1789992000,0.06585,0.06734,0.05924,0.06009,15270613.9000000004
1790006400,0.05996,0.06291,0.05753,0.06137,7970825.0
1790020800,0.06131,0.06261,0.05539,0.05648,4460806.4000000004
1790035200,0.05615,0.0682,0.05436,0.06036,10471799.9000000004
1790049600,0.0603,0.06178,0.05686,0.05806,4440784.5
1790064000,0.05788,0.05903,0.05373,0.05471,3053094.2999999998
1790078400,0.0546,0.05637,0.05374,0.05581,3485581.1000000001
1790092800,0.05584,0.05605,0.05487,0.05548,1307212.8999999999
1790107200,0.05553,0.05614,0.05525,0.05557,1332541.8999999999
1790121600,0.05563,0.05655,0.0515,0.05314,2873704.2000000002
1790136000,0.05309,0.05309,0.0513,0.05155,1055477.8999999999
1790150400,0.05153,0.05223,0.0505,0.05081,1403828.7
1790164800,0.05098,0.05171,0.04863,0.04894,3457772.1000000001
1790179200,0.0489,0.04993,0.04809,0.0492,2174023.3999999999
1790193600,0.04927,0.05084,0.04859,0.0501,1248300.6000000001
1790208000,0.05001,0.05011,0.04737,0.04776,1925299.1000000001
1790222400,0.04777,0.05138,0.04776,0.05021,1846299.6000000001
1790236800,0.05023,0.05113,0.04862,0.05075,1839364.5
1790251200,0.05063,0.0523,0.05013,0.05207,2116036.8999999999
1790265600,0.05204,0.05245,0.05067,0.0512,2038431.6000000001
1790280000,0.05126,0.05126,0.05054,0.0508,648801.2
1790294400,0.05092,0.05095,0.0494,0.0497,778036.4
1790308800,0.04975,0.05158,0.04975,0.05143,1167678.1000000001
1790323200,0.05152,0.05362,0.0515,0.05307,2078615.6000000001
1790337600,0.05315,0.05422,0.0524,0.05326,1681997.3
1790352000,0.05326,0.05461,0.05316,0.05385,1492601.2
1790366400,0.05384,0.05514,0.05382,0.05503,718144.1
1790380800,0.05503,0.05581,0.05331,0.05352,619246.7
1790395200,0.05356,0.05539,0.05339,0.05529,568323.7
1790409600,0.05536,0.05575,0.05441,0.05543,488318.0
1790424000,0.05552,0.05658,0.05523,0.05638,1151072.7
1790438400,0.05652,0.05733,0.05586,0.05672,775447.7
1790452800,0.05674,0.05712,0.05522,0.05584,392422.6
1790467200,0.05581,0.05697,0.05408,0.05448,1118789.8
1790481600,0.05441,0.05449,0.05391,0.05431,328553.2
1790496000,0.0543,0.05462,0.05364,0.05379,223619.8
1790510400,0.05375,0.05377,0.05232,0.05312,854320.5
1790524800,0.05308,0.0551,0.053,0.05427,383055.3
1790539200,0.0543,0.05443,0.05309,0.05339,445078.9
1790553600,0.05338,0.05395,0.05129,0.05184,826512.7
1790568000,0.05184,0.05231,0.05047,0.05086,959116.3
1790582400,0.05086,0.05242,0.05065,0.05207,693298.0
1790596800,0.05208,0.05277,0.05117,0.05186,610902.1
1790611200,0.05181,0.05299,0.05124,0.0514,624528.9
1790625600,0.05139,0.05248,0.0513,0.0523,354908.6
1790640000,0.05238,0.05238,0.05017,0.05129,644470.1
1790654400,0.05135,0.05354,0.05101,0.05347,2022403.3
1790668800,0.05351,0.05386,0.05271,0.0531,380746.3
1790683200,0.0529,0.05305,0.05153,0.05156,566002.8
1790697600,0.05167,0.0522,0.05086,0.05122,720476.1
1790712000,0.05127,0.05326,0.05117,0.05278,693793.2
1790726400,0.05279,0.05282,0.05146,0.05171,641695.0
1790740800,0.05167,0.05271,0.05149,0.05258,853273.7
1790755200,0.0525,0.05368,0.05185,0.05324,1242039.3999999999
1790769600,0.05321,0.05366,0.05239,0.0534,931206.8
1790784000,0.0534,0.05358,0.0516,0.05173,785797.3
1790798400,0.05178,0.05218,0.05133,0.05216,679196.3
1790812800,0.05217,0.05569,0.05156,0.05557,1486170.2
1790827200,0.0555,0.0591,0.05386,0.0576,2913030.5
1790841600,0.05754,0.05887,0.05228,0.05306,1119206.2
1790856000,0.05307,0.05307,0.05156,0.05195,710545.7
1790870400,0.05195,0.05233,0.0509,0.05137,779969.9
1790884800,0.05145,0.05158,0.051,0.05126,260122.0
1790899200,0.05122,0.05222,0.04979,0.05057,1524763.6000000001
1790913600,0.05057,0.05248,0.0505,0.0513,1356676.2
1790928000,0.0514,0.05181,0.04953,0.05044,1329859.8
1790942400,0.05035,0.05086,0.05013,0.05065,409216.2
1790956800,0.05068,0.0509,0.04784,0.04784,1414929.6000000001
1790971200,0.04792,0.0488,0.04758,0.04874,428863.6
1790985600,0.04869,0.04894,0.04824,0.04851,405406.8
1791000000,0.04857,0.0496,0.04846,0.0489,389019.1
1791014400,0.04893,0.04997,0.0488,0.04951,429543.7
1791028800,0.0495,0.04978,0.04863,0.04867,351443.5
1791043200,0.04867,0.04871,0.04838,0.04863,303561.0
1791057600,0.04867,0.04938,0.04855,0.0493,297166.3
1791072000,0.0494,0.05076,0.0492,0.05074,1145824.8
1791086400,0.05063,0.05216,0.05063,0.0518,1160908.5
1791100800,0.0518,0.05197,0.05091,0.05098,359381.5
