t,o,h,l,c,v
1745409600,0.021909,0.02462,0.01608,0.019982,403948105.0
1745424000,0.019995,0.025229,0.0198,0.021773,268826486.0
1745438400,0.021757,0.023584,0.018532,0.019353,129237440.0
1745452800,0.019398,0.024174,0.019398,0.024128,121962627.0
1745467200,0.024127,0.026819,0.022654,0.023344,125830238.0
1745481600,0.023344,0.026943,0.022891,0.024049,121382691.0
1745496000,0.024079,0.024418,0.021345,0.02286,93325731.0
1745510400,0.02289,0.035,0.019462,0.02225,362396545.0
1745524800,0.022217,0.023637,0.020982,0.0229,88333139.0
1745539200,0.022899,0.023048,0.02073,0.02164,40432249.0
1745553600,0.02164,0.02164,0.019725,0.020005,50168456.0
1745568000,0.020019,0.021804,0.019827,0.021482,38198407.0
1745582400,0.021527,0.022956,0.019783,0.020182,86615148.0
1745596800,0.020138,0.020789,0.019149,0.020025,44564883.0
1745611200,0.019998,0.020013,0.018785,0.019189,36610927.0
1745625600,0.019206,0.019206,0.017536,0.017578,46437873.0
1745640000,0.017611,0.01781,0.015938,0.01715,77025620.0
1745654400,0.01712,0.017653,0.016161,0.017215,77879548.0
1745668800,0.017211,0.018444,0.016434,0.016814,67234856.0
1745683200,0.016815,0.017679,0.016297,0.017142,66879083.0
1745697600,0.017156,0.01734,0.016553,0.017184,23785790.0
1745712000,0.017189,0.017296,0.01607,0.016657,44287058.0
1745726400,0.016697,0.01703,0.016472,0.017005,33837171.0
1745740800,0.017022,0.017793,0.016717,0.017483,41449660.0
1745755200,0.017317,0.017951,0.016646,0.017038,38370878.0
1745769600,0.017065,0.017204,0.016516,0.016631,26161911.0
1745784000,0.016627,0.017979,0.016627,0.017554,43545680.0
1745798400,0.017512,0.018174,0.016687,0.017755,39257244.0
1745812800,0.017756,0.019021,0.017551,0.018798,28956819.0
1745827200,0.018782,0.01988,0.017677,0.017691,51591771.0
1745841600,0.017735,0.018007,0.01577,0.01667,61141189.0
1745856000,0.016719,0.017479,0.016078,0.016917,42706847.0
1745870400,0.016874,0.016947,0.01655,0.016864,20526192.0
1745884800,0.01689,0.016976,0.015061,0.015792,34203077.0
1745899200,0.015804,0.015809,0.015041,0.015575,23716042.0
1745913600,0.015561,0.015803,0.01513,0.015466,31689921.0
1745928000,0.015467,0.015501,0.014497,0.014932,45209159.0
1745942400,0.014917,0.015839,0.014423,0.015273,36366175.0
1745956800,0.015278,0.01553,0.014798,0.015085,26011265.0
1745971200,0.015127,0.015129,0.012291,0.013991,103369568.0
1745985600,0.014001,0.014245,0.013419,0.013419,42010889.0
1746000000,0.013414,0.013588,0.012621,0.013183,38815526.0
1746014400,0.013135,0.013272,0.012,0.012499,81328443.0
1746028800,0.012519,0.012862,0.011692,0.012529,65580563.0
1746043200,0.012512,0.013588,0.012447,0.013393,31609933.0
1746057600,0.013416,0.013559,0.012723,0.012728,25968723.0
1746072000,0.01275,0.01283,0.012333,0.012642,12887594.0
1746086400,0.01262,0.013398,0.012549,0.013023,22918659.0
1746100800,0.012992,0.014344,0.012895,0.013861,38260994.0
1746115200,0.013836,0.014723,0.013494,0.014149,54495753.0
1746129600,0.014138,0.014138,0.013011,0.013093,22242278.0
1746144000,0.013093,0.013761,0.012301,0.012509,31454622.0
1746158400,0.012508,0.012984,0.01233,0.01258,17083923.0
1746172800,0.012481,0.012667,0.01235,0.01239,14017940.0
1746187200,0.012392,0.012897,0.012328,0.012709,9296695.0
1746201600,0.012695,0.013684,0.012611,0.013516,17621359.0
1746216000,0.013517,0.01375,0.012842,0.013493,10807555.0
1746230400,0.013517,0.013549,0.012743,0.013159,6297152.0
1746244800,0.013149,0.013786,0.013036,0.013245,8855953.0
1746259200,0.013249,0.013764,0.012994,0.013183,8538095.0
1746273600,0.01328,0.01328,0.012549,0.012725,14132430.0
1746288000,0.012733,0.012733,0.012102,0.012394,25996212.0
1746302400,0.012467,0.012613,0.012201,0.012339,5621386.0
1746316800,0.012334,0.012516,0.012133,0.012137,14266076.0
1746331200,0.012147,0.012451,0.012023,0.012195,10516416.0
1746345600,0.012195,0.012529,0.012086,0.012429,4892257.0
1746360000,0.012429,0.012987,0.012268,0.0126,11683573.0
1746374400,0.01259,0.012931,0.012586,0.012756,17303728.0
1746388800,0.012769,0.012817,0.012225,0.012264,16323901.0
1746403200,0.012251,0.012367,0.011684,0.011963,13752535.0
1746417600,0.011963,0.012323,0.011957,0.01227,6416300.0
1746432000,0.012285,0.012431,0.011914,0.012144,9482198.0
1746446400,0.01213,0.012233,0.011566,0.01172,14384496.0
1746460800,0.011766,0.011938,0.011581,0.011787,7173809.0
1746475200,0.011766,0.012084,0.011631,0.011998,6517756.0
1746489600,0.012003,0.012064,0.011407,0.0117,11454908.0
1746504000,0.011686,0.011797,0.011631,0.011704,5133506.0
1746518400,0.011688,0.011688,0.011042,0.011153,12653651.0
1746532800,0.011175,0.011231,0.010826,0.01088,12080678.0
1746547200,0.010891,0.010891,0.009599,0.010134,19691275.0
1746561600,0.010118,0.01032,0.00973,0.010054,24478084.0
1746576000,0.010042,0.010374,0.009897,0.010146,21446509.0
1746590400,0.010158,0.010371,0.009941,0.010371,15814066.0
1746604800,0.010348,0.0104,0.009977,0.010034,10842181.0
1746619200,0.010073,0.010276,0.010011,0.010041,17662293.0
1746633600,0.010047,0.010102,0.009005,0.009034,27387390.0
1746648000,0.0091,0.009237,0.008807,0.009074,30327709.0
1746662400,0.009071,0.009571,0.008721,0.009571,61945399.0
1746676800,0.009577,0.010189,0.009519,0.009764,39732232.0
1746691200,0.009765,0.010064,0.009571,0.009603,21180671.0
1746705600,0.009577,0.010121,0.009555,0.00998,27677378.0
1746720000,0.010002,0.010812,0.009914,0.010526,25994698.0
1746734400,0.01051,0.01063,0.010156,0.010233,16934273.0
1746748800,0.010226,0.010898,0.009899,0.010089,33688007.0
1746763200,0.010045,0.010398,0.00978,0.010217,20234064.0
1746777600,0.010218,0.012077,0.010143,0.011556,62739584.0
1746792000,0.011537,0.012076,0.010532,0.010671,42541586.0
1746806400,0.010666,0.010728,0.010321,0.010559,13880922.0
1746820800,0.01056,0.010707,0.010017,0.010123,17205342.0
1746835200,0.010147,0.010483,0.010057,0.0103,10306064.0
1746849600,0.010305,0.010545,0.010204,0.010484,4408797.0
1746864000,0.010472,0.010591,0.010105,0.010239,10309335.0
1746878400,0.010254,0.010537,0.010156,0.010216,7197239.0
1746892800,0.010242,0.010605,0.010185,0.010495,23558262.0
1746907200,0.010508,0.011088,0.010364,0.01097,11135527.0
1746921600,0.011213,0.011975,0.010782,0.011599,21531431.0
1746936000,0.011634,0.012712,0.01109,0.011467,17081306.0
1746950400,0.011473,0.012375,0.011287,0.012375,9049018.0
1746964800,0.012347,0.013877,0.011907,0.013186,41325292.0
1746979200,0.013121,0.014672,0.012971,0.013093,55642804.0
1746993600,0.01305,0.013551,0.012909,0.013463,10388332.0
1747008000,0.013463,0.013882,0.012111,0.012332,20457164.0
1747022400,0.012325,0.013003,0.011469,0.012847,27904026.0
1747036800,0.012784,0.012933,0.01219,0.012367,9246214.0
1747051200,0.012373,0.013084,0.012053,0.012211,18009837.0
1747065600,0.012227,0.013092,0.011499,0.011863,31749255.0
1747080000,0.011874,0.01242,0.011627,0.011991,20443737.0
1747094400,0.011991,0.012234,0.011127,0.01127,20326527.0
1747108800,0.011284,0.011745,0.011218,0.01166,8974100.0
1747123200,0.011662,0.011768,0.011444,0.011655,7174268.0
1747137600,0.011655,0.012374,0.011312,0.011646,33754850.0
1747152000,0.011627,0.01303,0.011623,0.012617,24632537.0
1747166400,0.012652,0.01302,0.012397,0.012417,16758161.0
1747180800,0.012409,0.012505,0.011841,0.012026,15784034.0
1747195200,0.012018,0.012878,0.011888,0.012238,8101599.0
1747209600,0.012221,0.012771,0.011831,0.012659,8240959.0
1747224000,0.012691,0.013452,0.011899,0.012217,27956216.0
1747238400,0.012272,0.012337,0.011757,0.011889,21450546.0
1747252800,0.011879,0.011907,0.011304,0.011656,11364696.0
1747267200,0.011658,0.011794,0.011465,0.011603,6872916.0
1747281600,0.011617,0.012074,0.010574,0.010574,15328735.0
1747296000,0.010598,0.010977,0.010277,0.010496,19579353.0
1747310400,0.010494,0.010841,0.010371,0.010825,9152335.0
1747324800,0.010797,0.011189,0.010507,0.010622,20317907.0
1747339200,0.010603,0.010689,0.010374,0.010542,7151061.0
1747353600,0.010572,0.010999,0.010548,0.010924,12672221.0
1747368000,0.010895,0.010999,0.01063,0.010821,9117902.0
1747382400,0.010801,0.010923,0.010309,0.010495,12369450.0
1747396800,0.010485,0.010672,0.010383,0.010555,13824466.0
1747411200,0.01055,0.010554,0.010311,0.010473,18295555.0
1747425600,0.010477,0.010477,0.009691,0.009741,17730703.0
1747440000,0.009741,0.009783,0.009039,0.009409,17939432.0
1747454400,0.009424,0.009645,0.009298,0.009383,7002038.0
1747468800,0.009391,0.009424,0.009152,0.009405,5833208.0
1747483200,0.009401,0.009467,0.009176,0.009346,8651070.0
1747497600,0.009351,0.009423,0.009117,0.009213,7795071.0
1747512000,0.009213,0.009411,0.009188,0.009356,7309931.0
1747526400,0.00931,0.009567,0.009102,0.009501,6290362.0
1747540800,0.009507,0.009936,0.009487,0.00966,11682649.0
1747555200,0.00966,0.009863,0.009617,0.009622,7970892.0
1747569600,0.009622,0.010193,0.009533,0.010089,7876401.0
1747584000,0.010083,0.010141,0.009284,0.009313,12892665.0
1747598400,0.009302,0.01004,0.009152,0.009911,10482901.0
1747612800,0.009882,0.009943,0.009504,0.009563,8145755.0
1747627200,0.009577,0.00972,0.009174,0.009256,14456878.0
1747641600,0.009263,0.009322,0.009012,0.009297,5683385.0
1747656000,0.009275,0.010025,0.009115,0.009535,16248316.0
1747670400,0.009512,0.010126,0.009308,0.009962,40194435.0
1747684800,0.009998,0.010572,0.009843,0.010466,22816369.0
1747699200,0.010449,0.011148,0.010071,0.010376,37423226.0
1747713600,0.010366,0.01049,0.009896,0.010018,8578208.0
1747728000,0.010018,0.010177,0.009757,0.009826,6156331.0
1747742400,0.009846,0.009957,0.009676,0.009764,9685967.0
1747756800,0.009749,0.009895,0.009615,0.009865,10115837.0
1747771200,0.00985,0.010076,0.009752,0.00998,6605368.0
1747785600,0.009985,0.01004,0.009745,0.009975,8182441.0
1747800000,0.009974,0.010462,0.009973,0.010079,15028201.0
1747814400,0.010066,0.010074,0.009626,0.00979,9338373.0
1747828800,0.00979,0.01032,0.009716,0.010296,13358511.0
1747843200,0.010292,0.010463,0.009671,0.009918,19849781.0
1747857600,0.009918,0.010138,0.009777,0.01011,6047071.0
1747872000,0.010105,0.010501,0.009939,0.010501,8563011.0
1747886400,0.010387,0.010392,0.010002,0.010341,7589712.0
1747900800,0.010326,0.010951,0.010303,0.01056,13648644.0
1747915200,0.010554,0.010554,0.01019,0.010486,13282157.0
1747929600,0.010472,0.01116,0.010251,0.010736,14174711.0
1747944000,0.010773,0.010905,0.010541,0.010831,11149745.0
1747958400,0.010828,0.011031,0.010659,0.010941,13571606.0
1747972800,0.010958,0.01114,0.010529,0.01059,13598953.0
1747987200,0.010603,0.010948,0.010147,0.010271,15327301.0
1748001600,0.01028,0.010405,0.009996,0.010052,22335901.0
1748016000,0.010061,0.010157,0.009853,0.009982,5793565.0
1748030400,0.009973,0.009989,0.009601,0.009675,17209776.0
1748044800,0.009656,0.010074,0.009656,0.009944,5743318.0
1748059200,0.009954,0.010087,0.009774,0.009873,4652565.0
1748073600,0.009873,0.010247,0.009814,0.010221,7716182.0
1748088000,0.010218,0.010247,0.010049,0.010148,6129999.0
1748102400,0.010146,0.010428,0.010085,0.010152,5470488.0
1748116800,0.010177,0.010177,0.009734,0.009993,6647632.0
1748131200,0.009993,0.010228,0.009952,0.01007,10881927.0
1748145600,0.010078,0.010305,0.009894,0.009914,12062169.0
1748160000,0.009914,0.009988,0.009805,0.009898,10448419.0
1748174400,0.009875,0.009877,0.009348,0.009416,9881325.0
1748188800,0.00943,0.009779,0.009299,0.009636,4450187.0
1748203200,0.009631,0.010912,0.009569,0.010587,33470876.0
1748217600,0.01085,0.014003,0.010435,0.013067,102342662.0
1748232000,0.012972,0.013331,0.011993,0.012204,67502026.0
1748246400,0.012216,0.012303,0.010579,0.01075,19754000.0
1748260800,0.010757,0.0116,0.010491,0.011306,18405062.0
1748275200,0.011238,0.011789,0.011002,0.011227,19808381.0
1748289600,0.011207,0.011598,0.011081,0.011343,13731723.0
1748304000,0.011338,0.011421,0.01059,0.010786,9495338.0
1748318400,0.010796,0.011042,0.010645,0.011023,5300835.0
1748332800,0.011,0.011,0.010618,0.010761,12908232.0
1748347200,0.010746,0.010996,0.010627,0.010673,7306928.0
1748361600,0.010668,0.010861,0.010555,0.010604,27716588.0
1748376000,0.010575,0.010725,0.010347,0.010528,10177032.0
1748390400,0.010538,0.010769,0.010504,0.010573,6494406.0
1748404800,0.010573,0.010617,0.01035,0.01039,3391209.0
1748419200,0.010392,0.010395,0.010029,0.010182,3408714.0
1748433600,0.0102,0.010416,0.010036,0.010057,6485076.0
1748448000,0.01007,0.010362,0.01006,0.010168,6749451.0
1748462400,0.010168,0.010326,0.010117,0.010313,5055971.0
1748476800,0.010313,0.010753,0.010227,0.010407,15313853.0
1748491200,0.010414,0.010414,0.01015,0.010314,6315335.0
1748505600,0.010315,0.010878,0.01029,0.010667,6683439.0
1748520000,0.010663,0.011697,0.010472,0.010975,16251135.0
1748534400,0.010993,0.011538,0.010879,0.011255,16199561.0
1748548800,0.011255,0.011509,0.010969,0.011166,13187437.0
1748563200,0.01116,0.011399,0.01029,0.010625,28502217.0
1748577600,0.010625,0.010733,0.010277,0.0103,5680641.0
1748592000,0.010288,0.010354,0.010085,0.010179,8071183.0
1748606400,0.010179,0.010295,0.009734,0.00989,6467293.0
1748620800,0.009852,0.010034,0.009645,0.009788,5551976.0
1748635200,0.009792,0.00986,0.009505,0.009617,7595492.0
1748649600,0.009612,0.009612,0.009099,0.009292,6562057.0
1748664000,0.009303,0.009667,0.009228,0.009564,9172595.0
1748678400,0.009539,0.009565,0.009258,0.009263,6190093.0
1748692800,0.009253,0.009567,0.009253,0.009321,4895101.0
1748707200,0.009317,0.009496,0.009317,0.009475,3885809.0
1748721600,0.00948,0.009642,0.009423,0.009459,3502871.0
1748736000,0.009456,0.009464,0.00927,0.009375,3766787.0
1748750400,0.009364,0.009578,0.00936,0.009525,2940477.0
1748764800,0.009521,0.009571,0.009336,0.00938,4120649.0
1748779200,0.009375,0.009648,0.009269,0.009496,2689207.0
1748793600,0.009495,0.009652,0.009493,0.009573,3526389.0
1748808000,0.009573,0.009955,0.009501,0.009872,13048812.0
1748822400,0.009879,0.010014,0.00963,0.009675,16147808.0
1748836800,0.00967,0.00973,0.009529,0.009608,5052674.0
1748851200,0.009618,0.009685,0.00923,0.009277,6383405.0
1748865600,0.009275,0.009401,0.009242,0.009323,6451401.0
1748880000,0.009325,0.00943,0.009264,0.009363,9168481.0
1748894400,0.009356,0.009618,0.009356,0.009603,6613747.0
1748908800,0.009592,0.009649,0.009429,0.009588,8818040.0
1748923200,0.009585,0.009806,0.009324,0.009776,6395226.0
1748937600,0.009761,0.00996,0.009664,0.009954,7358213.0
1748952000,0.00995,0.010564,0.009908,0.010551,10137236.0
1748966400,0.010546,0.010546,0.010229,0.010411,6730284.0
1748980800,0.010411,0.010411,0.010032,0.010069,7493981.0
1748995200,0.010057,0.010523,0.009934,0.010471,9966105.0
1749009600,0.010461,0.011479,0.010384,0.011128,9014310.0
1749024000,0.011102,0.011684,0.010901,0.011581,9199957.0
1749038400,0.011687,0.012129,0.011375,0.011645,30873124.0
1749052800,0.011626,0.013,0.011548,0.012092,75730047.0
1749067200,0.012056,0.012666,0.011736,0.011963,43754794.0
1749081600,0.011975,0.012005,0.01077,0.010948,40692317.0
1749096000,0.010948,0.01095,0.010455,0.010577,27185590.0
1749110400,0.010581,0.010881,0.010486,0.010626,13175864.0
1749124800,0.010628,0.011046,0.010521,0.010886,25005657.0
1749139200,0.010866,0.011192,0.010708,0.011045,23267179.0
1749153600,0.011034,0.011085,0.010067,0.010243,20625201.0
1749168000,0.010211,0.010492,0.010135,0.010483,13433394.0
1749182400,0.010467,0.010474,0.01008,0.01008,4598467.0
1749196800,0.010068,0.010254,0.01004,0.010221,1811640.0
1749211200,0.010213,0.010618,0.010074,0.010336,11515546.0
1749225600,0.01038,0.010449,0.009765,0.009936,9291186.0
1749240000,0.009939,0.010237,0.009903,0.010116,2751468.0
1749254400,0.010119,0.01066,0.010071,0.010459,8224090.0
1749268800,0.010473,0.010739,0.010395,0.010662,3681137.0
1749283200,0.010665,0.011038,0.010546,0.010782,2565134.0
1749297600,0.010791,0.010934,0.010626,0.010743,3815233.0
1749312000,0.010743,0.01075,0.010297,0.010537,4567847.0
1749326400,0.010533,0.010903,0.010532,0.010756,7928940.0
1749340800,0.010748,0.010748,0.010456,0.010533,3025751.0
1749355200,0.010502,0.010573,0.010404,0.010419,1184195.0
1749369600,0.01044,0.010462,0.010255,0.010385,735623.0
1749384000,0.010372,0.010532,0.010288,0.010408,2229218.0
1749398400,0.010419,0.010702,0.010375,0.010616,3905123.0
1749412800,0.010596,0.01086,0.010263,0.0103,11974874.0
1749427200,0.010279,0.010781,0.010275,0.010516,10153664.0
1749441600,0.01052,0.010537,0.010071,0.010139,1554880.0
1749456000,0.010141,0.01074,0.010052,0.010635,13589101.0
1749470400,0.010628,0.011044,0.010623,0.010762,16046689.0
1749484800,0.010737,0.01117,0.010662,0.010916,7312826.0
1749499200,0.010868,0.011368,0.010858,0.011314,6297805.0
1749513600,0.011319,0.01153,0.011065,0.011231,7407328.0
1749528000,0.011193,0.011502,0.010866,0.010965,7141774.0
1749542400,0.010965,0.01099,0.010774,0.010848,9911040.0
1749556800,0.0109,0.01125,0.010788,0.011059,13975030.0
1749571200,0.011075,0.011083,0.010574,0.010631,7940647.0
1749585600,0.010628,0.010879,0.010526,0.01087,6383146.0
1749600000,0.010885,0.010941,0.010617,0.010807,2817888.0
1749614400,0.010777,0.011029,0.010722,0.010773,1062226.0
1749628800,0.010739,0.010817,0.010178,0.01035,4316315.0
1749643200,0.010313,0.01072,0.010259,0.010675,5255893.0
1749657600,0.010664,0.010693,0.010179,0.010193,7298535.0
1749672000,0.010154,0.010416,0.010009,0.010206,6385174.0
1749686400,0.010203,0.010292,0.009918,0.009918,5098410.0
1749700800,0.009919,0.009942,0.00953,0.009553,3538362.0
1749715200,0.00956,0.009583,0.009315,0.009467,8446408.0
1749729600,0.009455,0.009558,0.00926,0.00926,4468586.0
1749744000,0.009272,0.009408,0.009022,0.0092,13816347.0
1749758400,0.0092,0.009209,0.008944,0.009153,7615404.0
1749772800,0.00914,0.00914,0.008286,0.008725,10404406.0
1749787200,0.008703,0.008703,0.008357,0.008512,4312818.0
1749801600,0.008487,0.00859,0.008474,0.008561,2681777.0
1749816000,0.008592,0.00872,0.008535,0.008677,7419201.0
1749830400,0.008681,0.008762,0.008378,0.008433,10416116.0
1749844800,0.008475,0.008742,0.008431,0.008721,7983091.0
1749859200,0.008724,0.008724,0.008619,0.008656,5087800.0
1749873600,0.008644,0.008711,0.008605,0.008677,1657737.0
1749888000,0.008671,0.008749,0.008643,0.008749,912993.0
1749902400,0.008731,0.009028,0.00873,0.008853,4153618.0
1749916800,0.008842,0.008843,0.008687,0.008697,936019.0
1749931200,0.008633,0.008816,0.008621,0.008816,916159.0
1749945600,0.008802,0.009067,0.008756,0.008943,13567472.0
1749960000,0.008943,0.009194,0.008939,0.009057,3412872.0
1749974400,0.008998,0.008998,0.008728,0.008749,15704250.0
1749988800,0.008746,0.008852,0.008646,0.008736,4914674.0
1750003200,0.008716,0.008796,0.008713,0.008742,3056633.0
1750017600,0.008741,0.008767,0.008521,0.008765,2687706.0
1750032000,0.008756,0.008967,0.008678,0.008887,5946835.0
1750046400,0.008872,0.009102,0.008868,0.009102,506757.0
1750060800,0.009106,0.009106,0.008919,0.00904,11414434.0
1750075200,0.009035,0.009049,0.008927,0.009049,3732186.0
1750089600,0.009004,0.00912,0.008991,0.009035,2704495.0
1750104000,0.009046,0.009068,0.008574,0.008574,6088885.0
1750118400,0.008559,0.008745,0.008458,0.008724,4456488.0
1750132800,0.008717,0.008724,0.008469,0.008503,5745506.0
1750147200,0.008488,0.00849,0.008252,0.008312,4870271.0
1750161600,0.008307,0.008409,0.008066,0.008105,6428274.0
1750176000,0.008113,0.008226,0.007866,0.008156,8556497.0
1750190400,0.00815,0.00815,0.007929,0.008012,3272840.0
1750204800,0.008001,0.008158,0.007963,0.008123,9965975.0
1750219200,0.008136,0.008226,0.008129,0.008218,1394864.0
1750233600,0.008219,0.008233,0.00794,0.008002,1977397.0
1750248000,0.008003,0.008075,0.007787,0.008032,5648653.0
1750262400,0.008002,0.008033,0.007808,0.007808,2456405.0
1750276800,0.007827,0.007995,0.007763,0.007934,12655664.0
1750291200,0.007935,0.008064,0.007829,0.007934,9750797.0
1750305600,0.007937,0.007996,0.007848,0.007848,2660055.0
1750320000,0.007859,0.008057,0.0078,0.00804,4576226.0
1750334400,0.008066,0.008229,0.007848,0.007885,3724823.0
1750348800,0.007881,0.008314,0.007814,0.008158,3199296.0
1750363200,0.008139,0.008148,0.008008,0.008038,3998574.0
1750377600,0.008038,0.008176,0.008032,0.008068,1658166.0
1750392000,0.008078,0.008243,0.008004,0.008242,1163043.0
1750406400,0.008237,0.008509,0.008168,0.008427,4287202.0
1750420800,0.008421,0.00843,0.008141,0.008214,8137712.0
1750435200,0.008199,0.00883,0.008053,0.008708,22693527.0
1750449600,0.008705,0.009026,0.008636,0.008707,13869214.0
1750464000,0.008708,0.009023,0.008496,0.008789,13816341.0
1750478400,0.008797,0.008892,0.008647,0.00868,8755261.0
1750492800,0.00868,0.008743,0.008423,0.008517,4977338.0
1750507200,0.008511,0.008581,0.008207,0.008246,3499093.0
1750521600,0.008239,0.008287,0.008066,0.008079,6919045.0
1750536000,0.008085,0.008357,0.007952,0.008327,13225131.0
1750550400,0.00837,0.008557,0.008312,0.008422,17392016.0
1750564800,0.008416,0.008902,0.008371,0.008636,20064579.0
1750579200,0.008629,0.008631,0.008319,0.00832,3876379.0
1750593600,0.008301,0.008338,0.007933,0.00794,6888898.0
1750608000,0.00794,0.008138,0.007927,0.008024,4667908.0
1750622400,0.008015,0.008352,0.007847,0.00835,5945943.0
1750636800,0.008335,0.008639,0.008302,0.008596,5587744.0
1750651200,0.008585,0.008608,0.0084,0.008485,2494219.0
1750665600,0.008476,0.008579,0.008448,0.008533,2509049.0
1750680000,0.008502,0.008827,0.008257,0.008257,14906595.0
1750694400,0.008171,0.008413,0.00786,0.008311,18373202.0
1750708800,0.008297,0.008915,0.008297,0.008813,20194978.0
1750723200,0.008852,0.008852,0.008736,0.008821,1279981.0
1750737600,0.008823,0.008927,0.008714,0.008714,1237275.0
1750752000,0.0087,0.008729,0.008634,0.008634,3322586.0
1750766400,0.008653,0.009107,0.008578,0.0088,7135207.0
1750780800,0.00881,0.00897,0.008701,0.008723,5145041.0
1750795200,0.008736,0.008736,0.008651,0.008713,2523802.0
1750809600,0.008704,0.008797,0.008672,0.008672,1533073.0
1750824000,0.008648,0.008659,0.008352,0.008454,1732756.0
1750838400,0.008427,0.008507,0.008324,0.008494,5091885.0
1750852800,0.00848,0.008571,0.008282,0.008282,5865511.0
1750867200,0.008278,0.008319,0.008183,0.008256,1992293.0
1750881600,0.008269,0.008353,0.008203,0.00833,5329269.0
1750896000,0.008313,0.008709,0.008313,0.008455,2528700.0
1750910400,0.00845,0.008586,0.008428,0.008542,1676991.0
1750924800,0.008542,0.008619,0.008384,0.008415,1698485.0
1750939200,0.00841,0.00841,0.008079,0.008114,3725133.0
1750953600,0.008096,0.008207,0.008068,0.008207,4201126.0
1750968000,0.008187,0.008343,0.008168,0.008251,2637109.0
1750982400,0.008233,0.008721,0.008132,0.008433,7359005.0
1750996800,0.008416,0.008425,0.00826,0.008326,6261133.0
1751011200,0.008314,0.008704,0.008263,0.008547,3904375.0
1751025600,0.008555,0.008611,0.008293,0.008384,1702189.0
1751040000,0.008382,0.008582,0.008322,0.008369,575626.0
1751054400,0.008385,0.008609,0.008385,0.008515,6298324.0
1751068800,0.008507,0.008681,0.008431,0.00848,942798.0
1751083200,0.008457,0.008519,0.008313,0.00851,10617368.0
1751097600,0.008479,0.008541,0.008429,0.0085,1381210.0
1751112000,0.008502,0.008815,0.008483,0.008795,6350427.0
1751126400,0.008811,0.008816,0.008605,0.008692,2871582.0
1751140800,0.008703,0.008715,0.008543,0.008551,788691.0
1751155200,0.008555,0.008834,0.008534,0.008819,5342869.0
1751169600,0.008816,0.008848,0.008687,0.008791,3464013.0
1751184000,0.008825,0.008855,0.008679,0.008697,1281468.0
1751198400,0.008683,0.008764,0.008586,0.008599,8883861.0
1751212800,0.008591,0.008811,0.008533,0.00871,4462217.0
1751227200,0.00871,0.008941,0.00869,0.008862,13888722.0
1751241600,0.008869,0.008941,0.00871,0.008715,4635497.0
1751256000,0.008715,0.008723,0.008385,0.008453,3800219.0
1751270400,0.008448,0.008533,0.008226,0.008444,16045845.0
1751284800,0.008422,0.008543,0.008155,0.008409,10560789.0
1751299200,0.008376,0.008487,0.008333,0.008466,5977215.0
1751313600,0.008478,0.008502,0.008323,0.008475,1647603.0
1751328000,0.008462,0.008528,0.008374,0.008459,8275141.0
1751342400,0.008443,0.008444,0.008318,0.008372,2292717.0
1751356800,0.008362,0.008362,0.008257,0.008283,880373.0
1751371200,0.008264,0.008339,0.008186,0.008299,4485594.0
1751385600,0.008295,0.008295,0.008127,0.008216,1469686.0
1751400000,0.00819,0.008201,0.007991,0.008031,19103558.0
1751414400,0.008024,0.008235,0.008014,0.008187,4707073.0
1751428800,0.008164,0.00826,0.008156,0.008244,993981.0
1751443200,0.008248,0.008316,0.008159,0.008184,1379146.0
1751457600,0.008198,0.008487,0.008152,0.008487,3619336.0
1751472000,0.008483,0.008812,0.008483,0.008689,13399331.0
1751486400,0.008673,0.008685,0.008434,0.008458,4754305.0
1751500800,0.00848,0.008554,0.008436,0.008469,1392550.0
1751515200,0.008453,0.008645,0.008448,0.00862,3880060.0
1751529600,0.008617,0.008617,0.008513,0.008593,1194129.0
1751544000,0.008583,0.00862,0.008426,0.008433,6099064.0
1751558400,0.008418,0.008573,0.008408,0.008572,1536718.0
1751572800,0.008564,0.008632,0.008522,0.008524,4641493.0
1751587200,0.008538,0.008562,0.008463,0.008491,2132345.0
1751601600,0.008494,0.008607,0.008028,0.00816,16873576.0
1751616000,0.008204,0.008233,0.008143,0.008196,2137310.0
1751630400,0.008197,0.008234,0.007914,0.008062,20368262.0
1751644800,0.008056,0.008056,0.007957,0.00802,2086566.0
1751659200,0.00802,0.008172,0.007959,0.0081,2312387.0
1751673600,0.008087,0.008168,0.008067,0.008164,842239.0
1751688000,0.008151,0.008175,0.008121,0.008141,466444.0
1751702400,0.008121,0.008151,0.00804,0.008133,1511660.0
1751716800,0.008105,0.008126,0.008067,0.008092,1039724.0
1751731200,0.008083,0.008121,0.007978,0.008037,1073634.0
1751745600,0.008022,0.008106,0.008022,0.008076,1434144.0
1751760000,0.008081,0.008165,0.008039,0.008165,1117265.0
1751774400,0.008145,0.008155,0.008078,0.008084,1126250.0
1751788800,0.008085,0.008123,0.008053,0.008109,2395262.0
1751803200,0.008108,0.008273,0.008074,0.008264,3085140.0
1751817600,0.008259,0.008293,0.008178,0.008209,1744629.0
1751832000,0.008222,0.008383,0.008214,0.008311,1382288.0
1751846400,0.008296,0.00834,0.008261,0.008314,2061931.0
1751860800,0.008271,0.008274,0.008123,0.008202,1810806.0
1751875200,0.008206,0.008227,0.008121,0.008199,2392577.0
1751889600,0.008186,0.008262,0.008118,0.008203,5649608.0
1751904000,0.00819,0.008193,0.007887,0.007973,4774792.0
1751918400,0.007959,0.007969,0.007897,0.007969,1911067.0
1751932800,0.007953,0.007972,0.00788,0.007925,6863073.0
1751947200,0.007927,0.008041,0.007896,0.007981,8218213.0
1751961600,0.007961,0.00803,0.007926,0.00802,2417397.0
1751976000,0.008018,0.008083,0.007956,0.007962,4204447.0
1751990400,0.007959,0.008311,0.007956,0.008142,13093182.0
1752004800,0.008133,0.008133,0.007892,0.008019,10142763.0
1752019200,0.008016,0.008092,0.007935,0.00797,7394380.0
1752033600,0.007987,0.008158,0.007956,0.008158,2852360.0
1752048000,0.008135,0.008223,0.008111,0.008149,2012555.0
1752062400,0.008142,0.008201,0.007944,0.008037,13779113.0
1752076800,0.008039,0.0081,0.007963,0.008093,1819817.0
1752091200,0.008092,0.008192,0.008048,0.008177,3680133.0
1752105600,0.008172,0.008569,0.008172,0.008251,13078606.0
1752120000,0.008261,0.008415,0.008251,0.008368,12066155.0
1752134400,0.008378,0.008501,0.008298,0.008475,9404217.0
1752148800,0.008469,0.008472,0.008348,0.008429,4776366.0
1752163200,0.008421,0.008604,0.008392,0.00855,5136763.0
1752177600,0.008553,0.008766,0.008512,0.008708,6726565.0
1752192000,0.008702,0.008939,0.008578,0.008939,5614983.0
1752206400,0.008926,0.00973,0.008889,0.009665,20985447.0
1752220800,0.009663,0.009665,0.009257,0.009293,7779445.0
1752235200,0.009328,0.009354,0.00914,0.009147,1970300.0
1752249600,0.009128,0.009502,0.009094,0.009427,3528099.0
1752264000,0.00937,0.009438,0.008598,0.008935,9546076.0
1752278400,0.008926,0.008961,0.008816,0.008908,2556454.0
1752292800,0.008901,0.008913,0.0087,0.008724,2512537.0
1752307200,0.00871,0.008735,0.008455,0.00855,8984435.0
1752321600,0.008488,0.008524,0.007994,0.00812,7260829.0
1752336000,0.008118,0.008436,0.008071,0.008436,5312897.0
1752350400,0.008422,0.008433,0.008263,0.008428,3645131.0
1752364800,0.008428,0.008454,0.008333,0.008388,3320395.0
1752379200,0.008385,0.00864,0.008376,0.008464,7988386.0
1752393600,0.008468,0.008624,0.008394,0.008621,1702165.0
1752408000,0.008613,0.008972,0.008444,0.008885,8043720.0
1752422400,0.008885,0.009828,0.008794,0.009732,13192254.0
1752436800,0.009705,0.010304,0.009366,0.009876,30604976.0
1752451200,0.009866,0.01215,0.009776,0.01122,35029481.0
1752465600,0.011194,0.012234,0.011077,0.011892,27524037.0
1752480000,0.011918,0.012462,0.011663,0.012153,42657314.0
1752494400,0.01216,0.012641,0.0109,0.011096,48878324.0
1752508800,0.011095,0.012286,0.010976,0.011402,31823248.0
1752523200,0.011405,0.011902,0.011311,0.011806,11557020.0
1752537600,0.011809,0.012418,0.011309,0.012283,23869220.0
1752552000,0.012318,0.012583,0.011911,0.012115,10070631.0
1752566400,0.012074,0.012094,0.011317,0.011418,6841889.0
1752580800,0.011471,0.011533,0.010515,0.010913,17568142.0
1752595200,0.010912,0.01157,0.010867,0.011124,6173452.0
1752609600,0.011097,0.011313,0.010894,0.011189,3975016.0
1752624000,0.011191,0.011199,0.010742,0.010974,8135241.0
1752638400,0.010979,0.011468,0.01093,0.011251,9097876.0
1752652800,0.011243,0.011686,0.010963,0.011615,5524104.0
1752667200,0.011616,0.012526,0.011551,0.012417,16705865.0
1752681600,0.012415,0.012997,0.012142,0.012867,7195321.0
1752696000,0.012821,0.015142,0.012394,0.012654,55965839.0
1752710400,0.01265,0.014366,0.01265,0.013158,21631528.0
1752724800,0.013183,0.014178,0.013011,0.013805,8584652.0
1752739200,0.013843,0.014258,0.013337,0.013559,10094356.0
1752753600,0.013534,0.013736,0.012401,0.012507,12035088.0
1752768000,0.012477,0.01261,0.011902,0.011908,8503970.0
1752782400,0.011916,0.012339,0.011735,0.011933,5046885.0
1752796800,0.011913,0.012157,0.011486,0.011815,5460618.0
1752811200,0.011817,0.012647,0.011769,0.012058,8511108.0
1752825600,0.012088,0.012408,0.011708,0.012317,5797479.0
1752840000,0.012274,0.012521,0.011265,0.01139,10948687.0
1752854400,0.011393,0.011462,0.010938,0.01103,4205612.0
1752868800,0.011,0.011193,0.01082,0.011183,2876033.0
1752883200,0.011173,0.011401,0.010921,0.011366,2410945.0
1752897600,0.011356,0.011401,0.010775,0.010825,8333595.0
1752912000,0.010807,0.011484,0.010779,0.011484,2992617.0
1752926400,0.01149,0.011639,0.011141,0.011639,2762314.0
1752940800,0.011605,0.011643,0.011302,0.011582,2354781.0
1752955200,0.011582,0.012204,0.011506,0.012204,2334563.0
1752969600,0.012146,0.012397,0.012001,0.012057,3580139.0
1752984000,0.012039,0.0169,0.011929,0.015697,59651556.0
1752998400,0.015731,0.016825,0.015332,0.016599,28582736.0
1753012800,0.016529,0.022531,0.016345,0.021394,133790018.0
1753027200,0.021299,0.022283,0.019016,0.02131,74531615.0
1753041600,0.021248,0.021704,0.019501,0.020376,64601154.0
1753056000,0.020116,0.022066,0.019526,0.02113,31965062.0
1753070400,0.021074,0.023359,0.021021,0.02305,42101274.0
1753084800,0.022939,0.025253,0.020985,0.021702,57110848.0
1753099200,0.021664,0.029317,0.021326,0.028705,81127818.0
1753113600,0.02866,0.029502,0.02563,0.02575,53168944.0
1753128000,0.025781,0.027508,0.025454,0.026858,17067346.0
1753142400,0.026854,0.026854,0.024149,0.024477,23625600.0
1753156800,0.024468,0.027162,0.024105,0.025329,36632265.0
1753171200,0.025315,0.025533,0.021817,0.022903,78436675.0
1753185600,0.022947,0.024317,0.02201,0.022161,45706461.0
1753200000,0.022198,0.028099,0.021679,0.027858,63367534.0
1753214400,0.027683,0.042898,0.027492,0.038734,156311616.0
1753228800,0.038824,0.04398,0.035757,0.041311,69504897.0
1753243200,0.041251,0.04391,0.037054,0.037398,33487107.0
1753257600,0.037406,0.04151,0.03649,0.040147,35517363.0
1753272000,0.039969,0.05504,0.038155,0.051188,108061170.0
1753286400,0.051228,0.060355,0.045727,0.049094,143540316.0
1753300800,0.049126,0.053664,0.044588,0.052082,65286016.0
1753315200,0.05238,0.052389,0.04453,0.044946,28501434.0
1753329600,0.044927,0.047181,0.0401,0.046994,60108464.0
1753344000,0.046869,0.057055,0.045679,0.047768,43859303.0
1753358400,0.047804,0.057125,0.045645,0.054024,65561154.0
1753372800,0.054332,0.058786,0.049181,0.051736,31315344.0
1753387200,0.052239,0.053,0.047118,0.047794,21519574.0
1753401600,0.047719,0.049501,0.043377,0.04864,32976284.0
1753416000,0.048265,0.048924,0.0461,0.046741,11650337.0
1753430400,0.046697,0.053,0.039565,0.040227,60401230.0
1753444800,0.040237,0.048585,0.038814,0.04305,89064421.0
1753459200,0.043077,0.049093,0.042,0.044582,34540126.0
1753473600,0.044553,0.04878,0.043493,0.044717,28818349.0
1753488000,0.044683,0.047193,0.042859,0.046539,23337413.0
1753502400,0.046787,0.056997,0.046185,0.053511,49114739.0
1753516800,0.053671,0.058731,0.0524,0.0574,20747528.0
1753531200,0.057527,0.064878,0.0555,0.061373,74217276.0
1753545600,0.061373,0.067135,0.058611,0.066312,67480486.0
1753560000,0.06626,0.079435,0.065226,0.078523,170092424.0
1753574400,0.07827,0.084526,0.069404,0.073844,156177615.0
1753588800,0.073693,0.083827,0.072123,0.07959,75050077.0
1753603200,0.079247,0.082576,0.074801,0.077012,48882727.0
1753617600,0.076904,0.095,0.072983,0.091348,220322015.0
1753632000,0.091555,0.097778,0.087516,0.096946,162366984.0
1753646400,0.096946,0.097424,0.084051,0.085372,90646041.0
1753660800,0.085254,0.093061,0.080556,0.092559,66608334.0
1753675200,0.092674,0.093778,0.082136,0.082875,40854294.0
1753689600,0.082513,0.086487,0.081077,0.085768,52899454.0
1753704000,0.085781,0.090745,0.080033,0.084205,79732919.0
1753718400,0.083987,0.083987,0.073789,0.075675,93958154.0
1753732800,0.075763,0.079666,0.073786,0.076351,73181273.0
1753747200,0.07637,0.08086,0.0725,0.080517,47908831.0
1753761600,0.080617,0.087019,0.078215,0.08399,50058176.0
1753776000,0.083963,0.0887,0.076694,0.077181,35799733.0
1753790400,0.07718,0.079658,0.074933,0.077159,40489020.0
1753804800,0.077134,0.088313,0.076712,0.086147,31859196.0
1753819200,0.086121,0.095865,0.082545,0.092274,75386218.0
1753833600,0.092339,0.094458,0.086073,0.086801,49464254.0
1753848000,0.086827,0.088295,0.080481,0.081095,43459148.0
1753862400,0.081149,0.081383,0.076501,0.078794,29586962.0
1753876800,0.078869,0.082674,0.07671,0.079166,45017007.0
1753891200,0.079187,0.085933,0.076917,0.08337,66903610.0
1753905600,0.083834,0.08513,0.07395,0.079037,62738601.0
1753920000,0.07898,0.080639,0.076011,0.078714,32632526.0
1753934400,0.078892,0.078941,0.067732,0.069245,80380580.0
1753948800,0.069217,0.070113,0.065084,0.066944,69778080.0
1753963200,0.066881,0.068203,0.061172,0.062342,54339631.0
1753977600,0.062342,0.065969,0.062,0.065247,38147245.0
1753992000,0.065295,0.066431,0.061272,0.062006,37593810.0
1754006400,0.06209,0.07121,0.061236,0.070697,56813493.0
1754020800,0.070678,0.071249,0.067388,0.07087,28850317.0
1754035200,0.070726,0.073033,0.066096,0.066839,26485343.0
1754049600,0.066779,0.069848,0.064991,0.065836,38785555.0
1754064000,0.065856,0.067373,0.063082,0.064794,58138516.0
1754078400,0.064708,0.068405,0.063803,0.067613,26508176.0
1754092800,0.067551,0.06758,0.060914,0.061476,17708021.0
1754107200,0.06154,0.062652,0.056803,0.057144,31510429.0
1754121600,0.057159,0.057266,0.052248,0.054564,35700584.0
1754136000,0.054483,0.05526,0.052959,0.054415,36407354.0
1754150400,0.054448,0.058779,0.053772,0.054006,41295937.0
1754164800,0.054096,0.056378,0.053709,0.055679,10603081.0
1754179200,0.055678,0.058587,0.052601,0.05801,21270149.0
1754193600,0.057911,0.060491,0.057264,0.057623,13665937.0
1754208000,0.057567,0.058309,0.055158,0.05521,7746069.0
1754222400,0.054895,0.055164,0.052259,0.05346,13031853.0
1754236800,0.053352,0.055777,0.052451,0.054731,19556496.0
1754251200,0.05486,0.062604,0.054518,0.061902,31554558.0
1754265600,0.061968,0.065017,0.060244,0.064284,43399977.0
1754280000,0.064589,0.067037,0.062901,0.064837,15935342.0
1754294400,0.06477,0.0651,0.05862,0.05906,19343636.0
1754308800,0.05906,0.064963,0.058432,0.060606,24288964.0
1754323200,0.060642,0.063824,0.060392,0.060392,18649433.0
1754337600,0.060567,0.070328,0.060565,0.07006,14419752.0
1754352000,0.06994,0.070808,0.065496,0.068365,36004607.0
1754366400,0.06834,0.069249,0.0657,0.066338,10579087.0
1754380800,0.066491,0.071174,0.066429,0.068796,11160471.0
1754395200,0.068895,0.069361,0.064957,0.066123,22261135.0
1754409600,0.066123,0.067097,0.063773,0.064165,10500824.0
1754424000,0.064212,0.064832,0.062222,0.064133,17234456.0
1754438400,0.063907,0.064131,0.060624,0.060912,11586803.0
1754452800,0.060866,0.064284,0.060458,0.061343,18980052.0
1754467200,0.061332,0.061332,0.058822,0.059897,9715606.0
1754481600,0.059888,0.060501,0.057541,0.060275,14460466.0
1754496000,0.060118,0.061516,0.058725,0.059458,6864992.0
1754510400,0.05953,0.061602,0.059237,0.060304,10715298.0
1754524800,0.060388,0.065026,0.058662,0.058936,31522701.0
1754539200,0.058868,0.066271,0.058495,0.065333,9672976.0
1754553600,0.06546,0.070777,0.065214,0.070598,18295066.0
1754568000,0.070549,0.072102,0.068651,0.070294,24562152.0
1754582400,0.070172,0.079191,0.069782,0.078957,55254983.0
1754596800,0.07897,0.083011,0.076836,0.081664,45316809.0
1754611200,0.081692,0.084341,0.078597,0.083677,48831122.0
1754625600,0.083342,0.084194,0.079295,0.081262,30013008.0
1754640000,0.081198,0.086127,0.080788,0.084427,34942629.0
1754654400,0.084435,0.089544,0.078145,0.080524,63988874.0
1754668800,0.080452,0.082547,0.076943,0.08115,44898939.0
1754683200,0.081221,0.086804,0.080721,0.085347,25329482.0
1754697600,0.085347,0.085603,0.08088,0.084485,29173324.0
1754712000,0.084382,0.0926,0.083846,0.091351,61139871.0
1754726400,0.091454,0.092365,0.088375,0.090703,17291440.0
1754740800,0.0907,0.090809,0.085352,0.086482,16983227.0
1754755200,0.086501,0.097397,0.086003,0.094778,24556133.0
1754769600,0.094849,0.096273,0.091614,0.095427,20841188.0
1754784000,0.095405,0.10142,0.09056,0.091436,34538219.0
1754798400,0.091469,0.094724,0.089367,0.092618,18855428.0
1754812800,0.092703,0.098821,0.09199,0.097026,18302945.0
1754827200,0.097085,0.097991,0.092354,0.095389,19300285.0
1754841600,0.095405,0.10673,0.093959,0.10392,36743659.0
1754856000,0.10392,0.11085,0.099711,0.10941,34147724.0
1754870400,0.10921,0.1432,0.10858,0.13543,109051543.0
1754884800,0.13621,0.14081,0.13096,0.13469,50704317.0
1754899200,0.13472,0.1402,0.1228,0.12576,62415110.0
1754913600,0.12586,0.14487,0.12579,0.14356,89473936.0
1754928000,0.14421,0.14827,0.13093,0.13237,67494269.0
1754942400,0.13227,0.13359,0.11962,0.12086,42179712.0
1754956800,0.12076,0.12415,0.11622,0.12123,35916730.0
1754971200,0.12111,0.12333,0.1165,0.11668,9643313.0
1754985600,0.11668,0.12398,0.11374,0.1178,35468885.0
1755000000,0.11789,0.12697,0.10855,0.10922,88585639.0
1755014400,0.109,0.11951,0.10789,0.11597,56654606.0
1755028800,0.11581,0.13133,0.11422,0.11778,49707375.0
1755043200,0.11801,0.12939,0.11624,0.12205,32597173.0
1755057600,0.12203,0.12251,0.1106,0.11157,19610456.0
1755072000,0.11155,0.11876,0.11023,0.11766,17352990.0
1755086400,0.1174,0.1222,0.11444,0.12174,15245921.0
1755100800,0.12159,0.123,0.11575,0.11759,14879034.0
1755115200,0.11786,0.125,0.11557,0.1226,14408585.0
1755129600,0.12226,0.12239,0.11234,0.11286,13764869.0
1755144000,0.11284,0.11389,0.1051,0.1057,33892686.0
1755158400,0.10578,0.1063,0.10418,0.10432,11426113.0
1755172800,0.10428,0.11373,0.10097,0.11171,79075953.0
1755187200,0.11175,0.11176,0.10141,0.10184,30536334.0
1755201600,0.1018,0.10496,0.1,0.10339,17415327.0
1755216000,0.10339,0.10809,0.10013,0.10572,18335855.0
1755230400,0.10553,0.10657,0.1026,0.10315,6441591.0
1755244800,0.10314,0.10945,0.10279,0.10583,13264378.0
1755259200,0.10586,0.10778,0.097906,0.097906,34877626.0
1755273600,0.097906,0.10181,0.0952,0.09555,36527294.0
1755288000,0.09556,0.10159,0.094727,0.097871,24118218.0
1755302400,0.097856,0.10083,0.097581,0.09968,4373956.0
1755316800,0.099427,0.10204,0.098155,0.10071,5667024.0
1755331200,0.10052,0.10082,0.095417,0.095417,3763480.0
1755345600,0.09545,0.096593,0.093351,0.095319,8841413.0
1755360000,0.09517,0.099142,0.094709,0.098266,10802332.0
1755374400,0.098012,0.10057,0.097616,0.10034,10178549.0
1755388800,0.10036,0.10272,0.098901,0.10199,6327254.0
1755403200,0.10189,0.10685,0.10025,0.10612,8270938.0
1755417600,0.10612,0.11003,0.10557,0.10899,15699501.0
1755432000,0.1085,0.11524,0.10493,0.10888,19854536.0
1755446400,0.10898,0.1143,0.10835,0.11046,11319675.0
1755460800,0.11044,0.11407,0.10637,0.10681,14187787.0
1755475200,0.10675,0.10837,0.096294,0.099585,27257877.0
1755489600,0.099939,0.10151,0.098732,0.099786,12185577.0
1755504000,0.099836,0.10314,0.099569,0.10081,3937657.0
1755518400,0.10077,0.10306,0.097672,0.10196,25578723.0
1755532800,0.10193,0.10669,0.10191,0.10536,22342622.0
1755547200,0.10533,0.11165,0.10441,0.10834,12895936.0
1755561600,0.10832,0.11198,0.10349,0.10616,13690603.0
1755576000,0.10625,0.10798,0.10028,0.10159,18331073.0
1755590400,0.10169,0.10558,0.1003,0.10546,7286315.0
1755604800,0.10521,0.10889,0.1011,0.1016,29862775.0
1755619200,0.10157,0.10329,0.095611,0.097265,24534647.0
1755633600,0.097463,0.09844,0.086,0.087186,59843029.0
1755648000,0.08721,0.0946,0.08716,0.092618,42624329.0
1755662400,0.092624,0.0946,0.091431,0.092847,7007412.0
1755676800,0.092852,0.09427,0.089731,0.09046,16563009.0
1755691200,0.09048,0.093653,0.084812,0.090174,41915971.0
1755705600,0.090201,0.098136,0.089612,0.095659,88524406.0
1755720000,0.095661,0.09855,0.09355,0.096084,16629101.0
1755734400,0.095981,0.09741,0.091542,0.09165,8909211.0
1755748800,0.091582,0.092648,0.090068,0.091024,9976960.0
1755763200,0.090887,0.094115,0.090481,0.091504,4974491.0
1755777600,0.091297,0.091723,0.086173,0.086504,15846369.0
1755792000,0.086557,0.088689,0.08578,0.086954,12259721.0
1755806400,0.087035,0.087221,0.082879,0.083551,12346268.0
1755820800,0.083551,0.085256,0.081693,0.082577,9190874.0
1755835200,0.082607,0.084682,0.081127,0.08434,8533669.0
1755849600,0.084286,0.084708,0.081977,0.082061,5498147.0
1755864000,0.082077,0.097787,0.080308,0.097058,52493366.0
1755878400,0.097145,0.10167,0.0936,0.098843,62291360.0
1755892800,0.098831,0.11155,0.097673,0.10978,61027205.0
1755907200,0.10989,0.11039,0.1015,0.10217,27249655.0
1755921600,0.10226,0.11266,0.10212,0.10334,41149554.0
1755936000,0.10338,0.10438,0.1027,0.10354,9056799.0
1755950400,0.10362,0.10528,0.10156,0.10446,5839611.0
1755964800,0.10425,0.10479,0.10349,0.10437,5591322.0
1755979200,0.10434,0.10895,0.10288,0.10691,19443394.0
1755993600,0.10691,0.11448,0.10572,0.11339,51621413.0
1756008000,0.11333,0.11952,0.11244,0.11429,20885830.0
1756022400,0.11406,0.11548,0.10952,0.10963,11536160.0
1756036800,0.10947,0.11613,0.10933,0.11567,8259435.0
1756051200,0.1154,0.12734,0.11303,0.11846,45917041.0
1756065600,0.11851,0.12144,0.11163,0.11581,23768224.0
1756080000,0.11578,0.1181,0.11237,0.11556,12225206.0
1756094400,0.11559,0.1197,0.10925,0.11,28547652.0
1756108800,0.11001,0.11328,0.10839,0.1108,17671916.0
1756123200,0.11072,0.11774,0.10739,0.11272,17892394.0
1756137600,0.11271,0.11309,0.10415,0.10446,19896280.0
1756152000,0.10447,0.10645,0.0983,0.098981,26725420.0
1756166400,0.098958,0.10318,0.097402,0.10021,17878627.0
1756180800,0.10037,0.101,0.095053,0.09709,23418842.0
1756195200,0.09702,0.1013,0.090759,0.091566,42925464.0
1756209600,0.091443,0.096266,0.090268,0.093719,30973150.0
1756224000,0.093624,0.099439,0.092803,0.09937,30181321.0
1756238400,0.099391,0.099545,0.095972,0.09929,26296733.0
1756252800,0.099244,0.0994,0.095587,0.098768,9506209.0
1756267200,0.098677,0.098931,0.094542,0.095584,12524126.0
1756281600,0.095513,0.096786,0.093823,0.096511,7850674.0
1756296000,0.096385,0.096591,0.091892,0.092163,10785768.0
1756310400,0.092237,0.093802,0.089106,0.089414,6884353.0
1756324800,0.089525,0.092474,0.08456,0.08553,15069334.0
1756339200,0.08567,0.08636,0.08271,0.08432,11494397.0
1756353600,0.084255,0.091564,0.083955,0.09094,8776869.0
1756368000,0.09095,0.092137,0.089882,0.090656,5540440.0
1756382400,0.090569,0.091018,0.086459,0.087139,8400079.0
1756396800,0.087077,0.087458,0.080784,0.080957,6616876.0
1756411200,0.080894,0.085242,0.079413,0.083439,5524547.0
1756425600,0.083398,0.083415,0.078104,0.079364,10034005.0
1756440000,0.079418,0.080828,0.075259,0.075515,31691063.0
1756454400,0.075528,0.07638,0.073343,0.074532,10903084.0
1756468800,0.074564,0.077627,0.072571,0.074536,38435037.0
1756483200,0.074622,0.075202,0.0722,0.07321,6566280.0
1756497600,0.073289,0.075293,0.07258,0.075002,3906254.0
1756512000,0.074997,0.075957,0.071242,0.073594,18526259.0
1756526400,0.073822,0.075009,0.0735,0.074831,4347957.0
1756540800,0.074827,0.078558,0.073948,0.077706,14508918.0
1756555200,0.077642,0.077719,0.074699,0.076332,7323920.0
1756569600,0.076284,0.076814,0.07515,0.076173,2056963.0
1756584000,0.076022,0.076891,0.074349,0.075943,4308441.0
1756598400,0.075887,0.081585,0.075687,0.081162,10151374.0
1756612800,0.081047,0.081458,0.078231,0.079433,16250969.0
1756627200,0.079433,0.084074,0.079086,0.080843,19872233.0
1756641600,0.080813,0.080813,0.076752,0.077336,5791003.0
1756656000,0.077173,0.080049,0.075681,0.078937,10586859.0
1756670400,0.078939,0.08145,0.076935,0.07741,7619411.0
1756684800,0.077485,0.07754,0.073937,0.074329,6325817.0
1756699200,0.074344,0.078001,0.072734,0.078001,5435454.0
1756713600,0.077988,0.079128,0.073353,0.07336,4656880.0
1756728000,0.073349,0.074638,0.070001,0.07064,16854587.0
1756742400,0.070639,0.071675,0.069176,0.071491,3833619.0
1756756800,0.071491,0.071888,0.068434,0.071684,4450710.0
1756771200,0.071725,0.075134,0.071485,0.074552,3519395.0
1756785600,0.074591,0.077372,0.072805,0.0771,3546661.0
1756800000,0.076889,0.078186,0.075862,0.076059,5684449.0
1756814400,0.076004,0.079689,0.072624,0.074001,14856920.0
1756828800,0.074097,0.078092,0.074074,0.074732,14522896.0
1756843200,0.074863,0.078295,0.074738,0.075537,11185206.0
1756857600,0.07557,0.07645,0.073859,0.074675,3563384.0
1756872000,0.074557,0.074834,0.072924,0.07338,1179791.0
1756886400,0.073355,0.0756,0.072187,0.074875,2192863.0
1756900800,0.07474,0.078035,0.073709,0.077721,5832775.0
1756915200,0.077686,0.077921,0.075846,0.076477,5243516.0
1756929600,0.076414,0.076418,0.074637,0.075459,2663024.0
1756944000,0.07533,0.076309,0.072194,0.072245,3355508.0
1756958400,0.072216,0.072216,0.070327,0.071662,1625215.0
1756972800,0.071625,0.072762,0.07089,0.071013,4204165.0
1756987200,0.071022,0.071527,0.067093,0.0677,7083384.0
1757001600,0.067779,0.067935,0.06643,0.066744,6099167.0
1757016000,0.066743,0.071367,0.06669,0.07005,8339299.0
1757030400,0.070018,0.071275,0.069952,0.070971,2970507.0
1757044800,0.070956,0.073222,0.070648,0.072625,5481406.0
1757059200,0.072603,0.073841,0.072465,0.073594,2286608.0
1757073600,0.073704,0.074997,0.070692,0.070692,11968475.0
1757088000,0.070601,0.071057,0.069609,0.070486,1093879.0
1757102400,0.070509,0.071537,0.070071,0.070815,2726547.0
1757116800,0.070774,0.07099,0.069738,0.069738,1006427.0
1757131200,0.069697,0.069961,0.069225,0.069755,2182309.0
1757145600,0.069757,0.070912,0.069494,0.070499,5024192.0
1757160000,0.070499,0.073073,0.070237,0.071035,10198772.0
1757174400,0.070852,0.071995,0.07036,0.070865,8176274.0
1757188800,0.070814,0.075042,0.070676,0.074771,12101997.0
1757203200,0.074733,0.075568,0.072881,0.073827,11876647.0
1757217600,0.073874,0.073892,0.072481,0.073495,2984013.0
1757232000,0.073469,0.074332,0.072879,0.073502,1575380.0
1757246400,0.073514,0.073751,0.07131,0.07225,4496601.0
1757260800,0.072082,0.073078,0.071151,0.072034,9218843.0
1757275200,0.072023,0.073853,0.071682,0.073318,4626228.0
1757289600,0.073286,0.076875,0.073141,0.076822,3248932.0
1757304000,0.076853,0.077273,0.07485,0.075195,5325401.0
1757318400,0.075159,0.080071,0.07497,0.079459,5803701.0
1757332800,0.07946,0.083788,0.078857,0.083788,11172291.0
1757347200,0.083626,0.083626,0.073692,0.073928,41760831.0
1757361600,0.073979,0.074577,0.072271,0.073076,13466690.0
1757376000,0.073012,0.073568,0.069516,0.070681,9617445.0
1757390400,0.070544,0.073468,0.0701,0.072102,11364352.0
1757404800,0.072142,0.072464,0.070025,0.070219,4549531.0
1757419200,0.070208,0.070427,0.067549,0.068244,16713552.0
1757433600,0.068244,0.069211,0.06734,0.06837,16379994.0
1757448000,0.068357,0.069244,0.066111,0.067119,4214590.0
1757462400,0.067081,0.068041,0.066689,0.067619,1149021.0
1757476800,0.067587,0.067601,0.066463,0.066753,1931640.0
1757491200,0.066851,0.06721,0.066355,0.066729,1763043.0
1757505600,0.066763,0.06941,0.066432,0.067431,5402590.0
1757520000,0.067582,0.067582,0.0633,0.063898,15301315.0
1757534400,0.063925,0.065093,0.063325,0.064817,3735922.0
1757548800,0.064758,0.065099,0.063923,0.0647,3408833.0
1757563200,0.064755,0.064755,0.063597,0.064491,8506894.0
1757577600,0.064413,0.064439,0.062274,0.062341,4916966.0
1757592000,0.062374,0.063955,0.061702,0.061931,19406262.0
1757606400,0.061987,0.062549,0.06038,0.06189,8090783.0
1757620800,0.061864,0.063936,0.061768,0.062952,19780855.0
1757635200,0.06289,0.064133,0.061674,0.06189,9074830.0
1757649600,0.061842,0.062793,0.06093,0.062632,8200152.0
1757664000,0.062595,0.062595,0.060619,0.060859,3665353.0
1757678400,0.060845,0.0618,0.05971,0.06017,5595648.0
1757692800,0.060184,0.063005,0.060072,0.06293,2946600.0
1757707200,0.06287,0.065601,0.062775,0.065478,5369237.0
1757721600,0.06549,0.065989,0.064142,0.065877,6630119.0
1757736000,0.065733,0.066908,0.064215,0.064312,12280729.0
1757750400,0.064299,0.064839,0.063377,0.063636,9837600.0
1757764800,0.063633,0.06395,0.061665,0.062396,9632012.0
1757779200,0.062452,0.062482,0.061217,0.061953,4353883.0
1757793600,0.061937,0.066459,0.061872,0.065741,5896434.0
1757808000,0.06569,0.075088,0.065255,0.070965,29503696.0
1757822400,0.070915,0.075018,0.069959,0.071851,21673665.0
1757836800,0.072069,0.072117,0.067729,0.067854,19191387.0
1757851200,0.067791,0.068992,0.06242,0.063603,16014034.0
1757865600,0.063507,0.072306,0.063182,0.069668,19538208.0
1757880000,0.069693,0.070188,0.067793,0.06828,9075469.0
1757894400,0.068281,0.068684,0.06657,0.06762,22109038.0
1757908800,0.067634,0.067937,0.063158,0.063432,23215186.0
1757923200,0.06346,0.064359,0.062308,0.064339,23133862.0
1757937600,0.064341,0.090396,0.063761,0.076218,253156732.0
1757952000,0.07615,0.078647,0.072326,0.074598,57232760.0
1757966400,0.074501,0.080629,0.073242,0.078815,27121508.0
1757980800,0.078692,0.083386,0.076581,0.078267,58629609.0
1757995200,0.078244,0.081056,0.076719,0.080224,29204957.0
1758009600,0.080255,0.080394,0.07608,0.08001,16559148.0
1758024000,0.079962,0.083,0.07,0.075151,62839318.0
1758038400,0.07541,0.078848,0.074206,0.076972,35410406.0
1758052800,0.076977,0.078813,0.076541,0.077627,11993593.0
1758067200,0.077628,0.078064,0.075038,0.077138,15055249.0
1758081600,0.07718,0.077941,0.075448,0.076864,7135995.0
1758096000,0.076866,0.076866,0.072668,0.073535,11156497.0
1758110400,0.073515,0.074804,0.071429,0.07146,8047502.0
1758124800,0.07138,0.075867,0.071066,0.074368,14393416.0
1758139200,0.074374,0.077404,0.072854,0.076359,9939017.0
1758153600,0.076416,0.076736,0.071768,0.072669,16246022.0
1758168000,0.072738,0.073556,0.070656,0.072161,18472411.0
1758182400,0.072146,0.074021,0.071358,0.072258,13963993.0
1758196800,0.072214,0.073203,0.071341,0.071957,7361365.0
1758211200,0.071938,0.072975,0.070789,0.07111,5982959.0
1758225600,0.071078,0.071433,0.069421,0.070752,15728208.0
1758240000,0.070768,0.071823,0.067832,0.068376,5766992.0
1758254400,0.068274,0.069261,0.066845,0.068481,17135030.0
1758268800,0.068382,0.06915,0.067536,0.067604,7961265.0
1758283200,0.067596,0.06873,0.064088,0.065065,15703407.0
1758297600,0.065032,0.065601,0.064075,0.06444,8445614.0
1758312000,0.064457,0.065868,0.063962,0.064647,16458756.0
1758326400,0.064585,0.065233,0.063676,0.064503,6829459.0
1758340800,0.064331,0.06524,0.063924,0.06519,3275515.0
1758355200,0.065151,0.065582,0.064344,0.065311,4406524.0
1758369600,0.065301,0.065681,0.064447,0.064944,5943070.0
1758384000,0.064993,0.065181,0.062496,0.06383,11172578.0
1758398400,0.06383,0.06417,0.061054,0.061639,42217937.0
1758412800,0.061538,0.063474,0.061466,0.062628,7663537.0
1758427200,0.062641,0.063372,0.062214,0.06236,6531140.0
1758441600,0.062376,0.062752,0.061854,0.062166,23842831.0
1758456000,0.062186,0.067753,0.062142,0.064736,19616435.0
1758470400,0.064789,0.065727,0.062434,0.063408,13715974.0
1758484800,0.063412,0.064252,0.062495,0.062495,2910803.0
1758499200,0.062521,0.062764,0.057987,0.059099,26574955.0
1758513600,0.059088,0.060092,0.055043,0.057466,12715361.0
1758528000,0.057466,0.060669,0.057304,0.059604,23025260.0
1758542400,0.059655,0.06155,0.059004,0.060467,10589771.0
1758556800,0.060409,0.060644,0.059012,0.059584,4283554.0
1758571200,0.059682,0.064304,0.05966,0.063048,8498157.0
1758585600,0.063058,0.063823,0.061061,0.062118,4899830.0
1758600000,0.062171,0.063744,0.061083,0.062918,4239298.0
1758614400,0.062851,0.06326,0.059848,0.062507,22127818.0
1758628800,0.062545,0.062625,0.060579,0.061192,7000768.0
1758643200,0.061256,0.061646,0.059211,0.059357,5964267.0
1758657600,0.059441,0.060831,0.059051,0.05976,3302120.0
1758672000,0.059793,0.06382,0.059772,0.061713,6499845.0
1758686400,0.061701,0.063566,0.061017,0.062252,6627911.0
1758700800,0.062389,0.06341,0.061986,0.063139,6168061.0
1758715200,0.063139,0.0676,0.063104,0.064323,11559541.0
1758729600,0.064351,0.064351,0.06231,0.063255,6053213.0
1758744000,0.063257,0.063676,0.061406,0.062036,8842079.0
1758758400,0.062036,0.062717,0.060982,0.061404,2338399.0
1758772800,0.061388,0.061465,0.059074,0.059207,8961790.0
1758787200,0.059299,0.061185,0.058331,0.058589,4439677.0
1758801600,0.058537,0.059555,0.057727,0.059373,4981075.0
1758816000,0.059499,0.059882,0.055535,0.059123,6998594.0
1758830400,0.059237,0.061221,0.058979,0.059343,2329378.0
1758844800,0.059422,0.062022,0.058781,0.061997,5607597.0
1758859200,0.061988,0.062451,0.059707,0.060081,2635452.0
1758873600,0.060132,0.060671,0.058172,0.05842,3022560.0
1758888000,0.05836,0.059775,0.0571,0.057873,5277572.0
1758902400,0.058187,0.059633,0.057862,0.058251,1051314.0
1758916800,0.058219,0.058812,0.057114,0.057315,9296012.0
1758931200,0.057323,0.057465,0.056403,0.056673,3614036.0
1758945600,0.056695,0.057776,0.056582,0.057613,2840860.0
1758960000,0.057551,0.059109,0.056369,0.058763,1853737.0
1758974400,0.058785,0.059336,0.056978,0.057944,4841356.0
1758988800,0.057907,0.058184,0.056779,0.05727,2260788.0
1759003200,0.057315,0.058471,0.056485,0.056759,2382488.0
1759017600,0.056798,0.057031,0.055455,0.055698,1997348.0
1759032000,0.055719,0.056729,0.05534,0.055669,1153830.0
1759046400,0.055634,0.055792,0.054566,0.054872,1700672.0
1759060800,0.054867,0.057066,0.054543,0.056895,3500660.0
1759075200,0.056925,0.060592,0.056925,0.058441,9131153.0
1759089600,0.05859,0.061806,0.058462,0.061619,2768827.0
1759104000,0.061633,0.062159,0.060373,0.060742,6572342.0
1759118400,0.060664,0.061559,0.059936,0.060158,3861913.0
1759132800,0.060223,0.060347,0.057992,0.058201,912217.0
1759147200,0.058164,0.058462,0.056565,0.057638,5429915.0
1759161600,0.057662,0.05843,0.056648,0.057411,5867318.0
1759176000,0.057412,0.057626,0.056623,0.056845,1050416.0
1759190400,0.056735,0.056958,0.055592,0.055712,3308554.0
1759204800,0.055668,0.056537,0.055453,0.055606,2833972.0
1759219200,0.055628,0.055772,0.052523,0.052997,7474927.0
1759233600,0.052959,0.052989,0.043062,0.043668,32363742.0
1759248000,0.043492,0.046529,0.041359,0.045587,69152685.0
1759262400,0.045546,0.049926,0.045105,0.047976,7055091.0
1759276800,0.04806,0.048136,0.04586,0.046069,28027324.0
1759291200,0.046075,0.047135,0.042566,0.044828,17907448.0
1759305600,0.04455,0.048714,0.044539,0.047721,22502660.0
1759320000,0.047735,0.05326,0.046344,0.052911,13759281.0
1759334400,0.05292,0.054988,0.051687,0.052121,23026713.0
1759348800,0.052081,0.052873,0.0504,0.051665,9940949.0
1759363200,0.051829,0.060287,0.051383,0.057556,32645047.0
1759377600,0.05735,0.060279,0.056885,0.059369,10488294.0
1759392000,0.059359,0.062916,0.058287,0.061448,12012939.0
1759406400,0.061322,0.06255,0.05808,0.059303,17678295.0
1759420800,0.059111,0.060277,0.058059,0.0597,8146700.0
1759435200,0.0598,0.060095,0.056973,0.058234,10274854.0
1759449600,0.058159,0.058383,0.056035,0.056311,8677352.0
1759464000,0.05625,0.057511,0.056189,0.056709,7826319.0
1759478400,0.05676,0.05732,0.055674,0.055759,11058755.0
1759492800,0.055759,0.056664,0.055021,0.056532,5535994.0
1759507200,0.056534,0.058123,0.054796,0.055205,11709994.0
1759521600,0.055078,0.056788,0.054318,0.055653,3038193.0
1759536000,0.055654,0.056091,0.053661,0.054217,6276628.0
1759550400,0.054015,0.054939,0.05337,0.054477,3135551.0
1759564800,0.054332,0.054563,0.053225,0.054139,3787700.0
1759579200,0.05396,0.054581,0.052941,0.05371,6492445.0
1759593600,0.053768,0.054963,0.052994,0.054366,3495106.0
1759608000,0.05428,0.05503,0.053917,0.054438,2373280.0
1759622400,0.054309,0.054617,0.052946,0.053753,7087961.0
1759636800,0.053731,0.054882,0.053151,0.053863,6310479.0
1759651200,0.053779,0.053993,0.051874,0.052291,6714980.0
1759665600,0.052203,0.052327,0.051081,0.051742,3902585.0
1759680000,0.051727,0.051941,0.050438,0.050904,4382364.0
1759694400,0.050843,0.051112,0.049846,0.050753,2600583.0
1759708800,0.05068,0.052021,0.050444,0.051054,3837398.0
1759723200,0.051106,0.0518,0.050813,0.051539,3293108.0
1759737600,0.051636,0.052666,0.051379,0.052341,3396174.0
1759752000,0.052341,0.052754,0.051302,0.05194,4848080.0
1759766400,0.051901,0.051953,0.050994,0.051915,3579912.0
1759780800,0.051909,0.055775,0.051503,0.05435,19377835.0
1759795200,0.054313,0.058561,0.053691,0.058094,17633806.0
1759809600,0.058141,0.059819,0.054898,0.055198,13160319.0
1759824000,0.055213,0.059891,0.055102,0.05979,31276427.0
1759838400,0.059692,0.063253,0.0582,0.058829,60628806.0
1759852800,0.05879,0.062529,0.056201,0.05642,25125306.0
1759867200,0.056404,0.059504,0.0556,0.057279,37516188.0
1759881600,0.057223,0.05789,0.0538,0.053957,17279795.0
1759896000,0.053936,0.055082,0.053722,0.054479,5379800.0
1759910400,0.054505,0.055966,0.054137,0.054523,10396700.0
1759924800,0.054519,0.055409,0.0531,0.053189,12962632.0
1759939200,0.053193,0.057188,0.0521,0.055664,28320350.0
1759953600,0.055655,0.058542,0.05544,0.056263,15000285.0
1759968000,0.056199,0.056284,0.053748,0.055309,7813221.0
1759982400,0.055303,0.055792,0.053896,0.053946,6695370.0
1759996800,0.053894,0.054725,0.051784,0.053825,17775834.0
1760011200,0.053855,0.079785,0.053503,0.071117,308574577.0
1760025600,0.071164,0.088597,0.06916,0.081666,225423151.0
1760040000,0.081778,0.0887,0.076208,0.082387,92512716.0
1760054400,0.082426,0.092637,0.078145,0.079564,125062741.0
1760068800,0.079565,0.088613,0.078459,0.085439,43933101.0
1760083200,0.08544,0.10409,0.084199,0.10183,79114702.0
1760097600,0.10194,0.12328,0.098602,0.10402,151744852.0
1760112000,0.1038,0.1139,0.10208,0.10954,107355386.0
1760126400,0.10941,0.11067,0.044551,0.090795,179679427.0
1760140800,0.089974,0.1021,0.084193,0.088226,48908555.0
1760155200,0.088135,0.08849,0.080287,0.083896,21982729.0
1760169600,0.083799,0.085701,0.079413,0.08008,19994538.0
1760184000,0.079846,0.080246,0.06818,0.06959,32635337.0
1760198400,0.069497,0.075206,0.065746,0.069805,41111335.0
1760212800,0.069904,0.077607,0.067638,0.077442,20146846.0
1760227200,0.07739,0.082394,0.073222,0.080773,21669946.0
1760241600,0.080779,0.093454,0.078587,0.089728,26899728.0
1760256000,0.08957,0.096888,0.085379,0.086472,20167008.0
1760270400,0.08635,0.10073,0.079236,0.093821,71570522.0
1760284800,0.09356,0.096783,0.089255,0.089679,18756740.0
1760299200,0.089717,0.095299,0.0895,0.091644,25481463.0
1760313600,0.091581,0.10118,0.089944,0.10049,28665717.0
1760328000,0.10095,0.10654,0.099261,0.10477,17217326.0
1760342400,0.1047,0.10707,0.095856,0.098628,20005454.0
1760356800,0.098576,0.10009,0.091263,0.092586,20732842.0
1760371200,0.092503,0.09425,0.089956,0.091991,10463906.0
1760385600,0.091768,0.095441,0.090263,0.093328,8040892.0
1760400000,0.093239,0.095057,0.085446,0.086015,16635730.0
1760414400,0.086099,0.08677,0.082864,0.085131,7127095.0
1760428800,0.08491,0.094249,0.084853,0.093099,9064566.0
1760443200,0.09321,0.094033,0.086258,0.0901,15748797.0
1760457600,0.089993,0.095542,0.086616,0.087271,27524048.0
1760472000,0.086983,0.09383,0.086983,0.092446,13794394.0
1760486400,0.092172,0.10646,0.091962,0.10443,21009739.0
1760500800,0.10426,0.11756,0.10151,0.10529,58263579.0
1760515200,0.10551,0.11401,0.10347,0.11164,29685074.0
1760529600,0.11154,0.11196,0.098101,0.098989,22781658.0
1760544000,0.098841,0.099637,0.094177,0.094452,26594021.0
1760558400,0.094581,0.094581,0.086256,0.086774,16175730.0
1760572800,0.086868,0.099347,0.08469,0.092005,43835736.0
1760587200,0.091866,0.093531,0.089932,0.090827,9182854.0
1760601600,0.090827,0.094345,0.088336,0.089518,10933010.0
1760616000,0.089514,0.092628,0.08591,0.087859,21438087.0
1760630400,0.087646,0.092198,0.084532,0.088229,38133235.0
1760644800,0.088718,0.093754,0.086353,0.093,11001745.0
1760659200,0.092611,0.11394,0.092006,0.11182,39738323.0
1760673600,0.11194,0.11542,0.094371,0.094639,52688449.0
1760688000,0.094502,0.1053,0.087493,0.10284,31288855.0
1760702400,0.10149,0.10305,0.089524,0.095801,37042144.0
1760716800,0.095761,0.10292,0.094856,0.096775,27943230.0
1760731200,0.096905,0.099904,0.094564,0.096424,15194291.0
1760745600,0.09612,0.09725,0.092132,0.094794,10587542.0
1760760000,0.094578,0.095604,0.091351,0.092824,10866620.0
1760774400,0.092733,0.094409,0.0915,0.094142,7996497.0
1760788800,0.09415,0.099852,0.091559,0.099515,10626118.0
1760803200,0.099686,0.10013,0.095025,0.098175,14853350.0
1760817600,0.098063,0.098063,0.093195,0.094724,8867527.0
1760832000,0.094435,0.094444,0.089927,0.091552,12111702.0
1760846400,0.091507,0.093883,0.08967,0.090739,12990849.0
1760860800,0.090754,0.095814,0.090582,0.093206,8826130.0
1760875200,0.093241,0.09505,0.091283,0.09249,13420804.0
1760889600,0.092503,0.095086,0.08986,0.091579,14361739.0
1760904000,0.091616,0.092047,0.08829,0.088544,14725268.0
1760918400,0.088453,0.094242,0.086283,0.093635,12768489.0
1760932800,0.093925,0.09888,0.093708,0.095144,15236789.0
1760947200,0.09518,0.095262,0.092991,0.094415,7497210.0
1760961600,0.094524,0.09455,0.090303,0.091403,6644497.0
1760976000,0.091362,0.092618,0.089482,0.09244,9220077.0
1760990400,0.092613,0.10959,0.092463,0.10267,87033131.0
1761004800,0.10265,0.10604,0.097871,0.098952,40109815.0
1761019200,0.098964,0.1011,0.094556,0.09875,35054677.0
1761033600,0.098738,0.1091,0.097328,0.10605,72235294.0
1761048000,0.10618,0.11539,0.0988,0.10997,122860092.0
1761062400,0.10986,0.11209,0.10359,0.10548,73437641.0
1761076800,0.10557,0.10863,0.099224,0.099602,30747343.0
1761091200,0.09966,0.10117,0.095925,0.097024,15944086.0
1761105600,0.097048,0.09863,0.094444,0.096495,15171832.0
1761120000,0.09648,0.096601,0.092508,0.09319,11576546.0
1761134400,0.09326,0.09527,0.091153,0.09478,13858609.0
1761148800,0.094838,0.097481,0.091973,0.093088,10732144.0
1761163200,0.092963,0.093724,0.08949,0.092556,9595747.0
1761177600,0.09249,0.09367,0.090508,0.090748,15225210.0
1761192000,0.09067,0.092077,0.089521,0.089992,7816487.0
1761206400,0.09009,0.091591,0.08951,0.09137,5449075.0
1761220800,0.091396,0.09368,0.090292,0.092346,22048661.0
1761235200,0.092244,0.093819,0.090749,0.091538,13503723.0
1761249600,0.091514,0.091529,0.089706,0.09106,7039932.0
1761264000,0.091079,0.09158,0.089629,0.091416,7656975.0
1761278400,0.091268,0.094808,0.091011,0.094473,9466868.0
1761292800,0.094406,0.096579,0.092075,0.096384,7154943.0
1761307200,0.096422,0.096917,0.088831,0.090259,17859334.0
1761321600,0.089949,0.094835,0.089207,0.092584,14935012.0
1761336000,0.09254,0.096581,0.092213,0.094833,12372394.0
1761350400,0.094917,0.095054,0.091321,0.091612,12077288.0
1761364800,0.091596,0.091811,0.089967,0.090424,7517812.0
1761379200,0.090296,0.092357,0.090053,0.090692,5964435.0
1761393600,0.090616,0.09111,0.09,0.090431,5190767.0
1761408000,0.090412,0.096017,0.090318,0.09495,11561173.0
1761422400,0.094728,0.095799,0.093511,0.093532,10736816.0
1761436800,0.093369,0.09553,0.092346,0.092346,8189893.0
1761451200,0.092408,0.095777,0.091494,0.094636,4682725.0
1761465600,0.094625,0.095701,0.093882,0.094566,6994500.0
1761480000,0.09464,0.09538,0.092174,0.09353,8428870.0
1761494400,0.093494,0.093638,0.091684,0.092458,10567436.0
1761508800,0.09247,0.094685,0.091512,0.092803,11042175.0
1761523200,0.092799,0.10105,0.091737,0.096081,18565882.0
1761537600,0.096061,0.099854,0.094779,0.095499,9416692.0
1761552000,0.095524,0.096236,0.092206,0.092882,6099577.0
1761566400,0.093012,0.093918,0.091627,0.091873,12721985.0
1761580800,0.091807,0.094789,0.085269,0.089574,38382443.0
1761595200,0.089577,0.089703,0.087948,0.088293,15667692.0
1761609600,0.088324,0.088342,0.084851,0.085709,14603316.0
1761624000,0.085635,0.085667,0.083684,0.083755,6619283.0
1761638400,0.083741,0.085719,0.08358,0.085534,5067020.0
1761652800,0.08544,0.091,0.085308,0.088848,11794611.0
1761667200,0.088739,0.090661,0.086144,0.086363,9588572.0
1761681600,0.086439,0.087698,0.084797,0.08681,8961134.0
1761696000,0.0868,0.086889,0.083119,0.084379,5317849.0
1761710400,0.084339,0.086068,0.083955,0.084276,3072742.0
1761724800,0.084227,0.085794,0.083744,0.08461,6356835.0
1761739200,0.084575,0.085603,0.07958,0.079912,9306967.0
1761753600,0.079959,0.086707,0.079243,0.084527,27549044.0
1761768000,0.084533,0.085431,0.080938,0.08153,8588748.0
1761782400,0.081515,0.082288,0.08063,0.080786,3065238.0
1761796800,0.080879,0.080879,0.077902,0.078965,12394986.0
1761811200,0.078885,0.07953,0.077575,0.077967,3945568.0
1761825600,0.077993,0.079871,0.076176,0.078151,7433893.0
1761840000,0.078178,0.079018,0.074821,0.075961,5138218.0
1761854400,0.075945,0.077302,0.075472,0.07668,3904115.0
1761868800,0.076699,0.077791,0.07512,0.076037,6562142.0
1761883200,0.076068,0.077811,0.073214,0.073884,17488764.0
1761897600,0.073895,0.074045,0.070624,0.071703,2961156.0
1761912000,0.071688,0.07319,0.069441,0.070085,11688481.0
1761926400,0.069804,0.071728,0.067231,0.070932,13965553.0
1761940800,0.070782,0.071188,0.069257,0.070154,4686403.0
1761955200,0.070144,0.071842,0.069341,0.071204,3246098.0
1761969600,0.071193,0.07166,0.069897,0.070931,1677914.0
1761984000,0.070911,0.071643,0.07045,0.070743,2286022.0
1761998400,0.070752,0.07081,0.067144,0.067737,3167494.0
1762012800,0.067751,0.073985,0.067557,0.071098,4781028.0
1762027200,0.071077,0.072846,0.069823,0.071544,2651448.0
1762041600,0.071355,0.071355,0.069021,0.069343,3031270.0
1762056000,0.069299,0.070726,0.068655,0.070201,1376808.0
1762070400,0.070229,0.070286,0.067806,0.06887,1652120.0
1762084800,0.06897,0.069667,0.066667,0.066716,4821569.0
1762099200,0.0666,0.067607,0.064359,0.066041,6663809.0
1762113600,0.065941,0.068182,0.065941,0.067564,2765742.0
1762128000,0.067529,0.06802,0.062902,0.063021,4936216.0
1762142400,0.062967,0.065451,0.062934,0.063838,2226972.0
1762156800,0.063849,0.064716,0.062956,0.06401,5436625.0
1762171200,0.06403,0.064934,0.057443,0.059766,11694758.0
1762185600,0.059853,0.061997,0.059698,0.060092,6724578.0
1762200000,0.060092,0.062084,0.057842,0.061451,6190340.0
1762214400,0.061429,0.061981,0.060224,0.06109,2496100.0
1762228800,0.061003,0.063372,0.060455,0.062032,3863985.0
1762243200,0.062091,0.06369,0.061246,0.062657,1784649.0
1762257600,0.062666,0.063486,0.060422,0.06177,5375632.0
1762272000,0.061657,0.062517,0.058327,0.058327,4128455.0
1762286400,0.058421,0.060888,0.055944,0.06057,6951103.0
1762300800,0.060471,0.060634,0.056853,0.06004,7660203.0
1762315200,0.060072,0.060467,0.059161,0.060053,2400263.0
1762329600,0.05994,0.05994,0.05872,0.059481,1069805.0
1762344000,0.059501,0.06188,0.058902,0.06188,2839111.0
1762358400,0.061854,0.069919,0.061581,0.065619,25667797.0
1762372800,0.065668,0.067185,0.064722,0.066443,4650295.0
1762387200,0.066424,0.066427,0.062218,0.063057,3906140.0
1762401600,0.063065,0.063761,0.060373,0.060635,4763452.0
1762416000,0.060635,0.061022,0.059956,0.060255,1935115.0
1762430400,0.060294,0.063972,0.060221,0.06055,8411041.0
1762444800,0.060636,0.061815,0.059175,0.060187,4106111.0
1762459200,0.060271,0.060615,0.058579,0.0595,2502519.0
1762473600,0.059433,0.06109,0.058699,0.060241,2528397.0
1762488000,0.060195,0.061342,0.059561,0.061047,1863469.0
1762502400,0.061062,0.061581,0.058815,0.059472,1135752.0
1762516800,0.059522,0.061343,0.0577,0.060764,3647420.0
1762531200,0.060712,0.06448,0.0604,0.063184,4494100.0
1762545600,0.06324,0.064207,0.062466,0.062742,1885566.0
1762560000,0.062753,0.063729,0.061557,0.061557,2004188.0
1762574400,0.061506,0.062305,0.059836,0.061652,6562440.0
1762588800,0.061631,0.06169,0.060223,0.060439,2791304.0
1762603200,0.06044,0.060739,0.058583,0.059301,2564149.0
1762617600,0.059265,0.060366,0.058594,0.060167,2447915.0
1762632000,0.060135,0.060759,0.059797,0.060588,2063070.0
1762646400,0.060572,0.060595,0.05825,0.058669,1843435.0
1762660800,0.058735,0.05987,0.058544,0.05966,3424393.0
1762675200,0.059695,0.060336,0.059065,0.060067,988039.0
1762689600,0.060081,0.064402,0.06005,0.062414,9643100.0
1762704000,0.06243,0.063081,0.061579,0.062902,3482486.0
1762718400,0.062869,0.063762,0.061637,0.062678,30010030.0
1762732800,0.0627,0.067694,0.062409,0.064798,5789637.0
1762747200,0.064668,0.064907,0.063297,0.063452,2909763.0
1762761600,0.06345,0.06345,0.061432,0.061876,3160256.0
1762776000,0.061869,0.062192,0.060173,0.060774,6969566.0
1762790400,0.060667,0.062315,0.060046,0.06174,2703306.0
1762804800,0.061759,0.062669,0.060979,0.061955,2929071.0
1762819200,0.062034,0.066212,0.061217,0.064311,8076856.0
1762833600,0.064354,0.06491,0.062382,0.062736,9651517.0
1762848000,0.062772,0.063212,0.062043,0.062145,3646110.0
1762862400,0.062264,0.062748,0.060128,0.060975,6689721.0
1762876800,0.061,0.062177,0.059735,0.059735,3610768.0
1762891200,0.059812,0.060407,0.059305,0.059631,4127464.0
1762905600,0.059742,0.06,0.058375,0.059596,5603538.0
1762920000,0.059611,0.059927,0.057631,0.057828,3122991.0
1762934400,0.057814,0.059137,0.057814,0.058661,3395718.0
1762948800,0.058671,0.059567,0.056657,0.056954,6188181.0
1762963200,0.057042,0.05721,0.054272,0.054724,7099239.0
1762977600,0.054695,0.055715,0.054582,0.055075,11929663.0
1762992000,0.055118,0.07159,0.055032,0.069594,81271278.0
1763006400,0.069625,0.070255,0.065273,0.067,26230311.0
1763020800,0.067,0.069174,0.065699,0.066394,14700032.0
1763035200,0.066102,0.066155,0.061177,0.061749,20214352.0
1763049600,0.06166,0.061739,0.056999,0.058879,26018624.0
1763064000,0.058856,0.060247,0.057884,0.058809,16292025.0
1763078400,0.058812,0.059538,0.056175,0.056847,18348753.0
1763092800,0.056865,0.056897,0.05467,0.055936,15953300.0
1763107200,0.05596,0.056314,0.054866,0.05601,6473407.0
1763121600,0.056049,0.056165,0.053891,0.05553,22603562.0
1763136000,0.0555,0.056246,0.054535,0.055941,14625834.0
1763150400,0.055957,0.056205,0.053951,0.054892,11841178.0
1763164800,0.054887,0.055018,0.053829,0.053923,7024434.0
1763179200,0.053832,0.054118,0.052728,0.052927,3909624.0
1763193600,0.053,0.053084,0.051292,0.051902,3874226.0
1763208000,0.051977,0.052951,0.051944,0.052087,4449220.0
1763222400,0.052155,0.053074,0.051864,0.052297,3042954.0
1763236800,0.052324,0.052524,0.050808,0.051781,2527832.0
1763251200,0.051886,0.058994,0.051814,0.056615,29451871.0
1763265600,0.056629,0.057109,0.054548,0.055057,7061743.0
1763280000,0.055091,0.055169,0.052711,0.053185,6304541.0
1763294400,0.053059,0.053883,0.051874,0.0519,8680892.0
1763308800,0.051955,0.052502,0.050291,0.050783,6518333.0
1763323200,0.050801,0.051401,0.049722,0.050781,7762071.0
1763337600,0.050858,0.051469,0.049891,0.050574,11259564.0
1763352000,0.05056,0.05056,0.049752,0.050251,3718966.0
1763366400,0.05029,0.050552,0.049508,0.050005,4181851.0
1763380800,0.050005,0.052497,0.049155,0.051715,5872963.0
1763395200,0.051786,0.051937,0.049209,0.049813,7381943.0
1763409600,0.049696,0.051095,0.049293,0.05044,10144013.0
1763424000,0.050304,0.050304,0.04621,0.047377,10349590.0
1763438400,0.047431,0.048473,0.046869,0.047334,11075170.0
1763452800,0.047352,0.04763,0.046962,0.047242,5039704.0
1763467200,0.04727,0.049648,0.046945,0.049358,5022949.0
1763481600,0.049356,0.051424,0.049326,0.051293,4695344.0
1763496000,0.051334,0.051439,0.04986,0.050061,1898462.0
1763510400,0.050016,0.052503,0.049208,0.050804,5785263.0
1763524800,0.050845,0.051412,0.0486,0.049487,4056430.0
1763539200,0.049503,0.050274,0.049218,0.049624,4634439.0
1763553600,0.049637,0.049984,0.047834,0.047834,2495195.0
1763568000,0.04788,0.050029,0.046489,0.048091,17777832.0
1763582400,0.048147,0.055364,0.048057,0.054188,34638766.0
1763596800,0.054188,0.059882,0.052422,0.059218,49606409.0
1763611200,0.05928,0.059983,0.056863,0.058615,19772313.0
1763625600,0.058591,0.062412,0.058384,0.061596,18653164.0
1763640000,0.061675,0.061954,0.058369,0.059236,33611404.0
1763654400,0.059166,0.059397,0.052737,0.054135,99256964.0
1763668800,0.05409,0.055911,0.053009,0.053976,16797505.0
1763683200,0.054105,0.054768,0.050284,0.05126,8777683.0
1763697600,0.05106,0.052836,0.048759,0.050475,13172525.0
1763712000,0.050381,0.052558,0.04994,0.051693,11050015.0
1763726400,0.051791,0.055544,0.050945,0.054294,8804893.0
1763740800,0.054319,0.05467,0.052291,0.053058,7108572.0
1763755200,0.053046,0.053208,0.051,0.052882,3095853.0
1763769600,0.052936,0.054562,0.051251,0.052365,4603237.0
1763784000,0.0522,0.052393,0.050267,0.051338,4301232.0
1763798400,0.051358,0.051376,0.05,0.050788,1568615.0
1763812800,0.05078,0.050904,0.049256,0.049948,8379884.0
1763827200,0.049943,0.050426,0.049705,0.05009,2314117.0
1763841600,0.05014,0.053698,0.049494,0.053395,3251105.0
1763856000,0.053376,0.053407,0.0518,0.05267,2441279.0
1763870400,0.052835,0.053431,0.051339,0.051801,2209256.0
1763884800,0.051801,0.052502,0.05146,0.052479,5646035.0
1763899200,0.052449,0.055726,0.052446,0.052834,2741483.0
1763913600,0.052862,0.053333,0.052146,0.052146,2193484.0
1763928000,0.052143,0.052734,0.05144,0.051488,2164373.0
1763942400,0.051519,0.052992,0.051229,0.052491,1308065.0
1763956800,0.052455,0.052791,0.05147,0.051595,659477.0
1763971200,0.051609,0.051969,0.051039,0.051273,1134277.0
1763985600,0.051264,0.051595,0.050039,0.051106,2369904.0
1764000000,0.051092,0.054745,0.050903,0.054199,4170185.0
1764014400,0.054197,0.054981,0.053878,0.054746,1124474.0
1764028800,0.054762,0.058167,0.052697,0.05287,7773819.0
1764043200,0.052865,0.052984,0.051667,0.051667,556927.0
1764057600,0.0517,0.052142,0.051562,0.05185,645439.0
1764072000,0.051874,0.052498,0.050958,0.051618,1783758.0
1764086400,0.051631,0.052384,0.051058,0.051574,3311272.0
1764100800,0.051559,0.053333,0.05149,0.053291,978295.0
1764115200,0.053384,0.053411,0.052284,0.052303,934019.0
1764129600,0.052341,0.053492,0.052218,0.053457,571970.0
1764144000,0.053466,0.053491,0.052472,0.052759,1789208.0
1764158400,0.052771,0.053391,0.052294,0.053023,1825986.0
1764172800,0.053041,0.055671,0.053041,0.054636,3312918.0
1764187200,0.054625,0.055236,0.054279,0.054628,1792471.0
1764201600,0.05464,0.055376,0.054254,0.054687,898183.0
1764216000,0.054728,0.056358,0.054728,0.055295,1704518.0
1764230400,0.0553,0.056144,0.0551,0.055289,3114582.0
1764244800,0.055363,0.055646,0.054672,0.055081,2244451.0
1764259200,0.05507,0.056848,0.055046,0.056168,7218879.0
1764273600,0.056188,0.058558,0.056139,0.056721,14830338.0
1764288000,0.056712,0.057199,0.0554,0.055661,4081825.0
1764302400,0.055643,0.055843,0.0552,0.055614,2273577.0
1764316800,0.055577,0.056363,0.055469,0.055834,620966.0
1764331200,0.055856,0.056292,0.055338,0.055879,1408566.0
1764345600,0.055749,0.055866,0.053766,0.05414,5967737.0
1764360000,0.054155,0.054155,0.053237,0.053357,2274721.0
1764374400,0.053427,0.053801,0.053282,0.053295,1632538.0
1764388800,0.053342,0.053586,0.052687,0.053215,1677872.0
1764403200,0.053255,0.053404,0.052618,0.052973,2255785.0
1764417600,0.052972,0.052977,0.052194,0.052573,5152329.0
1764432000,0.052635,0.052682,0.051841,0.052104,6504621.0
1764446400,0.052134,0.052426,0.051775,0.051775,5495828.0
1764460800,0.051783,0.052205,0.051425,0.051805,1454587.0
1764475200,0.051861,0.051887,0.051451,0.051574,863434.0
1764489600,0.051574,0.052405,0.05134,0.051555,2405453.0
1764504000,0.051563,0.052329,0.051479,0.051646,2653071.0
1764518400,0.051663,0.052801,0.051532,0.051757,2470995.0
1764532800,0.051778,0.051855,0.048688,0.048784,2285982.0
1764547200,0.048874,0.049047,0.045519,0.045694,11225803.0
1764561600,0.045668,0.045725,0.043789,0.04426,5767897.0
1764576000,0.04426,0.045357,0.043636,0.044305,4660265.0
1764590400,0.044325,0.044337,0.042883,0.043837,4882360.0
1764604800,0.043861,0.044109,0.043383,0.043817,2503512.0
1764619200,0.043866,0.045,0.043866,0.044678,3371534.0
1764633600,0.044686,0.045035,0.044155,0.044531,4877296.0
1764648000,0.044604,0.046975,0.043764,0.046371,4084705.0
1764662400,0.046378,0.050198,0.045999,0.049357,11954586.0
1764676800,0.049401,0.052748,0.049256,0.051699,12837188.0
1764691200,0.051701,0.05269,0.050565,0.050666,12839834.0
1764705600,0.050648,0.05067,0.048105,0.048304,4266003.0
1764720000,0.048269,0.049673,0.047627,0.047664,2150057.0
1764734400,0.047651,0.049591,0.0469,0.048675,9850084.0
1764748800,0.048719,0.049969,0.048065,0.049007,3496018.0
1764763200,0.049018,0.049555,0.047869,0.048748,5072666.0
1764777600,0.048808,0.049803,0.048235,0.049544,5576992.0
1764792000,0.049632,0.051784,0.049385,0.05067,2653365.0
1764806400,0.050689,0.052005,0.050182,0.051763,5956921.0
1764820800,0.051739,0.054264,0.050761,0.050813,10282834.0
1764835200,0.050827,0.051922,0.049888,0.050361,2277794.0
1764849600,0.050371,0.051133,0.049707,0.050622,6371587.0
1764864000,0.050648,0.050742,0.048771,0.049386,1958621.0
1764878400,0.049452,0.049485,0.04879,0.048951,1013958.0
1764892800,0.048952,0.049981,0.048818,0.049355,1061117.0
1764907200,0.049384,0.049682,0.04873,0.049336,1241750.0
1764921600,0.049336,0.04936,0.047857,0.048076,1827447.0
1764936000,0.048092,0.048092,0.046839,0.047222,2065557.0
1764950400,0.047188,0.047188,0.045738,0.046398,1609514.0
1764964800,0.046408,0.048177,0.046316,0.047205,533697.0
1764979200,0.047171,0.047865,0.046786,0.047123,1329976.0
1764993600,0.047127,0.047208,0.046826,0.046947,553351.0
1765008000,0.046983,0.047173,0.046458,0.046847,876611.0
1765022400,0.046866,0.047416,0.046508,0.047308,864019.0
1765036800,0.047264,0.047938,0.04699,0.047799,5023123.0
1765051200,0.047831,0.04873,0.047389,0.047661,6268415.0
1765065600,0.04767,0.048195,0.047105,0.047621,2968721.0
1765080000,0.047606,0.048285,0.047542,0.047889,770595.0
1765094400,0.047911,0.04799,0.04698,0.047424,1091684.0
1765108800,0.047419,0.047757,0.046225,0.047337,1328071.0
1765123200,0.047297,0.048642,0.04687,0.048024,2288132.0
1765137600,0.048054,0.04842,0.04649,0.048328,1599516.0
1765152000,0.048543,0.048929,0.04704,0.048653,2071692.0
1765166400,0.048594,0.051021,0.048386,0.050401,2406024.0
1765180800,0.050371,0.051541,0.050171,0.050293,966042.0
1765195200,0.050258,0.050395,0.048758,0.049099,1949483.0
1765209600,0.049027,0.049699,0.048111,0.04824,1077695.0
1765224000,0.048232,0.049259,0.04821,0.048935,1117025.0
1765238400,0.048955,0.048955,0.048096,0.04862,1046809.0
1765252800,0.048626,0.048646,0.04774,0.048324,4532313.0
1765267200,0.048305,0.048371,0.047698,0.048285,772009.0
1765281600,0.048265,0.052965,0.04822,0.052671,5538033.0
1765296000,0.052696,0.053117,0.050893,0.051385,11843948.0
1765310400,0.051267,0.0514,0.050001,0.050341,2834989.0
1765324800,0.050335,0.05094,0.049622,0.049651,1538008.0
1765339200,0.049572,0.050211,0.049485,0.050089,2081455.0
1765353600,0.050074,0.051614,0.049787,0.051444,4165211.0
1765368000,0.05144,0.051593,0.049859,0.050206,3163589.0
1765382400,0.050176,0.052414,0.049999,0.052082,1974684.0
1765396800,0.052174,0.052281,0.049667,0.049748,4312718.0
1765411200,0.049717,0.049782,0.048387,0.04921,2874029.0
1765425600,0.049158,0.049816,0.048922,0.049564,511001.0
1765440000,0.04948,0.049982,0.04898,0.049703,425666.0
1765454400,0.049695,0.051499,0.049481,0.050999,1157284.0
1765468800,0.050969,0.052037,0.049357,0.051095,3325746.0
1765483200,0.051069,0.0524,0.050861,0.052104,3770194.0
1765497600,0.052148,0.052242,0.050955,0.051117,7653441.0
1765512000,0.051094,0.051096,0.050291,0.050319,1029451.0
1765526400,0.050337,0.050494,0.049833,0.050494,1186918.0
1765540800,0.050482,0.050873,0.048051,0.048245,4065098.0
1765555200,0.048191,0.048975,0.047768,0.048503,3142261.0
1765569600,0.048473,0.048912,0.048378,0.048797,706414.0
1765584000,0.048831,0.048945,0.047854,0.048351,350860.0
1765598400,0.048354,0.048489,0.04808,0.048375,321927.0
1765612800,0.048384,0.049114,0.04836,0.049017,528192.0
1765627200,0.04899,0.049114,0.048437,0.048592,1142175.0
1765641600,0.048621,0.049073,0.048621,0.048907,413015.0
1765656000,0.048909,0.048918,0.048459,0.048834,608332.0
1765670400,0.048859,0.050126,0.04865,0.049762,651132.0
1765684800,0.049756,0.050136,0.049208,0.049996,401315.0
1765699200,0.049995,0.050981,0.048725,0.048885,1446320.0
1765713600,0.048872,0.049469,0.04814,0.048169,1040504.0
1765728000,0.048162,0.048563,0.046691,0.047345,1646065.0
1765742400,0.0474,0.047466,0.046252,0.046612,1814480.0
1765756800,0.046654,0.047863,0.04625,0.047552,1867101.0
1765771200,0.047585,0.04847,0.047496,0.047774,1249583.0
1765785600,0.047811,0.049076,0.047367,0.048809,780464.0
1765800000,0.048815,0.049396,0.045789,0.046794,3153451.0
1765814400,0.046796,0.046806,0.044743,0.045973,15496014.0
1765828800,0.045885,0.046186,0.045306,0.046154,1323513.0
1765843200,0.046134,0.047009,0.045618,0.04641,1780877.0
1765857600,0.046447,0.046459,0.045509,0.045727,1012286.0
1765872000,0.045734,0.046824,0.045704,0.046337,1428774.0
1765886400,0.046302,0.049019,0.04574,0.048777,3336691.0
1765900800,0.048814,0.049166,0.047958,0.048337,3164198.0
1765915200,0.048296,0.051039,0.048268,0.050555,2795170.0
1765929600,0.050476,0.05246,0.050268,0.051267,6114680.0
1765944000,0.05128,0.052754,0.050915,0.052337,3030618.0
1765958400,0.052221,0.052361,0.050657,0.051031,3059691.0
1765972800,0.051046,0.052774,0.050419,0.050648,5535255.0
1765987200,0.050745,0.051061,0.046953,0.048982,12552943.0
1766001600,0.049001,0.049747,0.045683,0.046236,23979758.0
1766016000,0.046236,0.046273,0.044715,0.04473,2183073.0
1766030400,0.044783,0.045431,0.044523,0.045024,4622946.0
1766044800,0.045076,0.045483,0.044523,0.045017,4812746.0
1766059200,0.044991,0.045446,0.043812,0.044646,6294870.0
1766073600,0.044691,0.044927,0.040509,0.040718,14503901.0
1766088000,0.040691,0.042722,0.040226,0.041239,3247915.0
1766102400,0.041241,0.041375,0.0373,0.038787,34722270.0
1766116800,0.038816,0.040253,0.038792,0.040017,6866000.0
1766131200,0.040021,0.040037,0.038442,0.038812,2706688.0
1766145600,0.038895,0.0405,0.038626,0.03988,5218855.0
1766160000,0.039841,0.042497,0.039552,0.041443,13028307.0
1766174400,0.041387,0.042344,0.041055,0.042283,4578459.0
1766188800,0.042283,0.044703,0.042227,0.043836,9887168.0
1766203200,0.043808,0.044053,0.042276,0.042653,2944667.0
1766217600,0.042665,0.043005,0.041875,0.042036,2347186.0
1766232000,0.042027,0.04314,0.04202,0.043065,3555758.0
1766246400,0.043046,0.046992,0.043023,0.045534,8798738.0
1766260800,0.045527,0.045869,0.044813,0.045213,2501167.0
1766275200,0.045212,0.045212,0.043111,0.043201,2921000.0
1766289600,0.043213,0.043977,0.043213,0.043591,2186823.0
1766304000,0.043614,0.044043,0.043066,0.043066,866061.0
1766318400,0.043042,0.043357,0.042005,0.042444,3620049.0
1766332800,0.042363,0.044948,0.04217,0.043527,2979255.0
1766347200,0.043665,0.043741,0.042919,0.043302,1169263.0
1766361600,0.043329,0.044578,0.042914,0.044178,2528806.0
1766376000,0.044153,0.044292,0.043362,0.043439,791358.0
1766390400,0.043449,0.04382,0.042941,0.043279,1332015.0
1766404800,0.043284,0.044108,0.04295,0.043288,1818293.0
1766419200,0.043352,0.043584,0.042176,0.042268,659228.0
1766433600,0.042215,0.042726,0.041514,0.042125,1938433.0
1766448000,0.042118,0.042885,0.041787,0.042183,1778233.0
1766462400,0.042218,0.042497,0.041657,0.041835,1955246.0
1766476800,0.04181,0.042469,0.041738,0.041932,1122959.0
1766491200,0.041857,0.042184,0.041234,0.041639,2320323.0
1766505600,0.041621,0.042094,0.041172,0.041622,922472.0
1766520000,0.041638,0.041981,0.0409,0.041318,1863167.0
1766534400,0.041318,0.041421,0.040301,0.040678,552628.0
1766548800,0.040656,0.040913,0.039753,0.039923,941250.0
1766563200,0.039837,0.040121,0.03903,0.039312,2797627.0
1766577600,0.039332,0.039515,0.039053,0.039463,1651226.0
1766592000,0.039502,0.040593,0.039394,0.040508,1246268.0
1766606400,0.040509,0.041272,0.040345,0.040806,3558089.0
1766620800,0.040827,0.040827,0.040324,0.040665,1405613.0
1766635200,0.040647,0.040805,0.040192,0.040805,1801986.0
1766649600,0.040856,0.040892,0.039798,0.039838,679135.0
1766664000,0.039788,0.040363,0.039726,0.040182,575077.0
1766678400,0.040213,0.040537,0.039959,0.040468,596967.0
1766692800,0.040483,0.040511,0.039084,0.039478,649751.0
1766707200,0.039481,0.040787,0.039163,0.040188,964366.0
1766721600,0.040135,0.040737,0.039873,0.039873,322041.0
1766736000,0.039883,0.040325,0.039742,0.040211,618137.0
1766750400,0.040182,0.040512,0.039307,0.039727,2057392.0
1766764800,0.03978,0.04004,0.039307,0.039765,1464129.0
1766779200,0.039769,0.040171,0.039361,0.040171,903647.0
1766793600,0.040129,0.040314,0.039832,0.039979,1353849.0
1766808000,0.039967,0.040091,0.039702,0.039916,2407507.0
1766822400,0.039906,0.040021,0.039466,0.04,1559951.0
1766836800,0.039995,0.040034,0.039436,0.039795,2224084.0
1766851200,0.039787,0.040442,0.03963,0.040442,1505952.0
1766865600,0.040341,0.040381,0.039733,0.040163,715371.0
1766880000,0.040228,0.040282,0.039741,0.03989,298689.0
1766894400,0.039812,0.039918,0.039531,0.03988,739128.0
1766908800,0.039883,0.040416,0.039715,0.039933,4553004.0
1766923200,0.039981,0.041483,0.039966,0.040791,1721120.0
1766937600,0.040875,0.04105,0.039706,0.03975,1147997.0
1766952000,0.039727,0.043442,0.039727,0.042663,31132114.0
1766966400,0.04265,0.044302,0.042,0.043607,10264784.0
1766980800,0.043611,0.044104,0.042724,0.043818,10961464.0
1766995200,0.043765,0.044339,0.041834,0.041848,16892196.0
1767009600,0.041878,0.041985,0.040852,0.041539,10972218.0
1767024000,0.04157,0.041581,0.040106,0.040382,5694575.0
1767038400,0.040329,0.040329,0.039324,0.039754,1490255.0
1767052800,0.039767,0.040067,0.039506,0.039951,2129950.0
1767067200,0.039896,0.040146,0.038597,0.038806,21248201.0
1767081600,0.038749,0.039047,0.038581,0.038846,3019314.0
1767096000,0.038863,0.03934,0.03856,0.039183,1371998.0
1767110400,0.03923,0.039275,0.038552,0.038883,3720627.0
1767124800,0.038915,0.038959,0.038537,0.038761,1358609.0
1767139200,0.038729,0.038742,0.036441,0.0367,4935473.0
1767153600,0.03672,0.036929,0.036096,0.036745,8683379.0
1767168000,0.036691,0.036691,0.035819,0.036332,3354243.0
1767182400,0.036369,0.036416,0.035726,0.035967,3999358.0
1767196800,0.035944,0.036145,0.034388,0.034543,5826512.0
1767211200,0.034552,0.036039,0.034217,0.035886,6410946.0
1767225600,0.035832,0.036579,0.035032,0.035064,1030759.0
1767240000,0.035204,0.035204,0.034564,0.034961,1280424.0
1767254400,0.034922,0.035121,0.034716,0.034934,318180.0
1767268800,0.034924,0.037796,0.034804,0.03698,6587730.0
1767283200,0.037056,0.037538,0.0364,0.036814,11009483.0
1767297600,0.036754,0.03716,0.036505,0.037009,1882554.0
1767312000,0.037035,0.037074,0.036208,0.036852,2802146.0
1767326400,0.036856,0.036947,0.036305,0.03634,4106768.0
1767340800,0.036342,0.037011,0.036288,0.036571,2182271.0
1767355200,0.036537,0.037199,0.036391,0.037037,1507876.0
1767369600,0.037143,0.042223,0.036984,0.040776,16677979.0
1767384000,0.040775,0.042282,0.039952,0.042066,10759664.0
1767398400,0.041962,0.043742,0.041573,0.043355,5774233.0
1767412800,0.043294,0.043724,0.041577,0.042165,10952278.0
1767427200,0.042137,0.044385,0.042041,0.044257,6176714.0
1767441600,0.04431,0.044917,0.042983,0.043056,6161853.0
1767456000,0.043165,0.043381,0.042432,0.04283,3951676.0
1767470400,0.04282,0.043098,0.042581,0.042711,1708667.0
1767484800,0.042705,0.043621,0.042603,0.043066,3722420.0
1767499200,0.043053,0.043389,0.042201,0.042438,7847267.0
1767513600,0.042441,0.04376,0.042195,0.043168,1809291.0
1767528000,0.043205,0.043908,0.043018,0.043359,1279552.0
1767542400,0.043201,0.043861,0.042491,0.042706,1505721.0
1767556800,0.042706,0.043863,0.042675,0.043329,4429596.0
1767571200,0.043402,0.044912,0.042959,0.043622,9417414.0
1767585600,0.043612,0.046141,0.043229,0.045685,16254782.0
1767600000,0.045667,0.046034,0.043513,0.044404,1675891.0
1767614400,0.044559,0.046835,0.042983,0.045098,7349506.0
1767628800,0.04511,0.045204,0.044107,0.044666,9406468.0
1767643200,0.044651,0.044651,0.04396,0.044093,5113318.0
1767657600,0.044099,0.044099,0.042878,0.043525,4791690.0
1767672000,0.0435,0.044022,0.043019,0.043278,1846155.0
1767686400,0.043298,0.043728,0.042683,0.043514,875226.0
1767700800,0.043548,0.044812,0.043143,0.044238,4957871.0
1767715200,0.044371,0.0444,0.041406,0.041787,8699528.0
1767729600,0.041804,0.043176,0.041804,0.043053,2352596.0
1767744000,0.043177,0.043567,0.041962,0.042416,2673660.0
1767758400,0.042391,0.042531,0.041946,0.042454,1400299.0
1767772800,0.042501,0.04267,0.041675,0.04202,729539.0
1767787200,0.04202,0.042072,0.040499,0.040583,1068926.0
1767801600,0.040628,0.041315,0.040512,0.040861,556642.0
1767816000,0.040858,0.040972,0.040068,0.040264,696107.0
1767830400,0.040215,0.040779,0.039573,0.039739,2124952.0
1767844800,0.039746,0.040225,0.039424,0.040088,420030.0
1767859200,0.040119,0.040337,0.039113,0.039211,1605995.0
1767873600,0.039229,0.039303,0.037978,0.038814,798261.0
1767888000,0.038835,0.039306,0.038375,0.038824,1368364.0
1767902400,0.038767,0.039176,0.038406,0.038663,1131756.0
1767916800,0.038665,0.039294,0.038559,0.039291,379102.0
1767931200,0.03928,0.039678,0.039097,0.039374,306964.0
1767945600,0.039325,0.039391,0.03848,0.038977,520839.0
1767960000,0.038952,0.039857,0.038652,0.039236,678873.0
1767974400,0.039328,0.039711,0.03828,0.038422,1515890.0
1767988800,0.038391,0.038651,0.038148,0.038436,693956.0
1768003200,0.03846,0.038524,0.038104,0.038277,505582.0
1768017600,0.038268,0.038433,0.038044,0.038321,615557.0
1768032000,0.038345,0.038662,0.038316,0.038589,600824.0
1768046400,0.038589,0.038678,0.038117,0.038163,491618.0
1768060800,0.038149,0.038297,0.037991,0.038148,590173.0
1768075200,0.038174,0.038191,0.037475,0.037693,368483.0
1768089600,0.037686,0.037686,0.037174,0.037526,1114982.0
1768104000,0.037532,0.03789,0.037419,0.037836,721227.0
1768118400,0.037844,0.037947,0.037693,0.037709,338857.0
1768132800,0.037753,0.037921,0.037381,0.037512,494814.0
1768147200,0.037577,0.038343,0.037577,0.037869,1605121.0
1768161600,0.037832,0.039154,0.037153,0.039154,4348933.0
1768176000,0.039156,0.039162,0.038222,0.038463,2955197.0
1768190400,0.038456,0.038897,0.038221,0.038391,3326219.0
1768204800,0.038385,0.038616,0.0333,0.036999,11395930.0
1768219200,0.037021,0.037694,0.036649,0.037628,2268540.0
1768233600,0.037707,0.037996,0.037184,0.03759,2097217.0
1768248000,0.037618,0.037732,0.036728,0.036915,1317432.0
1768262400,0.036916,0.037376,0.03688,0.037142,2125303.0
1768276800,0.03722,0.037307,0.036942,0.037007,378430.0
1768291200,0.037032,0.037703,0.037027,0.037658,1237118.0
1768305600,0.037596,0.038281,0.037258,0.037629,1506370.0
1768320000,0.03765,0.037927,0.037417,0.037753,752193.0
1768334400,0.037798,0.038667,0.037322,0.03811,1411485.0
1768348800,0.038239,0.038706,0.037801,0.038706,1278568.0
1768363200,0.038628,0.038682,0.03799,0.038179,1201487.0
1768377600,0.038201,0.038573,0.037742,0.037835,4349125.0
1768392000,0.037823,0.03827,0.037492,0.038074,2074536.0
1768406400,0.038126,0.03833,0.036899,0.037135,2342938.0
1768420800,0.037196,0.037416,0.03645,0.036623,1753708.0
1768435200,0.036612,0.036658,0.035633,0.035726,2424934.0
1768449600,0.035725,0.03666,0.035695,0.036577,754266.0
1768464000,0.036517,0.036887,0.036349,0.036534,590673.0
1768478400,0.036562,0.036696,0.035254,0.036406,2208373.0
1768492800,0.036386,0.036386,0.035616,0.035873,718176.0
1768507200,0.03588,0.03594,0.03538,0.035739,942467.0
1768521600,0.035765,0.036709,0.035598,0.036225,3629088.0
1768536000,0.036215,0.036704,0.035784,0.03633,1093775.0
1768550400,0.03628,0.036511,0.035945,0.035982,868740.0
1768564800,0.036018,0.037193,0.035546,0.03578,3082489.0
1768579200,0.035763,0.036399,0.035763,0.036114,2186982.0
1768593600,0.036156,0.036768,0.03597,0.036746,400562.0
1768608000,0.036766,0.036766,0.036275,0.036507,1699290.0
1768622400,0.036505,0.036651,0.036358,0.036512,373446.0
1768636800,0.036517,0.03688,0.036479,0.036522,348261.0
1768651200,0.036509,0.036869,0.036448,0.036786,1848460.0
1768665600,0.036816,0.036879,0.036215,0.03627,3536013.0
1768680000,0.036293,0.036426,0.035886,0.036026,647861.0
1768694400,0.036051,0.036163,0.035661,0.035801,1790487.0
1768708800,0.035751,0.035751,0.035346,0.035365,633790.0
1768723200,0.035374,0.035538,0.034949,0.035185,1523835.0
1768737600,0.035199,0.035329,0.034764,0.034934,777071.0
1768752000,0.034935,0.035239,0.034806,0.03484,413965.0
1768766400,0.03487,0.035082,0.033526,0.033545,2941250.0
1768780800,0.033597,0.033597,0.030899,0.033212,7896741.0
1768795200,0.033112,0.033243,0.032394,0.032424,724940.0
1768809600,0.032463,0.03333,0.03245,0.033156,1496028.0
1768824000,0.033145,0.033403,0.032701,0.032843,3798780.0
1768838400,0.032805,0.033051,0.032633,0.032778,880660.0
1768852800,0.032833,0.032966,0.032379,0.032615,516930.0
1768867200,0.032606,0.032682,0.032139,0.032411,1024572.0
1768881600,0.032414,0.032771,0.032134,0.032172,1066367.0
1768896000,0.032138,0.032337,0.031269,0.031965,3298202.0
1768910400,0.031955,0.032143,0.031422,0.031628,1329667.0
1768924800,0.031645,0.031738,0.030633,0.03091,2273078.0
1768939200,0.03088,0.031116,0.030357,0.030612,1486952.0
1768953600,0.030614,0.031598,0.030614,0.03148,3197720.0
1768968000,0.031511,0.031679,0.031085,0.031105,766809.0
1768982400,0.031122,0.031181,0.030587,0.030661,1111298.0
1768996800,0.030668,0.031588,0.030332,0.031588,1857617.0
1769011200,0.031641,0.03284,0.030725,0.03268,1956592.0
1769025600,0.032716,0.032716,0.03158,0.031639,1277588.0
1769040000,0.031653,0.03199,0.031442,0.031486,685759.0
1769054400,0.031499,0.03177,0.031144,0.031179,1578209.0
1769068800,0.031224,0.031535,0.031126,0.031205,374609.0
1769083200,0.031211,0.031328,0.03019,0.030564,1409492.0
1769097600,0.030557,0.031175,0.030508,0.030795,1290498.0
1769112000,0.030794,0.030907,0.030445,0.030514,742808.0
1769126400,0.030531,0.030836,0.03032,0.030836,2480580.0
1769140800,0.030832,0.031461,0.030715,0.031211,899645.0
1769155200,0.031194,0.031318,0.030738,0.031143,673095.0
1769169600,0.031177,0.0319,0.030833,0.031184,1391405.0
1769184000,0.031203,0.031791,0.030734,0.030763,1051633.0
1769198400,0.030767,0.031525,0.030389,0.031159,3788947.0
1769212800,0.031151,0.03179,0.030904,0.030972,935246.0
1769227200,0.030989,0.031189,0.030838,0.030973,506120.0
1769241600,0.030991,0.031192,0.030891,0.031062,475089.0
1769256000,0.031103,0.031493,0.031067,0.031121,732853.0
1769270400,0.031128,0.031271,0.030918,0.030939,471612.0
1769284800,0.03094,0.031847,0.030881,0.031739,1903552.0
1769299200,0.031729,0.032768,0.031673,0.031903,3580901.0
1769313600,0.031881,0.032775,0.031575,0.032598,2608819.0
1769328000,0.032568,0.033036,0.032028,0.032243,2110850.0
1769342400,0.032248,0.032887,0.031992,0.03281,5533435.0
1769356800,0.032787,0.032814,0.029655,0.029778,3370318.0
1769371200,0.029799,0.030356,0.029646,0.030227,790221.0
1769385600,0.030231,0.031098,0.029966,0.03042,2485153.0
1769400000,0.030489,0.031043,0.030489,0.030779,1148043.0
1769414400,0.030802,0.031,0.030248,0.030561,966243.0
1769428800,0.030567,0.031366,0.030501,0.030915,981162.0
1769443200,0.030986,0.031454,0.030737,0.031232,1603124.0
1769457600,0.031216,0.031797,0.031068,0.031341,2082649.0
1769472000,0.031391,0.031391,0.030913,0.031193,1631577.0
1769486400,0.031186,0.031319,0.030609,0.030713,976902.0
1769500800,0.030724,0.03085,0.030467,0.030681,1146803.0
1769515200,0.030693,0.030773,0.029947,0.030432,1519208.0
1769529600,0.03044,0.031051,0.030195,0.030737,7362325.0
1769544000,0.030726,0.031546,0.030684,0.03128,1751194.0
1769558400,0.031297,0.031438,0.030868,0.030888,849575.0
1769572800,0.030879,0.031066,0.030752,0.030847,1954137.0
1769587200,0.030898,0.031219,0.030747,0.031219,529287.0
1769601600,0.031219,0.03123,0.030689,0.030849,1167593.0
1769616000,0.030875,0.030966,0.030584,0.030826,985794.0
1769630400,0.030805,0.030986,0.030479,0.030585,3009238.0
1769644800,0.030637,0.030672,0.028536,0.028631,8272522.0
1769659200,0.028623,0.029366,0.028481,0.029153,1370563.0
1769673600,0.029155,0.029178,0.028442,0.028528,2438530.0
1769688000,0.028502,0.028544,0.026644,0.027162,3647625.0
1769702400,0.027111,0.027695,0.026739,0.027052,2050389.0
1769716800,0.027061,0.027459,0.026906,0.026984,512681.0
1769731200,0.026984,0.027127,0.025892,0.026268,2062543.0
1769745600,0.026283,0.026739,0.026007,0.026207,2119303.0
1769760000,0.02621,0.026704,0.02601,0.026615,417202.0
1769774400,0.02668,0.026687,0.025719,0.025721,1249861.0
1769788800,0.025683,0.025989,0.025104,0.025798,1507849.0
1769803200,0.025781,0.02582,0.0253,0.025534,815038.0
1769817600,0.025547,0.025603,0.024937,0.025039,2082623.0
1769832000,0.025052,0.02523,0.024516,0.024684,752802.0
1769846400,0.024688,0.024729,0.023708,0.023779,2413967.0
1769860800,0.023776,0.023825,0.022331,0.022636,1914662.0
1769875200,0.02269,0.02284,0.020165,0.021982,9106610.0
1769889600,0.021998,0.022379,0.021816,0.022171,2833476.0
1769904000,0.022165,0.042149,0.022127,0.039346,87257345.0
1769918400,0.039347,0.039905,0.034127,0.037269,84536049.0
1769932800,0.037266,0.03907,0.029906,0.030133,52875603.0
1769947200,0.030047,0.030467,0.026128,0.027051,49762059.0
1769961600,0.02709,0.028,0.026413,0.027148,29592088.0
1769976000,0.027173,0.027404,0.025041,0.025747,18356305.0
1769990400,0.025748,0.029223,0.024526,0.026737,57172186.0
1770004800,0.026739,0.027932,0.02514,0.025161,33043430.0
1770019200,0.025158,0.026244,0.024948,0.025721,16960608.0
1770033600,0.025754,0.026351,0.02495,0.026034,13812977.0
1770048000,0.026017,0.026814,0.025952,0.026142,7262703.0
1770062400,0.026137,0.027057,0.025686,0.026223,7964881.0
1770076800,0.026244,0.026244,0.024092,0.024575,14550078.0
1770091200,0.024571,0.02479,0.024186,0.024399,4354324.0
1770105600,0.024368,0.024476,0.023824,0.024005,3388092.0
1770120000,0.023989,0.025156,0.023946,0.024974,7168150.0
1770134400,0.024968,0.0253,0.023518,0.02498,8785957.0
1770148800,0.024984,0.025637,0.024326,0.024371,13773819.0
1770163200,0.024387,0.02648,0.024246,0.026216,15188897.0
1770177600,0.026204,0.028342,0.025835,0.027865,22682524.0
1770192000,0.027907,0.028106,0.026599,0.027371,15931619.0
1770206400,0.027405,0.027437,0.026269,0.026886,11038561.0
1770220800,0.026834,0.027045,0.025757,0.026775,15600647.0
1770235200,0.026723,0.026865,0.025769,0.026081,9380068.0
1770249600,0.026092,0.026241,0.025145,0.025212,8484713.0
1770264000,0.025196,0.025983,0.024973,0.025475,10274494.0
1770278400,0.025467,0.026529,0.02528,0.025443,6496342.0
1770292800,0.025394,0.025465,0.024238,0.024429,12055697.0
1770307200,0.02446,0.024707,0.023036,0.023099,12507753.0
1770321600,0.023086,0.023153,0.02176,0.021944,17171996.0
1770336000,0.021966,0.022561,0.020277,0.021728,38191805.0
1770350400,0.021724,0.022409,0.021627,0.02209,4333376.0
1770364800,0.022029,0.022978,0.021923,0.022786,8626476.0
1770379200,0.022774,0.024504,0.022682,0.024202,9351347.0
1770393600,0.024095,0.025174,0.024084,0.024266,3212135.0
1770408000,0.024223,0.024436,0.023896,0.023919,1757715.0
1770422400,0.023928,0.023956,0.022343,0.022721,7946426.0
1770436800,0.022692,0.023033,0.021737,0.021952,2671491.0
1770451200,0.02198,0.022279,0.021789,0.021922,1406266.0
1770465600,0.021902,0.022476,0.021873,0.022394,4011360.0
1770480000,0.022377,0.022889,0.022217,0.02222,8818487.0
1770494400,0.022249,0.022799,0.022156,0.022547,1336080.0
1770508800,0.02258,0.022594,0.021951,0.021998,3540109.0
1770523200,0.022001,0.022154,0.021865,0.021964,939636.0
1770537600,0.02196,0.022285,0.021827,0.022214,1985167.0
1770552000,0.022244,0.022244,0.021837,0.021938,1114343.0
1770566400,0.021934,0.022019,0.021372,0.021951,1242798.0
1770580800,0.021952,0.022115,0.021524,0.021605,1350055.0
1770595200,0.021589,0.021763,0.021259,0.021758,1204854.0
1770609600,0.021769,0.021769,0.021292,0.021383,1037867.0
1770624000,0.021365,0.021399,0.020725,0.020933,1484533.0
1770638400,0.020953,0.020973,0.020431,0.020763,1728171.0
1770652800,0.020794,0.021308,0.020649,0.021172,1241717.0
1770667200,0.021172,0.021488,0.020956,0.021304,3290727.0
1770681600,0.021327,0.021682,0.020637,0.020784,5931786.0
1770696000,0.020774,0.021012,0.020459,0.020655,3540551.0
1770710400,0.020677,0.02102,0.020623,0.020757,1138029.0
1770724800,0.020724,0.021145,0.02059,0.020856,4193682.0
1770739200,0.02088,0.021094,0.020475,0.020689,1364676.0
1770753600,0.020662,0.020732,0.020461,0.020613,2870872.0
1770768000,0.020594,0.020937,0.020387,0.02061,4254984.0
1770782400,0.020585,0.020642,0.020115,0.020501,4327039.0
1770796800,0.020482,0.020856,0.020233,0.020792,3204164.0
1770811200,0.02078,0.02126,0.020441,0.02063,4217026.0
1770825600,0.020664,0.021337,0.020602,0.020938,2270529.0
1770840000,0.020899,0.021392,0.020852,0.02111,4271183.0
1770854400,0.021108,0.021383,0.021042,0.021163,3153414.0
1770868800,0.021164,0.021557,0.021106,0.021504,1701355.0
1770883200,0.02153,0.021733,0.021412,0.02155,3532095.0
1770897600,0.021521,0.021535,0.020935,0.021003,5606750.0
1770912000,0.021004,0.021057,0.020608,0.020816,4122870.0
1770926400,0.020839,0.02108,0.020595,0.021073,1919990.0
1770940800,0.02104,0.021112,0.0206,0.020756,1444645.0
1770955200,0.020779,0.020906,0.020661,0.020862,1567156.0
1770969600,0.020875,0.02106,0.02086,0.021012,691595.0
1770984000,0.021013,0.021678,0.020917,0.021477,3312669.0
1770998400,0.021504,0.021848,0.021502,0.021678,2348344.0
1771012800,0.021666,0.021776,0.021514,0.021546,1590848.0
1771027200,0.021536,0.021824,0.021536,0.021633,1058551.0
1771041600,0.021631,0.021753,0.0215,0.021741,493948.0
1771056000,0.021775,0.022069,0.021699,0.022025,809699.0
1771070400,0.022031,0.022068,0.021569,0.021923,655639.0
1771084800,0.021916,0.022199,0.021768,0.022145,610183.0
1771099200,0.022171,0.02234,0.021948,0.022092,702745.0
1771113600,0.022066,0.022155,0.021582,0.021864,10343195.0
1771128000,0.021882,0.022085,0.021835,0.021982,2601022.0
1771142400,0.021995,0.022063,0.021597,0.021793,1794985.0
1771156800,0.02181,0.021823,0.020957,0.021121,2981603.0
1771171200,0.021122,0.021222,0.020787,0.020844,3755056.0
1771185600,0.020821,0.021299,0.020821,0.021154,1688067.0
1771200000,0.021182,0.021326,0.020873,0.020984,694468.0
1771214400,0.020972,0.021152,0.020806,0.020845,2353843.0
1771228800,0.020816,0.020988,0.020345,0.020854,7084757.0
1771243200,0.020829,0.021223,0.020551,0.020566,4533614.0
1771257600,0.020566,0.02121,0.020543,0.021138,1510332.0
1771272000,0.021121,0.021429,0.021101,0.021365,8299710.0
1771286400,0.02136,0.021923,0.021308,0.021791,4772748.0
1771300800,0.021788,0.022171,0.0215,0.022017,3510110.0
1771315200,0.022031,0.023112,0.021756,0.022512,10523843.0
1771329600,0.022431,0.023069,0.021981,0.02223,9718253.0
1771344000,0.022231,0.024617,0.022,0.023313,136539522.0
1771358400,0.023298,0.023435,0.022303,0.022809,72833014.0
1771372800,0.022877,0.023426,0.022039,0.022233,25775159.0
1771387200,0.022211,0.022412,0.022021,0.022181,4452294.0
1771401600,0.022196,0.0226,0.022012,0.022024,12724854.0
1771416000,0.022045,0.022056,0.021527,0.02181,35547881.0
1771430400,0.021814,0.021814,0.021125,0.021202,8645440.0
1771444800,0.021203,0.021405,0.021184,0.0213,5322980.0
1771459200,0.02131,0.021315,0.020953,0.020991,4270924.0
1771473600,0.021024,0.021231,0.02096,0.021134,1100092.0
1771488000,0.021115,0.021157,0.020875,0.020875,2730736.0
1771502400,0.020882,0.020931,0.020336,0.02055,3174668.0
1771516800,0.020526,0.020716,0.020408,0.020672,2830363.0
1771531200,0.02066,0.021039,0.020603,0.021039,2001278.0
1771545600,0.021026,0.021193,0.020942,0.020952,3166748.0
1771560000,0.020964,0.021047,0.02082,0.020889,1711595.0
1771574400,0.020889,0.021112,0.020766,0.020799,1809824.0
1771588800,0.020802,0.021014,0.020551,0.020957,2242470.0
1771603200,0.020964,0.021073,0.020707,0.020843,1467073.0
1771617600,0.020833,0.021049,0.020791,0.021003,598995.0
1771632000,0.021038,0.021089,0.020813,0.020843,1019913.0
1771646400,0.020854,0.020904,0.020646,0.020712,855280.0
1771660800,0.020731,0.020913,0.020697,0.020704,1073520.0
1771675200,0.020749,0.020805,0.020643,0.020724,1015279.0
1771689600,0.020719,0.020719,0.020559,0.020662,862391.0
1771704000,0.020677,0.020678,0.020445,0.020445,515146.0
1771718400,0.020454,0.020934,0.020399,0.020476,3741508.0
1771732800,0.020504,0.020676,0.020344,0.020574,1277460.0
1771747200,0.020567,0.020655,0.020401,0.020433,2127594.0
1771761600,0.020421,0.02047,0.019728,0.020012,8449815.0
1771776000,0.019984,0.020229,0.019976,0.019996,2508735.0
1771790400,0.020019,0.020307,0.019883,0.020136,2560004.0
1771804800,0.020131,0.020148,0.019048,0.019182,6818049.0
1771819200,0.019184,0.019638,0.01918,0.019589,3708011.0
1771833600,0.019601,0.020064,0.019508,0.019926,2204448.0
1771848000,0.019969,0.020103,0.019664,0.019689,1800712.0
1771862400,0.019671,0.019723,0.019288,0.019399,2016775.0
1771876800,0.019385,0.019531,0.019307,0.019431,1207066.0
1771891200,0.019436,0.019454,0.018982,0.019059,991133.0
1771905600,0.019073,0.019097,0.018751,0.018833,2305977.0
1771920000,0.018844,0.018961,0.018695,0.018754,3870408.0
1771934400,0.018774,0.019029,0.018568,0.018944,8908402.0
1771948800,0.018945,0.019155,0.01886,0.018918,1489162.0
1771963200,0.01894,0.019169,0.01888,0.019026,3636872.0
1771977600,0.01902,0.019839,0.019006,0.019566,2140906.0
1771992000,0.019564,0.019715,0.019404,0.019534,805086.0
1772006400,0.019534,0.019766,0.019506,0.019744,732145.0
1772020800,0.019736,0.020124,0.019654,0.019993,2898772.0
1772035200,0.020038,0.020251,0.019996,0.020197,3811215.0
1772049600,0.020198,0.02032,0.019404,0.019542,2527424.0
1772064000,0.019544,0.019608,0.019384,0.019481,1255873.0
1772078400,0.019486,0.019631,0.019198,0.01936,2192702.0
1772092800,0.019387,0.019539,0.019258,0.019294,2009298.0
1772107200,0.019297,0.019447,0.019191,0.019263,1368366.0
1772121600,0.019284,0.019319,0.018775,0.019172,1521563.0
1772136000,0.01917,0.019267,0.019058,0.019083,792082.0
1772150400,0.019085,0.019175,0.018929,0.019154,1844461.0
1772164800,0.019158,0.019363,0.019055,0.019159,605313.0
1772179200,0.019149,0.019233,0.018782,0.018826,1050000.0
1772193600,0.018814,0.018882,0.018662,0.01874,1941608.0
1772208000,0.018749,0.018838,0.018493,0.018548,2079852.0
1772222400,0.01853,0.018617,0.018271,0.018602,737144.0
1772236800,0.018603,0.018905,0.018565,0.018574,1479913.0
1772251200,0.018593,0.018631,0.017692,0.017941,2138216.0
1772265600,0.017918,0.018012,0.017763,0.017805,925109.0
1772280000,0.017811,0.018275,0.017694,0.0181,1037081.0
1772294400,0.018106,0.01834,0.01797,0.018226,2798061.0
1772308800,0.018225,0.018621,0.018213,0.01834,860531.0
1772323200,0.018355,0.018779,0.018241,0.01854,1692804.0
1772337600,0.01858,0.018584,0.018271,0.018475,1888164.0
1772352000,0.018494,0.018494,0.018147,0.018227,1503062.0
1772366400,0.018226,0.018356,0.018024,0.018186,1098327.0
1772380800,0.018217,0.018292,0.017722,0.017734,1516683.0
1772395200,0.017722,0.017917,0.017344,0.017759,2363036.0
1772409600,0.017795,0.017998,0.017692,0.017881,1194140.0
1772424000,0.017905,0.01799,0.017345,0.017413,1992155.0
1772438400,0.017405,0.017419,0.017175,0.017355,5585696.0
1772452800,0.017366,0.018479,0.01726,0.018194,3886588.0
1772467200,0.018199,0.018446,0.017778,0.017892,2429315.0
1772481600,0.017878,0.01796,0.017525,0.017636,1459640.0
1772496000,0.017672,0.017672,0.017337,0.017375,802969.0
1772510400,0.017396,0.017533,0.017301,0.017384,1011273.0
1772524800,0.017371,0.017404,0.016978,0.017194,1234608.0
1772539200,0.017187,0.017368,0.016817,0.017143,1026134.0
1772553600,0.01715,0.017472,0.017124,0.017168,1456587.0
1772568000,0.017159,0.017194,0.016948,0.017059,2182174.0
1772582400,0.017045,0.017228,0.016937,0.017075,2462696.0
1772596800,0.017073,0.017264,0.017009,0.017191,1015677.0
1772611200,0.017201,0.017601,0.017067,0.017482,4392997.0
1772625600,0.017502,0.017854,0.017302,0.017854,1436830.0
1772640000,0.01788,0.017894,0.017499,0.017671,3679970.0
1772654400,0.017672,0.01769,0.017186,0.017334,1434118.0
1772668800,0.017311,0.017348,0.016997,0.017197,917506.0
1772683200,0.017227,0.017618,0.017188,0.017432,1861523.0
1772697600,0.017461,0.017635,0.017299,0.017337,1952836.0
1772712000,0.017364,0.017448,0.017014,0.017112,672191.0
1772726400,0.017116,0.01713,0.016721,0.017007,3517602.0
1772740800,0.017005,0.017224,0.016976,0.017004,954045.0
1772755200,0.017022,0.020237,0.016955,0.018844,17664026.0
1772769600,0.018768,0.018918,0.018062,0.018662,5488843.0
1772784000,0.018603,0.018603,0.01757,0.017652,3311724.0
1772798400,0.017652,0.017667,0.016997,0.01714,4862108.0
1772812800,0.01712,0.017376,0.017007,0.017157,1757455.0
1772827200,0.017172,0.017494,0.017114,0.017247,3123474.0
1772841600,0.017258,0.017832,0.016805,0.017634,4666580.0
1772856000,0.017626,0.018437,0.017152,0.017344,6745432.0
1772870400,0.017305,0.018249,0.017217,0.018199,3595551.0
1772884800,0.018203,0.018694,0.017947,0.018478,7965206.0
1772899200,0.018472,0.018828,0.018211,0.018211,5461817.0
1772913600,0.018237,0.018705,0.01818,0.018599,2655209.0
1772928000,0.018553,0.018609,0.017632,0.017674,2767132.0
1772942400,0.017659,0.017981,0.017551,0.017789,2474769.0
1772956800,0.017764,0.017952,0.01767,0.017758,1208357.0
1772971200,0.017746,0.017821,0.017542,0.017621,2082666.0
1772985600,0.017626,0.017875,0.01742,0.017826,1657872.0
1773000000,0.017821,0.018052,0.017373,0.017468,9850469.0
1773014400,0.017488,0.017925,0.017149,0.017805,3270422.0
1773028800,0.01781,0.018009,0.017616,0.017695,2205900.0
1773043200,0.017684,0.017892,0.017609,0.017841,1295037.0
1773057600,0.017835,0.018066,0.017676,0.017676,12005160.0
1773072000,0.017705,0.017837,0.017577,0.017682,2624438.0
1773086400,0.017685,0.017792,0.01745,0.017494,2981459.0
1773100800,0.0175,0.017809,0.017368,0.017456,665556.0
1773115200,0.017493,0.017805,0.017435,0.01765,1508659.0
1773129600,0.017644,0.017814,0.017644,0.017675,918190.0
1773144000,0.017677,0.017677,0.017261,0.017674,1515216.0
1773158400,0.017681,0.01785,0.017355,0.017443,11745087.0
1773172800,0.017461,0.017542,0.017257,0.017325,1686328.0
1773187200,0.017339,0.017339,0.017051,0.017132,3149321.0
1773201600,0.017119,0.017294,0.01704,0.017166,1565845.0
1773216000,0.017182,0.017224,0.016997,0.017039,644521.0
1773230400,0.017032,0.017371,0.01702,0.017121,828387.0
1773244800,0.017121,0.017469,0.017101,0.017349,1446226.0
1773259200,0.017357,0.017408,0.017213,0.01725,946252.0
1773273600,0.01726,0.017395,0.017224,0.017272,3059906.0
1773288000,0.017265,0.017399,0.017219,0.017343,1553374.0
1773302400,0.017355,0.017432,0.017244,0.017305,474504.0
1773316800,0.017287,0.017738,0.017269,0.017478,1408994.0
1773331200,0.017471,0.017802,0.017471,0.017509,3075824.0
1773345600,0.01751,0.017555,0.017363,0.017433,1610703.0
1773360000,0.017433,0.017789,0.017378,0.017718,2186983.0
1773374400,0.017724,0.017865,0.017665,0.017772,2754373.0
1773388800,0.017779,0.017802,0.01764,0.017681,750414.0
1773403200,0.017694,0.01786,0.017496,0.017551,1788873.0
1773417600,0.01758,0.017665,0.017254,0.017311,1171399.0
1773432000,0.017323,0.017456,0.017209,0.017244,1699268.0
1773446400,0.017249,0.017249,0.017028,0.017165,2764642.0
1773460800,0.017175,0.017247,0.01699,0.017115,566166.0
1773475200,0.017118,0.017212,0.016866,0.017011,1048532.0
1773489600,0.017021,0.017094,0.016923,0.01696,2120195.0
1773504000,0.01695,0.017026,0.016789,0.016789,1471833.0
1773518400,0.016793,0.016849,0.016621,0.016819,2890330.0
1773532800,0.016827,0.016949,0.016733,0.016817,1594154.0
1773547200,0.016817,0.016885,0.016701,0.016848,1222160.0
1773561600,0.016885,0.017079,0.016853,0.016951,1029274.0
1773576000,0.016959,0.017,0.016739,0.016874,6701777.0
1773590400,0.016888,0.016954,0.016783,0.01693,1196534.0
1773604800,0.016924,0.017058,0.016801,0.016968,2456238.0
1773619200,0.016993,0.017308,0.016964,0.017218,1247315.0
1773633600,0.01723,0.017342,0.017177,0.017279,1629155.0
1773648000,0.017281,0.017631,0.017281,0.017487,1341701.0
1773662400,0.017507,0.017637,0.017345,0.017443,1584253.0
1773676800,0.017512,0.017595,0.017402,0.017463,418952.0
1773691200,0.017483,0.017799,0.017461,0.017764,2713701.0
1773705600,0.017764,0.018196,0.017516,0.017571,1678855.0
1773720000,0.01761,0.018984,0.017405,0.018984,5017878.0
1773734400,0.019038,0.019662,0.017727,0.017913,11827764.0
1773748800,0.017903,0.017981,0.017665,0.017735,2413875.0
1773763200,0.017761,0.017763,0.017594,0.017635,799453.0
1773777600,0.017632,0.017822,0.017549,0.017675,975298.0
1773792000,0.017676,0.018241,0.017552,0.018158,1016845.0
1773806400,0.018155,0.018594,0.017613,0.017751,4811535.0
1773820800,0.017778,0.017986,0.017503,0.01757,1699273.0
1773835200,0.017562,0.017625,0.016896,0.017076,2595902.0
1773849600,0.017044,0.017104,0.016764,0.016821,2083553.0
1773864000,0.016824,0.01713,0.016732,0.017066,962502.0
1773878400,0.017067,0.0171,0.016845,0.016957,2641631.0
1773892800,0.016952,0.016996,0.01665,0.016741,1016227.0
1773907200,0.016731,0.016881,0.01667,0.016866,908420.0
1773921600,0.016866,0.016867,0.0165,0.016684,2160538.0
1773936000,0.016685,0.016895,0.016602,0.016737,1058966.0
1773950400,0.016742,0.017002,0.016742,0.016904,666243.0
1773964800,0.016906,0.017017,0.01684,0.016976,2180559.0
1773979200,0.016973,0.017056,0.016707,0.016854,2127673.0
1773993600,0.016854,0.016963,0.016775,0.016892,807387.0
1774008000,0.016899,0.016972,0.016793,0.016948,604090.0
1774022400,0.01694,0.016976,0.016657,0.016775,535898.0
1774036800,0.016766,0.016947,0.016669,0.016759,581248.0
1774051200,0.016759,0.016827,0.016661,0.0167,498960.0
1774065600,0.016694,0.016858,0.016693,0.016736,762295.0
1774080000,0.016748,0.016907,0.016721,0.01679,960872.0
1774094400,0.016806,0.016857,0.016699,0.016848,600240.0
1774108800,0.016846,0.016937,0.016781,0.016861,543202.0
1774123200,0.016867,0.016946,0.016432,0.016526,852172.0
1774137600,0.016481,0.016523,0.016175,0.01635,2645820.0
1774152000,0.016358,0.01638,0.016228,0.016237,743186.0
1774166400,0.016234,0.016255,0.015946,0.015968,1224658.0
1774180800,0.015968,0.016227,0.015968,0.016092,998721.0
1774195200,0.016084,0.016109,0.015614,0.015705,1169383.0
1774209600,0.015737,0.015793,0.015468,0.015701,980029.0
1774224000,0.015711,0.015839,0.015535,0.015729,1494128.0
1774238400,0.015758,0.016095,0.015615,0.01575,1127505.0
1774252800,0.015759,0.016358,0.015604,0.016124,1842392.0
1774267200,0.016141,0.016493,0.016058,0.016219,762754.0
1774281600,0.016274,0.016318,0.016124,0.016161,539557.0
1774296000,0.016159,0.016202,0.015983,0.016131,810171.0
1774310400,0.016116,0.016675,0.015938,0.016066,3034540.0
1774324800,0.01609,0.016236,0.016025,0.016236,902081.0
1774339200,0.016261,0.016383,0.016025,0.016051,1331154.0
1774353600,0.01606,0.016098,0.015862,0.015926,1145337.0
1774368000,0.015922,0.015956,0.015753,0.015775,972531.0
1774382400,0.015774,0.015994,0.015753,0.015941,768449.0
1774396800,0.015951,0.015987,0.015848,0.015951,694264.0
1774411200,0.015962,0.016053,0.01594,0.015986,634376.0
1774425600,0.01599,0.016444,0.015953,0.016199,2377952.0
1774440000,0.016219,0.016352,0.016091,0.016257,1013182.0
1774454400,0.016257,0.016364,0.016176,0.016228,650683.0
1774468800,0.016255,0.016387,0.016096,0.016358,905316.0
1774483200,0.01635,0.016402,0.016048,0.016048,913839.0
1774497600,0.016064,0.016093,0.015801,0.01583,694517.0
1774512000,0.015826,0.015883,0.015515,0.015546,936563.0
1774526400,0.015539,0.015658,0.015466,0.015535,1154592.0
1774540800,0.015531,0.015711,0.015411,0.015475,1029601.0
1774555200,0.015453,0.015684,0.015428,0.015521,906589.0
1774569600,0.015517,0.015572,0.015295,0.015322,2417990.0
1774584000,0.015323,0.0154,0.015223,0.015377,882975.0
1774598400,0.015386,0.015405,0.014886,0.014892,1895881.0
1774612800,0.014931,0.015002,0.014773,0.014895,3291887.0
1774627200,0.014894,0.014928,0.0146,0.014739,3488401.0
1774641600,0.014735,0.014824,0.014685,0.014774,921685.0
1774656000,0.014786,0.014788,0.0146,0.0146,12267760.0
1774670400,0.014601,0.014666,0.014496,0.014666,4107436.0
1774684800,0.014648,0.01481,0.01463,0.014801,765846.0
1774699200,0.014823,0.015248,0.014803,0.014979,2114778.0
1774713600,0.014982,0.015054,0.014933,0.014943,744639.0
1774728000,0.014956,0.015083,0.014832,0.014863,808938.0
1774742400,0.01485,0.014882,0.014636,0.014823,1265782.0
1774756800,0.014827,0.014844,0.014513,0.014543,1469677.0
1774771200,0.014536,0.014552,0.014314,0.014413,982144.0
1774785600,0.014418,0.014478,0.01423,0.01429,1420922.0
1774800000,0.014307,0.014441,0.01426,0.014374,1405622.0
1774814400,0.014364,0.014662,0.014289,0.014391,2136368.0
1774828800,0.0144,0.014741,0.014347,0.014721,2347290.0
1774843200,0.014725,0.0148,0.014602,0.014671,665386.0
1774857600,0.014682,0.014749,0.014539,0.014672,795999.0
1774872000,0.014692,0.014742,0.01445,0.014553,1243171.0
1774886400,0.014565,0.014635,0.014348,0.014418,895864.0
1774900800,0.014414,0.014588,0.014341,0.014388,1764174.0
1774915200,0.014404,0.014519,0.014229,0.01426,1040383.0
1774929600,0.014259,0.014391,0.014234,0.01434,1314473.0
1774944000,0.014331,0.014347,0.013978,0.01402,1763454.0
1774958400,0.014048,0.014101,0.013788,0.013788,2149668.0
1774972800,0.013787,0.014025,0.013684,0.013881,2399492.0
1774987200,0.013878,0.013974,0.013626,0.013772,4093255.0
1775001600,0.013777,0.013824,0.013563,0.01363,1635875.0
1775016000,0.01364,0.014151,0.013558,0.014029,2135075.0
1775030400,0.014035,0.014092,0.013696,0.013846,1412467.0
1775044800,0.013859,0.014034,0.013827,0.013993,2331540.0
1775059200,0.014011,0.014256,0.013995,0.014135,1067982.0
1775073600,0.014101,0.014218,0.013964,0.014011,1280569.0
1775088000,0.014025,0.014496,0.013442,0.013531,8076806.0
1775102400,0.013553,0.014317,0.013477,0.014277,2297390.0
1775116800,0.014261,0.01486,0.01423,0.014396,5328345.0
1775131200,0.014456,0.014456,0.013873,0.013897,4224712.0
1775145600,0.013874,0.014024,0.013705,0.013894,2253986.0
1775160000,0.013881,0.014137,0.013881,0.014012,3056137.0
1775174400,0.014021,0.014045,0.013832,0.013957,3315172.0
1775188800,0.013945,0.014,0.013837,0.013935,1997520.0
1775203200,0.01394,0.014076,0.013932,0.014022,1461180.0
1775217600,0.014037,0.014266,0.013956,0.013993,1716617.0
1775232000,0.013973,0.014092,0.013714,0.013776,1885314.0
1775246400,0.013777,0.013903,0.013666,0.013747,1144479.0
1775260800,0.013743,0.013957,0.013675,0.013884,3291625.0
1775275200,0.013879,0.014057,0.013832,0.013969,2325678.0
1775289600,0.013985,0.014052,0.013865,0.013901,983420.0
1775304000,0.01392,0.014065,0.013849,0.014039,1900029.0
1775318400,0.014049,0.014249,0.013971,0.014095,1297783.0
1775332800,0.014084,0.014143,0.014027,0.014107,760391.0
1775347200,0.014129,0.014321,0.013931,0.014129,4282111.0
1775361600,0.014101,0.014104,0.013828,0.013861,1349280.0
1775376000,0.013871,0.013956,0.013835,0.013915,1588065.0
1775390400,0.013927,0.013999,0.013752,0.013886,1727009.0
1775404800,0.013894,0.014099,0.013889,0.013982,1319465.0
1775419200,0.013986,0.014199,0.013874,0.014171,1291149.0
1775433600,0.014183,0.014334,0.014089,0.014244,1834046.0
1775448000,0.01425,0.014279,0.014099,0.014176,1249861.0
1775462400,0.014196,0.014487,0.014156,0.014474,1243685.0
1775476800,0.014479,0.015013,0.014468,0.014924,2949048.0
1775491200,0.014919,0.014974,0.014467,0.014587,2268212.0
1775505600,0.014579,0.01461,0.01424,0.014382,910323.0
1775520000,0.014394,0.014508,0.014135,0.014349,3252998.0
1775534400,0.014325,0.01484,0.014269,0.014742,2854043.0
1775548800,0.014734,0.014926,0.014606,0.014693,1415895.0
1775563200,0.014677,0.014816,0.014184,0.014766,4956634.0
1775577600,0.014766,0.016379,0.0147,0.015726,14624205.0
1775592000,0.015762,0.015888,0.015369,0.015727,3158085.0
1775606400,0.015721,0.016255,0.015574,0.01561,5258316.0
1775620800,0.015583,0.015698,0.015015,0.015019,2766755.0
1775635200,0.015035,0.01522,0.014979,0.015017,3935435.0
1775649600,0.015015,0.015234,0.014833,0.014971,1173950.0
1775664000,0.014958,0.015038,0.014708,0.014736,1780463.0
1775678400,0.014742,0.014802,0.014536,0.014543,11857349.0
1775692800,0.014552,0.014562,0.01439,0.014509,3201783.0
1775707200,0.014485,0.014668,0.014428,0.014444,2339475.0
1775721600,0.014442,0.014531,0.014336,0.014389,2567429.0
1775736000,0.014357,0.014614,0.014279,0.014579,703769.0
1775750400,0.014594,0.014659,0.014486,0.014548,4504334.0
1775764800,0.014538,0.014686,0.014489,0.014642,1645809.0
1775779200,0.014668,0.015086,0.014464,0.015011,3444206.0
1775793600,0.01501,0.015081,0.014885,0.014913,1607428.0
1775808000,0.014941,0.015091,0.014741,0.014819,1824280.0
1775822400,0.0148,0.014934,0.013659,0.014586,5860741.0
1775836800,0.014588,0.014892,0.014573,0.014892,2327469.0
1775851200,0.014872,0.014893,0.014758,0.014758,385670.0
1775865600,0.014768,0.01501,0.014545,0.014695,664963.0
1775880000,0.01469,0.014749,0.014548,0.014553,302028.0
1775894400,0.014537,0.014654,0.014426,0.014454,450632.0
1775908800,0.014452,0.014452,0.014214,0.014241,402104.0
1775923200,0.014218,0.01461,0.014206,0.01461,425237.0
1775937600,0.014591,0.014662,0.014448,0.014495,1200540.0
1775952000,0.014479,0.014506,0.014003,0.014085,1000422.0
1775966400,0.014051,0.014079,0.013891,0.013965,478324.0
1775980800,0.013964,0.014014,0.013821,0.013914,530823.0
1775995200,0.013904,0.014062,0.013828,0.013866,2363505.0
1776009600,0.013877,0.013992,0.013808,0.013817,5165459.0
1776024000,0.01382,0.013976,0.013561,0.013632,1220623.0
1776038400,0.013654,0.013771,0.01363,0.013691,845762.0
1776052800,0.013685,0.013793,0.013609,0.013609,845984.0
1776067200,0.013592,0.013789,0.013553,0.013773,1435871.0
1776081600,0.013781,0.013921,0.013736,0.013798,3817267.0
1776096000,0.013777,0.013921,0.01371,0.013918,1005299.0
1776110400,0.013893,0.014247,0.013862,0.014171,1575181.0
1776124800,0.014173,0.014193,0.01392,0.014015,966529.0
1776139200,0.013994,0.014086,0.013941,0.013987,775606.0
1776153600,0.013983,0.0141,0.01394,0.013993,1624656.0
1776168000,0.013986,0.014174,0.01395,0.013986,4055910.0
1776182400,0.013982,0.014004,0.013631,0.013717,1489931.0
1776196800,0.013709,0.013861,0.013625,0.013705,2079281.0
1776211200,0.013683,0.01384,0.01361,0.013788,3187593.0
1776225600,0.013795,0.01398,0.013761,0.013874,1192373.0
1776240000,0.013874,0.014158,0.013847,0.01404,1142567.0
1776254400,0.014058,0.014066,0.013876,0.013918,1812980.0
1776268800,0.013891,0.014205,0.013891,0.014201,783160.0
1776283200,0.014178,0.01425,0.014123,0.014246,749644.0
1776297600,0.014254,0.014494,0.014169,0.014398,4693984.0
1776312000,0.014391,0.014614,0.014373,0.014543,826144.0
1776326400,0.014534,0.014725,0.014455,0.014638,1772671.0
1776340800,0.014627,0.01479,0.01439,0.014619,1947813.0
1776355200,0.014617,0.014907,0.01444,0.014905,3268193.0
1776369600,0.014896,0.01498,0.0147,0.014894,1261729.0
1776384000,0.014883,0.015514,0.014856,0.015073,2261151.0
1776398400,0.015032,0.01519,0.0148,0.01519,2141748.0
1776412800,0.015148,0.01538,0.015096,0.015318,1646404.0
1776427200,0.015306,0.015607,0.015269,0.015504,3238969.0
1776441600,0.015504,0.015641,0.01518,0.015294,1058616.0
1776456000,0.015283,0.015338,0.015181,0.015246,903943.0
1776470400,0.015301,0.015301,0.015015,0.015025,532158.0
1776484800,0.015012,0.015213,0.014893,0.015126,620024.0
1776499200,0.015144,0.015144,0.014686,0.01483,1513182.0
1776513600,0.014836,0.014936,0.014705,0.01482,730385.0
1776528000,0.014798,0.014877,0.014446,0.014468,984213.0
1776542400,0.014456,0.014569,0.014392,0.014414,1271319.0
1776556800,0.014409,0.014417,0.01409,0.014169,2233939.0
1776571200,0.014161,0.014228,0.014006,0.014163,1506357.0
1776585600,0.014151,0.014271,0.01406,0.014264,569079.0
1776600000,0.014253,0.014437,0.014217,0.014324,590387.0
1776614400,0.014312,0.014333,0.013811,0.014117,2383720.0
1776628800,0.014103,0.014166,0.013766,0.013864,2826207.0
1776643200,0.013867,0.014132,0.013852,0.014116,1484594.0
1776657600,0.014117,0.014171,0.013948,0.014069,1047152.0
1776672000,0.014074,0.014333,0.014069,0.014265,701252.0
1776686400,0.014256,0.014418,0.014176,0.014286,1372313.0
1776700800,0.014297,0.014627,0.014263,0.014571,1441084.0
1776715200,0.014559,0.014686,0.014417,0.014468,934001.0
1776729600,0.014463,0.014537,0.014317,0.014377,796155.0
1776744000,0.014384,0.014439,0.014316,0.014375,540290.0
1776758400,0.014332,0.014504,0.014332,0.014446,1260740.0
1776772800,0.014425,0.014437,0.014142,0.014263,1775989.0
1776787200,0.014244,0.014302,0.013975,0.013994,1887973.0
1776801600,0.013995,0.014181,0.013984,0.014158,843542.0
1776816000,0.014161,0.014316,0.013999,0.014254,3417026.0
1776830400,0.014269,0.014654,0.014259,0.01458,890765.0
1776844800,0.014547,0.014553,0.01441,0.014501,842088.0
1776859200,0.014521,0.014833,0.014334,0.014586,2913422.0
1776873600,0.014569,0.014691,0.014498,0.014526,1933464.0
1776888000,0.01453,0.014685,0.014465,0.014526,1622751.0
1776902400,0.014567,0.014598,0.014194,0.014254,1666545.0
1776916800,0.014247,0.014363,0.014181,0.01419,1126481.0
1776931200,0.01419,0.014316,0.01404,0.014198,1020125.0
1776945600,0.014202,0.014429,0.014166,0.014361,1649844.0
1776960000,0.014367,0.014367,0.013839,0.013913,2934515.0
1776974400,0.013897,0.014208,0.013897,0.014172,1559065.0
1776988800,0.014196,0.014302,0.013923,0.014053,1263849.0
1777003200,0.014021,0.014172,0.013959,0.014092,1300286.0
1777017600,0.014084,0.014328,0.014009,0.014302,893423.0
1777032000,0.014302,0.014543,0.014207,0.014384,1385163.0
1777046400,0.014373,0.014381,0.014212,0.014324,1518526.0
1777060800,0.014326,0.014361,0.014136,0.014228,1187984.0
1777075200,0.014214,0.014342,0.014075,0.014255,1564395.0
1777089600,0.014255,0.01428,0.014059,0.014097,1423588.0
1777104000,0.014077,0.014163,0.013989,0.014069,790097.0
1777118400,0.014085,0.01441,0.01408,0.014182,1007029.0
1777132800,0.014214,0.014236,0.013958,0.013987,1987427.0
1777147200,0.013989,0.014092,0.013931,0.01406,1213803.0
1777161600,0.014044,0.014361,0.013917,0.014158,3312874.0
1777176000,0.01416,0.014431,0.014109,0.014275,2362683.0
1777190400,0.014276,0.014309,0.014176,0.014269,1937245.0
1777204800,0.014281,0.014728,0.014109,0.014265,5117723.0
1777219200,0.01425,0.014368,0.01421,0.014276,2135619.0
1777233600,0.014276,0.01432,0.014171,0.014193,1313637.0
1777248000,0.014191,0.014296,0.01413,0.014134,1602250.0
1777262400,0.014116,0.014124,0.013538,0.013557,7020178.0
1777276800,0.013555,0.013555,0.013284,0.01345,4319767.0
1777291200,0.013459,0.013459,0.013071,0.013119,5148901.0
1777305600,0.013123,0.013212,0.013061,0.013133,5112440.0
1777320000,0.013135,0.013319,0.012976,0.013319,3213421.0
1777334400,0.013342,0.013344,0.01285,0.012988,2579375.0
1777348800,0.012977,0.013006,0.01287,0.01298,2489545.0
1777363200,0.01299,0.013031,0.012883,0.012901,1548241.0
1777377600,0.012909,0.01303,0.012883,0.013024,1394002.0
1777392000,0.013017,0.013175,0.012975,0.01314,1382070.0
1777406400,0.013133,0.013137,0.012987,0.013061,1149132.0
1777420800,0.013052,0.013095,0.012937,0.013049,1515718.0
1777435200,0.013066,0.013131,0.012891,0.012948,3204050.0
1777449600,0.012949,0.013099,0.0129,0.012947,1977477.0
1777464000,0.012939,0.01294,0.012456,0.012491,3451411.0
1777478400,0.012481,0.012568,0.012188,0.012402,3400007.0
1777492800,0.012398,0.01262,0.012397,0.012508,2100983.0
1777507200,0.012519,0.012732,0.012465,0.012541,2322242.0
1777521600,0.012514,0.0127,0.01249,0.01269,1865261.0
1777536000,0.012686,0.012696,0.012388,0.012446,2396023.0
1777550400,0.01244,0.012563,0.012379,0.012547,2114847.0
1777564800,0.012532,0.012624,0.012481,0.012549,1565614.0
1777579200,0.012538,0.012553,0.012441,0.0125,1559236.0
1777593600,0.012501,0.012594,0.012479,0.012539,806896.0
1777608000,0.012554,0.012583,0.012337,0.012415,1772944.0
1777622400,0.01242,0.012511,0.012288,0.012369,1297359.0
1777636800,0.012378,0.012565,0.012366,0.0125,1060687.0
1777651200,0.012521,0.012554,0.012454,0.012474,1507742.0
1777665600,0.012463,0.012478,0.01233,0.012412,1186638.0
1777680000,0.0124,0.012497,0.012383,0.012468,1581959.0
1777694400,0.012462,0.012478,0.012384,0.012448,802680.0
1777708800,0.012438,0.012508,0.012431,0.012484,917222.0
1777723200,0.012482,0.012958,0.012482,0.012887,3495769.0
1777737600,0.012884,0.012958,0.012753,0.012778,3354581.0
1777752000,0.012803,0.012832,0.012731,0.012731,889665.0
1777766400,0.01274,0.012755,0.01249,0.012599,1605299.0
1777780800,0.0126,0.012657,0.012535,0.012627,648922.0
1777795200,0.012631,0.01268,0.012548,0.01263,1402443.0
1777809600,0.012617,0.012704,0.012592,0.012666,958939.0
1777824000,0.012647,0.012746,0.012627,0.012695,1326049.0
1777838400,0.012701,0.012793,0.012634,0.012665,739146.0
1777852800,0.012646,0.012868,0.012518,0.012829,992413.0
1777867200,0.01283,0.012885,0.012747,0.012775,784997.0
1777881600,0.012761,0.012824,0.012419,0.012506,1312138.0
1777896000,0.012485,0.012657,0.012324,0.012515,1646818.0
1777910400,0.012516,0.012728,0.012462,0.012575,1565473.0
1777924800,0.012579,0.012725,0.012499,0.01262,854964.0
1777939200,0.012625,0.012758,0.012604,0.01273,878114.0
1777953600,0.012731,0.012753,0.012631,0.01273,927733.0
1777968000,0.012723,0.012902,0.012693,0.012803,2242332.0
1777982400,0.012809,0.013649,0.012789,0.013179,15325453.0
1777996800,0.013227,0.013484,0.013028,0.013287,4539465.0
1778011200,0.013294,0.013365,0.01308,0.013183,2786544.0
1778025600,0.013172,0.013811,0.013104,0.013568,3925600.0
1778040000,0.013552,0.013589,0.013303,0.013382,1438160.0
1778054400,0.013382,0.013597,0.013349,0.013398,5942740.0
1778068800,0.013417,0.013417,0.013005,0.013159,1565079.0
1778083200,0.013156,0.013207,0.013072,0.013132,1690818.0
1778097600,0.013148,0.013271,0.013098,0.013227,1082373.0
1778112000,0.013178,0.013195,0.01282,0.01284,1411056.0
1778126400,0.012823,0.013246,0.012823,0.013246,780030.0
1778140800,0.013218,0.01325,0.013088,0.013163,1257716.0
1778155200,0.013162,0.013264,0.012892,0.012987,1218381.0
1778169600,0.012987,0.01335,0.012956,0.013315,1200390.0
1778184000,0.013288,0.013397,0.013155,0.013251,765296.0
1778198400,0.013269,0.01378,0.013266,0.013681,4558299.0
1778212800,0.013681,0.013701,0.01336,0.013476,3439296.0
1778227200,0.013457,0.013558,0.013405,0.013548,338702.0
1778241600,0.013481,0.013537,0.013384,0.013537,831981.0
1778256000,0.013538,0.013666,0.013524,0.013607,1843627.0
1778270400,0.013607,0.013734,0.013585,0.013671,1731627.0
1778284800,0.013652,0.0139,0.013647,0.013688,3402353.0
1778299200,0.013691,0.013822,0.013664,0.013706,1142372.0
1778313600,0.013697,0.01386,0.013538,0.013637,941538.0
1778328000,0.013608,0.013622,0.013438,0.013492,693253.0
1778342400,0.013456,0.013757,0.013435,0.013657,7804110.0
1778356800,0.013656,0.013677,0.013518,0.013532,2336513.0
1778371200,0.013524,0.0139,0.013474,0.013742,3457593.0
1778385600,0.01377,0.014387,0.013712,0.014104,3055039.0
1778400000,0.014079,0.014174,0.013763,0.013851,3884518.0
1778414400,0.013851,0.014034,0.013795,0.014004,1516206.0
1778428800,0.014015,0.014272,0.014015,0.014222,579458.0
1778443200,0.0142,0.014222,0.013743,0.014034,2453256.0
1778457600,0.014025,0.014039,0.013635,0.013753,1067767.0
1778472000,0.013755,0.013881,0.013692,0.013809,760206.0
1778486400,0.013837,0.01393,0.013783,0.013829,325621.0
1778500800,0.013796,0.013824,0.013644,0.013794,720630.0
1778515200,0.013794,0.013894,0.013736,0.013855,628713.0
1778529600,0.013872,0.013946,0.013775,0.013879,194339.0
1778544000,0.013855,0.013887,0.013489,0.013536,972575.0
1778558400,0.013508,0.013602,0.01336,0.013411,1712389.0
1778572800,0.01341,0.013434,0.013161,0.013237,805095.0
1778587200,0.013225,0.01326,0.012827,0.012846,3152024.0
1778601600,0.012815,0.012962,0.012722,0.01294,573592.0
1778616000,0.012932,0.013033,0.012882,0.012913,612695.0
1778630400,0.012924,0.013313,0.012883,0.013141,5151513.0
1778644800,0.013102,0.01321,0.013018,0.013111,728316.0
1778659200,0.013111,0.013264,0.01301,0.01302,625336.0
1778673600,0.01304,0.013074,0.011731,0.012463,11707851.0
1778688000,0.012505,0.012623,0.012454,0.012482,1778468.0
1778702400,0.012506,0.012581,0.012401,0.012496,582778.0
1778716800,0.012478,0.012525,0.012191,0.012273,1728627.0
1778731200,0.012274,0.012466,0.012214,0.0124,1361769.0
1778745600,0.012423,0.012516,0.012394,0.012438,414937.0
1778760000,0.0124,0.013342,0.0124,0.012626,6579469.0
1778774400,0.012641,0.013622,0.0126,0.012814,13616192.0
1778788800,0.012816,0.012832,0.012663,0.012728,1894413.0
1778803200,0.012718,0.012819,0.012564,0.012653,867241.0
1778817600,0.012614,0.012621,0.012303,0.012479,1146565.0
1778832000,0.012477,0.012489,0.012348,0.012386,1717827.0
1778846400,0.012387,0.012393,0.011708,0.011875,13394529.0
1778860800,0.011878,0.011975,0.011813,0.011868,1483448.0
1778875200,0.01187,0.011899,0.011807,0.011879,809846.0
1778889600,0.01187,0.01203,0.011848,0.011952,1196198.0
1778904000,0.011969,0.011969,0.011375,0.011484,3549239.0
1778918400,0.011511,0.011526,0.011053,0.011251,1557195.0
1778932800,0.011268,0.011446,0.011256,0.011433,1949501.0
1778947200,0.011439,0.011466,0.011338,0.011365,1316063.0
1778961600,0.011375,0.011384,0.011299,0.011312,997137.0
1778976000,0.011303,0.011334,0.011106,0.011297,1872756.0
1778990400,0.011302,0.011377,0.011287,0.011334,770430.0
1779004800,0.011344,0.011413,0.0113,0.011311,1887779.0
1779019200,0.011296,0.011323,0.011136,0.011169,1345209.0
1779033600,0.01117,0.011224,0.011089,0.011189,918380.0
1779048000,0.011204,0.011204,0.010429,0.010736,2821020.0
1779062400,0.010676,0.010806,0.010552,0.010733,3234946.0
1779076800,0.010736,0.010819,0.010597,0.010642,1901577.0
1779091200,0.010658,0.010709,0.010505,0.010624,3420193.0
1779105600,0.010646,0.010774,0.010342,0.010431,3503633.0
1779120000,0.010426,0.010656,0.01037,0.01063,990296.0
1779134400,0.010637,0.011004,0.010607,0.01081,10038865.0
1779148800,0.01084,0.010877,0.010695,0.010815,4220013.0
1779163200,0.010808,0.011062,0.010743,0.010871,3284999.0
1779177600,0.010873,0.010877,0.010589,0.010611,2819089.0
1779192000,0.010609,0.01075,0.010505,0.010578,8315293.0
1779206400,0.010587,0.011179,0.010585,0.010703,7769666.0
1779220800,0.010703,0.010867,0.01064,0.010671,2989092.0
1779235200,0.010664,0.010802,0.010629,0.010718,1288528.0
1779249600,0.010742,0.011654,0.0107,0.011083,17844562.0
1779264000,0.011099,0.011656,0.010948,0.011047,7930193.0
1779278400,0.011045,0.011422,0.010889,0.011147,14081126.0
1779292800,0.011167,0.011171,0.010997,0.011036,9827417.0
1779307200,0.011047,0.011088,0.01091,0.01092,2184475.0
1779321600,0.010934,0.011153,0.010931,0.011153,2284843.0
1779336000,0.011172,0.011561,0.011074,0.011397,5003091.0
1779350400,0.011391,0.011499,0.01115,0.011151,1796205.0
1779364800,0.011153,0.011273,0.010957,0.011181,2943783.0
1779379200,0.011154,0.011249,0.010905,0.011189,3557725.0
1779393600,0.011196,0.01147,0.011196,0.011434,1208454.0
1779408000,0.01144,0.011469,0.011289,0.011345,4169466.0
1779422400,0.011336,0.011471,0.01129,0.011393,1319448.0
1779436800,0.011382,0.011571,0.011257,0.011325,1560942.0
1779451200,0.01133,0.011452,0.011183,0.011225,2981619.0
1779465600,0.011226,0.011288,0.010646,0.010779,3068129.0
1779480000,0.010788,0.010937,0.010629,0.010697,1825376.0
1779494400,0.010701,0.011379,0.010678,0.011309,2193396.0
1779508800,0.011334,0.012169,0.010929,0.01105,11603658.0
1779523200,0.011121,0.011184,0.010815,0.011006,4084501.0
1779537600,0.010996,0.011623,0.010914,0.011532,5927784.0
1779552000,0.011566,0.011609,0.011288,0.011319,2477137.0
1779566400,0.011316,0.011547,0.01129,0.01139,1670829.0
1779580800,0.011382,0.011399,0.011189,0.011206,2898876.0
1779595200,0.011219,0.011655,0.011122,0.011521,1243537.0
1779609600,0.011532,0.011734,0.01132,0.011333,1036151.0
1779624000,0.011339,0.011339,0.010769,0.01106,5834580.0
1779638400,0.01106,0.011105,0.010937,0.010976,1093887.0
1779652800,0.010983,0.010983,0.010647,0.010885,3008759.0
1779667200,0.010926,0.01096,0.010783,0.010869,2767349.0
1779681600,0.010867,0.011148,0.010843,0.011052,5202349.0
1779696000,0.011055,0.011115,0.011004,0.011004,3061431.0
1779710400,0.011005,0.011125,0.010797,0.011027,3840210.0
1779724800,0.011026,0.011142,0.010979,0.01107,3409590.0
1779739200,0.011052,0.011127,0.01088,0.010959,1733465.0
1779753600,0.01094,0.010979,0.010589,0.010659,3870089.0
1779768000,0.010676,0.010944,0.010602,0.010724,7386877.0
1779782400,0.010738,0.01095,0.010644,0.010896,2449661.0
1779796800,0.010886,0.011018,0.010712,0.01077,1523029.0
1779811200,0.010782,0.010788,0.010463,0.010555,3339770.0
1779825600,0.010556,0.010595,0.010482,0.010521,1012950.0
1779840000,0.010536,0.010718,0.010535,0.010554,1955138.0
1779854400,0.01055,0.010583,0.010346,0.010549,1693702.0
1779868800,0.010545,0.010579,0.010382,0.010414,2465383.0
1779883200,0.010399,0.010617,0.010268,0.010575,4855481.0
1779897600,0.010588,0.01064,0.01038,0.010498,1097926.0
1779912000,0.010514,0.010521,0.010137,0.010256,2185669.0
1779926400,0.010256,0.010276,0.009537,0.009886,6702737.0
1779940800,0.009903,0.009976,0.009644,0.009913,3267106.0
1779955200,0.009913,0.009995,0.009817,0.009884,1488996.0
1779969600,0.009884,0.009884,0.009499,0.009634,39135680.0
1779984000,0.009644,0.009979,0.009626,0.009838,4509031.0
1779998400,0.009842,0.009941,0.009794,0.009822,5247392.0
1780012800,0.009836,0.009906,0.009674,0.009714,3780471.0
1780027200,0.00972,0.009925,0.009656,0.009909,11280057.0
1780041600,0.009907,0.009928,0.009657,0.009715,10349864.0
1780056000,0.009732,0.009943,0.009436,0.009852,13274027.0
1780070400,0.009884,0.009886,0.009613,0.009658,1477563.0
1780084800,0.009678,0.009723,0.009552,0.009578,1723820.0
1780099200,0.009598,0.009859,0.009546,0.009776,1838315.0
1780113600,0.009781,0.010087,0.009727,0.009813,3908249.0
1780128000,0.009813,0.010081,0.009778,0.009915,3349071.0
1780142400,0.009918,0.009953,0.009794,0.009831,4384817.0
1780156800,0.009831,0.009868,0.009781,0.009827,1099626.0
1780171200,0.009827,0.009901,0.009679,0.009736,1875450.0
1780185600,0.009748,0.00981,0.009618,0.009776,4214668.0
1780200000,0.009776,0.009839,0.009709,0.009839,3004030.0
1780214400,0.00984,0.010713,0.009837,0.010597,13370395.0
1780228800,0.010593,0.011478,0.010135,0.010174,38745626.0
1780243200,0.010173,0.012153,0.010165,0.011646,82210656.0
1780257600,0.011599,0.011695,0.011147,0.011506,20352420.0
1780272000,0.011493,0.012591,0.010893,0.010905,26059754.0
1780286400,0.010904,0.010954,0.010273,0.010273,7584746.0
1780300800,0.010285,0.010389,0.010199,0.010257,2844501.0
1780315200,0.010269,0.010685,0.010191,0.010535,3805515.0
1780329600,0.010543,0.010711,0.010361,0.010595,3089108.0
1780344000,0.010611,0.010617,0.010426,0.010461,3902169.0
1780358400,0.010472,0.011788,0.010456,0.011359,18845156.0
1780372800,0.011359,0.01137,0.01076,0.010982,7875676.0
1780387200,0.010979,0.011451,0.010775,0.011337,10647717.0
1780401600,0.011331,0.012402,0.011161,0.011658,58896562.0
1780416000,0.011673,0.012329,0.011632,0.011955,15962350.0
1780430400,0.011957,0.012269,0.011474,0.011881,10530380.0
1780444800,0.011878,0.012359,0.011705,0.012198,28728754.0
1780459200,0.012199,0.013195,0.012166,0.012466,31367152.0
1780473600,0.012446,0.013737,0.012418,0.012577,25006611.0
1780488000,0.01252,0.012631,0.011224,0.011249,15154001.0
1780502400,0.011247,0.011322,0.011007,0.011096,4100342.0
1780516800,0.011081,0.011327,0.010862,0.011035,4978417.0
1780531200,0.011013,0.012417,0.011013,0.012299,43440283.0
1780545600,0.012364,0.012381,0.011131,0.011451,16384401.0
1780560000,0.011443,0.011846,0.011263,0.011554,8510959.0
1780574400,0.011561,0.012207,0.0114,0.011449,9687834.0
1780588800,0.011441,0.011778,0.011163,0.011163,4687410.0
1780603200,0.011154,0.011205,0.01035,0.010459,4176666.0
1780617600,0.010431,0.010431,0.009507,0.009569,7999943.0
1780632000,0.009577,0.009774,0.009057,0.009327,8275098.0
1780646400,0.009322,0.00934,0.009056,0.009202,4649307.0
1780660800,0.009218,0.00952,0.008982,0.009088,6441733.0
1780675200,0.009061,0.009358,0.008635,0.00892,5766653.0
1780689600,0.008919,0.009248,0.00883,0.009063,1505318.0
1780704000,0.009075,0.009379,0.00898,0.009017,4328432.0
1780718400,0.009005,0.009047,0.008385,0.008617,7370322.0
1780732800,0.008625,0.008812,0.008293,0.008531,7232638.0
1780747200,0.008544,0.008684,0.008403,0.008515,5540870.0
1780761600,0.008506,0.008563,0.008338,0.008386,3040702.0
1780776000,0.008375,0.00863,0.008338,0.008509,2890415.0
1780790400,0.008484,0.008902,0.008483,0.008831,3923991.0
1780804800,0.008861,0.008861,0.008691,0.008707,1603096.0
1780819200,0.008701,0.008845,0.008554,0.008633,2299805.0
1780833600,0.008627,0.008637,0.008409,0.008484,2715398.0
1780848000,0.00849,0.008636,0.008261,0.008321,2238328.0
1780862400,0.008314,0.008744,0.008296,0.008552,2181134.0
1780876800,0.00854,0.008644,0.008385,0.008475,1590095.0
1780891200,0.008464,0.008478,0.008148,0.008275,2760602.0
1780905600,0.00826,0.008487,0.008146,0.008426,2847216.0
1780920000,0.008432,0.008659,0.008371,0.008609,4126251.0
1780934400,0.008623,0.008805,0.008591,0.008616,3519227.0
1780948800,0.008626,0.008629,0.008391,0.008432,3739859.0
1780963200,0.008428,0.008683,0.007848,0.00797,8373606.0
1780977600,0.007977,0.008043,0.00789,0.00792,4239302.0
1780992000,0.007934,0.008079,0.007876,0.008052,4826429.0
1781006400,0.008055,0.008115,0.007812,0.007865,2750596.0
1781020800,0.007869,0.008182,0.007778,0.008085,3008386.0
1781035200,0.00811,0.008125,0.007985,0.008019,4042046.0
1781049600,0.008019,0.008134,0.007847,0.007923,2464961.0
1781064000,0.007926,0.008186,0.007827,0.008103,2366033.0
1781078400,0.008092,0.008284,0.007978,0.008024,2691903.0
1781092800,0.008021,0.008194,0.007993,0.008079,1873368.0
1781107200,0.008083,0.00812,0.00792,0.007974,2203724.0
1781121600,0.007988,0.008005,0.007792,0.007972,5401480.0
1781136000,0.007988,0.008121,0.007944,0.008115,3064796.0
1781150400,0.008093,0.008125,0.007995,0.008063,2782464.0
1781164800,0.008077,0.008159,0.008023,0.008108,2275809.0
1781179200,0.008103,0.008109,0.007951,0.008045,4407252.0
1781193600,0.008058,0.008304,0.007956,0.008182,5839636.0
1781208000,0.008184,0.008411,0.008146,0.008235,3431317.0
1781222400,0.008263,0.008695,0.008239,0.008587,9280704.0
1781236800,0.008594,0.0087,0.008293,0.008343,4905986.0
1781251200,0.008345,0.008468,0.008343,0.008366,2234790.0
1781265600,0.008354,0.00843,0.008244,0.008289,3998833.0
1781280000,0.008278,0.008336,0.008117,0.008148,1739605.0
1781294400,0.008142,0.008295,0.008136,0.008235,1598489.0
1781308800,0.008228,0.008481,0.008208,0.008227,5708992.0
1781323200,0.008224,0.00828,0.008064,0.008224,3466722.0
1781337600,0.008224,0.008239,0.008137,0.008148,2564666.0
1781352000,0.008155,0.008258,0.00815,0.008243,2678039.0
1781366400,0.008245,0.008624,0.0082,0.008527,3993426.0
1781380800,0.008524,0.008543,0.008296,0.008339,5810660.0
1781395200,0.008339,0.008565,0.008314,0.008356,29431458.0
1781409600,0.008356,0.008358,0.00818,0.008208,3696449.0
1781424000,0.008203,0.008259,0.008169,0.00818,3537419.0
1781438400,0.008221,0.008409,0.008181,0.008391,3704313.0
1781452800,0.008388,0.008742,0.008326,0.008326,6230539.0
1781467200,0.008329,0.008661,0.008304,0.008571,5047153.0
1781481600,0.008572,0.008653,0.008474,0.008634,13202881.0
1781496000,0.008642,0.008671,0.008572,0.008578,11732400.0
1781510400,0.008575,0.008723,0.008545,0.008683,5392358.0
1781524800,0.008689,0.008799,0.00859,0.00875,5917662.0
1781539200,0.008743,0.008794,0.008459,0.008494,6390826.0
1781553600,0.008492,0.008574,0.0084,0.008499,4046092.0
1781568000,0.008507,0.008755,0.008329,0.008447,11117895.0
1781582400,0.008444,0.008513,0.00836,0.00848,4594447.0
1781596800,0.008482,0.008739,0.008452,0.008626,7138968.0
1781611200,0.008625,0.008684,0.00833,0.008404,6591241.0
1781625600,0.008379,0.008543,0.008344,0.008384,3416937.0
1781640000,0.008373,0.008492,0.008366,0.008427,2565680.0
1781654400,0.008435,0.008603,0.008398,0.008548,3776002.0
1781668800,0.008557,0.008596,0.008454,0.008483,2004317.0
1781683200,0.008489,0.008494,0.008271,0.008352,1840059.0
1781697600,0.008349,0.008583,0.008324,0.008583,2869316.0
1781712000,0.008574,0.008614,0.008291,0.008339,4643713.0
1781726400,0.008353,0.008513,0.008295,0.008507,2309651.0
1781740800,0.008502,0.00852,0.008209,0.00824,4278478.0
1781755200,0.00824,0.008243,0.007997,0.008095,8066966.0
1781769600,0.008083,0.008157,0.008035,0.008055,2039150.0
1781784000,0.008055,0.008134,0.007778,0.007821,7884193.0
1781798400,0.007813,0.008045,0.007813,0.008028,4173244.0
1781812800,0.008054,0.008129,0.007962,0.008031,7849789.0
1781827200,0.008024,0.008139,0.007944,0.008041,4845136.0
1781841600,0.008028,0.008146,0.007812,0.007841,4589088.0
1781856000,0.007837,0.007886,0.007718,0.007732,3115198.0
1781870400,0.007733,0.00776,0.007569,0.007655,4108752.0
1781884800,0.007665,0.00774,0.0076,0.007693,2074252.0
1781899200,0.007705,0.007818,0.007698,0.007811,4182881.0
1781913600,0.007816,0.007879,0.007696,0.007715,4759045.0
1781928000,0.007714,0.007967,0.007703,0.00788,4858063.0
1781942400,0.007875,0.008179,0.007847,0.008147,6159459.0
1781956800,0.008146,0.008164,0.007887,0.008049,3356684.0
1781971200,0.008049,0.008063,0.007903,0.007991,3473100.0
1781985600,0.007991,0.008027,0.007931,0.007941,1948158.0
1782000000,0.007939,0.00797,0.007871,0.007922,2393169.0
1782014400,0.007919,0.007919,0.007806,0.007854,2244860.0
1782028800,0.007858,0.007926,0.007823,0.007845,3537895.0
1782043200,0.007845,0.008022,0.007829,0.007934,2814665.0
1782057600,0.007938,0.008132,0.007908,0.007967,2891302.0
1782072000,0.007974,0.00798,0.007719,0.007734,3792791.0
1782086400,0.007725,0.007982,0.00771,0.007718,4735332.0
1782100800,0.007718,0.007795,0.007701,0.007749,3297089.0
1782115200,0.007749,0.007908,0.007707,0.007906,2323169.0
1782129600,0.007899,0.00795,0.007816,0.007845,3386176.0
1782144000,0.007849,0.007869,0.007528,0.007612,5340239.0
1782158400,0.007609,0.00763,0.007452,0.00753,4586710.0
1782172800,0.007531,0.007546,0.007379,0.007504,3978980.0
1782187200,0.007508,0.007508,0.00715,0.007169,5662781.0
1782201600,0.007178,0.007273,0.007047,0.00713,6534691.0
1782216000,0.007127,0.007215,0.00705,0.007097,3514252.0
1782230400,0.007101,0.007167,0.00699,0.007084,5043421.0
1782244800,0.007096,0.007198,0.007081,0.007149,2794068.0
1782259200,0.007165,0.007215,0.007103,0.007112,4019744.0
1782273600,0.00711,0.007349,0.007082,0.007261,6411698.0
1782288000,0.00726,0.007276,0.007145,0.007276,5804523.0
1782302400,0.007305,0.007408,0.00697,0.006995,10033108.0
1782316800,0.007014,0.007089,0.006742,0.007089,12715854.0
1782331200,0.007088,0.007307,0.007054,0.007211,8664624.0
1782345600,0.007212,0.00722,0.007044,0.007157,6009515.0
1782360000,0.007167,0.007383,0.007167,0.007362,4612819.0
1782374400,0.007367,0.007764,0.007336,0.007431,9056833.0
1782388800,0.007422,0.007615,0.006928,0.007286,11242305.0
1782403200,0.007294,0.007319,0.007081,0.007124,2405234.0
1782417600,0.007137,0.007305,0.007116,0.007276,2224256.0
1782432000,0.007284,0.00749,0.007075,0.007389,4718628.0
1782446400,0.007388,0.007415,0.007171,0.007326,10990335.0
1782460800,0.00734,0.007382,0.007206,0.007257,2373193.0
1782475200,0.007248,0.007407,0.00709,0.007325,2560478.0
1782489600,0.007348,0.007408,0.007266,0.007272,2309759.0
1782504000,0.007268,0.007329,0.007164,0.007183,5080445.0
1782518400,0.007195,0.007554,0.007195,0.007233,9308329.0
1782532800,0.007242,0.007281,0.007163,0.00723,3249221.0
1782547200,0.007239,0.007294,0.007204,0.007242,3995702.0
1782561600,0.007246,0.007289,0.007205,0.007282,1911226.0
1782576000,0.007289,0.007296,0.007156,0.007156,3297404.0
1782590400,0.007161,0.007222,0.007103,0.007175,3562858.0
1782604800,0.007184,0.007348,0.007181,0.007286,2577672.0
1782619200,0.007286,0.007673,0.007274,0.007673,10733061.0
1782633600,0.007675,0.007699,0.007475,0.007508,7187912.0
1782648000,0.007499,0.007786,0.007463,0.007485,13328907.0
1782662400,0.007497,0.007504,0.007252,0.007264,3455211.0
1782676800,0.007264,0.007282,0.007066,0.00726,4198690.0
1782691200,0.007259,0.007383,0.007168,0.007303,2182038.0
1782705600,0.007313,0.007313,0.007176,0.007263,3422913.0
1782720000,0.007259,0.007292,0.007203,0.007235,6459964.0
1782734400,0.00725,0.007367,0.007117,0.007242,4585136.0
1782748800,0.007241,0.007348,0.007202,0.007207,4966489.0
1782763200,0.007208,0.007218,0.00713,0.007175,2470344.0
1782777600,0.007178,0.007197,0.007021,0.007072,6342109.0
1782792000,0.007076,0.007114,0.006955,0.006972,3437675.0
1782806400,0.006974,0.007029,0.006879,0.006881,5203840.0
1782820800,0.00688,0.006959,0.006768,0.006923,5845743.0
1782835200,0.006934,0.007022,0.006827,0.006836,2416443.0
1782849600,0.006832,0.006838,0.006668,0.006684,4055519.0
1782864000,0.006682,0.006707,0.006516,0.006685,6216069.0
1782878400,0.006687,0.00677,0.006613,0.006659,3765810.0
1782892800,0.006655,0.006729,0.006598,0.006718,5763066.0
1782907200,0.006722,0.007005,0.006636,0.00696,8372877.0
1782921600,0.006938,0.006985,0.006906,0.006906,1816524.0
1782936000,0.006921,0.007106,0.006921,0.007077,4120680.0
1782950400,0.0071,0.00731,0.00706,0.007158,8258798.0
1782964800,0.007151,0.007333,0.007105,0.007235,6788356.0
1782979200,0.007263,0.00731,0.007138,0.007259,7979674.0
1782993600,0.007252,0.007379,0.007182,0.007184,4298266.0
1783008000,0.007187,0.007208,0.007068,0.007098,3848585.0
1783022400,0.007106,0.007168,0.007091,0.007122,1578422.0
1783036800,0.007129,0.007265,0.00707,0.00717,3427054.0
1783051200,0.007179,0.007218,0.007149,0.007199,1350007.0
1783065600,0.007204,0.007294,0.007163,0.007289,2517138.0
1783080000,0.007302,0.007324,0.007203,0.007258,1473011.0
1783094400,0.007267,0.007339,0.007215,0.007308,7712722.0
1783108800,0.007318,0.007366,0.007292,0.007306,1487915.0
1783123200,0.007309,0.007318,0.007188,0.007243,1300023.0
1783137600,0.00725,0.007266,0.007164,0.007219,1968549.0
1783152000,0.007219,0.007261,0.007167,0.007238,1522138.0
1783166400,0.007234,0.007301,0.007192,0.007289,2558113.0
1783180800,0.007296,0.007332,0.007231,0.007238,5102167.0
1783195200,0.007234,0.007313,0.007187,0.007281,1305917.0
1783209600,0.007275,0.007287,0.007084,0.007112,2442987.0
1783224000,0.007112,0.007253,0.007078,0.007214,1918573.0
1783238400,0.007221,0.007702,0.007115,0.007196,47558691.0
1783252800,0.007192,0.007402,0.007169,0.007378,9052121.0
1783267200,0.007373,0.00745,0.007254,0.007347,4072516.0
1783281600,0.007347,0.007446,0.007331,0.007351,8458684.0
1783296000,0.007357,0.007593,0.007305,0.007394,6515422.0
1783310400,0.007399,0.007408,0.007209,0.007236,7944913.0
1783324800,0.007239,0.007391,0.007194,0.007325,3800160.0
1783339200,0.007318,0.007442,0.007173,0.007442,3226406.0
1783353600,0.007434,0.00753,0.007334,0.007343,24724035.0
1783368000,0.007342,0.007455,0.007307,0.007308,8454195.0
1783382400,0.007318,0.007447,0.007186,0.007187,7423876.0
1783396800,0.007186,0.007231,0.007162,0.007162,2396644.0
1783411200,0.00716,0.007244,0.007123,0.007236,2622547.0
1783425600,0.007237,0.007286,0.007011,0.007154,11009212.0
1783440000,0.007155,0.007217,0.006985,0.007031,5648635.0
1783454400,0.007037,0.007107,0.006937,0.007091,3480061.0
1783468800,0.007097,0.007324,0.00709,0.007119,6405423.0
1783483200,0.007119,0.007185,0.006985,0.007027,3957534.0
1783497600,0.00703,0.007088,0.006864,0.007085,9373605.0
1783512000,0.007092,0.007298,0.007018,0.007033,5175676.0
1783526400,0.007034,0.007159,0.007033,0.007104,2222912.0
1783540800,0.007101,0.007357,0.007101,0.007321,5450278.0
1783555200,0.007367,0.00742,0.007229,0.00728,5468300.0
1783569600,0.007276,0.007307,0.007145,0.007176,3038270.0
1783584000,0.007178,0.007222,0.007102,0.007153,2467599.0
1783598400,0.007148,0.007265,0.007048,0.007057,10133566.0
1783612800,0.007055,0.007126,0.00699,0.007089,12588445.0
1783627200,0.00709,0.007122,0.007045,0.007082,1310909.0
1783641600,0.007082,0.007192,0.007032,0.007097,3825485.0
1783656000,0.0071,0.007116,0.007042,0.007054,1532706.0
1783670400,0.007046,0.007121,0.007042,0.007096,3186968.0
1783684800,0.007092,0.007122,0.006979,0.006997,2484221.0
1783699200,0.006996,0.007042,0.006957,0.006957,2179636.0
1783713600,0.006959,0.006969,0.006866,0.006937,2956637.0
1783728000,0.006936,0.007124,0.006936,0.007097,3427715.0
1783742400,0.007097,0.00719,0.007014,0.007036,4183888.0
1783756800,0.007035,0.007168,0.007023,0.007083,12478748.0
1783771200,0.007073,0.007127,0.007034,0.007098,2873927.0
1783785600,0.007099,0.00718,0.007079,0.007102,1704987.0
1783800000,0.007101,0.007131,0.006939,0.006946,6841893.0
1783814400,0.006943,0.007011,0.006875,0.006992,3320380.0
1783828800,0.006989,0.007039,0.006924,0.006945,1959791.0
1783843200,0.006939,0.007021,0.006923,0.007002,1501893.0
1783857600,0.006998,0.007063,0.006947,0.006979,1597661.0
1783872000,0.006976,0.006982,0.006935,0.006959,1751744.0
1783886400,0.00695,0.00695,0.006797,0.00681,3537555.0
1783900800,0.006805,0.006929,0.006653,0.006726,2908161.0
1783915200,0.006727,0.006764,0.006711,0.006735,2019126.0
1783929600,0.006732,0.006756,0.006713,0.006721,1217223.0
1783944000,0.006718,0.006769,0.006677,0.006683,2999577.0
1783958400,0.006681,0.00669,0.006549,0.00666,2786425.0
1783972800,0.006654,0.006762,0.006639,0.006693,3002612.0
1783987200,0.006693,0.00684,0.006683,0.006747,3354436.0
1784001600,0.006743,0.00683,0.006729,0.006758,2475353.0
1784016000,0.006756,0.006776,0.006574,0.006579,6364904.0
1784030400,0.006568,0.006843,0.006558,0.006837,5936394.0
1784044800,0.006838,0.006852,0.006742,0.006749,3206929.0
1784059200,0.006748,0.00675,0.006646,0.006691,3035535.0
1784073600,0.006694,0.006705,0.006589,0.006622,4205194.0
1784088000,0.006613,0.006748,0.006607,0.006674,7166476.0
1784102400,0.006666,0.006808,0.00664,0.006671,7204225.0
1784116800,0.006682,0.006884,0.00666,0.006793,5661794.0
1784131200,0.006789,0.0073,0.006742,0.006861,126269454.0
1784145600,0.006858,0.006964,0.006854,0.006911,6366339.0
1784160000,0.006911,0.007064,0.006841,0.006964,11382863.0
1784174400,0.006965,0.007024,0.006849,0.006866,9424944.0
1784188800,0.006867,0.006869,0.006763,0.006841,4927787.0
1784203200,0.006838,0.006964,0.006789,0.006893,5422002.0
1784217600,0.006881,0.006906,0.006708,0.006748,18107606.0
1784232000,0.006748,0.006779,0.006625,0.006679,9153130.0
1784246400,0.006682,0.006935,0.006682,0.006906,23376985.0
1784260800,0.006895,0.006937,0.006661,0.006666,14217033.0
1784275200,0.006659,0.007175,0.006658,0.007098,13120083.0
1784289600,0.007098,0.007122,0.006672,0.00676,19788818.0
1784304000,0.006747,0.006794,0.00661,0.00667,6795534.0
1784318400,0.006665,0.006678,0.006587,0.006598,3442323.0
1784332800,0.006594,0.006664,0.006381,0.006402,7804473.0
1784347200,0.006404,0.006412,0.006289,0.006353,7400773.0
1784361600,0.00636,0.006388,0.006242,0.00627,6403108.0
1784376000,0.006278,0.006313,0.006176,0.006247,10551332.0
1784390400,0.00625,0.006253,0.00615,0.006167,2950958.0
1784404800,0.006168,0.006346,0.006129,0.006345,3217726.0
1784419200,0.006367,0.006439,0.006098,0.006229,5263647.0
1784433600,0.006229,0.006386,0.006222,0.00627,5040251.0
1784448000,0.006274,0.0068,0.006266,0.006552,13646072.0
1784462400,0.006542,0.006549,0.006357,0.006388,8077408.0
1784476800,0.006387,0.006394,0.00616,0.006229,4179779.0
1784491200,0.006231,0.00635,0.006186,0.006294,5230390.0
1784505600,0.006286,0.006382,0.006235,0.006279,9247907.0
1784520000,0.006282,0.006336,0.006222,0.006311,7883878.0
1784534400,0.006306,0.006477,0.006305,0.006419,10274618.0
1784548800,0.006422,0.00647,0.006285,0.006425,14962569.0
1784563200,0.006436,0.006436,0.006304,0.006361,6078413.0
1784577600,0.006363,0.006449,0.006321,0.006347,4473701.0
1784592000,0.006347,0.006471,0.006315,0.006471,4092870.0
1784606400,0.006468,0.006594,0.006429,0.006456,5220523.0
1784620800,0.006461,0.006544,0.006409,0.006452,6847943.0
1784635200,0.006447,0.00654,0.006434,0.006497,6969022.0
1784649600,0.006483,0.006577,0.006409,0.006524,3584798.0
1784664000,0.00654,0.006608,0.006496,0.00653,4551142.0
1784678400,0.006526,0.006769,0.006456,0.006456,4594777.0
1784692800,0.00646,0.006479,0.006309,0.006363,2555097.0
1784707200,0.006363,0.006403,0.006341,0.006346,2544006.0
1784721600,0.006352,0.006414,0.006311,0.006403,1583447.0
1784736000,0.006398,0.006471,0.006363,0.00637,6578050.0
1784750400,0.006369,0.006396,0.006341,0.006372,1642539.0
1784764800,0.006367,0.006369,0.006294,0.006321,1842107.0
1784779200,0.006314,0.006475,0.006309,0.006449,49581683.0
1784793600,0.006428,0.006486,0.006389,0.006403,3517859.0
1784808000,0.006408,0.006463,0.006339,0.006463,3844571.0
1784822400,0.006453,0.006475,0.006312,0.006359,4735788.0
1784836800,0.006366,0.006416,0.006317,0.006336,2304923.0
1784851200,0.006331,0.006386,0.006271,0.006371,2920966.0
1784865600,0.006372,0.006475,0.006364,0.006413,3362356.0
1784880000,0.006418,0.006452,0.006373,0.006421,3737682.0
1784894400,0.006419,0.006457,0.006306,0.006333,9644639.0
1784908800,0.006325,0.006353,0.006243,0.006279,3428479.0
1784923200,0.006279,0.006329,0.006238,0.006298,1706893.0
1784937600,0.006301,0.006317,0.006255,0.006279,1468726.0
1784952000,0.006281,0.006293,0.006187,0.006187,1280781.0
1784966400,0.006186,0.006311,0.006162,0.006227,6676516.0
1784980800,0.006226,0.006264,0.006197,0.006205,5569331.0
1784995200,0.006204,0.006263,0.006186,0.006257,4264305.0
1785009600,0.006264,0.006333,0.006251,0.006292,3997607.0
1785024000,0.006276,0.006417,0.006233,0.006414,14567196.0
1785038400,0.006408,0.006608,0.006352,0.006578,5882294.0
1785052800,0.006583,0.006656,0.006401,0.00646,18033351.0
1785067200,0.006466,0.006467,0.006304,0.006373,3899473.0
1785081600,0.006366,0.006372,0.006321,0.006347,2998634.0
1785096000,0.006347,0.00649,0.006322,0.006445,2711947.0
1785110400,0.006442,0.006538,0.006354,0.00653,8478055.0
1785124800,0.006532,0.006667,0.006436,0.006563,8289911.0
1785139200,0.006565,0.006587,0.006439,0.00644,8943949.0
1785153600,0.006444,0.006545,0.006302,0.006302,4615854.0
1785168000,0.006301,0.006395,0.006269,0.00638,5542803.0
1785182400,0.006376,0.006378,0.00606,0.006091,6852718.0
1785196800,0.006094,0.006131,0.005983,0.006092,14475641.0
1785211200,0.006097,0.006102,0.005964,0.006031,9667110.0
1785225600,0.006021,0.006026,0.005937,0.005957,4688085.0
1785240000,0.005957,0.006072,0.00589,0.006037,3687051.0
1785254400,0.006041,0.006057,0.005959,0.005976,5521809.0
1785268800,0.005963,0.006001,0.005896,0.005923,3970036.0
1785283200,0.005926,0.005942,0.005601,0.005601,6747298.0
1785297600,0.005598,0.005764,0.005598,0.005734,9416861.0
1785312000,0.005737,0.005777,0.005707,0.005709,7570186.0
1785326400,0.005704,0.005704,0.005556,0.005567,6301303.0
1785340800,0.005566,0.005743,0.005552,0.005589,18644560.0
1785355200,0.005581,0.005671,0.005491,0.005663,6862192.0
1785369600,0.005662,0.005748,0.005622,0.00573,5714586.0
1785384000,0.005727,0.005728,0.005656,0.005662,6255267.0
1785398400,0.005657,0.00569,0.005584,0.005629,15880764.0
1785412800,0.005625,0.00568,0.005596,0.005659,3071677.0
1785427200,0.005651,0.005674,0.005595,0.005618,2484499.0
1785441600,0.005618,0.005657,0.005599,0.005601,2278132.0
1785456000,0.005603,0.005668,0.005449,0.00546,4707488.0
1785470400,0.005455,0.005643,0.005428,0.005625,5679811.0
1785484800,0.005623,0.005631,0.005521,0.005561,4404671.0
1785499200,0.005556,0.005647,0.00553,0.005621,7186305.0
1785513600,0.005616,0.005679,0.005563,0.005584,8749201.0
1785528000,0.005573,0.005612,0.005552,0.005598,7622565.0
1785542400,0.005599,0.005884,0.005549,0.005738,17125302.0
1785556800,0.005736,0.005756,0.005658,0.00566,5187422.0
1785571200,0.005658,0.005708,0.005652,0.005694,1906465.0
1785585600,0.005691,0.00582,0.005674,0.005716,3447204.0
1785600000,0.005714,0.005844,0.005632,0.005715,4781972.0
1785614400,0.005711,0.005731,0.005646,0.005654,2268409.0
1785628800,0.005654,0.005705,0.00563,0.005668,2682039.0
1785643200,0.005664,0.005742,0.005635,0.005703,2407097.0
1785657600,0.005703,0.00572,0.005624,0.005645,4295357.0
1785672000,0.005646,0.005692,0.005629,0.005653,2465007.0
1785686400,0.005657,0.005709,0.005642,0.005657,2284754.0
1785700800,0.005654,0.005726,0.005611,0.005631,3897157.0
1785715200,0.005632,0.005668,0.005541,0.005546,4269508.0
1785729600,0.005541,0.005587,0.005498,0.005504,2733872.0
1785744000,0.0055,0.005589,0.005482,0.005572,5737344.0
1785758400,0.005572,0.00566,0.005535,0.00565,3700850.0
1785772800,0.005646,0.005655,0.005579,0.005594,7586753.0
1785787200,0.005589,0.005639,0.005583,0.005594,4929180.0
1785801600,0.005595,0.005625,0.005536,0.005594,4382367.0
1785816000,0.005587,0.005624,0.00555,0.005558,4315928.0
1785830400,0.005564,0.005591,0.005532,0.00555,9641801.0
1785844800,0.005549,0.005599,0.005523,0.005575,3862121.0
1785859200,0.005574,0.005847,0.005564,0.005701,24377189.0
1785873600,0.005704,0.005717,0.005612,0.00563,6248409.0
1785888000,0.005619,0.005923,0.005613,0.005885,15015371.0
1785902400,0.005907,0.006,0.005771,0.005874,11070682.0
1785916800,0.005876,0.005878,0.005725,0.005752,6621523.0
1785931200,0.005751,0.005788,0.005715,0.005716,4552171.0
1785945600,0.005719,0.005739,0.005497,0.00557,16001567.0
1785960000,0.005567,0.005582,0.00539,0.005396,6263797.0
1785974400,0.005389,0.00542,0.005251,0.005283,12387691.0
1785988800,0.005285,0.005368,0.005282,0.005321,4836088.0
1786003200,0.005319,0.005325,0.005195,0.005228,8484485.0
1786017600,0.005233,0.005337,0.005191,0.005306,12846498.0
1786032000,0.005303,0.005309,0.005215,0.005247,15790408.0
1786046400,0.005236,0.005294,0.005222,0.005256,11822290.0
1786060800,0.005258,0.005435,0.005131,0.005149,21917467.0
1786075200,0.005151,0.005267,0.005111,0.005171,7277989.0
1786089600,0.005173,0.005355,0.005146,0.005282,7525767.0
1786104000,0.005282,0.005296,0.005188,0.005239,5551136.0
1786118400,0.005237,0.005283,0.005228,0.005262,3710635.0
1786132800,0.005262,0.005307,0.005246,0.00527,2882910.0
1786147200,0.005272,0.005294,0.005194,0.005239,3842459.0
1786161600,0.005247,0.005305,0.005213,0.005272,3583996.0
1786176000,0.005279,0.005324,0.005255,0.0053,2663727.0
1786190400,0.005296,0.005356,0.005284,0.005349,2265108.0
1786204800,0.005348,0.005375,0.005334,0.005355,3308285.0
1786219200,0.005355,0.005362,0.005313,0.005324,1714091.0
1786233600,0.005324,0.005332,0.005267,0.005285,3453893.0
1786248000,0.005287,0.005334,0.005281,0.005315,2343049.0
1786262400,0.005313,0.005372,0.005306,0.005339,1802081.0
1786276800,0.005336,0.005468,0.00533,0.005402,3946760.0
1786291200,0.005405,0.005438,0.00539,0.005413,3036793.0
1786305600,0.005415,0.005424,0.005296,0.0053,4835558.0
1786320000,0.005303,0.005365,0.005257,0.005272,4292694.0
1786334400,0.005269,0.005347,0.005235,0.005319,4716189.0
1786348800,0.005321,0.005334,0.005243,0.005305,5333579.0
1786363200,0.005302,0.005324,0.005204,0.00525,5633130.0
1786377600,0.005242,0.005292,0.005204,0.005234,5520718.0
1786392000,0.005235,0.005254,0.00516,0.005181,6269018.0
1786406400,0.005178,0.00524,0.005141,0.005219,14335771.0
1786420800,0.005216,0.005218,0.005068,0.005099,5023234.0
1786435200,0.005096,0.005116,0.005053,0.005089,4267673.0
1786449600,0.005087,0.005146,0.004973,0.005039,6867949.0
1786464000,0.005037,0.005065,0.004979,0.005039,7193886.0
1786478400,0.005035,0.005058,0.004994,0.005007,3178760.0
1786492800,0.005006,0.005074,0.005006,0.005064,3334275.0
1786507200,0.005063,0.00511,0.005023,0.00503,5441386.0
1786521600,0.005027,0.00504,0.004897,0.00497,36708766.0
1786536000,0.004974,0.005027,0.004961,0.004973,8390413.0
1786550400,0.004967,0.004971,0.004883,0.00489,4002914.0
1786564800,0.004891,0.004924,0.004793,0.004852,5453556.0
1786579200,0.004858,0.00494,0.004858,0.004931,2524418.0
1786593600,0.004934,0.004987,0.004918,0.004921,4307175.0
1786608000,0.004922,0.004941,0.004883,0.004906,4805623.0
1786622400,0.004907,0.004936,0.004855,0.00486,4092904.0
1786636800,0.004866,0.004915,0.004777,0.004803,14410501.0
1786651200,0.004797,0.004844,0.004691,0.004811,46199196.0
1786665600,0.00481,0.004828,0.004782,0.004799,5829883.0
1786680000,0.004799,0.004823,0.004752,0.004754,6566134.0
1786694400,0.004754,0.004796,0.004714,0.004729,6399440.0
1786708800,0.004731,0.004802,0.004725,0.00479,5107573.0
1786723200,0.004791,0.004895,0.00479,0.004801,7142640.0
1786737600,0.004801,0.004816,0.004772,0.004792,3897347.0
1786752000,0.004796,0.004819,0.004761,0.004768,4574556.0
1786766400,0.004768,0.004866,0.004768,0.004848,5608448.0
1786780800,0.004851,0.005012,0.004842,0.004899,9073610.0
1786795200,0.004901,0.004999,0.004879,0.004996,4380042.0
1786809600,0.005,0.005003,0.004873,0.004887,3165823.0
1786824000,0.004886,0.004921,0.004858,0.004875,2696207.0
1786838400,0.004874,0.004909,0.004816,0.004831,3491491.0
1786852800,0.004823,0.004874,0.004821,0.00487,2244212.0
1786867200,0.004872,0.00489,0.004845,0.004867,2458579.0
1786881600,0.004866,0.004899,0.004842,0.004879,3202827.0
1786896000,0.00488,0.004898,0.004862,0.004882,4351827.0
1786910400,0.004881,0.004903,0.004732,0.004813,5857406.0
1786924800,0.00481,0.004904,0.004749,0.004864,4664809.0
1786939200,0.004868,0.005095,0.004868,0.004999,26118008.0
1786953600,0.004996,0.00501,0.004921,0.004966,8347432.0
1786968000,0.004965,0.004965,0.004818,0.004843,7027662.0
1786982400,0.004849,0.004878,0.004831,0.004846,5967943.0
1786996800,0.004846,0.004859,0.004769,0.004779,2056278.0
1787011200,0.004781,0.004807,0.004666,0.004702,5967616.0
1787025600,0.004701,0.004808,0.004695,0.004764,5754209.0
1787040000,0.004763,0.004782,0.004717,0.004762,3922383.0
1787054400,0.004761,0.004905,0.004759,0.00484,6249455.0
1787068800,0.004839,0.004861,0.004785,0.004788,5017404.0
1787083200,0.004789,0.004798,0.004748,0.004765,6287728.0
1787097600,0.004767,0.004797,0.004737,0.004751,4650731.0
1787112000,0.004752,0.004755,0.004655,0.004704,5681568.0
1787126400,0.004707,0.004761,0.00468,0.004719,5607007.0
1787140800,0.004717,0.004988,0.004715,0.004912,16895669.0
1787155200,0.004911,0.005047,0.004911,0.005014,8166204.0
1787169600,0.005017,0.005174,0.004992,0.005043,6483268.0
1787184000,0.005048,0.005088,0.004977,0.005048,6860466.0
1787198400,0.005046,0.005102,0.005031,0.005102,3594451.0
1787212800,0.005099,0.005181,0.005076,0.005102,8662319.0
1787227200,0.005108,0.005217,0.00506,0.005166,6967243.0
1787241600,0.005173,0.005355,0.005159,0.005353,22869779.0
1787256000,0.005354,0.005585,0.005344,0.005474,20891837.0
1787270400,0.005465,0.005967,0.005395,0.005749,64454712.0
1787284800,0.005754,0.005997,0.005581,0.00574,48302445.0
1787299200,0.005738,0.005828,0.005638,0.005793,47564306.0
1787313600,0.005793,0.007445,0.005767,0.006887,497407877.0
1787328000,0.006873,0.007221,0.006683,0.006893,140408907.0
1787342400,0.006893,0.007112,0.00643,0.006866,60893765.0
1787356800,0.006873,0.007145,0.006666,0.007027,65628033.0
1787371200,0.007051,0.007232,0.005522,0.006507,79590402.0
1787385600,0.006502,0.006636,0.006254,0.006421,19209752.0
1787400000,0.006418,0.006602,0.006341,0.006419,20044501.0
1787414400,0.006417,0.006594,0.006332,0.006489,13663562.0
1787428800,0.006487,0.006502,0.006236,0.006313,7713043.0
1787443200,0.006311,0.00646,0.00602,0.00602,16479731.0
1787457600,0.00602,0.006404,0.00596,0.006362,17351031.0
1787472000,0.006336,0.007225,0.006274,0.006958,17486057.0
1787486400,0.00695,0.007313,0.006793,0.007132,20130193.0
1787500800,0.00713,0.007612,0.007095,0.00753,26326782.0
1787515200,0.007498,0.007515,0.007049,0.007199,22171408.0
1787529600,0.007184,0.007184,0.006634,0.006779,14067918.0
1787544000,0.00678,0.006888,0.006602,0.006719,11952742.0
1787558400,0.006721,0.006878,0.006694,0.006804,8402351.0
1787572800,0.006792,0.006938,0.006643,0.006804,11373090.0
1787587200,0.006813,0.007151,0.006809,0.007114,18704158.0
1787601600,0.007119,0.007134,0.006706,0.006898,12177133.0
1787616000,0.006897,0.007026,0.006799,0.006965,10114040.0
1787630400,0.006965,0.007046,0.006667,0.006667,7015045.0
1787644800,0.006671,0.006853,0.0065,0.0065,13275859.0
1787659200,0.006501,0.006515,0.006377,0.006412,15969238.0
1787673600,0.006412,0.006438,0.006301,0.006322,6401638.0
1787688000,0.006324,0.006432,0.006232,0.006383,6132399.0
1787702400,0.006386,0.006479,0.006196,0.0062,6990302.0
1787716800,0.006196,0.006289,0.006049,0.006073,55941932.0
1787731200,0.00608,0.006114,0.00599,0.00607,17299698.0
1787745600,0.006063,0.00616,0.005926,0.006024,20249479.0
1787760000,0.006022,0.006293,0.005983,0.006285,4122905.0
1787774400,0.006284,0.006468,0.006188,0.00635,10482707.0
1787788800,0.006353,0.006359,0.006122,0.00613,7476763.0
1787803200,0.00613,0.006136,0.005984,0.006045,8890959.0
1787817600,0.006038,0.006186,0.006005,0.006072,7010787.0
1787832000,0.006075,0.006318,0.006063,0.00626,25180406.0
1787846400,0.006264,0.006373,0.006136,0.006165,6491923.0
1787860800,0.006167,0.006402,0.006156,0.006293,6812954.0
1787875200,0.006286,0.006408,0.006084,0.006177,5956142.0
1787889600,0.006177,0.006178,0.006085,0.006124,3394722.0
1787904000,0.006125,0.006718,0.006107,0.006389,13346448.0
1787918400,0.006359,0.006404,0.006059,0.006076,9589813.0
1787932800,0.006074,0.006112,0.005892,0.006032,6163796.0
1787947200,0.006032,0.006139,0.006014,0.006094,2960927.0
1787961600,0.006093,0.006221,0.006092,0.00613,4206191.0
1787976000,0.006112,0.006181,0.006037,0.006072,3019507.0
1787990400,0.006069,0.00609,0.006027,0.006036,3330531.0
1788004800,0.006038,0.006225,0.006024,0.006167,6246204.0
1788019200,0.006166,0.006177,0.006076,0.006119,2843239.0
1788033600,0.00612,0.00623,0.005946,0.00612,8060835.0
1788048000,0.006121,0.00633,0.006029,0.006262,5095991.0
1788062400,0.006263,0.00643,0.0062,0.006413,4964522.0
1788076800,0.006404,0.007256,0.006314,0.007013,32242351.0
1788091200,0.006999,0.007186,0.006669,0.006988,21882925.0
1788105600,0.006974,0.007251,0.006882,0.007233,12382757.0
1788120000,0.007214,0.00868,0.007158,0.007759,110278037.0
1788134400,0.00774,0.010059,0.007454,0.00953,170957335.0
1788148800,0.009533,0.011266,0.009486,0.009932,131225263.0
1788163200,0.00992,0.01084,0.008855,0.009141,92796739.0
1788177600,0.009143,0.01034,0.008793,0.009665,108194258.0
1788192000,0.009661,0.010107,0.009161,0.009571,52287287.0
1788206400,0.009555,0.009555,0.0087,0.00882,43813390.0
1788220800,0.008815,0.00888,0.008348,0.008528,36483136.0
1788235200,0.00852,0.009248,0.008336,0.008919,35316161.0
1788249600,0.008929,0.009361,0.008269,0.008374,46988814.0
1788264000,0.008348,0.008358,0.007751,0.007962,39809033.0
1788278400,0.007968,0.008058,0.007681,0.007959,24752661.0
1788292800,0.007959,0.007959,0.007591,0.007685,7249793.0
1788307200,0.00769,0.008236,0.007421,0.008189,26658005.0
1788321600,0.008147,0.008252,0.007256,0.007302,16633406.0
1788336000,0.007305,0.00755,0.007097,0.007184,17691019.0
1788350400,0.007205,0.007413,0.007129,0.00737,10938173.0
1788364800,0.007362,0.007422,0.007165,0.00732,8020087.0
1788379200,0.007305,0.007424,0.007268,0.007418,7586783.0
1788393600,0.007418,0.007597,0.007274,0.007581,13628897.0
1788408000,0.007575,0.007992,0.007555,0.007886,17910242.0
1788422400,0.007905,0.007905,0.007246,0.00749,42177311.0
1788436800,0.007485,0.007729,0.007403,0.007683,16237991.0
1788451200,0.007672,0.007785,0.007583,0.007653,10428424.0
1788465600,0.007647,0.007739,0.007553,0.007642,11339426.0
1788480000,0.007643,0.007696,0.007371,0.007498,7902057.0
1788494400,0.007493,0.007612,0.007354,0.007612,3304081.0
1788508800,0.007606,0.008189,0.007606,0.008006,20371846.0
1788523200,0.007989,0.009049,0.00763,0.009011,55790215.0
1788537600,0.009013,0.009784,0.008548,0.008556,38187868.0
1788552000,0.008561,0.008874,0.008382,0.008754,11014011.0
1788566400,0.008775,0.009119,0.008515,0.008821,23452978.0
1788580800,0.008813,0.008837,0.008454,0.008725,11093052.0
1788595200,0.008719,0.009481,0.008631,0.00927,12536703.0
1788609600,0.009243,0.009257,0.008702,0.008803,9831772.0
1788624000,0.008802,0.008985,0.008696,0.008773,15117058.0
1788638400,0.008765,0.008787,0.008538,0.008768,9151108.0
1788652800,0.008755,0.00892,0.008526,0.008725,33320315.0
1788667200,0.008741,0.008913,0.008542,0.008648,5686458.0
1788681600,0.008656,0.008656,0.008404,0.008574,3750772.0
1788696000,0.008585,0.008598,0.008151,0.00831,15365990.0
1788710400,0.00831,0.008391,0.008209,0.008214,6366575.0
1788724800,0.00823,0.008447,0.008209,0.008423,2318743.0
1788739200,0.00842,0.008425,0.008073,0.008097,5568886.0
1788753600,0.008102,0.008168,0.007992,0.008044,3715460.0
1788768000,0.008033,0.008129,0.008033,0.00809,1629918.0
1788782400,0.008095,0.008656,0.00806,0.008311,56904305.0
1788796800,0.008312,0.008833,0.008269,0.008566,16855147.0
1788811200,0.008574,0.008629,0.008396,0.008537,4277921.0
1788825600,0.008528,0.008538,0.008284,0.008321,4192552.0
1788840000,0.008316,0.008547,0.008304,0.008365,2683468.0
1788854400,0.008361,0.008949,0.008338,0.008716,8185306.0
1788868800,0.008714,0.008873,0.0085,0.008694,8151256.0
1788883200,0.008689,0.009022,0.008621,0.008868,7152547.0
1788897600,0.008871,0.00891,0.008577,0.008843,24423614.0
1788912000,0.008845,0.00888,0.008549,0.008796,16638935.0
1788926400,0.008783,0.008996,0.008545,0.008572,9217037.0
1788940800,0.008556,0.008639,0.008184,0.008337,24528078.0
1788955200,0.00835,0.008671,0.008303,0.008339,33683929.0
1788969600,0.008333,0.008389,0.008093,0.008104,6999260.0
1788984000,0.008102,0.008193,0.007708,0.008034,10247475.0
1788998400,0.008034,0.008147,0.007833,0.008071,8409796.0
1789012800,0.008067,0.008231,0.008015,0.008102,7945030.0
1789027200,0.008082,0.00815,0.007993,0.007993,5612571.0
1789041600,0.00799,0.008093,0.007777,0.007854,31326426.0
1789056000,0.007862,0.00805,0.007793,0.007926,7326219.0
1789070400,0.007925,0.007941,0.007667,0.007731,3270857.0
1789084800,0.007745,0.008087,0.007745,0.007909,8035912.0
1789099200,0.007932,0.007987,0.007838,0.007863,2168625.0
1789113600,0.007874,0.007968,0.007671,0.00779,2732691.0
1789128000,0.007795,0.008339,0.007658,0.008165,6181839.0
1789142400,0.008209,0.008327,0.008045,0.008151,2393202.0
1789156800,0.008155,0.008323,0.008074,0.008178,2725086.0
1789171200,0.008175,0.00843,0.008175,0.008339,3533367.0
1789185600,0.008335,0.008337,0.008177,0.00819,2572801.0
1789200000,0.008192,0.008221,0.008122,0.008143,1693143.0
1789214400,0.008138,0.008235,0.008107,0.008186,1765874.0
1789228800,0.008187,0.008231,0.008134,0.008148,1530726.0
1789243200,0.008149,0.008162,0.008008,0.008087,1674159.0
1789257600,0.00809,0.008533,0.00809,0.008475,6500968.0
1789272000,0.008477,0.008957,0.008352,0.008848,7474513.0
1789286400,0.008839,0.008852,0.008287,0.008336,6392598.0
1789300800,0.008346,0.008417,0.008089,0.008108,3730944.0
1789315200,0.00811,0.008198,0.008062,0.008081,1856176.0
1789329600,0.008073,0.008135,0.007785,0.00788,3157182.0
1789344000,0.007882,0.008111,0.007782,0.008075,4176152.0
1789358400,0.008084,0.008096,0.00788,0.007888,1984422.0
1789372800,0.007892,0.007916,0.007786,0.007906,2627951.0
1789387200,0.007916,0.007956,0.00777,0.00783,1991595.0
1789401600,0.007831,0.007984,0.007805,0.007911,1725749.0
1789416000,0.007915,0.007983,0.007773,0.007798,2384893.0
1789430400,0.007803,0.008006,0.007785,0.007931,4517363.0
1789444800,0.007935,0.008328,0.007826,0.007834,10653080.0
1789459200,0.007828,0.007828,0.007589,0.007635,6275857.0
1789473600,0.00764,0.007692,0.007293,0.007361,6866452.0
1789488000,0.007359,0.007492,0.007149,0.007359,13517877.0
1789502400,0.007403,0.007403,0.007157,0.007259,3607858.0
1789516800,0.007262,0.007346,0.007185,0.007244,4367576.0
1789531200,0.007255,0.007367,0.007218,0.007226,2262934.0
1789545600,0.007235,0.007387,0.007202,0.007357,2450126.0
1789560000,0.007349,0.007476,0.007193,0.007286,4689816.0
1789574400,0.007284,0.007635,0.007214,0.007345,7735085.0
1789588800,0.007346,0.007457,0.007322,0.00745,2276605.0
1789603200,0.007462,0.007546,0.007401,0.007437,3506479.0
1789617600,0.007437,0.007498,0.007393,0.007472,1329173.0
1789632000,0.007471,0.007763,0.00747,0.007723,4870109.0
1789646400,0.00772,0.007733,0.007553,0.007609,4293205.0
1789660800,0.007614,0.007772,0.007614,0.007663,8106182.0
1789675200,0.00766,0.007704,0.007583,0.007688,1809415.0
1789689600,0.007681,0.008013,0.007541,0.007968,4854542.0
1789704000,0.007973,0.007987,0.007825,0.007916,5617394.0
1789718400,0.007914,0.007984,0.0078,0.007885,1976396.0
1789732800,0.007888,0.008082,0.007886,0.00805,2996038.0
1789747200,0.008041,0.008146,0.008037,0.008075,3426676.0
1789761600,0.008064,0.008251,0.008064,0.008198,1818171.0
1789776000,0.008205,0.008217,0.008048,0.00817,3389570.0
1789790400,0.008166,0.008166,0.00794,0.008072,14031639.0
1789804800,0.00807,0.008383,0.008067,0.008383,4241916.0
1789819200,0.008386,0.008448,0.00822,0.0083,140059265.0
1789833600,0.008303,0.008306,0.008167,0.008235,2803456.0
1789848000,0.008227,0.00827,0.008111,0.008249,2130550.0
1789862400,0.008246,0.008328,0.007903,0.008068,5359105.0
1789876800,0.008068,0.00812,0.008002,0.008002,1898482.0
1789891200,0.008013,0.008031,0.007853,0.007971,4734664.0
1789905600,0.007964,0.008094,0.007871,0.00807,5095167.0
1789920000,0.008064,0.008245,0.008053,0.008185,2438239.0
1789934400,0.008185,0.008285,0.008072,0.008185,1837827.0
1789948800,0.008183,0.008292,0.008053,0.008247,4133099.0
1789963200,0.008251,0.008318,0.008191,0.008268,3037953.0
1789977600,0.008278,0.008533,0.008261,0.00845,5020690.0
1789992000,0.008443,0.008486,0.008302,0.00846,3160977.0
1790006400,0.008463,0.008541,0.008359,0.008458,14894234.0
1790020800,0.008459,0.008528,0.008377,0.008489,7310223.0
1790035200,0.008471,0.008621,0.008401,0.008519,3780422.0
1790049600,0.008503,0.008717,0.008384,0.0085,3955834.0
1790064000,0.008497,0.00859,0.008357,0.008554,10618316.0
1790078400,0.008581,0.008875,0.008464,0.008783,4182279.0
1790092800,0.008769,0.008864,0.008684,0.008803,2015593.0
1790107200,0.008815,0.00937,0.008765,0.00936,5050375.0
1790121600,0.009363,0.009395,0.008958,0.009189,5452747.0
1790136000,0.009175,0.009456,0.009029,0.009282,4542180.0
1790150400,0.009285,0.009635,0.009198,0.009262,9109954.0
1790164800,0.009263,0.009264,0.008672,0.00883,11739205.0
1790179200,0.008798,0.009074,0.00865,0.00883,4698167.0
1790193600,0.008843,0.008844,0.008627,0.008682,3461252.0
1790208000,0.008654,0.008844,0.00861,0.008694,2805700.0
1790222400,0.008695,0.008847,0.008655,0.008799,2156140.0
1790236800,0.008839,0.008919,0.00835,0.008511,4446561.0
1790251200,0.008501,0.0089,0.008452,0.008834,1704493.0
1790265600,0.008849,0.009091,0.008758,0.009042,5447270.0
1790280000,0.00902,0.00903,0.008813,0.008867,3205732.0
1790294400,0.008869,0.009008,0.008697,0.008723,3585290.0
1790308800,0.008725,0.008891,0.008713,0.008851,2256479.0
1790323200,0.008848,0.009088,0.008841,0.009005,1349833.0
1790337600,0.008994,0.009039,0.008727,0.008896,4904910.0
1790352000,0.008908,0.009042,0.008908,0.008996,1805626.0
1790366400,0.008996,0.009127,0.008828,0.009083,5994890.0
1790380800,0.009079,0.009082,0.008919,0.008969,4922535.0
1790395200,0.008967,0.009075,0.008943,0.009034,4648254.0
1790409600,0.009026,0.009127,0.008941,0.009044,1777920.0
1790424000,0.009037,0.009119,0.00884,0.009084,3625034.0
1790438400,0.009075,0.009129,0.008912,0.008917,3190859.0
1790452800,0.008915,0.008981,0.008689,0.008927,2470076.0
1790467200,0.008918,0.00892,0.008708,0.00871,3518695.0
1790481600,0.008705,0.008903,0.008663,0.008896,1663595.0
1790496000,0.0089,0.008922,0.008797,0.008805,2961474.0
1790510400,0.008806,0.008828,0.008479,0.00852,2913636.0
1790524800,0.008523,0.008731,0.008523,0.008665,1209118.0
1790539200,0.008667,0.008697,0.008486,0.008637,1947119.0
1790553600,0.008633,0.008747,0.008239,0.008309,7452448.0
1790568000,0.008281,0.008328,0.007979,0.00798,7395526.0
1790582400,0.00802,0.008036,0.007873,0.007985,7879902.0
1790596800,0.007961,0.00818,0.007784,0.007884,14989177.0
1790611200,0.007874,0.008115,0.007834,0.007863,5328077.0
1790625600,0.007863,0.00797,0.007777,0.007965,4425202.0
1790640000,0.007969,0.008068,0.007614,0.007746,7133095.0
1790654400,0.007744,0.007962,0.00771,0.007954,3684073.0
1790668800,0.007952,0.008099,0.007888,0.008096,3687687.0
1790683200,0.008071,0.00811,0.007845,0.007891,29853084.0
1790697600,0.007901,0.007962,0.007762,0.007837,4893708.0
1790712000,0.007833,0.007953,0.007824,0.007874,4564219.0
1790726400,0.007875,0.007954,0.007751,0.007754,3120498.0
1790740800,0.007748,0.007886,0.007703,0.007824,4339007.0
1790755200,0.007826,0.008069,0.007794,0.007992,6976937.0
1790769600,0.008004,0.008135,0.007865,0.008049,8073521.0
1790784000,0.008049,0.00822,0.007852,0.007872,5440913.0
1790798400,0.007876,0.007966,0.0078,0.007954,5203665.0
1790812800,0.007956,0.008065,0.007872,0.008061,4756707.0
1790827200,0.008062,0.00808,0.007838,0.007852,5957915.0
1790841600,0.007852,0.007892,0.007761,0.007831,4886310.0
1790856000,0.007826,0.007828,0.007667,0.007812,7962541.0
1790870400,0.007815,0.007938,0.007752,0.007862,4037729.0
1790884800,0.007871,0.007924,0.007784,0.007917,4074356.0
1790899200,0.007915,0.008036,0.007875,0.008006,3984945.0
1790913600,0.008004,0.008084,0.007901,0.008018,3890003.0
1790928000,0.008016,0.008093,0.007958,0.008016,4768917.0
1790942400,0.008009,0.008112,0.007881,0.007929,7666612.0
1790956800,0.007931,0.007985,0.007444,0.007565,6662162.0
1790971200,0.007578,0.007763,0.007521,0.00776,3481322.0
1790985600,0.007762,0.007796,0.007665,0.007777,5781050.0
1791000000,0.007776,0.007801,0.007652,0.00766,4353428.0
1791014400,0.007654,0.007794,0.007639,0.007769,2851729.0
1791028800,0.007757,0.007796,0.007656,0.00776,4286760.0
1791043200,0.007764,0.00782,0.007743,0.007779,3202263.0
1791057600,0.007777,0.007793,0.00771,0.00776,3041606.0
1791072000,0.007743,0.007747,0.007658,0.007691,3176428.0
1791086400,0.007689,0.007879,0.007685,0.00783,3945606.0
1791100800,0.007812,0.007914,0.007783,0.007806,1166674.0
