t,o,h,l,c,v
1577836800,0.21640000,0.22480000,0.21490000,0.22010000,2321528.73000000
1577923200,0.22010000,0.22100000,0.21060000,0.21390000,2103741.28000000
1578009600,0.21350000,0.23000000,0.21330000,0.22720000,4882382.62000000
1578096000,0.22700000,0.23520000,0.22450000,0.23520000,2932660.58000000
1578182400,0.23520000,0.23790000,0.22820000,0.22940000,2236608.47000000
1578268800,0.22890000,0.24400000,0.22870000,0.24270000,2980820.20000000
1578355200,0.24210000,0.24420000,0.22790000,0.23030000,3635835.70000000
1578441600,0.23050000,0.23590000,0.22320000,0.22840000,2778452.83000000
1578528000,0.22870000,0.22940000,0.22070000,0.22220000,2663278.29000000
1578614400,0.22210000,0.22750000,0.22000000,0.22600000,2729349.13000000
1578700800,0.22630000,0.23200000,0.22360000,0.22640000,2928833.69000000
1578787200,0.22640000,0.23050000,0.22440000,0.22830000,2233290.74000000
1578873600,0.22800000,0.23080000,0.22400000,0.22700000,1687930.16000000
1578960000,0.22720000,0.23500000,0.22400000,0.22960000,8617064.36000000
1579046400,0.22950000,0.25790000,0.22580000,0.24740000,10164581.41000000
1579132800,0.24740000,0.25100000,0.23160000,0.24140000,4695347.11000000
1579219200,0.24180000,0.26800000,0.23990000,0.26200000,8766477.69000000
1579305600,0.26160000,0.26800000,0.24780000,0.25850000,5538823.72000000
1579392000,0.25830000,0.26110000,0.23300000,0.24000000,5044576.51000000
1579478400,0.24020000,0.24290000,0.23150000,0.23700000,2933922.34000000
1579564800,0.23660000,0.25610000,0.23500000,0.24820000,8168296.52000000
1579651200,0.24880000,0.25100000,0.24340000,0.24700000,3814538.77000000
1579737600,0.24660000,0.24720000,0.23260000,0.23560000,3332831.78000000
1579824000,0.23560000,0.24050000,0.23030000,0.23160000,5173920.91000000
1579910400,0.23170000,0.23730000,0.22910000,0.23400000,3294543.34000000
1579996800,0.23390000,0.23800000,0.23320000,0.23780000,3136631.74000000
1580083200,0.23780000,0.24240000,0.23740000,0.24000000,4103047.83000000
1580169600,0.23980000,0.24630000,0.23850000,0.24370000,5652197.78000000
1580256000,0.24400000,0.24440000,0.23900000,0.24050000,4807294.66000000
1580342400,0.24050000,0.24550000,0.23680000,0.24150000,6158421.05000000
1580428800,0.24160000,0.26070000,0.23940000,0.24740000,11278993.07000000
1580515200,0.24750000,0.25210000,0.24370000,0.24750000,4453097.47000000
1580601600,0.24760000,0.25990000,0.24210000,0.25280000,7346486.86000000
1580688000,0.25260000,0.27000000,0.24830000,0.26300000,8163398.23000000
1580774400,0.26320000,0.28790000,0.25880000,0.28040000,14258453.77000000
1580860800,0.28040000,0.28460000,0.26510000,0.27530000,8404671.66000000
1580947200,0.27560000,0.29330000,0.27280000,0.28840000,9719848.35000000
1581033600,0.28830000,0.32230000,0.28070000,0.31240000,15002159.30000000
1581120000,0.31230000,0.32100000,0.28960000,0.30740000,9163685.54000000
1581206400,0.30740000,0.34900000,0.30440000,0.34110000,12522893.32000000
1581292800,0.34060000,0.37610000,0.30750000,0.35850000,23135118.68100000
1581379200,0.35850000,0.38060000,0.34230000,0.36900000,13084937.62600000
1581465600,0.36870000,0.41310000,0.36150000,0.38760000,15167047.58200000
1581552000,0.38720000,0.40400000,0.34130000,0.34940000,15321763.09000000
1581638400,0.34970000,0.38450000,0.34190000,0.36640000,10364394.28000000
1581724800,0.36640000,0.39070000,0.32620000,0.33490000,12437050.38000000
1581811200,0.33490000,0.35030000,0.28700000,0.34500000,13289762.14000000
1581897600,0.34490000,0.35100000,0.29050000,0.32990000,13247246.91000000
1581984000,0.32990000,0.35660000,0.30610000,0.34950000,8131410.02000000
1582070400,0.34920000,0.39430000,0.33600000,0.34760000,11528620.24000000
1582156800,0.34750000,0.45140000,0.33500000,0.43420000,31860158.20100000
1582243200,0.43420000,0.48000000,0.40930000,0.41800000,31872427.39000000
1582329600,0.41720000,0.46900000,0.41070000,0.44950000,19160834.72000000
1582416000,0.44920000,0.46690000,0.42380000,0.45940000,11868446.65000000
1582502400,0.45950000,0.50270000,0.43300000,0.49460000,32885712.13200000
1582588800,0.49490000,0.49610000,0.37620000,0.39380000,36295758.73000000
1582675200,0.39380000,0.41000000,0.33830000,0.36290000,28251645.97000000
1582761600,0.36280000,0.39680000,0.33880000,0.37640000,16156102.44000000
1582848000,0.37640000,0.38440000,0.33300000,0.34900000,16274375.56000000
1582934400,0.34910000,0.36970000,0.32350000,0.32360000,12358036.17000000
1583020800,0.32360000,0.34680000,0.30800000,0.31970000,11805826.57000000
1583107200,0.31960000,0.39090000,0.31180000,0.37420000,15473577.09000000
1583193600,0.37420000,0.38790000,0.35490000,0.36890000,16646553.59000000
1583280000,0.36860000,0.41260000,0.36530000,0.39290000,17939211.30000000
1583366400,0.39250000,0.41000000,0.37550000,0.37900000,11482013.25000000
1583452800,0.37830000,0.38600000,0.36100000,0.37320000,10906585.47000000
1583539200,0.37330000,0.38220000,0.33640000,0.33750000,12297089.01000000
1583625600,0.33750000,0.34070000,0.28810000,0.29040000,19338093.06000000
1583712000,0.29040000,0.29980000,0.24980000,0.27870000,20978950.55000000
1583798400,0.27950000,0.29870000,0.26960000,0.28200000,13937825.85000000
1583884800,0.28280000,0.28870000,0.24890000,0.27060000,9841617.78000000
1583971200,0.27100000,0.27140000,0.13000000,0.13430000,30353476.30000000
1584057600,0.13480000,0.17840000,0.09580000,0.15270000,37202685.57000000
1584144000,0.15170000,0.16700000,0.14390000,0.14730000,12749848.62000000
1584230400,0.14750000,0.16200000,0.14170000,0.14710000,18030700.63000000
1584316800,0.14710000,0.14730000,0.11500000,0.12660000,20956613.16000000
1584403200,0.12650000,0.14980000,0.12380000,0.13900000,17648324.44000000
1584489600,0.13900000,0.14520000,0.12700000,0.14090000,13351560.29000000
1584576000,0.14070000,0.16960000,0.13910000,0.15740000,17997764.15000000
1584662400,0.15740000,0.18630000,0.14380000,0.15780000,21916848.64000000
1584748800,0.15800000,0.16490000,0.14410000,0.15300000,13003799.31000000
1584835200,0.15240000,0.16950000,0.14340000,0.14550000,25032633.22000000
1584921600,0.14520000,0.16290000,0.14120000,0.15950000,11756142.91000000
1585008000,0.16000000,0.16400000,0.15210000,0.15980000,15665049.17000000
1585094400,0.15940000,0.16190000,0.15030000,0.15360000,12742393.56000000
1585180800,0.15390000,0.15980000,0.15030000,0.15900000,11839876.87000000
1585267200,0.15860000,0.16880000,0.15240000,0.15380000,17855259.62000000
1585353600,0.15380000,0.15390000,0.14300000,0.14990000,10771529.11000000
1585440000,0.14990000,0.15240000,0.14220000,0.14410000,7506172.51000000
1585526400,0.14410000,0.15670000,0.14330000,0.15470000,14694142.70000000
1585612800,0.15450000,0.15780000,0.15120000,0.15400000,8735708.38000000
1585699200,0.15380000,0.15580000,0.14830000,0.15400000,11855432.55000000
1585785600,0.15410000,0.16380000,0.15320000,0.15800000,17532120.91000000
1585872000,0.15780000,0.16210000,0.15460000,0.15860000,9609555.69000000
1585958400,0.15850000,0.17920000,0.15820000,0.17720000,20035325.60000000
1586044800,0.17760000,0.18440000,0.16680000,0.17180000,21611656.05000000
1586131200,0.17180000,0.18880000,0.16920000,0.18760000,15404014.90000000
1586217600,0.18790000,0.19930000,0.18010000,0.18560000,18048051.77000000
1586304000,0.18540000,0.20590000,0.18430000,0.20390000,12255075.81000000
1586390400,0.20340000,0.21080000,0.19500000,0.20000000,16280431.20000000
1586476800,0.20000000,0.20040000,0.17030000,0.17860000,21617333.73000000
1586563200,0.17860000,0.18600000,0.17290000,0.17950000,9801469.71000000
1586649600,0.17940000,0.18900000,0.17420000,0.17730000,12089660.91000000
1586736000,0.17730000,0.17890000,0.16790000,0.17550000,15504369.60000000
1586822400,0.17540000,0.18260000,0.17050000,0.17830000,11111729.98000000
1586908800,0.17820000,0.18290000,0.15900000,0.16870000,13709954.16000000
1586995200,0.16810000,0.19000000,0.16410000,0.18570000,19031855.38000000
1587081600,0.18580000,0.19320000,0.18300000,0.18780000,11532369.50000000
1587168000,0.18780000,0.20140000,0.18730000,0.19870000,11139797.87000000
1587254400,0.19870000,0.19920000,0.18540000,0.18750000,10400412.05000000
1587340800,0.18780000,0.19410000,0.17320000,0.17650000,14510302.79000000
1587427200,0.17630000,0.18110000,0.17360000,0.17760000,7541121.16000000
1587513600,0.17800000,0.18780000,0.17610000,0.18720000,6741691.19000000
1587600000,0.18720000,0.20000000,0.18070000,0.19520000,11916550.59000000
1587686400,0.19520000,0.21530000,0.19320000,0.20900000,20376480.84000000
1587772800,0.20900000,0.22290000,0.20240000,0.21080000,14012319.94000000
1587859200,0.21090000,0.23530000,0.21080000,0.22570000,23617881.45000000
1587945600,0.22540000,0.22750000,0.20550000,0.21680000,13455045.25000000
1588032000,0.21680000,0.22440000,0.20870000,0.21540000,10165453.52000000
1588118400,0.21580000,0.23120000,0.21460000,0.23020000,18811445.74000000
1588204800,0.23020000,0.23340000,0.20110000,0.20930000,30634064.27000000
1588291200,0.20940000,0.22240000,0.20940000,0.21390000,11387032.63000000
1588377600,0.21370000,0.22200000,0.21250000,0.21880000,9810019.40000000
1588464000,0.21860000,0.22200000,0.20140000,0.20550000,26028751.53000000
1588550400,0.20580000,0.21150000,0.18920000,0.20550000,16679698.48000000
1588636800,0.20570000,0.21180000,0.20210000,0.20850000,16019931.15000000
1588723200,0.20840000,0.21050000,0.19480000,0.19760000,12864689.07000000
1588809600,0.19720000,0.20510000,0.19360000,0.20400000,12202765.24000000
1588896000,0.20370000,0.22360000,0.20130000,0.21810000,16283198.47000000
1588982400,0.21810000,0.22470000,0.21080000,0.21360000,13242090.49000000
1589068800,0.21370000,0.21390000,0.17420000,0.19190000,19680064.70000000
1589155200,0.19200000,0.19960000,0.17420000,0.18650000,15551619.04000000
1589241600,0.18650000,0.19910000,0.18590000,0.19330000,9090225.23000000
1589328000,0.19340000,0.19760000,0.18940000,0.19540000,9404045.33000000
1589414400,0.19540000,0.20500000,0.19250000,0.19700000,18259028.55000000
1589500800,0.19700000,0.20200000,0.18900000,0.19200000,12734513.10000000
1589587200,0.19180000,0.20030000,0.19060000,0.19800000,8855077.61000000
1589673600,0.19810000,0.20400000,0.19670000,0.19790000,9953920.00000000
1589760000,0.19790000,0.20420000,0.19770000,0.20140000,8767019.77000000
1589846400,0.20100000,0.20180000,0.19560000,0.20080000,10533934.29000000
1589932800,0.20050000,0.21460000,0.19810000,0.20910000,19012203.60000000
1590019200,0.20900000,0.20990000,0.18360000,0.19150000,17531368.23000000
1590105600,0.19090000,0.20870000,0.18810000,0.20440000,13490618.74000000
1590192000,0.20460000,0.21230000,0.19950000,0.20140000,10281559.19000000
1590278400,0.20140000,0.21120000,0.19440000,0.19720000,17639428.17000000
1590364800,0.19710000,0.21260000,0.19370000,0.21180000,13618986.00000000
1590451200,0.21160000,0.22270000,0.20570000,0.21860000,22094449.59000000
1590537600,0.21870000,0.22630000,0.21470000,0.22000000,13652384.85000000
1590624000,0.22060000,0.22750000,0.21310000,0.22700000,10683175.84000000
1590710400,0.22720000,0.23510000,0.22230000,0.22810000,11225746.76000000
1590796800,0.22840000,0.24400000,0.22480000,0.24380000,15952172.22000000
1590883200,0.24330000,0.26000000,0.22860000,0.23320000,26140488.31000000
1590969600,0.23380000,0.26200000,0.23190000,0.24990000,23684090.88000000
1591056000,0.24990000,0.25890000,0.23430000,0.24580000,11342971.80000000
1591142400,0.24580000,0.24680000,0.23710000,0.24210000,5962145.05000000
1591228800,0.24200000,0.24940000,0.23750000,0.24210000,9748947.75000000
1591315200,0.24180000,0.24270000,0.23170000,0.23210000,6911155.41000000
1591401600,0.23210000,0.23910000,0.22890000,0.23730000,5386184.43000000
1591488000,0.23720000,0.23750000,0.22450000,0.23200000,4719561.37000000
1591574400,0.23200000,0.23600000,0.22920000,0.23390000,5463652.89000000
1591660800,0.23450000,0.24340000,0.23020000,0.24230000,6334799.47000000
1591747200,0.24210000,0.24880000,0.24020000,0.24700000,7398278.39000000
1591833600,0.24720000,0.25070000,0.22610000,0.23050000,12719021.70000000
1591920000,0.23080000,0.23500000,0.22620000,0.23170000,7163352.47000000
1592006400,0.23170000,0.23580000,0.22880000,0.23470000,3408568.54000000
1592092800,0.23480000,0.24650000,0.22940000,0.23290000,12353797.27000000
1592179200,0.23280000,0.23280000,0.21010000,0.22670000,16013310.50000000
1592265600,0.22720000,0.24090000,0.22550000,0.23570000,11870845.23000000
1592352000,0.23580000,0.24700000,0.23050000,0.24460000,16173724.94000000
1592438400,0.24460000,0.25150000,0.23810000,0.24030000,14665208.33000000
1592524800,0.24030000,0.24030000,0.23110000,0.23170000,8412977.84000000
1592611200,0.23180000,0.23490000,0.22620000,0.23060000,6554298.17000000
1592697600,0.23100000,0.24040000,0.23100000,0.23210000,7461323.88000000
1592784000,0.23200000,0.24150000,0.23200000,0.24150000,8466924.76000000
1592870400,0.24150000,0.25130000,0.23570000,0.25000000,11782124.10000000
1592956800,0.25000000,0.25700000,0.23120000,0.23910000,24011599.61000000
1593043200,0.23840000,0.24020000,0.22500000,0.23430000,12342058.24000000
1593129600,0.23440000,0.23470000,0.22070000,0.22270000,10385337.16000000
1593216000,0.22290000,0.22290000,0.19580000,0.20520000,14419668.21000000
1593302400,0.20540000,0.21210000,0.19920000,0.20800000,7106049.64000000
1593388800,0.20800000,0.21530000,0.20650000,0.21400000,6821192.98000000
1593475200,0.21410000,0.21460000,0.20760000,0.20820000,3779620.52000000
1593561600,0.20830000,0.21970000,0.20770000,0.21420000,7560818.10000000
1593648000,0.21420000,0.21810000,0.20070000,0.20460000,10897456.18000000
1593734400,0.20490000,0.20840000,0.20200000,0.20340000,6320267.12000000
1593820800,0.20340000,0.21780000,0.20310000,0.21770000,6387656.29000000
1593907200,0.21720000,0.21920000,0.20790000,0.21540000,8135332.58000000
1593993600,0.21540000,0.23140000,0.21540000,0.22900000,13514157.43000000
1594080000,0.22900000,0.23630000,0.22350000,0.23290000,13297871.55000000
1594166400,0.23300000,0.25240000,0.22960000,0.24680000,18771062.72000000
1594252800,0.24700000,0.25450000,0.23360000,0.24170000,21255336.67000000
1594339200,0.24130000,0.25280000,0.22820000,0.25010000,15618166.40000000
1594425600,0.25020000,0.29490000,0.24900000,0.27940000,56408395.62000000
1594512000,0.27930000,0.28610000,0.26070000,0.27900000,19196502.93000000
1594598400,0.27930000,0.29140000,0.26010000,0.26530000,28864399.86000000
1594684800,0.26510000,0.27730000,0.25000000,0.27220000,24066025.90000000
1594771200,0.27230000,0.29260000,0.26080000,0.28810000,26276394.19000000
1594857600,0.28810000,0.36040000,0.26400000,0.35460000,120683876.83000000
1594944000,0.35460000,0.38680000,0.33260000,0.34600000,81929671.04000000
1595030400,0.34600000,0.36400000,0.33190000,0.35580000,26932812.13000000
1595116800,0.35580000,0.39900000,0.33680000,0.38830000,28206480.41000000
1595203200,0.38870000,0.39570000,0.34250000,0.35670000,43805592.81000000
1595289600,0.35660000,0.37060000,0.33520000,0.34630000,34488069.07000000
1595376000,0.34610000,0.35960000,0.34260000,0.34560000,19968117.74000000
1595462400,0.34580000,0.34950000,0.32330000,0.32910000,23578757.68000000
1595548800,0.32900000,0.33070000,0.31000000,0.31230000,20416761.08000000
1595635200,0.31220000,0.33740000,0.31020000,0.31900000,22159338.91000000
1595721600,0.31890000,0.33190000,0.30370000,0.32110000,23060491.75000000
1595808000,0.32110000,0.32450000,0.26820000,0.28730000,41513389.91000000
1595894400,0.28750000,0.31730000,0.27670000,0.31430000,26575322.77000000
1595980800,0.31430000,0.32790000,0.30580000,0.30800000,21455088.70000000
1596067200,0.30760000,0.34700000,0.30330000,0.33470000,44573219.05000000
1596153600,0.33430000,0.34800000,0.31670000,0.32710000,18159118.07000000
1596240000,0.32740000,0.33600000,0.32200000,0.32790000,17131457.77000000
1596326400,0.32790000,0.33820000,0.25910000,0.30160000,24953570.05000000
1596412800,0.30150000,0.32350000,0.29870000,0.30960000,13229468.46000000
1596499200,0.30970000,0.33160000,0.30940000,0.32660000,13145995.20000000
1596585600,0.32690000,0.34660000,0.32110000,0.33550000,22358605.74000000
1596672000,0.33500000,0.37480000,0.33350000,0.36380000,33650170.20000000
1596758400,0.36380000,0.37990000,0.33450000,0.36890000,28430646.46000000
1596844800,0.36920000,0.46000000,0.36750000,0.45240000,50702799.17000000
1596931200,0.45240000,0.47130000,0.41100000,0.42450000,44555899.44000000
1597017600,0.42450000,0.48610000,0.40300000,0.46860000,48267064.99000000
1597104000,0.46870000,0.48750000,0.39580000,0.43660000,52916965.05000000
1597190400,0.43610000,0.54400000,0.40670000,0.52330000,59270409.74200000
1597276800,0.52330000,0.69650000,0.49590000,0.66990000,122235762.07800000
1597363200,0.66880000,0.76000000,0.61910000,0.63880000,90649893.98000000
1597449600,0.63800000,0.70890000,0.58540000,0.63420000,58732672.96000000
1597536000,0.63430000,0.66490000,0.61500000,0.62910000,45691687.29000000
1597622400,0.62910000,0.69300000,0.58120000,0.58720000,54686163.22000000
1597708800,0.58710000,0.60710000,0.51000000,0.55670000,51567546.34000000
1597795200,0.55620000,0.62570000,0.50000000,0.59650000,76601980.08000000
1597881600,0.59640000,0.66660000,0.59200000,0.62640000,56682001.17000000
1597968000,0.62610000,0.63450000,0.52190000,0.53230000,61932553.60000000
1598054400,0.53140000,0.58620000,0.51100000,0.56360000,46973487.02000000
1598140800,0.56430000,0.63750000,0.54390000,0.61320000,43077734.40000000
1598227200,0.61370000,0.66450000,0.59330000,0.62930000,42594604.20000000
1598313600,0.62900000,0.63910000,0.52900000,0.56090000,46808856.49000000
1598400000,0.56120000,0.58900000,0.52930000,0.55000000,30516133.20000000
1598486400,0.55050000,0.55790000,0.49000000,0.52250000,33964698.03000000
1598572800,0.52260000,0.56250000,0.51220000,0.53370000,23945614.88000000
1598659200,0.53430000,0.54830000,0.52290000,0.53340000,15949179.44000000
1598745600,0.53350000,0.55000000,0.50670000,0.51810000,19710998.33000000
1598832000,0.51820000,0.52680000,0.50140000,0.50210000,15634942.22000000
1598918400,0.50150000,0.55360000,0.48900000,0.51680000,39136381.20000000
1599004800,0.51640000,0.52710000,0.41860000,0.46380000,40772253.14000000
1599091200,0.46380000,0.47160000,0.33000000,0.34860000,45181712.17000000
1599177600,0.34840000,0.38770000,0.33110000,0.37400000,36460308.68000000
1599264000,0.37380000,0.39980000,0.31600000,0.34150000,31484038.26000000
1599350400,0.34190000,0.38740000,0.31890000,0.37570000,25122252.89000000
1599436800,0.37560000,0.38460000,0.32930000,0.37220000,23012046.07000000
1599523200,0.37280000,0.37660000,0.33670000,0.34900000,17930662.54000000
1599609600,0.34890000,0.43500000,0.33760000,0.41300000,38270938.03000000
1599696000,0.41290000,0.45000000,0.40120000,0.41310000,31352357.41000000
1599782400,0.41280000,0.41510000,0.39000000,0.41100000,20103330.77000000
1599868800,0.41120000,0.41810000,0.39730000,0.40900000,16999629.80000000
1599955200,0.40900000,0.41590000,0.35540000,0.37740000,18492942.27000000
1600041600,0.37740000,0.39000000,0.36510000,0.38190000,12947283.11000000
1600128000,0.38170000,0.38840000,0.35120000,0.35390000,14742851.04000000
1600214400,0.35390000,0.36280000,0.33660000,0.35980000,13172327.16000000
1600300800,0.35990000,0.37600000,0.34580000,0.35650000,16841409.99000000
1600387200,0.35660000,0.36320000,0.32810000,0.33690000,17559994.08000000
1600473600,0.33660000,0.34610000,0.32480000,0.34230000,10759537.08000000
1600560000,0.34240000,0.35890000,0.31150000,0.32730000,16875651.53000000
1600646400,0.32740000,0.33050000,0.27420000,0.28730000,30174042.84000000
1600732800,0.28800000,0.31360000,0.27480000,0.30620000,20205160.80000000
1600819200,0.30630000,0.31000000,0.26300000,0.26900000,18124984.07000000
1600905600,0.26930000,0.30260000,0.26330000,0.29410000,16928414.92000000
1600992000,0.29410000,0.32780000,0.28800000,0.31740000,20945388.02000000
1601078400,0.31750000,0.34190000,0.31350000,0.32530000,17346342.07000000
1601164800,0.32490000,0.32770000,0.30290000,0.32090000,11393944.84000000
1601251200,0.32050000,0.35020000,0.31890000,0.32700000,19576643.62000000
1601337600,0.32670000,0.34370000,0.31820000,0.33920000,19838177.58000000
1601424000,0.33920000,0.35590000,0.31960000,0.34690000,19805838.28000000
1601510400,0.34700000,0.37500000,0.32440000,0.33500000,24855325.32000000
1601596800,0.33440000,0.34010000,0.29120000,0.31580000,25098571.43000000
1601683200,0.31580000,0.32930000,0.31240000,0.31540000,8990099.34000000
1601769600,0.31500000,0.32060000,0.30510000,0.31200000,8196271.93000000
1601856000,0.31220000,0.32220000,0.30760000,0.31840000,7125619.11000000
1601942400,0.31840000,0.32130000,0.28130000,0.28590000,14774349.44000000
1602028800,0.28620000,0.31090000,0.27670000,0.30630000,16857253.39000000
1602115200,0.30620000,0.31500000,0.28830000,0.30870000,19453086.22000000
1602201600,0.30880000,0.33250000,0.30030000,0.32860000,14980970.59000000
1602288000,0.32850000,0.33990000,0.31890000,0.32620000,16736093.02000000
1602374400,0.32650000,0.33850000,0.31620000,0.33190000,14564321.78000000
1602460800,0.33200000,0.36280000,0.32840000,0.34450000,29932435.06000000
1602547200,0.34410000,0.35640000,0.33210000,0.34280000,16938873.32000000
1602633600,0.34300000,0.34800000,0.31980000,0.32770000,17668680.49000000
1602720000,0.32770000,0.33360000,0.30590000,0.31480000,14872788.80000000
1602806400,0.31470000,0.31700000,0.29500000,0.30010000,13483175.37000000
1602892800,0.30020000,0.31810000,0.29900000,0.31360000,10483930.52000000
1602979200,0.31320000,0.31700000,0.30860000,0.31550000,6126642.34000000
1603065600,0.31560000,0.31740000,0.30080000,0.30330000,7698432.35000000
1603152000,0.30330000,0.30380000,0.28130000,0.28660000,12082365.42000000
1603238400,0.28660000,0.31250000,0.28490000,0.30120000,13959693.27000000
1603324800,0.30100000,0.32540000,0.30070000,0.31600000,13302195.09000000
1603411200,0.31600000,0.32430000,0.30140000,0.30930000,10325801.30000000
1603497600,0.30930000,0.31340000,0.30340000,0.30780000,6783453.07000000
1603584000,0.30780000,0.31200000,0.29700000,0.30210000,6729181.48000000
1603670400,0.30210000,0.30660000,0.28430000,0.29070000,10757723.78000000
1603756800,0.29070000,0.30040000,0.28330000,0.28780000,13998741.41000000
1603843200,0.28800000,0.29230000,0.26750000,0.27630000,18723048.58000000
1603929600,0.27620000,0.28480000,0.25380000,0.25690000,17715554.45000000
1604016000,0.25710000,0.26000000,0.23590000,0.25390000,26240866.11000000
1604102400,0.25400000,0.26450000,0.24820000,0.24880000,10786455.79000000
1604188800,0.24860000,0.26180000,0.24460000,0.25890000,7243676.38000000
1604275200,0.25910000,0.26250000,0.24320000,0.24700000,10011488.91000000
1604361600,0.24690000,0.24690000,0.22560000,0.23370000,13042140.95000000
1604448000,0.23370000,0.24450000,0.22240000,0.23830000,12283704.63000000
1604534400,0.23900000,0.25480000,0.23370000,0.24810000,16524009.56000000
1604620800,0.24810000,0.28200000,0.24780000,0.27670000,20724585.84000000
1604707200,0.27650000,0.29760000,0.24180000,0.25790000,44333765.73000000
1604793600,0.25790000,0.27630000,0.25370000,0.26670000,14785428.18000000
1604880000,0.26660000,0.27310000,0.25310000,0.26050000,16059375.73000000
1604966400,0.26050000,0.29320000,0.25630000,0.28890000,24106565.33000000
1605052800,0.28900000,0.29500000,0.27680000,0.27850000,14987180.12000000
1605139200,0.27830000,0.27860000,0.26010000,0.26650000,14027584.73000000
1605225600,0.26660000,0.28220000,0.26270000,0.28020000,16391729.81000000
1605312000,0.28020000,0.28060000,0.26200000,0.26610000,16348137.88000000
1605398400,0.26600000,0.27260000,0.24940000,0.25690000,17612850.27000000
1605484800,0.25670000,0.27350000,0.25400000,0.27110000,18230590.43000000
1605571200,0.27140000,0.27940000,0.26800000,0.27440000,19629855.98000000
1605657600,0.27440000,0.27880000,0.25350000,0.26730000,22084649.71000000
1605744000,0.26720000,0.27190000,0.25440000,0.26530000,14953618.33000000
1605830400,0.26540000,0.28900000,0.26390000,0.28460000,25423223.14000000
1605916800,0.28450000,0.32540000,0.28390000,0.31700000,48436505.07000000
1606003200,0.31710000,0.32420000,0.27960000,0.29800000,39945707.85000000
1606089600,0.29810000,0.34180000,0.29320000,0.33570000,44706039.22000000
1606176000,0.33560000,0.37560000,0.32680000,0.35760000,65761097.98000000
1606262400,0.35760000,0.42120000,0.32950000,0.34290000,65351773.40000000
1606348800,0.34220000,0.35800000,0.27330000,0.30160000,71915821.47000000
1606435200,0.30160000,0.31680000,0.28480000,0.30020000,20541733.74000000
1606521600,0.30040000,0.32440000,0.29510000,0.31270000,20237530.86000000
1606608000,0.31250000,0.32420000,0.30070000,0.31710000,18128909.23000000
1606694400,0.31730000,0.33500000,0.31250000,0.32890000,31232698.92000000
1606780800,0.32890000,0.34710000,0.30240000,0.30820000,35626910.76000000
1606867200,0.30790000,0.34930000,0.29750000,0.34110000,38449398.71000000
1606953600,0.34100000,0.35760000,0.33810000,0.34040000,28234603.46000000
1607040000,0.34010000,0.37370000,0.32140000,0.32570000,47873173.08000000
1607126400,0.32570000,0.35270000,0.31620000,0.34310000,26599588.73000000
1607212800,0.34320000,0.34940000,0.32710000,0.33670000,24083904.71000000
1607299200,0.33690000,0.34420000,0.32360000,0.33110000,20254090.33000000
1607385600,0.33090000,0.33220000,0.29130000,0.30110000,31300423.08000000
1607472000,0.30090000,0.31000000,0.28550000,0.30560000,28265832.75000000
1607558400,0.30530000,0.30780000,0.29060000,0.29360000,13235583.45000000
1607644800,0.29380000,0.29590000,0.27630000,0.28870000,19092161.43000000
1607731200,0.28840000,0.31680000,0.28830000,0.30910000,20966121.14000000
1607817600,0.30920000,0.32000000,0.30470000,0.30920000,16223360.79000000
1607904000,0.30910000,0.31880000,0.30310000,0.31290000,14667080.43000000
1607990400,0.31290000,0.34000000,0.31290000,0.32500000,24621588.75000000
1608076800,0.32510000,0.34480000,0.31740000,0.33960000,30867352.04000000
1608163200,0.33980000,0.35890000,0.32360000,0.33240000,42896129.90000000
1608249600,0.33250000,0.36570000,0.31640000,0.35300000,42997382.54000000
1608336000,0.35300000,0.38480000,0.35010000,0.35560000,39585893.57000000
1608422400,0.35560000,0.35800000,0.32800000,0.33970000,29092443.86000000
1608508800,0.33960000,0.36700000,0.31180000,0.32480000,33668025.32000000
1608595200,0.32460000,0.34830000,0.31680000,0.33670000,25756719.92000000
1608681600,0.33650000,0.35170000,0.26500000,0.28910000,39154122.15000000
1608768000,0.28910000,0.31490000,0.28070000,0.31420000,21726309.06000000
1608854400,0.31440000,0.32890000,0.30200000,0.30880000,22001152.18000000
1608940800,0.30850000,0.32180000,0.29970000,0.30940000,18479145.92000000
1609027200,0.30930000,0.33800000,0.30060000,0.31900000,36756153.00000000
1609113600,0.31880000,0.35780000,0.31520000,0.35780000,25691092.97000000
1609200000,0.35780000,0.36200000,0.32000000,0.34610000,39473180.45000000
1609286400,0.34660000,0.35930000,0.32730000,0.33550000,24696412.94000000
1609372800,0.33550000,0.33680000,0.31570000,0.33530000,19110867.91000000
1609459200,0.33580000,0.43210000,0.33100000,0.39780000,103497436.76000000
1609545600,0.39810000,0.46330000,0.37960000,0.40750000,121915106.19000000
1609632000,0.40750000,0.43810000,0.39810000,0.42530000,66908535.56000000
1609718400,0.42550000,0.46150000,0.36730000,0.44630000,69298274.50000000
1609804800,0.44650000,0.49600000,0.40210000,0.47940000,97442555.30000000
1609891200,0.47930000,0.53010000,0.45720000,0.51110000,81831008.76000000
1609977600,0.51170000,0.52090000,0.43000000,0.46110000,67780542.37000000
1610064000,0.46110000,0.48810000,0.40990000,0.45500000,54840029.55000000
1610150400,0.45540000,0.49440000,0.43550000,0.48470000,47068340.75000000
1610236800,0.48480000,0.51450000,0.41500000,0.45780000,62177806.27000000
1610323200,0.45780000,0.46020000,0.37150000,0.41710000,57861491.42000000
1610409600,0.41740000,0.43010000,0.39000000,0.39910000,39345146.69000000
1610496000,0.39890000,0.45260000,0.38040000,0.45010000,33756154.17000000
1610582400,0.45020000,0.46720000,0.42950000,0.45590000,28669032.20000000
1610668800,0.45640000,0.49890000,0.42410000,0.48640000,62773154.70000000
1610755200,0.48690000,0.55000000,0.48380000,0.51830000,67642819.03000000
1610841600,0.51850000,0.58880000,0.48190000,0.58590000,61471228.87000000
1610928000,0.58690000,0.60800000,0.54060000,0.56680000,48169545.05000000
1611014400,0.56680000,0.57410000,0.51500000,0.52130000,35071539.01000000
1611100800,0.52130000,0.54990000,0.48360000,0.54720000,39674017.30000000
1611187200,0.54770000,0.54990000,0.44730000,0.46100000,41102792.25000000
1611273600,0.46160000,0.53870000,0.42880000,0.50880000,37462256.44000000
1611360000,0.50840000,0.57110000,0.50160000,0.55610000,40745060.54000000
1611446400,0.55620000,0.58380000,0.54730000,0.56230000,35657336.87000000
1611532800,0.56210000,0.64460000,0.55000000,0.55600000,56997115.25000000
1611619200,0.55590000,0.62000000,0.53500000,0.60100000,36806446.38000000
1611705600,0.60090000,0.60170000,0.52500000,0.54100000,36970785.17000000
1611792000,0.54140000,0.58020000,0.52570000,0.55860000,39738370.30000000
1611878400,0.55850000,0.68510000,0.54610000,0.63620000,67696029.40000000
1611964800,0.63680000,0.70360000,0.61350000,0.66530000,64045619.18000000
1612051200,0.66490000,0.70300000,0.62080000,0.65160000,49701249.22000000
1612137600,0.65240000,0.66750000,0.61590000,0.64420000,41334111.25000000
1612224000,0.64420000,0.67330000,0.62430000,0.65070000,31296868.96000000
1612310400,0.65070000,0.75190000,0.64740000,0.74540000,44763287.93000000
1612396800,0.74490000,0.76000000,0.67000000,0.70570000,50705381.49000000
1612483200,0.70550000,0.89000000,0.69810000,0.83380000,70511516.93000000
1612569600,0.83350000,0.86420000,0.73470000,0.80920000,57230633.78000000
1612656000,0.80980000,0.87650000,0.76800000,0.84480000,55163037.53000000
1612742400,0.84490000,1.09500000,0.83950000,1.00280000,112093011.97100000
1612828800,1.00310000,1.08130000,0.95720000,1.02900000,73061998.89000000
1612915200,1.02900000,1.04940000,0.91680000,1.03120000,60461063.11000000
1613001600,1.03100000,1.30600000,1.03100000,1.23800000,99429749.91500000
1613088000,1.23800000,1.84000000,1.17500000,1.71780000,147129037.48800000
1613174400,1.71800000,1.79880000,1.35070000,1.67160000,98301837.82000000
1613260800,1.67170000,1.69000000,1.40290000,1.47060000,50986700.13000000
1613347200,1.46910000,1.54600000,1.20000000,1.35580000,77479052.66000000
1613433600,1.35730000,1.46900000,1.26450000,1.31270000,52759498.52000000
1613520000,1.31250000,1.42360000,1.19840000,1.36620000,63389014.60000000
1613606400,1.36810000,1.46000000,1.35000000,1.39650000,60639191.47000000
1613692800,1.39770000,1.43000000,1.30060000,1.37100000,54489930.31000000
1613779200,1.37100000,1.50000000,1.22490000,1.31010000,86240170.14000000
1613865600,1.31010000,1.35630000,1.26080000,1.30550000,39201008.11000000
1613952000,1.30630000,1.31900000,0.93780000,1.14300000,85744510.67000000
1614038400,1.14330000,1.15080000,0.83210000,1.00510000,102894588.04000000
1614124800,1.00660000,1.18600000,0.95220000,1.06000000,65829502.93000000
1614211200,1.06000000,1.15140000,0.96920000,0.98120000,66045513.42000000
1614297600,0.98140000,1.05360000,0.89640000,0.97250000,56729259.58000000
1614384000,0.97330000,1.20000000,0.97210000,1.09880000,62482194.78000000
1614470400,1.09840000,1.13280000,0.94140000,1.02180000,71160035.41000000
1614556800,1.02310000,1.11030000,1.00500000,1.08930000,53496156.13000000
1614643200,1.09020000,1.16860000,1.03730000,1.08250000,75204385.83000000
1614729600,1.08260000,1.23300000,1.05700000,1.17870000,92858594.38000000
1614816000,1.18020000,1.25000000,1.05000000,1.08950000,72611337.87000000
1614902400,1.08990000,1.09660000,1.00380000,1.05260000,52383967.94000000
1614988800,1.05290000,1.07090000,1.00310000,1.04940000,32162364.88000000
1615075200,1.05030000,1.13800000,1.04950000,1.10690000,40279928.16000000
1615161600,1.10670000,1.16850000,1.06000000,1.15700000,48294184.03000000
1615248000,1.15650000,1.18600000,1.11640000,1.18080000,54028141.43000000
1615334400,1.18110000,1.23120000,1.07710000,1.10780000,56842649.16000000
1615420800,1.10930000,1.12490000,1.04800000,1.08380000,39568719.72000000
1615507200,1.08300000,1.15700000,1.02650000,1.05010000,65497523.16000000
1615593600,1.05060000,1.17320000,1.01320000,1.13920000,54990630.46000000
1615680000,1.13920000,1.17210000,1.08750000,1.11680000,55603010.49000000
1615766400,1.11720000,1.35000000,1.11040000,1.19430000,164320571.01000000
1615852800,1.19430000,1.24990000,1.12010000,1.20070000,76959471.66000000
1615939200,1.20210000,1.29850000,1.15310000,1.28860000,49293271.04000000
1616025600,1.28860000,1.38400000,1.23700000,1.25700000,62719910.21000000
1616112000,1.25630000,1.31150000,1.21070000,1.24930000,28999087.83000000
1616198400,1.24880000,1.31450000,1.20000000,1.20970000,30741261.51000000
1616284800,1.20890000,1.23560000,1.15050000,1.17940000,28554412.81000000
1616371200,1.17910000,1.22870000,1.07300000,1.10140000,37689032.25000000
1616457600,1.10220000,1.15840000,1.05530000,1.11020000,32536947.24000000
1616544000,1.11050000,1.18490000,0.98220000,1.02740000,46021369.96000000
1616630400,1.02700000,1.07770000,0.97580000,1.04240000,50986557.05000000
1616716800,1.04240000,1.12490000,1.03920000,1.11740000,28367784.63000000
1616803200,1.11700000,1.21780000,1.09130000,1.15970000,53517074.74000000
1616889600,1.15980000,1.26880000,1.14510000,1.23540000,50280348.68000000
1616976000,1.23540000,1.45210000,1.21670000,1.40190000,64439697.13000000
1617062400,1.40190000,1.42980000,1.30010000,1.32450000,48502965.88000000
1617148800,1.32440000,1.37240000,1.24260000,1.36670000,41808872.39000000
1617235200,1.36550000,1.40000000,1.29160000,1.32150000,34933539.82000000
1617321600,1.32190000,1.36920000,1.30260000,1.35890000,28961305.87000000
1617408000,1.35810000,1.47000000,1.25790000,1.26220000,61626197.09000000
1617494400,1.26230000,1.34940000,1.23270000,1.30940000,33103163.48000000
1617580800,1.30950000,1.43000000,1.27100000,1.40130000,44979680.04000000
1617667200,1.40160000,1.48870000,1.34700000,1.39840000,53788452.04000000
1617753600,1.39850000,1.48230000,1.24950000,1.30240000,63024693.78000000
1617840000,1.30350000,1.38430000,1.29030000,1.35080000,29223051.82000000
1617926400,1.35080000,1.42870000,1.31870000,1.39360000,37068523.15000000
1618012800,1.39360000,1.47720000,1.35390000,1.39010000,42519519.50000000
1618099200,1.39040000,1.54610000,1.35780000,1.52120000,46533319.73000000
1618185600,1.52140000,1.59750000,1.42840000,1.48200000,56320387.54000000
1618272000,1.48210000,1.55480000,1.41650000,1.51560000,45048822.83000000
1618358400,1.51520000,1.52840000,1.38170000,1.46310000,43363718.55000000
1618444800,1.46320000,1.62330000,1.44570000,1.56860000,45169904.40000000
1618531200,1.56870000,1.59930000,1.40110000,1.50440000,42028773.40000000
1618617600,1.50430000,1.79990000,1.50420000,1.69980000,107016656.58000000
1618704000,1.69980000,1.71840000,1.21160000,1.45730000,93183256.67000000
1618790400,1.45720000,1.53000000,1.28120000,1.29230000,67559331.43000000
1618876800,1.29160000,1.35000000,1.16000000,1.29070000,55700942.74000000
1618963200,1.29000000,1.34490000,1.18910000,1.21040000,63234115.22000000
1619049600,1.21100000,1.32510000,1.12690000,1.16180000,60031368.84000000
1619136000,1.16180000,1.19450000,0.91300000,1.16670000,84882770.11000000
1619222400,1.16670000,1.17130000,1.07700000,1.08840000,27297319.92000000
1619308800,1.08840000,1.19320000,1.04780000,1.09390000,26813606.24000000
1619395200,1.09460000,1.24840000,1.08230000,1.23640000,43331058.96000000
1619481600,1.23590000,1.33250000,1.22260000,1.30970000,41846178.55000000
1619568000,1.30930000,1.33640000,1.20930000,1.28800000,32658509.67000000
1619654400,1.28880000,1.38200000,1.24240000,1.32220000,43686975.83000000
1619740800,1.32220000,1.44610000,1.29470000,1.40290000,44385214.40000000
1619827200,1.40290000,1.42000000,1.34770000,1.39340000,26941499.74000000
1619913600,1.39330000,1.41350000,1.32050000,1.38770000,28935955.19000000
1620000000,1.38770000,1.47470000,1.38710000,1.43460000,30865267.07000000
1620086400,1.43620000,1.44500000,1.27210000,1.27420000,42901870.73000000
1620172800,1.27410000,1.45330000,1.25410000,1.44250000,32738167.36000000
1620259200,1.44190000,1.57920000,1.41290000,1.54440000,64557373.80000000
1620345600,1.54440000,1.69650000,1.47100000,1.57690000,65135937.22000000
1620432000,1.57750000,1.62440000,1.48800000,1.51820000,33259498.39000000
1620518400,1.51820000,1.53000000,1.42610000,1.51510000,32906775.52000000
1620604800,1.51520000,1.55610000,1.30540000,1.37070000,37404899.93000000
1620691200,1.37040000,1.47760000,1.32300000,1.47400000,29157905.15000000
1620777600,1.47400000,1.49970000,1.23960000,1.27340000,41345401.83000000
1620864000,1.27320000,1.45300000,1.20100000,1.35260000,58295062.52000000
1620950400,1.35280000,1.49000000,1.32290000,1.47750000,38997654.08000000
1621036800,1.47720000,1.53700000,1.37300000,1.38880000,54344627.65000000
1621123200,1.38840000,1.54000000,1.33180000,1.39560000,52071682.45000000
1621209600,1.39600000,1.41260000,1.25600000,1.28420000,39031598.92000000
1621296000,1.28540000,1.39300000,1.25670000,1.36500000,30186993.39000000
1621382400,1.36580000,1.38800000,0.75610000,0.93090000,111653363.05000000
1621468800,0.93290000,1.12000000,0.83770000,1.10890000,64554630.71000000
1621555200,1.10860000,1.14720000,0.84410000,0.97360000,50329798.21000000
1621641600,0.97350000,1.01530000,0.85520000,0.97390000,38750541.91000000
1621728000,0.97390000,1.04050000,0.67740000,0.81780000,65498680.99000000
1621814400,0.81690000,1.00630000,0.80050000,0.98110000,32235991.16000000
1621900800,0.98130000,1.01790000,0.86720000,0.97540000,36972077.69000000
1621987200,0.97570000,1.05930000,0.95380000,1.02370000,35451063.14000000
1622073600,1.02350000,1.03330000,0.93560000,0.97520000,23181140.83000000
1622160000,0.97560000,0.98700000,0.84580000,0.89990000,29097745.82000000
1622246400,0.90060000,0.93060000,0.79040000,0.83150000,21248486.75000000
1622332800,0.83190000,0.89460000,0.77840000,0.84910000,19187675.92000000
1622419200,0.84910000,0.93850000,0.81390000,0.93590000,23377949.57000000
1622505600,0.93560000,0.95150000,0.87600000,0.89520000,20571318.46000000
1622592000,0.89510000,1.07080000,0.87250000,1.01870000,34348783.01000000
1622678400,1.01890000,1.15370000,1.00490000,1.11130000,34622258.52000000
1622764800,1.11190000,1.13300000,0.97190000,1.02840000,30312792.76000000
1622851200,1.02740000,1.09420000,0.94700000,0.97630000,24711755.92000000
1622937600,0.97520000,1.02530000,0.96420000,1.02470000,14186891.49000000
1623024000,1.02480000,1.08900000,0.94690000,0.96330000,20579526.56000000
1623110400,0.96320000,0.97660000,0.85600000,0.94060000,26800573.26000000
1623196800,0.94030000,1.15230000,0.90760000,1.04150000,68702978.30000000
1623283200,1.04100000,1.05220000,0.97410000,1.04960000,36549059.74000000
1623369600,1.04880000,1.08190000,0.95660000,0.97320000,39320033.71000000
1623456000,0.97290000,1.01980000,0.91050000,0.99100000,23426336.50000000
1623542400,0.99070000,1.06620000,0.96260000,1.04060000,18843798.88000000
1623628800,1.04110000,1.08650000,1.02410000,1.05520000,20055900.79000000
1623715200,1.05570000,1.09370000,1.02290000,1.03230000,19892856.17000000
1623801600,1.03240000,1.05700000,0.99800000,1.01780000,15850200.16000000
1623888000,1.01780000,1.08480000,1.01280000,1.06460000,19738793.88000000
1623974400,1.06460000,1.09240000,0.95990000,0.99200000,20249014.79000000
1624060800,0.99180000,0.99200000,0.93400000,0.93400000,16974573.76000000
1624147200,0.93500000,0.95270000,0.87800000,0.93390000,19487672.69000000
1624233600,0.93420000,0.94160000,0.75050000,0.75390000,38568300.57000000
1624320000,0.75360000,0.85530000,0.67120000,0.74360000,58396503.62000000
1624406400,0.74340000,0.87080000,0.71300000,0.83230000,35395187.77000000
1624492800,0.83270000,0.89470000,0.79600000,0.87430000,16670371.31000000
1624579200,0.87460000,0.89880000,0.77810000,0.79040000,23275845.25000000
1624665600,0.79080000,0.82590000,0.76030000,0.80940000,20398020.30000000
1624752000,0.80890000,0.84900000,0.77100000,0.83580000,17215147.44000000
1624838400,0.83600000,0.86460000,0.82180000,0.84260000,16809517.34000000
1624924800,0.84250000,0.92410000,0.83900000,0.88890000,18054385.86000000
1625011200,0.88830000,0.91240000,0.83300000,0.88330000,15547037.92000000
1625097600,0.88360000,0.88390000,0.81040000,0.83400000,14216317.30000000
1625184000,0.83300000,0.84590000,0.79890000,0.84560000,9905766.21000000
1625270400,0.84570000,0.88500000,0.83370000,0.87640000,7593790.39000000
1625356800,0.87610000,0.91420000,0.85620000,0.88000000,7600902.36000000
1625443200,0.87930000,0.89210000,0.83860000,0.87280000,10676768.51000000
1625529600,0.87310000,0.93360000,0.87150000,0.91320000,15437352.09000000
1625616000,0.91290000,0.94080000,0.90150000,0.90620000,12482528.75000000
1625702400,0.90600000,0.90760000,0.84740000,0.86830000,13542386.80000000
1625788800,0.86760000,0.93360000,0.82880000,0.90580000,19120633.52000000
1625875200,0.90590000,0.92250000,0.86620000,0.89180000,9079190.96000000
1625961600,0.89220000,0.91850000,0.88480000,0.89520000,7161488.41000000
1626048000,0.89530000,0.90440000,0.85040000,0.86750000,8082545.18000000
1626134400,0.86720000,0.89730000,0.84870000,0.87530000,9496720.42000000
1626220800,0.87480000,0.88100000,0.82180000,0.85870000,11958303.40000000
1626307200,0.85850000,0.87920000,0.82000000,0.83470000,9883519.86000000
1626393600,0.83480000,0.85130000,0.77320000,0.78420000,15193894.31000000
1626480000,0.78430000,0.80670000,0.77170000,0.78430000,10709935.78000000
1626566400,0.78360000,0.81370000,0.77460000,0.79810000,8872525.42000000
1626652800,0.79840000,0.80870000,0.74730000,0.75050000,10143048.26000000
1626739200,0.75070000,0.76570000,0.67600000,0.69610000,20985312.95000000
1626825600,0.69630000,0.78290000,0.68170000,0.77010000,16155479.42000000
1626912000,0.77020000,0.79950000,0.75380000,0.79610000,13625897.64000000
1626998400,0.79650000,0.81650000,0.77040000,0.80780000,12525368.77000000
1627084800,0.80820000,0.84600000,0.80340000,0.82620000,13230184.51000000
1627171200,0.82620000,0.90740000,0.79580000,0.89050000,19061475.13000000
1627257600,0.89010000,0.93390000,0.84000000,0.84760000,28792705.42000000
1627344000,0.84720000,0.87210000,0.81730000,0.85690000,14430348.85000000
1627430400,0.85710000,0.87160000,0.82750000,0.84810000,14614749.45000000
1627516800,0.84810000,0.85660000,0.82460000,0.84620000,9705626.31000000
1627603200,0.84630000,0.85590000,0.80770000,0.85290000,14784376.82000000
1627689600,0.85290000,0.85870000,0.82110000,0.83950000,17882669.05000000
1627776000,0.83910000,0.87670000,0.80270000,0.81170000,20942639.61000000
1627862400,0.81170000,0.84000000,0.80030000,0.81670000,13009547.08000000
1627948800,0.81620000,0.83730000,0.79000000,0.81870000,13508877.15000000
1628035200,0.81870000,0.84120000,0.80200000,0.82820000,16732921.36000000
1628121600,0.82780000,0.85930000,0.81000000,0.85070000,23221831.60000000
1628208000,0.85050000,0.86900000,0.82270000,0.85510000,22009970.01000000
1628294400,0.85540000,0.89610000,0.84360000,0.87550000,37472621.78000000
1628380800,0.87550000,0.88590000,0.81670000,0.82530000,27360762.71000000
1628467200,0.82560000,0.87130000,0.80440000,0.85500000,24691559.35000000
1628553600,0.85470000,0.90920000,0.83850000,0.88290000,34467615.49000000
1628640000,0.88310000,0.97000000,0.87780000,0.91160000,59378720.08000000
1628726400,0.91170000,0.96490000,0.85340000,0.88410000,57858791.37000000
1628812800,0.88400000,0.95620000,0.87120000,0.95440000,36995866.27000000
1628899200,0.95490000,0.98180000,0.90980000,0.93200000,49297000.31000000
1628985600,0.93250000,1.02410000,0.92440000,0.99510000,58435655.24000000
1629072000,0.99470000,1.03530000,0.93660000,0.94610000,53225603.22000000
1629158400,0.94560000,0.99260000,0.88000000,0.88350000,48471884.18000000
1629244800,0.88420000,0.96430000,0.84740000,0.92240000,46506731.59000000
1629331200,0.92250000,1.07300000,0.91200000,1.04410000,87684139.56000000
1629417600,1.04440000,1.15430000,1.03950000,1.13850000,69978750.54000000
1629504000,1.13720000,1.22220000,1.09210000,1.14880000,60191628.46000000
1629590400,1.14890000,1.24440000,1.11810000,1.15700000,42470528.04000000
1629676800,1.15730000,1.19010000,1.10880000,1.15870000,34230095.25000000
1629763200,1.15900000,1.16000000,1.01510000,1.03680000,44097790.40000000
1629849600,1.03680000,1.08040000,1.00040000,1.06510000,29788902.60000000
1629936000,1.06420000,1.07550000,0.97020000,0.98870000,27696436.22000000
1630022400,0.98810000,1.06620000,0.95930000,1.06500000,27333899.46000000
1630108800,1.06500000,1.07510000,1.02260000,1.03880000,19510444.09000000
1630195200,1.03890000,1.06660000,0.99910000,1.02170000,24639385.00000000
1630281600,1.02170000,1.09770000,0.97640000,1.02070000,34656685.35000000
1630368000,1.02010000,1.17210000,1.00270000,1.11340000,63948645.29000000
1630454400,1.11350000,1.18490000,1.07890000,1.16140000,43230208.66000000
1630540800,1.16150000,1.17890000,1.12130000,1.14210000,23461669.00000000
1630627200,1.14230000,1.27000000,1.10850000,1.21780000,61734288.80000000
1630713600,1.21750000,1.24000000,1.18870000,1.20790000,28514256.00000000
1630800000,1.20810000,1.35000000,1.18170000,1.31470000,49054347.36000000
1630886400,1.31460000,1.48740000,1.29040000,1.45790000,69726925.29000000
1630972800,1.45800000,1.51670000,1.01990000,1.27740000,113768791.48000000
1631059200,1.27730000,1.96600000,1.23320000,1.91630000,411415946.39900000
1631145600,1.91520000,2.49030000,1.90200000,2.30360000,425690635.84400000
1631232000,2.30210000,2.42830000,1.84320000,2.01260000,282534277.00000000
1631318400,2.01180000,2.29000000,1.96070000,1.99430000,194425030.00000000
1631404800,1.99470000,2.48000000,1.90000000,2.37930000,222384280.00000000
1631491200,2.37800000,2.55740000,1.97000000,2.16520000,257411002.10000000
1631577600,2.16450000,2.27270000,1.97920000,2.03960000,114017816.00000000
1631664000,2.03950000,2.09200000,1.99280000,2.01500000,68445134.00000000
1631750400,2.01440000,2.22580000,1.86200000,2.03780000,145130730.00000000
1631836800,2.03770000,2.16000000,1.88710000,1.92360000,90207802.00000000
1631923200,1.92370000,2.12890000,1.89490000,2.07220000,81645600.00000000
1632009600,2.07210000,2.15730000,1.94000000,1.97290000,76556905.00000000
1632096000,1.97330000,1.97650000,1.54640000,1.67360000,144435752.00000000
1632182400,1.67310000,1.82500000,1.51870000,1.57630000,95673108.00000000
1632268800,1.57600000,1.89700000,1.54510000,1.84570000,84526602.00000000
1632355200,1.84430000,2.05380000,1.78820000,2.00310000,99537811.00000000
1632441600,2.00310000,2.00700000,1.68230000,1.78640000,108353320.00000000
1632528000,1.78650000,1.81680000,1.69200000,1.73100000,56529944.00000000
1632614400,1.73030000,1.78170000,1.56650000,1.77500000,72229907.00000000
1632700800,1.77430000,1.85900000,1.66810000,1.67330000,76499918.00000000
1632787200,1.67400000,1.72010000,1.55290000,1.56490000,62639409.00000000
1632873600,1.56410000,1.74980000,1.55000000,1.60670000,63200438.00000000
1632960000,1.60670000,1.66220000,1.57210000,1.62730000,46431391.00000000
1633046400,1.62740000,1.81400000,1.59540000,1.77360000,65502304.00000000
1633132800,1.77250000,1.88490000,1.71100000,1.76920000,59503487.00000000
1633219200,1.77040000,1.99910000,1.73090000,1.98330000,81133600.00000000
1633305600,1.98390000,2.09350000,1.88500000,1.93940000,132027396.00000000
1633392000,1.93890000,2.06290000,1.91910000,1.95100000,59555333.00000000
1633478400,1.95160000,1.98870000,1.77590000,1.81410000,76601394.00000000
1633564800,1.81410000,1.93930000,1.75070000,1.89020000,70049989.00000000
1633651200,1.89090000,2.00000000,1.87660000,1.89800000,66072438.00000000
1633737600,1.89880000,1.95000000,1.86000000,1.89270000,30861234.00000000
1633824000,1.89330000,1.89330000,1.75840000,1.76500000,28336707.00000000
1633910400,1.76500000,1.83360000,1.67840000,1.71580000,30350425.00000000
1633996800,1.71610000,1.76000000,1.59970000,1.74740000,44512758.00000000
1634083200,1.74710000,1.84500000,1.68590000,1.83700000,29125547.00000000
1634169600,1.83690000,1.88240000,1.77760000,1.81060000,32749178.00000000
1634256000,1.81070000,1.81090000,1.72710000,1.75430000,31342009.00000000
1634342400,1.75440000,1.85000000,1.73470000,1.79830000,37815059.00000000
1634428800,1.79880000,1.89290000,1.72400000,1.76920000,42183099.00000000
1634515200,1.76930000,1.78810000,1.69430000,1.73690000,20548443.00000000
1634601600,1.73660000,1.76890000,1.68560000,1.71050000,21496531.00000000
1634688000,1.71050000,1.82290000,1.68630000,1.79100000,29074074.00000000
1634774400,1.79140000,1.88490000,1.70130000,1.78450000,54346617.00000000
1634860800,1.78360000,1.94130000,1.77130000,1.86090000,62694242.00000000
1634947200,1.86100000,1.94280000,1.84600000,1.90760000,37807947.00000000
1635033600,1.90770000,1.91990000,1.78020000,1.81510000,30010316.00000000
1635120000,1.81520000,2.07500000,1.80710000,2.04960000,63775171.00000000
1635206400,2.04940000,2.10000000,1.94710000,2.04450000,62903283.00000000
1635292800,2.04340000,2.08840000,1.69000000,1.79480000,83909882.00000000
1635379200,1.79320000,1.88030000,1.75010000,1.84470000,54284530.00000000
1635465600,1.84400000,1.91800000,1.83450000,1.87560000,38285174.00000000
1635552000,1.87610000,1.87820000,1.77220000,1.81990000,23948805.00000000
1635638400,1.82090000,1.85620000,1.75400000,1.82840000,32469714.00000000
1635724800,1.82810000,1.86700000,1.77650000,1.83220000,26280705.00000000
1635811200,1.83290000,1.91250000,1.83010000,1.86470000,30408300.00000000
1635897600,1.86470000,1.98360000,1.81800000,1.93420000,46887650.00000000
1635984000,1.93420000,1.96250000,1.81870000,1.85870000,29086864.00000000
1636070400,1.85860000,1.91390000,1.82850000,1.84210000,22420371.00000000
1636156800,1.84240000,1.86610000,1.77730000,1.83620000,17041991.00000000
1636243200,1.83590000,1.87000000,1.81930000,1.86640000,15574711.00000000
1636329600,1.86630000,2.09000000,1.83520000,2.04680000,62851768.00000000
1636416000,2.04640000,2.05660000,1.92920000,1.94610000,38832143.00000000
1636502400,1.94550000,2.29350000,1.83000000,1.93210000,129908674.00000000
1636588800,1.93190000,2.06210000,1.87200000,2.02000000,61945049.00000000
1636675200,2.02010000,2.36300000,2.00250000,2.14520000,179772290.00000000
1636761600,2.14410000,2.16280000,2.03180000,2.07430000,46007264.00000000
1636848000,2.07400000,2.10870000,1.91850000,1.98450000,52677349.00000000
1636934400,1.98440000,2.00950000,1.85630000,1.89110000,52164268.00000000
1637020800,1.89120000,1.89120000,1.56070000,1.72290000,94911065.00000000
1637107200,1.72110000,1.76100000,1.59520000,1.65880000,60452454.00000000
1637193600,1.65850000,2.99000000,1.64710000,1.84990000,514030822.80400000
1637280000,1.84980000,1.90760000,1.75080000,1.87800000,70265015.00000000
1637366400,1.87850000,1.90540000,1.75750000,1.83840000,40883687.00000000
1637452800,1.83770000,1.89250000,1.78220000,1.82810000,42655372.00000000
1637539200,1.82810000,1.83800000,1.71310000,1.73840000,43317588.00000000
1637625600,1.73810000,1.85000000,1.69710000,1.83570000,42291825.00000000
1637712000,1.83560000,1.87330000,1.72000000,1.74160000,45782554.00000000
1637798400,1.74160000,1.84410000,1.72500000,1.82140000,41187816.00000000
1637884800,1.82140000,1.82420000,1.58290000,1.60450000,59819201.00000000
1637971200,1.60440000,1.72420000,1.60020000,1.67420000,39983287.00000000
1638057600,1.67480000,1.71520000,1.57000000,1.71250000,34972976.00000000
1638144000,1.71200000,1.83270000,1.69170000,1.77250000,46330252.00000000
1638230400,1.77150000,1.88000000,1.72950000,1.81190000,57996248.00000000
1638316800,1.81200000,2.02590000,1.80070000,1.96090000,79153407.00000000
1638403200,1.96080000,2.04310000,1.84830000,1.88690000,61315598.00000000
1638489600,1.88770000,1.94220000,1.69180000,1.74680000,47203596.00000000
1638576000,1.74660000,1.75270000,1.32380000,1.64910000,93370242.00000000
1638662400,1.64910000,1.76500000,1.58530000,1.76500000,84567923.00000000
1638748800,1.76480000,1.86660000,1.61320000,1.76290000,110472308.00000000
1638835200,1.76210000,1.81090000,1.66420000,1.68520000,40437823.00000000
1638921600,1.68500000,1.70190000,1.59060000,1.70150000,25884932.00000000
1639008000,1.70100000,1.71350000,1.54310000,1.54800000,32555446.00000000
1639094400,1.54800000,1.59970000,1.45590000,1.45900000,27195979.00000000
1639180800,1.45870000,1.57680000,1.43000000,1.52790000,25023027.00000000
1639267200,1.52840000,1.56540000,1.50840000,1.53920000,16794202.00000000
1639353600,1.53900000,1.55860000,1.31830000,1.32230000,37351297.00000000
1639440000,1.32190000,1.39320000,1.30920000,1.38030000,26335006.00000000
1639526400,1.38010000,1.45460000,1.30300000,1.42620000,28398439.00000000
1639612800,1.42620000,1.46710000,1.38330000,1.38780000,18305062.00000000
1639699200,1.38750000,1.40350000,1.31730000,1.34680000,18697796.00000000
1639785600,1.34700000,1.39870000,1.32520000,1.37810000,15483767.00000000
1639872000,1.37810000,1.43510000,1.35230000,1.35560000,17054492.00000000
1639958400,1.35620000,1.35680000,1.25650000,1.29640000,25974151.00000000
1640044800,1.29660000,1.36440000,1.29030000,1.35730000,26694265.00000000
1640131200,1.35730000,1.41680000,1.34250000,1.36420000,29932451.00000000
1640217600,1.36420000,1.48840000,1.34370000,1.46980000,31950957.00000000
1640304000,1.46980000,1.65000000,1.44580000,1.57540000,47617400.00000000
1640390400,1.57480000,1.59940000,1.53090000,1.57510000,22999107.00000000
1640476800,1.57450000,1.64330000,1.54450000,1.60640000,34733555.00000000
1640563200,1.60730000,1.72490000,1.57970000,1.66250000,32130632.00000000
1640649600,1.66300000,1.66390000,1.45000000,1.46540000,41136791.00000000
1640736000,1.46610000,1.64420000,1.40620000,1.58270000,44785855.00000000
1640822400,1.58270000,1.76570000,1.52050000,1.73020000,70697205.00000000
1640908800,1.73020000,1.78830000,1.62810000,1.65910000,48715404.00000000
1640995200,1.65850000,1.77000000,1.63030000,1.74140000,22952248.00000000
1641081600,1.74150000,1.78460000,1.66000000,1.67340000,26531427.00000000
1641168000,1.67310000,1.83570000,1.62600000,1.79490000,57145005.00000000
1641254400,1.79490000,1.84510000,1.65800000,1.67250000,62763916.00000000
1641340800,1.67240000,1.80260000,1.44700000,1.55540000,64252612.00000000
1641427200,1.55570000,1.60550000,1.48290000,1.56330000,47101470.00000000
1641513600,1.56280000,1.56960000,1.39300000,1.44580000,52703019.00000000
1641600000,1.44590000,1.46970000,1.31480000,1.38500000,30163813.00000000
1641686400,1.38440000,1.44120000,1.36790000,1.40040000,18468767.00000000
1641772800,1.40030000,1.45000000,1.30000000,1.36230000,37319202.00000000
1641859200,1.36190000,1.45320000,1.34850000,1.44600000,32570545.00000000
1641945600,1.44560000,1.50420000,1.43760000,1.49910000,34774351.00000000
1642032000,1.49860000,1.50110000,1.34060000,1.36150000,42932502.00000000
1642118400,1.36130000,1.41110000,1.32270000,1.38170000,31869731.00000000
1642204800,1.38150000,1.41500000,1.35730000,1.37850000,18151129.00000000
1642291200,1.37750000,1.44890000,1.36580000,1.42900000,24196453.00000000
1642377600,1.42930000,1.44390000,1.33710000,1.34130000,31352809.00000000
1642464000,1.34130000,1.36180000,1.27670000,1.31690000,30134537.00000000
1642550400,1.31710000,1.32240000,1.22110000,1.26550000,35192413.00000000
1642636800,1.26500000,1.32680000,1.15430000,1.16160000,35436319.00000000
1642723200,1.16100000,1.19680000,0.99900000,1.03070000,80371227.00000000
1642809600,1.03050000,1.06170000,0.79570000,0.95140000,125204441.12000000
1642896000,0.95060000,1.00550000,0.92420000,0.98900000,53267491.00000000
1642982400,0.98850000,0.98920000,0.81700000,0.91250000,53757972.00000000
1643068800,0.91250000,0.95000000,0.86700000,0.92240000,36769853.00000000
1643155200,0.92230000,0.99550000,0.89230000,0.92310000,53867719.00000000
1643241600,0.92270000,0.95650000,0.87520000,0.93610000,46329195.00000000
1643328000,0.93640000,0.98540000,0.92040000,0.95840000,41535435.00000000
1643414400,0.95840000,1.00750000,0.95460000,0.96900000,30400776.00000000
1643500800,0.96900000,0.98960000,0.92830000,0.94470000,24857482.00000000
1643587200,0.94480000,0.97080000,0.90290000,0.94990000,30053013.00000000
1643673600,0.94990000,0.99200000,0.94660000,0.96630000,26072464.00000000
1643760000,0.96630000,1.03000000,0.92130000,0.92270000,47633350.00000000
1643846400,0.92280000,0.94060000,0.90080000,0.93570000,31808657.00000000
1643932800,0.93530000,1.00000000,0.92630000,0.99730000,33856720.00000000
1644019200,0.99780000,1.04490000,0.98120000,1.00150000,31899615.00000000
1644105600,1.00170000,1.03100000,0.97090000,1.02470000,29169725.00000000
1644192000,1.02470000,1.09860000,0.99830000,1.07000000,57314859.00000000
1644278400,1.07090000,1.10200000,0.98700000,1.02350000,50377249.00000000
1644364800,1.02340000,1.05000000,0.99610000,1.03630000,32927033.00000000
1644451200,1.03660000,1.04950000,0.97360000,0.98130000,42407794.00000000
1644537600,0.98130000,0.99600000,0.89640000,0.91610000,32617526.00000000
1644624000,0.91610000,0.94020000,0.88830000,0.91870000,21044369.00000000
1644710400,0.91880000,0.93450000,0.88180000,0.89650000,17684695.00000000
1644796800,0.89650000,0.91000000,0.87140000,0.89920000,18574382.00000000
1644883200,0.89950000,0.97560000,0.89850000,0.96900000,24422127.00000000
1644969600,0.96960000,1.00790000,0.95280000,0.97790000,39766020.00000000
1645056000,0.97740000,0.98840000,0.88750000,0.89720000,27348283.00000000
1645142400,0.89790000,0.92710000,0.87330000,0.89410000,17325087.00000000
1645228800,0.89400000,0.91760000,0.87050000,0.89940000,14645272.00000000
1645315200,0.89920000,0.90060000,0.83190000,0.84510000,17645067.00000000
1645401600,0.84470000,0.87860000,0.77930000,0.78470000,35446895.00000000
1645488000,0.78460000,0.82000000,0.75810000,0.81070000,38065106.63000000
1645574400,0.81050000,0.88070000,0.78160000,0.78500000,35888139.00000000
1645660800,0.78520000,0.79630000,0.68800000,0.77720000,69785867.31000000
1645747200,0.77710000,0.84170000,0.76760000,0.83010000,32051676.00000000
1645833600,0.83020000,0.88190000,0.81840000,0.85920000,30901498.00000000
1645920000,0.85920000,0.86300000,0.78170000,0.79780000,30849584.00000000
1646006400,0.79790000,0.86930000,0.78460000,0.86810000,39295402.00000000
1646092800,0.86760000,0.89520000,0.83630000,0.85650000,56468544.00000000
1646179200,0.85640000,0.85960000,0.80720000,0.81990000,54416082.00000000
1646265600,0.81980000,0.85160000,0.78690000,0.79660000,56349768.00000000
1646352000,0.79650000,0.81030000,0.75200000,0.75990000,41991984.00000000
1646438400,0.76000000,0.77730000,0.74180000,0.77350000,27981858.00000000
1646524800,0.77360000,0.78210000,0.74290000,0.74650000,27657944.00000000
1646611200,0.74650000,0.77270000,0.71990000,0.72790000,33703880.00000000
1646697600,0.72790000,0.75940000,0.72490000,0.73990000,21125893.00000000
1646784000,0.74000000,0.78080000,0.73900000,0.76710000,22912638.00000000
1646870400,0.76710000,0.78120000,0.72240000,0.73090000,22785698.00000000
1646956800,0.73120000,0.73230000,0.69920000,0.70140000,21686428.00000000
1647043200,0.70160000,0.72480000,0.70080000,0.70520000,10779753.00000000
1647129600,0.70500000,0.71680000,0.67500000,0.68070000,12186092.00000000
1647216000,0.68080000,0.71480000,0.67360000,0.70630000,23839247.00000000
1647302400,0.70630000,0.72770000,0.67790000,0.71590000,28980871.00000000
1647388800,0.71580000,0.73870000,0.69610000,0.73650000,33929244.00000000
1647475200,0.73650000,0.76100000,0.72120000,0.74180000,31904706.00000000
1647561600,0.74190000,0.76550000,0.72550000,0.75480000,37467392.00000000
1647648000,0.75490000,0.78050000,0.75170000,0.76490000,33709486.00000000
1647734400,0.76480000,0.77700000,0.73390000,0.74140000,25659158.00000000
1647820800,0.74130000,0.82910000,0.73000000,0.82760000,68222926.00000000
1647907200,0.82770000,0.85200000,0.80310000,0.82670000,54702957.00000000
1647993600,0.82680000,0.83900000,0.80420000,0.83880000,30339005.00000000
1648080000,0.83880000,0.90800000,0.82120000,0.89110000,46497264.00000000
1648166400,0.89080000,0.94990000,0.88220000,0.88870000,61414552.00000000
1648252800,0.88870000,0.92000000,0.87530000,0.91160000,24603765.00000000
1648339200,0.91160000,0.94980000,0.89500000,0.94930000,24198146.00000000
1648425600,0.94920000,0.97390000,0.89220000,0.90680000,37338627.00000000
1648512000,0.90710000,0.96380000,0.89810000,0.92300000,39064270.00000000
1648598400,0.92280000,0.95570000,0.88140000,0.92660000,43231856.00000000
1648684800,0.92680000,0.98860000,0.90960000,0.92930000,52408387.00000000
1648771200,0.92930000,0.96240000,0.88870000,0.93910000,38982195.00000000
1648857600,0.93930000,0.97700000,0.89650000,0.90680000,48615895.00000000
1648944000,0.90660000,0.94780000,0.88800000,0.93530000,28740792.00000000
1649030400,0.93540000,0.93680000,0.85000000,0.88270000,42136651.00000000
1649116800,0.88240000,0.90040000,0.83070000,0.83450000,35442205.00000000
1649203200,0.83480000,0.83730000,0.76500000,0.76610000,48875684.00000000
1649289600,0.76580000,0.80900000,0.75040000,0.79930000,29187454.00000000
1649376000,0.79910000,0.80970000,0.75130000,0.75950000,25302339.00000000
1649462400,0.75880000,0.78960000,0.75760000,0.78800000,16582407.00000000
1649548800,0.78810000,0.79000000,0.74630000,0.75030000,14941731.00000000
1649635200,0.75030000,0.76090000,0.68130000,0.69360000,32285112.00000000
1649721600,0.69340000,0.74470000,0.68540000,0.72580000,31169176.00000000
1649808000,0.72580000,0.74800000,0.71360000,0.74610000,31073552.00000000
1649894400,0.74610000,0.76130000,0.71500000,0.72670000,25291305.00000000
1649980800,0.72670000,0.74310000,0.72120000,0.73930000,20936877.00000000
1650067200,0.73930000,0.75140000,0.72760000,0.74320000,15606184.00000000
1650153600,0.74330000,0.74570000,0.70600000,0.71050000,18920485.00000000
1650240000,0.71040000,0.74050000,0.68780000,0.73650000,33765836.00000000
1650326400,0.73650000,0.76330000,0.72850000,0.75890000,31037097.00000000
1650412800,0.75910000,0.77120000,0.72940000,0.74150000,26816689.00000000
1650499200,0.74150000,0.77440000,0.70840000,0.71840000,30344411.00000000
1650585600,0.71850000,0.73160000,0.71130000,0.71910000,20881215.00000000
1650672000,0.71910000,0.72370000,0.70370000,0.70740000,16364047.00000000
1650758400,0.70730000,0.71440000,0.69670000,0.70110000,12789033.00000000
1650844800,0.70090000,0.70600000,0.65540000,0.70300000,40977137.92000000
1650931200,0.70310000,0.72800000,0.64270000,0.65600000,37548574.94000000
1651017600,0.65600000,0.67850000,0.64880000,0.67120000,27728502.00000000
1651104000,0.67130000,0.71580000,0.66090000,0.69820000,42287624.00000000
1651190400,0.69840000,0.70990000,0.61920000,0.63810000,43316295.98000000
1651276800,0.63800000,0.63960000,0.53730000,0.56730000,37752138.70000000
1651363200,0.56720000,0.60510000,0.56400000,0.60160000,39309711.00000000
1651449600,0.60140000,0.64840000,0.58000000,0.61610000,45665627.00000000
1651536000,0.61590000,0.74300000,0.61090000,0.67100000,172302198.00000000
1651622400,0.67080000,0.71900000,0.65320000,0.71570000,104533672.00000000
1651708800,0.71590000,0.73100000,0.61420000,0.63400000,70791981.00000000
1651795200,0.63380000,0.72500000,0.62550000,0.69730000,115860871.00000000
1651881600,0.69730000,0.77500000,0.67230000,0.74870000,149618343.00000000
1651968000,0.74870000,0.78620000,0.70750000,0.72920000,147492538.00000000
1652054400,0.72940000,0.75550000,0.56510000,0.57460000,153129527.00000000
1652140800,0.57370000,0.66080000,0.55170000,0.58520000,165548448.00000000
1652227200,0.58480000,0.60700000,0.40340000,0.45040000,241579174.72000000
1652313600,0.45100000,0.48100000,0.35720000,0.42320000,204067701.25000000
1652400000,0.42410000,0.50900000,0.41480000,0.44350000,101243097.00000000
1652486400,0.44350000,0.47400000,0.41810000,0.46350000,69160967.00000000
1652572800,0.46360000,0.49400000,0.44400000,0.49060000,38615772.00000000
1652659200,0.49050000,0.49050000,0.43770000,0.46030000,55700503.00000000
1652745600,0.46040000,0.50870000,0.45930000,0.49500000,49493595.00000000
1652832000,0.49500000,0.50430000,0.43120000,0.43340000,46630616.00000000
1652918400,0.43360000,0.46400000,0.42110000,0.45160000,50933703.00000000
1653004800,0.45150000,0.45930000,0.41990000,0.43350000,48439159.00000000
1653091200,0.43320000,0.44390000,0.42140000,0.43500000,37238043.00000000
1653177600,0.43500000,0.44950000,0.42380000,0.44270000,39441576.00000000
1653264000,0.44260000,0.45270000,0.41060000,0.41710000,49830883.00000000
1653350400,0.41720000,0.42230000,0.39070000,0.41910000,41324277.00000000
1653436800,0.41900000,0.42220000,0.39880000,0.40570000,41739825.00000000
1653523200,0.40580000,0.41270000,0.36640000,0.37940000,60180181.00000000
1653609600,0.37940000,0.38470000,0.35550000,0.36060000,56176978.00000000
1653696000,0.36060000,0.37440000,0.35490000,0.36740000,44718711.00000000
1653782400,0.36730000,0.38000000,0.35270000,0.37880000,39721294.00000000
1653868800,0.37890000,0.42380000,0.37630000,0.42010000,54462784.00000000
1653955200,0.42010000,0.42550000,0.39540000,0.41130000,58909848.00000000
1654041600,0.41120000,0.42870000,0.37430000,0.38500000,69193996.00000000
1654128000,0.38490000,0.39710000,0.37660000,0.39470000,34843886.00000000
1654214400,0.39480000,0.39720000,0.37130000,0.38110000,31207050.00000000
1654300800,0.38100000,0.39040000,0.36700000,0.38830000,21203500.00000000
1654387200,0.38810000,0.40320000,0.37910000,0.39180000,32132243.00000000
1654473600,0.39190000,0.42470000,0.39080000,0.41280000,33806485.00000000
1654560000,0.41260000,0.41350000,0.37660000,0.39890000,33290027.00000000
1654646400,0.39900000,0.43160000,0.39860000,0.41650000,50514639.00000000
1654732800,0.41680000,0.41830000,0.40000000,0.40420000,25294070.00000000
1654819200,0.40430000,0.40490000,0.36280000,0.36890000,42855751.00000000
1654905600,0.36890000,0.37990000,0.33820000,0.35060000,38694246.00000000
1654992000,0.35050000,0.35190000,0.32370000,0.32480000,42832653.00000000
1655078400,0.32440000,0.32950000,0.28790000,0.30390000,115411090.75000000
1655164800,0.30400000,0.31100000,0.28210000,0.30860000,94138951.00000000
1655251200,0.30860000,0.39830000,0.27830000,0.34020000,127342395.00000000
1655337600,0.34030000,0.34480000,0.29580000,0.30200000,73989009.00000000
1655424000,0.30210000,0.31810000,0.29880000,0.31020000,41537309.00000000
1655510400,0.31020000,0.31490000,0.27510000,0.29590000,62017145.00000000
1655596800,0.29590000,0.31940000,0.28460000,0.31460000,55927909.00000000
1655683200,0.31450000,0.32700000,0.30120000,0.31860000,43502316.00000000
1655769600,0.31850000,0.34420000,0.31450000,0.32570000,44107119.00000000
1655856000,0.32570000,0.33200000,0.31200000,0.31380000,36120903.00000000
1655942400,0.31380000,0.33780000,0.31200000,0.33610000,31109121.00000000
1656028800,0.33610000,0.35850000,0.33460000,0.34970000,37126123.00000000
1656115200,0.34970000,0.35740000,0.33480000,0.35150000,30284166.00000000
1656201600,0.35190000,0.36040000,0.33130000,0.33210000,26667075.00000000
1656288000,0.33190000,0.34660000,0.32480000,0.33110000,27184860.00000000
1656374400,0.33110000,0.33760000,0.31050000,0.31260000,29951272.00000000
1656460800,0.31270000,0.31700000,0.29500000,0.30170000,45922030.00000000
1656547200,0.30180000,0.31740000,0.28370000,0.31470000,63403479.00000000
1656633600,0.31480000,0.32390000,0.29940000,0.30660000,52139085.00000000
1656720000,0.30650000,0.31200000,0.29890000,0.30760000,39577636.00000000
1656806400,0.30760000,0.31550000,0.30110000,0.30960000,23535490.00000000
1656892800,0.30960000,0.32110000,0.29990000,0.31960000,31432233.00000000
1656979200,0.31970000,0.32300000,0.30120000,0.30780000,29966506.00000000
1657065600,0.30780000,0.31320000,0.30190000,0.31080000,29748252.00000000
1657152000,0.31090000,0.32560000,0.31000000,0.32240000,34557306.00000000
1657238400,0.32240000,0.32860000,0.30960000,0.31410000,34790596.00000000
1657324800,0.31410000,0.32420000,0.31400000,0.32140000,23761450.00000000
1657411200,0.32150000,0.32300000,0.30580000,0.31010000,24894545.00000000
1657497600,0.31040000,0.31050000,0.29650000,0.29700000,25984217.00000000
1657584000,0.29710000,0.30460000,0.29160000,0.29260000,23515987.00000000
1657670400,0.29250000,0.31120000,0.28980000,0.31000000,35872400.00000000
1657756800,0.31000000,0.33290000,0.30120000,0.32960000,47603300.00000000
1657843200,0.32990000,0.33280000,0.32060000,0.32750000,40805908.00000000
1657929600,0.32750000,0.34570000,0.32470000,0.34050000,44246344.00000000
1658016000,0.34050000,0.34380000,0.33260000,0.33650000,36415648.00000000
1658102400,0.33650000,0.36910000,0.33610000,0.35950000,52800159.00000000
1658188800,0.35950000,0.37860000,0.34620000,0.37200000,54178511.00000000
1658275200,0.37200000,0.37750000,0.34130000,0.34460000,55675553.00000000
1658361600,0.34460000,0.35170000,0.33280000,0.34920000,41849733.00000000
1658448000,0.34910000,0.35770000,0.33310000,0.33750000,34655996.00000000
1658534400,0.33750000,0.34430000,0.32570000,0.33480000,28019345.00000000
1658620800,0.33500000,0.34810000,0.33440000,0.34020000,23147881.00000000
1658707200,0.34030000,0.34360000,0.31130000,0.31190000,30414302.00000000
1658793600,0.31190000,0.31280000,0.30110000,0.31130000,25180863.00000000
1658880000,0.31120000,0.32910000,0.30540000,0.32880000,36487328.00000000
1658966400,0.32880000,0.34260000,0.31890000,0.33650000,40470446.00000000
1659052800,0.33640000,0.34530000,0.32520000,0.33690000,56503804.00000000
1659139200,0.33670000,0.35490000,0.32910000,0.33770000,56948673.00000000
1659225600,0.33780000,0.35600000,0.33030000,0.33610000,48931076.00000000
1659312000,0.33600000,0.34450000,0.33020000,0.34250000,44523623.00000000
1659398400,0.34250000,0.34820000,0.32000000,0.32660000,43484809.00000000
1659484800,0.32660000,0.33930000,0.31750000,0.32660000,36063947.00000000
1659571200,0.32650000,0.34210000,0.32550000,0.33630000,38994524.00000000
1659657600,0.33640000,0.35990000,0.33420000,0.35860000,38398268.00000000
1659744000,0.35860000,0.35960000,0.34650000,0.34910000,29127361.00000000
1659830400,0.34900000,0.36630000,0.34230000,0.35590000,34513071.00000000
1659916800,0.35580000,0.37250000,0.35340000,0.36290000,36957468.00000000
1660003200,0.36280000,0.37680000,0.34020000,0.34530000,37871643.00000000
1660089600,0.34520000,0.36590000,0.33520000,0.36420000,42056045.00000000
1660176000,0.36430000,0.37100000,0.35870000,0.36110000,34603777.00000000
1660262400,0.36110000,0.36610000,0.35240000,0.36520000,28212156.00000000
1660348800,0.36540000,0.37480000,0.36420000,0.36830000,27307410.00000000
1660435200,0.36860000,0.38380000,0.35780000,0.36390000,38064682.00000000
1660521600,0.36420000,0.37580000,0.35010000,0.35760000,30760173.00000000
1660608000,0.35750000,0.36040000,0.34910000,0.35270000,23068956.00000000
1660694400,0.35280000,0.36490000,0.33740000,0.34050000,33497666.00000000
1660780800,0.34080000,0.34780000,0.32540000,0.33360000,26341184.00000000
1660867200,0.33360000,0.33400000,0.30010000,0.30290000,56054685.00000000
1660953600,0.30280000,0.31280000,0.29370000,0.30020000,37102657.00000000
1661040000,0.30020000,0.30920000,0.29730000,0.30630000,29232069.00000000
1661126400,0.30640000,0.30680000,0.29010000,0.30300000,33809567.00000000
1661212800,0.30300000,0.30980000,0.29290000,0.30750000,27554131.00000000
1661299200,0.30760000,0.30940000,0.29840000,0.30220000,27166655.00000000
1661385600,0.30210000,0.31030000,0.29910000,0.30710000,28593818.00000000
1661472000,0.30710000,0.30820000,0.27950000,0.28280000,48477828.00000000
1661558400,0.28280000,0.29070000,0.27880000,0.28880000,26750539.00000000
1661644800,0.28870000,0.29540000,0.28110000,0.28240000,19903969.00000000
1661731200,0.28250000,0.29940000,0.27980000,0.29800000,22989796.00000000
1661817600,0.29790000,0.30230000,0.28400000,0.29160000,21840802.00000000
1661904000,0.29170000,0.30120000,0.28730000,0.28850000,19273126.00000000
1661990400,0.28850000,0.29370000,0.28330000,0.29360000,16352281.00000000
1662076800,0.29360000,0.30720000,0.29000000,0.30230000,23740914.00000000
1662163200,0.30230000,0.30360000,0.29530000,0.30320000,13901544.00000000
1662249600,0.30320000,0.31900000,0.30300000,0.31260000,32008949.00000000
1662336000,0.31250000,0.31460000,0.29710000,0.30450000,18384109.00000000
1662422400,0.30460000,0.30980000,0.28060000,0.28520000,39026594.00000000
1662508800,0.28520000,0.30180000,0.28120000,0.29890000,39330337.00000000
1662595200,0.29910000,0.30840000,0.29290000,0.30770000,28034703.00000000
1662681600,0.30780000,0.32640000,0.30730000,0.32440000,45442250.00000000
1662768000,0.32450000,0.32780000,0.31730000,0.32190000,29320253.00000000
1662854400,0.32200000,0.33090000,0.31640000,0.32660000,32796554.00000000
1662940800,0.32640000,0.33290000,0.31680000,0.32360000,36062999.00000000
1663027200,0.32360000,0.32380000,0.29440000,0.29650000,49786945.00000000
1663113600,0.29650000,0.30490000,0.29490000,0.30300000,23498609.00000000
1663200000,0.30290000,0.30290000,0.28890000,0.29490000,30273590.00000000
1663286400,0.29490000,0.30070000,0.29020000,0.29790000,26418283.00000000
1663372800,0.29780000,0.31140000,0.29760000,0.31100000,14795514.00000000
1663459200,0.31100000,0.31800000,0.28930000,0.29300000,35235420.00000000
1663545600,0.29300000,0.32480000,0.29130000,0.31710000,85240089.00000000
1663632000,0.31720000,0.34700000,0.31690000,0.32970000,114047647.00000000
1663718400,0.32990000,0.34060000,0.30810000,0.33520000,88425441.00000000
1663804800,0.33520000,0.40710000,0.32840000,0.36990000,151470762.00000000
1663891200,0.37000000,0.41000000,0.36320000,0.39910000,153032710.00000000
1663977600,0.39910000,0.40450000,0.36980000,0.38530000,83359376.00000000
1664064000,0.38540000,0.40140000,0.37780000,0.38820000,88867988.00000000
1664150400,0.38820000,0.39230000,0.35700000,0.36860000,75688320.00000000
1664236800,0.36860000,0.37560000,0.33740000,0.35210000,71183063.00000000
1664323200,0.35210000,0.35660000,0.33170000,0.34940000,67484864.00000000
1664409600,0.34950000,0.36420000,0.33280000,0.35490000,69125272.00000000
1664496000,0.35490000,0.36650000,0.34660000,0.35350000,70916847.00000000
1664582400,0.35350000,0.36840000,0.35230000,0.35480000,38552373.00000000
1664668800,0.35490000,0.37240000,0.35160000,0.35430000,45551518.00000000
1664755200,0.35440000,0.36130000,0.34320000,0.35440000,44818912.00000000
1664841600,0.35430000,0.36000000,0.34960000,0.35770000,31282103.00000000
1664928000,0.35770000,0.36030000,0.34420000,0.35380000,31515369.00000000
1665014400,0.35370000,0.35900000,0.34680000,0.34910000,30862879.00000000
1665100800,0.34900000,0.35010000,0.33580000,0.34160000,32447041.00000000
1665187200,0.34150000,0.34150000,0.33060000,0.33480000,23564424.00000000
1665273600,0.33470000,0.33990000,0.33030000,0.33890000,22286833.00000000
1665360000,0.33870000,0.34010000,0.31910000,0.31940000,30889264.00000000
1665446400,0.31940000,0.32390000,0.30820000,0.31780000,35994755.00000000
1665532800,0.31780000,0.32130000,0.31120000,0.31350000,21084386.00000000
1665619200,0.31340000,0.32410000,0.28630000,0.31960000,60752040.00000000
1665705600,0.31950000,0.32960000,0.31250000,0.31740000,29528679.00000000
1665792000,0.31740000,0.32590000,0.31220000,0.31890000,21839184.00000000
1665878400,0.31870000,0.32780000,0.31820000,0.32250000,19658756.00000000
1665964800,0.32240000,0.33200000,0.31780000,0.33020000,23122622.00000000
1666051200,0.33020000,0.33290000,0.31520000,0.31940000,28837010.00000000
1666137600,0.31940000,0.32060000,0.30360000,0.30760000,21951440.00000000
1666224000,0.30750000,0.31520000,0.30270000,0.30660000,22051175.00000000
1666310400,0.30650000,0.31360000,0.29560000,0.31310000,23515571.00000000
1666396800,0.31310000,0.31470000,0.30890000,0.31370000,11520586.00000000
1666483200,0.31380000,0.31690000,0.30670000,0.31580000,14662410.00000000
1666569600,0.31590000,0.31660000,0.30530000,0.31470000,21401678.00000000
1666656000,0.31490000,0.33950000,0.31320000,0.33120000,54779644.00000000
1666742400,0.33120000,0.34400000,0.32880000,0.33910000,44334420.00000000
1666828800,0.33920000,0.34440000,0.32470000,0.32580000,38253840.00000000
1666915200,0.32580000,0.33790000,0.31950000,0.33300000,29697044.00000000
1667001600,0.33300000,0.34600000,0.33300000,0.33960000,34091510.00000000
1667088000,0.33960000,0.36650000,0.33550000,0.35920000,69444560.00000000
1667174400,0.35910000,0.38090000,0.35140000,0.35860000,67145967.00000000
1667260800,0.35870000,0.37050000,0.34570000,0.36010000,46934466.00000000
1667347200,0.36010000,0.36610000,0.34340000,0.36160000,72716522.00000000
1667433600,0.36170000,0.38510000,0.35990000,0.36970000,96380202.00000000
1667520000,0.36970000,0.43000000,0.36530000,0.41520000,132600753.00000000
1667606400,0.41530000,0.45370000,0.40320000,0.42390000,143900629.00000000
1667692800,0.42400000,0.44910000,0.40150000,0.40250000,115179664.00000000
1667779200,0.40250000,0.44900000,0.39610000,0.41930000,156995483.00000000
1667865600,0.41920000,0.42030000,0.28250000,0.33340000,326320353.00000000
1667952000,0.33320000,0.33580000,0.25120000,0.26560000,177926058.00000000
1668038400,0.26560000,0.33780000,0.26200000,0.32090000,143740360.00000000
1668124800,0.32080000,0.33030000,0.28170000,0.30290000,110946915.00000000
1668211200,0.30310000,0.30360000,0.27070000,0.27390000,71758868.00000000
1668297600,0.27390000,0.27810000,0.25500000,0.26200000,86402839.00000000
1668384000,0.26200000,0.26770000,0.23700000,0.26160000,107613195.66000000
1668470400,0.26160000,0.29190000,0.25680000,0.28140000,106200564.00000000
1668556800,0.28160000,0.29840000,0.26390000,0.27580000,123832826.00000000
1668643200,0.27580000,0.27990000,0.25750000,0.26770000,70973139.00000000
1668729600,0.26780000,0.29920000,0.26720000,0.29820000,131848133.00000000
1668816000,0.29810000,0.31270000,0.28850000,0.29820000,189890500.00000000
1668902400,0.29820000,0.29940000,0.25330000,0.25630000,153417492.00000000
1668988800,0.25640000,0.25720000,0.23760000,0.24470000,104330906.00000000
1669075200,0.24480000,0.24870000,0.22580000,0.24140000,88735229.00000000
1669161600,0.24150000,0.24760000,0.23570000,0.24730000,57878033.00000000
1669248000,0.24730000,0.24940000,0.23780000,0.24240000,43901918.00000000
1669334400,0.24240000,0.24600000,0.23370000,0.24370000,41638566.00000000
1669420800,0.24360000,0.24750000,0.23740000,0.24090000,32481559.00000000
1669507200,0.24090000,0.24940000,0.23900000,0.24030000,32366178.00000000
1669593600,0.24030000,0.24180000,0.22660000,0.23590000,42778620.00000000
1669680000,0.23590000,0.24270000,0.23360000,0.24080000,29913253.00000000
1669766400,0.24060000,0.24990000,0.23700000,0.24770000,46647458.00000000
1669852800,0.24760000,0.24840000,0.23850000,0.24090000,29004652.00000000
1669939200,0.24100000,0.24610000,0.23530000,0.24410000,38454303.00000000
1670025600,0.24410000,0.24610000,0.23620000,0.23750000,34490639.00000000
1670112000,0.23750000,0.24080000,0.23670000,0.23930000,23636444.00000000
1670198400,0.23940000,0.24700000,0.23330000,0.23640000,44821167.00000000
1670284800,0.23640000,0.23700000,0.23130000,0.23390000,24348410.00000000
1670371200,0.23390000,0.23460000,0.21710000,0.22100000,46905069.00000000
1670457600,0.22110000,0.22660000,0.21760000,0.22440000,33372855.00000000
1670544000,0.22440000,0.22620000,0.22000000,0.22580000,29948940.00000000
1670630400,0.22580000,0.23060000,0.22490000,0.22680000,24904157.00000000
1670716800,0.22690000,0.23010000,0.22030000,0.22250000,20791118.00000000
1670803200,0.22250000,0.22250000,0.21250000,0.21840000,35264106.00000000
1670889600,0.21830000,0.22580000,0.20950000,0.22390000,39283675.41000000
1670976000,0.22380000,0.22630000,0.21800000,0.22070000,30888460.00000000
1671062400,0.22080000,0.22870000,0.20960000,0.21020000,70613070.00000000
1671148800,0.21010000,0.21290000,0.18040000,0.18490000,82948575.00000000
1671235200,0.18500000,0.19540000,0.18020000,0.19450000,56122629.00000000
1671321600,0.19460000,0.19530000,0.18690000,0.18810000,42677222.00000000
1671408000,0.18820000,0.19120000,0.16830000,0.17420000,61715194.15000000
1671494400,0.17420000,0.18170000,0.17380000,0.17870000,41960483.00000000
1671580800,0.17870000,0.18060000,0.16910000,0.17060000,44093082.00000000
1671667200,0.17050000,0.17200000,0.16470000,0.17190000,44016673.00000000
1671753600,0.17200000,0.17360000,0.16870000,0.16980000,29443377.00000000
1671840000,0.16980000,0.17080000,0.16740000,0.16770000,13416765.00000000
1671926400,0.16770000,0.16820000,0.16230000,0.16550000,24970461.00000000
1672012800,0.16560000,0.17170000,0.16480000,0.17150000,28777985.00000000
1672099200,0.17150000,0.17220000,0.16440000,0.17010000,23186014.00000000
1672185600,0.17010000,0.17050000,0.16070000,0.16700000,42019204.00000000
1672272000,0.16700000,0.16780000,0.16060000,0.16480000,35184163.00000000
1672358400,0.16470000,0.16920000,0.15980000,0.16910000,36523863.00000000
1672444800,0.16910000,0.17470000,0.16720000,0.17250000,44150516.00000000
1672531200,0.17250000,0.17910000,0.17120000,0.17730000,33825753.00000000
1672617600,0.17730000,0.18310000,0.17310000,0.18090000,35586899.00000000
1672704000,0.18090000,0.18540000,0.17980000,0.18430000,33604789.00000000
1672790400,0.18420000,0.19160000,0.18300000,0.18690000,46753241.00000000
1672876800,0.18680000,0.19090000,0.18160000,0.18350000,31717423.00000000
1672963200,0.18350000,0.18990000,0.18040000,0.18900000,38523039.00000000
1673049600,0.18920000,0.19540000,0.18780000,0.19390000,31885678.00000000
1673136000,0.19390000,0.20060000,0.19080000,0.19930000,29504431.00000000
1673222400,0.19930000,0.20830000,0.19800000,0.19970000,57249475.00000000
1673308800,0.19970000,0.20530000,0.19670000,0.20370000,39672964.00000000
1673395200,0.20380000,0.21090000,0.19650000,0.21020000,42168097.00000000
1673481600,0.21010000,0.21330000,0.20190000,0.21240000,64052137.00000000
1673568000,0.21240000,0.22260000,0.20760000,0.22070000,49255747.00000000
1673654400,0.22070000,0.23950000,0.21360000,0.22920000,96866956.00000000
1673740800,0.22900000,0.24070000,0.22300000,0.24050000,68332857.00000000
1673827200,0.24050000,0.24180000,0.22410000,0.23410000,62170533.00000000
1673913600,0.23410000,0.23650000,0.22730000,0.22830000,41539127.00000000
1674000000,0.22830000,0.23270000,0.20760000,0.20870000,79351770.00000000
1674086400,0.20860000,0.21840000,0.20800000,0.21710000,39355291.00000000
1674172800,0.21720000,0.24010000,0.21560000,0.23920000,52436482.00000000
1674259200,0.23920000,0.24550000,0.23080000,0.23880000,60786989.00000000
1674345600,0.23880000,0.25490000,0.23520000,0.24580000,68440331.00000000
1674432000,0.24580000,0.25400000,0.24420000,0.24960000,61725251.00000000
1674518400,0.24960000,0.26000000,0.23290000,0.23640000,64558673.00000000
1674604800,0.23630000,0.24930000,0.22880000,0.24430000,55048567.00000000
1674691200,0.24460000,0.24900000,0.23830000,0.24520000,41536091.00000000
1674777600,0.24530000,0.25960000,0.23830000,0.25450000,49765971.00000000
1674864000,0.25470000,0.26440000,0.24940000,0.25720000,45130002.00000000
1674950400,0.25730000,0.26460000,0.25380000,0.26160000,40553929.00000000
1675036800,0.26160000,0.26240000,0.23520000,0.23930000,54848747.00000000
1675123200,0.23930000,0.24400000,0.23500000,0.24140000,38677261.00000000
1675209600,0.24150000,0.25190000,0.23090000,0.25090000,54740153.00000000
1675296000,0.25100000,0.26830000,0.25100000,0.25510000,58270208.00000000
1675382400,0.25520000,0.27360000,0.25050000,0.27100000,71143863.00000000
1675468800,0.27100000,0.27420000,0.26510000,0.26710000,40603346.00000000
1675555200,0.26710000,0.27000000,0.25070000,0.25700000,41748843.00000000
1675641600,0.25700000,0.26350000,0.25350000,0.25460000,31804919.00000000
1675728000,0.25460000,0.28620000,0.25350000,0.28010000,93670506.00000000
1675814400,0.28000000,0.29950000,0.27460000,0.28990000,98100560.00000000
1675900800,0.29000000,0.29050000,0.24520000,0.25480000,96922348.00000000
1675987200,0.25490000,0.26360000,0.24850000,0.25100000,60213456.00000000
1676073600,0.25100000,0.25710000,0.24760000,0.25660000,34960902.00000000
1676160000,0.25670000,0.25950000,0.24210000,0.24740000,35048469.00000000
1676246400,0.24760000,0.24840000,0.23290000,0.24320000,46588579.00000000
1676332800,0.24320000,0.25560000,0.23410000,0.25330000,47320246.00000000
1676419200,0.25330000,0.27410000,0.25070000,0.27220000,52268566.00000000
1676505600,0.27220000,0.28430000,0.25650000,0.25750000,76601247.00000000
1676592000,0.25750000,0.27540000,0.25690000,0.27120000,47338098.00000000
1676678400,0.27110000,0.27790000,0.26820000,0.27290000,32456383.00000000
1676764800,0.27280000,0.28290000,0.26710000,0.27770000,53546987.00000000
1676851200,0.27770000,0.29140000,0.26850000,0.28500000,63862555.00000000
1676937600,0.28500000,0.29380000,0.27340000,0.27880000,53963041.00000000
1677024000,0.27890000,0.27990000,0.26180000,0.27140000,47188972.00000000
1677110400,0.27140000,0.27910000,0.26430000,0.26850000,40836432.00000000
1677196800,0.26840000,0.26980000,0.25060000,0.25660000,36989934.00000000
1677283200,0.25650000,0.25760000,0.24390000,0.25050000,24855653.00000000
1677369600,0.25040000,0.25580000,0.24810000,0.25530000,18313443.00000000
1677456000,0.25510000,0.26140000,0.24960000,0.25480000,23345571.00000000
1677542400,0.25480000,0.25560000,0.24200000,0.24440000,25163304.00000000
1677628800,0.24450000,0.25410000,0.24260000,0.25070000,22821165.00000000
1677715200,0.25070000,0.25170000,0.23940000,0.24200000,25119896.00000000
1677801600,0.24190000,0.24210000,0.22140000,0.23310000,41088016.00000000
1677888000,0.23310000,0.23380000,0.22060000,0.22450000,16648258.00000000
1677974400,0.22450000,0.23090000,0.22270000,0.22570000,18073948.00000000
1678060800,0.22570000,0.23080000,0.21890000,0.22510000,31304492.00000000
1678147200,0.22510000,0.22790000,0.21250000,0.21720000,34738482.00000000
1678233600,0.21720000,0.21800000,0.19830000,0.20170000,35448454.00000000
1678320000,0.20160000,0.20730000,0.18680000,0.19340000,50357508.00000000
1678406400,0.19330000,0.19500000,0.18450000,0.18830000,77288236.00000000
1678492800,0.18830000,0.19380000,0.17850000,0.18720000,57566791.00000000
1678579200,0.18720000,0.20240000,0.18130000,0.20110000,52323007.00000000
1678665600,0.20120000,0.21600000,0.19380000,0.21220000,78370278.00000000
1678752000,0.21220000,0.22950000,0.20510000,0.22220000,75327396.00000000
1678838400,0.22210000,0.22570000,0.19830000,0.20390000,61282863.00000000
1678924800,0.20380000,0.21010000,0.20070000,0.20840000,31062539.00000000
1679011200,0.20840000,0.22740000,0.20610000,0.22640000,40428562.00000000
1679097600,0.22640000,0.22970000,0.21360000,0.21450000,49336150.00000000
1679184000,0.21450000,0.22450000,0.21440000,0.21970000,36710760.00000000
1679270400,0.21980000,0.22450000,0.20710000,0.20940000,54008478.00000000
1679356800,0.20950000,0.22600000,0.20430000,0.22300000,50454684.00000000
1679443200,0.22300000,0.24110000,0.20830000,0.21340000,137762151.00000000
1679529600,0.21340000,0.22310000,0.21080000,0.21940000,49216764.00000000
1679616000,0.21940000,0.22040000,0.20600000,0.20880000,38202253.00000000
1679702400,0.20890000,0.21140000,0.20220000,0.20630000,24886681.00000000
1679788800,0.20630000,0.21180000,0.20510000,0.21050000,16155048.00000000
1679875200,0.21050000,0.21100000,0.19570000,0.20000000,35281059.00000000
1679961600,0.19990000,0.20440000,0.19690000,0.20180000,35364052.00000000
1680048000,0.20180000,0.23890000,0.20180000,0.23530000,179837620.00000000
1680134400,0.23530000,0.24000000,0.22100000,0.22470000,81372444.00000000
1680220800,0.22470000,0.22820000,0.21790000,0.22600000,47045520.00000000
1680307200,0.22590000,0.22810000,0.21900000,0.22310000,26344422.00000000
1680393600,0.22320000,0.22470000,0.21110000,0.21390000,29510266.00000000
1680480000,0.21400000,0.21940000,0.20680000,0.21430000,41640819.00000000
1680566400,0.21440000,0.22110000,0.21170000,0.21780000,29809110.00000000
1680652800,0.21790000,0.22400000,0.21500000,0.22290000,39486288.00000000
1680739200,0.22280000,0.22330000,0.21540000,0.21800000,28211465.00000000
1680825600,0.21790000,0.21990000,0.21280000,0.21890000,22212399.00000000
1680912000,0.21900000,0.22120000,0.21400000,0.21600000,22774179.00000000
1680998400,0.21600000,0.21840000,0.21300000,0.21640000,19352638.00000000
1681084800,0.21640000,0.22150000,0.21240000,0.22100000,25447827.00000000
1681171200,0.22100000,0.22370000,0.21810000,0.22000000,32229933.00000000
1681257600,0.21990000,0.22060000,0.21130000,0.21500000,35122839.00000000
1681344000,0.21510000,0.22280000,0.21300000,0.22120000,38220834.00000000
1681430400,0.22120000,0.23210000,0.22000000,0.22730000,64815365.00000000
1681516800,0.22720000,0.23330000,0.22350000,0.23140000,40173152.00000000
1681603200,0.23140000,0.23520000,0.22560000,0.23450000,33928545.00000000
1681689600,0.23440000,0.23530000,0.21910000,0.22100000,84428222.00000000
1681776000,0.22100000,0.22600000,0.21750000,0.22230000,62662963.00000000
1681862400,0.22230000,0.22250000,0.19600000,0.19910000,83227086.00000000
1681948800,0.19900000,0.20030000,0.18800000,0.19050000,98157054.00000000
1682035200,0.19040000,0.19140000,0.18140000,0.18530000,57044330.00000000
1682121600,0.18530000,0.19050000,0.18470000,0.18980000,26642828.00000000
1682208000,0.18980000,0.19000000,0.18220000,0.18810000,24711836.00000000
1682294400,0.18810000,0.19030000,0.18160000,0.18530000,23834132.00000000
1682380800,0.18530000,0.18900000,0.17950000,0.18770000,37049004.00000000
1682467200,0.18770000,0.19310000,0.17150000,0.18100000,55200029.00000000
1682553600,0.18100000,0.18530000,0.17960000,0.18400000,30360821.00000000
1682640000,0.18400000,0.18490000,0.18000000,0.18360000,20476690.00000000
1682726400,0.18360000,0.18580000,0.18180000,0.18360000,18026367.00000000
1682812800,0.18360000,0.18480000,0.17930000,0.18010000,18586561.00000000
1682899200,0.18030000,0.18150000,0.17460000,0.17740000,23230157.00000000
1682985600,0.17740000,0.17950000,0.17420000,0.17880000,17149618.00000000
1683072000,0.17880000,0.18210000,0.17430000,0.18100000,23462981.00000000
1683158400,0.18100000,0.18130000,0.17520000,0.17700000,22703967.00000000
1683244800,0.17690000,0.18320000,0.17680000,0.18120000,29724373.00000000
1683331200,0.18120000,0.18300000,0.17200000,0.17520000,24088285.00000000
1683417600,0.17510000,0.17560000,0.17300000,0.17320000,13931730.00000000
1683504000,0.17330000,0.17400000,0.15800000,0.16410000,51504111.00000000
1683590400,0.16420000,0.16700000,0.16300000,0.16490000,21669172.00000000
1683676800,0.16490000,0.17080000,0.16050000,0.16880000,39316591.00000000
1683763200,0.16870000,0.16900000,0.15870000,0.16230000,30654626.00000000
1683849600,0.16240000,0.16480000,0.15730000,0.16470000,33119151.00000000
1683936000,0.16460000,0.16490000,0.16110000,0.16220000,14667533.00000000
1684022400,0.16220000,0.16550000,0.16070000,0.16290000,15771641.00000000
1684108800,0.16300000,0.16870000,0.16080000,0.16690000,24295445.00000000
1684195200,0.16680000,0.17090000,0.16470000,0.16930000,28339164.00000000
1684281600,0.16940000,0.17390000,0.16620000,0.17220000,38172578.00000000
1684368000,0.17230000,0.17250000,0.16300000,0.16510000,33864507.00000000
1684454400,0.16510000,0.16750000,0.16460000,0.16480000,22105921.00000000
1684540800,0.16490000,0.16560000,0.16370000,0.16450000,16017111.00000000
1684627200,0.16450000,0.16480000,0.16030000,0.16160000,15839336.00000000
1684713600,0.16160000,0.16250000,0.15910000,0.16120000,17136842.00000000
1684800000,0.16130000,0.16490000,0.16090000,0.16230000,17260260.00000000
1684886400,0.16240000,0.16260000,0.15380000,0.15430000,39127999.00000000
1684972800,0.15440000,0.15500000,0.14950000,0.15020000,46721334.00000000
1685059200,0.15020000,0.15110000,0.14710000,0.14990000,27863028.00000000
1685145600,0.14980000,0.15180000,0.14870000,0.15050000,21337838.00000000
1685232000,0.15040000,0.15400000,0.15010000,0.15310000,29452362.00000000
1685318400,0.15300000,0.15440000,0.15050000,0.15150000,28394015.00000000
1685404800,0.15150000,0.15260000,0.14880000,0.15140000,35345111.00000000
1685491200,0.15140000,0.15260000,0.14540000,0.14770000,31548102.00000000
1685577600,0.14780000,0.14890000,0.14460000,0.14820000,24153959.00000000
1685664000,0.14820000,0.15250000,0.14670000,0.15160000,23110072.00000000
1685750400,0.15160000,0.15220000,0.14990000,0.15080000,13158512.00000000
1685836800,0.15070000,0.15370000,0.14980000,0.15170000,15954756.00000000
1685923200,0.15170000,0.15210000,0.13100000,0.13770000,68092791.00000000
1686009600,0.13770000,0.13850000,0.13330000,0.13730000,48901894.00000000
1686096000,0.13730000,0.13730000,0.12400000,0.12490000,50513360.00000000
1686182400,0.12500000,0.12570000,0.12090000,0.12330000,61459490.00000000
1686268800,0.12330000,0.12630000,0.12170000,0.12380000,34203529.00000000
1686355200,0.12390000,0.12390000,0.09010000,0.11090000,140770626.00000000
1686441600,0.11090000,0.11310000,0.10700000,0.11070000,33560679.00000000
1686528000,0.11060000,0.11340000,0.10760000,0.11270000,37523395.00000000
1686614400,0.11270000,0.11700000,0.11130000,0.11290000,34673276.00000000
1686700800,0.11300000,0.11910000,0.11040000,0.11290000,45841191.00000000
1686787200,0.11290000,0.11610000,0.10760000,0.11220000,62207712.00000000
1686873600,0.11220000,0.11780000,0.10930000,0.11600000,31240972.00000000
1686960000,0.11600000,0.12300000,0.11530000,0.11840000,34142624.00000000
1687046400,0.11850000,0.11920000,0.11420000,0.11500000,24178383.00000000
1687132800,0.11500000,0.11760000,0.11360000,0.11650000,25084572.00000000
1687219200,0.11660000,0.12200000,0.11340000,0.12140000,24871528.00000000
1687305600,0.12140000,0.12700000,0.12110000,0.12580000,41814490.00000000
1687392000,0.12580000,0.12900000,0.12360000,0.12480000,37603097.00000000
1687478400,0.12490000,0.13900000,0.12450000,0.13510000,37706286.00000000
1687564800,0.13520000,0.13580000,0.13070000,0.13280000,30507833.00000000
1687651200,0.13290000,0.14100000,0.13240000,0.13700000,31657801.00000000
1687737600,0.13710000,0.14000000,0.12830000,0.12940000,58105241.00000000
1687824000,0.12930000,0.13040000,0.12670000,0.12720000,49546797.00000000
1687910400,0.12720000,0.12730000,0.11420000,0.11860000,64721977.00000000
1687996800,0.11860000,0.12410000,0.11810000,0.12010000,39867758.00000000
1688083200,0.12010000,0.12470000,0.11350000,0.12170000,65554502.00000000
1688169600,0.12170000,0.12800000,0.11910000,0.12800000,57890947.00000000
1688256000,0.12790000,0.12810000,0.12080000,0.12360000,63449221.00000000
1688342400,0.12370000,0.13050000,0.12210000,0.12830000,72754360.00000000
1688428800,0.12840000,0.12850000,0.12310000,0.12410000,41789946.00000000
1688515200,0.12410000,0.12530000,0.11770000,0.11980000,43157705.00000000
1688601600,0.11980000,0.12290000,0.11290000,0.11300000,45290562.00000000
1688688000,0.11300000,0.11460000,0.11130000,0.11230000,41057745.00000000
1688774400,0.11240000,0.11330000,0.10950000,0.11160000,30596046.00000000
1688860800,0.11150000,0.11300000,0.11010000,0.11050000,29895328.00000000
1688947200,0.11050000,0.11250000,0.10710000,0.11000000,48499249.00000000
1689033600,0.11000000,0.11150000,0.10560000,0.10870000,63719758.00000000
1689120000,0.10870000,0.11110000,0.10530000,0.10580000,55622216.00000000
1689206400,0.10580000,0.12220000,0.10270000,0.12190000,208602007.00000000
1689292800,0.12190000,0.12360000,0.10970000,0.11330000,199485553.00000000
1689379200,0.11340000,0.11550000,0.11140000,0.11370000,49811817.00000000
1689465600,0.11370000,0.12150000,0.11120000,0.11570000,93139198.00000000
1689552000,0.11560000,0.12650000,0.11440000,0.12030000,172708639.00000000
1689638400,0.12040000,0.12060000,0.11140000,0.11400000,87146745.00000000
1689724800,0.11400000,0.11620000,0.11170000,0.11380000,69830802.00000000
1689811200,0.11380000,0.11840000,0.11250000,0.11510000,69535365.00000000
1689897600,0.11510000,0.11650000,0.11320000,0.11540000,47795680.00000000
1689984000,0.11550000,0.11700000,0.11320000,0.11450000,38489218.00000000
1690070400,0.11450000,0.11750000,0.11340000,0.11580000,33606635.00000000
1690156800,0.11590000,0.11620000,0.10690000,0.10980000,59283279.00000000
1690243200,0.10980000,0.11030000,0.10840000,0.11000000,29707197.00000000
1690329600,0.10990000,0.11250000,0.10790000,0.11080000,38654529.00000000
1690416000,0.11090000,0.11280000,0.10910000,0.11000000,32334880.00000000
1690502400,0.10990000,0.11140000,0.10800000,0.11050000,53026557.00000000
1690588800,0.11040000,0.11180000,0.10960000,0.11140000,24946131.00000000
1690675200,0.11140000,0.11260000,0.10740000,0.10950000,35807628.00000000
1690761600,0.10950000,0.11110000,0.10800000,0.10980000,82051861.00000000
1690848000,0.10980000,0.11120000,0.10500000,0.11090000,76474403.00000000
1690934400,0.11100000,0.11120000,0.10560000,0.10690000,67242462.00000000
1691020800,0.10690000,0.10820000,0.10560000,0.10630000,29228914.00000000
1691107200,0.10630000,0.10780000,0.10450000,0.10600000,23927582.00000000
1691193600,0.10600000,0.10700000,0.10460000,0.10650000,19663726.00000000
1691280000,0.10660000,0.11050000,0.10620000,0.10980000,36944430.00000000
1691366400,0.10980000,0.11250000,0.10720000,0.11200000,74093424.00000000
1691452800,0.11200000,0.11910000,0.11170000,0.11320000,143427684.00000000
1691539200,0.11320000,0.11460000,0.11130000,0.11300000,47659376.00000000
1691625600,0.11300000,0.11350000,0.11120000,0.11250000,33926462.00000000
1691712000,0.11250000,0.11370000,0.11120000,0.11230000,22056353.00000000
1691798400,0.11220000,0.11610000,0.11170000,0.11570000,31256414.00000000
1691884800,0.11580000,0.11780000,0.11310000,0.11690000,53282482.00000000
1691971200,0.11680000,0.11880000,0.11440000,0.11500000,44704423.00000000
1692057600,0.11500000,0.11520000,0.10490000,0.10830000,70324330.00000000
1692144000,0.10840000,0.10850000,0.09940000,0.10280000,89289428.00000000
1692230400,0.10270000,0.10420000,0.08200000,0.09300000,113161910.00000000
1692316800,0.09310000,0.09710000,0.09230000,0.09540000,68943525.00000000
1692403200,0.09530000,0.09820000,0.09470000,0.09670000,36443124.00000000
1692489600,0.09670000,0.09770000,0.09590000,0.09720000,23175647.00000000
1692576000,0.09720000,0.09730000,0.09310000,0.09630000,31123302.00000000
1692662400,0.09640000,0.09730000,0.09230000,0.09730000,38492033.00000000
1692748800,0.09730000,0.09990000,0.09600000,0.09870000,34681493.00000000
1692835200,0.09870000,0.09900000,0.09510000,0.09750000,26925064.00000000
1692921600,0.09750000,0.09780000,0.09520000,0.09680000,31527328.00000000
1693008000,0.09690000,0.09700000,0.09520000,0.09540000,18054687.00000000
1693094400,0.09540000,0.09610000,0.09450000,0.09530000,21342738.00000000
1693180800,0.09520000,0.09780000,0.09240000,0.09730000,29065684.00000000
1693267200,0.09720000,0.10200000,0.09490000,0.10060000,47281902.00000000
1693353600,0.10060000,0.10080000,0.09580000,0.09690000,32941660.00000000
1693440000,0.09690000,0.09690000,0.09080000,0.09310000,73145848.00000000
1693526400,0.09320000,0.09520000,0.09010000,0.09210000,92707491.00000000
1693612800,0.09200000,0.09450000,0.09160000,0.09440000,19085260.00000000
1693699200,0.09430000,0.09500000,0.09290000,0.09450000,21435817.00000000
1693785600,0.09450000,0.09640000,0.09240000,0.09400000,25307804.00000000
1693872000,0.09400000,0.09440000,0.09290000,0.09420000,24326188.00000000
1693958400,0.09420000,0.09490000,0.09100000,0.09420000,30687477.00000000
1694044800,0.09410000,0.09810000,0.09350000,0.09790000,50387413.00000000
1694131200,0.09790000,0.09860000,0.09430000,0.09630000,33068026.00000000
1694217600,0.09630000,0.09680000,0.09390000,0.09410000,18358067.00000000
1694304000,0.09410000,0.09420000,0.08870000,0.09210000,57006314.00000000
1694390400,0.09210000,0.09240000,0.08730000,0.08870000,44477183.00000000
1694476800,0.08860000,0.09270000,0.08830000,0.08950000,28427092.00000000
1694563200,0.08950000,0.09200000,0.08890000,0.09090000,32309277.00000000
1694649600,0.09090000,0.09400000,0.09050000,0.09340000,34708620.00000000
1694736000,0.09340000,0.09700000,0.09300000,0.09640000,33216401.00000000
1694822400,0.09640000,0.09810000,0.09520000,0.09760000,28564110.00000000
1694908800,0.09750000,0.09760000,0.09350000,0.09500000,24734387.00000000
1694995200,0.09490000,0.09850000,0.09390000,0.09640000,33492505.00000000
1695081600,0.09630000,0.09800000,0.09530000,0.09720000,28764310.00000000
1695168000,0.09710000,0.10040000,0.09370000,0.10030000,71390006.00000000
1695254400,0.10030000,0.10390000,0.09670000,0.09730000,85679687.00000000
1695340800,0.09740000,0.10260000,0.09600000,0.10200000,58123599.00000000
1695427200,0.10190000,0.10310000,0.09950000,0.10060000,34205500.00000000
1695513600,0.10060000,0.10300000,0.09990000,0.10120000,31853803.00000000
1695600000,0.10110000,0.10200000,0.09720000,0.09770000,43136732.00000000
1695686400,0.09760000,0.09910000,0.09410000,0.09550000,34976758.00000000
1695772800,0.09550000,0.09710000,0.09370000,0.09570000,34123186.00000000
1695859200,0.09580000,0.09840000,0.09540000,0.09750000,28920931.00000000
1695945600,0.09750000,0.10250000,0.09700000,0.10150000,40021043.00000000
1696032000,0.10150000,0.10550000,0.10070000,0.10330000,36664978.00000000
1696118400,0.10330000,0.10770000,0.10270000,0.10630000,36984471.00000000
1696204800,0.10640000,0.10650000,0.10000000,0.10130000,38443696.00000000
1696291200,0.10120000,0.10310000,0.10020000,0.10120000,24827115.00000000
1696377600,0.10110000,0.10140000,0.09720000,0.09930000,42048552.00000000
1696464000,0.09930000,0.10110000,0.09760000,0.10020000,27331213.00000000
1696550400,0.10030000,0.10180000,0.09800000,0.10070000,25220301.00000000
1696636800,0.10080000,0.10130000,0.09950000,0.10000000,12490500.00000000
1696723200,0.09990000,0.10320000,0.09920000,0.10130000,33833220.00000000
1696809600,0.10120000,0.10140000,0.09450000,0.09650000,32946170.00000000
1696896000,0.09660000,0.09710000,0.09430000,0.09510000,19452910.00000000
1696982400,0.09520000,0.09560000,0.09310000,0.09510000,23004547.00000000
1697068800,0.09500000,0.09550000,0.09290000,0.09360000,18327784.00000000
1697155200,0.09360000,0.09680000,0.09350000,0.09510000,17830897.00000000
1697241600,0.09510000,0.09600000,0.09450000,0.09530000,23273746.00000000
1697328000,0.09530000,0.09610000,0.09420000,0.09430000,33435559.00000000
1697414400,0.09440000,0.09840000,0.09380000,0.09480000,59453810.00000000
1697500800,0.09480000,0.09510000,0.09060000,0.09140000,63137611.00000000
1697587200,0.09140000,0.09240000,0.08980000,0.08990000,48953906.00000000
1697673600,0.08990000,0.09040000,0.08770000,0.08970000,46280944.00000000
1697760000,0.08970000,0.09270000,0.08900000,0.09130000,60973729.00000000
1697846400,0.09120000,0.09430000,0.09090000,0.09420000,52499254.00000000
1697932800,0.09410000,0.09500000,0.09200000,0.09430000,42331263.00000000
1698019200,0.09430000,0.09900000,0.09300000,0.09830000,100848078.00000000
1698105600,0.09830000,0.10280000,0.09610000,0.10080000,146702125.00000000
1698192000,0.10070000,0.10330000,0.09830000,0.10090000,86927243.00000000
1698278400,0.10090000,0.10370000,0.09770000,0.10120000,87023723.00000000
1698364800,0.10120000,0.10160000,0.09810000,0.09920000,49130668.00000000
1698451200,0.09920000,0.10250000,0.09900000,0.10170000,42438769.00000000
1698537600,0.10170000,0.10720000,0.10020000,0.10650000,62147225.00000000
1698624000,0.10660000,0.11250000,0.10490000,0.11210000,111360679.00000000
1698710400,0.11210000,0.11380000,0.10540000,0.10930000,94820097.00000000
1698796800,0.10930000,0.11570000,0.10660000,0.11440000,92490810.00000000
1698883200,0.11440000,0.11530000,0.10830000,0.11130000,101767140.00000000
1698969600,0.11120000,0.11340000,0.10690000,0.11150000,79220598.00000000
1699056000,0.11140000,0.11570000,0.10990000,0.11490000,75210805.00000000
1699142400,0.11490000,0.12330000,0.11430000,0.12120000,129640616.00000000
1699228800,0.12130000,0.12990000,0.11890000,0.12910000,90361814.00000000
1699315200,0.12900000,0.13000000,0.11830000,0.12350000,77285228.00000000
1699401600,0.12350000,0.12820000,0.12240000,0.12700000,50520433.00000000
1699488000,0.12700000,0.13180000,0.10680000,0.12380000,134661721.00000000
1699574400,0.12380000,0.12830000,0.11950000,0.12800000,87658831.00000000
1699660800,0.12810000,0.13630000,0.12440000,0.13350000,99335414.00000000
1699747200,0.13350000,0.14840000,0.12780000,0.14610000,148846934.00000000
1699833600,0.14600000,0.14760000,0.13230000,0.13330000,113204678.00000000
1699920000,0.13330000,0.13650000,0.12250000,0.12910000,92972826.00000000
1700006400,0.12900000,0.14530000,0.12850000,0.14220000,95549364.00000000
1700092800,0.14220000,0.14720000,0.13250000,0.13570000,112805544.00000000
1700179200,0.13560000,0.13990000,0.12800000,0.13600000,68978514.00000000
1700265600,0.13600000,0.13600000,0.12610000,0.13450000,42367563.00000000
1700352000,0.13450000,0.14250000,0.13050000,0.14060000,39419661.00000000
1700438400,0.14060000,0.15070000,0.13790000,0.14140000,120658600.00000000
1700524800,0.14140000,0.14270000,0.12340000,0.12340000,126878162.00000000
1700611200,0.12340000,0.13480000,0.12300000,0.13230000,63108664.00000000
1700697600,0.13240000,0.13430000,0.12810000,0.13060000,40045818.00000000
1700784000,0.13060000,0.13530000,0.13030000,0.13350000,40136244.00000000
1700870400,0.13360000,0.14180000,0.13260000,0.14040000,46070571.00000000
1700956800,0.14050000,0.14090000,0.13310000,0.13610000,44351158.00000000
1701043200,0.13610000,0.13860000,0.12910000,0.13170000,41040033.00000000
1701129600,0.13170000,0.13510000,0.12850000,0.13300000,38544816.00000000
1701216000,0.13300000,0.13450000,0.13010000,0.13410000,50408965.00000000
1701302400,0.13410000,0.14000000,0.13120000,0.13380000,71975159.00000000
1701388800,0.13380000,0.13950000,0.13290000,0.13940000,53821284.00000000
1701475200,0.13940000,0.14840000,0.13860000,0.14790000,71716222.00000000
1701561600,0.14790000,0.15500000,0.14660000,0.15130000,89474136.00000000
1701648000,0.15120000,0.16000000,0.14590000,0.15340000,102887374.00000000
1701734400,0.15340000,0.15500000,0.14950000,0.15370000,60774775.00000000
1701820800,0.15370000,0.15790000,0.15040000,0.15280000,68886663.00000000
1701907200,0.15290000,0.16490000,0.15260000,0.16380000,101510504.00000000
1701993600,0.16380000,0.18570000,0.16240000,0.18430000,133061434.00000000
1702080000,0.18430000,0.22310000,0.18370000,0.19950000,329560257.00000000
1702166400,0.19940000,0.20500000,0.18890000,0.20150000,93586290.00000000
1702252800,0.20140000,0.20940000,0.16700000,0.20260000,162322259.00000000
1702339200,0.20270000,0.21500000,0.19320000,0.19810000,135039598.00000000
1702425600,0.19810000,0.20420000,0.18430000,0.20090000,103763759.00000000
1702512000,0.20100000,0.21790000,0.19630000,0.21630000,119588869.00000000
1702598400,0.21630000,0.21690000,0.19430000,0.19610000,79394175.00000000
1702684800,0.19620000,0.20420000,0.19320000,0.19820000,54962470.00000000
1702771200,0.19820000,0.20090000,0.18930000,0.19040000,43352594.00000000
1702857600,0.19040000,0.19600000,0.17670000,0.19550000,65133521.00000000
1702944000,0.19550000,0.20520000,0.19050000,0.19230000,65246204.00000000
1703030400,0.19220000,0.20380000,0.18880000,0.19830000,64026562.00000000
1703116800,0.19830000,0.23050000,0.19460000,0.22390000,133953273.00000000
1703203200,0.22380000,0.25320000,0.22370000,0.23960000,259685275.00000000
1703289600,0.23970000,0.24320000,0.22810000,0.23540000,87441777.00000000
1703376000,0.23530000,0.24780000,0.22470000,0.23070000,100677907.00000000
1703462400,0.23060000,0.23960000,0.22690000,0.23830000,62735254.00000000
1703548800,0.23830000,0.24260000,0.21600000,0.23500000,83316576.00000000
1703635200,0.23510000,0.23550000,0.22290000,0.22880000,54850428.00000000
1703721600,0.22870000,0.23840000,0.22110000,0.23390000,79267238.00000000
1703808000,0.23390000,0.24330000,0.22010000,0.22670000,90670321.00000000
1703894400,0.22670000,0.22780000,0.21820000,0.22110000,41056033.00000000
1703980800,0.22110000,0.23280000,0.21850000,0.22290000,40402340.00000000
1704067200,0.22280000,0.23970000,0.21970000,0.23870000,41149558.00000000
1704153600,0.23870000,0.24460000,0.22400000,0.22680000,72793088.00000000
1704240000,0.22690000,0.23070000,0.16480000,0.20470000,139477355.00000000
1704326400,0.20460000,0.21010000,0.19770000,0.20730000,59201132.00000000
1704412800,0.20740000,0.20800000,0.18760000,0.19650000,60260316.00000000
1704499200,0.19660000,0.19680000,0.17880000,0.18970000,42459449.00000000
1704585600,0.18980000,0.19400000,0.17610000,0.17820000,35362478.00000000
1704672000,0.17820000,0.20060000,0.16360000,0.19490000,119233123.00000000
1704758400,0.19490000,0.20320000,0.17950000,0.18570000,84764998.00000000
1704844800,0.18570000,0.20490000,0.17810000,0.19940000,71780234.00000000
1704931200,0.19950000,0.20720000,0.19500000,0.20260000,74828231.00000000
1705017600,0.20250000,0.20440000,0.18020000,0.18660000,56331107.00000000
1705104000,0.18670000,0.19180000,0.18040000,0.18920000,29958259.00000000
1705190400,0.18920000,0.19290000,0.18300000,0.18370000,29015824.00000000
1705276800,0.18380000,0.19100000,0.18340000,0.18840000,28680288.00000000
1705363200,0.18850000,0.19750000,0.18710000,0.19590000,52262515.00000000
1705449600,0.19590000,0.19890000,0.18860000,0.19110000,33111125.00000000
1705536000,0.19110000,0.19360000,0.17590000,0.17900000,37318382.00000000
1705622400,0.17900000,0.17950000,0.16730000,0.17320000,56468909.00000000
1705708800,0.17320000,0.17410000,0.16990000,0.17210000,32716566.00000000
1705795200,0.17200000,0.17460000,0.16980000,0.17010000,33995701.00000000
1705881600,0.17010000,0.17200000,0.15920000,0.16130000,44220986.00000000
1705968000,0.16130000,0.16550000,0.14860000,0.16010000,59635736.00000000
1706054400,0.16010000,0.16450000,0.15800000,0.16340000,25619952.00000000
1706140800,0.16340000,0.16390000,0.15840000,0.16110000,26606632.00000000
1706227200,0.16100000,0.16910000,0.15960000,0.16650000,52728708.00000000
1706313600,0.16660000,0.16850000,0.16400000,0.16750000,28314293.00000000
1706400000,0.16750000,0.16900000,0.16190000,0.16420000,32487137.00000000
1706486400,0.16420000,0.16950000,0.16240000,0.16890000,38669520.00000000
1706572800,0.16890000,0.17110000,0.16330000,0.16450000,38136527.00000000
1706659200,0.16450000,0.16520000,0.15730000,0.15920000,36686274.00000000
1706745600,0.15920000,0.16080000,0.15490000,0.15880000,26427618.00000000
1706832000,0.15880000,0.16440000,0.15830000,0.16090000,38387146.00000000
1706918400,0.16100000,0.16850000,0.16090000,0.16570000,29930658.00000000
1707004800,0.16570000,0.16570000,0.15820000,0.15880000,20487209.00000000
1707091200,0.15880000,0.16240000,0.15590000,0.16000000,19907294.00000000
1707177600,0.15990000,0.16250000,0.15750000,0.16220000,27312841.00000000
1707264000,0.16230000,0.16890000,0.16020000,0.16810000,31226565.00000000
1707350400,0.16820000,0.17100000,0.16630000,0.16890000,32675460.00000000
1707436800,0.16900000,0.17570000,0.16850000,0.17430000,50245022.00000000
1707523200,0.17430000,0.17790000,0.17080000,0.17540000,35203866.00000000
1707609600,0.17540000,0.18050000,0.17210000,0.18010000,40983577.00000000
1707696000,0.18010000,0.18390000,0.17320000,0.18290000,81352107.00000000
1707782400,0.18300000,0.18540000,0.17300000,0.17770000,67583606.00000000
1707868800,0.17780000,0.18460000,0.17440000,0.18350000,45039601.00000000
1707955200,0.18360000,0.19180000,0.18260000,0.18730000,56088670.00000000
1708041600,0.18730000,0.19740000,0.18630000,0.19420000,68447058.00000000
1708128000,0.19430000,0.19440000,0.18340000,0.19040000,32707774.00000000
1708214400,0.19040000,0.19730000,0.18950000,0.19640000,32779945.00000000
1708300800,0.19640000,0.20430000,0.19590000,0.20360000,57528679.00000000
1708387200,0.20360000,0.20420000,0.18890000,0.19630000,62229188.00000000
1708473600,0.19630000,0.19730000,0.18150000,0.18900000,48139581.00000000
1708560000,0.18900000,0.19440000,0.18410000,0.18880000,32272699.00000000
1708646400,0.18890000,0.19060000,0.18200000,0.18540000,34442550.00000000
1708732800,0.18550000,0.19770000,0.18160000,0.19720000,42874390.00000000
1708819200,0.19720000,0.21130000,0.19370000,0.20780000,89186614.00000000
1708905600,0.20780000,0.21270000,0.19630000,0.21210000,65564655.00000000
1708992000,0.21220000,0.21230000,0.20160000,0.20830000,69936861.00000000
1709078400,0.20840000,0.22420000,0.19210000,0.21060000,121828491.00000000
1709164800,0.21060000,0.23180000,0.20490000,0.21180000,106659484.00000000
1709251200,0.21190000,0.22870000,0.21190000,0.22810000,71120380.00000000
1709337600,0.22830000,0.24800000,0.22520000,0.24800000,118500896.00000000
1709424000,0.24790000,0.25740000,0.22060000,0.25110000,136688939.00000000
1709510400,0.25120000,0.26530000,0.24210000,0.25060000,149509283.00000000
1709596800,0.25060000,0.25880000,0.20000000,0.23140000,210461881.00000000
1709683200,0.23130000,0.26240000,0.22060000,0.25920000,125329674.00000000
1709769600,0.25920000,0.28480000,0.25820000,0.27990000,199606470.00000000
1709856000,0.28000000,0.28150000,0.25810000,0.27130000,105423532.00000000
1709942400,0.27120000,0.27720000,0.26540000,0.26920000,73025808.00000000
1710028800,0.26920000,0.27370000,0.25540000,0.26280000,70774127.00000000
1710115200,0.26280000,0.30220000,0.24940000,0.29180000,210258284.00000000
1710201600,0.29190000,0.31990000,0.27500000,0.31780000,202269950.00000000
1710288000,0.31770000,0.32990000,0.30500000,0.31870000,157047646.00000000
1710374400,0.31860000,0.32090000,0.29070000,0.31180000,131096846.00000000
1710460800,0.31190000,0.32150000,0.27100000,0.29920000,144693570.00000000
1710547200,0.29920000,0.31100000,0.26080000,0.26730000,117826760.00000000
1710633600,0.26740000,0.28090000,0.25170000,0.27540000,100248030.00000000
1710720000,0.27540000,0.27540000,0.24590000,0.25160000,107654323.00000000
1710806400,0.25160000,0.25320000,0.21890000,0.23030000,159047188.00000000
1710892800,0.23020000,0.25230000,0.21840000,0.25060000,84925580.00000000
1710979200,0.25050000,0.25620000,0.24230000,0.24870000,66721331.00000000
1711065600,0.24870000,0.25470000,0.23380000,0.24120000,56344771.00000000
1711152000,0.24120000,0.25590000,0.23660000,0.24840000,40496925.00000000
1711238400,0.24830000,0.25850000,0.24760000,0.25620000,47252860.00000000
1711324800,0.25630000,0.27320000,0.25290000,0.26800000,74668178.00000000
1711411200,0.26800000,0.28640000,0.26700000,0.27990000,85279670.00000000
1711497600,0.27990000,0.29030000,0.26620000,0.27080000,88229756.00000000
1711584000,0.27080000,0.27550000,0.26230000,0.27280000,54954899.00000000
1711670400,0.27280000,0.28310000,0.26390000,0.26870000,80065896.00000000
1711756800,0.26860000,0.27090000,0.25890000,0.26020000,41494748.00000000
1711843200,0.26020000,0.26810000,0.25930000,0.26800000,27143591.00000000
1711929600,0.26790000,0.27000000,0.24450000,0.25130000,61982409.00000000
1712016000,0.25130000,0.25130000,0.23020000,0.23430000,63332415.00000000
1712102400,0.23410000,0.24440000,0.22610000,0.23210000,46922280.00000000
1712188800,0.23200000,0.24180000,0.22520000,0.23710000,45887142.00000000
1712275200,0.23720000,0.23810000,0.22130000,0.22940000,55120508.00000000
1712361600,0.22950000,0.23610000,0.22790000,0.23360000,17724296.00000000
1712448000,0.23370000,0.23740000,0.23200000,0.23520000,27018742.00000000
1712534400,0.23520000,0.24810000,0.23040000,0.24530000,45995751.00000000
1712620800,0.24530000,0.24600000,0.23080000,0.23190000,45995722.00000000
1712707200,0.23170000,0.23310000,0.21770000,0.23050000,51546851.00000000
1712793600,0.23060000,0.23480000,0.22660000,0.22770000,32001093.00000000
1712880000,0.22760000,0.23250000,0.17100000,0.19360000,135395992.00000000
1712966400,0.19360000,0.19360000,0.14590000,0.16790000,223388685.00000000
1713052800,0.16780000,0.18190000,0.16170000,0.17940000,105462787.00000000
1713139200,0.17930000,0.18800000,0.16420000,0.17030000,85085730.00000000
1713225600,0.17030000,0.18050000,0.16460000,0.17440000,70563096.00000000
1713312000,0.17440000,0.17610000,0.16180000,0.16850000,57186174.00000000
1713398400,0.16860000,0.17640000,0.16280000,0.17460000,34186056.00000000
1713484800,0.17460000,0.17930000,0.15930000,0.17480000,69121838.00000000
1713571200,0.17480000,0.19190000,0.17260000,0.19160000,36456871.00000000
1713657600,0.19170000,0.19260000,0.18310000,0.18740000,27242715.00000000
1713744000,0.18740000,0.19810000,0.18660000,0.19510000,32523794.00000000
1713830400,0.19520000,0.19670000,0.18970000,0.19360000,42788494.00000000
1713916800,0.19360000,0.26440000,0.19310000,0.21130000,422545623.00000000
1714003200,0.21130000,0.21270000,0.19660000,0.20000000,117441324.00000000
1714089600,0.20000000,0.21430000,0.19250000,0.19780000,113027998.00000000
1714176000,0.19810000,0.20290000,0.18840000,0.19830000,75857129.00000000
1714262400,0.19840000,0.20140000,0.19190000,0.19280000,36457207.00000000
1714348800,0.19280000,0.19480000,0.18410000,0.19060000,59396551.00000000
1714435200,0.19050000,0.19270000,0.17020000,0.17810000,69021223.00000000
1714521600,0.17800000,0.18340000,0.16550000,0.18070000,81285741.00000000
1714608000,0.18070000,0.18420000,0.17490000,0.18120000,34447536.00000000
1714694400,0.18120000,0.19450000,0.17970000,0.19200000,38880592.00000000
1714780800,0.19200000,0.19650000,0.18980000,0.19270000,28123958.00000000
1714867200,0.19270000,0.20020000,0.19090000,0.19640000,33833168.00000000
1714953600,0.19650000,0.20270000,0.19250000,0.19380000,48649574.00000000
1715040000,0.19380000,0.19850000,0.19030000,0.19070000,37233633.00000000
1715126400,0.19060000,0.19430000,0.18550000,0.18710000,40450003.00000000
1715212800,0.18710000,0.19460000,0.18410000,0.19340000,26093492.00000000
1715299200,0.19350000,0.19450000,0.18160000,0.18330000,34893864.00000000
1715385600,0.18340000,0.18560000,0.17830000,0.17890000,20883654.00000000
1715472000,0.17890000,0.18140000,0.17570000,0.17680000,20129994.00000000
1715558400,0.17680000,0.18080000,0.16980000,0.17770000,36018739.00000000
1715644800,0.17770000,0.17850000,0.17060000,0.17130000,30333208.00000000
1715731200,0.17130000,0.18340000,0.16990000,0.17990000,60913024.00000000
1715817600,0.17980000,0.18160000,0.17000000,0.17410000,82039882.00000000
1715904000,0.17410000,0.18500000,0.17250000,0.18290000,42931766.00000000
1715990400,0.18290000,0.18680000,0.18210000,0.18280000,33725516.00000000
1716076800,0.18290000,0.18300000,0.17470000,0.17490000,36830667.00000000
1716163200,0.17500000,0.18880000,0.17260000,0.18860000,62079756.00000000
1716249600,0.18860000,0.19650000,0.18550000,0.18840000,80290763.00000000
1716336000,0.18840000,0.18950000,0.18240000,0.18570000,37753111.00000000
1716422400,0.18560000,0.18780000,0.17220000,0.18170000,80627869.00000000
1716508800,0.18150000,0.18900000,0.17760000,0.18860000,39083494.00000000
1716595200,0.18860000,0.19590000,0.18850000,0.19350000,36885363.00000000
1716681600,0.19330000,0.19420000,0.18720000,0.18950000,27766043.00000000
1716768000,0.18950000,0.19990000,0.18920000,0.19670000,36527657.00000000
1716854400,0.19670000,0.19760000,0.18930000,0.19410000,41362990.00000000
1716940800,0.19420000,0.19590000,0.18910000,0.18940000,32994105.00000000
1717027200,0.18950000,0.19490000,0.18620000,0.18970000,31808840.00000000
1717113600,0.18980000,0.19100000,0.18530000,0.18810000,25325701.00000000
1717200000,0.18820000,0.18960000,0.18600000,0.18810000,12695922.00000000
1717286400,0.18810000,0.18970000,0.18200000,0.18230000,21753815.00000000
1717372800,0.18230000,0.18920000,0.18080000,0.18370000,24374445.00000000
1717459200,0.18370000,0.18700000,0.17910000,0.18600000,25304927.00000000
1717545600,0.18610000,0.19000000,0.18570000,0.18870000,23699176.00000000
1717632000,0.18880000,0.18890000,0.18300000,0.18570000,25699068.00000000
1717718400,0.18570000,0.19330000,0.16000000,0.17490000,84481122.00000000
1717804800,0.17480000,0.17660000,0.16350000,0.16600000,45246750.00000000
1717891200,0.16590000,0.17140000,0.16540000,0.17040000,20641648.00000000
1717977600,0.17040000,0.17210000,0.16570000,0.16660000,32686871.00000000
1718064000,0.16650000,0.16850000,0.15520000,0.15890000,58029917.00000000
1718150400,0.15890000,0.16980000,0.15510000,0.16600000,44944330.00000000
1718236800,0.16600000,0.16700000,0.15550000,0.15590000,31671736.00000000
1718323200,0.15590000,0.15930000,0.14730000,0.15120000,52212803.00000000
1718409600,0.15130000,0.15500000,0.14980000,0.15240000,22209992.00000000
1718496000,0.15250000,0.15630000,0.14990000,0.15570000,22064281.00000000
1718582400,0.15580000,0.15670000,0.14020000,0.14510000,52171685.00000000
1718668800,0.14510000,0.14560000,0.12630000,0.13380000,93014314.00000000
1718755200,0.13380000,0.14120000,0.13230000,0.13870000,38817456.00000000
1718841600,0.13870000,0.14650000,0.13780000,0.13820000,39426930.00000000
1718928000,0.13820000,0.14250000,0.13640000,0.13930000,38374490.00000000
1719014400,0.13920000,0.13920000,0.13360000,0.13390000,34263293.00000000
1719100800,0.13390000,0.13670000,0.13060000,0.13240000,23633893.00000000
1719187200,0.13240000,0.13550000,0.12530000,0.13520000,55192726.00000000
1719273600,0.13530000,0.14300000,0.13420000,0.14110000,30484768.00000000
1719360000,0.14110000,0.14290000,0.13910000,0.14080000,26480114.00000000
1719446400,0.14090000,0.14440000,0.13740000,0.14280000,26772299.00000000
1719532800,0.14280000,0.14530000,0.13950000,0.13970000,28715279.00000000
1719619200,0.13980000,0.14270000,0.13810000,0.13930000,16040639.00000000
1719705600,0.13930000,0.14500000,0.13690000,0.14450000,22842499.00000000
1719792000,0.14460000,0.14910000,0.14380000,0.14710000,24355799.00000000
1719878400,0.14710000,0.15140000,0.14660000,0.15020000,22891903.00000000
1719964800,0.15020000,0.15120000,0.14120000,0.14260000,26314417.00000000
1720051200,0.14270000,0.14310000,0.13100000,0.13130000,47239726.00000000
1720137600,0.13120000,0.13360000,0.11460000,0.13070000,123324980.00000000
1720224000,0.13080000,0.13940000,0.12880000,0.13860000,32122159.00000000
1720310400,0.13860000,0.13880000,0.12560000,0.12660000,27745497.00000000
1720396800,0.12670000,0.13750000,0.12150000,0.13330000,61058704.00000000
1720483200,0.13330000,0.14110000,0.13250000,0.13970000,21759516.00000000
1720569600,0.13960000,0.14180000,0.13670000,0.13940000,20442835.00000000
1720656000,0.13950000,0.14320000,0.13660000,0.13720000,22230088.00000000
1720742400,0.13720000,0.13880000,0.13390000,0.13810000,18838481.00000000
1720828800,0.13820000,0.14480000,0.13780000,0.14330000,19941384.00000000
1720915200,0.14330000,0.15360000,0.14330000,0.15200000,22039636.00000000
1721001600,0.15200000,0.15980000,0.15200000,0.15770000,35298896.00000000
1721088000,0.15770000,0.16230000,0.15290000,0.15850000,37120401.00000000
1721174400,0.15850000,0.16250000,0.15440000,0.15450000,24687034.00000000
1721260800,0.15450000,0.15760000,0.14920000,0.15180000,22771675.00000000
1721347200,0.15190000,0.15960000,0.14950000,0.15770000,28240941.00000000
1721433600,0.15770000,0.16130000,0.15640000,0.15810000,23888379.00000000
1721520000,0.15820000,0.16090000,0.15080000,0.15920000,27058903.00000000
1721606400,0.15930000,0.15980000,0.15080000,0.15100000,23482666.00000000
1721692800,0.15110000,0.15260000,0.14190000,0.14350000,33238403.00000000
1721779200,0.14340000,0.14670000,0.13890000,0.13970000,21455523.00000000
1721865600,0.13960000,0.14000000,0.13270000,0.13710000,30026611.00000000
1721952000,0.13710000,0.14300000,0.13640000,0.14250000,21211672.00000000
1722038400,0.14250000,0.14610000,0.14020000,0.14280000,20433688.00000000
1722124800,0.14280000,0.14320000,0.13740000,0.13930000,15603999.00000000
1722211200,0.13930000,0.14490000,0.13850000,0.13890000,25587598.00000000
1722297600,0.13890000,0.14280000,0.13550000,0.13750000,20802754.00000000
1722384000,0.13750000,0.14210000,0.13540000,0.13570000,29768362.00000000
1722470400,0.13570000,0.13700000,0.12530000,0.13490000,39498771.00000000
1722556800,0.13480000,0.13580000,0.12320000,0.12410000,43946576.00000000
1722643200,0.12420000,0.12660000,0.11660000,0.12040000,40432268.00000000
1722729600,0.12050000,0.12250000,0.11000000,0.11470000,51769992.00000000
1722816000,0.11460000,0.11570000,0.09380000,0.11010000,220668996.00000000
1722902400,0.11010000,0.11630000,0.10920000,0.11260000,61908212.00000000
1722988800,0.11260000,0.11740000,0.10830000,0.10980000,44674042.00000000
1723075200,0.10980000,0.12280000,0.10760000,0.12220000,39092124.00000000
1723161600,0.12220000,0.12220000,0.11780000,0.12010000,27140851.00000000
1723248000,0.12010000,0.12260000,0.11800000,0.12090000,14834013.00000000
1723334400,0.12090000,0.12420000,0.11480000,0.11520000,25121573.00000000
1723420800,0.11520000,0.12070000,0.11420000,0.11960000,28983410.00000000
1723507200,0.11970000,0.12170000,0.11560000,0.12130000,26067414.00000000
1723593600,0.12130000,0.12230000,0.11690000,0.11950000,20042727.00000000
1723680000,0.11950000,0.12200000,0.11470000,0.11550000,28852011.00000000
1723766400,0.11560000,0.12040000,0.11330000,0.11560000,40267728.00000000
1723852800,0.11560000,0.11880000,0.11470000,0.11860000,17114927.00000000
1723939200,0.11860000,0.12080000,0.11680000,0.11880000,23008878.00000000
1724025600,0.11880000,0.12480000,0.11710000,0.12370000,27423276.00000000
1724112000,0.12380000,0.13000000,0.12320000,0.12790000,39783159.00000000
1724198400,0.12780000,0.13790000,0.12650000,0.13460000,38125393.00000000
1724284800,0.13460000,0.13710000,0.13400000,0.13580000,19615850.00000000
1724371200,0.13570000,0.14530000,0.13510000,0.14410000,33573267.00000000
1724457600,0.14420000,0.14850000,0.14180000,0.14650000,29379509.00000000
1724544000,0.14650000,0.14680000,0.14090000,0.14150000,23747860.00000000
1724630400,0.14160000,0.14300000,0.13400000,0.13460000,24672417.00000000
1724716800,0.13450000,0.13650000,0.12540000,0.12830000,27921348.00000000
1724803200,0.12820000,0.13140000,0.12490000,0.12700000,40658070.00000000
1724889600,0.12690000,0.13280000,0.12490000,0.12670000,22733501.00000000
1724976000,0.12660000,0.12930000,0.12160000,0.12840000,26740468.00000000
1725062400,0.12830000,0.12920000,0.12310000,0.12330000,19155267.00000000
1725148800,0.12320000,0.12350000,0.11740000,0.11840000,27332036.00000000
1725235200,0.11840000,0.12610000,0.11790000,0.12570000,27918721.00000000
1725321600,0.12560000,0.12710000,0.11910000,0.11940000,26097807.00000000
1725408000,0.11930000,0.12460000,0.11400000,0.12240000,41938146.00000000
1725494400,0.12250000,0.12250000,0.11590000,0.11760000,29351512.00000000
1725580800,0.11760000,0.12120000,0.11140000,0.11640000,53986864.00000000
1725667200,0.11630000,0.12260000,0.11530000,0.12080000,31264994.00000000
1725753600,0.12080000,0.12690000,0.12010000,0.12500000,39513152.00000000
1725840000,0.12510000,0.12940000,0.12390000,0.12790000,30919367.00000000
1725926400,0.12790000,0.12970000,0.12580000,0.12960000,23184691.00000000
1726012800,0.12960000,0.12970000,0.12240000,0.12690000,27746145.00000000
1726099200,0.12690000,0.13050000,0.12640000,0.13010000,18961908.00000000
1726185600,0.13010000,0.13370000,0.12700000,0.13320000,25082068.00000000
1726272000,0.13320000,0.13370000,0.13030000,0.13110000,19995050.00000000
1726358400,0.13120000,0.13170000,0.12560000,0.12610000,21110512.00000000
1726444800,0.12620000,0.12810000,0.12220000,0.12360000,31675528.00000000
1726531200,0.12370000,0.12760000,0.12210000,0.12410000,29098372.00000000
1726617600,0.12410000,0.12780000,0.11920000,0.12780000,38501912.00000000
1726704000,0.12780000,0.13350000,0.12780000,0.13150000,32672220.00000000
1726790400,0.13150000,0.13540000,0.13020000,0.13290000,32280968.00000000
1726876800,0.13290000,0.13650000,0.13180000,0.13640000,18969755.00000000
1726963200,0.13640000,0.13660000,0.12950000,0.13220000,19160069.00000000
1727049600,0.13220000,0.13560000,0.12970000,0.13430000,30971292.00000000
1727136000,0.13430000,0.13970000,0.13120000,0.13840000,31604541.00000000
1727222400,0.13840000,0.14240000,0.13660000,0.13730000,36351028.00000000
1727308800,0.13730000,0.14420000,0.13450000,0.14370000,34843107.00000000
1727395200,0.14360000,0.14720000,0.14290000,0.14410000,34304556.00000000
1727481600,0.14420000,0.14520000,0.13890000,0.14130000,25862547.00000000
1727568000,0.14140000,0.14360000,0.13870000,0.14110000,23726123.00000000
1727654400,0.14120000,0.14150000,0.13320000,0.13410000,36752258.00000000
1727740800,0.13410000,0.13730000,0.12110000,0.12480000,65502293.00000000
1727827200,0.12460000,0.12860000,0.11940000,0.12100000,48096509.00000000
1727913600,0.12110000,0.12450000,0.11820000,0.12220000,54184857.00000000
1728000000,0.12220000,0.12810000,0.12130000,0.12600000,44209352.00000000
1728086400,0.12610000,0.12780000,0.12350000,0.12580000,19450311.00000000
1728172800,0.12580000,0.12810000,0.12470000,0.12690000,19656203.00000000
1728259200,0.12700000,0.12980000,0.12430000,0.12440000,41174536.00000000
1728345600,0.12440000,0.12640000,0.12020000,0.12140000,41250251.00000000
1728432000,0.12140000,0.12420000,0.11780000,0.11880000,40018808.00000000
1728518400,0.11880000,0.12070000,0.11560000,0.11850000,38149214.00000000
1728604800,0.11850000,0.12240000,0.11790000,0.12140000,26953814.00000000
1728691200,0.12140000,0.12420000,0.12050000,0.12180000,20386478.00000000
1728777600,0.12180000,0.12290000,0.11880000,0.12080000,23780532.00000000
1728864000,0.12090000,0.12740000,0.11960000,0.12680000,37372884.00000000
1728950400,0.12680000,0.12870000,0.12240000,0.12590000,56061050.00000000
1729036800,0.12590000,0.12610000,0.12230000,0.12300000,37125123.00000000
1729123200,0.12290000,0.12400000,0.11740000,0.11990000,43688734.00000000
1729209600,0.11980000,0.12390000,0.11950000,0.12320000,28573641.00000000
1729296000,0.12330000,0.12670000,0.12150000,0.12340000,23331666.00000000
1729382400,0.12340000,0.13080000,0.12170000,0.13040000,34827564.00000000
1729468800,0.13040000,0.13170000,0.12480000,0.12550000,43115628.00000000
1729555200,0.12560000,0.12840000,0.12240000,0.12440000,40334864.00000000
1729641600,0.12440000,0.12460000,0.11770000,0.12130000,34478385.00000000
1729728000,0.12130000,0.12320000,0.11960000,0.12220000,26196923.00000000
1729814400,0.12210000,0.12250000,0.11010000,0.11440000,52066787.00000000
1729900800,0.11440000,0.11550000,0.11130000,0.11450000,43404825.00000000
1729987200,0.11460000,0.11710000,0.11390000,0.11590000,19578930.00000000
1730073600,0.11600000,0.11960000,0.11310000,0.11830000,37852243.00000000
1730160000,0.11840000,0.12450000,0.11840000,0.12390000,38147839.00000000
1730246400,0.12390000,0.12410000,0.12020000,0.12060000,33312270.00000000
1730332800,0.12070000,0.12120000,0.11340000,0.11440000,39422828.00000000
1730419200,0.11440000,0.11760000,0.11210000,0.11460000,40088643.00000000
1730505600,0.11470000,0.11720000,0.11300000,0.11380000,27120098.00000000
1730592000,0.11380000,0.11420000,0.10570000,0.10950000,67276912.00000000
1730678400,0.10960000,0.11170000,0.10570000,0.10940000,58005668.00000000
1730764800,0.10930000,0.11550000,0.10920000,0.11420000,49107090.00000000
1730851200,0.11420000,0.12230000,0.11410000,0.12170000,72497200.00000000
1730937600,0.12180000,0.12500000,0.11980000,0.12260000,61962862.00000000
1731024000,0.12270000,0.13160000,0.12050000,0.13110000,84188323.00000000
1731110400,0.13110000,0.13410000,0.12820000,0.13380000,50267290.00000000
1731196800,0.13380000,0.15070000,0.13310000,0.14540000,149195615.00000000
1731283200,0.14540000,0.15970000,0.14150000,0.15940000,117098517.00000000
1731369600,0.15940000,0.16360000,0.14430000,0.15410000,175505768.00000000
1731456000,0.15410000,0.15590000,0.13930000,0.14550000,128821907.00000000
1731542400,0.14550000,0.15560000,0.14120000,0.14570000,103735326.00000000
1731628800,0.14560000,0.19140000,0.14520000,0.18560000,478225858.00000000
1731715200,0.18550000,0.21930000,0.18240000,0.19650000,435904843.00000000
1731801600,0.19660000,0.20000000,0.17920000,0.18380000,128208080.00000000
1731888000,0.18380000,0.23170000,0.18160000,0.21590000,421710946.00000000
1731974400,0.21600000,0.23830000,0.20460000,0.22340000,262914934.00000000
1732060800,0.22330000,0.22850000,0.20800000,0.21100000,141401681.00000000
1732147200,0.21100000,0.22220000,0.20270000,0.21420000,146934382.00000000
1732233600,0.21430000,0.26440000,0.21420000,0.25860000,282238693.00000000
1732320000,0.25870000,0.32100000,0.25830000,0.29370000,528628538.00000000
1732406400,0.29360000,0.32900000,0.25560000,0.28410000,316679635.00000000
1732492800,0.28410000,0.29330000,0.25620000,0.25960000,184645050.00000000
1732579200,0.25960000,0.29900000,0.25080000,0.29770000,237784663.00000000
1732665600,0.29770000,0.31020000,0.28660000,0.29300000,219933763.00000000
1732752000,0.29300000,0.33000000,0.28260000,0.32260000,145736826.00000000
1732838400,0.32270000,0.47220000,0.31830000,0.44170000,735360257.00000000
1732924800,0.44170000,0.48440000,0.39780000,0.44370000,587631050.00000000
1733011200,0.44390000,0.52420000,0.42340000,0.48580000,485840124.00000000
1733097600,0.48570000,0.55500000,0.45610000,0.50400000,571863907.00000000
1733184000,0.50400000,0.61390000,0.50390000,0.50610000,605988576.00000000
1733270400,0.50610000,0.54000000,0.46610000,0.47830000,303478694.00000000
1733356800,0.47840000,0.49400000,0.43560000,0.44940000,283366663.00000000
1733443200,0.44930000,0.51520000,0.43010000,0.49870000,262294453.00000000
1733529600,0.49880000,0.52950000,0.46610000,0.50910000,264889172.00000000
1733616000,0.50920000,0.52220000,0.48430000,0.49690000,132852250.00000000
1733702400,0.49690000,0.49750000,0.34730000,0.41600000,295397899.00000000
1733788800,0.41590000,0.43430000,0.37070000,0.42360000,341334579.00000000
1733875200,0.42360000,0.46520000,0.40080000,0.45230000,173134876.00000000
1733961600,0.45220000,0.47860000,0.42000000,0.42810000,216703353.00000000
1734048000,0.42810000,0.45580000,0.41520000,0.43760000,117066612.00000000
1734134400,0.43760000,0.43760000,0.40700000,0.42100000,71031339.00000000
1734220800,0.42110000,0.43540000,0.40670000,0.43220000,83563472.00000000
1734307200,0.43210000,0.43720000,0.40150000,0.41300000,108824260.00000000
1734393600,0.41300000,0.44360000,0.40380000,0.41300000,158513502.00000000
1734480000,0.41320000,0.41540000,0.36130000,0.36740000,151918891.00000000
1734566400,0.36730000,0.38330000,0.32080000,0.33240000,199017093.00000000
1734652800,0.33250000,0.35650000,0.28270000,0.34790000,234311280.00000000
1734739200,0.34790000,0.37560000,0.32390000,0.32840000,116979517.00000000
1734825600,0.32850000,0.35700000,0.31660000,0.34760000,123813775.00000000
1734912000,0.34760000,0.37950000,0.33460000,0.37630000,153001098.00000000
1734998400,0.37630000,0.41390000,0.36240000,0.39630000,141227574.00000000
1735084800,0.39630000,0.40140000,0.37760000,0.38100000,51808935.00000000
1735171200,0.38100000,0.38410000,0.34400000,0.34650000,67766578.00000000
1735257600,0.34640000,0.36970000,0.32920000,0.33310000,100053959.00000000
1735344000,0.33320000,0.35160000,0.32800000,0.34510000,58943514.00000000
1735430400,0.34520000,0.34990000,0.32210000,0.32530000,54635595.00000000
1735516800,0.32540000,0.35000000,0.31080000,0.32840000,90086659.00000000
1735603200,0.32840000,0.35400000,0.31680000,0.33450000,101760452.00000000
1735689600,0.33450000,0.38620000,0.32730000,0.37700000,111674536.00000000
1735776000,0.37700000,0.40970000,0.37680000,0.39230000,136461547.00000000
1735862400,0.39240000,0.42720000,0.39240000,0.41920000,129465499.00000000
1735948800,0.41910000,0.43170000,0.40530000,0.41010000,79393342.00000000
1736035200,0.41010000,0.41610000,0.39530000,0.40520000,71435442.00000000
1736121600,0.40520000,0.43170000,0.39650000,0.41490000,90420718.00000000
1736208000,0.41480000,0.42600000,0.37110000,0.37260000,134530257.00000000
1736294400,0.37260000,0.38240000,0.33940000,0.35910000,130279578.00000000
1736380800,0.35910000,0.36370000,0.33540000,0.34180000,90730696.00000000
1736467200,0.34190000,0.38530000,0.33830000,0.37250000,133975493.00000000
1736553600,0.37260000,0.38610000,0.35840000,0.37810000,60910338.00000000
1736640000,0.37810000,0.37990000,0.35330000,0.36020000,46698479.00000000
1736726400,0.36020000,0.37400000,0.32350000,0.34930000,120217248.00000000
1736812800,0.34930000,0.37790000,0.34530000,0.37260000,68882332.00000000
1736899200,0.37270000,0.44990000,0.36970000,0.44460000,227160654.00000000
1736985600,0.44460000,0.48470000,0.42570000,0.46430000,242206748.00000000
1737072000,0.46440000,0.49670000,0.46250000,0.46860000,156721703.00000000
1737158400,0.46870000,0.47510000,0.43350000,0.44520000,126872543.00000000
1737244800,0.44520000,0.45840000,0.38790000,0.39790000,203431450.00000000
1737331200,0.39790000,0.48000000,0.38360000,0.43020000,279711644.00000000
1737417600,0.43030000,0.44550000,0.40580000,0.42410000,126641918.00000000
1737504000,0.42420000,0.43210000,0.40300000,0.40560000,92194855.00000000
1737590400,0.40550000,0.42330000,0.38950000,0.41010000,99498060.00000000
1737676800,0.41020000,0.42690000,0.39210000,0.40010000,76763337.00000000
1737763200,0.40000000,0.40960000,0.39350000,0.40330000,50510231.00000000
1737849600,0.40340000,0.41900000,0.38120000,0.38150000,56526579.00000000
1737936000,0.38160000,0.38890000,0.34460000,0.38670000,165555430.00000000
1738022400,0.38680000,0.39180000,0.35750000,0.36280000,66629912.00000000
1738108800,0.36280000,0.38580000,0.35360000,0.36930000,77915145.00000000
1738195200,0.36940000,0.39630000,0.36530000,0.38750000,68384772.00000000
1738281600,0.38760000,0.40210000,0.37400000,0.37920000,67094756.00000000
1738368000,0.37920000,0.38590000,0.34450000,0.34770000,57278810.00000000
1738454400,0.34760000,0.35640000,0.28080000,0.29970000,174258924.00000000
1738540800,0.29980000,0.31880000,0.21910000,0.31290000,401689133.00000000
1738627200,0.31280000,0.31690000,0.27820000,0.29090000,149937916.00000000
1738713600,0.29090000,0.29950000,0.27790000,0.28140000,89637942.00000000
1738800000,0.28150000,0.29770000,0.26360000,0.26680000,92751961.00000000
1738886400,0.26680000,0.29520000,0.26040000,0.26960000,90463295.00000000
1738972800,0.26960000,0.27810000,0.26410000,0.27590000,46226914.00000000
1739059200,0.27590000,0.28860000,0.25830000,0.27500000,64836468.00000000
1739145600,0.27500000,0.29790000,0.26840000,0.29020000,72494286.00000000
1739232000,0.29020000,0.31360000,0.28240000,0.28600000,79496467.00000000
1739318400,0.28600000,0.30560000,0.27570000,0.30250000,114767672.00000000
1739404800,0.30250000,0.30750000,0.28500000,0.29340000,72606163.00000000
1739491200,0.29350000,0.30880000,0.29040000,0.29640000,72905391.00000000
1739577600,0.29640000,0.30290000,0.28100000,0.28430000,40556853.00000000
1739664000,0.28440000,0.28550000,0.27320000,0.27510000,35680141.00000000
1739750400,0.27520000,0.28390000,0.26580000,0.27010000,47330609.00000000
1739836800,0.27010000,0.27200000,0.24480000,0.25750000,66662228.00000000
1739923200,0.25750000,0.26450000,0.25170000,0.26140000,34568281.00000000
1740009600,0.26140000,0.27230000,0.26000000,0.27110000,52872341.00000000
1740096000,0.27110000,0.29000000,0.25510000,0.26380000,76123857.00000000
1740182400,0.26390000,0.27220000,0.26180000,0.26620000,42447597.00000000
1740268800,0.26620000,0.26900000,0.25340000,0.25950000,32240733.00000000
1740355200,0.25960000,0.26140000,0.22480000,0.22720000,87827581.00000000
1740441600,0.22720000,0.23740000,0.20900000,0.23190000,112976788.00000000
1740528000,0.23190000,0.24230000,0.22550000,0.23620000,69485369.00000000
1740614400,0.23630000,0.24380000,0.23010000,0.23740000,44718104.00000000
1740700800,0.23750000,0.24300000,0.21220000,0.23790000,107336618.00000000
1740787200,0.23800000,0.25880000,0.23400000,0.25330000,73653487.00000000
1740873600,0.25340000,0.30780000,0.24380000,0.29100000,265075563.00000000
1740960000,0.29090000,0.29970000,0.23550000,0.23810000,150708591.00000000
1741046400,0.23820000,0.24330000,0.21630000,0.23850000,179672237.00000000
1741132800,0.23840000,0.25470000,0.23410000,0.25020000,80730059.00000000
1741219200,0.25010000,0.26020000,0.23990000,0.24010000,58901848.00000000
1741305600,0.24020000,0.24800000,0.22610000,0.23320000,82417036.00000000
1741392000,0.23320000,0.23630000,0.22310000,0.22470000,41813596.00000000
1741478400,0.22470000,0.22670000,0.19900000,0.20120000,72103296.00000000
1741564800,0.20120000,0.21470000,0.18100000,0.18390000,105234015.00000000
1741651200,0.18400000,0.20030000,0.17360000,0.19130000,91231769.00000000
1741737600,0.19130000,0.20140000,0.18610000,0.19580000,70340103.00000000
1741824000,0.19570000,0.20170000,0.18850000,0.19590000,63948683.00000000
1741910400,0.19600000,0.20510000,0.19420000,0.19840000,42124319.00000000
1741996800,0.19840000,0.20410000,0.19780000,0.19980000,28618263.00000000
1742083200,0.19990000,0.20170000,0.18450000,0.18630000,49218621.00000000
1742169600,0.18630000,0.19500000,0.18610000,0.19110000,34803352.00000000
1742256000,0.19120000,0.19170000,0.18000000,0.18650000,39105999.00000000
1742342400,0.18640000,0.20130000,0.18510000,0.19970000,67059647.00000000
1742428800,0.19980000,0.20200000,0.19230000,0.19530000,47854890.00000000
1742515200,0.19520000,0.19680000,0.18680000,0.18730000,28454482.00000000
1742601600,0.18730000,0.19160000,0.18630000,0.18810000,21087904.00000000
1742688000,0.18820000,0.19200000,0.18690000,0.19170000,20989475.00000000
1742774400,0.19170000,0.20760000,0.19050000,0.20360000,45343551.00000000
1742860800,0.20360000,0.21470000,0.20070000,0.21180000,38284069.00000000
1742947200,0.21180000,0.21840000,0.20320000,0.20670000,35942974.00000000
1743033600,0.20680000,0.21600000,0.20570000,0.21190000,36618344.00000000
1743120000,0.21200000,0.21590000,0.19670000,0.19970000,40023781.00000000
1743206400,0.19970000,0.20080000,0.18010000,0.18410000,40739629.00000000
1743292800,0.18420000,0.18740000,0.17730000,0.17950000,25607359.00000000
1743379200,0.17960000,0.18190000,0.17240000,0.18000000,43090706.00000000
1743465600,0.18000000,0.19370000,0.17910000,0.18900000,35360113.00000000
1743552000,0.18900000,0.19590000,0.17360000,0.17690000,67187367.00000000
1743638400,0.17680000,0.18140000,0.16820000,0.18090000,44756463.00000000
1743724800,0.18100000,0.19270000,0.17620000,0.18630000,59952423.00000000
1743811200,0.18620000,0.19000000,0.18020000,0.18330000,25584556.00000000
1743897600,0.18330000,0.18530000,0.15810000,0.16230000,47838626.00000000
1743984000,0.16230000,0.17500000,0.14600000,0.16670000,101384111.00000000
1744070400,0.16670000,0.17360000,0.15290000,0.15510000,61046492.00000000
1744156800,0.15510000,0.18490000,0.14880000,0.18020000,105027556.00000000
1744243200,0.18020000,0.18190000,0.16990000,0.17660000,50506248.00000000
1744329600,0.17650000,0.18590000,0.17530000,0.17970000,52324114.00000000
1744416000,0.17970000,0.19760000,0.17690000,0.19110000,62400508.00000000
1744502400,0.19110000,0.19170000,0.17960000,0.18290000,41440288.00000000
1744588800,0.18290000,0.20040000,0.18260000,0.18900000,83529156.00000000
1744675200,0.18900000,0.19920000,0.17850000,0.17960000,65820095.00000000
1744761600,0.17960000,0.18580000,0.17710000,0.18120000,49614862.00000000
1744848000,0.18130000,0.19000000,0.17920000,0.18700000,29404342.00000000
1744934400,0.18690000,0.19250000,0.18510000,0.18940000,23470104.00000000
1745020800,0.18930000,0.19460000,0.18930000,0.19290000,17073229.00000000
1745107200,0.19290000,0.19650000,0.18900000,0.19290000,19902847.00000000
1745193600,0.19300000,0.20360000,0.19150000,0.19300000,39982827.00000000
1745280000,0.19300000,0.21010000,0.18940000,0.20960000,50500957.00000000
1745366400,0.20970000,0.22190000,0.20780000,0.21370000,52206287.00000000
1745452800,0.21370000,0.22610000,0.20670000,0.22570000,43671470.00000000
1745539200,0.22580000,0.23380000,0.22070000,0.22760000,43670201.00000000
1745625600,0.22760000,0.23890000,0.22600000,0.22860000,28737126.00000000
1745712000,0.22850000,0.23050000,0.21840000,0.22140000,26706775.00000000
1745798400,0.22140000,0.23570000,0.21510000,0.23060000,46272920.00000000
1745884800,0.23070000,0.23600000,0.22340000,0.22660000,33787419.00000000
1745971200,0.22650000,0.23070000,0.21250000,0.21990000,42767082.00000000
1746057600,0.22000000,0.22800000,0.21560000,0.21730000,42573478.00000000
1746144000,0.21720000,0.22380000,0.21270000,0.21560000,31710791.00000000
1746230400,0.21550000,0.21550000,0.20420000,0.20720000,20096515.00000000
1746316800,0.20730000,0.20980000,0.19860000,0.19960000,20199074.00000000
1746403200,0.19960000,0.20530000,0.19480000,0.19920000,26652840.00000000
1746489600,0.19930000,0.20230000,0.19090000,0.19930000,43665935.00000000
1746576000,0.19940000,0.20280000,0.19420000,0.19930000,32868673.00000000
1746662400,0.19930000,0.22720000,0.19910000,0.22560000,54971273.00000000
1746748800,0.22560000,0.24200000,0.22320000,0.23300000,72570999.00000000
1746835200,0.23290000,0.25350000,0.23000000,0.25330000,49478007.00000000
1746921600,0.25330000,0.25750000,0.23540000,0.23960000,49630281.00000000
1747008000,0.23970000,0.25950000,0.22970000,0.24210000,75009487.00000000
1747094400,0.24210000,0.25130000,0.22560000,0.24720000,47143323.00000000
1747180800,0.24720000,0.25100000,0.23460000,0.23670000,39308892.00000000
1747267200,0.23680000,0.23960000,0.21980000,0.22580000,47142971.00000000
1747353600,0.22590000,0.23140000,0.22010000,0.22310000,30910731.00000000
1747440000,0.22320000,0.22370000,0.21110000,0.21580000,29106655.00000000
1747526400,0.21590000,0.23160000,0.21190000,0.22730000,35766749.00000000
1747612800,0.22740000,0.22900000,0.21020000,0.22210000,27483329.00000000
1747699200,0.22210000,0.22750000,0.21610000,0.22440000,18861359.00000000
1747785600,0.22440000,0.23340000,0.22110000,0.23060000,39260551.00000000
1747872000,0.23070000,0.24290000,0.22990000,0.24140000,33677544.00000000
1747958400,0.24150000,0.24790000,0.22270000,0.22390000,41914700.00000000
1748044800,0.22390000,0.22920000,0.21920000,0.22080000,19574843.00000000
1748131200,0.22080000,0.22180000,0.21120000,0.22160000,23105697.00000000
1748217600,0.22170000,0.22940000,0.21530000,0.21890000,25967563.00000000
1748304000,0.21890000,0.22680000,0.21350000,0.22200000,22942711.00000000
1748390400,0.22190000,0.22440000,0.21230000,0.21750000,22544040.00000000
1748476800,0.21760000,0.22320000,0.20900000,0.20960000,29178214.00000000
1748563200,0.20970000,0.21060000,0.19080000,0.19240000,53104671.00000000
1748649600,0.19240000,0.19730000,0.18580000,0.19370000,24617498.00000000
1748736000,0.19380000,0.19820000,0.18950000,0.19550000,21504672.00000000
1748822400,0.19550000,0.19940000,0.19020000,0.19870000,22422891.00000000
1748908800,0.19870000,0.20270000,0.19560000,0.19740000,20046901.00000000
1748995200,0.19730000,0.20090000,0.18930000,0.19140000,18036553.00000000
1749081600,0.19150000,0.19420000,0.17720000,0.18090000,40208583.00000000
1749168000,0.18090000,0.19210000,0.18020000,0.18710000,25152999.00000000
1749254400,0.18720000,0.19400000,0.18640000,0.19090000,11913166.00000000
1749340800,0.19100000,0.19340000,0.18640000,0.19060000,18656307.00000000
1749427200,0.19050000,0.20000000,0.18760000,0.19950000,24864411.00000000
1749513600,0.19950000,0.20820000,0.19710000,0.20820000,29824131.00000000
1749600000,0.20820000,0.20920000,0.19510000,0.19720000,30611991.00000000
1749686400,0.19720000,0.19770000,0.17870000,0.18050000,55926046.00000000
1749772800,0.18050000,0.18150000,0.16810000,0.18080000,82148892.00000000
1749859200,0.18070000,0.18110000,0.17380000,0.17710000,24120411.00000000
1749945600,0.17700000,0.17950000,0.17110000,0.17660000,22414180.00000000
1750032000,0.17660000,0.18640000,0.17400000,0.17590000,28578696.00000000
1750118400,0.17600000,0.17910000,0.16580000,0.16950000,43625424.00000000
1750204800,0.16960000,0.17250000,0.16500000,0.17070000,29564094.00000000
1750291200,0.17060000,0.17260000,0.16730000,0.16910000,24734835.00000000
1750377600,0.16920000,0.17220000,0.16100000,0.16720000,40797804.00000000
1750464000,0.16720000,0.16950000,0.15610000,0.16260000,33360479.00000000
1750550400,0.16270000,0.16470000,0.15180000,0.16020000,59137537.00000000
1750636800,0.16020000,0.17980000,0.15800000,0.17910000,44812715.00000000
1750723200,0.17920000,0.18390000,0.17700000,0.18270000,33969095.00000000
1750809600,0.18280000,0.18490000,0.17500000,0.17560000,25095474.00000000
1750896000,0.17560000,0.18020000,0.17020000,0.17200000,24253419.00000000
1750982400,0.17210000,0.17650000,0.16910000,0.17470000,17570012.00000000
1751068800,0.17470000,0.17740000,0.17300000,0.17640000,11374242.00000000
1751155200,0.17650000,0.18760000,0.17540000,0.18580000,19211528.00000000
1751241600,0.18580000,0.18720000,0.17660000,0.18540000,26424784.00000000
1751328000,0.18550000,0.19220000,0.16940000,0.17090000,65700863.00000000
1751414400,0.17090000,0.18420000,0.17060000,0.18110000,48813388.00000000
1751500800,0.18120000,0.18870000,0.18110000,0.18210000,26303180.00000000
1751587200,0.18210000,0.18340000,0.17140000,0.17350000,27592102.00000000
1751673600,0.17360000,0.17640000,0.17210000,0.17450000,13936120.00000000
1751760000,0.17450000,0.17920000,0.17350000,0.17700000,13092529.00000000
1751846400,0.17690000,0.17920000,0.17300000,0.17600000,18548824.00000000
1751932800,0.17600000,0.18100000,0.17290000,0.17920000,18825497.00000000
1752019200,0.17920000,0.19390000,0.17830000,0.19220000,34089205.00000000
1752105600,0.19220000,0.21280000,0.18970000,0.21210000,46442672.00000000
1752192000,0.21220000,0.23670000,0.21030000,0.21820000,75227994.00000000
1752278400,0.21830000,0.22780000,0.21240000,0.21910000,42380849.00000000
1752364800,0.21910000,0.27020000,0.21710000,0.26380000,208848469.00000000
1752451200,0.26390000,0.31000000,0.26230000,0.27970000,242719736.00000000
1752537600,0.27950000,0.29510000,0.26890000,0.28380000,131471218.00000000
1752624000,0.28370000,0.29660000,0.27400000,0.28450000,94677638.00000000
1752710400,0.28460000,0.32900000,0.27710000,0.31850000,190715162.00000000
1752796800,0.31850000,0.33600000,0.28820000,0.29360000,155698871.00000000
1752883200,0.29360000,0.29690000,0.28190000,0.29130000,56168874.00000000
1752969600,0.29130000,0.30670000,0.28570000,0.29110000,56890637.00000000
1753056000,0.29120000,0.31150000,0.28640000,0.29810000,83220830.00000000
1753142400,0.29810000,0.30000000,0.27920000,0.29660000,62888765.00000000
1753228800,0.29660000,0.29660000,0.25770000,0.26750000,84809504.00000000
1753315200,0.26750000,0.27360000,0.24920000,0.26150000,64712330.00000000
1753401600,0.26160000,0.27080000,0.25120000,0.26680000,55043353.00000000
1753488000,0.26680000,0.28130000,0.26480000,0.27450000,38659491.00000000
1753574400,0.27460000,0.29110000,0.27300000,0.28590000,51740069.00000000
1753660800,0.28590000,0.28810000,0.26290000,0.26510000,55008100.00000000
1753747200,0.26520000,0.27310000,0.25510000,0.26060000,40869607.00000000
1753833600,0.26050000,0.26290000,0.24120000,0.25380000,49995081.00000000
1753920000,0.25380000,0.26750000,0.24300000,0.24400000,57653566.00000000
1754006400,0.24400000,0.24660000,0.22990000,0.23610000,76383202.00000000
1754092800,0.23600000,0.24050000,0.22350000,0.22760000,42461119.00000000
1754179200,0.22760000,0.24450000,0.22340000,0.24400000,40233096.00000000
1754265600,0.24400000,0.25090000,0.24140000,0.24830000,40890333.00000000
1754352000,0.24820000,0.24920000,0.23330000,0.23750000,40001478.00000000
1754438400,0.23750000,0.24690000,0.23070000,0.24280000,35355463.00000000
1754524800,0.24280000,0.26470000,0.24180000,0.26440000,68740983.00000000
1754611200,0.26430000,0.26940000,0.25630000,0.26620000,99664980.00000000
1754697600,0.26630000,0.27750000,0.26540000,0.27000000,63986282.00000000
1754784000,0.27000000,0.27650000,0.25950000,0.26630000,36792057.00000000
1754870400,0.26640000,0.28040000,0.25020000,0.25320000,79679459.00000000
1754956800,0.25320000,0.27990000,0.24940000,0.27140000,67251216.00000000
1755043200,0.27140000,0.28210000,0.26770000,0.28050000,63986931.00000000
1755129600,0.28050000,0.29000000,0.24740000,0.25380000,113350904.00000000
1755216000,0.25370000,0.26610000,0.24610000,0.25410000,64952001.00000000
1755302400,0.25400000,0.26370000,0.25180000,0.26080000,31671830.00000000
1755388800,0.26080000,0.27530000,0.25880000,0.26500000,33125384.00000000
1755475200,0.26490000,0.26620000,0.24810000,0.25510000,60200794.00000000
1755561600,0.25510000,0.25840000,0.23620000,0.23790000,56147548.00000000
1755648000,0.23800000,0.26000000,0.23660000,0.25670000,47527852.00000000
1755734400,0.25670000,0.25900000,0.24630000,0.24830000,27065661.00000000
1755820800,0.24840000,0.26960000,0.23920000,0.26650000,66964405.00000000
1755907200,0.26650000,0.26730000,0.25660000,0.26410000,25372222.00000000
1755993600,0.26410000,0.28260000,0.25280000,0.27160000,78248619.00000000
1756080000,0.27160000,0.27450000,0.24170000,0.24600000,79459359.00000000
1756166400,0.24600000,0.25910000,0.24310000,0.25470000,48343547.00000000
1756252800,0.25470000,0.25690000,0.24630000,0.24750000,37196499.00000000
1756339200,0.24740000,0.25630000,0.24540000,0.25280000,32769155.00000000
1756425600,0.25280000,0.25390000,0.23190000,0.23650000,46896142.00000000
1756512000,0.23640000,0.23730000,0.22960000,0.23370000,21725657.00000000
1756598400,0.23360000,0.23970000,0.23120000,0.23160000,21280621.00000000
1756684800,0.23150000,0.23770000,0.22180000,0.22780000,44593083.00000000
1756771200,0.22780000,0.23500000,0.22570000,0.23330000,29131335.00000000
1756857600,0.23340000,0.23690000,0.23010000,0.23290000,16982929.00000000
1756944000,0.23290000,0.23420000,0.22490000,0.22730000,16888456.00000000
1757030400,0.22720000,0.23620000,0.22670000,0.22940000,29410523.00000000
1757116800,0.22950000,0.23050000,0.22480000,0.22720000,11747403.00000000
1757203200,0.22730000,0.23290000,0.22710000,0.23080000,15088501.00000000
1757289600,0.23070000,0.23920000,0.23020000,0.23630000,29994911.00000000
1757376000,0.23640000,0.24350000,0.23150000,0.23310000,36681880.00000000
1757462400,0.23320000,0.24300000,0.23200000,0.23950000,34189195.00000000
1757548800,0.23950000,0.24500000,0.23740000,0.24420000,31081189.00000000
1757635200,0.24420000,0.24920000,0.24040000,0.24850000,27324297.00000000
1757721600,0.24840000,0.26040000,0.24720000,0.25290000,43270287.00000000
1757808000,0.25300000,0.25350000,0.23840000,0.23940000,35550758.00000000
1757894400,0.23940000,0.24310000,0.22800000,0.23270000,39765943.00000000
1757980800,0.23280000,0.24010000,0.22920000,0.23740000,24960870.00000000
1758067200,0.23740000,0.24700000,0.23160000,0.24420000,32727299.00000000
1758153600,0.24430000,0.25070000,0.24060000,0.24610000,29652921.00000000
1758240000,0.24610000,0.24910000,0.23220000,0.23390000,29662635.00000000
1758326400,0.23390000,0.23870000,0.23230000,0.23560000,19321901.00000000
1758412800,0.23560000,0.23770000,0.22970000,0.23100000,19977795.00000000
1758499200,0.23090000,0.23220000,0.20180000,0.21390000,80482488.00000000
1758585600,0.21400000,0.21790000,0.20920000,0.21080000,26851300.00000000
1758672000,0.21090000,0.21850000,0.20720000,0.21280000,31533373.00000000
1758758400,0.21290000,0.21350000,0.20000000,0.20290000,63701003.00000000
1758844800,0.20290000,0.21080000,0.20000000,0.20850000,38518172.00000000
1758931200,0.20850000,0.20850000,0.20410000,0.20560000,15901194.00000000
1759017600,0.20570000,0.20890000,0.20000000,0.20800000,19822731.00000000
1759104000,0.20810000,0.21060000,0.20350000,0.20760000,41698174.00000000
1759190400,0.20760000,0.21040000,0.20110000,0.20790000,28593620.00000000
1759276800,0.20810000,0.22170000,0.20530000,0.22090000,43105124.00000000
1759363200,0.22100000,0.22750000,0.21840000,0.22500000,33087715.00000000
1759449600,0.22510000,0.23100000,0.22000000,0.22470000,41592551.00000000
1759536000,0.22480000,0.22540000,0.21580000,0.21980000,22678095.00000000
1759622400,0.21970000,0.23040000,0.21740000,0.21860000,32418717.00000000
1759708800,0.21860000,0.23100000,0.21630000,0.22930000,35507237.00000000
1759795200,0.22930000,0.23070000,0.21800000,0.21890000,42648539.00000000
1759881600,0.21890000,0.22760000,0.21550000,0.22410000,27691854.00000000
1759968000,0.22410000,0.22440000,0.21250000,0.22030000,34839105.00000000
1760054400,0.22040000,0.22550000,0.10000000,0.17540000,223009270.00000000
1760140800,0.17530000,0.19310000,0.17240000,0.18180000,128547919.00000000
1760227200,0.18180000,0.20730000,0.17890000,0.20250000,59149426.00000000
1760313600,0.20250000,0.21490000,0.19850000,0.21310000,57861508.00000000
1760400000,0.21310000,0.21410000,0.19080000,0.20530000,54099168.00000000
1760486400,0.20530000,0.20860000,0.19340000,0.19650000,32971467.00000000
1760572800,0.19650000,0.19920000,0.18280000,0.18510000,39665768.00000000
1760659200,0.18510000,0.18820000,0.16970000,0.17730000,53388049.00000000
1760745600,0.17720000,0.18150000,0.17660000,0.17990000,17509522.00000000
1760832000,0.17980000,0.18830000,0.17670000,0.18350000,24639616.00000000
1760918400,0.18360000,0.19130000,0.17950000,0.18680000,23310218.00000000
1761004800,0.18670000,0.19550000,0.17740000,0.18110000,39082141.00000000
1761091200,0.18110000,0.18480000,0.17480000,0.17840000,32396539.00000000
1761177600,0.17840000,0.18590000,0.17800000,0.18140000,16313421.00000000
1761264000,0.18140000,0.18750000,0.18050000,0.18570000,18638624.00000000
1761350400,0.18560000,0.18710000,0.18240000,0.18530000,10921953.00000000
1761436800,0.18530000,0.19210000,0.18300000,0.19070000,14802737.00000000
1761523200,0.19070000,0.19350000,0.18420000,0.18570000,22857454.00000000
1761609600,0.18560000,0.19930000,0.18140000,0.18440000,52692411.00000000
1761696000,0.18430000,0.18990000,0.18030000,0.18380000,30402251.00000000
1761782400,0.18390000,0.18700000,0.16740000,0.17410000,35677433.00000000
1761868800,0.17400000,0.17920000,0.17280000,0.17740000,21453833.00000000
1761955200,0.17730000,0.18140000,0.17510000,0.17930000,14561825.00000000
1762041600,0.17940000,0.18090000,0.17280000,0.17830000,14799829.00000000
1762128000,0.17840000,0.17880000,0.15380000,0.16020000,49487014.00000000
1762214400,0.16020000,0.16300000,0.14480000,0.15400000,50152396.00000000
1762300800,0.15400000,0.16310000,0.14670000,0.16170000,29757139.00000000
1762387200,0.16150000,0.16210000,0.15300000,0.15730000,27852102.00000000
1762473600,0.15730000,0.18670000,0.15700000,0.18100000,49660370.00000000
1762560000,0.18110000,0.18520000,0.17390000,0.17780000,30951406.00000000
1762646400,0.17790000,0.18200000,0.16970000,0.17780000,24755794.00000000
1762732800,0.17790000,0.19230000,0.17630000,0.18880000,47309876.00000000
1762819200,0.18890000,0.19150000,0.17580000,0.17780000,27976926.00000000
1762905600,0.17780000,0.18430000,0.17030000,0.17220000,33485955.00000000
1762992000,0.17220000,0.18030000,0.16290000,0.16750000,33278954.00000000
1763078400,0.16740000,0.16830000,0.15770000,0.16100000,45173945.00000000
1763164800,0.16090000,0.16790000,0.16060000,0.16360000,24286789.00000000
1763251200,0.16370000,0.16650000,0.15530000,0.15890000,28784969.00000000
1763337600,0.15890000,0.16390000,0.15020000,0.15250000,41214319.00000000
1763424000,0.15240000,0.16060000,0.15020000,0.15680000,39160614.00000000
1763510400,0.15690000,0.15870000,0.14560000,0.15220000,39029215.00000000
1763596800,0.15220000,0.15590000,0.14170000,0.14410000,42259877.00000000
1763683200,0.14410000,0.14620000,0.13080000,0.13700000,76420577.00000000
1763769600,0.13700000,0.13860000,0.13250000,0.13580000,26184395.00000000
1763856000,0.13580000,0.14620000,0.13500000,0.14380000,31409494.00000000
1763942400,0.14380000,0.14730000,0.13910000,0.14380000,45346622.00000000
1764028800,0.14380000,0.14750000,0.13970000,0.14650000,25005619.00000000
1764115200,0.14650000,0.14860000,0.14130000,0.14620000,28321923.00000000
1764201600,0.14620000,0.14760000,0.14380000,0.14430000,15597660.00000000
1764288000,0.14440000,0.14750000,0.14160000,0.14340000,19917521.00000000
1764374400,0.14330000,0.14390000,0.13880000,0.13930000,14528035.00000000
1764460800,0.13940000,0.14100000,0.13650000,0.13660000,16044987.00000000
1764547200,0.13660000,0.13700000,0.12790000,0.13040000,42502391.00000000
1764633600,0.13040000,0.14050000,0.12840000,0.13870000,26718390.00000000
1764720000,0.13880000,0.14480000,0.13690000,0.14360000,23019839.00000000
1764806400,0.14350000,0.14430000,0.13700000,0.13860000,21158875.00000000
1764892800,0.13860000,0.13970000,0.13060000,0.13270000,27486602.00000000
1764979200,0.13280000,0.13540000,0.13190000,0.13360000,20492669.00000000
1765065600,0.13350000,0.13650000,0.12950000,0.13300000,20864173.00000000
1765152000,0.13280000,0.13640000,0.13230000,0.13350000,20395910.00000000
1765238400,0.13360000,0.14190000,0.13160000,0.13810000,24497955.00000000
1765324800,0.13810000,0.14210000,0.13440000,0.13500000,34250702.00000000
1765411200,0.13500000,0.13540000,0.12670000,0.12980000,33399801.00000000
1765497600,0.12980000,0.13130000,0.12150000,0.12280000,38168363.00000000
1765584000,0.12290000,0.12330000,0.12040000,0.12190000,24778119.00000000
1765670400,0.12190000,0.12350000,0.11750000,0.11890000,25155573.00000000
1765756800,0.11880000,0.12210000,0.11150000,0.11540000,38726711.00000000
1765843200,0.11550000,0.11850000,0.11240000,0.11700000,30418565.00000000
1765929600,0.11690000,0.11880000,0.11040000,0.11140000,26490253.00000000
1766016000,0.11140000,0.11480000,0.10510000,0.10730000,40325746.00000000
1766102400,0.10730000,0.11610000,0.10650000,0.11490000,32414251.00000000
1766188800,0.11480000,0.11530000,0.11310000,0.11480000,12704080.00000000
1766275200,0.11480000,0.11520000,0.11030000,0.11150000,14217425.00000000
1766361600,0.11150000,0.11420000,0.11040000,0.11180000,30531199.00000000
1766448000,0.11180000,0.11430000,0.10860000,0.11380000,30204371.00000000
1766534400,0.11380000,0.11470000,0.11000000,0.11310000,25232446.00000000
1766620800,0.11310000,0.11950000,0.11250000,0.11480000,22723005.00000000
1766707200,0.11470000,0.12050000,0.11410000,0.11830000,25398924.00000000
1766793600,0.11820000,0.12070000,0.11590000,0.12030000,11382449.00000000
1766880000,0.12040000,0.12170000,0.11830000,0.11990000,13830664.00000000
1766966400,0.11980000,0.12210000,0.11640000,0.11730000,19852048.00000000
1767052800,0.11740000,0.11820000,0.11380000,0.11490000,19289007.00000000
1767139200,0.11490000,0.11520000,0.10970000,0.11050000,18360512.00000000
1767225600,0.11050000,0.12160000,0.10930000,0.12020000,18310304.00000000
1767312000,0.12030000,0.12760000,0.11920000,0.12750000,26648457.00000000
1767398400,0.12740000,0.12990000,0.12430000,0.12790000,19168571.00000000
1767484800,0.12790000,0.13850000,0.12780000,0.13620000,30224457.00000000
1767571200,0.13610000,0.14120000,0.13370000,0.13960000,35065285.00000000
1767657600,0.13960000,0.14560000,0.13610000,0.14230000,51381645.00000000
1767744000,0.14230000,0.14310000,0.13470000,0.13640000,26690966.00000000
1767830400,0.13650000,0.13720000,0.12950000,0.13440000,33621114.00000000
1767916800,0.13440000,0.13840000,0.13180000,0.13320000,24009744.00000000
1768003200,0.13320000,0.13530000,0.13080000,0.13370000,9923132.00000000
1768089600,0.13370000,0.13620000,0.13060000,0.13230000,11904881.00000000
1768176000,0.13230000,0.13500000,0.12800000,0.12900000,23485173.00000000
1768262400,0.12890000,0.14080000,0.12890000,0.13850000,32157762.00000000
1768348800,0.13850000,0.14070000,0.13510000,0.13650000,30639969.00000000
1768435200,0.13650000,0.13700000,0.12630000,0.12800000,21069601.00000000
1768521600,0.12800000,0.13210000,0.12440000,0.13030000,16991502.00000000
1768608000,0.13030000,0.13480000,0.13000000,0.13150000,19684742.00000000
1768694400,0.13140000,0.13230000,0.12260000,0.12280000,15858279.00000000
1768780800,0.12280000,0.12280000,0.11200000,0.12090000,36665595.00000000
1768867200,0.12100000,0.12100000,0.11340000,0.11430000,31885767.00000000
1768953600,0.11440000,0.12230000,0.11430000,0.11770000,32421489.00000000
1769040000,0.11780000,0.12040000,0.11570000,0.11880000,16623560.00000000
1769126400,0.11870000,0.12400000,0.11840000,0.12030000,25019172.00000000
1769212800,0.12030000,0.12100000,0.11790000,0.11860000,9937951.00000000
1769299200,0.11850000,0.11930000,0.11220000,0.11470000,25147587.00000000
1769385600,0.11460000,0.12600000,0.11430000,0.12210000,53136780.00000000
1769472000,0.12210000,0.12320000,0.11860000,0.12200000,28400398.00000000
1769558400,0.12200000,0.12630000,0.11930000,0.12630000,27431194.00000000
1769644800,0.12620000,0.12690000,0.11250000,0.11450000,46619779.00000000
1769731200,0.11450000,0.11790000,0.10930000,0.11210000,43331340.00000000
1769817600,0.11210000,0.11290000,0.09470000,0.10400000,89296809.00000000
1769904000,0.10400000,0.10560000,0.09830000,0.10050000,39998017.00000000
1769990400,0.10060000,0.10780000,0.09820000,0.10490000,53220195.00000000
1770076800,0.10480000,0.11060000,0.10070000,0.10640000,50682173.00000000
1770163200,0.10630000,0.11020000,0.10110000,0.10310000,46575743.00000000
1770249600,0.10310000,0.10410000,0.08770000,0.08840000,114317834.00000000
1770336000,0.08830000,0.10240000,0.08070000,0.09890000,98630310.00000000
1770422400,0.09890000,0.10030000,0.09470000,0.09770000,51161616.00000000
1770508800,0.09770000,0.09970000,0.09560000,0.09690000,23962462.00000000
1770595200,0.09690000,0.09740000,0.09290000,0.09600000,27930257.00000000
1770681600,0.09600000,0.09620000,0.09050000,0.09170000,31598210.00000000
1770768000,0.09170000,0.09250000,0.08810000,0.08910000,40796408.00000000
1770854400,0.08900000,0.09330000,0.08900000,0.09180000,24401442.00000000
1770940800,0.09180000,0.09520000,0.08980000,0.09410000,23926082.00000000
1771027200,0.09410000,0.10120000,0.09380000,0.09970000,24925001.00000000
1771113600,0.09970000,0.10050000,0.09420000,0.09590000,26535585.00000000
1771200000,0.09600000,0.09730000,0.09330000,0.09470000,23240993.00000000
1771286400,0.09470000,0.09570000,0.09260000,0.09310000,19224383.00000000
1771372800,0.09310000,0.09440000,0.09010000,0.09100000,16142402.00000000
1771459200,0.09090000,0.09190000,0.08710000,0.08920000,29018892.00000000
1771545600,0.08920000,0.09150000,0.08770000,0.09050000,28024231.00000000
1771632000,0.09050000,0.09140000,0.08950000,0.08960000,10377117.00000000
1771718400,0.08960000,0.08980000,0.08600000,0.08680000,11351859.00000000
1771804800,0.08680000,0.08720000,0.08260000,0.08390000,29000860.00000000
1771891200,0.08390000,0.08480000,0.08270000,0.08350000,21237859.00000000
1771977600,0.08350000,0.09520000,0.08340000,0.09100000,36515258.00000000
1772064000,0.09100000,0.09180000,0.08700000,0.08800000,35520836.00000000
1772150400,0.08810000,0.09020000,0.08520000,0.08660000,24964035.00000000
1772236800,0.08650000,0.08840000,0.08170000,0.08790000,34611826.00000000
1772323200,0.08800000,0.09030000,0.08400000,0.08560000,29487120.00000000
1772409600,0.08570000,0.09020000,0.08530000,0.08800000,35058310.00000000
1772496000,0.08800000,0.08820000,0.08470000,0.08610000,32194522.00000000
1772582400,0.08610000,0.09110000,0.08500000,0.08880000,34496999.00000000
1772668800,0.08890000,0.08960000,0.08600000,0.08730000,19585282.00000000
1772755200,0.08730000,0.08800000,0.08340000,0.08440000,24248654.00000000
1772841600,0.08440000,0.08500000,0.08260000,0.08300000,12357264.00000000
1772928000,0.08300000,0.08380000,0.08100000,0.08180000,19490362.00000000
1773014400,0.08170000,0.08470000,0.08150000,0.08330000,36111950.00000000
1773100800,0.08320000,0.08960000,0.08320000,0.08530000,37075427.00000000
1773187200,0.08540000,0.08770000,0.08420000,0.08620000,24518914.00000000
1773273600,0.08620000,0.08920000,0.08490000,0.08900000,24148334.00000000
1773360000,0.08910000,0.09690000,0.08910000,0.09390000,64989788.00000000
1773446400,0.09390000,0.09650000,0.08970000,0.09100000,32395239.00000000
1773532800,0.09110000,0.09310000,0.08930000,0.09260000,34391009.00000000
1773619200,0.09270000,0.09800000,0.09170000,0.09720000,44309731.00000000
1773705600,0.09720000,0.09770000,0.09400000,0.09470000,36827936.00000000
1773792000,0.09480000,0.09670000,0.08920000,0.09010000,39290008.00000000
1773878400,0.09020000,0.09130000,0.08660000,0.08930000,33467501.00000000
1773964800,0.08930000,0.09170000,0.08880000,0.08980000,25341560.00000000
1774051200,0.08990000,0.09050000,0.08640000,0.08680000,11117872.00000000
1774137600,0.08690000,0.08780000,0.08470000,0.08550000,17118660.00000000
1774224000,0.08560000,0.08900000,0.08450000,0.08750000,28728385.00000000
1774310400,0.08750000,0.08870000,0.08550000,0.08720000,19237808.00000000
1774396800,0.08720000,0.08870000,0.08630000,0.08750000,15628030.00000000
1774483200,0.08760000,0.08910000,0.08330000,0.08400000,23059243.00000000
1774569600,0.08400000,0.08440000,0.08070000,0.08150000,18856493.00000000
1774656000,0.08150000,0.08340000,0.08080000,0.08160000,12840140.00000000
1774742400,0.08170000,0.08240000,0.07940000,0.08120000,15278384.00000000
1774828800,0.08120000,0.08430000,0.08110000,0.08220000,13286713.00000000
1774915200,0.08220000,0.09440000,0.08200000,0.09390000,83746984.00000000
1775001600,0.09390000,0.11020000,0.09360000,0.10260000,164016696.00000000
1775088000,0.10260000,0.11070000,0.09810000,0.10640000,119788035.00000000
1775174400,0.10650000,0.12650000,0.10650000,0.12320000,194122345.00000000
1775260800,0.12320000,0.12700000,0.11790000,0.12050000,96437948.00000000
1775347200,0.12040000,0.12520000,0.11420000,0.12150000,71597809.00000000
1775433600,0.12160000,0.12690000,0.11850000,0.11860000,68083019.00000000
1775520000,0.11850000,0.12020000,0.11070000,0.11710000,80059721.00000000
1775606400,0.11710000,0.12470000,0.11390000,0.11410000,64987525.00000000
1775692800,0.11400000,0.11620000,0.10910000,0.11220000,76403774.00000000
1775779200,0.11210000,0.11320000,0.10900000,0.11020000,41315613.00000000
1775865600,0.11010000,0.11060000,0.10570000,0.10830000,29867624.00000000
1775952000,0.10820000,0.10870000,0.10150000,0.10180000,22961308.00000000
1776038400,0.10190000,0.10960000,0.10070000,0.10920000,33671323.00000000
1776124800,0.10910000,0.11440000,0.10640000,0.10780000,60757278.00000000
1776211200,0.10780000,0.11460000,0.10780000,0.11260000,43035890.00000000
1776297600,0.11260000,0.11760000,0.11070000,0.11570000,39201897.00000000
1776384000,0.11580000,0.11780000,0.11030000,0.11100000,48760288.00000000
1776470400,0.11100000,0.11210000,0.10640000,0.10640000,32861326.00000000
1776556800,0.10640000,0.10680000,0.10130000,0.10150000,28653050.00000000
1776643200,0.10150000,0.10560000,0.10110000,0.10340000,30759339.00000000
1776729600,0.10350000,0.10540000,0.10140000,0.10320000,26340666.00000000
1776816000,0.10330000,0.10670000,0.10240000,0.10290000,25847106.00000000
1776902400,0.10290000,0.10510000,0.10070000,0.10440000,30628858.00000000
1776988800,0.10440000,0.11040000,0.10440000,0.10980000,42899582.00000000
1777075200,0.10970000,0.11850000,0.10830000,0.11520000,72175186.00000000
1777161600,0.11530000,0.12130000,0.11360000,0.12000000,54467940.00000000
1777248000,0.12010000,0.12110000,0.11440000,0.11660000,47716358.00000000
1777334400,0.11660000,0.11720000,0.11090000,0.11180000,34724700.00000000
1777420800,0.11190000,0.11420000,0.10820000,0.11040000,35117378.00000000
1777507200,0.11040000,0.11200000,0.10970000,0.11040000,16016834.00000000
1777593600,0.11030000,0.11090000,0.10730000,0.10880000,24841494.00000000
1777680000,0.10880000,0.11340000,0.10570000,0.11310000,39448143.00000000
1777766400,0.11310000,0.11890000,0.11080000,0.11330000,70066274.00000000
1777852800,0.11330000,0.11640000,0.11160000,0.11170000,35809119.00000000
1777939200,0.11180000,0.12200000,0.11150000,0.12010000,66531874.00000000
1778025600,0.12000000,0.12460000,0.11780000,0.11980000,41438826.00000000
1778112000,0.11990000,0.13100000,0.11880000,0.12850000,68748527.00000000
1778198400,0.12860000,0.13710000,0.12500000,0.13360000,52401142.00000000
1778284800,0.13350000,0.13410000,0.12860000,0.12870000,29829601.00000000
1778371200,0.12860000,0.13120000,0.12550000,0.12900000,31615496.00000000
1778457600,0.12910000,0.12930000,0.12140000,0.12300000,36085750.00000000
1778544000,0.12300000,0.12750000,0.11980000,0.12230000,34403444.00000000
1778630400,0.12230000,0.12510000,0.11620000,0.11790000,22235571.00000000
1778716800,0.11790000,0.12190000,0.11650000,0.11860000,19754297.00000000
1778803200,0.11860000,0.12000000,0.11130000,0.11330000,18458832.00000000
1778889600,0.11320000,0.11460000,0.10940000,0.11020000,14418885.00000000
1778976000,0.11010000,0.11120000,0.10510000,0.10770000,11148169.00000000
1779062400,0.10780000,0.10950000,0.10500000,0.10880000,16877178.00000000
1779148800,0.10880000,0.11500000,0.10680000,0.11270000,41455561.00000000
1779235200,0.11260000,0.11970000,0.11210000,0.11760000,36750969.00000000
1779321600,0.11770000,0.11920000,0.11380000,0.11500000,23796153.00000000
1779408000,0.11500000,0.12000000,0.11120000,0.11170000,31532271.00000000
1779494400,0.11180000,0.11690000,0.10890000,0.11480000,18110044.00000000
1779580800,0.11480000,0.11500000,0.10980000,0.11180000,12430144.00000000
1779667200,0.11180000,0.11630000,0.11140000,0.11270000,21405764.00000000
1779753600,0.11270000,0.11410000,0.10820000,0.10860000,19310199.00000000
1779840000,0.10860000,0.10990000,0.10570000,0.10650000,15267708.00000000
1779926400,0.10640000,0.11600000,0.10300000,0.11570000,38196473.00000000
1780012800,0.11570000,0.12320000,0.11110000,0.12290000,88479885.00000000
1780099200,0.12290000,0.13960000,0.12230000,0.12450000,130833739.00000000
1780185600,0.12460000,0.13320000,0.12340000,0.12760000,53469501.00000000
1780272000,0.12760000,0.12780000,0.11700000,0.12030000,41754684.00000000
1780358400,0.12020000,0.12340000,0.11070000,0.11240000,51301065.00000000
1780444800,0.11240000,0.11440000,0.10510000,0.10660000,42841332.00000000
1780531200,0.10650000,0.10690000,0.09910000,0.10050000,53100185.00000000
1780617600,0.10050000,0.10150000,0.08810000,0.09330000,67469018.00000000
1780704000,0.09340000,0.09540000,0.08820000,0.09210000,25754428.00000000
1780790400,0.09210000,0.09740000,0.09060000,0.09440000,30470243.00000000
1780876800,0.09450000,0.09600000,0.09170000,0.09230000,25777503.00000000
1780963200,0.09230000,0.09340000,0.08820000,0.09110000,25120159.00000000
1781049600,0.09110000,0.09270000,0.08640000,0.08650000,20095669.00000000
1781136000,0.08650000,0.09030000,0.08630000,0.08880000,32056719.00000000
1781222400,0.08880000,0.09000000,0.08660000,0.08730000,25570981.00000000
1781308800,0.08730000,0.09060000,0.08640000,0.08960000,23288488.00000000
1781395200,0.08970000,0.09430000,0.08930000,0.09270000,42807029.00000000
1781481600,0.09260000,0.10000000,0.09190000,0.09510000,42262851.00000000
1781568000,0.09500000,0.09710000,0.09270000,0.09450000,20159777.00000000
1781654400,0.09460000,0.10050000,0.09450000,0.09920000,41728213.00000000
1781740800,0.09930000,0.10400000,0.09560000,0.09640000,44158852.00000000
1781827200,0.09640000,0.09760000,0.09010000,0.09560000,23680099.00000000
1781913600,0.09570000,0.09600000,0.09200000,0.09370000,12874940.00000000
1782000000,0.09380000,0.09480000,0.08900000,0.08930000,13511430.00000000
1782086400,0.08940000,0.09350000,0.08870000,0.08970000,19835461.00000000
1782172800,0.08970000,0.09660000,0.08820000,0.09460000,51086570.00000000
1782259200,0.09460000,0.09650000,0.08470000,0.08990000,42841127.00000000
1782345600,0.08990000,0.09070000,0.08370000,0.08490000,26631340.00000000
1782432000,0.08490000,0.08530000,0.08090000,0.08300000,37253033.00000000
1782518400,0.08310000,0.08830000,0.08280000,0.08600000,34126949.00000000
1782604800,0.08610000,0.08930000,0.08590000,0.08750000,23684704.00000000
1782691200,0.08740000,0.09030000,0.08480000,0.08570000,27687848.00000000
1782777600,0.08560000,0.08680000,0.08150000,0.08300000,30414852.00000000
1782864000,0.08300000,0.08730000,0.08130000,0.08430000,28195825.00000000
1782950400,0.08440000,0.08790000,0.08420000,0.08670000,24673091.00000000
1783036800,0.08670000,0.09070000,0.08620000,0.08940000,23256841.00000000
1783123200,0.08940000,0.09250000,0.08850000,0.09070000,20934310.00000000
1783209600,0.09070000,0.09260000,0.08890000,0.09100000,15519590.00000000
1783296000,0.09110000,0.09110000,0.08630000,0.08850000,15952280.00000000
1783382400,0.08850000,0.08860000,0.08560000,0.08610000,15412136.00000000
1783468800,0.08620000,0.08730000,0.08330000,0.08480000,23932846.00000000
1783555200,0.08480000,0.08630000,0.08440000,0.08480000,22228728.00000000
1783641600,0.08470000,0.08760000,0.08360000,0.08560000,24585901.00000000
1783728000,0.08560000,0.08740000,0.08410000,0.08430000,14154397.00000000
1783814400,0.08430000,0.08470000,0.08290000,0.08370000,11224756.00000000
1783900800,0.08360000,0.08480000,0.08180000,0.08370000,16188486.00000000
1783987200,0.08370000,0.08610000,0.08300000,0.08480000,14256516.00000000
1784073600,0.08490000,0.08610000,0.08390000,0.08500000,13354014.00000000
1784160000,0.08510000,0.08580000,0.08210000,0.08240000,19457101.00000000
1784246400,0.08240000,0.08350000,0.08130000,0.08280000,18674724.00000000
1784332800,0.08280000,0.08400000,0.08170000,0.08330000,13481931.00000000
1784419200,0.08330000,0.08340000,0.08150000,0.08290000,14118116.00000000
1784505600,0.08280000,0.08370000,0.08160000,0.08340000,14862474.00000000
1784592000,0.08330000,0.08530000,0.08300000,0.08460000,14897815.00000000
1784678400,0.08470000,0.08530000,0.08300000,0.08440000,15131738.00000000
1784764800,0.08440000,0.08500000,0.08170000,0.08320000,14362456.00000000
1784851200,0.08330000,0.08750000,0.08160000,0.08610000,26481954.00000000
1784937600,0.08600000,0.08850000,0.08370000,0.08420000,20406018.00000000
1785024000,0.08420000,0.08540000,0.08370000,0.08490000,12286327.00000000
1785110400,0.08490000,0.08490000,0.07990000,0.08000000,20117956.00000000
1785196800,0.08010000,0.08160000,0.07860000,0.08000000,24944893.00000000
1785283200,0.08000000,0.08060000,0.07570000,0.07750000,20359677.00000000
1785369600,0.07750000,0.07980000,0.07690000,0.07900000,14243422.00000000
1785456000,0.07890000,0.08100000,0.07770000,0.07890000,16501093.00000000
1785542400,0.07890000,0.08080000,0.07800000,0.07900000,12467883.00000000
1785628800,0.07900000,0.08720000,0.07860000,0.08600000,28147334.00000000
1785715200,0.08600000,0.09320000,0.08330000,0.09040000,50201010.00000000
1785801600,0.09030000,0.09180000,0.08870000,0.08950000,30288301.00000000
1785888000,0.08950000,0.09110000,0.08800000,0.08830000,18121890.00000000
1785974400,0.08830000,0.09090000,0.08670000,0.08730000,17183125.00000000
1786060800,0.08730000,0.09110000,0.08730000,0.08900000,16358843.00000000
1786147200,0.08900000,0.08970000,0.08660000,0.08740000,8256369.00000000
1786233600,0.08740000,0.08770000,0.08220000,0.08260000,17677783.00000000
1786320000,0.08260000,0.08380000,0.08140000,0.08240000,22927856.00000000
1786406400,0.08250000,0.08330000,0.07950000,0.08100000,26031959.00000000
1786492800,0.08090000,0.08170000,0.07830000,0.07910000,16894459.00000000
1786579200,0.07910000,0.08060000,0.07790000,0.07870000,13490704.00000000
1786665600,0.07870000,0.08090000,0.07820000,0.07970000,12786148.00000000
1786752000,0.07960000,0.08030000,0.07890000,0.07950000,6134047.00000000
1786838400,0.07940000,0.07980000,0.07740000,0.07840000,8035519.00000000
1786924800,0.07840000,0.08010000,0.07820000,0.07850000,9883121.00000000
1787011200,0.07850000,0.07890000,0.07670000,0.07800000,10976932.00000000
1787097600,0.07790000,0.08300000,0.07760000,0.08210000,27608948.00000000
1787184000,0.08220000,0.08850000,0.08200000,0.08850000,44798317.00000000
1787270400,0.08850000,0.09770000,0.08740000,0.09740000,45202209.00000000
1787356800,0.09750000,0.10500000,0.09130000,0.09240000,46495301.00000000
1787443200,0.09250000,0.09500000,0.08790000,0.09400000,27069385.00000000
1787529600,0.09390000,0.09460000,0.09090000,0.09180000,27497685.00000000
1787616000,0.09180000,0.09530000,0.08790000,0.08910000,27897237.00000000
1787702400,0.08910000,0.09110000,0.08690000,0.09020000,23160826.00000000
1787788800,0.09020000,0.09270000,0.08890000,0.09120000,17574323.00000000
1787875200,0.09110000,0.09230000,0.08540000,0.08710000,16344276.00000000
1787961600,0.08720000,0.08820000,0.08550000,0.08780000,8763805.00000000
1788048000,0.08780000,0.08890000,0.08360000,0.08460000,13077338.00000000
1788134400,0.08460000,0.08650000,0.08360000,0.08560000,10719269.00000000
