t,o,h,l,c,v
1616630400,2.71000000,3.19000000,1.92800000,2.72800000,27044183.87100000
1616716800,2.71900000,3.55000000,2.43900000,3.11300000,25673635.49400000
1616803200,3.10700000,3.88800000,3.09400000,3.44700000,18654434.18500000
1616889600,3.45100000,3.60000000,3.14100000,3.34200000,9137645.02300000
1616976000,3.34200000,3.70000000,3.22500000,3.68900000,6746125.66300000
1617062400,3.69000000,4.39900000,3.63000000,4.20700000,13884002.12400000
1617148800,4.20300000,4.77000000,3.45600000,3.50300000,13489609.41500000
1617235200,3.50400000,3.90900000,3.21700000,3.28800000,10115318.90300000
1617321600,3.28900000,3.40000000,2.93500000,3.15200000,9577879.92800000
1617408000,3.15200000,3.25900000,2.69900000,2.72500000,7015137.91800000
1617494400,2.72500000,3.35000000,2.65000000,3.11900000,9193510.35100000
1617580800,3.12000000,3.18000000,2.70200000,2.79300000,6098745.22300000
1617667200,2.79300000,2.90500000,2.37000000,2.55100000,6363507.58600000
1617753600,2.55100000,2.60000000,2.10000000,2.43400000,7545940.06800000
1617840000,2.43200000,3.19300000,2.39200000,2.76500000,10298248.22900000
1617926400,2.76400000,2.84800000,2.61700000,2.68500000,4526905.69700000
1618012800,2.68300000,3.18500000,2.47800000,3.02400000,10411375.01900000
1618099200,3.02100000,3.64400000,2.86900000,2.97300000,17011724.26200000
1618185600,2.97500000,3.09000000,2.76700000,2.82700000,3908190.97000000
1618272000,2.82700000,2.85100000,2.55000000,2.64800000,3405016.68500000
1618358400,2.65100000,2.89900000,2.51100000,2.59200000,4850704.19000000
1618444800,2.59500000,2.84500000,2.52500000,2.67000000,3497363.52700000
1618531200,2.67100000,2.75000000,2.40100000,2.56200000,3772097.06800000
1618617600,2.56200000,2.72800000,2.45100000,2.47600000,3707847.53700000
1618704000,2.47900000,2.50700000,2.00300000,2.36000000,4186605.12400000
1618790400,2.36000000,2.45200000,2.09100000,2.14600000,2879559.91800000
1618876800,2.14600000,2.30900000,1.89400000,2.11500000,3243216.28500000
1618963200,2.11800000,2.20900000,1.93400000,2.04200000,2607001.24000000
1619049600,2.04400000,2.24500000,1.81600000,1.92000000,3365599.38100000
1619136000,1.92000000,1.93400000,1.47500000,1.74900000,4067157.94800000
1619222400,1.74700000,1.75300000,1.51900000,1.57600000,2075684.93300000
1619308800,1.58000000,1.85600000,1.50000000,1.57500000,3563662.03200000
1619395200,1.57500000,1.95000000,1.57500000,1.87800000,3234116.69900000
1619481600,1.87300000,2.46700000,1.86000000,2.14400000,7593452.29500000
1619568000,2.14400000,2.30000000,1.90500000,2.26900000,5402572.71800000
1619654400,2.26000000,2.58000000,2.16200000,2.45100000,10347367.09100000
1619740800,2.45100000,2.58000000,2.24200000,2.36100000,3510361.58200000
1619827200,2.36100000,2.68000000,2.33700000,2.57200000,5287415.57200000
1619913600,2.57300000,2.94000000,2.37000000,2.70300000,5700460.91700000
1620000000,2.70000000,3.00000000,2.59400000,2.60500000,5927954.63400000
1620086400,2.60500000,2.65900000,2.20000000,2.26600000,6148273.37100000
1620172800,2.26500000,2.60000000,2.25000000,2.50500000,4067436.17300000
1620259200,2.50200000,2.55000000,2.24900000,2.28600000,3957786.54900000
1620345600,2.28900000,2.32000000,2.14500000,2.21700000,3356983.10500000
1620432000,2.21600000,2.59000000,2.14600000,2.45900000,4629004.46200000
1620518400,2.45400000,2.63000000,2.21800000,2.25700000,5386184.67700000
1620604800,2.25700000,2.30000000,1.83400000,2.00300000,4762926.91600000
1620691200,2.00200000,2.17000000,1.85100000,2.02000000,3775022.80400000
1620777600,2.02200000,2.08000000,1.63200000,1.64800000,4923493.93900000
1620864000,1.64600000,1.81800000,1.55000000,1.67200000,4501258.06600000
1620950400,1.67200000,1.92000000,1.62600000,1.82500000,4934903.48000000
1621036800,1.82500000,1.85300000,1.60000000,1.60600000,3279091.87300000
1621123200,1.60900000,1.78700000,1.47500000,1.59000000,4717210.45100000
1621209600,1.59200000,1.64000000,1.41400000,1.50500000,5295698.75200000
1621296000,1.50900000,1.60800000,1.41000000,1.43500000,4546259.42200000
1621382400,1.43500000,1.47700000,0.67800000,0.89000000,11416181.15800000
1621468800,0.89000000,1.06600000,0.75400000,0.97800000,7562753.26900000
1621555200,0.97600000,1.03700000,0.60300000,0.72500000,8218729.05300000
1621641600,0.72700000,0.82400000,0.63300000,0.65900000,5671363.31900000
1621728000,0.65900000,0.69800000,0.35500000,0.46200000,9902768.70000000
1621814400,0.46100000,0.95000000,0.42900000,0.80200000,19318832.09800000
1621900800,0.80400000,0.88500000,0.66000000,0.76400000,17574705.29500000
1621987200,0.76400000,0.99700000,0.71700000,0.94900000,12582255.63200000
1622073600,0.94900000,0.94900000,0.76300000,0.83900000,10532537.96800000
1622160000,0.84000000,0.86500000,0.63100000,0.68900000,9736100.12300000
1622246400,0.68800000,0.75300000,0.57200000,0.61600000,8542434.45600000
1622332800,0.61700000,0.73900000,0.55700000,0.69100000,7287688.05100000
1622419200,0.69200000,0.87000000,0.66100000,0.82000000,14861605.45400000
1622505600,0.82200000,0.85000000,0.74500000,0.76800000,6154451.55600000
1622592000,0.76800000,0.84000000,0.72500000,0.81500000,6138626.97100000
1622678400,0.81500000,0.88900000,0.78200000,0.82200000,7850773.31500000
1622764800,0.82300000,0.83000000,0.67200000,0.71000000,7811996.29000000
1622851200,0.71000000,0.76200000,0.65000000,0.69700000,4658327.28800000
1622937600,0.69300000,0.72000000,0.67800000,0.70100000,2872062.52100000
1623024000,0.70100000,0.73900000,0.59300000,0.60500000,4484802.75700000
1623110400,0.60200000,0.64900000,0.51200000,0.57400000,8708612.83400000
1623196800,0.57200000,0.63900000,0.52900000,0.61700000,8114786.71000000
1623283200,0.61700000,0.62200000,0.52900000,0.55400000,6536476.95000000
1623369600,0.55300000,0.85000000,0.54300000,0.68400000,46276050.61900000
1623456000,0.68600000,0.79000000,0.59000000,0.59900000,43593506.68400000
1623542400,0.59900000,0.63600000,0.57300000,0.62300000,10766749.31900000
1623628800,0.62600000,0.65700000,0.61100000,0.63700000,7906986.76300000
1623715200,0.63600000,0.65300000,0.59700000,0.62000000,7030956.53700000
1623801600,0.62000000,0.62500000,0.56400000,0.57500000,5548189.45500000
1623888000,0.57500000,0.61000000,0.55100000,0.56900000,9453091.26100000
1623974400,0.56900000,0.57300000,0.49200000,0.51100000,6025656.61300000
1624060800,0.51100000,0.53700000,0.48500000,0.49300000,5096962.17900000
1624147200,0.49300000,0.50900000,0.45500000,0.47900000,7138454.69200000
1624233600,0.48000000,0.48400000,0.36100000,0.36400000,9346982.65100000
1624320000,0.36300000,0.39500000,0.27300000,0.33800000,11549670.68900000
1624406400,0.33800000,0.40400000,0.32300000,0.36600000,7056847.61600000
1624492800,0.36500000,0.39400000,0.34100000,0.38200000,5111911.30100000
1624579200,0.38300000,0.39100000,0.31800000,0.32600000,5167834.08400000
1624665600,0.32600000,0.32600000,0.29000000,0.31700000,6901239.06900000
1624752000,0.31700000,0.38600000,0.30700000,0.37400000,14147742.88800000
1624838400,0.37500000,0.42500000,0.36400000,0.37400000,14179447.45700000
1624924800,0.37300000,0.53500000,0.37000000,0.48900000,27773722.20500000
1625011200,0.49000000,0.51800000,0.40800000,0.45500000,23765698.68000000
1625097600,0.45700000,0.47700000,0.39600000,0.41000000,9023384.65500000
1625184000,0.41100000,0.41600000,0.38600000,0.41000000,5733352.93300000
1625270400,0.41100000,0.46400000,0.40200000,0.41900000,12062387.90200000
1625356800,0.41800000,0.45200000,0.40400000,0.42700000,11998804.63500000
1625443200,0.42700000,0.42800000,0.38100000,0.39700000,8080240.78200000
1625529600,0.39800000,0.43600000,0.39800000,0.42800000,8548791.46200000
1625616000,0.42900000,0.50000000,0.40500000,0.46700000,23590109.38100000
1625702400,0.46800000,0.51000000,0.39800000,0.40700000,25077928.29700000
1625788800,0.40600000,0.42800000,0.38400000,0.41400000,10022089.87500000
1625875200,0.41400000,0.44300000,0.40800000,0.43100000,12450286.39000000
1625961600,0.43100000,0.47900000,0.42300000,0.46400000,16103911.44800000
1626048000,0.46300000,0.52800000,0.43000000,0.45100000,30603087.49100000
1626134400,0.45100000,0.56500000,0.43400000,0.52900000,48638568.32400000
1626220800,0.52900000,0.69000000,0.48200000,0.64200000,68032306.97000000
1626307200,0.64300000,0.78000000,0.59400000,0.61900000,75086254.40800000
1626393600,0.62100000,0.62200000,0.48000000,0.48300000,36440809.64000000
1626480000,0.48400000,0.49800000,0.43800000,0.45300000,21782237.67200000
1626566400,0.45300000,0.54000000,0.44800000,0.49800000,30344638.45900000
1626652800,0.49900000,0.51200000,0.41500000,0.42800000,17026173.63100000
1626739200,0.42700000,0.44100000,0.36200000,0.38800000,14624951.41200000
1626825600,0.38900000,0.45600000,0.37400000,0.43400000,26421541.47400000
1626912000,0.43500000,0.46400000,0.42200000,0.43700000,21872179.75000000
1626998400,0.43600000,0.51900000,0.42600000,0.51200000,33346347.67600000
1627084800,0.51300000,0.60800000,0.49400000,0.59300000,60122763.88100000
1627171200,0.59300000,0.74900000,0.56600000,0.72500000,101031433.24600000
1627257600,0.72500000,0.76900000,0.57000000,0.58600000,63816690.31300000
1627344000,0.58700000,0.71000000,0.53800000,0.67400000,56358301.07600000
1627430400,0.67400000,0.89100000,0.65400000,0.87400000,146790210.25600000
1627516800,0.87400000,0.96000000,0.77100000,0.79300000,76775177.96200000
1627603200,0.79300000,0.84800000,0.71800000,0.83200000,47965035.87800000
1627689600,0.83300000,0.83400000,0.75400000,0.78200000,31042117.59000000
1627776000,0.78200000,0.82800000,0.70100000,0.71300000,29985449.02900000
1627862400,0.71100000,0.76000000,0.70100000,0.70800000,21902872.90400000
1627948800,0.71000000,0.72300000,0.65200000,0.67700000,24920206.98700000
1628035200,0.67800000,0.75000000,0.66500000,0.72200000,27096128.84300000
1628121600,0.72300000,0.79700000,0.67700000,0.77000000,33618329.02400000
1628208000,0.77000000,0.85600000,0.73500000,0.81400000,39345678.99100000
1628294400,0.81400000,0.81800000,0.74000000,0.78600000,31587196.64100000
1628380800,0.78600000,0.79000000,0.72100000,0.73600000,28429532.95600000
1628467200,0.73600000,0.79000000,0.69000000,0.75500000,29413157.84600000
1628553600,0.75500000,0.88000000,0.73300000,0.84900000,51444855.28800000
1628640000,0.84900000,1.17300000,0.81800000,0.88900000,121238351.10500000
1628726400,0.88900000,0.99600000,0.83300000,0.87600000,47649779.86600000
1628812800,0.87600000,1.03600000,0.87000000,0.99000000,32623218.49800000
1628899200,0.99000000,0.99000000,0.89300000,0.92500000,24100925.17500000
1628985600,0.92600000,0.97500000,0.85600000,0.94900000,28836427.29200000
1629072000,0.94700000,1.09900000,0.93500000,1.04200000,56820545.49100000
1629158400,1.04100000,1.22500000,0.94200000,0.95000000,75322613.29600000
1629244800,0.95200000,1.03500000,0.89300000,0.91400000,41481660.80400000
1629331200,0.91500000,0.99800000,0.88100000,0.99700000,29967110.29200000
1629417600,0.99800000,1.03500000,0.95300000,1.00200000,26319790.64900000
1629504000,1.00200000,1.09500000,0.96300000,1.01200000,35512354.91000000
1629590400,1.01100000,1.03400000,0.94000000,0.98700000,26482817.39400000
1629676800,0.98700000,1.02400000,0.96200000,0.98600000,19638026.45700000
1629763200,0.98600000,0.99300000,0.86500000,0.87800000,22082421.03900000
1629849600,0.87900000,0.96000000,0.81700000,0.95200000,27667769.70400000
1629936000,0.95300000,0.98000000,0.83100000,0.85780000,30837702.66300000
1630022400,0.85770000,0.93400000,0.85000000,0.91720000,24397758.57800000
1630108800,0.91830000,0.94990000,0.87800000,0.89810000,19602160.29200000
1630195200,0.89920000,0.92340000,0.85300000,0.89930000,18266172.00000000
1630281600,0.89960000,0.98820000,0.86020000,0.87420000,34826339.71300000
1630368000,0.87440000,0.94640000,0.85530000,0.89230000,25183760.00000000
1630454400,0.89180000,0.94000000,0.87440000,0.93770000,18474609.00000000
1630540800,0.93770000,0.93940000,0.88980000,0.90050000,19916463.00000000
1630627200,0.90010000,0.94520000,0.87810000,0.89710000,21327093.00000000
1630713600,0.89690000,0.92280000,0.87990000,0.91560000,20234000.00000000
1630800000,0.91560000,0.96430000,0.90210000,0.92990000,24949791.00000000
1630886400,0.92940000,1.19260000,0.92550000,1.16390000,101627348.42100000
1630972800,1.16390000,1.19010000,0.69590000,0.83000000,71750242.06600000
1631059200,0.83010000,0.87550000,0.71630000,0.77790000,30798641.00000000
1631145600,0.77790000,0.82920000,0.74360000,0.76840000,27302977.00000000
1631232000,0.76840000,0.79400000,0.66930000,0.77230000,20445029.26600000
1631318400,0.77230000,0.99450000,0.77230000,0.80170000,73555996.40800000
1631404800,0.80140000,0.85410000,0.76240000,0.80170000,19585329.00000000
1631491200,0.80170000,0.80960000,0.71000000,0.75770000,14082003.00000000
1631577600,0.75710000,0.80560000,0.74480000,0.76480000,11280834.00000000
1631664000,0.76550000,0.82000000,0.74980000,0.81350000,14053377.00000000
1631750400,0.81240000,0.81940000,0.76500000,0.78150000,13266729.00000000
1631836800,0.78150000,0.80370000,0.72920000,0.74780000,11457186.00000000
1631923200,0.74780000,0.92900000,0.74780000,0.82060000,26758909.00000000
1632009600,0.82000000,0.87370000,0.76220000,0.79560000,19906417.00000000
1632096000,0.79680000,0.79980000,0.61320000,0.63220000,21474438.76600000
1632182400,0.63290000,0.67790000,0.55000000,0.56700000,15141144.54500000
1632268800,0.56920000,0.67990000,0.56770000,0.67110000,12217507.00000000
1632355200,0.67110000,0.69800000,0.63710000,0.66170000,14468328.00000000
1632441600,0.66210000,0.66780000,0.55840000,0.60120000,15136031.00000000
1632528000,0.60080000,0.62750000,0.56630000,0.60230000,8648495.00000000
1632614400,0.60230000,0.63360000,0.53440000,0.58480000,12131746.59200000
1632700800,0.58510000,0.65000000,0.57120000,0.57250000,15734222.00000000
1632787200,0.57160000,0.59600000,0.53790000,0.55470000,11567003.00000000
1632873600,0.55340000,0.61000000,0.53800000,0.55980000,8502127.00000000
1632960000,0.55990000,0.58990000,0.54160000,0.56630000,13348630.00000000
1633046400,0.56630000,0.73540000,0.55520000,0.72220000,21152911.00000000
1633132800,0.72580000,0.72800000,0.63410000,0.64670000,25292979.00000000
1633219200,0.64620000,0.66900000,0.62160000,0.64900000,12033132.00000000
1633305600,0.64900000,0.68940000,0.60720000,0.66000000,20342185.00000000
1633392000,0.66050000,0.71500000,0.63950000,0.65820000,23753933.00000000
1633478400,0.65920000,0.66080000,0.59720000,0.64450000,24840918.00000000
1633564800,0.64440000,0.76580000,0.60920000,0.68470000,40254517.00000000
1633651200,0.68410000,0.71000000,0.65480000,0.65930000,15862947.00000000
1633737600,0.65910000,0.68360000,0.65350000,0.67820000,10255433.00000000
1633824000,0.67720000,0.71500000,0.65080000,0.65700000,15789046.00000000
1633910400,0.65590000,0.78750000,0.64270000,0.70250000,36838833.00000000
1633996800,0.70230000,0.76890000,0.66000000,0.70380000,49564261.00000000
1634083200,0.70490000,0.73150000,0.67820000,0.69630000,19293285.00000000
1634169600,0.69670000,0.75590000,0.69330000,0.72200000,24277561.00000000
1634256000,0.72120000,0.73360000,0.68000000,0.70140000,22092228.00000000
1634342400,0.70070000,0.80700000,0.69700000,0.79810000,20357637.00000000
1634428800,0.79810000,0.93300000,0.71140000,0.73540000,87472027.00000000
1634515200,0.73680000,0.74710000,0.70770000,0.71760000,17383988.00000000
1634601600,0.71780000,0.74660000,0.70540000,0.72710000,15161042.00000000
1634688000,0.72760000,0.82710000,0.72620000,0.77320000,36201018.00000000
1634774400,0.77190000,0.82150000,0.73850000,0.80130000,31224424.00000000
1634860800,0.80200000,0.99000000,0.79780000,0.84930000,91208444.00000000
1634947200,0.84910000,0.89930000,0.81110000,0.86450000,24887253.00000000
1635033600,0.86450000,0.88960000,0.79500000,0.82160000,16280799.00000000
1635120000,0.82160000,0.85800000,0.81330000,0.83770000,12368018.00000000
1635206400,0.83870000,0.85000000,0.81860000,0.82600000,16506729.00000000
1635292800,0.82700000,0.84990000,0.73600000,0.75880000,18180091.00000000
1635379200,0.75900000,0.82770000,0.75180000,0.81760000,17401614.00000000
1635465600,0.81820000,0.89330000,0.80960000,0.86720000,18732234.00000000
1635552000,0.86800000,1.04500000,0.82530000,1.01650000,37681468.00000000
1635638400,1.01680000,1.28000000,0.93330000,0.99020000,72401367.00000000
1635724800,0.99210000,1.12690000,0.93950000,1.09110000,23423076.00000000
1635811200,1.09110000,1.47990000,1.08830000,1.34730000,72981706.54800000
1635897600,1.34870000,1.50000000,1.22900000,1.35500000,47168675.26200000
1635984000,1.35490000,1.46000000,1.25600000,1.43410000,23752600.00000000
1636070400,1.43400000,1.88570000,1.37850000,1.55420000,85244250.42600000
1636156800,1.55400000,1.70000000,1.43720000,1.67150000,24332366.00000000
1636243200,1.67260000,1.88640000,1.63500000,1.75330000,35673095.00000000
1636329600,1.75330000,2.06800000,1.58160000,1.99250000,51987658.75900000
1636416000,1.99620000,2.03570000,1.73630000,1.87390000,30111847.00000000
1636502400,1.87340000,1.88940000,1.47440000,1.60300000,27518061.00000000
1636588800,1.60290000,1.87100000,1.59000000,1.74190000,21327165.00000000
1636675200,1.73990000,1.78000000,1.58140000,1.69660000,11015746.00000000
1636761600,1.69440000,1.73030000,1.61710000,1.63160000,7234306.00000000
1636848000,1.63000000,1.75680000,1.62400000,1.70160000,8156567.00000000
1636934400,1.70310000,1.83490000,1.63870000,1.64120000,9789376.00000000
1637020800,1.64010000,1.64950000,1.41330000,1.44390000,14658334.00000000
1637107200,1.44360000,1.50660000,1.35000000,1.48670000,11885240.00000000
1637193600,1.48630000,1.64990000,1.40000000,1.57800000,26380646.00000000
1637280000,1.57740000,1.81900000,1.52200000,1.73270000,21059654.00000000
1637366400,1.73370000,1.78930000,1.61570000,1.74330000,11613936.00000000
1637452800,1.74330000,2.18890000,1.72570000,1.83230000,30469009.21900000
1637539200,1.83010000,1.92210000,1.69140000,1.80640000,14855814.00000000
1637625600,1.80670000,1.98900000,1.77710000,1.90010000,13185439.00000000
1637712000,1.90010000,1.90500000,1.70450000,1.70810000,11988840.00000000
1637798400,1.70660000,1.84140000,1.68280000,1.83260000,12714660.00000000
1637884800,1.83350000,1.83890000,1.47830000,1.57430000,15635786.00000000
1637971200,1.57430000,1.76000000,1.57350000,1.64030000,9183230.00000000
1638057600,1.64000000,1.76510000,1.51330000,1.75610000,9293886.00000000
1638144000,1.75550000,1.92000000,1.72460000,1.78420000,13594588.00000000
1638230400,1.78580000,1.98880000,1.74760000,1.83220000,13331724.00000000
1638316800,1.83750000,2.08500000,1.81640000,1.87070000,15171631.00000000
1638403200,1.86840000,1.87250000,1.69750000,1.72890000,12232546.00000000
1638489600,1.72930000,1.82410000,1.56790000,1.62160000,9502167.00000000
1638576000,1.62050000,1.62610000,1.16010000,1.41560000,15601962.00000000
1638662400,1.41300000,1.43990000,1.19290000,1.26620000,10335430.00000000
1638748800,1.26640000,1.70000000,1.01960000,1.63980000,64974187.00000000
1638835200,1.63710000,1.84730000,1.50370000,1.53870000,50003006.00000000
1638921600,1.53780000,1.65060000,1.49240000,1.57450000,15632662.00000000
1639008000,1.57490000,1.61000000,1.29730000,1.29730000,13945850.00000000
1639094400,1.29730000,1.40720000,1.19410000,1.20060000,15375751.00000000
1639180800,1.20210000,1.26670000,1.17010000,1.22970000,7486042.00000000
1639267200,1.22970000,1.32000000,1.18870000,1.26890000,7433340.00000000
1639353600,1.26730000,1.28020000,1.05900000,1.07740000,9892251.00000000
1639440000,1.07690000,1.46450000,1.02900000,1.27460000,27642869.00000000
1639526400,1.27390000,1.49400000,1.17570000,1.32130000,45122113.00000000
1639612800,1.32230000,1.40850000,1.20680000,1.22250000,10967015.00000000
1639699200,1.22230000,1.25340000,1.14740000,1.22670000,10137660.00000000
1639785600,1.22500000,1.29120000,1.19760000,1.23400000,6540722.00000000
1639872000,1.23210000,1.24240000,1.15610000,1.15920000,5642498.00000000
1639958400,1.15780000,1.27840000,1.06800000,1.19690000,13991442.00000000
1640044800,1.19760000,1.28860000,1.17880000,1.20130000,15681218.00000000
1640131200,1.20290000,1.26400000,1.17120000,1.20350000,10815576.00000000
1640217600,1.20390000,1.31580000,1.16210000,1.27470000,14965578.00000000
1640304000,1.27490000,1.34000000,1.20760000,1.22190000,11475636.00000000
1640390400,1.22320000,1.29490000,1.21210000,1.26540000,5492235.00000000
1640476800,1.26510000,1.28790000,1.22120000,1.27350000,4943178.00000000
1640563200,1.27480000,1.44000000,1.26810000,1.32100000,10959155.00000000
1640649600,1.32110000,1.32250000,1.15940000,1.17810000,9930757.00000000
1640736000,1.17810000,1.21480000,1.11690000,1.12870000,5702319.00000000
1640822400,1.12890000,1.17600000,1.10720000,1.12820000,4124821.00000000
1640908800,1.12840000,1.25000000,1.10700000,1.13400000,5406936.00000000
1640995200,1.13400000,1.18770000,1.13150000,1.17060000,4007851.00000000
1641081600,1.17180000,1.18960000,1.14910000,1.16090000,3643317.00000000
1641168000,1.16060000,1.19050000,1.13000000,1.14630000,4099289.00000000
1641254400,1.14750000,1.16540000,1.13000000,1.13990000,5106118.00000000
1641340800,1.13990000,1.27210000,1.05810000,1.11250000,17148102.00000000
1641427200,1.11080000,1.12700000,0.98200000,1.11620000,12907424.00000000
1641513600,1.11610000,1.11620000,0.98400000,1.00940000,11847008.00000000
1641600000,1.00940000,1.09000000,0.97150000,1.01030000,7891485.00000000
1641686400,1.01010000,1.06290000,0.97800000,1.01380000,4708424.00000000
1641772800,1.01410000,1.03290000,0.88740000,0.93790000,8268834.00000000
1641859200,0.93770000,0.99390000,0.91350000,0.96730000,5202981.00000000
1641945600,0.96800000,1.20930000,0.94710000,1.16340000,18861412.00000000
1642032000,1.16340000,1.18000000,1.05360000,1.08790000,13224703.00000000
1642118400,1.08810000,1.14630000,1.04580000,1.09000000,7673521.00000000
1642204800,1.09040000,1.14000000,1.08010000,1.12170000,3959752.00000000
1642291200,1.12280000,1.13300000,1.06210000,1.08610000,3647875.00000000
1642377600,1.08500000,1.09030000,0.98920000,1.01150000,4808392.00000000
1642464000,1.01100000,1.02890000,0.93530000,0.98550000,6029654.00000000
1642550400,0.98610000,1.00880000,0.92360000,0.93490000,5523959.00000000
1642636800,0.93550000,0.99770000,0.87840000,0.88490000,5030813.00000000
1642723200,0.88290000,0.91200000,0.70830000,0.73270000,12513956.00000000
1642809600,0.73380000,0.75590000,0.60440000,0.63120000,11151538.00000000
1642896000,0.63230000,0.69260000,0.62270000,0.66050000,6374004.00000000
1642982400,0.66050000,0.74090000,0.55840000,0.66540000,11880865.00000000
1643068800,0.66690000,0.71460000,0.62460000,0.67120000,7977714.00000000
1643155200,0.67120000,0.75180000,0.64120000,0.66860000,9565037.00000000
1643241600,0.66700000,0.68940000,0.61080000,0.65790000,5775645.00000000
1643328000,0.65760000,0.67000000,0.60980000,0.64700000,5705135.00000000
1643414400,0.64610000,0.67840000,0.64540000,0.66000000,3299527.00000000
1643500800,0.65990000,0.68220000,0.62380000,0.63080000,3641475.00000000
1643587200,0.63170000,0.65530000,0.59110000,0.64050000,6044635.00000000
1643673600,0.64000000,0.75000000,0.63820000,0.70760000,15543414.00000000
1643760000,0.70810000,0.72800000,0.62610000,0.63850000,7618347.00000000
1643846400,0.63780000,0.68230000,0.62850000,0.67020000,4873086.00000000
1643932800,0.67030000,0.83000000,0.66160000,0.79580000,22531732.00000000
1644019200,0.79620000,0.80690000,0.74340000,0.76740000,6877702.00000000
1644105600,0.76660000,0.83000000,0.73270000,0.82680000,11483112.00000000
1644192000,0.82700000,0.97020000,0.80590000,0.93840000,27168418.00000000
1644278400,0.93900000,1.13670000,0.92940000,1.05870000,31902141.00000000
1644364800,1.05850000,1.15000000,0.98910000,1.09480000,15462626.00000000
1644451200,1.09580000,1.12250000,0.99000000,1.00070000,11780126.00000000
1644537600,1.00080000,1.06320000,0.89050000,0.92000000,12702168.00000000
1644624000,0.92120000,0.97150000,0.87700000,0.93630000,6416048.00000000
1644710400,0.93630000,0.99740000,0.89710000,0.90610000,4203658.00000000
1644796800,0.90690000,0.94990000,0.86780000,0.93080000,5565413.00000000
1644883200,0.93130000,1.13900000,0.92590000,1.10540000,26479723.00000000
1644969600,1.10580000,1.23000000,1.03360000,1.04210000,31635743.00000000
1645056000,1.04210000,1.06530000,0.92230000,0.93750000,15344253.00000000
1645142400,0.93750000,1.00400000,0.87020000,0.88240000,10032676.00000000
1645228800,0.88230000,0.92000000,0.82360000,0.84410000,6236219.00000000
1645315200,0.84390000,0.84450000,0.76010000,0.77510000,7053912.00000000
1645401600,0.77550000,0.87000000,0.70770000,0.71110000,18012918.00000000
1645488000,0.71160000,0.73350000,0.66640000,0.71980000,11201201.00000000
1645574400,0.71960000,0.77360000,0.67300000,0.67410000,9990674.00000000
1645660800,0.67520000,0.68140000,0.55160000,0.64890000,21900043.00000000
1645747200,0.64870000,0.74790000,0.63450000,0.72250000,13463641.00000000
1645833600,0.72240000,0.75000000,0.69590000,0.70300000,6578887.00000000
1645920000,0.70290000,0.74680000,0.65240000,0.67150000,8864476.00000000
1646006400,0.67150000,0.76540000,0.66000000,0.75180000,10056016.00000000
1646092800,0.75150000,0.81970000,0.73980000,0.77430000,15259166.00000000
1646179200,0.77440000,0.79690000,0.73120000,0.74600000,9034704.00000000
1646265600,0.74450000,0.75320000,0.68510000,0.71890000,6128328.00000000
1646352000,0.71790000,0.71820000,0.62810000,0.64560000,5960106.00000000
1646438400,0.64560000,0.69650000,0.62690000,0.66190000,4825956.00000000
1646524800,0.66230000,0.67870000,0.62930000,0.63670000,5619199.00000000
1646611200,0.63530000,0.64690000,0.58790000,0.59580000,6591905.00000000
1646697600,0.59570000,0.61810000,0.58300000,0.59190000,6460493.00000000
1646784000,0.59220000,0.68000000,0.59090000,0.64950000,9866616.00000000
1646870400,0.65010000,0.65320000,0.59200000,0.60940000,6440565.00000000
1646956800,0.60880000,0.62190000,0.58000000,0.58720000,5492564.00000000
1647043200,0.58740000,0.60710000,0.58700000,0.58930000,2812277.00000000
1647129600,0.58910000,0.63890000,0.57000000,0.57300000,9678187.00000000
1647216000,0.57270000,0.59450000,0.56690000,0.58690000,4641538.00000000
1647302400,0.58740000,0.61060000,0.56950000,0.58640000,6362814.00000000
1647388800,0.58620000,0.63400000,0.57800000,0.62840000,7662000.00000000
1647475200,0.62860000,0.63250000,0.60380000,0.60680000,4966556.00000000
1647561600,0.60610000,0.67900000,0.58900000,0.67070000,9939664.00000000
1647648000,0.67070000,0.72360000,0.63960000,0.66780000,14200700.00000000
1647734400,0.66710000,0.68520000,0.62600000,0.64180000,6305131.00000000
1647820800,0.64200000,0.66470000,0.62490000,0.63860000,4870830.00000000
1647907200,0.63830000,0.68370000,0.63790000,0.66490000,6446882.00000000
1647993600,0.66490000,0.70990000,0.64290000,0.69500000,14536872.00000000
1648080000,0.69430000,0.72350000,0.67730000,0.70300000,8015930.00000000
1648166400,0.70150000,0.72000000,0.66730000,0.67070000,6254904.00000000
1648252800,0.67070000,0.69890000,0.65930000,0.69810000,3202909.00000000
1648339200,0.69850000,0.74850000,0.68100000,0.73480000,7839268.00000000
1648425600,0.73480000,0.87890000,0.72550000,0.74470000,36794634.00000000
1648512000,0.74570000,0.83710000,0.74220000,0.78450000,16136293.00000000
1648598400,0.78500000,0.82770000,0.75920000,0.79720000,13572708.00000000
1648684800,0.79720000,0.88440000,0.77100000,0.81230000,20347166.00000000
1648771200,0.81160000,0.92880000,0.77710000,0.87180000,29646095.00000000
1648857600,0.87120000,0.91400000,0.83510000,0.83610000,12142254.00000000
1648944000,0.83640000,0.88730000,0.81710000,0.87170000,7126568.00000000
1649030400,0.87030000,0.87670000,0.76520000,0.82920000,10024801.00000000
1649116800,0.82970000,0.84000000,0.76750000,0.77260000,6594442.00000000
1649203200,0.77310000,0.83680000,0.70110000,0.72740000,17412266.00000000
1649289600,0.72740000,0.79000000,0.72260000,0.76130000,8650867.00000000
1649376000,0.76180000,0.77130000,0.71000000,0.71490000,6696129.00000000
1649462400,0.71470000,0.73250000,0.70360000,0.72760000,3515007.00000000
1649548800,0.72760000,0.73100000,0.68650000,0.69190000,4054027.00000000
1649635200,0.69120000,0.69420000,0.60150000,0.60640000,9393595.00000000
1649721600,0.60690000,0.66540000,0.59730000,0.63570000,6472470.00000000
1649808000,0.63530000,0.66690000,0.61130000,0.65500000,8374802.00000000
1649894400,0.65370000,0.65910000,0.61190000,0.62520000,5472968.00000000
1649980800,0.62560000,0.65270000,0.62170000,0.64400000,4942421.00000000
1650067200,0.64420000,0.68350000,0.62450000,0.66090000,7463431.00000000
1650153600,0.66090000,0.66100000,0.61610000,0.62000000,5718510.00000000
1650240000,0.61980000,0.64000000,0.59540000,0.63140000,5050040.00000000
1650326400,0.63090000,0.65000000,0.62080000,0.64350000,6041458.00000000
1650412800,0.64350000,0.65890000,0.61820000,0.62670000,5051969.00000000
1650499200,0.62650000,0.64850000,0.59520000,0.60990000,5624612.00000000
1650585600,0.60980000,0.62260000,0.58420000,0.59290000,4554410.00000000
1650672000,0.59270000,0.59710000,0.57920000,0.58150000,2829390.00000000
1650758400,0.58120000,0.59600000,0.56460000,0.57260000,3220151.00000000
1650844800,0.57180000,0.57570000,0.51700000,0.56050000,7997104.00000000
1650931200,0.56050000,0.57090000,0.49850000,0.50560000,5681165.34900000
1651017600,0.50470000,0.52450000,0.49060000,0.51410000,4319071.00000000
1651104000,0.51330000,0.53140000,0.50120000,0.51130000,5483806.00000000
1651190400,0.51160000,0.51400000,0.45520000,0.46390000,4543259.00000000
1651276800,0.46400000,0.47460000,0.40910000,0.41280000,5240962.00000000
1651363200,0.41270000,0.44280000,0.40000000,0.42940000,5764700.00000000
1651449600,0.42900000,0.46990000,0.41100000,0.42670000,37116649.00000000
1651536000,0.42670000,0.44680000,0.40830000,0.41640000,5371484.00000000
1651622400,0.41650000,0.49770000,0.41260000,0.46000000,32524448.00000000
1651708800,0.45980000,0.46590000,0.39350000,0.40990000,8389349.00000000
1651795200,0.40950000,0.42120000,0.38200000,0.39620000,8327456.00000000
1651881600,0.39550000,0.40510000,0.35900000,0.37020000,5972425.01100000
1651968000,0.37000000,0.37210000,0.34920000,0.35520000,6309132.00000000
1652054400,0.35500000,0.36130000,0.28170000,0.28170000,12852098.20000000
1652140800,0.28130000,0.33790000,0.27520000,0.30790000,9980762.00000000
1652227200,0.30760000,0.31180000,0.17530000,0.18490000,19630595.00000000
1652313600,0.18510000,0.20440000,0.14600000,0.17120000,17544845.00000000
1652400000,0.17150000,0.23640000,0.16860000,0.19650000,18355120.00000000
1652486400,0.19640000,0.21090000,0.17800000,0.19680000,10455112.00000000
1652572800,0.19680000,0.21900000,0.18770000,0.21890000,7902252.00000000
1652659200,0.21850000,0.21890000,0.19240000,0.19370000,7468429.00000000
1652745600,0.19410000,0.21250000,0.19380000,0.20990000,8825300.00000000
1652832000,0.20990000,0.21280000,0.18260000,0.18450000,7423823.00000000
1652918400,0.18450000,0.20770000,0.18070000,0.20530000,12728182.00000000
1653004800,0.20510000,0.20860000,0.18720000,0.19050000,6642347.00000000
1653091200,0.19040000,0.20320000,0.18830000,0.19980000,5342873.00000000
1653177600,0.19980000,0.22110000,0.19730000,0.20980000,13093883.00000000
1653264000,0.20960000,0.24540000,0.20700000,0.20880000,23595868.00000000
1653350400,0.20900000,0.23160000,0.19830000,0.21900000,10476615.00000000
1653436800,0.21890000,0.22630000,0.21030000,0.21200000,8920090.00000000
1653523200,0.21200000,0.21610000,0.18130000,0.18850000,9864156.00000000
1653609600,0.18860000,0.19130000,0.17330000,0.17620000,6996532.00000000
1653696000,0.17610000,0.18500000,0.17240000,0.18290000,3958576.00000000
1653782400,0.18260000,0.23100000,0.17770000,0.20640000,18194927.00000000
1653868800,0.20610000,0.22280000,0.20130000,0.21630000,14858399.00000000
1653955200,0.21610000,0.27130000,0.21280000,0.23050000,46750421.00000000
1654041600,0.23060000,0.23350000,0.19520000,0.19950000,12155259.00000000
1654128000,0.19970000,0.21950000,0.19440000,0.20930000,10000458.00000000
1654214400,0.20980000,0.21140000,0.18830000,0.19420000,8708203.00000000
1654300800,0.19410000,0.20430000,0.19280000,0.20020000,3511200.00000000
1654387200,0.20010000,0.21630000,0.19530000,0.20200000,9199042.00000000
1654473600,0.20190000,0.21310000,0.19770000,0.20290000,6062474.00000000
1654560000,0.20250000,0.20310000,0.18770000,0.19690000,7266999.00000000
1654646400,0.19720000,0.19970000,0.18960000,0.19200000,7144006.00000000
1654732800,0.19220000,0.20000000,0.19030000,0.19080000,5138245.00000000
1654819200,0.19080000,0.19380000,0.17660000,0.17750000,6686081.00000000
1654905600,0.17780000,0.18150000,0.15900000,0.16370000,10422215.00000000
1654992000,0.16380000,0.16480000,0.14920000,0.15060000,11560556.00000000
1655078400,0.15040000,0.15240000,0.12310000,0.13260000,19536830.00000000
1655164800,0.13260000,0.15680000,0.12150000,0.13700000,16544373.00000000
1655251200,0.13700000,0.14450000,0.12050000,0.14230000,18454255.00000000
1655337600,0.14200000,0.14540000,0.12400000,0.12570000,7321478.00000000
1655424000,0.12560000,0.13260000,0.12380000,0.12860000,4586296.00000000
1655510400,0.12850000,0.13110000,0.10870000,0.12110000,8922412.00000000
1655596800,0.12090000,0.19000000,0.11660000,0.15450000,61843399.00000000
1655683200,0.15420000,0.16280000,0.13730000,0.14310000,40943982.00000000
1655769600,0.14300000,0.15200000,0.13890000,0.14170000,12659066.00000000
1655856000,0.14180000,0.14290000,0.13100000,0.13210000,7291092.00000000
1655942400,0.13220000,0.14290000,0.13130000,0.14110000,6429995.00000000
1656028800,0.14130000,0.14850000,0.13700000,0.14640000,8958276.00000000
1656115200,0.14640000,0.15480000,0.14110000,0.15300000,9538274.00000000
1656201600,0.15310000,0.15840000,0.14200000,0.14280000,10064450.00000000
1656288000,0.14260000,0.15270000,0.14000000,0.14510000,12198769.00000000
1656374400,0.14530000,0.14770000,0.13320000,0.13410000,11713907.00000000
1656460800,0.13420000,0.13700000,0.12510000,0.12690000,10260124.00000000
1656547200,0.12690000,0.12750000,0.11370000,0.12330000,14131712.00000000
1656633600,0.12330000,0.14800000,0.11800000,0.12170000,53401085.00000000
1656720000,0.12170000,0.12560000,0.11770000,0.12330000,6495132.00000000
1656806400,0.12340000,0.12460000,0.11920000,0.12220000,5837259.00000000
1656892800,0.12220000,0.12570000,0.11740000,0.12440000,9343809.00000000
1656979200,0.12440000,0.12610000,0.11630000,0.12070000,7896045.00000000
1657065600,0.12060000,0.13040000,0.11730000,0.12610000,14949116.00000000
1657152000,0.12610000,0.14950000,0.12400000,0.13270000,75662962.00000000
1657238400,0.13280000,0.13480000,0.12700000,0.12890000,16258723.00000000
1657324800,0.12880000,0.13440000,0.12880000,0.13240000,7727467.00000000
1657411200,0.13240000,0.13900000,0.12180000,0.12470000,19896536.00000000
1657497600,0.12440000,0.12990000,0.11820000,0.11950000,13900385.00000000
1657584000,0.11950000,0.12560000,0.11390000,0.11460000,13487081.00000000
1657670400,0.11460000,0.12330000,0.11000000,0.12240000,14915066.00000000
1657756800,0.12230000,0.13570000,0.11880000,0.12970000,32983377.00000000
1657843200,0.12950000,0.13950000,0.12630000,0.12910000,25101920.00000000
1657929600,0.12900000,0.13850000,0.12510000,0.13780000,16160449.00000000
1658016000,0.13790000,0.14180000,0.13230000,0.13250000,17169205.00000000
1658102400,0.13290000,0.14780000,0.13210000,0.14610000,17165943.00000000
1658188800,0.14600000,0.15150000,0.13880000,0.14520000,15154987.00000000
1658275200,0.14570000,0.14990000,0.13340000,0.13450000,16971802.00000000
1658361600,0.13440000,0.14200000,0.12810000,0.13920000,11750373.00000000
1658448000,0.13940000,0.19980000,0.13820000,0.16730000,253393260.00000000
1658534400,0.16730000,0.19600000,0.15470000,0.16000000,87100375.00000000
1658620800,0.16000000,0.16840000,0.15380000,0.15860000,25425850.00000000
1658707200,0.15860000,0.16050000,0.14000000,0.14040000,15329277.00000000
1658793600,0.14040000,0.15550000,0.13260000,0.14410000,13310930.00000000
1658880000,0.14390000,0.15600000,0.13930000,0.15320000,22100756.00000000
1658966400,0.15340000,0.16990000,0.14880000,0.16040000,19709961.00000000
1659052800,0.16030000,0.22000000,0.15410000,0.17290000,101652752.00000000
1659139200,0.17300000,0.18800000,0.16290000,0.16650000,41605263.00000000
1659225600,0.16650000,0.17720000,0.16550000,0.16620000,18331362.00000000
1659312000,0.16620000,0.17210000,0.16030000,0.16520000,13119943.00000000
1659398400,0.16490000,0.16980000,0.15510000,0.16250000,16921097.00000000
1659484800,0.16250000,0.17170000,0.15790000,0.16310000,11967993.00000000
1659571200,0.16290000,0.16870000,0.15840000,0.16000000,9431666.00000000
1659657600,0.16020000,0.18630000,0.15940000,0.17810000,40936070.00000000
1659744000,0.17800000,0.17860000,0.16900000,0.16940000,9685414.00000000
1659830400,0.16950000,0.17980000,0.16810000,0.17750000,9857437.00000000
1659916800,0.17750000,0.18410000,0.17330000,0.17570000,13899561.00000000
1660003200,0.17570000,0.17970000,0.16480000,0.17360000,10838946.00000000
1660089600,0.17330000,0.18190000,0.16670000,0.17960000,14017356.00000000
1660176000,0.17960000,0.19010000,0.17630000,0.17790000,16692805.00000000
1660262400,0.17790000,0.18300000,0.17360000,0.18250000,7580209.00000000
1660348800,0.18250000,0.18860000,0.17130000,0.18130000,9155571.00000000
1660435200,0.18120000,0.18530000,0.17530000,0.17770000,8718358.00000000
1660521600,0.17750000,0.20900000,0.17380000,0.17590000,34952468.00000000
1660608000,0.17590000,0.17880000,0.16650000,0.16970000,11105029.00000000
1660694400,0.16960000,0.17540000,0.15750000,0.15850000,8249914.00000000
1660780800,0.15870000,0.16450000,0.15740000,0.15850000,5373578.00000000
1660867200,0.15810000,0.15860000,0.13780000,0.13900000,9868838.00000000
1660953600,0.13920000,0.15000000,0.13650000,0.13910000,10621725.00000000
1661040000,0.13920000,0.14600000,0.13840000,0.14390000,6071121.00000000
1661126400,0.14390000,0.14410000,0.13370000,0.14060000,6063064.00000000
1661212800,0.14050000,0.14450000,0.13730000,0.14290000,5272270.00000000
1661299200,0.14280000,0.14640000,0.13900000,0.14190000,5957563.00000000
1661385600,0.14190000,0.14690000,0.14140000,0.14290000,4543858.00000000
1661472000,0.14280000,0.14340000,0.12920000,0.13110000,7041802.00000000
1661558400,0.13070000,0.16000000,0.12690000,0.13230000,25365633.00000000
1661644800,0.13250000,0.15710000,0.13020000,0.13170000,30284223.00000000
1661731200,0.13170000,0.14430000,0.13090000,0.14020000,25531319.00000000
1661817600,0.14020000,0.14350000,0.13280000,0.13500000,7610261.00000000
1661904000,0.13560000,0.14000000,0.13430000,0.13650000,4928528.00000000
1661990400,0.13650000,0.13890000,0.13200000,0.13740000,3894276.00000000
1662076800,0.13750000,0.14170000,0.13430000,0.13700000,5027162.00000000
1662163200,0.13700000,0.13870000,0.13570000,0.13710000,2385407.00000000
1662249600,0.13730000,0.13910000,0.13530000,0.13880000,2886403.00000000
1662336000,0.13880000,0.14120000,0.13620000,0.13830000,4250652.00000000
1662422400,0.13850000,0.14200000,0.13020000,0.13090000,7737007.00000000
1662508800,0.13090000,0.13640000,0.12720000,0.13460000,5635603.00000000
1662595200,0.13480000,0.14580000,0.13100000,0.13650000,9977567.00000000
1662681600,0.13650000,0.14430000,0.13630000,0.14100000,6937265.00000000
1662768000,0.14100000,0.14690000,0.13940000,0.14480000,5958155.00000000
1662854400,0.14450000,0.14950000,0.14180000,0.14400000,6132729.00000000
1662940800,0.14400000,0.14670000,0.13900000,0.14210000,6531788.00000000
1663027200,0.14230000,0.14830000,0.13300000,0.13460000,13268091.00000000
1663113600,0.13460000,0.13840000,0.13320000,0.13620000,5513965.00000000
1663200000,0.13620000,0.13780000,0.12820000,0.12990000,5425118.00000000
1663286400,0.13020000,0.13250000,0.12720000,0.13130000,4446921.00000000
1663372800,0.13110000,0.13750000,0.13090000,0.13690000,4560303.00000000
1663459200,0.13660000,0.13690000,0.12250000,0.12370000,5193224.00000000
1663545600,0.12360000,0.12680000,0.12030000,0.12560000,6171143.00000000
1663632000,0.12570000,0.12700000,0.12050000,0.12130000,5007867.00000000
1663718400,0.12100000,0.12710000,0.11680000,0.11920000,7513026.00000000
1663804800,0.11910000,0.12640000,0.11670000,0.12480000,5571637.00000000
1663891200,0.12480000,0.12760000,0.11960000,0.12640000,6551722.00000000
1663977600,0.12630000,0.14240000,0.12350000,0.12410000,22557066.00000000
1664064000,0.12420000,0.12560000,0.11970000,0.12150000,4828600.00000000
1664150400,0.12160000,0.12580000,0.12060000,0.12440000,4855108.00000000
1664236800,0.12460000,0.13090000,0.12170000,0.12300000,12563948.00000000
1664323200,0.12320000,0.12620000,0.11850000,0.12410000,5559536.00000000
1664409600,0.12440000,0.14200000,0.12400000,0.12950000,61366944.00000000
1664496000,0.12940000,0.13100000,0.12530000,0.12840000,8068932.00000000
1664582400,0.12840000,0.13300000,0.12660000,0.12870000,6825332.00000000
1664668800,0.12870000,0.12970000,0.12420000,0.12490000,4810844.00000000
1664755200,0.12500000,0.13300000,0.12430000,0.13140000,6221180.00000000
1664841600,0.13130000,0.13790000,0.12940000,0.13080000,7241446.00000000
1664928000,0.13050000,0.13190000,0.12840000,0.13040000,3595666.00000000
1665014400,0.13050000,0.13260000,0.12840000,0.12970000,2942211.00000000
1665100800,0.12980000,0.13060000,0.12710000,0.12770000,2408993.00000000
1665187200,0.12770000,0.12860000,0.12550000,0.12630000,1909278.00000000
1665273600,0.12640000,0.12840000,0.12540000,0.12630000,1751924.00000000
1665360000,0.12630000,0.12900000,0.12360000,0.12410000,2448987.00000000
1665446400,0.12360000,0.12360000,0.12070000,0.12110000,2512042.00000000
1665532800,0.12120000,0.12300000,0.11930000,0.12110000,1532134.00000000
1665619200,0.12130000,0.12150000,0.11110000,0.12070000,4730836.00000000
1665705600,0.12070000,0.12500000,0.11990000,0.12080000,2240038.00000000
1665792000,0.12090000,0.12350000,0.12010000,0.12230000,3605563.00000000
1665878400,0.12240000,0.13870000,0.12210000,0.12450000,18410961.00000000
1665964800,0.12450000,0.12580000,0.12300000,0.12490000,3178537.00000000
1666051200,0.12500000,0.13140000,0.12170000,0.12310000,7031292.00000000
1666137600,0.12320000,0.12340000,0.11800000,0.11860000,4167317.00000000
1666224000,0.11850000,0.12230000,0.11670000,0.11920000,2926090.00000000
1666310400,0.11890000,0.12220000,0.11600000,0.12180000,2859074.00000000
1666396800,0.12180000,0.12800000,0.12080000,0.12300000,6955326.00000000
1666483200,0.12300000,0.12480000,0.12040000,0.12420000,2899350.00000000
1666569600,0.12420000,0.12470000,0.11900000,0.12250000,2734296.00000000
1666656000,0.12250000,0.12800000,0.12060000,0.12440000,4612351.00000000
1666742400,0.12450000,0.13100000,0.12450000,0.12940000,5042199.00000000
1666828800,0.12940000,0.13100000,0.12400000,0.12510000,5201539.00000000
1666915200,0.12520000,0.12890000,0.12270000,0.12740000,2950570.00000000
1667001600,0.12750000,0.13480000,0.12740000,0.12920000,9312147.00000000
1667088000,0.12920000,0.13250000,0.12710000,0.12880000,5646595.00000000
1667174400,0.12880000,0.14500000,0.12690000,0.13190000,18613199.00000000
1667260800,0.13190000,0.14640000,0.13110000,0.14070000,36053364.00000000
1667347200,0.14060000,0.14440000,0.12780000,0.13000000,14341288.00000000
1667433600,0.13010000,0.13900000,0.12800000,0.13210000,10972236.00000000
1667520000,0.13210000,0.14360000,0.13130000,0.14260000,11217055.00000000
1667606400,0.14260000,0.14790000,0.14110000,0.14380000,11011747.00000000
1667692800,0.14390000,0.14510000,0.13900000,0.13900000,7044745.00000000
1667779200,0.13900000,0.14030000,0.13480000,0.13760000,5333614.00000000
1667865600,0.13750000,0.13950000,0.10440000,0.11590000,14983306.00000000
1667952000,0.11600000,0.11850000,0.09980000,0.10180000,13190123.00000000
1668038400,0.10220000,0.11450000,0.10140000,0.11150000,12119402.00000000
1668124800,0.11130000,0.11230000,0.10020000,0.10310000,7104685.00000000
1668211200,0.10310000,0.10320000,0.09770000,0.10120000,4936291.00000000
1668297600,0.10100000,0.10540000,0.09590000,0.09750000,5699147.00000000
1668384000,0.09740000,0.10340000,0.09180000,0.09700000,10207424.00000000
1668470400,0.09690000,0.10330000,0.09610000,0.10010000,8965354.00000000
1668556800,0.10010000,0.10230000,0.09620000,0.09680000,7805399.00000000
1668643200,0.09680000,0.09810000,0.09450000,0.09690000,4653865.00000000
1668729600,0.09690000,0.09990000,0.09530000,0.09700000,3658897.00000000
1668816000,0.09700000,0.09840000,0.09500000,0.09730000,2458699.00000000
1668902400,0.09740000,0.09980000,0.09080000,0.09140000,10250758.00000000
1668988800,0.09140000,0.09240000,0.08590000,0.08810000,9158696.00000000
1669075200,0.08800000,0.09170000,0.08520000,0.09090000,5070728.00000000
1669161600,0.09090000,0.09970000,0.09020000,0.09690000,10474987.00000000
1669248000,0.09700000,0.09960000,0.09350000,0.09460000,5917776.00000000
1669334400,0.09460000,0.09470000,0.09190000,0.09370000,2673647.00000000
1669420800,0.09390000,0.10060000,0.09340000,0.09700000,10425291.00000000
1669507200,0.09680000,0.12340000,0.09670000,0.09960000,42100474.00000000
1669593600,0.09950000,0.10850000,0.09420000,0.09800000,11048524.00000000
1669680000,0.09820000,0.12450000,0.09700000,0.11330000,62699083.00000000
1669766400,0.11330000,0.12400000,0.10770000,0.11070000,43077392.00000000
1669852800,0.11060000,0.11110000,0.10350000,0.10630000,8851259.00000000
1669939200,0.10630000,0.10880000,0.10350000,0.10720000,4446351.00000000
1670025600,0.10740000,0.10800000,0.10190000,0.10250000,3037093.00000000
1670112000,0.10250000,0.10660000,0.10180000,0.10470000,3413332.00000000
1670198400,0.10460000,0.10720000,0.10120000,0.10250000,3108368.00000000
1670284800,0.10260000,0.10390000,0.10050000,0.10250000,2585091.00000000
1670371200,0.10250000,0.10270000,0.09750000,0.09790000,2792513.00000000
1670457600,0.09780000,0.10370000,0.09740000,0.10150000,3088396.00000000
1670544000,0.10150000,0.11030000,0.10070000,0.10150000,12655366.00000000
1670630400,0.10130000,0.10460000,0.10090000,0.10190000,2879698.00000000
1670716800,0.10190000,0.10390000,0.09860000,0.09950000,2366030.00000000
1670803200,0.09920000,0.09940000,0.09520000,0.09680000,3136938.00000000
1670889600,0.09680000,0.09970000,0.09360000,0.09750000,3501561.00000000
1670976000,0.09740000,0.09920000,0.09590000,0.09660000,2694150.00000000
1671062400,0.09700000,0.09700000,0.09400000,0.09410000,1727674.00000000
1671148800,0.09410000,0.09550000,0.08420000,0.08550000,4251784.00000000
1671235200,0.08530000,0.10280000,0.08400000,0.08910000,29208353.00000000
1671321600,0.08910000,0.09000000,0.08700000,0.08790000,3862760.00000000
1671408000,0.08790000,0.08860000,0.08180000,0.08380000,2975694.00000000
1671494400,0.08380000,0.08770000,0.08330000,0.08590000,1449700.00000000
1671580800,0.08570000,0.08630000,0.08400000,0.08530000,1904591.00000000
1671667200,0.08520000,0.08610000,0.08260000,0.08500000,2137670.00000000
1671753600,0.08500000,0.08750000,0.08450000,0.08670000,2218237.00000000
1671840000,0.08690000,0.08730000,0.08550000,0.08670000,2454468.00000000
1671926400,0.08670000,0.08740000,0.08280000,0.08420000,3189417.00000000
1672012800,0.08420000,0.08610000,0.08390000,0.08560000,2323917.00000000
1672099200,0.08570000,0.08680000,0.08400000,0.08470000,3534591.00000000
1672185600,0.08480000,0.08490000,0.08020000,0.08120000,3706799.00000000
1672272000,0.08120000,0.08330000,0.08060000,0.08220000,3076673.00000000
1672358400,0.08210000,0.08210000,0.07890000,0.08000000,2380128.00000000
1672444800,0.08000000,0.08090000,0.07940000,0.07970000,1900808.00000000
1672531200,0.07970000,0.08130000,0.07930000,0.08060000,1463852.00000000
1672617600,0.08060000,0.08400000,0.07990000,0.08270000,3348800.00000000
1672704000,0.08260000,0.08400000,0.08140000,0.08300000,2041827.00000000
1672790400,0.08320000,0.08540000,0.08300000,0.08510000,3264009.00000000
1672876800,0.08500000,0.08610000,0.08310000,0.08450000,4154223.00000000
1672963200,0.08450000,0.08690000,0.08280000,0.08650000,3941536.00000000
1673049600,0.08660000,0.08840000,0.08480000,0.08520000,2588435.00000000
1673136000,0.08530000,0.08870000,0.08450000,0.08850000,2684274.00000000
1673222400,0.08870000,0.09130000,0.08740000,0.08820000,5904972.00000000
1673308800,0.08820000,0.09200000,0.08690000,0.09100000,4391772.00000000
1673395200,0.09110000,0.09400000,0.08810000,0.09280000,3026345.00000000
1673481600,0.09290000,0.09530000,0.09070000,0.09370000,4645786.00000000
1673568000,0.09370000,0.09780000,0.09260000,0.09690000,5349510.00000000
1673654400,0.09700000,0.10360000,0.09560000,0.09930000,12330241.00000000
1673740800,0.09930000,0.10490000,0.09390000,0.10360000,13341714.00000000
1673827200,0.10350000,0.10500000,0.09690000,0.10010000,8774398.00000000
1673913600,0.10000000,0.10650000,0.09830000,0.10220000,11556418.00000000
1674000000,0.10230000,0.10530000,0.09440000,0.09510000,8701225.00000000
1674086400,0.09520000,0.09940000,0.09490000,0.09890000,3219904.00000000
1674172800,0.09860000,0.10470000,0.09690000,0.10420000,5330786.00000000
1674259200,0.10420000,0.10770000,0.10280000,0.10440000,7577922.00000000
1674345600,0.10450000,0.11030000,0.10160000,0.10430000,12025461.00000000
1674432000,0.10430000,0.11390000,0.10410000,0.11060000,12579321.00000000
1674518400,0.11080000,0.12310000,0.10930000,0.11100000,30717299.00000000
1674604800,0.11110000,0.12100000,0.10920000,0.11670000,17385590.00000000
1674691200,0.11670000,0.12470000,0.11590000,0.12030000,15270999.00000000
1674777600,0.12050000,0.12400000,0.11590000,0.12000000,9795565.00000000
1674864000,0.12000000,0.15000000,0.12000000,0.13440000,70221837.00000000
1674950400,0.13440000,0.14100000,0.12890000,0.13220000,20127141.00000000
1675036800,0.13260000,0.13310000,0.11700000,0.12050000,13547382.00000000
1675123200,0.12060000,0.12580000,0.11950000,0.12310000,8080279.00000000
1675209600,0.12300000,0.12860000,0.11570000,0.12740000,9616090.00000000
1675296000,0.12760000,0.13620000,0.12740000,0.13030000,11420100.00000000
1675382400,0.13060000,0.14350000,0.12870000,0.14020000,11840137.00000000
1675468800,0.14040000,0.16400000,0.13900000,0.14180000,28082180.00000000
1675555200,0.14170000,0.14360000,0.13180000,0.13660000,8883548.00000000
1675641600,0.13660000,0.14170000,0.13170000,0.13650000,6779751.00000000
1675728000,0.13670000,0.14660000,0.13660000,0.14630000,6543127.00000000
1675814400,0.14630000,0.15110000,0.13810000,0.14330000,6334077.00000000
1675900800,0.14360000,0.14510000,0.12610000,0.12900000,6129129.00000000
1675987200,0.12900000,0.13240000,0.12790000,0.13040000,3462296.00000000
1676073600,0.13030000,0.13510000,0.12940000,0.13450000,2646720.00000000
1676160000,0.13460000,0.13540000,0.12750000,0.12910000,3795302.00000000
1676246400,0.12910000,0.13010000,0.11920000,0.12480000,5029380.00000000
1676332800,0.12480000,0.13670000,0.12340000,0.13640000,6803045.00000000
1676419200,0.13630000,0.14250000,0.13350000,0.14180000,5570943.00000000
1676505600,0.14180000,0.16430000,0.14000000,0.14080000,23196557.00000000
1676592000,0.14040000,0.15270000,0.13980000,0.15030000,8432347.00000000
1676678400,0.15050000,0.15440000,0.14800000,0.15150000,3893625.00000000
1676764800,0.15150000,0.15870000,0.14790000,0.15170000,8145416.00000000
1676851200,0.15140000,0.18610000,0.14860000,0.17360000,36355150.00000000
1676937600,0.17360000,0.17630000,0.15910000,0.16320000,16325657.00000000
1677024000,0.16320000,0.16370000,0.15160000,0.16090000,9076046.00000000
1677110400,0.16150000,0.18400000,0.15500000,0.16440000,27334830.00000000
1677196800,0.16440000,0.17440000,0.15190000,0.15430000,15797224.00000000
1677283200,0.15410000,0.16100000,0.14750000,0.15370000,10059164.00000000
1677369600,0.15380000,0.15750000,0.15150000,0.15600000,4018552.00000000
1677456000,0.15610000,0.15790000,0.14930000,0.15190000,3487222.00000000
1677542400,0.15190000,0.15280000,0.14390000,0.14400000,5145780.00000000
1677628800,0.14430000,0.15120000,0.14270000,0.14980000,4684425.00000000
1677715200,0.14980000,0.15010000,0.13690000,0.14180000,5739628.00000000
1677801600,0.14210000,0.14230000,0.12770000,0.12920000,5026124.00000000
1677888000,0.12920000,0.13100000,0.12480000,0.12820000,2821154.00000000
1677974400,0.12810000,0.13030000,0.12320000,0.12770000,2432167.00000000
1678060800,0.12760000,0.12940000,0.12510000,0.12850000,2019271.00000000
1678147200,0.12840000,0.13110000,0.12230000,0.12470000,2876451.00000000
1678233600,0.12490000,0.12550000,0.11360000,0.11780000,6750161.00000000
1678320000,0.11800000,0.11850000,0.10490000,0.10760000,7762093.00000000
1678406400,0.10760000,0.10770000,0.09920000,0.10560000,6827321.00000000
1678492800,0.10560000,0.10810000,0.10050000,0.10560000,3764942.00000000
1678579200,0.10550000,0.11270000,0.10320000,0.11260000,3662220.00000000
1678665600,0.11260000,0.12070000,0.11090000,0.11910000,6904813.00000000
1678752000,0.11940000,0.12960000,0.11880000,0.12500000,7183925.00000000
1678838400,0.12530000,0.12930000,0.11460000,0.11780000,6006352.00000000
1678924800,0.11810000,0.12270000,0.11650000,0.12240000,3821882.00000000
1679011200,0.12240000,0.12870000,0.12080000,0.12840000,5820180.00000000
1679097600,0.12850000,0.13050000,0.12200000,0.12380000,9210551.00000000
1679184000,0.12390000,0.13050000,0.12340000,0.12560000,4585748.00000000
1679270400,0.12560000,0.12670000,0.11910000,0.11980000,4309113.00000000
1679356800,0.11990000,0.12250000,0.11550000,0.12190000,4040613.00000000
1679443200,0.12180000,0.12210000,0.11170000,0.11590000,7097194.00000000
1679529600,0.11590000,0.12130000,0.11440000,0.12020000,3707896.00000000
1679616000,0.12020000,0.12230000,0.11480000,0.11590000,5941555.00000000
1679702400,0.11590000,0.11780000,0.11380000,0.11480000,2047786.00000000
1679788800,0.11490000,0.12050000,0.11490000,0.11880000,1878248.00000000
1679875200,0.11890000,0.12150000,0.11250000,0.11690000,6182114.00000000
1679961600,0.11670000,0.12000000,0.11270000,0.11860000,5047264.00000000
1680048000,0.11860000,0.12690000,0.11830000,0.12610000,4402469.00000000
1680134400,0.12610000,0.15000000,0.12430000,0.13530000,68281830.00000000
1680220800,0.13530000,0.14400000,0.12940000,0.13250000,15695627.00000000
1680307200,0.13250000,0.13720000,0.13160000,0.13330000,6235181.00000000
1680393600,0.13320000,0.13430000,0.12580000,0.12800000,4559950.00000000
1680480000,0.12800000,0.13120000,0.12500000,0.12840000,4656636.00000000
1680566400,0.12850000,0.13680000,0.12720000,0.13420000,5662890.00000000
1680652800,0.13400000,0.14000000,0.13320000,0.13840000,5671957.00000000
1680739200,0.13860000,0.13930000,0.13200000,0.13310000,3992873.00000000
1680825600,0.13290000,0.13540000,0.13090000,0.13290000,2466424.00000000
1680912000,0.13290000,0.14400000,0.13220000,0.14000000,11299214.00000000
1680998400,0.13990000,0.14850000,0.13720000,0.13910000,10036873.00000000
1681084800,0.13900000,0.14330000,0.13730000,0.14150000,4168266.00000000
1681171200,0.14160000,0.14650000,0.14090000,0.14250000,4379381.00000000
1681257600,0.14250000,0.14380000,0.13590000,0.13810000,4885633.00000000
1681344000,0.13800000,0.14600000,0.13690000,0.14340000,4782717.00000000
1681430400,0.14340000,0.14940000,0.14160000,0.14570000,5775875.00000000
1681516800,0.14570000,0.14620000,0.14230000,0.14310000,2811000.00000000
1681603200,0.14320000,0.14670000,0.13970000,0.14480000,3493545.00000000
1681689600,0.14470000,0.14480000,0.13830000,0.13950000,3785262.00000000
1681776000,0.13950000,0.24680000,0.13800000,0.18440000,253053361.00000000
1681862400,0.18440000,0.22480000,0.16400000,0.16650000,153184548.00000000
1681948800,0.16650000,0.18260000,0.15550000,0.15760000,33998618.00000000
1682035200,0.15770000,0.19000000,0.15500000,0.16880000,61477567.00000000
1682121600,0.16900000,0.19000000,0.16470000,0.17230000,73900050.00000000
1682208000,0.17210000,0.17410000,0.15810000,0.16000000,13309218.00000000
1682294400,0.16000000,0.16340000,0.15410000,0.15840000,13843936.00000000
1682380800,0.15850000,0.15940000,0.14810000,0.15420000,10333521.00000000
1682467200,0.15420000,0.16180000,0.14300000,0.14910000,17207356.00000000
1682553600,0.14890000,0.15540000,0.14690000,0.15240000,7003624.00000000
1682640000,0.15240000,0.15350000,0.14640000,0.14960000,5684667.00000000
1682726400,0.14960000,0.15210000,0.14740000,0.14780000,5037536.00000000
1682812800,0.14780000,0.15360000,0.14560000,0.14590000,5703370.00000000
1682899200,0.14590000,0.14640000,0.13760000,0.13910000,4922316.00000000
1682985600,0.13900000,0.18170000,0.13560000,0.17390000,95570751.00000000
1683072000,0.17400000,0.19370000,0.15110000,0.15950000,126243598.00000000
1683158400,0.15930000,0.16190000,0.14770000,0.14820000,23424686.00000000
1683244800,0.14830000,0.15260000,0.14560000,0.14750000,12253508.00000000
1683331200,0.14750000,0.14880000,0.13920000,0.14220000,9360763.00000000
1683417600,0.14230000,0.15910000,0.14070000,0.15300000,47952235.00000000
1683504000,0.15280000,0.15490000,0.13450000,0.13760000,15357624.00000000
1683590400,0.13760000,0.14200000,0.13520000,0.13930000,6399949.00000000
1683676800,0.13930000,0.14110000,0.13090000,0.13650000,7863742.00000000
1683763200,0.13650000,0.13730000,0.12270000,0.12430000,8641536.00000000
1683849600,0.12430000,0.12950000,0.12010000,0.12680000,7792367.00000000
1683936000,0.12680000,0.12760000,0.12090000,0.12230000,5460315.00000000
1684022400,0.12240000,0.12590000,0.12190000,0.12350000,3201821.00000000
1684108800,0.12340000,0.12800000,0.12180000,0.12610000,4138298.00000000
1684195200,0.12610000,0.16000000,0.12400000,0.14680000,90640932.00000000
1684281600,0.14680000,0.15430000,0.13520000,0.14110000,40930290.00000000
1684368000,0.14110000,0.15180000,0.13780000,0.14340000,25952751.00000000
1684454400,0.14330000,0.14380000,0.13740000,0.13950000,7837048.00000000
1684540800,0.13960000,0.14220000,0.13810000,0.14020000,4970894.00000000
1684627200,0.14010000,0.14230000,0.13420000,0.13480000,4191950.00000000
1684713600,0.13500000,0.13540000,0.13070000,0.13490000,3644555.00000000
1684800000,0.13510000,0.15500000,0.13360000,0.14250000,22426200.00000000
1684886400,0.14270000,0.14460000,0.12990000,0.13220000,9759896.00000000
1684972800,0.13240000,0.13250000,0.12750000,0.12950000,6211931.00000000
1685059200,0.12980000,0.13320000,0.12830000,0.13160000,4173643.00000000
1685145600,0.13130000,0.13300000,0.12920000,0.13140000,2292154.00000000
1685232000,0.13160000,0.13620000,0.13060000,0.13460000,3505477.00000000
1685318400,0.13470000,0.15600000,0.13390000,0.14520000,51976402.00000000
1685404800,0.14520000,0.14710000,0.13910000,0.14530000,13935553.00000000
1685491200,0.14500000,0.15920000,0.13910000,0.14780000,38425397.00000000
1685577600,0.14770000,0.17950000,0.14120000,0.14290000,81526520.00000000
1685664000,0.14300000,0.14990000,0.14150000,0.14560000,14953799.00000000
1685750400,0.14560000,0.15650000,0.14500000,0.15290000,17257088.00000000
1685836800,0.15290000,0.15800000,0.14560000,0.14620000,12703612.00000000
1685923200,0.14610000,0.14900000,0.13180000,0.13680000,14440157.00000000
1686009600,0.13680000,0.14030000,0.12910000,0.13940000,7464960.00000000
1686096000,0.13950000,0.13950000,0.12720000,0.12800000,7025632.00000000
1686182400,0.12780000,0.13340000,0.12510000,0.13090000,5801789.00000000
1686268800,0.13100000,0.13240000,0.12280000,0.12320000,6336912.00000000
1686355200,0.12330000,0.12340000,0.10560000,0.10850000,10737070.00000000
1686441600,0.10850000,0.11270000,0.10720000,0.11100000,4746002.00000000
1686528000,0.11100000,0.11120000,0.10470000,0.10760000,6492272.00000000
1686614400,0.10770000,0.11230000,0.10670000,0.10970000,5138966.00000000
1686700800,0.10970000,0.11050000,0.10170000,0.10310000,4922580.00000000
1686787200,0.10310000,0.10400000,0.09920000,0.10300000,5100121.00000000
1686873600,0.10310000,0.11990000,0.10220000,0.10980000,36235647.00000000
1686960000,0.10980000,0.11250000,0.10800000,0.10840000,6003610.00000000
1687046400,0.10840000,0.10880000,0.10350000,0.10450000,6114473.00000000
1687132800,0.10470000,0.10800000,0.10410000,0.10580000,3196991.00000000
1687219200,0.10590000,0.10950000,0.10320000,0.10920000,4003335.00000000
1687305600,0.10930000,0.11500000,0.10930000,0.11360000,9598514.00000000
1687392000,0.11350000,0.11980000,0.11220000,0.11420000,11245770.00000000
1687478400,0.11420000,0.12000000,0.11340000,0.11670000,7973412.00000000
1687564800,0.11670000,0.11840000,0.11290000,0.11420000,5292783.00000000
1687651200,0.11420000,0.11770000,0.11310000,0.11450000,4431352.00000000
1687737600,0.11450000,0.11530000,0.10970000,0.11150000,5398907.00000000
1687824000,0.11150000,0.11590000,0.11140000,0.11390000,4368250.00000000
1687910400,0.11390000,0.11410000,0.10750000,0.10820000,4459232.00000000
1687996800,0.10830000,0.11120000,0.10820000,0.10980000,2887983.00000000
1688083200,0.10950000,0.11610000,0.10650000,0.11250000,8759833.00000000
1688169600,0.11260000,0.11560000,0.11170000,0.11320000,4266371.00000000
1688256000,0.11350000,0.11350000,0.10730000,0.11000000,7037824.00000000
1688342400,0.11000000,0.11470000,0.10910000,0.11340000,9608289.00000000
1688428800,0.11350000,0.12120000,0.11300000,0.11840000,18548456.00000000
1688515200,0.11840000,0.11880000,0.10980000,0.11160000,7644315.00000000
1688601600,0.11150000,0.11450000,0.10810000,0.10830000,5158491.00000000
1688688000,0.10830000,0.11060000,0.10780000,0.10940000,3092414.00000000
1688774400,0.10920000,0.11310000,0.10840000,0.11080000,7018665.00000000
1688860800,0.11070000,0.11460000,0.10990000,0.11020000,7061475.00000000
1688947200,0.11030000,0.11140000,0.10780000,0.10960000,3370706.00000000
1689033600,0.10970000,0.11130000,0.10660000,0.10790000,5075560.00000000
1689120000,0.10800000,0.11220000,0.10740000,0.11020000,7032463.00000000
1689206400,0.11040000,0.11560000,0.10910000,0.11410000,7878288.00000000
1689292800,0.11420000,0.11560000,0.10710000,0.11010000,9541852.00000000
1689379200,0.11010000,0.11190000,0.10830000,0.11110000,3312878.00000000
1689465600,0.11130000,0.11130000,0.10710000,0.10730000,3332974.00000000
1689552000,0.10740000,0.10960000,0.10420000,0.10680000,4417329.00000000
1689638400,0.10680000,0.10790000,0.10440000,0.10560000,2525568.00000000
1689724800,0.10550000,0.10670000,0.10250000,0.10300000,5757323.00000000
1689811200,0.10290000,0.10500000,0.10080000,0.10160000,6094146.00000000
1689897600,0.10160000,0.10270000,0.10030000,0.10170000,3519782.00000000
1689984000,0.10160000,0.10270000,0.09950000,0.10010000,2521002.00000000
1690070400,0.10010000,0.11400000,0.09950000,0.11050000,47759729.00000000
1690156800,0.11050000,0.11080000,0.09690000,0.09920000,17695028.00000000
1690243200,0.09920000,0.10290000,0.09760000,0.10030000,8933275.00000000
1690329600,0.10030000,0.10210000,0.09940000,0.10060000,5089393.00000000
1690416000,0.10060000,0.10520000,0.10030000,0.10220000,12030146.00000000
1690502400,0.10210000,0.10270000,0.10080000,0.10160000,3849399.00000000
1690588800,0.10160000,0.10310000,0.10020000,0.10130000,4174865.00000000
1690675200,0.10130000,0.10200000,0.09770000,0.09850000,6546172.00000000
1690761600,0.09850000,0.09930000,0.09350000,0.09460000,10265003.00000000
1690848000,0.09450000,0.09580000,0.09170000,0.09560000,5771690.00000000
1690934400,0.09550000,0.09600000,0.09020000,0.09080000,5999543.00000000
1691020800,0.09080000,0.09160000,0.08950000,0.08980000,4865108.00000000
1691107200,0.08970000,0.09010000,0.08810000,0.08860000,4378071.00000000
1691193600,0.08860000,0.09130000,0.08700000,0.09110000,6292074.00000000
1691280000,0.09110000,0.09420000,0.08970000,0.09040000,14605563.00000000
1691366400,0.09030000,0.09190000,0.08770000,0.08910000,5835061.00000000
1691452800,0.08900000,0.09290000,0.08880000,0.09070000,5634930.00000000
1691539200,0.09090000,0.09200000,0.08990000,0.09100000,3507417.00000000
1691625600,0.09110000,0.09690000,0.09010000,0.09400000,18487479.00000000
1691712000,0.09400000,0.09540000,0.09150000,0.09230000,6047642.00000000
1691798400,0.09240000,0.09310000,0.09140000,0.09230000,2773651.00000000
1691884800,0.09240000,0.09720000,0.09210000,0.09500000,11465495.00000000
1691971200,0.09500000,0.10320000,0.09350000,0.09900000,44675991.00000000
1692057600,0.09910000,0.11500000,0.09290000,0.09360000,112452119.00000000
1692144000,0.09360000,0.09430000,0.08530000,0.08670000,24979309.00000000
1692230400,0.08670000,0.08960000,0.07500000,0.08220000,15278781.00000000
1692316800,0.08210000,0.08460000,0.08140000,0.08340000,5468453.00000000
1692403200,0.08330000,0.08510000,0.08290000,0.08360000,3269712.00000000
1692489600,0.08360000,0.08520000,0.08280000,0.08500000,2123176.00000000
1692576000,0.08510000,0.08560000,0.08070000,0.08150000,3872039.00000000
1692662400,0.08150000,0.08170000,0.07750000,0.08040000,3811385.00000000
1692748800,0.08040000,0.08370000,0.07990000,0.08250000,3251244.00000000
1692835200,0.08250000,0.08260000,0.07940000,0.08030000,3166867.00000000
1692921600,0.08030000,0.08110000,0.07860000,0.08100000,2698922.00000000
1693008000,0.08100000,0.08170000,0.07950000,0.08000000,2585182.00000000
1693094400,0.08010000,0.08050000,0.07510000,0.07910000,2298685.00000000
1693180800,0.07910000,0.07920000,0.07670000,0.07860000,4241323.00000000
1693267200,0.07860000,0.08150000,0.07660000,0.08070000,4189065.00000000
1693353600,0.08080000,0.08130000,0.07890000,0.08060000,2850188.00000000
1693440000,0.08060000,0.08110000,0.07720000,0.07810000,4263231.00000000
1693526400,0.07800000,0.07870000,0.07610000,0.07730000,2442681.00000000
1693612800,0.07740000,0.08320000,0.07680000,0.08230000,14264356.00000000
1693699200,0.08220000,0.08280000,0.07910000,0.07980000,3330703.00000000
1693785600,0.07990000,0.08220000,0.07980000,0.08100000,4763887.00000000
1693872000,0.08090000,0.08250000,0.07960000,0.08240000,4802148.00000000
1693958400,0.08250000,0.08360000,0.07990000,0.08130000,5398060.00000000
1694044800,0.08140000,0.08490000,0.07970000,0.08320000,4565402.00000000
1694131200,0.08320000,0.08930000,0.08240000,0.08580000,23016404.00000000
1694217600,0.08580000,0.08600000,0.08320000,0.08390000,7031880.00000000
1694304000,0.08380000,0.08390000,0.07890000,0.08010000,4889468.00000000
1694390400,0.08010000,0.08080000,0.07640000,0.07740000,3950324.00000000
1694476800,0.07730000,0.07970000,0.07510000,0.07640000,5432493.00000000
1694563200,0.07650000,0.07870000,0.07590000,0.07820000,3715127.00000000
1694649600,0.07830000,0.07980000,0.07760000,0.07830000,2854960.00000000
1694736000,0.07840000,0.07990000,0.07790000,0.07920000,3061813.00000000
1694822400,0.07920000,0.08290000,0.07910000,0.08210000,7045108.00000000
1694908800,0.08210000,0.08300000,0.08000000,0.08170000,8443927.00000000
1694995200,0.08170000,0.08600000,0.08050000,0.08120000,10661729.00000000
1695081600,0.08130000,0.08300000,0.08050000,0.08120000,4698207.00000000
1695168000,0.08120000,0.08350000,0.08020000,0.08080000,7155754.00000000
1695254400,0.08080000,0.08130000,0.07770000,0.07790000,5056714.00000000
1695340800,0.07790000,0.08080000,0.07740000,0.08030000,4297707.00000000
1695427200,0.08030000,0.08180000,0.07860000,0.07950000,4744748.00000000
1695513600,0.07950000,0.07960000,0.07690000,0.07710000,4208096.00000000
1695600000,0.07710000,0.07840000,0.07630000,0.07800000,5183718.00000000
1695686400,0.07810000,0.07810000,0.07590000,0.07650000,3436256.00000000
1695772800,0.07660000,0.07800000,0.07630000,0.07700000,3749675.00000000
1695859200,0.07700000,0.07870000,0.07660000,0.07780000,4003777.00000000
1695945600,0.07780000,0.07930000,0.07690000,0.07880000,4795474.00000000
1696032000,0.07870000,0.08440000,0.07870000,0.08190000,24063057.00000000
1696118400,0.08200000,0.08280000,0.08010000,0.08280000,8578889.00000000
1696204800,0.08270000,0.08300000,0.07870000,0.08010000,6973141.00000000
1696291200,0.08000000,0.08040000,0.07800000,0.07830000,3466619.00000000
1696377600,0.07830000,0.07830000,0.07550000,0.07800000,4062288.00000000
1696464000,0.07790000,0.07850000,0.07600000,0.07620000,2457218.00000000
1696550400,0.07610000,0.07910000,0.07610000,0.07820000,2666818.00000000
1696636800,0.07810000,0.07870000,0.07750000,0.07800000,1594729.00000000
1696723200,0.07790000,0.07810000,0.07620000,0.07750000,2264475.00000000
1696809600,0.07750000,0.07770000,0.07210000,0.07320000,3717855.00000000
1696896000,0.07320000,0.07380000,0.07210000,0.07270000,2513376.00000000
1696982400,0.07270000,0.08920000,0.07160000,0.08210000,130710472.00000000
1697068800,0.08210000,0.08650000,0.07180000,0.07320000,37865640.00000000
1697155200,0.07320000,0.07470000,0.07270000,0.07340000,9215993.00000000
1697241600,0.07330000,0.07370000,0.07230000,0.07270000,5987050.00000000
1697328000,0.07260000,0.07420000,0.07220000,0.07340000,5491294.00000000
1697414400,0.07330000,0.07660000,0.07330000,0.07470000,7765646.00000000
1697500800,0.07470000,0.07490000,0.07270000,0.07350000,5890273.00000000
1697587200,0.07340000,0.07430000,0.07160000,0.07220000,3210413.00000000
1697673600,0.07220000,0.07220000,0.06980000,0.07140000,3846657.00000000
1697760000,0.07140000,0.07400000,0.07120000,0.07300000,2574201.00000000
1697846400,0.07310000,0.07530000,0.07280000,0.07460000,3014204.00000000
1697932800,0.07450000,0.07540000,0.07350000,0.07500000,2989178.00000000
1698019200,0.07510000,0.07950000,0.07390000,0.07870000,7298738.00000000
1698105600,0.07870000,0.08200000,0.07730000,0.08020000,9308523.00000000
1698192000,0.08000000,0.08190000,0.07830000,0.07980000,6674767.00000000
1698278400,0.07970000,0.08300000,0.07830000,0.08060000,7191177.00000000
1698364800,0.08050000,0.08130000,0.07930000,0.08010000,4864108.00000000
1698451200,0.08010000,0.08400000,0.08000000,0.08390000,5545249.00000000
1698537600,0.08400000,0.08520000,0.08220000,0.08350000,6167711.00000000
1698624000,0.08350000,0.08550000,0.08270000,0.08420000,4547035.00000000
1698710400,0.08420000,0.08540000,0.08070000,0.08300000,4991818.00000000
1698796800,0.08320000,0.08570000,0.08040000,0.08490000,7701610.00000000
1698883200,0.08500000,0.08730000,0.08200000,0.08450000,7681894.00000000
1698969600,0.08470000,0.08520000,0.08140000,0.08450000,3905751.00000000
1699056000,0.08450000,0.08800000,0.08420000,0.08770000,4632326.00000000
1699142400,0.08800000,0.09060000,0.08710000,0.08870000,9731315.00000000
1699228800,0.08880000,0.09460000,0.08780000,0.09440000,10436789.00000000
1699315200,0.09430000,0.09450000,0.08850000,0.09250000,8342796.00000000
1699401600,0.09250000,0.09640000,0.09120000,0.09520000,8090898.00000000
1699488000,0.09520000,0.10140000,0.09260000,0.09830000,16503771.00000000
1699574400,0.09830000,0.10040000,0.09550000,0.10040000,7205635.00000000
1699660800,0.10040000,0.14760000,0.09710000,0.13560000,164912103.00000000
1699747200,0.13580000,0.14000000,0.11290000,0.11860000,65757801.00000000
1699833600,0.11850000,0.12200000,0.10920000,0.10940000,16159701.00000000
1699920000,0.10940000,0.11390000,0.10710000,0.11230000,8358268.00000000
1700006400,0.11230000,0.12500000,0.11060000,0.12220000,14297162.00000000
1700092800,0.12200000,0.12950000,0.11730000,0.11890000,10848624.00000000
1700179200,0.11890000,0.12350000,0.11190000,0.11760000,7649258.00000000
1700265600,0.11740000,0.15300000,0.11440000,0.12680000,104570693.00000000
1700352000,0.12680000,0.12690000,0.12030000,0.12550000,16990002.00000000
1700438400,0.12570000,0.16280000,0.12460000,0.15600000,78618858.00000000
1700524800,0.15630000,0.20990000,0.14820000,0.16440000,253428910.00000000
1700611200,0.16450000,0.18380000,0.15220000,0.17280000,80276203.00000000
1700697600,0.17290000,0.24620000,0.17290000,0.24330000,155638662.00000000
1700784000,0.24330000,0.24990000,0.21790000,0.22410000,63858760.00000000
1700870400,0.22410000,0.44000000,0.22190000,0.37190000,293403991.00000000
1700956800,0.37100000,0.51000000,0.36250000,0.41940000,336232244.00000000
1701043200,0.41930000,0.42000000,0.31050000,0.34300000,94464032.00000000
1701129600,0.34290000,0.44570000,0.33820000,0.41350000,124067071.00000000
1701216000,0.41350000,0.43200000,0.35900000,0.36180000,73455592.00000000
1701302400,0.36180000,0.37210000,0.34220000,0.35710000,34549581.00000000
1701388800,0.35710000,0.38120000,0.35500000,0.37430000,30549420.00000000
1701475200,0.37430000,0.47530000,0.36510000,0.45480000,85711599.00000000
1701561600,0.45480000,0.56910000,0.42180000,0.53870000,128416436.00000000
1701648000,0.53880000,0.74300000,0.50790000,0.71420000,206059219.00000000
1701734400,0.71410000,0.73930000,0.63760000,0.66710000,75502402.00000000
1701820800,0.66710000,0.69940000,0.57460000,0.59760000,60434256.00000000
1701907200,0.59760000,0.64950000,0.56520000,0.56790000,37266933.00000000
1701993600,0.56780000,0.64930000,0.56150000,0.61930000,32380486.00000000
1702080000,0.61930000,0.66170000,0.59410000,0.60380000,31312576.00000000
1702166400,0.60390000,0.65810000,0.60390000,0.61260000,21699983.00000000
1702252800,0.61250000,0.62460000,0.50990000,0.56390000,26445619.00000000
1702339200,0.56380000,0.57880000,0.52480000,0.55350000,17569275.00000000
1702425600,0.55350000,0.65850000,0.49410000,0.60910000,33381017.00000000
1702512000,0.60900000,0.64110000,0.57600000,0.63550000,33629127.00000000
1702598400,0.63500000,0.64250000,0.56250000,0.56490000,16303516.00000000
1702684800,0.56480000,0.63760000,0.55840000,0.58800000,15463339.00000000
1702771200,0.58810000,0.59820000,0.55360000,0.55690000,9840807.00000000
1702857600,0.55670000,0.57640000,0.50690000,0.57480000,16159964.00000000
1702944000,0.57480000,0.64130000,0.56590000,0.57860000,26342295.00000000
1703030400,0.57840000,0.63620000,0.56600000,0.59600000,21999436.00000000
1703116800,0.59600000,0.60830000,0.57440000,0.58280000,16946569.00000000
1703203200,0.58310000,0.72930000,0.58120000,0.69670000,45068363.00000000
1703289600,0.69700000,0.78900000,0.65000000,0.67170000,72619449.00000000
1703376000,0.67190000,0.71700000,0.65140000,0.68770000,28254547.00000000
1703462400,0.68800000,0.71170000,0.66660000,0.69330000,14933947.00000000
1703548800,0.69330000,0.72990000,0.58290000,0.68740000,22956280.00000000
1703635200,0.68800000,0.71490000,0.66750000,0.67660000,12765685.00000000
1703721600,0.67640000,0.69650000,0.64580000,0.66820000,11753685.00000000
1703808000,0.66850000,0.68350000,0.63620000,0.64720000,11640693.00000000
1703894400,0.64660000,0.66420000,0.62000000,0.62180000,6901602.00000000
1703980800,0.62170000,0.63650000,0.59310000,0.60850000,5415781.00000000
1704067200,0.60860000,0.67160000,0.60100000,0.66720000,6700755.00000000
1704153600,0.66730000,0.67520000,0.63540000,0.66410000,7675337.00000000
1704240000,0.66430000,0.67490000,0.48690000,0.61120000,15793389.00000000
1704326400,0.61120000,0.64080000,0.58830000,0.61720000,6579857.00000000
1704412800,0.61740000,0.63410000,0.55560000,0.59000000,9346828.00000000
1704499200,0.58990000,0.58990000,0.52920000,0.55010000,5668952.00000000
1704585600,0.55030000,0.56620000,0.50790000,0.51350000,5227490.00000000
1704672000,0.51320000,0.55180000,0.45110000,0.54470000,11639898.00000000
1704758400,0.54410000,0.54730000,0.48130000,0.50640000,8797983.00000000
1704844800,0.50660000,0.60670000,0.49050000,0.57620000,13702701.00000000
1704931200,0.57620000,0.59260000,0.54330000,0.55890000,9383632.00000000
1705017600,0.55840000,0.60400000,0.53560000,0.55980000,10202408.00000000
1705104000,0.55960000,0.57540000,0.53990000,0.56060000,4940501.00000000
1705190400,0.56060000,0.58320000,0.53580000,0.55520000,5367639.00000000
1705276800,0.55500000,0.67500000,0.55380000,0.61690000,42301496.00000000
1705363200,0.61660000,0.62860000,0.57210000,0.62100000,11926177.00000000
1705449600,0.62080000,0.65990000,0.59530000,0.65590000,9518158.00000000
1705536000,0.65550000,0.69500000,0.60860000,0.61250000,17679974.00000000
1705622400,0.61270000,0.63410000,0.57700000,0.60990000,11216764.00000000
1705708800,0.60930000,0.65000000,0.60240000,0.62690000,7732780.00000000
1705795200,0.62660000,0.64500000,0.61120000,0.61380000,4885334.00000000
1705881600,0.61420000,0.61910000,0.56620000,0.57610000,5943047.00000000
1705968000,0.57600000,0.58830000,0.51800000,0.56640000,8563170.00000000
1706054400,0.56730000,0.62000000,0.55020000,0.61010000,9341859.00000000
1706140800,0.60980000,0.61150000,0.55110000,0.56540000,6602642.00000000
1706227200,0.56500000,0.67510000,0.55690000,0.66410000,17825365.00000000
1706313600,0.66370000,0.70100000,0.61810000,0.63750000,24016215.00000000
1706400000,0.63720000,0.65450000,0.61650000,0.62480000,8596890.00000000
1706486400,0.62510000,0.73430000,0.61970000,0.71200000,20761556.00000000
1706572800,0.71170000,0.74120000,0.63110000,0.63960000,27271901.00000000
1706659200,0.63930000,0.64140000,0.56740000,0.57160000,21363571.00000000
1706745600,0.57170000,0.61150000,0.55300000,0.60790000,13188607.00000000
1706832000,0.60790000,0.61400000,0.58230000,0.59460000,6886190.00000000
1706918400,0.59570000,0.60310000,0.58030000,0.58730000,4112999.00000000
1707004800,0.58740000,0.58810000,0.56710000,0.56990000,4259309.00000000
1707091200,0.56980000,0.58500000,0.55930000,0.57460000,4187669.00000000
1707177600,0.57510000,0.60270000,0.56600000,0.59730000,5735735.00000000
1707264000,0.59780000,0.65430000,0.58870000,0.62830000,15230864.00000000
1707350400,0.62940000,0.65540000,0.62620000,0.63940000,8154809.00000000
1707436800,0.63960000,0.74440000,0.63870000,0.69400000,19519525.00000000
1707523200,0.69450000,0.97790000,0.69450000,0.84660000,101718252.00000000
1707609600,0.84650000,0.97330000,0.82520000,0.87690000,39246515.00000000
1707696000,0.87670000,0.97160000,0.83450000,0.90750000,29789242.00000000
1707782400,0.90750000,1.11620000,0.90420000,1.08060000,61005125.00000000
1707868800,1.08090000,1.19050000,1.03910000,1.11820000,32995553.00000000
1707955200,1.11880000,1.17950000,1.05500000,1.10400000,20397610.00000000
1708041600,1.10500000,1.12400000,1.00380000,1.04990000,10818615.00000000
1708128000,1.04860000,1.14490000,1.01760000,1.06050000,14093511.00000000
1708214400,1.06040000,1.16700000,1.05200000,1.15970000,13202668.00000000
1708300800,1.15960000,1.29460000,1.14760000,1.19460000,18972986.00000000
1708387200,1.19460000,1.20330000,1.07040000,1.12150000,19022628.00000000
1708473600,1.12180000,1.12720000,1.01500000,1.07560000,9926815.00000000
1708560000,1.07570000,1.10040000,1.01610000,1.02760000,9945682.00000000
1708646400,1.02810000,1.04080000,0.92640000,0.96150000,13655544.00000000
1708732800,0.96210000,1.01750000,0.93480000,0.98850000,7033909.00000000
1708819200,0.98850000,1.07990000,0.97180000,1.02440000,9015761.00000000
1708905600,1.02420000,1.10200000,1.01080000,1.07760000,9371452.00000000
1708992000,1.07870000,1.23000000,1.02410000,1.22130000,14008538.00000000
1709078400,1.22140000,1.43000000,1.10000000,1.28950000,46200028.00000000
1709164800,1.28970000,1.34050000,1.20980000,1.23710000,14581028.00000000
1709251200,1.23720000,1.45000000,1.23650000,1.40750000,14779715.00000000
1709337600,1.40740000,1.49290000,1.36210000,1.45660000,9810606.00000000
1709424000,1.45670000,1.53900000,1.31200000,1.43370000,12275647.00000000
1709510400,1.43580000,1.51940000,1.32000000,1.35920000,11436793.00000000
1709596800,1.35990000,1.51130000,1.05000000,1.49170000,17051800.00000000
1709683200,1.49130000,1.49450000,1.31670000,1.40640000,13385631.00000000
1709769600,1.40680000,1.60000000,1.38760000,1.51710000,15822207.00000000
1709856000,1.51740000,1.57430000,1.44000000,1.49250000,9045620.00000000
1709942400,1.49220000,1.56000000,1.45220000,1.45420000,7634399.00000000
1710028800,1.45470000,1.47700000,1.39320000,1.42940000,6530651.00000000
1710115200,1.42980000,1.46710000,1.33000000,1.42320000,6206243.00000000
1710201600,1.42320000,1.43140000,1.30000000,1.40380000,6194245.00000000
1710288000,1.40460000,1.43760000,1.33520000,1.42840000,6314631.00000000
1710374400,1.42790000,1.47890000,1.28530000,1.35160000,8726733.00000000
1710460800,1.35150000,1.36750000,1.18140000,1.30450000,8839577.00000000
1710547200,1.30490000,1.39080000,1.18330000,1.22200000,7081138.00000000
1710633600,1.22190000,1.34000000,1.15970000,1.32490000,5201413.00000000
1710720000,1.32470000,1.33550000,1.16770000,1.19000000,4843133.00000000
1710806400,1.19000000,1.20420000,1.02220000,1.10360000,10224466.00000000
1710892800,1.10430000,1.25750000,1.05720000,1.24220000,6522491.00000000
1710979200,1.24120000,1.27590000,1.18660000,1.21880000,3980824.00000000
1711065600,1.21790000,1.25110000,1.11060000,1.14640000,6028446.00000000
1711152000,1.14670000,1.36460000,1.12970000,1.26310000,12897167.00000000
1711238400,1.26310000,1.34820000,1.24200000,1.27790000,10590020.00000000
1711324800,1.27840000,1.35130000,1.25870000,1.32370000,6466059.00000000
1711411200,1.32450000,1.40460000,1.31940000,1.35750000,5581018.00000000
1711497600,1.35720000,1.37980000,1.26870000,1.27630000,4301506.00000000
1711584000,1.27690000,1.39150000,1.26250000,1.37400000,4314299.00000000
1711670400,1.37380000,1.39480000,1.32870000,1.35360000,3518132.00000000
1711756800,1.35380000,1.39520000,1.30210000,1.31190000,2616032.00000000
1711843200,1.31200000,1.34790000,1.29160000,1.34400000,2816125.00000000
1711929600,1.34310000,1.37500000,1.25010000,1.27350000,5416982.00000000
1712016000,1.27350000,1.27710000,1.14870000,1.17860000,4630446.00000000
1712102400,1.17880000,1.24650000,1.13460000,1.16860000,3505103.00000000
1712188800,1.16780000,1.21390000,1.13770000,1.18120000,3345014.00000000
1712275200,1.17940000,1.19920000,1.09680000,1.13670000,3828546.00000000
1712361600,1.13730000,1.17360000,1.12730000,1.15920000,1823956.00000000
1712448000,1.15950000,1.18960000,1.14660000,1.17210000,2300290.00000000
1712534400,1.17190000,1.27150000,1.14430000,1.24950000,3608380.00000000
1712620800,1.24840000,1.25050000,1.14000000,1.15270000,3519079.00000000
1712707200,1.15250000,1.15850000,1.06000000,1.10290000,4857912.00000000
1712793600,1.10260000,1.11170000,1.05530000,1.06860000,4350325.00000000
1712880000,1.06860000,1.10140000,0.80170000,0.93070000,13197741.00000000
1712966400,0.93000000,0.95420000,0.70000000,0.89370000,13955538.00000000
1713052800,0.89240000,1.05170000,0.82530000,1.03600000,13700420.00000000
1713139200,1.03590000,1.17390000,0.92880000,0.96430000,15376998.00000000
1713225600,0.96280000,0.99960000,0.84570000,0.97700000,9931620.00000000
1713312000,0.97700000,1.00600000,0.89020000,0.91540000,6756461.00000000
1713398400,0.91380000,1.00370000,0.89260000,0.97720000,4885129.00000000
1713484800,0.97760000,1.06230000,0.89260000,1.01230000,7711676.00000000
1713571200,1.01230000,1.11860000,0.98650000,1.10360000,4880095.00000000
1713657600,1.10350000,1.13800000,1.04800000,1.07400000,3737595.00000000
1713744000,1.07410000,1.14900000,1.04900000,1.06970000,4113031.00000000
1713830400,1.06950000,1.10340000,1.04200000,1.06570000,2436983.00000000
1713916800,1.06510000,1.07770000,0.97670000,0.98920000,5289104.00000000
1714003200,0.98950000,0.99620000,0.94770000,0.96390000,2853616.00000000
1714089600,0.96380000,0.97000000,0.91890000,0.93140000,3409161.00000000
1714176000,0.93170000,0.95290000,0.89480000,0.93490000,2986984.00000000
1714262400,0.93450000,0.96520000,0.91820000,0.92420000,2678895.00000000
1714348800,0.92410000,0.94210000,0.89230000,0.92520000,2365672.00000000
1714435200,0.92570000,0.94090000,0.83410000,0.88180000,4247912.00000000
1714521600,0.88170000,0.91750000,0.81650000,0.89170000,3828925.00000000
1714608000,0.89150000,0.92340000,0.85620000,0.91180000,2733219.00000000
1714694400,0.91180000,0.95410000,0.89630000,0.93950000,3023964.00000000
1714780800,0.93950000,0.96750000,0.92990000,0.95090000,2173402.00000000
1714867200,0.95100000,0.99730000,0.93000000,0.98120000,3774506.00000000
1714953600,0.98080000,1.04940000,0.96920000,0.97650000,4045998.00000000
1715040000,0.97660000,0.99190000,0.94390000,0.94620000,2420137.00000000
1715126400,0.94530000,0.99660000,0.93170000,0.95130000,3208358.00000000
1715212800,0.94960000,0.98960000,0.92980000,0.98020000,3500999.00000000
1715299200,0.98020000,1.11190000,0.96990000,1.00940000,9328901.00000000
1715385600,1.00990000,1.06490000,1.00220000,1.01730000,6368859.00000000
1715472000,1.01690000,1.03100000,0.96300000,0.96700000,3249610.00000000
1715558400,0.96690000,1.03500000,0.92270000,0.94390000,6123870.00000000
1715644800,0.94380000,0.94380000,0.87360000,0.88840000,5709530.00000000
1715731200,0.88850000,1.01950000,0.87980000,0.99300000,4490528.00000000
1715817600,0.99410000,1.00510000,0.93120000,0.98410000,2975290.00000000
1715904000,0.98410000,1.08820000,0.97030000,1.05650000,5218929.00000000
1715990400,1.05660000,1.08920000,1.04550000,1.06960000,2888130.00000000
1716076800,1.06930000,1.08870000,1.01600000,1.02560000,2036866.00000000
1716163200,1.02470000,1.14980000,1.00780000,1.14090000,4245124.00000000
1716249600,1.14280000,1.15190000,1.09410000,1.13150000,3530083.00000000
1716336000,1.13220000,1.14320000,1.09400000,1.10700000,1863157.00000000
1716422400,1.10670000,1.12170000,0.98100000,1.03300000,5152717.00000000
1716508800,1.03150000,1.04160000,0.99010000,1.02600000,3470107.00000000
1716595200,1.02530000,1.05590000,1.01290000,1.02040000,1756902.00000000
1716681600,1.01930000,1.02790000,0.98520000,1.00960000,2013715.00000000
1716768000,1.00950000,1.05800000,1.00770000,1.03070000,2425944.00000000
1716854400,1.03110000,1.03440000,0.98800000,1.00120000,2911506.00000000
1716940800,1.00120000,1.01240000,0.96550000,0.97350000,2650240.00000000
1717027200,0.97330000,1.00620000,0.93080000,0.96450000,3041485.00000000
1717113600,0.96390000,0.98480000,0.94830000,0.96510000,1787707.00000000
1717200000,0.96390000,0.96550000,0.94550000,0.94970000,1315433.00000000
1717286400,0.94960000,0.99240000,0.94880000,0.98580000,3050670.00000000
1717372800,0.98500000,1.06590000,0.97380000,1.04710000,6559080.00000000
1717459200,1.04640000,1.12170000,1.00970000,1.11830000,5018760.00000000
1717545600,1.11880000,1.14140000,1.07630000,1.08570000,3757744.00000000
1717632000,1.08570000,1.09040000,1.03870000,1.05580000,2464962.00000000
1717718400,1.05580000,1.08780000,0.82200000,0.95380000,5944908.00000000
1717804800,0.95400000,0.96420000,0.90390000,0.91860000,2380312.00000000
1717891200,0.91830000,0.92880000,0.90240000,0.92030000,1238445.00000000
1717977600,0.92110000,0.92600000,0.88320000,0.88590000,2300701.00000000
1718064000,0.88670000,0.89450000,0.81050000,0.84370000,3506322.00000000
1718150400,0.84370000,0.90620000,0.82160000,0.86160000,3359622.00000000
1718236800,0.86100000,0.86910000,0.79860000,0.80660000,2674257.00000000
1718323200,0.80750000,0.84100000,0.75620000,0.78580000,3164868.00000000
1718409600,0.78580000,0.79960000,0.76700000,0.77540000,1453379.00000000
1718496000,0.77560000,0.81630000,0.76450000,0.80290000,1703337.00000000
1718582400,0.80290000,0.80880000,0.71890000,0.73900000,3033058.00000000
1718668800,0.73920000,0.74220000,0.63500000,0.69570000,6304691.00000000
1718755200,0.69460000,0.71580000,0.67920000,0.70680000,3926664.00000000
1718841600,0.70630000,0.75090000,0.69990000,0.71700000,3676450.00000000
1718928000,0.71790000,0.72890000,0.67690000,0.68800000,3807257.00000000
1719014400,0.68870000,0.69340000,0.66960000,0.68670000,1563395.00000000
1719100800,0.68570000,0.70920000,0.65740000,0.66700000,2361645.00000000
1719187200,0.66730000,0.67950000,0.60100000,0.66720000,7591590.00000000
1719273600,0.66690000,0.69240000,0.65990000,0.67990000,3252154.00000000
1719360000,0.68000000,0.69230000,0.64800000,0.65770000,2121250.00000000
1719446400,0.65730000,0.68200000,0.64050000,0.66680000,2457908.00000000
1719532800,0.66590000,0.68730000,0.64580000,0.64750000,2255417.00000000
1719619200,0.64770000,0.66290000,0.62100000,0.62460000,1497089.00000000
1719705600,0.62440000,0.68020000,0.61170000,0.67320000,2758786.00000000
1719792000,0.67390000,0.69130000,0.65560000,0.65740000,2585430.00000000
1719878400,0.65710000,0.67780000,0.64870000,0.65800000,1264592.00000000
1719964800,0.65750000,0.66300000,0.60820000,0.61270000,2434851.00000000
1720051200,0.61290000,0.62040000,0.52250000,0.52590000,4889479.00000000
1720137600,0.52590000,0.52680000,0.45230000,0.50020000,9032911.00000000
1720224000,0.49970000,0.58740000,0.49720000,0.56400000,6035574.00000000
1720310400,0.56390000,0.56560000,0.51190000,0.51520000,2475450.00000000
1720396800,0.51570000,0.56390000,0.49280000,0.53650000,4206587.00000000
1720483200,0.53680000,0.55050000,0.52700000,0.54740000,1939394.00000000
1720569600,0.54740000,0.57340000,0.53840000,0.56000000,1893297.00000000
1720656000,0.55950000,0.57220000,0.53400000,0.53760000,1824438.00000000
1720742400,0.53750000,0.56370000,0.52290000,0.55590000,1952561.00000000
1720828800,0.55620000,0.57500000,0.55150000,0.56480000,2077872.00000000
1720915200,0.56490000,0.64790000,0.56180000,0.64470000,13122313.00000000
1721001600,0.64420000,0.66170000,0.61810000,0.66020000,9219785.00000000
1721088000,0.66010000,0.67030000,0.61640000,0.64900000,5676003.00000000
1721174400,0.64930000,0.70480000,0.64870000,0.65650000,6650666.00000000
1721260800,0.65660000,0.67000000,0.61450000,0.62910000,2818282.00000000
1721347200,0.62920000,0.67410000,0.60750000,0.66890000,2796742.00000000
1721433600,0.66900000,0.73330000,0.66060000,0.72270000,7554902.00000000
1721520000,0.72250000,0.73810000,0.65810000,0.70150000,5705315.00000000
1721606400,0.70190000,0.71830000,0.65630000,0.66330000,3869545.00000000
1721692800,0.66330000,0.69150000,0.63420000,0.68520000,4123693.00000000
1721779200,0.68490000,0.73790000,0.66940000,0.70930000,7059158.00000000
1721865600,0.70940000,0.71300000,0.64070000,0.70480000,4544408.00000000
1721952000,0.70490000,0.78400000,0.69850000,0.78360000,4731206.00000000
1722038400,0.78340000,0.78400000,0.71740000,0.74100000,3524984.00000000
1722124800,0.74100000,0.74100000,0.70840000,0.71740000,1548729.00000000
1722211200,0.71700000,0.76740000,0.70950000,0.71180000,3189314.00000000
1722297600,0.71210000,0.71920000,0.67260000,0.67350000,1968723.00000000
1722384000,0.67320000,0.69370000,0.63960000,0.64070000,2544796.00000000
1722470400,0.64050000,0.64270000,0.57020000,0.62710000,4375712.00000000
1722556800,0.62700000,0.63310000,0.55680000,0.56140000,3421099.00000000
1722643200,0.56120000,0.56660000,0.50040000,0.51390000,3392792.00000000
1722729600,0.51360000,0.52850000,0.46920000,0.48840000,4144496.00000000
1722816000,0.49000000,0.49320000,0.36730000,0.40500000,16664610.00000000
1722902400,0.40510000,0.47320000,0.40510000,0.45950000,5997252.00000000
1722988800,0.45940000,0.48760000,0.42180000,0.42540000,4697410.00000000
1723075200,0.42540000,0.51590000,0.41770000,0.51230000,5169600.00000000
1723161600,0.51250000,0.51610000,0.48610000,0.50130000,2481344.00000000
1723248000,0.50140000,0.60350000,0.49870000,0.58660000,14879705.00000000
1723334400,0.58690000,0.59830000,0.55090000,0.55290000,7831755.00000000
1723420800,0.55260000,0.58310000,0.53370000,0.56170000,5871683.00000000
1723507200,0.56180000,0.56300000,0.52700000,0.56080000,2626116.00000000
1723593600,0.56120000,0.56370000,0.52250000,0.54240000,2230965.00000000
1723680000,0.54200000,0.54580000,0.50060000,0.52660000,2805166.00000000
1723766400,0.52610000,0.54280000,0.50400000,0.52440000,2746167.00000000
1723852800,0.52460000,0.57720000,0.51680000,0.55100000,8170073.00000000
1723939200,0.55100000,0.57600000,0.52970000,0.53520000,5154481.00000000
1724025600,0.53520000,0.53750000,0.51030000,0.53630000,3766194.00000000
1724112000,0.53590000,0.56530000,0.53210000,0.55150000,2878102.00000000
1724198400,0.55150000,0.57990000,0.53160000,0.57220000,3313736.00000000
1724284800,0.57250000,0.59270000,0.56330000,0.58870000,2967782.00000000
1724371200,0.58890000,0.67420000,0.58810000,0.66460000,4877706.00000000
1724457600,0.66670000,0.78400000,0.65660000,0.76690000,11869861.00000000
1724544000,0.76670000,0.80070000,0.72280000,0.76550000,11766420.00000000
1724630400,0.76550000,0.77360000,0.71890000,0.72830000,4313299.00000000
1724716800,0.72840000,0.75840000,0.66620000,0.68710000,4955857.00000000
1724803200,0.68720000,0.73320000,0.65640000,0.67990000,6483926.00000000
1724889600,0.68000000,0.73070000,0.65710000,0.66680000,5179617.00000000
1724976000,0.66660000,0.70000000,0.61850000,0.67090000,6053030.00000000
1725062400,0.67070000,0.71660000,0.66400000,0.68880000,5745530.00000000
1725148800,0.68880000,0.71250000,0.65160000,0.66030000,6220002.00000000
1725235200,0.66040000,0.74080000,0.62350000,0.71280000,9102310.00000000
1725321600,0.71270000,0.71560000,0.63780000,0.63900000,4423165.00000000
1725408000,0.63920000,0.69640000,0.59090000,0.65670000,9209500.00000000
1725494400,0.65660000,0.66520000,0.60860000,0.62580000,5468198.00000000
1725580800,0.62570000,0.64570000,0.57810000,0.60960000,7300141.00000000
1725667200,0.60930000,0.62250000,0.60090000,0.60780000,1898908.00000000
1725753600,0.60750000,0.67340000,0.60480000,0.67280000,3496305.00000000
1725840000,0.67280000,0.73470000,0.66550000,0.72570000,7735190.00000000
1725926400,0.72790000,0.87800000,0.71570000,0.85940000,20387418.00000000
1726012800,0.86000000,0.88900000,0.81340000,0.85010000,25229903.00000000
1726099200,0.85020000,0.87410000,0.79500000,0.82150000,11130312.00000000
1726185600,0.82150000,0.83720000,0.78840000,0.79980000,13890764.00000000
1726272000,0.79910000,0.82220000,0.77470000,0.82160000,8847695.00000000
1726358400,0.82170000,0.97400000,0.81640000,0.90740000,34016273.00000000
1726444800,0.90740000,0.90810000,0.84190000,0.86000000,10914355.00000000
1726531200,0.86010000,0.88220000,0.83160000,0.86030000,10928081.00000000
1726617600,0.85860000,0.95460000,0.78630000,0.93040000,16255708.00000000
1726704000,0.93040000,0.95180000,0.86920000,0.88040000,15203915.00000000
1726790400,0.88030000,0.92070000,0.86420000,0.90740000,8281239.00000000
1726876800,0.90700000,0.92460000,0.87070000,0.91700000,4752439.00000000
1726963200,0.91740000,0.93880000,0.86920000,0.92800000,9163191.00000000
1727049600,0.92820000,1.00110000,0.90310000,0.99890000,11766155.00000000
1727136000,0.99890000,1.03900000,0.94110000,1.02160000,7169974.00000000
1727222400,1.02200000,1.08140000,1.01520000,1.03270000,8605229.00000000
1727308800,1.03220000,1.08500000,1.01880000,1.03610000,7546113.00000000
1727395200,1.03600000,1.08300000,1.01420000,1.05800000,6819067.00000000
1727481600,1.05880000,1.13800000,1.02170000,1.09860000,8955577.00000000
1727568000,1.09910000,1.12060000,1.06770000,1.09250000,6098041.00000000
1727654400,1.09290000,1.09900000,1.02660000,1.03960000,5833133.00000000
1727740800,1.03940000,1.12760000,0.95260000,1.01510000,11785309.00000000
1727827200,1.01430000,1.08720000,0.96060000,0.99900000,10410311.00000000
1727913600,0.99900000,1.03350000,0.92300000,1.00050000,9003688.00000000
1728000000,1.00050000,1.08070000,0.99140000,1.01980000,8807217.00000000
1728086400,1.02030000,1.05220000,0.98840000,1.02110000,4764371.00000000
1728172800,1.02110000,1.07160000,0.98640000,1.03710000,5682018.00000000
1728259200,1.03690000,1.14650000,1.03600000,1.07170000,10716956.00000000
1728345600,1.07170000,1.13470000,1.04290000,1.08740000,8047075.00000000
1728432000,1.08680000,1.14400000,1.07260000,1.08860000,8740014.00000000
1728518400,1.08850000,1.16620000,1.05450000,1.09310000,14537945.00000000
1728604800,1.09290000,1.19210000,1.07150000,1.16770000,8303789.00000000
1728691200,1.16750000,1.34610000,1.15100000,1.31040000,10547760.00000000
1728777600,1.31150000,1.31840000,1.21880000,1.23950000,7707794.00000000
1728864000,1.23990000,1.39380000,1.22110000,1.36870000,8116237.00000000
1728950400,1.36740000,1.43360000,1.32470000,1.34530000,9540294.00000000
1729036800,1.34340000,1.39000000,1.29350000,1.32600000,5341291.00000000
1729123200,1.32650000,1.33630000,1.26460000,1.29290000,5138184.00000000
1729209600,1.29320000,1.35250000,1.28610000,1.34610000,4601742.00000000
1729296000,1.34610000,1.36270000,1.29730000,1.30260000,2911846.00000000
1729382400,1.30280000,1.32960000,1.27660000,1.30920000,3412208.00000000
1729468800,1.30970000,1.35340000,1.24720000,1.32900000,4690239.00000000
1729555200,1.32830000,1.36690000,1.30820000,1.33820000,6971854.00000000
1729641600,1.33820000,1.36340000,1.27110000,1.32360000,5310503.00000000
1729728000,1.32320000,1.41340000,1.29670000,1.39010000,5931376.00000000
1729814400,1.38990000,1.41750000,1.20690000,1.28460000,6367885.00000000
1729900800,1.28470000,1.34100000,1.26880000,1.28660000,4831902.00000000
1729987200,1.28630000,1.33400000,1.24000000,1.26310000,4215871.00000000
1730073600,1.26360000,1.27230000,1.14410000,1.22110000,8911076.00000000
1730160000,1.22140000,1.40810000,1.21540000,1.38140000,14258081.00000000
1730246400,1.38140000,1.39460000,1.31860000,1.32260000,5740871.00000000
1730332800,1.32250000,1.32320000,1.25860000,1.27330000,4925906.00000000
1730419200,1.27330000,1.35610000,1.25810000,1.28810000,5315809.00000000
1730505600,1.28810000,1.30370000,1.21900000,1.22500000,2527590.00000000
1730592000,1.22570000,1.22980000,1.02690000,1.16630000,10755471.00000000
1730678400,1.16570000,1.17700000,1.05000000,1.08900000,5118105.00000000
1730764800,1.08880000,1.22530000,1.08670000,1.18290000,8176033.00000000
1730851200,1.18250000,1.39790000,1.17760000,1.37670000,13079344.00000000
1730937600,1.37730000,1.44700000,1.32250000,1.36850000,6770913.00000000
1731024000,1.36880000,1.39210000,1.29750000,1.32000000,4498392.00000000
1731110400,1.31880000,1.38370000,1.28020000,1.37790000,4871801.00000000
1731196800,1.37730000,1.56590000,1.33380000,1.46340000,11201421.00000000
1731283200,1.46490000,1.55800000,1.41640000,1.55730000,9512712.00000000
1731369600,1.55760000,1.59340000,1.35100000,1.43610000,11582872.00000000
1731456000,1.43730000,1.49410000,1.28600000,1.38420000,10768292.00000000
1731542400,1.38370000,1.40890000,1.22310000,1.24270000,7052545.00000000
1731628800,1.24280000,1.29390000,1.20550000,1.28350000,5818033.00000000
1731715200,1.28290000,1.38390000,1.25850000,1.34700000,7361214.00000000
1731801600,1.34740000,1.39290000,1.26950000,1.31350000,5826323.00000000
1731888000,1.31580000,1.36780000,1.28400000,1.32430000,5722500.00000000
1731974400,1.32460000,1.34350000,1.22420000,1.26260000,5421397.00000000
1732060800,1.26250000,1.29510000,1.20420000,1.21760000,4900403.00000000
1732147200,1.21650000,1.31570000,1.17890000,1.27730000,7176334.00000000
1732233600,1.27790000,1.30140000,1.20090000,1.27660000,5376766.00000000
1732320000,1.27690000,1.39550000,1.25620000,1.30980000,7079079.00000000
1732406400,1.31150000,1.37690000,1.21210000,1.35100000,7433823.00000000
1732492800,1.35120000,1.39000000,1.23010000,1.26210000,5934760.00000000
1732579200,1.26120000,1.31940000,1.18240000,1.25780000,5382345.00000000
1732665600,1.25750000,1.36220000,1.23950000,1.35470000,4820275.00000000
1732752000,1.35450000,1.36330000,1.26850000,1.32050000,5306245.00000000
1732838400,1.32080000,1.38410000,1.30010000,1.35080000,3507473.00000000
1732924800,1.35070000,1.45700000,1.33130000,1.44870000,5741814.00000000
1733011200,1.44820000,1.52740000,1.38380000,1.51520000,7155938.00000000
1733097600,1.51520000,1.54540000,1.34130000,1.44680000,7262822.00000000
1733184000,1.44610000,1.75000000,1.39240000,1.68960000,16937301.00000000
1733270400,1.68990000,1.75620000,1.57270000,1.64570000,10155171.00000000
1733356800,1.64550000,1.80520000,1.56510000,1.70040000,10198011.00000000
1733443200,1.69990000,1.86840000,1.66220000,1.81910000,6215765.00000000
1733529600,1.81830000,1.98840000,1.80090000,1.90680000,7591848.00000000
1733616000,1.90710000,2.16880000,1.88680000,2.14710000,11768191.00000000
1733702400,2.14710000,2.22630000,1.62640000,2.00510000,16196694.55500000
1733788800,2.00410000,2.09950000,1.75420000,1.95070000,9665077.00000000
1733875200,1.95060000,2.15570000,1.83000000,2.05710000,7746524.00000000
1733961600,2.05850000,2.27680000,2.03130000,2.07750000,8055527.50000000
1734048000,2.07690000,2.15300000,2.02310000,2.10460000,3949573.00000000
1734134400,2.10540000,2.14230000,1.96320000,2.04450000,3093242.00000000
1734220800,2.04450000,2.20000000,1.95500000,2.16830000,4458868.00000000
1734307200,2.16940000,2.20110000,1.98250000,1.99660000,5174714.00000000
1734393600,1.99670000,2.01290000,1.83240000,1.86860000,4601469.00000000
1734480000,1.87050000,1.90260000,1.63000000,1.69240000,6892007.00000000
1734566400,1.69180000,1.72390000,1.44850000,1.52140000,11516217.00000000
1734652800,1.52200000,1.60060000,1.23310000,1.58160000,16407268.00000000
1734739200,1.58210000,1.74400000,1.49730000,1.51900000,7478381.00000000
1734825600,1.51950000,1.56390000,1.44090000,1.47430000,3993468.00000000
1734912000,1.47490000,1.66940000,1.42940000,1.61730000,5373818.00000000
1734998400,1.61730000,1.80170000,1.55000000,1.74580000,4868194.00000000
1735084800,1.74450000,1.82030000,1.70660000,1.73980000,2953924.00000000
1735171200,1.73880000,1.77120000,1.56510000,1.59690000,2949350.00000000
1735257600,1.59670000,1.65610000,1.51090000,1.52430000,2324026.00000000
1735344000,1.52460000,1.58140000,1.48970000,1.57290000,1987538.00000000
1735430400,1.57300000,1.57870000,1.44770000,1.46660000,1694475.00000000
1735516800,1.46660000,1.52820000,1.35890000,1.38600000,4017261.00000000
1735603200,1.38670000,1.43050000,1.34090000,1.34200000,3179270.00000000
1735689600,1.34210000,1.43530000,1.33820000,1.40090000,2673990.00000000
1735776000,1.40170000,1.53240000,1.39570000,1.47640000,3415933.00000000
1735862400,1.47640000,1.62850000,1.42510000,1.62710000,3844080.00000000
1735948800,1.62710000,1.64150000,1.53600000,1.59920000,3033283.00000000
1736035200,1.59940000,1.61000000,1.52980000,1.56960000,2230359.00000000
1736121600,1.57000000,1.63720000,1.52920000,1.55770000,3416080.00000000
1736208000,1.55700000,1.56620000,1.38290000,1.38290000,3886244.00000000
1736294400,1.38350000,1.41660000,1.19950000,1.27730000,6484273.00000000
1736380800,1.27740000,1.30180000,1.15480000,1.20050000,5015649.00000000
1736467200,1.20040000,1.28090000,1.19120000,1.25520000,3836512.00000000
1736553600,1.25540000,1.26710000,1.21160000,1.22760000,1527989.00000000
1736640000,1.22920000,1.23000000,1.17050000,1.18920000,1362255.00000000
1736726400,1.18970000,1.22650000,0.93080000,1.18410000,7911037.00000000
1736812800,1.18430000,1.25670000,1.17090000,1.19220000,4729187.00000000
1736899200,1.19310000,1.31920000,1.14970000,1.29700000,5096219.00000000
1736985600,1.29750000,1.31690000,1.21740000,1.26310000,4722334.00000000
1737072000,1.26530000,1.40020000,1.26330000,1.36570000,6863592.00000000
1737158400,1.36600000,1.38810000,1.17890000,1.22290000,6140704.00000000
1737244800,1.22330000,1.27380000,1.06320000,1.08930000,9887159.00000000
1737331200,1.08900000,1.19730000,1.02920000,1.06980000,8423263.00000000
1737417600,1.06840000,1.14700000,1.02470000,1.13010000,5374511.00000000
1737504000,1.13010000,1.14000000,1.07770000,1.08250000,2946879.00000000
1737590400,1.08190000,1.08540000,1.01390000,1.05140000,4341430.00000000
1737676800,1.05220000,1.07120000,0.97830000,0.98660000,3061209.00000000
1737763200,0.98660000,1.02400000,0.95650000,0.98430000,2494318.00000000
1737849600,0.98420000,1.02850000,0.94240000,0.94380000,2159337.00000000
1737936000,0.94300000,0.95580000,0.82350000,0.93280000,8303776.00000000
1738022400,0.93310000,0.95530000,0.85080000,0.85960000,4382056.00000000
1738108800,0.85910000,1.00800000,0.85290000,0.94300000,9966738.00000000
1738195200,0.94270000,1.02290000,0.93050000,0.99420000,3301376.00000000
1738281600,0.99410000,1.04200000,0.95420000,0.96220000,3547149.00000000
1738368000,0.96200000,0.99270000,0.85230000,0.86030000,3221925.00000000
1738454400,0.85980000,0.87910000,0.69220000,0.73650000,13273503.00000000
1738540800,0.73670000,0.82650000,0.53520000,0.79190000,28042010.00000000
1738627200,0.79210000,0.79780000,0.69830000,0.72110000,11291254.00000000
1738713600,0.72150000,0.73080000,0.66820000,0.67690000,5107649.00000000
1738800000,0.67690000,0.70440000,0.64220000,0.65260000,7327508.00000000
1738886400,0.65270000,0.71290000,0.61770000,0.63910000,6864655.00000000
1738972800,0.63940000,0.67120000,0.61500000,0.66820000,4376996.00000000
1739059200,0.66830000,0.69470000,0.63010000,0.66130000,5386428.00000000
1739145600,0.66160000,0.69760000,0.63290000,0.69350000,4139355.00000000
1739232000,0.69290000,0.79470000,0.69180000,0.72930000,7500899.00000000
1739318400,0.72960000,0.75730000,0.67010000,0.74760000,5581431.00000000
1739404800,0.74760000,0.76300000,0.69700000,0.71490000,3752006.00000000
1739491200,0.71500000,0.81420000,0.70970000,0.76610000,5416815.00000000
1739577600,0.76650000,0.77320000,0.73590000,0.75770000,2290381.00000000
1739664000,0.75740000,0.77760000,0.72180000,0.72440000,4073575.00000000
1739750400,0.72430000,0.73440000,0.67350000,0.68590000,4386812.00000000
1739836800,0.68620000,0.69500000,0.61220000,0.64600000,5621115.00000000
1739923200,0.64470000,0.66390000,0.63290000,0.64510000,3939119.00000000
1740009600,0.64520000,0.73500000,0.63850000,0.70980000,6548482.00000000
1740096000,0.71010000,0.74070000,0.65640000,0.66720000,4854483.00000000
1740182400,0.66690000,0.72740000,0.65970000,0.72490000,3034183.00000000
1740268800,0.72490000,0.72900000,0.68140000,0.69760000,2148174.00000000
1740355200,0.69830000,0.70730000,0.57600000,0.58170000,6944797.00000000
1740441600,0.58210000,0.59430000,0.53890000,0.58310000,13909128.00000000
1740528000,0.58290000,0.62480000,0.55380000,0.58200000,8026971.00000000
1740614400,0.58190000,0.61350000,0.56940000,0.58210000,4296083.00000000
1740700800,0.58220000,0.58270000,0.51560000,0.56050000,7591289.00000000
1740787200,0.56070000,0.57030000,0.53970000,0.56440000,3330688.00000000
1740873600,0.56450000,0.66940000,0.54860000,0.66100000,11076571.00000000
1740960000,0.66110000,0.66430000,0.52730000,0.53290000,8997321.00000000
1741046400,0.53300000,0.53900000,0.46110000,0.51170000,11845407.00000000
1741132800,0.51200000,0.63680000,0.50350000,0.59680000,15922567.00000000
1741219200,0.59680000,0.63080000,0.57420000,0.57630000,6897238.00000000
1741305600,0.57590000,0.58450000,0.53570000,0.54270000,7097162.00000000
1741392000,0.54250000,0.54430000,0.52030000,0.52570000,2767374.00000000
1741478400,0.52580000,0.52910000,0.46660000,0.47230000,5554572.00000000
1741564800,0.47280000,0.48960000,0.39860000,0.40500000,12243200.00000000
1741651200,0.40520000,0.42850000,0.37590000,0.41050000,16071320.00000000
1741737600,0.41060000,0.44000000,0.38980000,0.43450000,11203441.00000000
1741824000,0.43460000,0.44640000,0.40050000,0.41590000,7322766.00000000
1741910400,0.41610000,0.44900000,0.41420000,0.44180000,5677920.00000000
1741996800,0.44150000,0.49200000,0.43760000,0.47550000,9790792.00000000
1742083200,0.47550000,0.49060000,0.43840000,0.44370000,12115012.00000000
1742169600,0.44380000,0.47660000,0.44340000,0.46790000,7269733.00000000
1742256000,0.46760000,0.46840000,0.43130000,0.45060000,5759442.00000000
1742342400,0.45060000,0.47910000,0.44260000,0.47780000,7153963.00000000
1742428800,0.47810000,0.48150000,0.44220000,0.45010000,4763928.00000000
1742515200,0.45000000,0.45650000,0.42880000,0.44590000,3096917.00000000
1742601600,0.44620000,0.47420000,0.44380000,0.45880000,3586175.00000000
1742688000,0.45830000,0.46700000,0.44190000,0.46640000,4334867.00000000
1742774400,0.46660000,0.53370000,0.45260000,0.51230000,16542619.00000000
1742860800,0.51210000,0.56050000,0.50720000,0.55970000,11386252.00000000
1742947200,0.55970000,0.62890000,0.55520000,0.59300000,33065759.00000000
1743033600,0.59340000,0.62070000,0.58710000,0.59380000,9184265.00000000
1743120000,0.59360000,0.59430000,0.53480000,0.57200000,8862332.00000000
1743206400,0.57180000,0.57970000,0.49670000,0.50740000,9190360.00000000
1743292800,0.50780000,0.54140000,0.50250000,0.50770000,7768521.00000000
1743379200,0.50810000,0.51950000,0.47540000,0.49420000,6656987.00000000
1743465600,0.49430000,0.56520000,0.49290000,0.53630000,12425004.00000000
1743552000,0.53690000,0.56170000,0.49380000,0.50360000,10409283.00000000
1743638400,0.50440000,0.52750000,0.45690000,0.47920000,7399809.00000000
1743724800,0.47960000,0.49160000,0.44610000,0.47890000,6930404.00000000
1743811200,0.47870000,0.48830000,0.46010000,0.47000000,2494787.00000000
1743897600,0.46980000,0.46980000,0.39520000,0.40870000,7327486.00000000
1743984000,0.40880000,0.44550000,0.36800000,0.41350000,14285420.00000000
1744070400,0.41310000,0.43490000,0.38490000,0.38810000,6746960.00000000
1744156800,0.38820000,0.50050000,0.37230000,0.46760000,14765439.00000000
1744243200,0.46790000,0.49390000,0.45340000,0.47250000,11957157.00000000
1744329600,0.47240000,0.52290000,0.46660000,0.49760000,8805414.00000000
1744416000,0.49730000,0.60070000,0.48800000,0.58070000,13212710.00000000
1744502400,0.58080000,0.61490000,0.55840000,0.57630000,9205693.00000000
1744588800,0.57720000,0.59620000,0.54320000,0.55030000,7470029.00000000
1744675200,0.55070000,0.56300000,0.52500000,0.52810000,7024968.00000000
1744761600,0.52780000,0.53490000,0.50170000,0.50810000,7221268.00000000
1744848000,0.50820000,0.53930000,0.49830000,0.53220000,5316017.00000000
1744934400,0.53230000,0.54200000,0.51520000,0.52160000,2997034.00000000
1745020800,0.52110000,0.55370000,0.51870000,0.54380000,3140463.00000000
1745107200,0.54390000,0.55860000,0.52240000,0.53760000,3380940.00000000
1745193600,0.53750000,0.57170000,0.53590000,0.54960000,5182263.00000000
1745280000,0.54940000,0.62930000,0.53380000,0.62490000,8082225.00000000
1745366400,0.62490000,0.68220000,0.62000000,0.65530000,8332165.00000000
1745452800,0.65530000,0.67260000,0.61660000,0.65760000,5358774.00000000
1745539200,0.65780000,0.72500000,0.64320000,0.69110000,6706030.00000000
1745625600,0.69020000,0.73450000,0.67260000,0.70930000,4230668.00000000
1745712000,0.71000000,0.71780000,0.67400000,0.68970000,3108008.00000000
1745798400,0.69040000,0.72260000,0.65000000,0.68530000,3964817.00000000
1745884800,0.68550000,0.76100000,0.67170000,0.69190000,5641475.00000000
1745971200,0.69180000,0.70020000,0.64700000,0.68580000,5177872.00000000
1746057600,0.68550000,0.79190000,0.68390000,0.73090000,6229874.00000000
1746144000,0.73050000,0.75430000,0.71700000,0.73330000,3151542.00000000
1746230400,0.73330000,0.73330000,0.68020000,0.70040000,3183264.00000000
1746316800,0.70030000,0.70460000,0.66940000,0.67910000,2828686.00000000
1746403200,0.67900000,0.70390000,0.64880000,0.65910000,3534299.00000000
1746489600,0.65940000,0.66520000,0.61690000,0.65840000,4196067.00000000
1746576000,0.65840000,0.67540000,0.63300000,0.65460000,2719633.00000000
1746662400,0.65460000,0.76760000,0.65360000,0.76250000,4611204.00000000
1746748800,0.76240000,0.85810000,0.75610000,0.83430000,7825931.00000000
1746835200,0.83470000,0.90160000,0.82990000,0.89360000,5549712.00000000
1746921600,0.89260000,0.90130000,0.83000000,0.85640000,4537485.00000000
1747008000,0.85640000,0.90490000,0.78190000,0.84800000,9339150.00000000
1747094400,0.84650000,0.89790000,0.78790000,0.88550000,5142494.00000000
1747180800,0.88580000,0.89780000,0.81250000,0.82100000,3581761.00000000
1747267200,0.82100000,0.85260000,0.76180000,0.78380000,4632836.00000000
1747353600,0.78400000,0.80390000,0.74500000,0.75460000,3062332.00000000
1747440000,0.75460000,0.75510000,0.71580000,0.72570000,2790350.00000000
1747526400,0.72660000,0.83160000,0.71810000,0.81780000,5424298.00000000
1747612800,0.82000000,0.82580000,0.72320000,0.76250000,3961074.00000000
1747699200,0.76270000,0.83280000,0.75500000,0.82930000,4171045.00000000
1747785600,0.82870000,0.87000000,0.80650000,0.83750000,4889212.00000000
1747872000,0.83750000,0.89340000,0.83490000,0.88590000,4390134.00000000
1747958400,0.88610000,0.92320000,0.77840000,0.78400000,7046840.00000000
1748044800,0.78320000,0.82360000,0.77390000,0.80220000,2685237.00000000
1748131200,0.80270000,0.80590000,0.75330000,0.79870000,3502802.00000000
1748217600,0.79880000,0.84590000,0.79430000,0.80910000,3718421.00000000
1748304000,0.80930000,0.83780000,0.78070000,0.80550000,2600653.00000000
1748390400,0.80500000,0.81710000,0.76010000,0.79080000,2803020.00000000
1748476800,0.79080000,0.81160000,0.74790000,0.75220000,2326577.00000000
1748563200,0.75180000,0.76070000,0.64460000,0.65260000,5441079.00000000
1748649600,0.65300000,0.68400000,0.63090000,0.67690000,2728363.00000000
1748736000,0.67680000,0.69490000,0.64520000,0.68960000,2391198.00000000
1748822400,0.68930000,0.72000000,0.65430000,0.69400000,2043096.00000000
1748908800,0.69440000,0.71760000,0.67830000,0.67860000,1826599.00000000
1748995200,0.67860000,0.69650000,0.63640000,0.64070000,1783438.00000000
1749081600,0.64000000,0.66110000,0.57660000,0.58550000,3838140.00000000
1749168000,0.58610000,0.65900000,0.58440000,0.61280000,2751766.00000000
1749254400,0.61380000,0.66300000,0.60710000,0.64910000,2110551.00000000
1749340800,0.64970000,0.67700000,0.62730000,0.64260000,1929116.00000000
1749427200,0.64280000,0.73400000,0.62080000,0.72390000,4336401.00000000
1749513600,0.72460000,0.77390000,0.70220000,0.74650000,4055437.00000000
1749600000,0.74660000,0.75720000,0.68690000,0.69920000,2829918.00000000
1749686400,0.69920000,0.69990000,0.65000000,0.65000000,3255229.00000000
1749772800,0.64990000,0.64990000,0.59100000,0.64570000,4987244.00000000
1749859200,0.64580000,0.64890000,0.60460000,0.62000000,1988188.00000000
1749945600,0.62010000,0.63130000,0.60080000,0.62480000,2220085.00000000
1750032000,0.62590000,0.68650000,0.61470000,0.64540000,3625486.00000000
1750118400,0.64600000,0.65160000,0.58820000,0.60110000,4870988.00000000
1750204800,0.60140000,0.61390000,0.55760000,0.60430000,4034855.00000000
1750291200,0.60430000,0.61480000,0.58980000,0.59840000,1392795.00000000
1750377600,0.59860000,0.62130000,0.55470000,0.57990000,2706998.00000000
1750464000,0.57940000,0.58620000,0.51420000,0.53290000,2708199.00000000
1750550400,0.53350000,0.54450000,0.46990000,0.50820000,6580260.00000000
1750636800,0.50810000,0.58660000,0.50630000,0.58310000,4944193.00000000
1750723200,0.58320000,0.63460000,0.58320000,0.62060000,5032261.00000000
1750809600,0.62060000,0.62230000,0.58020000,0.58400000,2792085.00000000
1750896000,0.58380000,0.61520000,0.57670000,0.58460000,3536126.00000000
1750982400,0.58440000,0.61480000,0.57350000,0.60260000,2731356.00000000
1751068800,0.60290000,0.65200000,0.59250000,0.63620000,2193057.00000000
1751155200,0.63630000,0.69110000,0.62530000,0.68870000,5447638.00000000
1751241600,0.68920000,0.69160000,0.64620000,0.64910000,4931312.00000000
1751328000,0.64890000,0.65190000,0.60510000,0.61190000,3202796.00000000
1751414400,0.61180000,0.68890000,0.60830000,0.65240000,6651716.00000000
1751500800,0.65250000,0.69900000,0.64920000,0.67530000,4418419.00000000
1751587200,0.67520000,0.68430000,0.62520000,0.63880000,2568114.00000000
1751673600,0.63890000,0.64510000,0.61070000,0.63170000,1960068.00000000
1751760000,0.63190000,0.67890000,0.62350000,0.66290000,2768289.00000000
1751846400,0.66300000,0.67260000,0.63120000,0.64420000,1812537.00000000
1751932800,0.64420000,0.67140000,0.63460000,0.66040000,3861537.00000000
1752019200,0.66040000,0.70940000,0.65270000,0.70200000,3534171.00000000
1752105600,0.70210000,0.77370000,0.68910000,0.76490000,5278259.00000000
1752192000,0.76490000,0.79860000,0.70780000,0.72860000,6915795.00000000
1752278400,0.72870000,0.75730000,0.70520000,0.74840000,5268000.00000000
1752364800,0.74900000,0.82000000,0.74290000,0.79940000,5386573.00000000
1752451200,0.79940000,0.84950000,0.78180000,0.79620000,5858038.00000000
1752537600,0.79610000,0.83730000,0.75880000,0.83590000,5133230.00000000
1752624000,0.83510000,0.88710000,0.83080000,0.85010000,7602235.00000000
1752710400,0.85020000,0.90200000,0.82640000,0.86570000,6984652.00000000
1752796800,0.86580000,0.94210000,0.81500000,0.83210000,8163852.00000000
1752883200,0.83200000,0.85720000,0.80500000,0.85100000,4377996.00000000
1752969600,0.85140000,0.88720000,0.82270000,0.84960000,4254198.00000000
1753056000,0.84980000,0.88570000,0.82790000,0.84610000,5992218.00000000
1753142400,0.84640000,0.86630000,0.80120000,0.86050000,4054048.00000000
1753228800,0.86160000,0.86170000,0.76100000,0.78330000,4745181.00000000
1753315200,0.78350000,0.81790000,0.73160000,0.78480000,9076799.00000000
1753401600,0.78510000,0.79290000,0.75150000,0.79080000,4613106.00000000
1753488000,0.78940000,0.82230000,0.78200000,0.80300000,2524577.00000000
1753574400,0.80270000,0.86000000,0.79870000,0.84990000,2739367.00000000
1753660800,0.85000000,0.90060000,0.83170000,0.83990000,5502999.00000000
1753747200,0.83970000,0.88350000,0.82730000,0.83940000,3932021.00000000
1753833600,0.83900000,0.84010000,0.75850000,0.79750000,4373924.00000000
1753920000,0.79740000,0.83170000,0.74850000,0.75220000,4435970.00000000
1754006400,0.75170000,0.76550000,0.68010000,0.70150000,4721096.00000000
1754092800,0.70110000,0.71140000,0.65220000,0.67600000,3101060.00000000
1754179200,0.67590000,0.70310000,0.66580000,0.69840000,1431425.00000000
1754265600,0.69860000,0.72970000,0.69560000,0.71740000,2714268.00000000
1754352000,0.71840000,0.72070000,0.66330000,0.67680000,1723115.00000000
1754438400,0.67620000,0.68810000,0.65980000,0.68090000,2491514.00000000
1754524800,0.68060000,0.72600000,0.66010000,0.72540000,3485088.00000000
1754611200,0.72540000,0.74990000,0.72000000,0.74230000,3669309.00000000
1754697600,0.74280000,0.81390000,0.74280000,0.79890000,3786725.00000000
1754784000,0.79910000,0.81710000,0.77030000,0.79170000,2758554.00000000
1754870400,0.79090000,0.81310000,0.74010000,0.74530000,3476716.00000000
1754956800,0.74530000,0.79880000,0.73260000,0.78850000,3333358.00000000
1755043200,0.78850000,0.84120000,0.77900000,0.83580000,4803702.00000000
1755129600,0.83620000,0.83810000,0.70610000,0.71730000,8373343.00000000
1755216000,0.71730000,0.73840000,0.67930000,0.70730000,4531437.00000000
1755302400,0.70710000,0.71730000,0.69520000,0.71020000,1447611.00000000
1755388800,0.71030000,0.72800000,0.70170000,0.70510000,1574226.00000000
1755475200,0.70520000,0.70750000,0.66200000,0.66880000,3911599.00000000
1755561600,0.66880000,0.68000000,0.63420000,0.63620000,3227798.00000000
1755648000,0.63600000,0.66850000,0.62030000,0.66300000,2949043.00000000
1755734400,0.66310000,0.66650000,0.62730000,0.63010000,2342911.00000000
1755820800,0.62990000,0.68500000,0.60530000,0.68010000,5516969.00000000
1755907200,0.68000000,0.68070000,0.65310000,0.66380000,2215318.00000000
1755993600,0.66350000,0.67330000,0.63360000,0.64280000,3048735.00000000
1756080000,0.64360000,0.65320000,0.58250000,0.59270000,3886977.00000000
1756166400,0.59260000,0.61080000,0.58700000,0.59910000,3183097.00000000
1756252800,0.59940000,0.61610000,0.59260000,0.59690000,3721794.00000000
1756339200,0.59660000,0.60670000,0.58530000,0.60180000,3931035.00000000
1756425600,0.60190000,0.60320000,0.56370000,0.57700000,3915880.00000000
1756512000,0.57700000,0.59200000,0.56630000,0.58430000,2754031.00000000
1756598400,0.58450000,0.59190000,0.56790000,0.56840000,1891031.00000000
1756684800,0.56820000,0.57840000,0.54040000,0.55130000,3380562.00000000
1756771200,0.55170000,0.57090000,0.55000000,0.56320000,2900305.00000000
1756857600,0.56370000,0.57410000,0.55530000,0.57060000,1997489.00000000
1756944000,0.57070000,0.57370000,0.54920000,0.56280000,3485297.00000000
1757030400,0.56280000,0.62060000,0.56250000,0.59730000,7181420.00000000
1757116800,0.59710000,0.60400000,0.58500000,0.59090000,1183852.00000000
1757203200,0.59090000,0.59940000,0.57910000,0.58480000,1341373.00000000
1757289600,0.58520000,0.60560000,0.57790000,0.59130000,2797899.00000000
1757376000,0.59130000,0.60320000,0.57430000,0.58500000,3904301.00000000
1757462400,0.58500000,0.59120000,0.56860000,0.58320000,4247290.00000000
1757548800,0.58320000,0.60020000,0.57810000,0.59570000,4044100.00000000
1757635200,0.59570000,0.60620000,0.58730000,0.60490000,3094525.00000000
1757721600,0.60480000,0.63150000,0.60230000,0.62740000,3804919.00000000
1757808000,0.62730000,0.62760000,0.59750000,0.60370000,2378844.00000000
1757894400,0.60360000,0.61590000,0.58040000,0.59850000,2844781.00000000
1757980800,0.59850000,0.60330000,0.58440000,0.59510000,2160802.00000000
1758067200,0.59510000,0.60260000,0.57010000,0.59860000,4938311.00000000
1758153600,0.59900000,0.61710000,0.59390000,0.61110000,3108437.00000000
1758240000,0.61110000,0.61680000,0.59210000,0.59510000,3314240.00000000
1758326400,0.59500000,0.60360000,0.58760000,0.59250000,2252645.00000000
1758412800,0.59260000,0.59570000,0.57610000,0.57620000,1890414.00000000
1758499200,0.57610000,0.57860000,0.51640000,0.53420000,3077915.00000000
1758585600,0.53470000,0.55430000,0.52420000,0.53320000,1539577.00000000
1758672000,0.53340000,0.54240000,0.52310000,0.53580000,1151232.00000000
1758758400,0.53520000,0.53600000,0.47940000,0.48630000,2632891.00000000
1758844800,0.48680000,0.52380000,0.48390000,0.52200000,1978275.00000000
1758931200,0.52140000,0.53770000,0.51970000,0.52350000,1972179.00000000
1759017600,0.52290000,0.52580000,0.50790000,0.52360000,1289774.00000000
1759104000,0.52380000,0.97500000,0.51080000,0.67340000,133707579.00000000
1759190400,0.67350000,0.67400000,0.58130000,0.61590000,36679546.00000000
1759276800,0.61580000,0.64040000,0.57180000,0.60520000,14449225.00000000
1759363200,0.60540000,0.72000000,0.59090000,0.64060000,42138352.00000000
1759449600,0.64040000,0.64060000,0.61060000,0.62770000,8871066.00000000
1759536000,0.62760000,0.66720000,0.61680000,0.62060000,11154176.00000000
1759622400,0.62050000,0.63140000,0.60070000,0.61120000,5422123.00000000
1759708800,0.61110000,0.62500000,0.60110000,0.61370000,4733971.00000000
1759795200,0.61390000,0.61910000,0.57260000,0.57860000,4564062.00000000
1759881600,0.57870000,0.59610000,0.57430000,0.59070000,2900272.00000000
1759968000,0.59080000,0.59200000,0.55070000,0.56510000,3854584.00000000
1760054400,0.56500000,0.57240000,0.20310000,0.42000000,16353982.00000000
1760140800,0.41910000,0.44130000,0.38780000,0.39920000,10690527.00000000
1760227200,0.39920000,0.46200000,0.39380000,0.45120000,6514106.00000000
1760313600,0.45070000,0.47520000,0.43320000,0.46820000,4660119.00000000
1760400000,0.46860000,0.47070000,0.41680000,0.43590000,6943876.00000000
1760486400,0.43600000,0.51900000,0.42570000,0.43520000,25647409.00000000
1760572800,0.43510000,0.54430000,0.41070000,0.41570000,30484803.00000000
1760659200,0.41570000,0.43260000,0.37180000,0.38200000,11483178.00000000
1760745600,0.38210000,0.39920000,0.37850000,0.38710000,3522791.00000000
1760832000,0.38710000,0.41540000,0.38350000,0.40340000,3819801.00000000
1760918400,0.40290000,0.42110000,0.39700000,0.40080000,5019511.00000000
1761004800,0.40080000,0.41210000,0.38310000,0.38500000,4030327.00000000
1761091200,0.38500000,0.39170000,0.36130000,0.37170000,4513937.00000000
1761177600,0.37170000,0.39160000,0.37080000,0.38530000,2159399.00000000
1761264000,0.38550000,0.39390000,0.37940000,0.39000000,3309819.00000000
1761350400,0.39000000,0.39120000,0.38200000,0.38850000,1626438.00000000
1761436800,0.38850000,0.42260000,0.38590000,0.41380000,4873581.00000000
1761523200,0.41400000,0.42900000,0.39640000,0.39920000,4752908.00000000
1761609600,0.39910000,0.40900000,0.38140000,0.38970000,3128005.00000000
1761696000,0.38950000,0.39800000,0.37930000,0.38640000,2545803.00000000
1761782400,0.38630000,0.39040000,0.34850000,0.35940000,5543358.00000000
1761868800,0.35950000,0.37090000,0.35630000,0.36250000,1998993.00000000
1761955200,0.36260000,0.37550000,0.35880000,0.37460000,1511645.00000000
1762041600,0.37410000,0.37810000,0.36220000,0.37300000,1761496.00000000
1762128000,0.37170000,0.37360000,0.31220000,0.32300000,5793511.00000000
1762214400,0.32320000,0.32740000,0.27420000,0.29410000,8244597.00000000
1762300800,0.29400000,0.31150000,0.27690000,0.30670000,4543210.00000000
1762387200,0.30660000,0.30680000,0.28450000,0.29310000,4373696.00000000
1762473600,0.29290000,0.33370000,0.28770000,0.32470000,8365609.00000000
1762560000,0.32480000,0.33070000,0.31280000,0.32080000,4060952.00000000
1762646400,0.32080000,0.32670000,0.30440000,0.32080000,3261972.00000000
1762732800,0.32080000,0.33150000,0.31630000,0.32600000,5965976.00000000
1762819200,0.32600000,0.33060000,0.29680000,0.29780000,4493414.00000000
1762905600,0.29790000,0.31750000,0.29170000,0.29640000,3700523.00000000
1762992000,0.29640000,0.38920000,0.27170000,0.27960000,19260627.00000000
1763078400,0.27990000,0.28020000,0.25500000,0.25890000,9723478.00000000
1763164800,0.25870000,0.27260000,0.25790000,0.26710000,3606383.00000000
1763251200,0.26710000,0.26850000,0.24380000,0.24850000,4326687.00000000
1763337600,0.24780000,0.25820000,0.23390000,0.23620000,4420127.00000000
1763424000,0.23610000,0.24600000,0.22450000,0.23830000,9753100.00000000
1763510400,0.23820000,0.24020000,0.21720000,0.23040000,7242011.00000000
1763596800,0.23040000,0.23530000,0.20310000,0.20840000,9455383.00000000
1763683200,0.20850000,0.21300000,0.18460000,0.20310000,13709274.00000000
1763769600,0.20310000,0.29350000,0.18180000,0.20100000,61288126.00000000
1763856000,0.20090000,0.23130000,0.19470000,0.20340000,31781763.00000000
1763942400,0.20340000,0.21310000,0.19570000,0.21010000,9845429.00000000
1764028800,0.21010000,0.21140000,0.20170000,0.20840000,5282695.00000000
1764115200,0.20850000,0.21330000,0.20030000,0.21250000,4380366.00000000
1764201600,0.21250000,0.32890000,0.21120000,0.24930000,107399848.00000000
1764288000,0.24930000,0.25850000,0.23220000,0.23250000,19807795.00000000
1764374400,0.23260000,0.30160000,0.23230000,0.26640000,52697398.00000000
1764460800,0.26620000,0.28700000,0.24030000,0.24340000,29992128.00000000
1764547200,0.24320000,0.24510000,0.22040000,0.22970000,14120229.00000000
1764633600,0.22950000,0.28300000,0.22450000,0.25930000,35194573.00000000
1764720000,0.25910000,0.28990000,0.25740000,0.27010000,16305101.00000000
1764806400,0.27010000,0.27800000,0.25320000,0.25680000,6395049.00000000
1764892800,0.25660000,0.28500000,0.24160000,0.24650000,8966537.00000000
1764979200,0.24670000,0.26400000,0.24250000,0.24880000,9250954.00000000
1765065600,0.24890000,0.25220000,0.23850000,0.24350000,5404450.00000000
1765152000,0.24360000,0.28430000,0.24230000,0.26090000,25822519.00000000
1765238400,0.26100000,0.27050000,0.24910000,0.25940000,8514286.00000000
1765324800,0.25920000,0.31550000,0.25420000,0.27790000,31068985.00000000
1765411200,0.27780000,0.28300000,0.26050000,0.28050000,8834275.00000000
1765497600,0.28010000,0.29540000,0.26470000,0.26870000,9541412.00000000
1765584000,0.26850000,0.27520000,0.26230000,0.26750000,5155274.00000000
1765670400,0.26770000,0.26770000,0.25060000,0.25330000,4381876.00000000
1765756800,0.25370000,0.26570000,0.23310000,0.24060000,6899792.00000000
1765843200,0.24090000,0.24090000,0.23320000,0.23670000,3549491.00000000
1765929600,0.23670000,0.23920000,0.22190000,0.22380000,4010207.00000000
1766016000,0.22430000,0.22570000,0.20620000,0.20770000,5551956.00000000
1766102400,0.20780000,0.22580000,0.20410000,0.22360000,3626510.00000000
1766188800,0.22360000,0.23220000,0.22240000,0.22530000,3678349.00000000
1766275200,0.22520000,0.25150000,0.22030000,0.23040000,24876782.00000000
1766361600,0.23010000,0.23400000,0.22300000,0.22440000,7584296.00000000
1766448000,0.22440000,0.22980000,0.21550000,0.22280000,5145528.00000000
1766534400,0.22290000,0.22360000,0.21410000,0.21770000,4379229.00000000
1766620800,0.21780000,0.22520000,0.21280000,0.21300000,4968112.00000000
1766707200,0.21290000,0.22020000,0.20830000,0.21560000,4412440.00000000
1766793600,0.21550000,0.21780000,0.21390000,0.21760000,2654176.00000000
1766880000,0.21780000,0.21840000,0.21260000,0.21530000,2173470.00000000
1766966400,0.21510000,0.22570000,0.20850000,0.20930000,4834133.00000000
1767052800,0.20930000,0.21150000,0.20620000,0.21010000,2843766.00000000
1767139200,0.21000000,0.21150000,0.20240000,0.20380000,4541945.00000000
1767225600,0.20380000,0.21230000,0.19840000,0.21210000,4080597.00000000
1767312000,0.21210000,0.22110000,0.20970000,0.22050000,3495895.00000000
1767398400,0.22030000,0.22700000,0.21720000,0.22220000,4672728.00000000
1767484800,0.22210000,0.23110000,0.22210000,0.22760000,4052240.00000000
1767571200,0.22750000,0.23550000,0.22390000,0.23420000,4135517.00000000
1767657600,0.23420000,0.24060000,0.22430000,0.23610000,4731381.00000000
1767744000,0.23590000,0.23690000,0.21880000,0.22080000,4491933.00000000
1767830400,0.22090000,0.22290000,0.21150000,0.22000000,3076439.00000000
1767916800,0.22010000,0.22270000,0.21510000,0.21810000,2146725.00000000
1768003200,0.21820000,0.22140000,0.21330000,0.21510000,1446425.00000000
1768089600,0.21510000,0.22410000,0.21010000,0.21500000,4604990.00000000
1768176000,0.21510000,0.21920000,0.20630000,0.20800000,3482550.00000000
1768262400,0.20790000,0.22270000,0.20760000,0.22050000,3181194.00000000
1768348800,0.22050000,0.22540000,0.21720000,0.21900000,2910520.00000000
1768435200,0.21860000,0.22440000,0.20810000,0.21310000,4514711.00000000
1768521600,0.21320000,0.21610000,0.20790000,0.21540000,1946732.00000000
1768608000,0.21510000,0.24970000,0.21340000,0.22870000,12999802.00000000
1768694400,0.22860000,0.22960000,0.21170000,0.21190000,5821797.00000000
1768780800,0.21190000,0.21220000,0.19180000,0.19740000,6492242.00000000
1768867200,0.19740000,0.20060000,0.18170000,0.18420000,4718327.00000000
1768953600,0.18410000,0.19320000,0.18220000,0.18870000,4168076.00000000
1769040000,0.18890000,0.19510000,0.18260000,0.18650000,2299611.00000000
1769126400,0.18660000,0.20280000,0.18600000,0.19110000,9255608.00000000
1769212800,0.19130000,0.20470000,0.18820000,0.20020000,6301196.00000000
1769299200,0.20020000,0.22800000,0.18630000,0.18930000,28786570.00000000
1769385600,0.18960000,0.19790000,0.18400000,0.19030000,6548361.00000000
1769472000,0.19040000,0.19140000,0.18400000,0.19110000,3897834.00000000
1769558400,0.19110000,0.19210000,0.18600000,0.18810000,3684101.00000000
1769644800,0.18820000,0.18860000,0.16820000,0.17080000,5530937.00000000
1769731200,0.17070000,0.17220000,0.16190000,0.16620000,7704797.00000000
1769817600,0.16620000,0.16720000,0.13630000,0.15020000,10717987.00000000
1769904000,0.15010000,0.16110000,0.14410000,0.14710000,15422268.00000000
1769990400,0.14710000,0.15480000,0.14190000,0.15070000,8542975.00000000
1770076800,0.15070000,0.15140000,0.13730000,0.14220000,6639461.00000000
1770163200,0.14240000,0.14780000,0.13570000,0.13950000,6426794.00000000
1770249600,0.13960000,0.14190000,0.11550000,0.11720000,16293177.00000000
1770336000,0.11730000,0.13120000,0.10580000,0.12880000,13922631.00000000
1770422400,0.12860000,0.13300000,0.12400000,0.12920000,8380033.00000000
1770508800,0.12900000,0.13110000,0.12290000,0.12370000,4150935.00000000
1770595200,0.12380000,0.12530000,0.11900000,0.12280000,3555261.00000000
1770681600,0.12310000,0.12320000,0.11850000,0.12050000,2277395.00000000
1770768000,0.12030000,0.12420000,0.11640000,0.12230000,4002317.00000000
1770854400,0.12210000,0.13090000,0.12110000,0.12410000,4668332.00000000
1770940800,0.12420000,0.12950000,0.12040000,0.12840000,2586426.00000000
1771027200,0.12850000,0.13510000,0.12830000,0.13440000,6043553.00000000
1771113600,0.13440000,0.13440000,0.12290000,0.12540000,4240736.00000000
1771200000,0.12520000,0.15080000,0.12520000,0.13370000,37338922.00000000
1771286400,0.13360000,0.13410000,0.12810000,0.13050000,5519614.00000000
1771372800,0.13040000,0.14150000,0.12710000,0.12780000,8859804.00000000
1771459200,0.12790000,0.12840000,0.12090000,0.12200000,5643370.00000000
1771545600,0.12190000,0.12250000,0.11740000,0.12120000,7306126.00000000
1771632000,0.12090000,0.12180000,0.11850000,0.11860000,3239793.00000000
1771718400,0.11860000,0.11900000,0.11280000,0.11360000,5663108.00000000
1771804800,0.11360000,0.11360000,0.10480000,0.10830000,6272212.00000000
1771891200,0.10850000,0.10980000,0.10500000,0.10800000,4034996.00000000
1771977600,0.10800000,0.11910000,0.10800000,0.11590000,5424819.00000000
1772064000,0.11600000,0.11750000,0.11090000,0.11680000,7334714.00000000
1772150400,0.11670000,0.11990000,0.11210000,0.11460000,5560509.00000000
1772236800,0.11460000,0.11820000,0.10680000,0.11620000,5198442.00000000
1772323200,0.11630000,0.12050000,0.10990000,0.11200000,3369293.00000000
1772409600,0.11220000,0.11790000,0.11080000,0.11410000,2288662.00000000
1772496000,0.11410000,0.12000000,0.11200000,0.11610000,3647291.00000000
1772582400,0.11610000,0.12130000,0.11400000,0.11900000,3705872.00000000
1772668800,0.11920000,0.12680000,0.11840000,0.12070000,8896895.00000000
1772755200,0.12070000,0.12150000,0.11300000,0.11500000,3122367.00000000
1772841600,0.11500000,0.11520000,0.11110000,0.11150000,1672326.00000000
1772928000,0.11170000,0.11500000,0.10970000,0.11110000,1912030.00000000
1773014400,0.11120000,0.11670000,0.11090000,0.11340000,2485481.00000000
1773100800,0.11350000,0.11820000,0.11330000,0.11500000,2234883.00000000
1773187200,0.11510000,0.11590000,0.11260000,0.11540000,1764946.00000000
1773273600,0.11540000,0.11620000,0.11410000,0.11600000,2369126.00000000
1773360000,0.11570000,0.11970000,0.11530000,0.11590000,2735143.00000000
1773446400,0.11590000,0.11750000,0.11390000,0.11720000,1378868.00000000
1773532800,0.11710000,0.12120000,0.11580000,0.11950000,3398457.00000000
1773619200,0.11950000,0.12410000,0.11930000,0.12360000,5349612.00000000
1773705600,0.12360000,0.12590000,0.12060000,0.12200000,4498110.00000000
1773792000,0.12210000,0.12360000,0.11410000,0.11520000,3404850.00000000
1773878400,0.11530000,0.11700000,0.11090000,0.11340000,2813382.00000000
1773964800,0.11340000,0.11480000,0.11190000,0.11360000,2278526.00000000
1774051200,0.11360000,0.11480000,0.11040000,0.11140000,2408656.00000000
1774137600,0.11130000,0.11240000,0.10480000,0.10560000,3281733.00000000
1774224000,0.10580000,0.11330000,0.10350000,0.11250000,3929998.00000000
1774310400,0.11250000,0.11260000,0.10770000,0.11020000,1797061.00000000
1774396800,0.11020000,0.11480000,0.11000000,0.11470000,1843683.00000000
1774483200,0.11470000,0.14260000,0.11470000,0.11920000,81167673.00000000
1774569600,0.11930000,0.12410000,0.10780000,0.11070000,17831162.00000000
1774656000,0.11060000,0.11790000,0.11010000,0.11110000,12430975.00000000
1774742400,0.11090000,0.11110000,0.10370000,0.10590000,5682354.00000000
1774828800,0.10570000,0.10930000,0.10520000,0.10590000,3825309.00000000
1774915200,0.10580000,0.10800000,0.10340000,0.10770000,5032229.00000000
1775001600,0.10760000,0.10770000,0.10460000,0.10490000,4783975.00000000
1775088000,0.10480000,0.10590000,0.09620000,0.09740000,5865233.00000000
1775174400,0.09750000,0.10200000,0.09700000,0.09780000,4883072.00000000
1775260800,0.09770000,0.09890000,0.09510000,0.09700000,3871946.00000000
1775347200,0.09710000,0.09790000,0.09350000,0.09610000,3073270.00000000
1775433600,0.09620000,0.15440000,0.09620000,0.11810000,142593424.00000000
1775520000,0.11800000,0.14320000,0.10840000,0.12230000,71614871.00000000
1775606400,0.12240000,0.13150000,0.11710000,0.11950000,24613804.00000000
1775692800,0.11940000,0.12700000,0.11530000,0.11920000,23297560.00000000
1775779200,0.11910000,0.11990000,0.11560000,0.11680000,6800305.00000000
1775865600,0.11690000,0.11970000,0.11380000,0.11470000,10300172.00000000
1775952000,0.11470000,0.11520000,0.10910000,0.10940000,5298471.00000000
1776038400,0.10940000,0.11450000,0.10770000,0.11350000,6218123.00000000
1776124800,0.11350000,0.12170000,0.11250000,0.11560000,23261141.00000000
1776211200,0.11550000,0.12600000,0.11480000,0.12210000,23164833.00000000
1776297600,0.12190000,0.12360000,0.11750000,0.12210000,10085488.00000000
1776384000,0.12210000,0.12930000,0.11930000,0.12690000,12202920.00000000
1776470400,0.12690000,0.12870000,0.11800000,0.11840000,10621439.00000000
1776556800,0.11840000,0.12590000,0.11360000,0.11710000,19674213.00000000
1776643200,0.11720000,0.15890000,0.11610000,0.13720000,116621750.00000000
1776729600,0.13710000,0.14430000,0.12710000,0.12900000,23897400.00000000
1776816000,0.12910000,0.13420000,0.12730000,0.12760000,15638010.00000000
1776902400,0.12770000,0.12910000,0.12390000,0.12610000,8908555.00000000
1776988800,0.12620000,0.13500000,0.12560000,0.12960000,16762989.00000000
1777075200,0.12950000,0.13330000,0.12620000,0.12700000,8848949.00000000
1777161600,0.12710000,0.13020000,0.12490000,0.12830000,5501679.00000000
1777248000,0.12830000,0.13310000,0.12220000,0.12510000,16482578.00000000
1777334400,0.12500000,0.12510000,0.12260000,0.12370000,3791702.00000000
1777420800,0.12370000,0.12480000,0.11790000,0.11970000,6477087.00000000
1777507200,0.11970000,0.12170000,0.11890000,0.12030000,4211951.00000000
1777593600,0.12020000,0.12140000,0.11840000,0.11940000,3490789.00000000
1777680000,0.11940000,0.12720000,0.11930000,0.12500000,5650706.00000000
1777766400,0.12500000,0.12520000,0.12250000,0.12270000,2675606.00000000
1777852800,0.12250000,0.12680000,0.12160000,0.12250000,4508842.00000000
1777939200,0.12260000,0.13040000,0.12240000,0.12460000,11546268.00000000
1778025600,0.12470000,0.12930000,0.12420000,0.12830000,7016907.00000000
1778112000,0.12810000,0.12980000,0.12480000,0.12800000,6188744.00000000
1778198400,0.12800000,0.13200000,0.12610000,0.13170000,5125890.00000000
1778284800,0.13170000,0.13340000,0.12870000,0.13040000,3507345.00000000
1778371200,0.13040000,0.13520000,0.12840000,0.13400000,6259976.00000000
1778457600,0.13400000,0.13630000,0.12970000,0.13510000,4028767.00000000
1778544000,0.13500000,0.13550000,0.12740000,0.12950000,6278607.00000000
1778630400,0.12950000,0.13580000,0.12330000,0.12460000,9824844.00000000
1778716800,0.12450000,0.13180000,0.12280000,0.13050000,5538744.00000000
1778803200,0.13050000,0.13240000,0.11910000,0.12250000,5752647.00000000
1778889600,0.12240000,0.12320000,0.11620000,0.11910000,4084735.00000000
1778976000,0.11890000,0.12010000,0.11180000,0.11420000,4199672.00000000
1779062400,0.11400000,0.11450000,0.10940000,0.11250000,3885848.00000000
1779148800,0.11250000,0.11430000,0.10940000,0.11070000,3491834.00000000
1779235200,0.11090000,0.11530000,0.11000000,0.11400000,2594104.00000000
1779321600,0.11390000,0.11670000,0.11370000,0.11600000,2235478.00000000
1779408000,0.11590000,0.11780000,0.10920000,0.10990000,3441133.00000000
1779494400,0.10990000,0.11590000,0.10660000,0.11400000,2605881.00000000
1779580800,0.11400000,0.14650000,0.11330000,0.12830000,122972741.00000000
1779667200,0.12830000,0.12870000,0.12170000,0.12190000,29110321.00000000
1779753600,0.12200000,0.12210000,0.11570000,0.11610000,10277215.00000000
1779840000,0.11610000,0.11730000,0.11270000,0.11330000,7916836.00000000
1779926400,0.11320000,0.11450000,0.10810000,0.11030000,5142147.00000000
1780012800,0.11050000,0.11210000,0.10720000,0.11030000,4980927.00000000
1780099200,0.11030000,0.11340000,0.11030000,0.11140000,3453934.00000000
1780185600,0.11150000,0.11280000,0.10940000,0.11250000,3490605.00000000
1780272000,0.11240000,0.11550000,0.10990000,0.11240000,4257368.00000000
1780358400,0.11270000,0.11280000,0.10440000,0.10570000,4960840.00000000
1780444800,0.10580000,0.11250000,0.10450000,0.10870000,5728102.00000000
1780531200,0.10880000,0.10950000,0.09890000,0.10060000,10060736.00000000
1780617600,0.10060000,0.10100000,0.08950000,0.09280000,13421354.00000000
1780704000,0.09280000,0.09400000,0.08690000,0.09030000,5163520.00000000
1780790400,0.09040000,0.09580000,0.09020000,0.09380000,4356096.00000000
1780876800,0.09390000,0.09630000,0.09180000,0.09380000,2996391.00000000
1780963200,0.09370000,0.09450000,0.09020000,0.09270000,4215211.00000000
1781049600,0.09270000,0.09460000,0.08910000,0.09050000,4968025.00000000
1781136000,0.09050000,0.09570000,0.09050000,0.09450000,3337047.00000000
1781222400,0.09450000,0.09780000,0.09330000,0.09540000,3438601.00000000
1781308800,0.09550000,0.09900000,0.09550000,0.09810000,4073124.00000000
1781395200,0.09820000,0.10030000,0.09460000,0.09880000,4972888.00000000
1781481600,0.09870000,0.10230000,0.09790000,0.09900000,3840315.00000000
1781568000,0.09880000,0.10030000,0.09600000,0.09760000,3367503.00000000
1781654400,0.09770000,0.09890000,0.09450000,0.09630000,4438597.00000000
1781740800,0.09640000,0.09690000,0.09050000,0.09350000,3066589.00000000
1781827200,0.09330000,0.09500000,0.09130000,0.09340000,2687351.00000000
1781913600,0.09350000,0.09750000,0.09220000,0.09720000,5164417.00000000
1782000000,0.09730000,0.10610000,0.09560000,0.09580000,28340942.00000000
1782086400,0.09560000,0.09830000,0.09180000,0.09280000,8639593.00000000
1782172800,0.09270000,0.09340000,0.08720000,0.09020000,5876192.00000000
1782259200,0.09020000,0.09170000,0.08340000,0.08610000,10333791.00000000
1782345600,0.08620000,0.09030000,0.08250000,0.08620000,14544488.00000000
1782432000,0.08610000,0.08760000,0.08230000,0.08610000,6452872.00000000
1782518400,0.08620000,0.08880000,0.08500000,0.08560000,3906781.00000000
1782604800,0.08550000,0.08630000,0.08400000,0.08550000,2998393.00000000
1782691200,0.08530000,0.08770000,0.08450000,0.08670000,4975742.00000000
1782777600,0.08650000,0.08700000,0.08170000,0.08370000,6147381.00000000
1782864000,0.08380000,0.08790000,0.08180000,0.08630000,4373392.00000000
1782950400,0.08640000,0.09060000,0.08580000,0.08950000,5097379.00000000
1783036800,0.08950000,0.09370000,0.08920000,0.09070000,7170868.00000000
1783123200,0.09080000,0.09190000,0.08900000,0.09020000,3154060.00000000
1783209600,0.09010000,0.09030000,0.08700000,0.09000000,2610651.00000000
1783296000,0.09000000,0.09060000,0.08640000,0.08940000,4113739.00000000
1783382400,0.08940000,0.09070000,0.08690000,0.08730000,4408730.00000000
1783468800,0.08740000,0.08790000,0.08480000,0.08690000,3983204.00000000
1783555200,0.08700000,0.08760000,0.08620000,0.08660000,1373634.00000000
1783641600,0.08650000,0.08940000,0.08620000,0.08800000,3167583.00000000
1783728000,0.08810000,0.08980000,0.08680000,0.08690000,2814286.00000000
1783814400,0.08680000,0.08840000,0.08530000,0.08590000,1775811.00000000
1783900800,0.08580000,0.08720000,0.08340000,0.08440000,2793470.00000000
1783987200,0.08440000,0.08690000,0.08420000,0.08610000,2426253.00000000
1784073600,0.08610000,0.08790000,0.08480000,0.08620000,3302828.00000000
1784160000,0.08630000,0.08670000,0.08430000,0.08450000,1351247.00000000
1784246400,0.08440000,0.08580000,0.08310000,0.08420000,1750552.00000000
1784332800,0.08420000,0.08480000,0.08330000,0.08470000,1068960.00000000
1784419200,0.08470000,0.08510000,0.08360000,0.08430000,1305866.00000000
1784505600,0.08420000,0.08530000,0.08290000,0.08480000,2284242.00000000
1784592000,0.08480000,0.08730000,0.08480000,0.08660000,2840817.00000000
1784678400,0.08660000,0.08790000,0.08560000,0.08690000,1660323.00000000
1784764800,0.08700000,0.09110000,0.08530000,0.08540000,7868079.00000000
1784851200,0.08540000,0.08670000,0.08310000,0.08370000,2012401.00000000
1784937600,0.08370000,0.08450000,0.08300000,0.08430000,1431813.00000000
1785024000,0.08420000,0.08670000,0.08400000,0.08630000,2371807.00000000
1785110400,0.08650000,0.08690000,0.08160000,0.08240000,3382053.00000000
1785196800,0.08230000,0.08380000,0.08110000,0.08280000,3160158.00000000
1785283200,0.08290000,0.08350000,0.07970000,0.08150000,3545071.00000000
1785369600,0.08170000,0.08740000,0.08110000,0.08340000,6322534.00000000
1785456000,0.08330000,0.08430000,0.08120000,0.08210000,2866031.00000000
1785542400,0.08220000,0.08300000,0.08040000,0.08130000,1203636.00000000
1785628800,0.08130000,0.08270000,0.08130000,0.08210000,1270963.00000000
1785715200,0.08230000,0.08460000,0.08070000,0.08200000,3021442.00000000
1785801600,0.08200000,0.08290000,0.08130000,0.08190000,1503224.00000000
1785888000,0.08190000,0.08570000,0.08160000,0.08500000,3334917.00000000
1785974400,0.08490000,0.08710000,0.08330000,0.08430000,8293105.00000000
1786060800,0.08430000,0.08590000,0.08350000,0.08400000,3090254.00000000
1786147200,0.08390000,0.08660000,0.08380000,0.08590000,1419383.00000000
1786233600,0.08590000,0.08770000,0.08550000,0.08660000,2137307.00000000
1786320000,0.08660000,0.08990000,0.08570000,0.08630000,4772527.00000000
1786406400,0.08630000,0.08890000,0.08580000,0.08620000,4420961.00000000
1786492800,0.08630000,0.08840000,0.08310000,0.08400000,4485834.00000000
1786579200,0.08400000,0.08560000,0.08380000,0.08530000,2221080.00000000
1786665600,0.08530000,0.08540000,0.08330000,0.08460000,2276389.00000000
1786752000,0.08460000,0.08650000,0.08400000,0.08570000,2203358.00000000
1786838400,0.08560000,0.08740000,0.08470000,0.08570000,2659733.00000000
1786924800,0.08580000,0.08790000,0.08550000,0.08680000,2000850.00000000
1787011200,0.08670000,0.08900000,0.08510000,0.08640000,3453029.00000000
1787097600,0.08640000,0.09340000,0.08600000,0.09110000,3908762.00000000
1787184000,0.09100000,0.09480000,0.09010000,0.09450000,5131594.00000000
1787270400,0.09460000,0.10380000,0.09450000,0.10110000,8153986.00000000
1787356800,0.10110000,0.10630000,0.09310000,0.09840000,9858631.00000000
1787443200,0.09840000,0.11310000,0.09540000,0.11070000,9081775.00000000
1787529600,0.11050000,0.14030000,0.10480000,0.11980000,82266838.00000000
1787616000,0.11980000,0.12790000,0.11110000,0.11180000,29553406.00000000
1787702400,0.11190000,0.11550000,0.10610000,0.11250000,11324588.00000000
1787788800,0.11250000,0.12120000,0.10950000,0.11790000,16582747.00000000
1787875200,0.11780000,0.11970000,0.11010000,0.11140000,11253575.00000000
1787961600,0.11130000,0.11310000,0.10970000,0.11030000,4065319.00000000
1788048000,0.11030000,0.11070000,0.10460000,0.10620000,6097305.00000000
1788134400,0.10610000,0.11000000,0.10530000,0.10730000,2998453.00000000
