t,o,h,l,c,v
1772560800,32.124,32.373,31.832,32.176,217443.34
1772564400,32.176,32.265,31.726,31.772,391683.83
1772568000,31.773,31.9,31.253,31.403,386555.18
1772571600,31.402,31.42,30.819,30.852,392330.61
1772575200,30.845,31.545,30.79,31.482,403676.3
1772578800,31.473,31.723,31.218,31.293,326002.1
1772582400,31.289,31.445,31.041,31.253,190513.69
1772586000,31.27,31.656,31.094,31.229,269374.1
1772589600,31.241,31.284,30.901,31.174,176655.19
1772593200,31.162,31.261,30.737,30.97,225361.54
1772596800,30.97,31.07,30.771,30.961,115978.27
1772600400,30.967,31.28,30.915,31.223,119480.1
1772604000,31.221,31.439,31.054,31.359,99588.17
1772607600,31.353,32.188,31.27,32.188,382643.82
1772611200,32.172,32.605,31.749,32.507,529831.36
1772614800,32.496,32.994,32.35,32.831,456035.1
1772618400,32.828,33.0,32.263,32.432,308114.2
1772622000,32.433,32.747,32.38,32.555,267944.91
1772625600,32.567,32.59,32.15,32.383,267556.14
1772629200,32.383,32.722,32.318,32.604,352895.12
1772632800,32.605,32.971,32.437,32.622,703302.1899999999
1772636400,32.609,33.2,32.609,33.137,600461.55
1772640000,33.136,33.2,32.458,32.761,547247.1899999999
1772643600,32.76,32.866,31.993,32.167,495503.92
1772647200,32.166,32.374,32.032,32.337,465739.33
1772650800,32.339,32.874,32.315,32.423,549383.74
1772654400,32.429,32.541,31.701,31.737,397392.98
1772658000,31.738,31.981,31.352,31.928,624820.1800000001
1772661600,31.937,31.992,31.679,31.839,176406.64
1772665200,31.842,32.41,31.824,32.166,353563.16
1772668800,32.166,32.249,31.87,31.971,220432.06
1772672400,31.969,32.108,31.375,31.493,232570.99
1772676000,31.499,31.722,31.299,31.512,352252.86
1772679600,31.511,31.647,31.411,31.498,119621.65
1772683200,31.491,31.735,31.483,31.646,62052.54
1772686800,31.627,31.856,31.5,31.531,170298.87
1772690400,31.533,31.772,31.322,31.745,138346.35
1772694000,31.749,31.88,31.46,31.545,146082.57
1772697600,31.55,31.87,31.525,31.87,179759.05
1772701200,31.86,32.153,31.512,31.659,366071.48
1772704800,31.659,32.252,31.575,32.053,262669.74
1772708400,32.052,32.073,31.65,31.826,193747.08
1772712000,31.823,32.065,31.724,31.936,77742.95
1772715600,31.952,31.959,31.37,31.379,274147.92
1772719200,31.378,31.936,31.265,31.895,359345.5
1772722800,31.895,31.921,30.929,31.308,707588.3199999999
1772726400,31.309,31.31,30.964,31.033,337847.62
1772730000,31.043,31.153,30.36,30.456,568466.42
1772733600,30.446,30.697,30.411,30.581,188393.83
1772737200,30.588,30.823,30.244,30.38,342131.31
1772740800,30.395,30.698,30.376,30.654,234110.33
1772744400,30.648,30.956,30.5,30.599,298690.42
1772748000,30.591,30.656,30.423,30.438,207386.71
1772751600,30.437,30.668,30.429,30.533,204958.66
1772755200,30.537,30.655,30.414,30.655,94085.88
1772758800,30.649,30.681,30.338,30.438,145488.54
1772762400,30.444,30.746,30.43,30.65,171920.5
1772766000,30.647,30.742,30.453,30.664,155273.38
1772769600,30.656,30.765,30.525,30.669,137604.76
1772773200,30.669,30.91,30.627,30.898,216376.96
1772776800,30.897,31.046,30.751,31.008,153580.63
1772780400,30.994,31.147,30.793,30.797,142838.53
1772784000,30.803,30.892,30.668,30.739,105503.6
1772787600,30.741,30.754,30.196,30.469,288278.1
1772791200,30.469,30.603,30.36,30.476,70022.96
1772794800,30.476,30.627,30.332,30.359,105141.89
1772798400,30.349,30.591,30.097,30.448,257613.15
1772802000,30.451,30.846,30.189,30.202,301199.08
1772805600,30.193,30.236,29.516,29.614,972426.14
1772809200,29.614,30.088,29.613,29.849,297152.37
1772812800,29.846,30.041,29.691,29.8,236889.56
1772816400,29.801,29.896,29.45,29.713,367082.57
1772820000,29.721,29.992,29.719,29.91,133760.71
1772823600,29.909,30.51,29.9,30.359,371416.21
1772827200,30.36,31.217,30.312,31.068,864350.27
1772830800,31.069,31.259,30.931,31.015,410894.22
1772834400,31.015,31.196,30.764,31.164,256379.9
1772838000,31.164,31.314,30.995,31.021,164319.57
1772841600,31.021,31.074,30.829,30.889,154624.69
1772845200,30.889,31.099,30.806,31.045,153965.01
1772848800,31.047,31.121,30.667,30.747,223555.08
1772852400,30.747,30.859,30.614,30.772,72448.47
1772856000,30.775,30.782,30.521,30.585,117915.46
1772859600,30.572,30.783,30.51,30.687,137402.87
1772863200,30.683,30.704,30.26,30.353,153651.57
1772866800,30.351,30.488,30.265,30.453,96102.93
1772870400,30.451,30.651,30.276,30.309,198895.45
1772874000,30.308,30.822,30.271,30.762,212527.74
1772877600,30.76,30.782,30.631,30.724,80717.38
1772881200,30.706,31.1,30.668,30.916,328926.2
1772884800,30.914,30.929,30.688,30.736,127670.09
1772888400,30.735,30.99,30.723,30.986,67197.19
1772892000,30.986,31.119,30.788,31.022,107833.51
1772895600,31.03,31.041,30.616,30.73,69863.27
1772899200,30.731,30.874,30.632,30.798,46624.07
1772902800,30.794,30.969,30.741,30.848,109034.59
1772906400,30.847,30.847,30.301,30.449,270839.97
1772910000,30.45,30.507,29.8,30.17,492828.7
1772913600,30.164,30.32,30.025,30.146,166659.73
1772917200,30.136,30.186,29.859,30.062,209056.6
1772920800,30.05,30.177,29.948,30.102,134520.51
1772924400,30.109,30.307,30.064,30.306,84714.81
1772928000,30.305,30.367,30.014,30.126,146176.65
1772931600,30.132,30.234,30.015,30.175,227711.91
1772935200,30.174,30.284,30.04,30.133,76632.82
1772938800,30.134,30.203,30.05,30.07,69463.1
1772942400,30.07,30.212,29.808,29.941,88074.34
1772946000,29.942,30.208,29.942,30.037,104324.22
1772949600,30.037,30.089,29.669,29.819,188653.92
1772953200,29.823,30.25,29.808,30.175,139181.75
1772956800,30.175,30.36,30.057,30.299,68054.25
1772960400,30.295,30.486,30.271,30.348,170897.03
1772964000,30.351,30.656,30.351,30.474,141454.9
1772967600,30.471,30.596,30.292,30.331,111305.35
1772971200,30.331,30.409,30.094,30.268,154860.65
1772974800,30.257,30.604,30.07,30.545,146737.91
1772978400,30.544,30.75,30.493,30.679,143295.4
1772982000,30.672,30.805,30.379,30.521,169259.83
1772985600,30.521,30.668,30.088,30.171,165818.91
1772989200,30.164,30.328,30.109,30.287,70224.8
1772992800,30.288,30.32,30.093,30.204,59758.2
1772996400,30.207,30.781,30.131,30.776,184907.76
1773000000,30.775,31.22,30.629,30.766,319615.08
1773003600,30.771,30.863,30.447,30.532,189280.39
1773007200,30.53,30.632,30.109,30.58,784529.0
1773010800,30.582,31.134,30.54,30.686,570774.3100000001
1773014400,30.687,31.413,30.601,30.681,604439.78
1773018000,30.679,30.75,30.343,30.374,355957.54
1773021600,30.374,30.585,30.234,30.557,201768.52
1773025200,30.554,30.894,30.45,30.527,237904.54
1773028800,30.528,30.973,30.528,30.696,191110.63
1773032400,30.699,31.059,30.654,31.039,158043.65
1773036000,31.04,31.077,30.571,30.591,225101.37
1773039600,30.6,30.722,30.37,30.686,294716.59
1773043200,30.694,30.999,30.67,30.98,151278.83
1773046800,30.983,31.4,30.961,31.215,325145.3
1773050400,31.224,31.353,30.871,30.947,149124.87
1773054000,30.948,31.462,30.833,31.404,197664.88
1773057600,31.403,32.0,31.39,31.793,610958.24
1773061200,31.79,32.889,31.752,32.696,1194807.5700000001
1773064800,32.695,33.451,32.479,32.974,1184707.8200000001
1773068400,32.976,33.079,32.2,32.399,3800309.8500000001
1773072000,32.386,34.533,32.349,34.155,3459291.3900000001
1773075600,34.158,34.485,33.734,34.319,798872.21
1773079200,34.324,34.55,33.81,33.957,963524.87
1773082800,33.964,34.801,33.964,34.105,621266.55
1773086400,34.097,34.418,33.907,34.376,385489.2
1773090000,34.367,35.367,34.342,35.249,788681.59
1773093600,35.249,35.311,34.869,35.061,481209.63
1773097200,35.076,35.098,34.56,34.653,331157.96
1773100800,34.652,34.729,33.961,34.379,774414.61
1773104400,34.381,34.496,33.981,34.27,266605.64
1773108000,34.257,34.526,33.362,34.246,1473741.74
1773111600,34.266,34.729,34.132,34.725,421426.79
1773115200,34.723,34.86,34.411,34.526,335281.19
1773118800,34.529,34.684,34.013,34.145,130610.63
1773122400,34.145,34.191,33.846,34.071,179660.2
1773126000,34.064,34.553,33.996,34.545,251007.5
1773129600,34.545,35.144,34.527,34.871,649398.77
1773133200,34.874,35.056,34.703,34.746,223976.61
1773136800,34.741,34.833,34.526,34.672,243476.02
1773140400,34.673,35.011,34.596,34.928,171257.5
1773144000,34.929,35.017,34.618,34.895,186732.37
1773147600,34.902,35.183,34.3,34.476,539070.33
1773151200,34.466,34.944,33.923,34.74,905674.45
1773154800,34.741,34.873,34.277,34.795,422416.8
1773158400,34.808,34.886,34.065,34.24,306956.56
1773162000,34.226,34.359,33.908,34.17,250470.62
1773165600,34.17,34.223,33.79,33.874,302320.37
1773169200,33.885,34.142,33.7,33.944,189859.18
1773172800,33.942,34.126,33.932,34.057,84071.33
1773176400,34.058,34.087,33.564,33.661,253747.51
1773180000,33.663,34.087,33.614,34.047,258822.72
1773183600,34.039,34.279,34.026,34.172,169305.59
1773187200,34.167,34.5,34.07,34.412,161541.1
1773190800,34.412,34.566,34.246,34.558,159047.23
1773194400,34.559,34.852,34.44,34.543,262000.17
1773198000,34.542,34.567,34.234,34.357,78514.4
1773201600,34.351,34.868,34.324,34.847,99546.36
1773205200,34.847,35.0,34.442,34.586,198718.52
1773208800,34.583,34.894,34.427,34.612,212889.24
1773212400,34.607,34.807,34.311,34.39,179546.82
1773216000,34.391,34.51,34.25,34.45,107101.38
1773219600,34.449,34.54,34.301,34.343,134047.7
1773223200,34.34,34.743,34.083,34.588,183003.86
1773226800,34.588,34.989,34.481,34.878,293540.63
1773230400,34.877,35.728,34.755,35.517,824180.28
1773234000,35.531,36.377,35.41,36.07,1079683.77
1773237600,36.063,36.974,35.89,36.739,893180.55
1773241200,36.733,36.882,36.0,36.325,859741.86
1773244800,36.325,36.57,35.901,36.45,341076.9
1773248400,36.449,36.77,36.018,36.051,385286.53
1773252000,36.051,36.524,35.945,36.397,324581.33
1773255600,36.4,36.414,36.038,36.331,298682.65
1773259200,36.326,36.333,35.749,36.233,364040.41
1773262800,36.233,36.4,35.994,36.331,173221.3
1773266400,36.333,36.579,36.13,36.149,262751.14
1773270000,36.158,36.381,36.07,36.206,133128.97
1773273600,36.214,36.77,36.208,36.77,198200.13
1773277200,36.77,37.086,36.208,36.322,771009.45
1773280800,36.327,36.438,35.8,35.92,456256.18
1773284400,35.92,36.19,35.757,35.846,280265.94
1773288000,35.839,36.092,35.829,35.963,122716.32
1773291600,35.961,37.4,35.92,37.166,573569.99
1773295200,37.165,37.45,36.751,36.963,626982.1
1773298800,36.965,36.99,36.475,36.823,277696.39
1773302400,36.815,37.4,36.723,37.353,261497.37
1773306000,37.352,37.687,37.061,37.451,359510.33
1773309600,37.451,38.0,37.451,37.641,520017.44
1773313200,37.65,37.787,37.267,37.314,271008.46
1773316800,37.315,37.68,37.238,37.585,359294.52
1773320400,37.59,38.0,37.41,37.438,667244.74
1773324000,37.458,37.477,36.875,37.187,603264.49
1773327600,37.188,37.607,37.0,37.402,348408.85
1773331200,37.405,37.654,37.14,37.577,272125.1
1773334800,37.566,37.849,37.432,37.71,229589.67
1773338400,37.71,37.723,37.064,37.118,270160.04
1773342000,37.1,37.316,36.991,37.096,148450.23
1773345600,37.096,37.136,36.827,37.078,211750.6
1773349200,37.099,37.492,37.098,37.459,148698.37
1773352800,37.458,37.458,37.02,37.223,174778.24
1773356400,37.223,37.386,37.172,37.26,146400.35
1773360000,37.254,37.963,37.162,37.504,392519.87
1773363600,37.505,38.38,37.365,38.27,637630.65
1773367200,38.27,38.317,37.9,37.981,240039.87
1773370800,37.98,38.497,37.948,38.085,268724.03
1773374400,38.093,38.218,37.871,38.061,171918.58
1773378000,38.06,38.069,37.576,37.578,235673.56
1773381600,37.578,37.813,37.5,37.523,157644.84
1773385200,37.508,37.758,37.272,37.736,295559.95
1773388800,37.739,37.755,36.999,36.999,333713.86
1773392400,37.0,37.384,36.937,37.303,236585.66
1773396000,37.306,37.469,37.15,37.257,186654.74
1773399600,37.266,37.538,37.024,37.352,149736.28
1773403200,37.353,37.624,37.156,37.544,137842.76
1773406800,37.549,37.674,37.394,37.528,269030.74
1773410400,37.528,37.685,36.344,36.425,577475.48
1773414000,36.425,36.757,36.11,36.256,450541.36
1773417600,36.263,36.452,36.01,36.288,319510.56
1773421200,36.289,36.686,36.165,36.666,218960.0
1773424800,36.667,36.808,36.478,36.56,239597.43
1773428400,36.56,36.801,36.342,36.756,155260.59
1773432000,36.759,36.943,36.638,36.793,109440.76
1773435600,36.799,36.834,36.43,36.538,214999.1
1773439200,36.546,36.573,35.94,36.376,317658.04
1773442800,36.375,36.478,36.221,36.442,103074.53
1773446400,36.442,36.67,36.35,36.624,170082.78
1773450000,36.621,36.758,36.42,36.753,73295.35
1773453600,36.753,36.892,36.602,36.857,104381.7
1773457200,36.871,37.076,36.859,36.989,151528.11
1773460800,36.989,37.4,36.966,37.187,192970.49
1773464400,37.186,37.378,37.016,37.254,186465.51
1773468000,37.254,37.26,36.924,37.205,163237.55
1773471600,37.205,37.491,37.147,37.193,119454.73
1773475200,37.193,37.218,36.952,37.042,108054.63
1773478800,37.047,37.141,36.786,36.95,99471.36
1773482400,36.942,37.038,36.574,36.628,173279.47
1773486000,36.63,36.909,36.614,36.909,90234.05
1773489600,36.909,37.828,36.902,37.736,424291.09
1773493200,37.744,38.362,37.615,38.001,483583.69
1773496800,38.01,38.121,37.515,37.542,273579.84
1773500400,37.54,38.058,37.513,37.986,228262.91
1773504000,37.985,38.856,37.909,38.342,607748.39
1773507600,38.343,38.537,38.05,38.069,243853.07
1773511200,38.069,38.192,37.784,37.988,233571.08
1773514800,37.977,38.21,37.95,38.056,109670.12
1773518400,38.057,38.062,37.72,37.774,138299.84
1773522000,37.773,38.101,37.7,38.013,195518.06
1773525600,38.012,38.277,37.941,38.026,158055.26
1773529200,38.016,38.183,37.801,37.807,171034.37
1773532800,37.804,37.934,37.649,37.793,111751.27
1773536400,37.797,38.024,37.614,37.818,206877.21
1773540000,37.815,38.063,37.716,38.047,91431.16
1773543600,38.063,38.22,37.924,38.119,123829.26
1773547200,38.12,38.27,37.869,37.95,145756.65
1773550800,37.955,37.955,37.54,37.576,207368.78
1773554400,37.591,37.745,37.4,37.678,164643.57
1773558000,37.692,37.692,37.437,37.504,89486.08
1773561600,37.508,37.601,37.142,37.328,184057.26
1773565200,37.326,37.447,37.101,37.166,137504.73
1773568800,37.166,37.361,37.1,37.349,86501.31
1773572400,37.348,37.787,37.292,37.66,249490.83
1773576000,37.664,37.674,37.376,37.434,98135.75
1773579600,37.435,37.598,37.2,37.496,197670.19
1773583200,37.499,37.556,37.251,37.449,127446.76
1773586800,37.45,37.485,37.261,37.289,78328.57
1773590400,37.29,37.35,37.064,37.116,215232.28
1773594000,37.112,37.498,37.091,37.375,100657.74
1773597600,37.384,37.412,36.87,36.871,127505.89
1773601200,36.871,37.147,36.785,37.111,130128.98
1773604800,37.112,37.179,36.879,36.957,94137.15
1773608400,36.957,37.343,36.861,37.213,155896.17
1773612000,37.23,37.618,36.892,37.533,354594.21
1773615600,37.532,37.716,37.098,37.256,418634.55
1773619200,37.255,37.686,37.253,37.657,312559.94
1773622800,37.655,37.714,37.213,37.477,251287.15
1773626400,37.477,37.848,37.428,37.521,249727.88
1773630000,37.52,38.158,37.405,37.823,351950.15
1773633600,37.828,38.209,37.736,38.114,269405.93
1773637200,38.113,38.585,38.051,38.366,289058.34
1773640800,38.367,38.6,37.954,38.473,350125.55
1773644400,38.482,39.36,38.478,38.758,928711.85
1773648000,38.759,39.384,38.746,39.168,536334.36
1773651600,39.169,39.462,39.009,39.034,390686.2
1773655200,39.036,39.245,38.894,39.19,275795.93
1773658800,39.189,39.653,39.024,39.528,465303.78
1773662400,39.533,39.673,39.153,39.503,279880.94
1773666000,39.511,39.715,39.177,39.199,428063.6
1773669600,39.22,39.279,38.418,38.698,680722.51
1773673200,38.701,39.262,38.613,39.044,248003.01
1773676800,39.044,39.363,38.863,38.988,305070.58
1773680400,39.002,39.223,38.658,38.783,233223.93
1773684000,38.787,39.298,38.714,38.967,220434.42
1773687600,38.967,39.628,38.848,39.578,395008.83
1773691200,39.578,40.926,39.406,40.451,1192683.76
1773694800,40.452,41.361,40.386,41.112,974422.7
1773698400,41.111,41.476,40.862,41.128,602137.36
1773702000,41.127,41.362,40.6,40.821,555157.2
1773705600,40.82,41.28,40.233,40.457,651075.6
1773709200,40.459,40.938,40.248,40.774,473718.29
1773712800,40.771,40.802,40.39,40.457,161361.79
1773716400,40.458,40.693,40.0,40.511,364146.19
1773720000,40.511,40.669,40.258,40.51,119933.37
1773723600,40.5,40.955,40.367,40.563,311053.7
1773727200,40.558,41.568,40.554,41.072,385997.35
1773730800,41.088,41.498,41.055,41.498,157219.97
1773734400,41.488,41.549,40.721,40.998,260957.02
1773738000,41.0,41.0,40.436,40.603,270659.12
1773741600,40.598,41.054,40.462,40.951,265459.14
1773745200,40.943,41.8,40.751,41.449,381559.41
1773748800,41.45,41.697,41.128,41.248,333575.56
1773752400,41.247,41.318,40.657,40.666,305860.5
1773756000,40.666,40.941,40.425,40.47,294222.19
1773759600,40.47,40.667,39.66,39.908,598316.73
1773763200,39.908,40.417,39.898,40.27,182597.49
1773766800,40.276,40.554,40.25,40.548,180911.66
1773770400,40.543,41.278,40.324,41.202,396130.4
1773774000,41.211,41.382,40.991,41.028,253619.27
1773777600,41.033,41.959,40.926,41.94,485127.78
1773781200,41.941,42.192,41.759,41.86,337801.76
1773784800,41.86,41.95,41.404,41.448,268423.13
1773788400,41.449,41.539,41.1,41.183,214218.44
1773792000,41.183,41.448,40.55,41.171,433269.3
1773795600,41.172,42.108,41.142,42.004,384878.43
1773799200,42.0,42.32,41.71,41.769,317417.01
1773802800,41.771,42.399,41.697,42.231,331485.12
1773806400,42.232,42.327,41.763,41.869,229806.32
1773810000,41.872,41.874,41.374,41.428,264382.59
1773813600,41.443,42.167,41.405,41.991,211371.48
1773817200,41.985,42.116,41.659,41.734,173802.53
1773820800,41.736,42.096,41.354,41.451,367747.18
1773824400,41.453,41.467,41.083,41.445,371374.42
1773828000,41.446,41.608,41.28,41.484,175448.14
1773831600,41.485,41.691,40.9,41.192,514149.06
1773835200,41.192,41.289,40.311,40.602,580423.09
1773838800,40.603,43.082,40.226,41.315,2379908.6899999999
1773842400,41.31,41.537,40.539,41.109,1411945.0
1773846000,41.111,41.748,40.859,41.572,793852.88
1773849600,41.61,42.647,41.533,42.616,931410.97
1773853200,42.616,43.746,42.453,43.242,1382740.6799999999
1773856800,43.263,43.752,42.212,42.486,1277445.3600000001
1773860400,42.472,42.75,41.76,42.558,678810.98
1773864000,42.553,42.933,42.0,42.618,576331.55
1773867600,42.616,43.035,42.384,42.433,318127.98
1773871200,42.429,42.434,41.562,41.885,505093.8
1773874800,41.886,42.223,41.714,42.107,230771.16
1773878400,42.117,42.27,41.455,41.471,409487.96
1773882000,41.472,41.76,41.128,41.183,242222.27
1773885600,41.158,41.494,41.076,41.322,188673.63
1773889200,41.345,41.842,41.15,41.559,281369.9
1773892800,41.558,41.629,41.0,41.014,225514.61
1773896400,41.001,41.541,41.001,41.346,199780.64
1773900000,41.349,41.651,41.12,41.19,177378.72
1773903600,41.171,41.21,40.056,40.157,1075669.0900000001
1773907200,40.16,40.284,39.376,39.703,799270.26
1773910800,39.701,39.91,39.093,39.854,666483.88
1773914400,39.846,40.062,39.58,39.601,278839.96
1773918000,39.601,39.958,39.417,39.496,227299.23
1773921600,39.492,39.496,38.717,38.875,673752.92
1773925200,38.874,39.536,38.634,39.535,1036930.73
1773928800,39.536,39.569,39.024,39.525,498186.19
1773932400,39.511,39.817,38.84,39.608,677889.34
1773936000,39.606,39.822,39.26,39.388,292489.43
1773939600,39.388,40.312,39.101,40.128,589814.13
1773943200,40.135,40.278,39.578,40.015,248188.87
1773946800,40.013,40.578,39.64,39.787,466130.86
1773950400,39.787,40.083,39.393,39.491,449783.06
1773954000,39.49,39.65,39.11,39.252,426528.53
1773957600,39.241,39.588,39.031,39.399,374426.0
1773961200,39.4,39.595,39.092,39.348,370827.64
1773964800,39.343,40.046,39.25,39.999,312521.08
1773968400,40.012,40.37,39.714,39.758,450859.53
1773972000,39.75,40.043,39.56,39.652,288900.41
1773975600,39.657,39.918,39.399,39.901,298699.17
1773979200,39.901,40.13,39.476,39.609,260038.16
1773982800,39.624,39.952,39.427,39.925,207671.48
1773986400,39.932,39.934,39.142,39.416,262832.37
1773990000,39.416,40.435,39.18,40.377,289063.83
1773993600,40.374,40.771,39.807,39.892,435394.55
1773997200,39.897,39.897,39.259,39.479,282274.93
1774000800,39.486,39.817,39.221,39.505,252640.79
1774004400,39.507,39.891,39.357,39.522,215170.12
1774008000,39.521,39.681,39.151,39.499,218518.26
1774011600,39.499,39.657,39.008,39.084,304523.76
1774015200,39.072,39.439,38.684,38.792,567617.1899999999
1774018800,38.792,39.555,38.792,39.491,282837.04
1774022400,39.491,40.01,39.319,39.439,386284.36
1774026000,39.439,39.481,38.907,39.236,311763.63
1774029600,39.229,39.364,38.765,38.998,434771.01
1774033200,38.998,39.221,38.36,39.118,727281.4399999999
1774036800,39.117,39.667,38.753,39.153,435340.61
1774040400,39.153,39.673,38.887,39.625,357391.57
1774044000,39.623,40.14,39.572,40.043,374096.91
1774047600,40.037,40.05,39.466,39.538,264097.29
1774051200,39.545,39.751,39.401,39.467,86577.47
1774054800,39.468,39.527,39.26,39.451,146549.6
1774058400,39.447,39.806,39.309,39.733,76855.21
1774062000,39.733,39.857,39.55,39.644,97753.03
1774065600,39.641,39.82,39.387,39.507,100269.88
1774069200,39.506,39.579,39.209,39.355,64006.93
1774072800,39.346,39.534,39.25,39.399,54708.15
1774076400,39.394,39.744,39.39,39.698,68751.79
1774080000,39.699,39.711,39.449,39.507,49689.55
1774083600,39.51,39.739,39.483,39.652,40944.26
1774087200,39.659,39.753,39.529,39.742,28084.2
1774090800,39.742,40.092,39.724,40.076,149622.14
1774094400,40.081,40.158,39.718,39.782,165426.7
1774098000,39.795,39.97,39.689,39.966,54459.48
1774101600,39.967,40.158,39.742,39.795,99034.45
1774105200,39.804,40.11,39.753,39.932,76332.38
1774108800,39.932,40.322,39.818,40.02,169444.7
1774112400,40.018,40.317,39.928,40.212,96261.43
1774116000,40.213,40.437,40.143,40.283,133372.65
1774119600,40.283,40.379,40.136,40.166,89580.66
1774123200,40.166,40.272,40.001,40.222,95510.44
1774126800,40.222,40.273,40.02,40.068,60574.86
1774130400,40.074,40.104,39.85,39.86,89208.07
1774134000,39.86,39.86,38.881,39.144,420314.02
1774137600,39.151,39.513,38.67,39.326,613206.0
1774141200,39.321,39.457,38.611,38.803,428907.08
1774144800,38.801,39.136,38.5,39.044,276556.65
1774148400,39.04,39.466,39.025,39.057,122423.55
1774152000,39.057,39.242,38.936,39.006,65919.25
1774155600,39.006,39.006,38.404,38.45,194570.46
1774159200,38.448,38.452,38.03,38.432,348045.81
1774162800,38.432,38.566,38.216,38.281,177899.56
1774166400,38.29,38.3,37.895,38.258,346606.71
1774170000,38.259,38.331,37.965,38.175,111504.06
1774173600,38.18,38.197,37.964,38.026,99590.44
1774177200,38.016,38.022,37.816,37.939,239236.09
1774180800,37.939,38.302,37.938,38.254,172077.2
1774184400,38.258,38.391,38.121,38.286,192494.81
1774188000,38.296,38.396,38.193,38.237,80911.18
1774191600,38.237,38.32,37.984,38.059,232823.05
1774195200,38.063,38.198,37.921,38.039,191330.12
1774198800,38.034,38.206,37.967,38.077,79534.54
1774202400,38.076,38.195,37.897,38.084,120928.23
1774206000,38.075,38.081,37.897,38.006,100138.25
1774209600,38.001,38.337,37.918,37.96,194493.59
1774213200,37.976,38.055,37.546,37.754,537970.33
1774216800,37.763,38.519,37.467,38.433,403035.62
1774220400,38.429,38.746,38.274,38.358,251974.76
1774224000,38.356,38.444,37.583,37.623,391200.38
1774227600,37.615,38.143,37.53,38.007,269151.39
1774231200,38.01,38.406,37.829,38.165,153811.06
1774234800,38.164,38.46,38.032,38.036,151660.42
1774238400,38.036,38.261,38.007,38.246,75215.99
1774242000,38.23,38.492,38.02,38.262,138895.29
1774245600,38.256,38.256,37.528,37.772,156499.89
1774249200,37.77,37.8,37.384,37.48,222874.79
1774252800,37.485,37.747,37.222,37.29,245019.49
1774256400,37.292,37.361,36.886,37.0,355780.58
1774260000,37.002,37.1,36.795,37.023,253314.31
1774263600,37.022,39.554,37.008,37.586,2416147.2000000002
1774267200,37.591,38.479,37.153,38.404,669937.04
1774270800,38.404,38.945,38.22,38.945,621857.51
1774274400,38.945,39.0,38.0,38.234,669490.22
1774278000,38.236,38.365,37.626,37.689,493548.32
1774281600,37.689,37.805,37.34,37.606,364597.28
1774285200,37.604,38.236,37.563,38.223,291148.91
1774288800,38.223,38.229,37.6,37.76,268100.06
1774292400,37.746,38.068,37.559,37.93,201272.74
1774296000,37.931,38.245,37.735,38.212,214777.9
1774299600,38.212,38.225,37.755,37.856,137027.69
1774303200,37.864,37.885,37.447,37.585,177008.95
1774306800,37.585,37.593,37.085,37.37,424217.78
1774310400,37.37,37.697,37.267,37.592,207104.28
1774314000,37.592,37.658,37.234,37.369,150706.06
1774317600,37.378,37.63,37.285,37.549,95705.12
1774321200,37.554,37.87,37.449,37.868,149610.34
1774324800,37.869,38.285,37.863,38.088,270152.77
1774328400,38.105,38.13,37.832,37.859,182112.33
1774332000,37.86,38.13,37.795,38.105,221052.26
1774335600,38.105,38.553,38.05,38.54,315167.63
1774339200,38.54,38.696,38.148,38.218,245669.49
1774342800,38.202,38.6,38.07,38.542,155532.54
1774346400,38.541,38.706,38.237,38.702,152148.29
1774350000,38.702,38.834,38.5,38.606,219224.28
1774353600,38.601,38.645,38.364,38.534,113534.34
1774357200,38.534,38.878,38.155,38.462,390678.22
1774360800,38.464,38.792,37.918,38.573,845300.4399999999
1774364400,38.584,39.75,38.584,39.391,861666.46
1774368000,39.386,39.544,38.956,39.258,294408.09
1774371600,39.259,39.363,38.737,39.037,407735.96
1774375200,39.032,39.941,38.966,39.675,607329.9
1774378800,39.674,39.858,39.431,39.684,283974.44
1774382400,39.692,40.44,39.667,40.2,509658.79
1774386000,40.206,40.46,39.637,39.708,430064.9
1774389600,39.704,40.251,39.695,40.035,154287.56
1774393200,40.032,40.416,39.983,40.317,123247.61
1774396800,40.314,40.924,40.277,40.482,469197.99
1774400400,40.493,40.741,40.232,40.232,152733.32
1774404000,40.233,40.484,40.049,40.21,109668.3
1774407600,40.21,40.53,39.843,40.289,416630.68
1774411200,40.293,40.387,40.15,40.352,70763.83
1774414800,40.352,40.446,40.011,40.118,108480.1
1774418400,40.119,40.275,40.012,40.013,91692.87
1774422000,40.013,40.376,40.007,40.302,84843.32
1774425600,40.297,40.88,40.292,40.595,216580.5
1774429200,40.595,40.816,40.405,40.612,141197.83
1774432800,40.615,41.0,40.607,40.873,177270.1
1774436400,40.873,41.55,40.802,41.348,445655.3
1774440000,41.349,41.388,40.719,40.969,264281.16
1774443600,40.97,41.245,40.832,40.91,171798.61
1774447200,40.908,40.921,40.116,40.227,446929.27
1774450800,40.238,40.526,40.041,40.272,236737.24
1774454400,40.277,40.846,40.271,40.508,214074.71
1774458000,40.515,40.667,40.425,40.479,131015.75
1774461600,40.476,40.739,40.364,40.42,173893.54
1774465200,40.412,40.539,40.255,40.478,107619.84
1774468800,40.478,40.48,39.652,39.814,408120.04
1774472400,39.814,40.1,39.752,40.075,156742.09
1774476000,40.075,40.48,40.055,40.242,210600.91
1774479600,40.242,40.488,40.214,40.324,94911.81
1774483200,40.324,40.383,39.872,40.048,152881.98
1774486800,40.041,40.26,39.96,40.071,101826.7
1774490400,40.064,40.15,39.496,39.66,243538.06
1774494000,39.651,39.661,39.277,39.428,235705.85
1774497600,39.443,39.448,39.111,39.22,153730.84
1774501200,39.22,39.4,38.767,38.908,346829.16
1774504800,38.906,39.174,38.701,38.808,211822.16
1774508400,38.809,39.107,38.719,39.023,205726.96
1774512000,39.024,39.182,38.921,39.182,103314.58
1774515600,39.179,39.39,38.94,39.15,233042.2
1774519200,39.151,39.19,38.897,38.936,179419.43
1774522800,38.937,39.1,38.855,39.065,115762.67
1774526400,39.065,39.3,39.044,39.274,164417.34
1774530000,39.275,39.791,39.226,39.508,344046.34
1774533600,39.521,39.762,39.366,39.548,160230.98
1774537200,39.555,39.625,39.181,39.205,170802.67
1774540800,39.206,39.224,38.8,39.022,257048.11
1774544400,39.023,39.248,38.778,38.809,204479.15
1774548000,38.809,38.909,38.37,38.632,350558.34
1774551600,38.639,38.693,38.41,38.448,170572.96
1774555200,38.443,39.18,38.273,38.857,545678.77
1774558800,38.857,39.214,38.722,39.003,148372.37
1774562400,39.01,39.058,38.819,39.046,63209.2
1774566000,39.047,39.163,38.88,39.151,65314.39
1774569600,39.156,39.386,38.911,38.977,176188.7
1774573200,38.977,39.022,38.592,38.86,225476.77
1774576800,38.86,38.954,38.67,38.7,66342.87
1774580400,38.693,38.722,38.435,38.627,166306.62
1774584000,38.627,38.929,38.51,38.797,216084.74
1774587600,38.795,38.938,38.692,38.814,93938.21
1774591200,38.828,38.828,38.561,38.654,80369.64
1774594800,38.655,39.386,38.555,39.302,344699.8
1774598400,39.302,39.406,38.606,38.816,267793.65
1774602000,38.818,38.933,38.452,38.799,250177.61
1774605600,38.811,38.879,37.952,37.995,494109.22
1774609200,37.995,38.416,37.874,38.317,338849.47
1774612800,38.317,38.457,38.022,38.378,266958.57
1774616400,38.384,38.64,37.957,38.091,327630.53
1774620000,38.06,38.59,38.045,38.396,359847.09
1774623600,38.399,38.961,38.397,38.638,317074.59
1774627200,38.638,38.642,38.3,38.431,199869.43
1774630800,38.434,38.73,38.14,38.16,171798.26
1774634400,38.157,38.381,38.104,38.355,97616.56
1774638000,38.364,38.846,38.109,38.737,163050.16
1774641600,38.731,38.879,38.35,38.433,232391.67
1774645200,38.432,38.627,38.359,38.57,61349.47
1774648800,38.569,38.569,38.216,38.392,80802.26
1774652400,38.389,38.661,38.323,38.658,66869.75
1774656000,38.658,38.658,37.982,38.058,183131.03
1774659600,38.058,38.262,38.001,38.233,120195.54
1774663200,38.223,38.471,38.18,38.458,114801.65
1774666800,38.461,38.537,38.3,38.515,56410.93
1774670400,38.515,38.629,38.389,38.548,75842.21
1774674000,38.548,38.679,38.306,38.526,86700.51
1774677600,38.527,39.177,38.504,39.147,217132.78
1774681200,39.146,39.377,38.965,39.376,221465.32
1774684800,39.368,39.7,39.328,39.487,286165.19
1774688400,39.48,39.621,39.295,39.44,106563.28
1774692000,39.44,39.651,39.117,39.339,138070.29
1774695600,39.34,39.546,39.112,39.524,115175.42
1774699200,39.521,40.181,39.407,40.137,360931.05
1774702800,40.144,40.161,39.843,39.869,294220.17
1774706400,39.881,39.969,39.808,39.903,175214.58
1774710000,39.906,40.25,39.873,40.21,204307.41
1774713600,40.21,40.254,39.793,39.804,176451.14
1774717200,39.808,39.851,39.533,39.749,140019.61
1774720800,39.749,39.781,39.617,39.736,106206.23
1774724400,39.731,40.046,39.645,39.884,116762.99
1774728000,39.884,39.945,39.803,39.915,52726.02
1774731600,39.916,39.925,39.608,39.649,88516.49
1774735200,39.651,39.807,39.607,39.775,55405.27
1774738800,39.766,39.858,39.35,39.45,200297.99
1774742400,39.445,39.587,39.346,39.523,81353.67
1774746000,39.521,39.645,39.21,39.463,142086.08
1774749600,39.47,39.76,39.417,39.719,69030.67
1774753200,39.719,39.973,39.643,39.925,77827.54
1774756800,39.921,40.047,39.773,39.789,67260.22
1774760400,39.789,39.854,39.641,39.801,90662.01
1774764000,39.797,39.965,39.758,39.773,68908.68
1774767600,39.772,39.772,39.597,39.667,78012.56
1774771200,39.666,39.881,39.616,39.824,76202.76
1774774800,39.823,39.854,39.515,39.557,64324.22
1774778400,39.558,39.558,39.21,39.383,140695.47
1774782000,39.383,39.605,39.3,39.307,59729.01
1774785600,39.307,39.446,39.134,39.138,112522.41
1774789200,39.145,39.214,38.938,39.089,138686.12
1774792800,39.09,39.107,38.73,38.829,276016.79
1774796400,38.83,39.04,38.708,38.977,136789.15
1774800000,38.978,39.124,38.847,38.946,86515.51
1774803600,38.946,39.012,38.76,38.777,130796.82
1774807200,38.778,38.806,38.6,38.689,225967.55
1774810800,38.688,38.785,38.556,38.565,75827.95
1774814400,38.565,38.908,38.526,38.712,166870.91
1774818000,38.717,38.792,38.5,38.583,101797.55
1774821600,38.584,38.59,37.719,38.219,436678.76
1774825200,38.22,38.432,37.75,37.803,306876.23
1774828800,37.813,38.712,37.576,37.632,679547.54
1774832400,37.633,38.089,37.481,37.985,325203.04
1774836000,38.0,38.599,38.0,38.338,299820.63
1774839600,38.339,38.51,38.233,38.249,170119.11
1774843200,38.244,38.686,38.236,38.651,165022.47
1774846800,38.645,38.772,38.24,38.273,249905.05
1774850400,38.274,38.362,38.107,38.23,117185.66
1774854000,38.242,38.577,37.948,38.423,248691.19
1774857600,38.425,38.63,38.094,38.23,282559.8
1774861200,38.23,38.239,37.848,37.982,153227.02
1774864800,37.982,38.062,37.852,37.95,107191.55
1774868400,37.943,38.229,37.93,38.039,172277.93
1774872000,38.039,38.298,38.016,38.224,179982.07
1774875600,38.224,38.528,38.013,38.013,344643.02
1774879200,38.014,38.275,37.732,38.129,416153.04
1774882800,38.153,38.322,38.019,38.254,140651.79
1774886400,38.249,38.264,37.74,37.857,232776.39
1774890000,37.85,37.911,37.25,37.29,507769.87
1774893600,37.291,37.404,37.052,37.285,311419.98
1774897200,37.272,37.286,36.445,37.085,1057204.27
1774900800,37.081,37.139,36.748,36.874,304295.74
1774904400,36.873,37.274,36.853,37.057,300642.68
1774908000,37.056,37.236,36.975,37.201,111107.05
1774911600,37.201,37.202,36.636,36.824,291612.01
1774915200,36.823,37.394,36.636,37.129,370325.01
1774918800,37.133,37.586,37.015,37.413,507762.4
1774922400,37.412,37.624,37.342,37.356,121420.9
1774926000,37.355,37.363,37.056,37.311,121839.91
1774929600,37.311,37.342,37.0,37.012,122686.43
1774933200,37.012,37.231,36.904,37.168,97902.45
1774936800,37.168,37.268,37.074,37.114,52565.52
1774940400,37.109,37.113,36.391,36.722,434989.44
1774944000,36.723,36.749,36.137,36.177,234075.27
1774947600,36.16,36.294,35.729,35.863,517128.71
1774951200,35.861,36.094,35.761,36.006,275400.32
1774954800,36.0,36.072,35.65,35.796,243931.46
1774958400,35.795,36.046,35.725,35.982,157144.78
1774962000,35.988,36.615,35.952,36.583,479041.26
1774965600,36.585,36.937,35.855,36.02,749276.7
1774969200,36.017,36.374,35.96,35.981,364589.45
1774972800,35.981,36.945,35.969,36.891,611133.3
1774976400,36.894,37.34,36.53,36.645,741096.9399999999
1774980000,36.646,37.035,36.554,36.65,243360.29
1774983600,36.647,36.758,36.501,36.625,152074.13
1774987200,36.621,37.04,36.614,36.703,262722.91
1774990800,36.699,36.699,36.326,36.417,241609.86
1774994400,36.417,36.511,36.15,36.246,188008.93
1774998000,36.263,36.692,36.108,36.595,236793.94
1775001600,36.596,36.618,36.343,36.558,152528.86
1775005200,36.559,36.644,35.97,36.017,315531.25
1775008800,36.018,36.298,36.014,36.13,130437.32
1775012400,36.131,36.488,36.13,36.421,107731.49
1775016000,36.433,36.599,36.33,36.546,103494.4
1775019600,36.547,37.244,36.478,37.071,338392.19
1775023200,37.068,37.713,36.9,37.698,493653.37
1775026800,37.697,37.848,37.278,37.371,400676.13
1775030400,37.37,37.489,36.97,37.076,373434.5
1775034000,37.076,37.183,36.655,37.005,323435.64
1775037600,37.005,37.133,36.86,37.076,114525.21
1775041200,37.072,37.343,37.056,37.234,118755.51
1775044800,37.234,37.408,37.013,37.046,187152.74
1775048400,37.051,37.111,36.61,36.705,245031.4
1775052000,36.709,37.067,36.625,37.062,150413.28
1775055600,37.066,37.409,36.947,37.382,228165.7
1775059200,37.382,37.443,36.42,36.714,824530.87
1775062800,36.701,36.998,36.22,36.398,443526.64
1775066400,36.393,36.516,36.061,36.155,307981.99
1775070000,36.157,36.277,36.102,36.152,133122.19
1775073600,36.159,36.258,36.003,36.065,150608.01
1775077200,36.065,36.285,35.883,36.175,286058.29
1775080800,36.174,36.23,35.846,36.025,343622.89
1775084400,36.028,36.055,35.905,36.007,174226.96
1775088000,36.01,36.269,35.97,36.183,174126.14
1775091600,36.177,36.227,35.323,35.377,794321.39
1775095200,35.376,35.61,35.164,35.597,589922.92
1775098800,35.597,35.603,35.04,35.19,371052.27
1775102400,35.183,35.256,35.0,35.016,363599.64
1775106000,35.022,35.301,34.94,35.226,350432.74
1775109600,35.242,35.516,35.097,35.21,173624.03
1775113200,35.215,35.233,34.929,35.07,263895.5
1775116800,35.071,35.312,34.962,35.005,171955.31
1775120400,35.005,35.095,34.9,35.042,186639.18
1775124000,35.048,35.059,34.714,34.779,334218.86
1775127600,34.779,34.925,34.668,34.785,166646.28
1775131200,34.786,34.85,34.656,34.672,196314.24
1775134800,34.68,34.819,34.422,34.653,425558.0
1775138400,34.652,34.937,34.5,34.874,436667.33
1775142000,34.873,34.891,34.635,34.86,183601.35
1775145600,34.863,35.207,34.859,35.009,278712.15
1775149200,35.007,35.236,34.624,34.665,288062.1
1775152800,34.664,34.83,34.56,34.796,161230.05
1775156400,34.799,34.973,34.716,34.92,151644.21
1775160000,34.92,35.3,34.833,35.122,266143.3
1775163600,35.125,35.216,34.973,35.102,202316.99
1775167200,35.101,35.181,35.041,35.12,59677.4
1775170800,35.115,35.345,35.108,35.174,128758.18
1775174400,35.178,35.394,35.067,35.387,191572.32
1775178000,35.387,35.535,35.3,35.529,173849.33
1775181600,35.529,35.618,35.371,35.542,153308.88
1775185200,35.541,35.594,35.361,35.419,113932.16
1775188800,35.419,35.615,35.401,35.484,71817.75
1775192400,35.484,35.656,35.386,35.398,108310.85
1775196000,35.398,35.681,35.36,35.681,151485.43
1775199600,35.681,35.898,35.569,35.817,342680.01
1775203200,35.818,36.058,35.809,35.93,225229.99
1775206800,35.929,36.055,35.716,35.957,116991.21
1775210400,35.957,36.0,35.636,35.901,106723.76
1775214000,35.901,35.979,35.765,35.946,138800.33
1775217600,35.946,36.1,35.635,35.639,270967.2
1775221200,35.639,35.683,35.4,35.591,276823.32
1775224800,35.59,35.963,35.522,35.908,196567.98
1775228400,35.908,36.022,35.624,35.777,216862.9
1775232000,35.776,36.086,35.689,35.954,180856.02
1775235600,35.947,35.983,35.56,35.656,179504.39
1775239200,35.655,35.675,35.504,35.513,59375.63
1775242800,35.52,35.772,35.5,35.764,56148.2
1775246400,35.765,35.919,35.698,35.892,99772.13
1775250000,35.904,35.928,35.811,35.839,54931.67
1775253600,35.844,35.844,35.618,35.634,98463.66
1775257200,35.634,35.656,35.499,35.593,87713.32
1775260800,35.594,35.662,35.502,35.649,39993.32
1775264400,35.649,35.698,35.561,35.677,23733.79
1775268000,35.673,35.891,35.612,35.813,67415.13
1775271600,35.814,35.96,35.734,35.856,108135.89
1775275200,35.855,35.862,35.71,35.727,47657.88
1775278800,35.727,35.853,35.623,35.651,57352.6
1775282400,35.651,35.839,35.6,35.764,184118.19
1775286000,35.764,35.8,35.705,35.739,30371.99
1775289600,35.739,35.805,35.64,35.646,41873.37
1775293200,35.644,35.692,35.64,35.673,22500.44
1775296800,35.673,35.82,35.64,35.787,46413.04
1775300400,35.787,35.828,35.72,35.8,29093.23
1775304000,35.8,35.917,35.729,35.775,52137.17
1775307600,35.776,35.78,35.6,35.654,88041.17
1775311200,35.651,35.734,35.525,35.69,56668.02
1775314800,35.69,35.892,35.663,35.892,98286.72
1775318400,35.892,36.228,35.891,35.912,146961.78
1775322000,35.912,36.09,35.88,36.082,66239.72
1775325600,36.082,36.196,35.902,36.037,255100.99
1775329200,36.037,36.166,35.889,35.974,95860.71
1775332800,35.975,36.13,35.934,36.127,63003.91
1775336400,36.131,36.374,36.094,36.35,128161.02
1775340000,36.35,36.5,36.247,36.424,147114.53
1775343600,36.424,36.549,36.271,36.359,98367.99
1775347200,36.36,36.412,36.024,36.074,167219.02
1775350800,36.073,36.246,35.982,35.995,133856.22
1775354400,35.999,36.116,35.888,36.091,132551.74
1775358000,36.091,36.121,35.889,35.92,51621.32
1775361600,35.92,35.97,35.789,35.859,106119.38
1775365200,35.859,35.892,35.598,35.655,202785.2
1775368800,35.654,35.732,35.431,35.667,150854.15
1775372400,35.67,35.782,35.505,35.641,97663.53
1775376000,35.64,35.869,35.629,35.739,140894.41
1775379600,35.738,35.825,35.671,35.809,54904.16
1775383200,35.809,35.913,35.716,35.774,50987.14
1775386800,35.773,35.802,35.627,35.64,52270.0
1775390400,35.639,35.661,35.118,35.302,219823.22
1775394000,35.301,35.45,35.254,35.439,72875.56
1775397600,35.433,35.563,35.323,35.463,80496.85
1775401200,35.462,35.847,35.42,35.533,422517.17
1775404800,35.532,35.642,35.434,35.446,44424.55
1775408400,35.448,35.601,35.443,35.59,32055.31
1775412000,35.587,35.821,35.492,35.731,157691.77
1775415600,35.73,35.85,35.7,35.848,95223.81
1775419200,35.848,35.98,35.822,35.925,95187.52
1775422800,35.924,35.989,35.81,35.894,101535.02
1775426400,35.894,36.355,35.713,36.306,243513.88
1775430000,36.307,36.999,36.295,36.85,678554.89
1775433600,36.857,37.177,36.567,36.849,321362.51
1775437200,36.837,37.077,36.691,37.01,117762.74
1775440800,37.025,37.243,36.667,36.916,153180.22
1775444400,36.909,37.143,36.876,37.143,122736.86
1775448000,37.136,37.331,36.799,36.855,371952.01
1775451600,36.859,37.01,36.776,36.99,94472.81
1775455200,36.989,37.05,36.759,36.959,121025.35
1775458800,36.953,37.155,36.841,37.147,192485.54
1775462400,37.146,37.357,37.048,37.25,159702.27
1775466000,37.249,37.599,37.214,37.316,360791.06
1775469600,37.316,37.572,37.315,37.546,157638.38
1775473200,37.534,37.544,37.149,37.235,197736.39
1775476800,37.237,37.357,36.982,37.101,202707.21
1775480400,37.103,37.297,37.061,37.206,100070.59
1775484000,37.222,37.727,37.078,37.718,331599.82
1775487600,37.711,37.724,37.461,37.674,206618.83
1775491200,37.674,37.749,37.191,37.201,228537.7
1775494800,37.199,37.213,36.8,36.933,650076.6899999999
1775498400,36.925,37.178,36.863,37.067,135136.41
1775502000,37.066,37.36,36.991,37.302,144403.47
1775505600,37.304,37.337,37.125,37.192,201316.75
1775509200,37.191,37.212,36.9,36.94,113105.37
1775512800,36.928,36.967,36.105,36.141,340164.69
1775516400,36.141,36.364,35.951,36.287,341783.44
1775520000,36.286,36.526,36.228,36.411,135245.07
1775523600,36.411,36.544,36.184,36.248,117633.12
1775527200,36.253,36.423,36.034,36.372,174075.38
1775530800,36.372,36.472,36.35,36.4,78042.65
1775534400,36.4,36.507,36.275,36.469,133470.65
1775538000,36.469,36.473,36.126,36.185,86730.55
1775541600,36.185,36.249,36.066,36.221,59743.99
1775545200,36.221,36.291,36.07,36.195,55004.12
1775548800,36.195,36.455,36.188,36.42,78232.02
1775552400,36.421,36.955,36.384,36.925,227749.72
1775556000,36.924,37.149,36.243,36.394,280851.42
1775559600,36.394,36.434,36.19,36.383,149967.7
1775563200,36.383,36.48,35.898,36.106,281440.54
1775566800,36.103,36.295,35.929,35.929,219900.11
1775570400,35.929,36.131,35.715,35.878,167890.94
1775574000,35.876,36.189,35.861,36.034,138301.21
1775577600,36.038,36.3,36.023,36.216,116873.59
1775581200,36.216,36.672,36.204,36.45,199251.79
1775584800,36.45,36.598,36.323,36.37,118959.42
1775588400,36.366,37.171,36.356,37.164,267809.25
1775592000,37.163,37.3,36.922,37.126,403033.03
1775595600,37.126,37.92,37.103,37.804,608275.86
1775599200,37.804,38.802,37.727,38.738,1150095.2
1775602800,38.739,39.16,38.344,38.606,1198949.21
1775606400,38.609,38.863,38.259,38.409,403323.29
1775610000,38.409,38.434,38.104,38.263,136228.31
1775613600,38.269,38.62,38.221,38.6,207271.97
1775617200,38.599,38.652,38.273,38.296,83255.0
1775620800,38.298,38.908,38.258,38.858,312145.11
1775624400,38.851,39.283,38.835,39.111,449959.28
1775628000,39.111,39.288,38.972,39.025,197429.94
1775631600,39.027,39.419,38.82,39.396,270515.12
1775635200,39.408,39.566,39.261,39.509,245412.82
1775638800,39.512,39.701,39.236,39.48,223160.15
1775642400,39.485,39.541,39.18,39.21,129511.78
1775646000,39.206,39.455,39.1,39.273,140893.15
1775649600,39.273,39.75,39.1,39.675,293591.95
1775653200,39.675,39.792,39.177,39.252,375642.54
1775656800,39.253,39.341,38.503,38.6,560674.12
1775660400,38.594,38.928,38.53,38.861,354409.16
1775664000,38.86,38.971,38.44,38.571,431162.64
1775667600,38.571,38.88,38.487,38.632,390151.37
1775671200,38.631,38.631,37.76,37.793,556284.84
1775674800,37.8,38.092,37.751,38.081,308197.6
1775678400,38.087,38.237,37.911,38.231,171808.33
1775682000,38.237,39.673,38.233,39.559,1171119.6699999999
1775685600,39.562,39.563,38.65,38.743,568615.1899999999
1775689200,38.743,38.886,38.5,38.759,402587.76
1775692800,38.758,38.8,38.194,38.195,362684.46
1775696400,38.196,38.482,38.15,38.428,100032.47
1775700000,38.427,38.679,38.286,38.618,151504.95
1775703600,38.617,38.699,38.347,38.682,98935.21
1775707200,38.687,38.816,38.4,38.412,109221.94
1775710800,38.412,38.684,38.227,38.636,96054.95
1775714400,38.639,38.8,38.5,38.764,97389.82
1775718000,38.764,38.882,38.664,38.739,111487.42
1775721600,38.739,39.104,38.697,39.067,159726.6
1775725200,39.079,39.289,38.89,39.174,241485.91
1775728800,39.174,39.298,39.051,39.097,127706.53
1775732400,39.096,39.109,38.747,38.819,152203.56
1775736000,38.819,39.236,38.812,39.174,157622.25
1775739600,39.174,39.242,38.75,38.925,229890.42
1775743200,38.918,39.35,38.775,39.346,176236.34
1775746800,39.346,39.815,39.194,39.563,446930.44
1775750400,39.562,39.817,39.361,39.568,250466.73
1775754000,39.566,40.162,39.531,40.109,459049.92
1775757600,40.108,40.136,39.685,39.98,227781.96
1775761200,39.98,40.282,39.931,40.028,273121.66
1775764800,40.039,40.299,39.833,40.135,190285.21
1775768400,40.138,40.273,39.782,39.952,212733.71
1775772000,39.952,40.399,39.5,39.55,305095.72
1775775600,39.556,39.678,39.32,39.458,196922.08
1775779200,39.474,40.049,39.425,39.866,224613.54
1775782800,39.863,40.699,39.624,40.583,593470.3
1775786400,40.585,40.95,40.13,40.322,690820.95
1775790000,40.322,40.41,40.1,40.133,276035.33
1775793600,40.133,40.805,40.133,40.733,274771.7
1775797200,40.734,40.734,40.414,40.493,120516.37
1775800800,40.493,40.625,40.089,40.343,186846.34
1775804400,40.338,40.501,40.004,40.034,189730.93
1775808000,40.04,40.475,40.029,40.425,164877.84
1775811600,40.424,41.101,40.368,40.959,313100.88
1775815200,40.958,40.998,40.829,40.9,107545.02
1775818800,40.904,41.181,40.9,41.126,292375.55
1775822400,41.129,41.478,41.012,41.174,291919.02
1775826000,41.178,41.632,41.121,41.51,257943.39
1775829600,41.511,42.143,41.498,42.039,554189.66
1775833200,42.039,42.232,41.68,41.71,428203.92
1775836800,41.71,42.236,41.71,42.079,306324.48
1775840400,42.079,42.2,41.904,42.195,217883.18
1775844000,42.195,42.2,41.922,41.947,217099.54
1775847600,41.941,42.033,41.559,41.689,353502.64
1775851200,41.669,41.844,41.391,41.574,296427.88
1775854800,41.573,41.687,41.272,41.625,169623.87
1775858400,41.626,41.775,41.422,41.749,165320.17
1775862000,41.75,41.75,41.523,41.598,59245.7
1775865600,41.596,41.922,41.48,41.806,143624.84
1775869200,41.805,42.15,41.636,42.078,113505.27
1775872800,42.078,42.097,41.73,41.769,83214.42
1775876400,41.771,41.928,41.74,41.848,57951.76
1775880000,41.848,41.996,41.675,41.973,101552.31
1775883600,41.973,41.984,41.57,41.812,47254.07
1775887200,41.817,42.2,41.785,42.163,130866.59
1775890800,42.163,42.698,42.091,42.529,352269.51
1775894400,42.53,42.568,42.249,42.264,144875.25
1775898000,42.265,42.572,42.239,42.507,107081.33
1775901600,42.508,42.515,42.102,42.236,132017.26
1775905200,42.237,42.483,42.126,42.413,90559.46
1775908800,42.414,42.555,42.281,42.371,93674.55
1775912400,42.372,42.387,41.907,42.165,249138.47
1775916000,42.166,42.288,41.77,41.874,223712.3
1775919600,41.863,42.056,41.77,41.887,116962.66
1775923200,41.886,42.283,41.881,42.193,169874.84
1775926800,42.193,42.569,42.02,42.566,211954.56
1775930400,42.565,42.867,42.298,42.63,290686.68
1775934000,42.632,43.173,42.496,43.028,568420.47
1775937600,43.028,43.043,42.485,42.559,182960.37
1775941200,42.56,42.668,42.405,42.558,116137.61
1775944800,42.558,43.093,42.257,42.308,411865.28
1775948400,42.3,42.385,42.07,42.279,122989.32
1775952000,42.279,42.787,42.253,42.748,174280.5
1775955600,42.752,42.823,41.073,41.11,787214.04
1775959200,41.11,41.475,40.986,41.28,391073.2
1775962800,41.276,41.292,41.004,41.055,124954.93
1775966400,41.056,41.064,40.637,40.852,339157.03
1775970000,40.86,41.123,40.788,40.942,125391.59
1775973600,40.942,40.962,40.657,40.73,149637.32
1775977200,40.73,40.843,40.507,40.762,173794.9
1775980800,40.765,40.88,40.727,40.785,66270.72
1775984400,40.788,40.943,40.69,40.914,96238.3
1775988000,40.917,40.938,40.456,40.511,191112.25
1775991600,40.504,40.63,40.345,40.403,143955.76
1775995200,40.403,40.546,40.281,40.301,193023.51
1775998800,40.304,40.561,40.229,40.242,191726.65
1776002400,40.242,40.862,40.19,40.523,297233.67
1776006000,40.521,40.883,40.482,40.813,133412.24
1776009600,40.813,41.355,40.789,41.073,383626.08
1776013200,41.08,41.221,40.98,41.153,79881.93
1776016800,41.153,41.343,40.912,40.965,199149.73
1776020400,40.964,41.154,40.892,41.09,101062.63
1776024000,41.089,41.248,40.932,41.118,154802.93
1776027600,41.118,41.203,40.739,40.856,109300.85
1776031200,40.855,40.97,40.411,40.967,291835.78
1776034800,40.967,40.977,40.741,40.849,163858.43
1776038400,40.848,41.145,40.784,41.1,80472.66
1776042000,41.104,41.999,41.089,41.909,314375.42
1776045600,41.913,41.938,41.555,41.64,144512.39
1776049200,41.64,41.814,41.539,41.553,82926.01
1776052800,41.55,41.691,41.276,41.307,118002.06
1776056400,41.306,41.334,41.041,41.16,87106.41
1776060000,41.167,41.683,41.151,41.506,123770.5
1776063600,41.507,41.543,41.082,41.251,94251.85
1776067200,41.25,41.4,41.104,41.339,77094.7
1776070800,41.348,41.807,41.348,41.633,153687.57
1776074400,41.633,41.672,41.428,41.569,95071.26
1776078000,41.57,41.87,41.546,41.835,92944.6
1776081600,41.835,41.92,41.528,41.872,137121.54
1776085200,41.894,42.705,41.891,42.703,462258.64
1776088800,42.705,42.883,42.22,42.701,363958.32
1776092400,42.699,42.725,41.965,42.456,303549.64
1776096000,42.447,43.201,42.194,43.166,658255.35
1776099600,43.157,43.602,42.954,43.265,534123.8199999999
1776103200,43.269,43.875,43.212,43.808,384369.13
1776106800,43.817,43.999,43.554,43.641,540298.01
1776110400,43.624,43.656,43.153,43.437,426811.06
1776114000,43.445,43.839,43.346,43.502,214637.68
1776117600,43.502,44.611,43.49,44.483,769925.38
1776121200,44.485,44.617,44.201,44.339,442746.04
1776124800,44.326,44.854,44.134,44.7,469484.39
1776128400,44.707,44.94,44.463,44.849,291080.16
1776132000,44.849,45.0,44.535,44.726,340058.76
1776135600,44.717,44.805,44.343,44.683,168469.85
1776139200,44.682,45.0,44.447,44.966,192664.25
1776142800,44.955,45.0,44.418,44.807,437171.04
1776146400,44.807,44.924,44.66,44.78,124436.16
1776150000,44.78,44.853,44.478,44.52,103215.81
1776153600,44.519,45.34,44.409,45.006,415117.08
1776157200,45.021,45.117,44.768,44.901,264032.32
1776160800,44.891,45.062,44.792,44.869,93496.85
1776164400,44.874,45.014,44.628,44.8,107536.98
1776168000,44.801,45.093,44.707,44.935,135676.7
1776171600,44.936,45.198,44.341,44.451,451386.25
1776175200,44.448,44.606,43.625,43.74,999493.74
1776178800,43.715,43.973,43.298,43.515,724697.8100000001
1776182400,43.525,43.901,43.173,43.3,535855.71
1776186000,43.289,43.471,43.132,43.435,652337.23
1776189600,43.432,43.537,43.086,43.399,331013.98
1776193200,43.4,43.643,43.163,43.395,286005.11
1776196800,43.395,43.526,43.081,43.104,208908.15
1776200400,43.101,43.298,42.922,43.27,268564.67
1776204000,43.271,43.476,43.252,43.367,228124.61
1776207600,43.367,43.541,43.316,43.532,146220.88
1776211200,43.532,43.808,43.438,43.773,235852.91
1776214800,43.773,44.285,43.74,44.263,205933.03
1776218400,44.265,44.533,43.96,44.191,354787.22
1776222000,44.198,44.213,43.801,43.991,173537.58
1776225600,43.977,44.104,43.586,43.864,238024.2
1776229200,43.852,43.962,43.311,43.32,179823.16
1776232800,43.313,43.6,43.221,43.414,151050.35
1776236400,43.415,43.544,43.133,43.342,163065.67
1776240000,43.343,43.7,43.229,43.536,184094.18
1776243600,43.54,43.811,43.4,43.788,121854.57
1776247200,43.791,44.02,43.49,43.776,167935.27
1776250800,43.782,44.236,43.715,44.214,138687.11
1776254400,44.215,44.48,44.182,44.273,186543.01
1776258000,44.271,44.62,43.997,44.237,261526.98
1776261600,44.237,44.72,44.198,44.576,264832.12
1776265200,44.601,44.749,44.28,44.575,280783.2
1776268800,44.569,45.028,44.415,44.501,378125.01
1776272400,44.501,44.665,44.203,44.32,275261.09
1776276000,44.317,44.859,44.204,44.78,334722.19
1776279600,44.779,45.462,44.723,44.848,392208.61
1776283200,44.859,44.899,44.233,44.49,336779.23
1776286800,44.488,44.921,44.483,44.788,150038.55
1776290400,44.789,45.015,44.633,44.646,172365.25
1776294000,44.646,44.723,44.444,44.639,131507.39
1776297600,44.639,44.695,44.35,44.446,112624.72
1776301200,44.447,44.532,44.088,44.491,163770.57
1776304800,44.491,44.902,44.363,44.681,142203.0
1776308400,44.68,45.215,44.662,44.842,278005.94
1776312000,44.842,45.23,44.819,45.137,124578.61
1776315600,45.132,45.763,44.94,45.542,356779.39
1776319200,45.542,45.688,45.292,45.445,142042.69
1776322800,45.445,45.519,45.09,45.277,115437.91
1776326400,45.277,45.359,44.994,45.257,171926.67
1776330000,45.257,45.391,45.103,45.312,206451.19
1776333600,45.31,45.391,45.091,45.382,213495.04
1776337200,45.382,45.391,44.453,44.617,290688.67
1776340800,44.618,45.097,44.567,45.008,191015.9
1776344400,45.037,45.1,44.26,44.65,339874.82
1776348000,44.65,44.758,44.26,44.472,408252.12
1776351600,44.473,45.06,44.438,44.737,493365.42
1776355200,44.738,44.863,43.793,43.98,469187.81
1776358800,43.979,44.053,43.523,43.74,328858.96
1776362400,43.74,44.07,43.46,44.02,350106.43
1776366000,44.017,44.236,43.684,44.127,369102.98
1776369600,44.129,44.168,43.42,43.655,335721.16
1776373200,43.657,43.729,43.305,43.65,250125.86
1776376800,43.649,43.716,43.408,43.588,126720.64
1776380400,43.589,44.012,43.546,43.813,163089.81
1776384000,43.814,44.367,43.677,43.948,206232.37
1776387600,43.948,43.973,43.668,43.798,167005.88
1776391200,43.797,43.805,43.2,43.302,232854.84
1776394800,43.306,43.503,43.17,43.289,139678.11
1776398400,43.292,43.648,43.259,43.517,92443.67
1776402000,43.517,43.6,43.289,43.518,90874.73
1776405600,43.518,43.913,43.451,43.752,182322.83
1776409200,43.753,43.952,43.478,43.915,174658.18
1776412800,43.916,44.36,43.749,44.158,324569.28
1776416400,44.158,44.466,43.977,44.255,317876.86
1776420000,44.255,44.284,43.251,43.364,598813.48
1776423600,43.364,43.651,43.351,43.65,177217.43
1776427200,43.65,44.146,43.554,44.145,246297.64
1776430800,44.133,44.979,44.044,44.945,639729.09
1776434400,44.945,45.079,44.456,44.934,626678.4300000001
1776438000,44.934,45.309,44.687,45.276,395392.6
1776441600,45.276,45.5,45.088,45.158,440999.58
1776445200,45.146,45.222,44.414,44.584,437395.44
1776448800,44.587,44.693,43.991,44.126,615845.72
1776452400,44.125,44.438,43.953,44.418,174390.33
1776456000,44.407,44.694,44.109,44.669,212757.11
1776459600,44.667,44.8,44.391,44.571,98705.34
1776463200,44.57,44.861,44.488,44.7,113507.43
1776466800,44.699,44.738,44.352,44.622,174368.67
1776470400,44.622,44.874,44.468,44.866,163103.14
1776474000,44.865,45.21,44.742,44.961,163588.65
1776477600,44.96,45.21,44.94,45.163,94681.88
1776481200,45.162,45.456,45.065,45.14,204291.85
1776484800,45.139,45.18,44.854,45.013,162377.86
1776488400,45.004,45.08,44.802,44.818,119102.91
1776492000,44.815,44.945,44.744,44.825,99895.8
1776495600,44.829,44.842,44.604,44.609,112021.66
1776499200,44.616,44.997,44.326,44.997,229714.15
1776502800,44.996,45.108,44.598,44.786,126385.41
1776506400,44.786,44.79,44.379,44.478,124639.81
1776510000,44.478,44.489,44.05,44.306,251026.72
1776513600,44.306,44.486,43.97,44.231,178092.53
1776517200,44.227,44.327,44.006,44.074,282317.41
1776520800,44.086,44.432,44.056,44.361,121178.32
1776524400,44.361,44.627,44.263,44.587,108282.93
1776528000,44.579,44.701,44.106,44.239,162101.44
1776531600,44.239,44.291,44.118,44.181,40157.5
1776535200,44.184,44.284,44.0,44.174,150310.33
1776538800,44.167,44.312,43.733,43.995,249902.52
1776542400,44.0,44.157,43.903,44.125,61465.88
1776546000,44.122,44.203,43.933,44.182,109673.8
1776549600,44.182,44.257,44.062,44.19,84625.63
1776553200,44.187,44.286,43.717,43.781,171258.28
1776556800,43.78,43.933,43.4,43.653,295523.11
1776560400,43.653,43.708,43.35,43.576,157422.71
1776564000,43.575,43.64,43.1,43.335,416439.72
1776567600,43.332,43.415,43.148,43.34,233208.92
1776571200,43.34,43.633,43.325,43.6,172389.25
1776574800,43.596,43.643,43.428,43.45,68746.87
1776578400,43.45,43.45,43.197,43.45,66145.65
1776582000,43.449,43.45,42.888,43.141,271269.54
1776585600,43.14,43.333,43.08,43.301,80599.71
1776589200,43.3,43.327,42.681,42.913,240431.69
1776592800,42.921,43.063,42.83,43.043,128890.32
1776596400,43.043,43.412,42.911,43.397,254446.73
1776600000,43.396,43.53,43.14,43.501,137563.19
1776603600,43.501,43.925,43.466,43.589,302068.5
1776607200,43.588,43.652,43.392,43.567,155483.16
1776610800,43.564,43.656,43.267,43.371,124423.47
1776614400,43.371,43.39,43.072,43.168,153786.94
1776618000,43.164,43.182,41.844,41.888,1067745.5600000001
1776621600,41.887,41.95,41.377,41.437,907752.13
1776625200,41.437,41.67,41.437,41.555,215286.23
1776628800,41.552,41.63,41.214,41.403,258168.85
1776632400,41.403,41.529,41.02,41.074,216719.48
1776636000,41.073,41.367,40.84,41.072,446926.08
1776639600,41.069,41.08,40.5,40.69,529305.73
1776643200,40.69,41.317,40.676,41.19,420145.69
1776646800,41.19,41.61,41.19,41.572,309783.76
1776650400,41.575,41.577,41.003,41.013,186077.27
1776654000,41.015,41.408,40.9,41.232,222667.59
1776657600,41.235,41.27,40.947,40.991,139651.24
1776661200,40.991,41.156,40.717,41.069,274170.71
1776664800,41.069,41.482,40.973,41.134,231988.29
1776668400,41.15,41.568,40.782,40.91,313975.87
1776672000,40.91,41.066,40.712,40.871,218627.22
1776675600,40.879,41.24,40.842,41.022,162420.8
1776679200,41.023,41.233,40.938,40.952,164203.87
1776682800,40.958,41.221,40.915,41.19,92038.07
1776686400,41.198,41.568,41.147,41.415,251023.21
1776690000,41.42,41.441,41.011,41.172,206545.75
1776693600,41.172,41.79,40.872,40.97,417423.89
1776697200,40.975,41.613,40.585,41.192,677596.03
1776700800,41.199,41.256,40.73,40.767,392449.7
1776704400,40.76,41.543,40.67,41.258,534087.59
1776708000,41.258,41.633,41.169,41.41,370381.94
1776711600,41.41,41.478,41.144,41.321,104605.93
1776715200,41.318,41.565,41.145,41.447,243221.16
1776718800,41.447,41.575,40.956,40.996,220001.99
1776722400,40.996,41.129,40.8,40.959,139016.42
1776726000,40.943,40.943,40.561,40.705,215964.38
1776729600,40.7,40.716,40.359,40.57,493873.95
1776733200,40.57,40.983,40.487,40.836,201243.07
1776736800,40.844,40.888,40.652,40.819,137571.66
1776740400,40.819,41.428,40.719,41.262,282145.84
1776744000,41.261,41.38,40.9,41.133,266373.59
1776747600,41.133,41.321,40.983,41.015,109869.61
1776751200,41.022,41.141,40.746,40.959,139054.27
1776754800,40.957,40.979,40.613,40.906,240054.5
1776758400,40.911,41.199,40.798,40.939,178884.89
1776762000,40.934,40.947,40.573,40.788,227742.53
1776765600,40.799,41.256,40.784,41.09,198015.15
1776769200,41.094,41.105,40.817,40.869,106028.49
1776772800,40.868,40.897,40.476,40.728,291540.99
1776776400,40.73,40.777,40.12,40.427,587880.0
1776780000,40.43,40.69,40.1,40.1,350322.02
1776783600,40.1,40.335,39.8,40.006,569752.26
1776787200,40.007,40.1,39.58,39.995,525562.5600000001
1776790800,39.996,40.007,39.502,39.511,536270.77
1776794400,39.512,39.609,39.036,39.269,670486.88
1776798000,39.268,39.364,38.886,38.951,523498.74
1776801600,38.95,39.74,38.89,39.357,689356.33
1776805200,39.344,39.5,39.134,39.394,164789.87
1776808800,39.387,39.609,39.36,39.518,133509.51
1776812400,39.524,39.906,39.514,39.764,234585.78
1776816000,39.762,40.076,39.695,39.939,215296.07
1776819600,39.939,39.995,39.624,39.793,98950.19
1776823200,39.792,40.668,39.772,40.439,599281.78
1776826800,40.438,40.691,39.934,40.101,342899.64
1776830400,40.104,40.342,39.952,40.342,135784.64
1776834000,40.342,40.681,40.23,40.29,249908.48
1776837600,40.29,40.522,40.182,40.489,150186.67
1776841200,40.489,40.669,40.292,40.394,195703.13
1776844800,40.405,40.615,40.307,40.51,101892.78
1776848400,40.515,40.65,40.464,40.515,102633.93
1776852000,40.519,41.046,40.459,40.998,377908.89
1776855600,40.997,41.094,40.759,41.058,261873.95
1776859200,41.058,41.28,40.972,41.189,383170.38
1776862800,41.189,41.528,41.101,41.274,350148.95
1776866400,41.274,41.432,40.87,41.072,476728.78
1776870000,41.068,41.197,40.668,40.971,381475.46
1776873600,40.972,41.174,40.856,40.9,250411.07
1776877200,40.904,41.09,40.753,40.86,196815.86
1776880800,40.869,41.41,40.75,41.164,274525.86
1776884400,41.164,41.271,40.906,40.952,161336.75
1776888000,40.947,41.393,40.826,40.906,351273.72
1776891600,40.901,41.749,40.899,41.66,298840.07
1776895200,41.657,41.658,41.187,41.326,170071.08
1776898800,41.329,41.444,40.97,41.159,253752.53
1776902400,41.16,41.395,40.84,41.302,266082.65
1776906000,41.306,41.428,40.959,41.065,182044.43
1776909600,41.065,41.154,40.77,40.948,152054.88
1776913200,40.952,41.022,40.521,40.673,185832.92
1776916800,40.668,41.03,40.532,40.994,155925.36
1776920400,40.996,41.128,40.785,40.994,103339.7
1776924000,41.008,41.18,40.918,40.944,123801.63
1776927600,40.95,41.28,40.902,41.246,69259.54
1776931200,41.242,41.29,40.99,41.099,125602.91
1776934800,41.098,41.109,40.781,40.83,91345.83
1776938400,40.829,40.9,40.531,40.822,118121.78
1776942000,40.828,41.35,40.82,41.086,157712.28
1776945600,41.074,41.309,41.061,41.245,86156.76
1776949200,41.251,41.35,41.099,41.256,111681.64
1776952800,41.26,41.624,41.185,41.608,254869.51
1776956400,41.608,41.861,41.437,41.838,271880.23
1776960000,41.839,41.855,41.485,41.491,146598.66
1776963600,41.492,41.498,40.706,41.2,475049.03
1776967200,41.198,41.412,41.179,41.25,161639.1
1776970800,41.247,41.279,40.75,40.958,335562.58
1776974400,40.958,41.19,40.921,41.124,86407.62
1776978000,41.123,41.326,41.021,41.146,104439.71
1776981600,41.145,41.307,41.144,41.241,97889.95
1776985200,41.228,41.33,41.207,41.305,38633.73
1776988800,41.312,41.42,41.2,41.365,121304.88
1776992400,41.366,41.435,41.105,41.424,93264.47
1776996000,41.421,41.54,41.193,41.237,119238.34
1776999600,41.231,41.241,40.864,41.066,158356.36
1777003200,41.063,41.108,40.863,41.039,53967.72
1777006800,41.035,41.194,40.928,41.128,99434.12
1777010400,41.132,41.19,41.018,41.183,62427.74
1777014000,41.173,41.23,40.967,41.022,106481.56
1777017600,41.017,41.13,40.959,41.031,78474.0
1777021200,41.037,41.048,40.683,40.747,222393.58
1777024800,40.747,40.874,40.701,40.815,62199.26
1777028400,40.816,41.129,40.816,41.042,106687.35
1777032000,41.042,41.121,40.816,41.035,151675.77
1777035600,41.045,41.169,40.847,40.888,69673.32
1777039200,40.881,41.018,40.701,40.974,313488.42
1777042800,40.972,41.218,40.869,41.173,226566.29
1777046400,41.179,41.23,41.008,41.084,136130.03
1777050000,41.084,41.173,41.02,41.083,53690.45
1777053600,41.085,41.378,40.873,41.276,250899.2
1777057200,41.276,41.321,41.153,41.294,88303.23
1777060800,41.295,41.5,41.255,41.469,149379.55
1777064400,41.473,41.473,41.291,41.291,115372.18
1777068000,41.292,41.307,41.168,41.231,80367.84
1777071600,41.234,41.264,41.113,41.176,44405.93
1777075200,41.175,41.226,41.012,41.19,159496.01
1777078800,41.19,41.222,41.002,41.124,157911.85
1777082400,41.124,41.281,41.062,41.173,89855.96
1777086000,41.171,41.258,41.1,41.186,24520.68
1777089600,41.189,41.237,41.074,41.094,21155.2
1777093200,41.094,41.16,41.04,41.143,13966.38
1777096800,41.142,41.265,41.142,41.245,31469.37
1777100400,41.244,41.302,41.159,41.255,41902.85
1777104000,41.254,41.31,41.163,41.285,29867.33
1777107600,41.286,41.74,41.267,41.602,182841.38
1777111200,41.606,41.88,41.588,41.868,101687.4
1777114800,41.868,41.905,41.56,41.748,83925.02
1777118400,41.748,41.753,41.351,41.358,157057.9
1777122000,41.363,41.68,41.334,41.481,185791.19
1777125600,41.483,41.647,41.38,41.53,54178.27
1777129200,41.531,41.675,41.433,41.439,92188.85
1777132800,41.438,41.502,40.83,40.999,326009.87
1777136400,41.0,41.18,40.998,41.087,94080.55
1777140000,41.086,41.319,41.075,41.279,88036.78
1777143600,41.274,41.327,41.152,41.182,59456.84
1777147200,41.181,41.437,41.09,41.424,86827.99
1777150800,41.425,41.483,41.331,41.456,110411.21
1777154400,41.456,41.463,41.4,41.416,97962.76
1777158000,41.418,41.506,41.386,41.504,157653.89
1777161600,41.505,41.529,41.233,41.292,208924.0
1777165200,41.293,41.457,41.261,41.405,51142.94
1777168800,41.403,41.529,41.403,41.516,57740.17
1777172400,41.512,41.522,41.251,41.293,53613.94
1777176000,41.293,41.461,41.25,41.392,42336.61
1777179600,41.392,41.565,41.09,41.14,257021.47
1777183200,41.142,41.485,41.141,41.302,110085.65
1777186800,41.311,41.34,41.165,41.247,48898.73
1777190400,41.247,41.344,41.124,41.132,65333.89
1777194000,41.13,41.23,41.099,41.224,37515.88
1777197600,41.224,41.264,41.125,41.154,29854.02
1777201200,41.154,41.219,41.126,41.143,30384.65
1777204800,41.142,41.154,40.96,40.993,58482.51
1777208400,40.993,41.184,40.948,41.174,89727.28
1777212000,41.17,41.319,41.03,41.29,136236.75
1777215600,41.291,41.387,41.205,41.367,54729.21
1777219200,41.37,41.404,41.221,41.306,44792.73
1777222800,41.301,41.436,41.245,41.433,27560.79
1777226400,41.432,41.671,41.416,41.644,151269.61
1777230000,41.644,42.061,41.54,42.001,369037.67
1777233600,42.002,42.088,41.82,41.93,173198.85
1777237200,41.93,42.14,41.899,42.02,214308.29
1777240800,42.02,42.377,41.924,42.304,378708.92
1777244400,42.305,42.607,42.226,42.46,328768.85
1777248000,42.46,42.823,42.307,42.811,209071.25
1777251600,42.81,42.89,42.493,42.87,185927.97
1777255200,42.865,43.094,42.768,43.021,186202.52
1777258800,43.016,43.568,42.985,43.333,451970.34
1777262400,43.333,43.362,43.053,43.168,140028.76
1777266000,43.167,43.167,42.288,42.63,498721.26
1777269600,42.627,42.701,42.22,42.644,240594.39
1777273200,42.642,42.69,42.354,42.365,139262.44
1777276800,42.364,42.639,42.217,42.427,196903.48
1777280400,42.426,42.515,42.264,42.391,85102.93
1777284000,42.39,42.414,42.229,42.244,95421.0
1777287600,42.247,42.427,42.157,42.382,72415.15
1777291200,42.381,42.411,42.113,42.302,152132.8
1777294800,42.302,42.582,42.16,42.322,222064.82
1777298400,42.322,42.93,42.295,42.572,411491.27
1777302000,42.566,42.566,41.609,41.701,969073.84
1777305600,41.7,41.777,41.415,41.696,512264.68
1777309200,41.706,41.803,41.553,41.72,225183.81
1777312800,41.721,41.832,41.556,41.561,188246.62
1777316400,41.56,41.605,41.281,41.591,186352.15
1777320000,41.591,41.652,41.419,41.452,66846.74
1777323600,41.452,41.487,41.27,41.346,89465.3
1777327200,41.346,41.546,41.311,41.427,79703.37
1777330800,41.426,41.65,41.364,41.65,80914.07
1777334400,41.646,41.834,41.622,41.703,166678.43
1777338000,41.703,41.719,41.393,41.395,177026.39
1777341600,41.394,41.511,40.797,40.984,317535.64
1777345200,40.984,41.138,40.794,41.04,184050.25
1777348800,41.04,41.286,41.01,41.177,135382.17
1777352400,41.18,41.341,41.14,41.162,150534.55
1777356000,41.177,41.358,40.439,40.519,462706.34
1777359600,40.519,40.64,40.166,40.584,383392.23
1777363200,40.584,40.664,40.241,40.536,195310.47
1777366800,40.533,40.557,40.166,40.323,171123.94
1777370400,40.321,40.321,39.7,39.746,413844.64
1777374000,39.746,40.22,39.68,40.125,407429.14
1777377600,40.126,40.131,39.909,40.029,129260.01
1777381200,40.024,40.206,39.6,39.985,707591.9300000001
1777384800,39.985,40.015,39.504,39.876,349857.98
1777388400,39.876,39.99,39.529,39.737,331108.86
1777392000,39.74,39.907,39.433,39.703,376140.83
1777395600,39.703,39.811,39.379,39.695,178003.25
1777399200,39.698,39.955,39.646,39.954,125082.26
1777402800,39.955,40.14,39.797,40.101,162891.71
1777406400,40.102,40.115,39.816,39.857,177265.13
1777410000,39.857,40.016,39.823,39.935,79716.16
1777413600,39.938,40.075,39.929,39.98,72318.52
1777417200,39.981,40.172,39.926,40.162,81086.17
1777420800,40.162,40.163,39.918,40.036,126509.37
1777424400,40.034,40.258,39.906,40.21,148057.22
1777428000,40.211,40.225,40.0,40.149,109823.05
1777431600,40.15,40.561,40.104,40.293,255023.91
1777435200,40.293,40.713,40.134,40.631,486351.81
1777438800,40.621,40.791,40.399,40.76,285697.16
1777442400,40.76,40.8,40.47,40.54,171352.76
1777446000,40.541,40.72,40.513,40.536,128768.51
1777449600,40.546,40.611,40.313,40.342,226872.01
1777453200,40.341,40.623,40.266,40.577,193410.81
1777456800,40.58,40.673,40.379,40.522,164228.83
1777460400,40.522,40.646,40.222,40.363,174953.64
1777464000,40.363,40.388,39.805,40.036,461615.73
1777467600,40.035,40.08,39.598,39.74,290767.64
1777471200,39.746,40.03,39.568,39.88,247085.69
1777474800,39.879,39.942,39.352,39.547,541735.99
1777478400,39.549,39.758,39.339,39.422,235039.85
1777482000,39.422,39.752,39.263,39.743,266941.0
1777485600,39.745,39.762,39.158,39.659,388403.57
1777489200,39.659,39.962,39.58,39.933,440681.87
1777492800,39.933,40.015,39.732,39.732,84644.63
1777496400,39.732,40.118,39.693,40.1,94962.06
1777500000,40.1,40.18,39.915,39.959,83028.89
1777503600,39.959,40.042,39.83,39.935,50893.84
1777507200,39.935,40.33,39.773,40.188,180690.82
1777510800,40.188,40.265,40.044,40.176,164994.75
1777514400,40.176,40.286,39.513,39.667,160301.12
1777518000,39.662,39.778,39.552,39.673,86416.92
1777521600,39.672,39.678,39.22,39.374,143302.23
1777525200,39.37,39.541,39.3,39.445,66073.75
1777528800,39.445,39.615,39.42,39.582,48173.66
1777532400,39.581,39.658,39.394,39.503,85157.49
1777536000,39.506,39.573,39.2,39.295,240311.76
1777539600,39.295,39.327,38.957,39.046,310657.81
1777543200,39.042,39.157,38.891,38.977,186372.14
1777546800,38.977,39.178,38.71,38.873,268084.76
1777550400,38.873,39.123,38.736,39.031,315321.34
1777554000,39.031,39.395,38.962,39.15,560619.48
1777557600,39.15,39.36,39.018,39.207,156220.47
1777561200,39.205,39.431,38.91,39.207,512905.9
1777564800,39.212,39.397,39.037,39.163,601235.92
1777568400,39.162,39.3,39.012,39.204,323594.38
1777572000,39.203,39.336,38.877,39.132,293266.91
1777575600,39.131,39.253,39.034,39.244,73952.52
1777579200,39.244,39.33,39.023,39.301,196432.99
1777582800,39.3,39.514,39.3,39.489,124796.25
1777586400,39.489,39.615,39.447,39.546,116794.82
1777590000,39.548,39.71,39.529,39.691,68178.04
1777593600,39.692,40.28,39.67,39.979,464057.82
1777597200,39.978,40.406,39.978,40.302,180255.98
1777600800,40.302,40.413,40.19,40.326,138743.27
1777604400,40.326,40.48,40.217,40.313,172135.88
1777608000,40.314,40.395,40.241,40.33,96485.6
1777611600,40.331,40.347,40.065,40.143,97822.59
1777615200,40.143,40.227,39.738,39.908,185652.65
1777618800,39.901,39.978,39.801,39.911,174039.51
1777622400,39.911,40.67,39.888,40.532,750439.02
1777626000,40.532,40.88,40.43,40.875,443562.77
1777629600,40.875,40.898,40.579,40.684,160771.65
1777633200,40.684,40.737,40.496,40.689,93474.09
1777636800,40.689,41.072,40.421,40.741,491170.85
1777640400,40.74,41.031,40.732,40.895,283458.49
1777644000,40.892,40.969,40.6,40.818,240474.78
1777647600,40.818,41.142,40.756,40.983,237671.06
1777651200,40.983,41.088,40.657,40.783,245700.59
1777654800,40.783,41.111,40.721,41.034,140308.36
1777658400,41.033,41.142,40.931,40.958,138523.76
1777662000,40.957,41.01,40.83,40.947,70764.16
1777665600,40.95,40.982,40.656,40.778,84308.51
1777669200,40.779,41.037,40.767,41.014,68266.77
1777672800,41.014,41.127,40.88,40.942,69276.11
1777676400,40.942,41.142,40.895,41.13,62385.3
1777680000,41.142,41.27,40.983,41.266,109463.92
1777683600,41.26,41.297,41.047,41.279,156562.68
1777687200,41.267,41.359,41.118,41.266,91997.75
1777690800,41.275,41.463,41.161,41.404,126110.32
1777694400,41.397,41.505,41.281,41.463,150626.35
1777698000,41.463,41.464,41.179,41.326,157025.54
1777701600,41.338,41.427,41.177,41.426,136202.48
1777705200,41.427,41.695,41.412,41.694,181732.79
1777708800,41.694,42.06,41.667,42.06,384267.07
1777712400,42.06,42.447,41.921,41.933,489364.03
1777716000,41.934,41.934,41.613,41.676,207706.59
1777719600,41.676,41.78,41.448,41.516,126517.35
1777723200,41.516,41.679,41.51,41.594,55327.62
1777726800,41.594,41.749,41.55,41.58,114030.58
1777730400,41.589,41.597,41.242,41.553,235871.93
1777734000,41.552,41.688,41.373,41.569,103630.18
1777737600,41.569,41.69,41.566,41.675,49202.29
1777741200,41.673,41.721,41.441,41.521,61378.15
1777744800,41.521,41.83,41.426,41.792,150605.6
1777748400,41.794,41.85,41.542,41.593,84242.37
1777752000,41.595,41.595,41.367,41.501,94417.14
1777755600,41.501,41.618,41.315,41.353,126376.03
1777759200,41.352,41.47,41.256,41.359,111404.07
1777762800,41.358,41.362,41.247,41.254,33847.77
1777766400,41.253,41.36,41.144,41.175,67403.05
1777770000,41.175,41.25,40.971,41.109,176513.1
1777773600,41.108,41.191,40.93,40.939,58145.78
1777777200,40.942,41.063,40.843,41.04,75421.65
1777780800,41.025,41.114,40.88,40.936,35399.6
1777784400,40.935,41.131,40.925,40.963,104113.72
1777788000,40.963,40.976,40.787,40.953,80685.86
1777791600,40.953,41.064,40.861,41.024,60392.47
1777795200,41.024,41.124,40.893,41.111,92236.23
1777798800,41.111,41.291,40.99,41.134,144269.54
1777802400,41.134,41.18,41.009,41.041,52971.98
1777806000,41.039,41.185,40.931,40.984,58883.69
1777809600,40.983,41.16,40.983,41.132,55042.94
1777813200,41.132,41.142,40.92,40.998,80762.44
1777816800,41.0,41.194,40.802,40.834,96831.84
1777820400,40.834,41.03,40.737,40.764,171586.81
1777824000,40.763,41.069,40.678,40.99,255449.22
1777827600,40.989,41.194,40.951,41.123,115535.06
1777831200,41.123,41.196,40.989,41.196,57459.7
1777834800,41.196,41.279,41.119,41.225,66430.65
1777838400,41.225,41.375,41.196,41.352,124847.95
1777842000,41.352,41.352,41.065,41.195,96532.58
1777845600,41.195,41.703,41.151,41.627,330918.41
1777849200,41.627,41.733,41.35,41.552,217553.88
1777852800,41.552,41.552,41.113,41.338,209992.7
1777856400,41.339,41.559,40.944,41.553,196519.55
1777860000,41.553,42.018,41.391,41.936,443815.57
1777863600,41.937,42.236,41.87,42.191,243283.76
1777867200,42.192,42.6,41.853,42.496,422079.03
1777870800,42.497,42.581,42.083,42.093,127598.04
1777874400,42.093,42.128,41.667,41.919,214431.03
1777878000,41.924,42.059,41.782,41.83,125344.6
1777881600,41.83,41.853,41.616,41.641,96248.56
1777885200,41.644,41.944,41.6,41.923,108950.46
1777888800,41.922,41.943,41.088,41.397,492163.95
1777892400,41.396,41.481,41.199,41.339,90302.03
1777896000,41.339,41.53,41.283,41.291,92232.97
1777899600,41.291,41.291,40.818,40.941,328472.48
1777903200,40.941,41.747,40.897,41.649,476359.2
1777906800,41.654,41.676,41.036,41.376,459547.29
1777910400,41.374,41.52,41.101,41.352,231577.28
1777914000,41.35,41.768,41.34,41.588,161058.24
1777917600,41.588,41.613,41.342,41.426,114263.89
1777921200,41.426,41.637,41.323,41.603,147392.52
1777924800,41.604,41.698,41.512,41.64,145871.39
1777928400,41.64,42.538,41.634,42.327,314868.12
1777932000,42.326,42.485,42.017,42.096,175652.86
1777935600,42.095,42.095,41.791,41.812,141826.18
1777939200,41.813,42.079,41.77,42.049,131328.56
1777942800,42.049,42.229,42.006,42.175,121426.66
1777946400,42.168,42.358,42.028,42.125,104768.14
1777950000,42.126,42.498,41.975,42.479,113924.45
1777953600,42.479,42.64,42.294,42.553,112355.97
1777957200,42.552,42.959,42.413,42.84,236069.54
1777960800,42.84,43.212,42.643,43.212,320347.87
1777964400,43.212,43.279,43.088,43.231,215792.89
1777968000,43.231,43.27,42.812,43.161,255658.06
1777971600,43.162,43.231,42.734,43.012,251694.32
1777975200,43.013,43.773,42.854,43.734,444319.85
1777978800,43.743,43.881,43.575,43.841,295598.01
1777982400,43.845,44.053,43.65,43.751,313579.8
1777986000,43.746,43.965,43.58,43.667,281096.54
1777989600,43.668,43.9,43.569,43.881,208748.23
1777993200,43.882,44.179,43.818,44.036,326257.54
1777996800,44.037,44.248,43.718,43.926,338958.56
1778000400,43.927,44.442,43.902,44.296,441557.95
1778004000,44.3,44.5,44.276,44.352,243715.05
1778007600,44.357,44.39,43.949,44.042,269233.43
1778011200,44.043,44.5,44.041,44.387,224049.63
1778014800,44.387,44.633,44.108,44.251,437646.71
1778018400,44.251,44.515,44.04,44.21,172668.28
1778022000,44.21,44.245,43.585,43.707,296894.76
1778025600,43.707,43.896,43.644,43.74,156798.47
1778029200,43.741,44.0,43.697,43.997,204119.81
1778032800,43.999,44.0,43.57,43.965,248254.58
1778036400,43.965,44.206,43.903,44.162,112503.4
1778040000,44.164,44.201,43.803,43.944,144999.46
1778043600,43.95,44.124,43.911,44.018,81966.31
1778047200,44.01,44.328,43.9,44.194,137733.56
1778050800,44.205,44.429,44.137,44.392,247102.03
1778054400,44.395,44.655,44.226,44.329,220178.73
1778058000,44.33,44.33,43.706,44.054,311500.8
1778061600,44.055,44.5,44.036,44.482,218058.77
1778065200,44.469,44.667,44.412,44.667,231883.81
1778068800,44.667,44.758,44.195,44.345,254093.99
1778072400,44.345,44.375,43.8,43.862,389285.37
1778076000,43.861,43.869,43.447,43.657,323372.75
1778079600,43.654,43.66,43.122,43.543,579841.08
1778083200,43.534,43.743,43.285,43.324,291124.84
1778086800,43.319,43.421,42.944,42.961,417797.91
1778090400,42.961,43.192,42.899,43.116,152147.92
1778094000,43.113,43.364,43.112,43.264,159687.13
1778097600,43.264,43.421,43.043,43.169,147036.79
1778101200,43.169,43.425,43.012,43.243,127553.92
1778104800,43.243,43.318,42.986,43.02,140889.4
1778108400,43.02,43.151,42.956,43.125,86393.51
1778112000,43.126,43.186,42.798,42.899,175812.0
1778115600,42.891,43.006,42.61,42.678,250167.83
1778119200,42.676,42.73,42.558,42.578,150812.64
1778122800,42.573,42.575,42.31,42.31,243662.81
1778126400,42.319,42.7,42.287,42.7,167333.78
1778130000,42.699,42.967,42.686,42.964,196629.51
1778133600,42.964,43.182,42.811,43.129,216970.27
1778137200,43.129,43.356,42.884,43.342,226929.11
1778140800,43.342,43.556,42.795,42.859,319578.27
1778144400,42.869,42.953,42.7,42.798,101001.02
1778148000,42.798,42.849,42.447,42.697,160388.48
1778151600,42.693,42.926,42.693,42.758,57578.64
1778155200,42.756,43.35,42.734,43.115,199785.89
1778158800,43.111,43.127,42.402,42.532,276104.87
1778162400,42.531,42.575,42.069,42.294,361446.62
1778166000,42.293,42.45,42.06,42.11,214414.56
1778169600,42.102,42.283,41.857,42.023,339640.2
1778173200,42.047,42.414,42.023,42.382,138052.05
1778176800,42.378,42.551,42.166,42.29,141506.97
1778180400,42.29,42.313,42.093,42.313,88131.53
1778184000,42.313,42.546,42.297,42.513,104583.66
1778187600,42.513,42.625,42.242,42.532,180304.18
1778191200,42.531,42.68,42.37,42.507,78148.42
1778194800,42.511,42.604,42.428,42.519,53228.09
1778198400,42.526,42.77,42.526,42.573,114968.53
1778202000,42.58,42.715,42.382,42.443,358144.33
1778205600,42.443,42.452,42.146,42.43,109013.8
1778209200,42.43,42.432,42.159,42.246,111753.47
1778212800,42.247,42.381,42.041,42.105,85812.05
1778216400,42.105,42.414,42.067,42.307,68972.26
1778220000,42.306,42.395,42.233,42.296,63468.85
1778223600,42.288,42.734,42.18,42.734,115426.24
1778227200,42.733,42.955,42.463,42.628,151706.38
1778230800,42.627,42.834,42.54,42.653,85100.59
1778234400,42.643,42.712,42.443,42.52,79279.75
1778238000,42.523,42.559,42.347,42.513,93856.57
1778241600,42.513,42.741,42.46,42.472,98101.41
1778245200,42.468,42.583,42.127,42.394,122820.92
1778248800,42.393,43.106,42.334,42.787,539772.49
1778252400,42.779,43.134,42.37,43.117,535112.78
1778256000,43.121,43.144,42.698,42.782,302304.22
1778259600,42.781,43.106,42.737,42.899,119006.09
1778263200,42.899,43.5,42.899,43.36,303127.36
1778266800,43.357,43.432,43.018,43.104,246176.48
1778270400,43.105,43.255,43.025,43.106,76110.4
1778274000,43.105,43.333,43.09,43.201,81195.15
1778277600,43.201,43.4,43.2,43.278,65075.49
1778281200,43.276,43.318,43.05,43.266,62972.18
1778284800,43.266,43.437,43.213,43.281,130597.14
1778288400,43.28,44.055,43.28,43.936,393642.55
1778292000,43.944,43.998,43.799,43.912,82554.77
1778295600,43.907,44.12,43.789,44.076,109641.83
1778299200,44.077,44.415,43.858,43.898,223875.58
1778302800,43.904,44.244,43.877,44.2,84438.0
1778306400,44.206,44.364,43.933,43.994,157640.12
1778310000,44.003,44.02,43.8,43.816,76475.55
1778313600,43.816,43.999,43.8,43.809,61192.01
1778317200,43.81,44.263,43.5,43.603,356811.46
1778320800,43.604,43.723,43.25,43.576,210752.51
1778324400,43.58,43.796,43.568,43.745,88746.04
1778328000,43.75,44.0,43.701,43.755,125409.7
1778331600,43.76,43.856,43.5,43.578,177860.87
1778335200,43.579,43.599,43.069,43.125,356429.38
1778338800,43.125,43.281,42.929,43.071,258536.93
1778342400,43.088,43.309,42.919,42.938,178083.56
1778346000,42.942,43.234,42.922,42.971,234615.01
1778349600,42.968,43.132,42.915,43.001,95041.32
1778353200,43.0,43.151,42.881,43.099,116535.6
1778356800,43.099,43.168,42.85,42.889,127806.62
1778360400,42.899,43.08,42.881,42.999,82307.4
1778364000,43.005,43.047,42.895,43.015,69346.23
1778367600,43.014,43.058,42.832,42.911,66735.87
1778371200,42.911,42.94,42.624,42.67,232071.79
1778374800,42.669,42.697,42.383,42.599,219603.75
1778378400,42.6,42.811,42.541,42.635,124227.88
1778382000,42.635,42.97,42.585,42.839,192950.49
1778385600,42.84,43.012,42.801,42.888,96815.84
1778389200,42.888,43.02,42.789,42.962,34139.6
1778392800,42.966,43.083,42.907,43.03,52022.63
1778396400,43.033,43.182,42.936,43.049,57798.42
1778400000,43.05,43.154,42.883,43.094,67008.74
1778403600,43.095,43.158,42.842,42.906,58534.65
1778407200,42.906,42.91,42.714,42.894,62638.71
1778410800,42.896,42.912,42.696,42.819,37837.04
1778414400,42.819,42.837,42.526,42.691,91142.48
1778418000,42.691,43.011,42.658,42.917,58201.25
1778421600,42.917,43.079,42.812,42.884,50521.98
1778425200,42.885,43.291,42.88,43.233,143714.92
1778428800,43.234,43.374,43.102,43.181,127751.18
1778432400,43.182,43.68,43.108,43.651,214796.82
1778436000,43.661,43.697,43.296,43.395,142986.73
1778439600,43.394,43.65,43.263,43.451,111493.15
1778443200,43.454,43.7,42.24,42.471,602317.59
1778446800,42.451,42.623,42.144,42.174,395655.19
1778450400,42.172,42.894,42.116,42.888,301517.53
1778454000,42.888,43.177,42.744,43.009,319129.98
1778457600,43.015,43.151,42.4,42.569,280289.26
1778461200,42.569,42.857,42.459,42.561,128132.17
1778464800,42.563,42.601,42.198,42.32,202229.88
1778468400,42.31,42.369,41.951,42.218,339266.54
1778472000,42.213,42.213,41.953,42.041,157990.12
1778475600,42.042,42.258,41.977,42.035,145934.42
1778479200,42.033,42.193,41.877,41.881,262828.45
1778482800,41.881,41.907,41.713,41.85,180032.09
1778486400,41.851,41.98,41.736,41.771,70311.75
1778490000,41.765,41.972,41.742,41.874,93515.4
1778493600,41.872,42.1,41.447,41.503,272770.84
1778497200,41.492,41.64,41.273,41.435,199161.34
1778500800,41.434,41.515,41.223,41.3,301529.62
1778504400,41.3,41.529,41.113,41.14,495083.75
1778508000,41.143,41.346,40.825,41.044,538761.23
1778511600,41.039,41.672,40.989,41.671,456400.73
1778515200,41.672,41.917,41.521,41.808,379757.75
1778518800,41.812,42.013,41.632,41.765,327240.72
1778522400,41.764,42.153,41.712,42.082,195014.06
1778526000,42.082,42.22,41.937,42.176,167988.95
1778529600,42.17,42.21,41.907,41.979,110870.15
1778533200,41.987,42.081,41.791,41.809,88758.96
1778536800,41.808,42.011,41.807,41.943,68316.12
1778540400,41.943,42.043,41.812,41.996,88901.89
1778544000,41.999,42.05,41.547,41.556,213154.18
1778547600,41.557,41.67,41.106,41.354,287185.23
1778551200,41.349,41.454,41.213,41.229,140230.09
1778554800,41.228,41.243,40.86,40.981,192333.61
1778558400,40.981,41.131,40.813,41.091,201561.53
1778562000,41.085,41.321,41.085,41.271,85814.83
1778565600,41.27,41.352,41.119,41.129,43184.26
1778569200,41.132,41.35,41.056,41.291,63039.84
1778572800,41.292,41.397,41.249,41.249,142722.21
1778576400,41.25,41.281,41.057,41.151,97984.21
1778580000,41.151,41.151,40.833,40.925,259115.84
1778583600,40.928,41.031,40.618,41.03,392035.76
1778587200,41.03,41.135,40.635,40.867,319565.8
1778590800,40.868,40.957,40.654,40.673,194694.51
1778594400,40.689,40.821,40.136,40.29,817729.97
1778598000,40.29,40.498,40.053,40.284,359274.76
1778601600,40.287,40.397,39.79,39.853,455979.58
1778605200,39.855,40.299,39.78,40.122,398243.45
1778608800,40.123,40.393,40.108,40.213,125807.22
1778612400,40.213,40.48,40.213,40.425,115018.23
1778616000,40.426,40.489,40.254,40.305,103856.12
1778619600,40.306,40.383,40.264,40.372,48870.38
1778623200,40.372,40.572,40.372,40.435,65060.9
1778626800,40.435,40.578,40.113,40.256,106928.5
1778630400,40.254,40.35,40.044,40.318,118507.07
1778634000,40.317,40.706,40.232,40.459,232008.61
1778637600,40.459,40.603,40.429,40.466,56036.39
1778641200,40.466,40.557,40.41,40.444,32563.72
1778644800,40.444,40.454,40.232,40.254,81530.92
1778648400,40.259,40.27,39.85,39.895,239783.18
1778652000,39.899,40.224,39.85,40.186,172453.13
1778655600,40.185,40.428,39.995,40.161,155798.91
1778659200,40.161,40.19,40.009,40.101,87948.31
1778662800,40.103,40.201,39.895,39.919,137195.23
1778666400,39.919,39.955,39.43,39.497,496774.03
1778670000,39.497,39.61,39.24,39.24,280690.43
1778673600,39.241,39.36,39.03,39.226,684584.0
1778677200,39.226,39.571,39.02,39.347,406744.7
1778680800,39.345,39.431,39.045,39.072,349648.53
1778684400,39.071,39.131,38.857,38.868,510181.48
1778688000,38.867,39.279,38.86,39.186,238043.13
1778691600,39.189,39.261,39.104,39.181,89521.45
1778695200,39.191,39.36,39.161,39.188,113234.6
1778698800,39.188,39.226,39.034,39.102,90429.36
1778702400,39.102,39.246,39.049,39.055,79708.09
1778706000,39.053,39.061,38.729,38.746,330054.5
1778709600,38.748,39.083,38.717,38.936,126981.25
1778713200,38.936,39.019,38.817,38.818,97040.72
1778716800,38.817,38.887,38.72,38.801,152249.0
1778720400,38.795,39.063,38.79,38.928,110201.86
1778724000,38.932,38.965,38.7,38.704,87487.46
1778727600,38.704,38.738,38.164,38.326,752597.03
1778731200,38.328,38.666,38.302,38.626,163731.35
1778734800,38.621,39.296,38.462,39.174,287739.23
1778738400,39.173,39.308,39.081,39.098,77254.57
1778742000,39.088,39.201,38.91,39.009,86269.76
1778745600,39.01,39.157,38.874,38.969,108447.97
1778749200,38.968,39.143,38.884,39.116,152537.85
1778752800,39.116,39.155,38.912,39.068,75396.76
1778756400,39.062,39.087,38.902,38.902,67752.96
1778760000,38.901,40.68,38.887,40.152,2378903.1800000002
1778763600,40.152,41.4,40.007,41.084,1992803.54
1778767200,41.084,42.126,40.921,41.972,1512822.8700000001
1778770800,41.973,42.837,41.972,42.632,1192686.6899999999
1778774400,42.639,43.528,42.32,43.512,1513414.01
1778778000,43.511,44.098,43.256,43.784,1330295.0
1778781600,43.777,44.535,43.633,44.525,953968.37
1778785200,44.534,44.76,44.191,44.653,745758.26
1778788800,44.653,44.679,43.6,44.156,1128944.28
1778792400,44.154,44.32,43.613,43.816,496964.27
1778796000,43.816,44.34,43.804,44.161,316204.85
1778799600,44.161,44.588,43.981,44.134,316491.05
1778803200,44.137,45.36,44.137,45.171,738919.26
1778806800,45.171,46.721,45.083,46.181,2227864.8900000001
1778810400,46.166,46.631,45.383,46.462,1202676.4099999999
1778814000,46.462,47.06,46.211,46.706,818827.96
1778817600,46.706,46.993,46.112,46.192,702528.34
1778821200,46.198,46.435,45.133,45.422,1024599.34
1778824800,45.422,45.984,45.309,45.873,513108.88
1778828400,45.882,46.829,45.831,46.687,568086.47
1778832000,46.687,46.703,45.458,45.629,592759.54
1778835600,45.63,45.729,45.209,45.591,369772.9
1778839200,45.602,45.67,45.166,45.599,276037.24
1778842800,45.599,45.96,44.969,45.69,379679.8
1778846400,45.688,45.781,43.0,43.493,2718972.3399999999
1778850000,43.504,43.729,42.8,43.415,2351989.3500000001
1778853600,43.438,44.249,43.3,43.736,1578236.5900000001
1778857200,43.736,44.312,43.551,44.104,592574.13
1778860800,44.102,44.219,43.644,44.011,458003.33
1778864400,44.011,45.088,43.998,44.475,997777.87
1778868000,44.463,44.64,44.119,44.581,371605.72
1778871600,44.583,44.983,44.388,44.575,448426.62
1778875200,44.576,44.95,44.112,44.168,468809.41
1778878800,44.169,44.305,43.824,43.843,280833.34
1778882400,43.843,44.188,43.806,44.072,137756.84
1778886000,44.071,44.309,44.016,44.155,151679.97
1778889600,44.156,44.481,43.878,43.913,156727.17
1778893200,43.913,44.15,43.14,43.555,515978.95
1778896800,43.555,43.657,43.02,43.321,243792.35
1778900400,43.321,43.406,43.01,43.204,157650.45
1778904000,43.204,43.211,42.546,42.678,449699.77
1778907600,42.671,42.835,42.44,42.575,264153.27
1778911200,42.576,42.667,41.357,41.537,1008546.8
1778914800,41.537,42.159,41.289,41.981,776540.1899999999
1778918400,41.982,42.099,41.556,41.677,318429.17
1778922000,41.671,41.736,40.93,40.93,807096.35
1778925600,40.945,41.154,40.369,40.788,969800.16
1778929200,40.788,41.125,40.599,40.827,279874.08
1778932800,40.829,41.333,40.776,41.245,265322.68
1778936400,41.238,41.252,40.694,40.993,286046.77
1778940000,40.994,41.307,40.816,41.05,232297.95
1778943600,41.051,41.118,40.747,40.89,150671.68
1778947200,40.876,41.105,40.589,40.836,232839.85
1778950800,40.841,41.214,40.65,40.917,256114.0
1778954400,40.916,41.5,40.86,41.483,436017.88
1778958000,41.483,41.846,41.42,41.664,510033.53
1778961600,41.664,41.95,41.653,41.898,280698.94
1778965200,41.899,41.998,41.685,41.907,221945.43
1778968800,41.907,42.063,41.764,41.849,163901.75
1778972400,41.854,41.945,41.753,41.82,107963.02
1778976000,41.82,42.222,41.673,41.797,283076.89
1778979600,41.804,41.861,41.35,41.442,293048.42
1778983200,41.441,41.636,41.333,41.445,193580.37
1778986800,41.445,42.713,41.426,42.403,591229.6
1778990400,42.402,42.879,41.93,42.391,554532.9399999999
1778994000,42.391,42.883,42.332,42.729,299032.63
1778997600,42.723,42.823,42.466,42.589,246161.43
1779001200,42.587,42.9,42.441,42.779,146820.69
1779004800,42.778,42.9,42.607,42.8,114735.63
1779008400,42.8,42.95,42.756,42.943,175016.44
1779012000,42.943,43.475,42.854,43.353,427160.62
1779015600,43.359,43.45,42.885,42.895,233676.94
1779019200,42.89,43.198,42.71,43.189,235183.95
1779022800,43.189,43.252,42.503,42.831,341117.96
1779026400,42.82,43.526,42.696,43.423,440033.32
1779030000,43.422,43.99,43.251,43.589,697015.51
1779033600,43.59,43.939,43.404,43.545,435608.78
1779037200,43.544,44.0,43.373,43.905,321142.82
1779040800,43.916,45.61,43.843,45.516,1044003.33
1779044400,45.524,47.047,45.293,46.714,2140033.6800000002
1779048000,46.713,47.1,46.06,46.411,1521365.1000000001
1779051600,46.415,47.15,46.329,47.0,735236.84
1779055200,47.0,47.013,45.8,46.116,1069711.5
1779058800,46.118,46.125,44.636,45.685,1722169.3999999999
1779062400,45.686,46.988,45.373,46.94,1413612.6399999999
1779066000,46.951,47.0,45.702,46.057,709203.1899999999
1779069600,46.057,46.151,45.409,45.588,309622.32
1779073200,45.575,45.918,45.104,45.508,369474.63
1779076800,45.508,46.058,45.153,45.841,235277.58
1779080400,45.832,46.009,45.403,45.431,341982.5
1779084000,45.42,45.512,45.035,45.372,245992.38
1779087600,45.376,45.539,44.799,45.286,565613.8199999999
1779091200,45.283,45.9,45.241,45.818,201869.57
1779094800,45.819,45.89,44.8,45.266,265164.99
1779098400,45.267,45.553,45.191,45.3,188500.51
1779102000,45.302,45.75,44.979,45.472,272631.6
1779105600,45.493,46.033,45.375,45.881,472391.97
1779109200,45.886,46.267,45.369,45.981,868003.04
1779112800,45.981,46.035,44.444,44.67,1137424.77
1779116400,44.667,45.196,44.196,44.726,1437433.1299999999
1779120000,44.725,45.138,44.669,45.09,353568.49
1779123600,45.091,45.567,45.078,45.529,321156.87
1779127200,45.523,45.65,44.83,44.914,539420.29
1779130800,44.915,46.397,44.905,46.385,786371.0
1779134400,46.376,46.6,45.685,45.88,498470.54
1779138000,45.877,48.0,45.794,47.207,2253287.7599999998
1779141600,47.207,47.64,46.718,47.172,1069385.6000000001
1779145200,47.171,47.8,47.14,47.76,671628.26
1779148800,47.759,48.551,47.654,48.2,1318612.2
1779152400,48.201,48.202,47.121,47.21,717194.7
1779156000,47.21,47.518,46.8,47.415,566165.71
1779159600,47.411,47.967,47.23,47.747,305653.33
1779163200,47.754,48.3,47.433,47.452,448808.66
1779166800,47.451,47.597,47.183,47.55,307433.61
1779170400,47.539,47.797,47.474,47.599,152569.89
1779174000,47.599,48.379,47.531,47.8,315591.32
1779177600,47.8,48.054,47.539,48.036,260117.06
1779181200,48.034,48.322,47.573,47.886,305962.55
1779184800,47.88,48.432,47.731,48.337,430295.02
1779188400,48.337,48.683,47.568,47.751,601174.03
1779192000,47.75,47.954,47.263,47.791,341869.61
1779195600,47.792,48.488,47.487,48.416,746558.58
1779199200,48.429,48.449,47.393,47.53,826630.04
1779202800,47.53,47.98,47.342,47.79,545332.03
1779206400,47.781,48.348,47.659,48.251,448038.38
1779210000,48.253,48.896,48.239,48.656,751467.4
1779213600,48.648,48.719,48.136,48.18,510139.7
1779217200,48.174,48.746,48.144,48.72,380587.33
1779220800,48.72,48.729,47.991,48.145,423499.11
1779224400,48.145,48.37,47.8,47.952,222291.7
1779228000,47.952,48.074,47.637,47.96,229038.51
1779231600,47.943,48.357,47.904,48.008,217646.48
1779235200,47.998,48.042,47.079,47.585,453118.18
1779238800,47.578,47.77,47.159,47.606,282466.75
1779242400,47.605,47.788,47.337,47.682,159912.44
1779246000,47.677,47.893,47.39,47.438,137886.02
1779249600,47.44,48.305,47.303,48.282,253428.4
1779253200,48.285,48.613,47.92,48.321,347560.86
1779256800,48.32,48.637,48.272,48.465,233863.75
1779260400,48.465,48.638,48.22,48.444,236657.35
1779264000,48.444,48.849,48.422,48.553,302331.73
1779267600,48.553,48.994,48.481,48.944,331217.98
1779271200,48.943,49.735,48.915,49.581,878229.35
1779274800,49.581,50.05,49.228,49.684,805686.75
1779278400,49.686,50.208,49.458,49.907,906894.83
1779282000,49.905,51.533,49.643,51.198,2462278.8100000001
1779285600,51.195,51.654,50.567,51.323,1214754.48
1779289200,51.318,52.0,51.131,51.385,932159.45
1779292800,51.386,51.792,51.164,51.432,514807.35
1779296400,51.442,52.323,51.332,51.917,993642.74
1779300000,51.918,52.207,51.319,51.471,667413.79
1779303600,51.472,52.945,51.373,52.92,1230164.5800000001
1779307200,52.924,53.066,51.658,51.921,1136041.3600000001
1779310800,51.916,53.054,51.696,52.923,678034.0
1779314400,52.923,54.505,52.591,54.193,1877041.77
1779318000,54.194,54.842,53.651,54.836,899193.7
1779321600,54.823,56.636,54.716,56.383,2240247.9199999999
1779325200,56.383,57.098,55.95,56.337,1634355.77
1779328800,56.336,56.457,55.338,55.816,773241.0600000001
1779332400,55.811,56.848,55.514,56.732,734119.08
1779336000,56.719,56.768,55.86,55.93,515292.72
1779339600,55.927,56.43,55.671,56.206,511345.08
1779343200,56.205,56.854,56.016,56.458,633203.16
1779346800,56.457,58.5,56.418,58.334,1450853.47
1779350400,58.333,58.869,58.095,58.518,1086892.74
1779354000,58.5,59.143,57.443,57.841,1139721.52
1779357600,57.856,58.574,57.216,57.414,1075047.54
1779361200,57.418,57.68,56.65,57.171,817160.23
1779364800,57.17,57.906,56.72,57.693,588549.6
1779368400,57.699,59.755,57.536,59.405,2317568.9900000002
1779372000,59.404,62.02,58.85,60.909,4287897.3600000003
1779375600,60.906,62.596,60.493,61.08,3081459.0800000001
1779379200,61.08,61.124,58.6,58.661,2585742.7599999998
1779382800,58.661,60.267,58.6,58.683,1544761.9199999999
1779386400,58.682,59.475,58.345,58.458,875946.55
1779390000,58.473,58.763,57.125,57.795,1502508.45
1779393600,57.789,58.712,56.162,57.864,1608184.8100000001
1779397200,57.857,58.29,57.153,57.904,757682.6899999999
1779400800,57.905,58.526,57.77,58.465,386507.74
1779404400,58.465,59.132,58.253,58.579,577804.48
1779408000,58.574,58.63,56.916,57.459,829497.17
1779411600,57.448,57.764,56.578,57.455,689765.35
1779415200,57.443,58.422,57.233,57.648,503846.94
1779418800,57.648,57.826,57.064,57.477,317530.3
1779422400,57.477,58.161,57.322,58.073,219333.32
1779426000,58.092,58.3,57.709,57.945,252664.69
1779429600,57.944,58.147,57.024,57.106,354664.89
1779433200,57.1,57.936,56.954,57.879,391169.85
1779436800,57.887,59.932,57.587,59.185,922134.95
1779440400,59.186,60.0,58.69,59.094,685065.39
1779444000,59.094,59.643,58.882,59.168,518826.23
1779447600,59.168,60.915,58.761,60.872,1111900.98
1779451200,60.872,61.644,60.363,60.988,1494994.0800000001
1779454800,60.988,61.96,60.567,61.521,1722093.24
1779458400,61.521,61.659,59.076,59.136,1530627.8600000001
1779462000,59.137,59.593,57.709,57.889,1435388.9399999999
1779465600,57.89,58.269,57.003,57.807,1087927.8700000001
1779469200,57.808,58.093,57.458,57.884,345768.31
1779472800,57.884,58.509,56.1,56.826,1738027.1599999999
1779476400,56.832,56.92,54.968,55.592,2310893.2799999998
1779480000,55.591,55.98,54.28,55.037,1290392.75
1779483600,55.029,56.394,55.025,56.15,712414.29
1779487200,56.146,56.213,54.999,55.411,527660.3
1779490800,55.411,55.708,54.528,54.579,652520.15
1779494400,54.58,55.208,54.0,54.994,710390.04
1779498000,55.012,55.314,54.278,54.832,493924.75
1779501600,54.832,55.358,54.5,55.358,295309.11
1779505200,55.356,55.93,55.217,55.93,331221.97
1779508800,55.93,55.93,54.909,55.134,202789.47
1779512400,55.135,55.85,54.974,55.261,235157.73
1779516000,55.262,55.526,54.858,55.069,221191.4
1779519600,55.069,55.678,54.692,55.601,376924.17
1779523200,55.591,56.265,55.324,56.186,475716.91
1779526800,56.186,56.25,55.212,55.271,244339.45
1779530400,55.258,55.844,55.258,55.414,136419.08
1779534000,55.415,55.459,54.899,54.997,203939.25
1779537600,54.99,55.247,54.42,55.051,371119.06
1779541200,55.046,55.887,54.95,55.16,311537.87
1779544800,55.159,56.8,54.963,56.546,578081.77
1779548400,56.545,57.692,56.511,57.162,1075857.04
1779552000,57.165,58.071,56.981,57.709,559764.17
1779555600,57.709,58.026,57.202,57.478,375434.79
1779559200,57.473,58.8,57.398,58.62,649964.7
1779562800,58.62,58.68,58.104,58.292,250570.57
1779566400,58.312,59.9,58.102,59.5,1131346.71
1779570000,59.5,59.641,57.413,58.156,842758.74
1779573600,58.155,58.266,57.287,57.958,438346.6
1779577200,57.959,58.8,57.849,58.704,270733.53
1779580800,58.704,59.89,58.612,59.833,477924.58
1779584400,59.833,61.495,59.728,60.276,1545091.3100000001
1779588000,60.266,60.72,59.407,60.0,907815.33
1779591600,60.0,60.509,59.841,60.126,264824.43
1779595200,60.132,60.535,59.622,60.315,391519.14
1779598800,60.316,61.5,60.111,61.285,534443.59
1779602400,61.286,61.895,60.222,61.805,738611.5699999999
1779606000,61.798,62.0,61.107,61.978,511417.64
1779609600,61.977,63.176,61.591,62.736,1047878.0
1779613200,62.712,64.34,62.62,63.706,1474900.72
1779616800,63.706,63.753,62.416,63.113,1002802.4399999999
1779620400,63.121,63.46,62.422,62.79,661487.84
1779624000,62.807,64.1,62.597,63.998,692897.15
1779627600,64.034,64.32,62.693,63.082,1069254.98
1779631200,63.083,63.531,61.556,62.802,1257812.3400000001
1779634800,62.805,63.8,62.544,63.649,645766.7
1779638400,63.649,64.024,63.0,63.475,461859.17
1779642000,63.475,63.642,62.831,63.083,340891.49
1779645600,63.083,63.946,62.556,63.946,491502.33
1779649200,63.946,64.5,62.779,62.944,859886.15
1779652800,62.944,63.112,61.985,62.115,493105.9
1779656400,62.115,62.703,61.32,61.556,652276.17
1779660000,61.556,62.884,61.556,62.375,473507.92
1779663600,62.382,63.791,62.381,62.745,512394.51
1779667200,62.76,62.9,61.8,61.855,367288.37
1779670800,61.85,62.136,60.753,60.853,683689.28
1779674400,60.853,61.633,60.71,61.323,456165.79
1779678000,61.324,61.627,61.174,61.441,218890.76
1779681600,61.441,62.813,60.889,62.699,653034.4399999999
1779685200,62.699,63.214,61.776,62.431,535176.14
1779688800,62.426,62.951,61.69,62.093,393460.16
1779692400,62.092,63.495,61.807,63.419,480177.73
1779696000,63.423,63.73,63.001,63.559,482922.89
1779699600,63.558,63.9,63.083,63.275,368828.87
1779703200,63.304,63.653,63.001,63.389,253197.54
1779706800,63.395,63.55,62.69,63.375,351887.9
1779710400,63.376,63.792,62.61,62.614,523511.4
1779714000,62.61,63.454,62.336,63.313,483844.02
1779717600,63.316,63.352,62.547,62.869,374153.29
1779721200,62.87,63.131,62.458,62.545,319643.33
1779724800,62.567,62.583,61.806,62.07,526625.28
1779728400,62.07,62.123,61.642,61.905,277305.69
1779732000,61.919,62.312,61.545,61.681,219231.37
1779735600,61.695,62.111,61.4,62.011,282334.57
1779739200,62.028,62.028,60.962,61.272,660871.99
1779742800,61.272,61.639,61.222,61.458,154230.48
1779746400,61.456,61.995,61.191,61.21,258426.46
1779750000,61.21,61.758,61.055,61.097,237350.13
1779753600,61.098,61.218,59.49,60.026,1109971.9199999999
1779757200,60.032,60.355,59.082,59.246,726077.01
1779760800,59.246,59.759,58.802,58.996,812521.03
1779764400,58.996,59.53,58.55,59.293,532426.4300000001
1779768000,59.331,59.992,58.977,59.968,358668.99
1779771600,59.968,60.466,59.571,60.268,457578.98
1779775200,60.268,60.772,60.083,60.496,308583.21
1779778800,60.497,60.597,59.476,59.728,560634.37
1779782400,59.729,60.228,59.274,59.495,196619.96
1779786000,59.49,59.776,59.153,59.641,164215.1
1779789600,59.642,61.787,59.573,61.407,962713.23
1779793200,61.412,61.699,60.926,61.146,379434.17
1779796800,61.139,62.16,60.477,62.128,708741.38
1779800400,62.127,63.96,61.8,63.584,1483749.8500000001
1779804000,63.588,64.74,63.134,63.451,2294556.7999999998
1779807600,63.476,63.587,61.749,62.474,1322244.0700000001
1779811200,62.464,63.813,62.05,62.719,1123334.98
1779814800,62.742,62.95,60.717,61.473,935924.17
1779818400,61.473,62.01,61.013,61.66,580937.14
1779822000,61.662,61.7,60.076,60.73,686712.1800000001
1779825600,60.757,60.83,59.226,59.648,1075169.7
1779829200,59.65,59.77,58.69,58.981,792656.61
1779832800,58.981,59.814,58.805,59.698,473031.24
1779836400,59.698,59.97,59.263,59.509,393692.36
1779840000,59.508,60.795,59.342,60.738,418431.3
1779843600,60.739,60.776,59.784,60.018,326856.79
1779847200,60.019,60.647,59.674,60.641,317590.61
1779850800,60.644,61.09,59.754,60.014,639551.54
1779854400,60.014,60.818,59.5,60.684,407266.73
1779858000,60.684,61.931,60.598,61.809,541352.16
1779861600,61.808,62.344,61.421,62.344,382888.28
1779865200,62.344,62.628,61.781,62.094,429867.49
1779868800,62.1,62.393,61.71,62.211,177075.76
1779872400,62.216,63.318,61.966,62.825,619547.35
1779876000,62.829,63.2,62.465,62.487,394905.33
1779879600,62.478,63.151,62.2,62.261,317918.54
1779883200,62.261,63.029,61.637,61.86,725700.34
1779886800,61.86,62.082,60.222,60.781,1029262.4
1779890400,60.781,60.925,59.596,59.977,923160.8100000001
1779894000,59.977,60.84,59.87,60.485,523686.31
1779897600,60.485,60.618,59.659,60.418,362027.97
1779901200,60.419,60.462,58.881,59.395,775845.0699999999
1779904800,59.395,59.855,58.935,59.379,663091.3
1779908400,59.382,60.157,59.311,60.107,311783.58
1779912000,60.111,60.464,59.9,60.374,298254.77
1779915600,60.361,60.391,59.19,59.758,396031.52
1779919200,59.775,59.934,58.0,58.03,911353.49
1779922800,58.031,58.571,57.06,57.618,907800.96
1779926400,57.618,58.181,57.448,57.869,409466.15
1779930000,57.876,58.387,57.7,57.94,283454.85
1779933600,57.971,58.529,57.602,58.34,310680.3
1779937200,58.341,58.375,56.69,57.057,941613.29
1779940800,57.058,57.595,56.658,57.456,804476.45
1779944400,57.452,57.798,56.803,56.972,414843.01
1779948000,56.974,57.301,56.588,57.102,363541.68
1779951600,57.102,58.288,57.1,58.046,559266.85
1779955200,58.043,58.061,56.296,56.721,492061.09
1779958800,56.721,57.504,56.605,57.442,227307.18
1779962400,57.442,57.442,56.595,56.617,244694.55
1779966000,56.618,57.058,56.566,57.05,187274.97
1779969600,57.05,57.546,56.25,57.255,438854.59
1779973200,57.255,57.455,56.318,57.304,730922.63
1779976800,57.31,58.79,56.699,57.322,1644463.8899999999
1779980400,57.339,57.917,57.168,57.661,463623.12
1779984000,57.661,59.371,57.367,59.371,1012018.6800000001
1779987600,59.372,59.834,58.712,59.397,852242.37
1779991200,59.398,60.917,59.31,60.706,1136677.9299999999
1779994800,60.706,61.5,59.884,60.92,984885.62
1779998400,60.93,61.334,60.123,60.664,744865.46
1780002000,60.665,62.1,60.443,61.842,838307.47
1780005600,61.843,62.134,61.075,61.634,541919.61
1780009200,61.634,62.091,61.461,61.52,347576.46
1780012800,61.521,62.514,61.149,61.981,837329.46
1780016400,61.981,62.476,61.216,61.901,543655.4300000001
1780020000,61.9,61.992,60.325,60.41,634228.1899999999
1780023600,60.41,62.147,60.41,61.285,614952.13
1780027200,61.27,61.694,60.822,61.651,276165.52
1780030800,61.623,61.99,61.253,61.373,322321.63
1780034400,61.366,62.213,61.171,61.999,330801.17
1780038000,61.999,62.868,61.895,62.814,725511.64
1780041600,62.814,63.249,62.414,62.929,623025.05
1780045200,62.93,63.433,62.589,62.744,473479.32
1780048800,62.744,62.816,62.142,62.175,327753.13
1780052400,62.171,62.712,61.873,62.15,308110.62
1780056000,62.15,62.306,61.4,61.946,543513.13
1780059600,61.937,62.9,61.466,62.789,736559.38
1780063200,62.79,63.878,61.63,63.47,3497515.0699999998
1780066800,63.517,66.725,63.279,65.564,3626254.6699999999
1780070400,65.565,67.416,65.262,66.784,1794694.47
1780074000,66.792,67.362,65.951,66.274,1370117.73
1780077600,66.285,66.516,64.835,64.972,1091937.0900000001
1780081200,64.967,66.22,64.756,66.197,709023.23
1780084800,66.197,66.403,65.139,65.42,462722.7
1780088400,65.439,65.75,64.126,64.615,1085791.1599999999
1780092000,64.621,65.175,64.247,64.345,568631.53
1780095600,64.35,64.636,63.904,64.408,565475.83
1780099200,64.405,65.071,64.071,65.027,402380.76
1780102800,65.024,65.791,64.706,65.585,356930.02
1780106400,65.571,65.986,64.969,65.419,379982.01
1780110000,65.419,65.419,64.942,65.092,169758.93
1780113600,65.092,65.239,64.0,64.58,705778.03
1780117200,64.587,66.1,64.398,65.719,479535.97
1780120800,65.72,65.88,65.292,65.662,265304.42
1780124400,65.663,66.303,65.475,66.029,271582.11
1780128000,66.029,66.174,65.802,66.173,157430.17
1780131600,66.174,66.538,65.955,66.172,358099.12
1780135200,66.173,66.916,65.967,66.894,382589.63
1780138800,66.895,68.0,66.547,67.831,993770.28
1780142400,67.831,68.43,67.263,68.359,1069423.8700000001
1780146000,68.359,68.64,67.42,67.992,729105.65
1780149600,67.992,68.292,67.302,68.161,639698.39
1780153200,68.161,68.546,66.501,67.126,1169453.1899999999
1780156800,67.126,67.152,66.194,66.596,721417.71
1780160400,66.591,67.544,66.454,67.494,593341.3100000001
1780164000,67.499,68.316,67.368,68.2,598975.04
1780167600,68.195,68.245,67.532,67.811,584502.92
1780171200,67.811,68.115,67.115,67.273,341927.48
1780174800,67.272,67.851,67.116,67.409,269810.66
1780178400,67.411,67.854,67.011,67.658,267034.64
1780182000,67.66,68.321,67.061,68.291,315391.15
1780185600,68.3,69.497,68.0,69.41,1024427.83
1780189200,69.407,69.55,68.92,69.194,614800.13
1780192800,69.199,69.319,68.005,68.586,479585.96
1780196400,68.577,68.93,68.284,68.807,286505.04
1780200000,68.806,69.911,68.397,69.857,507043.96
1780203600,69.852,70.07,69.174,69.496,850003.75
1780207200,69.496,70.081,68.98,69.177,382355.41
1780210800,69.177,69.7,68.8,69.196,320624.52
1780214400,69.195,69.653,68.832,68.854,404957.87
1780218000,68.854,68.9,68.144,68.514,562317.5699999999
1780221600,68.515,68.79,67.956,68.354,411922.55
1780225200,68.341,68.487,67.468,67.786,474778.48
1780228800,67.787,68.473,67.511,68.024,398235.42
1780232400,68.02,68.466,67.634,68.029,396634.69
1780236000,68.029,68.5,67.808,68.172,560812.88
1780239600,68.178,69.322,67.965,68.643,909475.05
1780243200,68.643,68.756,67.689,67.972,524321.51
1780246800,67.963,69.267,67.871,68.903,600456.59
1780250400,68.912,69.35,68.63,68.969,655356.87
1780254000,68.978,69.358,68.741,69.326,295010.16
1780257600,69.327,70.3,69.02,70.174,752614.4399999999
1780261200,70.176,71.626,69.894,71.402,1921790.26
1780264800,71.403,73.116,71.0,72.62,2093623.23
1780268400,72.621,73.028,71.524,72.053,1141714.3200000001
1780272000,72.095,74.1,71.926,73.538,1243422.53
1780275600,73.517,73.786,71.741,71.862,902202.33
1780279200,71.859,72.802,71.633,72.114,667764.78
1780282800,72.135,73.483,72.132,73.483,705558.61
1780286400,73.483,73.739,72.744,73.313,562462.1800000001
1780290000,73.303,74.0,73.18,73.405,529807.49
1780293600,73.41,73.916,72.557,73.254,598910.3
1780297200,73.253,73.872,71.966,72.343,865078.74
1780300800,72.335,72.918,71.954,72.111,442444.67
1780304400,72.104,73.416,71.428,72.406,741116.08
1780308000,72.419,73.191,72.22,72.661,386877.47
1780311600,72.655,73.999,72.274,73.135,705042.4399999999
1780315200,73.121,74.6,72.395,74.045,1121053.8799999999
1780318800,74.039,74.083,71.53,72.028,1597474.8500000001
1780322400,72.028,72.407,70.5,71.164,2208061.9700000002
1780326000,71.172,72.515,70.74,70.906,1168698.6699999999
1780329600,70.937,72.261,70.417,72.195,1289399.8100000001
1780333200,72.195,73.575,71.927,72.921,1362155.6000000001
1780336800,72.928,73.537,72.33,73.513,651609.95
1780340400,73.514,73.944,73.075,73.775,575824.77
1780344000,73.779,73.809,71.946,72.511,850577.3
1780347600,72.522,73.24,71.722,73.189,613142.22
1780351200,73.188,74.216,72.683,74.171,632147.92
1780354800,74.171,75.825,72.814,73.582,2014081.03
1780358400,73.582,74.88,73.211,74.073,1090311.77
1780362000,74.089,74.35,72.706,72.827,786072.1899999999
1780365600,72.85,74.8,72.72,74.799,918591.75
1780369200,74.8,75.643,74.47,74.569,1023853.6
1780372800,74.569,74.913,73.56,73.684,608136.24
1780376400,73.681,74.192,72.721,72.921,887779.22
1780380000,72.921,73.297,71.818,71.909,811565.77
1780383600,71.916,72.512,71.22,72.058,698985.9
1780387200,72.057,72.129,71.145,71.348,351045.83
1780390800,71.343,71.967,70.5,70.756,1090843.4099999999
1780394400,70.749,72.425,70.729,72.369,583432.63
1780398000,72.369,73.091,72.0,72.606,529258.3199999999
1780401600,72.604,73.817,72.4,73.666,627315.41
1780405200,73.66,73.746,72.559,73.022,653869.15
1780408800,73.029,74.0,72.0,72.349,1344147.95
1780412400,72.349,72.379,70.4,71.879,1729130.6399999999
1780416000,71.879,72.635,71.3,71.858,760512.86
1780419600,71.878,72.8,71.4,72.317,527677.42
1780423200,72.312,72.667,70.737,70.848,693241.21
1780426800,70.845,71.175,68.941,70.808,2240041.23
1780430400,70.819,71.684,69.288,69.875,1146579.8700000001
1780434000,69.886,70.184,68.806,68.843,860302.75
1780437600,68.845,69.257,67.836,68.454,1121981.9199999999
1780441200,68.465,69.874,68.168,69.831,785165.52
1780444800,69.83,70.92,69.471,69.731,812141.79
1780448400,69.731,70.025,68.274,69.153,688079.4
1780452000,69.154,70.222,68.983,70.109,351249.1
1780455600,70.108,70.888,69.189,70.566,976137.37
1780459200,70.566,72.909,70.55,72.72,1387336.1000000001
1780462800,72.72,73.696,72.35,72.754,1245305.2
1780466400,72.757,72.994,71.999,72.463,338614.26
1780470000,72.462,73.451,72.149,73.059,351782.08
1780473600,73.056,73.215,72.052,72.233,494388.77
1780477200,72.233,72.838,71.59,71.77,431068.12
1780480800,71.781,73.144,71.704,73.13,445566.7
1780484400,73.129,73.5,72.1,72.335,506040.86
1780488000,72.337,73.424,72.159,73.336,438583.79
1780491600,73.336,73.9,72.218,72.786,1010913.0
1780495200,72.801,72.893,71.7,72.774,585758.55
1780498800,72.773,73.601,71.915,72.118,873996.39
1780502400,72.11,72.774,71.35,72.756,710928.64
1780506000,72.763,74.0,71.777,73.773,1410569.21
1780509600,73.773,74.623,72.74,74.158,1290330.75
1780513200,74.136,74.516,73.084,73.442,784419.8
1780516800,73.429,73.922,72.042,72.436,613776.3199999999
1780520400,72.435,75.37,72.435,74.977,1241490.8400000001
1780524000,74.977,75.6,74.53,74.82,932018.7
1780527600,74.82,75.452,74.13,74.573,651583.45
1780531200,74.575,75.5,73.379,74.201,940892.7
1780534800,74.201,74.495,72.169,72.232,1213464.8600000001
1780538400,72.232,73.696,70.5,72.624,2422655.23
1780542000,72.629,74.14,72.606,74.028,837328.21
1780545600,74.028,75.008,73.009,73.263,851477.87
1780549200,73.264,73.402,72.4,72.536,531644.13
1780552800,72.537,73.089,69.612,69.652,1985026.3100000001
1780556400,69.648,70.003,67.773,67.796,2232764.1800000002
1780560000,67.792,68.861,66.592,68.525,2048094.3500000001
1780563600,68.528,68.658,66.157,67.135,1340808.8100000001
1780567200,67.13,67.13,64.707,65.442,2727631.0299999998
1780570800,65.443,67.067,64.834,66.548,1509426.8100000001
1780574400,66.554,68.082,65.265,67.733,1772652.25
1780578000,67.745,67.88,65.532,67.134,1647670.75
1780581600,67.134,67.664,66.822,67.177,1008856.78
1780585200,67.187,68.487,66.626,67.441,920010.73
1780588800,67.442,68.922,67.3,68.888,838408.78
1780592400,68.888,68.919,66.0,66.752,1161569.51
1780596000,66.756,67.6,66.0,66.728,791611.16
1780599600,66.729,67.116,65.709,66.411,709152.67
1780603200,66.426,67.684,65.98,67.113,602834.79
1780606800,67.114,67.5,64.293,64.683,1304891.54
1780610400,64.683,65.532,63.0,64.242,2206776.23
1780614000,64.254,65.105,63.242,64.428,943861.76
1780617600,64.428,64.903,62.985,64.07,835511.8100000001
1780621200,64.078,66.031,63.367,65.759,1252010.6000000001
1780624800,65.743,65.888,63.62,63.68,925717.85
1780628400,63.697,64.049,61.563,61.742,1991549.01
1780632000,61.741,63.42,61.224,63.313,1236632.55
1780635600,63.332,63.785,61.0,61.525,1172924.0900000001
1780639200,61.53,61.97,59.131,60.783,2188866.7400000002
1780642800,60.8,63.0,59.0,62.743,2141419.6299999999
1780646400,62.743,62.755,60.882,61.331,866080.4
1780650000,61.331,62.496,61.114,61.684,438215.95
1780653600,61.685,61.944,60.839,61.917,476292.93
1780657200,61.914,62.693,61.304,61.743,399821.1
1780660800,61.739,62.605,61.204,62.512,565023.1899999999
1780664400,62.512,63.011,60.64,60.815,915853.59
1780668000,60.786,63.556,60.767,61.381,1551287.8899999999
1780671600,61.358,61.541,57.221,57.802,3109380.9900000002
1780675200,57.802,60.399,57.069,59.689,2386196.6299999999
1780678800,59.689,60.008,57.765,57.978,1170787.02
1780682400,57.977,58.375,56.69,57.251,1329077.03
1780686000,57.24,59.026,56.744,58.613,1131767.1599999999
1780689600,58.615,59.8,58.114,59.543,1058746.8200000001
1780693200,59.543,60.76,59.112,59.811,759970.37
1780696800,59.811,60.314,59.087,59.55,568846.46
1780700400,59.552,60.05,58.81,59.825,650444.01
1780704000,59.81,60.995,59.66,60.811,483996.8
1780707600,60.806,61.221,59.598,59.626,492422.27
1780711200,59.625,59.953,59.054,59.649,314428.73
1780714800,59.649,59.69,58.688,58.887,320946.86
1780718400,58.887,59.276,57.409,58.233,827794.3199999999
1780722000,58.242,59.596,57.538,59.458,532727.38
1780725600,59.448,59.949,59.113,59.543,342899.78
1780729200,59.552,60.503,59.278,59.952,423929.31
1780732800,59.944,61.04,59.511,60.006,409612.94
1780736400,60.006,60.34,59.112,59.414,298484.34
1780740000,59.417,59.443,58.221,58.598,275006.99
1780743600,58.591,59.837,58.537,59.658,248461.12
1780747200,59.657,59.95,58.852,59.317,163078.01
1780750800,59.308,59.358,58.507,58.646,214416.18
1780754400,58.653,59.01,58.3,58.401,174787.49
1780758000,58.405,58.639,57.65,58.305,421375.44
1780761600,58.306,58.739,57.709,57.85,332969.19
1780765200,57.848,58.142,56.971,57.192,597056.9399999999
1780768800,57.193,57.685,56.43,56.905,581072.96
1780772400,56.907,57.094,55.545,55.554,827952.45
1780776000,55.554,56.686,55.481,56.488,588901.64
1780779600,56.487,57.038,56.487,56.642,266001.67
1780783200,56.642,56.817,56.01,56.472,226290.66
1780786800,56.464,56.975,56.147,56.515,294595.41
1780790400,56.525,57.41,56.105,57.136,339982.38
1780794000,57.141,58.454,57.01,58.078,673525.95
1780797600,58.079,58.31,57.522,57.907,238802.55
1780801200,57.898,58.306,57.457,57.834,255432.73
1780804800,57.826,59.2,57.547,59.176,400956.8
1780808400,59.194,59.923,58.961,59.473,722070.33
1780812000,59.472,59.824,59.32,59.761,362774.65
1780815600,59.761,59.988,59.425,59.882,376898.79
1780819200,59.876,60.425,59.69,59.904,552824.49
1780822800,59.913,60.44,58.911,58.989,581289.34
1780826400,58.99,59.272,58.562,58.864,341165.17
1780830000,58.855,59.393,58.561,58.881,215672.18
1780833600,58.873,58.931,56.257,57.89,734594.13
1780837200,57.875,58.036,57.343,57.962,339468.42
1780840800,57.962,59.238,57.957,59.011,572573.61
1780844400,59.003,59.195,57.996,58.475,543319.3100000001
1780848000,58.48,58.843,58.127,58.525,234280.06
1780851600,58.526,59.265,58.513,59.044,213442.98
1780855200,59.044,59.524,58.702,58.749,332592.21
1780858800,58.755,58.807,56.878,57.615,665225.73
1780862400,57.622,58.694,57.496,58.427,384367.09
1780866000,58.436,58.695,58.014,58.387,138573.44
1780869600,58.416,59.899,58.265,58.889,723365.54
1780873200,58.889,59.789,58.717,59.747,453390.48
1780876800,59.75,61.957,59.58,61.22,1449769.73
1780880400,61.22,61.22,59.301,60.026,748400.35
1780884000,60.026,61.713,59.861,61.622,736846.22
1780887600,61.598,62.138,60.789,61.332,806138.1800000001
1780891200,61.34,61.429,60.2,60.63,565755.91
1780894800,60.644,61.509,60.628,61.509,378892.49
1780898400,61.509,63.244,61.503,63.121,691707.23
1780902000,63.127,63.42,62.655,63.05,507674.15
1780905600,63.044,63.162,61.104,61.53,615136.97
1780909200,61.529,61.677,61.06,61.461,247657.68
1780912800,61.456,61.863,61.2,61.443,160725.97
1780916400,61.435,62.451,61.115,62.136,361588.57
1780920000,62.138,63.023,61.291,62.913,594990.84
1780923600,62.942,64.854,62.411,64.531,2213543.6699999999
1780927200,64.531,65.0,64.178,64.691,973623.24
1780930800,64.696,65.802,64.353,64.792,1255295.8200000001
1780934400,64.797,64.991,63.474,63.7,967728.5699999999
1780938000,63.7,64.421,63.265,64.174,843498.71
1780941600,64.177,64.733,63.949,64.429,399702.53
1780945200,64.429,64.711,63.409,63.681,397575.84
1780948800,63.684,63.935,63.214,63.926,286310.2
1780952400,63.932,64.5,63.749,64.102,390703.16
1780956000,64.09,64.148,62.743,63.272,613986.08
1780959600,63.269,63.889,63.087,63.839,399435.7
1780963200,63.843,64.04,62.1,62.197,930544.0
1780966800,62.19,62.96,61.942,62.797,403213.37
1780970400,62.796,62.94,61.491,62.343,413956.2
1780974000,62.342,62.78,61.276,61.641,678464.53
1780977600,61.64,62.201,60.844,61.935,903891.14
1780981200,61.935,62.582,61.225,61.991,329362.93
1780984800,61.992,62.484,61.423,61.834,268467.58
1780988400,61.834,62.361,61.732,62.258,279096.88
1780992000,62.255,62.921,61.521,62.594,421790.42
1780995600,62.594,62.803,61.917,62.321,249032.12
1780999200,62.321,62.498,61.801,62.154,199185.53
1781002800,62.154,62.207,61.609,61.806,188664.71
1781006400,61.807,62.351,61.78,62.113,292488.85
1781010000,62.122,62.348,60.591,60.642,1005373.4399999999
1781013600,60.643,60.875,59.367,59.975,1424833.8799999999
1781017200,59.975,60.542,58.695,58.914,1195938.6100000001
1781020800,58.913,59.514,58.5,58.825,1049619.3700000001
1781024400,58.815,59.394,58.707,59.102,681909.13
1781028000,59.103,59.356,58.616,58.955,260727.81
1781031600,58.956,59.299,57.842,58.558,860365.35
1781035200,58.561,59.472,58.302,59.416,312531.2
1781038800,59.429,59.494,57.663,57.95,440734.44
1781042400,57.949,58.341,57.5,57.582,390285.6
1781046000,57.586,57.896,57.293,57.765,201146.74
1781049600,57.781,58.171,56.182,57.098,711082.5699999999
1781053200,57.097,57.356,56.604,57.3,386924.45
1781056800,57.302,57.442,55.568,55.722,765591.61
1781060400,55.745,57.035,55.721,56.591,545853.84
1781064000,56.595,56.643,55.256,55.537,567120.13
1781067600,55.538,55.7,55.055,55.367,448205.92
1781071200,55.364,55.736,55.077,55.218,446431.32
1781074800,55.219,56.239,55.086,55.725,450011.58
1781078400,55.725,55.852,55.232,55.774,334211.15
1781082000,55.771,56.133,55.339,55.971,295666.16
1781085600,55.972,56.595,55.404,56.433,233472.59
1781089200,56.427,56.593,55.534,55.65,330240.59
1781092800,55.645,56.7,54.845,56.211,1100303.6899999999
1781096400,56.249,58.079,56.0,57.438,1264374.76
1781100000,57.443,58.351,57.264,58.035,982588.66
1781103600,58.035,58.241,56.626,57.484,1072574.49
1781107200,57.485,57.516,55.56,55.707,828176.5
1781110800,55.708,56.291,54.897,55.553,631296.22
1781114400,55.55,55.747,54.061,54.679,906258.76
1781118000,54.685,54.776,53.596,53.923,1136795.53
1781121600,53.904,54.25,53.5,53.709,574778.79
1781125200,53.71,54.157,53.116,53.272,972075.88
1781128800,53.273,53.575,52.611,53.251,985237.89
1781132400,53.266,53.666,52.667,53.285,534542.9
1781136000,53.291,53.722,52.853,53.263,540717.63
1781139600,53.264,54.59,53.256,54.55,713130.74
1781143200,54.551,54.576,53.561,54.136,351146.97
1781146800,54.144,55.374,54.008,55.155,438691.58
1781150400,55.16,55.195,54.474,54.74,348507.18
1781154000,54.737,55.622,54.35,55.53,359099.05
1781157600,55.529,56.366,55.499,55.515,629537.9300000001
1781161200,55.517,56.047,55.4,55.544,285054.58
1781164800,55.54,56.283,55.494,55.988,198446.93
1781168400,55.983,56.197,55.555,56.047,194603.5
1781172000,56.055,56.193,55.622,55.896,189674.81
1781175600,55.89,57.08,55.846,56.835,662948.05
1781179200,56.834,56.995,55.677,56.24,672143.3
1781182800,56.24,57.516,56.069,56.993,721406.9399999999
1781186400,56.993,57.126,56.267,56.464,412780.17
1781190000,56.465,57.284,56.197,56.715,364332.19
1781193600,56.715,56.851,56.1,56.219,258730.1
1781197200,56.212,58.867,55.794,58.381,1459581.24
1781200800,58.382,58.669,57.5,58.311,951853.0600000001
1781204400,58.32,59.645,57.991,58.6,989031.34
1781208000,58.61,59.073,58.098,58.317,606027.29
1781211600,58.315,59.129,58.301,58.815,426940.81
1781215200,58.815,59.206,58.522,58.523,437397.93
1781218800,58.526,59.554,58.269,58.931,456909.91
1781222400,58.931,59.7,58.855,59.183,296723.0
1781226000,59.167,59.17,58.227,58.344,333827.04
1781229600,58.343,59.444,58.176,59.296,430716.52
1781233200,59.294,59.444,58.915,59.192,133464.96
1781236800,59.186,59.45,58.628,58.675,179307.08
1781240400,58.671,58.727,58.0,58.041,202278.4
1781244000,58.041,58.214,56.81,57.124,766953.72
1781247600,57.129,57.459,56.782,56.932,397780.55
1781251200,56.932,58.639,56.919,58.629,586854.1800000001
1781254800,58.629,59.354,58.263,59.186,453154.02
1781258400,59.185,59.474,58.645,59.097,300337.85
1781262000,59.092,59.586,59.004,59.214,174370.4
1781265600,59.213,60.742,59.024,60.384,859497.86
1781269200,60.384,60.715,59.314,59.652,880849.46
1781272800,59.654,60.462,59.303,60.446,747107.27
1781276400,60.445,61.229,59.697,59.745,942243.87
1781280000,59.748,61.508,59.401,61.011,1054214.02
1781283600,61.018,62.424,60.96,61.885,1137771.3500000001
1781287200,61.89,62.132,61.048,61.119,616138.47
1781290800,61.14,61.199,60.395,60.735,474594.04
1781294400,60.741,61.3,60.466,60.809,446489.16
1781298000,60.804,61.147,60.146,60.5,323054.02
1781301600,60.491,60.836,60.271,60.621,137668.83
1781305200,60.621,60.66,59.192,59.264,698019.3
1781308800,59.261,59.345,58.823,59.278,509786.48
1781312400,59.281,59.416,58.9,59.381,237207.35
1781316000,59.384,59.698,59.115,59.201,254705.95
1781319600,59.202,59.296,58.308,58.548,400624.43
1781323200,58.553,58.621,57.77,57.914,374557.55
1781326800,57.914,57.972,57.168,57.824,423551.5
1781330400,57.825,58.817,57.804,58.712,355272.71
1781334000,58.718,58.964,58.368,58.737,225937.52
1781337600,58.742,59.182,58.542,58.873,137161.42
1781341200,58.872,58.943,58.25,58.383,137279.45
1781344800,58.383,58.469,57.82,58.031,282190.45
1781348400,58.032,58.837,57.918,58.646,289529.49
1781352000,58.646,59.591,58.51,59.448,368926.07
1781355600,59.452,59.691,58.953,59.031,242712.65
1781359200,59.019,60.273,58.946,60.26,427793.32
1781362800,60.265,60.465,59.769,59.926,231934.42
1781366400,59.926,60.295,59.477,60.191,285410.48
1781370000,60.191,60.246,58.97,59.0,354455.69
1781373600,59.0,59.872,58.924,59.864,154496.55
1781377200,59.865,60.003,59.65,59.9,99458.27
1781380800,59.899,60.015,59.64,59.924,77600.07
1781384400,59.92,60.697,59.792,60.509,227139.53
1781388000,60.504,60.545,60.229,60.237,175241.66
1781391600,60.236,60.881,60.153,60.7,157314.39
1781395200,60.686,60.947,60.401,60.896,105444.4
1781398800,60.89,61.096,60.512,60.6,134774.52
1781402400,60.607,61.238,60.53,60.839,294308.49
1781406000,60.837,60.93,60.329,60.573,191549.42
1781409600,60.579,60.634,59.964,60.102,239001.17
1781413200,60.102,60.211,59.846,59.947,133586.08
1781416800,59.946,60.31,59.671,59.891,139316.68
1781420400,59.89,60.54,59.777,60.081,295175.92
1781424000,60.081,60.339,59.714,60.247,87124.56
1781427600,60.255,60.917,59.904,60.862,176416.65
1781431200,60.847,61.61,60.496,61.013,413529.05
1781434800,61.018,61.277,60.569,61.033,185982.44
1781438400,61.029,61.323,60.683,60.885,109999.26
1781442000,60.884,61.311,60.618,61.06,175554.77
1781445600,61.059,61.086,59.653,60.328,443355.56
1781449200,60.337,60.739,60.241,60.252,137026.22
1781452800,60.253,60.49,59.909,59.951,188538.88
1781456400,59.952,60.349,59.726,59.777,117717.43
1781460000,59.776,60.456,59.597,60.377,235148.97
1781463600,60.377,60.78,60.178,60.511,185699.03
1781467200,60.51,60.742,60.215,60.491,121093.55
1781470800,60.49,63.693,60.348,63.029,1566447.1899999999
1781474400,63.037,63.653,62.272,63.026,942588.3199999999
1781478000,63.027,64.139,62.976,63.923,517174.63
1781481600,63.923,64.271,63.5,63.942,422733.25
1781485200,63.942,63.993,63.116,63.587,284192.26
1781488800,63.594,65.0,63.425,64.797,572421.54
1781492400,64.788,65.329,64.564,65.329,452602.2
1781496000,65.328,65.801,64.76,64.834,1029194.35
1781499600,64.84,65.132,64.55,64.758,168759.69
1781503200,64.758,65.268,64.41,65.202,270244.35
1781506800,65.203,65.888,64.817,65.235,518697.96
1781510400,65.235,66.064,65.141,66.039,322313.75
1781514000,66.038,66.621,65.664,66.533,501251.64
1781517600,66.533,68.12,66.419,67.835,789256.6800000001
1781521200,67.838,68.592,67.643,67.958,733127.21
1781524800,67.961,68.316,67.255,68.048,547931.8100000001
1781528400,68.043,68.242,66.87,66.967,639960.05
1781532000,66.961,68.128,66.636,67.98,799082.83
1781535600,67.979,68.443,67.434,68.015,447037.6
1781539200,68.008,68.455,67.525,68.386,413621.92
1781542800,68.387,68.7,67.867,68.095,499957.43
1781546400,68.101,68.368,67.67,67.961,265228.71
1781550000,67.962,68.23,67.005,67.114,289443.41
1781553600,67.085,67.635,67.0,67.392,180106.92
1781557200,67.395,68.193,67.31,68.08,183127.52
1781560800,68.08,68.379,66.417,66.427,509706.15
1781564400,66.428,66.946,66.061,66.885,336129.24
1781568000,66.889,67.563,66.361,67.336,421960.33
1781571600,67.322,67.703,67.087,67.341,199703.03
1781575200,67.336,67.631,66.844,67.5,335274.21
1781578800,67.5,69.798,67.392,69.779,786153.34
1781582400,69.792,70.533,69.052,70.415,542875.25
1781586000,70.42,72.283,70.373,71.843,840125.54
1781589600,71.838,72.789,71.518,72.732,583093.0
1781593200,72.737,73.1,71.855,72.931,545775.35
1781596800,72.96,74.109,72.529,73.722,678382.51
1781600400,73.724,73.972,73.027,73.468,487962.98
1781604000,73.469,76.443,73.27,75.402,1458996.22
1781607600,75.395,76.125,74.5,75.637,865653.78
1781611200,75.637,76.999,74.88,76.99,951555.11
1781614800,76.99,77.0,75.34,75.797,997585.74
1781618400,75.802,76.59,73.248,73.433,1716406.8899999999
1781622000,73.439,75.119,73.319,74.934,916290.45
1781625600,74.928,75.331,73.367,73.667,844602.01
1781629200,73.669,74.29,72.726,73.983,649222.64
1781632800,73.983,74.957,72.356,72.793,871053.27
1781636400,72.794,73.411,72.038,72.438,863251.6800000001
1781640000,72.426,73.4,72.108,73.355,386322.68
1781643600,73.356,73.675,72.786,73.441,260442.09
1781647200,73.438,73.979,72.938,73.422,280809.33
1781650800,73.427,73.809,72.9,73.579,349262.95
1781654400,73.58,73.876,72.459,72.767,352401.23
1781658000,72.767,74.809,72.763,74.4,625194.53
1781661600,74.393,74.909,74.078,74.841,399911.58
1781665200,74.837,75.085,74.3,74.465,304648.79
1781668800,74.475,75.332,74.31,74.507,313974.59
1781672400,74.514,74.757,73.434,74.307,379660.73
1781676000,74.307,74.346,72.8,73.415,366649.96
1781679600,73.411,73.763,72.95,73.415,218526.96
1781683200,73.415,73.498,72.007,72.4,273164.3
1781686800,72.4,73.206,72.311,73.055,147529.88
1781690400,73.055,73.07,72.1,72.241,193295.86
1781694000,72.242,72.401,70.629,71.006,788984.1
1781697600,71.012,71.673,69.944,71.422,886609.48
1781701200,71.412,72.368,70.933,71.745,467023.93
1781704800,71.746,72.651,71.237,72.165,470014.06
1781708400,72.161,74.649,71.896,74.413,997864.14
1781712000,74.417,76.78,74.415,75.338,2129993.6299999999
1781715600,75.327,75.475,73.827,74.348,1333781.55
1781719200,74.348,75.401,72.731,73.686,1829826.74
1781722800,73.687,74.042,70.998,72.221,1709296.4099999999
1781726400,72.258,72.814,71.519,72.393,534017.0600000001
1781730000,72.403,72.68,70.43,71.075,726629.15
1781733600,71.076,71.616,70.203,70.966,618918.88
1781737200,70.972,71.776,70.955,71.142,208542.46
1781740800,71.148,72.49,71.084,72.284,501017.66
1781744400,72.283,73.728,72.001,72.382,865078.08
1781748000,72.379,72.78,71.97,72.501,275142.52
1781751600,72.51,72.549,70.609,70.983,485636.47
1781755200,70.982,71.146,68.782,69.254,1013892.1800000001
1781758800,69.266,69.803,68.6,69.755,646039.01
1781762400,69.73,71.281,69.565,71.257,676136.95
1781766000,71.258,71.698,70.65,71.511,463351.39
1781769600,71.523,72.768,71.152,71.872,660347.03
1781773200,71.864,72.75,71.678,71.82,353660.92
1781776800,71.819,72.619,71.214,72.198,414704.77
1781780400,72.198,72.601,70.582,70.912,483164.06
1781784000,70.914,71.993,70.683,71.685,473740.66
1781787600,71.686,72.31,70.224,70.638,735673.98
1781791200,70.638,70.927,69.0,69.31,784846.64
1781794800,69.334,69.346,67.305,67.498,1888639.0600000001
1781798400,67.527,68.293,66.811,67.455,1060594.0700000001
1781802000,67.465,67.589,66.549,66.594,705789.88
1781805600,66.595,68.222,66.56,67.839,557769.6899999999
1781809200,67.848,68.71,67.643,68.149,444342.52
1781812800,68.16,69.296,68.148,68.897,650010.55
1781816400,68.895,68.98,67.3,67.979,634901.99
1781820000,67.97,68.079,67.628,67.775,148560.96
1781823600,67.775,68.557,67.311,68.35,195403.6
1781827200,68.342,68.343,67.632,67.672,118193.24
1781830800,67.671,67.784,66.712,67.662,437941.84
1781834400,67.662,68.159,66.975,68.136,198507.65
1781838000,68.136,68.27,66.674,66.777,309663.49
1781841600,66.778,67.692,65.636,65.765,824607.23
1781845200,65.75,66.82,65.75,66.793,231019.73
1781848800,66.79,67.728,66.534,67.654,286115.26
1781852400,67.655,67.73,66.237,66.544,286433.24
1781856000,66.545,67.68,66.545,67.413,208167.14
1781859600,67.418,67.692,66.621,66.695,202352.85
1781863200,66.694,67.211,66.384,67.028,191451.62
1781866800,67.035,67.604,66.688,67.374,161329.49
1781870400,67.374,68.353,66.5,68.303,431011.57
1781874000,68.328,69.414,67.382,68.824,630962.39
1781877600,68.814,69.182,67.8,68.806,450195.62
1781881200,68.813,69.555,68.795,69.34,403248.84
1781884800,69.341,70.791,69.236,69.717,802807.6899999999
1781888400,69.729,70.735,69.203,70.539,446697.81
1781892000,70.539,71.391,70.241,70.647,485813.54
1781895600,70.648,71.337,70.269,70.493,423670.7
1781899200,70.499,70.941,69.65,70.289,430820.07
1781902800,70.276,70.549,69.151,69.308,387144.73
1781906400,69.309,70.151,68.854,69.903,255410.16
1781910000,69.906,70.462,69.46,70.262,164824.91
1781913600,70.262,70.396,69.045,69.211,140899.85
1781917200,69.212,69.573,68.72,69.351,165020.29
1781920800,69.348,69.389,68.403,68.49,248446.77
1781924400,68.498,69.2,68.483,68.909,183360.95
1781928000,68.909,70.04,68.657,70.03,248172.67
1781931600,70.03,70.499,69.878,70.283,179937.3
1781935200,70.29,70.935,70.29,70.438,155259.21
1781938800,70.448,70.522,69.864,69.981,124462.86
1781942400,69.984,70.94,69.96,70.687,151223.06
1781946000,70.69,70.865,70.189,70.743,129353.14
1781949600,70.757,71.205,70.548,70.767,227104.77
1781953200,70.767,71.297,70.429,71.074,190106.76
1781956800,71.075,71.426,70.604,70.796,208283.73
1781960400,70.796,70.83,69.255,69.578,399885.95
1781964000,69.579,71.124,68.702,70.734,585028.87
1781967600,70.734,71.25,70.488,71.088,372245.21
1781971200,71.095,71.111,69.67,69.771,279613.27
1781974800,69.806,69.868,68.985,69.523,264570.94
1781978400,69.523,69.808,69.426,69.735,131822.13
1781982000,69.727,69.979,69.62,69.862,144841.77
1781985600,69.855,69.98,69.402,69.809,128755.02
1781989200,69.807,70.188,69.76,70.024,157989.01
1781992800,70.012,70.806,69.953,70.602,191269.28
1781996400,70.606,71.0,70.532,70.741,142016.35
1782000000,70.74,70.774,70.206,70.461,123378.53
1782003600,70.451,70.913,70.323,70.469,210633.33
1782007200,70.477,70.647,69.81,69.814,113166.22
1782010800,69.814,70.38,69.637,69.686,166564.52
1782014400,69.683,70.093,69.198,69.452,145633.32
1782018000,69.459,69.537,69.0,69.397,156869.36
1782021600,69.397,69.493,69.0,69.136,117353.73
1782025200,69.142,69.489,68.242,68.489,355466.08
1782028800,68.482,68.516,67.189,67.654,570024.33
1782032400,67.652,68.31,67.56,68.232,291050.33
1782036000,68.231,68.539,68.059,68.349,185360.51
1782039600,68.372,68.388,67.5,67.734,237321.65
1782043200,67.74,68.032,67.219,67.95,281675.9
1782046800,67.95,67.95,67.553,67.875,127467.41
1782050400,67.872,68.108,67.316,68.065,212731.89
1782054000,68.076,68.753,68.013,68.655,369547.44
1782057600,68.668,68.765,67.7,67.979,234713.86
1782061200,67.965,68.338,67.75,67.831,124468.59
1782064800,67.839,68.487,67.526,68.265,137705.93
1782068400,68.272,68.625,68.04,68.522,72230.29
1782072000,68.521,68.846,67.705,67.88,200539.89
1782075600,67.879,67.999,67.251,67.4,288401.36
1782079200,67.401,67.786,66.758,67.31,406179.57
1782082800,67.314,67.314,66.532,66.898,340061.58
1782086400,66.899,67.689,66.815,67.583,193070.38
1782090000,67.584,68.877,67.584,68.4,450187.83
1782093600,68.399,68.598,67.275,67.342,180167.66
1782097200,67.331,67.433,65.1,65.435,992010.98
1782100800,65.435,66.078,65.244,65.955,241494.68
1782104400,65.956,66.459,65.704,66.287,234329.23
1782108000,66.283,66.487,65.967,66.184,140605.82
1782111600,66.175,67.549,66.175,67.251,299425.28
1782115200,67.253,67.9,67.036,67.408,237318.29
1782118800,67.422,67.62,67.1,67.438,87177.3
1782122400,67.444,67.884,67.35,67.513,90057.56
1782126000,67.514,68.5,67.362,68.025,298505.38
1782129600,68.025,68.772,67.81,68.464,590342.65
1782133200,68.464,69.583,68.075,69.318,864048.7
1782136800,69.294,69.362,67.857,67.947,509351.47
1782140400,67.948,68.502,66.808,66.921,709203.9
1782144000,66.925,67.75,66.524,67.596,396340.57
1782147600,67.592,68.035,67.161,67.981,224914.29
1782151200,67.981,69.35,67.866,67.892,621295.85
1782154800,67.894,68.342,66.895,67.413,774586.22
1782158400,67.422,67.674,66.831,67.207,244894.77
1782162000,67.206,67.351,66.195,66.684,192757.73
1782165600,66.689,66.943,65.8,66.201,228730.36
1782169200,66.2,66.34,65.775,66.254,188873.05
1782172800,66.253,66.592,65.857,66.272,198571.91
1782176400,66.289,66.496,65.742,66.318,187733.41
1782180000,66.319,67.345,66.01,67.096,369252.23
1782183600,67.095,67.123,66.533,67.059,166618.34
1782187200,67.059,67.171,65.8,66.207,284052.79
1782190800,66.209,66.647,65.014,65.26,611311.03
1782194400,65.252,65.259,63.444,64.269,1319723.52
1782198000,64.269,64.6,63.4,63.519,387075.86
1782201600,63.528,63.744,62.774,62.886,918963.34
1782205200,62.881,63.157,62.557,63.077,380404.28
1782208800,63.065,63.282,62.233,62.55,449152.66
1782212400,62.551,63.267,62.551,63.243,387450.22
1782216000,63.231,63.51,62.629,62.918,485229.82
1782219600,62.918,63.33,62.666,63.325,424788.74
1782223200,63.32,63.67,62.862,62.919,684388.4300000001
1782226800,62.921,63.05,61.621,62.35,1334038.6599999999
1782230400,62.352,63.037,61.944,62.416,709892.16
1782234000,62.405,62.935,61.846,62.172,337128.79
1782237600,62.173,62.339,61.7,61.748,309752.68
1782241200,61.743,62.371,61.7,62.216,222143.0
1782244800,62.217,62.746,61.768,62.011,423166.43
1782248400,62.011,62.41,61.955,62.047,119511.03
1782252000,62.044,62.924,62.002,62.284,274375.38
1782255600,62.277,62.297,61.688,62.143,180072.18
1782259200,62.149,62.942,62.112,62.848,197793.51
1782262800,62.849,63.204,62.325,62.777,259119.6
1782266400,62.777,62.812,61.533,61.533,338815.22
1782270000,61.582,61.582,60.572,61.27,818848.48
1782273600,61.27,61.699,60.366,61.401,352696.1
1782277200,61.4,62.404,61.392,62.221,284333.1
1782280800,62.221,62.641,61.9,62.166,252198.51
1782284400,62.174,62.334,61.7,61.94,166785.73
1782288000,61.967,62.692,61.853,62.649,133115.66
1782291600,62.642,62.642,62.051,62.39,151363.4
1782295200,62.396,62.495,61.97,62.001,125878.72
1782298800,62.008,63.3,61.533,62.496,281574.26
1782302400,62.486,62.589,61.769,61.945,156442.44
1782306000,61.937,61.989,60.183,60.814,732089.7
1782309600,60.823,61.091,60.123,60.813,455708.0
1782313200,60.813,60.849,59.72,59.922,594152.08
1782316800,59.912,60.578,59.05,59.581,827167.61
1782320400,59.582,59.883,59.066,59.184,531983.05
1782324000,59.184,60.872,59.127,60.32,591232.04
1782327600,60.32,60.817,59.946,60.816,299226.3
1782331200,60.81,63.0,60.569,62.48,1259249.8600000001
1782334800,62.48,63.323,62.24,63.29,421617.91
1782338400,63.29,63.588,63.024,63.223,349683.23
1782342000,63.237,64.27,63.161,63.888,713127.5
1782345600,63.904,64.138,62.8,62.97,389223.58
1782349200,62.971,63.442,62.735,63.296,286312.23
1782352800,63.296,63.71,63.06,63.291,197627.06
1782356400,63.292,63.45,62.818,63.023,136981.07
1782360000,63.021,63.892,62.586,63.671,220884.58
1782363600,63.665,63.917,63.251,63.57,234513.6
1782367200,63.57,64.5,63.488,64.457,426177.28
1782370800,64.467,64.595,63.671,63.754,251163.4
1782374400,63.754,63.947,63.33,63.405,180989.0
1782378000,63.413,63.711,63.172,63.644,201410.95
1782381600,63.644,63.868,62.756,62.802,261422.22
1782385200,62.803,62.95,62.424,62.854,249895.09
1782388800,62.855,63.7,62.412,63.181,357186.65
1782392400,63.181,63.334,58.328,58.72,1649813.4099999999
1782396000,58.7,61.49,58.7,60.766,1398275.96
1782399600,60.764,62.012,60.0,61.82,992792.9300000001
1782403200,61.821,62.652,61.053,61.28,827332.9399999999
1782406800,61.277,63.468,61.219,63.393,831471.0600000001
1782410400,63.404,63.62,62.736,63.603,694992.53
1782414000,63.603,63.632,62.3,63.505,399217.24
1782417600,63.505,64.175,62.935,63.083,565853.21
1782421200,63.084,64.816,62.838,64.446,524420.99
1782424800,64.458,64.698,63.444,63.745,456805.49
1782428400,63.76,65.399,63.452,64.068,682836.0
1782432000,64.068,64.447,63.439,63.472,424125.03
1782435600,63.48,63.637,62.665,63.215,400252.71
1782439200,63.215,63.24,61.318,61.561,679945.66
1782442800,61.569,63.821,61.407,63.801,694174.5699999999
1782446400,63.801,63.894,62.54,62.722,345107.79
1782450000,62.722,63.001,61.929,62.507,352144.59
1782453600,62.507,63.8,62.142,63.674,347238.15
1782457200,63.679,65.053,63.315,65.005,478617.23
1782460800,64.984,65.418,63.926,64.0,528675.65
1782464400,64.012,64.022,62.559,62.588,546549.04
1782468000,62.591,62.591,61.8,61.92,383347.39
1782471600,61.919,62.362,61.702,62.035,385423.59
1782475200,62.035,62.6,61.064,61.458,518419.09
1782478800,61.466,63.867,60.892,63.742,928800.37
1782482400,63.741,64.686,63.462,63.904,985464.8
1782486000,63.908,65.049,63.836,64.824,579995.53
1782489600,64.83,65.317,64.165,64.926,515586.38
1782493200,64.931,65.429,64.303,64.497,412120.03
1782496800,64.497,65.168,63.899,63.961,404856.3
1782500400,63.969,65.333,63.789,64.68,494054.36
1782504000,64.678,65.1,63.572,63.656,478443.02
1782507600,63.657,64.436,63.208,63.898,373703.97
1782511200,63.897,64.156,63.527,64.156,129330.66
1782514800,64.149,64.627,64.13,64.33,123992.12
1782518400,64.334,64.365,63.21,63.608,223406.37
1782522000,63.612,63.717,63.267,63.37,94689.01
1782525600,63.362,64.448,63.193,64.205,151120.51
1782529200,64.202,64.36,63.827,63.964,67116.47
1782532800,63.955,64.707,63.879,63.95,81408.11
1782536400,63.972,64.025,63.645,63.732,84436.46
1782540000,63.731,63.936,63.095,63.473,260815.01
1782543600,63.47,63.767,63.244,63.564,73143.72
1782547200,63.559,63.922,63.281,63.408,77035.81
1782550800,63.409,63.466,62.616,62.855,390909.41
1782554400,62.853,63.236,62.827,63.23,66265.16
1782558000,63.233,63.727,62.77,63.402,161294.15
1782561600,63.394,63.414,62.849,63.219,126348.31
1782565200,63.243,63.94,63.151,63.668,165727.63
1782568800,63.674,64.204,63.452,63.772,100853.25
1782572400,63.789,64.69,63.788,64.395,190021.52
1782576000,64.382,64.403,63.862,64.18,209640.44
1782579600,64.181,64.188,62.975,63.01,238053.82
1782583200,63.011,63.197,62.803,63.002,86216.99
1782586800,63.008,63.151,62.1,62.169,308319.04
1782590400,62.168,62.482,61.95,62.379,177703.39
1782594000,62.379,62.792,62.212,62.468,138275.24
1782597600,62.469,62.593,61.7,62.577,313419.24
1782601200,62.577,62.618,61.441,61.62,239882.16
1782604800,61.62,62.119,61.533,61.731,159253.61
1782608400,61.732,62.049,61.326,61.916,129362.26
1782612000,61.917,62.089,61.628,61.863,58813.75
1782615600,61.875,62.215,61.829,62.18,77327.7
1782619200,62.183,62.261,61.789,61.903,75235.61
1782622800,61.904,62.05,61.6,61.925,74411.98
1782626400,61.925,62.174,61.566,61.943,75385.73
1782630000,61.943,62.644,61.941,62.609,176360.47
1782633600,62.616,63.431,62.3,63.05,260170.43
1782637200,63.06,63.108,62.75,62.817,137841.79
1782640800,62.812,63.096,62.417,62.808,150511.97
1782644400,62.811,63.512,62.784,63.166,207226.84
1782648000,63.167,63.488,62.807,63.039,112264.55
1782651600,63.043,63.239,62.479,62.751,181190.48
1782655200,62.762,63.204,62.655,62.667,83782.25
1782658800,62.668,63.164,62.558,63.048,109406.27
1782662400,63.049,63.209,62.292,62.598,124171.01
1782666000,62.598,62.975,62.362,62.756,78400.33
1782669600,62.761,62.789,61.838,62.1,137467.63
1782673200,62.1,62.239,61.61,61.938,127232.37
1782676800,61.939,62.407,61.81,61.878,136184.26
1782680400,61.877,61.886,60.644,60.78,368754.52
1782684000,60.748,61.486,60.553,60.822,489784.36
1782687600,60.818,61.657,60.758,61.399,261524.12
1782691200,61.408,61.693,60.684,61.674,263495.87
1782694800,61.663,62.013,61.131,61.92,230596.21
1782698400,61.914,62.585,61.336,62.446,201716.83
1782702000,62.452,62.881,62.199,62.706,207145.03
1782705600,62.706,62.805,61.942,62.025,190349.17
1782709200,62.026,62.955,61.52,62.932,250538.65
1782712800,62.933,63.196,62.63,62.631,178174.97
1782716400,62.631,62.902,62.426,62.575,89453.91
1782720000,62.574,62.756,62.33,62.357,114169.1
1782723600,62.361,62.754,62.273,62.57,82998.74
1782727200,62.571,63.832,62.571,63.631,415104.1
1782730800,63.632,63.684,62.875,63.365,252160.7
1782734400,63.364,64.596,63.091,63.787,819341.98
1782738000,63.787,64.962,63.116,63.899,1161298.0800000001
1782741600,63.9,64.45,63.208,64.363,530378.45
1782745200,64.368,64.938,63.701,64.845,392939.63
1782748800,64.846,65.271,64.217,64.675,504680.26
1782752400,64.666,66.86,64.666,66.343,834140.39
1782756000,66.343,66.402,65.618,65.764,357880.11
1782759600,65.764,67.102,65.346,66.885,486761.46
1782763200,66.879,66.959,66.273,66.293,373711.98
1782766800,66.294,67.737,66.204,67.514,376967.83
1782770400,67.514,67.76,66.669,66.925,341518.88
1782774000,66.934,67.231,66.592,66.9,242595.3
1782777600,66.885,66.932,65.665,65.989,381879.65
1782781200,65.993,66.507,65.474,66.362,264858.8
1782784800,66.365,66.418,65.554,65.688,186186.36
1782788400,65.708,66.117,65.68,65.716,104860.67
1782792000,65.715,66.45,65.509,66.178,156360.2
1782795600,66.178,66.283,65.652,66.019,108524.16
1782799200,66.021,66.032,65.339,65.461,183463.87
1782802800,65.457,65.706,65.167,65.631,149795.24
1782806400,65.634,65.711,65.058,65.143,155557.08
1782810000,65.142,65.425,64.974,65.291,148617.0
1782813600,65.294,66.216,65.117,66.063,196475.2
1782817200,66.054,66.368,65.464,65.687,342565.29
1782820800,65.686,65.686,64.416,64.518,424156.0
1782824400,64.518,65.502,64.37,65.209,478360.46
1782828000,65.225,65.981,64.659,64.771,613832.63
1782831600,64.768,65.412,64.476,64.999,248589.64
1782835200,64.999,65.283,64.11,64.646,337639.45
1782838800,64.646,65.156,64.459,64.539,188308.32
1782842400,64.543,65.205,64.439,64.973,179536.5
1782846000,64.973,65.553,64.746,65.471,197241.54
1782849600,65.475,65.718,64.637,64.657,211206.48
1782853200,64.657,64.886,64.11,64.671,303231.39
1782856800,64.681,64.867,64.301,64.609,98545.84
1782860400,64.608,65.068,64.496,65.014,89818.59
1782864000,65.025,65.156,64.135,64.231,256767.73
1782867600,64.221,64.722,62.87,64.548,763620.11
1782871200,64.547,65.548,64.48,65.408,429485.32
1782874800,65.413,65.781,65.058,65.577,258059.51
1782878400,65.579,65.989,65.354,65.861,155214.05
1782882000,65.851,66.0,65.092,65.178,202640.01
1782885600,65.186,65.215,64.467,64.867,240037.78
1782889200,64.868,64.913,64.021,64.451,165449.49
1782892800,64.448,64.448,63.2,63.956,499944.15
1782896400,63.955,64.213,63.752,63.996,179812.72
1782900000,64.009,64.024,62.361,62.696,607444.37
1782903600,62.698,62.996,62.317,62.618,214564.61
1782907200,62.617,62.821,62.334,62.48,160525.82
1782910800,62.472,64.08,62.472,64.054,446720.22
1782914400,64.063,64.769,63.158,63.621,809221.11
1782918000,63.624,64.827,63.548,64.613,555778.11
1782921600,64.613,65.053,64.33,64.401,383484.95
1782925200,64.41,64.634,64.012,64.371,277491.07
1782928800,64.376,64.783,63.645,63.837,367858.63
1782932400,63.826,64.138,62.832,62.957,402498.37
1782936000,62.946,63.28,61.86,62.218,991345.6
1782939600,62.218,63.789,61.833,63.402,596882.51
1782943200,63.424,64.148,62.5,63.301,433500.61
1782946800,63.302,63.302,62.306,62.343,223601.13
1782950400,62.347,62.584,61.644,62.25,346370.68
1782954000,62.25,63.162,62.159,62.792,216671.85
1782957600,62.793,63.129,62.405,63.033,159852.72
1782961200,63.034,63.675,62.754,63.607,177545.21
1782964800,63.609,63.816,63.237,63.701,182909.5
1782968400,63.699,63.794,63.316,63.368,134068.68
1782972000,63.373,63.791,62.934,63.22,154799.39
1782975600,63.22,63.399,62.866,63.123,144114.66
1782979200,63.098,63.601,63.0,63.548,182447.46
1782982800,63.552,64.113,63.392,63.9,184827.61
1782986400,63.901,64.386,63.749,64.117,239930.28
1782990000,64.123,65.303,64.091,65.094,553305.0699999999
1782993600,65.095,65.56,64.727,65.127,374096.7
1782997200,65.133,66.207,65.052,65.908,451233.36
1783000800,65.912,66.455,65.03,65.555,531262.6800000001
1783004400,65.557,65.664,64.898,65.359,327868.02
1783008000,65.365,65.805,65.02,65.624,232418.08
1783011600,65.625,66.22,65.441,65.92,428159.21
1783015200,65.921,67.143,65.914,66.792,415900.06
1783018800,66.792,66.922,66.137,66.201,245355.47
1783022400,66.214,66.458,66.114,66.283,110880.4
1783026000,66.283,66.324,65.6,65.91,206792.49
1783029600,65.909,66.055,65.409,65.818,156915.09
1783033200,65.817,66.973,65.651,66.897,231970.12
1783036800,66.889,66.981,65.842,66.011,279741.92
1783040400,66.012,67.03,66.001,66.822,281830.85
1783044000,66.822,67.042,66.388,66.679,73460.24
1783047600,66.679,66.796,66.3,66.677,73586.99
1783051200,66.677,66.712,66.242,66.543,51934.96
1783054800,66.542,67.733,66.503,67.288,233327.16
1783058400,67.288,67.546,66.911,67.209,107812.11
1783062000,67.209,67.444,66.943,67.294,149234.27
1783065600,67.295,67.77,67.281,67.636,202741.01
1783069200,67.636,68.488,67.445,67.651,341412.31
1783072800,67.651,69.174,67.514,68.941,645489.03
1783076400,68.947,69.555,68.829,69.246,330661.48
1783080000,69.262,69.444,68.763,69.058,220394.86
1783083600,69.047,69.923,69.0,69.672,314435.82
1783087200,69.673,70.44,69.023,70.324,447706.63
1783090800,70.323,70.729,69.812,69.918,439080.31
1783094400,69.922,70.5,69.417,69.808,374959.31
1783098000,69.809,70.695,69.602,70.695,360912.68
1783101600,70.685,70.725,70.275,70.468,180315.34
1783105200,70.469,70.537,70.175,70.235,94180.06
1783108800,70.236,71.098,70.185,70.607,241088.5
1783112400,70.607,71.266,70.343,70.865,293402.55
1783116000,70.865,70.972,70.547,70.73,230616.64
1783119600,70.73,71.013,70.25,70.634,215205.76
1783123200,70.644,71.347,70.521,71.161,189437.08
1783126800,71.161,71.161,70.119,70.223,223621.47
1783130400,70.223,71.095,69.939,70.724,332641.45
1783134000,70.724,71.638,70.544,71.312,220829.33
1783137600,71.315,72.0,71.089,71.527,339227.99
1783141200,71.524,71.69,71.0,71.406,149760.68
1783144800,71.406,71.675,70.775,71.236,140023.37
1783148400,71.236,71.755,71.106,71.485,118899.21
1783152000,71.479,71.55,71.011,71.04,63975.19
1783155600,71.061,71.251,70.646,70.908,171254.14
1783159200,70.908,71.205,70.478,70.647,78632.95
1783162800,70.646,70.742,70.379,70.587,97991.49
1783166400,70.586,71.125,70.567,70.804,72710.17
1783170000,70.804,71.259,70.306,70.491,136881.28
1783173600,70.49,70.827,70.382,70.518,76920.18
1783177200,70.518,71.187,70.458,70.617,130428.51
1783180800,70.617,70.865,70.157,70.238,141002.15
1783184400,70.235,70.8,70.0,70.618,215162.77
1783188000,70.626,70.667,69.555,69.719,406714.47
1783191600,69.718,70.006,69.355,69.882,255583.3
1783195200,69.882,70.065,69.5,69.753,155561.68
1783198800,69.756,70.247,69.687,70.119,123363.06
1783202400,70.119,70.213,69.791,70.01,68707.03
1783206000,70.019,70.072,69.616,69.841,115725.2
1783209600,69.841,69.867,69.055,69.313,198251.61
1783213200,69.313,69.344,68.595,68.973,264578.28
1783216800,68.969,68.97,68.227,68.58,315246.02
1783220400,68.58,68.709,68.336,68.656,91758.14
1783224000,68.656,69.373,68.655,68.768,154395.62
1783227600,68.763,68.763,68.21,68.507,137297.34
1783231200,68.492,68.725,68.325,68.596,138966.97
1783234800,68.596,68.707,68.345,68.679,34189.34
1783238400,68.68,68.955,68.461,68.881,55448.98
1783242000,68.861,68.935,68.333,68.46,72516.92
1783245600,68.459,69.094,68.361,68.962,73791.93
1783249200,68.962,69.036,68.46,68.83,151424.47
1783252800,68.84,69.472,68.65,69.17,170898.28
1783256400,69.171,69.557,69.072,69.24,87265.41
1783260000,69.239,69.462,68.99,69.43,115601.21
1783263600,69.429,69.857,69.327,69.514,134619.69
1783267200,69.513,69.524,69.151,69.358,69837.43
1783270800,69.351,69.484,69.112,69.219,50908.17
1783274400,69.218,69.378,69.098,69.227,49359.94
1783278000,69.227,69.925,69.196,69.757,184940.69
1783281600,69.765,70.912,69.714,70.859,297834.45
1783285200,70.869,71.326,70.461,71.016,329730.56
1783288800,71.016,71.704,70.857,71.531,242199.93
1783292400,71.528,71.576,71.008,71.329,84640.78
1783296000,71.329,72.488,71.116,72.476,382641.22
1783299600,72.474,72.6,71.685,71.8,179471.99
1783303200,71.798,72.356,71.511,72.216,176964.35
1783306800,72.216,72.379,71.281,71.586,159510.31
1783310400,71.584,71.754,71.083,71.571,181770.87
1783314000,71.565,71.721,70.636,70.704,287897.1
1783317600,70.704,71.191,70.642,71.135,103275.56
1783321200,71.135,71.201,70.758,70.823,109781.32
1783324800,70.824,71.084,70.021,70.268,244663.94
1783328400,70.27,70.326,69.744,69.94,124949.69
1783332000,69.936,70.577,69.935,70.397,80486.26
1783335600,70.397,70.983,69.88,69.98,172492.86
1783339200,69.997,70.06,69.016,69.11,584647.14
1783342800,69.109,69.86,68.622,69.638,548245.14
1783346400,69.644,70.289,69.455,69.802,193096.59
1783350000,69.802,70.819,69.802,70.706,278214.25
1783353600,70.718,71.256,70.664,71.256,402626.82
1783357200,71.255,71.55,70.946,71.06,229551.17
1783360800,71.064,71.599,71.031,71.188,140448.85
1783364400,71.188,71.71,71.112,71.606,109711.04
1783368000,71.589,71.597,70.799,70.917,181934.65
1783371600,70.917,71.725,70.83,71.602,212068.78
1783375200,71.608,71.617,70.978,71.089,107506.73
1783378800,71.095,71.128,70.5,70.584,161816.78
1783382400,70.579,72.0,70.423,71.959,328757.3
1783386000,71.958,71.958,71.121,71.139,168556.57
1783389600,71.139,71.237,70.47,70.643,148128.38
1783393200,70.638,70.725,70.064,70.167,118496.31
1783396800,70.172,70.217,69.671,70.16,187793.29
1783400400,70.16,70.431,69.455,70.18,192069.33
1783404000,70.181,70.981,70.039,70.901,169352.29
1783407600,70.9,71.276,70.5,70.552,122681.59
1783411200,70.549,71.052,70.5,70.994,113605.99
1783414800,71.014,71.607,70.867,71.285,140028.34
1783418400,71.285,71.844,71.228,71.36,293084.22
1783422000,71.36,71.921,71.15,71.913,246604.13
1783425600,71.92,72.5,71.804,72.024,369047.79
1783429200,72.024,72.092,71.116,71.213,488287.66
1783432800,71.217,72.368,70.838,72.335,601291.4300000001
1783436400,72.322,72.914,71.895,71.954,577419.66
1783440000,71.959,72.333,71.555,71.646,236982.84
1783443600,71.645,72.036,71.379,71.625,162489.64
1783447200,71.632,71.897,70.115,70.182,498704.89
1783450800,70.178,70.41,69.455,70.113,500539.49
1783454400,70.101,70.35,69.866,70.171,145117.78
1783458000,70.17,70.461,68.8,69.298,533195.4300000001
1783461600,69.297,69.745,68.893,69.7,225431.2
1783465200,69.699,69.892,69.087,69.149,160619.3
1783468800,69.15,69.742,69.087,69.447,167911.3
1783472400,69.451,69.541,67.5,68.099,621871.42
1783476000,68.099,68.343,67.216,68.211,450921.4
1783479600,68.21,68.499,67.839,67.993,151112.82
1783483200,67.999,68.333,67.781,68.19,144944.88
1783486800,68.191,68.419,68.016,68.343,75387.56
1783490400,68.344,68.387,67.803,68.155,102754.98
1783494000,68.157,68.387,67.711,68.24,108861.5
1783497600,68.241,68.419,67.342,67.976,428343.61
1783501200,67.976,68.511,67.708,67.974,222471.21
1783504800,67.973,68.335,67.857,68.2,108492.0
1783508400,68.209,68.925,67.837,68.844,212422.22
1783512000,68.845,68.896,67.921,67.938,189454.14
1783515600,67.937,68.377,67.39,67.877,420368.3
1783519200,67.886,68.076,67.216,67.378,361314.03
1783522800,67.372,67.383,66.491,66.891,582734.7
1783526400,66.89,67.72,66.872,67.657,393191.27
1783530000,67.657,67.901,67.441,67.546,238340.14
1783533600,67.546,67.758,66.606,66.769,285183.41
1783537200,66.767,67.359,66.633,67.339,181481.55
1783540800,67.34,67.435,66.804,66.899,108997.25
1783544400,66.897,67.049,66.1,67.039,420450.26
1783548000,67.04,67.285,66.879,67.162,129054.73
1783551600,67.168,67.691,67.023,67.619,158686.98
1783555200,67.619,67.891,67.22,67.803,200866.13
1783558800,67.802,68.419,67.214,67.255,272426.08
1783562400,67.269,67.547,67.0,67.066,111084.56
1783566000,67.07,67.408,67.001,67.142,129620.41
1783569600,67.143,67.858,67.051,67.83,84736.18
1783573200,67.819,68.11,67.31,67.992,131377.39
1783576800,67.995,68.298,67.698,68.167,157732.8
1783580400,68.168,68.4,67.652,68.056,159718.79
1783584000,68.057,68.371,67.881,68.032,181517.78
1783587600,68.032,68.087,67.509,67.827,183794.67
1783591200,67.827,67.962,67.18,67.432,190599.58
1783594800,67.432,67.487,67.0,67.423,155967.04
1783598400,67.423,67.567,67.052,67.197,141658.09
1783602000,67.198,68.021,67.165,67.94,221969.24
1783605600,67.945,68.085,67.24,68.009,228041.84
1783609200,68.014,68.705,67.351,67.415,596219.02
1783612800,67.42,68.041,67.07,67.17,288251.81
1783616400,67.17,67.428,66.915,67.204,182543.62
1783620000,67.205,68.059,67.154,67.215,327156.09
1783623600,67.214,67.25,66.541,66.898,315520.68
1783627200,66.899,67.387,66.889,67.29,105990.49
1783630800,67.313,67.387,67.144,67.3,46410.74
1783634400,67.301,67.395,67.037,67.183,75275.85
1783638000,67.183,67.28,66.881,67.079,64004.14
1783641600,67.082,67.268,66.804,67.187,126601.52
1783645200,67.192,68.06,67.009,67.816,184629.39
1783648800,67.819,68.311,67.796,68.294,98890.36
1783652400,68.297,68.409,67.978,68.399,84802.52
1783656000,68.404,68.467,68.079,68.219,105428.94
1783659600,68.219,68.244,67.973,68.095,94575.53
1783663200,68.11,68.119,67.706,68.0,88447.22
1783666800,67.999,68.31,67.842,68.273,65939.61
1783670400,68.276,68.997,68.212,68.631,230226.97
1783674000,68.623,69.261,68.466,69.016,203187.51
1783677600,69.015,69.319,68.751,68.752,154913.53
1783681200,68.752,69.222,68.63,68.792,217040.13
1783684800,68.794,68.901,68.142,68.338,411125.35
1783688400,68.339,68.963,68.251,68.332,186099.52
1783692000,68.326,68.445,67.141,67.265,407661.67
1783695600,67.265,67.711,67.15,67.426,152937.09
1783699200,67.442,67.949,67.301,67.83,202701.69
1783702800,67.821,67.864,67.354,67.535,123034.06
1783706400,67.535,67.945,67.151,67.304,147858.47
1783710000,67.301,67.521,66.938,67.223,282814.45
1783713600,67.224,67.24,66.641,66.914,233497.42
1783717200,66.904,67.35,66.859,67.349,113872.78
1783720800,67.35,67.569,67.322,67.405,79875.13
1783724400,67.405,67.5,67.268,67.473,51416.42
1783728000,67.47,67.58,67.188,67.399,77955.02
1783731600,67.398,67.649,66.829,66.883,169881.57
1783735200,66.879,67.296,66.743,67.244,130827.1
1783738800,67.249,67.301,66.932,67.033,37397.07
1783742400,67.024,67.049,66.464,66.509,181532.72
1783746000,66.508,66.631,66.312,66.507,108225.86
1783749600,66.507,66.618,66.261,66.262,77322.85
1783753200,66.261,66.412,66.145,66.402,76924.36
1783756800,66.402,66.689,66.378,66.468,64658.56
1783760400,66.469,66.802,66.468,66.608,60566.63
1783764000,66.609,66.915,66.537,66.751,82763.52
1783767600,66.757,66.998,66.689,66.962,34369.24
1783771200,66.962,67.105,66.72,66.834,51203.41
1783774800,66.839,66.875,66.327,66.585,137228.14
1783778400,66.581,67.817,66.581,67.367,377382.31
1783782000,67.368,67.612,66.85,67.202,227109.12
1783785600,67.202,67.244,66.85,67.084,133901.85
1783789200,67.083,67.473,66.978,67.274,126893.3
1783792800,67.274,67.716,67.212,67.588,115970.76
1783796400,67.589,67.778,67.379,67.497,89831.13
1783800000,67.497,67.907,67.497,67.822,154944.08
1783803600,67.821,68.208,67.757,67.981,148299.86
1783807200,67.982,68.08,67.517,67.555,82348.75
1783810800,67.547,67.655,66.7,66.7,150120.48
1783814400,66.731,67.11,66.534,66.893,198829.62
1783818000,66.893,67.344,66.807,67.305,57320.4
1783821600,67.306,67.396,67.091,67.186,30434.1
1783825200,67.178,67.23,66.92,67.223,36951.48
1783828800,67.216,67.292,66.977,67.085,15537.76
1783832400,67.081,67.208,66.931,67.129,14506.03
1783836000,67.118,67.119,66.478,66.884,76259.46
1783839600,66.888,67.049,66.821,66.923,24572.72
1783843200,66.923,67.445,66.908,67.113,68759.21
1783846800,67.126,67.263,66.664,66.999,122463.9
1783850400,66.999,67.01,66.48,66.732,169109.08
1783854000,66.728,67.209,66.639,66.87,103819.52
1783857600,66.867,67.001,66.642,66.679,81268.82
1783861200,66.689,67.125,66.602,66.978,130302.26
1783864800,66.977,67.414,66.973,67.321,94913.62
1783868400,67.326,67.87,67.326,67.534,237383.2
1783872000,67.535,68.057,67.482,67.951,203138.59
1783875600,67.951,68.131,67.822,67.879,142323.89
1783879200,67.879,68.208,67.82,68.157,92521.92
1783882800,68.153,68.318,67.893,68.239,94913.41
1783886400,68.24,68.344,67.829,67.89,45987.75
1783890000,67.89,68.005,67.69,67.695,127617.12
1783893600,67.695,67.714,66.92,67.158,325803.75
1783897200,67.158,67.382,67.045,67.288,69336.45
1783900800,67.293,68.167,67.194,67.668,164386.67
1783904400,67.662,67.663,66.933,66.95,118095.06
1783908000,66.949,67.15,66.902,66.966,154218.22
1783911600,66.968,66.996,66.5,66.555,228376.01
1783915200,66.564,66.673,64.816,65.042,896156.87
1783918800,65.042,65.581,64.75,65.387,355034.23
1783922400,65.391,65.601,65.0,65.052,166617.2
1783926000,65.051,65.587,64.868,65.464,161872.31
1783929600,65.465,65.79,65.259,65.59,155468.09
1783933200,65.595,65.601,64.928,64.981,169896.59
1783936800,64.981,65.195,64.83,65.194,126167.86
1783940400,65.191,65.333,64.879,65.048,145816.26
1783944000,65.046,65.108,64.184,64.287,778390.23
1783947600,64.288,64.42,63.344,63.908,750773.55
1783951200,63.9,64.406,63.561,64.291,353827.59
1783954800,64.291,64.446,63.805,63.841,141631.1
1783958400,63.841,63.938,63.1,63.51,727137.58
1783962000,63.51,63.936,63.247,63.347,296324.47
1783965600,63.348,63.797,63.26,63.675,144429.25
1783969200,63.675,63.832,63.5,63.673,87353.93
1783972800,63.668,63.668,62.97,63.492,342754.46
1783976400,63.493,63.508,62.586,62.883,348214.54
1783980000,62.884,63.245,62.883,63.174,89067.71
1783983600,63.175,63.6,63.026,63.4,91085.44
1783987200,63.401,63.7,63.081,63.519,213749.0
1783990800,63.52,63.738,63.149,63.157,113380.64
1783994400,63.157,63.458,62.996,63.183,160250.45
1783998000,63.185,63.269,62.506,63.23,247592.11
1784001600,63.233,63.421,62.999,63.393,69991.62
1784005200,63.394,64.121,63.35,63.703,256808.44
1784008800,63.704,63.881,63.63,63.731,71776.66
1784012400,63.732,63.819,63.449,63.484,66041.92
1784016000,63.485,63.868,63.392,63.834,107598.2
1784019600,63.835,63.992,63.453,63.472,99848.61
1784023200,63.473,63.996,63.446,63.92,72089.93
1784026800,63.925,64.049,63.756,63.798,73046.11
1784030400,63.799,65.223,63.561,65.093,604073.51
1784034000,65.092,65.363,64.63,65.027,303102.04
1784037600,65.028,65.053,64.336,64.857,431487.32
1784041200,64.858,65.161,64.568,64.711,235001.39
1784044800,64.729,65.046,64.578,64.775,174309.94
1784048400,64.788,65.343,64.442,65.191,215310.95
1784052000,65.19,65.7,64.975,65.563,324891.77
1784055600,65.563,65.663,65.198,65.237,91003.36
1784059200,65.24,65.749,65.017,65.748,192287.72
1784062800,65.747,66.017,65.569,65.611,301297.24
1784066400,65.611,66.111,65.531,65.685,152017.18
1784070000,65.695,65.835,65.376,65.566,113235.09
1784073600,65.566,65.873,65.46,65.698,115796.87
1784077200,65.697,65.732,64.915,65.076,177355.87
1784080800,65.077,66.551,64.966,66.506,394366.62
1784084400,66.517,67.601,66.433,67.288,417339.22
1784088000,67.291,67.398,66.8,66.844,185667.32
1784091600,66.845,67.209,66.649,67.12,133395.82
1784095200,67.122,67.592,67.045,67.375,214990.71
1784098800,67.379,67.379,66.768,66.858,258313.1
1784102400,66.871,67.45,66.702,67.247,179024.22
1784106000,67.248,68.186,67.193,67.979,519695.19
1784109600,67.977,68.233,67.828,68.219,210233.36
1784113200,68.22,68.465,68.175,68.452,215033.87
1784116800,68.452,68.923,68.195,68.909,392385.3
1784120400,68.909,68.977,68.205,68.43,341759.75
1784124000,68.43,68.808,68.24,68.269,370532.28
1784127600,68.277,68.37,67.58,67.876,673140.8199999999
1784131200,67.879,67.926,67.1,67.362,241206.85
1784134800,67.362,67.991,67.362,67.81,229622.83
1784138400,67.805,68.345,67.12,67.277,333990.69
1784142000,67.289,67.397,66.744,66.814,323781.92
1784145600,66.814,67.379,66.76,67.203,211971.74
1784149200,67.203,67.486,66.945,67.087,95651.26
1784152800,67.087,67.212,66.913,67.06,72820.53
1784156400,67.06,67.319,66.742,66.862,111625.34
1784160000,66.86,67.217,66.364,66.619,212371.06
1784163600,66.619,66.787,66.131,66.687,130317.34
1784167200,66.687,66.7,66.261,66.527,81417.17
1784170800,66.527,66.596,66.0,66.109,284554.45
1784174400,66.109,66.471,65.938,66.412,126546.25
1784178000,66.412,66.896,66.412,66.86,113325.91
1784181600,66.86,66.939,66.6,66.855,112219.59
1784185200,66.854,66.9,66.114,66.474,173486.18
1784188800,66.474,66.585,65.524,65.961,312814.7
1784192400,65.961,66.083,65.75,65.915,49866.73
1784196000,65.918,66.092,65.669,65.918,60763.1
1784199600,65.918,65.927,65.604,65.835,86181.61
1784203200,65.834,65.867,65.103,65.374,228037.81
1784206800,65.373,65.841,65.366,65.529,164723.58
1784210400,65.522,66.17,65.496,65.701,272177.34
1784214000,65.7,65.755,65.169,65.342,382047.35
1784217600,65.341,65.342,63.856,63.88,717200.5
1784221200,63.87,63.944,61.805,62.811,1868206.5600000001
1784224800,62.811,63.0,62.242,62.823,429438.82
1784228400,62.823,62.895,62.117,62.264,282159.26
1784232000,62.248,62.736,62.075,62.267,279425.3
1784235600,62.265,62.668,62.186,62.309,129928.6
1784239200,62.309,62.638,61.381,61.891,574141.7
1784242800,61.891,61.891,60.5,60.705,755029.63
1784246400,60.698,61.521,60.649,61.453,258353.85
1784250000,61.451,61.679,59.575,60.014,724217.63
1784253600,60.015,60.556,59.985,60.301,259398.29
1784257200,60.302,60.646,59.92,59.936,164208.05
1784260800,59.943,60.164,59.753,59.984,174791.89
1784264400,59.989,59.989,58.781,59.112,1035838.54
1784268000,59.121,59.544,58.758,59.198,246833.17
1784271600,59.199,59.336,58.45,58.614,609071.23
1784275200,58.615,59.78,58.568,59.533,340302.3
1784278800,59.543,61.07,59.441,60.443,406154.08
1784282400,60.445,60.751,60.101,60.196,199489.34
1784286000,60.197,60.493,60.12,60.307,131433.48
1784289600,60.308,60.318,59.62,59.651,238853.6
1784293200,59.65,60.603,58.934,60.561,558197.36
1784296800,60.572,60.961,59.909,60.091,401475.05
1784300400,60.091,60.836,59.776,60.778,388916.88
1784304000,60.779,60.823,60.163,60.239,171533.8
1784307600,60.239,60.756,60.218,60.39,238663.94
1784311200,60.385,60.478,59.821,60.297,280578.05
1784314800,60.299,60.366,59.69,60.266,324772.13
1784318400,60.27,60.295,59.423,59.699,218914.18
1784322000,59.702,59.98,59.702,59.934,85190.84
1784325600,59.94,60.192,59.648,59.77,133537.83
1784329200,59.771,59.958,59.494,59.725,126070.92
1784332800,59.729,60.088,59.63,59.712,65315.81
1784336400,59.717,59.869,59.575,59.692,31921.75
1784340000,59.693,59.974,59.467,59.475,66417.52
1784343600,59.475,59.728,59.342,59.619,62342.17
1784347200,59.624,59.634,59.174,59.236,103077.9
1784350800,59.247,59.422,58.705,58.86,220105.9
1784354400,58.86,59.221,58.557,58.899,213792.95
1784358000,58.89,59.376,58.75,59.344,105656.03
1784361600,59.354,59.48,58.727,58.773,97221.47
1784365200,58.773,58.955,58.712,58.76,38811.91
1784368800,58.754,59.14,58.754,59.114,38969.07
1784372400,59.114,59.153,58.531,58.79,111640.2
1784376000,58.785,59.216,58.501,58.835,197865.61
1784379600,58.839,58.86,58.227,58.658,212068.98
1784383200,58.662,59.682,58.619,59.42,229885.21
1784386800,59.423,59.447,59.082,59.191,68005.9
1784390400,59.19,59.597,59.129,59.503,74911.27
1784394000,59.513,59.901,59.371,59.83,225509.42
1784397600,59.831,60.151,59.5,59.91,243331.26
1784401200,59.91,60.008,59.739,59.847,76015.52
1784404800,59.847,60.2,59.776,59.985,116595.56
1784408400,59.982,60.174,59.929,60.022,66308.4
1784412000,60.022,60.625,59.924,60.5,170709.86
1784415600,60.482,60.517,60.121,60.189,141090.56
1784419200,60.189,60.545,60.184,60.401,53129.32
1784422800,60.391,60.927,60.363,60.902,116025.35
1784426400,60.902,61.129,60.647,60.837,196556.14
1784430000,60.837,60.867,60.579,60.689,69095.98
1784433600,60.689,60.986,60.629,60.84,90546.18
1784437200,60.841,61.047,60.64,60.752,59864.58
1784440800,60.752,60.895,60.565,60.822,56238.46
1784444400,60.822,60.906,60.663,60.734,25827.18
1784448000,60.733,61.356,60.681,61.282,166396.83
1784451600,61.285,61.361,61.028,61.279,133481.12
1784455200,61.276,61.293,60.843,60.972,101115.41
1784458800,60.969,61.33,60.898,61.027,76355.63
1784462400,61.033,61.078,60.569,60.971,149964.38
1784466000,60.969,61.187,60.596,61.096,72186.96
1784469600,61.097,61.289,60.794,60.948,141341.83
1784473200,60.948,61.031,60.788,60.855,37750.94
1784476800,60.873,60.898,60.601,60.681,51977.92
1784480400,60.681,61.168,60.23,60.762,197770.58
1784484000,60.762,60.822,60.425,60.604,90486.72
1784487600,60.604,61.112,60.549,61.078,78780.6
1784491200,61.066,61.459,60.92,61.291,129118.39
1784494800,61.301,61.323,60.905,60.924,81148.51
1784498400,60.924,61.349,60.885,60.986,166399.78
1784502000,60.986,61.216,60.801,61.11,73136.86
1784505600,61.112,61.616,60.308,60.661,481461.87
1784509200,60.654,60.95,60.074,60.192,188926.12
1784512800,60.192,60.559,60.13,60.502,147346.13
1784516400,60.502,60.581,60.031,60.286,110010.08
1784520000,60.287,60.455,59.78,60.061,224299.01
1784523600,60.07,60.312,59.786,60.283,93938.91
1784527200,60.287,60.391,59.983,60.169,71342.77
1784530800,60.17,60.818,60.168,60.676,117129.6
1784534400,60.676,60.882,60.395,60.589,77023.8
1784538000,60.589,60.818,60.368,60.702,86520.7
1784541600,60.702,60.863,60.637,60.683,39297.36
1784545200,60.684,61.343,60.571,61.32,169337.61
1784548800,61.319,61.34,60.869,61.272,108108.74
1784552400,61.267,61.571,60.661,60.804,327233.42
1784556000,60.803,61.159,60.414,60.87,154807.4
1784559600,60.871,62.322,60.855,62.182,573561.74
1784563200,62.182,62.465,62.027,62.292,418829.44
1784566800,62.293,62.3,61.795,61.955,197423.54
1784570400,61.949,62.439,61.949,62.22,174106.54
1784574000,62.219,62.28,61.935,61.993,90455.79
1784577600,61.998,62.733,61.944,62.673,154837.57
1784581200,62.674,62.9,62.437,62.472,188668.35
1784584800,62.473,62.746,62.215,62.242,89206.05
1784588400,62.24,62.702,62.227,62.447,57920.07
1784592000,62.439,62.813,62.274,62.468,129275.83
1784595600,62.464,62.624,62.265,62.305,91171.01
1784599200,62.306,62.528,62.251,62.471,37821.02
1784602800,62.472,62.806,62.461,62.629,92574.39
1784606400,62.641,62.97,62.566,62.851,107394.75
1784610000,62.85,63.15,62.826,63.027,161398.15
1784613600,63.017,63.223,62.88,63.108,135979.93
1784617200,63.094,63.355,62.909,62.936,120219.34
1784620800,62.935,63.004,62.729,62.954,143652.8
1784624400,62.954,63.245,62.8,63.092,97016.18
1784628000,63.091,63.171,62.521,62.696,136391.36
1784631600,62.697,62.908,62.502,62.823,64898.93
1784635200,62.823,62.863,62.461,62.736,146857.58
1784638800,62.739,62.838,62.1,62.543,286537.07
1784642400,62.548,62.64,61.834,61.881,279529.81
1784646000,61.882,62.062,61.521,61.749,320611.69
1784649600,61.748,61.907,61.422,61.877,172668.36
1784653200,61.876,61.91,60.145,60.469,850647.64
1784656800,60.47,60.658,60.268,60.455,210208.28
1784660400,60.454,60.747,59.862,60.235,527158.96
1784664000,60.244,60.455,59.804,60.402,270099.78
1784667600,60.402,60.948,60.29,60.723,355280.55
1784671200,60.707,60.849,60.613,60.756,145535.99
1784674800,60.756,60.836,60.537,60.836,112187.84
1784678400,60.833,61.148,60.743,61.12,133249.29
1784682000,61.119,61.155,60.741,60.78,173213.35
1784685600,60.781,60.892,60.649,60.675,42937.26
1784689200,60.675,60.813,60.035,60.097,229757.24
1784692800,60.096,60.546,59.961,60.257,121809.9
1784696400,60.256,60.262,58.686,59.02,507941.93
1784700000,59.021,59.05,58.099,58.709,768458.5699999999
1784703600,58.7,58.7,58.15,58.512,280580.68
1784707200,58.512,58.9,58.473,58.781,141635.85
1784710800,58.78,58.95,58.58,58.935,118094.59
1784714400,58.93,59.154,58.866,59.037,87425.97
1784718000,59.026,59.197,58.437,58.633,360058.5
1784721600,58.63,58.648,58.197,58.41,205323.18
1784725200,58.418,58.928,58.1,58.649,296746.64
1784728800,58.646,59.122,58.201,58.468,308890.61
1784732400,58.468,58.804,58.01,58.028,348398.03
1784736000,58.031,58.288,57.369,58.215,775474.73
1784739600,58.215,59.6,57.732,59.014,961502.6
1784743200,59.014,59.702,58.644,59.538,458370.22
1784746800,59.539,59.927,59.089,59.167,465882.5
1784750400,59.174,60.06,59.115,59.28,215850.42
1784754000,59.28,59.481,58.986,59.154,100328.44
1784757600,59.155,59.298,58.723,59.179,195350.44
1784761200,59.177,59.4,58.817,59.336,80573.2
1784764800,59.338,59.744,59.284,59.363,63567.91
1784768400,59.363,59.394,58.865,58.937,135590.57
1784772000,58.938,58.989,58.43,58.928,199419.61
1784775600,58.942,59.14,58.725,59.053,80204.79
1784779200,59.044,59.511,58.976,59.09,86757.42
1784782800,59.088,59.334,58.802,58.843,48741.91
1784786400,58.842,59.173,58.657,59.059,127734.07
1784790000,59.059,59.066,58.269,58.604,158065.42
1784793600,58.605,59.036,58.599,59.025,51941.65
1784797200,59.025,59.224,58.933,59.13,48269.52
1784800800,59.131,59.275,59.023,59.092,43449.12
1784804400,59.094,59.497,58.929,59.246,126408.29
1784808000,59.245,59.559,58.783,59.302,171830.06
1784811600,59.29,60.001,59.087,59.088,476137.18
1784815200,59.088,59.992,58.901,59.862,360466.15
1784818800,59.865,59.901,59.348,59.488,131321.35
1784822400,59.487,59.493,58.44,58.703,471875.55
1784826000,58.703,58.776,58.104,58.226,311600.42
1784829600,58.226,58.759,57.678,58.349,339623.2
1784833200,58.35,58.631,57.568,57.935,275100.1
1784836800,57.932,58.394,57.897,58.047,150146.54
1784840400,58.044,58.446,57.413,57.616,322945.52
1784844000,57.617,57.639,57.1,57.529,290997.67
1784847600,57.529,57.993,57.419,57.429,214772.86
1784851200,57.431,57.543,57.137,57.418,188364.11
1784854800,57.407,58.158,57.39,57.972,135370.78
1784858400,57.98,58.1,57.543,57.733,108200.89
1784862000,57.729,58.311,57.53,58.146,138694.76
1784865600,58.151,58.469,58.128,58.352,151607.85
1784869200,58.356,58.488,58.284,58.374,41010.66
1784872800,58.378,58.768,58.377,58.719,176519.11
1784876400,58.706,58.97,58.5,58.635,99453.45
1784880000,58.635,59.017,58.635,58.755,60489.27
1784883600,58.754,58.863,58.463,58.797,72241.39
1784887200,58.797,58.799,58.213,58.409,61665.35
1784890800,58.402,58.578,58.2,58.495,52087.9
1784894400,58.495,58.545,58.173,58.306,94473.71
1784898000,58.307,58.522,57.909,58.341,261513.96
1784901600,58.343,58.947,57.85,58.878,227081.47
1784905200,58.877,59.194,58.54,58.751,144225.9
1784908800,58.751,59.123,58.605,58.692,83911.35
1784912400,58.69,59.033,58.577,58.949,64440.26
1784916000,58.948,58.948,58.187,58.58,151471.1
1784919600,58.58,58.647,58.027,58.112,103701.55
1784923200,58.113,58.244,57.868,57.966,79246.91
1784926800,57.974,57.98,56.566,56.661,580491.46
1784930400,56.665,57.357,56.5,57.158,443201.7
1784934000,57.157,57.523,57.149,57.398,120189.43
1784937600,57.398,57.529,57.227,57.333,50827.87
1784941200,57.333,57.652,57.011,57.38,185972.76
1784944800,57.394,57.493,57.121,57.195,49207.38
1784948400,57.202,57.481,57.202,57.39,20853.13
1784952000,57.383,57.442,57.287,57.396,41482.0
1784955600,57.395,57.471,57.147,57.206,26237.49
1784959200,57.205,57.246,57.033,57.246,31294.3
1784962800,57.245,57.359,57.051,57.109,35627.55
1784966400,57.109,57.245,56.912,57.022,56951.31
1784970000,57.025,57.916,56.912,57.704,152480.18
1784973600,57.719,57.76,57.438,57.532,23572.52
1784977200,57.535,57.7,57.354,57.683,54005.49
1784980800,57.682,57.691,57.375,57.514,52617.04
1784984400,57.516,57.741,57.274,57.32,49199.15
1784988000,57.32,57.523,57.18,57.46,63496.27
1784991600,57.458,57.961,57.445,57.719,139694.85
1784995200,57.721,57.93,57.608,57.877,59190.6
1784998800,57.877,58.532,57.787,58.227,260298.5
1785002400,58.228,58.481,58.228,58.332,63155.4
1785006000,58.335,58.401,57.878,58.024,107688.31
1785009600,58.025,58.137,57.83,58.073,117825.87
1785013200,58.074,58.104,57.798,58.047,95782.87
1785016800,58.048,58.137,57.956,58.115,30929.34
1785020400,58.12,58.224,58.0,58.096,35854.65
1785024000,58.093,58.356,58.027,58.242,37980.22
1785027600,58.245,58.379,58.142,58.355,55786.5
1785031200,58.362,58.58,58.253,58.519,87138.66
1785034800,58.52,58.58,58.389,58.529,67129.77
1785038400,58.533,58.645,58.387,58.496,138144.35
1785042000,58.497,58.653,58.34,58.619,41717.49
1785045600,58.628,58.721,58.28,58.578,87131.52
1785049200,58.568,58.73,58.519,58.545,20840.88
1785052800,58.541,58.541,58.327,58.475,25533.87
1785056400,58.475,58.703,58.475,58.642,23514.23
1785060000,58.643,58.864,58.609,58.725,34257.21
1785063600,58.727,58.828,58.526,58.56,25545.71
1785067200,58.559,58.748,58.515,58.618,28101.27
1785070800,58.622,58.679,58.42,58.55,36973.8
1785074400,58.55,58.922,58.484,58.694,101031.67
1785078000,58.694,59.099,58.65,58.953,182796.26
1785081600,58.958,59.537,58.831,59.388,232024.92
1785085200,59.384,59.5,59.006,59.142,96561.64
1785088800,59.144,59.172,58.903,58.981,69364.14
1785092400,58.982,59.001,58.712,58.95,115755.58
1785096000,58.958,58.977,58.738,58.846,47480.32
1785099600,58.845,59.199,58.815,59.074,116205.12
1785103200,59.081,59.75,59.081,59.721,197165.6
1785106800,59.722,59.847,59.511,59.594,121023.35
1785110400,59.594,59.632,59.21,59.32,104446.9
1785114000,59.316,59.623,59.1,59.479,155579.49
1785117600,59.48,59.715,59.379,59.552,64960.68
1785121200,59.553,59.888,59.449,59.888,103644.06
1785124800,59.888,60.428,59.818,60.19,180254.41
1785128400,60.184,60.428,60.057,60.106,90226.84
1785132000,60.106,60.328,59.993,60.076,87781.84
1785135600,60.067,60.125,59.816,59.935,60474.97
1785139200,59.944,60.285,59.684,60.141,93367.13
1785142800,60.142,60.245,59.95,60.034,63798.49
1785146400,60.034,60.361,59.961,60.35,46883.58
1785150000,60.35,60.37,59.753,59.79,83676.43
1785153600,59.789,60.035,59.4,59.762,124534.96
1785157200,59.764,59.953,59.222,59.469,263636.43
1785160800,59.47,59.51,57.538,58.175,717523.83
1785164400,58.175,58.372,57.315,57.411,506112.75
1785168000,57.412,57.922,57.211,57.578,277599.57
1785171600,57.579,57.853,57.1,57.213,289915.55
1785175200,57.211,57.222,56.26,56.681,695739.47
1785178800,56.681,57.274,56.562,57.257,295176.28
1785182400,57.241,57.25,56.866,57.195,136261.94
1785186000,57.191,57.218,56.662,56.682,110245.68
1785189600,56.683,56.683,55.97,56.161,428260.8
1785193200,56.159,56.486,55.689,56.057,514618.31
1785196800,56.057,56.251,55.859,56.163,190538.74
1785200400,56.162,56.398,55.648,56.255,211404.13
1785204000,56.248,56.4,55.542,55.779,197119.14
1785207600,55.784,56.181,55.74,56.149,102945.46
1785211200,56.145,56.302,55.988,56.189,58748.23
1785214800,56.191,56.38,55.15,55.157,314099.9
1785218400,55.157,55.59,54.652,55.459,544164.5
1785222000,55.459,55.487,54.989,55.302,105395.31
1785225600,55.301,55.367,55.064,55.208,84255.29
1785229200,55.208,55.297,54.912,55.022,68437.67
1785232800,55.022,55.1,54.606,54.63,201481.66
1785236400,54.629,54.731,54.282,54.336,362135.96
1785240000,54.335,54.54,54.257,54.28,203731.05
1785243600,54.279,54.35,54.0,54.235,507806.43
1785247200,54.235,55.244,54.092,54.834,453499.0
1785250800,54.835,55.58,54.627,55.285,362209.21
1785254400,55.285,55.802,55.184,55.638,230075.96
1785258000,55.649,55.759,54.602,54.807,378463.17
1785261600,54.809,55.095,54.637,55.071,234918.79
1785265200,55.072,55.53,54.959,55.369,275932.68
1785268800,55.369,55.55,55.233,55.417,147481.43
1785272400,55.421,55.725,55.152,55.659,157273.59
1785276000,55.66,55.723,54.782,54.831,125271.94
1785279600,54.832,55.17,54.458,55.144,290278.78
1785283200,55.144,55.348,54.923,54.965,139268.88
1785286800,54.961,55.089,54.305,54.358,102354.08
1785290400,54.355,54.838,54.3,54.568,100400.25
1785294000,54.574,54.665,54.172,54.29,118190.24
1785297600,54.29,54.406,54.003,54.347,198590.1
1785301200,54.34,55.043,54.327,54.975,153765.08
1785304800,54.975,55.542,54.773,55.373,150485.24
1785308400,55.373,55.445,55.163,55.374,71882.27
1785312000,55.382,55.389,54.599,54.764,143200.3
1785315600,54.761,55.201,54.723,55.159,104237.86
1785319200,55.163,55.187,54.653,54.725,103610.53
1785322800,54.73,54.919,54.513,54.889,119493.33
1785326400,54.899,55.032,54.545,55.012,207928.66
1785330000,55.014,55.439,54.824,55.297,220164.1
1785333600,55.308,55.475,54.721,54.924,162933.64
1785337200,54.924,55.146,54.565,54.735,150348.51
1785340800,54.722,54.797,54.255,54.765,232047.15
1785344400,54.776,54.97,54.565,54.949,141964.86
1785348000,54.949,55.474,54.505,55.213,402150.35
1785351600,55.216,55.4,53.089,53.111,1042964.14
1785355200,53.112,53.801,53.061,53.533,517882.79
1785358800,53.541,53.586,53.076,53.516,327331.96
1785362400,53.518,53.787,53.472,53.779,182067.61
1785366000,53.78,54.075,53.717,53.863,223807.56
1785369600,53.858,54.222,53.712,53.934,93225.17
1785373200,53.935,54.3,53.803,54.115,107729.45
1785376800,54.116,54.207,53.794,53.809,54507.74
1785380400,53.812,54.113,53.764,54.027,47820.24
1785384000,54.032,54.077,53.372,53.58,178547.6
1785387600,53.58,53.79,53.51,53.779,91989.64
1785391200,53.778,53.876,53.65,53.68,43290.44
1785394800,53.681,53.888,53.56,53.637,49128.16
1785398400,53.645,54.038,53.559,53.911,71047.83
1785402000,53.912,54.092,53.824,53.969,42401.98
1785405600,53.976,54.113,53.423,53.423,114561.95
1785409200,53.424,53.479,52.876,53.124,427765.14
1785412800,53.113,53.512,52.884,53.199,347841.82
1785416400,53.187,53.695,52.761,53.641,330848.1
1785420000,53.628,54.028,53.395,53.702,328154.7
1785423600,53.703,54.563,53.633,54.425,349633.95
1785427200,54.423,54.863,54.357,54.82,396388.85
1785430800,54.82,55.143,54.569,54.789,204326.1
1785434400,54.788,55.023,54.606,54.919,110801.75
1785438000,54.919,55.409,54.919,55.361,188726.62
1785441600,55.367,55.45,54.875,54.992,182452.35
1785445200,54.989,55.719,54.988,55.628,243188.14
1785448800,55.628,56.09,55.54,55.967,215258.67
1785452400,55.967,55.985,55.584,55.82,165011.21
1785456000,55.819,56.029,55.593,55.6,192098.75
1785459600,55.6,56.094,55.581,55.581,313426.65
1785463200,55.581,55.737,54.921,55.073,172777.45
1785466800,55.073,55.204,54.8,55.038,71916.56
1785470400,55.038,55.16,54.796,55.078,62312.62
1785474000,55.078,55.539,54.937,55.189,111753.44
1785477600,55.189,55.614,55.159,55.568,87170.97
1785481200,55.564,55.564,54.431,54.5,189972.27
1785484800,54.502,54.904,54.477,54.82,155638.91
1785488400,54.826,54.929,54.112,54.227,128415.1
1785492000,54.226,54.776,54.086,54.729,106437.39
1785495600,54.729,54.919,54.544,54.916,67705.48
1785499200,54.916,55.394,54.75,55.291,101135.84
1785502800,55.303,55.48,54.57,54.889,380469.45
1785506400,54.889,55.37,54.253,54.478,425876.37
1785510000,54.478,54.58,53.991,54.244,324062.03
1785513600,54.243,54.496,53.0,53.346,680620.38
1785517200,53.346,53.616,53.265,53.59,281169.5
1785520800,53.591,53.616,52.866,53.025,450061.42
1785524400,53.022,53.091,52.114,52.282,756268.04
1785528000,52.288,52.953,51.814,52.69,695826.91
1785531600,52.689,52.85,52.01,52.203,194147.43
1785535200,52.202,52.668,52.181,52.44,145087.85
1785538800,52.44,52.668,52.383,52.501,65288.62
1785542400,52.507,52.646,52.291,52.451,67904.36
1785546000,52.449,52.66,52.448,52.531,74577.71
1785549600,52.537,52.589,52.221,52.229,78118.35
1785553200,52.23,52.303,52.064,52.274,90590.76
1785556800,52.275,52.389,52.2,52.258,77637.06
1785560400,52.259,52.329,51.488,51.657,347620.66
1785564000,51.656,52.014,51.578,51.836,128091.22
1785567600,51.837,52.02,51.599,51.851,148692.18
1785571200,51.852,52.457,51.826,52.176,183840.7
1785574800,52.179,52.328,52.031,52.063,91017.18
1785578400,52.066,52.239,51.995,52.06,49688.6
1785582000,52.064,52.142,51.838,52.138,68090.07
1785585600,52.137,52.38,52.046,52.104,121409.97
1785589200,52.119,52.611,52.081,52.212,148990.91
1785592800,52.222,52.469,52.139,52.318,76191.26
1785596400,52.317,52.596,52.201,52.399,112593.01
1785600000,52.4,52.598,52.295,52.486,110807.01
1785603600,52.489,52.582,52.02,52.119,137321.33
1785607200,52.119,52.142,51.6,52.119,316524.35
1785610800,52.118,52.169,51.822,52.031,149428.53
1785614400,52.031,52.143,51.856,52.0,105587.59
1785618000,52.001,52.257,52.0,52.139,90299.02
1785621600,52.14,52.221,52.047,52.056,28186.51
1785625200,52.056,52.15,52.017,52.15,26770.36
1785628800,52.149,52.457,52.142,52.358,74513.61
1785632400,52.358,52.608,52.314,52.386,81275.4
1785636000,52.378,52.97,52.262,52.899,221752.72
1785639600,52.899,53.025,52.684,52.745,101675.77
1785643200,52.742,52.839,52.504,52.548,93298.27
1785646800,52.551,52.65,52.401,52.43,56628.07
1785650400,52.431,52.433,52.103,52.176,112963.12
1785654000,52.171,52.253,51.805,51.858,82533.5
1785657600,51.859,52.128,51.725,52.001,121314.48
1785661200,52.002,52.034,51.775,51.781,75705.41
1785664800,51.79,51.84,51.081,51.452,530113.95
1785668400,51.453,51.564,51.196,51.246,125185.52
1785672000,51.247,51.636,51.111,51.46,155754.71
1785675600,51.443,51.674,51.423,51.589,94845.89
1785679200,51.582,51.583,51.294,51.387,61703.87
1785682800,51.386,51.598,51.271,51.34,76470.96
1785686400,51.339,52.401,51.252,52.138,293135.24
1785690000,52.132,52.307,51.921,52.203,153573.36
1785693600,52.203,52.748,52.202,52.519,142260.3
1785697200,52.519,52.809,52.323,52.691,137262.06
1785700800,52.69,52.742,52.346,52.556,117205.47
1785704400,52.556,53.0,52.415,52.8,262438.2
1785708000,52.811,52.968,52.495,52.55,165820.26
1785711600,52.55,52.688,52.451,52.534,50441.75
1785715200,52.541,52.692,52.295,52.64,108587.8
1785718800,52.637,52.644,52.25,52.504,70793.33
1785722400,52.505,52.579,52.177,52.322,105733.79
1785726000,52.308,52.41,52.02,52.191,77564.37
1785729600,52.182,52.693,52.065,52.241,136219.95
1785733200,52.241,52.786,52.177,52.786,63657.96
1785736800,52.781,52.813,51.885,52.188,166204.44
1785740400,52.193,52.5,52.172,52.333,71809.85
1785744000,52.337,52.475,51.9,52.436,205101.37
1785747600,52.436,52.843,52.379,52.755,184119.48
1785751200,52.753,52.813,52.565,52.769,101558.27
1785754800,52.753,53.169,52.583,52.692,234483.82
1785758400,52.692,52.943,52.565,52.794,70601.78
1785762000,52.787,53.652,52.733,53.648,380211.56
1785765600,53.649,54.25,53.286,54.149,719097.15
1785769200,54.155,54.414,53.862,54.29,276661.86
1785772800,54.297,54.8,54.296,54.565,301944.99
1785776400,54.564,54.78,54.323,54.592,148371.1
1785780000,54.593,54.785,54.18,54.18,144557.16
1785783600,54.181,54.565,54.028,54.453,160774.7
1785787200,54.466,54.717,54.201,54.209,106185.77
1785790800,54.203,54.337,53.765,53.88,183555.43
1785794400,53.891,54.021,53.731,54.003,55977.79
1785798000,54.003,54.016,53.821,53.961,58060.78
1785801600,53.955,53.955,53.531,53.548,69377.93
1785805200,53.552,54.3,53.526,54.275,106938.49
1785808800,54.273,54.476,54.176,54.267,85824.21
1785812400,54.267,54.339,54.036,54.132,40256.19
1785816000,54.142,54.585,54.139,54.506,111960.17
1785819600,54.506,54.55,54.337,54.41,67679.96
1785823200,54.411,54.475,54.085,54.258,74534.02
1785826800,54.26,54.924,54.245,54.746,227273.82
1785830400,54.746,55.0,54.51,54.743,115933.03
1785834000,54.739,54.772,54.476,54.756,69958.38
1785837600,54.757,55.252,54.668,55.202,287947.34
1785841200,55.203,55.522,55.131,55.503,223898.38
1785844800,55.503,55.737,55.36,55.626,308738.36
1785848400,55.626,55.792,55.138,55.217,390416.77
1785852000,55.217,55.475,55.002,55.381,236216.76
1785855600,55.387,55.56,55.0,55.386,245922.42
1785859200,55.387,55.469,55.167,55.251,152309.33
1785862800,55.252,55.735,55.23,55.564,170253.08
1785866400,55.564,55.78,55.263,55.305,157229.59
1785870000,55.306,55.606,55.21,55.536,157070.56
1785873600,55.536,55.744,55.303,55.419,175227.32
1785877200,55.42,55.456,55.047,55.203,172352.17
1785880800,55.204,55.278,55.023,55.129,85934.87
1785884400,55.136,55.346,55.0,55.006,59037.33
1785888000,55.007,55.084,54.679,54.725,130618.74
1785891600,54.725,55.392,54.61,55.279,129442.03
1785895200,55.28,56.391,55.256,56.345,354226.12
1785898800,56.355,56.515,55.696,55.968,147613.89
1785902400,55.969,56.305,55.921,56.205,80158.49
1785906000,56.207,56.943,56.197,56.895,318405.79
1785909600,56.895,57.246,56.695,57.015,228979.97
1785913200,57.015,57.232,56.525,57.04,218843.48
1785916800,57.04,57.862,57.004,57.547,412147.34
1785920400,57.546,57.631,57.201,57.227,124311.48
1785924000,57.227,57.354,56.77,57.346,161215.0
1785927600,57.347,57.422,56.62,56.997,263476.29
1785931200,56.997,57.339,56.826,57.062,129972.62
1785934800,57.071,57.269,56.517,57.141,258143.39
1785938400,57.131,57.489,56.876,57.269,282967.22
1785942000,57.272,57.703,56.999,57.047,242241.35
1785945600,57.054,57.8,57.054,57.49,326705.26
1785949200,57.491,57.961,57.326,57.725,272638.8
1785952800,57.725,57.888,57.098,57.218,178939.6
1785956400,57.218,57.487,57.147,57.178,133684.59
1785960000,57.177,57.258,56.738,57.11,304607.79
1785963600,57.116,57.144,56.676,56.76,170424.08
1785967200,56.76,56.821,56.621,56.7,85948.36
1785970800,56.698,56.995,56.645,56.914,84694.38
1785974400,56.917,57.183,56.782,56.91,78809.05
1785978000,56.91,56.936,56.361,56.472,111756.31
1785981600,56.471,56.502,56.021,56.127,180018.46
1785985200,56.126,56.385,56.015,56.299,82326.88
1785988800,56.299,56.633,56.223,56.331,67615.36
1785992400,56.342,56.62,56.32,56.444,80646.42
1785996000,56.454,56.456,56.035,56.116,108586.56
1785999600,56.118,56.118,55.721,55.991,181532.34
1786003200,55.991,56.162,55.755,56.09,87146.81
1786006800,56.09,56.09,55.522,55.552,118820.27
1786010400,55.553,55.655,55.333,55.536,95078.99
1786014000,55.536,55.547,55.28,55.326,110857.97
1786017600,55.331,55.389,54.851,54.939,236310.5
1786021200,54.94,55.345,54.614,55.113,399105.78
1786024800,55.108,56.096,55.055,55.872,662737.92
1786028400,55.86,56.092,55.528,55.554,252594.8
1786032000,55.553,56.245,55.283,56.233,415305.14
1786035600,56.241,56.533,56.06,56.185,238723.46
1786039200,56.184,56.232,55.911,56.038,113127.4
1786042800,56.036,56.3,55.968,56.017,110086.94
1786046400,56.028,56.251,55.767,55.833,69695.74
1786050000,55.834,56.07,55.765,55.981,61011.61
1786053600,55.981,56.308,55.914,56.179,38735.26
1786057200,56.169,56.26,55.786,56.159,124005.07
1786060800,56.16,56.167,55.57,55.768,90734.42
1786064400,55.777,55.919,55.57,55.782,67040.19
1786068000,55.774,55.911,55.493,55.671,60933.83
1786071600,55.674,55.737,55.442,55.596,44796.8
1786075200,55.592,55.73,55.009,55.247,172578.71
1786078800,55.246,55.389,55.0,55.359,129430.71
1786082400,55.36,55.723,55.261,55.558,73382.1
1786086000,55.558,55.692,55.5,55.575,50044.69
1786089600,55.575,56.413,55.542,56.274,170116.68
1786093200,56.274,56.556,56.2,56.541,211378.55
1786096800,56.541,56.803,56.467,56.803,148781.04
1786100400,56.803,57.002,56.628,56.943,198244.91
1786104000,56.943,56.974,56.478,56.563,243477.72
1786107600,56.562,56.842,56.22,56.237,311785.12
1786111200,56.237,56.26,55.616,55.874,490201.81
1786114800,55.873,55.882,55.455,55.742,243801.65
1786118400,55.752,55.791,54.898,55.096,441109.72
1786122000,55.099,55.163,53.459,54.151,1068180.2
1786125600,54.148,54.577,53.717,54.016,436871.82
1786129200,54.004,54.583,53.992,54.583,255842.92
1786132800,54.583,54.591,54.259,54.308,177108.37
1786136400,54.314,54.373,53.971,54.008,183928.57
1786140000,54.008,54.345,53.932,54.168,141338.48
1786143600,54.168,54.186,53.801,54.064,96415.08
1786147200,54.063,54.162,53.838,53.962,80775.32
1786150800,53.963,54.247,53.935,54.162,62459.87
1786154400,54.162,54.231,53.956,54.108,44276.37
1786158000,54.107,54.381,54.101,54.319,59847.0
1786161600,54.33,54.407,54.158,54.212,66550.1
1786165200,54.212,54.411,54.121,54.396,49612.65
1786168800,54.396,54.411,54.317,54.34,26353.32
1786172400,54.34,54.389,54.251,54.373,29352.6
1786176000,54.374,54.639,54.333,54.619,157299.33
1786179600,54.619,54.766,54.552,54.595,82770.1
1786183200,54.595,54.81,54.595,54.79,59696.64
1786186800,54.791,54.82,54.473,54.512,65792.21
1786190400,54.513,54.61,54.338,54.61,67654.86
1786194000,54.609,54.719,54.334,54.349,57249.49
1786197600,54.344,54.701,54.315,54.615,67881.21
1786201200,54.614,54.952,54.614,54.727,102560.03
1786204800,54.726,55.005,54.697,55.005,74724.34
1786208400,55.004,55.155,54.821,54.979,141790.07
1786212000,54.978,55.009,54.662,54.784,58898.98
1786215600,54.783,54.972,54.721,54.921,36191.43
1786219200,54.92,55.225,54.91,55.121,68128.25
1786222800,55.12,55.2,54.991,55.128,40115.02
1786226400,55.131,55.135,54.875,54.989,48075.53
1786230000,54.99,55.123,54.925,55.074,38664.35
1786233600,55.073,55.182,55.041,55.134,42169.06
1786237200,55.135,55.282,54.985,55.125,38939.94
1786240800,55.128,55.2,54.776,54.841,66892.38
1786244400,54.841,54.888,54.607,54.71,31239.31
1786248000,54.709,54.989,54.515,54.773,75732.48
1786251600,54.784,54.839,54.54,54.668,30681.37
1786255200,54.667,54.771,54.563,54.716,25822.95
1786258800,54.714,54.787,54.623,54.754,20096.32
1786262400,54.747,54.898,54.405,54.591,39913.89
1786266000,54.591,54.68,54.424,54.555,38639.26
1786269600,54.555,54.612,54.451,54.483,36080.65
1786273200,54.487,54.522,54.057,54.227,123149.54
1786276800,54.217,54.278,54.09,54.126,30367.47
1786280400,54.127,54.544,54.126,54.464,67967.07
1786284000,54.475,54.716,54.4,54.628,74115.13
1786287600,54.626,54.917,54.488,54.815,99526.69
1786291200,54.821,54.997,54.74,54.857,60374.8
1786294800,54.841,54.959,54.656,54.685,45320.63
1786298400,54.696,54.779,54.537,54.615,22096.01
1786302000,54.599,54.708,54.52,54.657,25133.14
1786305600,54.657,54.813,54.576,54.665,33739.12
1786309200,54.665,54.678,54.308,54.355,77908.31
1786312800,54.363,54.595,53.79,54.043,306495.67
1786316400,54.02,54.137,53.706,53.83,123563.43
1786320000,53.822,54.215,53.774,54.003,119328.54
1786323600,53.987,54.43,53.863,54.38,54255.01
1786327200,54.38,54.495,54.08,54.325,61475.69
1786330800,54.325,54.395,53.987,54.061,62928.59
1786334400,54.068,54.203,53.897,53.935,57294.27
1786338000,53.936,54.288,53.93,54.263,39310.83
1786341600,54.259,54.677,54.055,54.671,150916.81
1786345200,54.671,54.802,54.605,54.735,120610.32
1786348800,54.74,54.853,54.64,54.721,79864.18
1786352400,54.721,54.732,54.462,54.463,97056.14
1786356000,54.462,54.537,54.343,54.459,35299.69
1786359600,54.46,54.765,54.228,54.762,99348.07
1786363200,54.765,55.244,54.642,54.705,148562.18
1786366800,54.717,54.915,54.303,54.606,157712.9
1786370400,54.601,54.889,54.282,54.327,168731.92
1786374000,54.328,54.523,53.992,54.305,257682.45
1786377600,54.305,54.425,53.947,54.224,111111.39
1786381200,54.227,55.173,54.182,54.972,288229.79
1786384800,54.973,55.465,54.777,54.921,209752.79
1786388400,54.917,55.855,54.891,55.855,260377.6
1786392000,55.828,56.079,55.398,55.441,187028.52
1786395600,55.44,55.544,55.149,55.218,73788.58
1786399200,55.221,55.389,55.036,55.179,39513.22
1786402800,55.179,55.191,54.981,55.049,36712.73
1786406400,55.049,55.061,54.83,54.872,55051.21
1786410000,54.871,55.487,54.765,55.371,235446.5
1786413600,55.36,55.392,55.153,55.221,24101.57
1786417200,55.225,55.45,55.217,55.395,37873.32
1786420800,55.393,55.615,55.356,55.559,78830.02
1786424400,55.551,55.562,55.241,55.323,22697.76
1786428000,55.324,55.489,55.0,55.091,43463.03
1786431600,55.095,55.15,54.8,55.043,65875.68
1786435200,55.05,55.204,54.882,55.176,39458.73
1786438800,55.181,55.317,55.085,55.244,43549.14
1786442400,55.252,55.272,55.053,55.141,45041.83
1786446000,55.14,55.385,55.14,55.304,53071.85
1786449600,55.304,55.344,54.877,54.943,87405.18
1786453200,54.944,55.074,54.556,54.707,127642.79
1786456800,54.707,54.707,54.204,54.325,206381.28
1786460400,54.325,54.465,53.737,53.879,363158.26
1786464000,53.878,54.062,53.78,53.911,169801.75
1786467600,53.92,54.039,53.769,53.946,95892.11
1786471200,53.946,54.281,53.925,54.07,99534.17
1786474800,54.065,54.584,53.758,54.519,167792.6
1786478400,54.521,54.715,54.412,54.621,132801.66
1786482000,54.622,54.727,54.412,54.608,64460.19
1786485600,54.608,54.733,54.302,54.333,47923.91
1786489200,54.333,54.544,54.233,54.47,48428.6
1786492800,54.47,54.589,54.316,54.36,72099.8
1786496400,54.36,54.7,54.264,54.521,166252.1
1786500000,54.521,54.646,54.435,54.515,51684.91
1786503600,54.516,54.752,54.479,54.619,34841.75
1786507200,54.621,54.8,54.398,54.474,59619.25
1786510800,54.475,54.633,54.43,54.621,25968.28
1786514400,54.613,54.893,54.594,54.788,58292.94
1786518000,54.787,55.195,54.787,55.122,107391.58
1786521600,55.123,55.168,54.858,55.0,45976.88
1786525200,54.998,55.355,54.865,55.295,71378.54
1786528800,55.295,55.51,55.158,55.496,82710.57
1786532400,55.496,55.764,55.487,55.742,113850.67
1786536000,55.742,55.966,55.472,55.78,206798.85
1786539600,55.779,56.4,55.724,55.972,337819.06
1786543200,55.964,56.014,55.393,55.826,440968.72
1786546800,55.821,56.564,55.791,56.52,275723.64
1786550400,56.52,56.612,56.252,56.587,134759.56
1786554000,56.587,56.913,56.409,56.849,118553.64
1786557600,56.839,56.907,56.306,56.567,261931.66
1786561200,56.567,56.651,56.131,56.201,96967.57
1786564800,56.201,56.381,56.108,56.192,47073.96
1786568400,56.191,56.241,56.0,56.035,56173.59
1786572000,56.034,56.444,55.901,56.08,148589.15
1786575600,56.079,56.115,55.896,56.03,42166.21
1786579200,56.031,56.481,55.991,56.397,58993.46
1786582800,56.397,56.501,56.157,56.301,211997.13
1786586400,56.301,56.624,56.265,56.487,80568.59
1786590000,56.487,56.642,56.384,56.437,73509.61
1786593600,56.438,56.897,56.365,56.769,111263.35
1786597200,56.767,57.383,56.761,57.194,208654.76
1786600800,57.194,57.383,57.145,57.365,55505.38
1786604400,57.366,57.476,57.252,57.304,101532.04
1786608000,57.305,57.381,56.805,57.087,133270.67
1786611600,57.088,57.755,56.88,57.734,296287.34
1786615200,57.735,57.751,57.422,57.435,132252.12
1786618800,57.437,57.471,56.951,57.037,219029.8
1786622400,57.037,57.686,56.99,57.662,125467.95
1786626000,57.662,58.048,57.392,57.638,272320.59
1786629600,57.638,58.345,57.492,58.163,267602.96
1786633200,58.163,58.5,57.774,57.786,351318.81
1786636800,57.789,58.025,57.304,57.512,333777.89
1786640400,57.518,57.784,57.369,57.385,113811.97
1786644000,57.385,57.809,57.381,57.757,80871.82
1786647600,57.757,57.921,57.409,57.438,77148.66
1786651200,57.443,57.545,57.0,57.424,166347.35
1786654800,57.424,57.595,57.02,57.152,130867.72
1786658400,57.152,57.601,57.144,57.39,76290.33
1786662000,57.39,57.489,57.242,57.464,71918.6
1786665600,57.464,57.595,57.355,57.566,90668.95
1786669200,57.568,57.601,57.159,57.203,93017.17
1786672800,57.203,57.325,57.019,57.025,44134.02
1786676400,57.025,57.072,56.521,56.523,187372.95
1786680000,56.523,56.852,56.506,56.78,80751.13
1786683600,56.779,56.912,56.603,56.786,37468.3
1786687200,56.785,56.786,56.274,56.299,88886.9
1786690800,56.299,56.496,56.292,56.406,62434.46
1786694400,56.406,56.769,56.369,56.668,60959.2
1786698000,56.666,56.732,56.371,56.384,43085.39
1786701600,56.371,56.605,56.35,56.505,42618.39
1786705200,56.504,56.634,56.1,56.18,88306.87
1786708800,56.171,56.241,56.0,56.101,183433.37
1786712400,56.099,56.206,55.938,56.099,178431.25
1786716000,56.096,56.104,55.466,55.479,305189.81
1786719600,55.476,55.934,55.466,55.603,149403.86
1786723200,55.595,56.061,55.584,55.887,115225.37
1786726800,55.892,56.009,55.682,55.724,57643.0
1786730400,55.724,55.769,55.523,55.637,72393.99
1786734000,55.637,55.724,55.302,55.697,87683.71
1786737600,55.697,55.737,55.388,55.503,30329.98
1786741200,55.503,56.013,55.5,55.943,92194.18
1786744800,55.944,56.457,55.928,56.381,186649.06
1786748400,56.382,56.513,56.183,56.48,64426.43
1786752000,56.486,56.515,56.306,56.31,35331.9
1786755600,56.312,56.521,56.225,56.403,40897.28
1786759200,56.407,56.652,56.35,56.615,38725.5
1786762800,56.616,56.729,56.478,56.556,110471.35
1786766400,56.556,56.631,56.2,56.235,63092.13
1786770000,56.235,56.297,55.81,56.244,97680.54
1786773600,56.236,56.314,56.1,56.242,30233.75
1786777200,56.242,56.449,56.124,56.443,29446.06
1786780800,56.444,56.48,55.984,56.033,64469.99
1786784400,56.044,56.152,55.956,55.991,34197.75
1786788000,55.998,56.022,55.851,55.963,25424.4
1786791600,55.958,56.03,55.822,56.012,27343.51
1786795200,56.011,56.249,55.867,56.248,50715.52
1786798800,56.248,56.59,56.211,56.347,72823.68
1786802400,56.346,56.476,56.222,56.273,70067.26
1786806000,56.273,56.808,56.252,56.769,69999.98
1786809600,56.772,57.18,56.598,57.176,183580.59
1786813200,57.178,57.2,56.893,57.03,97531.23
1786816800,57.024,57.155,56.855,57.016,59572.48
1786820400,57.016,57.35,56.928,57.288,91875.53
1786824000,57.289,57.289,56.973,57.027,75752.42
1786827600,57.027,57.121,56.972,56.991,26331.66
1786831200,56.991,57.088,56.867,56.921,32123.0
1786834800,56.921,56.992,56.741,56.875,53812.63
1786838400,56.875,56.951,56.714,56.792,35432.37
1786842000,56.792,57.103,56.776,57.068,50975.55
1786845600,57.075,57.283,56.854,57.175,69415.83
1786849200,57.175,57.189,56.908,56.931,25809.68
1786852800,56.931,57.18,56.893,57.073,19388.53
1786856400,57.07,57.187,56.825,56.859,45542.59
1786860000,56.859,57.135,56.747,57.035,59320.84
1786863600,57.038,57.45,57.035,57.449,85225.25
1786867200,57.449,57.499,57.304,57.499,51826.98
1786870800,57.498,57.547,57.284,57.429,62545.91
1786874400,57.428,57.464,57.253,57.326,22558.26
1786878000,57.326,57.464,57.291,57.366,26575.81
1786881600,57.359,57.368,57.168,57.186,36712.22
1786885200,57.186,57.235,57.057,57.172,40772.6
1786888800,57.171,57.25,57.021,57.208,39254.77
1786892400,57.203,57.495,57.12,57.418,76303.87
1786896000,57.417,57.93,57.411,57.78,180650.99
1786899600,57.779,58.0,57.627,57.705,133618.97
1786903200,57.709,57.713,57.395,57.605,87002.01
1786906800,57.604,57.931,57.604,57.674,87785.64
1786910400,57.673,57.764,57.502,57.566,37851.14
1786914000,57.565,57.587,57.167,57.309,146327.33
1786917600,57.308,57.316,57.111,57.211,102074.13
1786921200,57.211,57.284,57.025,57.099,76624.24
1786924800,57.099,57.331,57.021,57.328,92319.86
1786928400,57.327,58.421,57.307,58.346,475627.03
1786932000,58.346,58.964,58.182,58.905,251864.1
1786935600,58.907,59.176,58.731,59.115,257302.87
1786939200,59.119,59.161,58.835,58.846,152673.94
1786942800,58.846,59.04,58.668,58.67,103287.21
1786946400,58.67,59.378,58.669,59.269,210951.85
1786950000,59.274,59.647,59.162,59.529,218607.94
1786953600,59.532,59.565,59.07,59.078,146237.28
1786957200,59.078,59.316,59.078,59.296,55893.74
1786960800,59.296,59.826,59.149,59.804,265485.75
1786964400,59.793,59.874,59.421,59.479,421127.45
1786968000,59.48,59.49,59.01,59.14,191542.87
1786971600,59.14,59.393,58.777,59.262,263976.96
1786975200,59.262,59.502,58.832,59.499,229212.9
1786978800,59.499,59.57,59.092,59.275,207635.38
1786982400,59.276,59.294,59.027,59.163,66289.23
1786986000,59.163,59.192,58.69,58.956,152693.3
1786989600,58.955,59.264,58.925,59.026,103005.57
1786993200,59.026,59.071,58.784,58.941,60398.2
1786996800,58.936,58.941,58.36,58.709,202759.52
1787000400,58.708,58.995,58.647,58.936,76394.84
1787004000,58.936,59.157,58.835,59.039,90088.45
1787007600,59.04,59.448,59.034,59.416,111330.51
1787011200,59.416,59.62,59.386,59.57,107099.51
1787014800,59.57,59.609,59.055,59.115,198353.38
1787018400,59.115,59.336,59.026,59.175,65570.11
1787022000,59.175,59.394,58.958,59.351,91047.23
1787025600,59.351,59.357,59.06,59.244,37141.4
1787029200,59.246,59.567,58.837,59.091,143364.36
1787032800,59.091,60.25,58.963,59.942,437495.0
1787036400,59.942,60.478,59.574,59.619,324081.91
1787040000,59.623,59.669,59.167,59.581,205016.82
1787043600,59.58,59.7,59.305,59.605,160036.58
1787047200,59.605,59.904,59.586,59.79,120532.02
1787050800,59.79,59.952,59.722,59.827,93771.73
1787054400,59.826,59.897,59.19,59.285,166638.9
1787058000,59.284,59.543,59.091,59.184,244684.41
1787061600,59.182,59.811,58.975,59.112,257314.6
1787065200,59.113,59.548,59.067,59.342,130006.59
1787068800,59.348,59.379,58.24,58.776,496260.46
1787072400,58.775,58.795,58.232,58.632,167509.55
1787076000,58.632,58.749,58.502,58.691,90970.29
1787079600,58.691,59.043,58.659,58.889,139504.87
1787083200,58.91,59.098,58.493,58.539,141111.22
1787086800,58.539,58.691,58.479,58.691,59764.88
1787090400,58.69,58.813,58.312,58.371,121647.87
1787094000,58.38,58.643,58.246,58.477,110440.23
1787097600,58.483,58.673,58.15,58.504,172946.44
1787101200,58.514,58.818,58.502,58.502,115644.08
1787104800,58.502,58.503,58.191,58.371,66681.48
1787108400,58.377,58.467,58.202,58.37,67825.03
1787112000,58.37,58.544,58.321,58.523,35691.7
1787115600,58.522,58.664,58.183,58.21,69146.36
1787119200,58.209,58.558,58.0,58.433,116358.77
1787122800,58.434,58.472,58.112,58.128,77599.82
1787126400,58.128,58.489,58.076,58.272,70734.71
1787130000,58.267,58.439,58.192,58.221,63617.35
1787133600,58.228,58.49,58.123,58.488,52670.5
1787137200,58.488,58.939,58.456,58.706,159998.24
1787140800,58.705,59.333,58.65,59.252,216991.86
1787144400,59.251,59.412,58.573,58.623,330350.44
1787148000,58.621,59.927,58.589,59.853,389887.21
1787151600,59.866,61.844,59.617,61.83,2097429.2200000002
1787155200,61.83,62.639,61.517,61.944,1306783.46
1787158800,61.957,62.401,61.563,62.185,620080.14
1787162400,62.185,62.477,61.747,62.226,241525.76
1787166000,62.233,73.368,62.026,70.27,7704862.3899999997
1787169600,70.265,71.2,68.407,71.149,2046363.02
1787173200,71.149,72.69,69.9,71.365,2180248.8500000001
1787176800,71.375,71.939,70.27,70.877,1207166.5800000001
1787180400,70.878,71.279,69.0,69.748,1550797.1200000001
1787184000,69.726,71.056,69.0,69.734,930748.4300000001
1787187600,69.734,69.889,68.39,69.445,1074468.8100000001
1787191200,69.443,69.997,69.182,69.667,395929.3
1787194800,69.678,69.697,68.907,69.471,387006.51
1787198400,69.476,70.841,69.42,70.828,384010.95
1787202000,70.829,71.46,70.715,71.177,290122.53
1787205600,71.195,72.56,71.051,71.952,652404.84
1787209200,71.951,72.063,71.381,72.021,500329.64
1787212800,72.022,73.122,70.478,73.107,1640305.1799999999
1787216400,73.108,74.623,72.708,73.15,1333100.0800000001
1787220000,73.146,73.757,72.118,72.14,577151.58
1787223600,72.14,72.96,71.438,71.892,964534.46
1787227200,71.903,71.999,71.0,71.617,374682.94
1787230800,71.623,72.273,71.155,71.804,432425.77
1787234400,71.807,72.662,71.51,72.025,483792.97
1787238000,72.025,73.469,71.928,73.203,918379.8
1787241600,73.203,74.2,72.75,73.737,782032.0699999999
1787245200,73.736,74.353,73.067,73.671,691679.47
1787248800,73.67,73.797,71.631,72.098,941575.62
1787252400,72.097,73.0,72.097,72.559,251058.8
1787256000,72.559,73.954,72.559,73.912,233029.65
1787259600,73.913,74.957,73.779,74.896,673959.34
1787263200,74.896,75.0,73.513,73.601,559023.05
1787266800,73.601,74.36,73.552,73.773,478760.73
1787270400,73.775,74.539,73.362,73.443,790210.0
1787274000,73.44,75.101,73.331,74.619,555732.97
1787277600,74.619,74.93,73.691,73.691,503683.1
1787281200,73.692,73.883,71.15,72.24,1425776.1399999999
1787284800,72.25,72.953,72.036,72.62,196972.18
1787288400,72.619,73.258,72.323,73.068,233365.79
1787292000,73.072,73.454,72.45,72.9,285994.0
1787295600,72.899,74.0,72.747,73.8,406125.47
1787299200,73.801,76.1,73.529,75.779,1167322.4399999999
1787302800,75.787,75.86,73.068,74.188,1486899.96
1787306400,74.186,75.596,73.92,75.055,1102416.0900000001
1787310000,75.047,75.446,73.601,74.276,644444.8
1787313600,74.277,74.657,73.715,74.222,715447.61
1787317200,74.225,77.891,74.2,76.863,2501690.5899999999
1787320800,76.896,77.752,75.15,77.65,1358721.1200000001
1787324400,77.649,77.692,76.47,76.697,870952.88
1787328000,76.698,76.842,75.894,76.499,478070.18
1787331600,76.503,76.717,74.417,75.135,890182.17
1787335200,75.137,75.545,74.07,74.566,787186.6800000001
1787338800,74.565,75.16,73.95,74.944,598100.38
1787342400,74.945,75.823,74.84,75.704,355816.21
1787346000,75.705,77.08,75.608,77.078,813264.16
1787349600,77.078,77.193,74.994,76.181,1262298.01
1787353200,76.185,76.472,75.021,75.555,724636.28
1787356800,75.563,76.215,74.615,75.991,430192.54
1787360400,76.002,76.76,75.621,76.597,293698.08
1787364000,76.597,81.0,76.543,80.718,2017913.22
1787367600,80.736,82.535,80.271,82.147,1271483.6299999999
1787371200,82.142,82.464,80.698,81.2,966992.51
1787374800,81.194,81.77,72.521,79.282,3137210.3599999999
1787378400,79.319,80.75,78.351,80.401,605317.47
1787382000,80.413,80.79,78.798,78.826,482826.29
1787385600,78.825,79.239,76.813,77.165,647953.41
1787389200,77.165,78.393,76.035,78.086,637936.3
1787392800,78.088,78.187,75.111,76.982,764822.3100000001
1787396400,76.982,78.035,76.169,77.939,265828.41
1787400000,77.948,78.71,77.485,77.579,381492.38
1787403600,77.583,78.145,77.14,77.933,313219.8
1787407200,77.932,78.047,77.091,77.503,300828.16
1787410800,77.51,78.22,77.141,77.465,182763.8
1787414400,77.467,78.385,77.272,78.164,348488.43
1787418000,78.165,79.689,77.804,79.17,395117.54
1787421600,79.17,79.65,78.5,79.044,161295.72
1787425200,79.044,79.539,78.797,79.253,130564.25
1787428800,79.253,79.947,78.988,79.274,290481.26
1787432400,79.25,79.25,78.042,78.217,345811.26
1787436000,78.218,79.838,77.927,79.002,438646.37
1787439600,78.969,80.0,78.482,79.408,311593.9
1787443200,79.411,81.099,79.01,80.592,515647.52
1787446800,80.592,81.164,79.646,80.157,502983.64
1787450400,80.157,80.249,78.613,78.88,354220.11
1787454000,78.885,78.977,77.49,77.98,333028.67
1787457600,77.981,78.584,77.007,77.474,454664.52
1787461200,77.46,78.864,77.342,77.806,254950.42
1787464800,77.802,78.892,77.3,78.282,403339.62
1787468400,78.282,79.1,78.168,78.786,239070.2
1787472000,78.787,79.394,78.651,79.228,281561.82
1787475600,79.228,79.397,78.751,78.949,140464.6
1787479200,78.948,79.455,78.888,79.437,165182.96
1787482800,79.437,81.21,79.372,80.575,566485.1899999999
1787486400,80.571,80.885,79.876,80.684,280524.25
1787490000,80.671,81.611,79.395,80.594,732145.28
1787493600,80.582,80.8,78.371,79.565,538855.7
1787497200,79.562,79.844,79.087,79.704,353832.78
1787500800,79.704,80.747,79.36,80.225,386390.48
1787504400,80.226,80.592,79.71,79.949,171852.01
1787508000,79.949,81.279,79.89,81.129,420570.81
1787511600,81.129,81.306,80.636,81.016,254768.58
1787515200,81.017,81.11,80.56,80.899,262008.16
1787518800,80.9,82.479,80.899,82.1,586902.0699999999
1787522400,82.1,83.257,81.641,82.543,538446.03
1787526000,82.543,83.464,81.795,82.369,511605.02
1787529600,82.37,82.376,80.772,81.697,439413.36
1787533200,81.699,81.923,80.042,80.13,296513.75
1787536800,80.142,81.271,79.8,80.945,276359.5
1787540400,80.952,81.0,79.205,79.507,369340.55
1787544000,79.496,80.518,79.495,79.927,269772.21
1787547600,79.927,80.483,79.263,79.63,414144.97
1787551200,79.63,79.908,78.989,79.741,206222.6
1787554800,79.757,80.376,79.404,79.528,142447.15
1787558400,79.522,79.529,76.98,77.878,1158582.1200000001
1787562000,77.879,78.592,77.841,78.541,184052.88
1787565600,78.541,79.061,78.37,78.415,202627.17
1787569200,78.409,80.39,78.035,80.205,534706.24
1787572800,80.205,80.979,79.491,80.496,482731.04
1787576400,80.496,80.999,78.202,78.852,1051186.3400000001
1787580000,78.853,80.53,78.782,79.383,822466.91
1787583600,79.383,80.128,78.108,78.489,590306.02
1787587200,78.489,79.391,78.305,78.345,223198.04
1787590800,78.346,78.939,76.594,77.54,1058617.1100000001
1787594400,77.54,77.888,76.925,77.661,306908.23
1787598000,77.661,77.869,77.295,77.757,232134.21
1787601600,77.751,78.188,77.45,78.148,206142.22
1787605200,78.148,78.436,77.7,77.957,265720.59
1787608800,77.96,78.352,77.734,77.755,85755.28
1787612400,77.761,79.019,77.658,79.013,273715.56
1787616000,79.009,79.784,78.17,79.756,376277.94
1787619600,79.759,80.048,79.041,79.934,404689.68
1787623200,79.966,80.9,79.623,80.656,797228.0699999999
1787626800,80.657,81.337,80.054,80.736,991986.86
1787630400,80.735,81.273,80.6,81.034,368807.02
1787634000,81.021,81.348,80.622,80.682,184390.93
1787637600,80.683,81.239,80.596,80.822,170004.14
1787641200,80.823,81.845,80.2,81.075,365444.76
1787644800,81.08,81.968,80.7,81.248,470345.03
1787648400,81.249,82.0,80.68,80.95,469452.98
1787652000,80.949,81.324,80.471,80.859,310562.4
1787655600,80.859,81.1,79.623,79.845,430043.71
1787659200,79.845,80.326,79.318,79.911,343500.38
1787662800,79.91,80.327,78.828,80.161,499413.91
1787666400,80.149,81.536,79.889,80.883,624924.3100000001
1787670000,80.882,81.665,80.382,81.597,409181.22
1787673600,81.606,81.9,80.973,81.582,427306.4
1787677200,81.582,81.75,81.051,81.599,280771.16
1787680800,81.599,82.869,81.57,82.324,812991.8
1787684400,82.324,83.253,80.768,81.743,901762.16
1787688000,81.744,81.77,78.451,78.472,710652.79
1787691600,78.461,79.75,78.293,79.607,706335.35
1787695200,79.607,80.366,79.472,80.167,290270.35
1787698800,80.165,80.392,78.927,79.652,291240.61
1787702400,79.653,80.767,79.433,80.552,384051.45
1787706000,80.553,81.538,80.486,81.387,248991.66
1787709600,81.38,82.0,81.057,81.842,230088.33
1787713200,81.843,81.994,81.386,81.652,169568.91
1787716800,81.653,82.25,81.578,82.074,236329.83
1787720400,82.07,83.055,81.495,82.458,445994.94
1787724000,82.463,82.633,81.706,81.977,184034.99
1787727600,81.978,82.455,81.664,81.93,162255.48
1787731200,81.93,82.63,81.567,81.961,174369.51
1787734800,81.962,82.158,81.242,81.919,145898.16
1787738400,81.92,83.734,81.746,83.148,550253.4
1787742000,83.149,83.568,81.42,81.827,644543.41
1787745600,81.828,82.748,81.111,81.881,737093.03
1787749200,81.892,82.114,80.561,81.644,715684.74
1787752800,81.64,82.457,80.853,81.141,753635.3
1787756400,81.14,81.426,80.357,80.452,313089.03
1787760000,80.452,80.931,79.441,79.652,642046.0600000001
1787763600,79.653,81.184,79.468,80.735,369538.21
1787767200,80.746,81.24,80.422,81.026,144562.62
1787770800,81.026,81.384,80.719,81.096,153156.67
1787774400,81.102,81.48,80.01,80.409,432398.73
1787778000,80.409,82.279,80.389,82.138,711870.6899999999
1787781600,82.134,82.95,81.158,81.353,867873.74
1787785200,81.348,82.543,81.31,82.282,262835.09
1787788800,82.296,82.305,81.158,81.17,254776.98
1787792400,81.17,82.139,81.114,81.793,198602.81
1787796000,81.793,82.23,80.798,81.062,384247.37
1787799600,81.062,81.415,80.627,80.756,232596.23
1787803200,80.756,81.106,80.5,80.707,106544.57
1787806800,80.707,81.8,80.579,81.592,131085.07
1787810400,81.592,81.662,80.899,81.621,168293.69
1787814000,81.621,81.833,81.276,81.733,126222.91
1787817600,81.733,82.49,81.357,82.488,434641.78
1787821200,82.487,83.86,82.256,83.056,720350.58
1787824800,83.056,83.68,81.888,82.252,888710.45
1787828400,82.262,82.831,81.597,82.042,309441.25
1787832000,82.042,82.503,82.01,82.271,176204.11
1787835600,82.271,82.987,82.01,82.915,499079.24
1787839200,82.91,84.8,82.119,84.191,1605176.8400000001
1787842800,84.185,85.5,84.0,84.634,1161267.45
1787846400,84.633,85.46,83.733,84.687,674274.83
1787850000,84.682,86.41,84.496,85.67,858409.1899999999
1787853600,85.663,86.341,84.7,86.311,565265.4300000001
1787857200,86.311,86.727,84.819,84.819,714061.1800000001
1787860800,84.835,85.469,84.291,85.339,409819.93
1787864400,85.339,85.37,84.173,84.746,339913.22
1787868000,84.748,85.34,84.494,84.926,174427.51
1787871600,84.925,85.256,84.566,84.641,108694.45
1787875200,84.641,84.65,83.812,84.117,227459.32
1787878800,84.129,85.035,83.8,83.949,282617.1
1787882400,83.949,84.082,83.271,83.328,295739.3
1787886000,83.329,83.793,83.063,83.628,159883.59
1787889600,83.628,83.822,82.891,83.247,208125.78
1787893200,83.246,83.425,82.857,83.013,148724.04
1787896800,83.013,83.697,82.986,83.573,127129.64
1787900400,83.573,84.233,83.115,84.061,195759.53
1787904000,84.046,84.777,83.21,83.369,263413.16
1787907600,83.369,83.375,82.394,82.693,378168.99
1787911200,82.693,83.579,82.26,83.444,274248.96
1787914800,83.452,83.658,82.927,82.997,141571.68
1787918400,82.992,83.279,82.62,83.033,181662.78
1787922000,83.034,84.33,82.985,84.0,539152.1
1787925600,84.041,85.188,82.527,84.729,1156148.1599999999
1787929200,84.74,85.1,81.208,81.737,1064798.4099999999
1787932800,81.71,82.11,80.063,81.535,1414802.55
1787936400,81.534,82.186,80.576,80.759,592350.28
1787940000,80.788,80.903,78.348,79.265,1747413.3100000001
1787943600,79.266,80.138,79.144,79.621,580172.08
1787947200,79.633,80.5,79.382,79.808,463194.11
1787950800,79.811,80.766,79.516,79.825,199161.41
1787954400,79.824,81.222,79.805,81.094,272403.82
1787958000,81.105,81.19,80.698,80.942,127342.36
1787961600,80.941,81.228,80.098,80.142,219043.96
1787965200,80.142,80.5,80.065,80.5,110696.93
1787968800,80.5,80.821,80.135,80.725,58888.45
1787972400,80.725,82.2,80.704,81.532,399687.76
1787976000,81.533,82.1,81.389,81.836,198475.86
1787979600,81.845,82.153,81.74,81.892,78912.73
1787983200,81.9,81.924,80.801,81.396,328939.99
1787986800,81.396,81.784,81.138,81.376,102938.79
1787990400,81.376,81.435,80.957,81.212,114306.91
1787994000,81.213,81.648,81.001,81.349,162563.03
1787997600,81.344,81.453,81.001,81.256,115734.93
1788001200,81.256,81.439,80.845,80.869,77020.71
1788004800,80.87,81.474,80.869,81.439,79088.21
1788008400,81.439,81.976,81.254,81.885,105744.87
1788012000,81.887,82.833,81.692,82.725,324435.96
1788015600,82.737,83.198,82.466,82.97,283699.6
1788019200,82.97,83.557,82.88,82.989,329705.98
1788022800,82.99,83.349,82.743,83.188,142366.19
1788026400,83.187,83.29,82.534,83.147,144372.78
1788030000,83.148,83.24,82.65,82.84,119462.26
1788033600,82.84,82.956,82.747,82.782,95334.34
1788037200,82.782,83.461,82.659,83.154,108456.54
1788040800,83.153,83.563,83.09,83.47,134477.11
1788044400,83.471,83.53,83.075,83.382,106752.19
1788048000,83.38,83.458,83.01,83.185,88910.22
1788051600,83.184,83.462,83.016,83.312,91539.75
1788055200,83.318,83.376,82.891,82.959,69783.87
1788058800,82.958,83.16,82.776,82.818,57463.16
1788062400,82.817,83.099,82.482,82.869,66582.27
1788066000,82.853,83.279,82.83,83.14,46756.21
1788069600,83.14,83.45,82.968,83.385,48484.22
1788073200,83.386,83.39,82.654,82.875,101173.94
1788076800,82.882,83.923,82.847,83.391,148271.82
1788080400,83.391,83.605,83.047,83.263,70386.4
1788084000,83.252,83.591,83.169,83.512,38761.93
1788087600,83.513,83.6,83.227,83.596,46444.08
1788091200,83.597,83.896,83.213,83.79,116510.36
1788094800,83.786,83.994,83.509,83.908,83744.66
1788098400,83.908,84.155,83.326,83.543,212765.11
1788102000,83.543,83.785,83.053,83.184,95456.13
1788105600,83.184,83.93,83.157,83.928,180560.56
1788109200,83.928,84.064,82.544,83.323,530475.96
1788112800,83.33,83.599,82.963,83.356,104763.92
1788116400,83.356,83.439,82.542,82.693,131834.12
1788120000,82.69,82.816,81.571,81.694,341530.26
1788123600,81.694,82.261,81.317,81.87,276298.47
1788127200,81.875,82.135,80.62,80.824,505968.37
1788130800,80.824,80.824,79.017,79.992,1046864.15
1788134400,79.986,80.667,79.519,80.178,317015.17
1788138000,80.178,80.388,79.88,80.001,190360.52
1788141600,80.001,80.942,79.748,80.005,231136.78
1788145200,80.006,80.622,79.877,80.352,156461.22
1788148800,80.353,80.353,79.941,80.218,79978.16
1788152400,80.22,81.197,80.157,81.095,195505.75
1788156000,81.094,81.094,80.748,80.9,62113.35
1788159600,80.898,81.327,80.769,81.178,89878.6
1788163200,81.179,81.505,80.953,81.337,103952.85
1788166800,81.338,81.535,81.13,81.274,95486.32
1788170400,81.283,82.13,81.162,81.764,153098.59
1788174000,81.766,82.063,81.523,81.786,106512.45
1788177600,81.787,82.06,80.861,81.139,199383.96
1788181200,81.139,81.565,80.476,80.578,293476.21
1788184800,80.58,81.806,80.58,81.572,210361.17
1788188400,81.572,82.531,81.225,82.118,370280.78
1788192000,82.119,85.001,81.619,83.829,1557639.1699999999
1788195600,83.803,84.505,83.533,84.049,521458.96
1788199200,84.058,84.8,83.761,83.873,363384.24
1788202800,83.874,84.107,83.43,83.632,394081.58
1788206400,83.64,84.782,83.617,84.68,340900.78
1788210000,84.682,85.401,84.3,84.864,421207.16
1788213600,84.865,85.28,84.385,84.41,192485.14
1788217200,84.409,84.436,83.906,84.171,141704.81
1788220800,84.171,84.599,83.924,84.097,122557.85
1788224400,84.098,84.283,83.6,84.243,143128.4
1788228000,84.242,84.283,83.637,83.961,113961.15
1788231600,83.961,84.52,83.7,84.315,92494.99
1788235200,84.315,84.499,83.832,83.948,68710.48
1788238800,83.949,84.464,83.913,84.425,83819.26
1788242400,84.411,84.473,84.041,84.054,95670.0
1788246000,84.066,84.195,83.273,83.474,233777.67
1788249600,83.474,83.576,82.645,83.015,324739.78
1788253200,83.015,83.538,82.9,83.024,149019.01
1788256800,83.024,83.8,82.7,83.482,191980.39
1788260400,83.487,84.014,83.292,83.882,148407.12
1788264000,83.882,83.882,82.655,83.158,193770.38
1788267600,83.159,83.894,82.95,83.64,292207.51
1788271200,83.64,84.467,83.496,83.831,328912.63
1788274800,83.838,83.855,83.11,83.236,224341.35
1788278400,83.233,83.316,81.922,82.326,631466.29
1788282000,82.325,82.449,81.512,81.706,435875.91
1788285600,81.71,81.896,80.56,81.552,790300.92
1788289200,81.552,82.759,81.365,82.681,377888.13
1788292800,82.682,82.965,82.26,82.537,211178.2
1788296400,82.536,82.792,81.739,82.34,176936.04
1788300000,82.352,82.579,81.959,82.432,129382.84
1788303600,82.423,82.83,82.363,82.737,63847.77
1788307200,82.752,83.192,82.485,82.499,279029.81
1788310800,82.512,82.81,81.915,81.95,182591.78
1788314400,81.951,83.15,81.725,82.929,278124.31
1788318000,82.929,83.388,82.858,82.915,147184.87
1788321600,82.914,83.115,82.569,83.081,73553.94
1788325200,83.08,83.678,82.883,83.678,104411.82
1788328800,83.677,83.696,82.837,83.163,172388.55
1788332400,83.166,83.399,82.246,82.289,135148.4
1788336000,82.288,82.459,81.251,81.476,229685.71
1788339600,81.468,81.74,81.021,81.253,129560.22
1788343200,81.252,81.381,80.736,81.31,199499.92
1788346800,81.304,81.304,80.159,81.204,356069.81
1788350400,81.205,81.631,80.92,80.98,196039.36
1788354000,80.982,81.663,80.715,81.384,398232.99
1788357600,81.389,81.88,80.927,80.946,264234.07
1788361200,80.946,81.776,80.424,81.649,382655.56
1788364800,81.646,81.978,81.335,81.409,175637.23
1788368400,81.41,81.845,80.981,81.737,109263.39
1788372000,81.737,81.885,81.156,81.647,93070.01
1788375600,81.648,81.752,80.76,81.056,155833.49
1788379200,81.052,81.597,80.92,81.464,102877.96
1788382800,81.464,81.879,81.366,81.626,59841.06
1788386400,81.626,81.671,81.006,81.235,93688.98
1788390000,81.235,81.962,81.132,81.9,115808.77
1788393600,81.9,82.058,81.225,81.288,97138.28
1788397200,81.288,81.945,81.06,81.628,82106.51
1788400800,81.628,82.443,81.478,82.294,160107.8
1788404400,82.297,82.432,81.951,82.292,51650.31
1788408000,82.291,82.49,82.062,82.468,49089.55
1788411600,82.472,82.618,81.5,82.137,114936.0
1788415200,82.133,82.234,81.935,82.075,57310.88
1788418800,82.063,82.395,81.819,81.958,62788.29
1788422400,81.969,82.319,81.815,81.972,49855.59
1788426000,81.973,82.15,81.663,81.702,63213.01
1788429600,81.702,81.854,81.132,81.509,99986.38
1788433200,81.511,82.15,81.48,82.11,101567.61
1788436800,82.11,82.825,81.891,82.743,195023.05
1788440400,82.744,83.251,82.419,82.941,360652.99
1788444000,82.941,83.957,82.701,83.908,547554.39
1788447600,83.915,84.646,83.39,84.464,1482903.22
1788451200,84.479,84.573,82.974,84.034,1080602.5
1788454800,84.035,84.35,83.799,83.983,184129.99
1788458400,83.983,84.5,83.701,84.456,206570.66
1788462000,84.456,86.142,84.212,85.78,983173.4
1788465600,85.789,86.4,85.165,85.333,564091.3199999999
1788469200,85.303,85.7,85.01,85.4,194537.06
1788472800,85.405,86.064,85.242,85.851,187470.73
1788476400,85.851,88.199,85.77,87.486,932198.15
1788480000,87.478,87.883,86.463,86.496,474589.52
1788483600,86.496,87.499,86.388,87.227,176312.05
1788487200,87.24,87.591,86.7,87.06,122339.14
1788490800,87.063,87.513,86.878,87.241,69652.3
1788494400,87.241,87.326,86.437,86.482,107686.66
1788498000,86.482,86.694,85.538,86.241,201195.61
1788501600,86.203,86.244,85.678,86.043,130984.14
1788505200,86.042,86.706,85.849,86.284,163092.95
1788508800,86.298,86.975,85.718,86.919,165350.24
1788512400,86.932,87.15,86.486,86.96,153900.43
1788516000,86.959,87.3,86.525,87.059,183940.23
1788519600,87.058,87.25,86.906,87.25,97066.21
1788523200,87.25,87.442,84.523,85.557,973762.17
1788526800,85.553,85.952,84.654,85.08,619871.28
1788530400,85.073,85.4,83.502,83.734,756904.3199999999
1788534000,83.734,84.873,83.5,84.727,383225.28
1788537600,84.72,85.527,84.574,85.114,340989.16
1788541200,85.113,85.539,84.883,84.97,129936.58
1788544800,84.965,85.391,84.745,85.12,134965.65
1788548400,85.159,85.442,84.821,84.861,144022.5
1788552000,84.86,85.114,84.238,84.328,224853.61
1788555600,84.328,84.405,83.385,83.919,296444.22
1788559200,83.919,84.233,83.699,83.848,110632.43
1788562800,83.848,84.558,83.836,84.452,103797.98
1788566400,84.451,84.642,84.303,84.363,37458.33
1788570000,84.367,84.414,83.99,84.062,67230.37
1788573600,84.049,84.236,83.959,84.11,41313.11
1788577200,84.11,84.188,83.777,83.954,48616.36
1788580800,83.953,84.072,83.725,83.962,64985.36
1788584400,83.975,84.323,83.667,84.161,96747.05
1788588000,84.161,84.425,83.939,84.3,76323.69
1788591600,84.3,84.719,84.256,84.575,79564.48
1788595200,84.575,84.794,84.405,84.756,74275.63
1788598800,84.756,84.894,84.66,84.873,40365.78
1788602400,84.88,84.894,84.597,84.623,56009.79
1788606000,84.624,85.037,84.624,84.857,73901.89
1788609600,84.857,85.268,84.75,85.23,103607.64
1788613200,85.23,85.717,85.026,85.153,223295.75
1788616800,85.139,85.441,85.072,85.191,56179.91
1788620400,85.191,85.672,85.027,85.433,129905.38
1788624000,85.433,86.174,85.364,86.05,155233.2
1788627600,86.051,86.151,85.408,85.722,101928.39
1788631200,85.722,85.871,85.509,85.835,55047.4
1788634800,85.835,86.165,85.306,85.392,126967.03
1788638400,85.392,85.704,85.175,85.268,110735.02
1788642000,85.268,85.989,85.212,85.564,70584.77
1788645600,85.564,85.741,85.296,85.388,37067.83
1788649200,85.387,85.495,85.128,85.428,40900.34
1788652800,85.427,85.648,85.318,85.416,50722.98
1788656400,85.413,86.393,84.497,85.368,411597.59
1788660000,85.381,85.658,85.048,85.549,106212.55
1788663600,85.549,86.133,85.549,85.887,64223.92
1788667200,85.886,86.7,85.789,86.634,122401.06
1788670800,86.634,87.32,86.462,86.77,293693.44
1788674400,86.77,86.793,86.124,86.302,107339.77
1788678000,86.302,86.701,85.87,86.559,170516.82
1788681600,86.559,87.137,86.376,86.656,188615.43
1788685200,86.656,87.873,86.656,87.811,257639.65
1788688800,87.812,87.987,87.514,87.898,133149.04
1788692400,87.894,88.727,87.597,88.525,251285.96
1788696000,88.524,89.604,88.115,89.175,483695.74
1788699600,89.174,89.433,88.5,89.427,293799.86
1788703200,89.425,89.45,88.1,88.96,459927.87
1788706800,88.96,89.45,88.289,88.41,279423.5
1788710400,88.411,88.515,87.473,87.992,340569.77
1788714000,87.992,88.306,87.546,88.151,161975.68
1788717600,88.152,88.255,87.416,87.651,107075.39
1788721200,87.663,87.754,87.096,87.28,127055.14
1788724800,87.283,88.306,87.069,88.182,144940.97
1788728400,88.179,88.465,87.464,87.731,197034.82
1788732000,87.742,87.827,86.521,87.367,304626.42
1788735600,87.367,88.035,87.267,87.943,129525.03
1788739200,87.956,88.067,87.452,87.643,55367.73
1788742800,87.635,87.725,86.493,86.799,198915.7
1788746400,86.8,87.711,86.476,86.964,109271.37
1788750000,86.959,86.975,86.117,86.293,173111.11
1788753600,86.292,86.374,86.0,86.267,80012.46
1788757200,86.267,86.817,86.175,86.613,96850.58
1788760800,86.603,86.957,86.551,86.911,80755.82
1788764400,86.912,86.995,86.075,86.338,74784.63
1788768000,86.349,86.873,86.32,86.835,43619.01
1788771600,86.834,87.5,86.751,87.239,156230.7
1788775200,87.24,87.879,87.239,87.796,99146.52
1788778800,87.796,87.99,87.51,87.804,48991.19
1788782400,87.805,88.308,87.791,88.058,123640.61
1788786000,88.05,88.253,87.312,87.503,139541.14
1788789600,87.504,87.795,86.281,86.799,304324.83
1788793200,86.799,86.849,84.698,85.16,631279.73
1788796800,85.167,85.722,85.167,85.462,206625.82
1788800400,85.472,85.718,85.0,85.027,173978.26
1788804000,85.024,85.378,84.833,85.083,152324.7
1788807600,85.081,85.739,84.85,85.7,112108.71
1788811200,85.7,85.808,85.279,85.294,76789.17
1788814800,85.296,85.424,85.138,85.204,37560.79
1788818400,85.204,85.31,84.639,85.069,86636.29
1788822000,85.076,85.469,85.048,85.176,73471.15
1788825600,85.185,85.266,84.592,85.228,122633.17
1788829200,85.228,85.479,84.923,85.42,69327.69
1788832800,85.42,85.514,84.1,84.155,199090.16
1788836400,84.155,84.279,83.856,84.067,188790.52
1788840000,84.066,84.374,83.876,84.239,160960.67
1788843600,84.239,84.48,84.049,84.06,72157.29
1788847200,84.06,84.271,83.175,83.854,368137.64
1788850800,83.854,84.306,83.808,84.113,129591.11
1788854400,84.113,84.427,83.748,84.036,104254.68
1788858000,84.035,84.424,83.899,84.363,51060.31
1788861600,84.361,84.572,83.627,83.627,120091.03
1788865200,83.64,83.67,82.924,83.151,372695.92
1788868800,83.15,83.314,82.6,83.272,224474.72
1788872400,83.274,83.355,81.491,82.622,884291.67
1788876000,82.622,83.9,82.333,83.594,464176.86
1788879600,83.594,84.1,83.447,83.936,215930.6
1788883200,83.917,84.788,83.5,84.219,387908.29
1788886800,84.219,84.378,83.744,83.858,135424.62
1788890400,83.854,84.507,83.812,84.359,154670.09
1788894000,84.373,84.6,83.966,84.1,106437.84
1788897600,84.1,84.488,84.014,84.194,117372.01
1788901200,84.204,84.489,84.191,84.343,59565.52
1788904800,84.344,84.938,84.343,84.935,97069.5
1788908400,84.939,85.128,84.617,85.121,98182.52
1788912000,85.121,85.795,85.075,85.674,188320.57
1788915600,85.674,85.828,85.112,85.562,148962.94
1788919200,85.562,85.956,85.269,85.629,97120.04
1788922800,85.652,85.7,85.028,85.21,65131.7
1788926400,85.225,86.142,85.225,86.141,148039.25
1788930000,86.142,86.168,85.44,85.65,148252.45
1788933600,85.65,86.8,85.649,86.761,266508.96
1788937200,86.762,86.905,86.576,86.89,159330.1
1788940800,86.89,87.0,86.178,86.552,259145.71
1788944400,86.561,86.624,85.587,85.638,138855.56
1788948000,85.64,86.156,85.544,86.144,71552.83
1788951600,86.156,86.304,85.522,86.298,125828.64
1788955200,86.296,87.0,86.217,86.749,263567.76
1788958800,86.762,86.835,85.86,86.55,181225.97
1788962400,86.549,86.63,85.807,86.052,169544.22
1788966000,86.074,86.375,83.773,84.975,651008.4
1788969600,84.978,85.765,84.653,85.67,272133.27
1788973200,85.67,87.027,85.459,86.997,508821.98
1788976800,86.997,87.037,85.872,85.922,242919.84
1788980400,85.932,86.133,84.484,84.78,384199.75
1788984000,84.764,85.437,83.987,85.392,393341.22
1788987600,85.392,85.528,84.177,84.291,248849.16
1788991200,84.291,84.428,82.33,82.552,659003.65
1788994800,82.551,83.642,82.537,83.516,292453.82
1788998400,83.549,83.655,82.654,82.675,143413.05
1789002000,82.675,83.615,82.675,83.183,209672.08
1789005600,83.183,84.081,83.164,84.006,111352.49
1789009200,84.005,84.26,83.903,83.994,69057.01
1789012800,83.994,84.363,83.956,84.22,103180.82
1789016400,84.22,84.325,83.741,84.03,117438.37
1789020000,84.03,84.032,83.345,83.808,163675.83
1789023600,83.808,83.808,82.705,83.226,163881.88
1789027200,83.215,83.354,82.905,82.983,68504.81
1789030800,82.983,83.386,82.552,82.799,166028.33
1789034400,82.803,83.011,82.436,82.619,127871.48
1789038000,82.619,83.183,81.991,82.752,269970.07
1789041600,82.752,82.864,80.024,80.612,1354948.95
1789045200,80.616,81.367,80.581,81.016,667434.0600000001
1789048800,81.009,81.481,80.278,81.215,441913.22
1789052400,81.216,81.22,80.352,80.639,219533.96
1789056000,80.635,80.878,78.594,79.937,1204275.03
1789059600,79.938,80.85,79.791,80.218,488534.64
1789063200,80.218,80.968,79.524,80.864,355557.09
1789066800,80.864,80.864,79.878,80.153,278500.22
1789070400,80.153,80.719,80.153,80.386,170446.68
1789074000,80.388,80.597,80.071,80.12,57615.64
1789077600,80.119,80.407,79.32,79.404,152919.82
1789081200,79.412,79.576,78.171,78.519,632852.45
1789084800,78.519,79.236,78.462,79.226,199922.77
1789088400,79.236,79.525,78.598,79.106,184001.81
1789092000,79.081,79.145,78.306,78.617,169988.84
1789095600,78.617,78.733,78.138,78.687,133720.23
1789099200,78.687,79.59,78.612,79.247,174546.33
1789102800,79.246,79.823,79.125,79.81,143566.25
1789106400,79.81,80.04,79.461,79.989,137723.65
1789110000,79.99,80.379,79.756,79.84,128639.53
1789113600,79.839,80.353,79.567,80.312,110394.66
1789117200,80.312,80.312,79.155,79.484,150736.11
1789120800,79.471,79.67,79.029,79.063,54635.48
1789124400,79.063,79.318,78.5,79.218,160349.59
1789128000,79.217,82.177,78.549,81.946,1196310.8200000001
1789131600,81.959,83.455,80.497,83.404,1055245.5600000001
1789135200,83.404,83.767,82.297,82.888,957420.25
1789138800,82.892,83.672,81.6,81.96,462893.07
1789142400,81.976,82.582,81.117,82.02,485108.61
1789146000,82.019,82.091,81.382,81.497,118379.91
1789149600,81.497,81.62,79.645,79.86,656865.92
1789153200,79.86,80.874,79.67,80.727,176332.43
1789156800,80.726,81.29,80.27,80.584,158317.32
1789160400,80.583,80.896,79.708,79.833,104718.77
1789164000,79.833,80.005,78.5,78.911,475483.6
1789167600,78.91,79.49,78.797,79.391,163458.02
1789171200,79.378,79.465,78.628,78.72,109645.05
1789174800,78.707,79.027,78.5,78.672,84837.0
1789178400,78.672,79.131,78.65,79.017,113844.05
1789182000,79.014,79.014,78.509,78.829,126306.08
1789185600,78.829,78.887,78.401,78.463,84687.27
1789189200,78.463,78.736,78.334,78.553,87918.85
1789192800,78.553,78.873,78.404,78.752,50380.31
1789196400,78.751,79.103,78.709,79.039,80975.3
1789200000,79.054,79.424,78.94,79.368,175173.71
1789203600,79.368,79.5,79.189,79.495,77202.52
1789207200,79.495,79.919,79.489,79.836,126727.88
1789210800,79.836,80.431,79.634,80.242,145196.83
1789214400,80.23,80.384,79.972,80.271,63574.2
1789218000,80.271,80.475,80.025,80.163,40966.71
1789221600,80.162,80.475,80.108,80.273,56440.13
1789225200,80.277,80.452,80.041,80.231,76539.75
1789228800,80.23,80.362,79.9,80.277,75976.68
1789232400,80.277,80.775,80.188,80.479,93469.36
1789236000,80.471,80.513,79.886,80.068,81733.08
1789239600,80.069,80.102,79.33,79.644,137473.63
1789243200,79.644,79.955,79.644,79.733,83614.3
1789246800,79.733,79.933,79.381,79.484,112234.2
1789250400,79.484,79.775,79.413,79.612,53476.75
1789254000,79.612,79.847,79.588,79.641,54444.75
1789257600,79.638,79.644,79.034,79.223,111695.22
1789261200,79.222,79.477,79.2,79.33,69590.4
1789264800,79.33,79.498,79.121,79.206,43396.07
1789268400,79.206,79.39,78.939,78.99,86038.59
1789272000,78.991,79.172,78.938,79.076,21535.61
1789275600,79.076,79.459,79.075,79.343,35117.92
1789279200,79.342,79.41,78.571,78.727,87231.58
1789282800,78.727,78.915,78.447,78.487,145274.91
1789286400,78.488,78.547,77.612,77.778,360137.32
1789290000,77.782,77.96,77.218,77.902,345601.97
1789293600,77.892,77.93,77.039,77.235,205044.74
1789297200,77.223,77.545,77.039,77.463,151783.79
1789300800,77.466,77.738,77.243,77.705,75418.42
1789304400,77.705,78.117,76.593,77.979,418330.21
1789308000,77.98,78.628,77.876,78.423,256975.95
1789311600,78.423,78.456,77.892,77.925,137744.52
1789315200,77.925,78.606,77.924,78.443,106166.07
1789318800,78.443,78.719,78.091,78.386,99882.24
1789322400,78.386,78.42,78.17,78.313,25134.55
1789326000,78.313,78.6,77.72,78.05,193358.01
1789329600,78.05,78.88,78.033,78.878,126281.95
1789333200,78.871,78.9,78.449,78.515,67513.04
1789336800,78.515,78.515,76.966,77.423,277617.16
1789340400,77.423,77.637,77.187,77.26,72388.98
1789344000,77.26,77.962,76.908,77.736,213537.15
1789347600,77.739,78.27,77.478,78.18,41218.01
1789351200,78.181,79.523,77.992,79.413,361211.09
1789354800,79.414,80.081,79.3,79.837,497743.3
1789358400,79.843,80.291,79.762,79.987,129361.4
1789362000,79.986,80.039,79.41,79.546,90451.53
1789365600,79.545,80.111,79.399,79.643,136699.5
1789369200,79.642,80.152,79.533,79.916,74687.53
1789372800,79.915,80.03,79.414,79.78,93076.95
1789376400,79.779,80.291,79.073,80.007,148027.27
1789380000,80.021,80.022,79.533,79.795,72019.07
1789383600,79.797,80.489,79.468,80.086,143231.84
1789387200,80.085,80.817,79.654,79.772,237155.1
1789390800,79.771,80.846,79.021,80.271,633738.77
1789394400,80.279,81.063,79.41,79.735,506483.32
1789398000,79.721,80.314,79.245,79.845,257681.72
1789401600,79.844,80.969,79.545,80.447,260457.65
1789405200,80.458,81.307,80.394,81.288,188426.03
1789408800,81.288,82.052,80.981,81.651,360826.32
1789412400,81.65,81.65,80.996,81.259,208103.87
1789416000,81.254,82.48,81.101,81.416,369528.31
1789419600,81.415,81.442,80.492,80.543,219805.16
1789423200,80.542,80.66,79.962,80.009,158443.71
1789426800,80.008,80.361,79.865,80.335,115213.32
1789430400,80.332,80.555,79.991,80.199,150226.25
1789434000,80.198,80.52,79.861,80.227,192518.01
1789437600,80.227,80.413,79.936,79.945,102129.96
1789441200,79.945,79.946,79.243,79.432,180346.66
1789444800,79.439,79.58,79.219,79.343,104129.88
1789448400,79.343,79.85,78.742,79.721,290277.29
1789452000,79.715,79.991,78.998,79.193,155748.33
1789455600,79.198,79.224,78.46,78.629,129515.95
1789459200,78.629,79.03,78.433,79.023,118210.12
1789462800,79.013,79.3,78.71,79.187,72087.4
1789466400,79.186,79.487,79.039,79.413,63283.97
1789470000,79.411,79.465,78.755,79.022,79558.69
1789473600,79.021,79.734,78.968,79.493,120751.32
1789477200,79.49,79.777,78.421,79.143,201667.93
1789480800,79.142,79.287,76.381,76.945,851588.9300000001
1789484400,76.94,77.829,76.798,77.227,369903.91
1789488000,77.228,77.408,76.602,76.691,373472.18
1789491600,76.685,78.101,76.352,77.348,461925.31
1789495200,77.348,77.923,75.15,77.041,1227170.8300000001
1789498800,77.039,77.493,76.292,77.219,707920.0600000001
1789502400,77.219,77.66,76.393,77.244,440034.75
1789506000,77.245,77.245,76.3,76.508,299526.56
1789509600,76.5,77.016,76.301,76.77,152091.27
1789513200,76.77,77.463,76.751,76.91,146417.12
1789516800,76.921,77.389,76.63,77.256,152111.84
1789520400,77.247,77.544,76.618,76.654,109416.82
1789524000,76.67,77.845,76.67,77.412,141922.6
1789527600,77.423,77.912,77.355,77.471,70087.56
1789531200,77.476,77.607,77.037,77.2,96047.72
1789534800,77.2,77.467,76.953,77.247,89558.11
1789538400,77.246,77.502,77.008,77.487,46195.24
1789542000,77.488,77.997,77.401,77.541,116726.5
1789545600,77.542,77.592,77.027,77.567,101400.41
1789549200,77.568,77.892,77.392,77.758,111886.58
1789552800,77.762,77.997,77.576,77.799,133757.07
1789556400,77.8,79.653,77.77,79.267,715790.4399999999
1789560000,79.281,79.283,78.161,78.779,335361.63
1789563600,78.772,78.825,77.756,78.637,384363.08
1789567200,78.639,78.697,77.9,78.127,237000.61
1789570800,78.132,78.995,78.047,78.661,194592.91
1789574400,78.655,79.0,78.538,78.915,127128.13
1789578000,78.915,79.109,77.972,78.645,241908.75
1789581600,78.648,80.364,78.125,78.982,1500462.7
1789585200,79.019,79.726,77.033,78.625,1018721.4300000001
1789588800,78.616,79.084,77.977,78.663,252698.73
1789592400,78.656,78.677,77.939,78.316,57950.91
1789596000,78.316,78.409,77.652,77.68,90019.61
1789599600,77.679,78.691,77.612,78.235,246776.06
1789603200,78.231,78.608,78.071,78.15,94993.63
1789606800,78.142,79.405,78.059,78.913,360805.14
1789610400,78.911,79.468,78.526,79.33,117079.99
1789614000,79.328,79.5,79.092,79.32,64556.63
1789617600,79.322,79.368,78.752,79.13,95443.56
1789621200,79.133,79.201,78.661,78.711,47332.99
1789624800,78.713,79.356,78.7,79.139,81967.93
1789628400,79.138,79.558,79.105,79.554,74075.99
1789632000,79.556,80.366,79.517,80.337,203219.3
1789635600,80.337,80.973,79.792,79.797,282757.4
1789639200,79.794,80.016,79.537,79.688,111425.01
1789642800,79.696,79.865,79.33,79.769,73273.94
1789646400,79.77,81.424,79.616,81.215,650045.36
1789650000,81.23,83.352,80.442,82.069,2153803.1400000001
1789653600,82.079,83.3,81.549,82.165,534012.62
1789657200,82.16,82.611,81.494,82.57,214939.5
1789660800,82.579,82.609,81.66,82.222,268452.72
1789664400,82.232,82.9,82.007,82.657,179233.65
1789668000,82.657,82.657,81.802,81.861,88646.31
1789671600,81.862,83.405,81.747,83.208,273246.47
1789675200,83.209,83.706,82.847,83.278,224066.45
1789678800,83.284,83.559,82.778,83.286,113081.92
1789682400,83.287,84.248,82.88,84.189,294936.86
1789686000,84.184,85.253,84.034,85.124,293165.11
1789689600,85.124,86.3,85.074,86.28,359713.31
1789693200,86.29,86.93,86.259,86.801,392285.41
1789696800,86.801,86.96,86.05,86.308,248836.7
1789700400,86.308,87.139,86.238,86.924,248283.58
1789704000,86.907,87.329,86.05,87.319,179163.71
1789707600,87.319,87.744,87.184,87.718,166911.41
1789711200,87.718,87.93,87.452,87.834,139904.75
1789714800,87.831,88.5,87.41,88.279,225452.93
1789718400,88.279,88.657,87.861,88.642,161930.09
1789722000,88.64,89.0,88.378,88.979,175042.6
1789725600,88.957,91.03,88.943,90.609,803859.4300000001
1789729200,90.611,90.867,89.542,89.855,492230.4
1789732800,89.867,91.98,89.581,91.262,679350.55
1789736400,91.256,91.7,90.472,90.672,604877.87
1789740000,90.654,92.64,90.387,92.587,698068.34
1789743600,92.587,92.737,91.125,91.382,405433.32
1789747200,91.368,91.883,90.718,90.864,379149.12
1789750800,90.85,91.823,90.677,91.289,355635.07
1789754400,91.289,91.665,90.745,90.789,237855.31
1789758000,90.789,92.4,90.789,92.352,287123.29
1789761600,92.337,92.48,91.542,91.638,201710.0
1789765200,91.643,92.103,91.136,91.543,213892.82
1789768800,91.55,92.728,91.403,92.617,182150.33
1789772400,92.611,93.17,92.251,92.611,265803.92
1789776000,92.614,93.548,92.363,93.22,252033.53
1789779600,93.207,93.74,92.501,93.171,283423.33
1789783200,93.184,94.5,93.159,94.295,255850.02
1789786800,94.306,94.599,93.444,93.497,197554.92
1789790400,93.505,93.935,91.432,92.403,374087.51
1789794000,92.408,92.928,91.908,92.058,130207.24
1789797600,92.058,93.167,91.975,93.108,97109.56
1789801200,93.108,93.53,92.818,92.926,122787.9
1789804800,92.943,93.342,91.89,91.927,96253.76
1789808400,91.925,92.538,91.694,92.019,195531.58
1789812000,92.018,92.451,91.501,91.939,134239.49
1789815600,91.94,92.586,91.849,92.574,103946.73
1789819200,92.585,93.083,92.411,92.558,182532.69
1789822800,92.558,92.822,92.162,92.67,75131.22
1789826400,92.671,93.2,92.408,92.922,164576.48
1789830000,92.928,93.464,92.82,93.137,189826.97
1789833600,93.138,93.4,92.76,93.356,87076.66
1789837200,93.351,93.446,92.021,92.232,208424.31
1789840800,92.25,92.561,91.8,92.334,162044.61
1789844400,92.337,92.616,92.1,92.177,49001.29
1789848000,92.178,92.224,91.58,91.663,134329.26
1789851600,91.664,92.07,91.063,91.423,253947.79
1789855200,91.423,91.689,91.007,91.574,111975.95
1789858800,91.574,92.374,91.504,92.218,175052.6
1789862400,92.217,92.606,92.094,92.298,92200.63
1789866000,92.299,92.3,91.542,91.742,101000.16
1789869600,91.743,91.914,90.0,90.057,359997.56
1789873200,90.057,91.252,89.597,91.126,568112.13
1789876800,91.126,91.158,90.427,90.956,115750.41
1789880400,90.956,91.217,90.773,91.111,89664.89
1789884000,91.099,91.242,90.718,91.162,120966.46
1789887600,91.179,91.596,91.019,91.041,89951.49
1789891200,91.04,91.269,90.099,90.596,167021.12
1789894800,90.595,91.435,90.398,90.911,166268.52
1789898400,90.911,91.171,90.732,90.811,37974.81
1789902000,90.809,91.626,90.608,91.415,135069.34
1789905600,91.407,91.737,90.922,91.123,136566.83
1789909200,91.123,91.334,90.727,90.96,51826.46
1789912800,90.96,91.373,90.6,91.005,105441.34
1789916400,91.019,92.286,91.015,92.013,183938.43
1789920000,92.02,93.544,91.944,93.157,378331.97
1789923600,93.161,93.352,92.329,92.554,247819.28
1789927200,92.543,93.078,92.38,92.812,77672.19
1789930800,92.804,93.817,92.794,93.35,271133.45
1789934400,93.351,93.474,92.584,92.797,153682.92
1789938000,92.798,92.862,92.006,92.725,128235.32
1789941600,92.731,94.094,92.7,93.9,265959.93
1789945200,93.88,94.055,93.501,93.749,97582.28
1789948800,93.748,94.455,93.657,94.413,269258.27
1789952400,94.404,94.495,92.453,92.697,321958.63
1789956000,92.691,93.479,92.464,93.258,165884.71
1789959600,93.28,93.602,92.904,93.492,127454.21
1789963200,93.493,94.352,93.359,94.025,110473.34
1789966800,94.024,94.261,93.729,93.893,103297.23
1789970400,93.91,94.549,93.726,94.076,161398.63
1789974000,94.077,94.365,93.846,94.312,97928.9
1789977600,94.294,95.44,94.257,95.419,458418.42
1789981200,95.41,96.051,94.909,95.082,470222.74
1789984800,95.093,95.553,94.951,95.341,173816.97
1789988400,95.341,96.153,95.171,95.477,326014.86
1789992000,95.507,96.076,95.045,95.401,289101.5
1789995600,95.382,95.703,94.458,94.838,437474.33
1789999200,94.838,94.982,93.68,94.12,648039.9
1790002800,94.116,94.575,93.021,93.096,710851.21
1790006400,93.172,93.581,92.523,93.312,414162.41
1790010000,93.304,93.465,92.0,92.25,574526.45
1790013600,92.25,93.217,92.207,93.036,352789.88
1790017200,93.032,93.554,92.749,93.329,172205.53
1790020800,93.33,94.062,93.124,93.471,284566.3
1790024400,93.464,93.848,93.22,93.268,106701.69
1790028000,93.27,93.871,92.897,93.86,204551.22
1790031600,93.86,94.332,93.464,94.143,247943.54
1790035200,94.153,94.405,93.371,93.429,168699.39
1790038800,93.425,94.104,93.024,93.305,191436.01
1790042400,93.3,93.677,92.534,92.647,153826.22
1790046000,92.647,92.966,92.162,92.942,193699.92
1790049600,92.941,93.542,92.591,93.542,138471.97
1790053200,93.542,94.554,93.04,94.004,266137.33
1790056800,94.011,94.508,93.391,94.194,245932.62
1790060400,94.194,94.739,94.041,94.729,94449.16
1790064000,94.729,95.4,94.257,95.17,309111.54
1790067600,95.169,95.385,94.825,95.314,207979.12
1790071200,95.317,95.5,95.0,95.282,120505.66
1790074800,95.257,95.867,94.601,95.443,166374.48
1790078400,95.442,96.0,95.253,95.864,213733.46
1790082000,95.864,96.0,94.846,95.813,319940.82
1790085600,95.822,95.849,93.72,94.45,541186.17
1790089200,94.448,95.43,94.386,94.878,201653.81
1790092800,94.878,95.86,94.405,95.648,197194.83
1790096400,95.661,96.983,95.302,96.829,829203.71
1790100000,96.83,96.867,96.063,96.502,246348.15
1790103600,96.502,96.798,96.002,96.289,162171.46
1790107200,96.282,96.86,95.697,96.83,219123.33
1790110800,96.822,97.789,96.224,97.234,479455.77
1790114400,97.224,97.5,96.594,97.176,198168.19
1790118000,97.183,97.816,96.721,97.274,203873.79
1790121600,97.279,97.75,97.15,97.531,127318.47
1790125200,97.531,97.678,96.751,97.142,171929.75
1790128800,97.142,97.167,96.544,96.98,232321.61
1790132400,96.979,97.078,96.858,96.915,168328.69
1790136000,96.915,97.75,96.735,97.553,266828.51
1790139600,97.553,97.999,97.107,97.46,175787.93
1790143200,97.45,97.632,97.064,97.199,72092.0
1790146800,97.199,97.407,96.299,96.451,207157.38
1790150400,96.451,96.668,95.445,95.673,292736.53
1790154000,95.68,96.145,95.429,95.593,245350.88
1790157600,95.594,95.991,95.138,95.976,169443.65
1790161200,95.976,96.047,94.925,95.2,251634.38
1790164800,95.2,95.548,94.603,94.969,239135.56
1790168400,94.964,95.898,94.342,95.634,349639.59
1790172000,95.623,95.85,92.652,94.918,1330292.5800000001
1790175600,94.941,95.232,92.639,92.838,661625.25
1790179200,92.823,93.985,92.023,92.838,588579.0699999999
1790182800,92.838,93.64,91.95,93.484,562398.04
1790186400,93.466,94.1,92.365,93.834,511748.67
1790190000,93.823,94.068,93.431,93.671,189697.72
1790193600,93.68,93.75,92.786,92.791,123765.18
1790197200,92.819,93.85,92.601,93.743,222196.58
1790200800,93.743,94.37,93.536,94.02,184921.67
1790204400,94.018,94.232,93.786,94.092,101858.48
1790208000,94.092,94.545,93.504,93.894,151033.47
1790211600,93.894,94.048,92.283,92.331,335962.62
1790215200,92.33,92.834,91.512,92.762,598516.59
1790218800,92.765,92.913,91.66,91.892,169055.35
1790222400,91.892,92.427,91.288,92.343,168677.68
1790226000,92.342,92.966,92.281,92.514,151992.46
1790229600,92.503,93.083,92.305,92.408,99747.57
1790233200,92.399,95.0,92.185,93.95,794242.0699999999
1790236800,93.951,94.054,91.647,92.189,557335.92
1790240400,92.19,92.248,90.204,90.449,866521.51
1790244000,90.45,91.178,89.771,91.155,721374.03
1790247600,91.142,91.429,90.483,90.925,509030.92
1790251200,90.925,91.899,90.767,91.827,222885.42
1790254800,91.827,93.402,91.679,92.595,802326.77
1790258400,92.594,93.283,91.35,91.683,428428.23
1790262000,91.682,93.794,91.553,93.424,457164.36
1790265600,93.425,94.188,92.714,94.01,402462.88
1790269200,94.01,94.1,92.974,93.444,345312.16
1790272800,93.443,94.35,92.967,94.124,310176.92
1790276400,94.123,94.804,93.759,94.484,370108.66
1790280000,94.478,94.677,93.338,93.493,213796.44
1790283600,93.493,93.729,92.178,92.428,409707.83
1790287200,92.428,92.531,92.021,92.324,192453.15
1790290800,92.324,92.409,91.978,92.083,77293.16
1790294400,92.081,92.627,91.126,91.162,220215.4
1790298000,91.162,92.073,91.135,91.58,152351.64
1790301600,91.586,92.171,91.021,91.197,180284.66
1790305200,91.197,91.724,91.063,91.659,143245.77
1790308800,91.66,91.983,91.598,91.683,56505.64
1790312400,91.684,92.025,91.599,91.951,48261.07
1790316000,91.955,92.443,91.76,92.372,90300.65
1790319600,92.373,92.999,91.976,92.962,114557.45
1790323200,92.961,93.829,92.857,93.624,184875.34
1790326800,93.613,94.0,93.486,93.586,161570.47
1790330400,93.586,94.341,92.974,94.013,228832.46
1790334000,94.008,94.367,93.184,93.343,200588.88
1790337600,93.343,93.671,92.026,93.465,295832.2
1790341200,93.465,93.884,91.43,92.183,502807.91
1790344800,92.182,92.376,91.324,92.356,258074.26
1790348400,92.357,92.496,90.247,90.822,788106.59
1790352000,90.821,91.541,90.679,91.4,378935.94
1790355600,91.41,91.648,91.005,91.214,140158.16
1790359200,91.214,91.924,91.206,91.832,155085.82
1790362800,91.832,91.86,91.456,91.563,112022.24
1790366400,91.563,92.13,91.283,91.505,163810.8
1790370000,91.506,91.88,91.27,91.669,62288.72
1790373600,91.663,92.795,91.614,92.693,137749.84
1790377200,92.72,92.8,92.123,92.353,89923.88
1790380800,92.353,92.496,91.289,91.687,118293.62
1790384400,91.682,92.596,91.586,92.123,104881.76
1790388000,92.128,92.572,91.926,92.259,67573.34
1790391600,92.245,92.374,91.804,91.823,51580.25
1790395200,91.822,92.198,91.68,92.111,37920.24
1790398800,92.111,92.112,91.598,91.753,27574.61
1790402400,91.757,91.775,91.429,91.702,32122.47
1790406000,91.715,91.99,91.53,91.868,52937.4
1790409600,91.868,92.189,91.574,91.808,65059.64
1790413200,91.816,91.861,91.303,91.776,49290.8
1790416800,91.775,92.055,91.706,92.032,34154.85
1790420400,92.03,92.336,91.889,92.152,64807.0
1790424000,92.147,92.336,91.914,92.063,35987.53
1790427600,92.059,92.192,91.8,91.958,45943.24
1790431200,91.958,92.626,91.901,92.321,147025.45
1790434800,92.321,92.566,92.027,92.518,66349.5
1790438400,92.521,92.685,92.275,92.678,71066.39
1790442000,92.659,92.66,91.79,91.852,63877.73
1790445600,91.849,91.963,91.469,91.621,177365.38
1790449200,91.62,91.757,91.514,91.606,30772.36
1790452800,91.605,91.781,91.021,91.498,147587.65
1790456400,91.498,92.227,91.472,92.154,75297.56
1790460000,92.153,92.344,91.698,91.864,58277.29
1790463600,91.862,92.608,91.854,92.593,137391.12
1790467200,92.593,92.9,92.378,92.826,166234.99
1790470800,92.826,93.358,92.75,93.309,127170.28
1790474400,93.309,93.55,93.286,93.327,134495.83
1790478000,93.327,93.445,93.315,93.316,84451.54
1790481600,93.315,93.999,92.912,93.0,287501.06
1790485200,93.0,93.325,92.66,93.009,83547.75
1790488800,93.019,93.267,92.667,92.679,56709.75
1790492400,92.686,93.38,92.654,93.38,69989.59
1790496000,93.38,93.427,92.863,93.046,48565.12
1790499600,93.046,93.372,92.75,93.088,49399.25
1790503200,93.088,93.58,92.978,93.123,88529.38
1790506800,93.123,93.302,93.0,93.195,39878.61
1790510400,93.199,93.726,92.86,92.874,133574.46
1790514000,92.875,92.875,92.021,92.609,291986.57
1790517600,92.608,92.609,91.298,91.304,277404.91
1790521200,91.309,91.606,91.018,91.379,240003.77
1790524800,91.38,91.586,91.051,91.119,109028.26
1790528400,91.119,91.874,91.1,91.807,72457.97
1790532000,91.807,92.11,91.678,92.11,75961.38
1790535600,92.11,92.125,91.666,91.774,87617.75
1790539200,91.764,92.024,91.5,91.562,73632.47
1790542800,91.562,92.008,91.258,91.453,56028.37
1790546400,91.472,91.7,91.165,91.574,84331.95
1790550000,91.579,91.782,91.371,91.718,50691.1
1790553600,91.718,92.09,90.492,90.53,325735.69
1790557200,90.529,90.592,89.021,89.858,682913.9399999999
1790560800,89.859,90.9,89.695,90.675,172239.19
