t,o,h,l,c,v
1772560800,183.17,184.36,180.86,182.61,428.511
1772564400,182.72,184.26,181.54,183.09,595.09
1772568000,183.03,183.51,180.75,181.31,457.112
1772571600,181.24,181.87,179.47,181.38,429.464
1772575200,181.42,184.45,181.34,183.37,464.3
1772578800,183.39,185.51,182.65,182.89,427.727
1772582400,182.91,183.3,180.12,182.33,335.405
1772586000,182.16,183.6,180.67,181.38,225.47
1772589600,181.52,181.86,179.48,181.32,890.013
1772593200,181.24,181.59,177.23,178.5,1693.445
1772596800,178.42,179.83,177.39,179.8,295.331
1772600400,179.7,181.53,179.1,180.3,742.784
1772604000,180.48,183.14,180.05,182.23,911.176
1772607600,182.23,186.19,181.88,186.08,260.237
1772611200,186.59,193.61,185.8,192.53,2944.667
1772614800,192.66,194.65,190.52,194.04,1359.244
1772618400,194.31,196.29,189.98,190.21,1584.012
1772622000,190.37,190.52,186.98,189.03,329.946
1772625600,188.68,188.88,186.63,188.8,1212.48
1772629200,188.97,191.54,188.8,191.13,910.944
1772632800,191.25,194.57,190.35,190.55,1887.631
1772636400,191.1,194.76,191.1,194.19,1688.143
1772640000,194.13,195.11,189.65,191.62,1334.126
1772643600,191.42,192.6,189.73,192.04,1460.462
1772647200,191.94,193.52,191.25,193.26,1856.52
1772650800,193.34,194.62,192.54,193.95,505.139
1772654400,193.8,194.07,191.9,191.91,834.602
1772658000,191.97,192.28,188.55,189.6,1145.124
1772661600,189.63,190.93,187.26,187.38,1228.92
1772665200,187.51,187.69,185.2,186.8,2151.161
1772668800,186.7,187.09,185.6,186.07,1074.355
1772672400,186.1,187.82,184.8,185.14,1026.849
1772676000,185.04,187.04,185.02,186.14,342.161
1772679600,186.35,187.03,184.96,185.74,100.706
1772683200,185.8,187.1,185.74,186.29,205.262
1772686800,186.24,187.32,184.82,185.57,1006.084
1772690400,185.55,186.51,184.8,186.4,378.162
1772694000,186.39,186.77,184.21,184.87,1036.527
1772697600,184.86,186.83,183.75,186.52,1512.966
1772701200,186.41,188.94,186.41,187.46,544.427
1772704800,187.45,191.09,187.31,190.68,715.976
1772708400,190.68,190.75,187.79,189.32,894.601
1772712000,189.31,192.47,188.58,191.34,723.557
1772715600,191.3,193.86,190.38,191.99,2135.954
1772719200,192.02,194.74,191.05,192.5,2026.134
1772722800,192.58,193.15,186.89,187.24,2392.677
1772726400,187.25,187.37,183.62,185.52,744.139
1772730000,185.49,186.57,181.88,182.24,1503.429
1772733600,182.03,184.44,182.03,184.08,942.733
1772737200,184.15,187.52,184.15,186.19,4238.031
1772740800,186.12,189.36,186.11,188.05,1016.702
1772744400,188.01,189.65,185.87,187.87,4404.096
1772748000,187.95,188.32,186.72,187.73,1200.173
1772751600,187.7,187.8,185.29,185.56,1026.369
1772755200,185.61,185.64,183.58,184.6,478.074
1772758800,184.8,188.23,184.28,187.82,563.373
1772762400,188.0,189.81,187.69,189.51,1320.601
1772766000,189.55,189.55,188.15,189.07,315.844
1772769600,189.06,189.53,187.0,188.58,282.952
1772773200,188.5,189.27,186.75,187.14,247.466
1772776800,187.07,187.62,185.65,186.84,328.491
1772780400,186.61,187.86,186.09,187.22,377.615
1772784000,187.22,187.22,184.82,184.97,252.674
1772787600,184.95,185.14,182.42,183.8,1336.804
1772791200,183.69,185.14,183.69,184.31,330.154
1772794800,184.32,184.64,182.26,182.47,2011.57
1772798400,182.41,182.61,180.65,181.86,1582.463
1772802000,181.87,183.56,179.3,179.38,1860.345
1772805600,179.32,180.05,176.06,177.08,1912.208
1772809200,177.05,179.1,176.45,177.08,1186.973
1772812800,177.03,178.37,176.55,176.85,871.503
1772816400,176.84,177.57,173.53,174.7,5925.982
1772820000,174.69,176.28,174.69,175.89,665.15
1772823600,175.88,177.46,175.83,176.82,356.32
1772827200,176.76,177.01,175.37,176.47,879.587
1772830800,176.51,176.87,176.2,176.5,429.355
1772834400,176.47,176.99,176.23,176.8,239.0
1772838000,176.78,177.48,176.41,176.77,412.919
1772841600,176.76,178.02,176.49,177.26,247.987
1772845200,177.12,177.21,176.39,176.62,106.665
1772848800,176.6,177.34,175.95,177.34,317.457
1772852400,177.27,178.41,176.16,176.38,242.134
1772856000,176.35,176.35,174.63,175.76,208.197
1772859600,175.76,176.04,175.26,175.93,65.847
1772863200,175.81,176.31,175.34,175.34,186.881
1772866800,175.34,178.11,174.79,178.1,343.792
1772870400,177.82,179.41,177.41,177.98,737.091
1772874000,177.99,180.99,177.51,180.29,427.586
1772877600,180.19,181.74,179.81,180.0,336.481
1772881200,180.1,181.51,179.22,179.99,248.607
1772884800,180.15,181.77,180.14,180.7,243.274
1772888400,180.77,185.19,180.77,185.03,498.926
1772892000,184.91,186.14,181.0,186.13,2077.72
1772895600,185.87,189.16,185.24,188.87,2975.715
1772899200,188.65,190.89,188.33,189.88,4502.037
1772902800,190.14,191.88,187.63,187.9,4796.189
1772906400,187.85,187.86,183.01,183.68,4178.574
1772910000,183.6,184.5,180.63,180.8,3416.115
1772913600,180.82,181.54,176.87,177.12,1590.571
1772917200,177.13,178.7,174.86,175.2,2092.195
1772920800,175.35,176.97,172.22,172.82,4311.035
1772924400,173.51,175.61,172.8,175.61,1757.405
1772928000,175.72,177.09,175.1,176.8,957.236
1772931600,176.78,177.4,175.87,176.69,862.392
1772935200,176.77,177.71,174.98,175.15,1040.028
1772938800,175.29,176.66,174.74,176.03,932.638
1772942400,175.91,176.02,174.08,174.39,1229.166
1772946000,174.51,175.67,174.51,175.36,299.481
1772949600,175.36,175.36,173.72,174.82,438.035
1772953200,174.73,177.84,174.68,176.66,595.631
1772956800,176.68,177.39,175.18,177.11,253.788
1772960400,177.07,177.45,176.26,176.7,862.431
1772964000,176.6,179.69,176.6,178.52,292.353
1772967600,178.59,178.59,175.92,176.59,389.815
1772971200,176.59,178.77,174.85,176.79,1980.263
1772974800,176.85,177.37,174.91,176.7,927.052
1772978400,176.59,177.75,174.79,175.77,1515.92
1772982000,175.74,175.84,173.59,174.27,1586.763
1772985600,174.27,175.55,173.99,175.05,2550.519
1772989200,175.16,176.83,175.09,176.73,728.234
1772992800,176.79,178.4,176.13,177.95,981.073
1772996400,178.16,184.78,177.57,184.09,2900.483
1773000000,183.99,188.49,183.47,185.49,3858.268
1773003600,185.52,185.96,180.19,182.46,2054.266
1773007200,182.61,182.65,178.68,181.89,9329.989
1773010800,181.97,183.6,181.35,181.4,1892.806
1773014400,181.36,186.9,180.6,185.13,8968.308
1773018000,185.13,186.0,182.76,182.78,1285.734
1773021600,182.56,189.75,182.18,188.86,1461.045
1773025200,188.64,195.57,188.64,193.67,5770.706
1773028800,193.45,200.23,193.12,196.93,6177.723
1773032400,197.07,198.16,195.12,197.67,1381.626
1773036000,197.68,198.12,194.91,195.21,3009.891
1773039600,195.05,196.49,192.23,196.32,1777.238
1773043200,196.39,197.52,194.94,196.04,2236.323
1773046800,196.15,197.49,194.88,195.81,2285.962
1773050400,195.84,197.24,195.47,196.23,1888.683
1773054000,196.0,196.55,193.0,194.6,3017.688
1773057600,194.68,196.42,193.2,194.27,2483.121
1773061200,194.33,198.33,193.85,196.34,1776.78
1773064800,196.0,198.17,194.66,197.05,2421.452
1773068400,197.11,198.01,194.63,195.73,3826.207
1773072000,195.73,196.34,193.97,194.66,2653.072
1773075600,194.57,195.24,190.99,192.25,13351.506
1773079200,192.16,193.39,189.7,192.6,3915.277
1773082800,192.39,196.44,191.56,194.61,2869.525
1773086400,194.52,195.42,192.12,194.55,2484.257
1773090000,194.59,195.85,194.18,195.25,2344.997
1773093600,195.29,196.26,193.17,193.48,570.821
1773097200,193.42,194.42,193.14,194.17,663.389
1773100800,194.16,197.72,193.05,195.83,4533.795
1773104400,195.69,196.47,194.0,196.26,1122.274
1773108000,196.14,201.97,195.91,198.72,6320.334
1773111600,198.61,203.8,197.13,197.38,3614.733
1773115200,197.3,200.48,197.3,199.39,1682.722
1773118800,199.29,199.29,196.36,197.37,1395.341
1773122400,197.42,198.72,196.5,198.51,1353.164
1773126000,198.41,199.94,197.12,199.82,3869.493
1773129600,199.87,202.23,198.79,199.32,4003.919
1773133200,199.15,200.9,198.86,200.84,847.784
1773136800,201.0,201.66,199.14,199.79,1202.213
1773140400,199.73,203.26,199.32,200.87,1775.686
1773144000,200.93,201.42,198.86,201.03,764.072
1773147600,200.9,201.01,195.69,199.08,1574.542
1773151200,198.9,202.77,196.08,201.91,2262.394
1773154800,202.07,202.44,199.26,201.44,4467.016
1773158400,201.42,209.03,200.18,207.1,8093.108
1773162000,207.12,209.57,204.24,205.49,9967.642
1773165600,205.49,207.23,201.38,202.03,11342.788
1773169200,202.06,203.73,198.15,199.97,6674.765
1773172800,199.9,200.73,198.97,200.0,913.709
1773176400,199.97,200.41,197.6,199.09,2680.051
1773180000,199.21,200.2,197.94,198.26,1960.922
1773183600,198.35,200.62,198.25,199.82,1253.657
1773187200,199.75,201.36,198.74,200.71,1063.759
1773190800,200.73,200.76,197.48,199.04,2603.541
1773194400,199.55,199.55,197.8,198.62,580.29
1773198000,198.71,199.26,195.69,197.13,2624.412
1773201600,197.0,198.81,196.62,198.5,1274.57
1773205200,198.74,198.74,193.98,194.86,4031.989
1773208800,194.85,195.68,194.68,194.77,534.617
1773212400,194.82,195.66,193.79,194.59,1284.175
1773216000,194.6,195.97,194.23,195.79,1361.987
1773219600,195.62,196.5,194.86,195.53,834.507
1773223200,195.48,197.6,195.37,197.23,378.581
1773226800,197.13,197.96,194.77,195.18,1179.359
1773230400,195.21,197.91,194.72,197.68,2947.537
1773234000,197.71,201.85,196.86,198.44,2737.023
1773237600,198.72,201.31,198.35,200.03,3592.874
1773241200,199.98,201.2,196.59,198.3,3560.334
1773244800,198.11,200.89,197.34,199.04,871.417
1773248400,199.17,200.75,197.88,199.22,1132.772
1773252000,199.19,201.01,198.37,200.82,1038.532
1773255600,201.12,203.17,200.2,201.73,2720.633
1773259200,201.68,202.57,199.83,200.36,1519.258
1773262800,200.44,205.85,199.98,205.59,2260.075
1773266400,205.57,206.52,202.26,202.95,3786.141
1773270000,203.12,204.69,202.51,203.06,1411.287
1773273600,202.96,204.4,202.33,203.03,1204.64
1773277200,202.94,203.12,199.69,200.73,1142.26
1773280800,200.77,201.84,199.45,200.25,2615.11
1773284400,200.3,200.7,198.27,198.87,2709.236
1773288000,198.94,202.54,198.93,201.42,2425.002
1773291600,201.39,202.48,200.98,202.21,1435.364
1773295200,202.23,206.11,201.89,205.0,4149.462
1773298800,205.05,208.76,204.73,206.42,2576.426
1773302400,206.51,207.71,204.79,206.34,2587.714
1773306000,206.43,206.99,203.75,206.58,1630.953
1773309600,206.6,213.77,206.34,212.43,5432.307
1773313200,212.4,213.68,211.4,212.02,2333.843
1773316800,212.07,213.51,210.7,212.83,2440.515
1773320400,212.92,215.63,209.65,210.11,3306.075
1773324000,210.11,211.02,205.83,210.25,6015.931
1773327600,210.12,213.5,208.56,212.04,3939.998
1773331200,211.99,216.93,211.27,216.05,4197.047
1773334800,216.06,216.56,213.58,213.84,3181.993
1773338400,213.84,214.36,210.77,210.94,4771.268
1773342000,210.88,214.15,210.57,213.64,1482.933
1773345600,213.56,214.55,212.05,212.31,2021.263
1773349200,212.31,215.02,211.91,214.98,1827.665
1773352800,214.86,218.72,214.86,218.26,3593.596
1773356400,218.26,218.61,214.21,217.97,2821.552
1773360000,217.9,223.7,216.62,220.97,9163.039
1773363600,220.99,226.83,220.83,226.66,7736.026
1773367200,226.56,233.17,225.57,231.99,7455.985
1773370800,232.55,234.05,228.31,231.28,7069.531
1773374400,231.19,231.19,227.9,228.79,1691.662
1773378000,228.87,230.38,227.32,228.54,2526.594
1773381600,228.49,231.62,228.11,229.86,2375.714
1773385200,229.88,234.53,229.27,233.59,5118.843
1773388800,233.56,236.87,233.28,235.62,4517.766
1773392400,235.62,242.18,235.32,241.85,7787.582
1773396000,242.1,244.9,237.92,238.64,12287.291
1773399600,238.65,240.64,236.43,239.72,4518.913
1773403200,239.66,247.17,238.53,243.99,8147.233
1773406800,244.21,250.63,243.86,246.0,14537.971
1773410400,245.89,251.43,245.29,245.38,8707.991
1773414000,245.46,246.68,228.6,230.67,17422.626
1773417600,230.62,236.7,230.48,236.02,6498.38
1773421200,235.95,239.95,232.0,234.32,8523.617
1773424800,234.36,234.36,230.56,231.89,1967.565
1773428400,231.97,233.13,229.34,229.53,2016.501
1773432000,229.57,235.4,228.26,235.13,3997.89
1773435600,235.12,236.14,230.63,232.51,2927.042
1773439200,232.79,234.1,229.64,233.07,2754.028
1773442800,232.93,239.67,232.93,235.95,13866.541
1773446400,235.71,239.88,233.41,233.78,9925.074
1773450000,233.82,238.32,231.97,236.76,1821.119
1773453600,236.77,241.5,236.61,240.68,5854.129
1773457200,240.45,246.49,239.66,243.43,8614.179
1773460800,243.3,244.95,241.94,242.93,2786.808
1773464400,243.0,245.8,242.76,243.64,2114.568
1773468000,243.64,244.93,235.83,238.92,4395.536
1773471600,239.27,239.36,233.82,234.61,3630.872
1773475200,234.58,239.38,233.79,238.82,2591.086
1773478800,238.4,238.7,234.52,236.16,1748.502
1773482400,236.16,236.51,233.21,234.6,2314.554
1773486000,234.91,235.84,233.0,235.47,2361.843
1773489600,235.33,237.12,233.51,236.07,544.913
1773493200,236.28,237.95,234.3,235.25,2295.78
1773496800,235.25,236.71,234.05,235.08,1582.386
1773500400,235.08,235.57,233.37,233.76,753.462
1773504000,233.74,238.01,232.71,236.86,4787.661
1773507600,236.7,240.95,235.97,237.75,6489.607
1773511200,237.46,240.32,236.84,238.64,1903.66
1773514800,238.64,239.05,237.31,237.97,739.132
1773518400,238.07,240.82,237.48,239.56,1993.78
1773522000,239.41,250.13,239.17,246.71,5044.092
1773525600,246.9,248.53,242.16,244.03,3129.516
1773529200,244.07,249.98,244.07,249.46,4434.706
1773532800,249.37,254.26,245.47,249.99,11623.689
1773536400,249.99,262.63,248.86,259.45,12707.406
1773540000,259.53,264.74,256.76,263.58,6443.878
1773543600,263.68,271.03,263.55,270.1,8683.956
1773547200,270.13,271.21,262.49,267.11,7708.12
1773550800,266.91,269.74,261.11,261.16,3977.228
1773554400,261.16,261.37,255.28,256.44,11213.384
1773558000,256.42,259.47,254.57,258.12,3685.29
1773561600,258.24,266.94,258.2,266.77,4887.219
1773565200,266.78,270.26,263.43,264.96,6712.728
1773568800,264.97,267.7,261.15,263.77,3670.297
1773572400,263.74,265.55,258.81,264.08,6935.919
1773576000,264.13,267.19,262.47,263.58,4125.005
1773579600,263.6,265.79,260.47,265.13,1679.886
1773583200,265.14,273.97,264.66,273.0,10991.251
1773586800,272.89,276.89,272.0,275.53,9209.718
1773590400,275.37,276.09,270.35,274.28,8235.578
1773594000,274.36,280.08,273.09,279.96,9987.193
1773597600,279.89,291.11,279.88,290.6,22554.505
1773601200,290.38,293.32,278.22,278.78,14646.97
1773604800,278.8,287.57,278.48,285.09,10664.553
1773608400,285.22,291.91,284.63,285.87,9924.923
1773612000,285.93,289.21,280.18,287.93,9193.897
1773615600,288.32,288.77,282.49,282.7,7591.312
1773619200,282.76,286.62,276.12,277.82,5589.374
1773622800,278.04,278.62,273.6,276.14,5742.156
1773626400,276.29,278.61,273.0,275.57,6558.868
1773630000,275.47,279.74,272.69,276.56,7846.371
1773633600,276.5,280.58,275.0,278.71,4277.581
1773637200,278.76,281.51,275.7,276.77,3759.585
1773640800,276.92,277.24,270.92,272.54,3119.521
1773644400,272.46,275.46,271.8,274.86,3186.997
1773648000,274.87,278.0,272.16,277.38,2008.328
1773651600,277.47,288.99,277.29,287.42,7763.877
1773655200,287.11,292.98,282.49,285.84,10394.469
1773658800,285.6,293.52,282.56,292.71,4440.557
1773662400,292.87,294.4,286.67,289.11,5226.655
1773666000,289.02,298.64,287.01,297.19,8549.05
1773669600,296.97,300.0,289.34,291.97,12638.792
1773673200,291.88,291.88,282.78,287.81,8804.669
1773676800,287.82,287.83,283.14,286.24,5179.446
1773680400,286.2,288.09,281.86,283.5,7623.327
1773684000,283.5,285.89,275.13,277.21,8725.424
1773687600,277.15,280.72,273.56,280.06,8678.451
1773691200,280.0,280.0,277.15,279.6,2717.41
1773694800,279.42,285.76,279.01,280.95,10088.539
1773698400,281.04,283.8,278.34,282.78,7062.678
1773702000,282.8,284.0,279.74,280.02,1819.285
1773705600,280.01,280.84,275.4,279.45,5093.038
1773709200,279.59,283.89,276.5,283.69,9168.967
1773712800,283.65,286.72,280.08,285.52,5022.777
1773716400,285.51,286.36,280.34,284.24,3369.106
1773720000,284.26,285.7,277.93,281.57,3097.025
1773723600,281.58,284.71,272.17,277.53,3649.122
1773727200,277.56,283.5,277.55,280.35,1991.775
1773730800,280.37,283.76,275.88,276.41,5495.493
1773734400,276.33,278.45,274.15,276.33,5814.151
1773738000,276.84,280.6,275.69,279.51,2431.871
1773741600,279.36,281.6,277.1,279.15,2647.835
1773745200,279.18,279.38,275.92,275.92,918.399
1773748800,276.01,277.66,272.8,275.98,2545.24
1773752400,276.16,278.09,273.15,274.58,3394.776
1773756000,274.21,275.29,272.05,273.09,1434.279
1773759600,273.14,275.36,270.18,274.22,5529.419
1773763200,274.36,274.63,271.76,274.07,2217.312
1773766800,274.25,279.7,274.25,279.4,1225.124
1773770400,279.2,283.25,277.8,281.5,5165.159
1773774000,281.62,285.45,280.09,282.64,8520.893
1773777600,282.5,284.87,281.35,283.35,1674.902
1773781200,283.39,286.58,279.99,280.88,4917.095
1773784800,281.0,281.6,276.58,278.77,4832.082
1773788400,278.82,278.92,275.1,275.88,1793.185
1773792000,275.95,282.68,274.83,281.9,6017.068
1773795600,282.0,282.94,276.33,276.35,11196.665
1773799200,276.28,278.81,274.89,276.56,2929.655
1773802800,276.71,277.3,273.59,276.34,1331.279
1773806400,275.94,278.64,275.19,278.36,777.607
1773810000,278.57,280.18,275.24,276.89,2879.522
1773813600,276.75,281.01,276.67,277.8,1635.388
1773817200,277.91,280.38,277.03,279.73,578.781
1773820800,279.76,281.78,275.35,276.35,1769.126
1773824400,276.52,278.91,276.12,278.82,594.061
1773828000,278.92,279.85,276.65,277.43,1123.087
1773831600,277.38,279.8,274.55,276.92,3161.184
1773835200,276.5,277.53,266.01,266.43,13866.408
1773838800,266.53,272.83,265.71,271.34,6743.754
1773842400,271.62,272.27,264.0,265.72,9348.055
1773846000,265.76,270.31,264.31,268.3,3345.591
1773849600,268.07,269.18,264.86,264.89,1526.253
1773853200,264.84,269.32,261.8,267.7,13958.838
1773856800,267.39,273.79,266.75,268.46,5629.9
1773860400,268.58,271.13,265.0,265.77,8974.811
1773864000,265.78,268.56,264.75,266.78,8267.264
1773867600,266.92,269.58,266.92,267.71,1233.972
1773871200,267.68,270.61,266.1,268.56,702.783
1773874800,268.64,272.98,267.07,272.98,1911.287
1773878400,272.87,275.58,271.0,271.06,2938.698
1773882000,271.05,271.77,265.02,266.62,4753.435
1773885600,266.78,268.14,261.34,262.72,11883.679
1773889200,262.72,263.15,254.85,261.61,25434.252
1773892800,261.7,263.62,259.49,260.99,2239.364
1773896400,260.98,262.1,258.95,261.15,1379.396
1773900000,261.19,261.41,256.97,257.62,2768.504
1773903600,257.59,258.48,251.73,251.78,7345.841
1773907200,252.06,253.27,249.67,250.49,3962.374
1773910800,250.36,251.04,247.1,250.2,4701.059
1773914400,250.01,251.46,246.56,247.46,2656.389
1773918000,247.47,249.4,245.71,248.1,2986.729
1773921600,248.35,249.21,243.6,245.23,2870.602
1773925200,245.17,247.88,242.78,247.56,4574.283
1773928800,247.76,250.23,245.13,247.85,3208.945
1773932400,247.85,249.0,242.81,245.74,2631.51
1773936000,245.62,246.6,244.48,245.31,1028.088
1773939600,245.26,251.36,243.24,250.17,7706.797
1773943200,250.19,250.52,247.24,249.61,2190.754
1773946800,249.63,253.8,249.5,251.04,6686.692
1773950400,250.99,262.72,250.64,262.72,7348.795
1773954000,262.73,268.52,261.81,265.56,10935.521
1773957600,265.58,275.03,265.11,274.86,19868.383
1773961200,274.84,285.73,274.79,283.0,34917.344
1773964800,282.78,287.07,275.55,278.7,17468.314
1773968400,278.64,282.78,276.26,278.21,6841.599
1773972000,278.0,280.16,275.95,277.99,6254.287
1773975600,278.26,289.42,277.8,286.67,14689.92
1773979200,286.83,299.54,286.76,297.82,25503.665
1773982800,297.76,310.87,295.98,299.3,26921.489
1773986400,299.23,303.48,294.84,297.76,14227.269
1773990000,297.74,303.6,293.53,303.21,7665.913
1773993600,303.24,308.88,296.33,297.79,17022.03
1773997200,297.79,298.4,285.0,286.54,29647.316
1774000800,286.54,290.24,281.25,282.52,18415.712
1774004400,282.55,283.77,276.07,279.5,14554.785
1774008000,279.43,283.48,277.44,279.19,12132.385
1774011600,279.4,284.9,276.78,278.25,9446.645
1774015200,278.28,280.16,272.78,276.47,15064.413
1774018800,276.47,281.52,274.72,277.92,7003.679
1774022400,277.78,278.35,273.68,277.52,6746.207
1774026000,277.4,278.83,270.21,272.92,12812.533
1774029600,272.98,273.01,267.31,268.79,7887.457
1774033200,269.0,270.7,266.0,269.08,6728.29
1774036800,269.03,272.3,261.96,266.69,23527.844
1774040400,266.7,275.47,266.36,273.08,8688.324
1774044000,273.07,277.69,273.06,276.16,4210.371
1774047600,276.13,277.37,267.51,269.82,5366.746
1774051200,269.78,274.47,269.01,273.2,2405.945
1774054800,273.3,274.2,270.5,273.25,1396.839
1774058400,273.12,273.18,269.32,272.68,2364.614
1774062000,272.45,273.89,271.05,272.24,1232.038
1774065600,272.36,274.19,271.74,273.53,1327.017
1774069200,273.66,277.87,271.8,272.01,6223.982
1774072800,271.96,272.78,271.05,271.86,654.83
1774076400,271.83,272.95,266.71,268.81,9493.294
1774080000,268.92,271.93,268.84,271.36,1274.228
1774083600,271.34,274.62,271.34,272.49,1649.631
1774087200,272.52,272.53,268.53,268.77,4469.212
1774090800,268.77,270.12,266.91,268.03,5068.238
1774094400,268.03,271.13,268.0,270.96,2957.937
1774098000,271.11,274.98,270.78,274.23,2947.449
1774101600,274.3,280.82,274.28,276.94,7595.887
1774105200,276.95,279.68,275.23,276.8,2678.275
1774108800,276.89,277.12,272.01,273.38,1898.846
1774112400,273.6,274.75,270.06,271.76,2719.734
1774116000,271.69,275.58,270.78,273.96,4165.079
1774119600,273.96,274.42,271.59,272.05,457.316
1774123200,272.1,273.66,271.22,273.14,2010.87
1774126800,273.14,275.53,272.8,274.52,1356.813
1774130400,274.52,278.03,273.78,275.23,3003.665
1774134000,275.23,275.23,264.19,267.76,16064.923
1774137600,267.76,273.36,260.41,273.1,18977.843
1774141200,273.35,276.57,271.28,274.67,4503.225
1774144800,274.6,283.17,274.11,274.71,8855.364
1774148400,274.44,276.56,271.5,273.26,4828.732
1774152000,273.39,276.62,273.25,275.2,4708.975
1774155600,275.15,277.47,275.07,276.06,2359.073
1774159200,275.75,279.89,275.07,278.81,4911.398
1774162800,279.0,280.91,274.7,275.06,5618.853
1774166400,275.04,275.18,269.34,273.31,12210.993
1774170000,273.3,273.59,270.7,272.41,1453.994
1774173600,272.41,272.41,267.73,267.75,3861.654
1774177200,267.75,270.82,267.17,267.97,7363.64
1774180800,268.27,272.8,267.53,272.71,5868.018
1774184400,272.73,275.85,270.44,271.48,4071.353
1774188000,271.49,274.31,270.87,272.5,3324.326
1774191600,272.51,275.35,270.38,272.03,4649.634
1774195200,272.1,272.8,269.25,270.76,2134.567
1774198800,270.62,270.82,268.84,269.27,837.487
1774202400,269.18,270.19,263.82,264.82,10047.54
1774206000,264.83,267.04,262.24,265.99,5892.316
1774209600,265.9,268.17,264.58,264.7,7168.552
1774213200,264.86,265.44,261.13,263.88,5771.213
1774216800,263.71,264.89,261.04,264.04,4703.115
1774220400,263.66,265.07,261.2,261.81,4174.21
1774224000,261.74,266.27,260.93,264.79,8033.213
1774227600,264.7,269.27,263.79,268.3,5266.222
1774231200,268.18,273.72,268.16,270.15,3598.486
1774234800,270.46,275.7,270.46,273.8,5877.443
1774238400,274.04,275.69,270.73,274.3,10512.254
1774242000,274.32,279.79,274.32,275.89,12926.06
1774245600,276.08,276.33,268.05,269.77,4277.01
1774249200,269.79,272.45,267.15,270.16,4399.14
1774252800,270.23,273.67,268.79,269.24,3593.714
1774256400,269.2,269.2,263.98,266.95,2557.335
1774260000,266.92,270.83,266.48,270.23,1455.987
1774263600,270.52,287.47,270.52,275.89,25363.795
1774267200,276.04,286.33,274.5,284.54,21694.511
1774270800,284.55,290.26,282.76,289.88,9478.906
1774274400,289.88,293.63,284.65,288.59,11507.963
1774278000,288.42,291.9,278.7,279.61,18067.241
1774281600,279.8,285.68,278.88,285.15,6981.631
1774285200,285.29,288.56,281.44,287.04,11463.189
1774288800,287.06,289.64,284.52,287.51,4890.607
1774292400,287.36,288.65,285.18,285.64,4015.125
1774296000,285.56,292.56,283.98,289.67,4990.381
1774299600,289.69,291.41,287.57,289.16,7308.977
1774303200,289.31,291.43,285.28,289.57,6978.606
1774306800,289.41,295.1,287.05,293.07,8752.875
1774310400,293.11,301.56,288.84,297.6,14013.408
1774314000,297.61,301.59,295.0,298.05,10465.457
1774317600,297.95,310.13,297.8,305.52,24341.121
1774321200,305.37,316.28,304.0,314.0,11306.482
1774324800,314.0,316.61,306.48,309.07,10592.735
1774328400,309.09,309.17,301.07,302.24,14181.245
1774332000,302.41,314.92,301.66,312.6,19632.188
1774335600,312.66,319.79,310.67,319.05,18013.498
1774339200,319.03,321.52,313.05,313.56,23072.311
1774342800,313.57,313.8,307.53,310.34,10873.087
1774346400,310.29,311.35,304.66,308.81,10091.444
1774350000,308.81,309.5,299.2,308.33,13529.523
1774353600,308.36,314.79,307.07,313.6,8647.636
1774357200,313.8,314.39,305.29,307.09,10421.988
1774360800,307.09,312.12,302.21,310.94,14680.619
1774364400,311.2,312.74,306.2,309.73,13368.531
1774368000,309.84,319.85,309.12,317.88,32273.143
1774371600,317.71,319.47,312.04,316.16,19951.593
1774375200,316.19,327.71,315.76,321.79,24321.547
1774378800,321.94,329.15,321.91,327.53,22374.863
1774382400,327.1,339.44,327.1,332.42,30840.722
1774386000,332.31,335.0,322.76,332.8,17711.691
1774389600,332.81,336.41,330.2,334.79,12032.003
1774393200,334.84,336.87,329.68,336.61,7480.428
1774396800,336.61,343.99,332.16,338.08,24749.633
1774400400,338.0,342.41,331.44,339.63,13299.35
1774404000,339.63,340.67,331.4,332.27,10871.07
1774407600,332.46,338.51,330.36,335.36,5446.89
1774411200,335.2,336.24,330.17,334.6,6678.356
1774414800,334.57,339.88,333.71,337.71,6854.996
1774418400,337.76,342.8,336.42,338.73,4624.789
1774422000,338.76,347.37,338.67,341.44,11936.933
1774425600,341.43,351.54,340.57,346.77,15078.69
1774429200,347.0,351.73,344.72,351.63,6307.826
1774432800,350.85,359.09,349.86,357.28,14558.804
1774436400,357.14,370.71,355.34,361.7,38911.522
1774440000,361.53,362.31,343.49,353.06,45076.755
1774443600,352.95,368.0,352.19,363.59,24733.286
1774447200,363.63,367.79,358.28,358.85,18517.733
1774450800,359.27,368.88,355.43,361.98,25610.466
1774454400,361.99,366.47,356.75,365.77,18864.871
1774458000,365.56,374.61,363.33,370.92,20693.02
1774461600,371.0,371.51,352.08,357.25,17310.476
1774465200,357.29,361.5,348.7,352.36,19972.175
1774468800,352.14,356.0,345.9,350.04,14672.29
1774472400,349.61,351.36,344.0,348.79,9950.568
1774476000,348.79,350.29,339.98,347.12,13481.901
1774479600,346.95,350.51,342.44,346.91,7015.02
1774483200,346.91,354.35,342.68,350.06,14992.406
1774486800,350.09,359.59,349.58,355.52,9506.489
1774490400,355.52,358.65,351.79,354.06,13309.898
1774494000,354.21,354.45,334.43,339.37,26654.543
1774497600,339.45,342.3,337.07,340.94,6048.108
1774501200,341.2,345.33,335.99,337.01,8068.332
1774504800,337.51,341.77,335.66,336.83,5464.344
1774508400,337.3,340.73,334.07,340.1,7444.334
1774512000,340.12,341.5,336.05,339.82,6002.238
1774515600,339.79,340.02,332.03,334.92,6215.429
1774519200,334.84,335.53,331.0,331.85,5107.668
1774522800,331.85,335.95,331.85,334.53,7763.926
1774526400,334.72,341.0,334.27,338.33,5817.216
1774530000,338.16,347.31,338.16,346.25,7750.514
1774533600,346.27,353.0,339.25,345.25,9342.715
1774537200,345.26,346.16,335.6,337.57,13820.376
1774540800,337.65,338.67,333.38,337.2,6894.286
1774544400,337.13,343.51,334.99,336.37,6141.264
1774548000,336.65,342.72,335.33,341.84,10154.919
1774551600,341.9,345.04,339.66,340.88,11048.99
1774555200,340.92,349.03,336.08,338.79,23067.572
1774558800,338.56,342.02,334.05,334.86,9824.825
1774562400,334.88,340.32,332.46,337.77,8022.77
1774566000,338.0,340.21,335.68,337.46,1566.174
1774569600,337.22,344.58,336.49,342.85,12781.05
1774573200,342.77,346.37,340.81,343.14,3791.223
1774576800,343.24,344.34,338.39,343.0,6095.643
1774580400,342.97,344.13,337.29,338.12,8818.831
1774584000,337.93,339.83,335.25,336.01,6887.968
1774587600,335.98,335.98,330.84,334.56,8316.845
1774591200,334.55,338.18,334.06,334.59,4773.502
1774594800,334.39,336.84,331.36,335.39,6241.547
1774598400,335.88,336.49,326.25,329.62,12212.267
1774602000,329.74,330.4,325.17,327.23,10447.724
1774605600,327.15,330.06,320.37,321.61,15909.851
1774609200,321.61,326.74,320.0,324.56,8865.37
1774612800,324.51,325.44,317.0,320.18,7920.034
1774616400,320.45,327.24,318.15,324.28,17439.757
1774620000,324.09,329.26,323.64,327.94,11407.241
1774623600,327.92,336.05,326.31,329.49,15874.406
1774627200,329.53,330.13,322.02,322.32,7191.864
1774630800,322.5,326.51,321.92,326.19,5218.837
1774634400,326.06,329.86,322.55,326.84,8300.6
1774638000,326.54,326.57,322.85,324.36,5279.379
1774641600,324.26,325.56,318.64,320.24,8338.474
1774645200,320.31,321.57,315.83,316.05,10031.553
1774648800,316.13,317.26,312.87,314.02,11067.417
1774652400,314.11,317.77,312.67,316.08,4528.122
1774656000,316.0,318.0,313.26,315.3,4500.498
1774659600,315.41,315.41,309.49,313.01,18806.957
1774663200,312.93,315.24,310.97,314.3,3729.776
1774666800,314.32,319.67,314.08,318.27,5219.44
1774670400,318.25,320.54,313.02,319.24,6071.686
1774674000,319.52,319.85,315.51,316.8,4210.064
1774677600,316.43,320.31,316.26,318.84,3731.653
1774681200,318.88,325.31,318.51,322.84,10592.329
1774684800,322.89,326.63,320.42,321.77,3753.152
1774688400,321.67,321.94,315.03,316.14,5012.107
1774692000,316.06,318.24,311.78,316.05,11413.561
1774695600,316.09,320.92,315.52,320.69,2449.359
1774699200,320.81,323.93,319.47,321.86,5016.02
1774702800,321.84,326.67,318.26,323.47,8821.481
1774706400,323.47,323.5,318.4,318.84,6107.572
1774710000,318.79,322.29,318.07,320.95,4406.809
1774713600,321.0,322.29,319.08,321.03,3149.226
1774717200,321.09,322.48,316.98,319.0,4488.809
1774720800,318.98,322.14,317.79,321.49,2274.416
1774724400,321.22,321.27,318.07,318.82,1024.013
1774728000,318.92,321.46,318.88,320.81,1739.346
1774731600,320.88,321.28,315.78,316.09,1585.07
1774735200,316.27,319.07,315.58,318.78,5587.931
1774738800,318.65,319.17,313.57,315.11,3225.96
1774742400,315.07,317.47,314.13,317.22,2720.277
1774746000,317.42,319.74,316.94,317.16,2828.4
1774749600,317.37,320.41,315.69,319.1,2196.086
1774753200,318.96,321.32,316.84,320.37,1984.482
1774756800,320.53,323.56,319.54,323.35,1756.063
1774760400,323.37,323.82,320.05,321.8,2019.186
1774764000,321.72,324.45,318.69,319.36,2038.406
1774767600,319.34,319.89,317.29,318.84,1720.571
1774771200,318.77,320.5,317.39,320.5,550.41
1774774800,320.34,321.29,316.0,320.33,2599.255
1774778400,320.26,320.42,316.0,317.45,1690.84
1774782000,317.62,320.71,317.55,319.67,601.519
1774785600,319.68,323.19,319.64,321.64,4054.821
1774789200,321.56,321.85,317.18,318.01,1336.276
1774792800,317.69,319.14,314.3,314.89,3773.889
1774796400,314.9,316.58,312.45,315.6,4990.326
1774800000,315.62,319.72,314.77,317.67,6697.675
1774803600,317.75,319.65,315.04,316.29,3516.933
1774807200,316.4,319.0,315.14,318.74,4320.829
1774810800,318.87,318.87,315.27,315.61,2948.78
1774814400,315.62,319.9,315.32,315.97,5904.871
1774818000,315.94,318.11,315.77,317.77,2032.037
1774821600,317.57,317.57,305.17,313.05,9888.812
1774825200,313.0,316.92,313.0,315.39,8458.851
1774828800,315.5,324.67,315.16,320.83,11626.664
1774832400,320.96,324.69,320.58,324.59,4876.225
1774836000,324.72,335.4,324.54,330.92,11134.812
1774839600,330.86,332.17,325.27,326.4,10707.59
1774843200,326.65,331.96,325.04,328.1,5726.625
1774846800,327.71,328.12,319.1,320.0,5130.974
1774850400,319.98,320.11,315.18,317.09,9848.237
1774854000,316.94,319.63,316.64,318.58,4271.445
1774857600,318.67,319.85,316.77,318.36,8163.403
1774861200,318.05,318.78,314.1,315.33,4239.194
1774864800,315.13,317.09,314.83,316.23,2522.027
1774868400,316.37,318.99,314.93,316.94,2178.355
1774872000,316.81,321.49,315.88,318.49,12839.24
1774875600,318.94,319.06,311.04,311.55,7529.454
1774879200,311.66,313.22,307.54,311.94,14429.638
1774882800,311.99,313.78,308.83,312.73,6291.812
1774886400,312.85,312.99,309.59,310.19,5648.34
1774890000,310.19,310.61,305.29,307.09,11045.049
1774893600,307.31,309.34,305.92,306.45,3570.71
1774897200,306.36,309.45,305.67,308.81,6085.586
1774900800,308.79,312.73,308.31,312.3,3994.309
1774904400,312.14,314.87,312.04,312.19,2493.989
1774908000,312.01,313.2,307.51,308.45,4141.645
1774911600,308.49,311.31,306.53,311.31,1218.049
1774915200,311.36,311.88,306.93,310.14,5935.168
1774918800,310.3,317.02,309.0,313.12,16189.128
1774922400,313.23,314.44,312.4,314.08,2764.281
1774926000,313.87,315.28,310.06,310.86,2502.031
1774929600,311.02,311.69,308.41,308.74,1376.478
1774933200,308.83,309.6,307.39,308.44,964.887
1774936800,308.57,309.2,306.25,308.26,1139.642
1774940400,308.35,308.79,302.97,308.17,4859.551
1774944000,308.18,310.23,307.41,308.69,7860.414
1774947600,308.84,308.9,304.38,304.82,3368.298
1774951200,304.96,305.31,302.57,303.88,8154.367
1774954800,303.95,306.4,301.33,301.52,8778.491
1774958400,301.55,304.88,301.29,302.59,5804.015
1774962000,302.66,309.34,302.43,308.81,9751.222
1774965600,308.54,310.91,301.53,302.81,10190.264
1774969200,303.06,305.06,301.7,301.7,3454.613
1774972800,301.88,307.84,301.44,303.37,7893.589
1774976400,303.65,309.12,302.99,305.29,10453.458
1774980000,305.49,308.97,305.49,308.7,4901.275
1774983600,308.46,309.9,306.42,306.95,2627.573
1774987200,306.87,308.55,304.78,307.18,5092.53
1774990800,306.97,308.1,305.45,306.53,2765.073
1774994400,306.92,308.38,305.02,306.3,2998.027
1774998000,306.03,307.02,305.23,305.88,1402.32
1775001600,305.96,307.15,302.76,306.48,4799.299
1775005200,306.39,308.04,302.55,303.72,3290.152
1775008800,303.72,304.71,301.7,302.55,2071.778
1775012400,302.6,305.32,302.6,303.92,1444.76
1775016000,304.16,306.87,303.89,305.24,2000.157
1775019600,305.37,312.12,303.9,310.87,8115.806
1775023200,310.98,314.61,310.58,313.91,4562.317
1775026800,313.78,318.38,313.05,313.21,18716.219
1775030400,313.24,314.12,310.07,310.78,8704.226
1775034000,310.62,312.0,308.15,311.46,7281.642
1775037600,311.58,313.78,309.59,311.21,4810.938
1775041200,311.14,311.77,309.3,311.32,2821.25
1775044800,311.12,317.49,310.8,314.55,12741.438
1775048400,314.6,317.94,312.82,314.82,6092.062
1775052000,314.5,329.88,313.79,327.57,27006.202
1775055600,327.47,329.75,321.75,323.57,16007.881
1775059200,323.72,326.38,319.85,322.94,10526.905
1775062800,322.98,324.39,318.66,319.4,5142.019
1775066400,319.53,319.55,315.73,316.64,16670.902
1775070000,316.69,317.23,312.72,314.56,6743.34
1775073600,314.28,314.52,307.43,310.64,4575.149
1775077200,310.93,313.48,309.94,311.11,2418.961
1775080800,311.0,311.15,307.16,307.57,4386.538
1775084400,307.6,308.16,305.13,307.54,4014.546
1775088000,307.36,315.74,307.24,315.74,2608.764
1775091600,315.69,316.67,307.64,309.6,10315.052
1775095200,309.58,309.78,303.38,305.55,5494.745
1775098800,305.56,306.35,302.18,303.85,4840.554
1775102400,303.72,306.83,303.05,303.83,2791.959
1775106000,303.95,306.4,303.46,306.24,2291.702
1775109600,306.37,307.98,305.79,306.52,4899.777
1775113200,306.4,306.98,304.69,306.8,2292.376
1775116800,306.54,306.6,301.59,303.9,2537.376
1775120400,303.91,304.29,301.54,301.94,1909.509
1775124000,301.83,302.34,296.65,297.14,10025.199
1775127600,297.08,297.84,294.0,295.53,6218.568
1775131200,295.48,297.19,293.91,294.68,3475.337
1775134800,294.69,300.65,292.62,300.38,10996.619
1775138400,300.22,305.33,298.83,303.92,5798.244
1775142000,303.86,304.66,299.04,299.94,2843.822
1775145600,299.93,302.19,297.19,301.09,4344.278
1775149200,301.35,302.4,298.2,298.36,2619.201
1775152800,298.37,301.36,297.52,301.01,2344.81
1775156400,301.03,302.47,299.65,300.65,2670.665
1775160000,300.69,303.16,299.55,301.23,3931.849
1775163600,301.28,301.54,297.99,299.17,5379.183
1775167200,299.23,301.04,298.62,300.27,1365.843
1775170800,300.33,300.57,299.0,300.0,617.721
1775174400,300.07,300.55,298.07,299.76,1318.616
1775178000,299.64,303.0,299.3,302.44,1286.822
1775181600,302.48,304.61,300.81,302.54,3714.803
1775185200,302.47,303.98,301.16,301.41,1846.125
1775188800,301.33,307.21,301.17,306.95,3771.826
1775192400,306.78,309.3,304.53,304.94,4597.17
1775196000,304.89,307.97,304.74,307.91,1797.402
1775199600,307.96,308.69,305.38,305.79,1197.764
1775203200,305.79,308.26,304.8,305.19,2503.037
1775206800,305.21,307.05,303.26,306.47,2349.47
1775210400,306.47,307.73,305.2,307.6,1457.327
1775214000,307.65,307.87,305.0,306.33,976.606
1775217600,306.31,309.58,304.5,306.01,848.585
1775221200,305.92,311.1,304.27,310.87,5524.697
1775224800,310.89,315.8,310.4,315.0,5884.74
1775228400,314.83,315.8,311.32,311.96,2044.748
1775232000,312.18,315.68,311.0,314.2,1955.149
1775235600,314.22,314.26,311.34,311.54,1670.216
1775239200,311.45,312.94,309.15,310.3,2301.08
1775242800,310.16,310.66,308.13,308.68,2743.28
1775246400,308.62,311.18,308.11,310.53,4018.457
1775250000,310.53,311.37,308.55,309.1,3618.101
1775253600,309.22,309.22,306.03,308.13,6158.924
1775257200,308.12,309.11,306.68,308.77,1113.259
1775260800,308.76,312.58,308.6,311.7,1262.141
1775264400,311.75,313.65,308.91,309.17,2393.402
1775268000,309.2,311.86,308.16,310.56,3135.35
1775271600,310.55,311.16,309.57,309.99,357.979
1775275200,310.01,312.15,308.71,309.03,1023.703
1775278800,309.18,309.55,307.4,308.12,1290.372
1775282400,307.96,310.72,307.4,310.62,690.994
1775286000,310.79,311.09,308.47,309.21,989.954
1775289600,309.13,310.0,308.31,309.02,422.436
1775293200,308.85,309.28,308.01,308.53,134.902
1775296800,308.56,309.71,307.36,308.67,815.814
1775300400,308.68,309.25,307.07,307.59,255.028
1775304000,307.41,308.66,306.59,308.0,342.054
1775307600,308.17,309.66,307.74,308.37,683.325
1775311200,308.33,308.62,302.53,305.23,2910.062
1775314800,305.39,305.9,303.33,303.82,453.222
1775318400,303.71,305.56,303.33,303.66,563.863
1775322000,303.82,306.26,303.66,305.04,1543.048
1775325600,304.94,306.13,304.45,304.7,5093.401
1775329200,304.65,306.83,303.05,304.12,3211.948
1775332800,304.17,304.4,302.21,303.03,5234.018
1775336400,303.2,304.26,302.74,303.83,742.012
1775340000,303.74,304.62,303.48,303.88,853.189
1775343600,303.91,303.92,300.56,300.94,1524.175
1775347200,301.07,302.37,300.49,301.38,1288.537
1775350800,301.55,303.08,301.1,302.04,1670.31
1775354400,301.9,303.87,301.53,303.34,1217.929
1775358000,303.4,303.49,301.78,303.15,545.738
1775361600,303.29,304.37,302.7,302.78,570.813
1775365200,302.79,303.93,302.46,302.76,784.896
1775368800,302.75,302.75,298.33,299.47,2939.532
1775372400,299.39,300.1,296.6,298.2,888.869
1775376000,298.1,299.66,297.67,299.48,1225.996
1775379600,299.45,301.1,299.06,301.1,3759.669
1775383200,301.11,301.36,298.84,299.05,462.335
1775386800,298.9,299.78,298.43,299.52,206.125
1775390400,299.37,299.48,296.23,297.95,3736.134
1775394000,297.97,298.35,295.26,296.18,4167.505
1775397600,296.34,298.12,296.02,297.15,542.241
1775401200,297.14,300.33,295.51,297.61,2458.118
1775404800,297.72,298.18,295.7,296.31,1475.908
1775408400,296.32,297.4,295.89,297.37,1553.801
1775412000,297.35,298.27,296.42,298.17,1267.004
1775415600,298.2,298.38,296.89,298.29,1396.126
1775419200,298.36,300.52,298.14,299.99,952.1
1775422800,300.03,300.21,297.5,299.26,998.545
1775426400,299.36,307.02,298.6,306.61,4576.824
1775430000,306.7,310.4,306.17,310.08,10039.417
1775433600,310.15,312.7,307.87,308.39,8666.935
1775437200,308.51,308.68,305.0,307.02,9040.8
1775440800,307.22,311.7,307.04,310.99,3280.775
1775444400,310.81,314.45,310.81,314.42,5524.319
1775448000,314.38,320.35,313.52,318.58,21512.842
1775451600,318.58,321.58,316.56,318.68,7120.121
1775455200,318.65,318.79,313.85,316.36,7632.531
1775458800,316.4,318.76,314.39,318.38,4382.092
1775462400,318.38,323.56,317.01,321.76,8399.294
1775466000,321.86,326.06,321.66,325.3,4973.613
1775469600,325.28,329.92,324.74,325.3,7829.592
1775473200,325.26,325.36,321.68,322.58,5034.758
1775476800,322.5,326.02,321.47,322.15,10166.277
1775480400,322.16,326.56,321.7,324.1,7716.15
1775484000,324.14,326.85,322.15,323.93,6581.165
1775487600,323.8,324.76,319.22,321.27,4896.378
1775491200,321.22,323.28,320.56,321.88,2720.812
1775494800,322.0,322.27,318.36,319.57,7297.864
1775498400,319.49,321.22,319.41,320.63,943.527
1775502000,320.61,321.08,316.22,316.87,3143.878
1775505600,316.8,317.93,315.45,317.89,3217.23
1775509200,317.8,318.35,314.16,314.91,1501.046
1775512800,314.47,315.83,311.18,311.18,1613.867
1775516400,311.11,314.21,309.87,313.0,3774.802
1775520000,313.01,315.33,310.89,311.98,4022.233
1775523600,311.49,313.51,309.19,309.8,5709.379
1775527200,309.67,312.16,308.59,311.63,3782.83
1775530800,311.98,312.29,309.74,311.56,1437.235
1775534400,311.57,314.15,311.28,312.7,1350.085
1775538000,312.69,312.69,310.37,311.67,1327.094
1775541600,311.74,311.93,310.33,310.33,866.989
1775545200,310.28,312.32,310.03,311.32,863.328
1775548800,311.46,317.58,311.36,316.34,6972.625
1775552400,316.64,319.0,315.38,316.83,2543.827
1775556000,316.84,318.33,312.17,312.81,4047.832
1775559600,312.79,312.85,310.78,312.42,2390.656
1775563200,312.27,312.71,307.67,309.53,4546.109
1775566800,309.52,310.96,308.9,310.03,1735.823
1775570400,309.95,313.39,307.84,311.33,7097.212
1775574000,311.28,315.43,309.78,313.87,11349.459
1775577600,313.87,314.8,310.88,311.16,3833.689
1775581200,310.97,314.36,310.67,312.12,1806.018
1775584800,312.13,312.33,310.09,311.24,2501.101
1775588400,311.04,317.77,310.92,317.71,6809.548
1775592000,317.65,320.29,316.37,317.75,13468.096
1775595600,317.92,328.43,317.65,327.58,16083.051
1775599200,327.66,337.22,325.49,336.09,24144.897
1775602800,335.75,344.75,332.65,335.47,35087.026
1775606400,335.66,337.36,333.59,336.0,4681.986
1775610000,336.01,339.98,333.02,339.01,12734.756
1775613600,339.24,344.99,338.43,339.72,7228.058
1775617200,339.76,340.83,337.9,338.15,2624.41
1775620800,338.18,341.89,336.61,337.34,3571.918
1775624400,337.27,340.63,336.81,340.46,2172.408
1775628000,340.52,343.78,339.02,341.83,1880.914
1775631600,341.75,347.25,340.89,344.3,4227.318
1775635200,344.3,349.85,343.94,349.19,5876.871
1775638800,349.16,350.84,344.84,345.04,2883.211
1775642400,345.12,347.13,342.43,342.58,4178.517
1775646000,342.33,343.86,338.17,343.18,2200.042
1775649600,343.37,347.95,342.79,346.44,3820.877
1775653200,346.47,349.0,340.54,341.56,4678.793
1775656800,341.71,342.62,334.03,334.94,7571.655
1775660400,334.96,337.23,333.56,336.78,7608.402
1775664000,336.75,337.44,334.53,335.69,4649.739
1775667600,335.82,336.23,333.7,335.82,3229.601
1775671200,335.83,335.83,330.72,330.87,6245.885
1775674800,330.86,331.71,328.58,330.75,4050.687
1775678400,330.67,332.23,327.43,328.64,1691.521
1775682000,328.66,328.66,325.0,326.2,5247.85
1775685600,326.18,326.39,323.08,323.67,3049.1
1775689200,323.6,325.85,322.11,324.98,2799.807
1775692800,324.88,326.44,319.61,321.79,5847.281
1775696400,321.79,323.45,319.6,322.16,9968.32
1775700000,322.48,323.83,322.2,322.46,866.344
1775703600,322.39,323.35,321.72,322.95,856.313
1775707200,322.87,324.18,321.34,321.9,1550.509
1775710800,321.92,323.32,320.84,321.35,1076.334
1775714400,321.39,322.34,318.25,320.93,1725.313
1775718000,321.15,323.63,321.15,322.46,680.042
1775721600,322.39,323.88,321.86,323.31,829.643
1775725200,323.22,324.18,321.33,323.78,1070.584
1775728800,323.87,326.96,323.18,324.95,1816.454
1775732400,324.95,325.45,322.19,322.57,2125.678
1775736000,322.57,327.71,320.57,326.81,3418.168
1775739600,326.74,329.53,325.35,327.1,7199.755
1775743200,326.97,335.2,326.25,333.1,7806.496
1775746800,333.05,337.73,333.05,336.8,23455.968
1775750400,336.59,339.27,332.42,333.66,4282.418
1775754000,333.62,337.5,333.46,335.58,4002.564
1775757600,335.61,339.4,330.77,338.32,11939.686
1775761200,338.27,341.49,334.17,337.36,7754.614
1775764800,337.49,340.99,336.21,338.0,4422.546
1775768400,338.02,339.37,334.12,335.36,7558.424
1775772000,335.35,340.0,332.53,332.53,7322.003
1775775600,332.57,333.36,299.34,304.57,111200.04
1775779200,304.61,307.18,281.2,285.19,193093.222
1775782800,285.12,296.46,281.52,290.53,95863.484
1775786400,290.32,294.55,289.73,291.78,22275.449
1775790000,291.78,293.62,274.59,276.09,55563.504
1775793600,276.09,278.69,263.09,264.85,53484.924
1775797200,264.36,272.0,249.01,269.85,93896.744
1775800800,269.7,272.25,257.02,264.54,32189.895
1775804400,264.48,269.21,262.6,262.67,19047.731
1775808000,262.64,265.58,258.98,263.1,16356.44
1775811600,263.18,269.5,263.03,268.38,21192.537
1775815200,268.43,273.72,265.71,267.3,41089.882
1775818800,267.34,267.59,261.89,263.81,15508.716
1775822400,263.8,264.4,259.2,261.86,18614.386
1775826000,261.91,265.6,261.06,264.3,13901.616
1775829600,264.39,273.28,263.0,270.46,31949.654
1775833200,270.51,274.01,266.85,268.59,17737.686
1775836800,268.5,272.38,268.37,268.62,7551.402
1775840400,268.61,271.9,267.35,269.89,4240.696
1775844000,269.94,272.8,267.45,269.32,4538.775
1775847600,269.35,269.94,263.76,265.99,19186.645
1775851200,265.73,266.45,261.18,263.19,15890.419
1775854800,263.18,265.85,259.91,264.26,14904.628
1775858400,264.26,265.06,255.96,256.99,15410.356
1775862000,256.97,260.36,255.35,257.85,16201.627
1775865600,257.85,260.72,256.07,256.7,11732.633
1775869200,256.69,257.71,253.36,256.96,8269.997
1775872800,257.06,264.09,256.25,263.25,15678.41
1775876400,263.28,268.06,261.89,262.91,9818.534
1775880000,262.87,265.95,261.14,264.68,3664.67
1775883600,264.62,265.24,261.21,261.67,4673.744
1775887200,261.75,264.44,260.64,262.23,5475.698
1775890800,262.23,262.39,259.76,261.09,4116.558
1775894400,261.09,262.65,259.11,261.92,4313.669
1775898000,261.96,263.49,261.1,262.61,3430.555
1775901600,262.61,265.09,261.76,264.33,3940.047
1775905200,264.28,268.48,263.11,267.38,9755.199
1775908800,267.36,268.32,263.96,265.23,6164.8
1775912400,265.23,265.28,262.2,264.22,4923.929
1775916000,264.21,266.93,262.92,264.3,7324.518
1775919600,264.39,264.89,262.89,263.85,1835.517
1775923200,264.06,267.45,263.86,266.16,5083.295
1775926800,266.2,266.78,262.74,263.97,20324.166
1775930400,263.98,266.92,263.36,266.3,6562.6
1775934000,266.29,274.42,266.01,272.33,19925.894
1775937600,272.34,276.0,269.33,272.01,14434.7
1775941200,271.96,282.0,270.29,278.7,24533.015
1775944800,278.49,281.16,276.8,277.78,12878.795
1775948400,277.71,277.78,272.5,274.39,8304.347
1775952000,274.07,275.97,271.48,272.87,9296.045
1775955600,272.94,273.85,261.19,264.82,15066.78
1775959200,264.66,267.38,263.84,264.82,13908.435
1775962800,264.75,264.93,262.4,263.0,5524.612
1775966400,263.02,263.52,260.35,262.79,8535.308
1775970000,262.95,263.77,261.51,263.77,2468.289
1775973600,263.72,263.88,260.51,260.57,2665.274
1775977200,260.57,262.18,260.56,261.33,1689.011
1775980800,261.29,265.47,261.06,265.23,2423.337
1775984400,265.3,267.82,264.65,265.87,2329.772
1775988000,265.86,267.73,261.85,263.28,3393.428
1775991600,263.28,265.24,262.98,264.86,1553.939
1775995200,264.76,264.78,262.0,262.01,2428.519
1775998800,262.03,263.43,260.74,261.79,4612.174
1776002400,261.77,262.7,257.42,258.37,5227.049
1776006000,258.43,259.35,256.84,258.16,2471.757
1776009600,258.08,259.64,257.03,258.72,1803.158
1776013200,258.74,263.15,257.76,262.35,1529.48
1776016800,262.64,263.48,260.05,260.05,1630.205
1776020400,260.06,261.78,259.81,261.76,2023.094
1776024000,261.75,263.87,261.36,262.17,1038.719
1776027600,262.55,262.6,259.72,260.48,1674.158
1776031200,260.48,261.74,257.98,260.94,3419.674
1776034800,260.66,261.11,258.36,259.28,1973.556
1776038400,259.19,262.46,258.21,261.2,5996.195
1776042000,261.38,266.0,260.67,265.34,2781.918
1776045600,265.39,265.91,259.83,259.86,1523.223
1776049200,259.93,260.34,258.65,259.75,3084.429
1776052800,259.75,260.22,258.21,258.52,1772.57
1776056400,258.52,259.73,257.86,259.22,2723.928
1776060000,259.22,262.23,259.19,261.35,3841.127
1776063600,261.53,262.3,258.32,258.37,3259.005
1776067200,258.35,260.0,257.33,258.54,1848.662
1776070800,258.41,259.95,257.64,259.2,4600.09
1776074400,259.05,259.93,257.72,259.59,1642.936
1776078000,259.66,261.89,259.66,261.37,2069.561
1776081600,261.35,262.5,259.14,262.05,961.558
1776085200,262.19,264.17,260.34,263.85,5074.817
1776088800,263.76,264.31,259.51,261.21,5935.088
1776092400,261.26,261.41,253.62,253.94,16649.327
1776096000,254.04,256.15,250.0,254.75,8768.068
1776099600,254.84,258.4,253.88,255.6,5771.952
1776103200,255.56,256.77,253.25,256.37,2828.98
1776106800,256.35,258.83,256.28,257.88,5736.298
1776110400,257.87,257.87,253.42,255.05,4215.47
1776114000,255.15,258.28,254.2,258.01,3466.288
1776117600,257.8,263.77,257.8,261.32,12283.411
1776121200,261.39,262.09,259.29,261.07,2996.706
1776124800,260.99,261.18,253.88,255.73,6406.663
1776128400,255.76,257.13,255.0,255.41,4195.046
1776132000,255.41,257.24,254.6,255.46,2432.7
1776135600,255.46,257.0,255.01,256.38,2742.585
1776139200,256.53,256.67,254.91,256.28,4047.305
1776142800,256.29,257.36,253.79,253.89,4705.148
1776146400,253.95,255.17,252.0,253.46,1454.701
1776150000,253.42,253.72,251.19,252.42,3573.025
1776153600,252.31,253.47,249.13,252.22,3740.657
1776157200,252.21,253.34,250.94,251.96,4290.108
1776160800,251.95,252.51,250.46,250.9,2662.841
1776164400,250.91,251.26,247.85,249.72,8678.002
1776168000,249.75,249.8,246.64,247.08,4437.399
1776171600,247.07,253.53,246.99,252.2,8184.74
1776175200,252.18,253.6,249.1,251.33,5019.526
1776178800,251.33,252.41,246.46,247.41,19454.374
1776182400,247.4,248.03,239.58,240.0,19400.693
1776186000,239.99,244.6,237.59,244.6,14709.235
1776189600,244.23,246.13,239.68,240.62,19649.632
1776193200,240.57,241.73,236.25,239.7,12040.668
1776196800,239.76,240.87,238.01,240.1,5280.019
1776200400,240.11,242.4,239.96,241.59,3519.242
1776204000,241.65,242.42,238.13,238.45,2645.835
1776207600,238.37,240.53,238.36,239.24,1290.29
1776211200,239.04,245.24,236.75,244.87,27506.727
1776214800,244.96,248.16,242.74,247.02,11057.349
1776218400,247.11,248.76,246.51,246.76,2099.202
1776222000,246.66,248.88,245.61,246.57,1190.468
1776225600,246.67,247.95,244.73,246.07,2877.346
1776229200,246.12,246.28,242.51,244.19,2108.19
1776232800,244.15,246.0,242.7,244.72,807.576
1776236400,244.75,245.01,242.94,242.94,1604.471
1776240000,243.08,248.3,242.89,247.85,6105.93
1776243600,247.79,249.48,246.9,248.82,2461.109
1776247200,248.88,249.85,246.19,248.6,5321.32
1776250800,248.49,249.12,247.17,247.66,872.716
1776254400,247.65,250.43,246.66,248.95,1612.802
1776258000,248.9,249.89,245.76,246.86,2280.702
1776261600,246.75,247.93,244.43,246.16,1508.28
1776265200,246.0,246.78,244.27,246.32,905.933
1776268800,246.26,247.91,245.09,245.76,2995.836
1776272400,245.77,246.61,243.33,244.56,2630.859
1776276000,244.57,245.57,244.13,244.58,1142.341
1776279600,244.37,247.16,243.36,245.41,3477.021
1776283200,245.34,245.38,241.64,243.12,4296.898
1776286800,243.11,243.25,240.44,243.07,1593.722
1776290400,243.0,244.41,242.05,242.39,1885.601
1776294000,242.35,242.38,239.89,241.37,1722.405
1776297600,241.27,242.84,240.34,241.3,6665.618
1776301200,241.3,241.39,239.05,240.9,1065.424
1776304800,241.17,243.14,240.79,242.07,1719.159
1776308400,242.04,244.74,241.86,244.07,2512.232
1776312000,243.98,245.46,242.3,242.57,1628.433
1776315600,242.57,243.04,240.95,242.03,1993.821
1776319200,242.19,243.7,241.33,242.91,1304.17
1776322800,242.8,243.27,240.81,242.28,1085.153
1776326400,242.15,242.36,239.84,239.98,849.876
1776330000,240.23,241.67,239.7,241.62,1262.906
1776333600,241.51,241.7,237.27,238.09,1786.571
1776337200,238.3,239.38,237.79,239.21,1485.21
1776340800,239.11,240.79,239.11,240.2,788.186
1776344400,240.17,244.46,235.86,238.62,11800.503
1776348000,238.38,239.93,233.67,238.08,5976.952
1776351600,237.98,243.07,237.51,241.42,2807.2
1776355200,241.4,242.11,236.38,236.49,3661.617
1776358800,236.55,238.38,235.43,237.66,2790.639
1776362400,237.61,242.75,236.9,242.62,6374.64
1776366000,242.63,243.87,240.23,243.7,3473.492
1776369600,243.7,244.6,242.79,244.07,7472.542
1776373200,244.08,246.78,243.23,245.64,5282.463
1776376800,245.58,247.5,244.9,246.81,3840.331
1776380400,246.79,253.2,246.73,252.62,4879.894
1776384000,252.71,257.72,251.88,255.99,6779.432
1776387600,255.92,257.33,252.98,255.57,5819.127
1776391200,255.42,255.88,249.73,251.53,5552.896
1776394800,251.55,254.93,250.42,253.04,2127.115
1776398400,253.08,253.93,247.4,247.4,3821.594
1776402000,247.57,247.57,244.07,246.07,1789.132
1776405600,246.12,247.01,244.99,246.33,1155.331
1776409200,246.33,247.34,244.33,245.72,1363.699
1776412800,246.14,249.55,245.64,249.55,2136.248
1776416400,249.56,252.93,248.88,250.68,2424.359
1776420000,250.73,250.94,246.55,248.11,1392.9
1776423600,248.12,254.77,248.01,254.77,8001.966
1776427200,254.77,254.81,251.2,253.48,4728.071
1776430800,253.54,259.39,253.23,258.22,7882.546
1776434400,258.5,260.29,255.73,258.31,12116.014
1776438000,258.3,262.75,254.89,261.49,15234.283
1776441600,261.53,267.25,260.46,265.49,15740.755
1776445200,265.42,265.55,257.11,258.44,12825.515
1776448800,258.43,262.16,257.34,259.83,6696.072
1776452400,259.87,262.0,257.88,261.94,6036.157
1776456000,261.72,262.81,256.31,259.35,4157.822
1776459600,259.43,263.15,259.31,261.14,2831.595
1776463200,261.09,262.92,259.74,259.92,2472.276
1776466800,259.92,259.92,256.83,257.26,2237.971
1776470400,257.2,259.19,255.59,258.32,3923.39
1776474000,258.36,258.67,252.26,253.31,4419.733
1776477600,253.16,254.23,251.86,253.36,1064.982
1776481200,253.23,255.0,252.25,253.37,1967.837
1776484800,253.25,253.77,252.04,253.31,730.812
1776488400,253.32,255.01,253.2,253.83,528.248
1776492000,253.91,256.09,252.82,255.25,1121.11
1776495600,255.0,257.42,254.33,255.01,1039.299
1776499200,255.09,255.33,250.38,252.89,2387.321
1776502800,253.04,253.22,249.61,250.38,1226.987
1776506400,250.32,251.23,247.78,248.67,2017.497
1776510000,248.83,250.06,246.01,248.01,2457.164
1776513600,248.04,250.58,247.97,249.45,1067.557
1776517200,249.46,250.8,247.68,250.68,2918.087
1776520800,250.68,251.38,249.04,249.85,1515.159
1776524400,249.78,250.39,247.14,247.79,1530.708
1776528000,247.8,248.48,245.51,246.63,1657.026
1776531600,246.59,247.69,245.27,245.87,1193.137
1776535200,245.87,246.08,243.78,245.01,1335.316
1776538800,244.93,246.65,243.95,245.35,2133.444
1776542400,245.35,245.9,243.96,245.42,2407.665
1776546000,245.5,246.07,244.47,245.73,2048.424
1776549600,245.73,246.52,244.69,245.87,4204.169
1776553200,245.87,247.31,242.49,243.03,3482.375
1776556800,243.05,243.22,240.47,242.03,2503.569
1776560400,242.04,243.0,240.48,241.08,737.219
1776564000,241.03,242.63,240.53,240.86,1655.673
1776567600,240.88,242.71,239.7,241.12,1153.207
1776571200,241.06,243.22,240.05,241.74,552.133
1776574800,241.92,242.47,240.54,241.71,280.473
1776578400,241.62,242.16,239.85,242.12,700.333
1776582000,242.09,244.27,240.1,244.05,690.777
1776585600,243.89,245.48,242.95,244.54,828.298
1776589200,244.72,245.19,243.16,244.44,1132.133
1776592800,244.31,247.24,243.47,245.93,882.609
1776596400,245.96,249.44,245.82,248.88,1417.522
1776600000,248.87,249.1,246.8,247.9,618.617
1776603600,247.99,250.23,246.9,247.06,1325.161
1776607200,247.15,248.98,245.83,248.18,784.959
1776610800,248.12,248.37,244.21,245.87,1338.569
1776614400,246.09,246.59,244.74,245.01,977.734
1776618000,245.07,245.11,240.31,240.73,6408.223
1776621600,240.8,241.07,237.41,239.44,10203.987
1776625200,239.66,241.85,239.65,240.65,3100.124
1776628800,240.61,241.93,239.72,241.35,1031.526
1776632400,241.39,244.02,241.39,242.91,1969.7
1776636000,242.66,242.66,238.15,238.84,4572.412
1776639600,238.59,239.96,237.35,239.36,2187.312
1776643200,239.63,243.35,239.27,242.92,2296.811
1776646800,243.36,243.93,242.1,242.29,863.365
1776650400,242.35,243.51,241.6,241.99,778.083
1776654000,242.05,243.63,242.0,242.41,433.839
1776657600,242.42,242.88,241.05,241.08,370.613
1776661200,241.16,241.56,239.43,241.19,1040.379
1776664800,241.3,243.05,240.91,242.46,188.717
1776668400,242.58,245.94,242.01,242.97,2603.687
1776672000,243.08,244.48,242.49,243.16,443.661
1776675600,243.3,245.11,242.33,244.49,853.703
1776679200,244.42,245.42,242.72,242.93,1282.346
1776682800,242.97,244.75,242.81,243.48,514.026
1776686400,243.43,244.78,242.56,243.42,1546.906
1776690000,243.61,243.84,240.89,243.14,689.905
1776693600,243.0,244.41,240.82,241.23,1347.373
1776697200,241.35,245.3,239.86,245.07,2246.941
1776700800,245.17,246.87,244.52,246.4,2175.982
1776704400,246.51,248.82,246.09,247.06,6062.25
1776708000,247.11,249.4,247.03,248.6,4220.173
1776711600,248.68,249.1,246.81,247.41,1037.396
1776715200,247.46,248.5,246.59,247.82,2117.037
1776718800,247.86,248.05,245.66,245.85,1400.77
1776722400,246.0,246.4,244.63,245.0,765.252
1776726000,245.03,245.03,243.59,243.98,1360.988
1776729600,244.14,245.31,243.34,245.2,1318.765
1776733200,245.01,246.09,244.71,245.22,1799.094
1776736800,245.21,246.55,244.48,245.6,665.841
1776740400,245.69,245.7,243.92,244.73,1281.037
1776744000,244.67,246.27,243.57,245.44,1987.889
1776747600,245.63,246.97,245.0,245.19,536.866
1776751200,245.25,246.84,244.59,246.01,1086.938
1776754800,245.96,247.11,245.42,246.49,400.294
1776758400,246.49,248.36,246.42,246.89,1374.861
1776762000,246.99,248.3,246.57,248.14,552.885
1776765600,248.16,249.74,247.23,248.99,1003.507
1776769200,248.98,249.3,247.49,247.77,829.808
1776772800,247.77,248.06,245.0,247.04,1169.36
1776776400,247.1,247.27,245.37,246.11,273.941
1776780000,246.29,246.35,242.3,242.83,2216.909
1776783600,242.96,244.78,242.19,244.42,1000.743
1776787200,244.56,244.78,242.78,242.96,746.615
1776790800,242.91,245.01,240.67,243.37,4146.783
1776794400,243.36,243.39,241.05,241.81,3277.89
1776798000,241.98,244.84,240.08,240.93,2088.122
1776801600,240.72,243.82,240.41,243.49,736.516
1776805200,243.31,244.51,243.11,243.49,309.302
1776808800,243.38,244.42,242.35,242.72,626.242
1776812400,242.97,245.06,242.92,244.91,691.576
1776816000,244.96,246.47,242.71,243.82,846.294
1776819600,243.9,244.0,241.8,242.16,281.961
1776823200,242.14,246.8,241.5,246.38,1939.53
1776826800,246.48,246.96,244.76,245.73,2908.181
1776830400,245.83,247.59,245.72,246.29,217.143
1776834000,246.53,249.47,246.35,247.78,1641.9
1776837600,247.82,248.48,247.3,247.91,617.195
1776841200,248.05,248.55,246.91,248.05,396.796
1776844800,248.23,249.61,247.47,248.33,1291.736
1776848400,248.25,248.53,245.81,245.84,645.949
1776852000,246.22,247.43,245.07,247.03,1523.777
1776855600,247.03,247.72,246.36,246.39,1632.891
1776859200,246.42,248.05,246.1,247.51,2159.057
1776862800,247.52,248.55,246.81,247.3,1262.818
1776866400,247.58,247.88,244.72,245.67,1976.666
1776870000,245.64,246.5,243.36,243.36,3081.751
1776873600,243.57,245.4,243.34,245.35,2097.222
1776877200,245.42,247.81,245.42,247.76,1018.73
1776880800,247.76,248.87,246.37,246.42,2178.837
1776884400,246.42,247.55,244.84,245.68,407.815
1776888000,245.84,246.04,244.51,244.51,748.391
1776891600,244.71,248.2,244.71,248.07,1536.424
1776895200,248.07,249.18,246.89,247.66,2850.703
1776898800,247.61,247.62,245.48,245.56,1064.403
1776902400,245.82,246.43,243.56,245.17,908.988
1776906000,244.95,245.36,243.59,244.83,1347.36
1776909600,244.83,244.84,241.19,241.81,2717.12
1776913200,241.82,242.46,240.89,242.46,1368.589
1776916800,242.4,242.51,241.04,242.31,579.915
1776920400,242.4,243.38,241.84,242.46,308.918
1776924000,242.47,243.76,242.0,243.39,587.962
1776927600,243.44,243.44,241.59,241.76,728.899
1776931200,241.77,242.6,241.28,242.53,371.803
1776934800,242.49,242.76,240.6,241.54,446.921
1776938400,241.46,241.92,240.55,241.74,942.683
1776942000,241.64,243.57,241.5,243.21,829.774
1776945600,243.22,244.26,242.27,243.98,1046.354
1776949200,243.99,244.06,242.73,243.54,1184.765
1776952800,243.33,245.7,243.09,245.36,1408.544
1776956400,245.35,245.67,242.56,244.05,2049.359
1776960000,244.08,246.76,244.08,244.57,1226.181
1776963600,244.47,244.5,240.82,243.1,5107.59
1776967200,243.11,243.53,242.0,242.0,466.843
1776970800,242.0,245.23,241.74,244.6,1304.339
1776974400,244.72,248.54,244.72,247.13,3914.698
1776978000,247.11,250.41,244.91,248.59,6462.251
1776981600,248.6,253.54,248.13,250.6,5300.255
1776985200,250.5,253.3,249.83,252.9,3958.842
1776988800,252.79,254.99,251.76,252.99,4437.812
1776992400,253.13,253.17,250.28,252.02,2194.702
1776996000,252.04,252.51,249.19,249.39,1349.523
1776999600,249.3,249.35,244.37,245.03,3071.696
1777003200,245.09,245.46,243.33,245.35,1849.905
1777006800,245.48,247.65,244.76,246.69,381.874
1777010400,246.71,246.99,244.9,245.62,728.901
1777014000,245.56,245.8,244.88,245.29,294.693
1777017600,245.48,247.28,245.48,246.01,400.306
1777021200,246.11,246.13,244.56,245.07,1255.402
1777024800,244.94,247.96,244.19,247.77,1254.005
1777028400,247.81,248.65,247.35,248.29,1023.326
1777032000,248.4,249.07,248.16,248.5,488.38
1777035600,248.53,249.0,247.76,247.87,421.576
1777039200,247.87,248.51,246.79,247.7,775.74
1777042800,247.94,247.94,244.63,247.67,2929.304
1777046400,247.79,248.55,246.32,248.24,1670.641
1777050000,248.34,249.44,247.78,248.62,980.975
1777053600,248.28,250.08,246.98,249.57,2221.456
1777057200,249.62,251.31,249.1,250.97,1487.59
1777060800,251.12,252.78,249.53,251.2,1826.718
1777064400,251.2,252.59,248.81,249.43,889.99
1777068000,249.45,250.65,247.61,249.07,3242.177
1777071600,248.73,248.73,247.66,248.7,223.407
1777075200,248.75,248.92,246.87,247.84,644.345
1777078800,248.0,248.37,246.84,248.37,714.799
1777082400,248.39,248.83,247.55,248.66,462.676
1777086000,248.84,250.47,248.7,249.67,409.627
1777089600,249.87,249.91,247.88,248.11,829.363
1777093200,248.07,250.07,247.2,250.05,307.677
1777096800,250.07,252.32,250.07,250.98,1860.29
1777100400,250.72,251.3,249.04,249.52,386.115
1777104000,249.32,251.17,249.32,251.0,105.17
1777107600,251.09,251.79,249.85,251.23,419.134
1777111200,251.19,251.88,250.9,251.6,984.923
1777114800,251.62,251.8,250.53,251.28,3622.989
1777118400,251.31,253.22,250.64,250.64,912.925
1777122000,250.57,252.16,250.12,251.28,538.354
1777125600,251.39,251.94,250.24,250.49,680.958
1777129200,250.43,250.74,247.77,248.53,851.58
1777132800,248.32,249.6,247.15,248.0,6023.067
1777136400,248.0,248.0,245.33,245.64,6237.401
1777140000,245.69,247.28,245.18,246.34,4464.308
1777143600,246.32,246.73,245.44,245.71,404.397
1777147200,245.82,247.19,244.98,247.02,1410.942
1777150800,247.02,247.54,246.16,246.45,99.854
1777154400,246.33,247.26,246.0,246.49,93.611
1777158000,246.61,247.48,246.61,247.44,509.43
1777161600,247.38,247.38,246.13,246.26,178.704
1777165200,246.26,246.26,245.24,245.24,63.332
1777168800,245.22,246.16,245.2,246.13,757.907
1777172400,246.12,246.12,244.59,245.62,452.676
1777176000,245.44,247.1,244.96,245.77,108.024
1777179600,245.8,247.39,245.45,247.34,548.281
1777183200,247.35,248.04,246.74,246.89,232.113
1777186800,246.95,247.35,246.28,247.18,157.853
1777190400,247.16,247.35,246.07,246.69,423.245
1777194000,246.71,247.21,245.85,246.72,432.198
1777197600,246.62,247.79,246.16,247.23,195.435
1777201200,247.33,248.07,246.88,247.68,254.846
1777204800,247.72,247.87,245.42,245.75,395.008
1777208400,245.72,246.36,245.43,245.72,264.561
1777212000,245.73,248.07,245.57,247.65,782.085
1777215600,247.66,248.91,247.58,248.91,290.711
1777219200,248.94,249.87,247.97,248.1,338.997
1777222800,248.01,248.8,247.43,248.3,224.137
1777226400,248.37,249.81,248.2,249.52,1076.342
1777230000,249.52,252.4,249.52,251.66,2156.802
1777233600,251.62,252.7,249.84,250.08,4326.468
1777237200,250.04,251.49,248.38,250.7,761.157
1777240800,250.52,251.71,249.44,251.09,2013.151
1777244400,250.96,252.43,250.81,251.22,1469.413
1777248000,251.26,254.78,251.26,254.26,1541.108
1777251600,254.47,256.05,252.41,255.7,1814.225
1777255200,255.69,255.87,253.39,254.79,1392.374
1777258800,254.79,255.9,254.55,255.34,513.697
1777262400,255.25,257.1,254.84,255.17,1677.575
1777266000,255.23,255.49,249.86,250.67,2256.347
1777269600,250.47,252.0,248.26,249.49,1929.472
1777273200,249.34,249.86,247.54,247.99,655.918
1777276800,247.95,249.02,247.22,248.76,1076.176
1777280400,248.71,250.96,248.71,250.52,248.794
1777284000,250.51,250.63,249.09,249.14,436.187
1777287600,249.08,250.18,248.28,249.65,625.074
1777291200,249.79,251.85,248.87,250.85,2847.466
1777294800,250.93,251.3,248.0,248.79,1372.272
1777298400,248.7,251.07,248.55,249.54,551.539
1777302000,249.59,249.59,244.17,245.92,3839.916
1777305600,245.89,246.0,244.18,245.61,5830.834
1777309200,245.79,247.8,245.79,247.05,374.087
1777312800,246.83,247.32,246.34,246.77,126.075
1777316400,246.96,247.28,244.92,245.78,497.427
1777320000,245.88,246.67,245.47,245.84,271.958
1777323600,245.81,246.92,245.21,245.97,184.691
1777327200,246.01,247.36,245.89,246.86,221.735
1777330800,246.86,248.24,246.82,247.97,241.924
1777334400,248.07,249.95,247.38,249.95,1275.434
1777338000,249.94,249.94,247.39,247.52,892.061
1777341600,247.48,247.82,246.0,247.09,373.792
1777345200,247.09,247.89,246.37,247.89,276.141
1777348800,247.91,248.71,246.48,247.92,816.629
1777352400,247.92,249.63,247.36,247.91,986.438
1777356000,247.71,248.38,246.6,247.65,175.191
1777359600,247.73,249.36,246.58,248.94,130.324
1777363200,248.94,250.58,248.3,250.11,533.996
1777366800,250.14,250.42,247.98,248.35,883.264
1777370400,248.39,249.88,247.62,249.61,1248.184
1777374000,249.64,250.41,248.63,250.25,2453.107
1777377600,250.25,253.11,249.66,251.96,5243.159
1777381200,252.05,253.4,249.6,251.86,3475.207
1777384800,251.77,251.81,248.23,251.49,2250.889
1777388400,251.59,256.72,251.59,256.42,10443.31
1777392000,256.3,260.3,256.18,257.02,9302.901
1777395600,257.07,257.46,253.88,256.02,10822.161
1777399200,256.03,258.3,255.77,258.3,890.819
1777402800,258.32,258.9,256.61,257.05,1548.249
1777406400,257.05,257.82,255.55,256.25,1286.66
1777410000,256.16,257.48,255.85,256.92,651.852
1777413600,256.95,257.72,256.01,257.11,291.526
1777417200,257.03,258.94,256.58,258.18,2742.565
1777420800,258.23,259.28,257.17,258.97,1049.536
1777424400,258.89,259.05,257.02,257.59,954.951
1777428000,257.71,261.0,257.59,260.69,3598.018
1777431600,261.0,264.9,260.94,264.46,8139.929
1777435200,264.45,265.6,262.8,263.03,3708.844
1777438800,263.06,266.56,261.47,265.31,2475.797
1777442400,265.26,265.26,261.75,263.13,3706.972
1777446000,263.03,263.04,260.43,260.7,2145.762
1777449600,260.69,261.27,259.58,260.42,695.75
1777453200,260.44,262.57,259.19,261.18,1290.407
1777456800,261.22,263.14,259.9,260.32,1634.316
1777460400,260.29,260.42,258.07,258.24,1903.149
1777464000,258.34,258.73,255.55,257.19,1586.64
1777467600,257.26,257.54,255.1,255.96,1513.049
1777471200,255.75,255.78,253.71,254.24,1575.771
1777474800,254.16,254.16,250.88,251.96,1420.185
1777478400,252.02,252.21,249.65,249.95,1094.158
1777482000,250.15,252.26,249.27,252.15,985.275
1777485600,252.16,252.44,248.25,250.07,2029.826
1777489200,250.35,252.28,249.81,251.6,4105.079
1777492800,251.8,255.12,251.8,253.72,1744.941
1777496400,253.62,257.81,253.48,256.57,519.206
1777500000,256.75,256.83,254.92,255.33,312.225
1777503600,255.28,255.43,253.63,253.91,264.182
1777507200,254.09,254.21,251.78,252.81,2783.381
1777510800,252.76,253.73,252.21,252.96,956.477
1777514400,253.19,253.79,249.7,251.38,2357.752
1777518000,251.1,251.86,250.15,250.36,620.858
1777521600,250.37,250.41,248.67,249.18,1486.798
1777525200,249.28,250.35,249.0,249.81,600.64
1777528800,249.92,251.39,249.58,250.1,337.743
1777532400,250.1,251.0,250.08,250.29,952.449
1777536000,250.37,250.66,249.8,250.04,289.604
1777539600,250.05,250.68,249.54,250.27,495.424
1777543200,250.49,250.97,249.22,249.76,280.862
1777546800,249.79,250.53,248.81,250.24,339.823
1777550400,250.26,250.87,249.72,250.08,1525.276
1777554000,250.37,251.8,250.18,250.18,1979.264
1777557600,250.26,250.44,246.64,247.84,4801.3
1777561200,247.91,250.5,247.41,250.13,618.324
1777564800,250.13,250.43,248.69,248.92,311.093
1777568400,249.02,250.4,248.61,249.89,889.8
1777572000,249.88,250.33,249.39,249.97,199.589
1777575600,249.9,250.4,249.18,249.46,189.197
1777579200,249.36,250.8,248.52,250.4,1574.191
1777582800,250.45,250.49,248.16,248.16,759.293
1777586400,248.36,249.07,248.0,248.4,641.51
1777590000,248.33,249.11,248.01,249.11,208.482
1777593600,249.12,251.15,249.12,250.09,847.812
1777597200,250.13,251.1,249.95,250.91,967.993
1777600800,250.96,250.96,249.82,250.47,407.402
1777604400,250.52,253.9,250.41,253.34,686.414
1777608000,253.5,254.47,252.3,253.33,220.434
1777611600,253.35,255.09,252.91,254.97,786.27
1777615200,254.91,255.16,253.39,254.17,565.355
1777618800,254.08,255.86,253.51,255.29,312.111
1777622400,255.22,259.75,254.88,259.15,1461.913
1777626000,259.2,261.8,258.68,261.67,6104.125
1777629600,261.55,264.22,261.07,263.35,8233.275
1777633200,263.27,265.23,260.53,261.93,6316.381
1777636800,261.97,265.9,261.81,263.71,1650.716
1777640400,263.16,265.71,262.07,262.85,6621.528
1777644000,262.64,267.25,261.36,266.58,4675.912
1777647600,266.52,272.8,266.48,272.09,11169.375
1777651200,272.11,275.39,269.48,272.51,7945.997
1777654800,272.7,275.07,270.37,271.76,3570.871
1777658400,271.5,274.8,271.15,273.76,4621.096
1777662000,273.61,274.78,271.61,273.25,9247.221
1777665600,273.1,274.31,269.49,270.98,5702.348
1777669200,270.9,271.45,268.62,270.27,2917.481
1777672800,270.47,272.77,269.83,270.22,3114.085
1777676400,270.09,271.43,269.41,270.65,737.677
1777680000,270.69,271.2,269.1,270.27,2613.406
1777683600,270.5,272.23,270.27,271.25,1927.042
1777687200,271.3,271.95,269.84,270.87,619.218
1777690800,270.91,273.6,270.5,273.43,434.041
1777694400,273.59,274.0,271.53,271.97,1263.664
1777698000,271.87,272.65,271.0,271.63,431.852
1777701600,271.42,277.34,271.11,277.22,3092.918
1777705200,277.0,278.67,273.03,273.85,2252.372
1777708800,273.76,275.44,272.53,274.02,1404.684
1777712400,273.94,274.77,272.9,273.24,302.528
1777716000,273.15,274.0,272.23,273.82,276.803
1777719600,273.81,275.12,272.72,274.13,1177.722
1777723200,274.28,277.31,273.2,275.69,2167.263
1777726800,275.6,277.06,274.09,274.83,1028.04
1777730400,275.02,276.8,274.55,275.6,722.888
1777734000,275.58,277.89,275.14,277.68,2458.43
1777737600,277.67,277.89,275.74,277.57,1896.178
1777741200,277.61,279.35,276.86,277.92,2823.322
1777744800,277.86,288.84,277.32,286.35,5042.932
1777748400,286.58,290.72,285.0,290.17,2608.023
1777752000,290.19,292.0,288.65,289.15,2860.643
1777755600,289.46,290.08,285.63,287.76,2639.957
1777759200,287.79,288.55,285.57,286.66,1106.121
1777762800,286.64,288.42,285.77,287.0,947.041
1777766400,287.01,287.41,284.02,284.74,1304.299
1777770000,284.76,284.87,282.15,283.09,1971.692
1777773600,282.94,285.18,282.43,284.28,614.621
1777777200,284.04,285.86,282.95,285.43,451.212
1777780800,285.37,287.47,285.09,286.52,992.445
1777784400,286.61,290.68,286.58,289.09,1171.581
1777788000,289.12,289.18,287.49,288.62,624.718
1777791600,288.28,292.19,288.08,290.56,2149.345
1777795200,290.63,290.99,286.16,286.21,1639.077
1777798800,286.21,286.44,285.14,285.77,755.206
1777802400,285.66,285.66,282.89,284.91,998.512
1777806000,284.89,289.63,284.63,288.12,1295.72
1777809600,288.15,289.11,286.12,287.79,1805.512
1777813200,287.72,287.84,286.51,286.85,937.589
1777816800,286.89,288.61,285.73,288.01,1121.362
1777820400,287.98,291.4,287.8,289.7,4766.442
1777824000,289.76,291.64,288.79,290.88,2056.867
1777827600,290.89,291.19,288.0,288.79,1376.813
1777831200,288.86,289.66,288.16,288.99,540.622
1777834800,289.15,291.14,288.61,291.08,1217.685
1777838400,291.1,295.93,290.92,293.34,6249.331
1777842000,293.41,294.88,289.35,289.89,2490.182
1777845600,289.95,291.91,289.41,289.99,737.462
1777849200,289.98,290.91,288.57,289.34,1148.586
1777852800,289.36,290.01,286.36,288.58,2633.19
1777856400,288.64,289.0,286.62,288.24,1219.663
1777860000,288.43,291.09,287.29,290.04,1895.946
1777863600,290.09,295.16,290.09,293.54,2802.549
1777867200,293.44,295.29,288.81,289.52,1733.933
1777870800,289.57,289.87,286.8,287.98,2042.902
1777874400,288.06,289.01,285.78,287.59,2569.209
1777878000,287.54,290.25,287.37,289.66,943.223
1777881600,289.64,290.02,287.77,288.62,735.575
1777885200,288.62,292.78,288.12,292.78,1203.182
1777888800,292.92,293.23,280.58,284.48,8904.46
1777892400,284.53,285.65,281.71,283.19,2504.477
1777896000,283.14,286.95,282.81,285.93,1236.821
1777899600,285.69,286.32,282.18,283.89,2439.157
1777903200,283.88,286.38,282.57,284.14,1165.58
1777906800,284.05,284.88,276.54,279.56,7564.148
1777910400,279.44,279.9,277.73,279.17,1352.66
1777914000,279.33,284.2,279.16,282.89,1394.104
1777917600,282.97,284.28,281.82,283.77,2782.093
1777921200,283.76,284.68,281.91,282.33,1635.325
1777924800,282.27,283.79,281.0,283.17,1670.769
1777928400,283.16,285.15,282.48,284.84,1211.178
1777932000,284.8,287.96,284.69,287.04,1742.548
1777935600,287.02,287.34,284.47,284.7,2652.698
1777939200,284.7,287.52,283.22,286.47,1408.063
1777942800,286.53,290.51,286.48,289.1,2868.743
1777946400,289.14,289.79,286.41,288.06,2113.93
1777950000,288.33,288.77,286.13,286.32,2387.767
1777953600,286.25,287.0,285.0,286.08,2587.894
1777957200,286.03,286.46,284.57,285.31,1179.122
1777960800,285.32,285.97,284.06,285.3,1421.25
1777964400,285.36,285.54,283.36,284.59,779.569
1777968000,284.36,285.88,283.68,285.72,829.224
1777971600,285.72,285.72,282.42,283.55,1361.488
1777975200,283.52,285.59,282.97,285.51,1384.095
1777978800,285.56,288.54,285.56,287.64,2109.607
1777982400,287.65,288.45,284.9,285.93,1217.047
1777986000,286.1,287.89,282.4,283.47,4508.287
1777989600,283.44,284.71,282.46,283.82,1832.885
1777993200,283.82,284.44,282.73,283.21,3599.645
1777996800,283.45,286.88,282.43,283.34,7731.477
1778000400,283.44,283.63,281.2,282.67,1112.528
1778004000,282.73,283.73,280.32,283.37,5599.588
1778007600,283.24,286.07,283.22,286.07,1431.599
1778011200,286.12,294.67,285.24,294.44,12222.627
1778014800,294.44,296.25,288.33,292.0,11861.274
1778018400,292.0,306.46,292.0,293.34,28436.339
1778022000,293.16,295.09,290.05,292.72,12658.472
1778025600,292.69,296.39,290.27,295.36,2629.6
1778029200,295.2,297.35,289.29,289.72,9103.83
1778032800,289.69,290.43,284.02,286.07,11771.9
1778036400,286.15,286.9,284.0,286.5,721.413
1778040000,286.52,287.33,285.36,285.8,749.836
1778043600,285.6,288.82,285.2,288.17,3071.818
1778047200,288.21,291.58,285.87,291.43,890.807
1778050800,291.38,295.49,291.32,292.69,8929.706
1778054400,292.7,299.63,292.0,297.69,3921.273
1778058000,297.49,303.81,295.52,302.83,5685.566
1778061600,302.84,305.77,300.04,304.32,12538.645
1778065200,304.73,313.2,302.38,313.2,16303.186
1778068800,313.08,316.93,310.66,311.5,9778.275
1778072400,311.4,311.4,302.18,305.53,14949.685
1778076000,305.41,312.56,302.25,310.97,17404.99
1778079600,310.85,324.28,310.32,318.78,16747.141
1778083200,318.6,320.99,312.32,317.97,10629.858
1778086800,317.85,318.3,312.16,313.98,1703.098
1778090400,313.99,315.77,311.66,314.84,1552.98
1778094000,314.79,317.51,310.73,313.26,1587.223
1778097600,313.08,316.25,311.11,311.56,1834.292
1778101200,311.6,315.55,311.45,314.95,2685.95
1778104800,314.93,314.93,305.75,307.18,3903.668
1778108400,307.2,309.38,305.17,309.24,1829.379
1778112000,309.27,311.11,307.6,310.4,1857.182
1778115600,310.18,310.27,303.52,305.94,4900.952
1778119200,305.48,306.92,303.73,306.38,1861.294
1778122800,306.34,308.58,303.89,306.53,2266.024
1778126400,306.66,309.9,305.5,309.06,2250.314
1778130000,309.12,311.81,308.65,309.99,1724.937
1778133600,309.89,313.7,307.78,313.2,3687.367
1778137200,312.91,313.23,310.41,312.12,533.024
1778140800,312.02,313.45,307.92,308.16,1186.652
1778144400,308.26,308.31,305.6,307.01,1716.164
1778148000,306.45,308.2,305.24,307.6,1510.47
1778151600,307.72,315.78,307.72,313.71,4806.661
1778155200,313.65,315.94,312.65,313.56,4674.858
1778158800,313.44,313.44,307.83,309.95,1590.504
1778162400,310.01,310.17,304.56,306.89,2142.715
1778166000,306.86,308.73,304.7,305.12,2234.349
1778169600,304.96,312.23,302.78,309.87,3169.973
1778173200,309.62,311.0,306.04,307.61,1025.319
1778176800,307.55,311.2,305.33,307.15,6245.952
1778180400,307.1,307.5,304.98,305.61,1199.974
1778184000,305.61,307.38,300.02,301.01,18587.252
1778187600,300.91,301.66,295.55,300.65,13902.855
1778191200,300.3,301.26,297.89,299.89,2158.402
1778194800,299.84,302.66,299.6,302.24,977.874
1778198400,302.41,304.26,301.43,302.49,451.172
1778202000,302.78,303.3,299.33,300.63,2221.189
1778205600,300.59,302.34,298.87,301.44,969.504
1778209200,301.24,303.5,300.32,302.48,785.2
1778212800,302.47,305.44,302.46,303.34,913.581
1778216400,303.38,305.2,302.94,303.65,494.411
1778220000,303.42,303.42,300.86,301.85,591.855
1778223600,301.85,305.0,299.89,303.12,783.805
1778227200,303.14,307.36,303.14,307.31,12084.168
1778230800,307.22,313.53,306.82,311.21,3680.85
1778234400,311.22,312.19,308.16,308.16,8053.887
1778238000,308.3,309.66,306.0,308.41,5694.296
1778241600,308.47,310.16,306.59,307.11,529.425
1778245200,307.08,308.5,304.8,308.5,2239.608
1778248800,308.5,314.3,308.46,310.97,3611.237
1778252400,310.99,311.85,307.57,310.89,1966.03
1778256000,311.1,312.84,309.6,312.84,2714.735
1778259600,312.89,318.02,311.87,312.32,8157.215
1778263200,312.49,317.72,312.46,314.74,1497.462
1778266800,314.64,315.14,312.64,313.17,1721.311
1778270400,313.12,314.37,312.2,313.05,2341.888
1778274000,313.16,317.37,312.94,316.46,1762.733
1778277600,316.2,318.45,315.06,315.35,3171.255
1778281200,315.24,317.6,313.18,316.81,3587.479
1778284800,316.63,318.09,315.01,315.16,1415.287
1778288400,315.34,315.56,312.99,313.39,1196.868
1778292000,313.4,315.39,313.21,315.31,1109.838
1778295600,315.33,315.4,311.32,312.38,2019.147
1778299200,312.32,314.83,312.03,312.24,1808.478
1778302800,312.21,313.82,311.32,313.08,1868.473
1778306400,313.08,313.35,309.72,311.06,1347.809
1778310000,311.06,313.39,310.28,313.38,1144.198
1778313600,313.34,314.46,312.52,313.51,927.93
1778317200,313.48,313.89,309.45,310.82,816.511
1778320800,310.78,312.03,308.92,311.5,2487.381
1778324400,311.49,312.91,309.11,309.91,830.259
1778328000,309.91,311.0,308.63,310.27,2101.786
1778331600,310.24,310.49,307.53,309.18,2173.638
1778335200,309.15,309.4,306.38,307.46,1123.652
1778338800,307.48,308.05,305.59,307.02,659.771
1778342400,306.97,308.82,306.25,307.65,632.748
1778346000,307.64,310.74,307.64,310.34,1095.454
1778349600,310.36,311.97,310.21,310.91,452.016
1778353200,310.92,311.25,309.69,311.05,1034.03
1778356800,311.05,311.4,309.0,309.1,445.322
1778360400,309.08,310.01,308.91,309.3,448.422
1778364000,309.3,310.09,308.38,309.45,1690.658
1778367600,309.43,309.75,307.55,308.03,2748.983
1778371200,308.03,309.05,307.12,307.65,1137.533
1778374800,307.65,313.23,306.54,312.96,746.653
1778378400,312.94,314.89,311.69,312.38,728.024
1778382000,312.51,314.43,310.71,313.56,3207.295
1778385600,313.64,314.31,311.25,312.46,443.274
1778389200,312.34,312.34,309.1,309.99,403.258
1778392800,309.99,311.44,309.32,311.05,1496.369
1778396400,311.05,314.64,311.04,313.61,2725.282
1778400000,313.6,316.55,313.09,315.03,603.103
1778403600,315.11,315.37,312.58,313.29,926.505
1778407200,313.28,313.54,310.91,313.49,985.866
1778410800,313.54,316.0,313.54,314.59,859.897
1778414400,314.58,315.3,313.23,314.48,327.516
1778418000,314.37,329.37,314.35,317.11,11028.126
1778421600,317.05,323.62,316.93,323.22,7273.108
1778425200,322.94,323.19,317.56,318.61,6347.26
1778428800,318.5,328.2,317.96,328.11,16684.388
1778432400,328.14,329.9,325.86,329.06,3322.656
1778436000,329.1,330.64,327.8,329.26,4305.708
1778439600,329.21,333.5,326.78,329.76,3461.34
1778443200,329.52,331.32,313.11,318.24,13890.23
1778446800,318.09,322.0,316.01,318.7,4014.4
1778450400,318.58,323.0,318.0,320.34,12212.493
1778454000,320.16,322.26,317.99,320.47,7195.871
1778457600,320.57,321.1,315.84,319.13,5171.454
1778461200,319.01,324.96,317.75,324.67,2482.038
1778464800,324.7,325.2,317.89,318.48,3106.572
1778468400,318.8,319.02,312.85,318.12,3702.569
1778472000,318.09,319.2,316.63,318.36,1336.678
1778475600,318.33,323.16,317.37,322.06,1367.72
1778479200,321.62,323.85,318.63,318.63,688.501
1778482800,318.63,320.38,318.0,319.85,703.079
1778486400,319.66,321.6,317.05,320.16,1460.807
1778490000,320.09,327.0,320.05,326.15,2001.186
1778493600,326.02,326.85,321.65,321.86,3274.181
1778497200,322.09,323.52,321.21,322.06,566.778
1778500800,322.32,325.37,320.32,322.94,1389.507
1778504400,322.8,324.59,316.47,320.62,2861.665
1778508000,320.55,325.17,320.55,324.28,3268.564
1778511600,324.29,328.11,322.72,324.48,4838.761
1778515200,324.48,325.72,321.75,322.4,2430.042
1778518800,322.36,323.28,319.39,322.86,2221.27
1778522400,323.01,327.86,322.99,326.24,2012.794
1778526000,326.24,328.36,324.94,326.89,2223.25
1778529600,326.44,329.18,323.06,324.28,1717.984
1778533200,324.03,324.53,320.84,321.3,3117.692
1778536800,321.15,322.78,320.07,321.82,1036.263
1778540400,321.82,322.75,318.85,320.78,2146.894
1778544000,320.75,320.81,318.19,320.38,3212.157
1778547600,320.5,321.46,315.61,316.73,1751.149
1778551200,316.91,318.81,316.29,317.7,602.695
1778554800,317.74,318.34,316.02,317.08,2538.951
1778558400,317.03,320.02,316.37,319.5,3133.924
1778562000,319.34,322.96,319.05,322.43,1821.609
1778565600,322.34,322.49,318.57,319.79,575.579
1778569200,319.47,320.63,318.06,319.5,1918.408
1778572800,319.55,320.09,316.04,316.24,1056.378
1778576400,316.39,316.89,312.26,314.02,2180.994
1778580000,314.23,314.4,310.83,312.64,1280.466
1778583600,312.96,313.26,310.49,311.6,888.01
1778587200,311.63,314.0,309.22,312.9,2715.34
1778590800,312.81,313.59,310.62,310.72,1459.262
1778594400,310.61,312.78,306.21,307.72,2169.834
1778598000,307.79,308.62,305.23,306.51,4909.012
1778601600,306.31,308.28,304.14,305.25,2409.553
1778605200,305.47,308.23,305.31,307.75,1124.559
1778608800,307.75,308.65,306.83,307.45,2360.754
1778612400,307.45,309.92,307.45,309.62,2249.426
1778616000,309.55,312.19,308.3,311.66,2382.558
1778619600,311.56,312.42,309.94,310.86,907.314
1778623200,310.86,312.71,310.76,311.0,870.339
1778626800,311.27,312.12,308.8,309.36,2217.419
1778630400,309.42,311.67,308.87,311.03,411.992
1778634000,311.29,313.89,310.74,312.02,1508.52
1778637600,311.95,314.49,311.08,312.54,3967.888
1778641200,312.59,313.79,312.01,313.03,3395.366
1778644800,313.05,313.19,310.41,310.42,1456.941
1778648400,310.47,310.6,303.21,304.82,5483.156
1778652000,304.77,305.99,304.32,305.97,1310.39
1778655600,305.86,307.27,305.47,305.81,506.717
1778659200,305.74,306.6,303.92,306.27,1197.974
1778662800,306.42,308.33,306.23,308.26,1063.644
1778666400,308.15,308.18,305.46,306.62,830.383
1778670000,306.45,306.54,302.2,303.31,737.678
1778673600,303.2,303.95,298.0,300.1,2414.944
1778677200,300.16,301.6,295.22,297.74,2543.321
1778680800,297.67,299.52,295.61,297.52,1843.298
1778684400,297.44,298.12,290.64,291.34,5492.486
1778688000,291.34,294.2,291.15,293.21,2230.199
1778691600,293.22,294.59,292.23,294.27,766.445
1778695200,294.24,295.36,294.08,294.45,726.859
1778698800,294.55,294.67,292.74,293.23,315.82
1778702400,293.36,294.84,293.36,294.63,664.914
1778706000,294.76,295.89,293.11,295.16,1258.313
1778709600,295.21,296.85,293.92,296.56,616.346
1778713200,296.66,297.39,294.32,294.69,520.839
1778716800,294.68,297.38,294.26,296.42,1189.739
1778720400,296.45,297.1,295.71,296.52,973.114
1778724000,296.57,298.11,295.76,295.91,563.973
1778727600,295.73,296.25,292.25,293.09,866.749
1778731200,293.17,294.57,292.72,294.38,441.136
1778734800,294.31,296.68,294.29,296.23,667.203
1778738400,296.19,296.68,294.78,295.24,669.127
1778742000,295.1,296.62,294.89,295.64,587.51
1778745600,295.67,296.63,294.67,296.28,805.958
1778749200,296.34,297.52,294.14,295.19,908.263
1778752800,295.15,298.16,294.9,298.06,293.824
1778756400,298.2,298.33,295.55,296.14,392.167
1778760000,296.14,300.05,295.82,299.67,743.891
1778763600,299.73,303.08,299.22,301.16,3117.537
1778767200,301.07,306.5,300.14,306.41,4505.727
1778770800,306.42,307.16,304.58,305.67,2607.205
1778774400,305.63,308.79,304.92,307.83,2931.852
1778778000,307.85,308.07,304.26,305.08,841.922
1778781600,305.13,307.46,303.51,306.4,1727.152
1778785200,306.32,306.95,304.0,305.28,408.194
1778788800,305.34,306.02,302.66,304.57,408.684
1778792400,304.66,307.39,303.75,307.23,1232.093
1778796000,307.23,309.39,306.81,307.18,990.09
1778799600,307.04,307.04,303.93,304.38,929.901
1778803200,304.44,307.98,304.44,307.88,1476.683
1778806800,307.85,308.42,305.54,305.62,884.156
1778810400,305.57,307.04,302.84,305.43,4877.591
1778814000,305.43,305.99,303.6,304.36,937.227
1778817600,304.31,305.77,303.1,304.15,822.162
1778821200,304.28,305.94,299.21,300.39,3448.554
1778824800,300.23,303.6,299.99,303.25,522.797
1778828400,302.95,304.33,302.12,303.32,320.714
1778832000,303.11,303.11,298.87,299.39,1470.556
1778835600,299.58,300.49,298.27,299.21,821.637
1778839200,299.23,301.7,299.18,301.46,503.945
1778842800,301.39,301.62,299.98,300.28,868.268
1778846400,300.16,300.36,298.06,298.61,1223.164
1778850000,298.5,298.5,287.94,288.55,3711.89
1778853600,288.71,292.0,287.0,288.46,1998.06
1778857200,288.56,289.04,285.5,286.23,1157.221
1778860800,286.35,288.13,284.53,285.78,2118.488
1778864400,285.82,289.69,285.82,288.95,1273.266
1778868000,289.29,289.65,288.0,288.41,185.143
1778871600,288.51,288.53,287.19,287.27,387.941
1778875200,287.26,287.78,285.55,286.16,855.039
1778878800,285.9,286.78,284.63,284.63,729.962
1778882400,284.77,285.91,284.77,285.22,648.414
1778886000,285.22,285.57,284.37,285.16,379.804
1778889600,285.22,286.39,284.7,285.06,441.59
1778893200,285.24,285.37,281.87,282.77,1456.497
1778896800,282.86,283.08,281.38,282.28,658.854
1778900400,282.33,283.43,281.91,282.51,693.727
1778904000,282.51,282.8,276.86,278.77,2013.675
1778907600,278.77,279.52,278.06,278.62,491.459
1778911200,278.8,278.9,273.32,274.16,2833.669
1778914800,274.1,274.11,267.84,271.14,2448.636
1778918400,271.18,274.15,271.02,273.32,2447.844
1778922000,273.32,274.28,269.52,271.62,2389.466
1778925600,271.62,271.89,269.76,271.06,1792.349
1778929200,271.28,273.02,271.28,271.92,676.993
1778932800,271.92,273.92,271.92,273.21,523.03
1778936400,273.18,273.18,270.75,271.07,673.835
1778940000,271.21,273.6,270.31,272.17,1147.426
1778943600,272.17,273.55,271.61,273.15,1160.328
1778947200,273.16,274.62,272.93,273.34,885.402
1778950800,273.47,275.23,272.9,274.75,527.048
1778954400,274.79,275.87,274.51,275.54,461.569
1778958000,275.54,276.4,275.39,275.58,399.298
1778961600,275.61,275.91,274.52,275.53,133.329
1778965200,275.37,275.79,274.15,274.34,621.265
1778968800,274.24,274.49,273.08,273.3,343.123
1778972400,273.17,274.05,272.85,273.56,187.631
1778976000,273.47,274.04,269.89,270.63,1310.8
1778979600,270.69,270.88,268.18,268.98,912.227
1778983200,268.99,269.39,266.12,267.05,806.801
1778986800,267.11,268.71,267.05,268.3,362.986
1778990400,268.28,269.64,267.87,268.91,1244.716
1778994000,268.99,274.88,268.99,271.34,1160.105
1778997600,271.52,271.92,269.81,270.99,429.35
1779001200,271.11,272.68,270.72,272.32,461.149
1779004800,272.41,272.58,269.27,270.2,252.737
1779008400,270.21,271.38,269.79,271.28,207.503
1779012000,271.42,274.12,271.39,272.69,1803.241
1779015600,272.96,274.1,271.94,273.78,155.432
1779019200,273.72,275.07,273.51,273.9,1732.777
1779022800,273.88,273.88,270.7,271.58,501.142
1779026400,271.46,271.72,269.66,271.0,342.462
1779030000,270.88,272.39,270.27,271.22,406.493
1779033600,271.43,271.78,269.69,269.94,882.72
1779037200,269.98,269.99,267.33,269.31,2517.134
1779040800,269.14,270.54,268.38,270.22,916.67
1779044400,270.22,270.54,268.51,269.47,399.216
1779048000,269.57,269.7,268.31,268.41,525.382
1779051600,268.4,269.89,267.81,269.74,1086.106
1779055200,269.59,269.78,261.07,265.19,4737.066
1779058800,265.11,265.11,257.34,263.19,3698.81
1779062400,263.09,263.38,258.58,261.2,3338.233
1779066000,261.25,262.9,260.58,262.9,859.784
1779069600,262.72,264.68,262.01,262.11,681.179
1779073200,262.5,263.95,260.27,260.65,143.694
1779076800,260.61,261.2,259.6,261.03,184.506
1779080400,261.23,261.23,258.6,258.91,401.04
1779084000,258.83,260.0,257.12,258.5,829.585
1779087600,258.68,259.6,256.24,256.34,2523.897
1779091200,256.4,260.46,256.25,260.15,1230.34
1779094800,260.08,260.11,258.28,258.69,535.804
1779098400,258.71,258.91,256.54,257.13,928.232
1779102000,257.36,260.09,255.9,258.31,1094.699
1779105600,258.45,261.88,258.45,260.92,1504.243
1779109200,260.92,261.17,258.4,260.24,1201.393
1779112800,260.41,260.41,256.39,257.09,831.63
1779116400,257.07,258.7,255.44,257.49,742.019
1779120000,257.56,258.8,257.0,258.31,508.97
1779123600,258.3,259.5,258.07,258.52,344.736
1779127200,258.5,258.55,254.34,254.53,1198.145
1779130800,254.39,259.24,254.34,258.73,2708.556
1779134400,258.84,261.52,258.82,259.69,1164.139
1779138000,259.67,261.92,259.05,261.48,441.103
1779141600,261.37,264.88,260.38,261.23,1927.342
1779145200,261.17,262.65,259.9,261.38,956.474
1779148800,261.43,264.06,260.64,263.44,719.225
1779152400,263.44,263.45,261.25,261.25,970.133
1779156000,261.03,262.3,259.94,260.15,1375.612
1779159600,260.22,262.53,259.99,261.78,175.093
1779163200,261.75,263.44,261.45,263.06,228.617
1779166800,262.95,263.46,260.01,261.71,231.973
1779170400,261.64,263.99,261.43,263.04,488.54
1779174000,263.01,264.52,262.63,263.4,514.009
1779177600,263.44,263.63,261.24,261.42,555.488
1779181200,261.48,261.8,258.84,259.74,675.506
1779184800,259.73,260.28,257.88,259.03,1012.66
1779188400,259.04,259.56,257.39,258.31,479.826
1779192000,258.3,260.33,257.63,260.14,1236.51
1779195600,260.2,261.39,258.96,260.11,661.397
1779199200,260.14,261.0,255.3,256.7,1286.73
1779202800,256.49,257.81,256.35,257.23,231.251
1779206400,257.28,259.44,256.05,259.14,530.905
1779210000,259.14,259.75,257.87,258.52,432.605
1779213600,258.03,258.43,256.86,257.29,174.012
1779217200,257.53,259.6,257.47,258.22,293.86
1779220800,258.18,259.3,258.18,259.23,345.646
1779224400,259.3,260.0,258.48,258.48,624.648
1779228000,258.33,258.33,256.63,256.68,348.125
1779231600,256.64,257.81,256.51,257.16,825.985
1779235200,257.12,258.35,256.25,257.15,556.028
1779238800,257.15,257.87,255.58,257.23,510.609
1779242400,257.52,258.0,256.05,256.33,83.872
1779246000,256.1,257.55,255.78,257.24,356.465
1779249600,257.18,257.85,256.36,257.84,504.761
1779253200,257.87,261.49,257.87,261.3,1143.458
1779256800,261.29,261.41,258.73,261.22,693.325
1779260400,261.23,263.04,260.61,261.07,1337.228
1779264000,261.18,263.25,261.04,262.0,1157.407
1779267600,262.11,262.78,261.24,262.4,873.205
1779271200,262.4,264.29,261.96,263.33,884.471
1779274800,263.33,264.0,261.54,262.34,984.2
1779278400,262.28,265.85,261.98,265.15,663.991
1779282000,265.26,265.95,262.24,263.97,1155.698
1779285600,263.9,270.87,263.26,270.63,4309.741
1779289200,270.52,274.59,268.5,274.03,4378.649
1779292800,273.98,275.33,268.5,271.49,4113.625
1779296400,271.43,276.41,270.63,273.63,1859.622
1779300000,273.63,274.04,271.43,271.75,782.947
1779303600,271.69,275.92,270.4,274.9,1994.278
1779307200,274.84,275.84,272.46,274.77,1352.892
1779310800,274.69,274.73,272.34,272.34,1853.895
1779314400,272.34,272.98,269.75,272.74,1804.635
1779318000,272.62,272.91,271.17,272.18,643.64
1779321600,272.2,275.0,271.56,274.4,880.642
1779325200,274.26,275.17,273.0,274.16,640.029
1779328800,274.28,276.33,273.7,275.54,2939.686
1779332400,275.54,278.0,275.54,277.73,1686.813
1779336000,277.69,278.83,276.63,278.5,2395.142
1779339600,278.14,279.5,276.18,276.69,1483.065
1779343200,276.58,283.13,276.06,283.13,2185.574
1779346800,283.14,283.52,278.84,282.68,15994.643
1779350400,282.58,288.94,282.32,287.14,5126.883
1779354000,287.08,287.14,281.48,282.51,1902.546
1779357600,282.45,283.74,278.18,280.14,2497.337
1779361200,280.19,280.77,278.86,279.29,884.721
1779364800,279.56,280.35,276.64,279.08,1621.203
1779368400,279.21,281.39,275.86,279.94,1675.56
1779372000,280.06,281.08,274.39,275.86,1989.761
1779375600,275.92,279.14,274.91,277.91,1752.962
1779379200,277.89,280.14,277.25,280.01,381.61
1779382800,280.14,287.5,279.94,285.81,4916.507
1779386400,285.83,287.54,280.71,282.46,1523.69
1779390000,282.56,283.43,281.03,282.9,481.865
1779393600,282.85,284.74,282.57,284.04,1729.046
1779397200,284.04,285.32,282.76,283.17,1085.959
1779400800,282.71,283.45,280.45,280.69,1994.135
1779404400,280.65,280.92,279.1,280.01,842.635
1779408000,279.79,279.79,276.43,276.43,2292.378
1779411600,276.37,279.44,275.99,279.08,4359.203
1779415200,279.31,280.85,279.12,280.64,1886.196
1779418800,280.66,281.65,279.35,280.35,713.966
1779422400,280.55,283.67,280.55,282.49,1389.695
1779426000,282.28,284.89,281.88,282.56,2259.075
1779429600,282.49,282.79,280.53,280.93,875.024
1779433200,281.06,284.79,279.32,283.32,2590.472
1779436800,283.14,284.28,280.78,282.43,1571.582
1779440400,282.27,284.27,281.63,281.76,1809.753
1779444000,281.67,284.07,281.25,283.37,1474.685
1779447600,283.42,292.09,282.91,292.06,3763.043
1779451200,292.06,293.25,287.82,290.29,2816.616
1779454800,290.43,290.67,284.26,287.21,1742.057
1779458400,286.94,286.94,279.53,280.55,4439.165
1779462000,280.41,284.44,280.02,281.0,2962.107
1779465600,280.98,283.93,280.0,283.57,1144.58
1779469200,283.63,285.2,282.01,283.19,1418.489
1779472800,283.23,283.25,271.82,276.82,6863.151
1779476400,276.82,277.29,269.31,271.95,4519.012
1779480000,272.07,274.08,270.36,273.69,3121.281
1779483600,273.69,274.55,272.99,273.01,1274.085
1779487200,273.07,273.11,269.73,270.54,3932.677
1779490800,270.63,271.5,262.56,264.91,4687.402
1779494400,264.95,265.24,262.24,263.82,3198.646
1779498000,263.74,264.84,263.14,264.15,391.942
1779501600,264.22,265.57,263.75,265.14,1332.677
1779505200,265.04,266.44,264.71,265.82,448.543
1779508800,265.9,266.22,264.21,264.85,1498.488
1779512400,264.95,265.47,263.33,264.7,691.6
1779516000,264.56,264.99,262.33,263.46,397.261
1779519600,263.52,263.75,252.9,257.49,4495.37
1779523200,257.48,260.59,255.89,260.59,4339.62
1779526800,260.59,261.4,259.66,260.25,651.853
1779530400,260.28,261.31,259.35,260.71,1516.557
1779534000,260.72,261.27,260.13,260.6,134.151
1779537600,260.37,260.52,258.58,258.99,288.332
1779541200,259.14,264.01,259.14,263.43,1199.663
1779544800,263.75,269.94,262.66,268.82,3995.745
1779548400,268.84,272.68,268.11,271.6,2838.304
1779552000,271.47,274.43,270.6,270.92,6815.016
1779555600,270.93,271.44,267.61,269.41,2544.154
1779559200,269.27,276.67,268.29,273.58,4235.931
1779562800,273.65,276.3,272.41,276.25,2035.227
1779566400,276.18,286.07,275.16,284.31,4524.67
1779570000,284.41,288.2,282.3,283.14,3503.853
1779573600,283.01,285.81,276.76,279.52,4949.985
1779577200,279.41,281.78,278.89,279.36,1449.447
1779580800,279.64,281.13,277.34,280.86,4570.646
1779584400,280.91,281.95,279.0,280.12,3791.757
1779588000,280.17,281.0,278.42,280.61,523.795
1779591600,280.4,280.77,277.37,278.65,722.587
1779595200,278.91,280.14,276.76,279.07,177.545
1779598800,279.26,279.45,275.9,277.98,1690.665
1779602400,277.96,281.52,277.96,281.24,1636.982
1779606000,281.3,281.46,279.0,279.6,639.461
1779609600,279.62,281.37,278.01,280.9,5107.719
1779613200,280.95,282.83,280.04,281.76,4058.958
1779616800,281.82,282.64,279.19,280.58,1721.91
1779620400,280.64,280.97,278.86,280.4,856.357
1779624000,280.51,280.51,277.56,278.31,1123.153
1779627600,278.35,279.48,273.94,275.53,1435.725
1779631200,275.36,275.86,270.26,274.27,1609.003
1779634800,274.16,275.98,273.64,275.49,219.513
1779638400,275.5,278.2,275.0,278.07,521.072
1779642000,278.18,279.08,277.47,278.0,804.255
1779645600,278.04,278.39,275.59,276.66,663.388
1779649200,276.54,277.0,274.36,274.87,3312.596
1779652800,274.9,275.13,273.52,274.18,653.478
1779656400,274.21,275.28,268.32,268.97,2446.936
1779660000,269.25,274.94,269.25,273.38,814.077
1779663600,273.33,276.1,273.33,274.75,1374.992
1779667200,274.89,275.72,273.24,273.53,5142.116
1779670800,273.53,275.08,272.07,272.09,1122.449
1779674400,272.41,275.59,272.32,273.17,543.514
1779678000,273.21,273.41,271.09,271.09,727.408
1779681600,271.05,275.2,271.05,274.61,1844.124
1779685200,274.48,277.59,274.25,276.75,2079.816
1779688800,276.75,278.5,275.67,277.07,547.491
1779692400,277.08,277.8,275.04,276.53,1518.586
1779696000,276.66,277.27,275.99,277.27,180.691
1779699600,277.25,278.59,276.95,277.69,337.069
1779703200,277.6,280.76,277.6,280.21,905.95
1779706800,280.15,280.18,277.48,277.86,788.959
1779710400,278.01,279.56,276.78,277.81,678.26
1779714000,277.91,279.4,277.07,278.63,587.547
1779717600,278.63,280.66,278.35,279.03,1587.849
1779721200,279.11,279.95,276.33,278.4,1712.174
1779724800,278.46,279.99,275.84,278.21,1038.156
1779728400,278.57,279.52,277.43,278.84,1365.314
1779732000,278.96,281.2,278.96,280.14,5054.098
1779735600,280.06,285.87,279.86,283.29,7958.627
1779739200,283.18,286.07,279.6,280.15,2896.877
1779742800,280.3,283.52,280.19,282.3,2641.319
1779746400,282.33,282.43,278.29,278.39,1434.44
1779750000,278.29,280.8,278.29,279.69,526.287
1779753600,279.65,281.08,276.54,280.4,2618.283
1779757200,280.14,281.31,274.97,276.33,4081.376
1779760800,276.26,277.76,274.62,276.5,4701.918
1779764400,276.49,277.61,273.76,277.11,3872.609
1779768000,277.04,288.14,276.81,286.39,3998.589
1779771600,286.53,289.0,283.55,285.94,5695.514
1779775200,285.9,285.98,281.01,283.65,2398.923
1779778800,283.59,283.81,278.0,281.65,2202.449
1779782400,281.6,287.29,281.24,285.88,2179.286
1779786000,286.0,288.83,284.26,284.89,3017.193
1779789600,284.8,290.75,284.27,289.37,4851.523
1779793200,289.37,290.03,286.82,287.3,2789.139
1779796800,287.4,290.09,283.67,286.75,6026.893
1779800400,286.67,288.13,282.33,287.49,5505.889
1779804000,287.84,291.67,283.11,285.05,5689.232
1779807600,284.94,285.8,280.57,285.53,2694.725
1779811200,285.5,289.28,282.6,289.18,3289.739
1779814800,289.3,289.84,278.72,281.72,5165.042
1779818400,281.72,286.62,279.52,280.81,8145.4
1779822000,280.92,282.21,278.8,281.35,2857.232
1779825600,281.64,282.42,279.26,281.28,1071.62
1779829200,281.06,281.99,278.64,279.72,1654.633
1779832800,279.88,281.08,278.29,279.12,848.769
1779836400,279.28,280.67,277.65,278.11,2516.69
1779840000,278.25,287.01,277.95,286.57,7083.08
1779843600,286.43,286.57,280.71,280.88,1801.575
1779847200,281.0,281.22,276.22,278.83,2701.226
1779850800,278.77,279.6,274.56,274.81,1418.469
1779854400,274.78,275.51,270.78,275.43,3168.636
1779858000,275.46,276.44,273.87,276.04,4704.888
1779861600,276.08,277.3,275.57,276.76,1451.73
1779865200,276.76,277.07,274.17,275.99,1212.303
1779868800,275.84,277.57,273.89,274.31,1126.657
1779872400,274.32,276.0,273.29,274.81,535.022
1779876000,274.83,276.7,274.16,276.7,361.923
1779879600,276.57,278.48,276.36,276.86,829.546
1779883200,276.98,281.57,275.52,278.94,2908.453
1779886800,278.9,279.18,273.77,275.79,2681.552
1779890400,275.76,277.61,271.22,275.14,2383.875
1779894000,275.03,280.18,274.08,278.01,1697.496
1779897600,278.08,279.82,273.23,275.28,1391.532
1779901200,275.21,275.26,270.19,271.44,2090.935
1779904800,271.3,272.85,267.13,272.66,2129.715
1779908400,272.72,274.49,272.48,273.67,612.639
1779912000,273.4,274.77,272.31,274.38,285.547
1779915600,274.22,274.22,265.55,267.81,1388.33
1779919200,267.7,269.48,266.0,266.59,1031.759
1779922800,266.59,267.73,265.23,266.8,1009.761
1779926400,266.73,267.54,264.17,265.9,5692.482
1779930000,265.77,266.19,261.09,262.54,3437.55
1779933600,262.55,264.28,262.09,263.51,1247.04
1779937200,263.51,264.01,257.94,258.69,3698.306
1779940800,258.66,259.57,255.33,259.3,2920.311
1779944400,259.35,259.42,255.55,256.8,1830.539
1779948000,256.68,257.71,254.82,257.35,912.506
1779951600,257.52,260.75,257.28,259.76,1177.161
1779955200,259.9,261.78,259.05,260.57,5193.606
1779958800,260.57,262.99,260.2,262.59,5163.079
1779962400,262.62,262.94,259.03,259.42,2136.884
1779966000,259.3,259.81,257.98,257.98,400.273
1779969600,258.0,260.92,256.64,260.39,813.249
1779973200,260.31,261.18,255.22,256.54,7847.621
1779976800,256.48,259.87,253.45,257.62,6273.288
1779980400,257.4,258.08,254.13,256.0,2016.308
1779984000,255.76,259.91,254.19,259.58,2014.753
1779987600,259.51,262.18,258.82,261.04,2792.046
1779991200,260.95,264.1,260.82,263.15,3056.917
1779994800,263.23,264.02,261.35,262.52,1691.56
1779998400,262.66,264.52,260.57,262.97,1229.713
1780002000,262.96,264.71,262.7,263.1,774.481
1780005600,263.13,263.84,259.19,259.36,1233.574
1780009200,259.32,261.7,259.32,261.35,685.459
1780012800,261.21,262.26,260.21,261.54,5168.831
1780016400,261.54,263.33,260.31,261.46,714.561
1780020000,261.63,262.26,256.13,256.47,4687.601
1780023600,256.5,258.34,256.32,256.79,1205.454
1780027200,256.86,257.58,253.75,257.52,1019.302
1780030800,257.4,259.29,257.35,258.48,746.615
1780034400,258.47,260.87,258.25,259.97,696.513
1780038000,259.88,260.9,256.73,258.29,1125.863
1780041600,258.17,259.67,257.56,257.85,501.418
1780045200,257.88,259.95,257.85,259.33,576.434
1780048800,259.17,259.34,257.5,257.62,225.057
1780052400,257.52,257.68,253.86,255.75,2737.204
1780056000,255.73,255.83,250.37,251.86,5326.36
1780059600,251.76,252.0,248.57,250.6,3780.858
1780063200,250.81,251.48,246.37,250.15,3428.197
1780066800,250.08,260.24,249.76,257.81,4353.213
1780070400,258.0,259.44,255.61,257.57,1106.447
1780074000,257.95,258.91,255.8,256.02,1725.116
1780077600,255.93,256.63,250.22,251.29,4167.637
1780081200,251.52,251.65,247.26,249.19,2135.146
1780084800,249.24,250.63,248.75,249.15,362.38
1780088400,249.29,249.76,245.77,247.54,2165.077
1780092000,247.45,250.76,247.45,250.06,859.79
1780095600,249.95,251.01,249.73,250.31,309.54
1780099200,250.3,252.35,249.86,250.55,552.544
1780102800,250.48,253.36,250.23,253.3,453.524
1780106400,253.4,253.82,251.42,253.32,837.152
1780110000,253.37,253.37,249.75,250.05,2195.63
1780113600,250.04,250.51,246.53,248.87,2113.006
1780117200,248.87,252.02,248.11,251.43,1428.964
1780120800,251.54,252.23,250.46,251.17,1153.879
1780124400,251.17,251.37,248.89,249.52,683.158
1780128000,249.48,252.09,249.33,252.03,5095.969
1780131600,252.02,252.55,251.29,251.8,1263.744
1780135200,251.87,252.0,251.0,251.54,607.7
1780138800,251.59,253.94,250.2,252.34,2518.089
1780142400,252.34,253.15,251.93,252.76,551.7
1780146000,252.74,253.65,251.42,253.52,1324.718
1780149600,253.5,255.86,252.58,255.59,5495.706
1780153200,255.76,256.38,253.04,254.49,3355.104
1780156800,254.53,255.31,253.76,254.4,539.426
1780160400,254.43,254.8,252.61,254.01,559.134
1780164000,253.53,254.51,253.1,254.1,324.522
1780167600,253.92,254.61,252.57,253.27,132.913
1780171200,253.45,255.38,253.35,255.1,447.914
1780174800,255.09,257.56,255.09,255.7,647.458
1780178400,255.77,255.77,253.13,253.91,676.012
1780182000,253.84,255.1,253.29,254.53,252.657
1780185600,254.56,256.03,254.24,255.92,505.631
1780189200,256.04,259.09,255.98,256.9,1249.755
1780192800,256.9,259.15,256.51,257.58,1364.097
1780196400,257.76,260.15,257.76,259.65,537.269
1780200000,259.85,260.25,258.53,259.54,514.621
1780203600,259.57,260.3,257.16,257.82,558.219
1780207200,257.72,259.83,257.12,258.79,379.452
1780210800,258.72,258.72,255.75,256.55,936.029
1780214400,256.55,257.85,256.1,257.15,529.482
1780218000,257.29,260.35,256.48,257.73,555.795
1780221600,257.69,258.84,256.48,258.46,357.231
1780225200,258.57,259.47,257.48,258.67,366.194
1780228800,258.61,259.54,258.0,258.16,120.019
1780232400,258.24,258.63,256.62,256.94,377.574
1780236000,256.87,257.0,252.47,252.96,1291.32
1780239600,252.86,255.38,252.6,253.26,1270.512
1780243200,253.29,253.95,249.98,250.92,741.098
1780246800,250.95,253.24,250.7,252.95,409.075
1780250400,252.81,252.84,251.52,252.25,504.06
1780254000,252.36,252.68,250.71,252.63,399.214
1780257600,252.66,254.1,252.66,253.94,433.349
1780261200,254.09,256.49,253.53,255.94,1927.257
1780264800,255.67,257.71,254.37,257.37,1059.066
1780268400,257.37,258.48,254.13,255.39,586.47
1780272000,255.48,259.0,255.26,257.61,1723.833
1780275600,257.6,257.6,251.37,251.39,2601.45
1780279200,251.36,256.64,250.75,255.87,547.34
1780282800,255.94,257.84,255.94,256.93,1159.859
1780286400,256.94,257.8,251.54,253.32,699.45
1780290000,253.07,253.9,251.28,252.27,889.368
1780293600,252.41,252.65,249.01,251.08,624.002
1780297200,251.09,252.04,248.48,248.67,911.282
1780300800,249.24,250.49,248.41,250.05,909.519
1780304400,250.2,252.28,250.07,251.38,573.36
1780308000,251.67,251.73,250.35,250.87,398.489
1780311600,251.14,251.97,250.06,250.87,501.996
1780315200,251.06,251.46,248.0,249.95,2208.235
1780318800,250.17,250.26,244.16,246.53,2775.774
1780322400,246.55,247.92,245.06,246.59,1940.393
1780326000,246.61,248.96,245.2,247.36,2959.378
1780329600,247.65,251.6,245.71,251.27,2878.571
1780333200,251.65,255.34,250.68,254.0,2003.791
1780336800,253.88,254.61,251.66,252.24,810.063
1780340400,252.26,257.08,252.02,256.78,1007.677
1780344000,256.79,257.05,254.27,254.63,1015.067
1780347600,254.69,254.84,251.19,251.38,1172.155
1780351200,251.37,253.41,249.78,253.19,975.337
1780354800,253.33,254.19,251.45,252.82,597.705
1780358400,252.84,252.91,251.0,251.0,3113.999
1780362000,251.12,251.76,247.18,247.18,416.701
1780365600,247.24,250.83,244.89,250.83,2075.24
1780369200,250.9,254.1,250.4,253.61,2340.885
1780372800,253.61,255.23,251.95,252.08,1075.835
1780376400,252.08,254.24,250.38,252.25,576.322
1780380000,252.15,255.0,251.2,251.44,1581.441
1780383600,251.46,252.12,248.45,249.29,3480.161
1780387200,249.29,249.7,246.72,247.82,6322.246
1780390800,247.92,247.97,245.77,246.65,965.612
1780394400,246.7,250.53,245.55,250.41,1182.236
1780398000,250.23,250.5,247.51,247.92,1173.023
1780401600,247.89,249.54,246.48,248.4,1369.529
1780405200,248.45,250.34,248.12,248.65,1749.074
1780408800,248.62,248.94,239.25,243.7,4278.351
1780412400,244.27,244.74,235.92,239.32,8835.46
1780416000,239.04,245.41,237.6,241.22,3605.79
1780419600,241.38,244.19,240.81,244.11,4497.54
1780423200,244.17,244.87,238.04,239.16,4315.925
1780426800,239.11,239.49,232.06,236.69,3849.425
1780430400,236.67,239.21,233.81,238.35,1647.369
1780434000,238.73,239.85,236.35,236.38,996.003
1780437600,236.45,236.47,224.78,226.05,6249.284
1780441200,226.18,228.1,222.28,225.79,6225.136
1780444800,225.97,228.56,224.79,227.07,6561.201
1780448400,227.07,229.9,225.96,228.54,3940.53
1780452000,228.16,228.17,225.83,227.17,3587.223
1780455600,227.17,227.85,219.96,221.38,3147.378
1780459200,221.31,227.25,221.31,226.89,1359.755
1780462800,226.97,233.41,226.97,232.4,2086.612
1780466400,232.34,236.19,231.93,233.73,2589.045
1780470000,233.88,236.47,233.18,235.56,2121.041
1780473600,235.49,235.66,232.59,233.76,1646.886
1780477200,233.76,233.94,230.77,231.83,530.334
1780480800,231.72,234.62,231.67,234.16,701.037
1780484400,234.28,235.28,230.82,231.03,774.614
1780488000,231.08,231.09,227.76,229.73,7415.536
1780491600,229.65,232.23,229.44,231.48,4103.868
1780495200,231.44,234.22,229.4,232.53,18005.094
1780498800,232.49,232.74,227.16,228.49,4888.229
1780502400,228.67,228.82,224.13,227.76,1706.715
1780506000,227.76,230.39,225.16,228.73,2105.354
1780509600,228.87,229.66,226.31,228.94,788.86
1780513200,228.89,229.39,224.14,224.94,1801.313
1780516800,224.73,226.49,221.7,222.8,1649.222
1780520400,222.86,230.66,222.42,230.55,2203.324
1780524000,230.25,231.57,226.84,227.52,2477.413
1780527600,227.72,228.06,225.1,226.4,1107.964
1780531200,226.3,229.82,223.26,225.31,9446.465
1780534800,225.32,226.51,216.8,217.31,5771.075
1780538400,217.53,218.39,205.4,216.83,14801.929
1780542000,216.77,224.77,216.75,223.38,1237.454
1780545600,223.58,225.38,220.93,221.32,780.03
1780549200,221.35,221.42,216.56,218.45,3341.951
1780552800,218.72,222.58,218.61,220.36,1864.03
1780556400,220.56,220.95,215.15,215.52,2577.839
1780560000,215.66,219.2,213.48,218.25,8956.299
1780563600,218.25,218.26,211.18,214.47,3253.777
1780567200,214.53,214.91,211.39,212.13,1418.274
1780570800,212.07,213.91,210.43,213.88,1048.238
1780574400,213.98,219.5,211.92,218.41,1598.454
1780578000,218.3,218.46,213.33,217.52,1087.081
1780581600,217.87,218.71,215.04,216.42,836.259
1780585200,216.46,219.93,216.32,218.88,1211.406
1780588800,218.79,220.6,216.99,219.0,1135.856
1780592400,219.24,220.26,214.55,216.34,1133.769
1780596000,216.4,219.5,214.8,218.66,819.992
1780599600,218.66,219.13,215.61,216.1,1329.026
1780603200,216.03,216.03,212.23,213.05,9645.031
1780606800,213.21,214.06,206.24,206.5,11409.313
1780610400,206.46,209.79,205.77,209.65,3588.452
1780614000,209.6,211.63,207.71,211.59,2222.638
1780617600,211.46,211.85,209.0,209.09,3428.679
1780621200,209.23,212.83,207.16,212.35,2010.593
1780624800,212.4,212.71,204.58,204.97,2146.791
1780628400,204.98,207.67,203.24,203.55,2540.538
1780632000,203.69,208.25,203.53,207.94,7206.414
1780635600,208.14,208.36,200.83,200.83,1976.876
1780639200,201.07,202.53,193.09,198.45,7135.951
1780642800,198.58,203.03,193.92,202.42,6802.061
1780646400,202.61,202.61,197.32,197.95,1092.784
1780650000,198.11,203.0,198.09,201.8,1256.646
1780653600,201.92,202.4,198.6,199.93,649.149
1780657200,199.56,200.41,196.45,196.63,1529.87
1780660800,196.81,199.36,195.33,197.27,960.199
1780664400,197.42,201.42,193.37,193.81,2325.491
1780668000,193.75,198.45,192.38,196.37,3579.658
1780671600,196.26,196.85,191.03,193.95,4406.079
1780675200,193.64,201.06,190.24,200.22,3935.726
1780678800,200.11,200.87,194.64,195.39,2857.564
1780682400,195.56,196.07,186.82,189.32,3409.434
1780686000,189.25,193.86,186.39,193.16,2711.161
1780689600,193.15,198.68,191.36,198.16,2412.025
1780693200,198.01,199.14,196.12,197.52,2595.686
1780696800,197.31,198.08,194.58,196.9,1324.23
1780700400,196.94,198.08,192.23,195.07,1595.515
1780704000,195.16,198.43,195.16,197.6,1717.18
1780707600,197.47,198.2,195.16,195.16,535.84
1780711200,195.08,195.11,193.0,193.41,912.904
1780714800,193.07,193.46,191.17,191.78,1142.828
1780718400,191.76,192.69,183.35,186.19,7098.654
1780722000,186.2,192.17,184.63,191.22,2676.771
1780725600,191.3,194.47,191.13,192.53,1057.332
1780729200,192.58,195.55,192.09,194.0,1265.829
1780732800,193.9,196.85,193.18,196.49,1976.624
1780736400,196.47,197.87,193.42,194.06,3550.025
1780740000,194.0,194.13,190.21,192.67,3959.339
1780743600,192.34,194.95,191.18,194.37,1720.963
1780747200,194.34,196.95,193.45,196.38,750.08
1780750800,196.3,198.5,195.33,196.09,2913.156
1780754400,196.13,197.74,195.25,196.19,1783.825
1780758000,196.21,196.56,192.91,195.59,4474.314
1780761600,195.61,197.31,194.5,195.8,1998.754
1780765200,195.87,196.48,193.5,194.49,1139.38
1780768800,194.33,195.17,193.18,194.29,672.053
1780772400,194.28,195.58,193.82,193.82,329.61
1780776000,194.05,194.23,192.89,193.22,796.075
1780779600,193.22,194.94,192.98,192.98,1129.701
1780783200,193.01,193.83,192.12,192.5,1137.007
1780786800,192.36,193.97,191.97,193.62,911.003
1780790400,193.49,194.22,192.74,193.08,384.26
1780794000,193.1,199.94,192.88,199.84,1936.134
1780797600,199.84,203.73,198.65,202.5,2290.466
1780801200,202.58,204.04,201.8,202.76,699.165
1780804800,202.89,204.24,201.11,203.6,545.476
1780808400,203.83,205.09,201.79,203.54,1070.045
1780812000,203.44,209.6,202.4,208.21,1768.401
1780815600,208.25,211.5,207.83,211.0,1811.375
1780819200,210.87,214.51,209.35,214.05,1748.963
1780822800,214.13,214.7,209.81,210.21,1168.169
1780826400,210.22,211.4,208.39,208.61,1059.957
1780830000,208.81,210.06,207.53,209.71,1133.911
1780833600,209.68,209.78,205.33,206.84,1377.06
1780837200,206.91,209.09,205.4,208.76,1263.693
1780840800,208.63,212.65,208.57,212.3,1547.692
1780844400,212.3,212.74,209.54,211.36,1568.227
1780848000,211.37,211.54,209.02,209.68,1579.549
1780851600,209.54,211.06,208.31,209.04,572.445
1780855200,209.18,210.54,208.1,208.1,997.635
1780858800,208.16,208.37,203.54,204.5,3650.359
1780862400,204.27,208.38,203.96,207.98,849.403
1780866000,207.94,209.44,206.63,207.41,530.117
1780869600,207.77,219.89,207.62,211.71,6824.134
1780873200,211.76,214.24,211.32,213.94,895.214
1780876800,213.9,217.24,212.33,215.79,6119.22
1780880400,215.77,216.09,211.32,212.27,973.646
1780884000,212.45,212.87,211.45,212.35,734.727
1780887600,212.51,213.42,210.54,211.36,776.19
1780891200,211.45,211.75,208.46,209.0,370.949
1780894800,209.09,209.48,206.76,208.35,1013.032
1780898400,208.34,210.35,208.34,210.35,387.597
1780902000,210.21,211.74,209.14,211.1,718.328
1780905600,211.03,211.06,208.41,209.59,869.564
1780909200,209.75,212.32,209.54,212.32,1031.19
1780912800,212.3,212.58,209.6,210.05,703.507
1780916400,210.0,213.64,209.42,212.76,556.97
1780920000,212.65,214.92,210.63,214.58,1267.624
1780923600,214.69,215.21,213.21,214.06,1314.411
1780927200,214.18,216.1,213.31,215.95,2308.522
1780930800,216.09,217.53,214.58,215.79,2314.143
1780934400,216.01,218.25,215.32,215.43,1248.59
1780938000,215.59,217.75,214.41,217.68,3493.47
1780941600,217.78,218.92,216.83,218.91,667.513
1780945200,218.72,219.54,217.29,217.85,1158.968
1780948800,217.98,217.99,214.51,216.36,572.531
1780952400,216.43,218.68,216.12,216.78,513.357
1780956000,216.69,217.18,214.95,216.85,928.891
1780959600,216.85,217.59,214.68,215.2,560.199
1780963200,215.08,215.93,209.59,210.28,2543.67
1780966800,210.26,212.51,210.05,212.2,436.387
1780970400,212.18,213.25,210.36,212.16,430.668
1780974000,212.18,212.6,210.98,212.33,472.453
1780977600,212.09,216.9,211.74,215.68,792.992
1780981200,215.6,218.44,214.65,217.57,1632.047
1780984800,217.68,218.75,216.26,216.81,900.702
1780988400,216.9,218.19,216.25,217.1,319.011
1780992000,217.28,217.32,214.68,215.49,570.857
1780995600,215.5,215.76,212.95,214.1,856.528
1780999200,214.1,215.57,213.63,215.47,745.876
1781002800,215.41,215.96,213.57,215.48,392.698
1781006400,215.73,217.07,214.86,215.78,453.694
1781010000,215.94,217.0,213.8,214.62,621.361
1781013600,214.47,214.87,209.61,212.19,998.175
1781017200,212.04,213.0,208.09,208.09,1585.807
1781020800,208.06,208.7,204.46,206.81,1989.619
1781024400,206.81,210.84,206.8,208.88,805.973
1781028000,208.85,211.14,208.2,210.78,437.672
1781031600,210.6,211.07,208.72,210.12,371.716
1781035200,210.15,211.79,209.77,210.97,300.249
1781038800,211.0,211.53,207.62,207.99,319.286
1781042400,208.06,208.51,204.95,205.03,1623.422
1781046000,205.26,207.28,204.88,205.93,1697.624
1781049600,206.06,210.95,205.09,210.75,796.982
1781053200,210.61,210.76,207.64,209.06,673.899
1781056800,209.01,209.57,205.07,205.7,421.337
1781060400,205.78,207.65,205.58,207.01,232.319
1781064000,207.01,208.32,205.86,206.55,370.313
1781067600,206.57,207.13,205.52,206.24,222.773
1781071200,206.24,206.54,203.63,204.96,909.306
1781074800,204.95,207.18,204.88,206.58,2022.714
1781078400,206.61,206.76,204.08,204.53,529.801
1781082000,204.47,206.41,202.99,205.83,699.574
1781085600,205.78,206.71,204.32,206.58,349.255
1781089200,206.52,207.3,202.83,203.62,1157.712
1781092800,203.62,209.74,203.23,208.14,2375.968
1781096400,208.2,214.25,208.07,212.39,1894.377
1781100000,212.55,213.75,207.16,208.92,3335.252
1781103600,209.0,211.54,207.33,209.89,950.829
1781107200,210.04,210.57,206.23,208.57,1134.892
1781110800,208.65,209.24,205.24,206.41,2592.992
1781114400,206.48,206.91,203.67,204.99,1068.028
1781118000,204.96,205.16,201.43,202.18,1428.241
1781121600,202.15,203.17,200.62,201.36,810.426
1781125200,201.32,201.46,197.63,198.59,3298.003
1781128800,198.62,201.21,197.85,199.61,1436.253
1781132400,199.64,201.58,199.04,200.74,409.52
1781136000,200.67,203.47,200.67,202.55,997.352
1781139600,202.61,205.64,202.41,205.06,545.633
1781143200,205.11,205.44,203.16,204.47,620.338
1781146800,204.56,210.0,203.72,209.04,679.739
1781150400,209.09,209.89,207.62,208.74,807.024
1781154000,208.83,208.83,207.32,207.32,789.078
1781157600,207.41,209.1,207.0,207.89,421.517
1781161200,207.78,209.02,207.24,208.73,369.152
1781164800,208.78,210.8,208.78,209.83,495.972
1781168400,209.87,209.93,207.62,208.1,1313.491
1781172000,208.11,208.87,207.61,208.57,449.421
1781175600,208.39,210.75,208.06,209.61,594.263
1781179200,209.66,209.66,205.93,207.76,1576.768
1781182800,207.64,209.74,207.07,208.22,2301.326
1781186400,208.69,209.02,207.07,207.69,348.552
1781190000,207.49,208.68,206.5,208.19,161.98
1781193600,208.26,208.61,206.35,206.48,388.062
1781197200,206.38,212.35,204.95,211.75,2904.218
1781200800,211.83,212.56,209.9,211.31,1497.946
1781204400,211.2,213.95,210.64,213.54,3680.325
1781208000,213.69,215.51,212.32,213.27,1658.68
1781211600,213.29,215.68,213.29,215.57,334.775
1781215200,215.6,217.91,215.19,215.19,2647.598
1781218800,215.2,215.2,212.94,213.53,2362.055
1781222400,213.61,214.13,212.34,212.68,1427.687
1781226000,212.59,212.59,211.12,212.37,1283.067
1781229600,212.4,214.81,212.35,213.95,83.29
1781233200,213.86,214.47,213.01,213.97,92.61
1781236800,214.07,215.28,213.53,214.31,910.189
1781240400,214.32,214.32,211.33,211.7,1024.148
1781244000,211.68,211.83,208.39,209.5,1313.8
1781247600,209.39,211.39,209.35,211.11,462.495
1781251200,211.02,213.5,211.0,213.45,628.068
1781254800,213.42,215.23,212.92,213.96,441.111
1781258400,213.93,214.52,212.64,212.65,171.126
1781262000,212.65,213.92,212.24,213.18,550.077
1781265600,213.17,214.74,212.51,213.62,172.711
1781269200,213.72,213.93,210.3,212.09,901.652
1781272800,212.12,217.1,212.12,216.59,650.882
1781276400,216.64,217.76,212.16,212.16,2006.8
1781280000,212.25,214.62,211.67,214.04,1180.783
1781283600,214.16,214.76,213.13,213.28,155.344
1781287200,213.38,213.64,211.64,212.23,277.024
1781290800,212.27,213.84,212.09,212.25,176.416
1781294400,212.2,213.67,212.14,212.41,184.933
1781298000,212.41,213.13,210.88,211.56,218.322
1781301600,211.61,212.64,211.32,212.43,97.461
1781305200,212.41,212.41,210.95,212.02,301.138
1781308800,212.07,213.29,211.93,213.0,466.493
1781312400,212.99,215.17,212.89,214.73,231.717
1781316000,214.71,215.61,213.59,215.33,4345.015
1781319600,215.33,217.65,214.01,217.35,4023.493
1781323200,217.15,219.78,216.24,217.37,9275.973
1781326800,217.36,218.82,213.51,214.99,2862.04
1781330400,214.94,220.83,214.8,220.48,5139.161
1781334000,220.5,237.38,219.83,234.91,22646.925
1781337600,234.87,240.11,232.58,237.26,19349.455
1781341200,237.09,247.59,235.77,245.31,12332.39
1781344800,245.43,248.95,241.39,245.56,12252.027
1781348400,245.57,250.0,243.42,246.44,7801.596
1781352000,246.3,251.94,245.14,248.32,8138.237
1781355600,248.42,256.45,246.39,256.16,10067.709
1781359200,256.27,266.62,256.18,265.71,18534.423
1781362800,265.98,269.79,258.7,263.06,28395.88
1781366400,262.94,265.56,260.79,265.0,10245.413
1781370000,265.0,277.32,258.68,262.43,37194.02
1781373600,262.32,262.7,251.42,256.84,32428.29
1781377200,256.94,257.08,250.71,251.42,17552.718
1781380800,251.48,256.57,250.25,256.11,11578.479
1781384400,255.99,264.38,253.38,260.46,12377.367
1781388000,260.59,264.53,260.22,262.48,4473.384
1781391600,262.32,266.92,261.56,262.99,7701.557
1781395200,262.88,267.52,261.55,264.77,5767.157
1781398800,264.69,269.92,261.86,265.33,10062.688
1781402400,265.22,276.45,264.05,276.13,13237.533
1781406000,276.11,277.17,272.51,275.81,7162.138
1781409600,275.78,283.56,272.62,274.93,18543.104
1781413200,274.91,278.2,273.22,275.75,5215.654
1781416800,275.72,278.01,270.78,273.91,8609.55
1781420400,273.97,275.77,267.89,269.82,6071.576
1781424000,269.5,275.43,268.17,269.2,3421.93
1781427600,269.08,269.72,265.1,268.35,4732.184
1781431200,268.35,277.0,268.04,275.86,4104.079
1781434800,275.96,276.31,269.37,270.48,3254.314
1781438400,270.48,270.75,263.64,264.97,14781.665
1781442000,264.92,266.55,259.7,265.59,12098.807
1781445600,265.7,265.75,257.16,261.62,9116.337
1781449200,261.68,263.48,258.72,263.11,10996.694
1781452800,263.01,268.67,263.0,265.33,9405.208
1781456400,265.34,267.3,260.52,261.16,7759.532
1781460000,261.17,263.73,259.84,263.22,7499.406
1781463600,263.04,265.54,262.2,264.24,4702.283
1781467200,264.27,267.0,261.93,265.11,5461.495
1781470800,265.13,275.57,263.64,271.5,16912.852
1781474400,271.66,275.5,268.42,275.05,9806.332
1781478000,274.94,276.82,270.23,271.03,10602.479
1781481600,270.98,272.67,267.07,272.06,5914.353
1781485200,271.86,279.04,268.38,275.7,8092.524
1781488800,275.8,285.8,274.29,278.11,14903.596
1781492400,277.95,281.83,275.92,276.32,9350.961
1781496000,276.2,278.44,272.29,273.58,7014.408
1781499600,273.55,278.23,272.12,277.71,7032.828
1781503200,277.88,288.58,277.49,281.51,14035.845
1781506800,281.48,282.6,275.72,280.23,17253.446
1781510400,280.04,289.83,258.23,273.59,36559.711
1781514000,273.93,275.01,264.41,270.42,12988.339
1781517600,270.35,273.45,268.23,273.45,4604.641
1781521200,272.98,279.9,271.55,279.22,8630.227
1781524800,279.32,284.79,277.83,280.06,9494.329
1781528400,280.07,281.02,274.18,275.78,8619.931
1781532000,275.77,279.01,271.91,272.91,6600.87
1781535600,272.83,276.59,270.49,273.84,6544.818
1781539200,273.87,274.73,269.23,270.59,4297.07
1781542800,270.55,274.28,269.57,274.28,3353.418
1781546400,274.14,275.85,272.23,274.72,2230.378
1781550000,274.72,275.74,268.28,268.92,8669.999
1781553600,269.02,270.76,267.31,270.23,6216.003
1781557200,270.28,271.36,261.29,262.15,11077.605
1781560800,262.5,265.57,261.65,263.41,7577.436
1781564400,263.28,267.11,263.18,266.32,3942.391
1781568000,266.24,268.04,265.36,266.04,3257.572
1781571600,265.99,266.82,261.47,261.83,6754.435
1781575200,261.83,262.75,258.7,261.36,3438.941
1781578800,261.35,263.05,259.61,262.79,1915.462
1781582400,262.96,263.66,259.28,260.0,3407.047
1781586000,260.02,263.12,259.75,261.72,4195.148
1781589600,261.72,265.2,261.57,264.68,2704.105
1781593200,264.51,269.67,263.39,269.29,4281.32
1781596800,269.36,271.0,265.84,269.62,2354.769
1781600400,269.4,270.1,266.45,267.57,3227.45
1781604000,267.67,270.11,266.82,266.94,1493.149
1781607600,267.06,268.04,263.49,264.01,3409.91
1781611200,263.93,267.2,263.39,266.68,1924.058
1781614800,266.98,267.13,261.25,261.25,5191.608
1781618400,261.26,263.5,252.8,253.81,26698.625
1781622000,253.81,256.86,252.0,253.33,11265.187
1781625600,253.34,255.15,252.46,253.71,4308.154
1781629200,253.74,256.0,251.98,254.98,8504.533
1781632800,255.0,256.65,250.3,251.07,3873.021
1781636400,251.09,253.12,249.2,252.4,5500.309
1781640000,252.37,256.17,252.28,255.71,2272.779
1781643600,255.74,258.34,255.12,257.43,1983.449
1781647200,257.44,257.44,254.22,255.8,698.073
1781650800,255.8,259.18,253.94,257.25,5405.75
1781654400,257.5,260.34,256.33,258.37,2405.383
1781658000,258.38,263.21,257.6,262.74,6527.656
1781661600,262.86,263.23,258.62,259.94,1268.306
1781665200,260.0,260.05,256.68,257.28,826.995
1781668800,257.44,260.4,256.39,258.26,1454.128
1781672400,257.98,260.98,255.35,258.1,2364.227
1781676000,258.11,259.95,255.47,255.47,1394.002
1781679600,255.47,255.62,252.7,255.07,3573.464
1781683200,255.08,255.46,250.97,252.79,4865.733
1781686800,252.85,253.83,251.15,252.22,5366.361
1781690400,252.4,252.73,250.73,251.39,829.009
1781694000,251.54,254.82,249.74,252.81,2497.167
1781697600,252.76,254.37,249.14,254.01,2259.831
1781701200,254.16,256.65,253.66,254.5,2005.157
1781704800,254.43,255.15,252.8,254.02,1195.787
1781708400,254.14,259.47,253.77,259.42,5428.308
1781712000,259.33,260.57,257.42,257.71,3868.254
1781715600,257.77,258.84,254.56,256.25,3045.669
1781719200,256.36,257.36,250.22,254.11,6255.185
1781722800,254.13,254.65,245.64,246.38,7801.583
1781726400,246.33,248.29,244.6,247.16,2987.545
1781730000,247.18,247.26,242.22,243.85,5130.525
1781733600,243.89,247.4,242.0,246.06,1495.041
1781737200,246.35,248.12,245.41,246.36,2696.687
1781740800,246.41,248.4,245.63,246.12,1151.333
1781744400,246.13,248.97,245.14,246.08,2391.265
1781748000,246.13,248.79,245.74,247.75,824.575
1781751600,247.6,247.73,245.83,245.89,1685.792
1781755200,245.87,246.09,240.38,241.46,8033.798
1781758800,241.38,241.67,239.31,240.44,1477.636
1781762400,240.54,242.56,240.33,242.42,1186.91
1781766000,242.5,243.61,241.88,242.69,1096.885
1781769600,242.7,243.85,239.0,239.59,2130.719
1781773200,239.63,241.46,239.5,240.73,1363.66
1781776800,240.79,241.0,237.57,240.51,1921.548
1781780400,240.44,240.91,238.26,239.05,2085.291
1781784000,239.18,241.64,238.46,241.57,1164.924
1781787600,241.62,241.74,237.2,239.46,2606.554
1781791200,239.54,241.63,238.72,239.55,912.751
1781794800,239.47,239.47,232.28,232.91,5859.826
1781798400,232.93,236.74,232.57,234.61,12511.976
1781802000,234.66,234.73,230.26,230.79,3328.423
1781805600,231.05,234.24,230.63,232.96,1801.927
1781809200,233.02,235.68,232.67,235.25,1295.053
1781812800,235.21,238.43,235.21,235.84,1633.303
1781816400,235.78,236.29,234.2,235.06,889.221
1781820000,235.05,235.5,234.0,234.49,614.222
1781823600,234.38,236.44,233.69,235.94,746.861
1781827200,235.99,236.07,234.65,235.22,806.267
1781830800,235.16,236.12,233.26,234.77,482.954
1781834400,234.8,235.66,232.38,233.69,147.264
1781838000,233.83,234.13,228.99,229.79,1971.555
1781841600,229.79,231.34,226.58,226.66,1488.058
1781845200,226.72,230.11,226.7,230.06,1471.427
1781848800,229.93,230.86,228.4,229.59,868.562
1781852400,229.44,229.54,226.36,227.53,3417.5
1781856000,227.58,228.62,226.82,227.27,591.236
1781859600,227.27,227.46,225.31,226.51,733.896
1781863200,226.58,226.62,224.7,226.07,1594.739
1781866800,226.3,227.42,224.93,225.53,543.803
1781870400,225.52,228.3,225.15,227.88,2191.217
1781874000,227.93,230.25,226.15,228.87,1369.184
1781877600,228.67,229.16,225.42,225.64,2782.387
1781881200,225.69,225.81,223.14,224.2,2374.925
1781884800,224.27,226.13,222.22,222.56,1321.103
1781888400,222.8,226.09,222.02,226.07,1787.196
1781892000,226.05,227.48,224.94,226.16,1684.251
1781895600,226.08,226.5,222.6,223.61,2587.039
1781899200,223.62,225.13,222.58,224.67,1091.535
1781902800,225.06,226.16,223.35,223.93,1396.904
1781906400,223.85,227.02,223.51,226.34,1036.372
1781910000,226.35,229.7,226.12,228.71,1282.641
1781913600,228.77,229.58,227.46,227.93,779.257
1781917200,227.8,228.9,226.69,228.34,549.44
1781920800,228.27,228.42,226.32,226.72,634.242
1781924400,226.64,228.8,226.49,227.57,329.869
1781928000,227.84,230.35,227.6,229.68,679.805
1781931600,229.76,233.2,229.54,232.95,2014.443
1781935200,233.09,234.82,231.5,232.42,1780.227
1781938800,232.41,232.45,230.01,231.29,666.721
1781942400,231.43,231.44,229.6,230.0,912.822
1781946000,230.0,232.43,229.74,231.21,1554.669
1781949600,231.23,231.89,228.9,230.2,4082.184
1781953200,230.17,230.95,229.06,230.26,2248.402
1781956800,230.2,231.44,230.2,230.98,4032.478
1781960400,230.88,232.0,227.53,229.37,3843.082
1781964000,229.31,233.82,227.34,231.86,1970.797
1781967600,232.01,234.55,229.52,233.68,8717.461
1781971200,233.65,233.65,230.36,230.85,2101.643
1781974800,230.78,230.86,226.09,229.42,1585.777
1781978400,229.39,230.49,228.09,228.21,1281.953
1781982000,228.18,229.41,227.65,228.49,1417.546
1781985600,228.5,231.09,228.41,230.35,887.533
1781989200,230.6,231.9,230.28,230.9,474.615
1781992800,230.88,233.01,230.4,232.26,971.25
1781996400,232.21,233.53,231.33,231.67,334.238
1782000000,231.5,231.64,230.0,230.43,792.472
1782003600,230.44,230.99,229.12,230.55,269.808
1782007200,230.57,231.15,229.43,230.92,229.556
1782010800,230.88,238.6,230.88,237.64,14873.762
1782014400,237.62,242.17,235.77,236.81,2799.45
1782018000,236.8,238.31,234.81,236.25,2086.341
1782021600,236.0,237.71,234.99,236.98,1463.126
1782025200,237.26,237.28,235.23,236.2,1759.627
1782028800,236.2,236.89,233.23,234.09,955.855
1782032400,234.11,237.36,233.17,236.46,1099.865
1782036000,236.48,238.03,234.44,235.09,880.468
1782039600,235.23,235.9,233.64,233.93,915.686
1782043200,234.0,234.71,232.18,234.3,2869.192
1782046800,234.33,235.53,233.83,235.06,2358.855
1782050400,235.11,236.77,234.47,236.77,835.401
1782054000,236.78,237.54,235.87,236.58,1663.493
1782057600,236.59,237.04,234.62,234.8,1513.894
1782061200,234.78,236.31,233.9,234.3,303.761
1782064800,234.27,236.06,233.33,236.06,234.911
1782068400,236.25,239.7,236.19,238.73,1771.614
1782072000,238.58,238.67,234.25,234.91,861.709
1782075600,234.95,235.46,229.89,233.0,3371.005
1782079200,232.74,233.73,230.54,231.4,404.641
1782082800,231.38,231.38,227.98,228.87,1318.967
1782086400,228.76,232.93,228.63,232.9,988.663
1782090000,232.86,236.1,231.84,233.06,1806.722
1782093600,232.97,233.03,230.67,230.75,418.397
1782097200,230.93,230.95,228.24,228.51,924.292
1782100800,228.53,229.64,227.7,229.09,539.023
1782104400,229.15,231.39,228.52,230.9,1021.134
1782108000,230.86,231.24,229.71,230.35,647.243
1782111600,230.39,233.23,229.93,231.99,520.763
1782115200,231.91,232.97,231.05,232.55,422.126
1782118800,232.95,233.67,231.69,232.04,495.614
1782122400,231.91,234.03,231.78,233.84,1019.251
1782126000,234.06,235.26,231.82,234.32,3556.319
1782129600,234.44,235.88,232.92,235.51,1802.125
1782133200,235.53,236.12,234.56,235.93,1218.543
1782136800,235.97,236.03,230.4,230.97,11024.957
1782140400,231.12,231.67,228.71,228.94,1799.259
1782144000,228.99,230.78,227.79,230.65,3447.786
1782147600,230.64,231.36,229.61,231.04,641.875
1782151200,231.01,231.91,228.72,228.72,919.221
1782154800,228.85,230.98,228.31,230.97,1862.285
1782158400,230.97,233.08,229.7,231.36,2709.352
1782162000,231.6,232.33,230.11,230.79,372.986
1782165600,230.86,231.95,228.34,229.72,884.239
1782169200,229.68,230.17,226.9,227.86,1818.662
1782172800,227.87,228.81,226.9,228.62,1520.556
1782176400,228.54,229.07,224.0,226.2,3231.99
1782180000,226.19,226.73,224.8,226.3,769.141
1782183600,226.31,226.31,224.67,225.24,700.604
1782187200,225.26,226.64,224.39,224.64,920.724
1782190800,224.63,225.99,223.52,224.08,2488.528
1782194400,224.18,224.7,219.41,222.1,6842.821
1782198000,221.98,223.65,221.63,222.51,2183.571
1782201600,222.64,222.91,216.31,218.48,4047.262
1782205200,218.49,219.49,217.72,218.46,1135.368
1782208800,218.49,221.02,218.26,220.17,699.287
1782212400,220.25,221.55,220.14,221.16,1039.153
1782216000,221.23,221.4,219.38,219.84,403.008
1782219600,219.83,220.19,216.49,217.25,1259.304
1782223200,217.27,219.02,215.0,216.79,2952.514
1782226800,216.68,217.22,214.24,216.02,1009.449
1782230400,216.02,217.69,216.0,216.74,6307.166
1782234000,216.71,217.55,215.31,215.71,690.147
1782237600,215.67,216.45,215.08,215.9,560.71
1782241200,215.95,219.66,215.9,218.44,1362.946
1782244800,218.32,219.97,217.97,218.5,1138.084
1782248400,218.7,220.55,218.29,220.08,848.139
1782252000,219.85,220.72,219.49,219.97,492.981
1782255600,219.97,221.27,219.01,220.45,1930.685
1782259200,220.54,221.89,220.19,221.0,811.627
1782262800,221.14,222.82,220.37,220.92,439.411
1782266400,220.92,221.03,219.27,219.31,610.571
1782270000,219.29,220.22,218.31,220.1,192.653
1782273600,220.08,220.69,218.06,220.21,761.489
1782277200,220.11,226.05,219.81,224.4,5061.868
1782280800,224.44,224.69,222.14,222.14,2426.169
1782284400,222.24,222.86,220.46,221.05,2594.492
1782288000,221.12,221.98,220.47,221.96,480.389
1782291600,221.65,221.99,220.8,221.18,395.641
1782295200,221.09,221.09,219.21,219.58,858.923
1782298800,219.75,223.36,218.69,221.64,2430.044
1782302400,221.91,222.24,220.33,220.33,1067.551
1782306000,220.38,220.38,215.51,217.14,3088.482
1782309600,216.94,218.97,216.46,218.74,1366.155
1782313200,218.37,218.53,214.74,215.64,1163.102
1782316800,215.52,216.72,208.62,209.35,4815.831
1782320400,209.26,210.67,205.83,207.2,3031.798
1782324000,207.35,213.16,207.13,212.19,3501.876
1782327600,212.4,214.39,212.33,213.76,1144.961
1782331200,213.84,218.14,213.47,217.53,2725.779
1782334800,217.62,218.85,215.93,218.46,533.857
1782338400,218.48,219.36,217.59,217.88,645.237
1782342000,217.94,220.27,217.9,219.4,396.338
1782345600,219.4,221.21,218.94,219.23,823.528
1782349200,219.32,220.0,218.42,219.85,210.783
1782352800,219.76,219.97,218.76,219.1,462.795
1782356400,219.12,219.87,218.71,219.11,416.195
1782360000,219.17,220.3,217.41,220.01,697.607
1782363600,219.99,221.23,219.52,219.83,1058.744
1782367200,219.68,221.12,219.58,221.0,343.526
1782370800,221.01,223.61,220.77,222.81,2320.879
1782374400,222.69,223.69,221.21,221.44,931.653
1782378000,221.55,221.55,219.66,220.79,1959.446
1782381600,220.63,220.85,218.16,218.28,557.17
1782385200,218.21,218.56,217.0,217.9,1899.099
1782388800,218.0,219.05,215.67,217.31,1129.866
1782392400,217.42,218.24,204.39,205.42,5787.325
1782396000,205.42,215.9,205.42,211.31,5356.06
1782399600,211.23,213.09,209.3,212.99,1467.542
1782403200,212.75,214.77,208.24,209.99,2889.763
1782406800,210.0,212.91,209.84,212.91,1934.356
1782410400,212.78,212.92,210.01,211.02,869.899
1782414000,211.16,211.32,209.4,209.9,1159.56
1782417600,210.0,212.79,209.01,209.75,3584.23
1782421200,209.75,213.4,209.58,212.98,2355.285
1782424800,212.99,213.35,211.4,212.21,2598.394
1782428400,212.4,213.98,211.3,212.3,1826.147
1782432000,212.64,212.97,211.05,211.59,192.756
1782435600,211.42,212.01,208.84,209.71,975.316
1782439200,210.17,210.17,205.53,206.26,1259.305
1782442800,206.4,211.43,204.66,211.13,2246.245
1782446400,210.99,211.6,210.3,210.33,971.258
1782450000,210.46,211.97,210.18,211.64,601.617
1782453600,211.32,216.79,210.24,216.1,3265.377
1782457200,216.12,217.34,215.61,216.71,685.247
1782460800,216.7,216.94,212.89,213.24,1476.992
1782464400,213.12,213.12,210.23,210.48,884.915
1782468000,210.44,210.7,209.0,209.47,400.374
1782471600,209.49,210.74,208.62,208.84,757.022
1782475200,208.86,210.96,207.7,208.44,590.934
1782478800,208.36,213.64,206.92,213.64,1003.113
1782482400,213.58,214.13,210.65,211.18,4707.607
1782486000,211.03,214.61,210.58,213.42,2439.131
1782489600,213.59,215.83,212.84,214.97,1026.181
1782493200,214.94,216.93,214.27,214.64,4714.703
1782496800,214.7,215.37,212.64,213.2,1331.634
1782500400,213.05,215.59,212.85,212.97,3120.282
1782504000,213.0,215.4,212.63,213.13,521.464
1782507600,213.23,214.63,211.82,213.45,2525.163
1782511200,213.34,214.3,212.37,214.23,272.911
1782514800,214.21,214.79,213.86,214.41,371.828
1782518400,214.47,214.74,212.16,213.19,1649.926
1782522000,213.33,213.4,212.49,212.65,897.33
1782525600,212.63,214.81,212.31,214.26,301.588
1782529200,214.12,214.37,213.11,213.38,560.927
1782532800,213.41,214.33,212.64,212.74,1136.117
1782536400,212.82,213.85,212.43,213.61,317.899
1782540000,213.59,214.82,212.56,213.55,302.297
1782543600,213.59,214.51,213.29,214.38,388.265
1782547200,214.41,214.41,212.8,213.21,298.078
1782550800,213.19,213.4,212.33,212.65,702.998
1782554400,212.59,213.16,212.39,212.78,86.513
1782558000,212.74,212.9,211.3,212.17,713.937
1782561600,212.15,212.7,211.59,212.67,275.832
1782565200,212.68,213.96,212.57,213.75,236.114
1782568800,213.71,213.92,212.43,213.92,259.817
1782572400,214.0,215.36,213.6,214.58,1006.795
1782576000,214.53,214.75,213.48,213.72,1425.466
1782579600,213.86,213.86,211.29,211.29,1061.438
1782583200,211.33,211.84,210.33,211.8,500.078
1782586800,211.76,212.12,209.04,209.13,3356.505
1782590400,209.14,209.96,209.04,209.51,208.729
1782594000,209.73,210.87,208.57,209.31,315.752
1782597600,209.15,210.4,207.37,210.4,1132.258
1782601200,210.4,210.54,208.84,208.87,887.394
1782604800,208.91,210.43,208.68,209.66,3274.862
1782608400,209.64,209.9,208.89,209.16,496.033
1782612000,209.15,209.78,208.43,208.51,1278.248
1782615600,208.69,209.23,208.14,209.11,257.218
1782619200,209.0,209.0,208.28,208.48,222.373
1782622800,208.42,208.54,206.95,208.26,229.924
1782626400,208.23,208.36,206.97,207.52,280.693
1782630000,207.52,208.78,207.29,208.37,443.357
1782633600,208.36,210.89,207.8,209.39,1194.379
1782637200,209.33,210.16,207.63,207.98,109.434
1782640800,208.02,208.72,207.23,207.76,200.096
1782644400,207.73,208.84,207.34,208.47,217.444
1782648000,208.37,209.2,207.63,208.47,225.91
1782651600,208.39,208.45,207.01,207.55,502.121
1782655200,207.65,209.24,207.27,207.73,526.996
1782658800,207.79,209.04,207.5,208.24,183.701
1782662400,208.35,208.67,207.16,207.76,1186.381
1782666000,207.7,207.71,205.3,207.13,1313.607
1782669600,207.14,207.15,205.71,206.64,403.058
1782673200,206.58,206.68,202.48,204.3,2988.703
1782676800,204.24,206.55,204.11,205.1,1456.495
1782680400,205.18,205.53,202.19,202.91,1497.667
1782684000,202.95,205.65,202.15,202.98,3335.031
1782687600,202.69,205.71,202.56,205.07,561.962
1782691200,205.1,206.36,203.65,206.2,666.005
1782694800,206.07,206.62,204.76,206.3,366.11
1782698400,206.15,207.43,204.21,207.07,756.253
1782702000,207.25,209.03,206.88,207.98,2297.896
1782705600,207.94,207.94,205.82,205.99,660.84
1782709200,206.0,207.14,204.26,207.14,638.533
1782712800,207.2,208.35,206.77,207.36,1000.729
1782716400,207.34,207.6,206.32,206.53,256.39
1782720000,206.49,206.98,205.2,205.36,240.848
1782723600,205.38,206.3,204.76,205.76,521.473
1782727200,205.82,206.64,205.57,205.92,357.594
1782730800,205.89,207.0,204.59,205.47,310.218
1782734400,205.38,208.7,204.38,205.98,1024.283
1782738000,205.98,207.3,203.38,204.44,3459.064
1782741600,204.52,204.59,202.16,204.3,3718.448
1782745200,204.3,204.55,201.06,203.81,4224.238
1782748800,203.8,205.44,203.25,205.19,1440.7
1782752400,205.19,210.73,205.12,209.51,4345.361
1782756000,209.53,210.12,208.27,208.27,625.77
1782759600,208.35,209.4,207.59,209.18,520.651
1782763200,209.09,209.2,207.55,207.55,912.551
1782766800,207.55,209.21,207.07,208.85,649.622
1782770400,208.79,209.22,208.18,208.19,511.208
1782774000,208.17,208.86,207.61,208.41,659.786
1782777600,208.45,209.21,206.34,206.46,1683.021
1782781200,206.45,206.79,204.93,205.52,972.011
1782784800,205.53,206.85,204.61,206.54,415.637
1782788400,206.48,207.52,205.92,206.0,231.081
1782792000,205.99,206.93,205.06,206.61,1258.478
1782795600,206.63,207.07,205.5,207.04,2467.226
1782799200,207.09,207.16,206.28,206.45,193.733
1782802800,206.46,206.66,205.69,206.28,484.087
1782806400,206.3,206.3,203.52,204.24,3122.176
1782810000,204.19,205.02,203.51,204.63,361.924
1782813600,204.67,204.84,203.97,204.46,207.418
1782817200,204.38,204.53,202.48,203.44,880.69
1782820800,203.39,203.83,200.86,200.93,1410.213
1782824400,200.81,204.25,200.56,204.12,2863.42
1782828000,204.1,205.8,203.2,203.42,3682.569
1782831600,203.46,203.73,201.95,202.47,1933.118
1782835200,202.48,204.48,201.93,204.09,1170.538
1782838800,204.11,204.96,202.82,202.82,521.087
1782842400,202.84,204.16,202.25,203.25,1494.965
1782846000,203.2,203.36,202.32,202.85,461.947
1782849600,202.79,202.79,201.04,201.34,2351.759
1782853200,201.4,201.59,199.67,201.1,2341.494
1782856800,201.22,201.93,200.57,201.29,996.253
1782860400,201.3,202.17,200.97,202.08,210.119
1782864000,202.06,202.61,201.24,201.54,1221.466
1782867600,201.52,201.52,196.54,201.17,3201.715
1782871200,201.17,202.26,200.18,202.11,3689.85
1782874800,202.1,203.47,200.84,203.11,345.562
1782878400,202.97,204.71,202.67,204.05,1281.936
1782882000,204.02,204.06,201.86,202.27,918.444
1782885600,202.27,202.27,198.64,199.05,2108.59
1782889200,199.3,199.3,196.53,197.3,1311.128
1782892800,197.18,199.05,196.03,199.01,1771.793
1782896400,199.0,199.13,197.74,198.69,1067.033
1782900000,198.57,198.67,196.34,196.35,888.256
1782903600,196.35,197.7,196.26,197.09,1401.404
1782907200,197.09,197.94,196.48,197.03,1106.744
1782910800,197.09,200.59,195.53,200.59,4172.388
1782914400,200.57,202.59,199.51,200.64,2802.731
1782918000,200.69,206.23,200.61,205.18,4687.608
1782921600,205.19,206.41,203.13,203.43,1691.244
1782925200,203.5,205.83,202.76,205.19,1492.518
1782928800,205.17,205.76,203.1,204.26,539.195
1782932400,204.33,205.72,203.33,203.71,542.24
1782936000,203.72,204.59,202.61,204.59,963.953
1782939600,204.75,207.96,204.51,207.52,1801.057
1782943200,207.59,209.6,205.52,205.57,784.599
1782946800,205.53,205.57,202.2,202.63,664.441
1782950400,202.75,203.09,201.67,202.88,1319.034
1782954000,203.05,206.19,202.98,205.5,532.277
1782957600,205.57,207.02,205.21,207.0,305.607
1782961200,206.8,208.67,205.91,208.17,536.325
1782964800,208.18,208.39,206.04,206.57,501.044
1782968400,206.4,207.05,204.9,205.22,509.501
1782972000,205.15,205.22,203.5,203.83,1011.808
1782975600,203.77,204.69,202.81,203.99,904.902
1782979200,203.91,206.09,203.86,205.81,371.301
1782982800,205.66,208.76,205.22,208.48,944.249
1782986400,208.49,209.81,208.11,209.5,858.875
1782990000,209.44,213.53,209.16,212.46,3863.99
1782993600,212.5,214.78,211.57,213.7,1408.988
1782997200,214.0,219.0,213.69,218.43,2984.946
1783000800,218.55,219.54,212.84,213.7,2455.688
1783004400,213.72,214.0,210.55,212.12,2126.057
1783008000,212.2,212.72,209.66,211.93,4179.474
1783011600,211.94,213.81,211.37,211.95,902.685
1783015200,212.1,212.73,210.38,210.85,1276.378
1783018800,210.85,211.56,209.87,210.32,914.914
1783022400,210.43,211.16,209.83,210.49,769.341
1783026000,210.39,210.51,208.67,209.67,832.392
1783029600,209.72,209.78,208.01,208.75,289.36
1783033200,208.74,210.28,208.07,209.4,858.843
1783036800,209.47,210.92,208.32,210.4,1102.962
1783040400,210.52,214.54,210.27,213.79,1154.16
1783044000,213.8,214.66,212.47,213.76,403.789
1783047600,213.35,213.76,211.78,212.88,294.071
1783051200,212.92,212.92,210.94,210.94,403.587
1783054800,210.95,214.1,210.95,213.61,685.032
1783058400,213.56,215.2,212.77,213.18,385.686
1783062000,213.21,214.44,212.48,213.61,377.001
1783065600,213.54,215.49,213.46,214.05,705.632
1783069200,214.05,215.28,213.25,214.2,305.073
1783072800,214.23,216.38,214.08,215.71,903.436
1783076400,215.75,217.5,215.46,216.9,2075.903
1783080000,216.73,217.16,214.8,216.43,2013.607
1783083600,216.61,217.57,215.94,217.01,1249.371
1783087200,216.96,217.67,214.13,217.27,1049.998
1783090800,217.3,218.13,214.61,214.87,2080.701
1783094400,215.29,215.84,214.04,215.14,686.186
1783098000,215.09,215.85,214.61,215.05,386.369
1783101600,215.16,215.28,214.26,214.88,299.318
1783105200,214.87,216.07,214.71,214.94,1087.383
1783108800,214.78,217.59,214.46,216.79,2720.681
1783112400,217.09,217.68,215.48,216.57,628.816
1783116000,216.52,216.58,215.06,215.61,424.623
1783119600,215.59,216.21,214.76,215.57,345.943
1783123200,215.37,216.94,215.32,215.93,1260.921
1783126800,215.74,215.75,213.18,214.1,1752.55
1783130400,214.11,214.81,213.52,213.95,125.719
1783134000,213.79,215.02,213.38,214.02,113.208
1783137600,214.05,215.08,213.69,214.74,259.156
1783141200,214.52,215.76,213.26,215.07,568.174
1783144800,215.12,215.92,214.17,214.31,202.121
1783148400,214.27,214.38,212.81,213.85,242.429
1783152000,213.85,214.28,213.28,213.97,362.97
1783155600,214.0,214.0,211.52,212.07,1050.227
1783159200,212.07,212.88,211.63,212.74,519.647
1783162800,212.5,213.16,212.35,212.65,291.029
1783166400,212.46,213.71,212.41,213.58,710.685
1783170000,213.57,214.83,212.28,212.71,2792.218
1783173600,212.69,214.49,212.64,214.43,768.27
1783177200,214.51,216.08,214.23,215.11,1519.015
1783180800,215.09,217.16,214.64,216.07,1943.817
1783184400,216.0,219.2,214.8,218.71,1219.57
1783188000,218.84,218.84,216.83,218.22,2074.92
1783191600,218.19,218.84,216.9,217.41,1119.45
1783195200,217.31,218.35,216.89,217.4,817.188
1783198800,217.41,217.96,216.51,217.57,846.104
1783202400,217.76,218.29,216.9,217.51,563.995
1783206000,217.54,217.55,215.72,216.74,644.029
1783209600,216.81,217.12,214.36,214.85,1807.31
1783213200,215.01,215.68,213.52,214.14,563.825
1783216800,214.16,214.23,211.92,212.55,597.887
1783220400,212.55,213.06,211.59,212.07,165.132
1783224000,212.04,213.75,211.77,213.1,307.384
1783227600,213.05,213.4,211.84,212.95,649.526
1783231200,212.92,213.59,212.36,213.42,265.782
1783234800,213.4,213.91,212.47,213.61,794.497
1783238400,213.56,213.97,212.7,213.26,952.023
1783242000,213.27,213.43,209.0,210.17,1353.62
1783245600,209.84,210.7,208.8,210.58,503.406
1783249200,210.61,211.26,210.16,211.15,327.599
1783252800,211.05,212.41,210.49,212.04,1094.726
1783256400,212.13,212.88,211.12,212.58,404.779
1783260000,212.74,212.97,211.75,212.96,428.259
1783263600,212.98,214.37,211.98,212.35,587.607
1783267200,212.42,212.47,211.1,211.81,480.812
1783270800,211.78,212.89,211.57,211.84,305.401
1783274400,211.83,213.01,211.36,212.53,296.602
1783278000,212.51,213.21,212.0,213.13,456.995
1783281600,213.09,214.29,213.09,213.83,246.606
1783285200,213.88,215.44,212.66,214.53,1690.116
1783288800,214.53,216.68,214.03,215.82,1763.188
1783292400,215.78,216.99,215.0,215.25,1473.458
1783296000,215.3,216.83,213.86,216.83,1542.543
1783299600,216.9,218.65,216.4,216.45,1431.792
1783303200,216.46,217.78,215.45,215.91,1249.485
1783306800,216.0,216.44,213.53,214.91,2105.642
1783310400,214.83,215.18,213.52,213.8,1515.461
1783314000,213.8,213.84,211.05,212.45,2133.336
1783317600,212.46,212.74,211.78,212.45,301.238
1783321200,212.32,213.66,211.79,212.99,326.377
1783324800,212.9,213.54,211.16,211.52,222.031
1783328400,211.53,211.67,210.32,211.04,484.597
1783332000,210.95,212.89,210.95,212.79,530.629
1783335600,212.86,213.24,210.66,210.66,214.19
1783339200,210.56,210.56,206.41,208.28,3999.077
1783342800,208.27,210.01,207.09,208.78,2236.831
1783346400,208.72,210.7,208.11,208.7,779.829
1783350000,208.83,212.93,208.72,212.29,1704.774
1783353600,212.49,215.99,211.6,215.41,1982.73
1783357200,215.5,215.85,213.61,213.61,2113.966
1783360800,213.76,215.66,213.68,215.05,574.859
1783364400,215.14,216.56,214.91,215.31,734.916
1783368000,215.38,215.93,214.45,215.3,761.288
1783371600,215.14,219.26,215.08,217.6,2004.099
1783375200,217.74,219.13,216.35,216.5,2100.619
1783378800,216.49,216.82,214.6,214.68,677.189
1783382400,214.79,216.82,214.79,216.05,1129.472
1783386000,215.87,215.9,213.34,214.09,1112.306
1783389600,214.09,214.48,211.49,211.49,1313.425
1783393200,211.55,211.94,210.37,210.68,1457.863
1783396800,210.66,211.01,210.18,210.75,594.091
1783400400,210.68,212.02,208.87,211.77,893.058
1783404000,211.71,214.93,210.77,213.2,4107.689
1783407600,213.13,214.27,212.52,212.75,937.517
1783411200,212.8,212.98,211.62,212.14,409.411
1783414800,211.68,214.01,211.68,213.97,950.634
1783418400,213.82,215.33,213.33,213.58,847.256
1783422000,213.58,216.1,212.45,215.42,781.83
1783425600,215.62,217.86,215.0,215.5,3205.279
1783429200,215.5,215.5,212.21,212.92,2476.78
1783432800,212.72,215.11,210.09,214.45,1652.399
1783436400,214.37,216.5,213.68,215.74,1047.969
1783440000,215.85,217.45,213.96,216.3,3287.901
1783443600,216.1,216.46,214.88,216.0,971.592
1783447200,216.04,216.53,212.93,212.99,1884.176
1783450800,213.0,214.27,211.46,213.7,773.183
1783454400,213.89,215.14,213.22,213.64,332.381
1783458000,213.73,215.34,212.07,212.41,1833.037
1783461600,212.42,212.83,210.6,212.23,484.815
1783465200,212.11,212.85,211.12,211.27,339.305
1783468800,211.27,213.39,211.06,212.68,223.483
1783472400,212.68,212.93,208.24,208.54,2294.077
1783476000,208.32,208.69,205.5,208.52,3104.727
1783479600,208.58,210.16,207.87,208.25,2357.616
1783483200,208.14,209.18,207.48,208.3,1551.731
1783486800,208.35,209.29,207.9,208.51,132.903
1783490400,208.51,208.74,207.16,208.28,280.15
1783494000,208.34,209.2,207.33,207.96,247.139
1783497600,207.95,208.25,203.71,205.04,5213.027
1783501200,205.01,205.05,203.53,204.35,806.071
1783504800,204.42,204.86,203.56,204.61,473.219
1783508400,204.84,207.21,204.42,205.93,2172.295
1783512000,205.74,205.82,204.02,204.02,486.031
1783515600,203.92,203.95,201.94,203.95,1844.256
1783519200,203.93,204.46,202.27,203.62,1341.63
1783522800,203.71,203.78,200.44,202.12,1508.029
1783526400,202.08,204.41,201.73,204.37,595.334
1783530000,204.2,205.71,203.8,203.94,596.101
1783533600,203.99,204.95,203.61,204.34,318.808
1783537200,204.47,204.78,203.8,204.58,371.012
1783540800,204.3,204.68,202.7,202.7,355.667
1783544400,202.84,203.87,201.62,203.67,418.928
1783548000,203.73,204.26,203.29,204.02,239.539
1783551600,204.03,204.79,203.76,204.76,384.607
1783555200,204.77,204.94,203.05,203.63,2194.088
1783558800,203.74,205.7,202.97,203.07,473.21
1783562400,203.07,203.89,201.93,202.49,355.947
1783566000,202.51,202.97,201.26,202.75,178.32
1783569600,203.06,205.25,202.82,204.96,1074.803
1783573200,204.93,206.3,204.31,206.28,868.658
1783576800,206.31,207.52,205.66,207.0,1051.389
1783580400,207.1,207.56,205.88,206.56,810.819
1783584000,206.52,207.11,205.78,207.04,352.094
1783587600,206.91,207.56,206.13,207.54,358.816
1783591200,207.41,207.6,205.21,205.61,510.967
1783594800,205.61,205.8,204.61,205.75,461.179
1783598400,205.85,207.22,205.7,206.23,850.355
1783602000,206.32,207.99,205.39,207.78,516.423
1783605600,207.81,208.38,206.44,207.23,335.509
1783609200,207.35,207.99,206.47,207.09,392.389
1783612800,207.09,207.82,205.89,207.22,1218.604
1783616400,207.27,208.99,207.17,208.87,1528.51
1783620000,208.93,210.44,208.67,208.97,432.911
1783623600,208.97,209.34,207.41,208.54,391.272
1783627200,208.66,208.98,207.79,208.23,277.355
1783630800,208.29,208.81,207.84,208.17,417.208
1783634400,208.25,214.53,208.17,212.25,1519.47
1783638000,212.26,215.18,212.25,213.98,1275.037
1783641600,214.08,214.94,210.84,212.83,1291.629
1783645200,213.11,216.26,212.38,214.04,950.78
1783648800,214.11,214.19,213.07,213.81,784.458
1783652400,213.67,215.23,213.32,215.22,1152.978
1783656000,215.2,215.66,212.97,213.89,1269.216
1783659600,213.84,214.11,212.41,213.26,1495.251
1783663200,213.23,213.39,212.2,212.47,560.094
1783666800,212.5,212.5,211.27,211.36,218.447
1783670400,211.31,214.01,211.08,213.73,747.679
1783674000,213.74,214.57,213.14,214.14,786.664
1783677600,214.21,215.13,213.6,214.17,586.227
1783681200,214.13,214.51,213.42,213.85,275.537
1783684800,213.98,215.04,213.02,213.02,301.749
1783688400,213.0,214.75,212.66,213.74,953.712
1783692000,213.68,214.07,209.59,211.18,1621.086
1783695600,211.25,212.31,210.97,211.56,925.049
1783699200,211.56,212.57,211.16,212.57,413.324
1783702800,212.21,212.73,211.29,211.3,1108.479
1783706400,211.26,212.61,210.16,210.64,1003.665
1783710000,210.61,212.68,210.23,211.94,974.873
1783713600,211.93,212.12,210.88,211.27,736.297
1783717200,211.22,213.1,211.22,212.73,622.284
1783720800,212.75,213.36,212.31,212.72,262.161
1783724400,212.65,213.69,212.21,213.12,513.278
1783728000,213.01,213.16,211.83,212.61,332.835
1783731600,212.67,213.73,211.86,211.89,404.102
1783735200,211.89,212.94,211.41,212.94,133.644
1783738800,213.0,213.55,212.66,213.24,738.271
1783742400,213.19,213.19,211.75,211.94,1030.22
1783746000,212.06,213.63,211.85,213.21,280.541
1783749600,213.15,214.71,212.67,212.82,688.096
1783753200,212.78,212.99,212.24,212.72,414.373
1783756800,212.78,213.18,212.47,212.95,501.315
1783760400,213.02,213.64,212.89,213.0,230.487
1783764000,213.03,213.09,212.05,212.15,569.646
1783767600,212.13,212.82,212.13,212.76,87.473
1783771200,212.81,213.25,212.11,212.52,90.81
1783774800,212.53,213.21,212.08,212.92,404.278
1783778400,212.94,214.12,212.74,213.68,256.125
1783782000,213.68,214.48,211.67,212.61,882.007
1783785600,212.71,213.45,211.96,213.43,279.379
1783789200,213.37,214.49,213.32,214.07,414.485
1783792800,214.11,214.9,213.86,214.11,610.332
1783796400,214.29,214.64,213.64,214.21,303.957
1783800000,214.26,215.04,214.2,214.28,417.045
1783803600,214.27,215.13,213.1,213.56,508.613
1783807200,213.63,213.71,211.74,212.13,547.767
1783810800,212.11,212.61,207.85,207.92,2254.171
1783814400,207.76,207.82,204.78,206.37,2290.691
1783818000,206.29,208.67,206.03,208.39,489.078
1783821600,208.46,209.06,207.84,208.35,122.653
1783825200,208.28,209.53,207.81,209.31,299.649
1783828800,209.49,210.14,208.43,208.58,152.199
1783832400,208.76,209.48,208.21,209.14,136.904
1783836000,209.08,209.08,207.54,208.8,287.943
1783839600,208.59,209.3,208.59,209.24,272.408
1783843200,209.21,210.42,209.18,209.75,746.542
1783846800,209.74,210.81,208.87,210.39,818.908
1783850400,210.39,210.61,209.73,209.99,100.611
1783854000,210.01,210.65,209.29,210.65,564.878
1783857600,210.45,210.86,210.01,210.62,100.938
1783861200,210.62,212.23,210.32,211.2,219.084
1783864800,211.35,213.43,211.0,213.36,351.787
1783868400,213.39,214.06,212.41,212.49,1284.144
1783872000,212.6,213.21,212.23,212.92,389.64
1783875600,212.83,213.12,211.2,211.55,260.832
1783879200,211.56,212.69,211.41,212.46,188.632
1783882800,212.55,213.09,212.3,213.06,243.683
1783886400,213.08,213.52,211.76,212.32,857.621
1783890000,212.43,213.26,210.14,210.65,375.785
1783893600,210.6,210.6,208.35,210.02,543.635
1783897200,209.99,210.32,209.38,209.99,323.852
1783900800,209.94,213.39,209.6,211.32,1237.936
1783904400,211.23,211.38,207.91,208.09,1792.926
1783908000,208.09,208.53,207.06,207.86,1362.758
1783911600,207.78,207.78,205.16,206.35,2222.499
1783915200,206.29,206.84,205.66,205.93,1149.63
1783918800,206.08,207.05,205.21,206.67,957.97
1783922400,206.78,206.98,205.93,206.71,638.714
1783926000,206.72,207.8,206.31,207.61,587.502
1783929600,207.62,208.53,207.62,208.43,232.858
1783933200,208.49,208.59,207.8,208.31,236.66
1783936800,208.32,208.81,206.55,207.13,282.495
1783940400,207.19,208.67,206.54,206.55,220.343
1783944000,206.6,206.7,204.99,206.14,709.292
1783947600,206.15,206.38,204.57,205.7,325.837
1783951200,205.64,207.89,204.16,207.85,4186.368
1783954800,207.93,208.17,205.75,205.99,385.701
1783958400,205.9,206.18,203.59,204.6,1021.766
1783962000,204.58,205.06,200.87,201.02,913.584
1783965600,200.97,201.53,197.57,198.6,5053.075
1783969200,198.63,200.68,198.41,200.15,1239.178
1783972800,200.04,200.4,198.74,200.24,662.02
1783976400,200.28,200.6,198.65,199.9,229.102
1783980000,199.95,200.72,199.63,199.83,196.765
1783983600,199.8,200.36,199.12,200.11,237.424
1783987200,200.1,201.46,198.22,201.18,2310.551
1783990800,201.3,202.07,200.26,200.26,325.137
1783994400,200.24,200.24,197.97,199.37,1434.113
1783998000,199.47,199.59,197.74,199.18,676.195
1784001600,199.23,200.84,198.79,199.09,1493.064
1784005200,199.11,200.4,198.71,200.19,1616.283
1784008800,200.17,200.65,199.44,199.46,183.323
1784012400,199.44,199.68,197.81,197.86,3434.159
1784016000,197.88,199.17,196.41,197.78,6010.343
1784019600,197.92,197.96,195.9,196.36,1965.823
1784023200,196.37,197.66,196.25,197.45,781.796
1784026800,197.47,198.61,197.0,198.0,972.139
1784030400,198.04,201.93,196.77,201.77,2703.557
1784034000,201.68,204.51,201.01,202.6,2707.393
1784037600,202.6,204.42,201.1,204.32,1933.112
1784041200,204.28,205.0,202.98,203.5,2155.97
1784044800,203.57,204.64,203.14,203.33,920.85
1784048400,203.28,203.32,200.8,202.4,931.043
1784052000,202.3,202.63,201.31,202.63,191.382
1784055600,202.46,203.87,202.44,203.44,209.225
1784059200,203.66,204.05,202.43,203.38,4656.814
1784062800,203.35,203.41,201.25,201.87,431.846
1784066400,201.91,202.0,199.4,200.42,591.926
1784070000,200.47,201.26,200.06,201.26,267.264
1784073600,201.31,201.31,200.03,200.37,618.677
1784077200,200.37,200.38,198.77,198.83,378.214
1784080800,198.78,198.78,193.59,195.19,3653.395
1784084400,195.14,197.52,195.09,197.31,218.277
1784088000,197.34,197.64,195.89,197.37,995.327
1784091600,197.53,198.49,196.24,198.23,230.288
1784095200,198.21,199.37,197.87,197.98,597.92
1784098800,197.94,198.34,196.78,197.26,322.994
1784102400,197.23,197.72,196.55,197.51,371.016
1784106000,197.4,198.86,196.75,197.06,1442.135
1784109600,197.17,198.01,196.92,197.48,382.317
1784113200,197.49,197.83,196.44,196.45,251.689
1784116800,196.42,200.58,196.21,200.55,1292.173
1784120400,200.5,201.91,198.77,199.37,2804.705
1784124000,199.43,200.34,198.04,200.13,1133.864
1784127600,200.12,200.28,198.71,199.13,1028.821
1784131200,199.2,199.2,196.61,198.29,1207.904
1784134800,198.3,199.25,197.47,199.1,1081.715
1784138400,199.15,200.65,197.84,197.93,831.785
1784142000,197.94,198.57,196.94,197.66,763.592
1784145600,197.64,199.21,197.42,198.57,485.021
1784149200,198.63,199.47,198.2,199.27,704.114
1784152800,199.25,199.86,198.52,198.75,641.988
1784156400,198.57,199.61,198.57,199.2,138.395
1784160000,199.3,200.63,199.16,199.65,1069.626
1784163600,199.77,201.83,198.84,201.83,331.725
1784167200,201.87,203.3,200.76,201.27,968.151
1784170800,201.34,202.58,200.79,201.96,230.713
1784174400,201.97,202.37,201.08,201.59,436.471
1784178000,201.76,202.57,201.21,201.21,92.995
1784181600,201.26,202.23,199.58,200.57,677.782
1784185200,200.61,200.89,197.59,198.19,714.67
1784188800,198.22,198.36,195.59,197.29,3223.43
1784192400,197.37,197.87,194.84,194.9,1423.747
1784196000,195.02,196.63,194.5,196.61,595.701
1784199600,196.63,196.7,195.51,196.06,237.424
1784203200,195.96,196.68,194.61,195.41,793.464
1784206800,195.4,197.51,195.36,196.97,863.319
1784210400,197.01,198.06,196.16,196.95,632.839
1784214000,197.01,197.84,195.85,197.14,388.731
1784217600,197.02,197.02,194.69,195.54,1046.06
1784221200,195.48,195.48,192.36,194.82,1186.193
1784224800,194.84,195.3,192.75,193.78,766.294
1784228400,193.94,194.21,192.9,193.59,285.121
1784232000,193.57,194.24,192.72,193.88,466.855
1784235600,193.86,195.13,193.77,194.21,863.937
1784239200,194.41,194.79,191.56,191.99,2108.111
1784242800,192.03,192.16,189.51,191.17,2230.703
1784246400,191.31,192.16,190.17,192.02,1087.722
1784250000,192.01,192.61,190.63,190.63,785.757
1784253600,190.63,191.21,189.4,190.56,843.924
1784257200,190.76,192.65,190.46,191.66,329.683
1784260800,191.56,192.26,191.02,191.99,315.544
1784264400,191.87,192.19,189.51,189.9,441.379
1784268000,189.86,191.03,189.72,190.59,386.342
1784271600,190.58,190.67,189.8,190.33,285.474
1784275200,190.38,191.4,188.68,191.4,1382.575
1784278800,191.3,192.21,191.07,191.97,451.124
1784282400,191.84,192.88,191.84,192.4,1483.296
1784286000,192.37,193.25,192.2,192.88,711.376
1784289600,192.88,193.09,191.53,191.8,1377.88
1784293200,191.59,191.86,189.03,191.85,1684.06
1784296800,192.01,193.72,191.45,191.99,1304.419
1784300400,191.99,193.23,190.74,193.23,1284.227
1784304000,193.25,193.95,192.65,193.11,969.559
1784307600,193.17,194.68,193.17,193.87,1466.631
1784311200,193.95,194.81,193.05,194.31,848.498
1784314800,194.23,194.38,192.61,193.61,669.963
1784318400,193.6,194.05,193.1,193.66,804.818
1784322000,193.81,194.25,193.06,193.16,608.329
1784325600,193.27,194.09,192.96,193.97,217.474
1784329200,194.0,195.08,193.53,194.9,210.534
1784332800,194.83,195.47,193.84,194.17,671.11
1784336400,194.19,194.86,193.99,194.74,94.121
1784340000,194.76,194.91,194.16,194.19,48.388
1784343600,194.16,194.16,193.57,194.07,46.744
1784347200,194.01,194.46,193.01,193.51,250.516
1784350800,193.45,193.82,192.66,193.53,128.979
1784354400,193.72,194.62,193.68,194.28,218.603
1784358000,194.28,194.57,193.94,194.33,280.072
1784361600,194.34,194.71,193.56,193.66,188.18
1784365200,193.84,193.86,192.58,192.98,510.957
1784368800,193.01,193.53,192.86,193.32,602.889
1784372400,193.24,193.45,192.94,192.94,552.406
1784376000,192.92,193.5,191.84,192.36,728.469
1784379600,192.32,192.32,191.38,192.03,766.548
1784383200,192.03,193.69,191.68,193.56,736.993
1784386800,193.55,194.13,193.44,193.5,685.731
1784390400,193.51,194.46,193.01,193.98,301.211
1784394000,194.03,194.5,193.42,194.34,152.93
1784397600,194.55,195.37,194.25,194.68,731.919
1784401200,194.69,196.39,194.69,195.74,738.258
1784404800,195.74,196.32,195.66,196.17,322.316
1784408400,196.22,196.48,195.33,195.64,415.984
1784412000,195.59,196.12,195.41,195.85,434.611
1784415600,195.86,196.21,195.5,196.02,245.377
1784419200,196.1,196.55,195.66,195.88,276.456
1784422800,195.85,196.01,195.25,195.56,278.313
1784426400,195.51,197.09,195.51,196.31,301.672
1784430000,196.38,196.45,195.8,196.21,188.389
1784433600,196.2,196.76,195.82,196.59,57.747
1784437200,196.69,197.32,196.16,196.59,274.556
1784440800,196.56,198.69,196.26,198.69,721.68
1784444400,198.67,199.73,197.96,198.61,582.797
1784448000,198.65,199.87,198.41,199.42,2327.018
1784451600,199.38,199.38,198.03,198.73,388.038
1784455200,198.56,199.17,198.33,198.74,117.898
1784458800,198.76,199.14,197.39,197.53,306.906
1784462400,197.65,197.79,196.84,197.51,304.859
1784466000,197.57,197.99,197.08,197.89,205.021
1784469600,197.93,198.29,197.51,197.97,304.149
1784473200,197.97,198.03,197.11,197.64,77.607
1784476800,197.6,197.96,196.56,196.56,186.514
1784480400,196.58,197.33,195.12,196.68,393.585
1784484000,196.68,196.72,195.09,196.6,244.14
1784487600,196.47,197.06,196.3,197.06,138.216
1784491200,197.17,197.78,197.16,197.66,113.879
1784494800,197.76,197.94,196.8,196.87,84.527
1784498400,196.94,199.0,196.94,197.93,478.607
1784502000,197.98,199.52,197.54,198.69,324.18
1784505600,198.56,201.36,197.42,197.91,1880.228
1784509200,198.05,199.52,196.55,196.78,1326.885
1784512800,196.89,198.36,196.62,197.8,127.99
1784516400,197.8,197.97,196.37,196.65,509.144
1784520000,196.61,196.62,195.21,195.89,177.609
1784523600,196.08,196.08,194.33,194.35,833.923
1784527200,194.41,194.72,193.11,194.03,503.823
1784530800,194.24,195.34,193.96,194.78,237.22
1784534400,194.81,195.3,192.76,193.72,2399.586
1784538000,193.69,194.81,193.19,194.69,381.221
1784541600,194.7,195.28,194.22,194.9,925.607
1784545200,194.99,196.4,194.39,196.23,856.679
1784548800,196.18,196.18,194.35,194.47,881.738
1784552400,194.39,195.96,193.63,193.78,1822.262
1784556000,193.98,195.08,193.37,193.72,2105.399
1784559600,193.59,196.45,193.46,195.95,1642.041
1784563200,196.11,196.45,195.0,196.09,2113.179
1784566800,196.1,196.46,195.32,195.73,1041.511
1784570400,196.11,197.26,195.18,195.28,390.086
1784574000,195.26,195.46,194.36,194.57,310.884
1784577600,194.63,196.08,194.47,195.39,469.933
1784581200,195.3,196.23,194.91,195.44,290.731
1784584800,195.43,195.49,194.39,194.4,198.001
1784588400,194.55,195.38,194.47,195.19,236.417
1784592000,194.97,195.68,193.97,195.11,792.709
1784595600,195.04,195.67,194.05,194.17,249.691
1784599200,194.16,194.64,193.0,194.09,279.058
1784602800,194.08,195.03,194.05,195.0,332.125
1784606400,195.0,195.83,194.4,195.42,125.662
1784610000,195.31,197.08,195.24,196.83,776.157
1784613600,196.85,197.53,196.61,197.05,282.242
1784617200,197.17,198.98,197.05,198.94,1535.297
1784620800,199.0,199.82,198.27,199.15,3750.111
1784624400,198.88,202.16,198.33,200.49,4098.148
1784628000,200.52,202.63,199.81,200.17,1576.395
1784631600,200.09,201.93,199.73,201.6,1241.471
1784635200,201.85,202.54,201.22,201.81,1746.504
1784638800,201.75,202.53,200.54,201.87,986.574
1784642400,201.81,201.98,200.68,201.11,573.18
1784646000,201.15,201.21,199.24,199.9,1443.376
1784649600,199.92,199.96,198.86,199.93,895.611
1784653200,199.92,200.27,198.27,198.98,1876.591
1784656800,199.1,199.58,198.44,198.89,402.19
1784660400,199.06,199.7,198.81,199.13,257.974
1784664000,199.15,199.76,198.69,199.37,396.875
1784667600,199.32,199.98,199.02,199.18,486.232
1784671200,199.08,199.84,198.84,199.34,113.105
1784674800,199.41,201.08,199.02,200.79,1077.148
1784678400,200.56,202.15,200.13,200.55,1310.254
1784682000,200.51,200.62,199.37,200.09,324.013
1784685600,200.19,202.25,200.15,201.13,2654.753
1784689200,201.24,201.58,199.75,199.82,181.891
1784692800,200.02,201.19,199.87,200.92,345.321
1784696400,200.98,201.44,197.74,197.8,1398.601
1784700000,197.8,197.85,196.25,197.04,1030.209
1784703600,197.08,197.2,195.71,195.86,1910.134
1784707200,195.87,196.9,195.55,196.79,2629.721
1784710800,196.74,197.17,196.38,196.88,228.978
1784714400,197.0,197.61,196.99,197.34,97.277
1784718000,197.13,197.29,196.2,196.91,250.089
1784721600,196.89,196.95,195.88,196.73,1243.758
1784725200,196.75,200.85,196.35,200.84,4011.268
1784728800,200.82,201.9,198.35,199.23,1528.568
1784732400,199.35,201.56,199.24,200.99,2940.398
1784736000,200.79,201.51,199.43,200.26,2845.814
1784739600,200.25,200.71,198.99,199.63,558.404
1784743200,199.93,200.33,197.88,198.2,392.436
1784746800,198.09,198.16,195.99,196.28,965.812
1784750400,196.51,197.0,195.93,196.63,2263.792
1784754000,196.61,198.11,196.6,197.27,220.998
1784757600,197.35,197.93,196.98,197.87,342.659
1784761200,197.74,197.76,196.2,197.51,188.231
1784764800,197.52,198.19,196.95,197.11,1034.706
1784768400,197.09,197.23,196.16,196.36,250.306
1784772000,196.28,196.31,194.86,195.69,876.23
1784775600,195.74,195.74,194.36,194.77,295.294
1784779200,194.74,195.68,194.45,195.16,386.222
1784782800,195.19,196.29,195.1,195.85,1253.487
1784786400,195.82,196.31,195.58,195.94,908.837
1784790000,195.85,195.99,194.5,195.97,615.15
1784793600,195.95,196.78,195.65,196.32,257.982
1784797200,196.2,197.44,195.77,195.81,4964.489
1784800800,195.82,196.2,195.63,195.81,143.382
1784804400,195.84,197.04,195.51,196.34,297.78
1784808000,196.27,196.96,194.71,195.5,1667.465
1784811600,195.45,195.71,193.69,193.72,1120.2
1784815200,193.73,195.31,193.45,194.16,425.254
1784818800,194.19,194.26,192.68,193.7,1643.016
1784822400,193.66,193.68,192.1,193.01,2032.873
1784826000,193.04,193.8,192.22,192.38,361.395
1784829600,192.42,193.68,192.32,193.53,349.326
1784833200,193.53,193.71,192.54,193.3,1387.261
1784836800,193.35,194.83,193.35,194.74,344.693
1784840400,194.8,195.38,193.56,193.73,304.575
1784844000,193.74,193.75,192.43,193.34,224.671
1784847600,193.35,193.61,192.76,192.8,375.041
1784851200,192.8,192.8,190.44,192.15,2415.136
1784854800,192.15,193.08,192.02,192.45,310.805
1784858400,192.56,193.03,191.06,191.47,322.188
1784862000,191.5,193.18,191.36,192.96,299.118
1784865600,192.93,193.01,192.12,192.45,814.323
1784869200,192.55,194.25,192.37,193.5,443.561
1784872800,193.54,194.18,193.17,194.06,220.735
1784876400,194.0,194.98,193.34,194.13,526.063
1784880000,194.13,194.13,193.41,193.42,552.275
1784883600,193.43,193.43,192.15,192.59,896.044
1784887200,192.61,192.73,191.63,191.72,139.412
1784890800,191.74,192.02,190.61,191.06,234.489
1784894400,190.86,191.35,189.56,189.85,1051.691
1784898000,189.84,190.47,186.89,188.6,2494.567
1784901600,188.65,189.26,187.69,189.23,1259.366
1784905200,189.23,189.84,188.13,188.89,1178.762
1784908800,188.86,189.16,188.06,188.65,738.672
1784912400,188.57,190.22,188.44,190.04,817.801
1784916000,190.07,190.24,189.34,189.99,2440.977
1784919600,190.13,190.69,189.53,190.57,1773.582
1784923200,190.64,191.11,190.32,190.47,405.212
1784926800,190.4,190.82,189.51,189.58,746.355
1784930400,189.71,190.98,189.48,190.75,567.133
1784934000,190.86,191.48,190.86,191.31,691.44
1784937600,191.32,191.99,191.03,191.99,445.064
1784941200,191.99,192.24,191.19,191.54,335.83
1784944800,191.54,191.96,190.86,191.57,884.075
1784948400,191.56,192.27,191.55,191.9,849.867
1784952000,191.91,192.39,191.83,192.01,466.833
1784955600,192.04,192.21,190.63,190.88,824.942
1784959200,190.84,190.85,189.3,189.51,301.041
1784962800,189.46,189.73,188.48,188.59,267.365
1784966400,188.54,190.31,188.04,189.3,3512.019
1784970000,189.32,190.26,189.12,189.68,3003.968
1784973600,189.69,190.71,189.66,190.26,306.198
1784977200,190.15,190.34,189.79,189.86,85.577
1784980800,189.93,190.48,189.85,190.48,185.858
1784984400,190.47,191.03,190.31,190.53,943.449
1784988000,190.76,190.8,190.03,190.53,183.767
1784991600,190.45,191.68,190.39,190.7,1156.665
1784995200,190.69,191.65,190.69,191.65,315.321
1784998800,191.66,192.17,191.34,191.77,257.098
1785002400,191.72,192.14,191.11,191.15,208.214
1785006000,191.18,191.64,191.04,191.32,67.483
1785009600,191.32,191.37,190.63,190.9,321.645
1785013200,190.89,191.7,190.68,191.57,96.526
1785016800,191.59,191.95,191.54,191.8,244.219
1785020400,191.8,191.87,191.48,191.58,250.581
1785024000,191.5,192.04,191.34,191.98,529.537
1785027600,192.07,192.13,191.48,191.62,148.282
1785031200,191.73,192.37,190.86,192.37,192.693
1785034800,192.39,195.55,192.0,195.55,655.423
1785038400,195.5,196.7,195.2,196.41,648.923
1785042000,196.34,199.51,196.13,199.26,1323.794
1785045600,199.32,200.01,196.78,198.44,1286.032
1785049200,198.5,198.5,196.8,197.45,588.261
1785052800,197.43,198.1,196.59,196.88,617.867
1785056400,196.88,197.03,195.85,196.29,1501.086
1785060000,196.41,196.94,196.03,196.24,416.878
1785063600,196.2,197.02,195.97,196.55,400.803
1785067200,196.61,197.0,196.01,196.01,339.711
1785070800,196.01,196.89,195.64,196.89,375.299
1785074400,196.9,198.32,196.9,197.56,1263.104
1785078000,197.59,198.93,197.33,198.12,2824.608
1785081600,198.13,198.44,197.41,197.41,627.377
1785085200,197.49,198.3,197.12,197.71,329.211
1785088800,197.82,197.84,197.2,197.54,284.582
1785092400,197.54,198.2,197.26,197.71,2065.814
1785096000,197.73,197.74,196.89,196.89,2474.712
1785099600,196.89,197.86,196.89,197.78,916.074
1785103200,197.93,199.9,197.93,199.32,1841.482
1785106800,199.36,199.7,198.98,199.49,707.676
1785110400,199.5,199.64,198.25,198.41,597.163
1785114000,198.36,199.42,197.29,199.28,2721.013
1785117600,199.36,200.94,198.51,200.84,1710.964
1785121200,200.9,201.47,199.12,199.37,933.045
1785124800,199.31,199.81,198.54,198.89,443.119
1785128400,198.83,199.57,198.61,199.43,573.404
1785132000,199.38,200.5,199.04,199.13,1094.672
1785135600,199.12,199.12,197.49,197.49,2399.127
1785139200,197.43,197.6,196.85,197.47,1317.947
1785142800,197.19,198.09,196.67,197.96,565.731
1785146400,197.94,199.02,197.77,198.74,1980.401
1785150000,198.67,199.24,197.78,198.01,440.726
1785153600,198.03,198.57,196.85,198.5,307.779
1785157200,198.56,200.86,197.24,198.65,3361.294
1785160800,198.64,198.96,193.61,194.71,5919.21
1785164400,194.7,194.88,192.99,193.08,4105.195
1785168000,193.08,194.78,192.94,194.38,1360.944
1785171600,194.39,194.75,193.74,194.2,188.425
1785175200,194.42,194.61,191.68,192.76,1435.419
1785178800,192.81,194.32,192.52,193.85,250.558
1785182400,193.82,193.88,192.78,192.95,118.177
1785186000,193.04,193.21,192.01,192.65,179.384
1785189600,192.57,192.57,188.11,188.62,6322.217
1785193200,188.39,188.43,186.38,187.48,1743.05
1785196800,187.49,188.28,187.03,187.31,1305.582
1785200400,187.54,187.83,183.4,186.09,3168.171
1785204000,186.08,187.26,185.75,187.09,554.313
1785207600,187.05,187.05,186.03,186.69,636.845
1785211200,186.7,187.92,186.68,187.65,359.199
1785214800,187.56,188.25,186.96,187.29,189.452
1785218400,187.29,188.24,186.54,187.95,428.802
1785222000,187.97,188.14,186.7,187.07,341.116
1785225600,187.14,187.6,186.64,187.21,755.25
1785229200,187.22,187.87,186.79,187.41,219.717
1785232800,187.42,187.97,186.38,187.75,3196.55
1785236400,187.72,188.0,186.95,187.58,633.568
1785240000,187.6,189.24,187.44,188.31,1309.77
1785243600,188.44,188.86,185.32,186.23,3231.213
1785247200,186.26,188.5,186.26,188.24,1056.086
1785250800,188.04,190.18,187.31,189.76,2785.723
1785254400,189.7,191.19,189.68,190.96,1637.794
1785258000,190.99,191.31,190.01,190.38,729.29
1785261600,190.42,191.46,190.16,191.36,4326.577
1785265200,191.39,193.09,191.04,192.79,1813.237
1785268800,192.82,196.06,192.82,194.09,1805.363
1785272400,194.11,195.05,193.3,194.27,1028.684
1785276000,194.48,196.49,192.2,192.3,2236.248
1785279600,192.34,194.96,192.25,194.9,2692.934
1785283200,194.98,198.37,194.98,198.27,5088.614
1785286800,198.18,198.35,196.2,196.82,2430.821
1785290400,196.69,197.75,195.47,196.55,1741.333
1785294000,196.53,196.6,192.33,192.46,6110.732
1785297600,192.49,192.59,190.51,192.27,3386.071
1785301200,192.29,193.25,192.23,192.97,895.192
1785304800,192.96,194.89,192.45,193.53,2422.753
1785308400,193.52,193.67,192.58,193.58,878.707
1785312000,193.62,193.95,192.21,193.11,570.88
1785315600,193.14,195.13,193.14,194.48,4077.307
1785319200,194.32,195.03,192.34,192.7,596.824
1785322800,192.82,194.43,192.81,193.86,281.367
1785326400,193.88,193.95,192.71,192.79,1552.516
1785330000,192.9,193.87,192.51,193.68,1424.873
1785333600,193.69,194.07,192.2,192.29,2309.294
1785337200,192.24,192.7,190.72,191.16,618.322
1785340800,191.16,191.66,190.27,191.21,2384.534
1785344400,191.21,193.24,191.04,193.24,795.517
1785348000,193.19,194.72,191.06,192.94,2818.736
1785351600,192.93,193.4,188.24,188.29,2556.894
1785355200,188.29,188.95,187.19,187.58,2460.656
1785358800,187.58,189.02,186.41,188.94,2470.869
1785362400,188.99,191.11,188.99,190.81,829.667
1785366000,190.72,191.33,190.42,190.56,169.546
1785369600,190.71,191.36,189.19,189.69,553.805
1785373200,189.72,192.88,189.69,192.64,492.254
1785376800,192.43,194.13,192.37,192.53,607.33
1785380400,192.52,193.25,192.19,192.31,454.477
1785384000,192.31,192.44,191.33,191.46,672.624
1785387600,191.5,192.32,191.17,191.93,470.027
1785391200,191.9,191.98,191.21,191.21,292.208
1785394800,191.38,192.05,190.79,191.05,157.478
1785398400,191.17,192.19,190.84,191.85,997.64
1785402000,191.85,192.89,191.85,192.81,413.116
1785405600,192.84,193.8,192.55,192.82,813.669
1785409200,192.86,194.18,192.59,194.0,524.787
1785412800,194.16,194.89,193.22,193.58,1144.612
1785416400,193.4,195.21,192.17,194.78,968.167
1785420000,194.79,195.09,193.14,193.82,715.159
1785423600,193.5,195.0,193.34,194.85,1108.178
1785427200,194.8,195.4,193.59,193.86,866.914
1785430800,193.86,193.99,192.75,193.38,470.775
1785434400,193.37,194.0,192.81,193.15,287.514
1785438000,193.12,194.01,193.0,193.8,286.886
1785441600,193.73,194.63,192.93,193.18,718.935
1785445200,193.16,194.01,192.7,193.06,1102.973
1785448800,192.98,193.49,192.62,193.02,509.48
1785452400,192.93,193.96,192.46,192.54,1945.882
1785456000,192.54,194.14,192.51,193.85,967.904
1785459600,193.89,195.84,193.89,195.06,1182.306
1785463200,195.02,196.67,194.6,196.01,781.965
1785466800,196.03,197.85,195.42,196.34,779.647
1785470400,196.26,197.37,195.25,195.76,1239.391
1785474000,195.79,196.84,195.64,196.62,421.372
1785477600,196.58,197.0,195.72,195.89,229.55
1785481200,195.7,195.7,194.18,194.98,1167.012
1785484800,194.87,195.72,194.4,194.48,489.148
1785488400,194.5,194.51,191.93,193.17,1475.683
1785492000,193.1,194.07,192.8,193.99,622.249
1785495600,194.04,194.95,193.4,193.73,336.172
1785499200,193.7,194.34,192.99,194.34,446.221
1785502800,194.47,194.74,191.45,191.53,1510.527
1785506400,191.78,192.93,190.2,192.01,1122.827
1785510000,192.01,193.04,191.61,192.59,277.683
1785513600,192.53,194.35,192.53,194.06,513.441
1785517200,193.97,197.0,193.83,196.37,726.894
1785520800,196.37,197.1,195.17,195.89,817.952
1785524400,195.93,196.16,194.29,194.41,519.917
1785528000,194.45,194.67,193.17,193.45,1257.799
1785531600,193.33,193.9,192.67,192.89,1325.158
1785535200,192.86,194.2,192.69,193.79,628.32
1785538800,193.71,193.93,192.9,193.35,149.785
1785542400,193.41,195.25,193.41,194.38,525.695
1785546000,194.45,195.98,194.41,195.89,200.614
1785549600,195.69,196.52,195.45,196.12,250.26
1785553200,196.29,197.75,196.0,197.75,957.982
1785556800,197.77,199.9,197.31,199.4,1386.59
1785560400,199.41,199.93,196.18,196.9,944.516
1785564000,196.97,197.21,196.31,196.37,183.889
1785567600,196.35,197.17,195.99,196.24,550.481
1785571200,196.36,196.5,195.5,196.11,578.362
1785574800,196.09,196.09,194.79,194.87,410.597
1785578400,194.93,194.93,193.89,194.79,875.097
1785582000,194.83,195.16,194.59,195.16,372.5
1785585600,194.99,195.36,194.31,194.55,244.558
1785589200,194.47,194.73,192.48,193.58,1141.442
1785592800,193.63,194.07,192.78,193.15,435.667
1785596400,193.19,193.27,192.45,192.67,784.55
1785600000,192.59,193.27,192.54,192.91,294.852
1785603600,192.91,193.1,191.33,191.96,567.944
1785607200,191.92,191.92,189.53,190.61,2629.81
1785610800,190.58,191.13,190.32,190.57,235.337
1785614400,190.59,191.48,190.37,190.83,419.186
1785618000,190.82,192.15,190.82,191.97,169.363
1785621600,192.04,192.68,191.89,191.93,343.374
1785625200,191.98,192.44,191.51,192.37,611.897
1785628800,192.39,193.0,191.67,192.26,267.681
1785632400,192.33,193.48,192.33,192.89,517.953
1785636000,192.92,194.86,192.61,193.72,2345.767
1785639600,193.74,194.52,193.1,194.12,457.296
1785643200,194.36,195.82,193.83,195.57,825.657
1785646800,195.55,195.68,194.91,195.24,463.419
1785650400,195.39,195.42,194.23,194.35,193.487
1785654000,194.27,194.7,194.09,194.26,204.499
1785657600,194.3,194.31,193.13,193.47,560.586
1785661200,193.51,193.58,192.95,193.27,100.772
1785664800,193.21,193.3,192.46,192.74,433.458
1785668400,192.75,193.1,192.36,192.52,695.764
1785672000,192.52,193.06,192.44,192.82,93.427
1785675600,192.76,193.41,192.76,193.15,473.738
1785679200,193.14,193.41,192.67,192.7,73.571
1785682800,192.7,193.52,192.44,192.67,477.414
1785686400,192.67,192.85,191.75,192.45,317.488
1785690000,192.4,193.07,192.31,192.86,70.243
1785693600,192.92,193.83,192.68,192.76,203.87
1785697200,192.72,193.22,192.52,192.91,135.557
1785700800,192.97,193.51,192.82,193.38,223.507
1785704400,193.46,194.42,193.3,193.77,263.687
1785708000,193.81,194.17,192.35,192.66,325.951
1785711600,192.63,192.79,192.16,192.46,364.322
1785715200,192.44,192.54,191.25,191.88,350.857
1785718800,191.89,192.07,190.37,190.61,737.563
1785722400,190.6,191.02,190.07,190.6,216.602
1785726000,190.61,191.08,189.33,189.77,256.985
1785729600,189.74,190.84,189.73,190.08,106.546
1785733200,190.08,191.34,190.02,191.34,222.01
1785736800,191.33,191.45,189.4,189.43,463.907
1785740400,189.57,189.7,188.47,188.87,1379.95
1785744000,188.88,188.89,187.62,188.37,717.706
1785747600,188.42,189.03,188.09,188.75,699.742
1785751200,188.74,188.87,188.27,188.54,549.948
1785754800,188.49,188.66,187.9,188.25,192.309
1785758400,188.3,188.75,187.89,188.35,266.808
1785762000,188.39,189.74,187.44,189.7,862.062
1785765600,189.7,190.43,188.74,190.24,1401.124
1785769200,190.23,190.24,189.12,189.13,553.525
1785772800,189.16,190.51,188.88,190.29,1081.074
1785776400,190.2,191.1,190.07,191.1,875.469
1785780000,191.07,191.91,190.54,190.73,351.028
1785783600,190.7,191.46,190.7,191.09,435.081
1785787200,191.23,191.65,190.86,191.65,459.104
1785790800,191.8,193.39,191.79,193.3,919.646
1785794400,193.34,193.64,190.79,191.42,510.439
1785798000,191.22,191.75,190.41,191.75,172.711
1785801600,191.55,191.91,189.91,189.96,362.501
1785805200,189.95,191.45,189.49,191.35,742.972
1785808800,191.37,192.25,191.08,191.86,113.368
1785812400,191.87,191.92,190.61,191.24,48.336
1785816000,191.07,191.88,190.95,191.3,122.246
1785819600,191.31,191.91,190.61,191.91,97.925
1785823200,191.9,191.9,190.41,190.62,380.695
1785826800,190.63,191.45,189.98,191.1,274.708
1785830400,191.2,191.35,190.23,190.41,356.737
1785834000,190.42,190.46,189.76,190.15,203.039
1785837600,190.08,191.31,189.83,190.66,441.515
1785841200,190.66,191.23,190.48,191.2,71.911
1785844800,191.01,191.55,190.76,190.86,1413.368
1785848400,190.86,192.11,190.46,191.06,1176.233
1785852000,191.17,192.78,190.37,192.46,544.485
1785855600,192.39,192.91,190.98,192.48,432.699
1785859200,192.58,192.62,191.1,191.52,194.711
1785862800,191.61,194.36,191.57,193.45,4734.043
1785866400,193.65,198.86,193.65,196.88,2515.062
1785870000,197.05,200.28,196.33,199.67,6291.008
1785873600,199.64,201.14,197.47,198.78,2428.81
1785877200,198.87,198.91,196.49,196.93,1544.115
1785880800,196.96,197.38,196.17,196.99,687.777
1785884400,197.03,197.5,195.52,195.74,676.883
1785888000,195.73,197.03,195.13,196.11,698.746
1785891600,196.09,197.58,195.57,197.33,975.264
1785895200,197.21,200.4,196.98,198.42,4302.675
1785898800,198.38,198.69,196.36,197.5,2355.215
1785902400,197.66,197.7,196.64,196.76,169.249
1785906000,196.66,198.35,196.62,198.25,985.514
1785909600,198.16,199.32,197.98,197.98,585.894
1785913200,198.0,198.04,195.88,197.11,795.475
1785916800,197.14,197.74,196.8,196.92,1023.931
1785920400,196.96,198.48,196.85,197.8,256.704
1785924000,197.77,197.98,196.94,197.02,718.169
1785927600,196.93,197.1,196.0,196.1,380.473
1785931200,196.06,197.37,195.93,195.99,583.015
1785934800,195.99,196.66,194.22,196.64,1837.106
1785938400,196.66,198.16,196.44,197.52,3558.078
1785942000,197.56,199.07,197.33,197.45,1252.55
1785945600,197.47,198.61,197.47,197.97,508.68
1785949200,197.97,198.11,196.68,197.57,281.96
1785952800,197.4,197.63,196.32,196.59,369.189
1785956400,196.59,197.19,196.58,196.97,494.139
1785960000,196.88,197.83,196.36,197.31,384.796
1785963600,197.38,197.38,195.77,196.33,165.663
1785967200,196.26,198.42,196.12,197.95,443.644
1785970800,197.91,198.33,196.77,197.67,379.62
1785974400,197.68,198.66,197.31,197.86,953.317
1785978000,197.57,197.62,196.06,196.49,616.159
1785981600,196.45,196.97,195.38,196.26,1120.412
1785985200,196.26,196.27,195.37,195.58,884.698
1785988800,195.63,197.16,195.31,196.97,485.275
1785992400,197.05,197.7,196.37,196.72,171.546
1785996000,196.79,197.21,195.86,196.84,280.116
1785999600,196.78,196.8,196.15,196.51,210.429
1786003200,196.51,197.0,195.76,196.71,278.749
1786006800,196.71,196.72,193.32,193.35,2787.789
1786010400,193.28,194.08,192.87,193.3,1319.038
1786014000,193.33,195.2,192.81,194.85,464.669
1786017600,194.79,194.81,192.5,192.68,2109.981
1786021200,192.61,192.84,190.9,191.95,2868.614
1786024800,191.81,192.67,191.45,192.1,663.938
1786028400,192.08,193.98,191.98,193.36,177.023
1786032000,193.3,193.55,192.71,193.42,210.332
1786035600,193.4,193.46,192.14,192.75,387.488
1786039200,192.76,193.35,192.12,192.99,411.99
1786042800,193.0,194.08,191.66,191.72,3473.277
1786046400,191.76,192.89,191.34,192.77,1248.686
1786050000,192.75,193.23,192.72,192.72,233.602
1786053600,192.77,193.21,192.17,192.61,120.852
1786057200,192.47,192.59,191.72,192.0,2539.254
1786060800,192.0,192.59,191.38,192.44,1467.562
1786064400,192.48,192.79,191.82,192.21,101.322
1786068000,192.18,192.97,191.63,192.21,211.873
1786071600,192.18,192.31,191.18,191.18,556.057
1786075200,191.11,191.74,190.45,190.87,876.804
1786078800,190.88,191.65,190.2,191.62,569.942
1786082400,191.53,192.43,191.16,192.26,285.875
1786086000,192.16,192.88,191.68,191.72,341.275
1786089600,191.72,192.89,191.04,192.49,615.719
1786093200,192.49,193.71,192.49,193.22,1044.22
1786096800,193.33,193.82,192.92,193.4,955.777
1786100400,193.32,194.87,193.27,193.92,785.223
1786104000,193.91,194.61,192.81,193.37,521.972
1786107600,193.43,193.94,192.44,193.0,250.091
1786111200,192.99,193.78,192.4,192.4,1637.154
1786114800,192.36,194.55,192.17,193.94,1430.172
1786118400,193.96,194.22,193.11,193.11,151.754
1786122000,193.07,193.07,190.86,191.28,419.145
1786125600,191.1,192.09,191.1,191.49,319.749
1786129200,191.53,194.24,191.53,194.0,283.017
1786132800,194.0,195.15,193.6,195.15,1178.654
1786136400,195.07,195.41,193.87,193.88,1141.968
1786140000,193.91,194.22,193.28,193.53,576.509
1786143600,193.62,195.39,193.42,193.54,168.977
1786147200,193.42,193.62,192.89,193.1,196.977
1786150800,193.14,193.98,193.14,193.57,160.347
1786154400,193.58,194.47,193.18,194.09,99.312
1786158000,194.13,197.18,194.13,196.33,1610.297
1786161600,196.42,197.3,195.43,195.43,372.6
1786165200,195.58,195.66,194.87,195.66,164.57
1786168800,195.72,197.92,195.54,197.4,554.63
1786172400,197.47,197.59,196.27,196.7,350.674
1786176000,196.67,197.0,196.38,196.85,1027.927
1786179600,196.74,196.91,196.24,196.43,156.706
1786183200,196.27,196.95,196.27,196.72,149.612
1786186800,196.72,196.94,196.05,196.69,293.567
1786190400,196.71,197.31,196.48,197.0,325.818
1786194000,196.93,197.31,195.87,195.98,209.018
1786197600,195.89,197.37,195.89,197.37,119.488
1786201200,197.42,198.43,197.1,198.19,410.514
1786204800,198.18,198.36,197.5,198.27,733.521
1786208400,198.27,199.48,197.92,199.07,1541.392
1786212000,199.03,200.29,198.19,198.37,2338.924
1786215600,198.37,198.65,197.22,198.55,1499.483
1786219200,198.47,199.0,198.19,198.95,269.676
1786222800,199.0,200.31,198.79,199.41,737.129
1786226400,199.32,199.89,198.87,199.16,995.61
1786230000,199.07,205.63,198.74,203.97,1457.789
1786233600,203.88,210.34,203.7,208.79,5487.345
1786237200,208.74,209.28,204.97,205.46,1457.894
1786240800,205.52,206.77,204.51,206.05,706.806
1786244400,206.11,208.33,204.52,207.75,1208.47
1786248000,207.7,210.38,206.07,206.22,3845.177
1786251600,206.05,207.23,205.5,206.34,633.96
1786255200,206.41,207.2,205.24,205.53,1103.457
1786258800,205.54,206.49,204.68,206.29,1501.75
1786262400,206.26,207.21,205.46,206.7,1326.925
1786266000,206.47,206.78,205.03,205.73,529.069
1786269600,205.76,206.29,204.97,204.97,1028.176
1786273200,204.92,207.81,202.72,207.12,2311.759
1786276800,207.09,207.97,205.82,206.64,616.93
1786280400,206.68,209.78,206.65,209.11,4265.571
1786284000,209.0,210.09,207.9,208.98,2369.867
1786287600,208.88,210.67,208.4,209.06,1191.364
1786291200,209.09,210.52,207.47,207.66,1444.483
1786294800,207.64,207.87,206.95,207.26,503.536
1786298400,207.17,207.91,207.12,207.17,858.947
1786302000,207.12,207.6,206.17,207.19,1855.436
1786305600,207.24,207.36,206.06,206.2,328.714
1786309200,206.07,207.21,205.5,206.52,175.203
1786312800,206.55,207.36,203.72,204.39,2254.919
1786316400,204.22,204.25,201.72,202.25,1310.238
1786320000,202.13,204.75,200.8,203.89,3845.094
1786323600,203.76,205.53,203.18,204.9,673.948
1786327200,204.98,204.98,202.62,203.91,433.13
1786330800,203.94,203.94,202.25,202.43,1500.907
1786334400,202.4,203.21,202.0,202.06,222.313
1786338000,202.04,204.38,201.93,203.98,492.567
1786341600,204.05,204.43,203.39,204.03,681.94
1786345200,204.03,204.61,203.52,204.22,596.462
1786348800,204.19,204.44,202.8,203.77,930.968
1786352400,203.9,203.95,202.55,202.74,256.721
1786356000,202.75,203.93,202.63,203.78,521.538
1786359600,203.83,205.82,203.48,205.28,345.618
1786363200,205.4,206.03,202.92,203.0,603.794
1786366800,203.03,204.36,203.03,203.42,790.3
1786370400,203.38,204.83,202.2,202.83,5537.904
1786374000,202.86,203.6,201.7,202.53,1585.993
1786377600,202.14,203.33,201.7,202.11,1388.118
1786381200,202.14,203.92,201.83,202.46,995.288
1786384800,202.47,202.47,199.88,199.93,6705.668
1786388400,199.92,202.57,199.9,200.97,2124.921
1786392000,200.97,202.34,200.15,201.91,797.61
1786395600,201.86,202.52,199.03,199.03,2538.662
1786399200,199.1,199.91,198.53,198.85,1914.203
1786402800,198.89,200.0,198.59,199.58,523.403
1786406400,199.66,199.87,199.02,199.35,523.041
1786410000,199.17,200.15,198.4,199.42,1080.58
1786413600,199.46,200.47,199.4,199.54,2445.29
1786417200,199.48,200.17,199.22,199.67,2424.509
1786420800,199.43,200.02,199.12,199.2,1010.386
1786424400,199.13,199.83,199.0,199.24,933.313
1786428000,199.24,199.45,198.96,199.35,2192.587
1786431600,199.36,199.52,198.79,199.25,1190.884
1786435200,199.25,200.06,198.73,199.65,1115.075
1786438800,199.59,200.85,199.41,200.75,549.619
1786442400,200.83,202.15,200.02,201.5,816.625
1786446000,201.53,202.29,200.98,201.47,885.094
1786449600,201.4,202.34,200.74,202.01,668.401
1786453200,202.25,203.93,202.13,202.69,521.471
1786456800,202.7,203.67,200.38,200.75,934.5
1786460400,200.78,201.7,197.0,198.5,3580.148
1786464000,198.46,199.83,198.13,198.57,935.266
1786467600,198.64,199.75,198.36,199.22,668.512
1786471200,199.16,199.46,197.09,197.24,751.263
1786474800,197.18,198.97,196.32,198.53,1870.385
1786478400,198.57,200.17,198.54,199.82,1908.287
1786482000,199.81,200.98,199.76,200.63,630.103
1786485600,200.64,201.01,199.95,200.77,959.401
1786489200,200.56,202.47,200.32,201.98,379.455
1786492800,201.8,205.62,201.06,204.89,3069.971
1786496400,204.86,205.92,204.52,204.92,947.021
1786500000,204.84,205.96,204.57,205.24,351.47
1786503600,205.25,205.8,204.82,205.0,902.505
1786507200,204.94,205.91,203.88,203.99,1818.838
1786510800,204.01,204.57,203.44,203.74,456.624
1786514400,203.72,203.79,202.7,202.7,1992.228
1786518000,202.7,203.69,202.22,203.26,912.874
1786521600,203.12,204.24,202.84,202.86,1273.363
1786525200,202.83,204.79,202.32,204.64,417.255
1786528800,204.61,205.34,204.0,204.09,250.029
1786532400,204.07,204.35,203.56,203.56,228.674
1786536000,203.55,204.29,201.82,202.09,872.192
1786539600,202.07,202.43,201.05,201.43,1208.573
1786543200,201.33,201.57,198.25,198.35,4162.779
1786546800,198.35,200.45,198.21,199.82,523.146
1786550400,199.76,200.36,199.38,199.66,570.618
1786554000,199.69,201.07,199.69,200.45,351.593
1786557600,200.4,200.85,199.27,199.88,431.545
1786561200,200.01,200.01,197.61,198.24,1016.507
1786564800,198.16,200.31,198.16,200.03,704.935
1786568400,199.98,200.36,198.23,198.84,328.108
1786572000,198.78,200.09,198.78,200.03,143.442
1786575600,199.95,200.37,199.55,200.09,323.712
1786579200,200.02,201.08,199.89,200.29,2329.02
1786582800,200.19,200.35,197.86,197.87,685.86
1786586400,197.88,198.9,197.13,198.9,516.323
1786590000,198.88,200.45,198.87,199.87,236.826
1786593600,199.85,200.25,199.66,199.94,323.605
1786597200,199.96,201.29,199.84,200.55,936.746
1786600800,200.57,200.58,199.36,200.03,1682.339
1786604400,199.98,200.66,199.89,199.99,758.884
1786608000,200.1,201.57,199.99,200.45,541.296
1786611600,200.38,200.45,199.34,200.22,249.061
1786615200,200.21,200.21,198.67,199.04,622.832
1786618800,199.02,199.77,198.8,199.31,1064.798
1786622400,199.35,200.4,199.35,200.27,156.374
1786626000,200.33,201.89,199.98,201.46,2164.9
1786629600,201.38,202.7,201.0,202.49,4239.775
1786633200,202.54,203.09,200.51,200.51,2504.312
1786636800,200.51,201.14,198.17,200.03,2143.808
1786640400,200.01,201.74,199.83,201.24,327.693
1786644000,201.28,203.04,200.84,202.36,362.925
1786647600,202.58,204.09,202.08,202.08,765.417
1786651200,202.11,203.46,201.8,203.11,167.082
1786654800,203.11,204.08,202.84,203.4,826.761
1786658400,203.37,203.83,203.2,203.42,616.647
1786662000,203.42,203.96,202.94,203.48,696.593
1786665600,203.68,204.08,202.18,202.2,1124.998
1786669200,202.19,205.22,201.83,205.1,4547.92
1786672800,205.08,205.56,203.33,203.46,1944.108
1786676400,203.46,203.6,201.93,202.01,2863.737
1786680000,201.96,202.31,201.39,201.42,988.639
1786683600,201.41,201.77,201.1,201.43,890.582
1786687200,201.34,201.47,200.0,200.16,1051.751
1786690800,200.07,200.25,199.1,199.79,4411.513
1786694400,199.74,200.63,199.26,200.21,1547.935
1786698000,200.2,200.25,198.89,199.45,2818.86
1786701600,199.4,199.86,198.75,198.85,870.439
1786705200,198.83,199.4,198.57,199.02,409.163
1786708800,198.99,198.99,198.0,198.86,850.24
1786712400,198.88,199.1,197.98,198.46,315.085
1786716000,198.5,198.69,193.04,193.98,4852.395
1786719600,193.93,196.81,193.73,196.08,954.865
1786723200,196.08,197.27,195.91,197.03,747.291
1786726800,197.05,197.67,196.58,196.65,566.509
1786730400,196.66,197.03,196.03,196.26,1005.429
1786734000,196.26,198.26,195.7,197.59,377.06
1786737600,197.57,199.43,197.48,197.88,255.726
1786741200,197.82,198.36,197.47,197.92,238.023
1786744800,197.84,198.52,196.81,197.01,295.705
1786748400,196.88,199.7,196.82,199.6,57.682
1786752000,199.65,200.05,198.72,199.6,2500.138
1786755600,199.6,200.01,198.89,199.79,417.827
1786759200,199.83,201.51,199.77,200.35,514.024
1786762800,200.37,200.62,198.54,198.93,472.442
1786766400,199.02,199.44,198.61,198.62,476.769
1786770000,198.69,198.77,198.0,198.12,940.978
1786773600,198.16,198.45,197.59,198.21,670.007
1786777200,198.16,198.16,197.33,197.5,326.26
1786780800,197.46,197.92,197.23,197.23,278.982
1786784400,197.23,197.64,197.1,197.55,301.993
1786788000,197.57,197.64,197.18,197.41,334.072
1786791600,197.4,197.69,197.17,197.17,68.535
1786795200,197.16,197.24,196.33,196.84,515.967
1786798800,196.88,197.71,196.56,197.31,231.968
1786802400,197.32,198.49,197.26,197.91,370.679
1786806000,197.96,198.64,197.78,198.23,357.17
1786809600,198.23,198.55,197.92,198.21,273.269
1786813200,198.21,198.32,197.76,197.82,109.107
1786816800,197.79,197.86,197.47,197.58,71.161
1786820400,197.63,197.89,197.4,197.82,451.936
1786824000,197.82,198.04,197.41,197.98,500.253
1786827600,197.97,198.42,197.42,198.0,1671.819
1786831200,197.98,198.64,197.8,197.91,1287.614
1786834800,197.9,197.91,196.78,196.93,2006.603
1786838400,196.94,197.24,196.5,196.76,305.223
1786842000,196.75,196.82,196.26,196.65,728.53
1786845600,196.64,197.13,195.72,196.89,1434.34
1786849200,196.9,197.32,196.74,196.75,143.676
1786852800,196.79,197.02,196.21,196.36,85.903
1786856400,196.36,196.51,195.74,195.97,123.595
1786860000,196.0,196.11,195.25,195.95,279.861
1786863600,195.95,196.42,195.81,196.42,75.261
1786867200,196.38,196.77,196.22,196.4,84.486
1786870800,196.39,196.46,195.96,196.28,205.243
1786874400,196.32,196.38,195.78,196.08,1070.293
1786878000,196.08,196.69,196.05,196.59,447.929
1786881600,196.6,196.6,196.12,196.26,374.118
1786885200,196.26,197.27,196.25,197.01,425.936
1786888800,197.09,197.34,196.64,197.34,205.474
1786892400,197.33,197.89,197.09,197.49,170.459
1786896000,197.45,197.78,197.06,197.16,528.586
1786899600,197.17,197.29,196.51,197.12,947.103
1786903200,197.11,197.42,196.94,197.24,406.434
1786906800,197.25,197.99,197.25,197.68,251.865
1786910400,197.7,197.99,197.01,197.4,526.565
1786914000,197.43,197.58,194.45,195.88,2586.607
1786917600,195.84,196.48,195.43,196.18,908.36
1786921200,196.23,196.56,195.63,195.83,125.13
1786924800,195.87,196.3,195.31,195.68,1466.198
1786928400,195.7,197.15,195.61,196.38,1200.207
1786932000,196.39,198.66,196.08,198.04,858.203
1786935600,198.05,198.13,197.01,197.4,1471.888
1786939200,197.41,197.98,197.32,197.63,371.813
1786942800,197.63,197.7,196.67,196.67,345.732
1786946400,196.64,198.45,196.45,197.73,1405.175
1786950000,197.74,197.83,197.12,197.34,659.179
1786953600,197.33,197.33,195.06,195.25,1106.232
1786957200,195.26,195.59,194.59,194.97,334.202
1786960800,194.97,196.54,194.63,196.53,1698.278
1786964400,196.53,197.61,196.47,196.74,3564.801
1786968000,196.74,196.83,195.71,195.91,1768.301
1786971600,195.94,196.67,195.0,196.42,1036.907
1786975200,196.4,196.77,195.44,196.74,759.547
1786978800,196.47,197.68,196.31,197.02,1144.932
1786982400,197.03,197.14,196.01,196.65,506.149
1786986000,196.64,197.04,195.3,195.76,344.201
1786989600,195.77,197.24,195.65,196.84,618.829
1786993200,196.85,197.0,196.06,196.58,641.033
1786996800,196.58,197.11,196.32,197.09,1787.267
1787000400,197.09,197.1,196.32,196.48,525.649
1787004000,196.48,196.66,195.66,195.77,385.541
1787007600,195.77,196.55,195.69,196.45,364.146
1787011200,196.47,196.77,195.97,196.73,316.006
1787014800,196.73,196.73,191.75,192.47,2699.756
1787018400,192.54,193.14,189.54,190.23,5151.572
1787022000,190.23,191.91,190.03,191.4,791.483
1787025600,191.4,192.82,190.98,192.69,688.252
1787029200,192.68,192.68,191.53,192.25,486.455
1787032800,192.2,194.07,191.86,193.32,291.516
1787036400,193.33,193.61,192.69,193.04,349.873
1787040000,193.0,193.0,191.61,192.64,1316.864
1787043600,192.69,193.82,192.52,193.42,698.629
1787047200,193.41,193.93,193.19,193.75,254.079
1787050800,193.73,193.93,192.78,192.78,326.196
1787054400,192.74,192.74,191.61,192.23,288.207
1787058000,192.26,192.35,191.56,191.91,381.221
1787061600,191.94,193.44,191.36,191.68,847.594
1787065200,191.68,192.39,191.45,192.05,864.525
1787068800,191.99,192.56,191.68,192.53,413.179
1787072400,192.49,192.56,191.93,192.17,243.093
1787076000,192.17,192.82,191.7,191.81,227.42
1787079600,191.82,192.39,191.43,191.51,466.961
1787083200,191.52,191.61,190.51,190.7,1468.201
1787086800,190.71,191.28,190.61,191.15,163.661
1787090400,191.14,191.56,190.34,190.65,313.732
1787094000,190.66,191.16,190.63,190.91,216.718
1787097600,191.01,191.04,190.07,190.76,1114.946
1787101200,190.67,191.23,190.24,190.96,119.172
1787104800,190.89,191.13,190.23,190.25,80.179
1787108400,190.25,191.39,190.25,191.19,171.349
1787112000,191.1,191.42,190.29,190.5,132.368
1787115600,190.53,191.0,189.92,190.0,916.978
1787119200,190.0,192.05,188.44,191.93,1073.87
1787122800,192.01,192.54,191.55,191.88,387.079
1787126400,191.88,192.53,191.76,192.48,871.74
1787130000,192.47,192.58,191.61,191.92,377.68
1787133600,191.9,192.5,191.75,192.44,210.465
1787137200,192.42,192.8,191.9,192.33,1524.193
1787140800,192.34,193.33,192.29,192.83,431.78
1787144400,192.83,193.35,192.11,192.11,439.878
1787148000,192.12,195.41,192.11,195.19,1319.024
1787151600,195.2,199.88,194.41,196.0,23277.441
1787155200,196.02,199.99,195.9,198.34,5058.307
1787158800,198.35,198.95,196.45,198.7,2629.355
1787162400,198.79,199.69,197.25,198.66,3724.338
1787166000,198.7,199.77,197.91,199.48,1893.246
1787169600,199.51,205.17,199.33,204.53,5124.843
1787173200,204.56,209.35,204.56,208.85,13377.951
1787176800,208.89,209.93,204.65,205.38,3628.119
1787180400,205.41,206.04,204.14,205.81,3200.523
1787184000,205.81,207.5,205.68,206.38,3732.905
1787187600,206.36,207.94,204.89,207.46,1341.731
1787191200,207.48,208.03,204.44,204.82,1724.782
1787194800,204.8,204.84,202.85,204.11,2288.74
1787198400,204.06,205.31,203.9,204.82,884.661
1787202000,204.84,206.0,204.73,205.23,1861.69
1787205600,205.28,206.68,204.49,206.58,2565.094
1787209200,206.57,207.12,203.29,204.47,5766.366
1787212800,204.51,210.17,204.43,209.91,9768.048
1787216400,209.92,210.32,208.23,209.16,4201.233
1787220000,209.15,214.03,208.83,212.18,7249.006
1787223600,212.25,213.38,210.15,211.26,3150.868
1787227200,211.26,211.72,208.41,210.23,2441.738
1787230800,210.24,210.38,205.71,208.03,3188.882
1787234400,208.04,209.48,206.97,208.49,2882.269
1787238000,208.5,212.29,208.4,210.96,2678.216
1787241600,210.97,212.87,209.57,212.81,2116.726
1787245200,212.81,214.92,211.67,213.49,3662.207
1787248800,213.48,214.2,209.4,209.49,9164.7
1787252400,209.47,211.28,208.8,209.13,675.631
1787256000,209.15,211.32,209.15,211.24,867.698
1787259600,211.29,214.52,210.79,213.98,2009.009
1787263200,214.02,215.14,212.21,214.22,1576.537
1787266800,214.22,218.54,214.04,215.15,10320.184
1787270400,215.06,217.29,214.56,215.78,2975.667
1787274000,215.76,218.38,214.79,218.13,1460.36
1787277600,218.26,219.06,216.73,217.09,3031.13
1787281200,217.28,218.96,215.51,217.47,5784.87
1787284800,217.51,220.25,216.98,218.5,3036.985
1787288400,218.48,220.59,217.8,219.31,2524.216
1787292000,219.28,220.56,218.44,219.55,3224.838
1787295600,219.49,225.35,219.25,224.17,7705.043
1787299200,224.2,227.77,223.18,227.18,7044.043
1787302800,227.14,227.23,218.67,224.06,8577.151
1787306400,224.09,227.14,222.65,225.16,5594.474
1787310000,225.15,227.64,223.2,225.68,3163.585
1787313600,225.7,230.53,224.98,228.5,3983.915
1787317200,228.58,229.65,224.16,229.18,6332.263
1787320800,229.51,233.72,227.32,232.16,7876.725
1787324400,232.2,234.39,230.88,233.12,4040.007
1787328000,233.07,233.24,228.72,231.91,5792.753
1787331600,231.7,232.23,227.43,229.43,5684.844
1787335200,229.53,230.91,224.5,226.93,1429.944
1787338800,226.88,227.7,223.25,224.6,4188.943
1787342400,224.66,228.01,223.67,228.01,2823.384
1787346000,227.95,232.3,227.59,232.1,6078.546
1787349600,232.23,234.58,231.22,233.6,3207.507
1787353200,233.65,234.32,229.88,230.33,3191.244
1787356800,230.34,231.33,227.7,229.48,2794.644
1787360400,229.44,231.67,228.78,228.78,2447.711
1787364000,228.95,245.62,228.84,243.24,24613.873
1787367600,243.26,249.69,242.18,248.03,17308.918
1787371200,248.1,251.22,245.59,247.78,7481.009
1787374800,247.73,248.14,208.53,232.84,40561.098
1787378400,232.9,232.92,226.87,231.53,7659.693
1787382000,231.49,232.7,228.53,229.21,4041.789
1787385600,229.21,230.64,225.14,228.39,3850.034
1787389200,228.37,228.92,224.56,226.96,3890.104
1787392800,227.0,227.11,218.8,224.03,3222.26
1787396400,224.03,224.3,221.86,223.64,2209.365
1787400000,223.61,226.38,222.68,222.73,3165.954
1787403600,222.75,224.33,222.0,224.06,1025.257
1787407200,224.08,224.44,220.1,221.34,1791.739
1787410800,221.37,222.28,219.39,221.03,1730.559
1787414400,220.97,225.91,220.29,224.96,2811.319
1787418000,224.98,226.85,223.51,226.64,4069.655
1787421600,226.64,227.72,223.6,225.52,3546.316
1787425200,225.37,229.22,224.9,226.97,935.468
1787428800,226.97,228.71,224.61,225.31,3441.808
1787432400,225.31,225.31,220.4,220.81,1787.72
1787436000,220.95,224.8,218.38,223.74,1979.357
1787439600,223.68,223.84,221.55,222.65,924.302
1787443200,222.54,225.16,221.89,224.27,3784.394
1787446800,224.3,224.33,221.57,222.12,1352.692
1787450400,222.06,222.65,219.41,221.11,1494.851
1787454000,221.16,221.26,217.34,218.57,2509.305
1787457600,218.52,219.18,214.85,215.6,1971.254
1787461200,215.37,219.67,214.84,217.69,2308.944
1787464800,217.68,219.65,216.39,219.07,1404.067
1787468400,219.04,220.96,218.39,219.84,1384.069
1787472000,219.71,223.06,219.53,222.57,2212.037
1787475600,222.64,224.56,222.52,223.88,3442.54
1787479200,224.08,225.53,223.94,224.94,1193.033
1787482800,224.99,227.96,224.73,226.26,1442.826
1787486400,226.21,226.96,225.34,226.96,3412.69
1787490000,226.98,233.91,226.93,232.55,5600.944
1787493600,232.47,235.51,227.88,234.24,4674.744
1787497200,234.19,235.25,229.79,232.74,3391.263
1787500800,232.74,236.2,231.74,233.16,3400.351
1787504400,233.48,234.82,231.59,233.46,4178.79
1787508000,233.51,241.28,233.04,240.17,12880.734
1787511600,240.2,242.48,237.61,241.47,4416.695
1787515200,241.77,246.35,240.0,244.28,10890.602
1787518800,244.32,245.65,241.99,245.03,9569.504
1787522400,245.14,245.55,241.56,242.94,2779.314
1787526000,242.68,242.86,236.0,237.86,16546.731
1787529600,237.84,241.41,236.0,241.34,5412.38
1787533200,241.18,242.7,231.45,232.25,10718.37
1787536800,232.3,236.84,231.04,236.61,6049.516
1787540400,236.42,237.01,233.39,233.47,1548.822
1787544000,233.31,237.17,233.31,235.32,900.557
1787547600,235.22,238.25,234.46,235.9,2413.535
1787551200,236.08,236.32,232.7,233.87,3894.319
1787554800,233.79,237.09,233.5,234.43,909.742
1787558400,234.6,235.72,231.22,233.2,1616.776
1787562000,233.06,236.85,233.06,236.27,523.195
1787565600,236.65,239.39,233.86,234.22,2248.074
1787569200,234.12,240.1,232.45,237.55,1760.711
1787572800,237.68,244.49,235.78,243.72,6137.379
1787576400,243.75,244.91,236.92,239.9,5543.362
1787580000,240.0,242.99,238.65,241.07,3765.207
1787583600,240.86,245.21,238.78,239.51,3349.548
1787587200,239.54,244.73,239.51,242.7,3352.91
1787590800,242.7,242.8,236.36,239.87,2777.777
1787594400,240.15,243.92,239.9,240.68,2428.083
1787598000,240.7,242.23,237.69,242.0,2494.407
1787601600,241.79,244.18,238.78,241.52,5938.611
1787605200,241.64,243.9,240.99,242.87,1737.731
1787608800,242.65,243.3,240.21,240.25,1138.907
1787612400,240.3,241.75,239.16,240.88,1261.113
1787616000,240.88,241.96,238.42,241.8,3794.629
1787619600,241.82,242.04,238.53,239.68,2955.47
1787623200,239.72,244.32,238.64,241.1,2808.222
1787626800,241.2,242.59,239.63,240.81,1221.664
1787630400,240.9,242.69,239.22,242.32,1605.868
1787634000,242.25,246.58,242.16,243.44,4508.461
1787637600,243.58,246.26,239.79,240.82,1527.401
1787641200,240.9,242.54,234.2,236.17,7610.636
1787644800,236.42,238.69,235.65,236.94,4400.525
1787648400,236.94,238.27,234.85,236.09,2043.608
1787652000,236.11,237.43,235.27,236.82,1740.731
1787655600,236.78,238.15,236.0,236.61,1457.489
1787659200,236.57,238.81,234.21,238.15,1243.411
1787662800,238.14,238.8,232.32,234.41,3401.784
1787666400,234.45,237.29,233.84,235.89,936.364
1787670000,236.0,236.33,232.43,234.71,3345.032
1787673600,234.69,236.0,233.3,235.2,1540.497
1787677200,235.25,235.57,233.25,235.31,580.099
1787680800,235.34,236.0,234.83,235.16,901.981
1787684400,235.17,235.92,231.42,232.59,1826.624
1787688000,232.6,232.83,227.21,227.79,4688.816
1787691600,227.8,230.7,224.14,230.7,4053.844
1787695200,230.67,233.2,230.63,232.31,2148.675
1787698800,232.32,233.78,228.16,229.28,2298.795
1787702400,229.31,232.02,228.44,231.39,3686.872
1787706000,231.41,233.15,231.27,232.78,1599.29
1787709600,232.87,234.4,231.13,233.8,1393.041
1787713200,233.58,234.27,232.8,233.81,329.552
1787716800,233.71,235.75,231.99,232.41,1620.063
1787720400,232.52,233.24,230.26,233.14,1316.108
1787724000,233.1,234.1,232.49,234.07,377.143
1787727600,233.81,235.7,233.11,234.55,2148.567
1787731200,234.6,236.0,233.04,233.74,3738.301
1787734800,233.72,235.41,230.8,232.16,1817.086
1787738400,231.75,237.65,231.5,235.72,2876.199
1787742000,235.72,236.19,232.78,234.31,2243.531
1787745600,234.69,236.57,232.61,233.27,1786.199
1787749200,233.14,233.68,229.7,230.95,2468.202
1787752800,230.82,231.93,224.55,225.77,4685.501
1787756400,225.66,229.41,224.99,227.5,3999.538
1787760000,227.6,228.93,224.98,227.38,2737.419
1787763600,227.35,230.51,227.35,228.56,959.779
1787767200,228.25,229.65,227.64,228.81,797.428
1787770800,228.67,228.93,227.33,228.15,587.125
1787774400,228.14,228.63,225.9,228.57,3395.044
1787778000,228.57,232.0,228.47,231.63,6965.414
1787781600,231.57,232.76,230.88,232.21,5621.341
1787785200,231.99,235.08,231.53,234.83,1569.338
1787788800,234.83,240.6,233.22,238.9,21384.262
1787792400,238.87,240.74,235.87,240.2,13113.48
1787796000,240.17,247.23,239.55,240.81,8497.311
1787799600,240.79,241.71,238.0,239.03,6535.933
1787803200,238.88,240.79,237.62,238.01,2526.413
1787806800,237.97,241.61,235.71,241.61,5479.469
1787810400,241.69,244.2,239.54,243.77,10033.009
1787814000,243.69,249.57,242.92,249.5,8895.966
1787817600,249.46,261.57,248.72,255.16,16743.978
1787821200,255.16,258.56,251.07,253.9,23026.925
1787824800,253.99,257.8,250.86,254.9,12057.463
1787828400,254.71,258.73,253.96,256.82,11658.391
1787832000,256.89,258.25,254.29,256.09,2899.842
1787835600,256.02,258.0,254.53,257.47,8189.355
1787839200,257.54,260.37,255.46,256.18,8202.022
1787842800,256.19,257.25,252.72,254.39,5491.377
1787846400,254.42,256.86,251.18,251.81,6418.907
1787850000,251.92,254.59,250.51,252.32,6398.357
1787853600,252.4,253.81,249.35,250.77,9074.307
1787857200,250.92,252.82,248.49,249.21,4646.59
1787860800,249.24,250.65,247.49,250.52,3968.733
1787864400,250.59,251.78,249.45,251.23,2024.252
1787868000,251.23,255.34,251.19,254.19,4809.094
1787871600,253.87,255.22,253.54,254.26,1440.945
1787875200,254.28,256.11,252.19,253.07,4343.429
1787878800,253.1,255.53,250.25,250.41,6861.77
1787882400,250.35,250.42,244.74,245.29,13134.165
1787886000,245.39,247.54,243.26,245.58,3973.982
1787889600,245.47,245.76,242.4,244.99,3248.092
1787893200,244.79,246.38,243.83,245.08,2275.104
1787896800,245.09,247.35,244.71,246.91,1270.1
1787900400,246.91,247.55,245.0,246.95,2311.835
1787904000,246.95,247.63,243.29,244.25,3378.028
1787907600,244.32,244.74,242.27,242.78,3934.052
1787911200,242.91,245.04,241.16,244.88,1314.871
1787914800,244.91,245.81,244.39,244.74,1555.087
1787918400,244.68,246.74,243.5,245.41,1904.773
1787922000,245.3,246.95,243.94,246.19,3272.909
1787925600,246.19,248.78,238.65,246.41,12871.806
1787929200,246.57,247.71,241.47,241.55,4233.143
1787932800,241.6,243.0,234.85,239.06,21156.882
1787936400,239.06,240.71,236.05,236.29,6450.187
1787940000,236.31,236.51,231.43,233.1,13931.603
1787943600,233.17,235.49,232.45,234.24,5122.354
1787947200,234.09,235.99,233.93,234.88,2725.462
1787950800,234.87,236.88,233.14,233.95,6917.187
1787954400,233.98,237.46,233.53,237.22,3893.992
1787958000,237.2,238.0,236.13,236.69,824.934
1787961600,236.72,237.55,234.97,235.13,3574.102
1787965200,235.06,238.06,234.64,237.04,2863.7
1787968800,237.09,237.8,235.1,235.79,1942.515
1787972400,235.73,235.95,234.29,234.8,407.348
1787976000,234.88,236.15,234.5,235.82,1225.59
1787979600,235.79,236.99,235.7,236.4,487.689
1787983200,236.38,236.38,233.09,233.78,3098.496
1787986800,233.96,234.9,232.5,232.67,1647.767
1787990400,232.62,232.62,231.33,232.0,1911.587
1787994000,232.09,232.76,231.89,232.19,949.874
1787997600,232.22,234.77,231.73,234.07,3721.219
1788001200,234.07,234.81,233.73,234.57,1258.496
1788004800,234.55,235.82,234.33,235.3,902.645
1788008400,235.36,236.76,234.89,236.54,448.493
1788012000,236.56,239.31,236.24,238.48,1317.303
1788015600,238.64,238.64,237.01,237.69,1547.212
1788019200,237.76,239.12,237.45,238.03,816.685
1788022800,238.18,238.49,235.78,237.19,618.783
1788026400,237.27,237.98,236.54,237.11,310.203
1788030000,237.11,237.4,236.0,236.13,871.067
1788033600,236.25,237.19,234.93,235.31,914.361
1788037200,235.29,236.78,234.29,235.88,1403.681
1788040800,235.94,236.79,235.24,236.42,1505.467
1788044400,236.44,236.69,235.03,236.0,2510.282
1788048000,235.83,236.09,234.38,234.91,1134.044
1788051600,234.9,234.91,233.61,233.95,1204.518
1788055200,233.96,235.19,233.75,234.84,434.103
1788058800,234.91,236.56,234.65,235.64,858.083
1788062400,235.54,235.94,234.21,235.5,218.072
1788066000,235.5,237.41,235.5,237.04,776.93
1788069600,236.93,238.45,236.33,238.23,1490.687
1788073200,238.3,238.37,236.6,237.13,319.563
1788076800,237.11,238.35,237.1,237.99,1217.959
1788080400,237.82,239.28,236.03,236.71,2533.652
1788084000,236.77,238.27,236.35,238.0,953.122
1788087600,238.0,238.76,237.43,238.07,399.548
1788091200,238.15,239.94,238.01,239.8,1659.971
1788094800,239.75,239.9,237.75,238.27,668.04
1788098400,237.88,238.64,237.07,237.7,1211.875
1788102000,237.76,237.76,236.17,236.83,5558.519
1788105600,236.83,243.3,236.64,242.04,6914.527
1788109200,242.13,242.16,238.49,240.51,1078.578
1788112800,240.41,241.57,239.14,240.87,1103.656
1788116400,240.93,242.15,237.26,238.16,5147.752
1788120000,238.15,238.46,234.49,235.96,3627.164
1788123600,235.87,236.45,232.4,235.73,3485.465
1788127200,235.7,236.81,233.43,234.25,477.786
1788130800,234.0,234.31,223.95,227.67,19931.545
1788134400,227.29,229.34,225.44,228.41,1848.473
1788138000,228.46,228.61,224.82,225.15,1691.662
1788141600,225.13,229.27,224.68,226.12,2291.421
1788145200,226.13,228.18,225.73,227.64,738.243
1788148800,227.65,227.89,226.51,227.49,898.247
1788152400,227.42,231.0,226.83,229.87,2170.196
1788156000,229.84,230.58,228.2,228.7,840.781
1788159600,228.57,230.26,228.43,229.05,570.318
1788163200,229.01,230.13,227.58,229.1,1938.626
1788166800,229.16,230.43,228.77,229.55,1628.042
1788170400,229.45,231.21,229.08,230.65,975.483
1788174000,230.25,230.81,229.03,229.37,961.56
1788177600,229.39,230.65,227.0,227.91,1772.704
1788181200,228.0,228.82,226.07,226.4,646.55
1788184800,226.45,229.0,225.66,228.78,1523.085
1788188400,228.93,229.0,224.32,225.92,2354.975
1788192000,226.02,228.18,225.63,227.44,851.494
1788195600,227.25,229.57,226.6,228.76,514.451
1788199200,228.68,230.26,227.94,229.67,4048.892
1788202800,229.65,230.04,228.17,228.96,694.81
1788206400,228.86,230.29,228.61,229.62,364.441
1788210000,229.77,230.95,228.59,230.12,504.994
1788213600,230.27,230.31,228.49,229.87,1618.441
1788217200,229.8,231.13,229.3,230.41,657.923
1788220800,230.11,233.42,230.11,231.78,2590.929
1788224400,231.77,232.57,229.64,230.53,904.871
1788228000,230.43,230.53,228.98,229.84,876.153
1788231600,229.88,231.58,229.3,230.48,999.934
1788235200,230.78,230.78,228.97,229.17,714.411
1788238800,229.16,231.81,228.92,231.21,1565.336
1788242400,231.22,231.22,229.37,229.41,1238.185
1788246000,229.41,229.69,227.66,228.6,1289.268
1788249600,228.61,228.66,225.5,225.82,1372.774
1788253200,225.89,226.6,224.85,225.99,944.618
1788256800,226.04,228.57,225.54,227.55,1024.3
1788260400,227.48,227.96,226.5,226.87,525.086
1788264000,226.6,226.87,223.29,224.64,5423.942
1788267600,224.63,226.42,222.95,226.42,2939.149
1788271200,226.42,227.19,225.45,225.77,1227.463
1788274800,225.76,226.64,224.13,225.91,1296.418
1788278400,225.91,226.05,222.43,223.91,1801.078
1788282000,224.06,225.2,221.22,222.25,4366.296
1788285600,222.28,222.72,218.69,222.6,7367.406
1788289200,222.41,223.2,222.24,222.49,476.636
1788292800,222.56,222.75,220.8,221.52,994.727
1788296400,221.42,221.91,219.13,220.37,962.928
1788300000,220.2,220.88,219.45,219.61,248.963
1788303600,219.65,220.24,218.96,220.09,962.273
1788307200,220.0,220.17,218.0,218.0,1406.985
1788310800,218.0,218.37,215.6,216.61,3117.423
1788314400,216.45,219.28,216.44,218.86,1430.005
1788318000,218.98,220.96,218.9,220.18,1508.539
1788321600,220.15,220.52,218.82,220.26,655.441
1788325200,220.3,221.55,219.37,221.08,250.961
1788328800,221.26,221.44,219.34,219.96,242.693
1788332400,219.77,220.65,218.97,219.05,459.32
1788336000,219.06,219.27,216.52,216.74,1169.615
1788339600,216.72,218.27,216.39,216.81,673.429
1788343200,216.69,217.17,214.83,216.31,4430.624
1788346800,216.35,217.43,215.11,217.19,722.451
1788350400,217.19,217.97,215.78,215.99,288.529
1788354000,216.12,219.2,215.77,217.87,1105.088
1788357600,217.91,218.94,216.99,217.22,517.056
1788361200,216.81,217.92,215.98,217.36,670.467
1788364800,217.22,218.44,216.85,217.15,325.111
1788368400,217.04,217.73,215.28,217.33,925.66
1788372000,217.32,218.11,216.82,217.86,1430.138
1788375600,217.86,217.91,215.82,216.88,295.059
1788379200,216.99,218.4,216.69,217.72,310.643
1788382800,217.7,217.7,216.39,216.49,98.543
1788386400,216.3,216.46,215.36,215.92,249.493
1788390000,215.9,217.38,215.64,217.38,305.92
1788393600,217.3,217.58,215.46,215.72,556.521
1788397200,215.65,218.0,215.01,216.53,155.389
1788400800,216.37,219.1,215.9,218.8,1500.646
1788404400,218.8,218.94,217.47,218.5,768.42
1788408000,218.57,219.25,217.97,219.25,474.822
1788411600,219.26,220.61,216.91,220.61,753.74
1788415200,220.23,222.38,220.18,221.81,916.018
1788418800,221.75,223.02,221.18,222.09,3490.41
1788422400,222.24,224.2,221.77,222.08,1079.261
1788426000,222.08,222.42,220.86,221.18,854.571
1788429600,221.01,221.83,220.34,221.69,883.825
1788433200,221.59,223.4,221.55,222.79,1696.932
1788436800,222.7,223.82,222.0,222.58,877.066
1788440400,222.63,222.8,221.15,221.33,891.748
1788444000,221.04,228.09,220.5,228.09,4760.351
1788447600,228.07,230.15,225.37,230.06,5357.805
1788451200,230.07,230.24,227.0,229.39,5069.727
1788454800,229.36,230.28,228.29,228.71,1246.674
1788458400,228.55,230.22,228.5,230.22,908.237
1788462000,230.1,231.7,229.08,230.02,2884.731
1788465600,229.98,230.6,228.92,229.63,1306.251
1788469200,229.65,231.8,228.9,229.46,1278.708
1788472800,229.55,229.61,223.83,225.64,18038.349
1788476400,225.62,226.55,225.0,225.68,1572.073
1788480000,225.57,227.43,224.85,224.93,2581.238
1788483600,224.88,226.7,224.32,226.54,770.231
1788487200,226.53,229.43,225.71,228.33,3632.933
1788490800,228.37,229.08,227.2,228.3,2077.48
1788494400,228.52,230.72,227.96,229.62,1561.875
1788498000,229.58,230.63,227.86,229.09,1178.733
1788501600,229.02,229.24,227.09,229.18,583.703
1788505200,229.18,230.32,228.6,228.86,2428.438
1788508800,228.89,230.13,227.21,229.79,6936.631
1788512400,229.87,232.29,229.5,230.51,3398.154
1788516000,230.42,230.86,228.23,229.87,2389.817
1788519600,229.86,231.47,229.42,231.36,1980.1
1788523200,231.42,231.97,220.22,223.69,11304.783
1788526800,223.17,226.0,221.32,224.56,6758.677
1788530400,224.44,224.76,220.28,221.74,2400.865
1788534000,221.7,224.37,221.66,223.64,648.69
1788537600,223.66,225.41,223.08,224.74,957.708
1788541200,224.82,224.82,220.81,222.58,6363.038
1788544800,222.5,223.78,222.12,223.34,1442.282
1788548400,223.46,225.43,223.36,224.65,2076.64
1788552000,224.71,225.41,224.08,224.32,1886.37
1788555600,224.2,225.23,223.0,223.16,688.774
1788559200,223.54,223.54,222.33,222.33,602.139
1788562800,222.28,225.75,222.14,224.89,2849.407
1788566400,224.81,230.71,224.17,227.92,8693.32
1788570000,227.87,229.61,226.29,226.29,10083.099
1788573600,226.31,229.6,225.16,228.68,5433.558
1788577200,228.65,229.84,228.01,228.67,3924.631
1788580800,228.66,229.2,226.7,227.17,5161.956
1788584400,227.15,227.87,225.93,227.39,1685.197
1788588000,227.46,236.7,226.89,236.44,11440.75
1788591600,236.49,238.0,233.37,233.74,7973.14
1788595200,233.77,237.59,232.7,236.98,5139.93
1788598800,237.01,237.57,235.29,235.93,3620.463
1788602400,235.96,240.27,235.43,238.34,2309.302
1788606000,238.21,240.39,237.34,239.89,3323.447
1788609600,240.04,241.24,236.49,237.46,9174.028
1788613200,237.5,238.35,235.61,236.31,1227.495
1788616800,236.36,236.93,235.58,236.5,998.309
1788620400,236.61,238.14,235.23,235.91,801.047
1788624000,235.9,236.31,234.23,235.6,2136.316
1788627600,235.52,236.44,234.66,235.47,838.084
1788631200,235.19,235.57,233.48,233.48,1661.993
1788634800,233.42,235.34,232.45,233.16,1429.17
1788638400,233.32,233.6,232.41,233.57,471.218
1788642000,233.57,236.82,233.22,236.49,3362.707
1788645600,236.64,237.11,235.39,235.94,532.229
1788649200,235.95,236.93,235.41,236.27,331.295
1788652800,236.28,238.97,235.68,237.21,1817.028
1788656400,237.4,239.61,236.43,237.51,4701.06
1788660000,237.7,238.09,236.18,236.21,3169.617
1788663600,236.19,239.77,236.01,239.1,5434.309
1788667200,239.14,239.41,237.13,238.12,1668.641
1788670800,238.21,239.42,236.89,238.5,2150.16
1788674400,238.58,238.61,236.08,236.11,2983.22
1788678000,236.25,236.63,234.03,236.37,2792.251
1788681600,236.47,236.53,234.2,234.85,1783.645
1788685200,234.82,236.69,234.42,236.5,1734.337
1788688800,236.52,237.06,235.64,236.48,2839.07
1788692400,236.41,242.29,235.95,242.02,13880.191
1788696000,242.15,247.28,241.56,243.98,6849.612
1788699600,243.99,246.47,242.97,245.01,10535.418
1788703200,245.0,247.73,238.59,243.34,10606.012
1788706800,243.45,249.28,240.87,249.12,8035.795
1788710400,249.16,252.46,245.83,250.64,10134.927
1788714000,250.76,258.24,247.93,257.43,13541.116
1788717600,257.44,260.56,256.75,257.86,19233.807
1788721200,257.73,269.22,257.19,268.51,10417.79
1788724800,268.51,272.54,267.16,267.54,17671.24
1788728400,267.65,272.56,265.78,265.89,9150.455
1788732000,265.98,266.78,259.61,260.96,17399.667
1788735600,260.96,266.94,260.9,266.27,8992.155
1788739200,266.3,268.27,263.59,264.83,5668.651
1788742800,264.87,265.38,260.43,262.12,13029.398
1788746400,262.16,277.54,262.16,274.3,19163.655
1788750000,274.48,276.5,267.58,270.09,10356.465
1788753600,270.31,274.14,267.94,273.76,5387.347
1788757200,273.78,275.72,270.1,270.54,3103.13
1788760800,270.53,270.77,266.53,267.79,3708.699
1788764400,267.81,267.81,261.99,263.72,5484.301
1788768000,263.81,268.71,263.69,268.71,4792.667
1788771600,268.76,272.32,266.84,267.02,5257.504
1788775200,267.06,268.61,265.72,266.13,2830.423
1788778800,266.05,266.41,264.25,264.61,4528.847
1788782400,264.58,266.33,263.96,266.22,2039.236
1788786000,266.2,266.27,263.28,264.62,4980.442
1788789600,264.63,265.53,259.92,264.04,16428.684
1788793200,264.09,264.09,254.45,257.12,17474.697
1788796800,257.0,261.97,257.0,261.8,9063.305
1788800400,261.61,262.78,260.24,261.25,2304.094
1788804000,261.15,262.41,258.42,260.18,9244.834
1788807600,260.16,260.44,258.3,259.11,1538.21
1788811200,259.25,262.21,257.75,261.39,8370.657
1788814800,261.43,262.28,260.39,260.47,1956.197
1788818400,260.47,260.88,255.68,258.48,7064.196
1788822000,258.31,260.92,257.65,260.22,2519.134
1788825600,259.94,262.93,257.42,262.85,7187.764
1788829200,262.64,264.11,260.26,261.03,2582.904
1788832800,261.28,262.9,256.42,257.03,8706.262
1788836400,257.03,257.96,255.88,256.55,2305.138
1788840000,256.26,256.85,255.39,255.8,1014.421
1788843600,255.84,257.14,255.26,255.74,2745.189
1788847200,255.7,256.54,252.62,254.49,8259.893
1788850800,254.5,256.21,253.73,255.39,3178.908
1788854400,255.3,255.3,251.73,253.17,4859.066
1788858000,253.1,256.4,252.52,256.34,3250.68
1788861600,256.25,257.89,255.44,255.81,6879.732
1788865200,255.69,256.29,253.08,254.0,2093.915
1788868800,253.82,253.99,251.74,253.62,1490.289
1788872400,253.46,253.74,249.25,252.11,5211.042
1788876000,252.13,258.81,251.1,257.98,8185.954
1788879600,258.2,263.09,258.0,263.09,9581.672
1788883200,262.92,269.75,262.52,269.09,12137.844
1788886800,269.06,269.26,261.17,261.25,8511.111
1788890400,261.27,263.57,257.8,258.89,6621.918
1788894000,258.84,259.97,256.69,257.99,2732.472
1788897600,258.0,260.85,257.91,260.05,1087.206
1788901200,259.84,260.29,256.55,256.99,1495.068
1788904800,257.02,260.16,256.89,259.99,694.074
1788908400,259.88,261.24,258.38,258.6,2306.756
1788912000,258.5,260.54,257.27,258.49,965.848
1788915600,258.5,259.53,257.14,257.37,802.844
1788919200,257.41,257.65,254.49,256.25,2593.247
1788922800,256.31,256.4,254.43,255.53,1693.838
1788926400,255.48,260.51,255.48,258.46,1912.45
1788930000,258.7,259.48,255.27,256.9,3417.24
1788933600,256.88,261.05,256.14,260.73,1925.003
1788937200,260.74,262.29,259.95,261.95,4759.634
1788940800,261.71,264.67,261.23,262.83,5769.931
1788944400,262.81,263.63,256.85,256.94,4826.092
1788948000,256.94,261.75,256.89,260.21,2263.227
1788951600,260.3,268.2,258.3,265.76,4572.029
1788955200,265.73,269.89,263.96,267.76,7689.254
1788958800,267.78,270.18,261.53,262.0,4172.597
1788962400,261.97,264.86,260.5,262.14,10359.104
1788966000,262.22,264.01,255.32,258.13,10811.335
1788969600,258.08,259.51,256.15,258.26,6819.183
1788973200,258.25,260.05,257.51,259.49,3230.164
1788976800,259.66,262.32,258.32,261.08,4276.127
1788980400,261.12,261.68,255.59,256.35,7302.964
1788984000,256.38,259.57,254.9,258.32,2406.545
1788987600,258.47,258.6,253.08,254.11,4778.051
1788991200,254.12,254.46,250.12,251.84,3096.615
1788994800,251.93,254.55,251.93,254.32,557.847
1788998400,254.26,254.57,250.68,251.1,3033.568
1789002000,251.23,254.9,250.97,252.49,1832.377
1789005600,252.25,253.99,250.31,253.75,2609.354
1789009200,253.84,256.81,253.77,256.21,1537.248
1789012800,256.25,258.12,255.61,256.26,1512.377
1789016400,256.32,257.68,255.27,255.36,999.494
1789020000,255.26,256.41,251.5,255.69,2013.51
1789023600,255.69,255.69,251.1,251.65,1689.656
1789027200,251.52,253.15,251.42,252.73,446.493
1789030800,252.72,253.91,250.57,251.32,966.909
1789034400,251.27,252.26,250.57,251.0,387.513
1789038000,250.86,253.63,249.3,251.21,997.144
1789041600,251.08,251.58,240.0,243.61,17540.296
1789045200,243.68,244.96,241.08,242.92,4022.596
1789048800,243.12,244.57,237.55,239.51,17922.953
1789052400,239.51,242.09,238.49,240.61,5759.06
1789056000,240.6,241.04,236.02,240.86,5386.07
1789059600,240.86,243.32,240.66,242.37,1857.157
1789063200,242.33,242.33,239.15,240.95,1072.627
1789066800,241.0,241.0,238.73,239.14,658.342
1789070400,239.33,240.43,238.96,239.56,936.4
1789074000,239.59,240.61,239.21,239.86,471.355
1789077600,239.87,240.52,238.29,238.33,552.161
1789081200,238.33,238.67,234.92,235.26,3855.367
1789084800,235.22,236.15,233.93,235.31,7903.962
1789088400,235.35,237.14,233.5,234.93,1675.744
1789092000,234.92,235.56,233.5,235.18,1524.945
1789095600,235.14,235.45,233.5,235.04,1486.836
1789099200,235.12,237.04,234.59,236.73,1140.689
1789102800,236.73,237.47,235.83,237.16,929.024
1789106400,237.06,237.51,235.47,236.06,2856.817
1789110000,236.08,237.64,235.27,235.52,2955.226
1789113600,235.52,238.12,234.7,237.89,8684.809
1789117200,237.88,237.88,232.59,233.83,8214.212
1789120800,233.72,234.8,231.29,231.29,1474.137
1789124400,231.34,232.53,230.61,232.42,915.974
1789128000,232.27,239.53,228.07,239.47,7831.819
1789131600,239.45,245.28,236.66,244.48,3803.296
1789135200,244.52,247.48,240.09,241.93,4229.038
1789138800,242.06,244.19,236.65,237.96,4702.944
1789142400,237.88,239.97,235.68,237.41,1938.183
1789146000,237.43,238.79,235.85,236.9,3609.988
1789149600,236.91,237.35,233.1,233.7,2647.663
1789153200,233.59,236.36,232.22,236.07,2768.951
1789156800,236.19,236.86,234.23,235.38,1872.049
1789160400,235.31,236.91,232.74,233.21,2546.919
1789164000,233.25,234.86,232.4,233.24,964.32
1789167600,233.29,235.73,233.26,235.42,1324.751
1789171200,235.38,236.16,234.73,235.79,595.023
1789174800,235.78,236.79,234.7,234.94,518.144
1789178400,234.83,235.33,234.48,234.94,418.699
1789182000,234.94,235.55,233.37,234.26,735.325
1789185600,234.36,234.67,233.61,233.72,148.975
1789189200,233.62,234.28,232.85,233.52,246.433
1789192800,233.5,234.17,232.91,233.48,1033.565
1789196400,233.48,235.79,233.36,235.02,834.985
1789200000,234.98,236.01,234.58,235.49,903.921
1789203600,235.52,235.69,234.87,235.44,423.494
1789207200,235.42,236.51,235.17,235.84,528.882
1789210800,235.86,236.68,235.39,236.68,259.699
1789214400,236.88,237.06,235.49,235.59,332.386
1789218000,235.58,235.62,234.1,234.53,356.939
1789221600,234.65,235.05,234.27,234.54,593.22
1789225200,234.55,235.6,234.55,235.41,863.186
1789228800,235.3,236.37,235.0,235.15,804.907
1789232400,235.13,235.46,233.84,234.23,323.793
1789236000,234.14,234.14,231.45,232.19,1689.099
1789239600,232.39,232.49,230.82,231.59,1621.783
1789243200,231.54,232.56,231.43,232.14,522.297
1789246800,232.14,232.9,232.06,232.29,172.925
1789250400,232.24,233.18,231.91,232.61,372.927
1789254000,232.56,233.05,232.44,232.79,56.963
1789257600,232.74,233.09,231.78,232.16,1007.198
1789261200,232.12,233.67,232.03,233.63,302.947
1789264800,233.56,235.77,232.69,235.4,4409.86
1789268400,235.38,236.58,233.76,234.31,2854.88
1789272000,234.42,236.48,234.24,236.22,612.223
1789275600,236.46,237.96,236.29,237.57,1156.008
1789279200,237.53,239.43,236.69,236.97,3737.325
1789282800,236.92,237.42,235.71,235.74,2989.409
1789286400,235.86,236.89,231.75,232.08,1275.684
1789290000,232.33,233.7,231.23,233.45,1998.238
1789293600,233.57,234.45,230.56,231.43,1687.232
1789297200,231.48,232.98,231.19,232.51,1737.186
1789300800,232.56,234.83,232.37,233.9,681.049
1789304400,234.14,236.14,232.88,236.01,1291.457
1789308000,236.0,237.27,235.14,235.3,875.142
1789311600,235.21,235.21,232.73,233.02,808.776
1789315200,232.96,235.17,232.92,234.96,1012.369
1789318800,234.99,237.74,234.99,236.55,5683.06
1789322400,236.55,237.62,235.99,236.82,3064.02
1789326000,236.82,238.19,234.24,234.46,7491.346
1789329600,234.5,236.45,234.4,236.23,3725.811
1789333200,236.28,238.5,236.19,236.5,2972.583
1789336800,236.37,236.37,231.12,231.57,3516.748
1789340400,231.79,233.02,230.75,231.28,2888.562
1789344000,231.55,233.3,229.38,232.52,2804.392
1789347600,232.47,235.69,231.31,235.48,589.347
1789351200,235.4,236.88,234.77,236.36,1284.77
1789354800,236.53,236.53,235.0,235.76,458.612
1789358400,235.8,236.65,234.32,234.32,1777.41
1789362000,234.47,234.75,233.81,234.0,900.756
1789365600,234.0,235.6,232.87,234.31,2537.302
1789369200,234.27,235.54,233.93,234.95,630.115
1789372800,234.97,236.77,234.3,235.37,2023.277
1789376400,235.35,237.63,233.2,236.67,916.57
1789380000,236.92,237.06,235.58,235.87,768.622
1789383600,235.78,236.62,234.29,234.64,830.545
1789387200,234.48,235.32,232.82,233.1,862.1
1789390800,233.01,234.9,230.45,232.86,1828.697
1789394400,232.71,234.82,231.59,232.36,1535.45
1789398000,232.04,234.33,231.35,233.62,918.355
1789401600,233.73,236.46,233.32,234.94,2495.778
1789405200,234.72,236.91,234.51,236.42,1299.29
1789408800,236.39,239.09,236.16,238.96,1531.486
1789412400,238.79,238.82,236.74,237.02,2570.292
1789416000,237.08,242.15,237.08,237.93,2316.607
1789419600,237.89,237.89,234.3,234.58,1964.709
1789423200,234.68,235.48,232.89,233.59,951.972
1789426800,233.55,233.57,232.1,232.2,1420.793
1789430400,232.29,232.73,230.68,232.04,1319.135
1789434000,232.02,232.95,231.35,232.47,927.473
1789437600,232.44,233.17,232.43,232.79,239.577
1789441200,232.58,232.6,230.59,230.9,1596.283
1789444800,230.98,232.58,230.73,232.42,1025.911
1789448400,232.35,233.41,231.07,232.83,889.241
1789452000,232.91,232.91,229.85,230.26,1271.186
1789455600,230.39,230.78,225.35,226.89,3812.587
1789459200,226.82,227.18,225.0,227.18,1436.993
1789462800,227.03,227.5,226.28,227.02,2162.753
1789466400,227.07,227.17,225.8,226.3,642.06
1789470000,226.24,227.08,223.48,224.77,1768.205
1789473600,224.73,225.31,223.97,224.41,1848.01
1789477200,224.65,226.19,222.53,225.42,1234.239
1789480800,225.36,225.94,220.7,223.13,4423.525
1789484400,223.05,226.87,222.8,225.5,2025.63
1789488000,225.51,226.17,224.12,224.97,566.171
1789491600,224.88,227.13,223.48,225.21,1213.369
1789495200,225.15,226.09,215.5,222.62,8474.703
1789498800,222.61,223.72,219.78,222.02,3391.961
1789502400,222.16,222.66,218.18,219.77,1034.971
1789506000,219.72,219.81,216.75,217.14,743.627
1789509600,216.82,218.61,216.02,218.42,2466.051
1789513200,218.41,220.05,217.77,217.81,1101.422
1789516800,217.79,218.46,217.0,217.23,997.174
1789520400,217.26,217.9,215.82,215.82,1106.691
1789524000,215.76,218.79,215.66,218.0,306.227
1789527600,218.07,218.9,217.6,218.78,614.616
1789531200,218.74,219.62,217.7,218.15,611.366
1789534800,218.16,218.16,216.84,217.62,284.058
1789538400,217.68,217.81,216.44,217.28,385.058
1789542000,217.24,217.81,215.66,215.93,434.067
1789545600,215.87,215.87,213.34,214.47,2548.544
1789549200,214.44,216.39,214.38,216.2,2521.25
1789552800,216.25,216.87,215.88,216.45,843.115
1789556400,216.6,219.29,216.12,218.98,3806.95
1789560000,218.98,219.3,216.87,217.7,4374.581
1789563600,217.7,218.11,215.89,216.3,2671.456
1789567200,216.08,216.59,214.43,215.01,1676.405
1789570800,215.04,215.85,214.18,214.29,732.811
1789574400,214.22,216.24,214.05,215.86,795.845
1789578000,215.74,217.21,214.3,216.47,830.935
1789581600,216.67,220.36,214.19,217.66,5170.215
1789585200,217.67,221.03,215.32,218.47,5269.777
1789588800,218.43,221.69,218.12,221.49,1934.958
1789592400,221.3,221.3,218.79,219.82,3151.29
1789596000,219.55,220.08,218.04,218.17,2905.374
1789599600,218.17,222.35,217.8,221.87,740.471
1789603200,221.92,225.86,221.91,224.81,4300.152
1789606800,224.89,226.56,223.56,224.06,3129.318
1789610400,224.08,224.43,221.75,223.45,2008.893
1789614000,223.45,225.38,223.45,224.62,805.303
1789617600,224.6,224.99,222.71,224.82,216.988
1789621200,224.83,225.12,223.72,223.8,354.609
1789624800,223.74,225.73,223.71,225.0,850.073
1789628400,225.02,227.63,224.92,227.02,822.517
1789632000,227.03,228.28,226.7,227.92,814.465
1789635600,228.04,229.11,226.77,227.0,1109.561
1789639200,227.02,227.58,225.73,227.32,1698.149
1789642800,227.21,227.64,225.25,226.65,1299.628
1789646400,226.88,231.02,226.16,227.33,4051.895
1789650000,227.31,228.23,225.0,227.36,5657.152
1789653600,227.49,229.78,226.29,226.64,2269.94
1789657200,226.72,229.27,225.92,227.9,1209.453
1789660800,227.98,229.45,227.54,229.22,2266.591
1789664400,229.35,230.7,228.68,229.37,2975.576
1789668000,229.59,231.43,229.45,231.02,3150.951
1789671600,230.83,232.08,228.9,230.49,4068.717
1789675200,230.53,231.15,229.6,230.23,2333.756
1789678800,230.29,230.68,229.05,229.09,1542.743
1789682400,229.03,230.74,228.35,230.74,2859.12
1789686000,230.73,234.42,230.62,232.39,3009.152
1789689600,232.51,234.9,231.21,234.43,2749.142
1789693200,234.41,237.27,234.07,237.14,1897.81
1789696800,237.01,239.54,236.09,239.49,4958.224
1789700400,239.37,241.87,238.72,240.12,4199.659
1789704000,240.13,244.83,238.44,244.48,2396.051
1789707600,244.2,244.2,240.62,241.17,2408.99
1789711200,241.23,244.5,240.44,244.01,633.107
1789714800,244.01,246.91,243.63,245.98,3126.73
1789718400,246.08,248.85,244.47,248.08,6659.812
1789722000,248.08,250.55,246.88,250.01,5841.706
1789725600,249.87,251.9,248.59,248.95,5560.112
1789729200,248.99,249.95,243.76,246.0,5282.863
1789732800,246.05,247.56,244.33,246.96,1424.379
1789736400,246.94,253.08,245.33,249.01,20522.023
1789740000,249.06,253.46,248.93,253.35,4422.494
1789743600,253.3,253.52,249.74,251.33,2608.996
1789747200,251.35,251.45,247.86,249.11,2938.907
1789750800,248.94,250.48,246.7,250.3,4614.286
1789754400,250.26,250.39,247.61,248.28,2055.94
1789758000,248.35,253.22,248.35,250.58,8449.691
1789761600,250.45,251.79,249.86,249.99,1534.401
1789765200,250.03,251.16,248.97,249.94,1774.495
1789768800,250.02,250.67,248.71,249.37,2045.509
1789772400,249.42,250.5,247.3,250.41,2292.209
1789776000,250.43,255.35,250.43,253.15,7907.477
1789779600,253.21,254.17,249.29,252.1,3333.946
1789783200,252.26,257.86,252.11,256.54,4522.892
1789786800,256.55,259.59,256.17,257.12,6331.528
1789790400,257.11,259.0,251.95,254.14,2244.869
1789794000,254.18,258.59,254.14,254.69,4817.782
1789797600,254.64,256.28,251.78,255.57,3005.71
1789801200,255.63,256.34,252.35,252.63,2048.903
1789804800,252.76,259.22,252.29,257.36,4385.717
1789808400,257.39,267.47,257.12,265.22,16799.038
1789812000,265.49,269.73,263.51,267.76,6419.823
1789815600,267.95,272.69,267.84,268.49,9841.77
1789819200,268.92,269.77,265.05,265.74,2876.868
1789822800,265.51,268.22,264.36,268.05,2105.194
1789826400,268.12,272.08,267.18,271.91,3139.821
1789830000,271.9,273.77,269.89,271.14,6933.564
1789833600,271.11,272.98,268.57,269.8,4768.217
1789837200,270.0,270.65,264.01,264.67,3809.849
1789840800,264.68,265.69,262.17,264.05,2977.145
1789844400,264.18,265.19,261.32,263.01,5834.771
1789848000,263.09,265.21,261.81,264.92,4983.939
1789851600,264.84,265.4,260.1,262.47,4797.278
1789855200,262.31,266.67,261.06,265.65,2063.739
1789858800,265.65,266.57,262.37,264.0,3423.288
1789862400,263.99,269.19,263.41,267.81,9181.387
1789866000,267.78,267.96,262.78,263.67,8739.551
1789869600,263.73,265.0,252.71,253.43,9599.142
1789873200,253.45,256.32,251.13,253.55,13756.942
1789876800,253.66,254.34,251.51,252.95,3171.023
1789880400,252.95,255.24,251.68,254.72,2597.665
1789884000,254.61,255.52,252.15,252.97,3376.298
1789887600,253.03,253.87,251.67,251.91,1982.898
1789891200,252.12,253.43,250.34,251.58,4128.453
1789894800,251.63,255.61,251.63,251.92,1031.725
1789898400,251.95,252.23,248.79,249.33,3474.705
1789902000,249.59,251.69,249.39,251.37,1420.806
1789905600,251.24,253.44,250.27,252.88,969.79
1789909200,252.78,253.07,250.63,251.58,1438.164
1789912800,251.66,253.9,250.0,251.65,1141.01
1789916400,252.02,255.21,251.9,254.65,4705.554
1789920000,254.72,265.49,254.22,265.05,15981.442
1789923600,265.02,265.02,261.0,262.25,8826.633
1789927200,262.2,265.18,260.62,262.3,5948.453
1789930800,262.23,266.64,261.72,264.91,3292.604
1789934400,265.21,266.32,262.58,262.68,1758.357
1789938000,262.7,262.72,257.21,261.48,6869.546
1789941600,261.6,264.86,260.3,262.5,3488.809
1789945200,262.27,264.68,260.84,261.89,1599.334
1789948800,261.81,267.59,261.81,267.4,4786.767
1789952400,266.93,271.39,261.42,261.79,5622.869
1789956000,261.91,272.0,261.04,268.74,5740.871
1789959600,269.05,270.93,266.5,267.49,1906.309
1789963200,267.24,268.41,263.68,265.52,3117.09
1789966800,265.39,269.77,264.12,268.87,5830.409
1789970400,268.94,273.2,267.04,269.9,5304.424
1789974000,269.64,273.14,267.92,272.44,4883.702
1789977600,272.43,281.84,272.38,277.08,24121.8
1789981200,277.08,282.13,276.38,277.5,16346.025
1789984800,277.64,285.52,275.84,284.87,12224.438
1789988400,284.82,289.63,283.3,284.12,10717.643
1789992000,283.98,288.73,283.18,288.0,6558.466
1789995600,287.87,289.41,282.52,286.48,10253.343
1789999200,286.51,286.85,281.17,285.81,7968.713
1790002800,285.75,291.52,281.77,289.27,19400.565
1790006400,289.24,292.42,285.38,285.49,10173.338
1790010000,285.43,286.41,278.09,280.81,15696.836
1790013600,280.9,287.2,280.19,286.09,3959.468
1790017200,286.06,308.63,285.76,307.67,24367.739
1790020800,307.61,316.25,304.36,307.32,40313.093
1790024400,307.51,311.5,302.17,307.53,26521.559
1790028000,307.53,314.0,302.37,313.05,15930.277
1790031600,313.26,322.01,310.67,320.78,18491.383
1790035200,320.78,323.57,311.91,313.06,19235.236
1790038800,313.19,320.29,306.34,316.82,21391.94
1790042400,316.81,325.61,314.17,316.29,27068.46
1790046000,316.38,317.77,312.84,315.21,8594.32
1790049600,315.32,316.11,310.04,311.68,7504.126
1790053200,311.85,325.42,311.55,324.54,10193.732
1790056800,324.48,325.79,316.61,317.81,5142.209
1790060400,317.74,320.87,315.0,318.09,4865.861
1790064000,318.16,325.45,312.19,324.34,19810.321
1790067600,324.0,324.0,316.8,319.67,6011.493
1790071200,319.67,319.81,313.39,314.32,3650.262
1790074800,314.3,323.52,311.75,319.32,14725.571
1790078400,319.32,326.6,317.51,322.08,11337.585
1790082000,321.92,326.41,315.67,322.58,8524.626
1790085600,322.42,326.71,312.55,317.37,18931.471
1790089200,317.38,318.96,312.01,312.3,7721.786
1790092800,312.35,313.36,306.12,312.72,15673.583
1790096400,312.69,315.17,311.0,313.48,2392.557
1790100000,313.52,314.97,307.79,309.37,3285.592
1790103600,309.41,313.96,308.94,312.71,5710.238
1790107200,312.81,312.84,308.04,308.6,4855.187
1790110800,308.63,310.51,307.65,309.64,1956.091
1790114400,309.64,314.36,308.86,313.19,4336.808
1790118000,313.01,319.89,312.53,315.26,14029.76
1790121600,314.83,317.11,311.71,313.32,5088.762
1790125200,313.18,315.44,309.86,311.5,3729.246
1790128800,311.52,314.63,309.89,314.35,1735.537
1790132400,313.74,319.03,312.75,314.96,2167.046
1790136000,314.95,317.29,313.1,314.93,2839.061
1790139600,315.17,316.66,311.17,312.01,2042.528
1790143200,312.19,316.42,312.0,313.85,7073.895
1790146800,313.87,315.5,310.47,311.69,6707.235
1790150400,312.07,315.96,308.43,310.32,11492.763
1790154000,310.34,311.33,308.97,310.07,3383.491
1790157600,310.26,311.99,307.11,310.9,5221.964
1790161200,310.62,311.61,300.59,305.21,19437.005
1790164800,305.13,313.21,302.71,308.52,6515.454
1790168400,308.15,313.35,305.36,311.51,14363.429
1790172000,311.5,312.79,294.71,302.93,30106.272
1790175600,302.68,304.14,289.11,290.61,24686.35
1790179200,290.61,294.64,284.44,293.7,14617.568
1790182800,293.61,296.69,290.28,294.23,7656.818
1790186400,294.16,294.16,289.75,291.38,3623.552
1790190000,291.58,292.43,288.46,289.38,3787.296
1790193600,289.56,290.44,286.26,286.77,5905.4
1790197200,286.71,288.96,285.61,288.21,4133.03
1790200800,288.24,290.93,285.34,287.13,4250.614
1790204400,287.03,288.94,285.34,287.54,2553.938
1790208000,287.33,289.1,284.96,285.82,5042.735
1790211600,285.69,287.78,283.1,283.75,7251.659
1790215200,283.84,290.14,282.9,288.36,4981.671
1790218800,288.57,290.33,284.89,286.04,3299.13
1790222400,286.03,289.68,284.21,289.33,4423.212
1790226000,288.99,292.8,287.88,288.0,4769.382
1790229600,287.99,291.53,287.26,289.86,4559.914
1790233200,289.77,294.18,287.23,292.99,6424.565
1790236800,293.07,293.07,284.0,287.64,8976.841
1790240400,287.75,288.16,278.71,280.8,11229.077
1790244000,280.69,282.56,278.22,281.42,4668.073
1790247600,281.51,283.56,280.71,282.07,1969.234
1790251200,281.79,284.35,278.63,281.56,4846.653
1790254800,281.63,289.36,281.57,288.49,5222.316
1790258400,288.12,295.74,283.2,286.24,12451.077
1790262000,286.09,292.27,285.15,291.04,6100.644
1790265600,291.02,298.68,287.83,294.1,11465.987
1790269200,294.2,296.82,291.33,293.39,12663.212
1790272800,293.17,296.63,290.08,295.01,4466.238
1790276400,295.01,304.71,292.61,297.85,19730.73
1790280000,297.84,300.25,294.3,299.75,13965.125
1790283600,299.66,301.82,295.9,296.64,4541.136
1790287200,296.27,297.76,292.55,294.45,12366.819
1790290800,294.56,298.22,294.44,296.41,3057.662
1790294400,296.48,300.33,294.55,297.44,11639.882
1790298000,297.36,300.44,295.02,295.29,3936.429
1790301600,295.53,298.65,293.11,294.9,1122.725
1790305200,294.39,296.35,293.51,294.6,592.982
1790308800,294.58,302.14,293.58,298.44,4219.116
1790312400,298.49,301.11,296.72,299.68,1274.385
1790316000,299.71,301.3,296.29,296.63,1507.323
1790319600,296.56,298.99,294.84,298.66,1390.979
1790323200,298.61,304.68,297.11,303.11,5296.306
1790326800,303.08,307.09,303.05,304.66,7739.397
1790330400,304.69,305.57,301.7,305.05,7170.568
1790334000,305.03,310.8,304.59,305.9,6627.679
1790337600,305.96,312.58,304.01,306.82,21118.03
1790341200,306.83,307.68,298.86,304.27,26929.473
1790344800,303.98,305.67,297.24,304.8,5675.739
1790348400,304.66,305.81,298.4,303.36,2874.179
1790352000,303.29,310.01,303.29,303.91,12807.83
1790355600,303.91,307.17,301.05,303.9,5988.672
1790359200,304.02,307.89,302.99,306.74,2745.493
1790362800,306.9,309.75,305.95,307.91,2057.778
1790366400,307.74,317.49,306.91,309.96,6388.031
1790370000,309.91,311.92,306.93,310.84,5197.69
1790373600,310.99,317.4,310.64,315.96,5893.203
1790377200,315.96,321.45,315.93,318.59,3015.225
1790380800,318.09,319.08,311.94,313.57,4517.525
1790384400,313.42,317.56,311.95,315.84,2795.885
1790388000,315.82,317.35,314.1,315.44,2257.321
1790391600,315.25,315.32,311.87,312.02,1952.23
1790395200,312.03,314.53,310.14,313.04,1643.773
1790398800,313.05,313.54,310.06,310.34,2144.642
1790402400,310.29,311.66,309.16,310.37,902.492
1790406000,310.49,315.45,310.36,314.12,1299.184
1790409600,314.09,315.23,310.54,313.04,2676.354
1790413200,313.04,318.22,312.32,313.08,5040.609
1790416800,313.17,320.45,313.17,320.28,4344.018
1790420400,320.28,332.45,319.72,330.1,6950.507
1790424000,330.22,338.26,330.19,331.48,12001.802
1790427600,331.39,333.62,325.44,326.34,6759.026
1790431200,326.34,330.51,324.6,329.81,12860.118
1790434800,329.81,341.48,326.44,338.95,15403.573
1790438400,338.91,339.25,332.73,334.32,4103.86
1790442000,334.23,334.38,329.69,330.24,2355.206
1790445600,330.16,330.21,320.98,321.31,12341.26
1790449200,321.36,324.56,320.56,320.84,3063.235
1790452800,320.63,321.12,311.92,314.76,13456.59
1790456400,314.77,320.09,314.56,318.44,8870.81
1790460000,318.37,320.82,318.27,319.72,1668.518
1790463600,319.74,322.6,319.74,321.48,2084.058
1790467200,321.55,321.85,318.59,319.35,1682.341
1790470800,319.13,323.83,317.47,322.71,5614.664
1790474400,322.55,325.16,320.42,320.49,4210.4
1790478000,320.49,322.35,320.49,321.25,483.459
1790481600,320.93,322.07,318.62,318.78,1596.511
1790485200,318.72,326.81,318.69,326.64,5045.427
1790488800,326.64,330.55,325.19,329.87,3098.432
1790492400,329.87,334.33,328.22,334.12,4698.218
1790496000,334.07,336.54,329.27,329.93,4525.552
1790499600,329.74,335.1,327.21,333.5,6016.867
1790503200,333.31,334.55,329.89,330.49,3366.977
1790506800,330.49,331.87,328.74,330.48,1109.408
1790510400,330.49,337.62,330.13,332.56,5658.096
1790514000,332.58,332.59,325.82,329.8,4498.653
1790517600,329.81,330.01,323.33,323.49,6565.608
1790521200,323.68,324.4,318.7,322.12,8076.061
1790524800,322.18,325.35,321.48,323.56,3782.658
1790528400,323.59,325.8,323.34,325.27,2742.601
1790532000,325.29,329.89,325.09,329.82,6551.542
1790535600,329.79,330.33,327.48,328.6,3864.141
1790539200,328.6,330.0,324.68,325.41,6469.853
1790542800,325.45,329.8,325.13,328.22,1656.383
1790546400,328.37,328.95,318.17,319.73,13667.113
1790550000,319.73,321.37,317.7,320.13,3187.791
1790553600,320.06,322.93,315.45,315.67,7747.571
1790557200,315.45,316.76,311.35,312.75,4674.197
1790560800,312.81,314.07,309.52,311.84,4320.56
